game_id,n_rows,a1,a2,a3,a4,a5,w1,w2,avg_loss_sigma,avg_loss_combined
0,26,0.300684,0.149176,0.199089,0.200601,0.15045,0.598726,0.401274,0.143247,0.187047
1,30,0.301848,0.147467,0.197818,0.201515,0.151353,0.598569,0.401431,0.15426,0.126987
2,26,0.303221,0.146331,0.196467,0.202151,0.15183,0.597348,0.402652,0.136163,0.170286
3,32,0.302764,0.146178,0.197199,0.202081,0.151778,0.596462,0.403538,0.114813,0.135847
4,32,0.303993,0.144721,0.19631,0.202719,0.152257,0.595983,0.404017,0.138141,0.134705
5,26,0.304587,0.143756,0.195989,0.203115,0.152554,0.595198,0.404802,0.133487,0.148105
6,30,0.305728,0.142517,0.195094,0.203682,0.15298,0.59476,0.40524,0.136527,0.129945
7,24,0.306493,0.141127,0.195282,0.203931,0.153167,0.593362,0.406638,0.128077,0.173575
8,26,0.306259,0.141305,0.194817,0.204228,0.153391,0.592138,0.407862,0.131605,0.16801
9,24,0.30726,0.140321,0.193821,0.204787,0.15381,0.591993,0.408007,0.136071,0.099222
10,32,0.308406,0.138239,0.192919,0.205615,0.154821,0.591883,0.408117,0.144548,0.11952
11,30,0.309749,0.136544,0.191889,0.206404,0.155415,0.591697,0.408303,0.14503,0.116327
12,32,0.311298,0.134551,0.189975,0.207633,0.156543,0.591474,0.408526,0.16365,0.142823
13,24,0.311663,0.134252,0.189482,0.207876,0.156727,0.589857,0.410143,0.131829,0.192992
14,26,0.312082,0.133362,0.189209,0.208301,0.157047,0.588845,0.411155,0.135199,0.163471
15,36,0.311857,0.132947,0.189123,0.208612,0.157461,0.587976,0.412024,0.133967,0.157584
16,32,0.312198,0.132473,0.18826,0.209077,0.157992,0.58725,0.41275,0.137197,0.145645
17,32,0.313335,0.131027,0.187476,0.209699,0.158463,0.586473,0.413527,0.144596,0.157112
18,30,0.314363,0.12964,0.186753,0.210193,0.159052,0.586151,0.413849,0.140156,0.130009
19,24,0.314555,0.128945,0.18633,0.210719,0.15945,0.585248,0.414752,0.137706,0.159356
20,32,0.315932,0.127473,0.185125,0.211459,0.16001,0.584827,0.415173,0.138498,0.132713
21,26,0.317158,0.126029,0.184232,0.211962,0.16062,0.584332,0.415668,0.136014,0.133761
22,30,0.318993,0.124146,0.183167,0.212594,0.161099,0.583613,0.416387,0.128187,0.134132
23,26,0.31886,0.123831,0.182973,0.21296,0.161376,0.58264,0.41736,0.134794,0.160733
24,26,0.319258,0.122834,0.182619,0.213371,0.161918,0.581925,0.418075,0.13507,0.146424
25,26,0.320114,0.121735,0.182319,0.21368,0.162152,0.580662,0.419338,0.124154,0.16084
26,30,0.321572,0.119935,0.181262,0.214476,0.162756,0.580921,0.419079,0.142606,0.09145
27,32,0.322367,0.11868,0.180787,0.215007,0.163159,0.580653,0.419347,0.142996,0.127596
28,38,0.323443,0.116722,0.180239,0.215647,0.163949,0.580672,0.419328,0.133287,0.097818
29,36,0.323742,0.115827,0.180078,0.215986,0.164366,0.580077,0.419923,0.131431,0.131463
30,30,0.324726,0.114216,0.179478,0.216448,0.165132,0.580065,0.419935,0.138184,0.112177
31,30,0.325704,0.113461,0.177871,0.217234,0.165731,0.579206,0.420794,0.146688,0.158368
32,30,0.32633,0.112648,0.176908,0.217651,0.166463,0.578127,0.421873,0.140975,0.173915
33,32,0.326779,0.112041,0.176428,0.218013,0.166739,0.577423,0.422577,0.130569,0.137944
34,24,0.32776,0.11105,0.175908,0.218313,0.166969,0.577257,0.422743,0.125513,0.09548
35,26,0.329767,0.108483,0.174344,0.219517,0.167889,0.577004,0.422996,0.152365,0.137292
36,32,0.330757,0.107157,0.173408,0.220237,0.16844,0.576181,0.423819,0.146005,0.16196
37,36,0.332744,0.104466,0.172433,0.221098,0.169259,0.576373,0.423627,0.132324,0.082886
38,24,0.33431,0.102616,0.171525,0.221773,0.169776,0.57589,0.42411,0.135604,0.125701
39,30,0.335567,0.101015,0.170557,0.222516,0.170345,0.576181,0.423819,0.146239,0.091012
40,24,0.336555,0.099644,0.169229,0.223485,0.171087,0.575058,0.424942,0.149754,0.187555
41,24,0.33683,0.098765,0.168565,0.224063,0.171778,0.573943,0.426057,0.148318,0.185802
42,32,0.337386,0.097783,0.168336,0.224433,0.172061,0.573447,0.426553,0.129354,0.128744
43,24,0.337691,0.097241,0.167411,0.224951,0.172707,0.572298,0.427702,0.136605,0.17241
44,30,0.338411,0.096583,0.166502,0.22543,0.173075,0.571601,0.428399,0.135692,0.138766
45,24,0.339505,0.095202,0.165746,0.226019,0.173528,0.57071,0.42929,0.131572,0.150996
46,32,0.341324,0.092982,0.164326,0.227049,0.174318,0.570366,0.429634,0.145133,0.139653
47,26,0.342839,0.090906,0.163303,0.227946,0.175007,0.569958,0.430042,0.137673,0.133533
48,32,0.342531,0.090723,0.163739,0.227977,0.17503,0.569297,0.430703,0.126437,0.139851
49,24,0.343411,0.089189,0.163111,0.228562,0.175728,0.568371,0.431629,0.138202,0.156965
50,24,0.344236,0.088075,0.162853,0.228871,0.175966,0.567764,0.432236,0.1245,0.126408
51,32,0.345218,0.086422,0.162058,0.229584,0.176717,0.567317,0.432683,0.141404,0.137492
52,26,0.346023,0.084783,0.161689,0.230265,0.177241,0.566359,0.433641,0.143331,0.173265
53,24,0.346933,0.083232,0.161228,0.230747,0.17786,0.565265,0.434735,0.131458,0.164249
54,24,0.346411,0.083472,0.161568,0.230714,0.177835,0.564212,0.435788,0.122535,0.150409
55,30,0.348163,0.081727,0.160396,0.231372,0.178342,0.563298,0.436702,0.124837,0.138186
56,26,0.348806,0.08082,0.159417,0.231944,0.179013,0.56207,0.43793,0.140238,0.182905
57,32,0.350461,0.079268,0.158525,0.23239,0.179357,0.561066,0.438934,0.115072,0.138883
58,30,0.350783,0.078788,0.158089,0.232725,0.179615,0.5602,0.4398,0.124457,0.139885
59,30,0.351712,0.077583,0.157789,0.23305,0.179866,0.560056,0.439944,0.125333,0.10314
60,24,0.35267,0.076164,0.156984,0.233765,0.180418,0.558769,0.441231,0.150969,0.1977
61,24,0.353315,0.075045,0.156805,0.234133,0.180702,0.558223,0.441777,0.127278,0.126922
62,24,0.353583,0.074754,0.156581,0.234273,0.18081,0.55718,0.44282,0.117873,0.143487
63,30,0.353614,0.074252,0.156297,0.234576,0.18126,0.556291,0.443709,0.143166,0.165873
64,32,0.353955,0.073827,0.156666,0.234417,0.181136,0.555186,0.444814,0.109213,0.141495
65,30,0.354081,0.073662,0.156111,0.234751,0.181395,0.554217,0.445783,0.135578,0.161695
66,26,0.354426,0.073358,0.155408,0.235125,0.181684,0.552971,0.447029,0.126319,0.167034
67,32,0.354722,0.072562,0.155195,0.235321,0.182199,0.552387,0.447613,0.120977,0.127733
68,32,0.355276,0.071744,0.155329,0.235395,0.182256,0.55169,0.44831,0.10957,0.122698
69,32,0.355142,0.071761,0.155006,0.235542,0.182549,0.550893,0.449107,0.138094,0.15382
70,32,0.356537,0.069628,0.153769,0.236654,0.183411,0.551047,0.448953,0.144166,0.104419
71,30,0.357313,0.069064,0.152914,0.237017,0.183692,0.550245,0.449755,0.131296,0.147067
72,30,0.358756,0.067074,0.152103,0.237782,0.184285,0.549968,0.450032,0.128232,0.120778
73,26,0.359742,0.065798,0.151233,0.238436,0.184792,0.54948,0.45052,0.128112,0.128822
74,24,0.359593,0.065702,0.150848,0.238651,0.185207,0.548031,0.451969,0.136363,0.192211
75,30,0.360708,0.064034,0.149869,0.239513,0.185876,0.547565,0.452435,0.128033,0.128097
76,26,0.361583,0.062734,0.149262,0.240094,0.186327,0.547104,0.452896,0.131814,0.132309
77,24,0.362728,0.061646,0.148526,0.240477,0.186624,0.546342,0.453658,0.125536,0.140068
78,30,0.363487,0.060917,0.147872,0.240828,0.186897,0.545479,0.454521,0.120291,0.141995
79,24,0.364303,0.059929,0.147485,0.241003,0.18728,0.544144,0.455856,0.121962,0.169452
80,24,0.365303,0.058465,0.147198,0.241425,0.187609,0.54362,0.45638,0.122419,0.126764
81,32,0.365709,0.057843,0.146843,0.241747,0.187858,0.542976,0.457024,0.131899,0.141788
82,24,0.366622,0.056664,0.146212,0.242112,0.188391,0.542532,0.457468,0.12055,0.123739
83,30,0.367664,0.054944,0.145804,0.24261,0.188977,0.542014,0.457986,0.118431,0.120217
84,24,0.368987,0.053434,0.144674,0.243351,0.189554,0.541019,0.458981,0.121764,0.151466
85,26,0.370587,0.051703,0.143851,0.243887,0.189972,0.540359,0.459641,0.107375,0.118434
86,30,0.372045,0.04974,0.142447,0.24496,0.190808,0.539821,0.460179,0.130062,0.135139
87,30,0.372095,0.049422,0.142979,0.244812,0.190692,0.538899,0.461101,0.112531,0.137366
88,30,0.373194,0.04784,0.141761,0.245647,0.191559,0.538443,0.461557,0.132688,0.134747
89,24,0.374149,0.046453,0.141045,0.246152,0.192201,0.537798,0.462202,0.11782,0.129741
90,32,0.374435,0.045701,0.140556,0.246575,0.192733,0.537041,0.462959,0.126778,0.149572
91,36,0.375004,0.04524,0.140288,0.246665,0.192803,0.536609,0.463391,0.114669,0.113176
92,24,0.376355,0.043486,0.139529,0.247317,0.193313,0.536176,0.463824,0.121116,0.124571
93,24,0.377435,0.041659,0.138887,0.248097,0.193923,0.535493,0.464507,0.126339,0.141638
94,24,0.378196,0.040395,0.138499,0.248597,0.194313,0.535393,0.464607,0.122594,0.097263
95,32,0.378989,0.039499,0.137484,0.249007,0.195021,0.535311,0.464689,0.128799,0.11215
96,30,0.380058,0.03842,0.136243,0.249709,0.195571,0.534719,0.465281,0.128746,0.134637
97,24,0.380822,0.037629,0.135602,0.250083,0.195864,0.533219,0.466781,0.11715,0.171079
98,26,0.381545,0.036464,0.135082,0.250623,0.196286,0.532351,0.467649,0.128793,0.157481
99,32,0.38208,0.0356,0.134489,0.251026,0.196804,0.532068,0.467932,0.129129,0.120684
100,24,0.382493,0.034711,0.133675,0.251611,0.197511,0.530585,0.469415,0.138015,0.196981
101,32,0.382951,0.033682,0.134066,0.251711,0.19759,0.530309,0.469691,0.115056,0.110274
102,24,0.383581,0.032538,0.133282,0.252439,0.198161,0.529309,0.470691,0.130732,0.163665
103,30,0.38484,0.031342,0.132386,0.252905,0.198527,0.528826,0.471174,0.113807,0.11382
104,30,0.385959,0.029717,0.131701,0.253452,0.199172,0.528813,0.471187,0.114475,0.092125
105,30,0.387193,0.028215,0.130673,0.254178,0.199742,0.528181,0.471819,0.11943,0.128201
106,30,0.387937,0.027237,0.130154,0.254478,0.200193,0.527814,0.472186,0.128073,0.126263
107,24,0.388903,0.025923,0.129838,0.25485,0.200486,0.526735,0.473265,0.110983,0.145128
108,36,0.389974,0.024626,0.129045,0.25532,0.201035,0.525959,0.474041,0.120417,0.141585
109,30,0.390667,0.023511,0.12858,0.255586,0.201657,0.525492,0.474508,0.114953,0.119131
110,26,0.391275,0.022339,0.128078,0.256182,0.202127,0.524282,0.475718,0.116042,0.157154
111,30,0.392571,0.021139,0.127284,0.256572,0.202434,0.523785,0.476215,0.107867,0.11167
112,24,0.393629,0.020236,0.126115,0.257138,0.202881,0.522368,0.477632,0.115799,0.167203
113,24,0.39363,0.019981,0.125812,0.25745,0.203127,0.521515,0.478485,0.128937,0.151001
114,24,0.394227,0.018947,0.124742,0.258153,0.203931,0.520176,0.479824,0.127709,0.17858
115,26,0.394689,0.017815,0.124384,0.258599,0.204512,0.519324,0.480676,0.128796,0.156536
116,24,0.395263,0.016498,0.123646,0.259288,0.205305,0.518298,0.481702,0.127509,0.162549
117,26,0.395264,0.016493,0.123276,0.259496,0.20547,0.517155,0.482845,0.12638,0.167554
118,30,0.395552,0.015991,0.122702,0.259936,0.205819,0.516128,0.483872,0.130894,0.16423
119,32,0.396967,0.014133,0.122272,0.260311,0.206317,0.516229,0.483771,0.10189,0.077771
120,32,0.396632,0.014066,0.122783,0.26025,0.206269,0.515858,0.484142,0.129634,0.128614
121,26,0.397524,0.012774,0.121873,0.26098,0.206848,0.51495,0.48505,0.123617,0.153187
122,30,0.39742,0.01284,0.121387,0.261162,0.20719,0.513758,0.486242,0.130186,0.169396
123,26,0.397924,0.011742,0.121127,0.261638,0.207568,0.513028,0.486972,0.123115,0.143326
124,24,0.399552,0.01001,0.120763,0.261899,0.207775,0.512102,0.487898,0.09904,0.122852
125,30,0.399717,0.009995,0.120833,0.261777,0.207678,0.511855,0.488145,0.114242,0.107317
126,24,0.399861,0.010016,0.119693,0.262183,0.208248,0.510948,0.489052,0.129486,0.158714
127,26,0.400447,0.010015,0.118391,0.262582,0.208565,0.50992,0.49008,0.122243,0.158081
128,24,0.40061,0.010007,0.117673,0.262757,0.208953,0.508527,0.491473,0.131949,0.184271
129,32,0.401054,0.009994,0.117538,0.262593,0.208822,0.50774,0.49226,0.105489,0.122452
130,30,0.400974,0.010008,0.116839,0.26279,0.20939,0.50746,0.49254,0.130275,0.124152
131,32,0.401735,0.010005,0.115824,0.262932,0.209503,0.50731,0.49269,0.097606,0.083342
132,36,0.402204,0.009993,0.11568,0.262758,0.209365,0.506526,0.493474,0.101524,0.119891
133,30,0.401665,0.010635,0.115563,0.262655,0.209481,0.50577,0.49423,0.139565,0.156945
134,26,0.402648,0.010015,0.114509,0.26304,0.209788,0.504439,0.495561,0.116243,0.162866
135,32,0.403002,0.010004,0.113588,0.263147,0.210259,0.504501,0.495499,0.114108,0.091233
136,24,0.403831,0.010004,0.112549,0.263263,0.210352,0.504677,0.495323,0.10186,0.067039
137,24,0.404361,0.010004,0.111817,0.263376,0.210442,0.504171,0.495829,0.117453,0.124666
138,36,0.404702,0.009998,0.111399,0.263334,0.210567,0.503592,0.496408,0.111406,0.11708
139,32,0.404789,0.01,0.1113,0.26334,0.210571,0.503906,0.496094,0.109894,0.075687
140,24,0.405339,0.010009,0.110316,0.263576,0.21076,0.502422,0.497578,0.115144,0.166004
141,26,0.405557,0.010011,0.109586,0.26386,0.210987,0.501134,0.498866,0.12886,0.175495
142,24,0.405746,0.01,0.109428,0.263848,0.210978,0.50111,0.49889,0.11743,0.095743
143,32,0.406172,0.010006,0.108721,0.264001,0.2111,0.500975,0.499025,0.114533,0.105016
144,32,0.405787,0.010274,0.109542,0.26361,0.210787,0.500317,0.499683,0.122743,0.139024
145,32,0.406782,0.010009,0.108408,0.263834,0.210967,0.499946,0.500054,0.095527,0.092685
146,24,0.407283,0.010004,0.107497,0.263927,0.211289,0.499141,0.500859,0.117245,0.137431
147,24,0.407333,0.010151,0.106685,0.264269,0.211562,0.497362,0.502638,0.135266,0.203663
148,30,0.407209,0.010006,0.106455,0.264435,0.211894,0.496912,0.503088,0.140087,0.145152
149,32,0.407602,0.010012,0.105505,0.264742,0.212139,0.496564,0.503436,0.11188,0.111333
150,26,0.408227,0.010011,0.104114,0.26504,0.212608,0.49609,0.50391,0.115354,0.123568
151,36,0.408105,0.009997,0.104071,0.264961,0.212866,0.49593,0.50407,0.120461,0.107156
152,30,0.409065,0.01001,0.102641,0.265215,0.213069,0.495082,0.504918,0.101198,0.117316
153,24,0.408835,0.010006,0.102588,0.265374,0.213197,0.494053,0.505947,0.134844,0.165734
154,26,0.409119,0.010012,0.101708,0.265701,0.21346,0.492907,0.507093,0.128879,0.169915
155,30,0.409679,0.010012,0.10037,0.266013,0.213926,0.492122,0.507878,0.119555,0.139978
156,24,0.409718,0.010021,0.099718,0.266348,0.214195,0.490741,0.509259,0.135162,0.185477
157,24,0.410256,0.010004,0.098984,0.266465,0.21429,0.490307,0.509693,0.117358,0.12111
158,30,0.409836,0.00999,0.099912,0.266192,0.21407,0.49066,0.50934,0.118808,0.082146
159,30,0.410276,0.010002,0.099348,0.266254,0.21412,0.490168,0.509832,0.108227,0.111163
160,24,0.410808,0.010008,0.098408,0.266477,0.214299,0.489033,0.510967,0.115225,0.150326
161,30,0.41126,0.010008,0.097155,0.266693,0.214884,0.488869,0.511131,0.112521,0.103655
162,24,0.410715,0.010651,0.097139,0.266647,0.214848,0.487419,0.512581,0.134576,0.187523
163,26,0.410856,0.010009,0.096989,0.266881,0.215265,0.486517,0.513483,0.124563,0.153007
164,32,0.410712,0.0104,0.0973,0.266572,0.215016,0.485361,0.514639,0.118439,0.154016
165,24,0.411532,0.01001,0.096399,0.266833,0.215226,0.484801,0.515199,0.110815,0.117835
166,24,0.41261,0.010005,0.095095,0.266961,0.215329,0.484085,0.515915,0.104611,0.120817
167,24,0.413024,0.010009,0.094001,0.267198,0.215768,0.482239,0.517761,0.122053,0.189831
168,26,0.413509,0.010012,0.092946,0.267512,0.216022,0.481618,0.518382,0.121195,0.136423
169,26,0.414283,0.009995,0.092433,0.267376,0.215912,0.480381,0.519619,0.102033,0.141719
170,24,0.414698,0.01,0.091771,0.267373,0.216158,0.47892,0.52108,0.118521,0.16934
171,32,0.415007,0.01001,0.090985,0.267632,0.216367,0.478437,0.521563,0.112476,0.116333
172,38,0.415166,0.009994,0.090942,0.267482,0.216415,0.47801,0.52199,0.112137,0.117313
173,30,0.414573,0.010142,0.091635,0.267345,0.216304,0.477379,0.522621,0.139477,0.15303
174,24,0.414912,0.010008,0.090539,0.267564,0.216977,0.476672,0.523328,0.121975,0.137561
175,26,0.415049,0.01002,0.089197,0.268096,0.217638,0.475682,0.524318,0.126575,0.158042
176,32,0.415251,0.010013,0.08817,0.268457,0.218109,0.475084,0.524916,0.129769,0.142882
177,24,0.414447,0.01127,0.088103,0.268245,0.217936,0.474083,0.525917,0.134542,0.16534
178,30,0.414942,0.010276,0.088356,0.26838,0.218046,0.474104,0.525896,0.108982,0.092575
179,32,0.415046,0.010002,0.088405,0.268447,0.2181,0.474269,0.525731,0.115911,0.090142
180,26,0.415269,0.010011,0.087654,0.268733,0.218333,0.473002,0.526998,0.128767,0.172349
181,30,0.415157,0.010272,0.087804,0.268569,0.218199,0.472393,0.527607,0.118416,0.129182
182,30,0.414869,0.010001,0.087915,0.268588,0.218626,0.471771,0.528229,0.127831,0.141844
183,26,0.414959,0.010002,0.08749,0.268647,0.218903,0.471441,0.528559,0.120397,0.117693
184,32,0.414973,0.01,0.087501,0.268634,0.218893,0.471599,0.528401,0.110803,0.087105
185,32,0.416094,0.010008,0.085979,0.268851,0.219069,0.471102,0.528898,0.088386,0.093101
186,30,0.416423,0.010003,0.085274,0.268942,0.219358,0.470811,0.529189,0.118253,0.116926
187,24,0.416502,0.009997,0.085106,0.268858,0.219537,0.469963,0.530037,0.125473,0.148146
188,24,0.417387,0.01,0.084215,0.26886,0.219539,0.469229,0.530771,0.104138,0.119906
189,32,0.417688,0.010007,0.083176,0.269053,0.220076,0.468604,0.531396,0.121151,0.13453
190,32,0.417732,0.010003,0.082994,0.269132,0.22014,0.468264,0.531736,0.126674,0.128082
191,30,0.41775,0.01001,0.082286,0.269389,0.220565,0.46775,0.53225,0.130499,0.139266
192,34,0.417814,0.009999,0.082274,0.269366,0.220546,0.46714,0.53286,0.121492,0.135433
193,26,0.418053,0.010011,0.081257,0.269662,0.221017,0.466027,0.533973,0.125054,0.161569
194,30,0.417878,0.010005,0.080983,0.269794,0.221341,0.46535,0.53465,0.140042,0.15471
195,24,0.418439,0.010009,0.079981,0.270034,0.221538,0.463967,0.536033,0.114909,0.160179
196,24,0.418228,0.010006,0.079636,0.270204,0.221925,0.463045,0.536955,0.134843,0.160217
197,24,0.418789,0.010009,0.078633,0.270445,0.222123,0.461653,0.538347,0.114922,0.160182
198,26,0.419195,0.010015,0.077486,0.270849,0.222455,0.460506,0.539494,0.129069,0.168607
199,32,0.419606,0.010016,0.076308,0.27127,0.2228,0.459982,0.540018,0.121432,0.129438
200,32,0.420033,0.010008,0.075479,0.271495,0.222985,0.460375,0.539625,0.110548,0.076814
201,32,0.420567,0.010007,0.074587,0.271692,0.223147,0.460145,0.539855,0.114879,0.109182
202,26,0.42083,0.010008,0.073928,0.271909,0.223325,0.458793,0.541207,0.122739,0.167824
203,26,0.421372,0.01,0.07338,0.271916,0.223331,0.457388,0.542612,0.109343,0.153847
204,30,0.422195,0.009997,0.072702,0.271838,0.223267,0.457302,0.542698,0.093681,0.081664
205,26,0.423075,0.010009,0.071346,0.272093,0.223476,0.456733,0.543267,0.105213,0.115138
206,24,0.42305,0.010001,0.07141,0.272076,0.223463,0.45562,0.54438,0.121542,0.155972
207,32,0.423408,0.01001,0.070146,0.272356,0.224079,0.45506,0.54494,0.121966,0.133093
208,24,0.423471,0.010001,0.069771,0.272397,0.22436,0.454075,0.545925,0.123538,0.150549
209,30,0.423903,0.010015,0.068567,0.272813,0.224702,0.45363,0.54637,0.123739,0.127809
210,26,0.424455,0.010004,0.067839,0.272915,0.224787,0.452616,0.547384,0.115667,0.146343
211,24,0.424378,0.010009,0.067444,0.273171,0.224998,0.451732,0.548268,0.128906,0.155137
212,38,0.423782,0.010362,0.067291,0.273211,0.225355,0.450942,0.549058,0.140153,0.162186
213,32,0.424168,0.010008,0.066671,0.273422,0.225731,0.450993,0.549007,0.114676,0.095116
214,32,0.424758,0.010003,0.065921,0.273513,0.225805,0.450281,0.549719,0.109561,0.122181
215,26,0.425036,0.010012,0.065049,0.273833,0.22607,0.449243,0.550757,0.125127,0.158686
216,30,0.424895,0.010006,0.064914,0.273988,0.226197,0.449012,0.550988,0.123692,0.119808
217,24,0.425974,0.010005,0.063571,0.274133,0.226317,0.447676,0.552324,0.100849,0.141628
218,32,0.42626,0.010009,0.062853,0.274367,0.226511,0.446973,0.553027,0.122088,0.137183
219,24,0.426312,0.010004,0.062624,0.274467,0.226593,0.445628,0.554372,0.131568,0.176762
220,32,0.426444,0.010003,0.062339,0.274552,0.226663,0.445192,0.554808,0.120682,0.125649
221,24,0.426502,0.010013,0.061645,0.274895,0.226946,0.44415,0.55585,0.12694,0.158982
222,26,0.426663,0.010009,0.061038,0.275141,0.227149,0.443179,0.556821,0.124785,0.155071
223,24,0.426868,0.009996,0.061026,0.275042,0.227068,0.443195,0.556805,0.116778,0.101672
224,32,0.427157,0.010009,0.060295,0.275277,0.227262,0.442859,0.557141,0.117462,0.116596
225,24,0.428407,0.009995,0.059286,0.275153,0.227159,0.442224,0.557776,0.091543,0.102168
226,34,0.429023,0.010012,0.058049,0.275483,0.227432,0.441838,0.558162,0.113369,0.117264
227,30,0.428897,0.010006,0.057883,0.275647,0.227567,0.440936,0.559064,0.123845,0.146629
228,24,0.428858,0.01001,0.057406,0.275927,0.227798,0.439959,0.560041,0.128866,0.158001
229,30,0.427446,0.011285,0.058758,0.275262,0.22725,0.43947,0.56053,0.139232,0.147741
230,24,0.427729,0.010845,0.058582,0.275444,0.2274,0.438398,0.561602,0.121761,0.154406
231,24,0.428529,0.010003,0.058455,0.275537,0.227476,0.438347,0.561653,0.107376,0.090156
232,30,0.428276,0.010094,0.058468,0.275618,0.227544,0.437515,0.562485,0.140095,0.16146
233,24,0.428709,0.01001,0.057609,0.275897,0.227774,0.437973,0.562027,0.115876,0.07564
234,30,0.42756,0.011177,0.058497,0.275402,0.227365,0.437379,0.562621,0.13939,0.150724
235,26,0.428125,0.010579,0.057606,0.275907,0.227782,0.436338,0.563662,0.124925,0.15756
236,30,0.429183,0.010008,0.056718,0.276127,0.227964,0.436181,0.563819,0.097239,0.086609
237,24,0.429059,0.01009,0.056657,0.276048,0.228146,0.434821,0.565179,0.129542,0.173986
238,24,0.429296,0.010006,0.055979,0.2762,0.228519,0.434459,0.565541,0.121631,0.123896
239,26,0.430189,0.010003,0.054955,0.276274,0.22858,0.43388,0.56612,0.101624,0.111988
240,30,0.43017,0.010334,0.054664,0.276262,0.22857,0.433008,0.566992,0.11962,0.142752
241,24,0.430891,0.010012,0.053392,0.276603,0.229101,0.432068,0.567932,0.112656,0.138674
242,24,0.431399,0.010003,0.052718,0.276699,0.22918,0.432481,0.567519,0.110958,0.074305
243,26,0.431563,0.010075,0.052033,0.276945,0.229384,0.431439,0.568561,0.124698,0.157019
244,24,0.431716,0.010063,0.051592,0.277109,0.22952,0.43042,0.56958,0.125317,0.155068
245,24,0.431939,0.010008,0.051041,0.277319,0.229693,0.429446,0.570554,0.125495,0.153389
246,32,0.431935,0.01001,0.050959,0.277365,0.229732,0.429238,0.570762,0.126373,0.120846
247,26,0.432021,0.010105,0.05042,0.277561,0.229894,0.428138,0.571862,0.124643,0.158047
248,36,0.4327,0.010001,0.049453,0.277588,0.230259,0.428462,0.571538,0.097941,0.070044
249,30,0.43323,0.010009,0.048436,0.277849,0.230476,0.427294,0.572706,0.128653,0.161819
250,24,0.433794,0.010005,0.047637,0.27798,0.230584,0.426714,0.573286,0.116953,0.12807
251,30,0.433483,0.01019,0.047483,0.278024,0.230819,0.426179,0.573821,0.129917,0.139911
252,24,0.433539,0.010012,0.046983,0.278365,0.231102,0.425305,0.574695,0.135111,0.16019
253,30,0.433648,0.010012,0.046242,0.27871,0.231388,0.424677,0.575323,0.131461,0.145286
254,34,0.434349,0.010016,0.044713,0.27916,0.231762,0.42439,0.57561,0.113446,0.113446
255,32,0.434498,0.009997,0.044163,0.279083,0.232259,0.424758,0.575242,0.115229,0.086454
256,24,0.434671,0.009999,0.044034,0.279058,0.232239,0.424873,0.575127,0.117531,0.096327
257,36,0.434781,0.01001,0.043389,0.279344,0.232477,0.424088,0.575912,0.129015,0.150288
258,24,0.434527,0.010005,0.043139,0.279486,0.232843,0.42289,0.57711,0.134621,0.172926
259,30,0.435468,0.010002,0.042088,0.279548,0.232894,0.422426,0.577574,0.094803,0.095184
260,36,0.435902,0.010007,0.041121,0.27975,0.23322,0.422444,0.577556,0.11121,0.097007
261,30,0.436219,0.010004,0.040196,0.279859,0.233722,0.421681,0.578319,0.118328,0.137988
262,32,0.436479,0.010008,0.039537,0.280075,0.233902,0.421379,0.578621,0.111151,0.110099
263,26,0.436893,0.01,0.039105,0.280088,0.233913,0.420452,0.579548,0.115402,0.141563
264,26,0.437368,0.010005,0.038379,0.280223,0.234025,0.419257,0.580743,0.116422,0.15375
265,24,0.437894,0.01001,0.037333,0.280504,0.23426,0.418141,0.581859,0.114209,0.146584
266,36,0.438173,0.010004,0.036715,0.280606,0.234502,0.418662,0.581338,0.111104,0.074185
267,24,0.438375,0.010015,0.035706,0.281039,0.234865,0.417589,0.582411,0.128982,0.159694
268,36,0.438462,0.010006,0.035183,0.281197,0.235153,0.416852,0.583148,0.129191,0.145336
269,24,0.438765,0.010003,0.034496,0.281272,0.235464,0.415903,0.584097,0.112226,0.138571
270,30,0.43899,0.010002,0.034151,0.281338,0.235519,0.415878,0.584122,0.117358,0.10537
271,30,0.438946,0.009999,0.034249,0.28131,0.235496,0.416369,0.583631,0.119686,0.085961
272,32,0.439826,0.010004,0.033133,0.281436,0.235601,0.416044,0.583956,0.097586,0.094228
273,26,0.440115,0.010007,0.032503,0.28162,0.235755,0.415051,0.584949,0.126179,0.155784
274,24,0.440316,0.010015,0.031499,0.282053,0.236117,0.41389,0.58611,0.135129,0.171555
275,26,0.440101,0.010645,0.030531,0.282354,0.236369,0.412438,0.587562,0.135481,0.182861
276,30,0.440878,0.010056,0.029179,0.282988,0.2369,0.411711,0.588289,0.123403,0.139766
277,24,0.441106,0.010016,0.02816,0.283439,0.237278,0.410655,0.589345,0.128943,0.159533
278,32,0.441376,0.01,0.027906,0.28344,0.237278,0.410517,0.589483,0.116954,0.110498
279,32,0.44169,0.010007,0.027037,0.283642,0.237624,0.409909,0.590091,0.119304,0.132656
280,24,0.441882,0.010015,0.02605,0.28407,0.237982,0.409027,0.590973,0.128827,0.153364
281,32,0.442095,0.010129,0.025381,0.284256,0.238138,0.408339,0.591661,0.126429,0.141478
282,30,0.441949,0.01,0.025226,0.284267,0.238558,0.408204,0.591796,0.13135,0.124423
283,26,0.442036,0.010009,0.024657,0.284524,0.238774,0.407354,0.592646,0.130047,0.154858
284,36,0.442166,0.01,0.024368,0.28453,0.238936,0.407574,0.592426,0.1108,0.089315
285,30,0.4423,0.010012,0.023615,0.284861,0.239214,0.407464,0.592536,0.130371,0.121735
286,36,0.442549,0.010003,0.023041,0.284944,0.239463,0.407484,0.592516,0.112098,0.100465
287,24,0.443021,0.010015,0.021509,0.285379,0.240076,0.406212,0.593788,0.124829,0.163889
288,32,0.443464,0.010004,0.020887,0.285482,0.240163,0.40563,0.59437,0.104265,0.115193
289,24,0.443878,0.010001,0.020411,0.285517,0.240192,0.40524,0.59476,0.1168,0.120861
290,30,0.444286,0.010001,0.019935,0.285554,0.240223,0.404336,0.595664,0.107778,0.12829
291,36,0.444243,0.010003,0.019637,0.285653,0.240463,0.40398,0.59602,0.130028,0.131851
292,34,0.444346,0.01,0.019351,0.285652,0.240652,0.40389,0.59611,0.121318,0.113914
293,32,0.444396,0.010007,0.018517,0.285864,0.241216,0.403285,0.596715,0.130338,0.142508
294,38,0.444621,0.009996,0.017889,0.285752,0.241742,0.403402,0.596598,0.109185,0.093642
295,24,0.444645,0.009999,0.017691,0.285711,0.241954,0.402293,0.597707,0.121986,0.154228
296,30,0.444827,0.009999,0.017364,0.285673,0.242137,0.402344,0.597656,0.11654,0.103168
297,30,0.44519,0.010004,0.016767,0.285796,0.242242,0.4021,0.5979,0.116459,0.11231
298,30,0.445814,0.010007,0.015761,0.286002,0.242416,0.401364,0.598636,0.108766,0.12239
299,32,0.44601,0.009998,0.015308,0.285951,0.242732,0.400551,0.599449,0.117295,0.136512
300,32,0.445865,0.009998,0.015536,0.285906,0.242694,0.400425,0.599575,0.126322,0.118824
301,32,0.446704,0.010005,0.014444,0.28604,0.242808,0.400191,0.599809,0.100074,0.093252
302,38,0.446996,0.009998,0.01382,0.285971,0.243215,0.400267,0.599733,0.109539,0.09473
303,24,0.447894,0.009997,0.012825,0.28589,0.243394,0.3996,0.6004,0.102383,0.115983
304,24,0.4484,0.010003,0.01214,0.285984,0.243474,0.400069,0.599931,0.110691,0.079231
305,32,0.449286,0.01,0.011243,0.285991,0.24348,0.400107,0.599893,0.086283,0.072593
306,26,0.449262,0.010004,0.011032,0.286115,0.243586,0.399193,0.600807,0.128404,0.154704
307,24,0.450236,0.010001,0.010001,0.286148,0.243614,0.398733,0.601267,0.104236,0.110397
308,30,0.450331,0.009998,0.009998,0.2861,0.243573,0.398494,0.601506,0.116435,0.112224
309,24,0.450471,0.009997,0.009997,0.286025,0.243509,0.398142,0.601858,0.118465,0.121901
310,24,0.450097,0.010002,0.010002,0.286089,0.24381,0.397055,0.602945,0.126473,0.159128
311,24,0.44962,0.010485,0.01,0.286086,0.243809,0.396198,0.603802,0.134868,0.157241
312,24,0.449577,0.01001,0.01001,0.286361,0.244043,0.395018,0.604982,0.128839,0.163351
313,26,0.449711,0.009994,0.010195,0.286197,0.243903,0.394034,0.605966,0.11515,0.142722
314,24,0.449898,0.01,0.010005,0.286196,0.243902,0.3927,0.6073,0.120626,0.161182
315,24,0.449639,0.010005,0.010005,0.286333,0.244018,0.39176,0.60824,0.128711,0.154624
316,26,0.44986,0.009996,0.009996,0.286223,0.243925,0.39071,0.60929,0.11151,0.140981
317,30,0.450015,0.009997,0.009997,0.286138,0.243853,0.390209,0.609791,0.109241,0.11834
318,24,0.450463,0.009987,0.009987,0.285774,0.243789,0.38995,0.61005,0.102337,0.100215
319,32,0.450405,0.009994,0.009994,0.285594,0.244013,0.389919,0.610081,0.116151,0.106024
320,30,0.450191,0.010004,0.010004,0.285699,0.244103,0.389376,0.610624,0.140217,0.148858
321,24,0.449996,0.010004,0.010004,0.285804,0.244193,0.388407,0.611593,0.124502,0.151832
322,24,0.449992,0.009996,0.009996,0.285682,0.244335,0.38731,0.61269,0.112129,0.142822
323,26,0.449868,0.010002,0.010002,0.285742,0.244386,0.386506,0.613494,0.122733,0.143801
324,32,0.449821,0.010001,0.010001,0.285768,0.244409,0.386523,0.613477,0.117895,0.106589
325,30,0.449526,0.009987,0.010995,0.285398,0.244093,0.387004,0.612996,0.115581,0.085433
326,30,0.450369,0.010003,0.010003,0.285471,0.244155,0.38636,0.61364,0.090557,0.098867
327,24,0.450457,0.009994,0.009994,0.285299,0.244255,0.386144,0.613856,0.116626,0.115034
328,24,0.450341,0.009997,0.009997,0.285225,0.244439,0.385217,0.614783,0.123452,0.148082
329,24,0.450078,0.010005,0.010005,0.285359,0.244554,0.384106,0.615894,0.135017,0.167883
330,24,0.450568,0.009991,0.009991,0.285109,0.24434,0.383685,0.616315,0.103599,0.107353
331,36,0.450409,0.009996,0.009996,0.285009,0.244589,0.383894,0.616106,0.119069,0.097878
332,26,0.450622,0.009996,0.009996,0.284895,0.244491,0.383044,0.616956,0.109501,0.130767
333,24,0.450302,0.010006,0.010006,0.285056,0.24463,0.38209,0.61791,0.130313,0.156016
334,30,0.449825,0.009998,0.009998,0.284994,0.245185,0.382,0.618,0.122699,0.114556
335,30,0.449615,0.010004,0.010004,0.285101,0.245277,0.381587,0.618413,0.130203,0.135455
336,24,0.449246,0.010002,0.010002,0.285168,0.245582,0.380787,0.619213,0.128535,0.149022
337,32,0.449119,0.010002,0.010002,0.285236,0.24564,0.380225,0.619775,0.129893,0.140438
338,30,0.448639,0.009998,0.009998,0.285172,0.246194,0.379633,0.620367,0.129281,0.14142
339,24,0.448501,0.010409,0.009995,0.285027,0.246069,0.378419,0.621581,0.12216,0.157041
340,24,0.448571,0.010002,0.010002,0.285071,0.246355,0.377207,0.622793,0.121356,0.155307
341,24,0.44885,0.009994,0.010064,0.284892,0.2462,0.375854,0.624146,0.117163,0.155809
342,24,0.448886,0.009988,0.01067,0.284551,0.245905,0.375972,0.624028,0.112858,0.094804
343,30,0.448884,0.009993,0.011063,0.284339,0.245722,0.37579,0.62421,0.120526,0.11608
344,26,0.448305,0.010672,0.01084,0.284405,0.245778,0.374628,0.625372,0.135337,0.168987
345,26,0.449152,0.01014,0.010247,0.284554,0.245907,0.373444,0.626556,0.112931,0.146143
346,32,0.44931,0.009998,0.010322,0.284505,0.245865,0.37355,0.62645,0.114552,0.100066
347,24,0.449343,0.010001,0.010001,0.284526,0.24613,0.372206,0.627794,0.129615,0.169651
348,24,0.448971,0.010002,0.010002,0.28459,0.246434,0.371314,0.628686,0.128402,0.151433
349,32,0.449395,0.009989,0.009989,0.284283,0.246344,0.371137,0.628863,0.095289,0.088968
350,24,0.449013,0.010002,0.010002,0.284341,0.246642,0.370288,0.629712,0.126435,0.148608
351,30,0.448989,0.009993,0.009993,0.284144,0.246881,0.369815,0.630185,0.108466,0.116454
352,24,0.448589,0.010297,0.010002,0.284191,0.246921,0.368533,0.631467,0.134866,0.172154
353,26,0.449082,0.009996,0.009996,0.284091,0.246834,0.368084,0.631916,0.102192,0.108417
354,26,0.448958,0.010002,0.010002,0.284151,0.246886,0.367157,0.632843,0.12463,0.149863
355,30,0.448655,0.010002,0.010002,0.284199,0.247143,0.36647,0.63353,0.139932,0.155422
356,32,0.448611,0.009997,0.009997,0.28412,0.247275,0.367073,0.632927,0.109678,0.076494
357,24,0.448713,0.009998,0.009998,0.284064,0.247227,0.366067,0.633933,0.114446,0.139713
358,24,0.448394,0.010006,0.010006,0.284227,0.247368,0.365385,0.634615,0.130297,0.146124
359,32,0.448452,0.009999,0.009999,0.284203,0.247347,0.364729,0.635271,0.116215,0.131368
360,24,0.448308,0.010003,0.010003,0.284276,0.247411,0.363626,0.636374,0.124972,0.155634
361,24,0.447938,0.010002,0.010002,0.284342,0.247716,0.362432,0.637568,0.134596,0.168538
362,30,0.447754,0.01,0.01,0.284328,0.247919,0.362241,0.637759,0.131826,0.127646
363,24,0.447859,0.009998,0.009998,0.284274,0.247871,0.360929,0.639071,0.11239,0.147475
364,24,0.448223,0.009993,0.009993,0.284084,0.247706,0.359892,0.640108,0.107454,0.133823
365,26,0.44784,0.010007,0.010007,0.284274,0.247872,0.358879,0.641121,0.129827,0.157744
366,24,0.447474,0.010002,0.010002,0.284343,0.248179,0.358142,0.641858,0.128501,0.146386
367,30,0.447581,0.009998,0.009998,0.28429,0.248133,0.357709,0.642291,0.116952,0.122644
368,26,0.447579,0.01,0.01,0.284289,0.248132,0.357215,0.642785,0.126166,0.135621
369,32,0.447728,0.009997,0.009997,0.284212,0.248065,0.356776,0.643224,0.106298,0.113764
370,24,0.447464,0.010005,0.010005,0.284346,0.248181,0.356001,0.643999,0.135029,0.15379
371,24,0.447573,0.009998,0.009998,0.284294,0.248136,0.354929,0.645071,0.114531,0.141127
372,26,0.447561,0.009996,0.009996,0.284181,0.248266,0.354777,0.645223,0.114091,0.111455
373,24,0.447303,0.01,0.01,0.284182,0.248514,0.353941,0.646059,0.12467,0.145417
374,24,0.447161,0.010003,0.010003,0.284256,0.248579,0.353193,0.646807,0.124876,0.142658
375,24,0.446724,0.010371,0.010025,0.284279,0.248599,0.352274,0.647726,0.126526,0.149631
376,26,0.44712,0.01,0.01,0.28428,0.2486,0.351119,0.648881,0.115314,0.145605
377,36,0.446876,0.009995,0.009995,0.28415,0.248984,0.351293,0.648707,0.112595,0.096949
378,26,0.44629,0.010002,0.010002,0.284211,0.249495,0.350394,0.649606,0.129226,0.152813
379,24,0.446256,0.009994,0.01034,0.284053,0.249356,0.350669,0.649331,0.117648,0.097056
380,30,0.446778,0.009992,0.01023,0.283835,0.249165,0.351084,0.648916,0.095265,0.071223
381,24,0.446504,0.010004,0.010004,0.283962,0.249524,0.350118,0.649882,0.128509,0.154164
382,36,0.446055,0.010087,0.010401,0.283777,0.24968,0.350136,0.649864,0.128715,0.118746
383,30,0.446586,0.009993,0.010361,0.283565,0.249494,0.349818,0.650182,0.105172,0.107344
384,26,0.446643,0.010001,0.010001,0.283601,0.249754,0.349055,0.650945,0.120149,0.138611
385,30,0.447153,0.009991,0.009991,0.283341,0.249525,0.348817,0.651183,0.08853,0.086082
386,32,0.447189,0.009999,0.009999,0.283313,0.2495,0.349398,0.650602,0.109962,0.080358
387,26,0.446607,0.010002,0.010002,0.283376,0.250013,0.348419,0.651581,0.129218,0.155251
388,24,0.446603,0.009996,0.009996,0.283254,0.250152,0.347584,0.652416,0.112101,0.132099
389,36,0.447068,0.009991,0.009991,0.283011,0.249938,0.346881,0.653119,0.095316,0.109997
390,30,0.446804,0.009991,0.010753,0.282748,0.249705,0.346395,0.653605,0.118684,0.126311
391,32,0.446818,0.009996,0.010947,0.282634,0.249605,0.346183,0.653817,0.122741,0.121699
392,26,0.446571,0.01001,0.010204,0.28291,0.250305,0.345358,0.654642,0.134891,0.155577
393,32,0.446495,0.009998,0.009998,0.282861,0.250647,0.344791,0.655209,0.121486,0.132974
394,24,0.446381,0.010002,0.010002,0.282918,0.250697,0.344296,0.655704,0.124861,0.132482
395,26,0.446114,0.010005,0.010005,0.283056,0.25082,0.343518,0.656482,0.126241,0.145226
396,30,0.446278,0.009997,0.009997,0.282978,0.25075,0.342782,0.657218,0.11573,0.132159
397,24,0.446284,0.009995,0.009995,0.282845,0.25088,0.341704,0.658296,0.117544,0.146021
398,24,0.445554,0.011017,0.010012,0.282682,0.250736,0.340862,0.659138,0.134767,0.154634
399,32,0.445739,0.010524,0.010006,0.282848,0.250883,0.34085,0.65915,0.12177,0.113851
400,26,0.445597,0.010012,0.010012,0.283191,0.251187,0.340055,0.659945,0.129709,0.148815
401,36,0.445314,0.009994,0.009994,0.283011,0.251688,0.340077,0.659923,0.126523,0.11724
402,24,0.445167,0.009992,0.010299,0.282797,0.251745,0.339475,0.660525,0.120316,0.132015
403,24,0.445279,0.009998,0.010276,0.282747,0.2517,0.338869,0.661131,0.120621,0.132701
404,32,0.445311,0.010001,0.010001,0.282767,0.25192,0.338601,0.661399,0.125078,0.126156
405,30,0.445222,0.010002,0.010002,0.282814,0.251961,0.338562,0.661438,0.122228,0.115439
406,36,0.445501,0.009992,0.009992,0.282582,0.251933,0.338566,0.661434,0.097952,0.090082
407,24,0.445494,0.01,0.01,0.282577,0.251929,0.338872,0.661128,0.12169,0.099267
408,30,0.445284,0.010004,0.010004,0.282684,0.252024,0.338674,0.661326,0.130149,0.128781
409,26,0.445174,0.009998,0.009998,0.282628,0.252202,0.337977,0.662023,0.118941,0.135059
410,26,0.44495,0.01,0.01,0.282624,0.252427,0.337214,0.662786,0.128176,0.146858
411,30,0.444739,0.010004,0.010004,0.282731,0.252523,0.336979,0.663021,0.130149,0.128645
412,26,0.444621,0.010002,0.010002,0.282794,0.25258,0.336118,0.663882,0.124605,0.146334
413,32,0.444668,0.009999,0.009999,0.282773,0.252561,0.336661,0.663339,0.109811,0.08339
414,32,0.444254,0.009997,0.009997,0.282697,0.253053,0.336231,0.663769,0.126878,0.133994
415,32,0.444223,0.009993,0.010197,0.282505,0.253082,0.336831,0.663169,0.116804,0.08856
416,32,0.444613,0.009996,0.009996,0.282403,0.252991,0.336816,0.663184,0.098304,0.09164
417,24,0.444169,0.0104,0.010001,0.282422,0.253008,0.335774,0.664226,0.128614,0.155185
418,26,0.444174,0.010007,0.010007,0.282624,0.253188,0.334896,0.665104,0.129885,0.15249
419,24,0.443807,0.010002,0.010002,0.282691,0.253497,0.334184,0.665816,0.126396,0.142733
420,32,0.443731,0.009998,0.009998,0.282643,0.253629,0.333959,0.666041,0.120533,0.119708
421,32,0.44373,0.01,0.01,0.282642,0.253628,0.33451,0.66549,0.111288,0.084812
422,24,0.443727,0.009996,0.009996,0.282518,0.253764,0.333958,0.666042,0.120346,0.129867
423,30,0.443723,0.01,0.01,0.282516,0.253762,0.333563,0.666437,0.11296,0.117637
424,26,0.443942,0.009996,0.009996,0.282404,0.253662,0.332699,0.667301,0.115325,0.136273
425,26,0.443927,0.01,0.01,0.282408,0.253665,0.331839,0.668161,0.121121,0.142548
426,36,0.444134,0.00999,0.00999,0.282129,0.253756,0.331846,0.668154,0.097553,0.089809
427,38,0.443911,0.009998,0.009998,0.282082,0.25401,0.331796,0.668204,0.128021,0.121199
428,24,0.443931,0.009998,0.010092,0.282023,0.253956,0.330841,0.669159,0.119285,0.142576
429,24,0.444171,0.009997,0.009997,0.281947,0.253887,0.330643,0.669357,0.116965,0.1162
430,26,0.44433,0.009993,0.009993,0.281748,0.253936,0.33024,0.66976,0.113282,0.118834
431,26,0.444473,0.009997,0.009997,0.281668,0.253865,0.329214,0.670786,0.116307,0.142337
432,24,0.444292,0.010254,0.010249,0.281496,0.25371,0.328078,0.671922,0.122144,0.151122
433,32,0.444473,0.010006,0.010006,0.281659,0.253857,0.328456,0.671544,0.117281,0.0962
434,32,0.44477,0.009995,0.009995,0.281514,0.253726,0.328155,0.671845,0.096747,0.097153
435,24,0.444756,0.010087,0.009998,0.281471,0.253688,0.32699,0.67301,0.121636,0.151449
436,24,0.445162,0.009994,0.009994,0.281309,0.253541,0.327517,0.672483,0.101213,0.073208
437,26,0.445036,0.010002,0.010002,0.281367,0.253593,0.327063,0.672937,0.122788,0.131111
438,30,0.44476,0.010002,0.010153,0.281432,0.253652,0.326645,0.673355,0.130202,0.135473
439,30,0.444703,0.009994,0.010527,0.28127,0.253506,0.326428,0.673572,0.109664,0.108942
440,24,0.444056,0.010832,0.010545,0.28116,0.253407,0.325691,0.674309,0.134763,0.150828
441,32,0.444543,0.010011,0.010292,0.281469,0.253685,0.325605,0.674395,0.125316,0.120155
442,26,0.444557,0.010005,0.010005,0.281616,0.253817,0.324903,0.675097,0.122621,0.138297
443,30,0.444721,0.009997,0.009997,0.281537,0.253747,0.324433,0.675567,0.115875,0.123708
444,24,0.444362,0.010146,0.010071,0.281609,0.253812,0.323932,0.676068,0.134836,0.143571
445,24,0.444828,0.009996,0.009996,0.281483,0.253698,0.323416,0.676584,0.10747,0.114569
446,30,0.444824,0.01,0.01,0.281481,0.253696,0.323319,0.676681,0.119532,0.114368
447,26,0.445426,0.009989,0.009989,0.281175,0.25342,0.323059,0.676941,0.1004,0.100163
448,30,0.445882,0.009991,0.009991,0.280933,0.253202,0.322839,0.677161,0.102837,0.101082
449,24,0.445707,0.009998,0.009998,0.280887,0.253409,0.321674,0.678326,0.1312,0.161022
450,24,0.445333,0.010002,0.010002,0.28095,0.253712,0.32112,0.67888,0.12838,0.139014
451,24,0.445335,0.01,0.01,0.280951,0.253713,0.321818,0.678182,0.115537,0.082267
452,24,0.445543,0.009992,0.009992,0.280721,0.253752,0.321733,0.678267,0.11272,0.108289
453,26,0.445628,0.009998,0.009998,0.280669,0.253706,0.321468,0.678532,0.114415,0.116294
454,32,0.445584,0.010001,0.010001,0.28069,0.253724,0.320877,0.679123,0.126564,0.137424
455,32,0.445567,0.009993,0.010388,0.280499,0.253552,0.320031,0.679969,0.119608,0.138825
456,32,0.445518,0.010004,0.010004,0.280615,0.253859,0.320345,0.679655,0.114364,0.09601
457,24,0.445581,0.009999,0.009999,0.280588,0.253834,0.319831,0.680169,0.12174,0.130657
458,32,0.44573,0.009997,0.009997,0.280511,0.253764,0.319429,0.680571,0.107759,0.113488
459,26,0.446284,0.00999,0.00999,0.280228,0.253508,0.318284,0.681716,0.102081,0.129585
460,26,0.446036,0.010464,0.010061,0.280072,0.253367,0.317427,0.682573,0.12599,0.146317
461,24,0.446214,0.010006,0.010006,0.280248,0.253526,0.316326,0.683674,0.131564,0.159275
462,26,0.446099,0.010002,0.010002,0.280312,0.253584,0.315953,0.684047,0.128401,0.133657
463,26,0.446097,0.010009,0.01,0.280311,0.253583,0.315223,0.684777,0.120322,0.136465
464,32,0.44645,0.009994,0.009994,0.280137,0.253426,0.315709,0.684291,0.09073,0.067328
465,24,0.446182,0.010005,0.010005,0.280266,0.253543,0.314618,0.685382,0.128815,0.155676
466,24,0.446219,0.009995,0.009995,0.280127,0.253664,0.314376,0.685624,0.11813,0.119142
467,26,0.446311,0.009998,0.009998,0.280075,0.253617,0.313471,0.686529,0.113986,0.135411
468,24,0.446876,0.00999,0.00999,0.279788,0.253357,0.313229,0.686771,0.102672,0.102921
469,32,0.446866,0.01,0.01,0.279782,0.253352,0.313648,0.686352,0.109898,0.088984
470,26,0.446387,0.010005,0.010005,0.279909,0.253695,0.312504,0.687496,0.135221,0.164695
471,30,0.446367,0.009993,0.009993,0.279716,0.25393,0.311797,0.688203,0.115068,0.129926
472,26,0.44658,0.009996,0.009996,0.279602,0.253827,0.31073,0.68927,0.11522,0.140917
473,26,0.446724,0.009997,0.009997,0.279525,0.253757,0.310033,0.689967,0.116293,0.131426
474,24,0.44681,0.009994,0.009994,0.279354,0.253849,0.309816,0.690184,0.11665,0.116575
475,30,0.446967,0.009997,0.009997,0.279268,0.253771,0.309634,0.690366,0.101627,0.099686
476,24,0.446703,0.010005,0.010005,0.279399,0.253889,0.308908,0.691092,0.128718,0.143996
477,32,0.445822,0.011214,0.010304,0.27907,0.25359,0.308172,0.691828,0.139706,0.156149
478,26,0.446777,0.010006,0.010006,0.279238,0.253972,0.30805,0.69195,0.102512,0.099531
479,24,0.44715,0.009993,0.009993,0.279057,0.253807,0.30689,0.69311,0.115714,0.1428
480,36,0.447057,0.009995,0.009995,0.278924,0.254028,0.3072,0.6928,0.111539,0.095982
481,30,0.447033,0.009993,0.010402,0.278725,0.253847,0.306596,0.693404,0.11803,0.127907
482,30,0.446582,0.010565,0.010368,0.27868,0.253805,0.306108,0.693892,0.130076,0.138726
483,24,0.446715,0.010063,0.010014,0.279058,0.25415,0.305122,0.694878,0.128739,0.152241
484,24,0.447004,0.009996,0.009996,0.278951,0.254053,0.304113,0.695887,0.112637,0.135314
485,32,0.446716,0.010002,0.010197,0.278994,0.254091,0.304267,0.695733,0.124368,0.113272
486,26,0.446582,0.010002,0.010002,0.279046,0.254368,0.303758,0.696242,0.122405,0.131673
487,32,0.446365,0.01,0.01,0.279056,0.254578,0.303288,0.696712,0.129781,0.137261
488,30,0.446658,0.009995,0.009995,0.278909,0.254444,0.302824,0.697176,0.100126,0.105709
489,30,0.446652,0.009996,0.009996,0.278799,0.254557,0.303356,0.696644,0.116264,0.092464
490,32,0.446818,0.009997,0.009997,0.278711,0.254477,0.303473,0.696527,0.0954,0.084244
491,24,0.446705,0.009997,0.009997,0.27864,0.25466,0.304183,0.695817,0.113122,0.081922
492,24,0.44633,0.010002,0.010002,0.278702,0.254964,0.303484,0.696516,0.134653,0.149956
493,26,0.446159,0.010003,0.010003,0.27879,0.255044,0.303006,0.696994,0.129856,0.138744
494,30,0.446321,0.009997,0.009997,0.278712,0.254973,0.302632,0.697368,0.115751,0.119757
495,24,0.446686,0.009993,0.009993,0.278525,0.254802,0.302853,0.697147,0.107372,0.09145
496,24,0.447032,0.009993,0.010025,0.278328,0.254622,0.303074,0.696926,0.107379,0.091451
497,32,0.447464,0.009989,0.009989,0.278031,0.254526,0.303022,0.696978,0.095321,0.088264
498,26,0.447783,0.00999,0.00999,0.277746,0.254492,0.302686,0.697314,0.101047,0.104284
499,26,0.447653,0.010002,0.010002,0.277801,0.254543,0.301966,0.698034,0.128516,0.144563
500,32,0.447654,0.01,0.01,0.277802,0.254544,0.301707,0.698293,0.109804,0.110327
501,30,0.447445,0.010004,0.010004,0.277907,0.25464,0.301079,0.698921,0.130235,0.143561
502,32,0.447519,0.009996,0.009996,0.277785,0.254704,0.301117,0.698883,0.115505,0.108039
503,24,0.44808,0.00999,0.00999,0.277499,0.254441,0.300643,0.699357,0.102589,0.109029
504,32,0.447942,0.010002,0.010002,0.277558,0.254496,0.300378,0.699622,0.116226,0.117126
505,32,0.447669,0.010002,0.010002,0.277609,0.254718,0.300178,0.699822,0.122706,0.122406
506,26,0.447931,0.009995,0.009995,0.277479,0.254599,0.300057,0.699943,0.113586,0.111363
507,30,0.447696,0.010051,0.010003,0.277568,0.254681,0.299389,0.700611,0.123536,0.136994
508,24,0.447349,0.010003,0.010003,0.277646,0.255,0.298648,0.701352,0.126431,0.14261
509,24,0.446979,0.010002,0.010002,0.277711,0.255306,0.297694,0.702306,0.126436,0.148947
510,32,0.446849,0.009999,0.009999,0.277677,0.255476,0.29778,0.70222,0.12627,0.116593
511,26,0.446836,0.01,0.01,0.277682,0.255481,0.296973,0.703027,0.121127,0.139497
512,32,0.44664,0.010004,0.010004,0.277781,0.255572,0.296501,0.703499,0.124417,0.132739
513,24,0.446347,0.01008,0.010004,0.277893,0.255675,0.295045,0.704955,0.134885,0.170874
514,26,0.446347,0.010002,0.010002,0.277936,0.255714,0.29429,0.70571,0.122298,0.137746
515,30,0.446348,0.01,0.01,0.277936,0.255715,0.293943,0.706057,0.126161,0.129952
516,24,0.446086,0.010005,0.010005,0.278068,0.255836,0.293148,0.706852,0.128833,0.146655
517,30,0.44632,0.009996,0.009996,0.277955,0.255732,0.293096,0.706904,0.095419,0.089337
518,24,0.446684,0.009993,0.009993,0.277769,0.255561,0.292865,0.707135,0.107519,0.107006
519,24,0.446281,0.010304,0.010002,0.277812,0.255601,0.292123,0.707877,0.128596,0.143872
520,24,0.446617,0.009999,0.009999,0.277797,0.255587,0.291934,0.708066,0.116894,0.116385
521,38,0.446682,0.009993,0.009993,0.277602,0.255731,0.291415,0.708585,0.111971,0.121301
522,26,0.446271,0.010066,0.010006,0.27777,0.255886,0.290535,0.709465,0.129632,0.149244
523,26,0.446182,0.010003,0.010003,0.277851,0.255961,0.290154,0.709846,0.122797,0.12862
524,30,0.44622,0.009999,0.009999,0.277835,0.255946,0.290225,0.709775,0.118057,0.108961
525,36,0.446403,0.009994,0.009994,0.277665,0.255945,0.289976,0.710024,0.101339,0.10065
526,34,0.446398,0.01,0.01,0.277661,0.255941,0.289859,0.710141,0.121624,0.119243
527,24,0.446135,0.010005,0.010005,0.277793,0.256063,0.288832,0.711168,0.126654,0.149739
528,24,0.446245,0.009998,0.009998,0.277742,0.256016,0.287749,0.712251,0.114488,0.138392
529,32,0.446114,0.010002,0.010002,0.277806,0.256075,0.287899,0.712101,0.12064,0.110022
530,32,0.445841,0.010002,0.010002,0.277857,0.256298,0.287949,0.712051,0.124247,0.117021
531,24,0.44564,0.010004,0.010004,0.27796,0.256392,0.287574,0.712426,0.126748,0.131408
532,36,0.445334,0.009997,0.009997,0.277868,0.256805,0.287347,0.712653,0.121651,0.122041
533,24,0.445221,0.009997,0.009997,0.277797,0.256987,0.28664,0.71336,0.123498,0.13785
534,26,0.445098,0.010002,0.010002,0.277856,0.257042,0.28594,0.71406,0.128485,0.143399
535,30,0.445549,0.009992,0.009992,0.277633,0.256835,0.285509,0.714491,0.090232,0.094167
536,24,0.445059,0.01,0.01,0.277622,0.25732,0.284503,0.715497,0.128173,0.151229
537,24,0.44474,0.010129,0.010003,0.277718,0.257409,0.283766,0.716234,0.134855,0.149904
538,32,0.445275,0.009993,0.009993,0.277517,0.257222,0.283504,0.716496,0.101945,0.102667
539,30,0.44533,0.009998,0.010018,0.277473,0.257181,0.283404,0.716596,0.110308,0.106364
540,30,0.445337,0.01,0.01,0.277477,0.257185,0.282779,0.717221,0.126239,0.137911
541,26,0.445429,0.009998,0.009998,0.277431,0.257143,0.282544,0.717456,0.11442,0.115894
542,30,0.445617,0.009997,0.009997,0.277336,0.257054,0.282698,0.717302,0.102199,0.090885
543,32,0.445401,0.009997,0.009997,0.277248,0.257358,0.282626,0.717374,0.110371,0.106852
544,36,0.445464,0.009999,0.009999,0.277213,0.257325,0.282803,0.717197,0.112217,0.102006
545,24,0.445463,0.01,0.01,0.277212,0.257324,0.283227,0.716773,0.12168,0.10129
546,26,0.445556,0.009998,0.009998,0.277166,0.257282,0.282953,0.717047,0.114427,0.117014
547,26,0.445331,0.01,0.01,0.277163,0.257506,0.282581,0.717419,0.128173,0.133801
548,32,0.44529,0.009994,0.009994,0.276991,0.257731,0.282068,0.717932,0.123273,0.132564
549,32,0.44576,0.009991,0.009991,0.27675,0.257507,0.281721,0.718279,0.101967,0.104898
550,26,0.445913,0.009993,0.009993,0.276551,0.25755,0.281454,0.718546,0.113267,0.115316
551,26,0.445683,0.01,0.01,0.276545,0.257772,0.281077,0.718923,0.128174,0.133846
552,24,0.446174,0.009991,0.009991,0.2763,0.257544,0.280862,0.719138,0.10369,0.103606
553,32,0.446037,0.010002,0.010002,0.276359,0.2576,0.28073,0.71927,0.120659,0.118429
554,32,0.445764,0.010002,0.010002,0.27641,0.257823,0.280411,0.719589,0.124308,0.127132
555,26,0.445765,0.01,0.01,0.276411,0.257824,0.279746,0.720254,0.126202,0.139916
556,26,0.445597,0.009999,0.009999,0.276381,0.258024,0.279613,0.720387,0.120576,0.119518
557,24,0.44483,0.011,0.009996,0.276262,0.257912,0.27868,0.72132,0.136331,0.156913
558,24,0.446154,0.009994,0.009994,0.276098,0.25776,0.278395,0.721605,0.090017,0.090808
559,30,0.445824,0.010002,0.010002,0.276158,0.258013,0.277938,0.722062,0.140878,0.147368
560,30,0.445704,0.009998,0.009998,0.276113,0.258186,0.277988,0.722012,0.11377,0.106889
561,30,0.445493,0.010004,0.010004,0.276217,0.258283,0.277356,0.722644,0.130173,0.141329
562,30,0.445656,0.009997,0.009997,0.276139,0.25821,0.276972,0.723028,0.109135,0.113912
563,26,0.445246,0.010073,0.010006,0.276307,0.258368,0.276156,0.723844,0.125791,0.142698
564,30,0.445939,0.009989,0.009989,0.276002,0.258082,0.276448,0.723552,0.090113,0.075815
565,26,0.445706,0.01,0.01,0.275993,0.258302,0.275867,0.724133,0.122472,0.133132
566,32,0.445696,0.009994,0.009994,0.275819,0.258498,0.275929,0.724071,0.115012,0.107783
567,30,0.446006,0.009991,0.009991,0.27556,0.258453,0.275603,0.724397,0.10351,0.106291
568,24,0.446222,0.009996,0.009996,0.275443,0.258343,0.274634,0.725366,0.110589,0.130948
569,24,0.445501,0.010204,0.010559,0.27529,0.258446,0.274188,0.725812,0.134492,0.141162
570,30,0.446005,0.010005,0.010005,0.275419,0.258567,0.274062,0.725938,0.101649,0.099155
571,32,0.445734,0.010002,0.010002,0.275471,0.258792,0.273682,0.726318,0.124381,0.129802
572,32,0.445694,0.010001,0.010001,0.275493,0.258812,0.273612,0.726388,0.111001,0.10752
573,32,0.445844,0.009997,0.009997,0.275419,0.258743,0.273024,0.726976,0.116984,0.128202
574,26,0.445934,0.009998,0.009998,0.275371,0.258698,0.272724,0.727276,0.114327,0.116826
575,30,0.446012,0.009992,0.010337,0.275159,0.258499,0.271772,0.728228,0.109788,0.129404
576,30,0.445766,0.010003,0.010003,0.275241,0.258986,0.271532,0.728468,0.139358,0.140687
577,24,0.445468,0.010092,0.010004,0.275349,0.259088,0.270871,0.729129,0.126567,0.139368
578,24,0.445829,0.009995,0.009995,0.275217,0.258964,0.271547,0.728453,0.106779,0.081383
579,26,0.445824,0.01,0.01,0.275215,0.258961,0.271192,0.728808,0.126084,0.130856
580,24,0.445562,0.010005,0.010005,0.275345,0.259084,0.269902,0.730098,0.134998,0.164396
581,26,0.445343,0.01,0.01,0.275345,0.259312,0.269766,0.730234,0.128154,0.127272
582,32,0.445301,0.010001,0.010001,0.275366,0.259332,0.269881,0.730119,0.121753,0.11345
583,30,0.444996,0.010002,0.010002,0.275411,0.259589,0.269105,0.730895,0.130004,0.145294
584,24,0.444735,0.010005,0.010005,0.275542,0.259713,0.268134,0.731866,0.128702,0.149589
585,32,0.444661,0.009998,0.009998,0.275497,0.259845,0.26769,0.73231,0.134524,0.141004
586,24,0.444952,0.009995,0.009995,0.275351,0.259708,0.267997,0.732003,0.108451,0.092931
587,26,0.444947,0.01,0.01,0.275348,0.259705,0.267962,0.732038,0.116628,0.112734
588,24,0.445209,0.009994,0.010061,0.275185,0.259551,0.268269,0.731731,0.10844,0.09291
589,34,0.445508,0.009996,0.009996,0.275064,0.259437,0.268508,0.731492,0.096295,0.084281
590,32,0.445405,0.009992,0.009992,0.274833,0.259779,0.269098,0.730902,0.114731,0.093624
591,26,0.445174,0.01,0.01,0.274826,0.26,0.26819,0.73181,0.128212,0.148168
592,30,0.444827,0.01031,0.010001,0.274845,0.260018,0.267407,0.732593,0.130133,0.145161
593,24,0.444592,0.010005,0.010005,0.274992,0.260405,0.266521,0.733479,0.134611,0.153547
594,30,0.444865,0.009995,0.009995,0.274862,0.260282,0.266466,0.733534,0.109256,0.105012
595,32,0.444965,0.009998,0.009998,0.274808,0.260231,0.26653,0.73347,0.117973,0.110664
596,30,0.444853,0.010246,0.009997,0.274739,0.260165,0.26601,0.73399,0.126132,0.134776
597,24,0.444698,0.010007,0.010007,0.274936,0.260351,0.265123,0.734877,0.128815,0.147693
598,38,0.444386,0.010079,0.009996,0.274835,0.260704,0.265174,0.734826,0.127585,0.121029
599,26,0.444197,0.010001,0.010001,0.274853,0.260949,0.264501,0.735499,0.128182,0.141745
600,30,0.444806,0.009989,0.009989,0.274553,0.260664,0.264618,0.735382,0.092075,0.082949
601,24,0.444796,0.01,0.01,0.274547,0.260658,0.265435,0.734565,0.115502,0.086524
602,38,0.444514,0.009997,0.009997,0.274464,0.261028,0.265124,0.734876,0.127637,0.130667
603,24,0.444431,0.009997,0.009997,0.27438,0.261195,0.26431,0.73569,0.113222,0.128898
604,30,0.444588,0.009997,0.009997,0.2743,0.261118,0.26426,0.73574,0.115702,0.111303
605,32,0.444366,0.01,0.01,0.274307,0.261326,0.26413,0.73587,0.129765,0.128181
606,24,0.444473,0.009998,0.009998,0.274254,0.261276,0.263388,0.736612,0.114545,0.12844
607,30,0.444605,0.009998,0.009998,0.274187,0.261212,0.263217,0.736783,0.11008,0.109122
608,24,0.44434,0.010005,0.010005,0.274316,0.261335,0.262462,0.737538,0.128699,0.143639
609,38,0.443783,0.010002,0.010002,0.274374,0.261838,0.262321,0.737679,0.122991,0.121393
610,38,0.443893,0.009993,0.009993,0.274177,0.261945,0.261953,0.738047,0.11044,0.113875
611,26,0.443664,0.01,0.01,0.27417,0.262167,0.261579,0.738421,0.122488,0.128067
612,26,0.443926,0.009995,0.009995,0.27404,0.262043,0.261342,0.738658,0.11358,0.11507
613,32,0.444233,0.009985,0.01048,0.273641,0.261661,0.261256,0.738744,0.100539,0.097433
614,30,0.444323,0.010007,0.010007,0.273826,0.261838,0.261244,0.738756,0.123009,0.118198
615,24,0.444359,0.01,0.01,0.273815,0.261827,0.260228,0.739772,0.113457,0.134281
616,32,0.444738,0.009993,0.009993,0.273627,0.261648,0.260296,0.739704,0.088833,0.081329
617,24,0.444932,0.009996,0.009996,0.273525,0.26155,0.259954,0.740046,0.116906,0.120619
618,30,0.444839,0.010002,0.010002,0.273567,0.261591,0.259598,0.740402,0.12213,0.125494
619,36,0.44482,0.009998,0.009998,0.273501,0.261683,0.259502,0.740498,0.123563,0.120026
620,24,0.44471,0.010116,0.01,0.273496,0.261678,0.259004,0.740996,0.125196,0.132753
621,24,0.444389,0.010003,0.010003,0.273589,0.262015,0.258045,0.741955,0.12838,0.148344
622,30,0.444392,0.01,0.01,0.273591,0.262017,0.258278,0.741722,0.119499,0.10813
623,32,0.444035,0.01,0.01,0.27359,0.262374,0.25788,0.74212,0.128502,0.133818
624,32,0.444015,0.009993,0.009993,0.273411,0.262587,0.25791,0.74209,0.116309,0.111229
625,36,0.443912,0.009999,0.009999,0.273379,0.262712,0.258033,0.741967,0.122562,0.114055
626,26,0.44391,0.01,0.01,0.273379,0.262711,0.257046,0.742954,0.12611,0.146713
627,26,0.443688,0.01,0.01,0.273376,0.262937,0.256123,0.743877,0.128128,0.147493
628,24,0.443688,0.01,0.01,0.273376,0.262937,0.255298,0.744702,0.123826,0.140522
629,24,0.443888,0.009996,0.009996,0.273277,0.262842,0.254861,0.745139,0.116927,0.122658
630,26,0.443505,0.010007,0.010007,0.273462,0.26302,0.254045,0.745955,0.135535,0.152259
631,32,0.443511,0.01,0.01,0.273466,0.263023,0.253893,0.746107,0.109918,0.109724
632,30,0.443158,0.010124,0.010001,0.273481,0.263236,0.25313,0.74687,0.129883,0.14391
633,32,0.443054,0.009998,0.009998,0.273418,0.263533,0.253713,0.746287,0.118597,0.099232
634,28,0.442813,0.010004,0.010004,0.273534,0.263645,0.253118,0.746882,0.123957,0.134757
635,34,0.44293,0.009997,0.01006,0.273449,0.263564,0.253052,0.746948,0.118067,0.115586
636,24,0.442692,0.010005,0.010005,0.273594,0.263703,0.252418,0.747582,0.128775,0.140348
637,24,0.442267,0.010003,0.010003,0.273687,0.26404,0.25141,0.74859,0.12788,0.148595
638,24,0.442006,0.010005,0.010005,0.273818,0.264166,0.250432,0.749568,0.128681,0.148656
639,32,0.441957,0.010001,0.010025,0.273835,0.264183,0.250957,0.749043,0.117076,0.099016
640,30,0.442028,0.009999,0.009999,0.273813,0.264161,0.250395,0.749605,0.113256,0.122793
641,24,0.442135,0.009998,0.009998,0.273759,0.26411,0.249461,0.750539,0.114571,0.132821
642,36,0.441021,0.010894,0.011381,0.273166,0.263538,0.249666,0.750334,0.130308,0.120931
643,36,0.440927,0.010454,0.011494,0.273206,0.263918,0.249372,0.750628,0.12987,0.133114
644,24,0.441862,0.010017,0.010094,0.273666,0.264362,0.248689,0.751311,0.114592,0.126402
645,26,0.441891,0.009992,0.010538,0.273438,0.264142,0.248501,0.751499,0.115245,0.114962
646,24,0.442016,0.010003,0.010003,0.273515,0.264464,0.248992,0.751008,0.121363,0.102685
647,24,0.442339,0.009994,0.009994,0.273359,0.264313,0.248653,0.751347,0.113061,0.117235
648,32,0.442353,0.009996,0.009996,0.273248,0.264407,0.248464,0.751536,0.122651,0.123301
649,26,0.442228,0.010002,0.010002,0.273306,0.264462,0.247994,0.752006,0.12259,0.130059
650,24,0.442144,0.009986,0.010843,0.272929,0.264097,0.247443,0.752557,0.116712,0.124974
651,24,0.442882,0.010002,0.010002,0.272974,0.264141,0.247777,0.752223,0.107487,0.093059
652,24,0.44251,0.010002,0.010002,0.273036,0.264449,0.246782,0.753218,0.126319,0.146478
653,24,0.442713,0.009996,0.009996,0.272939,0.264355,0.247559,0.752441,0.110718,0.086369
654,24,0.442855,0.009997,0.009997,0.272866,0.264284,0.247492,0.752508,0.118454,0.11603
655,32,0.442785,0.010001,0.010001,0.272898,0.264315,0.24737,0.75263,0.122643,0.121438
656,30,0.44283,0.009999,0.009999,0.272877,0.264294,0.247381,0.752619,0.119323,0.1147
657,32,0.443219,0.009993,0.009993,0.272686,0.264109,0.246837,0.753163,0.103967,0.112908
658,24,0.442949,0.010005,0.010005,0.272811,0.264231,0.246071,0.753929,0.126599,0.140993
659,24,0.442597,0.010213,0.010003,0.272885,0.264302,0.245254,0.754746,0.128601,0.144383
660,30,0.442481,0.010006,0.010006,0.273047,0.264459,0.245185,0.754815,0.130137,0.127482
661,24,0.442487,0.01,0.01,0.27305,0.264463,0.244515,0.755485,0.123721,0.13566
662,24,0.442487,0.01,0.01,0.273051,0.264463,0.245019,0.754981,0.121691,0.103068
663,32,0.442487,0.01,0.01,0.273051,0.264463,0.244694,0.755306,0.125379,0.128204
664,26,0.442365,0.010002,0.010002,0.27311,0.26452,0.243931,0.756069,0.128484,0.143542
665,32,0.4423,0.010001,0.010001,0.273144,0.264553,0.243917,0.756083,0.127378,0.123514
666,26,0.442863,0.00999,0.00999,0.27287,0.264287,0.243467,0.756533,0.102174,0.107766
667,30,0.442717,0.009995,0.009995,0.272731,0.264563,0.243348,0.756652,0.11847,0.116974
668,24,0.442339,0.010002,0.010002,0.272789,0.264867,0.24283,0.75717,0.128456,0.137153
669,30,0.442407,0.009995,0.009995,0.272653,0.264949,0.242475,0.757525,0.115609,0.1201
670,26,0.442128,0.010001,0.010001,0.272674,0.265197,0.241785,0.758215,0.129556,0.142694
671,26,0.441906,0.01,0.01,0.272671,0.265423,0.241257,0.758743,0.124381,0.133465
672,26,0.442026,0.009994,0.009994,0.272501,0.265485,0.240394,0.759606,0.111286,0.127216
673,24,0.441384,0.01003,0.01056,0.272396,0.265631,0.24001,0.75999,0.134467,0.139553
674,26,0.441321,0.010004,0.010004,0.272492,0.26618,0.239328,0.760672,0.124093,0.13693
675,24,0.441003,0.010006,0.010006,0.27265,0.266335,0.23831,0.76169,0.136415,0.156875
676,26,0.440886,0.010002,0.010002,0.272713,0.266396,0.237555,0.762445,0.128501,0.143059
677,36,0.440669,0.009995,0.009995,0.272579,0.266762,0.237719,0.762281,0.118695,0.110531
678,30,0.441124,0.009992,0.009992,0.272352,0.266541,0.237611,0.762389,0.104386,0.102513
679,24,0.440852,0.010005,0.010005,0.272477,0.266662,0.236564,0.763436,0.126597,0.146611
680,32,0.44069,0.009996,0.009996,0.272377,0.26694,0.23602,0.76398,0.13422,0.143222
681,24,0.440832,0.009997,0.009997,0.272304,0.266869,0.235975,0.764025,0.11849,0.115741
682,30,0.440618,0.010004,0.010004,0.272406,0.266969,0.235767,0.764233,0.140152,0.141391
683,24,0.440445,0.009988,0.010847,0.272075,0.266645,0.236259,0.763741,0.11679,0.101173
684,30,0.440696,0.01001,0.01001,0.27236,0.266924,0.235929,0.764071,0.123184,0.126499
685,36,0.440486,0.009995,0.009995,0.27223,0.267294,0.235496,0.764504,0.126797,0.132175
686,24,0.440688,0.009992,0.009992,0.272007,0.267321,0.235409,0.764591,0.108809,0.106143
687,24,0.440681,0.01,0.01,0.272002,0.267317,0.234733,0.765267,0.123719,0.135415
688,26,0.440507,0.010003,0.010003,0.272087,0.2674,0.233978,0.766022,0.129847,0.144211
689,36,0.439963,0.010004,0.010004,0.272199,0.267829,0.233577,0.766423,0.139721,0.145233
690,24,0.439714,0.01,0.01,0.272204,0.268081,0.232939,0.767061,0.130688,0.141156
691,32,0.439789,0.009996,0.009996,0.272083,0.268137,0.233096,0.766904,0.115501,0.108066
692,24,0.439746,0.010088,0.009999,0.272057,0.268111,0.231794,0.768206,0.129909,0.155757
693,24,0.439815,0.01,0.01,0.272065,0.268119,0.23095,0.76905,0.115643,0.130405
694,24,0.43955,0.010005,0.010005,0.272194,0.268246,0.230298,0.769702,0.128647,0.139848
695,24,0.43929,0.010005,0.010005,0.272325,0.268376,0.229557,0.770443,0.128578,0.141659
696,30,0.439704,0.009993,0.009993,0.272129,0.268182,0.229906,0.770094,0.090663,0.078696
697,38,0.439981,0.009995,0.009995,0.271987,0.268042,0.229307,0.770693,0.105092,0.114772
698,30,0.439782,0.010066,0.010111,0.271993,0.268048,0.22915,0.77085,0.132842,0.132312
699,24,0.440434,0.009992,0.009992,0.271762,0.267821,0.229006,0.770994,0.102711,0.101741
700,32,0.440127,0.010002,0.010002,0.271818,0.268051,0.228759,0.771241,0.12519,0.127159
701,32,0.439492,0.01099,0.009994,0.271645,0.26788,0.22832,0.77168,0.130394,0.136774
702,24,0.439437,0.010515,0.01001,0.271903,0.268135,0.22739,0.77261,0.12661,0.143673
703,24,0.439559,0.010003,0.010003,0.271979,0.268457,0.226698,0.773302,0.121413,0.133394
704,24,0.44008,0.009991,0.009991,0.271729,0.26821,0.226494,0.773506,0.104257,0.104901
705,24,0.43999,0.010143,0.010278,0.271553,0.268036,0.225434,0.774566,0.120622,0.140161
706,26,0.440087,0.010006,0.010006,0.27171,0.268191,0.224405,0.775595,0.123731,0.142996
707,24,0.440092,0.01,0.01,0.271713,0.268195,0.224952,0.775048,0.121685,0.104126
708,38,0.439812,0.009997,0.009997,0.271633,0.268562,0.224872,0.775128,0.121189,0.119191
709,24,0.439544,0.010005,0.010005,0.271759,0.268687,0.224159,0.775841,0.128648,0.140934
710,30,0.439616,0.009995,0.009995,0.271625,0.268769,0.223838,0.776162,0.115622,0.119365
711,26,0.439489,0.010002,0.010002,0.271682,0.268825,0.223217,0.776783,0.128477,0.139248
712,38,0.439717,0.009996,0.009996,0.271574,0.268718,0.222895,0.777105,0.112484,0.116591
713,24,0.439713,0.01,0.01,0.271571,0.268716,0.222302,0.777698,0.121712,0.131572
714,32,0.439438,0.010002,0.010002,0.27162,0.268939,0.222021,0.777979,0.122657,0.125215
715,36,0.43919,0.009992,0.010711,0.271393,0.268714,0.222806,0.777194,0.112059,0.091332
716,30,0.439555,0.009999,0.009999,0.271358,0.269089,0.222232,0.777768,0.108408,0.117184
717,26,0.439332,0.01,0.01,0.271355,0.269314,0.221731,0.778269,0.124374,0.132478
718,24,0.439813,0.009991,0.009991,0.271121,0.269083,0.22064,0.77936,0.100325,0.119023
719,30,0.439892,0.009998,0.009998,0.271075,0.269036,0.220609,0.779391,0.112326,0.109733
720,30,0.43971,0.009996,0.009996,0.270963,0.269335,0.220755,0.779245,0.125454,0.11829
721,24,0.439707,0.009996,0.009996,0.270841,0.269461,0.219943,0.780057,0.114234,0.128321
722,26,0.440048,0.009994,0.009994,0.270672,0.269293,0.218803,0.781197,0.113112,0.134194
723,24,0.44025,0.009992,0.009992,0.270449,0.269318,0.217789,0.782211,0.117071,0.135202
724,26,0.440068,0.010003,0.010003,0.270529,0.269397,0.217131,0.782869,0.129832,0.14126
725,30,0.439102,0.010803,0.010891,0.270167,0.269037,0.217002,0.782998,0.12996,0.129559
726,30,0.439166,0.010574,0.01037,0.270206,0.269684,0.216704,0.783296,0.135072,0.137565
727,26,0.439309,0.010121,0.010008,0.270428,0.270134,0.215984,0.784016,0.128092,0.140557
728,30,0.439841,0.009993,0.009993,0.270234,0.26994,0.215926,0.784074,0.094623,0.09033
729,34,0.43994,0.009998,0.009998,0.270179,0.269885,0.216019,0.783981,0.116274,0.110855
730,32,0.439819,0.010128,0.010045,0.270151,0.269857,0.216171,0.783829,0.126328,0.119277
731,26,0.439672,0.010002,0.010002,0.270195,0.270129,0.215517,0.784483,0.128172,0.139393
732,24,0.439332,0.010176,0.010003,0.270277,0.270211,0.214601,0.785399,0.134812,0.151325
733,24,0.439038,0.010004,0.010004,0.270386,0.270568,0.213961,0.786039,0.126234,0.136708
734,24,0.438684,0.010213,0.010003,0.270459,0.270641,0.212979,0.787021,0.134803,0.152512
735,32,0.438842,0.009997,0.009997,0.27039,0.270773,0.21292,0.78708,0.112247,0.11077
736,30,0.438628,0.010004,0.010004,0.270491,0.270873,0.212176,0.787824,0.130164,0.142438
737,30,0.43854,0.010002,0.010002,0.270537,0.270919,0.212309,0.787691,0.132098,0.125583
738,24,0.438107,0.01014,0.010001,0.270561,0.271191,0.211391,0.788609,0.134488,0.150802
739,26,0.438105,0.010003,0.010003,0.27063,0.27126,0.210667,0.789333,0.122586,0.135104
740,36,0.438009,0.010024,0.010001,0.270668,0.271298,0.209931,0.790069,0.122472,0.134931
741,24,0.437481,0.010598,0.010023,0.270634,0.271264,0.208897,0.791103,0.134732,0.153147
742,24,0.437753,0.010006,0.010006,0.270802,0.271432,0.208253,0.791747,0.123739,0.134004
743,24,0.437493,0.010005,0.010005,0.270933,0.271564,0.207299,0.792701,0.134932,0.151809
744,30,0.437019,0.009998,0.009998,0.270874,0.272112,0.207103,0.792897,0.139001,0.140119
745,24,0.436751,0.010005,0.010005,0.271001,0.272239,0.206155,0.793845,0.126604,0.143019
746,36,0.436644,0.010002,0.010002,0.271056,0.272295,0.205594,0.794406,0.127436,0.136225
747,32,0.436607,0.009994,0.010391,0.270885,0.272123,0.205002,0.794998,0.124043,0.133466
748,24,0.43651,0.010009,0.010009,0.271117,0.272356,0.204318,0.795682,0.128764,0.139748
749,32,0.436429,0.009998,0.009998,0.271067,0.272507,0.204097,0.795903,0.120478,0.122125
750,28,0.436441,0.01,0.01,0.27106,0.2725,0.203729,0.796271,0.112807,0.117512
751,32,0.436315,0.010189,0.009999,0.271029,0.272468,0.203838,0.796162,0.126323,0.121133
752,24,0.435915,0.010002,0.010002,0.271074,0.273008,0.202875,0.797125,0.134199,0.15092
753,32,0.435874,0.009997,0.009997,0.270998,0.273133,0.203748,0.796252,0.109689,0.088584
754,36,0.435483,0.009995,0.010684,0.270852,0.272986,0.203839,0.796161,0.13046,0.125896
755,30,0.435685,0.010005,0.010005,0.270978,0.273327,0.204062,0.795938,0.119373,0.111482
756,30,0.435598,0.010002,0.010002,0.271025,0.273374,0.204167,0.795833,0.122006,0.116651
757,24,0.436123,0.009991,0.009991,0.270774,0.273121,0.204026,0.795974,0.104388,0.103802
758,32,0.436524,0.009993,0.009993,0.270573,0.272918,0.204232,0.795768,0.08999,0.082005
759,24,0.436815,0.009995,0.009995,0.270426,0.27277,0.205004,0.794996,0.10034,0.080328
760,24,0.43681,0.01,0.01,0.270423,0.272767,0.205591,0.794409,0.121698,0.105234
761,32,0.436286,0.009996,0.009996,0.270318,0.273403,0.205422,0.794578,0.127736,0.128289
762,32,0.436603,0.009987,0.009987,0.269979,0.273444,0.205466,0.794534,0.10064,0.096862
763,32,0.436549,0.010001,0.010001,0.269992,0.273458,0.205648,0.794352,0.117256,0.110469
764,24,0.436492,0.010001,0.010001,0.27002,0.273486,0.205087,0.794913,0.131528,0.14023
765,32,0.436627,0.009998,0.009998,0.269956,0.273421,0.204421,0.795579,0.120201,0.130671
766,30,0.43665,0.01,0.01,0.269943,0.273408,0.204137,0.795863,0.119627,0.122442
767,24,0.436853,0.009996,0.009996,0.269845,0.273309,0.204571,0.795429,0.116838,0.10426
768,32,0.437097,0.009996,0.009996,0.269725,0.273187,0.204786,0.795214,0.100939,0.093375
769,24,0.437036,0.010001,0.010001,0.26975,0.273212,0.203845,0.796155,0.131573,0.147865
770,24,0.437132,0.009994,0.009994,0.269586,0.273293,0.203618,0.796382,0.11669,0.118547
771,28,0.437208,0.009998,0.009998,0.269544,0.273251,0.202836,0.797164,0.117232,0.130159
772,24,0.436941,0.010005,0.010005,0.269671,0.273379,0.201996,0.798004,0.128665,0.142761
773,32,0.436777,0.009996,0.009996,0.26957,0.273661,0.201634,0.798366,0.121386,0.125947
774,24,0.436977,0.009996,0.009996,0.26947,0.27356,0.202146,0.797854,0.116911,0.103236
775,30,0.436947,0.01,0.01,0.269481,0.273571,0.201851,0.798149,0.120507,0.122962
776,24,0.437058,0.009998,0.009998,0.269429,0.273517,0.200715,0.799285,0.120742,0.139821
777,32,0.43694,0.009992,0.009992,0.269216,0.27386,0.201009,0.798991,0.115571,0.106918
778,24,0.437043,0.009998,0.009998,0.269159,0.273802,0.200382,0.799618,0.120755,0.130059
779,24,0.436335,0.010982,0.010015,0.269014,0.273654,0.199357,0.800643,0.134699,0.152218
780,26,0.436312,0.010544,0.010004,0.269134,0.274005,0.198667,0.801333,0.128053,0.139183
781,30,0.437038,0.009997,0.009997,0.26905,0.273919,0.198802,0.801198,0.096036,0.090069
782,32,0.437147,0.009995,0.009995,0.268911,0.273952,0.19889,0.80111,0.103331,0.098553
783,32,0.437096,0.01,0.010049,0.268907,0.273948,0.199373,0.800627,0.121476,0.108827
784,26,0.437558,0.009993,0.009993,0.26871,0.273747,0.199196,0.800804,0.101494,0.102025
785,30,0.437714,0.009997,0.009997,0.268628,0.273664,0.198819,0.801181,0.11588,0.120269
786,30,0.437618,0.009998,0.009998,0.268569,0.273818,0.198938,0.801062,0.129251,0.12368
787,24,0.437134,0.01,0.01,0.268562,0.274305,0.198305,0.801695,0.128072,0.137857
788,32,0.437127,0.010329,0.010047,0.268379,0.274118,0.197668,0.802332,0.119741,0.128911
789,34,0.437332,0.010002,0.010047,0.268439,0.27418,0.197693,0.802307,0.121398,0.118475
790,30,0.437471,0.009997,0.010101,0.268347,0.274085,0.1985,0.8015,0.115851,0.096906
791,26,0.437191,0.009999,0.009999,0.268309,0.274503,0.198264,0.801736,0.127812,0.13009
792,24,0.43719,0.01,0.01,0.268308,0.274502,0.198773,0.801227,0.121658,0.108118
793,24,0.436816,0.010002,0.010002,0.268368,0.274811,0.197983,0.802017,0.128356,0.140868
794,26,0.436783,0.010001,0.010001,0.268386,0.27483,0.197129,0.802871,0.116549,0.130133
795,24,0.436783,0.01,0.01,0.268387,0.27483,0.198088,0.801912,0.11552,0.092528
796,36,0.43704,0.009995,0.009995,0.268264,0.274705,0.198214,0.801786,0.10367,0.097385
797,24,0.43736,0.009994,0.009994,0.268108,0.274544,0.198189,0.801811,0.112973,0.110651
798,26,0.43672,0.010003,0.010003,0.26819,0.275084,0.197322,0.802678,0.136161,0.150829
799,32,0.436512,0.009997,0.009997,0.268109,0.275385,0.197899,0.802101,0.116433,0.101917
800,32,0.436662,0.009997,0.009997,0.268034,0.275309,0.197354,0.802646,0.117007,0.124615
801,24,0.43666,0.01,0.01,0.268033,0.275308,0.197902,0.802098,0.121624,0.107204
802,30,0.436447,0.010004,0.010004,0.268134,0.275412,0.197636,0.802364,0.140117,0.14222
803,24,0.436019,0.010003,0.010003,0.268224,0.275751,0.197123,0.802877,0.129935,0.137338
804,24,0.436133,0.009998,0.009998,0.268173,0.275698,0.196857,0.803143,0.114492,0.116246
805,30,0.435948,0.009999,0.010209,0.268159,0.275684,0.196803,0.803197,0.131894,0.129795
806,32,0.436192,0.009999,0.009999,0.268142,0.275667,0.196587,0.803413,0.107902,0.109666
807,30,0.436007,0.009999,0.009999,0.268128,0.275867,0.197036,0.802964,0.115339,0.103313
808,32,0.436297,0.009995,0.009995,0.267989,0.275724,0.197023,0.802977,0.106915,0.103704
809,24,0.436027,0.010005,0.010005,0.268113,0.275851,0.196069,0.803931,0.134805,0.150834
810,30,0.435937,0.009998,0.009998,0.268058,0.276009,0.196505,0.803495,0.119416,0.107562
811,36,0.436026,0.009998,0.009998,0.268014,0.275963,0.196135,0.803865,0.118376,0.122907
812,36,0.435929,0.010001,0.010019,0.26805,0.276001,0.196668,0.803332,0.122277,0.10902
813,30,0.435895,0.009994,0.009994,0.267881,0.276236,0.196175,0.803825,0.125883,0.132762
814,24,0.435744,0.010002,0.010002,0.267947,0.276304,0.195283,0.804717,0.131008,0.145905
815,26,0.435361,0.01001,0.010007,0.268129,0.276492,0.194168,0.805832,0.135251,0.154155
816,24,0.435042,0.010141,0.010004,0.268224,0.27659,0.193218,0.806782,0.134808,0.150558
817,36,0.434329,0.010671,0.010882,0.267881,0.276237,0.193342,0.806658,0.13036,0.125382
818,30,0.435123,0.010009,0.010071,0.26811,0.276687,0.193356,0.806644,0.115567,0.112346
819,24,0.434794,0.010097,0.010006,0.268261,0.276843,0.192589,0.807411,0.136361,0.148699
820,36,0.434612,0.009999,0.009999,0.268245,0.277144,0.192449,0.807551,0.121807,0.121702
821,36,0.434673,0.009993,0.009993,0.268054,0.277288,0.192058,0.807942,0.111831,0.116868
822,32,0.43482,0.009997,0.009997,0.267977,0.277209,0.192138,0.807862,0.121793,0.117603
823,30,0.434604,0.010004,0.010004,0.268077,0.277312,0.192454,0.807546,0.123616,0.114545
824,32,0.43476,0.009997,0.009997,0.268006,0.277239,0.19246,0.80754,0.106342,0.103918
825,26,0.434885,0.009994,0.009994,0.267837,0.277291,0.191711,0.808289,0.111353,0.122949
826,24,0.435083,0.009996,0.009996,0.267736,0.277188,0.191455,0.808545,0.116886,0.118774
827,32,0.434948,0.010002,0.010002,0.267797,0.27725,0.191399,0.808601,0.130002,0.128396
828,24,0.434649,0.010084,0.010004,0.267903,0.27736,0.190621,0.809379,0.134791,0.147133
829,24,0.434708,0.009996,0.010226,0.267808,0.277261,0.19022,0.80978,0.125956,0.130758
830,32,0.434762,0.010003,0.010003,0.267888,0.277344,0.190423,0.809577,0.121736,0.115323
831,32,0.434796,0.009993,0.009993,0.267692,0.277526,0.190906,0.809094,0.105616,0.094005
832,24,0.434523,0.010005,0.010005,0.267815,0.277653,0.190092,0.809908,0.128721,0.141488
833,24,0.434153,0.010002,0.010002,0.267877,0.277965,0.189578,0.810422,0.128371,0.135737
834,36,0.433851,0.009997,0.009997,0.267788,0.278368,0.189912,0.810088,0.124399,0.11482
835,26,0.433724,0.010002,0.010002,0.267844,0.278427,0.189395,0.810605,0.122614,0.13
836,30,0.433512,0.010004,0.010004,0.267947,0.278533,0.189004,0.810996,0.123512,0.128002
837,24,0.433141,0.010002,0.010002,0.268009,0.278845,0.18825,0.81175,0.128309,0.140072
838,32,0.432989,0.009996,0.009996,0.267914,0.279104,0.188018,0.811982,0.120186,0.122022
839,24,0.433569,0.00999,0.00999,0.267637,0.278815,0.188715,0.811285,0.096647,0.080729
840,24,0.433185,0.010002,0.010002,0.267691,0.279119,0.187803,0.812197,0.126241,0.14084
841,36,0.4331,0.009996,0.009996,0.267583,0.279324,0.18769,0.81231,0.123175,0.122537
842,32,0.4333,0.009996,0.009996,0.267485,0.279222,0.187749,0.812251,0.110298,0.106141
843,30,0.433282,0.01,0.01,0.267491,0.279227,0.187073,0.812927,0.130484,0.13976
844,24,0.433393,0.009998,0.009998,0.267438,0.279173,0.186094,0.813906,0.112626,0.127596
845,24,0.433768,0.009988,0.010283,0.26712,0.278841,0.186468,0.813532,0.103854,0.094174
846,32,0.433975,0.010001,0.010001,0.267151,0.278873,0.186872,0.813128,0.109698,0.099564
847,24,0.434218,0.009985,0.010577,0.266758,0.278463,0.18641,0.81359,0.111877,0.117349
848,30,0.434382,0.01,0.010407,0.266754,0.278458,0.186986,0.813014,0.116401,0.102987
849,36,0.434588,0.010004,0.010004,0.266848,0.278557,0.186942,0.813058,0.117198,0.115486
850,24,0.434703,0.009998,0.009998,0.266797,0.278504,0.18614,0.81386,0.114601,0.126782
851,24,0.434873,0.009997,0.009997,0.266715,0.278418,0.185671,0.814329,0.112638,0.118793
852,36,0.434551,0.009996,0.010185,0.266614,0.278654,0.185929,0.814071,0.129809,0.122437
853,26,0.434308,0.009999,0.009999,0.266599,0.279094,0.185161,0.814839,0.12784,0.140031
854,32,0.434378,0.009999,0.009999,0.266566,0.279059,0.185528,0.814472,0.106928,0.09755
855,24,0.434581,0.009996,0.009996,0.266469,0.278957,0.1864,0.8136,0.108693,0.089136
856,36,0.4344,0.01,0.01,0.266478,0.279122,0.186352,0.813648,0.123029,0.121342
857,24,0.434796,0.009989,0.009989,0.266175,0.279052,0.186287,0.813713,0.10366,0.101999
858,30,0.434601,0.009999,0.009999,0.266155,0.279245,0.186191,0.813809,0.115335,0.114404
859,36,0.434296,0.009997,0.009997,0.266064,0.279646,0.186574,0.813426,0.121482,0.111441
860,32,0.43385,0.009998,0.009998,0.266008,0.280146,0.186603,0.813397,0.128061,0.125287
861,30,0.433966,0.009994,0.009994,0.265859,0.280186,0.186632,0.813368,0.107604,0.104055
862,26,0.433283,0.010677,0.01,0.265856,0.280183,0.1861,0.8139,0.135119,0.142463
863,36,0.432509,0.011442,0.010922,0.265412,0.279715,0.186275,0.813725,0.127815,0.122046
864,30,0.433333,0.010854,0.010012,0.26574,0.280061,0.18599,0.81401,0.115802,0.118564
865,26,0.433585,0.010011,0.010011,0.266028,0.280365,0.185492,0.814508,0.122703,0.129703
866,36,0.43322,0.009995,0.009995,0.265901,0.280889,0.185447,0.814553,0.128025,0.126255
867,30,0.433294,0.009995,0.009995,0.265769,0.280947,0.186019,0.813981,0.115527,0.102482
868,36,0.433063,0.009998,0.009998,0.265723,0.281217,0.186243,0.813757,0.128743,0.121674
869,26,0.432839,0.01,0.01,0.26572,0.281441,0.185666,0.814334,0.128119,0.136747
870,24,0.432845,0.009996,0.009996,0.265602,0.281563,0.185398,0.814602,0.120434,0.122659
871,32,0.433067,0.009996,0.009996,0.265493,0.281448,0.184889,0.815111,0.108254,0.114664
872,24,0.432689,0.010002,0.010002,0.265551,0.281756,0.184008,0.815992,0.126295,0.140295
873,30,0.432613,0.009998,0.010178,0.265504,0.281707,0.184321,0.815679,0.119502,0.110931
874,32,0.432842,0.009998,0.010057,0.265452,0.281651,0.184254,0.815746,0.117086,0.116091
875,24,0.433071,0.009997,0.009997,0.265371,0.281565,0.18401,0.81599,0.116864,0.118567
876,32,0.433068,0.01,0.01,0.265369,0.281563,0.184626,0.815374,0.11607,0.101879
877,30,0.433146,0.009995,0.009995,0.26524,0.281624,0.185039,0.814961,0.115522,0.105451
878,30,0.433129,0.009993,0.009993,0.265052,0.281834,0.185126,0.814874,0.115059,0.110787
879,26,0.432999,0.010002,0.010002,0.265106,0.281891,0.184814,0.815186,0.122677,0.126244
880,24,0.432837,0.009999,0.009999,0.265068,0.282098,0.184214,0.815786,0.125037,0.133691
881,30,0.432743,0.009998,0.009998,0.265011,0.282251,0.185029,0.814971,0.11938,0.101419
882,24,0.432738,0.01,0.01,0.265011,0.282251,0.184397,0.815603,0.115548,0.124368
883,30,0.432725,0.009993,0.009993,0.264826,0.282463,0.184463,0.815537,0.108429,0.10505
884,30,0.432808,0.009998,0.009998,0.26478,0.282415,0.184196,0.815804,0.118817,0.121343
885,30,0.432622,0.009999,0.009999,0.264766,0.282614,0.184689,0.815311,0.115316,0.103531
886,30,0.432693,0.009995,0.009995,0.264632,0.282685,0.184195,0.815805,0.115614,0.122321
887,26,0.432685,0.009996,0.009996,0.264525,0.282799,0.184049,0.815951,0.114221,0.114722
888,24,0.432945,0.009995,0.009995,0.2644,0.282665,0.183164,0.816836,0.110762,0.124041
889,36,0.432966,0.009997,0.009997,0.264313,0.282727,0.182914,0.817086,0.116916,0.118743
890,26,0.432741,0.01,0.01,0.264309,0.282951,0.182088,0.817912,0.128138,0.140885
891,32,0.432786,0.009999,0.009999,0.264288,0.282928,0.182156,0.817844,0.121681,0.117959
892,32,0.432996,0.009993,0.009993,0.264108,0.282909,0.18178,0.81822,0.11668,0.120399
893,26,0.432768,0.01,0.01,0.264101,0.283131,0.18111,0.81889,0.124267,0.134254
894,24,0.432973,0.009996,0.009996,0.264006,0.283028,0.180812,0.819188,0.116879,0.119457
895,32,0.432298,0.010725,0.009993,0.26381,0.283175,0.180353,0.819647,0.137591,0.143454
896,24,0.432667,0.010735,0.009993,0.263626,0.282978,0.179903,0.820097,0.115828,0.120755
897,30,0.433054,0.010002,0.010002,0.263686,0.283256,0.18025,0.81975,0.115571,0.10724
898,30,0.43311,0.009999,0.009999,0.263662,0.28323,0.180019,0.819981,0.126929,0.128375
899,32,0.433187,0.009996,0.009996,0.263544,0.283278,0.180225,0.819775,0.115486,0.10952
900,32,0.433053,0.009999,0.009999,0.263508,0.283441,0.180347,0.819653,0.121609,0.117201
901,26,0.43283,0.01,0.01,0.263505,0.283665,0.180064,0.819936,0.128111,0.131212
902,24,0.433152,0.009994,0.009994,0.263355,0.283504,0.179306,0.820694,0.109247,0.120367
903,30,0.433135,0.009995,0.01031,0.263211,0.283349,0.179357,0.820643,0.122241,0.118693
904,30,0.433696,0.009995,0.009995,0.263092,0.283221,0.179491,0.820509,0.096657,0.091188
905,24,0.433317,0.010002,0.010002,0.263149,0.283529,0.178716,0.821284,0.128271,0.139887
906,36,0.433183,0.009997,0.010132,0.263068,0.28362,0.178508,0.821492,0.128639,0.130238
907,24,0.433075,0.01,0.01,0.263063,0.283862,0.177636,0.822364,0.131183,0.144353
908,36,0.432987,0.009995,0.010014,0.262937,0.284067,0.178579,0.821421,0.111476,0.092354
909,24,0.433431,0.009992,0.009992,0.262735,0.283849,0.178244,0.821756,0.107813,0.111071
910,36,0.433258,0.01,0.01,0.262726,0.284017,0.178174,0.821826,0.122049,0.121239
911,36,0.432954,0.009997,0.009997,0.262636,0.284417,0.178124,0.821876,0.128336,0.126849
912,24,0.433215,0.009995,0.009995,0.262512,0.284282,0.177292,0.822708,0.112703,0.124652
913,24,0.432909,0.010016,0.010071,0.262613,0.284391,0.176992,0.823008,0.134764,0.137766
914,32,0.432916,0.009998,0.009998,0.262557,0.284531,0.176575,0.823425,0.125343,0.130804
915,24,0.432539,0.010182,0.010072,0.262614,0.284593,0.176281,0.823719,0.134747,0.137673
916,26,0.432614,0.010003,0.010003,0.262696,0.284683,0.175653,0.824347,0.112753,0.121251
917,26,0.432494,0.010002,0.010002,0.262755,0.284747,0.174995,0.825005,0.12834,0.137863
918,24,0.432608,0.009998,0.009998,0.262704,0.284691,0.17413,0.82587,0.112516,0.125011
919,24,0.432728,0.009998,0.009998,0.262647,0.284629,0.174678,0.825322,0.117664,0.105462
920,24,0.432668,0.010001,0.010001,0.262673,0.284657,0.174715,0.825285,0.123334,0.120446
921,30,0.432655,0.009993,0.009993,0.262489,0.28487,0.174817,0.825183,0.115349,0.111205
922,32,0.432741,0.009995,0.009995,0.262362,0.284906,0.174582,0.825418,0.104325,0.105584
923,32,0.432804,0.009995,0.009995,0.262236,0.28497,0.174258,0.825742,0.112286,0.115899
924,24,0.433179,0.009993,0.009993,0.262058,0.284776,0.174074,0.825926,0.107668,0.108161
925,30,0.432606,0.01078,0.010187,0.261863,0.284564,0.173874,0.826126,0.136926,0.138047
926,24,0.433033,0.010005,0.010005,0.261998,0.284958,0.173287,0.826713,0.113862,0.121655
927,24,0.432873,0.009999,0.009999,0.261963,0.285167,0.172872,0.827128,0.124926,0.130008
928,36,0.432498,0.009995,0.009995,0.26183,0.285681,0.173135,0.826865,0.127961,0.121227
929,30,0.432467,0.01,0.01,0.26184,0.285692,0.173402,0.826598,0.114093,0.107139
930,32,0.432191,0.010002,0.010002,0.261887,0.285918,0.17319,0.82681,0.122684,0.124276
931,24,0.431925,0.010005,0.010005,0.262012,0.286054,0.172463,0.827537,0.128649,0.139173
932,24,0.432042,0.009998,0.009998,0.261962,0.286,0.17157,0.82843,0.11246,0.125083
933,30,0.432474,0.009992,0.009992,0.261761,0.28578,0.171604,0.828396,0.098937,0.095519
934,24,0.433226,0.009986,0.009986,0.261407,0.285394,0.170914,0.829086,0.095663,0.104623
935,32,0.433048,0.009996,0.009996,0.2613,0.28566,0.171066,0.828934,0.115239,0.110431
936,24,0.432992,0.010119,0.009999,0.261266,0.285623,0.169867,0.830133,0.129906,0.14799
937,34,0.432959,0.010003,0.010003,0.261336,0.285699,0.170131,0.829869,0.124864,0.118146
938,32,0.432743,0.01,0.01,0.261346,0.285911,0.170581,0.829419,0.114294,0.104393
939,24,0.432809,0.009997,0.010101,0.261267,0.285825,0.169646,0.830354,0.112476,0.12578
940,24,0.432839,0.010031,0.010001,0.261285,0.285845,0.168724,0.831276,0.121603,0.134929
941,36,0.433094,0.009996,0.009996,0.261182,0.285732,0.16876,0.83124,0.10028,0.097817
942,30,0.433342,0.009995,0.009995,0.261064,0.285603,0.168331,0.831669,0.111119,0.116272
943,32,0.43384,0.009991,0.009991,0.26083,0.285347,0.168667,0.831333,0.092793,0.084899
944,30,0.43344,0.009999,0.009999,0.260817,0.285744,0.168078,0.831922,0.129632,0.137527
945,24,0.433071,0.010236,0.010002,0.260879,0.285812,0.167341,0.832659,0.126461,0.13649
946,30,0.432752,0.010285,0.010001,0.260914,0.286048,0.167213,0.832787,0.129787,0.129909
947,30,0.432876,0.010003,0.010003,0.260988,0.28613,0.167307,0.832693,0.119563,0.115853
948,38,0.433256,0.009993,0.009993,0.260816,0.285941,0.167609,0.832391,0.105111,0.098131
949,30,0.433136,0.010002,0.010002,0.260865,0.285995,0.167268,0.832732,0.1223,0.125728
950,32,0.433125,0.009993,0.009993,0.260695,0.286192,0.167415,0.832585,0.11629,0.112005
951,26,0.433214,0.009998,0.009998,0.260648,0.286141,0.167291,0.832709,0.114462,0.114729
952,26,0.433213,0.01,0.01,0.260647,0.28614,0.166691,0.833309,0.126183,0.13443
953,26,0.432754,0.010177,0.010005,0.260779,0.286285,0.165773,0.834227,0.135169,0.148505
954,32,0.432943,0.01,0.01,0.260776,0.286281,0.165726,0.834274,0.113567,0.112586
955,24,0.432676,0.010005,0.010005,0.260899,0.286416,0.165185,0.834815,0.134853,0.141997
956,26,0.432853,0.009997,0.009997,0.260822,0.286331,0.164541,0.835459,0.113069,0.121663
957,26,0.432945,0.009998,0.009998,0.260777,0.286282,0.164482,0.835518,0.114464,0.113723
958,32,0.432943,0.01,0.01,0.260776,0.286281,0.16429,0.83571,0.120745,0.121994
959,30,0.432917,0.01,0.01,0.260788,0.286294,0.164296,0.835704,0.12053,0.11821
960,36,0.43285,0.009998,0.009998,0.260748,0.286405,0.16438,0.83562,0.120443,0.117011
961,24,0.432581,0.010005,0.010005,0.26087,0.286539,0.163539,0.836461,0.128579,0.140329
962,24,0.432478,0.009998,0.009998,0.260808,0.286718,0.162737,0.837263,0.123455,0.134452
963,30,0.432769,0.009995,0.009995,0.260672,0.286569,0.163039,0.836961,0.093742,0.086539
964,24,0.432146,0.009996,0.010562,0.260581,0.286715,0.162755,0.837245,0.134405,0.137179
965,26,0.432408,0.010005,0.010005,0.260717,0.286865,0.162099,0.837901,0.114668,0.123221
966,30,0.433004,0.00999,0.00999,0.260448,0.286569,0.162532,0.837468,0.092455,0.083341
967,26,0.433168,0.009997,0.009997,0.260363,0.286476,0.161963,0.838037,0.116855,0.124246
968,30,0.43301,0.009999,0.009999,0.260334,0.286658,0.161276,0.838724,0.117976,0.127073
969,28,0.433079,0.009995,0.009995,0.260204,0.286726,0.161263,0.838737,0.111271,0.10982
970,32,0.433026,0.010001,0.010015,0.260218,0.286741,0.161928,0.838072,0.117084,0.104325
971,24,0.432658,0.010002,0.010002,0.26028,0.287057,0.161128,0.838872,0.128354,0.139474
972,30,0.43266,0.01,0.01,0.260281,0.287058,0.160765,0.839235,0.119735,0.123253
973,30,0.432483,0.009996,0.009996,0.260175,0.28735,0.161217,0.838783,0.118808,0.109351
974,30,0.432947,0.009992,0.009992,0.259958,0.287111,0.161538,0.838462,0.104527,0.09754
975,30,0.432913,0.01,0.01,0.259966,0.28712,0.16149,0.83851,0.120547,0.119318
976,24,0.433118,0.009996,0.009996,0.259873,0.287016,0.161539,0.838461,0.116947,0.114352
977,24,0.432951,0.009998,0.009998,0.259833,0.287219,0.160841,0.839159,0.131175,0.140647
978,24,0.432682,0.010005,0.010005,0.259955,0.287354,0.16028,0.83972,0.126549,0.133776
979,26,0.432781,0.009998,0.009998,0.259914,0.287309,0.160387,0.839613,0.114435,0.111039
980,32,0.432736,0.010001,0.010001,0.259933,0.28733,0.160457,0.839543,0.126368,0.123146
981,32,0.432891,0.009997,0.009997,0.259862,0.287252,0.160359,0.839641,0.106371,0.106373
982,30,0.432558,0.010001,0.010056,0.259889,0.287496,0.160808,0.839192,0.123205,0.113894
983,30,0.432654,0.009996,0.009996,0.259773,0.287582,0.161409,0.838591,0.108986,0.097322
984,24,0.432823,0.009997,0.009997,0.259692,0.287492,0.160943,0.839057,0.112666,0.118233
985,30,0.432643,0.009996,0.009996,0.259584,0.287781,0.160422,0.839578,0.125332,0.131602
986,28,0.432397,0.010004,0.010004,0.259693,0.287902,0.160232,0.839768,0.129181,0.130583
987,32,0.43233,0.009995,0.009995,0.259564,0.288116,0.159844,0.840156,0.119685,0.123601
988,30,0.432692,0.009993,0.009993,0.259394,0.287928,0.159423,0.840577,0.115816,0.120049
989,24,0.432798,0.009998,0.009998,0.259339,0.287867,0.158752,0.841248,0.112482,0.120931
990,32,0.432526,0.010466,0.010451,0.259032,0.287525,0.158383,0.841617,0.123953,0.128072
991,24,0.432752,0.01,0.010677,0.259038,0.287533,0.159013,0.840987,0.11768,0.105433
992,32,0.432578,0.010795,0.010579,0.25879,0.287257,0.158484,0.841516,0.123987,0.130694
993,26,0.432761,0.010015,0.010107,0.259188,0.287928,0.157697,0.842303,0.131497,0.142255
994,24,0.432547,0.010006,0.010006,0.259342,0.288099,0.156887,0.843113,0.128614,0.139596
995,26,0.432647,0.009998,0.009998,0.259302,0.288054,0.156798,0.843202,0.11438,0.114101
996,26,0.43283,0.009993,0.009993,0.259113,0.288072,0.15669,0.84331,0.10764,0.107552
997,32,0.432718,0.009992,0.010551,0.258902,0.287837,0.156507,0.843493,0.124075,0.125447
998,26,0.43283,0.010008,0.010008,0.259099,0.288056,0.15601,0.84399,0.122613,0.128726
999,30,0.432744,0.009998,0.009998,0.259047,0.288213,0.156228,0.843772,0.125896,0.120634
1000,26,0.432566,0.010003,0.010003,0.259127,0.288302,0.155724,0.844276,0.129896,0.136315
1001,24,0.432784,0.009992,0.009992,0.258917,0.288315,0.155711,0.844289,0.108914,0.106988
1002,38,0.4325,0.009997,0.009997,0.258836,0.28867,0.155695,0.844305,0.120921,0.119363
1003,26,0.431591,0.011199,0.009995,0.258699,0.288517,0.154795,0.845205,0.135054,0.147306
1004,30,0.431193,0.011012,0.01,0.258686,0.289109,0.154492,0.845508,0.138884,0.141774
1005,24,0.430924,0.011019,0.010005,0.258807,0.289245,0.153678,0.846322,0.128542,0.139155
1006,24,0.431482,0.010008,0.010008,0.259019,0.289482,0.152946,0.847054,0.114304,0.123586
1007,24,0.431221,0.010005,0.010005,0.259146,0.289623,0.152327,0.847673,0.126525,0.134322
1008,24,0.431431,0.009996,0.009996,0.259054,0.289521,0.153188,0.846812,0.110688,0.095776
1009,24,0.431541,0.009998,0.009998,0.259001,0.289462,0.152271,0.847729,0.11257,0.124403
1010,24,0.431165,0.010002,0.010002,0.259058,0.289773,0.151441,0.848559,0.134415,0.145432
1011,32,0.431167,0.01,0.01,0.259059,0.289774,0.151668,0.848332,0.1115,0.106352
1012,24,0.431364,0.009996,0.010016,0.258961,0.289663,0.152208,0.847792,0.116863,0.106664
1013,30,0.431185,0.01,0.01,0.25895,0.289866,0.15179,0.84821,0.121906,0.126571
1014,24,0.431296,0.009998,0.010008,0.258895,0.289804,0.151172,0.848828,0.114068,0.121535
1015,24,0.431298,0.01,0.01,0.258896,0.289805,0.150345,0.849655,0.123722,0.134496
1016,26,0.430588,0.010632,0.010001,0.258933,0.289846,0.149416,0.850584,0.13654,0.148972
1017,24,0.43019,0.011463,0.010075,0.258693,0.289579,0.148443,0.851557,0.129782,0.142558
1018,32,0.430543,0.010682,0.010003,0.258761,0.290011,0.148179,0.851821,0.118291,0.120265
1019,32,0.430638,0.010671,0.010145,0.258654,0.289892,0.148277,0.851723,0.121624,0.118745
1020,32,0.430946,0.010009,0.010009,0.258885,0.290151,0.148616,0.851384,0.11726,0.110683
1021,24,0.430813,0.010324,0.009997,0.258805,0.290061,0.147712,0.852288,0.129884,0.141681
1022,32,0.430786,0.009999,0.009999,0.258789,0.290426,0.148092,0.851908,0.110621,0.103434
1023,32,0.430742,0.010001,0.010001,0.258808,0.290448,0.148169,0.851831,0.117167,0.11444
1024,24,0.430597,0.010003,0.010003,0.258875,0.290523,0.147355,0.852645,0.131086,0.14162
1025,26,0.430978,0.009993,0.009993,0.258704,0.290331,0.146577,0.853423,0.105798,0.115416
1026,26,0.430849,0.010002,0.010002,0.258757,0.29039,0.145788,0.854212,0.12832,0.138416
1027,24,0.430413,0.010146,0.010001,0.258779,0.290662,0.145162,0.854838,0.134395,0.141733
1028,24,0.430208,0.010006,0.010006,0.258939,0.290841,0.14433,0.85567,0.128704,0.139182
1029,24,0.430655,0.009992,0.009992,0.258741,0.290619,0.144045,0.855955,0.107792,0.110105
1030,26,0.431218,0.00999,0.00999,0.258478,0.290324,0.144092,0.855908,0.102127,0.099698
1031,30,0.431674,0.009992,0.009992,0.258262,0.290081,0.144259,0.855741,0.096315,0.091803
1032,26,0.431543,0.010002,0.010002,0.258314,0.29014,0.143967,0.856033,0.122651,0.125466
1033,32,0.431479,0.009998,0.009998,0.258253,0.290272,0.143492,0.856508,0.126141,0.131445
1034,24,0.432101,0.009989,0.009989,0.257969,0.289952,0.142687,0.857313,0.104427,0.114168
1035,24,0.431717,0.010002,0.010002,0.258021,0.290258,0.141912,0.858088,0.126207,0.135813
1036,24,0.4316,0.010269,0.009997,0.257953,0.290182,0.141093,0.858907,0.123779,0.133802
1037,32,0.431369,0.010639,0.010646,0.257582,0.289764,0.14089,0.85911,0.124714,0.125875
1038,26,0.432202,0.010008,0.010008,0.257787,0.289995,0.140185,0.859815,0.110409,0.118686
1039,24,0.432414,0.009997,0.009997,0.257698,0.289895,0.140827,0.859173,0.116931,0.105958
1040,30,0.43232,0.010002,0.010002,0.257738,0.28994,0.141166,0.858834,0.122213,0.115784
1041,30,0.432229,0.010002,0.010002,0.25778,0.289988,0.141133,0.858867,0.115504,0.114368
1042,24,0.431963,0.010005,0.010005,0.257903,0.290125,0.140576,0.859424,0.128532,0.134883
1043,24,0.432172,0.009996,0.009996,0.257812,0.290023,0.141504,0.858496,0.110771,0.096047
1044,24,0.431795,0.010002,0.010002,0.257868,0.290333,0.140782,0.859218,0.128373,0.137264
1045,24,0.431529,0.010005,0.010005,0.257991,0.290471,0.140462,0.859538,0.128519,0.131545
1046,24,0.431463,0.009997,0.009997,0.257913,0.290631,0.140005,0.859995,0.1149,0.119692
1047,24,0.431351,0.009998,0.009998,0.257849,0.290805,0.13922,0.86078,0.123586,0.133081
1048,26,0.431225,0.010002,0.010002,0.257903,0.290867,0.138785,0.861215,0.122687,0.127491
1049,24,0.430959,0.010005,0.010005,0.258026,0.291005,0.138163,0.861837,0.128587,0.135695
1050,30,0.431035,0.009995,0.009995,0.257906,0.291068,0.137789,0.862211,0.118609,0.12197
1051,24,0.430598,0.010003,0.010003,0.257988,0.291407,0.137149,0.862851,0.136064,0.143646
1052,24,0.430723,0.009998,0.009998,0.257934,0.291347,0.138087,0.861913,0.11155,0.096987
1053,32,0.430556,0.009996,0.009996,0.257834,0.291617,0.137928,0.862072,0.124451,0.125231
1054,30,0.430553,0.01,0.01,0.257832,0.291615,0.137662,0.862338,0.119701,0.121959
1055,36,0.43025,0.009997,0.009997,0.257745,0.292012,0.137671,0.862329,0.128434,0.12687
1056,26,0.43007,0.010003,0.010003,0.257824,0.292101,0.13714,0.86286,0.129865,0.136055
1057,34,0.429907,0.01,0.01,0.257815,0.292279,0.13726,0.86274,0.110073,0.107153
1058,26,0.429447,0.009994,0.010548,0.257669,0.292342,0.137272,0.862728,0.12797,0.126561
1059,24,0.429622,0.010006,0.010006,0.257835,0.29253,0.136687,0.863313,0.125305,0.131919
1060,30,0.429688,0.009995,0.010237,0.257701,0.292378,0.136902,0.863098,0.115714,0.111499
1061,24,0.42865,0.010917,0.01108,0.257361,0.291992,0.136678,0.863322,0.134611,0.136269
1062,36,0.428152,0.011519,0.011414,0.257155,0.291759,0.136747,0.863253,0.130367,0.128099
1063,32,0.429121,0.01025,0.010318,0.25781,0.292502,0.136713,0.863287,0.122828,0.122035
1064,32,0.429519,0.010003,0.010003,0.257886,0.292589,0.137221,0.862779,0.112517,0.104266
1065,26,0.429398,0.010002,0.010002,0.257944,0.292654,0.136802,0.863198,0.122756,0.127326
1066,30,0.429565,0.009997,0.009997,0.25787,0.29257,0.136598,0.863402,0.11594,0.117415
1067,26,0.429658,0.009998,0.009998,0.257826,0.29252,0.136753,0.863247,0.114548,0.111257
1068,32,0.430027,0.009993,0.009993,0.257657,0.292329,0.136671,0.863329,0.090046,0.089231
1069,26,0.429799,0.01,0.01,0.257651,0.29255,0.136448,0.863552,0.122409,0.124317
1070,30,0.429707,0.010002,0.010002,0.257693,0.292597,0.136387,0.863613,0.122237,0.121578
1071,32,0.42993,0.009996,0.009996,0.257593,0.292484,0.136014,0.863986,0.106767,0.110176
1072,30,0.429864,0.010001,0.010001,0.25762,0.292514,0.135303,0.864697,0.118175,0.126195
1073,38,0.429655,0.009999,0.009999,0.257583,0.292765,0.135325,0.864675,0.127957,0.126314
1074,32,0.429808,0.009997,0.009997,0.257512,0.292685,0.135174,0.864826,0.107842,0.108614
1075,32,0.429852,0.009999,0.009999,0.25749,0.29266,0.135728,0.864272,0.109828,0.101042
1076,24,0.429582,0.010005,0.010005,0.257611,0.292797,0.135115,0.864885,0.128583,0.135673
1077,24,0.429704,0.009998,0.009998,0.257561,0.29274,0.134416,0.865584,0.114203,0.122067
1078,26,0.429578,0.010002,0.010002,0.257616,0.292802,0.133781,0.866219,0.124584,0.131933
1079,30,0.429995,0.009993,0.009993,0.257429,0.292591,0.133819,0.866181,0.091451,0.089527
1080,30,0.429689,0.010002,0.010002,0.257472,0.292836,0.133631,0.866369,0.139802,0.140875
1081,30,0.42977,0.009995,0.009995,0.257347,0.292892,0.134328,0.865672,0.115527,0.104735
1082,24,0.429697,0.009997,0.009997,0.257264,0.293045,0.133924,0.866076,0.114916,0.118887
1083,24,0.429262,0.010003,0.010003,0.257347,0.293385,0.133427,0.866573,0.127807,0.133319
1084,24,0.429264,0.01,0.01,0.257348,0.293387,0.134498,0.865502,0.115428,0.099487
1085,30,0.428957,0.010002,0.010002,0.25739,0.293649,0.133876,0.866124,0.129831,0.136776
1086,36,0.428726,0.009998,0.009998,0.257346,0.293931,0.134216,0.865784,0.128802,0.122691
1087,30,0.428679,0.009997,0.009997,0.257269,0.294058,0.134383,0.865617,0.119088,0.11554
1088,24,0.428161,0.010554,0.010019,0.25724,0.294025,0.133736,0.866264,0.126383,0.133691
1089,26,0.428222,0.010005,0.010005,0.257368,0.2944,0.132983,0.867017,0.123354,0.132017
1090,26,0.428005,0.01,0.01,0.257368,0.294627,0.132792,0.867208,0.128075,0.129513
1091,24,0.427956,0.009997,0.009997,0.257279,0.294772,0.132027,0.867973,0.113824,0.122374
1092,24,0.427625,0.010006,0.010006,0.257424,0.294939,0.131909,0.868091,0.130221,0.130633
1093,26,0.427857,0.009996,0.009996,0.257325,0.294825,0.131316,0.868684,0.115568,0.121992
1094,24,0.427584,0.010005,0.010005,0.257445,0.294962,0.130841,0.869159,0.128574,0.133581
1095,24,0.427795,0.009996,0.009996,0.257354,0.294858,0.131502,0.868498,0.116982,0.106606
1096,30,0.427701,0.009998,0.009998,0.257297,0.295007,0.131243,0.868757,0.119366,0.121482
1097,24,0.427593,0.009997,0.009997,0.257233,0.29518,0.130737,0.869263,0.115293,0.120422
1098,24,0.427532,0.010001,0.010001,0.257257,0.295208,0.129906,0.870094,0.123242,0.132874
1099,32,0.427673,0.009998,0.009998,0.257195,0.295137,0.130034,0.869966,0.108634,0.105837
1100,36,0.427847,0.009991,0.009991,0.256972,0.295198,0.130875,0.869125,0.094082,0.081664
1101,24,0.42823,0.009993,0.009993,0.256792,0.294991,0.130798,0.869202,0.106915,0.106402
1102,30,0.428132,0.010001,0.010001,0.25683,0.295035,0.130555,0.869445,0.122203,0.124012
1103,30,0.428271,0.009998,0.009998,0.256769,0.294965,0.13081,0.86919,0.112844,0.108135
1104,24,0.427999,0.010005,0.010005,0.256889,0.295102,0.130154,0.869846,0.134855,0.142236
1105,24,0.428105,0.009994,0.009994,0.256735,0.295172,0.129993,0.870007,0.116698,0.117638
1106,32,0.428212,0.009998,0.009998,0.256682,0.295111,0.130118,0.869882,0.107396,0.104716
1107,26,0.428086,0.010002,0.010002,0.256736,0.295174,0.129611,0.870389,0.128413,0.13397
1108,30,0.427753,0.010002,0.010002,0.256791,0.295451,0.129452,0.870548,0.13083,0.131647
1109,26,0.427533,0.01,0.01,0.25679,0.295677,0.128878,0.871122,0.128104,0.134451
1110,32,0.428012,0.009992,0.009992,0.256575,0.29543,0.129019,0.870981,0.104316,0.101157
1111,32,0.42816,0.009997,0.009997,0.256501,0.295345,0.12919,0.87081,0.12181,0.118412
1112,24,0.427782,0.010002,0.010002,0.256557,0.295656,0.128888,0.871112,0.128275,0.131091
1113,24,0.427934,0.009997,0.009997,0.256491,0.29558,0.129152,0.870848,0.118409,0.113843
1114,24,0.428033,0.009994,0.009994,0.256334,0.295646,0.12895,0.87105,0.116627,0.118013
1115,24,0.428028,0.01,0.01,0.25633,0.295642,0.129697,0.870303,0.121678,0.11029
1116,38,0.428221,0.009995,0.010085,0.256203,0.295495,0.130123,0.869877,0.112422,0.105693
1117,24,0.428643,0.009994,0.009994,0.25605,0.295319,0.129643,0.870357,0.109434,0.114178
1118,26,0.42857,0.010001,0.010001,0.256078,0.29535,0.129619,0.870381,0.120829,0.120122
1119,24,0.428526,0.009996,0.009996,0.255988,0.295493,0.129379,0.870621,0.121423,0.12328
1120,26,0.428064,0.010173,0.010005,0.256116,0.295642,0.1287,0.8713,0.129369,0.136949
1121,26,0.428426,0.009997,0.009997,0.256034,0.295546,0.128236,0.871764,0.107956,0.112646
1122,30,0.428589,0.009997,0.009997,0.255958,0.295459,0.128317,0.871683,0.115759,0.113375
1123,30,0.427645,0.010414,0.010847,0.255619,0.295476,0.128308,0.871692,0.138998,0.138069
1124,24,0.427495,0.010366,0.011235,0.25553,0.295374,0.128089,0.871911,0.123825,0.125201
1125,30,0.428061,0.010017,0.010079,0.255966,0.295877,0.128273,0.871727,0.122211,0.118465
1126,26,0.427715,0.010008,0.010008,0.256164,0.296106,0.128006,0.871994,0.135113,0.137399
1127,26,0.427711,0.01,0.01,0.256172,0.296116,0.12744,0.87256,0.124814,0.131012
1128,32,0.427711,0.01,0.01,0.256173,0.296117,0.127417,0.872583,0.111381,0.110338
1129,24,0.427336,0.010002,0.010002,0.25623,0.29643,0.126733,0.873267,0.12822,0.135574
1130,32,0.427252,0.009998,0.009998,0.25618,0.296572,0.127426,0.872574,0.115807,0.105724
1131,32,0.426732,0.009996,0.009996,0.25608,0.297196,0.127468,0.872532,0.136778,0.135008
1132,24,0.426647,0.010001,0.010001,0.256114,0.297236,0.126985,0.873015,0.12483,0.12958
1133,30,0.426432,0.010004,0.010004,0.256211,0.297349,0.126995,0.873005,0.123399,0.122157
1134,24,0.426107,0.010006,0.010006,0.25636,0.297521,0.126518,0.873482,0.12806,0.132946
1135,36,0.426305,0.009997,0.009997,0.256277,0.297425,0.126227,0.873773,0.113349,0.115948
1136,32,0.426307,0.009997,0.009997,0.256195,0.297504,0.126112,0.873888,0.1217,0.121872
1137,26,0.426029,0.010001,0.010001,0.256215,0.297755,0.125719,0.874281,0.125633,0.129614
1138,32,0.42603,0.01,0.01,0.256215,0.297755,0.125574,0.874426,0.125378,0.12607
1139,32,0.425148,0.010616,0.010754,0.255897,0.297586,0.125448,0.874552,0.139335,0.139957
1140,26,0.425509,0.010014,0.010014,0.256245,0.298219,0.124756,0.875244,0.128104,0.135711
1141,34,0.425667,0.009998,0.009998,0.256186,0.298151,0.12459,0.87541,0.11815,0.119139
1142,38,0.425728,0.009991,0.009991,0.25596,0.298331,0.124781,0.875219,0.110011,0.106189
1143,24,0.42551,0.009995,0.009995,0.255829,0.298672,0.124172,0.875828,0.123084,0.129643
1144,30,0.425205,0.010002,0.010002,0.255872,0.298919,0.123969,0.876031,0.129875,0.13121
1145,26,0.424931,0.010001,0.010001,0.255894,0.299173,0.123597,0.876403,0.129509,0.133209
1146,30,0.424542,0.01,0.01,0.255886,0.299573,0.123876,0.876124,0.129128,0.124554
1147,30,0.423942,0.01014,0.010751,0.255751,0.299415,0.123755,0.876245,0.139934,0.140305
1148,24,0.423548,0.010609,0.011006,0.255599,0.299237,0.123547,0.876453,0.124797,0.126056
1149,26,0.423915,0.01076,0.010009,0.25582,0.299496,0.122781,0.877219,0.120321,0.128554
1150,24,0.424361,0.010006,0.010006,0.255964,0.299664,0.12239,0.87761,0.114248,0.117792
1151,32,0.424212,0.009999,0.009999,0.255946,0.299844,0.122589,0.877411,0.111656,0.108212
1152,32,0.42427,0.009999,0.009999,0.255919,0.299812,0.122241,0.877759,0.116328,0.119524
1153,24,0.424328,0.009999,0.009999,0.255893,0.299782,0.121421,0.878579,0.114157,0.122806
1154,30,0.424494,0.009997,0.009997,0.255818,0.299694,0.121019,0.878981,0.115971,0.119807
1155,30,0.424659,0.009997,0.009997,0.255742,0.299605,0.120867,0.879133,0.109357,0.110054
1156,36,0.425227,0.00999,0.00999,0.255487,0.299306,0.120989,0.879011,0.090074,0.087514
1157,24,0.425219,0.01,0.01,0.255482,0.2993,0.122108,0.877892,0.115511,0.100437
1158,24,0.424948,0.010005,0.010005,0.255602,0.299441,0.121374,0.878626,0.134823,0.142822
1159,24,0.423978,0.010784,0.010849,0.255301,0.299089,0.121136,0.878864,0.13459,0.136366
1160,24,0.423599,0.011135,0.010756,0.255357,0.299153,0.120714,0.879286,0.134679,0.138592
1161,24,0.424386,0.010086,0.010014,0.255705,0.299809,0.120357,0.879643,0.113913,0.117025
1162,30,0.424335,0.010003,0.010003,0.255772,0.299887,0.120431,0.879569,0.132109,0.129977
1163,26,0.42442,0.009995,0.009995,0.255636,0.299955,0.119849,0.880151,0.112847,0.118755
1164,34,0.424415,0.01,0.01,0.255633,0.299952,0.119656,0.880344,0.121624,0.122945
1165,24,0.42492,0.009991,0.009991,0.255409,0.299689,0.11912,0.88088,0.100258,0.105312
1166,36,0.424757,0.01,0.01,0.255405,0.299839,0.119106,0.880894,0.128898,0.128001
1167,26,0.424087,0.010455,0.010807,0.255132,0.299519,0.119132,0.880868,0.128186,0.12692
1168,32,0.42436,0.010008,0.010524,0.255342,0.299765,0.119372,0.880628,0.126498,0.12258
1169,26,0.424461,0.010008,0.010008,0.255534,0.29999,0.11893,0.88107,0.122656,0.12699
1170,26,0.424158,0.010375,0.010055,0.255482,0.299929,0.118334,0.881666,0.128233,0.134379
1171,24,0.423965,0.010007,0.010007,0.255649,0.300373,0.117872,0.882128,0.128195,0.132646
1172,24,0.423854,0.010002,0.010002,0.255704,0.300437,0.117747,0.882253,0.124679,0.12501
1173,24,0.423763,0.009998,0.009998,0.255649,0.300592,0.116994,0.883006,0.118347,0.126219
1174,24,0.423263,0.011164,0.009988,0.255348,0.300238,0.115865,0.884135,0.129797,0.141827
1175,24,0.423692,0.010013,0.010013,0.255668,0.300614,0.115974,0.884026,0.123319,0.121084
1176,32,0.423667,0.009995,0.009995,0.255551,0.300792,0.115635,0.884365,0.116052,0.11877
1177,24,0.423853,0.009997,0.009997,0.255464,0.30069,0.115761,0.884239,0.111967,0.109365
1178,30,0.424183,0.009994,0.009994,0.255315,0.300514,0.115948,0.884052,0.095315,0.092015
1179,30,0.424345,0.009997,0.009997,0.255238,0.300423,0.116301,0.883699,0.115909,0.110828
1180,24,0.424198,0.010201,0.009999,0.25521,0.300391,0.115733,0.884267,0.123094,0.128694
1181,36,0.424364,0.009996,0.009996,0.255101,0.300543,0.116013,0.883987,0.103372,0.099029
1182,26,0.424236,0.010002,0.010002,0.255154,0.300606,0.115524,0.884476,0.128431,0.133286
1183,24,0.424358,0.009998,0.009998,0.255102,0.300544,0.114831,0.885169,0.114268,0.121086
1184,32,0.424236,0.009999,0.009999,0.255074,0.300692,0.115168,0.884832,0.123703,0.118805
1185,24,0.424355,0.009998,0.009998,0.25502,0.300629,0.114427,0.885573,0.114302,0.121687
1186,30,0.424528,0.009997,0.009997,0.254942,0.300536,0.114597,0.885403,0.116827,0.113688
1187,24,0.424339,0.009996,0.009996,0.254828,0.300841,0.113772,0.886228,0.117013,0.125432
1188,26,0.42386,0.010005,0.010005,0.254947,0.301184,0.112994,0.887006,0.131999,0.139988
1189,26,0.424075,0.009996,0.009996,0.254856,0.301077,0.1132,0.8868,0.111021,0.107855
1190,24,0.424013,0.010001,0.010001,0.25488,0.301105,0.112561,0.887439,0.123232,0.129481
1191,38,0.423447,0.010719,0.010398,0.254629,0.300808,0.112468,0.887532,0.130653,0.130844
1192,32,0.423845,0.010004,0.010004,0.254727,0.30142,0.112791,0.887209,0.107778,0.10328
1193,24,0.424235,0.00999,0.00999,0.254461,0.301325,0.112674,0.887326,0.102826,0.10297
1194,24,0.42468,0.009991,0.010052,0.254228,0.30105,0.112726,0.887274,0.106027,0.104386
1195,32,0.424577,0.009999,0.009999,0.254212,0.301212,0.112847,0.887153,0.114485,0.112215
1196,30,0.424743,0.009997,0.009997,0.254139,0.301124,0.112503,0.887497,0.112139,0.114913
1197,30,0.42481,0.009996,0.009996,0.254029,0.30117,0.112719,0.887281,0.113328,0.10991
1198,26,0.424681,0.010002,0.010002,0.254082,0.301233,0.112161,0.887839,0.128362,0.133812
1199,36,0.424527,0.01,0.01,0.254084,0.301389,0.112043,0.887957,0.1248,0.125151
1200,26,0.424631,0.009998,0.009998,0.254038,0.301335,0.111636,0.888364,0.117924,0.12163
1201,24,0.424265,0.010002,0.010002,0.254101,0.301629,0.110882,0.889118,0.131373,0.138939
1202,32,0.423832,0.009999,0.009999,0.254075,0.302095,0.110743,0.889257,0.130322,0.130936
1203,30,0.423614,0.010004,0.010004,0.25417,0.302208,0.110927,0.889073,0.123489,0.120491
1204,30,0.423319,0.010002,0.010002,0.254219,0.302458,0.110496,0.889504,0.127156,0.131035
1205,24,0.422975,0.010177,0.010003,0.254295,0.302549,0.10977,0.89023,0.128479,0.135601
1206,32,0.423008,0.010003,0.010003,0.254361,0.302626,0.109966,0.890034,0.110912,0.107906
1207,24,0.422917,0.009998,0.009998,0.254306,0.302781,0.109113,0.890887,0.126456,0.134901
1208,24,0.422585,0.010006,0.010006,0.25445,0.302953,0.109025,0.890975,0.130178,0.130358
1209,26,0.422419,0.009996,0.009996,0.25435,0.303239,0.108241,0.891759,0.119874,0.127553
1210,26,0.421939,0.010005,0.010005,0.254468,0.303583,0.107352,0.892648,0.132017,0.140863
1211,32,0.421603,0.01,0.01,0.254478,0.303918,0.107107,0.892893,0.118006,0.119825
1212,24,0.421813,0.009996,0.009996,0.254386,0.303807,0.108171,0.891829,0.110823,0.098264
1213,32,0.421691,0.009999,0.009999,0.254358,0.303954,0.108563,0.891437,0.123671,0.118635
1214,30,0.42169,0.01,0.01,0.254357,0.303953,0.108713,0.891287,0.119539,0.116962
1215,26,0.421564,0.010002,0.010002,0.254412,0.304019,0.108585,0.891415,0.122701,0.123378
1216,24,0.421143,0.010004,0.010004,0.254503,0.304347,0.107967,0.892033,0.126664,0.132534
1217,32,0.421603,0.009992,0.009992,0.254304,0.304109,0.108317,0.891683,0.089651,0.084837
1218,26,0.421691,0.009995,0.009995,0.254169,0.30415,0.108109,0.891891,0.11381,0.115152
1219,26,0.421867,0.009997,0.009997,0.254087,0.304052,0.107591,0.892409,0.116999,0.121685
1220,24,0.421534,0.010006,0.010006,0.254231,0.304224,0.106991,0.893009,0.136348,0.142072
1221,32,0.421463,0.009998,0.009998,0.254188,0.304353,0.106684,0.893316,0.12257,0.125066
1222,32,0.421468,0.009994,0.009994,0.254042,0.304501,0.106823,0.893177,0.100963,0.098718
1223,30,0.421632,0.009997,0.009997,0.253965,0.304409,0.106427,0.893573,0.115984,0.119375
1224,30,0.421553,0.009998,0.010178,0.253918,0.304352,0.106992,0.893008,0.119493,0.112573
1225,30,0.421602,0.010001,0.010061,0.253948,0.304388,0.107052,0.892948,0.119538,0.118027
1226,32,0.421786,0.009998,0.009998,0.253894,0.304324,0.107225,0.892775,0.117195,0.114624
1227,26,0.421699,0.009998,0.009998,0.253842,0.304464,0.106605,0.893395,0.119167,0.125025
1228,32,0.42184,0.009997,0.009997,0.253778,0.304387,0.10632,0.89368,0.108795,0.111084
1229,32,0.422248,0.009993,0.009993,0.253597,0.30417,0.106365,0.893635,0.105917,0.104379
1230,24,0.421892,0.010188,0.010003,0.253665,0.304252,0.105809,0.894191,0.128428,0.133482
1231,30,0.421969,0.009995,0.010056,0.253538,0.304442,0.106604,0.893396,0.10756,0.098362
1232,24,0.422201,0.009997,0.009997,0.253458,0.304347,0.10767,0.89233,0.110825,0.098327
1233,24,0.422586,0.009993,0.009993,0.253287,0.304141,0.108622,0.891378,0.099509,0.08809
1234,24,0.422216,0.010002,0.010002,0.253347,0.304433,0.107851,0.892149,0.131386,0.138961
1235,26,0.422092,0.010002,0.010002,0.253403,0.3045,0.107248,0.892752,0.124464,0.13019
1236,30,0.422169,0.009999,0.009999,0.253371,0.304462,0.107174,0.892826,0.118452,0.118418
1237,26,0.422373,0.009993,0.009993,0.253192,0.304449,0.106743,0.893257,0.104921,0.108644
1238,24,0.422218,0.009988,0.010837,0.252881,0.304076,0.10744,0.89256,0.116843,0.108551
1239,24,0.422382,0.009999,0.01072,0.252855,0.304044,0.106981,0.893019,0.114152,0.118127
1240,26,0.422549,0.009991,0.011038,0.252638,0.303784,0.106455,0.893545,0.114603,0.119333
1241,24,0.422154,0.010342,0.010982,0.252684,0.303838,0.106259,0.893741,0.126364,0.127594
1242,24,0.422924,0.01001,0.01001,0.252927,0.30413,0.106286,0.893714,0.117114,0.116104
1243,30,0.42285,0.009998,0.009998,0.252883,0.30427,0.106777,0.893223,0.110168,0.104051
1244,26,0.422678,0.009999,0.009999,0.252868,0.304455,0.106236,0.893764,0.111087,0.115898
1245,30,0.422557,0.010002,0.010002,0.252921,0.304519,0.106071,0.893929,0.132871,0.133737
1246,24,0.422675,0.009994,0.009994,0.252774,0.304562,0.106686,0.893314,0.113594,0.106173
1247,30,0.422453,0.010004,0.010004,0.252867,0.304673,0.106814,0.893186,0.130041,0.127869
1248,32,0.422456,0.01,0.01,0.252869,0.304675,0.10727,0.89273,0.116084,0.110367
1249,24,0.422126,0.010006,0.010006,0.253013,0.304849,0.106972,0.893028,0.130043,0.132481
1250,30,0.421832,0.010002,0.010002,0.253062,0.305101,0.106792,0.893208,0.127159,0.128319
1251,30,0.421438,0.010001,0.010001,0.253076,0.305485,0.106505,0.893495,0.134428,0.136653
1252,24,0.421347,0.009998,0.009998,0.25302,0.305638,0.105886,0.894114,0.120534,0.126199
1253,38,0.421136,0.009999,0.009999,0.252983,0.305884,0.106103,0.893897,0.121236,0.118108
1254,28,0.421143,0.009997,0.009997,0.252896,0.305968,0.105418,0.894582,0.114356,0.120769
1255,26,0.42168,0.009991,0.009991,0.252658,0.30568,0.104831,0.895169,0.100374,0.10557
1256,24,0.421672,0.01,0.01,0.252654,0.305674,0.104337,0.895663,0.123724,0.128105
1257,32,0.4218,0.009995,0.009995,0.252519,0.305692,0.104697,0.895303,0.103697,0.099177
1258,24,0.421796,0.01,0.01,0.252516,0.305688,0.105495,0.894505,0.12168,0.112168
1259,24,0.421917,0.009998,0.009998,0.252463,0.305624,0.104732,0.895268,0.114219,0.121177
1260,30,0.422119,0.009996,0.009996,0.252373,0.305515,0.103897,0.896103,0.106536,0.114167
1261,30,0.422116,0.01,0.01,0.252371,0.305513,0.104148,0.895852,0.129554,0.126091
1262,24,0.422117,0.01,0.01,0.252371,0.305513,0.103823,0.896177,0.123888,0.126296
1263,32,0.422833,0.009988,0.009988,0.252058,0.305134,0.104375,0.895625,0.084947,0.078402
1264,24,0.423215,0.009993,0.009993,0.251881,0.304919,0.103805,0.896195,0.109412,0.11441
1265,24,0.423209,0.01,0.01,0.251877,0.304914,0.103032,0.896968,0.123919,0.13099
1266,30,0.423209,0.01,0.01,0.251877,0.304914,0.103221,0.896779,0.119565,0.116639
1267,30,0.423208,0.009996,0.010231,0.251774,0.304791,0.103945,0.896055,0.116432,0.108138
1268,24,0.423138,0.009997,0.010481,0.251693,0.304692,0.103722,0.896278,0.115161,0.116493
1269,30,0.423172,0.010002,0.010002,0.251736,0.305088,0.103115,0.896885,0.118051,0.123476
1270,24,0.423654,0.009992,0.009992,0.251527,0.304835,0.102969,0.897031,0.106151,0.106611
1271,24,0.423134,0.010351,0.009999,0.251498,0.305019,0.102171,0.897829,0.131265,0.138651
1272,30,0.422896,0.010004,0.010004,0.251604,0.305491,0.101952,0.898048,0.121906,0.123329
1273,26,0.4229,0.01,0.01,0.251606,0.305494,0.101372,0.898628,0.122243,0.127449
1274,24,0.423109,0.009996,0.009996,0.251515,0.305383,0.101274,0.898726,0.117101,0.117307
1275,26,0.422981,0.010002,0.010002,0.251568,0.305447,0.100714,0.899286,0.124547,0.129553
1276,30,0.423011,0.01,0.01,0.251556,0.305434,0.10068,0.89932,0.113109,0.112727
1277,24,0.423402,0.009993,0.009993,0.251385,0.305226,0.100145,0.899855,0.109528,0.114058
1278,32,0.423236,0.010003,0.010003,0.251452,0.305307,0.100336,0.899664,0.116814,0.114165
1279,26,0.423239,0.01,0.01,0.251453,0.305308,0.099795,0.900205,0.126097,0.130859
1280,30,0.423233,0.009994,0.009994,0.251306,0.305473,0.099467,0.900533,0.118434,0.120892
1281,30,0.423054,0.01,0.01,0.251295,0.305652,0.099866,0.900134,0.112619,0.107919
1282,24,0.422615,0.010396,0.010001,0.251314,0.305675,0.099076,0.900924,0.126395,0.13352
1283,26,0.422714,0.010005,0.010005,0.251443,0.305832,0.099221,0.900779,0.12084,0.118761
1284,30,0.422959,0.009996,0.009996,0.251341,0.305708,0.098975,0.901025,0.104528,0.106003
1285,26,0.422831,0.010002,0.010002,0.251393,0.305772,0.098857,0.901143,0.128324,0.128849
1286,24,0.42286,0.009996,0.009996,0.251287,0.305862,0.098369,0.901631,0.11087,0.114879
1287,32,0.422646,0.01,0.01,0.251298,0.306055,0.098847,0.901153,0.111738,0.10633
1288,24,0.422375,0.010005,0.010005,0.251416,0.3062,0.098449,0.901551,0.12656,0.129831
1289,26,0.422253,0.010002,0.010002,0.251473,0.306269,0.097744,0.902256,0.128438,0.134699
1290,30,0.422255,0.01,0.01,0.251474,0.30627,0.098258,0.901742,0.119661,0.113989
1291,24,0.422012,0.009997,0.009997,0.251389,0.306606,0.09741,0.90259,0.124654,0.132235
1292,30,0.422286,0.009995,0.009995,0.251267,0.306457,0.097734,0.902266,0.103625,0.09953
1293,30,0.421251,0.010909,0.010988,0.250874,0.305978,0.097658,0.902342,0.139797,0.139795
1294,32,0.421931,0.010018,0.010018,0.251325,0.306708,0.097823,0.902177,0.108328,0.105996
1295,30,0.421537,0.010454,0.01,0.251314,0.306695,0.097734,0.902266,0.139919,0.140017
1296,24,0.42185,0.010002,0.010002,0.251375,0.30677,0.097142,0.902858,0.114297,0.119183
1297,32,0.421717,0.010002,0.010002,0.251435,0.306843,0.097102,0.902898,0.120622,0.120284
1298,32,0.422063,0.009994,0.009994,0.251287,0.306662,0.097285,0.902715,0.09613,0.093517
1299,26,0.421933,0.010002,0.010002,0.251338,0.306725,0.09718,0.90282,0.128312,0.128712
1300,24,0.421725,0.01,0.01,0.251335,0.30694,0.097076,0.902924,0.121449,0.12174
1301,30,0.421574,0.010117,0.010171,0.251273,0.306865,0.09712,0.90288,0.13031,0.129123
1302,24,0.421671,0.010204,0.010483,0.25105,0.306592,0.096666,0.903334,0.119006,0.122533
1303,26,0.421484,0.010012,0.010012,0.251342,0.307151,0.096209,0.903791,0.12249,0.126282
1304,24,0.421096,0.0103,0.010002,0.251391,0.307211,0.095346,0.904654,0.134673,0.142304
1305,24,0.420722,0.010547,0.010002,0.251448,0.307281,0.094642,0.905358,0.128453,0.134489
1306,36,0.421169,0.009997,0.009997,0.251371,0.307466,0.095126,0.904874,0.092365,0.086893
1307,24,0.421167,0.01,0.01,0.251369,0.307464,0.09465,0.90535,0.123715,0.12757
1308,26,0.421347,0.009997,0.009997,0.251291,0.307369,0.094218,0.905782,0.117026,0.120451
1309,30,0.421104,0.009998,0.010347,0.251242,0.307309,0.094388,0.905612,0.131854,0.129518
1310,30,0.421277,0.010003,0.010003,0.251317,0.3074,0.09394,0.90606,0.119695,0.12321
1311,36,0.421124,0.01,0.01,0.251319,0.307557,0.093949,0.906051,0.122021,0.1212
1312,30,0.421124,0.01,0.01,0.251319,0.307557,0.093643,0.906357,0.119637,0.1218
1313,36,0.421433,0.009995,0.009995,0.251185,0.307393,0.094007,0.905993,0.099967,0.095946
1314,32,0.421429,0.01,0.01,0.251182,0.30739,0.094721,0.905279,0.115921,0.108433
1315,38,0.42087,0.010002,0.010442,0.251234,0.307453,0.094733,0.905267,0.140047,0.139327
1316,26,0.42075,0.010002,0.010229,0.251292,0.307726,0.094199,0.905801,0.125144,0.129591
1317,30,0.421333,0.009994,0.009994,0.251139,0.30754,0.093473,0.906527,0.09635,0.102272
1318,24,0.420526,0.011232,0.01001,0.250938,0.307293,0.09308,0.90692,0.134567,0.137567
1319,36,0.421346,0.010005,0.010005,0.251055,0.30759,0.0932,0.9068,0.098471,0.0965
1320,32,0.42098,0.010115,0.011072,0.25069,0.307143,0.092723,0.907277,0.124054,0.127922
1321,26,0.421531,0.010009,0.010121,0.250918,0.307422,0.092749,0.907251,0.114409,0.113605
1322,32,0.421959,0.009995,0.010005,0.250783,0.307258,0.092755,0.907245,0.106275,0.105454
1323,24,0.422169,0.009996,0.009996,0.250692,0.307146,0.092665,0.907335,0.117029,0.117173
1324,26,0.42208,0.009998,0.009998,0.25064,0.307284,0.09194,0.90806,0.122948,0.129079
1325,24,0.422467,0.009993,0.009993,0.25047,0.307076,0.092924,0.907076,0.099531,0.089625
1326,24,0.422461,0.01,0.01,0.250467,0.307072,0.09363,0.90637,0.12161,0.114246
1327,32,0.422417,0.010001,0.010001,0.250486,0.307095,0.094083,0.905917,0.12648,0.121511
1328,26,0.422292,0.010002,0.010002,0.250541,0.307163,0.093549,0.906451,0.124637,0.129127
1329,32,0.423018,0.009988,0.009988,0.250228,0.306779,0.093823,0.906177,0.085448,0.082138
1330,30,0.4231,0.009998,0.009998,0.250181,0.306722,0.093462,0.906538,0.112291,0.114971
1331,32,0.423145,0.009999,0.009999,0.25016,0.306696,0.093914,0.906086,0.109843,0.104898
1332,32,0.423125,0.009993,0.010411,0.249987,0.306484,0.094372,0.905628,0.121655,0.116637
1333,24,0.42288,0.010003,0.010499,0.250053,0.306565,0.093613,0.906387,0.132444,0.138964
1334,24,0.421919,0.010767,0.011343,0.249763,0.306209,0.093418,0.906582,0.134572,0.135739
1335,24,0.422483,0.010008,0.011077,0.249969,0.306462,0.094155,0.905845,0.117818,0.110065
1336,32,0.422677,0.010005,0.010452,0.250084,0.306783,0.094017,0.905983,0.122552,0.123098
1337,30,0.423037,0.010002,0.010002,0.250125,0.306834,0.093918,0.906082,0.115886,0.116086
1338,30,0.422983,0.010127,0.010002,0.250093,0.306795,0.094041,0.905959,0.126142,0.124235
1339,24,0.423437,0.009994,0.009994,0.249953,0.306622,0.094443,0.905557,0.098932,0.094396
1340,24,0.423068,0.010002,0.010002,0.250012,0.306915,0.094584,0.905416,0.125182,0.123126
1341,24,0.42307,0.01,0.01,0.250014,0.306917,0.093631,0.906369,0.12991,0.138165
1342,30,0.422817,0.010087,0.010003,0.250087,0.307006,0.093333,0.906667,0.123392,0.125498
1343,30,0.422805,0.010002,0.010002,0.250131,0.307061,0.093236,0.906764,0.109594,0.109565
1344,26,0.422903,0.009998,0.009998,0.25009,0.30701,0.093434,0.906566,0.114471,0.112067
1345,24,0.422692,0.010004,0.010004,0.25018,0.307121,0.093246,0.906754,0.126585,0.127752
1346,24,0.421917,0.011164,0.01002,0.249999,0.306899,0.092804,0.907196,0.134583,0.138045
1347,30,0.422504,0.010007,0.010007,0.250175,0.307307,0.092866,0.907134,0.113019,0.111895
1348,30,0.422546,0.009999,0.010024,0.250152,0.307279,0.093124,0.906876,0.118224,0.115055
1349,24,0.422555,0.01,0.01,0.250158,0.307286,0.093827,0.906173,0.121671,0.114377
1350,32,0.422579,0.01,0.01,0.250148,0.307274,0.094416,0.905584,0.11253,0.10633
1351,36,0.422369,0.009999,0.009999,0.250117,0.307516,0.094368,0.905632,0.118666,0.118393
1352,24,0.422368,0.01,0.01,0.250116,0.307515,0.095543,0.904457,0.115512,0.103497
1353,30,0.422536,0.009997,0.009997,0.250044,0.307426,0.095752,0.904248,0.115909,0.113114
1354,30,0.422449,0.009991,0.010586,0.249821,0.307152,0.095966,0.904034,0.115852,0.11313
1355,24,0.422693,0.010006,0.010006,0.249966,0.30733,0.096783,0.903217,0.121698,0.112893
1356,24,0.422908,0.009996,0.009996,0.249878,0.307222,0.096922,0.903078,0.116981,0.114989
1357,24,0.423211,0.009995,0.009995,0.249743,0.307057,0.097935,0.902065,0.102591,0.091812
1358,24,0.423206,0.01,0.01,0.249741,0.307053,0.0971,0.9029,0.129906,0.137369
1359,30,0.423299,0.009998,0.009998,0.2497,0.307004,0.097023,0.902977,0.112298,0.112384
1360,32,0.42359,0.009995,0.009995,0.249573,0.306847,0.097283,0.902717,0.111223,0.10796
1361,24,0.423586,0.01,0.01,0.24957,0.306844,0.098452,0.901548,0.115516,0.103147
1362,32,0.423743,0.009997,0.009997,0.249502,0.30676,0.09849,0.90151,0.112574,0.111602
1363,32,0.423697,0.010001,0.010001,0.24952,0.306782,0.09867,0.90133,0.117124,0.114657
1364,24,0.423697,0.01,0.01,0.24952,0.306782,0.099722,0.900278,0.115469,0.104178
1365,24,0.423907,0.009996,0.009996,0.24943,0.306671,0.100447,0.899553,0.117012,0.108795
1366,24,0.423527,0.010251,0.010002,0.249483,0.306737,0.100033,0.899967,0.134697,0.13814
1367,30,0.423541,0.010004,0.010004,0.249587,0.306864,0.100097,0.899903,0.121999,0.120568
1368,24,0.423753,0.009996,0.009996,0.249498,0.306755,0.100762,0.899238,0.116992,0.109462
1369,32,0.423907,0.009997,0.009997,0.249429,0.30667,0.100989,0.899011,0.117052,0.114063
1370,24,0.423537,0.010231,0.010002,0.249488,0.306742,0.100244,0.899756,0.126409,0.133112
1371,32,0.423559,0.010001,0.010001,0.249501,0.306939,0.100117,0.899883,0.117949,0.118494
1372,26,0.423435,0.010002,0.010002,0.249555,0.307006,0.099748,0.900252,0.122738,0.125823
1373,30,0.423529,0.009998,0.009998,0.249516,0.306958,0.099756,0.900244,0.118992,0.118155
1374,24,0.423435,0.009998,0.009998,0.24946,0.307109,0.099003,0.900997,0.112277,0.118904
1375,32,0.423224,0.009995,0.009995,0.249336,0.30745,0.099323,0.900677,0.112417,0.108558
1376,30,0.42322,0.01,0.01,0.249333,0.307447,0.099512,0.900488,0.112989,0.110315
1377,24,0.423607,0.009993,0.009993,0.249166,0.307241,0.098999,0.901001,0.101687,0.105872
1378,24,0.423484,0.010002,0.010002,0.249213,0.307299,0.098313,0.901687,0.126916,0.132975
1379,32,0.423275,0.010001,0.010001,0.249227,0.307496,0.098773,0.901227,0.117931,0.112675
1380,24,0.423183,0.009998,0.009998,0.249173,0.307649,0.098553,0.901447,0.126511,0.12802
1381,24,0.422758,0.010003,0.010003,0.249259,0.307975,0.098208,0.901792,0.12666,0.129389
1382,26,0.423341,0.00999,0.00999,0.249011,0.307668,0.098334,0.901666,0.102373,0.100422
1383,32,0.422838,0.009997,0.009997,0.248944,0.308223,0.097993,0.902007,0.126479,0.12914
1384,24,0.422564,0.010005,0.010005,0.24906,0.308366,0.097283,0.902717,0.126494,0.132766
1385,24,0.422203,0.010003,0.010003,0.249125,0.308666,0.096533,0.903467,0.125144,0.131646
1386,32,0.422162,0.010001,0.010001,0.249145,0.308691,0.096634,0.903366,0.121762,0.120129
1387,32,0.422163,0.01,0.01,0.249146,0.308692,0.097067,0.902933,0.109906,0.105074
1388,32,0.422276,0.009998,0.009998,0.249097,0.308631,0.096939,0.903061,0.118345,0.118915
1389,26,0.422371,0.009998,0.009998,0.249054,0.308578,0.09691,0.90309,0.114484,0.114084
1390,24,0.422487,0.009994,0.009994,0.248908,0.308617,0.096864,0.903136,0.113593,0.113368
1391,30,0.422777,0.009992,0.009992,0.248702,0.308537,0.097132,0.902868,0.098821,0.095252
1392,24,0.423044,0.009995,0.009995,0.24858,0.308385,0.097582,0.902418,0.104248,0.098918
1393,32,0.423197,0.009997,0.009997,0.24851,0.308298,0.097386,0.902614,0.11722,0.11846
1394,24,0.422924,0.010005,0.010005,0.248625,0.308442,0.096764,0.903236,0.126561,0.131992
1395,24,0.422927,0.01,0.01,0.248628,0.308445,0.097579,0.902421,0.121686,0.112815
1396,28,0.422681,0.010004,0.010004,0.248734,0.308576,0.097102,0.902898,0.129161,0.133239
1397,26,0.42256,0.010002,0.010002,0.24879,0.308646,0.096786,0.903214,0.124599,0.127074
1398,24,0.42247,0.009998,0.009998,0.248736,0.308799,0.096111,0.903889,0.112288,0.118013
1399,32,0.422807,0.009994,0.009994,0.248589,0.308616,0.095984,0.904016,0.098268,0.098813
1400,24,0.423011,0.009996,0.009996,0.248496,0.3085,0.096138,0.903862,0.117019,0.114903
1401,24,0.423217,0.009996,0.009996,0.248404,0.308386,0.095984,0.904016,0.116944,0.117668
1402,32,0.423371,0.009997,0.009997,0.248334,0.3083,0.09578,0.90422,0.112585,0.113949
1403,24,0.423222,0.010002,0.010002,0.248396,0.308377,0.095022,0.904978,0.124812,0.131398
1404,32,0.423642,0.009993,0.009993,0.248218,0.308155,0.095061,0.904939,0.096638,0.095611
1405,32,0.423592,0.010001,0.010001,0.248233,0.308174,0.09509,0.90491,0.126485,0.125581
1406,38,0.423296,0.009997,0.010223,0.248147,0.308338,0.094997,0.905003,0.124167,0.124431
1407,24,0.422833,0.010673,0.01,0.248151,0.308343,0.093926,0.906074,0.134658,0.144094
1408,32,0.423163,0.01,0.01,0.24816,0.308677,0.093618,0.906382,0.107025,0.109329
1409,30,0.42333,0.009997,0.009997,0.248088,0.308587,0.093751,0.906249,0.109245,0.107399
1410,24,0.423634,0.009995,0.009995,0.247955,0.308422,0.09475,0.90525,0.100509,0.090252
1411,30,0.423536,0.010002,0.010002,0.247993,0.308468,0.095163,0.904837,0.121997,0.117379
1412,26,0.423412,0.010002,0.010002,0.248047,0.308536,0.094751,0.905249,0.122663,0.125978
1413,24,0.422991,0.010004,0.010004,0.248136,0.308866,0.093974,0.906026,0.132832,0.139521
1414,24,0.42263,0.010003,0.010003,0.2482,0.309165,0.093273,0.906727,0.125126,0.131055
1415,36,0.422804,0.009997,0.009997,0.248127,0.309075,0.093275,0.906725,0.11537,0.114624
1416,30,0.422429,0.010367,0.01,0.248128,0.309076,0.093078,0.906922,0.139926,0.14109
1417,24,0.42234,0.01,0.01,0.248135,0.309524,0.092238,0.907762,0.124685,0.131849
1418,36,0.422718,0.009993,0.009993,0.247973,0.309322,0.092563,0.907437,0.098463,0.09488
1419,24,0.42245,0.010615,0.009994,0.247816,0.309125,0.091417,0.908583,0.129839,0.139699
1420,32,0.422148,0.010297,0.010002,0.247867,0.309685,0.091218,0.908782,0.130226,0.131414
1421,24,0.421817,0.010003,0.010003,0.247949,0.310227,0.090859,0.909141,0.12176,0.124454
1422,24,0.421456,0.010003,0.010003,0.248013,0.310526,0.090068,0.909932,0.131324,0.137925
1423,24,0.421127,0.010006,0.010006,0.248156,0.310705,0.089588,0.910412,0.128005,0.131785
1424,24,0.421133,0.01,0.01,0.248159,0.310708,0.088935,0.911065,0.123888,0.129102
1425,32,0.42129,0.009995,0.010106,0.248044,0.310564,0.089776,0.910224,0.106295,0.09828
1426,24,0.421003,0.010007,0.010007,0.248211,0.310773,0.089418,0.910582,0.1301,0.132783
1427,36,0.421226,0.009996,0.009996,0.248121,0.31066,0.089622,0.910378,0.116783,0.114352
1428,24,0.421223,0.01,0.01,0.248119,0.310658,0.088834,0.911166,0.129891,0.136342
1429,38,0.420933,0.010482,0.009997,0.248035,0.310553,0.088701,0.911299,0.130699,0.131339
1430,30,0.420917,0.010009,0.010009,0.248247,0.310819,0.089184,0.910816,0.123537,0.118605
1431,30,0.420749,0.01,0.01,0.248244,0.311007,0.089403,0.910597,0.128993,0.126456
1432,28,0.420423,0.010002,0.010002,0.248303,0.311269,0.088766,0.911234,0.126235,0.131432
1433,30,0.420063,0.01,0.01,0.248312,0.311624,0.088825,0.911175,0.121784,0.120487
1434,26,0.42009,0.01,0.01,0.248301,0.31161,0.088143,0.911857,0.114835,0.120257
1435,26,0.419613,0.010005,0.010005,0.248418,0.31196,0.08718,0.91282,0.131872,0.139788
1436,24,0.419314,0.010002,0.010002,0.248456,0.312227,0.087057,0.912943,0.123117,0.123634
1437,24,0.419438,0.009998,0.009998,0.248404,0.312162,0.086405,0.913595,0.114263,0.119224
1438,30,0.419531,0.009995,0.010171,0.248287,0.312015,0.086842,0.913158,0.115786,0.111496
1439,24,0.419236,0.010004,0.010004,0.248391,0.312365,0.086041,0.913959,0.131311,0.137725
1440,36,0.418912,0.009996,0.010407,0.248292,0.312393,0.086439,0.913561,0.128825,0.124848
1441,24,0.419358,0.009999,0.009999,0.248273,0.31237,0.086302,0.913698,0.114765,0.115443
1442,38,0.419372,0.009992,0.009992,0.248077,0.312566,0.08683,0.91317,0.107448,0.102334
1443,24,0.419668,0.009991,0.009991,0.247851,0.312499,0.086369,0.913631,0.106014,0.109402
1444,24,0.419388,0.010005,0.010005,0.247963,0.312641,0.085262,0.914738,0.134775,0.143743
1445,24,0.419301,0.009998,0.009998,0.24791,0.312793,0.084919,0.915081,0.120489,0.122747
1446,30,0.419178,0.010002,0.010002,0.24796,0.312857,0.085172,0.914828,0.122923,0.120233
1447,30,0.419036,0.009997,0.009997,0.247876,0.313094,0.085781,0.914219,0.104724,0.098949
1448,26,0.418822,0.01,0.01,0.247878,0.313299,0.08541,0.91459,0.121301,0.123984
1449,24,0.418854,0.009996,0.009996,0.247771,0.313384,0.084793,0.915207,0.110861,0.115419
1450,24,0.41889,0.009999,0.009999,0.247752,0.313359,0.084151,0.915849,0.115354,0.120169
1451,26,0.418805,0.010001,0.010001,0.247788,0.313404,0.083272,0.916728,0.123634,0.130444
1452,32,0.419148,0.009994,0.009994,0.247643,0.313221,0.08336,0.91664,0.113749,0.112541
1453,30,0.419218,0.009999,0.009999,0.247608,0.313177,0.084007,0.915993,0.118405,0.112455
1454,32,0.41924,0.01,0.01,0.247597,0.313164,0.084015,0.915985,0.112546,0.111949
1455,24,0.41892,0.010115,0.010004,0.247686,0.313276,0.083159,0.916841,0.134669,0.141344
1456,30,0.418488,0.010627,0.009999,0.247653,0.313234,0.082627,0.917373,0.129944,0.133809
1457,32,0.418959,0.010003,0.010003,0.247719,0.313317,0.083281,0.916719,0.100909,0.095001
1458,24,0.418656,0.01008,0.010004,0.247818,0.313442,0.082704,0.917296,0.128424,0.132658
1459,32,0.418753,0.009997,0.009997,0.247735,0.313518,0.0835,0.9165,0.11206,0.104952
1460,24,0.418658,0.009998,0.009998,0.247679,0.313667,0.083759,0.916241,0.118321,0.115685
1461,30,0.41849,0.009997,0.009997,0.247603,0.313913,0.083453,0.916547,0.111363,0.113363
1462,36,0.41807,0.009994,0.010773,0.247448,0.313716,0.083808,0.916192,0.130445,0.126975
1463,32,0.418347,0.010008,0.010008,0.247656,0.31398,0.083966,0.916034,0.121887,0.120082
1464,26,0.418577,0.009993,0.009993,0.247479,0.313958,0.083389,0.916611,0.107851,0.112136
1465,32,0.418571,0.01,0.01,0.247476,0.313954,0.083819,0.916181,0.125329,0.12117
1466,34,0.418805,0.009996,0.009996,0.247376,0.313827,0.084262,0.915738,0.105485,0.10132
1467,24,0.418802,0.01,0.01,0.247374,0.313824,0.085438,0.914562,0.113457,0.102803
1468,30,0.418417,0.010001,0.010001,0.247392,0.31419,0.085065,0.914935,0.121729,0.124362
1469,30,0.418437,0.009996,0.009996,0.247302,0.314269,0.085921,0.914079,0.113587,0.105709
1470,30,0.418877,0.009992,0.009992,0.247112,0.314027,0.086769,0.913231,0.100929,0.092979
1471,24,0.41872,0.009999,0.009999,0.247079,0.314204,0.085979,0.914021,0.128077,0.134371
1472,30,0.418334,0.010001,0.010001,0.247096,0.314569,0.085478,0.914522,0.121785,0.125497
1473,24,0.418726,0.009993,0.009993,0.24693,0.314358,0.08645,0.91355,0.099632,0.090612
1474,30,0.418665,0.010001,0.010001,0.24695,0.314383,0.086702,0.913298,0.121578,0.118801
1475,24,0.418826,0.009985,0.010679,0.246587,0.313922,0.086049,0.913951,0.10844,0.11333
1476,32,0.419228,0.009999,0.010312,0.246566,0.313895,0.086259,0.913741,0.109433,0.10696
1477,36,0.419067,0.01,0.010199,0.246564,0.314171,0.086404,0.913596,0.118632,0.116849
1478,24,0.41915,0.010002,0.010002,0.246613,0.314233,0.087158,0.912842,0.121613,0.114412
1479,32,0.419374,0.009996,0.009996,0.246519,0.314114,0.087319,0.912681,0.094492,0.092349
1480,26,0.418978,0.010007,0.010007,0.246684,0.314324,0.08692,0.91308,0.134993,0.137939
1481,30,0.418915,0.009995,0.009995,0.246571,0.314523,0.08716,0.91284,0.110016,0.107351
1482,30,0.418447,0.010409,0.009998,0.246517,0.314629,0.086972,0.913028,0.137133,0.138191
1483,24,0.418252,0.010007,0.010007,0.246679,0.315056,0.086433,0.913567,0.125055,0.129163
1484,32,0.418305,0.009999,0.009999,0.246662,0.315034,0.086873,0.913127,0.110006,0.105693
1485,24,0.418031,0.010005,0.010005,0.246778,0.315182,0.086198,0.913802,0.128532,0.133852
1486,30,0.417511,0.010324,0.010903,0.246471,0.31479,0.086233,0.913767,0.136043,0.135249
1487,36,0.417549,0.010131,0.010798,0.246586,0.314937,0.086154,0.913846,0.130495,0.130663
1488,34,0.418086,0.010007,0.010007,0.246751,0.315149,0.086061,0.913939,0.109505,0.109822
1489,24,0.417693,0.010855,0.010081,0.246519,0.314852,0.085624,0.914376,0.129788,0.132977
1490,26,0.417785,0.010421,0.010007,0.246702,0.315085,0.085532,0.914468,0.128303,0.128593
1491,30,0.418133,0.010001,0.010001,0.246736,0.315128,0.085964,0.914036,0.115948,0.11171
1492,24,0.418346,0.009996,0.009996,0.246647,0.315015,0.086687,0.913313,0.117019,0.110159
1493,24,0.418343,0.01,0.01,0.246645,0.315012,0.086915,0.913085,0.12169,0.119161
1494,24,0.418014,0.010138,0.010003,0.246728,0.315118,0.086193,0.913807,0.126371,0.132038
1495,24,0.417922,0.01,0.01,0.246733,0.315344,0.085588,0.914412,0.121774,0.126437
1496,24,0.417464,0.010368,0.010074,0.24674,0.315353,0.085364,0.914636,0.134623,0.13602
1497,26,0.417831,0.010001,0.010001,0.246772,0.315394,0.084951,0.915049,0.11312,0.116107
1498,24,0.418318,0.009992,0.009992,0.246567,0.315132,0.085611,0.914389,0.106195,0.099859
1499,38,0.418815,0.009991,0.009991,0.246349,0.314854,0.085748,0.914252,0.098231,0.096407
1500,24,0.418442,0.010002,0.010002,0.246407,0.315147,0.085216,0.914784,0.125071,0.129088
1501,30,0.41835,0.010002,0.010002,0.246448,0.315199,0.085917,0.914083,0.115571,0.108983
1502,36,0.418081,0.010002,0.010002,0.246498,0.315417,0.085752,0.914248,0.125232,0.125984
1503,30,0.417916,0.009997,0.009997,0.246424,0.315666,0.086051,0.913949,0.111389,0.108172
1504,24,0.418188,0.009995,0.009995,0.246306,0.315515,0.086275,0.913725,0.110949,0.10839
1505,30,0.418007,0.010003,0.010003,0.246379,0.315608,0.086,0.914,0.129997,0.131832
1506,30,0.418103,0.009995,0.010177,0.246264,0.315461,0.086412,0.913588,0.115799,0.111745
1507,24,0.41781,0.010004,0.010004,0.246368,0.315813,0.08593,0.91407,0.122982,0.126588
1508,30,0.41792,0.009998,0.009998,0.246325,0.315758,0.086066,0.913934,0.122507,0.120663
1509,30,0.417994,0.009999,0.009999,0.246293,0.315716,0.086467,0.913533,0.118243,0.114243
1510,30,0.417869,0.009996,0.009996,0.246199,0.315939,0.086743,0.913257,0.120049,0.117032
1511,32,0.416974,0.010482,0.010764,0.245901,0.315878,0.086691,0.913309,0.131784,0.131691
1512,26,0.417169,0.010005,0.010581,0.246016,0.316229,0.08616,0.91384,0.122908,0.126996
1513,24,0.416875,0.009999,0.010935,0.245993,0.316198,0.085226,0.914774,0.130913,0.138329
1514,30,0.417345,0.010004,0.010243,0.246088,0.316321,0.085514,0.914486,0.107022,0.103886
1515,24,0.417174,0.010007,0.010007,0.246264,0.316547,0.085043,0.914957,0.128488,0.131988
1516,32,0.417333,0.010011,0.009997,0.246197,0.316461,0.084664,0.915336,0.12173,0.124447
1517,32,0.417322,0.009995,0.009995,0.24607,0.316618,0.084098,0.915902,0.117276,0.121568
1518,24,0.416488,0.011187,0.009994,0.245914,0.316418,0.083251,0.916749,0.1361,0.1427
1519,26,0.417441,0.010004,0.010004,0.24601,0.316542,0.082842,0.917158,0.103389,0.106239
1520,24,0.417239,0.010128,0.009998,0.245951,0.316684,0.082359,0.917641,0.12796,0.131476
1521,24,0.416926,0.010004,0.010004,0.246043,0.317023,0.081599,0.918401,0.123052,0.128824
1522,32,0.416652,0.010002,0.010002,0.246089,0.317255,0.081472,0.918528,0.124085,0.124681
1523,36,0.416377,0.010442,0.009997,0.246019,0.317165,0.081319,0.918681,0.126252,0.126998
1524,24,0.417048,0.009996,0.009996,0.245921,0.317038,0.081556,0.918444,0.106306,0.103866
1525,30,0.417045,0.01,0.01,0.245919,0.317036,0.081389,0.918611,0.119718,0.120548
1526,26,0.41675,0.009998,0.009998,0.245873,0.317381,0.080843,0.919157,0.118202,0.122207
1527,24,0.417237,0.009992,0.009992,0.245666,0.317114,0.08119,0.91881,0.106352,0.103054
1528,24,0.417355,0.009998,0.009998,0.245609,0.317041,0.081857,0.918143,0.117764,0.111752
1529,24,0.417261,0.009998,0.009998,0.245554,0.317189,0.081504,0.918496,0.120351,0.122757
1530,24,0.417417,0.009997,0.009997,0.245487,0.317102,0.08157,0.91843,0.114004,0.112877
1531,26,0.417597,0.009997,0.009997,0.245409,0.317001,0.080911,0.919089,0.11693,0.121789
1532,36,0.417367,0.009999,0.009999,0.245385,0.317249,0.08094,0.91906,0.118825,0.118137
1533,30,0.416981,0.010001,0.010001,0.245403,0.317615,0.080606,0.919394,0.121705,0.123888
1534,30,0.416931,0.009995,0.009995,0.24528,0.317799,0.080083,0.919917,0.109598,0.113285
1535,32,0.416927,0.01,0.01,0.245277,0.317795,0.080674,0.919326,0.111257,0.106083
1536,24,0.41727,0.009992,0.010117,0.245081,0.317541,0.080381,0.919619,0.110038,0.11168
1537,24,0.417106,0.010001,0.010001,0.245103,0.317789,0.079662,0.920338,0.121278,0.126542
1538,30,0.417207,0.009998,0.009998,0.245062,0.317735,0.079918,0.920082,0.116603,0.114032
1539,32,0.417205,0.01,0.01,0.245061,0.317734,0.079835,0.920165,0.116122,0.116361
1540,32,0.417711,0.009991,0.009991,0.244848,0.317458,0.079801,0.920199,0.089561,0.089245
1541,24,0.417744,0.009999,0.009999,0.244827,0.317431,0.079059,0.920941,0.115406,0.120743
1542,26,0.417478,0.010001,0.010001,0.244853,0.317667,0.078491,0.921509,0.126626,0.130739
1543,32,0.417826,0.009994,0.009994,0.244708,0.317478,0.07896,0.92104,0.093071,0.088813
1544,24,0.41813,0.009995,0.009995,0.244575,0.317306,0.07999,0.92001,0.10062,0.091849
1545,24,0.418126,0.01,0.01,0.244572,0.317303,0.081195,0.918805,0.115522,0.105213
1546,30,0.417865,0.009999,0.009999,0.244537,0.3176,0.081351,0.918649,0.113811,0.111936
1547,26,0.418046,0.009997,0.009997,0.24446,0.3175,0.080938,0.919062,0.117032,0.119899
1548,30,0.417949,0.009996,0.009996,0.244354,0.317705,0.081217,0.918783,0.109192,0.106379
1549,24,0.418549,0.00999,0.00999,0.244099,0.317373,0.082138,0.917862,0.094905,0.086789
1550,24,0.418931,0.009993,0.009993,0.243929,0.317153,0.082808,0.917192,0.107798,0.101612
1551,24,0.418926,0.01,0.01,0.243926,0.317148,0.08297,0.91703,0.121692,0.119819
1552,24,0.418926,0.01,0.01,0.243926,0.317148,0.083814,0.916186,0.121677,0.113948
1553,26,0.419107,0.009997,0.009997,0.24385,0.317049,0.083306,0.916694,0.116933,0.120648
1554,24,0.419105,0.01,0.01,0.243848,0.317047,0.082574,0.917426,0.123745,0.129259
1555,26,0.419313,0.009993,0.009993,0.243676,0.317025,0.082538,0.917462,0.104938,0.104752
1556,28,0.419325,0.01,0.01,0.243665,0.317011,0.082408,0.917592,0.118138,0.118726
1557,26,0.418588,0.010692,0.010001,0.243684,0.317035,0.081625,0.918375,0.136334,0.142321
1558,24,0.418201,0.010966,0.010002,0.243732,0.317098,0.081213,0.918787,0.128397,0.131266
1559,32,0.418586,0.010005,0.010005,0.243842,0.317563,0.081965,0.918035,0.099639,0.093047
1560,32,0.418456,0.009997,0.009997,0.243766,0.317785,0.082291,0.917709,0.117424,0.114228
1561,24,0.418656,0.009996,0.010017,0.24367,0.317661,0.082816,0.917184,0.116913,0.112099
1562,24,0.419053,0.009993,0.009993,0.24351,0.317451,0.083485,0.916515,0.107798,0.101564
1563,26,0.419229,0.009997,0.009997,0.24343,0.317348,0.08303,0.91697,0.11325,0.116566
1564,30,0.419367,0.009998,0.009998,0.243369,0.317268,0.083111,0.916889,0.116794,0.115617
1565,36,0.419978,0.009989,0.009989,0.243111,0.316932,0.083104,0.916896,0.090094,0.089574
1566,24,0.419605,0.010002,0.010002,0.243167,0.317224,0.082855,0.917145,0.125129,0.126639
1567,32,0.419534,0.009998,0.009998,0.243126,0.317343,0.082658,0.917342,0.124999,0.126105
1568,26,0.419407,0.010002,0.010002,0.243178,0.317411,0.082101,0.917899,0.124616,0.128806
1569,30,0.419386,0.01,0.01,0.243189,0.317425,0.082175,0.917825,0.129648,0.128479
1570,24,0.419721,0.009994,0.009994,0.243048,0.317242,0.083131,0.916869,0.106847,0.098421
1571,24,0.419902,0.009993,0.009993,0.242876,0.317236,0.082454,0.917546,0.109144,0.114127
1572,32,0.419979,0.009995,0.009995,0.242763,0.317268,0.083065,0.916935,0.105098,0.099606
1573,32,0.419923,0.009998,0.009998,0.242707,0.317375,0.083208,0.916792,0.123589,0.12189
1574,30,0.420257,0.009994,0.009994,0.242565,0.31719,0.083214,0.916786,0.098677,0.097879
1575,24,0.420179,0.010175,0.009998,0.242519,0.317129,0.082862,0.917138,0.123875,0.126195
1576,26,0.420126,0.010004,0.010004,0.242614,0.317253,0.082298,0.917702,0.124549,0.128777
1577,26,0.419918,0.01,0.01,0.242619,0.317462,0.081625,0.918375,0.125137,0.130224
1578,32,0.419873,0.010001,0.010004,0.242637,0.317485,0.081665,0.918335,0.12636,0.125558
1579,32,0.419872,0.009995,0.010095,0.242522,0.317516,0.08212,0.91788,0.120129,0.116018
1580,30,0.419692,0.010005,0.010005,0.242635,0.317664,0.082228,0.917772,0.140053,0.138618
1581,26,0.419876,0.009997,0.009997,0.242562,0.317568,0.081693,0.918307,0.116886,0.120778
1582,24,0.419874,0.01,0.01,0.242561,0.317566,0.082895,0.917105,0.11552,0.105005
1583,24,0.419542,0.010006,0.010006,0.242699,0.317747,0.082382,0.917618,0.130114,0.133937
1584,32,0.419729,0.009994,0.009994,0.242554,0.317729,0.08286,0.91714,0.103072,0.098466
1585,32,0.419589,0.010002,0.010002,0.242607,0.317799,0.082929,0.917071,0.114534,0.113462
1586,30,0.41938,0.010279,0.009999,0.24258,0.317763,0.083089,0.916911,0.131846,0.129939
1587,26,0.419496,0.010003,0.010003,0.242647,0.317851,0.082715,0.917285,0.120419,0.12306
1588,26,0.419139,0.009997,0.010554,0.242566,0.317745,0.082801,0.917199,0.128278,0.127119
1589,24,0.419971,0.009995,0.009995,0.242448,0.317591,0.083734,0.916266,0.096931,0.088636
1590,26,0.419575,0.010007,0.010007,0.242609,0.317802,0.083146,0.916854,0.129337,0.133784
1591,26,0.419455,0.010002,0.010002,0.242665,0.317875,0.082411,0.917589,0.128325,0.133934
1592,24,0.419184,0.010005,0.010005,0.24278,0.318026,0.08171,0.91829,0.128547,0.133832
1593,24,0.418669,0.010008,0.010575,0.242755,0.317992,0.081446,0.918554,0.134641,0.136329
1594,32,0.41887,0.010007,0.010007,0.242915,0.318202,0.082253,0.917747,0.111063,0.103958
1595,32,0.41874,0.010002,0.010002,0.242974,0.31828,0.082234,0.917766,0.120552,0.120182
1596,30,0.418836,0.009995,0.010176,0.242861,0.318132,0.082624,0.917376,0.115778,0.112121
1597,32,0.418863,0.010002,0.010002,0.242921,0.318211,0.083131,0.916869,0.121869,0.117131
1598,30,0.419046,0.009997,0.009997,0.242847,0.318113,0.08331,0.91669,0.116457,0.114319
1599,24,0.419442,0.009993,0.009993,0.242679,0.317893,0.084065,0.915935,0.106974,0.099966
1600,36,0.419275,0.010167,0.01,0.242673,0.317886,0.084013,0.915987,0.123527,0.123474
1601,24,0.419345,0.010002,0.010002,0.242713,0.317939,0.083618,0.916382,0.121751,0.124591
1602,30,0.419325,0.009994,0.009994,0.24258,0.318106,0.084002,0.915998,0.10769,0.10401
1603,32,0.419479,0.009997,0.009997,0.242511,0.318016,0.08425,0.91575,0.121858,0.119284
1604,30,0.419449,0.01,0.01,0.242521,0.318029,0.084459,0.915541,0.12049,0.118147
1605,30,0.419328,0.010002,0.010002,0.242572,0.318096,0.084776,0.915224,0.116353,0.113138
1606,30,0.419857,0.009991,0.009991,0.242353,0.317809,0.084774,0.915226,0.097081,0.096535
1607,26,0.419723,0.010002,0.010002,0.242401,0.317872,0.084264,0.915736,0.12831,0.132173
1608,32,0.419725,0.01,0.01,0.242402,0.317873,0.084601,0.915399,0.125339,0.121965
1609,26,0.419514,0.01,0.01,0.242406,0.31808,0.084098,0.915902,0.125141,0.128927
1610,32,0.419583,0.009996,0.009996,0.242305,0.318121,0.08407,0.91593,0.105617,0.105168
1611,32,0.419581,0.009994,0.009994,0.242168,0.318262,0.084453,0.915547,0.109317,0.105647
1612,26,0.419566,0.01,0.01,0.24217,0.318264,0.083877,0.916123,0.121051,0.12546
1613,26,0.419747,0.009997,0.009997,0.242094,0.318165,0.08343,0.91657,0.116997,0.120216
1614,26,0.419975,0.009996,0.009996,0.241996,0.318037,0.082859,0.917141,0.111979,0.116204
1615,24,0.419893,0.010048,0.01,0.242007,0.318051,0.08222,0.91778,0.131436,0.136234
1616,36,0.420132,0.009997,0.009997,0.241928,0.317946,0.082063,0.917937,0.109813,0.110643
1617,32,0.420287,0.009997,0.009997,0.24186,0.317858,0.082672,0.917328,0.107797,0.102335
1618,32,0.420399,0.009998,0.009998,0.241811,0.317793,0.082785,0.917215,0.113784,0.112394
1619,24,0.420033,0.010002,0.010002,0.241871,0.318091,0.081738,0.918262,0.131274,0.139381
1620,32,0.420598,0.00999,0.00999,0.241638,0.317784,0.082215,0.917785,0.089316,0.084881
1621,32,0.420841,0.009995,0.009995,0.241528,0.31764,0.082875,0.917125,0.104784,0.09873
1622,24,0.420689,0.010002,0.010002,0.241588,0.317718,0.082462,0.917538,0.130953,0.133877
1623,30,0.42086,0.009997,0.009997,0.241519,0.317627,0.083218,0.916782,0.11583,0.109105
1624,26,0.420677,0.010003,0.010003,0.241592,0.317724,0.082866,0.917134,0.129766,0.132267
1625,26,0.420469,0.01,0.01,0.241597,0.317933,0.082345,0.917655,0.125107,0.128958
1626,24,0.42073,0.009993,0.010161,0.241418,0.317698,0.082218,0.917782,0.111298,0.111762
1627,32,0.421048,0.009997,0.009997,0.24135,0.317608,0.082524,0.917476,0.109463,0.106372
1628,24,0.420849,0.010003,0.010455,0.241235,0.317457,0.082342,0.917658,0.129844,0.130782
1629,26,0.421272,0.010001,0.010001,0.24125,0.317477,0.081843,0.918157,0.111945,0.115559
1630,24,0.421,0.010005,0.010005,0.241364,0.317626,0.081176,0.918824,0.128561,0.133546
1631,24,0.421287,0.009993,0.010116,0.241197,0.317407,0.081826,0.918174,0.113019,0.107178
1632,30,0.421427,0.009996,0.009996,0.241111,0.317469,0.082075,0.917925,0.113099,0.110543
1633,32,0.421012,0.009999,0.009999,0.241075,0.317916,0.082038,0.917962,0.130104,0.129928
1634,24,0.420738,0.010005,0.010005,0.241188,0.318064,0.081307,0.918693,0.128552,0.134061
1635,24,0.420894,0.009997,0.009997,0.241127,0.317984,0.081497,0.918503,0.118648,0.116676
1636,32,0.420848,0.010001,0.010001,0.241144,0.318006,0.081401,0.918599,0.121902,0.122191
1637,24,0.420426,0.010004,0.010004,0.241229,0.318338,0.080879,0.919121,0.126605,0.130337
1638,36,0.420273,0.01,0.01,0.241232,0.318495,0.08092,0.91908,0.122003,0.121166
1639,24,0.419942,0.010006,0.010006,0.24137,0.318677,0.080626,0.919374,0.130067,0.132003
1640,24,0.419674,0.010005,0.010005,0.241486,0.31883,0.079943,0.920057,0.128634,0.133703
1641,24,0.419373,0.010004,0.010082,0.241583,0.318958,0.079728,0.920272,0.134681,0.135941
1642,24,0.419318,0.009999,0.009999,0.24155,0.319134,0.07896,0.92104,0.120505,0.126105
1643,26,0.419106,0.01,0.01,0.241553,0.31934,0.078434,0.921566,0.125126,0.128861
1644,30,0.419067,0.009997,0.009997,0.241489,0.319448,0.078323,0.921677,0.116519,0.116926
1645,32,0.418855,0.01,0.01,0.241501,0.319643,0.078378,0.921622,0.111673,0.110757
1646,32,0.41897,0.009998,0.009998,0.241454,0.319581,0.078529,0.921471,0.107585,0.105998
1647,36,0.418797,0.01,0.01019,0.241444,0.319569,0.078935,0.921065,0.130491,0.126851
1648,30,0.418275,0.010544,0.010124,0.241387,0.319669,0.078549,0.921451,0.138045,0.140632
1649,30,0.417604,0.011166,0.010572,0.241217,0.319442,0.078597,0.921403,0.139838,0.139013
1650,30,0.418156,0.010017,0.010017,0.241629,0.320181,0.078386,0.921614,0.119213,0.120357
1651,24,0.417658,0.010456,0.010115,0.241613,0.320159,0.078413,0.921587,0.128368,0.127723
1652,24,0.417616,0.010026,0.01001,0.24186,0.320487,0.077938,0.922062,0.134735,0.138048
1653,24,0.417751,0.009995,0.009995,0.241728,0.320531,0.078997,0.921003,0.107356,0.098516
1654,28,0.417499,0.010004,0.010004,0.241828,0.320664,0.078494,0.921506,0.129033,0.132607
1655,30,0.417655,0.009997,0.010037,0.24175,0.320561,0.078754,0.921246,0.115804,0.113207
1656,38,0.41744,0.009999,0.009999,0.241733,0.320828,0.078786,0.921214,0.1226,0.121791
1657,32,0.417148,0.009999,0.009999,0.24172,0.321133,0.078833,0.921167,0.106673,0.105815
1658,30,0.417428,0.009995,0.009995,0.241604,0.320978,0.078962,0.921038,0.113963,0.112305
1659,36,0.417209,0.010142,0.009999,0.241568,0.321083,0.079224,0.920776,0.128803,0.126273
1660,26,0.417183,0.010003,0.010003,0.241637,0.321175,0.078557,0.921443,0.123701,0.128494
1661,30,0.41739,0.009997,0.009997,0.241553,0.321064,0.078266,0.921734,0.105393,0.107065
1662,32,0.416976,0.010147,0.010716,0.241357,0.320804,0.078742,0.921258,0.126266,0.122095
1663,32,0.417201,0.010011,0.010011,0.241622,0.321155,0.078798,0.921202,0.114381,0.11346
1664,24,0.417422,0.009997,0.009997,0.241539,0.321046,0.078877,0.921123,0.116966,0.115897
1665,26,0.417208,0.01,0.01,0.241541,0.32125,0.078363,0.921637,0.125079,0.128716
1666,26,0.417198,0.01,0.01,0.241546,0.321256,0.077992,0.922008,0.119162,0.121649
1667,30,0.41674,0.009999,0.009999,0.241521,0.321741,0.077857,0.922143,0.118931,0.11948
1668,30,0.416645,0.010002,0.010002,0.24156,0.321792,0.078386,0.921614,0.121983,0.117358
1669,24,0.416926,0.009995,0.009995,0.241444,0.321639,0.078805,0.921195,0.104402,0.100476
1670,24,0.417045,0.009998,0.009998,0.241391,0.321568,0.078402,0.921598,0.114299,0.116982
1671,32,0.416999,0.010001,0.010001,0.241408,0.321591,0.078647,0.921353,0.126495,0.124161
1672,32,0.416583,0.010334,0.009998,0.241371,0.321714,0.07836,0.92164,0.137831,0.139658
1673,26,0.416623,0.010039,0.010004,0.241478,0.321856,0.078031,0.921969,0.123634,0.125693
1674,24,0.416367,0.010005,0.010005,0.241602,0.322021,0.077282,0.922718,0.126445,0.131845
1675,26,0.416469,0.009998,0.009998,0.241564,0.32197,0.077283,0.922717,0.114498,0.114098
1676,26,0.416705,0.009996,0.009996,0.241465,0.321839,0.076874,0.923126,0.115542,0.118291
1677,24,0.416734,0.009996,0.009996,0.241359,0.321916,0.076468,0.923532,0.110888,0.11353
1678,24,0.41676,0.009992,0.009992,0.241163,0.322093,0.076381,0.923619,0.110182,0.110363
1679,36,0.416598,0.01,0.01,0.24116,0.322242,0.076711,0.923289,0.120708,0.117708
1680,36,0.416534,0.009998,0.009998,0.241123,0.322346,0.076951,0.923049,0.127239,0.124939
1681,24,0.416657,0.009998,0.009998,0.241071,0.322277,0.076276,0.923724,0.114383,0.119071
1682,30,0.416363,0.010002,0.010002,0.241118,0.322515,0.07657,0.92343,0.127349,0.124666
1683,30,0.416145,0.010004,0.010004,0.24121,0.322637,0.076431,0.923569,0.13009,0.130783
1684,24,0.415656,0.010306,0.01,0.241198,0.322841,0.076061,0.923939,0.131148,0.133489
1685,24,0.415995,0.009999,0.009999,0.241184,0.322822,0.076002,0.923998,0.11714,0.117143
1686,24,0.415995,0.01,0.01,0.241184,0.322822,0.077142,0.922858,0.115471,0.106231
1687,30,0.415753,0.009998,0.009998,0.241142,0.323108,0.076359,0.923641,0.11776,0.123268
1688,26,0.415486,0.010001,0.010001,0.241167,0.323344,0.075786,0.924214,0.126512,0.130523
1689,30,0.415195,0.010002,0.010002,0.241216,0.323585,0.075914,0.924086,0.127329,0.125915
1690,26,0.414986,0.01,0.01,0.241221,0.323793,0.075403,0.924597,0.125057,0.128549
1691,30,0.414225,0.010665,0.010445,0.240997,0.323668,0.075356,0.924644,0.137034,0.136997
1692,32,0.414853,0.010008,0.010008,0.241196,0.323935,0.075529,0.924471,0.102187,0.100406
1693,30,0.414667,0.009998,0.009998,0.241138,0.3242,0.075243,0.924757,0.112241,0.113934
1694,24,0.414299,0.010002,0.010002,0.241197,0.324499,0.074816,0.925184,0.125066,0.127898
1695,30,0.414472,0.009997,0.009997,0.241128,0.324406,0.074708,0.925292,0.11585,0.116279
1696,30,0.414532,0.009999,0.009999,0.241101,0.324369,0.07479,0.92521,0.123941,0.122866
1697,30,0.414702,0.009997,0.009997,0.24103,0.324274,0.075026,0.924974,0.11584,0.113638
1698,32,0.414655,0.010001,0.010001,0.241047,0.324297,0.075395,0.924605,0.117096,0.113927
1699,24,0.414533,0.010037,0.010261,0.240973,0.324197,0.075055,0.924945,0.123854,0.125904
1700,30,0.414757,0.010001,0.010001,0.241003,0.324238,0.075157,0.924843,0.116607,0.115481
1701,30,0.413303,0.011444,0.011483,0.240376,0.323394,0.075205,0.924795,0.139676,0.138922
1702,24,0.413449,0.011047,0.010895,0.240734,0.323876,0.074976,0.925024,0.128466,0.129766
1703,26,0.414663,0.010012,0.010012,0.241034,0.324278,0.074989,0.925011,0.103243,0.1027
1704,24,0.414371,0.010002,0.010002,0.241074,0.324552,0.074811,0.925189,0.123048,0.124
1705,36,0.414594,0.009996,0.009996,0.240983,0.32443,0.074795,0.925205,0.108561,0.1083
1706,24,0.414487,0.009997,0.010257,0.240918,0.324341,0.074396,0.925604,0.123869,0.126367
1707,26,0.414114,0.010007,0.010007,0.241093,0.324779,0.073484,0.926516,0.131812,0.138231
1708,32,0.413913,0.010004,0.010004,0.241181,0.324898,0.073315,0.926685,0.125767,0.126662
1709,26,0.414691,0.009987,0.009987,0.240864,0.324472,0.073294,0.926706,0.090499,0.090172
1710,36,0.414501,0.010003,0.010003,0.240931,0.324562,0.072951,0.927049,0.127827,0.12999
1711,26,0.414126,0.010549,0.010048,0.240839,0.324438,0.072871,0.927129,0.128185,0.128402
1712,24,0.414499,0.010004,0.010004,0.240931,0.324562,0.072324,0.927676,0.11436,0.117862
1713,30,0.413741,0.010598,0.01069,0.240709,0.324263,0.072558,0.927442,0.129825,0.127776
1714,32,0.41466,0.010006,0.010006,0.240861,0.324467,0.07263,0.92737,0.0911,0.090132
1715,30,0.414445,0.010004,0.010004,0.240954,0.324593,0.072174,0.927826,0.130123,0.133015
1716,30,0.414628,0.009997,0.009997,0.240882,0.324496,0.072042,0.927958,0.107596,0.108114
1717,24,0.415116,0.009992,0.009992,0.240679,0.324222,0.07241,0.92759,0.106382,0.10333
1718,30,0.415177,0.009999,0.009999,0.240647,0.324179,0.072196,0.927804,0.11985,0.121036
1719,32,0.415181,0.009994,0.009994,0.240512,0.324318,0.072638,0.927362,0.109331,0.105799
1720,32,0.415264,0.009995,0.009995,0.240402,0.324343,0.073037,0.926963,0.115349,0.112063
1721,26,0.415134,0.010002,0.010002,0.240452,0.32441,0.072321,0.927679,0.128418,0.133268
1722,24,0.415135,0.01,0.01,0.240453,0.324411,0.073542,0.926458,0.115511,0.106121
1723,30,0.415152,0.009996,0.009996,0.240368,0.324487,0.073807,0.926193,0.109415,0.107068
1724,24,0.414874,0.010005,0.010005,0.240479,0.324638,0.073134,0.926866,0.134757,0.139369
1725,32,0.414827,0.009998,0.009998,0.240428,0.324749,0.072986,0.927014,0.123634,0.12435
1726,30,0.414731,0.010002,0.010002,0.240466,0.3248,0.07304,0.92696,0.122003,0.1212
1727,30,0.415076,0.009994,0.009994,0.240325,0.32461,0.073155,0.926845,0.099156,0.09776
1728,26,0.414944,0.010002,0.010002,0.240375,0.324677,0.072646,0.927354,0.124608,0.128017
1729,26,0.414836,0.009995,0.009995,0.240255,0.324919,0.072882,0.927118,0.112273,0.110133
1730,24,0.414199,0.010841,0.010015,0.240157,0.324787,0.072515,0.927485,0.13456,0.136837
1731,38,0.414813,0.010004,0.010004,0.240257,0.324922,0.072605,0.927395,0.113604,0.112609
1732,30,0.414794,0.009995,0.009995,0.240128,0.325089,0.072724,0.927276,0.108498,0.107241
1733,30,0.414473,0.010234,0.010001,0.24016,0.325132,0.072439,0.927561,0.12993,0.131606
1734,24,0.414848,0.009998,0.009998,0.240102,0.325054,0.071877,0.928123,0.111022,0.114678
1735,36,0.414802,0.009996,0.009996,0.240005,0.325201,0.072918,0.927082,0.107329,0.09942
1736,34,0.414712,0.010001,0.010001,0.240038,0.325247,0.073504,0.926496,0.116105,0.111467
1737,30,0.414884,0.009997,0.009997,0.239969,0.325153,0.07424,0.92576,0.115837,0.110047
1738,32,0.414857,0.010057,0.009999,0.239954,0.325132,0.074512,0.925488,0.125187,0.122765
1739,36,0.414674,0.009999,0.009999,0.239938,0.325389,0.0748,0.9252,0.117315,0.11472
1740,24,0.414264,0.010253,0.010074,0.239973,0.325436,0.074605,0.925395,0.134611,0.135654
1741,24,0.414613,0.01,0.01,0.239964,0.325424,0.074553,0.925447,0.11715,0.117174
1742,30,0.414745,0.009994,0.009994,0.239831,0.325435,0.074551,0.925449,0.112833,0.112415
1743,30,0.414746,0.009994,0.009994,0.239686,0.325581,0.074454,0.925546,0.100988,0.101286
1744,32,0.414773,0.009999,0.009999,0.23967,0.325559,0.07363,0.92637,0.127716,0.133447
1745,24,0.414567,0.010234,0.010257,0.239548,0.325394,0.072895,0.927105,0.123834,0.128773
1746,30,0.414754,0.010116,0.010003,0.239627,0.3255,0.072473,0.927527,0.119727,0.12238
1747,24,0.414438,0.010004,0.010004,0.239715,0.32584,0.071903,0.928097,0.12295,0.126714
1748,26,0.414548,0.009998,0.009998,0.239673,0.325783,0.071279,0.928721,0.118004,0.122109
1749,26,0.414408,0.009999,0.009999,0.239646,0.325948,0.070656,0.929344,0.124296,0.128324
1750,24,0.414073,0.010006,0.010006,0.239782,0.326133,0.070281,0.929719,0.129981,0.132276
1751,32,0.414163,0.009996,0.009996,0.239677,0.326169,0.070574,0.929426,0.11897,0.116575
1752,24,0.413828,0.010139,0.010003,0.239754,0.326275,0.069878,0.930122,0.134659,0.139236
1753,26,0.413955,0.01,0.01,0.239761,0.326284,0.069269,0.930731,0.112292,0.116148
1754,30,0.414028,0.009995,0.010232,0.239634,0.326111,0.069579,0.930421,0.115778,0.113312
1755,24,0.413838,0.010007,0.010027,0.239796,0.326332,0.069519,0.930481,0.13472,0.134799
1756,24,0.413577,0.010005,0.010005,0.239917,0.326496,0.069183,0.930817,0.128569,0.130583
1757,26,0.413682,0.009995,0.009995,0.239795,0.326533,0.068715,0.931285,0.113866,0.116719
1758,30,0.413756,0.009999,0.009999,0.239761,0.326486,0.068617,0.931383,0.108333,0.108497
1759,30,0.41366,0.010002,0.010002,0.239799,0.326538,0.068554,0.931446,0.122165,0.122232
1760,32,0.413997,0.009994,0.009994,0.239663,0.326352,0.068797,0.931203,0.096807,0.094719
1761,24,0.414206,0.009996,0.009996,0.239573,0.326229,0.068883,0.931117,0.116984,0.11606
1762,32,0.414255,0.009994,0.009994,0.239418,0.32634,0.069131,0.930869,0.098612,0.096586
1763,30,0.414346,0.009998,0.009998,0.239376,0.326282,0.069408,0.930592,0.119045,0.116763
1764,24,0.413971,0.010021,0.010002,0.23943,0.326576,0.068621,0.931379,0.131153,0.136253
1765,24,0.413984,0.01,0.01,0.239434,0.326581,0.067892,0.932108,0.123925,0.128521
1766,24,0.413776,0.01,0.01,0.23943,0.326794,0.067263,0.932737,0.123395,0.127322
1767,24,0.413351,0.010004,0.010004,0.239514,0.327128,0.066748,0.933252,0.126578,0.129746
1768,32,0.413514,0.009997,0.009997,0.239451,0.327041,0.066773,0.933227,0.108008,0.107564
1769,30,0.413291,0.010004,0.010004,0.239539,0.327162,0.06648,0.93352,0.130142,0.131757
1770,24,0.412938,0.010057,0.010005,0.239665,0.327334,0.065924,0.934076,0.129928,0.13331
1771,24,0.413001,0.009996,0.009996,0.239576,0.327431,0.065843,0.934157,0.114465,0.114636
1772,30,0.412903,0.010002,0.010002,0.239613,0.327481,0.066307,0.933693,0.122161,0.118738
1773,24,0.412628,0.010005,0.010005,0.239726,0.327636,0.065864,0.934136,0.128499,0.131112
1774,24,0.412573,0.010001,0.010001,0.239752,0.327672,0.06613,0.93387,0.123188,0.121126
1775,24,0.412298,0.010005,0.010005,0.239865,0.327827,0.065671,0.934329,0.134706,0.137455
1776,30,0.412476,0.009994,0.009994,0.239725,0.32781,0.066565,0.933435,0.110132,0.103927
1777,30,0.412393,0.009998,0.009998,0.239676,0.327935,0.066819,0.933181,0.1265,0.124435
1778,32,0.412055,0.01,0.01,0.239685,0.328259,0.067095,0.932905,0.118504,0.116359
1779,32,0.411848,0.010004,0.010004,0.239769,0.328375,0.066919,0.933081,0.12424,0.125131
1780,26,0.411768,0.009998,0.009998,0.239722,0.328513,0.066568,0.933432,0.117274,0.119327
1781,24,0.41177,0.01,0.01,0.23972,0.32851,0.065862,0.934138,0.115734,0.120006
1782,24,0.412174,0.009989,0.009989,0.239466,0.328381,0.065834,0.934166,0.102912,0.102725
1783,24,0.4118,0.010002,0.010002,0.239521,0.328675,0.065484,0.934516,0.122996,0.125012
1784,30,0.411878,0.009999,0.009999,0.239491,0.328634,0.065281,0.934719,0.118478,0.119494
1785,26,0.412159,0.009995,0.009995,0.239375,0.328475,0.065314,0.934686,0.11377,0.11325
1786,38,0.412006,0.01,0.01,0.239372,0.328622,0.065352,0.934648,0.121842,0.121318
1787,24,0.411638,0.010741,0.009994,0.239217,0.328409,0.064529,0.935471,0.131334,0.136373
1788,24,0.411893,0.010004,0.010004,0.239324,0.328775,0.06426,0.93574,0.111931,0.113345
1789,24,0.411806,0.009998,0.009998,0.239274,0.328924,0.063875,0.936125,0.120314,0.1225
1790,32,0.411792,0.010182,0.010119,0.239151,0.328756,0.064118,0.935882,0.122824,0.120987
1791,30,0.411696,0.010007,0.010007,0.239313,0.328978,0.06448,0.93552,0.123496,0.120882
1792,24,0.411611,0.009998,0.009998,0.239263,0.329129,0.064437,0.935563,0.118278,0.118243
1793,30,0.411519,0.009996,0.009996,0.23916,0.329329,0.064744,0.935256,0.109142,0.106819
1794,30,0.41094,0.009995,0.010856,0.239042,0.329167,0.06477,0.93523,0.139871,0.139437
1795,32,0.411366,0.010004,0.010004,0.239145,0.32948,0.064776,0.935224,0.105665,0.105219
1796,26,0.411683,0.009995,0.009995,0.23902,0.329308,0.064356,0.935644,0.114865,0.11722
1797,26,0.412273,0.00999,0.00999,0.238776,0.328972,0.064351,0.935649,0.102576,0.102251
1798,24,0.412284,0.009986,0.010766,0.238446,0.328518,0.065075,0.934925,0.113162,0.108096
1799,24,0.41223,0.009999,0.010889,0.238412,0.328471,0.064898,0.935102,0.123894,0.124715
1800,38,0.411236,0.010879,0.011486,0.238209,0.32819,0.064972,0.935028,0.13975,0.138998
1801,24,0.412576,0.01001,0.010465,0.23844,0.328509,0.065349,0.934651,0.104926,0.10211
1802,24,0.412497,0.010009,0.010009,0.238665,0.328819,0.064672,0.935328,0.134724,0.138862
1803,24,0.412169,0.010006,0.010006,0.238806,0.329013,0.064345,0.935655,0.13007,0.131895
1804,24,0.411898,0.010005,0.010005,0.238921,0.329171,0.063944,0.936056,0.128546,0.130852
1805,24,0.412033,0.009998,0.009998,0.23887,0.329101,0.0634,0.9366,0.111936,0.115074
1806,30,0.41181,0.010004,0.010004,0.238959,0.329224,0.063394,0.936606,0.129978,0.129686
1807,30,0.411813,0.01,0.01,0.23896,0.329226,0.064104,0.935896,0.113122,0.108284
1808,24,0.411478,0.010006,0.010006,0.239097,0.329414,0.06338,0.93662,0.12791,0.132254
1809,30,0.411388,0.010002,0.010002,0.239138,0.329471,0.063659,0.936341,0.132035,0.129929
1810,24,0.411113,0.010005,0.010005,0.239251,0.329626,0.063309,0.936691,0.13466,0.136574
1811,24,0.411058,0.010001,0.010001,0.239277,0.329663,0.06278,0.93722,0.123287,0.126348
1812,30,0.410936,0.010002,0.010002,0.239328,0.329732,0.063094,0.936906,0.123089,0.120835
1813,30,0.410716,0.010004,0.010004,0.239419,0.329857,0.062874,0.937126,0.129993,0.131059
1814,24,0.410934,0.009996,0.009996,0.239333,0.32974,0.062819,0.937181,0.117005,0.117061
1815,24,0.410355,0.010159,0.010566,0.239269,0.329651,0.062692,0.937308,0.13457,0.135091
1816,30,0.410473,0.009996,0.01066,0.239168,0.329703,0.062905,0.937095,0.122744,0.121115
1817,32,0.410733,0.010007,0.010007,0.239328,0.329925,0.063315,0.936685,0.115736,0.112874
1818,24,0.410373,0.010003,0.010003,0.239391,0.330231,0.06223,0.93777,0.131159,0.137683
1819,26,0.410247,0.010002,0.010002,0.239445,0.330304,0.061748,0.938252,0.128254,0.131001
1820,30,0.409906,0.01,0.01,0.239446,0.330648,0.061551,0.938449,0.121462,0.122421
1821,32,0.410373,0.009992,0.009992,0.239257,0.330386,0.061551,0.938449,0.104979,0.104676
1822,26,0.410156,0.01,0.01,0.239256,0.330588,0.061214,0.938786,0.121234,0.123058
1823,30,0.410249,0.009995,0.009995,0.239141,0.33062,0.061133,0.938867,0.112973,0.11323
1824,30,0.410417,0.009997,0.009997,0.239069,0.33052,0.061312,0.938688,0.116029,0.114705
1825,24,0.410605,0.009993,0.009993,0.238901,0.330508,0.060757,0.939243,0.107534,0.110614
1826,26,0.410306,0.009998,0.009998,0.238853,0.330845,0.060297,0.939703,0.121916,0.124472
1827,24,0.410432,0.009998,0.009998,0.238801,0.330772,0.0597,0.9403,0.114315,0.117588
1828,30,0.410307,0.010002,0.010002,0.238849,0.33084,0.059654,0.940346,0.13299,0.132986
1829,24,0.409942,0.010003,0.010003,0.23891,0.331142,0.058933,0.941067,0.124954,0.128956
1830,26,0.409975,0.01,0.01,0.238899,0.331127,0.058325,0.941675,0.114818,0.118119
1831,26,0.409522,0.010008,0.010008,0.239082,0.331381,0.057851,0.942149,0.126815,0.129354
1832,24,0.409162,0.010003,0.010003,0.239145,0.331687,0.057643,0.942357,0.124921,0.125887
1833,36,0.408928,0.009997,0.009997,0.239065,0.332014,0.05779,0.94221,0.114612,0.113524
1834,30,0.40883,0.010002,0.010002,0.239102,0.332065,0.058554,0.941446,0.115545,0.110842
1835,24,0.408874,0.009999,0.009999,0.239085,0.332042,0.057948,0.942052,0.115349,0.1186
1836,24,0.408874,0.01,0.01,0.239085,0.332041,0.059092,0.940908,0.115445,0.108508
1837,32,0.408538,0.01,0.01,0.239094,0.332367,0.059123,0.940877,0.134081,0.133649
1838,24,0.408667,0.009998,0.009998,0.239043,0.332295,0.058744,0.941256,0.114369,0.11632
1839,30,0.408142,0.010022,0.010769,0.238786,0.33228,0.058578,0.941422,0.128532,0.129244
1840,30,0.408455,0.010001,0.010448,0.238799,0.332298,0.058817,0.941183,0.115853,0.114198
1841,26,0.408738,0.010003,0.010003,0.238866,0.332391,0.058862,0.941138,0.114517,0.11403
1842,30,0.408645,0.010002,0.010002,0.238906,0.332446,0.059135,0.940865,0.121939,0.120061
1843,26,0.408518,0.010002,0.010002,0.238958,0.332519,0.059282,0.940718,0.128333,0.127254
1844,32,0.408269,0.010108,0.010003,0.239018,0.332602,0.059143,0.940857,0.12409,0.124664
1845,24,0.408037,0.010006,0.010006,0.239156,0.332795,0.058816,0.941184,0.128537,0.130235
1846,32,0.407913,0.009997,0.009997,0.239082,0.333011,0.058894,0.941106,0.103064,0.102357
1847,24,0.407827,0.009998,0.009998,0.239026,0.333152,0.058566,0.941434,0.120498,0.122104
1848,24,0.407544,0.010014,0.010005,0.239134,0.333304,0.057481,0.942519,0.134617,0.140651
1849,24,0.407551,0.01,0.01,0.239139,0.33331,0.056751,0.943249,0.123733,0.12764
1850,24,0.407462,0.009998,0.009998,0.239087,0.333456,0.056018,0.943982,0.126398,0.130322
1851,24,0.407401,0.010001,0.010001,0.23911,0.333488,0.055624,0.944376,0.125265,0.12724
1852,38,0.406794,0.010001,0.010001,0.23913,0.334075,0.055791,0.944209,0.115744,0.114598
1853,32,0.406884,0.009995,0.009995,0.239022,0.334104,0.055711,0.944289,0.103622,0.103854
1854,24,0.40729,0.009989,0.009989,0.238766,0.333965,0.055909,0.944091,0.103056,0.101703
1855,32,0.406363,0.011215,0.010994,0.238223,0.333205,0.055701,0.944299,0.135883,0.136806
1856,30,0.407267,0.010393,0.010166,0.238534,0.33364,0.055596,0.944404,0.107374,0.107692
1857,24,0.407994,0.009997,0.009997,0.238466,0.333546,0.055536,0.944464,0.106391,0.106424
1858,24,0.407997,0.01,0.01,0.238463,0.333541,0.055132,0.944868,0.124032,0.126009
1859,32,0.407795,0.009998,0.009998,0.238415,0.333794,0.054927,0.945073,0.119346,0.120215
1860,26,0.407583,0.01,0.01,0.238417,0.333999,0.054772,0.945228,0.119332,0.119985
1861,24,0.40748,0.010107,0.01,0.238416,0.333997,0.054357,0.945643,0.123083,0.125121
1862,32,0.407615,0.009997,0.009997,0.238335,0.334056,0.05482,0.94518,0.115334,0.112583
1863,26,0.407402,0.01,0.01,0.238337,0.334261,0.054482,0.945518,0.119356,0.121002
1864,30,0.407473,0.009995,0.010054,0.238208,0.334271,0.055492,0.944508,0.112867,0.107137
1865,36,0.407199,0.009998,0.009998,0.238162,0.334643,0.055457,0.944543,0.118447,0.11836
1866,26,0.406716,0.010005,0.010005,0.238273,0.335002,0.055069,0.944931,0.131663,0.133604
1867,30,0.406624,0.010002,0.010002,0.238314,0.335059,0.055025,0.944975,0.121987,0.122
1868,24,0.406909,0.009995,0.009995,0.2382,0.3349,0.054365,0.945635,0.119287,0.122667
1869,32,0.40657,0.01,0.01,0.238207,0.335222,0.054502,0.945498,0.119974,0.11902
1870,30,0.406475,0.010002,0.010002,0.238246,0.335276,0.054783,0.945217,0.121978,0.120216
1871,30,0.406649,0.009997,0.009997,0.238177,0.335179,0.054708,0.945292,0.125795,0.125964
1872,38,0.406864,0.009992,0.009992,0.23798,0.335172,0.055133,0.944867,0.091463,0.08892
1873,32,0.407361,0.009991,0.009991,0.237774,0.334882,0.055258,0.944742,0.093321,0.092374
1874,24,0.407421,0.009995,0.009995,0.237656,0.334933,0.055505,0.944495,0.11509,0.113495
1875,24,0.407423,0.01,0.01,0.237651,0.334927,0.055005,0.944995,0.115727,0.11824
1876,24,0.407828,0.009993,0.009993,0.237488,0.334697,0.054389,0.945611,0.102024,0.105099
1877,26,0.407088,0.010824,0.009998,0.237448,0.334641,0.054045,0.945955,0.134746,0.136402
1878,32,0.406951,0.01083,0.010705,0.237209,0.334304,0.054567,0.945433,0.121676,0.118668
1879,24,0.407531,0.010012,0.010012,0.237505,0.334939,0.053879,0.946121,0.111915,0.115416
1880,26,0.407094,0.010125,0.010006,0.237642,0.335133,0.053259,0.946741,0.12909,0.132218
1881,30,0.406998,0.009998,0.009998,0.237586,0.335421,0.053555,0.946445,0.11381,0.112016
1882,24,0.407105,0.009994,0.009994,0.237454,0.335453,0.05309,0.94691,0.10859,0.110828
1883,30,0.407273,0.009997,0.009997,0.237382,0.335351,0.053177,0.946823,0.116036,0.115369
1884,32,0.406992,0.010002,0.010002,0.237423,0.335581,0.0529,0.9471,0.137844,0.139123
1885,24,0.406994,0.01,0.01,0.237424,0.335582,0.054125,0.945875,0.115531,0.108768
1886,34,0.407147,0.009997,0.009997,0.237363,0.335496,0.054538,0.945462,0.109531,0.107102
1887,26,0.407016,0.010002,0.010002,0.237413,0.335566,0.053884,0.946116,0.128286,0.131661
1888,30,0.406676,0.01,0.01,0.237414,0.33591,0.053713,0.946287,0.121364,0.122093
1889,24,0.406892,0.009996,0.009996,0.237328,0.335787,0.053687,0.946313,0.117109,0.11702
1890,30,0.406471,0.010032,0.010748,0.237176,0.335573,0.054012,0.945988,0.131782,0.129807
1891,24,0.406421,0.01001,0.01001,0.237421,0.336138,0.053315,0.946685,0.125004,0.128554
1892,32,0.406532,0.009997,0.010059,0.23736,0.336052,0.052884,0.947116,0.111177,0.113252
1893,32,0.406692,0.009995,0.009995,0.237247,0.336071,0.053166,0.946834,0.103673,0.102011
1894,24,0.407247,0.00999,0.00999,0.237021,0.335751,0.053509,0.946491,0.104908,0.102858
1895,32,0.407738,0.009991,0.009991,0.236817,0.335462,0.053783,0.946217,0.102071,0.100423
1896,26,0.407649,0.009998,0.009998,0.236765,0.33559,0.053033,0.946967,0.122904,0.126726
1897,24,0.407722,0.009993,0.01034,0.236595,0.33535,0.054081,0.945919,0.11085,0.105053
1898,24,0.407986,0.010001,0.010001,0.236623,0.335389,0.053632,0.946368,0.114344,0.116505
1899,30,0.408346,0.009994,0.009994,0.23648,0.335186,0.054287,0.945713,0.096929,0.093161
1900,30,0.40802,0.010002,0.010002,0.236535,0.33544,0.054263,0.945737,0.121475,0.121379
1901,24,0.408365,0.009994,0.009994,0.236399,0.335247,0.054906,0.945094,0.113143,0.109402
1902,32,0.408223,0.010002,0.010002,0.236451,0.335321,0.055046,0.944954,0.129724,0.128729
1903,24,0.408051,0.010202,0.009996,0.236352,0.335399,0.05419,0.94581,0.126364,0.13084
1904,32,0.40823,0.01,0.01,0.23636,0.335409,0.054296,0.945704,0.120342,0.119557
1905,32,0.408112,0.009999,0.009999,0.236335,0.335554,0.05435,0.94565,0.123655,0.123155
1906,30,0.40789,0.010004,0.010004,0.236423,0.33568,0.05487,0.94513,0.129994,0.126935
1907,34,0.407728,0.009998,0.009998,0.23637,0.335906,0.055015,0.944985,0.114153,0.113136
1908,32,0.407884,0.009997,0.010008,0.236302,0.335809,0.055905,0.944095,0.107807,0.102704
1909,24,0.407609,0.010005,0.010005,0.236414,0.335968,0.055426,0.944574,0.128357,0.130801
1910,24,0.407384,0.010001,0.010194,0.23643,0.335991,0.055062,0.944938,0.130883,0.132659
1911,30,0.407562,0.01,0.01,0.236437,0.336,0.054501,0.945499,0.11908,0.121939
1912,32,0.407428,0.010177,0.010146,0.236359,0.33589,0.054088,0.945912,0.136116,0.138175
1913,32,0.40777,0.01,0.01,0.236352,0.335879,0.054558,0.945442,0.106417,0.103655
1914,26,0.407641,0.010002,0.010002,0.236403,0.335952,0.054291,0.945709,0.122651,0.123898
1915,32,0.408069,0.009993,0.009993,0.236234,0.335712,0.054377,0.945623,0.090797,0.090079
1916,24,0.408063,0.01,0.01,0.236231,0.335707,0.055511,0.944489,0.115435,0.10899
1917,26,0.40808,0.009996,0.009996,0.236143,0.335784,0.055776,0.944224,0.11134,0.109671
1918,26,0.407867,0.01,0.01,0.236145,0.335988,0.055282,0.944718,0.125043,0.127594
1919,24,0.408083,0.009996,0.009996,0.236059,0.335866,0.056389,0.943611,0.11088,0.104496
1920,30,0.407906,0.01,0.01,0.23605,0.336045,0.05668,0.94332,0.119053,0.117145
1921,26,0.408385,0.009992,0.009992,0.235858,0.335772,0.056015,0.943985,0.105385,0.108857
1922,24,0.408877,0.009991,0.009991,0.235656,0.335485,0.055936,0.944064,0.106482,0.106641
1923,24,0.40887,0.01,0.01,0.235652,0.335479,0.056837,0.943163,0.121704,0.116333
1924,24,0.408997,0.009998,0.009998,0.235601,0.335406,0.05646,0.94354,0.114321,0.116208
1925,24,0.40921,0.009996,0.009996,0.235514,0.335283,0.057607,0.942393,0.108827,0.102028
1926,24,0.409207,0.01,0.01,0.235513,0.33528,0.058714,0.941286,0.113383,0.10669
1927,30,0.409232,0.009997,0.010125,0.235452,0.335194,0.059314,0.940686,0.111663,0.107862
1928,30,0.409187,0.010003,0.010003,0.235519,0.335289,0.0593,0.9407,0.115455,0.11527
1929,24,0.408912,0.010005,0.010005,0.23563,0.335448,0.058865,0.941135,0.128437,0.130769
1930,24,0.408767,0.009999,0.009999,0.235605,0.33563,0.05841,0.94159,0.121802,0.124228
1931,30,0.408593,0.01,0.01,0.235597,0.335811,0.059081,0.940919,0.119069,0.114865
1932,30,0.408276,0.010002,0.010002,0.235653,0.336066,0.058915,0.941085,0.137209,0.137925
1933,24,0.408,0.010005,0.010005,0.235765,0.336225,0.05851,0.94149,0.12845,0.130601
1934,36,0.407541,0.010005,0.010005,0.235891,0.336558,0.058366,0.941634,0.130168,0.130759
1935,30,0.407718,0.009997,0.009997,0.235825,0.336463,0.059358,0.940642,0.116045,0.109974
1936,24,0.407438,0.010005,0.010005,0.235934,0.336619,0.058636,0.941364,0.126387,0.130408
1937,26,0.407843,0.009993,0.009993,0.235776,0.336394,0.057968,0.942032,0.106277,0.109875
1938,30,0.407759,0.009998,0.009998,0.235728,0.336517,0.058101,0.941899,0.110077,0.109027
1939,24,0.407974,0.009996,0.009996,0.235641,0.336392,0.059265,0.940735,0.110906,0.103795
1940,32,0.407619,0.01,0.01,0.235639,0.336741,0.05915,0.94085,0.119534,0.119973
1941,26,0.407719,0.009998,0.009998,0.2356,0.336685,0.059196,0.940804,0.114448,0.113945
1942,26,0.407735,0.009996,0.009996,0.235512,0.336761,0.059401,0.940599,0.111246,0.109809
1943,24,0.407366,0.010002,0.010002,0.235569,0.337061,0.059179,0.940821,0.124984,0.126068
1944,26,0.407467,0.009998,0.009998,0.23553,0.337006,0.059389,0.940611,0.114512,0.113038
1945,30,0.407372,0.009996,0.009996,0.235431,0.337205,0.059193,0.940807,0.112114,0.11301
1946,32,0.407473,0.009998,0.009998,0.235388,0.337143,0.058853,0.941147,0.126142,0.127892
1947,36,0.407741,0.009993,0.010116,0.235231,0.336919,0.058697,0.941303,0.115208,0.115884
1948,32,0.407785,0.010001,0.010001,0.235257,0.336956,0.058631,0.941369,0.120744,0.120869
1949,24,0.407419,0.010003,0.010003,0.235316,0.337259,0.058261,0.941739,0.122932,0.124867
1950,30,0.407326,0.010002,0.010002,0.235355,0.337315,0.058295,0.941705,0.121985,0.121504
1951,26,0.407427,0.009998,0.009998,0.235317,0.33726,0.058352,0.941648,0.114524,0.113968
1952,26,0.407535,0.009998,0.009998,0.235272,0.337197,0.05785,0.94215,0.117945,0.120613
1953,26,0.407134,0.010007,0.010007,0.23543,0.337422,0.057239,0.942761,0.129176,0.132468
1954,24,0.407056,0.009998,0.009998,0.23538,0.337569,0.057122,0.942878,0.120403,0.120802
1955,24,0.406538,0.010001,0.010001,0.23541,0.338049,0.056585,0.943415,0.120911,0.123745
1956,32,0.406657,0.009998,0.009998,0.235364,0.337983,0.056526,0.943474,0.123052,0.123187
1957,38,0.40609,0.010167,0.010002,0.235407,0.338334,0.056303,0.943697,0.136658,0.137688
1958,36,0.406372,0.009998,0.010033,0.235348,0.33825,0.056281,0.943719,0.1169,0.116812
1959,24,0.407003,0.00999,0.00999,0.23511,0.337907,0.057164,0.942836,0.097206,0.091986
1960,24,0.406711,0.010018,0.010004,0.235212,0.338054,0.056794,0.943206,0.128364,0.130241
1961,32,0.406765,0.009996,0.009996,0.235128,0.338114,0.057205,0.942795,0.115483,0.112925
1962,36,0.406742,0.009992,0.010457,0.234951,0.337858,0.05758,0.94242,0.115758,0.113334
1963,26,0.406796,0.010007,0.010007,0.235107,0.338083,0.057406,0.942594,0.12259,0.123381
1964,32,0.406919,0.009998,0.009998,0.235064,0.338021,0.058031,0.941969,0.107596,0.103785
1965,30,0.407091,0.009997,0.009997,0.234994,0.337921,0.058321,0.941679,0.115848,0.113895
1966,26,0.406921,0.01005,0.010048,0.235021,0.337959,0.057961,0.942039,0.124369,0.126242
1967,26,0.407378,0.009994,0.009994,0.234879,0.337755,0.05799,0.94201,0.103292,0.102861
1968,30,0.407277,0.010001,0.010001,0.234914,0.337806,0.058158,0.941842,0.12218,0.120956
1969,24,0.407407,0.009998,0.009998,0.234864,0.337733,0.058046,0.941954,0.114407,0.114784
1970,32,0.407361,0.010001,0.010001,0.234881,0.337757,0.058636,0.941364,0.117206,0.113544
1971,32,0.407512,0.009997,0.009997,0.234821,0.337672,0.058507,0.941493,0.108947,0.109488
1972,24,0.407173,0.010006,0.010006,0.234954,0.337862,0.057734,0.942266,0.136134,0.140421
1973,30,0.40714,0.009995,0.009995,0.234836,0.338034,0.058574,0.941426,0.108076,0.102955
1974,24,0.40677,0.010002,0.010002,0.234892,0.338334,0.05839,0.94161,0.124905,0.125675
1975,30,0.406744,0.010001,0.010001,0.234904,0.338351,0.058449,0.941551,0.127166,0.12658
1976,24,0.407088,0.009994,0.009994,0.234768,0.338155,0.058342,0.941658,0.113263,0.113631
1977,34,0.406927,0.01,0.01,0.23476,0.338313,0.058758,0.941242,0.12206,0.119413
1978,24,0.406649,0.010005,0.010005,0.23487,0.338471,0.058275,0.941725,0.128438,0.131014
1979,24,0.406533,0.010002,0.010002,0.23492,0.338543,0.057757,0.942243,0.126839,0.129613
1980,36,0.406416,0.009999,0.009999,0.234908,0.338678,0.057945,0.942055,0.120537,0.119199
1981,30,0.406055,0.010339,0.01,0.234916,0.33869,0.057789,0.942211,0.129869,0.130546
1982,24,0.406257,0.010002,0.010002,0.23497,0.338768,0.057681,0.942319,0.121872,0.122252
1983,30,0.406419,0.009997,0.010028,0.234895,0.33866,0.058207,0.941793,0.11581,0.112545
1984,32,0.406889,0.009993,0.009993,0.23472,0.338407,0.058361,0.941639,0.105843,0.104704
1985,24,0.407226,0.009994,0.009994,0.23458,0.338205,0.059318,0.940682,0.104939,0.099061
1986,30,0.407106,0.009996,0.010357,0.23448,0.338062,0.059709,0.940291,0.119722,0.11713
1987,30,0.406888,0.010004,0.010004,0.234571,0.338534,0.059742,0.940258,0.121441,0.120975
1988,24,0.406391,0.010402,0.010002,0.234612,0.338593,0.059023,0.940977,0.127788,0.131828
1989,24,0.406276,0.010009,0.010009,0.234817,0.338889,0.058347,0.941653,0.134736,0.138488
1990,30,0.40712,0.009986,0.009986,0.23449,0.338417,0.058836,0.941164,0.084616,0.081517
1991,26,0.406905,0.010495,0.009995,0.234367,0.338239,0.058037,0.941963,0.126001,0.130429
1992,24,0.407635,0.009996,0.009996,0.234272,0.338102,0.057625,0.942375,0.100642,0.10272
1993,30,0.407536,0.010002,0.010002,0.234308,0.338154,0.057866,0.942134,0.132008,0.130346
1994,36,0.407624,0.009994,0.009994,0.234161,0.338227,0.05774,0.94226,0.103665,0.104129
1995,30,0.40726,0.010238,0.010603,0.233961,0.337938,0.057019,0.942981,0.125597,0.12941
1996,26,0.407392,0.010009,0.010009,0.234161,0.338429,0.056312,0.943688,0.125047,0.128836
1997,24,0.407033,0.010003,0.010003,0.234224,0.338738,0.055868,0.944132,0.122839,0.125119
1998,26,0.406874,0.010003,0.010003,0.234289,0.338832,0.055472,0.944528,0.124538,0.126496
1999,30,0.406742,0.010002,0.010002,0.234343,0.33891,0.055117,0.944883,0.119826,0.121532
2000,32,0.406833,0.009996,0.009996,0.234238,0.338938,0.055161,0.944839,0.105136,0.104707
2001,30,0.406643,0.009997,0.009997,0.234175,0.339187,0.055105,0.944895,0.111259,0.111302
2002,30,0.406241,0.010437,0.009999,0.234159,0.339164,0.054735,0.945265,0.129885,0.131702
2003,32,0.40651,0.010003,0.010003,0.234225,0.33926,0.055103,0.944897,0.108387,0.106177
2004,26,0.40663,0.009998,0.009998,0.234179,0.339194,0.055386,0.944614,0.113167,0.111397
2005,32,0.406629,0.009997,0.009997,0.234107,0.339269,0.055313,0.944687,0.115684,0.115864
2006,32,0.406719,0.009995,0.009995,0.234002,0.339288,0.056174,0.943826,0.115339,0.110354
2007,26,0.406822,0.009995,0.009995,0.233878,0.33931,0.056148,0.943852,0.113871,0.113752
2008,24,0.406947,0.009998,0.009998,0.233825,0.339233,0.055558,0.944442,0.114343,0.117379
2009,24,0.406285,0.010912,0.010018,0.233713,0.339071,0.054805,0.945195,0.134495,0.138456
2010,30,0.406766,0.010008,0.010008,0.233891,0.339329,0.055785,0.944215,0.116607,0.111007
2011,26,0.406561,0.01,0.01,0.233898,0.33954,0.055322,0.944678,0.125087,0.127463
2012,24,0.406013,0.01064,0.010023,0.233851,0.339473,0.054564,0.945436,0.134507,0.138481
2013,30,0.405879,0.010481,0.010916,0.233606,0.339117,0.055396,0.944604,0.115759,0.111018
2014,36,0.4065,0.009999,0.01084,0.233581,0.339081,0.055393,0.944607,0.10977,0.109557
2015,24,0.406838,0.010003,0.010326,0.233651,0.339182,0.054995,0.945005,0.114344,0.116303
2016,30,0.407024,0.009997,0.009997,0.233573,0.33941,0.055073,0.944927,0.107381,0.106751
2017,30,0.4068,0.010004,0.010004,0.233659,0.339535,0.054736,0.945264,0.130048,0.131695
2018,24,0.406932,0.009998,0.009998,0.233609,0.339463,0.054097,0.945903,0.114446,0.117684
2019,30,0.406962,0.009999,0.009999,0.233596,0.339444,0.054447,0.945553,0.119849,0.117716
2020,26,0.406751,0.01,0.01,0.233599,0.33965,0.054442,0.945558,0.125011,0.124817
2021,24,0.406324,0.010004,0.010004,0.233681,0.339988,0.053659,0.946341,0.132674,0.136722
2022,24,0.406371,0.009999,0.009999,0.233665,0.339965,0.053062,0.946938,0.115402,0.118365
2023,32,0.40673,0.009994,0.009994,0.233524,0.339758,0.05284,0.94716,0.12086,0.121852
2024,24,0.406575,0.010002,0.010002,0.23358,0.33984,0.052322,0.947678,0.122768,0.125318
2025,24,0.406426,0.010003,0.010003,0.23364,0.339928,0.051886,0.948114,0.12271,0.124798
2026,26,0.4063,0.010002,0.010002,0.233692,0.340003,0.051391,0.948609,0.128246,0.130639
2027,24,0.405955,0.010173,0.010003,0.233763,0.340106,0.051233,0.948767,0.12833,0.128939
2028,26,0.405671,0.009998,0.010556,0.233724,0.34005,0.051386,0.948614,0.128233,0.127278
2029,30,0.405854,0.010001,0.010293,0.233755,0.340096,0.051066,0.948934,0.129079,0.13054
2030,30,0.406076,0.009998,0.009998,0.233715,0.340212,0.051341,0.948659,0.11313,0.111519
2031,30,0.406248,0.009997,0.009997,0.233646,0.340111,0.051325,0.948675,0.115888,0.115778
2032,24,0.405968,0.010005,0.010005,0.233754,0.340269,0.050342,0.949658,0.13463,0.139465
2033,24,0.406591,0.00999,0.00999,0.233513,0.339917,0.051346,0.948654,0.097212,0.091914
2034,26,0.406572,0.01,0.01,0.233512,0.339916,0.05099,0.94901,0.119225,0.120882
2035,26,0.406444,0.010002,0.010002,0.233562,0.339989,0.050466,0.949534,0.124492,0.126997
2036,32,0.406645,0.009997,0.009997,0.233485,0.339877,0.050639,0.949361,0.097204,0.096123
2037,30,0.406737,0.009995,0.009995,0.233371,0.339902,0.050954,0.949046,0.112967,0.111164
2038,30,0.407239,0.009991,0.009991,0.233169,0.339609,0.050384,0.949616,0.096782,0.099424
2039,30,0.4068,0.009998,0.009998,0.233132,0.340071,0.050394,0.949606,0.118652,0.118444
2040,32,0.40695,0.009997,0.009997,0.233072,0.339983,0.050708,0.949292,0.108909,0.10715
2041,28,0.407044,0.009995,0.009995,0.23296,0.340006,0.050794,0.949206,0.108783,0.108189
2042,32,0.407429,0.009993,0.009993,0.232804,0.33978,0.051716,0.948284,0.092822,0.087932
2043,24,0.407039,0.010266,0.010002,0.232849,0.339844,0.051008,0.948992,0.128348,0.131775
2044,32,0.406995,0.01,0.01,0.232846,0.340159,0.051489,0.948511,0.112661,0.110036
2045,24,0.407124,0.009998,0.009998,0.232795,0.340085,0.051,0.949,0.114376,0.116642
2046,30,0.4069,0.010004,0.010004,0.232881,0.340211,0.051077,0.948923,0.12999,0.129367
2047,36,0.406625,0.01,0.01,0.23288,0.340495,0.050948,0.949052,0.121528,0.122
2048,36,0.406562,0.009996,0.009996,0.232794,0.340652,0.051387,0.948613,0.105177,0.102762
2049,26,0.406242,0.009992,0.01057,0.23261,0.340585,0.051509,0.948491,0.122793,0.121978
2050,36,0.406503,0.010005,0.010005,0.232728,0.340758,0.051664,0.948336,0.117233,0.11625
2051,30,0.407054,0.009991,0.009991,0.232517,0.340448,0.051783,0.948217,0.09082,0.090002
2052,32,0.406871,0.009997,0.009997,0.232456,0.340679,0.052189,0.947811,0.118404,0.116118
2053,28,0.407041,0.009997,0.009997,0.232387,0.340578,0.052282,0.947718,0.111818,0.111166
2054,30,0.406843,0.009995,0.009995,0.23226,0.340908,0.052155,0.947845,0.113466,0.11389
2055,32,0.406687,0.009997,0.009997,0.232192,0.341127,0.052067,0.947933,0.11426,0.114508
2056,24,0.40651,0.010061,0.009998,0.232149,0.341282,0.051443,0.948557,0.127868,0.130929
2057,24,0.406852,0.009992,0.009992,0.231953,0.341212,0.051054,0.948946,0.106136,0.107915
2058,32,0.40682,0.009997,0.009997,0.231889,0.341297,0.051569,0.948431,0.107115,0.104298
2059,30,0.407261,0.009992,0.009992,0.231714,0.34104,0.051243,0.948757,0.103523,0.104934
2060,26,0.406983,0.010351,0.009998,0.231678,0.340988,0.050585,0.949415,0.128216,0.131409
2061,26,0.406998,0.010006,0.010006,0.23181,0.341181,0.050121,0.949879,0.12826,0.13044
2062,30,0.407168,0.009996,0.01007,0.231718,0.341047,0.050347,0.949653,0.114892,0.113533
2063,26,0.406985,0.010001,0.010001,0.231737,0.341276,0.050024,0.949976,0.121191,0.122651
2064,30,0.407062,0.009999,0.009999,0.231708,0.341233,0.050067,0.949933,0.11441,0.113996
2065,26,0.407477,0.009993,0.009993,0.231544,0.340992,0.050305,0.949695,0.103269,0.101882
2066,24,0.407688,0.009996,0.009996,0.231457,0.340863,0.050429,0.949571,0.117082,0.116273
2067,32,0.407847,0.009997,0.009997,0.231392,0.340767,0.050826,0.949174,0.117123,0.114947
2068,24,0.407972,0.009998,0.009998,0.231341,0.340692,0.05192,0.94808,0.111608,0.10581
2069,24,0.40797,0.01,0.01,0.23134,0.340691,0.053164,0.946836,0.113456,0.106709
2070,26,0.408035,0.009994,0.010296,0.231196,0.34048,0.053301,0.946699,0.116984,0.116038
2071,30,0.408254,0.009998,0.009998,0.231155,0.340594,0.0542,0.9458,0.113209,0.108203
2072,24,0.407975,0.010005,0.010005,0.231263,0.340753,0.053571,0.946429,0.128433,0.13162
2073,32,0.407896,0.009996,0.009996,0.231172,0.340939,0.054548,0.945452,0.101934,0.09648
2074,26,0.407883,0.01,0.01,0.231175,0.340942,0.05442,0.94558,0.11924,0.119745
2075,24,0.407883,0.01,0.01,0.231175,0.340942,0.055679,0.944321,0.115529,0.108362
2076,30,0.408162,0.009995,0.009995,0.231066,0.340781,0.056167,0.943833,0.100067,0.097072
2077,24,0.407677,0.010356,0.010002,0.231113,0.340852,0.055581,0.944419,0.136112,0.139187
2078,30,0.406961,0.011327,0.010227,0.230919,0.340566,0.055131,0.944869,0.139761,0.142037
2079,24,0.406715,0.011264,0.010005,0.231046,0.340971,0.054815,0.945185,0.131066,0.132573
2080,36,0.407294,0.010011,0.010036,0.231305,0.341354,0.055958,0.944042,0.112266,0.105774
2081,24,0.406912,0.010085,0.010002,0.231355,0.341646,0.055687,0.944313,0.131039,0.132291
2082,30,0.406935,0.009995,0.009995,0.231247,0.341827,0.055981,0.944019,0.107594,0.105687
2083,32,0.406408,0.010457,0.009996,0.231147,0.341991,0.055691,0.944309,0.13385,0.135252
2084,32,0.406314,0.010006,0.010006,0.231294,0.342379,0.055893,0.944107,0.123821,0.122475
2085,24,0.40624,0.010001,0.010001,0.231328,0.34243,0.05533,0.94467,0.124973,0.127875
2086,24,0.405766,0.010485,0.01,0.231324,0.342425,0.054467,0.945533,0.134579,0.139137
2087,24,0.406308,0.009999,0.009999,0.231302,0.342392,0.05555,0.94445,0.107105,0.100927
2088,24,0.406206,0.009997,0.010261,0.231238,0.342298,0.05519,0.94481,0.123915,0.125635
2089,24,0.406713,0.009996,0.009996,0.231141,0.342154,0.056236,0.943764,0.099727,0.093653
2090,24,0.406237,0.01048,0.01,0.231137,0.342147,0.055756,0.944244,0.128296,0.130761
2091,36,0.406168,0.010281,0.010904,0.23088,0.341767,0.055707,0.944293,0.116744,0.116804
2092,26,0.406439,0.010012,0.010012,0.231157,0.34238,0.055342,0.944658,0.119424,0.12125
2093,30,0.406622,0.009997,0.009997,0.231095,0.342288,0.055024,0.944976,0.116051,0.117589
2094,24,0.40656,0.010001,0.010001,0.231117,0.34232,0.05426,0.94574,0.131445,0.135424
2095,32,0.406423,0.010002,0.010002,0.231171,0.342401,0.054138,0.945862,0.129712,0.130156
2096,24,0.406871,0.009993,0.009993,0.230999,0.342145,0.053487,0.946513,0.10171,0.104941
2097,30,0.407249,0.009993,0.009993,0.230846,0.341918,0.053521,0.946479,0.101777,0.101327
2098,30,0.406902,0.01,0.01,0.230843,0.342255,0.053435,0.946565,0.121378,0.121603
2099,24,0.406,0.010666,0.010847,0.230597,0.34189,0.053287,0.946713,0.134474,0.13505
2100,30,0.40623,0.010421,0.010606,0.2307,0.342043,0.052695,0.947305,0.118674,0.121574
2101,24,0.40704,0.010003,0.010039,0.23077,0.342147,0.052083,0.947917,0.109648,0.112623
2102,26,0.407373,0.009995,0.009995,0.230657,0.34198,0.051711,0.948289,0.111048,0.112779
2103,26,0.407005,0.010003,0.010003,0.230718,0.342272,0.051146,0.948854,0.122627,0.125372
2104,24,0.406947,0.010001,0.010001,0.230742,0.342308,0.050718,0.949282,0.125367,0.12737
2105,24,0.406611,0.010006,0.010006,0.230874,0.342504,0.050004,0.949996,0.127823,0.131236
2106,32,0.406695,0.009996,0.009996,0.230779,0.342534,0.050037,0.949963,0.105672,0.10527
2107,32,0.406398,0.010211,0.010001,0.23081,0.34258,0.05,0.95,0.139655,0.141383
2108,36,0.406392,0.010004,0.010004,0.230895,0.342706,0.05,0.95,0.130484,0.130469
2109,24,0.406524,0.009998,0.009998,0.230846,0.342634,0.05,0.95,0.114349,0.117493
2110,24,0.406244,0.010005,0.010005,0.230954,0.342793,0.05,0.95,0.134706,0.137756
2111,24,0.4061,0.009999,0.009999,0.230929,0.342974,0.05,0.95,0.121714,0.123627
2112,24,0.406599,0.009992,0.009992,0.230734,0.342684,0.050081,0.949919,0.106561,0.105959
2113,26,0.406582,0.01,0.01,0.230734,0.342684,0.05,0.95,0.124898,0.125157
2114,32,0.406394,0.009991,0.010741,0.230515,0.342359,0.050424,0.949576,0.122843,0.120552
2115,38,0.406487,0.010006,0.010006,0.230651,0.342851,0.050726,0.949274,0.11989,0.118182
2116,26,0.406695,0.009993,0.009993,0.230496,0.342822,0.050752,0.949248,0.110712,0.110411
2117,24,0.406323,0.010002,0.010002,0.230551,0.343122,0.050367,0.949633,0.122783,0.124539
2118,32,0.406335,0.009994,0.009994,0.230424,0.343252,0.050069,0.949931,0.11389,0.115208
2119,30,0.406157,0.01,0.01,0.230414,0.343429,0.050658,0.949342,0.119053,0.115895
2120,26,0.40599,0.010001,0.010096,0.230442,0.343471,0.050771,0.949229,0.128243,0.127499
2121,24,0.405663,0.010003,0.010003,0.230522,0.343808,0.05,0.95,0.131067,0.135286
2122,24,0.405299,0.010003,0.010003,0.230581,0.344115,0.05,0.95,0.122809,0.126232
2123,32,0.405022,0.010002,0.010002,0.230624,0.34435,0.050034,0.949966,0.123797,0.123435
2124,36,0.404482,0.009991,0.010759,0.230427,0.34434,0.050425,0.949575,0.123955,0.121806
2125,30,0.40469,0.010009,0.010009,0.230637,0.344655,0.05027,0.94973,0.122162,0.122734
2126,24,0.404418,0.010005,0.010005,0.23075,0.344822,0.05,0.95,0.126355,0.129097
2127,36,0.404536,0.009993,0.009993,0.230598,0.344879,0.050371,0.949629,0.102863,0.10082
2128,24,0.404536,0.01,0.01,0.230593,0.344871,0.05,0.95,0.115652,0.117815
2129,30,0.404215,0.010002,0.010002,0.230649,0.345131,0.05,0.95,0.128156,0.129089
2130,26,0.40474,0.009988,0.009988,0.23037,0.344914,0.05,0.95,0.09953,0.099382
2131,32,0.40438,0.01,0.01,0.230364,0.345257,0.05,0.95,0.125665,0.125879
2132,30,0.404156,0.010004,0.010004,0.23045,0.345386,0.050323,0.949677,0.13006,0.128268
2133,26,0.403677,0.010005,0.010005,0.230561,0.345753,0.05,0.95,0.12584,0.128562
2134,30,0.403387,0.010002,0.010002,0.230609,0.346,0.050072,0.949928,0.120465,0.119928
2135,32,0.40348,0.009996,0.009996,0.230505,0.346024,0.05,0.95,0.119033,0.120362
2136,30,0.403253,0.010004,0.010004,0.23059,0.34615,0.050122,0.949878,0.123286,0.122494
2137,24,0.40376,0.009992,0.009992,0.230397,0.34586,0.050362,0.949638,0.106464,0.105034
2138,24,0.403693,0.010001,0.010001,0.230416,0.345889,0.05,0.95,0.125322,0.127308
2139,24,0.403606,0.009998,0.009998,0.230366,0.346033,0.05118,0.94882,0.109892,0.103736
2140,30,0.403605,0.009997,0.009997,0.230291,0.346111,0.051503,0.948497,0.108778,0.106934
2141,24,0.403565,0.010092,0.009999,0.230268,0.346077,0.051376,0.948624,0.123627,0.124079
2142,32,0.403733,0.009999,0.009999,0.230238,0.346032,0.051553,0.948447,0.113217,0.112092
2143,24,0.403861,0.009994,0.009994,0.230103,0.346047,0.051458,0.948542,0.113575,0.113874
2144,24,0.404074,0.009996,0.009996,0.230016,0.345917,0.052262,0.947738,0.117093,0.112688
2145,24,0.40366,0.01011,0.010001,0.230047,0.346181,0.051489,0.948511,0.131032,0.134878
2146,26,0.403924,0.009997,0.009997,0.229988,0.346093,0.051497,0.948503,0.111139,0.110937
2147,32,0.403587,0.01,0.01,0.229996,0.346416,0.051413,0.948587,0.119922,0.120163
2148,24,0.403795,0.009996,0.010022,0.229906,0.346281,0.051538,0.948462,0.117005,0.116164
2149,30,0.403881,0.009999,0.009999,0.22988,0.346241,0.05195,0.94805,0.118445,0.116112
2150,32,0.403416,0.009997,0.009997,0.229815,0.346774,0.052342,0.947658,0.111887,0.109664
2151,30,0.403485,0.009997,0.010075,0.229757,0.346686,0.052405,0.947595,0.123057,0.122509
2152,30,0.40352,0.009994,0.010412,0.22961,0.346465,0.052876,0.947124,0.115854,0.113177
2153,30,0.403676,0.010004,0.010004,0.229706,0.346609,0.052817,0.947183,0.109299,0.109315
2154,24,0.40381,0.009998,0.009998,0.229658,0.346536,0.052503,0.947497,0.114419,0.115848
2155,24,0.403529,0.010005,0.010005,0.229764,0.346697,0.051754,0.948246,0.13461,0.138343
2156,36,0.403329,0.009999,0.009999,0.229739,0.346935,0.052425,0.947575,0.117175,0.113486
2157,24,0.403335,0.01,0.01,0.229735,0.34693,0.05208,0.94792,0.123989,0.125569
2158,24,0.403654,0.009995,0.009995,0.229612,0.346744,0.053187,0.946813,0.10287,0.096823
2159,24,0.403194,0.01,0.01,0.229617,0.347188,0.052462,0.947538,0.119318,0.122965
2160,24,0.403194,0.01,0.01,0.229617,0.347188,0.051718,0.948282,0.129889,0.133583
2161,30,0.403697,0.009992,0.009992,0.229424,0.346896,0.051375,0.948625,0.090998,0.092533
2162,24,0.403822,0.009998,0.009998,0.229369,0.346814,0.051025,0.948975,0.114408,0.115976
2163,26,0.404383,0.009991,0.009991,0.229152,0.346484,0.050691,0.949309,0.100749,0.102236
2164,30,0.404511,0.009998,0.009998,0.229095,0.346399,0.050996,0.949004,0.110508,0.108743
2165,24,0.40464,0.009998,0.009998,0.229044,0.346321,0.050329,0.949671,0.114481,0.117654
2166,38,0.404417,0.009999,0.009999,0.229017,0.346569,0.05056,0.94944,0.108148,0.106769
2167,24,0.404137,0.010005,0.010005,0.229123,0.34673,0.05,0.95,0.128431,0.1314
2168,24,0.403944,0.010229,0.010265,0.229008,0.346555,0.05,0.95,0.12389,0.126901
2169,32,0.404179,0.010004,0.010004,0.229107,0.346705,0.050428,0.949572,0.114591,0.112268
2170,32,0.404158,0.009997,0.009997,0.229049,0.346798,0.051379,0.948621,0.107102,0.10213
2171,30,0.404062,0.009999,0.009999,0.229017,0.346924,0.050902,0.949098,0.123529,0.125797
2172,24,0.403782,0.010005,0.010005,0.229124,0.347085,0.050478,0.949522,0.128408,0.130379
2173,26,0.40409,0.009995,0.009995,0.229009,0.346911,0.050138,0.949862,0.10824,0.109758
2174,24,0.404304,0.009996,0.009996,0.228923,0.346781,0.050395,0.949605,0.117188,0.115732
2175,32,0.404022,0.010002,0.010002,0.228962,0.347012,0.050347,0.949653,0.137792,0.137843
2176,26,0.403249,0.010926,0.009997,0.228904,0.346924,0.05,0.95,0.134686,0.138277
2177,32,0.403747,0.010405,0.009997,0.228842,0.347009,0.05,0.95,0.118036,0.119627
2178,36,0.403704,0.010003,0.010003,0.228907,0.347383,0.050134,0.949866,0.125411,0.124562
2179,30,0.403398,0.009992,0.010757,0.228733,0.34712,0.051114,0.948886,0.119481,0.114342
2180,30,0.403623,0.010006,0.010006,0.228861,0.347505,0.051324,0.948676,0.110008,0.108718
2181,32,0.403293,0.010001,0.010001,0.228872,0.347834,0.051364,0.948636,0.133937,0.133548
2182,24,0.402899,0.010288,0.010002,0.228914,0.347898,0.050779,0.949221,0.134553,0.137378
2183,30,0.402831,0.01,0.01,0.228921,0.348248,0.050527,0.949473,0.111201,0.112283
2184,24,0.402521,0.010081,0.010004,0.22901,0.348384,0.050026,0.949974,0.128306,0.130635
2185,30,0.402269,0.01,0.01,0.229009,0.348722,0.05,0.95,0.114471,0.114929
2186,24,0.401814,0.01,0.01,0.229016,0.34917,0.05,0.95,0.121343,0.124664
2187,30,0.401984,0.009994,0.009994,0.228884,0.349143,0.050222,0.949778,0.104679,0.103366
2188,24,0.40211,0.009994,0.009994,0.228748,0.349154,0.050113,0.949887,0.113662,0.114034
2189,32,0.401967,0.010002,0.010002,0.228798,0.349231,0.050315,0.949685,0.115998,0.1148
2190,24,0.402386,0.009989,0.009989,0.228556,0.349079,0.050497,0.949503,0.103078,0.101943
2191,24,0.402377,0.01,0.01,0.228551,0.349072,0.05141,0.94859,0.121702,0.116821
2192,26,0.402086,0.009998,0.009998,0.228508,0.349409,0.051077,0.948923,0.116083,0.11762
2193,36,0.401966,0.009999,0.009999,0.228495,0.34954,0.051299,0.948701,0.12051,0.119176
2194,30,0.402182,0.009996,0.009996,0.228412,0.349413,0.05088,0.94912,0.11209,0.113964
2195,32,0.401923,0.010291,0.009999,0.228396,0.34939,0.050659,0.949341,0.129641,0.130583
2196,24,0.402454,0.009996,0.009996,0.228305,0.349249,0.050027,0.949973,0.102134,0.105079
2197,30,0.402157,0.010002,0.010002,0.228348,0.349491,0.05,0.95,0.137097,0.137314
2198,24,0.402294,0.009998,0.009998,0.228297,0.349413,0.05,0.95,0.120205,0.123255
2199,30,0.402594,0.009995,0.009995,0.228181,0.349235,0.05,0.95,0.115419,0.116479
2200,24,0.40231,0.010005,0.010005,0.228286,0.349395,0.05,0.95,0.128385,0.130597
2201,24,0.402532,0.009996,0.009996,0.228204,0.349271,0.050237,0.949763,0.117208,0.115859
2202,38,0.402349,0.009999,0.010227,0.228184,0.34924,0.050261,0.949739,0.130717,0.130439
2203,30,0.402065,0.010002,0.01038,0.228235,0.349318,0.050276,0.949724,0.129952,0.12968
2204,32,0.402146,0.010002,0.010002,0.228282,0.349568,0.050415,0.949585,0.122445,0.121541
2205,26,0.402568,0.009993,0.009993,0.228122,0.349324,0.050667,0.949333,0.10339,0.10195
2206,36,0.402408,0.01,0.01,0.22812,0.349472,0.051117,0.948883,0.128847,0.126381
2207,26,0.402279,0.010002,0.010002,0.228169,0.349548,0.051238,0.948762,0.128313,0.127533
2208,24,0.402281,0.01,0.01,0.22817,0.349549,0.051604,0.948396,0.121592,0.119521
2209,24,0.402694,0.009993,0.009993,0.228012,0.349307,0.05129,0.94871,0.110441,0.111776
2210,30,0.402395,0.010002,0.010002,0.228054,0.349547,0.051319,0.948681,0.120429,0.120103
2211,24,0.402463,0.009999,0.009999,0.22803,0.349509,0.050851,0.949149,0.114201,0.1164
2212,32,0.402499,0.009999,0.009999,0.228015,0.349487,0.050413,0.949587,0.112311,0.11436
2213,32,0.402163,0.01,0.01,0.228024,0.349812,0.050454,0.949546,0.133914,0.133526
2214,24,0.401766,0.010002,0.010077,0.228064,0.350091,0.050316,0.949684,0.130987,0.131489
2215,24,0.40193,0.009999,0.009999,0.228032,0.350042,0.05,0.95,0.11436,0.115962
2216,24,0.40178,0.009999,0.009999,0.228004,0.350218,0.05,0.95,0.121648,0.124062
2217,24,0.4015,0.010005,0.010005,0.22811,0.350381,0.05,0.95,0.126285,0.128137
2218,26,0.401367,0.009999,0.009999,0.228088,0.350547,0.05,0.95,0.12418,0.126924
2219,26,0.401237,0.010002,0.010002,0.228137,0.350622,0.05,0.95,0.128274,0.131506
2220,24,0.400784,0.010068,0.010003,0.228203,0.350942,0.05,0.95,0.132493,0.13535
2221,24,0.401439,0.00999,0.00999,0.22798,0.3506,0.050651,0.949349,0.103512,0.100025
2222,24,0.401431,0.01,0.01,0.227976,0.350593,0.051918,0.948082,0.115515,0.108825
2223,36,0.401163,0.009997,0.009997,0.227912,0.350931,0.052357,0.947643,0.114565,0.112093
2224,24,0.401786,0.009989,0.009989,0.227673,0.350562,0.053358,0.946642,0.097314,0.091806
2225,30,0.401876,0.009995,0.009995,0.227558,0.350576,0.05326,0.94674,0.112967,0.113283
2226,30,0.401571,0.010002,0.010002,0.227597,0.350828,0.053529,0.946471,0.12691,0.12525
2227,24,0.401205,0.010003,0.010003,0.227655,0.351135,0.053404,0.946596,0.124815,0.125268
2228,32,0.401232,0.01,0.01,0.227646,0.351122,0.053426,0.946574,0.126313,0.12599
2229,32,0.400953,0.010002,0.010002,0.227687,0.351356,0.053874,0.946126,0.128513,0.125907
2230,32,0.400883,0.009998,0.009998,0.227647,0.351474,0.053992,0.946008,0.122411,0.121566
2231,30,0.401237,0.009994,0.009994,0.227511,0.351264,0.05429,0.94571,0.10232,0.100422
2232,36,0.400792,0.010183,0.010894,0.227258,0.350873,0.054809,0.945191,0.12184,0.118818
2233,24,0.401401,0.010001,0.010426,0.227274,0.350898,0.055909,0.944091,0.107145,0.100819
2234,32,0.401318,0.010004,0.010293,0.227358,0.351028,0.055785,0.944215,0.129687,0.130145
2235,26,0.401457,0.009999,0.009999,0.227341,0.351203,0.055789,0.944211,0.111323,0.111102
2236,36,0.401105,0.01034,0.010294,0.22723,0.351031,0.055924,0.944076,0.123444,0.122474
2237,30,0.401239,0.010008,0.010008,0.22742,0.351325,0.056054,0.943946,0.13202,0.131042
2238,36,0.401091,0.01,0.01,0.227425,0.351484,0.056278,0.943722,0.128832,0.127338
2239,30,0.401208,0.009992,0.009992,0.227251,0.351556,0.055677,0.944323,0.106504,0.109608
2240,30,0.401557,0.009991,0.009991,0.227041,0.351421,0.056141,0.943859,0.102854,0.100067
2241,30,0.401696,0.009997,0.009997,0.226981,0.351328,0.056056,0.943944,0.116842,0.117081
2242,32,0.401649,0.010001,0.010001,0.226997,0.351353,0.056001,0.943999,0.121752,0.121836
2243,24,0.402155,0.009992,0.009992,0.226805,0.351057,0.056155,0.943845,0.106547,0.105429
2244,36,0.402378,0.009996,0.009996,0.226714,0.350916,0.055973,0.944027,0.112857,0.113667
2245,36,0.402037,0.009996,0.009996,0.226628,0.351343,0.055962,0.944038,0.111356,0.111183
2246,24,0.402041,0.01,0.01,0.226624,0.351336,0.05494,0.94506,0.124078,0.129495
2247,32,0.402399,0.009994,0.009994,0.226488,0.351125,0.055057,0.944943,0.113103,0.112248
2248,24,0.402526,0.009998,0.009998,0.226435,0.351044,0.054785,0.945215,0.114459,0.115715
2249,26,0.402477,0.010001,0.010001,0.226452,0.351069,0.054353,0.945647,0.115686,0.117832
2250,24,0.402685,0.009996,0.010022,0.226364,0.350932,0.055239,0.944761,0.108784,0.103745
2251,30,0.40252,0.01,0.01,0.226361,0.35112,0.055669,0.944331,0.119041,0.116419
2252,24,0.402432,0.009998,0.009998,0.226312,0.351261,0.055006,0.944994,0.120194,0.123649
2253,32,0.402151,0.010002,0.010002,0.226351,0.351494,0.05497,0.94503,0.123897,0.12389
2254,26,0.402264,0.009998,0.009998,0.22631,0.35143,0.055141,0.944859,0.118071,0.116901
2255,24,0.401983,0.010005,0.010005,0.226415,0.351593,0.054065,0.945935,0.134659,0.140308
2256,24,0.402057,0.009995,0.009995,0.226308,0.351644,0.05443,0.94557,0.115049,0.112876
2257,24,0.400975,0.011121,0.010838,0.225961,0.351106,0.054292,0.945708,0.134395,0.134927
2258,32,0.401842,0.01001,0.010476,0.226198,0.351473,0.054261,0.945739,0.109669,0.109553
2259,24,0.401758,0.01001,0.01001,0.226414,0.351809,0.05375,0.94625,0.128465,0.131008
2260,30,0.40184,0.009999,0.009999,0.22639,0.351772,0.05443,0.94557,0.117562,0.113682
2261,24,0.40156,0.010005,0.010005,0.226495,0.351936,0.054109,0.945891,0.134627,0.136183
2262,24,0.401284,0.010005,0.010005,0.226603,0.352103,0.05362,0.94638,0.128385,0.130788
2263,24,0.401427,0.009994,0.010192,0.226478,0.351909,0.054625,0.945375,0.108773,0.103145
2264,30,0.401677,0.009999,0.009999,0.226454,0.351871,0.054551,0.945449,0.115898,0.116105
2265,30,0.401733,0.009993,0.009993,0.226303,0.351977,0.054375,0.945625,0.107274,0.107978
2266,38,0.40141,0.01,0.01,0.226311,0.352278,0.054533,0.945467,0.115112,0.114015
2267,26,0.401602,0.009997,0.009997,0.226239,0.352165,0.054099,0.945901,0.11719,0.119331
2268,32,0.401554,0.010001,0.010001,0.226255,0.35219,0.054774,0.945226,0.111049,0.107185
2269,32,0.40158,0.01,0.01,0.226245,0.352175,0.054878,0.945122,0.126258,0.12545
2270,26,0.401451,0.010002,0.010002,0.226294,0.352251,0.054829,0.945171,0.128241,0.128318
2271,24,0.401653,0.009997,0.009997,0.226219,0.352135,0.054155,0.945845,0.120396,0.123863
2272,26,0.40144,0.01,0.01,0.226221,0.352339,0.054,0.946,0.11923,0.119868
2273,32,0.401477,0.009999,0.009999,0.226207,0.352317,0.054079,0.945921,0.116024,0.115332
2274,24,0.401197,0.010005,0.010005,0.226313,0.352481,0.0536,0.9464,0.126319,0.128699
2275,26,0.40119,0.01,0.01,0.226319,0.35249,0.053725,0.946275,0.124904,0.124052
2276,30,0.401319,0.009998,0.009998,0.22627,0.352415,0.053592,0.946408,0.10938,0.109809
2277,30,0.401492,0.009997,0.009997,0.226203,0.352311,0.054367,0.945633,0.116002,0.111627
2278,24,0.401122,0.010002,0.010002,0.226258,0.352615,0.053612,0.946388,0.131052,0.134943
2279,36,0.40129,0.009995,0.009995,0.226139,0.352581,0.054631,0.945369,0.098723,0.093008
2280,24,0.401505,0.009996,0.009996,0.226054,0.352449,0.054608,0.945392,0.117134,0.117056
2281,26,0.402111,0.00999,0.00999,0.225822,0.352087,0.054612,0.945388,0.102789,0.102514
2282,24,0.40178,0.010721,0.010065,0.225637,0.351797,0.053784,0.946216,0.129792,0.134078
2283,30,0.401872,0.010012,0.010012,0.225899,0.352206,0.054159,0.945841,0.130076,0.127828
2284,32,0.400923,0.010843,0.010991,0.225562,0.351681,0.054209,0.945791,0.139446,0.138972
2285,26,0.400723,0.010969,0.011041,0.225571,0.351696,0.053675,0.946325,0.128172,0.130872
2286,24,0.401374,0.010016,0.010405,0.225938,0.352267,0.054581,0.945419,0.121688,0.116526
2287,24,0.401263,0.010009,0.010009,0.226139,0.35258,0.054121,0.945879,0.128385,0.130687
2288,24,0.40099,0.010005,0.010005,0.226249,0.352751,0.053724,0.946276,0.128418,0.130354
2289,30,0.401252,0.009996,0.009996,0.226153,0.352603,0.053952,0.946048,0.098157,0.096665
2290,24,0.400956,0.010035,0.010004,0.22625,0.352754,0.053493,0.946507,0.134556,0.136818
2291,32,0.40088,0.009997,0.009997,0.226173,0.352953,0.053897,0.946103,0.106527,0.104154
2292,32,0.40102,0.009998,0.009998,0.226118,0.352867,0.054331,0.945669,0.114971,0.112427
2293,24,0.40065,0.010002,0.010002,0.226174,0.353172,0.053634,0.946366,0.124918,0.12849
2294,26,0.400844,0.009997,0.009997,0.226102,0.35306,0.053681,0.946319,0.117141,0.116637
2295,30,0.40072,0.009996,0.009996,0.226018,0.353269,0.053314,0.946686,0.118323,0.120049
2296,24,0.400569,0.009999,0.009999,0.22599,0.353443,0.053554,0.946446,0.119703,0.118211
2297,32,0.400233,0.01,0.01,0.225999,0.353767,0.053426,0.946574,0.124521,0.125011
2298,24,0.4004,0.009997,0.009997,0.225936,0.353669,0.052938,0.947062,0.114119,0.116475
2299,26,0.400499,0.009998,0.009998,0.225897,0.353608,0.052965,0.947035,0.114625,0.114314
2300,24,0.4004,0.009997,0.010264,0.225832,0.353507,0.052323,0.947677,0.122912,0.126077
2301,24,0.400224,0.010007,0.010007,0.225997,0.353765,0.05176,0.94824,0.128491,0.131257
2302,24,0.400449,0.009996,0.009996,0.225918,0.35364,0.05178,0.94822,0.117143,0.116853
2303,32,0.400233,0.009996,0.010154,0.225817,0.353801,0.051405,0.948595,0.128038,0.129773
2304,24,0.400512,0.009998,0.009998,0.225768,0.353725,0.052584,0.947416,0.110942,0.104616
2305,26,0.4003,0.01,0.01,0.22577,0.35393,0.05242,0.94758,0.119251,0.119936
2306,36,0.399626,0.010546,0.010879,0.225478,0.353471,0.05275,0.94725,0.130272,0.128354
2307,32,0.400556,0.010008,0.010008,0.225664,0.353764,0.052936,0.947064,0.097758,0.096591
2308,24,0.400562,0.01,0.01,0.225668,0.353769,0.054178,0.945822,0.113461,0.106593
2309,24,0.400222,0.010006,0.010006,0.225796,0.353971,0.053855,0.946145,0.129966,0.131528
2310,24,0.399946,0.010005,0.010005,0.225905,0.35414,0.053154,0.946846,0.128388,0.131924
2311,36,0.400013,0.009996,0.009996,0.225823,0.354172,0.053042,0.946958,0.117174,0.117563
2312,36,0.399953,0.009996,0.009996,0.225739,0.354316,0.053563,0.946437,0.107296,0.104333
2313,24,0.39995,0.01,0.01,0.225737,0.354313,0.053535,0.946465,0.121781,0.121687
2314,36,0.399836,0.009988,0.01085,0.225456,0.353871,0.053797,0.946203,0.116827,0.115233
2315,24,0.399912,0.010005,0.010455,0.225573,0.354055,0.053282,0.946718,0.116715,0.119248
2316,26,0.400197,0.010003,0.010003,0.225639,0.354158,0.053375,0.946625,0.114563,0.113883
2317,36,0.399932,0.009997,0.009997,0.225577,0.354497,0.053958,0.946042,0.113341,0.11001
2318,24,0.400097,0.009997,0.009997,0.225513,0.354396,0.054142,0.945858,0.11416,0.112864
2319,24,0.400008,0.009998,0.009998,0.225462,0.354535,0.055313,0.944687,0.109856,0.103216
2320,30,0.400108,0.009998,0.009998,0.225423,0.354473,0.055386,0.944614,0.118989,0.118369
2321,32,0.399967,0.009996,0.009996,0.225343,0.354697,0.055764,0.944236,0.122078,0.11976
2322,30,0.399964,0.01,0.01,0.225342,0.354695,0.0558,0.9442,0.119606,0.119139
2323,26,0.399754,0.01,0.01,0.225345,0.354901,0.055163,0.944837,0.124963,0.12831
2324,26,0.400177,0.009993,0.009993,0.225186,0.354651,0.055193,0.944807,0.103397,0.10297
2325,24,0.400383,0.009996,0.010015,0.225096,0.35451,0.05611,0.94389,0.108774,0.103485
2326,34,0.400299,0.010002,0.010002,0.225132,0.354566,0.055967,0.944033,0.124639,0.125211
2327,30,0.400076,0.010004,0.010004,0.225217,0.354699,0.055896,0.944104,0.129972,0.130165
2328,36,0.399446,0.010442,0.010884,0.22495,0.354279,0.056306,0.943694,0.126131,0.123625
2329,32,0.399309,0.010107,0.010735,0.22507,0.354779,0.056376,0.943624,0.118263,0.117658
2330,26,0.399516,0.010011,0.010011,0.225308,0.355155,0.056048,0.943952,0.122579,0.12423
2331,24,0.399244,0.010005,0.010005,0.225418,0.355328,0.055629,0.944371,0.126285,0.128403
2332,24,0.400164,0.009985,0.009985,0.225077,0.35479,0.055555,0.944445,0.093053,0.093159
2333,24,0.400152,0.01,0.01,0.22507,0.354779,0.056457,0.943543,0.121695,0.116368
2334,24,0.400371,0.009996,0.009996,0.224988,0.354649,0.056359,0.943641,0.117155,0.117462
2335,24,0.400345,0.009997,0.009997,0.224913,0.354749,0.056228,0.943772,0.118218,0.118704
2336,24,0.39968,0.010162,0.010565,0.224802,0.354792,0.056095,0.943905,0.13091,0.131424
2337,24,0.399528,0.010008,0.010194,0.224979,0.355291,0.055618,0.944382,0.131022,0.133474
2338,30,0.399493,0.010169,0.01037,0.224862,0.355106,0.05562,0.94438,0.133048,0.132795
2339,24,0.399427,0.01001,0.01001,0.225089,0.355464,0.054903,0.945097,0.126361,0.13011
2340,26,0.399032,0.010007,0.010007,0.225245,0.355709,0.05425,0.94575,0.134733,0.138117
2341,30,0.398941,0.010002,0.010002,0.225284,0.355772,0.054716,0.945284,0.122142,0.119382
2342,36,0.398739,0.009999,0.009999,0.225258,0.356006,0.054762,0.945238,0.118506,0.118043
2343,30,0.398738,0.01,0.01,0.225257,0.356005,0.054934,0.945066,0.119712,0.11857
2344,36,0.398583,0.01,0.01,0.225258,0.356158,0.05522,0.94478,0.128715,0.12692
2345,26,0.398454,0.010002,0.010002,0.225307,0.356235,0.054714,0.945286,0.124461,0.127034
2346,24,0.398174,0.010005,0.010005,0.225413,0.356403,0.05409,0.94591,0.126396,0.129591
2347,24,0.397809,0.010003,0.010003,0.225472,0.356714,0.053508,0.946492,0.122868,0.125793
2348,30,0.397914,0.009998,0.009998,0.225434,0.356655,0.053893,0.946107,0.112552,0.110263
2349,30,0.397834,0.010094,0.010102,0.225388,0.356582,0.054012,0.945988,0.13612,0.13526
2350,30,0.397491,0.010066,0.011166,0.22512,0.356157,0.054311,0.945689,0.128111,0.126276
2351,24,0.396735,0.01106,0.011351,0.224956,0.355898,0.054002,0.945998,0.134417,0.135852
2352,30,0.397179,0.010135,0.010841,0.225208,0.356637,0.054082,0.945918,0.117584,0.116922
2353,32,0.397149,0.010276,0.010775,0.225191,0.35661,0.054221,0.945779,0.125155,0.124202
2354,24,0.397519,0.009997,0.010847,0.225127,0.35651,0.054077,0.945923,0.119322,0.119855
2355,30,0.397613,0.010008,0.0103,0.225299,0.356781,0.054464,0.945536,0.122858,0.120553
2356,30,0.397441,0.010005,0.010005,0.225413,0.357136,0.054254,0.945746,0.120453,0.121371
2357,24,0.397445,0.01,0.01,0.225415,0.35714,0.055513,0.944487,0.115502,0.10836
2358,30,0.397415,0.009999,0.010075,0.225398,0.357113,0.056067,0.943933,0.11952,0.116227
2359,30,0.397548,0.009999,0.009999,0.225376,0.357078,0.05694,0.94306,0.116655,0.111507
2360,24,0.397236,0.010004,0.010078,0.225464,0.357218,0.056757,0.943243,0.134514,0.135319
2361,24,0.397269,0.010001,0.010001,0.225483,0.357247,0.056376,0.943624,0.123729,0.12565
2362,26,0.397463,0.009997,0.009997,0.225411,0.357133,0.056503,0.943497,0.117144,0.116204
2363,24,0.397507,0.009999,0.009999,0.225392,0.357103,0.0559,0.9441,0.115471,0.118621
2364,24,0.397506,0.01,0.01,0.225392,0.357103,0.057156,0.942844,0.115515,0.108171
2365,24,0.396999,0.011012,0.010238,0.225104,0.356647,0.056826,0.943174,0.129767,0.131371
2366,32,0.397091,0.011338,0.010065,0.225009,0.356497,0.056605,0.943395,0.124396,0.125423
2367,26,0.397267,0.010965,0.010004,0.225109,0.356655,0.055989,0.944011,0.120396,0.123636
2368,30,0.397078,0.010883,0.010005,0.225213,0.35682,0.056381,0.943619,0.129895,0.12747
2369,24,0.397652,0.010005,0.010005,0.225331,0.357007,0.057195,0.942805,0.117126,0.112261
2370,24,0.397288,0.010003,0.010003,0.22539,0.357317,0.056751,0.943249,0.124839,0.127124
2371,32,0.397284,0.009997,0.009997,0.225329,0.357392,0.056821,0.943179,0.107613,0.106907
2372,26,0.397318,0.009999,0.009999,0.225314,0.357369,0.056254,0.943746,0.114854,0.117819
2373,26,0.397616,0.009995,0.009995,0.225202,0.357191,0.055556,0.944444,0.111108,0.114739
2374,24,0.397526,0.009998,0.009998,0.225151,0.357328,0.055021,0.944979,0.118079,0.120814
2375,24,0.397912,0.009994,0.009994,0.225005,0.357096,0.055188,0.944812,0.109512,0.108307
2376,26,0.398231,0.009994,0.009994,0.224881,0.356899,0.055257,0.944743,0.105617,0.10499
2377,30,0.398326,0.009995,0.009995,0.22477,0.356914,0.056148,0.943852,0.112945,0.107798
2378,26,0.398312,0.01,0.01,0.224771,0.356916,0.056043,0.943957,0.124918,0.12531
2379,30,0.398313,0.01,0.01,0.224771,0.356916,0.0558,0.9442,0.126203,0.127296
2380,24,0.39785,0.010456,0.01,0.224774,0.35692,0.055291,0.944709,0.128241,0.130844
2381,30,0.397896,0.010001,0.010001,0.2248,0.357302,0.056181,0.943819,0.110974,0.105809
2382,24,0.397818,0.009998,0.009998,0.224749,0.357438,0.056065,0.943935,0.120447,0.120834
2383,26,0.397686,0.010002,0.010002,0.224796,0.357513,0.055554,0.944446,0.124398,0.127046
2384,32,0.397643,0.010001,0.010001,0.224814,0.357542,0.055499,0.944501,0.121729,0.121813
2385,24,0.397072,0.010699,0.010024,0.224756,0.357449,0.054694,0.945306,0.134442,0.138684
2386,32,0.397161,0.010436,0.010003,0.224831,0.357569,0.05466,0.94534,0.12608,0.126033
2387,24,0.397054,0.010009,0.010009,0.225035,0.357893,0.053995,0.946005,0.134611,0.138049
2388,30,0.396766,0.010002,0.010002,0.225084,0.358145,0.054194,0.945806,0.127004,0.125725
2389,26,0.397194,0.009993,0.009993,0.224926,0.357894,0.054275,0.945725,0.103557,0.102872
2390,32,0.397143,0.010001,0.010001,0.22494,0.357916,0.054768,0.945232,0.126435,0.123555
2391,30,0.397722,0.00999,0.00999,0.224724,0.357573,0.054399,0.945601,0.097563,0.099283
2392,30,0.397818,0.009998,0.009998,0.224681,0.357505,0.054003,0.945997,0.118951,0.120868
2393,26,0.397686,0.010002,0.010002,0.224729,0.357581,0.053925,0.946075,0.128234,0.12846
2394,32,0.397616,0.009998,0.009998,0.22469,0.357698,0.053927,0.946073,0.108922,0.108701
2395,30,0.39756,0.009995,0.009995,0.224583,0.357867,0.054204,0.945796,0.107622,0.105893
2396,24,0.397102,0.01,0.01,0.224588,0.35831,0.053494,0.946506,0.127468,0.131105
2397,24,0.397525,0.009993,0.009993,0.22443,0.358059,0.053434,0.946566,0.107554,0.107603
2398,30,0.397878,0.009994,0.009994,0.224293,0.357841,0.053793,0.946207,0.102481,0.100271
2399,36,0.398056,0.009995,0.010119,0.224176,0.357654,0.053693,0.946307,0.116883,0.117228
2400,26,0.397811,0.009999,0.009999,0.22416,0.35803,0.053811,0.946189,0.121656,0.120832
2401,30,0.398129,0.009995,0.009995,0.224041,0.357841,0.054079,0.945921,0.099937,0.098237
2402,38,0.398374,0.009996,0.009996,0.223946,0.357689,0.054583,0.945417,0.112858,0.109933
2403,32,0.397887,0.009998,0.009998,0.22389,0.358228,0.054452,0.945548,0.110271,0.11077
2404,30,0.397885,0.01,0.01,0.223889,0.358226,0.054627,0.945373,0.119737,0.118548
2405,24,0.398395,0.009992,0.009992,0.223699,0.357923,0.054716,0.945284,0.106693,0.105989
2406,26,0.398243,0.01004,0.010002,0.223735,0.35798,0.054182,0.945818,0.124386,0.127101
2407,30,0.398236,0.010001,0.010001,0.223753,0.35801,0.054203,0.945797,0.119773,0.119425
2408,30,0.398101,0.009997,0.009997,0.223678,0.358228,0.05474,0.94526,0.110983,0.107829
2409,24,0.397535,0.010136,0.010567,0.223622,0.35814,0.054576,0.945424,0.134481,0.135161
2410,30,0.397681,0.009999,0.010589,0.22361,0.35812,0.054947,0.945053,0.117945,0.115671
2411,26,0.397785,0.010008,0.010008,0.22379,0.358408,0.054632,0.945368,0.124461,0.125991
2412,32,0.397652,0.010002,0.010002,0.223846,0.358497,0.055331,0.944669,0.11597,0.111924
2413,32,0.397748,0.009996,0.009996,0.223745,0.358515,0.055649,0.944351,0.11894,0.117
2414,24,0.397658,0.009998,0.009998,0.223694,0.358652,0.056838,0.943162,0.111917,0.104985
2415,36,0.397787,0.009993,0.009993,0.22354,0.358687,0.05721,0.94279,0.10436,0.102019
2416,30,0.397885,0.009998,0.009998,0.223498,0.358621,0.057448,0.942552,0.119113,0.117514
2417,26,0.397673,0.01,0.01,0.223501,0.358826,0.0569,0.9431,0.121121,0.124042
2418,24,0.397807,0.009998,0.009998,0.223451,0.358746,0.05646,0.94354,0.114459,0.116704
2419,24,0.397557,0.010039,0.010592,0.223303,0.358508,0.055848,0.944152,0.123916,0.127124
2420,24,0.398029,0.010003,0.010003,0.223362,0.358603,0.055798,0.944202,0.117172,0.117223
2421,26,0.398031,0.01,0.01,0.223364,0.358605,0.054879,0.945121,0.126195,0.131107
2422,24,0.398031,0.01,0.01,0.223364,0.358605,0.056117,0.943883,0.113453,0.10635
2423,32,0.397986,0.010001,0.010001,0.22338,0.358632,0.056135,0.943865,0.126373,0.126038
2424,26,0.397856,0.010002,0.010002,0.223429,0.35871,0.05579,0.94421,0.124428,0.126167
2425,24,0.397577,0.010005,0.010005,0.223534,0.35888,0.055031,0.944969,0.134553,0.138561
2426,26,0.397371,0.01,0.01,0.22354,0.359089,0.054475,0.945525,0.124935,0.127786
2427,32,0.39743,0.009996,0.009996,0.223455,0.359123,0.054798,0.945202,0.110303,0.108291
2428,26,0.397297,0.010002,0.010002,0.223501,0.359198,0.054482,0.945518,0.122655,0.124197
2429,24,0.397307,0.01,0.01,0.223499,0.359194,0.053844,0.946156,0.124086,0.127319
2430,24,0.397026,0.010005,0.010005,0.223603,0.359362,0.053216,0.946784,0.128383,0.131556
2431,30,0.397133,0.009998,0.009998,0.223567,0.359303,0.054173,0.945827,0.116662,0.111329
2432,30,0.396907,0.010004,0.010004,0.22365,0.359436,0.053966,0.946034,0.123314,0.12421
2433,32,0.397052,0.009998,0.009998,0.223598,0.359354,0.054357,0.945643,0.114864,0.112521
2434,26,0.396971,0.010001,0.010001,0.223627,0.3594,0.053665,0.946335,0.123583,0.127095
2435,32,0.397021,0.009996,0.009996,0.223543,0.359444,0.0544,0.9456,0.10468,0.10052
2436,36,0.397775,0.009987,0.009987,0.22326,0.35899,0.054799,0.945201,0.081734,0.079307
2437,32,0.397893,0.009995,0.009995,0.223144,0.358974,0.054584,0.945416,0.125571,0.126513
2438,24,0.397828,0.010001,0.010001,0.223164,0.359006,0.054884,0.945116,0.123262,0.121422
2439,32,0.39755,0.010002,0.010002,0.223205,0.359242,0.054774,0.945226,0.122297,0.122705
2440,24,0.397096,0.01,0.01,0.223213,0.35969,0.054338,0.945662,0.121269,0.123432
2441,24,0.396525,0.010729,0.009997,0.223154,0.359595,0.053333,0.946667,0.134471,0.139686
2442,30,0.39665,0.010007,0.010007,0.223312,0.360024,0.053113,0.946887,0.130758,0.13172
2443,30,0.396763,0.009995,0.009995,0.223211,0.360036,0.053963,0.946037,0.113217,0.108501
2444,26,0.396759,0.01,0.01,0.223209,0.360032,0.053271,0.946729,0.126127,0.129668
2445,24,0.396681,0.009998,0.009998,0.223157,0.360166,0.052947,0.947053,0.11226,0.11376
2446,26,0.396414,0.010001,0.010001,0.22318,0.360405,0.052546,0.947454,0.126403,0.128354
2447,24,0.396328,0.009998,0.009998,0.223131,0.360545,0.052171,0.947829,0.12021,0.121976
2448,26,0.396441,0.009995,0.009995,0.223014,0.360556,0.051518,0.948482,0.113901,0.117075
2449,24,0.396658,0.009996,0.009996,0.22293,0.36042,0.05171,0.94829,0.117052,0.115873
2450,24,0.396373,0.010005,0.010005,0.223032,0.360586,0.051296,0.948704,0.126294,0.128245
2451,36,0.396457,0.009994,0.009994,0.222903,0.360652,0.051419,0.948581,0.110597,0.109723
2452,30,0.396452,0.01,0.01,0.2229,0.360648,0.051824,0.948176,0.112913,0.110617
2453,26,0.395968,0.010005,0.010005,0.223005,0.361018,0.051464,0.948536,0.125753,0.127438
2454,30,0.395869,0.009996,0.009996,0.22292,0.361219,0.051754,0.948246,0.103242,0.101554
2455,26,0.395381,0.010005,0.010005,0.223022,0.361587,0.051039,0.948961,0.131356,0.134866
2456,30,0.395159,0.010004,0.010004,0.223108,0.361726,0.051408,0.948592,0.130006,0.127922
2457,26,0.395195,0.009996,0.009996,0.223023,0.361789,0.051111,0.948889,0.110997,0.112332
2458,32,0.395288,0.009995,0.009995,0.22292,0.361801,0.051375,0.948625,0.118975,0.117451
2459,24,0.395493,0.009993,0.009993,0.222761,0.36176,0.050729,0.949271,0.109271,0.112347
2460,24,0.395648,0.009997,0.009997,0.222698,0.361659,0.051138,0.948862,0.118737,0.116501
2461,30,0.395351,0.010002,0.010002,0.222741,0.361903,0.050665,0.949335,0.127115,0.129325
2462,36,0.394852,0.009992,0.010687,0.222567,0.361902,0.050948,0.949052,0.12315,0.121542
2463,24,0.395422,0.009998,0.010235,0.22252,0.361826,0.050208,0.949792,0.110037,0.113566
2464,24,0.394867,0.010659,0.010259,0.22247,0.361745,0.05,0.95,0.134437,0.138261
2465,24,0.396155,0.009994,0.009994,0.222334,0.361523,0.050161,0.949839,0.093187,0.092147
2466,34,0.395995,0.01,0.01,0.222326,0.36168,0.050885,0.949115,0.113306,0.109483
2467,30,0.395873,0.010002,0.010002,0.222371,0.361752,0.051329,0.948671,0.122196,0.119751
2468,24,0.39542,0.01,0.01,0.222379,0.3622,0.05079,0.94921,0.119165,0.121749
2469,32,0.395861,0.009993,0.009993,0.222217,0.361937,0.050589,0.949411,0.106377,0.107171
2470,24,0.395708,0.009999,0.009999,0.222187,0.362107,0.05,0.95,0.127781,0.131503
2471,24,0.395707,0.01,0.01,0.222187,0.362106,0.051175,0.948825,0.115403,0.109286
2472,30,0.395787,0.009997,0.010106,0.222118,0.361993,0.051668,0.948332,0.118129,0.115405
2473,26,0.395747,0.010002,0.010002,0.22217,0.362078,0.050983,0.949017,0.123653,0.126977
2474,36,0.395855,0.009998,0.009998,0.222132,0.362016,0.050988,0.949012,0.110367,0.110122
2475,24,0.395989,0.009998,0.009998,0.222081,0.361934,0.050606,0.949394,0.114516,0.116238
2476,24,0.396157,0.009997,0.009997,0.222018,0.361831,0.050779,0.949221,0.114117,0.112973
2477,24,0.396015,0.01,0.010154,0.222012,0.36182,0.050676,0.949324,0.12496,0.125284
2478,24,0.395732,0.010007,0.010007,0.222172,0.362082,0.05033,0.94967,0.129907,0.131468
2479,32,0.395988,0.009995,0.010052,0.222062,0.361903,0.050776,0.949224,0.109776,0.107286
2480,24,0.395636,0.0101,0.01013,0.222126,0.362008,0.050661,0.949339,0.134489,0.134884
2481,30,0.395307,0.010386,0.010659,0.221942,0.361706,0.050957,0.949043,0.129351,0.127646
2482,24,0.395339,0.010013,0.010044,0.222222,0.362382,0.050528,0.949472,0.13102,0.132983
2483,24,0.395079,0.010005,0.010005,0.222339,0.362572,0.05,0.95,0.13451,0.138099
2484,30,0.395298,0.009991,0.009991,0.222137,0.362583,0.05,0.95,0.106637,0.106715
2485,26,0.395351,0.009999,0.009999,0.222111,0.36254,0.050208,0.949792,0.118643,0.117444
2486,28,0.395449,0.009998,0.009998,0.222074,0.36248,0.050124,0.949876,0.117335,0.117575
2487,30,0.394491,0.011344,0.011028,0.221536,0.361601,0.050113,0.949887,0.135894,0.135747
2488,32,0.395268,0.01086,0.010198,0.22174,0.361933,0.05,0.95,0.108854,0.111585
2489,24,0.395979,0.010006,0.010006,0.221867,0.362142,0.05,0.95,0.111255,0.114083
2490,24,0.395993,0.01,0.01,0.221867,0.362141,0.05,0.95,0.124037,0.124623
2491,24,0.396198,0.009993,0.009993,0.221711,0.362105,0.05,0.95,0.115849,0.1172
2492,26,0.396305,0.009998,0.009998,0.221667,0.362032,0.05,0.95,0.118124,0.118269
2493,26,0.396173,0.010002,0.010002,0.221714,0.362109,0.05,0.95,0.128234,0.130408
2494,24,0.39628,0.009997,0.01006,0.221653,0.36201,0.05,0.95,0.126097,0.126939
2495,26,0.396993,0.009989,0.009989,0.221412,0.361617,0.05,0.95,0.095897,0.096639
2496,24,0.397335,0.009994,0.009994,0.221279,0.361398,0.050755,0.949245,0.113333,0.109317
2497,24,0.39746,0.009998,0.009998,0.221228,0.361316,0.05188,0.94812,0.111623,0.105674
2498,24,0.397116,0.01024,0.010457,0.221093,0.361095,0.051137,0.948863,0.131315,0.134966
2499,24,0.3976,0.010003,0.010036,0.221159,0.361202,0.051962,0.948038,0.11715,0.112669
2500,30,0.397875,0.009996,0.009996,0.221072,0.361061,0.052419,0.947581,0.105375,0.102807
2501,30,0.398347,0.009992,0.009992,0.220896,0.360773,0.053026,0.946974,0.092564,0.089176
2502,24,0.398029,0.010154,0.010614,0.220719,0.360484,0.05283,0.94717,0.129831,0.130664
2503,30,0.398235,0.009998,0.010691,0.220671,0.360405,0.053277,0.946723,0.115852,0.113283
2504,30,0.398685,0.010004,0.010004,0.220758,0.360548,0.053925,0.946075,0.116051,0.112388
2505,30,0.398729,0.009994,0.009994,0.22062,0.360663,0.053946,0.946054,0.117132,0.1168
2506,26,0.398321,0.010007,0.010007,0.220766,0.3609,0.053568,0.946432,0.129008,0.130861
2507,30,0.39843,0.009998,0.009998,0.220731,0.360843,0.05405,0.94595,0.116665,0.113876
2508,24,0.398147,0.010005,0.010005,0.220833,0.36101,0.053344,0.946656,0.128319,0.131891
2509,38,0.397545,0.010001,0.010001,0.220854,0.361599,0.053061,0.946939,0.129622,0.130909
2510,30,0.397449,0.010002,0.010002,0.22089,0.361658,0.053092,0.946908,0.122144,0.121747
2511,24,0.39796,0.009992,0.009992,0.220703,0.361353,0.053321,0.946679,0.106633,0.10521
2512,32,0.397908,0.009998,0.009998,0.220651,0.361446,0.053365,0.946635,0.109622,0.109179
2513,24,0.397517,0.0102,0.010074,0.220693,0.361515,0.053291,0.946709,0.134497,0.134691
2514,30,0.398257,0.009992,0.009992,0.220522,0.361236,0.053227,0.946773,0.093559,0.093627
2515,30,0.398791,0.009991,0.009991,0.220321,0.360906,0.052858,0.947142,0.097986,0.09967
2516,30,0.398482,0.010002,0.010002,0.220358,0.361157,0.052293,0.947707,0.126828,0.12962
2517,36,0.39833,0.01,0.01,0.220359,0.361311,0.052673,0.947327,0.124576,0.12238
2518,24,0.398872,0.009991,0.009991,0.220161,0.360985,0.052047,0.947953,0.100848,0.103854
2519,26,0.398886,0.009996,0.009996,0.220075,0.361047,0.052089,0.947911,0.111304,0.110917
2520,26,0.39848,0.010007,0.010007,0.220221,0.361286,0.051215,0.948785,0.134852,0.139218
2521,36,0.398498,0.009997,0.009997,0.220164,0.361344,0.051969,0.948031,0.110531,0.106474
2522,38,0.398147,0.009995,0.009995,0.220052,0.361811,0.052279,0.947721,0.116337,0.114524
2523,26,0.398245,0.009998,0.009998,0.220012,0.361747,0.052304,0.947696,0.114543,0.114237
2524,26,0.398567,0.009995,0.009995,0.219893,0.361551,0.051655,0.948345,0.11497,0.118142
2525,24,0.398194,0.010002,0.010002,0.219946,0.361855,0.050959,0.949041,0.131026,0.13444
2526,32,0.397979,0.009996,0.009996,0.219848,0.362182,0.050885,0.949115,0.110643,0.11082
2527,26,0.3984,0.009993,0.009993,0.219691,0.361924,0.051115,0.948885,0.103476,0.102115
2528,24,0.398316,0.009998,0.009998,0.219637,0.362052,0.050794,0.949206,0.112208,0.113634
2529,24,0.398264,0.009999,0.010125,0.219608,0.362005,0.051634,0.948366,0.121603,0.117099
2530,32,0.39829,0.009999,0.009999,0.219578,0.362135,0.052673,0.947327,0.107084,0.101511
2531,24,0.398289,0.01,0.01,0.219577,0.362134,0.053539,0.946461,0.121668,0.116863
2532,38,0.397857,0.010854,0.009993,0.21942,0.361875,0.053454,0.946546,0.130608,0.130875
2533,24,0.398415,0.010005,0.010005,0.219526,0.362049,0.054274,0.945726,0.117115,0.112447
2534,24,0.398552,0.009994,0.009994,0.2194,0.362059,0.054208,0.945792,0.113619,0.113774
2535,32,0.398421,0.009997,0.009997,0.219328,0.362258,0.054642,0.945358,0.101713,0.099143
2536,30,0.398262,0.009992,0.010304,0.219146,0.362296,0.05455,0.94545,0.124274,0.124562
2537,32,0.398477,0.009999,0.009999,0.219113,0.362413,0.054997,0.945003,0.11534,0.112694
2538,24,0.398696,0.009996,0.009996,0.219032,0.362279,0.055229,0.944771,0.117226,0.115742
2539,30,0.398352,0.01,0.01,0.219031,0.362617,0.054952,0.945048,0.121109,0.122405
2540,30,0.39838,0.009996,0.009996,0.218952,0.362676,0.055853,0.944147,0.113492,0.108295
2541,32,0.397971,0.009999,0.009999,0.21892,0.363112,0.055879,0.944121,0.129507,0.129166
2542,36,0.397983,0.009997,0.009997,0.218859,0.363163,0.056468,0.943532,0.110674,0.107154
2543,30,0.398011,0.009999,0.009999,0.218847,0.363143,0.05584,0.94416,0.118949,0.122245
2544,24,0.398255,0.009992,0.009992,0.218679,0.363082,0.055622,0.944378,0.11295,0.113887
2545,32,0.398203,0.010001,0.010001,0.218692,0.363103,0.056114,0.943886,0.126459,0.123507
2546,24,0.398333,0.009998,0.009998,0.218645,0.363026,0.057174,0.942826,0.109576,0.103339
2547,32,0.398661,0.009992,0.009992,0.218463,0.362893,0.057046,0.942954,0.103266,0.103686
2548,24,0.398373,0.010005,0.010005,0.218561,0.363057,0.056335,0.943665,0.126419,0.130254
2549,24,0.39851,0.009994,0.009994,0.218435,0.363066,0.056426,0.943574,0.113552,0.112798
2550,26,0.398102,0.010007,0.010007,0.21858,0.363305,0.055848,0.944152,0.129047,0.132092
2551,24,0.398107,0.01,0.01,0.218582,0.36331,0.055089,0.944911,0.121648,0.125577
2552,26,0.397727,0.010577,0.010046,0.218492,0.363159,0.054603,0.945397,0.12813,0.130607
2553,30,0.398206,0.00999,0.010718,0.218279,0.362806,0.054517,0.945483,0.097953,0.098185
2554,24,0.398173,0.010123,0.010686,0.218254,0.362764,0.053809,0.946191,0.123917,0.127515
2555,24,0.398496,0.010008,0.010008,0.218431,0.363058,0.053224,0.946776,0.123839,0.126788
2556,26,0.398548,0.009999,0.009999,0.218418,0.363036,0.053482,0.946518,0.115824,0.114274
2557,32,0.398259,0.009999,0.009999,0.218407,0.363336,0.053567,0.946433,0.106281,0.105593
2558,32,0.398213,0.010001,0.010001,0.218423,0.363363,0.053573,0.946427,0.126374,0.126134
2559,26,0.398004,0.01,0.01,0.218426,0.36357,0.053148,0.946852,0.124986,0.127083
2560,26,0.397874,0.010002,0.010002,0.218473,0.363648,0.053068,0.946932,0.122637,0.122891
2561,24,0.39794,0.009999,0.009999,0.218451,0.363611,0.05299,0.94701,0.121891,0.122101
2562,24,0.397862,0.009998,0.009998,0.2184,0.363743,0.052695,0.947305,0.120431,0.121749
2563,24,0.397578,0.010005,0.010005,0.218501,0.363912,0.05238,0.94762,0.12846,0.129936
2564,32,0.397463,0.00999,0.010706,0.218286,0.363554,0.052652,0.947348,0.12177,0.120166
2565,24,0.397874,0.010005,0.010005,0.21839,0.363727,0.052109,0.947891,0.11453,0.117171
2566,30,0.397959,0.009995,0.010234,0.218276,0.363537,0.052875,0.947125,0.115891,0.111676
2567,24,0.398382,0.009993,0.009993,0.218126,0.363505,0.052692,0.947308,0.112043,0.112753
2568,26,0.398489,0.009998,0.009998,0.218082,0.363432,0.052456,0.947544,0.118024,0.119026
2569,24,0.398621,0.009994,0.009994,0.217954,0.363436,0.052622,0.947378,0.113596,0.112536
2570,30,0.398519,0.010001,0.010001,0.217987,0.363491,0.052892,0.947108,0.122125,0.120465
2571,30,0.398179,0.01,0.01,0.217988,0.363832,0.052655,0.947345,0.121091,0.12212
2572,30,0.398166,0.009995,0.009995,0.21787,0.363974,0.052374,0.947626,0.11027,0.111533
2573,36,0.397875,0.009997,0.009997,0.217814,0.364315,0.052335,0.947665,0.117459,0.117442
2574,24,0.398003,0.009998,0.009998,0.217766,0.364235,0.053415,0.946585,0.111644,0.105743
2575,30,0.397776,0.010004,0.010004,0.217847,0.36437,0.05364,0.94636,0.130024,0.128625
2576,24,0.397411,0.010003,0.010003,0.217903,0.364681,0.053448,0.946552,0.130958,0.131791
2577,32,0.397274,0.010002,0.010002,0.217954,0.364767,0.0536,0.9464,0.114307,0.113277
2578,30,0.397556,0.009995,0.009995,0.217854,0.3646,0.05449,0.94551,0.112979,0.107971
2579,30,0.397455,0.010002,0.010002,0.217887,0.364655,0.054975,0.945025,0.122141,0.119239
2580,30,0.396835,0.010359,0.010451,0.217752,0.364603,0.055007,0.944993,0.136866,0.136475
2581,24,0.396875,0.010013,0.010013,0.21803,0.365069,0.054409,0.945591,0.128389,0.131463
2582,30,0.397382,0.009992,0.010011,0.217849,0.364766,0.054886,0.945114,0.105105,0.102311
2583,24,0.397448,0.009999,0.009999,0.217826,0.364727,0.054788,0.945212,0.121893,0.12222
2584,30,0.39697,0.009999,0.009999,0.217813,0.365218,0.054592,0.945408,0.118456,0.119335
2585,32,0.396924,0.010001,0.010001,0.217829,0.365245,0.054803,0.945197,0.11713,0.115759
2586,36,0.397403,0.009992,0.009992,0.217656,0.364956,0.054877,0.945123,0.098873,0.098208
2587,24,0.397231,0.009999,0.009999,0.217634,0.365137,0.05451,0.94549,0.113206,0.11497
2588,24,0.39723,0.01,0.01,0.217634,0.365136,0.054718,0.945282,0.12165,0.120295
2589,24,0.397083,0.009999,0.009999,0.217608,0.365311,0.053954,0.946046,0.127877,0.13184
2590,36,0.396798,0.010476,0.009997,0.217537,0.365192,0.053943,0.946057,0.123442,0.123301
2591,30,0.396889,0.010006,0.010006,0.217675,0.365423,0.054325,0.945675,0.122133,0.119859
2592,30,0.39694,0.009996,0.009996,0.217592,0.365475,0.05482,0.94518,0.115125,0.112216
2593,24,0.397006,0.009999,0.009999,0.217566,0.36543,0.05453,0.94547,0.114231,0.115587
2594,24,0.39714,0.009994,0.009994,0.217438,0.365434,0.055201,0.944799,0.113511,0.109616
2595,24,0.397135,0.01,0.01,0.217436,0.365429,0.056026,0.943974,0.121574,0.116731
2596,26,0.396925,0.01,0.01,0.217439,0.365636,0.056096,0.943904,0.119278,0.118687
2597,24,0.396774,0.010003,0.010003,0.217494,0.365728,0.055873,0.944127,0.130921,0.1319
2598,26,0.396545,0.010497,0.010073,0.217368,0.365517,0.055801,0.944199,0.125993,0.126183
2599,32,0.396937,0.010003,0.010003,0.217432,0.365625,0.056162,0.943838,0.117286,0.115082
2600,24,0.396722,0.010004,0.010004,0.217512,0.365759,0.056036,0.943964,0.126421,0.126904
2601,30,0.396826,0.009998,0.009998,0.217477,0.3657,0.055309,0.944691,0.11805,0.121839
2602,24,0.397335,0.009991,0.009991,0.217292,0.365389,0.055435,0.944565,0.106652,0.105703
2603,24,0.397329,0.01,0.01,0.217289,0.365383,0.056337,0.943663,0.121694,0.116361
2604,36,0.397053,0.010687,0.009993,0.217138,0.365129,0.055869,0.944131,0.124655,0.12704
2605,30,0.397294,0.010007,0.010007,0.217296,0.365395,0.056116,0.943884,0.120641,0.119007
2606,32,0.397398,0.009996,0.009996,0.217202,0.365408,0.056519,0.943481,0.115318,0.112822
2607,24,0.397025,0.010225,0.010002,0.217254,0.365494,0.055527,0.944473,0.13454,0.139889
2608,30,0.397292,0.009999,0.009999,0.217239,0.36547,0.055709,0.944291,0.116081,0.114883
2609,24,0.397426,0.009998,0.009998,0.217191,0.365388,0.055274,0.944726,0.11449,0.116637
2610,26,0.397214,0.01,0.01,0.217193,0.365593,0.054983,0.945017,0.119309,0.120728
2611,26,0.396948,0.010001,0.010001,0.217216,0.365834,0.054655,0.945345,0.126283,0.127891
2612,24,0.396667,0.010005,0.010005,0.217318,0.366005,0.054127,0.945873,0.126297,0.128976
2613,30,0.39658,0.009993,0.010485,0.217176,0.365766,0.05505,0.94495,0.116448,0.111203
2614,26,0.39664,0.010007,0.010007,0.217327,0.36602,0.054733,0.945267,0.122653,0.124204
2615,26,0.396857,0.009993,0.009993,0.217181,0.365975,0.05482,0.94518,0.11074,0.110063
2616,32,0.396442,0.010192,0.010306,0.217145,0.365915,0.054825,0.945175,0.123995,0.123769
2617,30,0.397109,0.009997,0.009997,0.217085,0.365813,0.054944,0.945056,0.103881,0.102984
2618,32,0.397101,0.009995,0.009995,0.216971,0.365939,0.05528,0.94472,0.106825,0.104741
2619,26,0.397039,0.009994,0.009994,0.216845,0.366128,0.055308,0.944692,0.107952,0.107594
2620,24,0.396957,0.009998,0.009998,0.216792,0.366256,0.054646,0.945354,0.120411,0.123815
2621,26,0.397395,0.009993,0.009993,0.216633,0.365987,0.05401,0.94599,0.106149,0.109357
2622,30,0.397565,0.009997,0.009997,0.216566,0.365875,0.054649,0.945351,0.115958,0.112292
2623,24,0.397281,0.010005,0.010005,0.216666,0.366044,0.053977,0.946023,0.134606,0.138081
2624,24,0.397708,0.009993,0.009993,0.216516,0.36579,0.054208,0.945792,0.107668,0.106182
2625,28,0.397878,0.009997,0.009997,0.21645,0.365678,0.054311,0.945689,0.111799,0.111051
2626,24,0.397884,0.01,0.01,0.216445,0.365671,0.053885,0.946115,0.115735,0.1178
2627,38,0.397657,0.009999,0.009999,0.216431,0.365914,0.053669,0.946331,0.109728,0.110683
2628,32,0.397378,0.010002,0.010002,0.216469,0.36615,0.053647,0.946353,0.123833,0.123749
2629,30,0.396988,0.010416,0.01,0.216461,0.366135,0.053498,0.946502,0.12981,0.130414
2630,24,0.397443,0.009999,0.009999,0.216447,0.366111,0.05436,0.94564,0.111112,0.106207
2631,32,0.397215,0.010446,0.011008,0.215991,0.36534,0.053924,0.946076,0.12078,0.12295
2632,24,0.397511,0.010019,0.010019,0.216407,0.366043,0.053462,0.946538,0.128375,0.130655
2633,24,0.397208,0.010098,0.010004,0.216496,0.366194,0.053198,0.946802,0.134517,0.135703
2634,24,0.397171,0.009999,0.009999,0.216468,0.366364,0.052801,0.947199,0.120434,0.122283
2635,26,0.39717,0.01,0.01,0.216467,0.366363,0.052928,0.947072,0.126149,0.125306
2636,24,0.396883,0.010017,0.010005,0.216565,0.36653,0.052236,0.947764,0.134522,0.137999
2637,24,0.396604,0.01002,0.010005,0.216668,0.366704,0.051764,0.948236,0.128269,0.130528
2638,36,0.396627,0.00999,0.01058,0.216457,0.366346,0.051903,0.948097,0.116648,0.115718
2639,26,0.396723,0.010008,0.010008,0.216627,0.366634,0.051616,0.948384,0.124538,0.125864
2640,30,0.396906,0.009997,0.009997,0.216567,0.366533,0.051849,0.948151,0.115921,0.114518
2641,24,0.396904,0.01,0.01,0.216566,0.366531,0.052759,0.947241,0.1217,0.116698
2642,26,0.397126,0.009996,0.009996,0.216486,0.366396,0.052782,0.947218,0.111041,0.110725
2643,26,0.397317,0.009997,0.009997,0.216415,0.366275,0.052132,0.947868,0.117153,0.120347
2644,30,0.397418,0.009998,0.009998,0.216376,0.366209,0.053091,0.946909,0.116669,0.111444
2645,32,0.397371,0.010001,0.010001,0.216392,0.366236,0.053148,0.946852,0.12631,0.125804
2646,26,0.397475,0.009995,0.010223,0.216273,0.366035,0.053102,0.946898,0.1171,0.117116
2647,24,0.397985,0.009992,0.009992,0.21609,0.365942,0.053016,0.946984,0.103046,0.103259
2648,24,0.398199,0.009996,0.009996,0.216007,0.365802,0.052908,0.947092,0.117159,0.117499
2649,26,0.397792,0.010007,0.010007,0.21615,0.366045,0.052062,0.947938,0.134753,0.139042
2650,32,0.397586,0.010004,0.010004,0.216229,0.366178,0.051801,0.948199,0.130356,0.131533
2651,24,0.39751,0.010001,0.010001,0.216259,0.366229,0.051321,0.948679,0.116857,0.119138
2652,24,0.397645,0.009998,0.009998,0.216211,0.366148,0.050647,0.949353,0.114446,0.117666
2653,36,0.397563,0.009999,0.009999,0.216185,0.366255,0.050628,0.949372,0.123213,0.123114
2654,36,0.397502,0.009998,0.009998,0.216151,0.36635,0.051294,0.948706,0.120419,0.116846
2655,24,0.397163,0.010144,0.010003,0.216221,0.366468,0.050239,0.949761,0.134549,0.139745
2656,30,0.3978,0.009992,0.009992,0.216046,0.36617,0.05,0.95,0.097497,0.098505
2657,36,0.397428,0.009995,0.01068,0.215928,0.36597,0.050271,0.949729,0.13039,0.128871
2658,24,0.397245,0.01001,0.010064,0.216137,0.366544,0.05,0.95,0.1242,0.125387
2659,32,0.397229,0.010001,0.010001,0.21617,0.366599,0.050287,0.949713,0.11708,0.115448
2660,24,0.397364,0.009994,0.009994,0.216044,0.366603,0.050414,0.949586,0.113519,0.112681
2661,26,0.397174,0.010003,0.010003,0.216108,0.366712,0.050025,0.949975,0.129633,0.131445
2662,32,0.397105,0.009998,0.009998,0.216071,0.366828,0.050003,0.949997,0.117675,0.117626
2663,24,0.397717,0.00999,0.00999,0.21585,0.366453,0.05,0.95,0.106833,0.107877
2664,24,0.397427,0.010004,0.010004,0.215947,0.366617,0.05,0.95,0.128419,0.131355
2665,24,0.397652,0.009996,0.009996,0.21587,0.366486,0.05,0.95,0.117071,0.117249
2666,24,0.397852,0.009993,0.009993,0.215717,0.366445,0.050335,0.949665,0.107568,0.105682
2667,36,0.397723,0.010002,0.010002,0.215759,0.366515,0.050302,0.949698,0.125076,0.125021
2668,34,0.397791,0.009999,0.009999,0.215735,0.366475,0.050269,0.949731,0.112855,0.112866
2669,26,0.397974,0.009997,0.01002,0.215661,0.366349,0.05036,0.94964,0.117126,0.116493
2670,24,0.398187,0.009996,0.010031,0.215578,0.366208,0.051447,0.948553,0.110839,0.105137
2671,30,0.397904,0.010002,0.010002,0.215627,0.366465,0.051871,0.948129,0.127149,0.124757
2672,32,0.398048,0.009998,0.009998,0.215576,0.36638,0.052307,0.947693,0.108102,0.105657
2673,24,0.397618,0.010003,0.010003,0.215651,0.366724,0.051768,0.948232,0.126254,0.128879
2674,30,0.39785,0.009996,0.009996,0.21557,0.366587,0.051455,0.948545,0.107482,0.108835
2675,30,0.39795,0.009998,0.009998,0.215532,0.366522,0.051797,0.948203,0.119153,0.117174
2676,32,0.397827,0.009997,0.010304,0.215465,0.366408,0.052795,0.947205,0.111229,0.105879
2677,36,0.397613,0.009992,0.011014,0.215283,0.366099,0.053832,0.946168,0.112089,0.106422
2678,24,0.398047,0.010005,0.010246,0.215401,0.3663,0.054872,0.945128,0.109584,0.103731
2679,24,0.398043,0.010003,0.010066,0.215471,0.366417,0.054556,0.945444,0.12498,0.126441
2680,26,0.397991,0.009999,0.009999,0.215442,0.36657,0.054631,0.945369,0.113293,0.112684
2681,24,0.397929,0.010001,0.010001,0.215463,0.366606,0.054083,0.945917,0.131485,0.134274
2682,26,0.3978,0.010002,0.010002,0.21551,0.366686,0.054217,0.945783,0.128293,0.12739
2683,32,0.397336,0.010468,0.009997,0.215448,0.366751,0.053949,0.946051,0.137606,0.138842
2684,26,0.397069,0.010807,0.009999,0.215421,0.366704,0.053287,0.946713,0.128185,0.131557
2685,26,0.396336,0.011633,0.009998,0.215387,0.366646,0.052533,0.947467,0.1346,0.138405
2686,32,0.397442,0.010009,0.010009,0.215575,0.366966,0.052707,0.947293,0.093164,0.092
2687,32,0.397403,0.010001,0.010001,0.215595,0.367,0.052724,0.947276,0.12185,0.121557
2688,24,0.396894,0.009999,0.010574,0.215572,0.366961,0.052609,0.947391,0.134523,0.134924
2689,24,0.39717,0.010001,0.010001,0.2156,0.367227,0.052238,0.947762,0.110904,0.112624
2690,30,0.397074,0.010002,0.010002,0.215636,0.367287,0.052453,0.947547,0.122095,0.120787
2691,24,0.39604,0.011024,0.010845,0.215328,0.366763,0.052266,0.947734,0.134375,0.135148
2692,36,0.396611,0.010018,0.010061,0.215723,0.367587,0.052485,0.947515,0.120503,0.119156
2693,24,0.39649,0.010003,0.010003,0.215794,0.367709,0.05188,0.94812,0.130874,0.133841
2694,24,0.396122,0.010227,0.010002,0.215848,0.367801,0.051087,0.948913,0.134529,0.138448
2695,26,0.396266,0.009999,0.010168,0.215818,0.367749,0.050617,0.949383,0.122595,0.124825
2696,32,0.396701,0.009996,0.009996,0.215722,0.367586,0.050383,0.949617,0.105587,0.106605
2697,26,0.396697,0.01,0.01,0.21572,0.367583,0.050349,0.949651,0.126085,0.126092
2698,30,0.39649,0.00999,0.010774,0.215514,0.367231,0.05,0.95,0.11899,0.121573
2699,24,0.396511,0.010012,0.010012,0.21578,0.367684,0.05,0.95,0.128344,0.129964
2700,24,0.396656,0.009998,0.009998,0.215737,0.367611,0.05,0.95,0.114571,0.117325
2701,26,0.396965,0.009995,0.009995,0.215625,0.367421,0.05,0.95,0.108334,0.109709
2702,30,0.396863,0.010002,0.010002,0.215657,0.367476,0.05,0.95,0.131998,0.131991
2703,34,0.39702,0.009997,0.009997,0.215602,0.367382,0.050043,0.949957,0.103884,0.103518
2704,26,0.396938,0.010001,0.010001,0.21563,0.367429,0.05,0.95,0.123656,0.127851
2705,26,0.397133,0.009997,0.009997,0.215561,0.367312,0.05,0.95,0.117119,0.119189
2706,24,0.396601,0.010054,0.010568,0.215526,0.367251,0.05,0.95,0.13448,0.135088
2707,24,0.396848,0.010006,0.010006,0.21566,0.36748,0.051268,0.948732,0.115518,0.108918
2708,32,0.397291,0.009993,0.009993,0.215506,0.367218,0.051646,0.948354,0.101791,0.099623
2709,24,0.396779,0.009999,0.010565,0.215481,0.367176,0.05147,0.94853,0.134485,0.135197
2710,24,0.396634,0.010008,0.010008,0.215657,0.367693,0.051103,0.948897,0.12276,0.124468
2711,26,0.396291,0.010491,0.010055,0.215587,0.367575,0.051054,0.948946,0.128136,0.128206
2712,24,0.395894,0.010621,0.010002,0.215626,0.367857,0.050646,0.949354,0.130882,0.132774
2713,32,0.396194,0.010003,0.010003,0.21568,0.36812,0.050681,0.949319,0.106207,0.105801
2714,30,0.396278,0.009995,0.010234,0.215566,0.367926,0.051065,0.948935,0.115846,0.113721
2715,32,0.396458,0.009998,0.009998,0.215523,0.368023,0.051091,0.948909,0.105757,0.105399
2716,34,0.396368,0.010001,0.010001,0.215554,0.368076,0.051893,0.948107,0.11025,0.105953
2717,26,0.3962,0.010001,0.010098,0.21558,0.36812,0.052032,0.947968,0.128207,0.127301
2718,24,0.39581,0.010004,0.010004,0.215677,0.368504,0.051612,0.948388,0.124246,0.126254
2719,24,0.395532,0.010005,0.010005,0.21578,0.368679,0.050559,0.949441,0.134625,0.139839
2720,32,0.395631,0.009996,0.009996,0.215684,0.368694,0.050274,0.949726,0.118994,0.120275
2721,30,0.395744,0.009995,0.009995,0.215578,0.368687,0.050077,0.949923,0.124101,0.124872
2722,24,0.395372,0.010002,0.010002,0.21563,0.368993,0.05,0.95,0.122647,0.124588
2723,24,0.395383,0.01,0.01,0.215627,0.368989,0.05,0.95,0.115836,0.119048
2724,26,0.394978,0.010007,0.010007,0.215772,0.369237,0.05,0.95,0.129074,0.130506
2725,26,0.394499,0.010005,0.010005,0.215876,0.369616,0.05,0.95,0.131403,0.134428
2726,32,0.394475,0.009995,0.009995,0.215775,0.36976,0.050192,0.949808,0.114816,0.113654
2727,26,0.394322,0.009999,0.009999,0.215754,0.369926,0.050255,0.949745,0.117429,0.116953
2728,24,0.394321,0.01,0.01,0.215754,0.369925,0.051168,0.948832,0.121707,0.116854
2729,24,0.394245,0.009998,0.009998,0.215703,0.370056,0.050566,0.949434,0.112208,0.11504
2730,34,0.394154,0.010001,0.010001,0.215734,0.370109,0.050651,0.949349,0.124737,0.124139
2731,32,0.394322,0.009997,0.009997,0.215675,0.370008,0.050351,0.949649,0.117329,0.118689
2732,30,0.394094,0.010004,0.010004,0.215755,0.370144,0.050765,0.949235,0.123393,0.121119
2733,24,0.393814,0.010005,0.010005,0.215857,0.37032,0.050414,0.949586,0.128423,0.130025
2734,30,0.393789,0.010001,0.010001,0.215869,0.370341,0.050662,0.949338,0.120521,0.119069
2735,32,0.393956,0.009997,0.009997,0.21581,0.370239,0.050968,0.949032,0.117294,0.115579
2736,30,0.394121,0.009997,0.009997,0.215749,0.370135,0.051618,0.948382,0.099184,0.095631
2737,32,0.393831,0.009999,0.009999,0.215738,0.370432,0.052003,0.947997,0.107725,0.105542
2738,30,0.394009,0.009997,0.009997,0.215674,0.370323,0.052082,0.947918,0.115955,0.115353
2739,30,0.394184,0.009997,0.009997,0.21561,0.370213,0.052077,0.947923,0.116081,0.115896
2740,30,0.394277,0.009992,0.01035,0.215447,0.369933,0.051766,0.948234,0.122657,0.124068
2741,30,0.393836,0.010415,0.010296,0.21541,0.370044,0.0517,0.9483,0.136854,0.136979
2742,32,0.394018,0.010007,0.010138,0.215551,0.370286,0.05211,0.94789,0.126465,0.124146
2743,30,0.394105,0.009998,0.009998,0.215504,0.370396,0.052941,0.947059,0.113484,0.108933
2744,26,0.393893,0.01,0.01,0.215506,0.370601,0.052622,0.947378,0.121169,0.122686
2745,30,0.393499,0.010491,0.010748,0.215196,0.370067,0.052528,0.947472,0.128905,0.129212
2746,30,0.393151,0.010846,0.011258,0.215006,0.36974,0.052352,0.947648,0.126074,0.126788
2747,30,0.393985,0.01001,0.010679,0.215219,0.370107,0.052858,0.947142,0.100428,0.097532
2748,24,0.394779,0.009994,0.010281,0.21508,0.369867,0.053727,0.946273,0.097437,0.092623
2749,24,0.394603,0.010007,0.010007,0.21524,0.370142,0.053005,0.946995,0.126411,0.130059
2750,30,0.394665,0.009999,0.009999,0.215223,0.370113,0.053233,0.946767,0.118378,0.116971
2751,30,0.394842,0.009997,0.009997,0.215159,0.370004,0.053509,0.946491,0.116026,0.114338
2752,30,0.3938,0.011038,0.010991,0.214795,0.369377,0.053501,0.946499,0.139625,0.139445
2753,32,0.393912,0.010752,0.010886,0.214897,0.369553,0.053533,0.946467,0.12634,0.125961
2754,26,0.394589,0.010009,0.010425,0.215091,0.369886,0.053639,0.946361,0.117248,0.116469
2755,24,0.394393,0.010007,0.010221,0.215239,0.370141,0.05355,0.94645,0.134562,0.134842
2756,24,0.394558,0.009997,0.009997,0.215184,0.370263,0.053916,0.946084,0.115032,0.112883
2757,26,0.394751,0.009997,0.009997,0.215113,0.370142,0.053456,0.946544,0.117169,0.119424
2758,38,0.394441,0.009996,0.009996,0.215024,0.370543,0.053449,0.946551,0.120569,0.120382
2759,24,0.394377,0.010001,0.010001,0.215044,0.370577,0.052955,0.947045,0.123282,0.125721
2760,30,0.394555,0.009997,0.009997,0.214981,0.370469,0.053344,0.946656,0.125974,0.123708
2761,36,0.394452,0.010001,0.010018,0.21501,0.370519,0.054074,0.945926,0.122171,0.118071
2762,32,0.394312,0.009997,0.009997,0.214954,0.37074,0.054498,0.945502,0.112505,0.10997
2763,24,0.393653,0.010793,0.009998,0.214904,0.370653,0.05388,0.94612,0.135921,0.139079
2764,32,0.393607,0.010277,0.010627,0.214879,0.37061,0.054375,0.945625,0.125195,0.12232
2765,24,0.393172,0.01074,0.011245,0.214642,0.370201,0.054179,0.945821,0.129806,0.130659
2766,36,0.394115,0.010013,0.010013,0.214911,0.370949,0.054199,0.945801,0.101437,0.101116
2767,26,0.393639,0.010005,0.010005,0.215018,0.371333,0.053485,0.946515,0.131307,0.134971
2768,32,0.393823,0.009997,0.009997,0.214956,0.371227,0.053794,0.946206,0.096247,0.094344
2769,24,0.393957,0.009998,0.009998,0.214906,0.371141,0.053199,0.946801,0.114506,0.117469
2770,32,0.394114,0.009997,0.009997,0.214849,0.371042,0.053118,0.946882,0.115113,0.115354
2771,24,0.393744,0.010002,0.010002,0.214901,0.37135,0.052428,0.947572,0.130983,0.134461
2772,24,0.394364,0.00999,0.00999,0.214683,0.370973,0.051757,0.948243,0.106917,0.110167
2773,24,0.394366,0.01,0.01,0.214675,0.370959,0.051192,0.948808,0.124051,0.126757
2774,30,0.394468,0.009995,0.009995,0.214571,0.37097,0.051407,0.948593,0.106333,0.10506
2775,24,0.394152,0.010078,0.010004,0.214653,0.371112,0.050745,0.949255,0.126217,0.129426
2776,30,0.393958,0.010005,0.010005,0.214751,0.371282,0.05049,0.94951,0.129999,0.131089
2777,24,0.393593,0.010003,0.010003,0.214807,0.371595,0.050055,0.949945,0.122623,0.124638
2778,32,0.393716,0.009998,0.009998,0.214765,0.371523,0.050271,0.949729,0.107545,0.10629
2779,32,0.393764,0.009999,0.009999,0.214747,0.371491,0.051237,0.948763,0.109869,0.104836
2780,24,0.393702,0.010001,0.010001,0.214768,0.371528,0.050823,0.949177,0.125156,0.127083
2781,36,0.394026,0.009995,0.009995,0.214654,0.371331,0.051768,0.948232,0.100218,0.095214
2782,30,0.393924,0.010002,0.010002,0.214686,0.371387,0.052464,0.947536,0.122093,0.118268
2783,24,0.393381,0.010086,0.010573,0.214645,0.371315,0.052301,0.947699,0.134457,0.13511
2784,24,0.393777,0.010001,0.010001,0.214661,0.37156,0.052321,0.947679,0.113563,0.113263
2785,26,0.394008,0.009996,0.009996,0.21458,0.37142,0.051985,0.948015,0.109363,0.110916
2786,30,0.394161,0.009997,0.009997,0.214523,0.371322,0.052171,0.947829,0.112599,0.111418
2787,24,0.393876,0.010005,0.010005,0.214622,0.371493,0.051589,0.948411,0.126314,0.129155
2788,26,0.393394,0.010005,0.010005,0.214725,0.371872,0.050706,0.949294,0.131399,0.135776
2789,24,0.394327,0.009985,0.009985,0.214398,0.371306,0.050697,0.949303,0.093231,0.093026
2790,24,0.394743,0.009989,0.009989,0.214163,0.371116,0.050805,0.949195,0.103113,0.10236
2791,36,0.395093,0.009994,0.009994,0.214031,0.370888,0.05131,0.94869,0.097552,0.094765
2792,24,0.394719,0.010002,0.010002,0.214082,0.371194,0.050629,0.949371,0.130937,0.13425
2793,26,0.394236,0.010005,0.010005,0.214184,0.371571,0.05,0.95,0.131313,0.134476
2794,24,0.393871,0.010003,0.010003,0.214239,0.371884,0.05,0.95,0.130869,0.134457
2795,32,0.393828,0.010001,0.010001,0.214256,0.371914,0.050394,0.949606,0.126467,0.124304
2796,32,0.39369,0.009999,0.009999,0.214242,0.372069,0.050452,0.949548,0.118945,0.118483
2797,24,0.393567,0.010002,0.010002,0.214285,0.372144,0.05,0.95,0.126723,0.129576
2798,30,0.393569,0.01,0.01,0.214286,0.372145,0.050074,0.949926,0.119706,0.119144
2799,32,0.393569,0.01,0.01,0.214286,0.372145,0.050283,0.949717,0.116,0.114777
2800,30,0.393211,0.010333,0.01,0.214295,0.37216,0.050062,0.949938,0.129806,0.130713
2801,32,0.393784,0.009996,0.009996,0.21421,0.372013,0.050719,0.949281,0.091789,0.088312
2802,32,0.394067,0.00999,0.00999,0.213995,0.371958,0.050421,0.949579,0.103397,0.104723
2803,30,0.393886,0.01,0.01,0.213985,0.37213,0.051007,0.948993,0.118953,0.115793
2804,32,0.39384,0.010001,0.010001,0.214001,0.372157,0.051882,0.948118,0.111026,0.106346
2805,32,0.39425,0.009993,0.009993,0.213857,0.371907,0.051177,0.948823,0.10971,0.113141
2806,24,0.394184,0.010001,0.010001,0.213875,0.371939,0.051381,0.948619,0.123124,0.12189
2807,30,0.393958,0.010004,0.010004,0.213955,0.372079,0.051169,0.948831,0.123401,0.124301
2808,24,0.393678,0.010005,0.010005,0.214057,0.372255,0.050544,0.949456,0.128347,0.131357
2809,38,0.393581,0.010002,0.010002,0.214095,0.372321,0.050322,0.949678,0.125482,0.126397
2810,24,0.393119,0.01108,0.010074,0.213843,0.371884,0.050022,0.949978,0.129771,0.131085
2811,30,0.393311,0.010395,0.010281,0.213948,0.372066,0.050819,0.949181,0.119547,0.115356
2812,30,0.393532,0.010008,0.010008,0.214108,0.372345,0.050602,0.949398,0.115071,0.115936
2813,38,0.393335,0.009999,0.009999,0.214082,0.372585,0.051245,0.948755,0.121011,0.117542
2814,26,0.393256,0.009998,0.009998,0.214038,0.37271,0.05132,0.94868,0.113372,0.112811
2815,32,0.39316,0.009996,0.009996,0.213962,0.372885,0.051203,0.948797,0.118697,0.119062
2816,24,0.393157,0.01,0.01,0.21396,0.372883,0.051194,0.948806,0.121719,0.121569
2817,24,0.393355,0.009997,0.009997,0.213891,0.372761,0.050939,0.949061,0.113059,0.114171
2818,32,0.393433,0.009999,0.009999,0.213861,0.372709,0.051238,0.948762,0.125054,0.123349
2819,24,0.393347,0.009998,0.009998,0.213814,0.372844,0.050844,0.949156,0.120051,0.121863
2820,30,0.393448,0.009995,0.009995,0.213709,0.372853,0.051512,0.948488,0.112885,0.109291
2821,30,0.393149,0.010002,0.010002,0.21375,0.373098,0.051771,0.948229,0.120333,0.11881
2822,32,0.393317,0.009997,0.009997,0.213692,0.372996,0.051667,0.948333,0.112629,0.112986
2823,24,0.393032,0.010005,0.010005,0.21379,0.373168,0.051229,0.948771,0.128342,0.130417
2824,24,0.392667,0.010003,0.010003,0.213846,0.373482,0.050529,0.949471,0.124723,0.128109
2825,24,0.393022,0.009994,0.009994,0.213722,0.373267,0.051223,0.948777,0.113312,0.109586
2826,24,0.392735,0.010005,0.010005,0.213819,0.373437,0.050515,0.949485,0.126272,0.129711
2827,30,0.392843,0.009998,0.009998,0.213785,0.373376,0.05086,0.94914,0.116671,0.11471
2828,30,0.392615,0.010004,0.010004,0.213864,0.373514,0.051066,0.948934,0.129858,0.128623
2829,24,0.392748,0.009998,0.009998,0.213819,0.373437,0.051845,0.948155,0.117835,0.113623
2830,30,0.392747,0.01,0.01,0.213818,0.373435,0.051616,0.948384,0.126338,0.127292
2831,30,0.392468,0.009999,0.009999,0.213797,0.373737,0.051705,0.948295,0.106839,0.106144
2832,26,0.39206,0.010007,0.010007,0.21394,0.373987,0.051102,0.948898,0.128978,0.131915
2833,32,0.392019,0.010001,0.010001,0.213959,0.37402,0.05111,0.94889,0.126333,0.126103
2834,24,0.392374,0.009994,0.009994,0.213835,0.373803,0.051028,0.948972,0.113412,0.113595
2835,24,0.393007,0.009989,0.009989,0.213608,0.373406,0.051679,0.948321,0.103664,0.10009
2836,24,0.392715,0.010004,0.010004,0.213703,0.373573,0.051132,0.948868,0.128337,0.130962
2837,30,0.392492,0.010004,0.010004,0.213785,0.373715,0.050719,0.949281,0.129867,0.131791
2838,32,0.392139,0.010001,0.010001,0.213803,0.374056,0.050483,0.949517,0.13377,0.134798
2839,24,0.392276,0.009998,0.009998,0.213756,0.373973,0.05,0.95,0.114476,0.117183
2840,24,0.391991,0.010005,0.010005,0.213854,0.374145,0.05,0.95,0.128369,0.130165
2841,30,0.391897,0.010002,0.010002,0.213891,0.374209,0.050343,0.949657,0.121918,0.120014
2842,24,0.391529,0.010003,0.010003,0.213945,0.374521,0.05,0.95,0.130883,0.136032
2843,36,0.391442,0.009996,0.010311,0.213866,0.374384,0.050371,0.949629,0.12546,0.123396
2844,36,0.390741,0.010769,0.011291,0.213484,0.373714,0.050871,0.949129,0.124547,0.121831
2845,32,0.390817,0.01086,0.011425,0.213375,0.373523,0.051014,0.948986,0.121761,0.120863
2846,24,0.391283,0.010015,0.010954,0.213684,0.374065,0.051236,0.948764,0.123178,0.121846
2847,36,0.391275,0.010004,0.010598,0.213765,0.374358,0.051655,0.948345,0.12041,0.118045
2848,26,0.391511,0.010006,0.010006,0.213894,0.374583,0.051006,0.948994,0.1262,0.12939
2849,24,0.391814,0.009995,0.009995,0.213792,0.374404,0.050435,0.949565,0.112845,0.115518
2850,30,0.391508,0.010002,0.010002,0.213829,0.37466,0.050026,0.949974,0.126749,0.128624
2851,32,0.391369,0.010002,0.010002,0.213879,0.374748,0.050129,0.949871,0.1143,0.113597
2852,24,0.391594,0.009996,0.009996,0.213801,0.374612,0.051232,0.948768,0.110902,0.105144
2853,24,0.391662,0.009999,0.009999,0.213775,0.374565,0.050813,0.949187,0.114296,0.116227
2854,24,0.391799,0.009998,0.009998,0.213726,0.37448,0.050135,0.949865,0.114453,0.117668
2855,24,0.391393,0.010308,0.010002,0.213759,0.374538,0.05,0.95,0.134483,0.138048
2856,30,0.391174,0.010003,0.010003,0.213826,0.374994,0.050115,0.949885,0.121023,0.120207
2857,24,0.390808,0.010003,0.010003,0.213881,0.375307,0.05,0.95,0.122627,0.12573
2858,24,0.390858,0.009999,0.009999,0.213865,0.375279,0.05,0.95,0.115488,0.118458
2859,34,0.391015,0.009997,0.009997,0.213809,0.375181,0.050419,0.949581,0.109568,0.107315
2860,26,0.391445,0.009993,0.009993,0.213656,0.374913,0.050461,0.949539,0.103647,0.103243
2861,26,0.391463,0.009996,0.009996,0.213574,0.37497,0.050482,0.949518,0.111278,0.111016
2862,30,0.391641,0.009995,0.010107,0.21347,0.374787,0.050993,0.949007,0.115521,0.112723
2863,32,0.39161,0.009997,0.009997,0.213405,0.374991,0.051202,0.948798,0.114967,0.1137
2864,24,0.391496,0.009988,0.010843,0.213143,0.37453,0.051935,0.948065,0.117031,0.113086
2865,24,0.391452,0.010011,0.010011,0.213374,0.375153,0.05128,0.94872,0.124785,0.128003
2866,32,0.391525,0.009999,0.009999,0.213356,0.375121,0.051199,0.948801,0.108697,0.108894
2867,32,0.391245,0.010002,0.010002,0.213394,0.375358,0.051235,0.948765,0.12215,0.121771
2868,30,0.390968,0.010134,0.010002,0.213446,0.37545,0.051021,0.948979,0.123188,0.124073
2869,24,0.391159,0.009999,0.009999,0.213427,0.375416,0.050375,0.949625,0.11451,0.117578
2870,26,0.390785,0.010564,0.010045,0.213341,0.375265,0.05,0.95,0.128109,0.13037
2871,24,0.391247,0.010002,0.010002,0.213392,0.375356,0.050237,0.949763,0.117266,0.115921
2872,24,0.390965,0.010005,0.010005,0.213493,0.375533,0.05,0.95,0.134514,0.137708
2873,30,0.390741,0.010004,0.010004,0.213575,0.375676,0.05,0.95,0.139888,0.139861
2874,30,0.39093,0.009994,0.009994,0.213445,0.375638,0.050345,0.949655,0.10998,0.108058
2875,26,0.390439,0.010005,0.010005,0.213542,0.37601,0.05,0.95,0.131352,0.135294
2876,24,0.390106,0.010136,0.010003,0.213615,0.376139,0.05,0.95,0.128214,0.130374
2877,30,0.389865,0.010003,0.010003,0.213687,0.37644,0.05,0.95,0.126932,0.127378
2878,24,0.389264,0.01066,0.009999,0.213669,0.376407,0.05,0.95,0.135914,0.139148
2879,26,0.389487,0.010385,0.010001,0.213687,0.37644,0.05,0.95,0.118085,0.120768
2880,26,0.389506,0.010006,0.010006,0.213816,0.376666,0.05,0.95,0.12829,0.128575
2881,30,0.389511,0.01,0.01,0.213818,0.376671,0.050771,0.949229,0.113116,0.109033
2882,32,0.389728,0.009996,0.009996,0.213742,0.376537,0.051643,0.948357,0.106655,0.10205
2883,24,0.389356,0.010002,0.010002,0.213794,0.376845,0.051218,0.948782,0.124735,0.126742
2884,32,0.389526,0.009997,0.009997,0.213736,0.376743,0.051178,0.948822,0.107973,0.10799
2885,24,0.389239,0.010005,0.010005,0.213834,0.376917,0.051033,0.948967,0.134537,0.135091
2886,30,0.389422,0.009997,0.009997,0.213774,0.37681,0.050953,0.949047,0.116096,0.116322
2887,32,0.389251,0.009998,0.009998,0.213721,0.377034,0.05158,0.94842,0.108887,0.105511
2888,24,0.389297,0.009999,0.009999,0.213703,0.377002,0.051226,0.948774,0.115533,0.117162
2889,30,0.3891,0.01,0.01,0.213705,0.377196,0.051654,0.948346,0.112408,0.11001
2890,26,0.389416,0.009995,0.009995,0.213594,0.377001,0.051324,0.948676,0.108495,0.110008
2891,30,0.389661,0.009996,0.009996,0.213505,0.376843,0.05164,0.94836,0.107568,0.105736
2892,36,0.389733,0.009999,0.009999,0.213477,0.376793,0.052136,0.947864,0.112209,0.109449
2893,32,0.389686,0.010001,0.010001,0.213492,0.376821,0.052355,0.947645,0.117221,0.115887
2894,26,0.389711,0.009996,0.009996,0.213413,0.376882,0.052362,0.947638,0.111275,0.111064
2895,30,0.389281,0.009999,0.009999,0.213382,0.377339,0.052301,0.947699,0.128036,0.128163
2896,30,0.389543,0.009996,0.009996,0.21329,0.377176,0.051711,0.948289,0.116319,0.119203
2897,30,0.389946,0.009993,0.009993,0.213146,0.376921,0.05213,0.94787,0.102104,0.099669
2898,24,0.39008,0.009994,0.009994,0.213018,0.376913,0.05235,0.94765,0.113527,0.112192
2899,26,0.391084,0.009983,0.009983,0.212663,0.376285,0.052383,0.947617,0.09067,0.090247
2900,30,0.39077,0.010001,0.010001,0.212695,0.376532,0.05184,0.94816,0.126709,0.129361
2901,30,0.39095,0.009997,0.009997,0.212633,0.376423,0.051815,0.948185,0.109379,0.109317
2902,24,0.390663,0.010005,0.010005,0.212731,0.376596,0.051419,0.948581,0.128401,0.130269
2903,24,0.390678,0.01,0.01,0.212729,0.376593,0.050707,0.949293,0.12401,0.127444
2904,30,0.390504,0.009988,0.010891,0.212475,0.376142,0.051618,0.948382,0.115824,0.111026
2905,24,0.3909,0.010004,0.010004,0.212567,0.376523,0.050972,0.949028,0.110886,0.113992
2906,30,0.390686,0.00999,0.010818,0.212356,0.37615,0.051045,0.948955,0.118994,0.118412
2907,30,0.390433,0.010144,0.011296,0.21222,0.375907,0.051145,0.948855,0.125681,0.124902
2908,26,0.391039,0.01001,0.01001,0.21244,0.376499,0.051211,0.948789,0.109931,0.109417
2909,30,0.391451,0.009994,0.009994,0.212304,0.376257,0.051013,0.948987,0.102155,0.10292
2910,26,0.391678,0.009996,0.009996,0.21222,0.376109,0.051044,0.948956,0.109233,0.108895
2911,26,0.391465,0.01,0.01,0.212222,0.376313,0.050548,0.949452,0.121148,0.123512
2912,32,0.391512,0.009994,0.009994,0.212098,0.376401,0.050934,0.949066,0.111349,0.109232
2913,24,0.391755,0.009992,0.009992,0.211934,0.376327,0.050337,0.949663,0.107262,0.110083
2914,30,0.391829,0.009999,0.009999,0.211902,0.376271,0.050966,0.949034,0.118464,0.115095
2915,26,0.391618,0.01,0.01,0.211905,0.376476,0.050645,0.949355,0.121046,0.122511
2916,26,0.391488,0.010002,0.010002,0.211951,0.376558,0.050305,0.949695,0.124424,0.125975
2917,30,0.391519,0.009996,0.009996,0.211875,0.376613,0.051216,0.948784,0.113465,0.10867
2918,38,0.391284,0.010364,0.009998,0.211827,0.376528,0.051306,0.948694,0.124095,0.123455
2919,30,0.391327,0.01,0.01,0.211819,0.376854,0.051499,0.948501,0.104491,0.103304
2920,30,0.391229,0.010002,0.010002,0.211853,0.376914,0.052142,0.947858,0.115389,0.111871
2921,28,0.391331,0.009998,0.009998,0.211819,0.376853,0.051808,0.948192,0.112002,0.113537
2922,24,0.391046,0.010005,0.010005,0.211917,0.377027,0.051404,0.948596,0.126331,0.128249
2923,24,0.391061,0.01,0.01,0.211915,0.377024,0.050875,0.949125,0.115782,0.118303
2924,32,0.390727,0.01,0.01,0.211924,0.377348,0.050666,0.949334,0.124448,0.125339
2925,30,0.390319,0.010001,0.010001,0.211948,0.37773,0.050316,0.949684,0.121175,0.122774
2926,26,0.390111,0.01,0.01,0.211952,0.377937,0.050138,0.949862,0.119128,0.119846
2927,30,0.390013,0.010002,0.010002,0.211986,0.377998,0.05,0.95,0.122021,0.122714
2928,24,0.390014,0.01,0.01,0.211987,0.377999,0.05,0.95,0.123739,0.126908
2929,26,0.389883,0.010002,0.010002,0.212032,0.378081,0.05,0.95,0.128222,0.130391
2930,24,0.389896,0.01,0.01,0.212029,0.378075,0.05,0.95,0.124071,0.127334
2931,26,0.389764,0.010002,0.010002,0.212075,0.378156,0.05,0.95,0.12824,0.131325
2932,26,0.38961,0.009999,0.009999,0.212061,0.378331,0.05,0.95,0.120248,0.12188
2933,24,0.38898,0.010854,0.010022,0.211972,0.378172,0.05,0.95,0.134374,0.13821
2934,32,0.389455,0.010093,0.010005,0.21208,0.378366,0.050587,0.949413,0.112528,0.109432
2935,26,0.389007,0.010006,0.010006,0.2122,0.378781,0.050203,0.949797,0.131283,0.133038
2936,30,0.389011,0.01,0.01,0.212203,0.378786,0.05118,0.94882,0.119689,0.114574
2937,24,0.388642,0.010002,0.010002,0.212256,0.379097,0.050911,0.949089,0.130863,0.132031
2938,34,0.388737,0.009996,0.009996,0.212166,0.379105,0.050853,0.949147,0.106929,0.107066
2939,24,0.388449,0.010005,0.010005,0.212263,0.379279,0.050248,0.949752,0.128222,0.131084
2940,24,0.388749,0.009995,0.009995,0.212162,0.379098,0.05,0.95,0.111208,0.113808
2941,26,0.387951,0.010438,0.010548,0.212091,0.378972,0.05,0.95,0.134473,0.135169
2942,30,0.388474,0.010006,0.010108,0.212216,0.379196,0.050361,0.949639,0.116033,0.114005
2943,30,0.38829,0.010005,0.010005,0.21232,0.37938,0.050734,0.949266,0.123219,0.121158
2944,26,0.388493,0.009997,0.009997,0.212253,0.37926,0.050251,0.949749,0.113442,0.115692
2945,32,0.38859,0.009995,0.009995,0.212155,0.379264,0.050485,0.949515,0.114341,0.112999
2946,32,0.3889,0.009995,0.009995,0.212044,0.379066,0.05082,0.94918,0.111581,0.109706
2947,26,0.388896,0.01,0.01,0.212042,0.379062,0.050192,0.949808,0.126139,0.129158
2948,24,0.388549,0.010429,0.010292,0.211908,0.378822,0.05,0.95,0.131291,0.134887
2949,26,0.388629,0.010184,0.010008,0.212069,0.37911,0.05,0.95,0.122455,0.123933
2950,26,0.388572,0.010004,0.010004,0.212155,0.379264,0.05,0.95,0.124447,0.12675
2951,30,0.388395,0.009997,0.009997,0.212102,0.379508,0.05,0.95,0.11747,0.119092
2952,36,0.388393,0.01,0.01,0.212101,0.379506,0.05,0.95,0.122053,0.122126
2953,30,0.387967,0.009999,0.009999,0.212071,0.379965,0.050273,0.949727,0.118105,0.116562
2954,30,0.387793,0.01,0.01,0.212065,0.380143,0.05096,0.94904,0.112329,0.108671
2955,24,0.387925,0.009998,0.009998,0.212019,0.380061,0.051739,0.948261,0.117819,0.113619
2956,26,0.387714,0.01,0.01,0.212021,0.380265,0.051616,0.948384,0.124907,0.125375
2957,26,0.387818,0.009998,0.009998,0.211985,0.380201,0.051932,0.948068,0.114649,0.11286
2958,30,0.387588,0.010004,0.010004,0.212063,0.380341,0.05155,0.94845,0.129922,0.131721
2959,24,0.387591,0.01,0.01,0.212065,0.380344,0.052815,0.947185,0.115504,0.10871
2960,30,0.387419,0.01,0.01,0.212059,0.380523,0.052933,0.947067,0.118925,0.118084
2961,24,0.387049,0.010002,0.010002,0.212111,0.380835,0.052327,0.947673,0.124645,0.127621
2962,24,0.386765,0.010005,0.010005,0.212211,0.381015,0.051803,0.948197,0.126236,0.128795
2963,24,0.386336,0.01038,0.010001,0.212231,0.381051,0.05127,0.94873,0.126131,0.128698
2964,32,0.386534,0.009998,0.009998,0.212188,0.381282,0.051575,0.948425,0.111314,0.109576
2965,26,0.386655,0.009995,0.009995,0.212076,0.38128,0.051155,0.948845,0.113932,0.115893
2966,24,0.386365,0.010005,0.010005,0.212172,0.381454,0.050533,0.949467,0.126321,0.129337
2967,30,0.38627,0.010002,0.010002,0.212209,0.381519,0.051101,0.948899,0.122065,0.118967
2968,38,0.386436,0.009994,0.010229,0.212071,0.381271,0.051268,0.948732,0.112852,0.111814
2969,24,0.386236,0.010007,0.010007,0.212217,0.381533,0.05068,0.94932,0.134467,0.137304
2970,32,0.385958,0.010002,0.010002,0.212256,0.381782,0.050562,0.949438,0.121097,0.12152
2971,24,0.386017,0.009992,0.009992,0.212087,0.381912,0.050721,0.949279,0.109951,0.108959
2972,30,0.385938,0.009998,0.009998,0.212043,0.382024,0.051475,0.948525,0.109878,0.105859
2973,30,0.386682,0.009988,0.009988,0.211784,0.381558,0.051616,0.948384,0.091465,0.090491
2974,32,0.386572,0.010001,0.010001,0.211814,0.381611,0.052063,0.947937,0.120218,0.117716
2975,32,0.386888,0.009995,0.009995,0.211706,0.381417,0.052438,0.947562,0.111695,0.109556
2976,24,0.386323,0.01014,0.010566,0.211652,0.381319,0.052275,0.947725,0.134408,0.135063
2977,24,0.386894,0.010002,0.010002,0.211698,0.381403,0.052363,0.947637,0.111382,0.110675
2978,28,0.386999,0.009998,0.009998,0.211664,0.381341,0.051878,0.948122,0.117269,0.119598
2979,24,0.386874,0.010002,0.010002,0.211706,0.381416,0.051327,0.948673,0.126799,0.129462
2980,24,0.38645,0.010882,0.010043,0.211528,0.381097,0.050557,0.949443,0.131261,0.135012
2981,34,0.386928,0.010007,0.010007,0.211683,0.381375,0.050613,0.949387,0.116539,0.11607
2982,36,0.386624,0.010244,0.010303,0.211601,0.381228,0.050747,0.949253,0.123419,0.122567
2983,24,0.386465,0.010008,0.010008,0.21177,0.381749,0.0503,0.9497,0.122534,0.124612
2984,38,0.386651,0.009997,0.009997,0.211711,0.381643,0.050298,0.949702,0.109065,0.108906
2985,26,0.386517,0.010002,0.010002,0.211755,0.381723,0.05,0.95,0.12452,0.126794
2986,24,0.386733,0.009996,0.010025,0.211672,0.381573,0.05017,0.94983,0.117098,0.116065
2987,30,0.387047,0.009995,0.009995,0.211571,0.381391,0.050515,0.949485,0.113921,0.111943
2988,30,0.387043,0.01,0.01,0.211569,0.381388,0.051188,0.948812,0.119696,0.116095
2989,24,0.38689,0.010002,0.010002,0.211622,0.381483,0.050511,0.949489,0.130907,0.134186
2990,26,0.387092,0.009997,0.009997,0.211554,0.381361,0.050183,0.949817,0.113431,0.114886
2991,24,0.387509,0.009993,0.009993,0.211408,0.381097,0.050923,0.949077,0.108266,0.104305
2992,32,0.387292,0.009995,0.009995,0.21131,0.381407,0.050885,0.949115,0.112012,0.112021
2993,26,0.387586,0.009995,0.009995,0.211206,0.381218,0.050936,0.949064,0.114099,0.113662
2994,24,0.387582,0.01,0.01,0.211203,0.381214,0.051848,0.948152,0.121711,0.116782
2995,36,0.387366,0.010312,0.009998,0.21117,0.381154,0.051729,0.948271,0.1262,0.126636
2996,26,0.387857,0.009994,0.009994,0.211038,0.381117,0.051373,0.948627,0.103006,0.10464
2997,24,0.38821,0.009994,0.009994,0.210912,0.380889,0.051807,0.948193,0.109856,0.107426
2998,24,0.388345,0.009998,0.009998,0.210862,0.380798,0.051423,0.948577,0.114586,0.116346
2999,26,0.388465,0.009995,0.009995,0.21075,0.380796,0.051364,0.948636,0.113927,0.114028
3000,32,0.388846,0.009994,0.009994,0.210615,0.380552,0.051491,0.948509,0.104972,0.104132
3001,30,0.388742,0.010001,0.010001,0.210646,0.380609,0.051539,0.948461,0.122015,0.12154
3002,24,0.388459,0.010005,0.010005,0.210745,0.380787,0.050811,0.949189,0.126248,0.129773
3003,26,0.388053,0.010007,0.010007,0.210888,0.381045,0.050492,0.949508,0.134643,0.136088
3004,36,0.387905,0.01,0.01,0.210892,0.381203,0.050701,0.949299,0.120395,0.119147
3005,24,0.387917,0.01,0.01,0.210888,0.381196,0.050114,0.949886,0.115882,0.118621
3006,26,0.387683,0.010214,0.01005,0.210877,0.381176,0.05,0.95,0.1243,0.12589
3007,36,0.387522,0.01,0.01,0.210874,0.381604,0.050386,0.949614,0.121306,0.119175
3008,26,0.387158,0.010545,0.010046,0.210793,0.381457,0.05,0.95,0.128098,0.130475
3009,24,0.386823,0.010103,0.010624,0.210864,0.381586,0.05,0.95,0.134449,0.135127
3010,24,0.386734,0.01001,0.01001,0.21107,0.382176,0.05,0.95,0.130886,0.132817
3011,30,0.386717,0.010001,0.010001,0.211083,0.382199,0.05027,0.94973,0.113022,0.111462
3012,32,0.386906,0.00999,0.010413,0.210872,0.381818,0.0506,0.9494,0.10789,0.106025
3013,26,0.386556,0.009996,0.010965,0.210798,0.381684,0.050685,0.949315,0.12817,0.127574
3014,30,0.386694,0.010004,0.010435,0.210874,0.381994,0.050776,0.949224,0.12336,0.122668
3015,30,0.386691,0.010004,0.010004,0.21096,0.382341,0.051532,0.948468,0.118846,0.114776
3016,24,0.386325,0.010003,0.010003,0.211014,0.382656,0.051144,0.948856,0.130842,0.132663
3017,32,0.386258,0.009998,0.009998,0.210977,0.382768,0.051892,0.948108,0.113117,0.109092
3018,26,0.386256,0.01,0.01,0.210977,0.382767,0.051415,0.948585,0.126087,0.128391
3019,30,0.38596,0.010002,0.010002,0.211019,0.383017,0.051632,0.948368,0.126866,0.12557
3020,24,0.38563,0.010123,0.010004,0.211093,0.383151,0.051106,0.948894,0.128195,0.130688
3021,30,0.385378,0.010064,0.010005,0.211202,0.38335,0.050708,0.949292,0.129995,0.131818
3022,32,0.385429,0.009995,0.009995,0.2111,0.383481,0.050643,0.949357,0.098269,0.098409
3023,36,0.385635,0.009994,0.009994,0.210971,0.383406,0.051037,0.948963,0.109059,0.106899
3024,32,0.38595,0.009995,0.009995,0.210859,0.383202,0.05142,0.94858,0.104058,0.101891
3025,26,0.386181,0.009996,0.009996,0.210776,0.383051,0.051051,0.948949,0.109432,0.111139
3026,24,0.386537,0.009994,0.009994,0.210651,0.382824,0.050254,0.949746,0.118057,0.121925
3027,26,0.38658,0.009999,0.009999,0.210632,0.38279,0.050529,0.949471,0.115924,0.114389
3028,24,0.386501,0.010001,0.010001,0.210659,0.382838,0.050186,0.949814,0.125058,0.12659
3029,30,0.386584,0.009999,0.009999,0.210631,0.382788,0.050006,0.949994,0.118474,0.119197
3030,24,0.386808,0.009996,0.009996,0.210553,0.382646,0.050264,0.949736,0.11728,0.115825
3031,30,0.386485,0.010002,0.010002,0.210602,0.382908,0.050163,0.949837,0.136982,0.137294
3032,26,0.386355,0.010002,0.010002,0.210648,0.382992,0.05,0.95,0.122533,0.123984
3033,26,0.385792,0.010003,0.010003,0.210705,0.383497,0.05,0.95,0.122178,0.125002
3034,32,0.385994,0.009997,0.009997,0.210638,0.383374,0.05,0.95,0.112012,0.113177
3035,36,0.38573,0.009997,0.009997,0.210578,0.383698,0.050545,0.949455,0.114424,0.111492
3036,32,0.385755,0.009999,0.009999,0.210567,0.383679,0.051098,0.948902,0.117153,0.114166
3037,32,0.385901,0.009998,0.009998,0.210517,0.383587,0.051009,0.948991,0.122058,0.122322
3038,32,0.386069,0.009997,0.009997,0.210458,0.383479,0.051505,0.948495,0.112545,0.109847
3039,24,0.386208,0.009994,0.009994,0.210334,0.38347,0.051458,0.948542,0.11363,0.113691
3040,32,0.386299,0.009997,0.010069,0.210274,0.383361,0.051735,0.948265,0.118285,0.116646
3041,24,0.38629,0.009998,0.009998,0.210225,0.383489,0.051914,0.948086,0.111827,0.110696
3042,30,0.38606,0.010004,0.010004,0.210303,0.38363,0.051478,0.948522,0.129845,0.131887
3043,24,0.385776,0.010005,0.010005,0.210402,0.383812,0.051138,0.948862,0.128283,0.129844
3044,30,0.385372,0.010001,0.010001,0.210428,0.384197,0.050888,0.949112,0.114479,0.115537
3045,32,0.385427,0.009996,0.009996,0.210349,0.384231,0.051173,0.948827,0.110821,0.109185
3046,30,0.385605,0.009997,0.009997,0.210286,0.384115,0.05149,0.94851,0.11606,0.114212
3047,24,0.385171,0.010003,0.010003,0.210358,0.384464,0.050949,0.949051,0.132375,0.134982
3048,24,0.384804,0.010003,0.010003,0.210411,0.38478,0.050508,0.949492,0.122534,0.124592
3049,24,0.384364,0.010404,0.010001,0.210426,0.384806,0.05,0.95,0.128189,0.13123
3050,32,0.38452,0.010004,0.010004,0.210511,0.384962,0.05,0.95,0.125405,0.126034
3051,30,0.384704,0.009997,0.009997,0.210451,0.384851,0.05,0.95,0.116127,0.117491
3052,36,0.384477,0.009999,0.009999,0.21043,0.385095,0.05,0.95,0.123005,0.123805
3053,32,0.384797,0.009995,0.009995,0.21032,0.384893,0.050324,0.949676,0.108678,0.106857
3054,32,0.384932,0.009998,0.009998,0.21027,0.384802,0.050635,0.949365,0.114284,0.112497
3055,24,0.384847,0.009998,0.009998,0.210223,0.384934,0.05,0.95,0.120059,0.123511
3056,24,0.384912,0.009999,0.009999,0.2102,0.384891,0.05,0.95,0.121929,0.122969
3057,26,0.385015,0.009998,0.009998,0.210163,0.384825,0.05014,0.94986,0.11466,0.113813
3058,30,0.384915,0.010002,0.010002,0.210197,0.384885,0.05,0.95,0.121988,0.122574
3059,30,0.385107,0.009997,0.009997,0.210132,0.384767,0.05,0.95,0.112852,0.114333
3060,32,0.384825,0.010002,0.010002,0.210168,0.385003,0.05,0.95,0.128247,0.128508
3061,30,0.384727,0.010002,0.010002,0.210203,0.385067,0.05,0.95,0.131833,0.132752
3062,36,0.385361,0.00999,0.00999,0.209987,0.384672,0.050217,0.949783,0.092606,0.09133
3063,30,0.385467,0.009995,0.009995,0.209885,0.384657,0.050933,0.949067,0.113076,0.109307
3064,26,0.385053,0.010007,0.010007,0.210023,0.384911,0.050516,0.949484,0.125089,0.127026
3065,30,0.38514,0.009999,0.009999,0.209998,0.384864,0.050558,0.949442,0.11181,0.111386
3066,30,0.38491,0.010004,0.010004,0.210076,0.385007,0.050318,0.949682,0.129963,0.13098
3067,32,0.385194,0.009995,0.009995,0.209981,0.384834,0.050546,0.949454,0.094552,0.093152
3068,30,0.385192,0.009994,0.009994,0.209863,0.384956,0.05021,0.94979,0.107297,0.10875
3069,36,0.384879,0.009996,0.009996,0.209777,0.385352,0.050488,0.949512,0.117703,0.116111
3070,24,0.384506,0.01022,0.010002,0.209828,0.385445,0.05,0.95,0.128194,0.131536
3071,24,0.384732,0.01,0.01,0.209826,0.385442,0.05,0.95,0.114548,0.115317
3072,24,0.384649,0.009998,0.009998,0.20978,0.385575,0.050844,0.949156,0.118023,0.113553
3073,38,0.384725,0.009994,0.009994,0.209656,0.385631,0.051723,0.948277,0.104404,0.099744
3074,24,0.38443,0.010015,0.010004,0.209748,0.385802,0.051007,0.948993,0.126154,0.129654
3075,24,0.38457,0.009998,0.009998,0.209707,0.385726,0.051745,0.948255,0.117861,0.113858
3076,24,0.385001,0.009993,0.009993,0.209559,0.385454,0.051577,0.948423,0.115849,0.116476
3077,26,0.385154,0.009994,0.009994,0.209434,0.385424,0.051275,0.948725,0.106018,0.107353
3078,42,0.385317,0.009997,0.009997,0.209375,0.385314,0.051892,0.948108,0.109123,0.105785
3079,26,0.385475,0.009996,0.0101,0.209283,0.385147,0.05198,0.94802,0.117174,0.116516
3080,26,0.385379,0.010003,0.010003,0.209348,0.385266,0.051666,0.948334,0.124414,0.12587
3081,32,0.385433,0.009994,0.009994,0.209228,0.385351,0.052418,0.947582,0.111262,0.107197
3082,24,0.385142,0.010005,0.010005,0.209323,0.385526,0.052,0.948,0.126238,0.128232
3083,24,0.385158,0.01,0.01,0.20932,0.385522,0.051453,0.948547,0.11578,0.118397
3084,38,0.385036,0.009998,0.009998,0.209271,0.385698,0.051784,0.948216,0.101384,0.099506
3085,30,0.384675,0.01,0.01,0.209277,0.386047,0.051919,0.948081,0.12101,0.120123
3086,24,0.384334,0.010147,0.010003,0.209345,0.386171,0.05133,0.94867,0.134427,0.137304
3087,30,0.384362,0.009999,0.009999,0.209321,0.386319,0.051836,0.948164,0.116315,0.1135
3088,24,0.384291,0.009998,0.009998,0.209271,0.386443,0.050988,0.949012,0.120415,0.124593
3089,30,0.384169,0.01031,0.009997,0.209204,0.38632,0.050754,0.949246,0.129413,0.130379
3090,30,0.383609,0.01047,0.010689,0.209102,0.38613,0.051017,0.948983,0.129695,0.128175
3091,24,0.38397,0.010009,0.010009,0.209299,0.386712,0.051097,0.948903,0.118029,0.117428
3092,30,0.384343,0.009994,0.009994,0.209179,0.386489,0.051221,0.948779,0.099371,0.09847
3093,36,0.38448,0.009995,0.010142,0.209079,0.386304,0.051049,0.948951,0.115793,0.116424
3094,26,0.3844,0.010004,0.010004,0.209152,0.386441,0.050664,0.949336,0.128304,0.130116
3095,30,0.384683,0.00999,0.010347,0.208937,0.386043,0.051041,0.948959,0.106602,0.104494
3096,24,0.384342,0.010178,0.010092,0.209004,0.386385,0.050281,0.949719,0.130733,0.134421
3097,30,0.38482,0.009993,0.010199,0.208863,0.386124,0.051118,0.948882,0.099824,0.095399
3098,36,0.384693,0.010001,0.010001,0.208879,0.386426,0.051131,0.948869,0.118176,0.117901
3099,30,0.384795,0.009995,0.010203,0.208774,0.386233,0.051533,0.948467,0.125942,0.123726
3100,32,0.385041,0.009999,0.009999,0.208758,0.386203,0.05188,0.94812,0.117206,0.115234
3101,32,0.385225,0.009996,0.010085,0.208665,0.38603,0.05278,0.94722,0.106503,0.101647
3102,32,0.384993,0.009995,0.009995,0.208559,0.386458,0.052649,0.947351,0.107967,0.108454
3103,32,0.385416,0.009993,0.009993,0.208412,0.386186,0.052565,0.947435,0.105728,0.105971
3104,32,0.385364,0.010001,0.010001,0.208425,0.38621,0.05297,0.94703,0.117056,0.114733
3105,32,0.38528,0.010051,0.010049,0.20842,0.3862,0.053494,0.946506,0.121613,0.118606
3106,30,0.385499,0.009998,0.009998,0.208379,0.386125,0.054495,0.945505,0.116135,0.11055
3107,26,0.385488,0.01,0.01,0.208382,0.38613,0.054397,0.945603,0.119196,0.119534
3108,30,0.385539,0.009994,0.009994,0.20825,0.386223,0.054994,0.945006,0.107132,0.103668
3109,30,0.385411,0.010002,0.010002,0.208289,0.386296,0.055351,0.944649,0.115408,0.11322
3110,26,0.385412,0.01,0.01,0.20829,0.386298,0.055261,0.944739,0.126188,0.126491
3111,36,0.385742,0.009992,0.009992,0.208125,0.386149,0.055682,0.944318,0.096529,0.093992
3112,30,0.385507,0.010004,0.010004,0.208199,0.386287,0.05562,0.94438,0.129953,0.130065
3113,32,0.385979,0.009992,0.009992,0.208042,0.385995,0.056236,0.943764,0.093256,0.08953
3114,24,0.386105,0.009998,0.009998,0.207994,0.385906,0.056951,0.943049,0.117864,0.113558
3115,32,0.386103,0.01,0.01,0.207993,0.385904,0.057515,0.942485,0.120721,0.117233
3116,26,0.385439,0.01066,0.01,0.207994,0.385907,0.057173,0.942827,0.134466,0.136189
3117,30,0.385447,0.010002,0.010002,0.208042,0.386507,0.057417,0.942583,0.107991,0.106338
3118,30,0.385859,0.009993,0.009993,0.207904,0.386251,0.057785,0.942215,0.112028,0.109604
3119,24,0.385854,0.01,0.01,0.207901,0.386246,0.058682,0.941318,0.121692,0.116156
3120,24,0.385151,0.010916,0.009996,0.207828,0.386109,0.057988,0.942012,0.135862,0.139703
3121,26,0.385553,0.010179,0.010005,0.207942,0.386321,0.057441,0.942559,0.114354,0.117285
3122,32,0.385624,0.010002,0.010002,0.20798,0.386392,0.05741,0.94259,0.120605,0.120542
3123,26,0.386062,0.009993,0.009993,0.207833,0.386119,0.057676,0.942324,0.103704,0.101922
3124,24,0.386282,0.009996,0.009996,0.207754,0.385972,0.057584,0.942416,0.117236,0.117532
3125,36,0.386126,0.01,0.01,0.207753,0.386121,0.057853,0.942147,0.120376,0.118549
3126,32,0.386126,0.01,0.01,0.207753,0.386121,0.058355,0.941645,0.111342,0.10817
3127,26,0.386098,0.01,0.010047,0.207746,0.386109,0.057869,0.942131,0.12479,0.127394
3128,26,0.386317,0.009997,0.009997,0.207688,0.386001,0.057556,0.942444,0.117309,0.118866
3129,26,0.386736,0.009993,0.009993,0.207544,0.385733,0.057093,0.942907,0.106672,0.109085
3130,34,0.386825,0.009996,0.009996,0.207453,0.385731,0.057325,0.942675,0.115614,0.114068
3131,24,0.386834,0.01,0.01,0.207447,0.38572,0.056684,0.943316,0.124094,0.127488
3132,30,0.386323,0.010546,0.010176,0.207373,0.385582,0.056327,0.943673,0.129755,0.131568
3133,30,0.386503,0.010009,0.010009,0.207556,0.385923,0.056873,0.943127,0.12192,0.118593
3134,32,0.386395,0.009999,0.009999,0.207538,0.386068,0.056979,0.943021,0.123424,0.1226
3135,32,0.386348,0.010001,0.010001,0.207554,0.386097,0.057031,0.942969,0.126314,0.125785
3136,30,0.387033,0.009989,0.009989,0.207322,0.385667,0.056732,0.943268,0.095166,0.096616
3137,32,0.386979,0.010001,0.010001,0.207333,0.385687,0.056674,0.943326,0.121741,0.121829
3138,24,0.387111,0.009998,0.009998,0.207289,0.385604,0.057759,0.942241,0.11167,0.105235
3139,24,0.387019,0.009997,0.010263,0.207229,0.385492,0.057433,0.942567,0.124005,0.125588
3140,24,0.387345,0.009999,0.009999,0.207206,0.385451,0.057368,0.942632,0.117117,0.117255
3141,26,0.386935,0.010007,0.010007,0.207344,0.385708,0.057037,0.942963,0.125174,0.126878
3142,30,0.386644,0.010002,0.010002,0.207388,0.385963,0.056863,0.943137,0.126874,0.12761
3143,24,0.3865,0.009999,0.009999,0.207365,0.386137,0.056282,0.943718,0.127797,0.130873
3144,24,0.386639,0.009998,0.009998,0.207317,0.386048,0.055715,0.944285,0.114508,0.117432
3145,24,0.386346,0.01002,0.010004,0.20741,0.38622,0.055038,0.944962,0.134473,0.138035
3146,24,0.385985,0.010003,0.010003,0.207466,0.386543,0.054354,0.945646,0.130847,0.134405
3147,24,0.385842,0.009999,0.009999,0.207443,0.386717,0.0538,0.9462,0.119533,0.122332
3148,24,0.385471,0.010002,0.010002,0.207495,0.38703,0.053528,0.946472,0.130886,0.132127
3149,32,0.385543,0.009999,0.009999,0.207472,0.386987,0.05354,0.94646,0.111925,0.111681
3150,32,0.385547,0.01,0.01,0.20747,0.386983,0.053124,0.946876,0.118323,0.120293
3151,24,0.385243,0.01005,0.010004,0.207557,0.387146,0.052379,0.947621,0.13444,0.138196
3152,30,0.385334,0.009994,0.009994,0.207431,0.387247,0.05234,0.94766,0.107082,0.107069
3153,24,0.385206,0.010002,0.010002,0.20747,0.387321,0.051713,0.948287,0.124677,0.12775
3154,24,0.384921,0.010005,0.010005,0.207567,0.387502,0.051055,0.948945,0.128328,0.131546
3155,30,0.385031,0.009998,0.009998,0.207533,0.387439,0.051228,0.948772,0.123234,0.122149
3156,36,0.38503,0.01,0.01,0.207533,0.387438,0.051862,0.948138,0.113764,0.110306
3157,24,0.384619,0.010108,0.010001,0.207562,0.38771,0.051541,0.948459,0.130734,0.132165
3158,30,0.38479,0.009999,0.009999,0.207541,0.387671,0.051867,0.948133,0.117981,0.116063
3159,24,0.385016,0.009996,0.009996,0.207464,0.387527,0.05295,0.94705,0.111023,0.105177
3160,24,0.385239,0.009996,0.009996,0.207387,0.387382,0.053135,0.946865,0.117216,0.116046
3161,30,0.385163,0.009998,0.009998,0.207346,0.387496,0.053541,0.946459,0.116491,0.114128
3162,24,0.385112,0.009999,0.010125,0.207318,0.387445,0.054372,0.945628,0.121607,0.11689
3163,30,0.384975,0.010004,0.010004,0.207407,0.38761,0.05435,0.94565,0.129662,0.129566
3164,30,0.384682,0.010002,0.010002,0.20745,0.387864,0.054396,0.945604,0.12687,0.126353
3165,24,0.385078,0.00999,0.010192,0.20725,0.38749,0.054002,0.945998,0.10206,0.103906
3166,32,0.384173,0.010419,0.011154,0.20697,0.387284,0.054121,0.945879,0.13109,0.130246
3167,24,0.384514,0.010003,0.010601,0.207038,0.387844,0.053939,0.946061,0.118837,0.119594
3168,32,0.384605,0.010003,0.010003,0.207107,0.388281,0.053522,0.946478,0.13025,0.132303
3169,32,0.384513,0.009996,0.009996,0.207034,0.388461,0.053968,0.946032,0.101696,0.0991
3170,30,0.384411,0.010002,0.010002,0.207066,0.38852,0.054249,0.945751,0.121896,0.120155
3171,32,0.384366,0.010001,0.010001,0.207082,0.388551,0.054575,0.945425,0.126499,0.124526
3172,30,0.384451,0.009999,0.009999,0.207054,0.388498,0.054574,0.945426,0.112623,0.112417
3173,26,0.38424,0.01,0.01,0.207056,0.388703,0.054089,0.945911,0.124774,0.127214
3174,32,0.384629,0.009991,0.009991,0.206869,0.388521,0.05456,0.94544,0.100043,0.097219
3175,26,0.384489,0.010002,0.010002,0.20691,0.388597,0.054242,0.945758,0.124389,0.125931
3176,26,0.38479,0.009995,0.009995,0.20681,0.38841,0.054299,0.945701,0.114137,0.113631
3177,30,0.384954,0.009997,0.009997,0.206752,0.3883,0.054644,0.945356,0.099778,0.097665
3178,26,0.384819,0.010002,0.010002,0.206795,0.388382,0.054527,0.945473,0.128277,0.128742
3179,24,0.385047,0.009996,0.009996,0.20672,0.38824,0.055701,0.944299,0.111049,0.104343
3180,32,0.385004,0.009993,0.009993,0.206569,0.388442,0.056145,0.943855,0.107071,0.104368
3181,30,0.385179,0.009997,0.009997,0.206505,0.388322,0.056001,0.943999,0.116011,0.116571
3182,24,0.384805,0.010224,0.010002,0.206554,0.388414,0.055649,0.944351,0.134421,0.136172
3183,24,0.38554,0.009992,0.009992,0.206383,0.388093,0.056591,0.943409,0.097662,0.092171
3184,30,0.385305,0.010004,0.010004,0.206457,0.388231,0.056547,0.943453,0.139826,0.139826
3185,32,0.385388,0.009999,0.009999,0.206431,0.388183,0.056982,0.943018,0.11166,0.108964
3186,24,0.385454,0.009999,0.009999,0.206408,0.38814,0.056731,0.943269,0.121915,0.123127
3187,30,0.38584,0.009988,0.009988,0.206164,0.388019,0.057349,0.942651,0.096459,0.092731
3188,24,0.385545,0.010004,0.010004,0.206256,0.388191,0.05712,0.94288,0.134515,0.135608
3189,24,0.386073,0.009992,0.009992,0.206081,0.387863,0.057057,0.942943,0.106775,0.106821
3190,24,0.386078,0.01,0.01,0.206074,0.387849,0.056629,0.943371,0.115813,0.117998
3191,24,0.385625,0.01,0.01,0.20608,0.388295,0.055996,0.944004,0.120968,0.124307
3192,30,0.386012,0.009988,0.009988,0.205837,0.388174,0.056756,0.943244,0.096452,0.091959
3193,34,0.385957,0.009996,0.009996,0.205748,0.388303,0.056713,0.943287,0.113609,0.113618
3194,26,0.385877,0.009998,0.009998,0.205705,0.388423,0.056334,0.943666,0.117018,0.118934
3195,24,0.385708,0.009995,0.010462,0.205604,0.388231,0.055931,0.944069,0.123978,0.125969
3196,32,0.385783,0.010006,0.010006,0.205731,0.388473,0.056014,0.943986,0.120421,0.119735
3197,30,0.385512,0.010126,0.010003,0.205785,0.388574,0.055733,0.944267,0.123177,0.124511
3198,24,0.385872,0.009996,0.009996,0.205708,0.388428,0.055864,0.944136,0.110725,0.10969
3199,24,0.385869,0.01,0.01,0.205706,0.388425,0.05664,0.94336,0.121609,0.116981
3200,32,0.385969,0.009995,0.009995,0.205613,0.388427,0.057142,0.942858,0.109673,0.106603
3201,30,0.386073,0.009998,0.009998,0.205575,0.388356,0.057625,0.942375,0.118161,0.115084
3202,24,0.386128,0.009996,0.009996,0.205483,0.388398,0.056968,0.943032,0.110908,0.114407
3203,32,0.386143,0.009994,0.009994,0.205369,0.388499,0.056728,0.943272,0.100844,0.101978
3204,24,0.385822,0.010811,0.009992,0.205198,0.388177,0.055763,0.944237,0.129821,0.135027
3205,36,0.386142,0.010005,0.010017,0.205303,0.388534,0.056823,0.943177,0.109625,0.103496
3206,30,0.38646,0.009995,0.009995,0.205204,0.388346,0.057416,0.942584,0.096467,0.092803
3207,24,0.386505,0.009996,0.009996,0.205113,0.388391,0.057245,0.942755,0.122534,0.123263
3208,24,0.386282,0.010003,0.010003,0.205185,0.388527,0.057134,0.942866,0.126464,0.126885
3209,30,0.386186,0.010002,0.010002,0.205219,0.388592,0.057516,0.942484,0.13193,0.129467
3210,24,0.386103,0.009998,0.009998,0.205175,0.388726,0.057429,0.942571,0.120117,0.120373
3211,30,0.385926,0.010324,0.01039,0.204988,0.388371,0.057397,0.942603,0.119051,0.118996
3212,26,0.385993,0.010007,0.010007,0.205138,0.388855,0.057162,0.942838,0.119188,0.120294
3213,36,0.38592,0.009999,0.009999,0.205117,0.388965,0.057242,0.942758,0.12042,0.119714
3214,32,0.385919,0.01,0.01,0.205116,0.388965,0.057266,0.942734,0.111385,0.111014
3215,26,0.385771,0.009999,0.009999,0.205099,0.389132,0.057299,0.942701,0.11743,0.117043
3216,26,0.385875,0.009998,0.009998,0.205064,0.389065,0.057373,0.942627,0.114514,0.113874
3217,30,0.386054,0.009997,0.009997,0.205003,0.388949,0.057575,0.942425,0.115963,0.11456
3218,34,0.385962,0.010001,0.010001,0.205031,0.389004,0.058337,0.941663,0.116041,0.111405
3219,26,0.385753,0.01,0.01,0.205035,0.389211,0.058149,0.941851,0.119083,0.119954
3220,30,0.385841,0.009999,0.009999,0.205006,0.389156,0.058517,0.941483,0.129273,0.126866
3221,24,0.385554,0.010005,0.010005,0.205101,0.389336,0.058111,0.941889,0.128289,0.130424
3222,32,0.385415,0.010002,0.010002,0.20515,0.38943,0.058662,0.941338,0.114208,0.110751
3223,32,0.385417,0.01,0.01,0.205151,0.389432,0.058782,0.941218,0.125214,0.124231
3224,32,0.385669,0.009993,0.009993,0.205011,0.389334,0.059246,0.940754,0.103951,0.100947
3225,24,0.386085,0.009993,0.009993,0.204867,0.389062,0.060303,0.939697,0.10008,0.093464
3226,30,0.385777,0.010002,0.010002,0.204902,0.389318,0.060121,0.939879,0.120116,0.120879
3227,30,0.386235,0.009993,0.009993,0.20475,0.38903,0.05977,0.94023,0.092223,0.093991
3228,24,0.386242,0.01,0.01,0.204743,0.389016,0.059343,0.940657,0.115748,0.118011
3229,26,0.38611,0.010002,0.010002,0.204787,0.389099,0.058922,0.941078,0.128294,0.130572
3230,32,0.386212,0.009998,0.009998,0.204754,0.389037,0.059066,0.940934,0.102006,0.100835
3231,30,0.386558,0.009994,0.009994,0.204638,0.388816,0.05978,0.94022,0.102739,0.09822
3232,34,0.386558,0.009997,0.009997,0.204578,0.38887,0.059609,0.940391,0.118725,0.119523
3233,24,0.386899,0.009994,0.009994,0.204462,0.38865,0.059354,0.940646,0.111642,0.112778
3234,32,0.387344,0.009993,0.009993,0.20431,0.388361,0.059566,0.940434,0.091227,0.08966
3235,30,0.387264,0.009998,0.009998,0.204268,0.388471,0.059518,0.940482,0.116509,0.116536
3236,30,0.387729,0.009992,0.009992,0.204112,0.388174,0.05969,0.94031,0.097458,0.096053
3237,32,0.386803,0.011497,0.010297,0.203808,0.387596,0.059324,0.940676,0.13937,0.141313
3238,24,0.387453,0.010671,0.010004,0.203894,0.387978,0.058757,0.941243,0.115885,0.118953
3239,24,0.387847,0.010005,0.010005,0.203988,0.388156,0.059489,0.940511,0.11786,0.113256
3240,24,0.388207,0.009994,0.009994,0.203871,0.387934,0.060119,0.939881,0.113387,0.109373
3241,26,0.388193,0.01,0.01,0.203872,0.387935,0.059786,0.940214,0.119178,0.120943
3242,36,0.388376,0.009991,0.010354,0.20369,0.387589,0.060146,0.939854,0.113123,0.11066
3243,24,0.388225,0.010008,0.010008,0.203855,0.387904,0.059508,0.940492,0.128329,0.131914
3244,24,0.388874,0.00999,0.00999,0.203644,0.387502,0.060499,0.939501,0.097575,0.09134
3245,26,0.38897,0.009998,0.009998,0.203606,0.387429,0.060696,0.939304,0.114447,0.113012
3246,32,0.388689,0.010002,0.010002,0.203642,0.387666,0.060665,0.939335,0.123626,0.123539
3247,32,0.38869,0.01,0.01,0.203642,0.387668,0.060534,0.939466,0.120708,0.121222
3248,30,0.388847,0.009992,0.01032,0.203481,0.38736,0.061108,0.938892,0.112864,0.109111
3249,36,0.388671,0.010123,0.010634,0.203388,0.387184,0.061222,0.938778,0.121897,0.120948
3250,30,0.389071,0.010003,0.010003,0.203444,0.38748,0.061425,0.938575,0.106304,0.104822
3251,24,0.388704,0.010003,0.010003,0.203496,0.387796,0.060641,0.939359,0.130859,0.135417
3252,24,0.388208,0.01033,0.009999,0.20348,0.387983,0.059873,0.940127,0.130742,0.13513
3253,32,0.388484,0.009998,0.009998,0.203438,0.388082,0.060157,0.939843,0.103649,0.101713
3254,30,0.388255,0.010004,0.010004,0.203513,0.388225,0.060577,0.939423,0.129976,0.127169
3255,24,0.387972,0.010005,0.010005,0.20361,0.388409,0.059923,0.940077,0.128387,0.132078
3256,32,0.387907,0.009998,0.009998,0.203575,0.388521,0.059913,0.940087,0.113104,0.112882
3257,26,0.388203,0.009995,0.009995,0.203476,0.388332,0.059939,0.940061,0.114174,0.113787
3258,32,0.387919,0.010002,0.010002,0.20351,0.388567,0.060284,0.939716,0.12204,0.119711
3259,26,0.387711,0.01,0.01,0.203514,0.388774,0.060368,0.939632,0.124871,0.124125
3260,26,0.387606,0.01,0.010088,0.20352,0.388785,0.0605,0.9395,0.120677,0.119656
3261,30,0.387536,0.010018,0.010002,0.203567,0.388876,0.060593,0.939407,0.131798,0.130915
3262,24,0.387511,0.009999,0.010085,0.203554,0.388851,0.061295,0.938705,0.121592,0.117047
3263,26,0.387743,0.009998,0.009998,0.203505,0.388757,0.061217,0.938783,0.117235,0.117413
3264,30,0.387643,0.010002,0.010002,0.203537,0.388818,0.061897,0.938103,0.12208,0.117599
3265,30,0.387676,0.009996,0.009996,0.203463,0.388868,0.062187,0.937813,0.113496,0.111388
3266,30,0.388008,0.009994,0.009994,0.203351,0.388652,0.062498,0.937502,0.115576,0.113327
3267,24,0.387462,0.01066,0.009998,0.203308,0.388572,0.06198,0.93802,0.134382,0.137288
3268,30,0.387944,0.009997,0.009997,0.203255,0.388806,0.0629,0.9371,0.101126,0.095094
3269,24,0.388506,0.009991,0.009991,0.203066,0.388446,0.062966,0.937034,0.104077,0.103356
3270,26,0.388654,0.009994,0.009994,0.202945,0.388414,0.062763,0.937237,0.105931,0.10691
3271,24,0.38917,0.009991,0.009991,0.202769,0.388078,0.062693,0.937307,0.106764,0.106846
3272,30,0.389268,0.009998,0.010001,0.20273,0.388003,0.063284,0.936716,0.116518,0.112513
3273,24,0.389104,0.009999,0.009999,0.202712,0.388185,0.062761,0.937239,0.121368,0.124358
3274,24,0.389019,0.009998,0.009998,0.202668,0.388318,0.06232,0.93768,0.120111,0.122583
3275,26,0.388808,0.01,0.01,0.20267,0.388522,0.061828,0.938172,0.124803,0.127611
3276,24,0.38882,0.01,0.01,0.202666,0.388515,0.061234,0.938766,0.115926,0.119275
3277,30,0.38882,0.01,0.01,0.202666,0.388515,0.061499,0.938501,0.119565,0.117644
3278,30,0.388624,0.00999,0.010579,0.202473,0.388334,0.0612,0.9388,0.125827,0.127392
3279,38,0.388833,0.009994,0.010717,0.202353,0.388104,0.061336,0.938664,0.11417,0.113083
3280,30,0.389258,0.010003,0.010083,0.202421,0.388235,0.061741,0.938259,0.115951,0.113163
3281,32,0.389452,0.010017,0.009998,0.202379,0.388154,0.061531,0.938469,0.117168,0.118167
3282,26,0.389327,0.010002,0.010002,0.202425,0.388243,0.061035,0.938965,0.12452,0.127343
3283,26,0.389444,0.009998,0.009998,0.202388,0.388172,0.060548,0.939452,0.114391,0.117101
3284,32,0.389611,0.009997,0.009997,0.202332,0.388063,0.060862,0.939138,0.11731,0.115189
3285,36,0.389865,0.009996,0.009996,0.202245,0.387898,0.060747,0.939253,0.110518,0.110902
3286,30,0.389966,0.009995,0.009995,0.202146,0.387898,0.061329,0.938671,0.112884,0.109072
3287,38,0.38993,0.009996,0.009996,0.202066,0.388011,0.061237,0.938763,0.116609,0.116889
3288,24,0.389703,0.0102,0.010391,0.201939,0.387767,0.061041,0.938959,0.123978,0.124848
3289,26,0.389933,0.009998,0.010506,0.20189,0.387673,0.06115,0.93885,0.117176,0.116217
3290,24,0.390302,0.010002,0.010002,0.201935,0.387759,0.061644,0.938356,0.105964,0.102559
3291,24,0.390527,0.009996,0.009996,0.201862,0.387618,0.062663,0.937337,0.108923,0.102329
3292,24,0.390179,0.010006,0.010006,0.201975,0.387835,0.062068,0.937932,0.135967,0.139446
3293,24,0.390407,0.009996,0.009996,0.201903,0.387697,0.063042,0.936958,0.110888,0.104547
3294,32,0.390358,0.010001,0.010001,0.201917,0.387724,0.063174,0.936826,0.12166,0.12055
3295,32,0.390637,0.009995,0.009995,0.201825,0.387547,0.062987,0.937013,0.109949,0.11074
3296,24,0.390503,0.010177,0.009999,0.201807,0.387514,0.062104,0.937896,0.131382,0.136661
3297,24,0.390493,0.010003,0.010003,0.201869,0.387632,0.061374,0.938626,0.125056,0.129256
3298,36,0.390617,0.009996,0.010096,0.201797,0.387493,0.061341,0.938659,0.116069,0.115947
3299,30,0.390449,0.010027,0.01093,0.201558,0.387035,0.061647,0.938353,0.125756,0.123622
3300,24,0.390391,0.01001,0.010171,0.201769,0.387658,0.061066,0.938934,0.124632,0.127895
3301,26,0.390453,0.010002,0.010002,0.201809,0.387735,0.060515,0.939485,0.121041,0.124143
3302,30,0.390159,0.010002,0.010002,0.20185,0.387987,0.060865,0.939135,0.120408,0.118026
3303,30,0.390563,0.009993,0.009993,0.201718,0.387733,0.061069,0.938931,0.100147,0.098558
3304,36,0.39066,0.009996,0.009996,0.201631,0.387717,0.061075,0.938925,0.110247,0.109855
3305,24,0.391073,0.009993,0.009993,0.201492,0.387449,0.062098,0.937902,0.100002,0.093385
3306,30,0.391174,0.009998,0.009998,0.201454,0.387376,0.062426,0.937574,0.119162,0.116803
3307,24,0.390862,0.010071,0.010004,0.201534,0.387529,0.061826,0.938174,0.128233,0.131653
3308,24,0.391446,0.009992,0.009992,0.201365,0.387205,0.061358,0.938642,0.101095,0.103586
3309,24,0.39145,0.01,0.01,0.201358,0.387192,0.060305,0.939695,0.124042,0.130126
3310,32,0.391495,0.010168,0.010131,0.20124,0.386965,0.060377,0.939623,0.121761,0.121065
3311,30,0.391538,0.010001,0.010001,0.201262,0.387198,0.060329,0.939671,0.116505,0.116528
3312,24,0.391255,0.010005,0.010005,0.201357,0.387379,0.059984,0.940016,0.134563,0.136352
3313,30,0.391763,0.009992,0.009992,0.201192,0.387062,0.060062,0.939938,0.096557,0.095758
3314,24,0.391472,0.010005,0.010005,0.201282,0.387236,0.059639,0.940361,0.126235,0.128525
3315,30,0.391344,0.009997,0.009997,0.201216,0.387447,0.060259,0.939741,0.104161,0.100157
3316,26,0.391379,0.009999,0.009999,0.201202,0.38742,0.059626,0.940374,0.114767,0.118272
3317,30,0.391231,0.010127,0.01,0.201209,0.387432,0.059839,0.940161,0.131814,0.130234
3318,30,0.391207,0.009999,0.009999,0.201196,0.387598,0.060254,0.939746,0.116502,0.113722
3319,26,0.390997,0.01,0.01,0.201199,0.387804,0.059611,0.940389,0.12483,0.128468
3320,24,0.390713,0.010005,0.010005,0.201293,0.387985,0.059177,0.940823,0.128237,0.130558
3321,24,0.390317,0.010265,0.010033,0.201329,0.388055,0.058644,0.941356,0.126132,0.129026
3322,26,0.390631,0.01,0.01,0.201324,0.388046,0.058711,0.941289,0.117162,0.116519
3323,26,0.39113,0.009992,0.009992,0.201159,0.387727,0.058754,0.941246,0.105724,0.105184
3324,36,0.39097,0.01,0.01,0.201157,0.387873,0.058813,0.941187,0.121888,0.121283
3325,32,0.3909,0.009998,0.009998,0.201121,0.387982,0.059021,0.940979,0.122335,0.120841
3326,30,0.389837,0.01111,0.010991,0.200765,0.387297,0.058956,0.941044,0.139599,0.139716
3327,24,0.390711,0.010018,0.010017,0.201098,0.388157,0.058609,0.941391,0.11092,0.112665
3328,26,0.390922,0.009997,0.009997,0.20104,0.388044,0.058193,0.941807,0.117248,0.119432
3329,30,0.391124,0.009997,0.009997,0.200972,0.387912,0.058284,0.941716,0.099842,0.099001
3330,24,0.390072,0.011088,0.01084,0.20067,0.38733,0.058049,0.941951,0.13433,0.135444
3331,36,0.390327,0.010239,0.010541,0.200882,0.388012,0.058228,0.941772,0.125174,0.12389
3332,24,0.389733,0.011003,0.010564,0.200816,0.387884,0.057419,0.942581,0.134387,0.138847
3333,32,0.389352,0.011318,0.010676,0.2008,0.387854,0.057086,0.942914,0.139533,0.141242
3334,24,0.388789,0.012006,0.0107,0.200749,0.387756,0.056275,0.943725,0.134375,0.13876
3335,24,0.388859,0.012289,0.010269,0.200776,0.387807,0.055554,0.944446,0.124015,0.127799
3336,24,0.390067,0.01036,0.010013,0.201035,0.388525,0.055795,0.944205,0.104137,0.102549
3337,24,0.390139,0.010001,0.010001,0.201063,0.388796,0.055469,0.944531,0.12039,0.121919
3338,24,0.39014,0.01,0.01,0.201063,0.388797,0.056558,0.943442,0.115434,0.109141
3339,30,0.390042,0.010002,0.010002,0.201096,0.388859,0.057263,0.942737,0.122103,0.11784
3340,24,0.390181,0.009998,0.009998,0.201051,0.388772,0.057099,0.942901,0.114513,0.115171
3341,30,0.390007,0.01,0.01,0.201044,0.38895,0.057732,0.942268,0.118876,0.115005
3342,24,0.389946,0.010001,0.010001,0.201064,0.388988,0.057737,0.942263,0.123184,0.122911
3343,38,0.389642,0.009996,0.009996,0.200983,0.389383,0.057882,0.942118,0.12036,0.119253
3344,30,0.389541,0.010002,0.010002,0.201014,0.389443,0.058361,0.941639,0.122105,0.119044
3345,24,0.389173,0.010003,0.010003,0.201064,0.389758,0.05796,0.94204,0.124604,0.126693
3346,30,0.389231,0.009997,0.010126,0.201004,0.389642,0.058206,0.941794,0.119031,0.117353
3347,36,0.389118,0.010001,0.010019,0.201026,0.389835,0.058477,0.941523,0.128604,0.126769
3348,30,0.389126,0.01,0.01,0.20103,0.389843,0.05887,0.94113,0.1197,0.117132
3349,24,0.389248,0.009994,0.009994,0.200919,0.389844,0.058921,0.941079,0.108619,0.108016
3350,30,0.389611,0.009994,0.009994,0.200796,0.389605,0.05906,0.94094,0.11672,0.115636
3351,24,0.390126,0.009991,0.009991,0.200623,0.389269,0.059142,0.940858,0.106813,0.106068
3352,24,0.390001,0.010528,0.010501,0.20031,0.388661,0.058406,0.941594,0.119319,0.12336
3353,30,0.389315,0.011239,0.010948,0.200149,0.388349,0.058482,0.941518,0.139665,0.138977
3354,26,0.389347,0.011545,0.010235,0.200276,0.388596,0.057815,0.942185,0.128162,0.131835
3355,24,0.390464,0.010563,0.010002,0.20031,0.388661,0.058431,0.941569,0.103736,0.099897
3356,36,0.390653,0.010002,0.010002,0.200344,0.389,0.059163,0.940837,0.107076,0.102553
3357,24,0.390609,0.010115,0.009999,0.200321,0.388957,0.058442,0.941558,0.129874,0.133884
3358,26,0.390306,0.009998,0.010552,0.200276,0.388869,0.058531,0.941469,0.128168,0.127428
3359,30,0.39075,0.010002,0.010013,0.200307,0.388928,0.05826,0.94174,0.107535,0.108797
3360,32,0.390808,0.009996,0.009996,0.200234,0.388965,0.058255,0.941745,0.120065,0.119877
3361,24,0.391004,0.009997,0.009997,0.200167,0.388836,0.057943,0.942057,0.113035,0.114601
3362,30,0.390829,0.01,0.01,0.20016,0.389012,0.058034,0.941966,0.112312,0.111506
3363,24,0.390544,0.010005,0.010005,0.200253,0.389193,0.057597,0.942403,0.128353,0.130637
3364,24,0.390843,0.009995,0.009995,0.200158,0.389008,0.056884,0.943116,0.119455,0.123268
3365,24,0.390556,0.010005,0.010005,0.200249,0.389186,0.056454,0.943546,0.12834,0.130543
3366,32,0.390425,0.009997,0.009997,0.200194,0.389386,0.056182,0.943818,0.124982,0.126291
3367,32,0.390567,0.009998,0.009998,0.200146,0.389292,0.056188,0.943812,0.115043,0.114799
3368,24,0.390281,0.010005,0.010005,0.200238,0.389471,0.055537,0.944463,0.128407,0.131848
3369,30,0.390464,0.009997,0.009997,0.200181,0.389361,0.055445,0.944555,0.116006,0.116287
3370,30,0.390435,0.009995,0.009995,0.200078,0.389497,0.056177,0.943823,0.107717,0.103424
3371,26,0.390343,0.009998,0.009998,0.200039,0.389622,0.055666,0.944334,0.117701,0.120361
3372,24,0.39031,0.009999,0.010081,0.200022,0.389588,0.056708,0.943292,0.113338,0.107285
3373,32,0.390707,0.009995,0.009995,0.199918,0.389386,0.056368,0.943632,0.108599,0.110267
3374,32,0.390794,0.009995,0.009995,0.199828,0.389388,0.056145,0.943855,0.107637,0.108683
3375,24,0.391206,0.009993,0.009993,0.199689,0.389118,0.056872,0.943128,0.108212,0.103819
3376,24,0.391424,0.009996,0.009996,0.199613,0.38897,0.056834,0.943166,0.117197,0.117181
3377,32,0.391139,0.010002,0.010002,0.199646,0.389212,0.056599,0.943401,0.127303,0.128421
3378,30,0.391245,0.009998,0.009998,0.199612,0.389146,0.057551,0.942449,0.116709,0.11105
3379,30,0.391294,0.010109,0.009997,0.199558,0.389041,0.056722,0.943278,0.122697,0.127164
3380,32,0.391781,0.009994,0.009994,0.199433,0.388798,0.056947,0.943053,0.106495,0.104944
3381,24,0.392191,0.009993,0.009993,0.199295,0.388528,0.057672,0.942328,0.108154,0.103703
3382,24,0.392196,0.01,0.01,0.199289,0.388516,0.057046,0.942954,0.12408,0.12742
3383,24,0.391912,0.010005,0.010005,0.199381,0.388697,0.05629,0.94371,0.134504,0.13858
3384,30,0.392094,0.009997,0.009997,0.199325,0.388587,0.056452,0.943548,0.11607,0.114941
3385,36,0.391939,0.01,0.01,0.199325,0.388737,0.056506,0.943494,0.121759,0.121207
3386,30,0.391712,0.010004,0.010004,0.199399,0.388882,0.056385,0.943615,0.129847,0.130279
3387,24,0.391724,0.01,0.01,0.199397,0.388879,0.055751,0.944249,0.123072,0.126401
3388,32,0.391782,0.009999,0.009999,0.199379,0.388842,0.055832,0.944168,0.105687,0.10499
3389,24,0.391833,0.009996,0.009996,0.19929,0.388886,0.055394,0.944606,0.110902,0.113053
3390,32,0.391997,0.009997,0.009997,0.199233,0.388775,0.055806,0.944194,0.121936,0.119411
3391,24,0.39148,0.010001,0.010001,0.199259,0.389259,0.055412,0.944588,0.128673,0.130671
3392,30,0.3912,0.009998,0.010405,0.199218,0.389179,0.055566,0.944434,0.126909,0.125818
3393,32,0.391312,0.010005,0.010005,0.199313,0.389366,0.055669,0.944331,0.126446,0.125654
3394,32,0.390982,0.010001,0.010001,0.199324,0.389693,0.055853,0.944147,0.118157,0.116942
3395,32,0.391084,0.009998,0.009998,0.199291,0.389628,0.056227,0.943773,0.120451,0.118112
3396,26,0.390952,0.010002,0.010002,0.199333,0.389711,0.056359,0.943641,0.128266,0.127328
3397,24,0.390953,0.01,0.01,0.199334,0.389713,0.055742,0.944258,0.123741,0.126987
3398,36,0.390738,0.009998,0.009998,0.199303,0.389962,0.055933,0.944067,0.117827,0.116523
3399,32,0.390737,0.01,0.01,0.199302,0.389961,0.056051,0.943949,0.125348,0.124478
3400,24,0.390453,0.010005,0.010005,0.199395,0.390143,0.055587,0.944413,0.128351,0.130719
3401,24,0.390172,0.010005,0.010005,0.19949,0.390328,0.055269,0.944731,0.128395,0.12996
3402,32,0.389889,0.01,0.01,0.199483,0.39063,0.055579,0.944421,0.106029,0.10409
3403,36,0.390139,0.009996,0.009996,0.199401,0.390469,0.056044,0.943956,0.101758,0.098935
3404,24,0.390351,0.009996,0.010018,0.199321,0.390313,0.056629,0.943371,0.117079,0.113568
3405,24,0.389746,0.010787,0.010041,0.19925,0.390175,0.055873,0.944127,0.134386,0.138435
3406,26,0.389938,0.01001,0.01001,0.199459,0.390582,0.055753,0.944247,0.122621,0.12309
3407,26,0.389538,0.010007,0.010007,0.199596,0.390852,0.055373,0.944627,0.134674,0.136589
3408,36,0.389316,0.009999,0.009999,0.199584,0.391101,0.055151,0.944849,0.119701,0.120657
3409,24,0.389455,0.009994,0.009994,0.199467,0.391089,0.05529,0.94471,0.113465,0.112471
3410,24,0.389971,0.009991,0.009991,0.199295,0.390752,0.055226,0.944774,0.10684,0.106942
3411,30,0.389865,0.009998,0.009998,0.199262,0.390876,0.05546,0.94454,0.109963,0.108423
3412,30,0.38984,0.01,0.01,0.199269,0.390891,0.055889,0.944111,0.119788,0.117191
3413,24,0.389281,0.010331,0.01,0.199273,0.391115,0.055208,0.944792,0.132259,0.135843
3414,24,0.390056,0.009993,0.009993,0.199128,0.390831,0.055705,0.944295,0.09714,0.094146
3415,24,0.389748,0.010215,0.010001,0.199154,0.390881,0.055666,0.944334,0.126323,0.126331
3416,26,0.390148,0.009997,0.009997,0.199094,0.390764,0.055503,0.944497,0.108378,0.109043
3417,26,0.390854,0.009988,0.009988,0.198861,0.390308,0.05577,0.94423,0.091631,0.089902
3418,24,0.391069,0.009996,0.009996,0.198784,0.390155,0.056734,0.943266,0.110901,0.105292
3419,24,0.391583,0.009991,0.009991,0.198613,0.38982,0.056751,0.943249,0.106763,0.106385
3420,24,0.391293,0.010004,0.010004,0.198703,0.389996,0.056347,0.943653,0.1283,0.13033
3421,26,0.391087,0.01,0.01,0.198707,0.390205,0.056007,0.943993,0.119125,0.120831
3422,36,0.390328,0.010894,0.009998,0.198663,0.390118,0.055592,0.944408,0.139629,0.141738
3423,30,0.390831,0.010006,0.010006,0.19879,0.390367,0.055859,0.944141,0.11621,0.114506
3424,26,0.390626,0.01,0.01,0.198795,0.390578,0.05524,0.94476,0.124904,0.12816
3425,32,0.390506,0.009997,0.009997,0.198734,0.390766,0.055201,0.944799,0.116129,0.116129
3426,26,0.390702,0.009997,0.009997,0.198669,0.390636,0.054541,0.945459,0.117195,0.12058
3427,30,0.390472,0.010004,0.010004,0.198741,0.39078,0.054905,0.945095,0.129978,0.127769
3428,30,0.390247,0.010004,0.010004,0.198817,0.390928,0.055123,0.944877,0.129967,0.128563
3429,26,0.390817,0.009991,0.009991,0.198634,0.390568,0.05481,0.94519,0.102806,0.10426
3430,24,0.39081,0.01,0.01,0.19863,0.390561,0.055695,0.944305,0.121701,0.116547
3431,30,0.39084,0.009996,0.009996,0.198558,0.390609,0.056033,0.943967,0.113451,0.111339
3432,24,0.390753,0.009998,0.009998,0.198513,0.390738,0.055926,0.944074,0.120124,0.120485
3433,26,0.390265,0.010005,0.010005,0.198606,0.39112,0.055327,0.944673,0.125616,0.128749
3434,24,0.39028,0.01,0.01,0.198604,0.391117,0.054741,0.945259,0.115866,0.118852
3435,24,0.389686,0.010763,0.010023,0.198539,0.390989,0.05441,0.94559,0.134392,0.135976
3436,32,0.389782,0.010008,0.010008,0.198706,0.391496,0.0545,0.9455,0.126778,0.126078
3437,36,0.389378,0.010007,0.010007,0.198843,0.391765,0.054263,0.945737,0.131551,0.132653
3438,24,0.389608,0.009996,0.009996,0.198772,0.391627,0.05446,0.94554,0.117272,0.11601
3439,32,0.389559,0.010001,0.010001,0.198786,0.391654,0.05519,0.94481,0.110857,0.106666
3440,32,0.389479,0.010088,0.01,0.198784,0.391649,0.055511,0.944489,0.126296,0.124302
3441,24,0.389331,0.010309,0.009999,0.198759,0.391601,0.054908,0.945092,0.131359,0.134491
3442,24,0.389747,0.009998,0.009998,0.198724,0.391532,0.055121,0.944879,0.111229,0.109801
3443,32,0.389914,0.009997,0.009997,0.198669,0.391423,0.055171,0.944829,0.106397,0.105913
3444,32,0.38999,0.009993,0.009993,0.198539,0.391484,0.054882,0.945118,0.10675,0.108127
3445,24,0.3897,0.010005,0.010005,0.198629,0.391661,0.054289,0.945711,0.134481,0.137531
3446,26,0.389807,0.009998,0.009998,0.198597,0.391599,0.05434,0.94566,0.11465,0.114192
3447,26,0.390004,0.009997,0.009997,0.198532,0.39147,0.053783,0.946217,0.11717,0.119964
3448,38,0.389924,0.009995,0.009995,0.198433,0.391653,0.054297,0.945703,0.10585,0.102884
3449,30,0.389625,0.010002,0.010002,0.19847,0.391901,0.054677,0.945323,0.127038,0.124752
3450,24,0.38985,0.009996,0.009996,0.198398,0.391759,0.055699,0.944301,0.110938,0.105093
3451,36,0.389942,0.009996,0.009996,0.198314,0.391752,0.055697,0.944303,0.115704,0.115494
3452,24,0.38957,0.010002,0.010002,0.198362,0.392063,0.055012,0.944988,0.130854,0.134451
3453,26,0.389692,0.009995,0.009995,0.198259,0.39206,0.054363,0.945637,0.113862,0.117199
3454,36,0.389534,0.01,0.01,0.198258,0.392208,0.054849,0.945151,0.121707,0.118841
3455,32,0.388782,0.010511,0.011484,0.197841,0.391382,0.054875,0.945125,0.127598,0.127217
3456,26,0.388862,0.010002,0.011793,0.197881,0.391462,0.05564,0.94436,0.122248,0.11782
3457,28,0.388792,0.010009,0.011138,0.19806,0.392002,0.055552,0.944448,0.125675,0.125966
3458,30,0.389089,0.01,0.010845,0.198061,0.392005,0.055825,0.944175,0.116063,0.114305
3459,24,0.389756,0.009999,0.009999,0.198049,0.392197,0.055349,0.944651,0.106255,0.10865
3460,24,0.389603,0.010002,0.010002,0.198098,0.392294,0.054821,0.945179,0.124601,0.127306
3461,24,0.389659,0.009996,0.009996,0.198011,0.392339,0.054317,0.945683,0.110884,0.113383
3462,26,0.389373,0.010243,0.010001,0.198022,0.392361,0.05379,0.94621,0.125706,0.128388
3463,32,0.389203,0.009997,0.009997,0.197954,0.39285,0.053643,0.946357,0.107894,0.10847
3464,30,0.389261,0.010051,0.009998,0.197916,0.392774,0.053583,0.946417,0.128208,0.128305
3465,32,0.389958,0.009989,0.009989,0.197706,0.392357,0.053894,0.946106,0.088703,0.086808
3466,36,0.389302,0.010745,0.010883,0.197373,0.391696,0.054212,0.945788,0.128696,0.12678
3467,26,0.389133,0.011097,0.010955,0.197288,0.391527,0.053697,0.946303,0.125996,0.128584
3468,32,0.389273,0.01048,0.010317,0.197555,0.392375,0.053527,0.946473,0.117295,0.118003
3469,32,0.389599,0.010003,0.010003,0.197606,0.39279,0.053306,0.946694,0.102272,0.103255
3470,26,0.389432,0.010001,0.010099,0.19763,0.392838,0.053415,0.946585,0.128182,0.127409
3471,32,0.389639,0.009998,0.009998,0.197595,0.39277,0.053093,0.946907,0.121863,0.123382
3472,26,0.389637,0.01,0.01,0.197594,0.392768,0.052773,0.947227,0.122305,0.123819
3473,30,0.38967,0.009996,0.009996,0.197522,0.392815,0.052957,0.947043,0.115959,0.114782
3474,30,0.390471,0.009987,0.009987,0.197261,0.392295,0.053575,0.946425,0.086626,0.083138
3475,24,0.390176,0.010004,0.010004,0.197348,0.392468,0.053227,0.946773,0.128398,0.130026
3476,32,0.390276,0.009996,0.009996,0.197263,0.392469,0.05354,0.94646,0.104928,0.103042
3477,24,0.389904,0.010002,0.010002,0.197311,0.392781,0.053142,0.946858,0.124689,0.126584
3478,26,0.389931,0.009996,0.009996,0.197239,0.392838,0.053207,0.946793,0.111218,0.110665
3479,24,0.390059,0.009998,0.009998,0.197195,0.39275,0.053974,0.946026,0.117834,0.113496
3480,36,0.389858,0.009999,0.010109,0.197172,0.392862,0.053902,0.946098,0.127733,0.12793
3481,24,0.389978,0.009996,0.009996,0.197098,0.392932,0.05381,0.94619,0.115062,0.115359
3482,24,0.390199,0.009996,0.009996,0.197024,0.392784,0.054545,0.945455,0.11718,0.112993
3483,32,0.390099,0.009999,0.009999,0.196999,0.392904,0.054539,0.945461,0.123943,0.123708
3484,26,0.390089,0.01,0.01,0.197002,0.392909,0.053886,0.946114,0.124877,0.128246
3485,30,0.390401,0.009995,0.009995,0.196901,0.392708,0.054187,0.945813,0.109636,0.107768
3486,36,0.390243,0.01,0.01,0.1969,0.392857,0.054167,0.945833,0.12462,0.124512
3487,28,0.389987,0.010004,0.010004,0.196983,0.393022,0.054111,0.945889,0.128777,0.128895
3488,24,0.3899,0.010001,0.010031,0.197004,0.393064,0.053353,0.946647,0.124967,0.128833
3489,30,0.38871,0.011468,0.011554,0.196403,0.391865,0.053374,0.946626,0.135862,0.135554
3490,24,0.388535,0.011535,0.011221,0.19655,0.392159,0.052784,0.947216,0.134467,0.137423
3491,30,0.3891,0.011081,0.010515,0.196749,0.392555,0.053153,0.946847,0.116576,0.114406
3492,28,0.390051,0.010113,0.010234,0.196849,0.392754,0.0527,0.9473,0.105804,0.107973
3493,30,0.390267,0.010002,0.010002,0.196891,0.392838,0.052763,0.947237,0.118372,0.117828
3494,34,0.390388,0.009998,0.009998,0.196853,0.392763,0.052792,0.947208,0.11645,0.116095
3495,32,0.390801,0.009992,0.01007,0.196693,0.392444,0.053023,0.946977,0.106465,0.10501
3496,32,0.391151,0.00999,0.00999,0.196501,0.392368,0.053409,0.946591,0.095925,0.093623
3497,26,0.391143,0.01,0.01,0.196497,0.39236,0.052738,0.947262,0.126154,0.129541
3498,24,0.391559,0.009993,0.009993,0.196363,0.392092,0.053472,0.946528,0.10821,0.104054
3499,26,0.391423,0.010002,0.010002,0.196403,0.392171,0.053065,0.946935,0.128311,0.13031
3500,32,0.391592,0.009997,0.009997,0.196349,0.392064,0.053013,0.946987,0.10653,0.106623
3501,30,0.391362,0.010004,0.010004,0.196422,0.392209,0.053054,0.946946,0.129845,0.129429
3502,32,0.391883,0.009992,0.009992,0.196256,0.391878,0.053332,0.946668,0.102365,0.100714
3503,24,0.391948,0.009999,0.009999,0.19623,0.391825,0.053045,0.946955,0.114297,0.115607
3504,24,0.392084,0.009994,0.009994,0.196115,0.391813,0.05327,0.94673,0.113552,0.112168
3505,32,0.392451,0.009994,0.009994,0.195993,0.391569,0.053215,0.946785,0.104224,0.104268
3506,24,0.392498,0.009995,0.009995,0.195904,0.391608,0.052809,0.947191,0.110817,0.112741
3507,24,0.392126,0.010002,0.010002,0.195951,0.391919,0.052327,0.947673,0.124634,0.126983
3508,26,0.391918,0.01,0.01,0.195955,0.392127,0.052026,0.947974,0.124874,0.126272
3509,36,0.391765,0.01,0.01,0.195956,0.392279,0.051997,0.948003,0.124621,0.124567
3510,36,0.391611,0.01,0.01,0.195957,0.392432,0.051871,0.948129,0.128635,0.129059
3511,30,0.391855,0.009996,0.009996,0.195878,0.392275,0.051165,0.948835,0.105774,0.109166
3512,36,0.391745,0.009997,0.009997,0.195823,0.392437,0.051477,0.948523,0.119354,0.11757
3513,26,0.391857,0.009998,0.009998,0.195785,0.392361,0.051196,0.948804,0.114334,0.115601
3514,24,0.391572,0.010005,0.010005,0.195876,0.392543,0.050801,0.949199,0.128333,0.130173
3515,24,0.391575,0.01,0.01,0.195878,0.392547,0.05076,0.94924,0.123794,0.123817
3516,36,0.391842,0.009996,0.009996,0.195792,0.392374,0.050589,0.949411,0.115705,0.116389
3517,24,0.391432,0.010316,0.010001,0.19582,0.392431,0.05,0.95,0.134484,0.137795
3518,30,0.391255,0.010005,0.010005,0.195918,0.392817,0.050325,0.949675,0.126779,0.124962
3519,32,0.391356,0.009996,0.009996,0.195831,0.392821,0.050977,0.949023,0.105008,0.101556
3520,30,0.391434,0.009999,0.009999,0.195803,0.392766,0.051633,0.948367,0.118492,0.114935
3521,30,0.391432,0.01,0.01,0.195803,0.392765,0.051828,0.948172,0.12617,0.124959
3522,32,0.391767,0.009993,0.010091,0.195664,0.392486,0.052023,0.947977,0.107021,0.105835
3523,32,0.391827,0.01,0.01,0.195672,0.392501,0.052067,0.947933,0.116961,0.11652
3524,32,0.391668,0.009997,0.009997,0.195611,0.392727,0.051706,0.948294,0.131239,0.132922
3525,24,0.391297,0.010002,0.010002,0.195659,0.39304,0.051049,0.948951,0.122555,0.125756
3526,24,0.39093,0.010003,0.010003,0.195708,0.393357,0.050629,0.949371,0.124607,0.12657
3527,30,0.391111,0.009997,0.009997,0.195652,0.393243,0.05055,0.94945,0.115952,0.116178
3528,30,0.390701,0.010001,0.010001,0.195673,0.393624,0.050263,0.949737,0.11443,0.115685
3529,38,0.390896,0.010137,0.010282,0.19547,0.393215,0.050103,0.949897,0.112314,0.112926
3530,30,0.391139,0.010003,0.010003,0.195527,0.393328,0.050354,0.949646,0.113347,0.111859
3531,24,0.391279,0.009998,0.009998,0.195484,0.393242,0.05,0.95,0.114484,0.117
3532,30,0.391643,0.009994,0.009994,0.195365,0.393004,0.050295,0.949705,0.0959,0.09421
3533,30,0.391322,0.010229,0.010001,0.195392,0.393056,0.050083,0.949917,0.123183,0.124045
3534,24,0.391327,0.01,0.01,0.195394,0.393279,0.051281,0.948719,0.111822,0.105568
3535,24,0.391327,0.01,0.01,0.195394,0.393279,0.051541,0.948459,0.121689,0.120165
3536,30,0.391076,0.010004,0.010004,0.195475,0.393441,0.051609,0.948391,0.129915,0.129362
3537,24,0.391133,0.009992,0.009992,0.19532,0.393563,0.05149,0.94851,0.109846,0.110234
3538,24,0.39206,0.009985,0.009985,0.195018,0.392954,0.05148,0.94852,0.093304,0.093106
3539,24,0.392185,0.009997,0.009997,0.194968,0.392852,0.050878,0.949122,0.11455,0.117433
3540,26,0.392207,0.009996,0.009996,0.194895,0.392905,0.050922,0.949078,0.111219,0.110831
3541,32,0.392743,0.009991,0.009991,0.19472,0.392555,0.051367,0.948633,0.090083,0.087596
3542,24,0.392872,0.009998,0.009998,0.194673,0.392459,0.051061,0.948939,0.11457,0.115927
3543,32,0.392992,0.009998,0.009998,0.194633,0.392379,0.05162,0.94838,0.118413,0.115359
3544,32,0.392901,0.009999,0.009999,0.194607,0.392495,0.051656,0.948344,0.118811,0.118444
3545,24,0.392591,0.010069,0.010004,0.194685,0.392651,0.051042,0.948958,0.128274,0.131249
3546,30,0.392531,0.009999,0.009999,0.194666,0.392805,0.050746,0.949254,0.116897,0.118215
3547,24,0.39253,0.01,0.01,0.194666,0.392804,0.052013,0.947987,0.115533,0.108827
3548,24,0.392469,0.010001,0.010001,0.194685,0.392843,0.051627,0.948373,0.125196,0.127006
3549,30,0.392771,0.009995,0.009995,0.19459,0.39265,0.051981,0.948019,0.104011,0.101911
3550,30,0.392925,0.009994,0.009994,0.194481,0.392605,0.052803,0.947197,0.101844,0.097336
3551,32,0.392598,0.009998,0.010463,0.194434,0.392508,0.053091,0.946909,0.129609,0.127878
3552,28,0.392522,0.010009,0.010009,0.194605,0.392855,0.052514,0.947486,0.128838,0.131728
3553,30,0.392695,0.009997,0.009997,0.194555,0.392755,0.052665,0.947335,0.106708,0.105659
3554,26,0.392484,0.01,0.01,0.194557,0.392959,0.052299,0.947701,0.119145,0.120882
3555,24,0.392115,0.010002,0.010002,0.194606,0.393274,0.051769,0.948231,0.122641,0.125229
3556,24,0.392755,0.00999,0.00999,0.194403,0.392863,0.052774,0.947226,0.09747,0.092019
3557,26,0.392747,0.01,0.01,0.194399,0.392855,0.052862,0.947138,0.116641,0.115993
3558,24,0.392539,0.01,0.01,0.194396,0.393066,0.051832,0.948168,0.129297,0.134518
3559,26,0.392736,0.009997,0.009997,0.194333,0.392938,0.051404,0.948596,0.117186,0.119203
3560,24,0.392697,0.01009,0.009999,0.194314,0.3929,0.050573,0.949427,0.129874,0.133947
3561,32,0.392589,0.009998,0.009998,0.194276,0.393139,0.051121,0.948879,0.101801,0.098845
3562,24,0.392304,0.010005,0.010005,0.194366,0.393321,0.050643,0.949357,0.126272,0.128524
3563,24,0.392155,0.010003,0.010003,0.194416,0.393423,0.05,0.95,0.124755,0.12789
3564,30,0.392215,0.010231,0.009995,0.194324,0.393236,0.05,0.95,0.126727,0.127896
3565,24,0.392512,0.009995,0.009995,0.194231,0.393266,0.05,0.95,0.107534,0.110805
3566,32,0.392338,0.009997,0.009997,0.194183,0.393484,0.05027,0.94973,0.118007,0.116479
3567,26,0.391851,0.010005,0.010005,0.194273,0.393867,0.05,0.95,0.12557,0.128567
3568,24,0.391907,0.009996,0.009996,0.194189,0.393913,0.05,0.95,0.110825,0.113439
3569,24,0.392127,0.009996,0.009996,0.194116,0.393765,0.050194,0.949806,0.117054,0.115904
3570,36,0.391973,0.009998,0.009998,0.194076,0.393956,0.050786,0.949214,0.109373,0.106229
3571,30,0.39167,0.010002,0.010002,0.19411,0.394217,0.050647,0.949353,0.126694,0.127238
3572,26,0.391786,0.009998,0.009998,0.194074,0.394144,0.050261,0.949739,0.118173,0.119941
3573,26,0.391653,0.010002,0.010002,0.194115,0.394227,0.05,0.95,0.128226,0.130535
3574,30,0.391483,0.01,0.01,0.194111,0.394407,0.05,0.95,0.118864,0.119503
3575,26,0.391075,0.010007,0.010007,0.19424,0.394671,0.05,0.95,0.125148,0.12705
3576,32,0.391034,0.010001,0.010001,0.194258,0.394706,0.050401,0.949599,0.121686,0.119509
3577,38,0.390924,0.009997,0.009997,0.194203,0.394879,0.050572,0.949428,0.125942,0.124891
3578,24,0.390922,0.01,0.01,0.194202,0.394877,0.051466,0.948534,0.121692,0.116913
3579,32,0.390992,0.009999,0.009999,0.194179,0.394831,0.051494,0.948506,0.11434,0.113994
3580,24,0.391542,0.009991,0.009991,0.194003,0.394473,0.052497,0.947503,0.096411,0.090983
3581,26,0.391404,0.010002,0.010002,0.194041,0.394551,0.052442,0.947558,0.128296,0.128412
3582,24,0.39132,0.009998,0.009998,0.194,0.394684,0.053615,0.946385,0.109752,0.103328
3583,30,0.391244,0.009998,0.009998,0.193962,0.394797,0.053817,0.946183,0.116439,0.115129
3584,24,0.391165,0.010001,0.010001,0.193987,0.394846,0.053331,0.946669,0.124979,0.127355
3585,32,0.391683,0.009992,0.009992,0.193822,0.394512,0.053564,0.946436,0.102373,0.100946
3586,26,0.391467,0.01,0.01,0.193822,0.394711,0.053116,0.946884,0.124874,0.12709
3587,26,0.391586,0.009995,0.009995,0.19372,0.394704,0.052718,0.947282,0.113817,0.115718
3588,26,0.3919,0.009995,0.009995,0.193617,0.394494,0.05232,0.94768,0.113779,0.115675
3589,26,0.391765,0.010002,0.010002,0.193656,0.394574,0.05223,0.94777,0.128306,0.128609
3590,26,0.391403,0.010003,0.010003,0.193709,0.394882,0.051334,0.948666,0.127843,0.132329
3591,36,0.391405,0.01,0.01,0.19371,0.394884,0.051206,0.948794,0.124795,0.12528
3592,24,0.391036,0.010002,0.010002,0.193759,0.3952,0.050825,0.949175,0.124697,0.126469
3593,24,0.390892,0.009999,0.009999,0.193737,0.395373,0.050581,0.949419,0.119497,0.12056
3594,24,0.390817,0.009998,0.009998,0.193691,0.395496,0.050473,0.949527,0.120309,0.120647
3595,32,0.390975,0.009997,0.009997,0.19364,0.395391,0.05038,0.94962,0.107771,0.108007
3596,24,0.390888,0.009998,0.009998,0.193597,0.39552,0.051222,0.948778,0.117969,0.113469
3597,30,0.390304,0.010731,0.009995,0.193492,0.395479,0.051155,0.948845,0.136732,0.136861
3598,24,0.389966,0.011087,0.010485,0.193325,0.395137,0.050397,0.949603,0.129794,0.133469
3599,30,0.390415,0.010004,0.010549,0.193401,0.395631,0.051263,0.948737,0.107007,0.102464
3600,24,0.390346,0.01001,0.01001,0.193599,0.396035,0.050934,0.949066,0.128423,0.129932
3601,30,0.390459,0.009995,0.009995,0.193509,0.396041,0.05078,0.94922,0.112865,0.113444
3602,26,0.390245,0.010156,0.010046,0.19351,0.396043,0.050276,0.949724,0.128137,0.13052
3603,30,0.390097,0.010006,0.010006,0.193621,0.396271,0.0504,0.9496,0.130009,0.129218
3604,26,0.390191,0.009994,0.010272,0.193507,0.396036,0.05,0.95,0.117145,0.119402
3605,24,0.389517,0.010959,0.010293,0.193404,0.395826,0.05,0.95,0.134369,0.13844
3606,24,0.389631,0.010247,0.010015,0.193692,0.396416,0.05,0.95,0.13457,0.137335
3607,30,0.389733,0.010003,0.010003,0.193743,0.396519,0.050417,0.949583,0.11957,0.117262
3608,26,0.389578,0.009999,0.009999,0.19373,0.396693,0.05,0.95,0.12029,0.124446
3609,30,0.389578,0.01,0.01,0.19373,0.396693,0.050481,0.949519,0.119542,0.116943
3610,32,0.389391,0.010475,0.009995,0.193636,0.396502,0.050357,0.949643,0.12052,0.120965
3611,24,0.389035,0.010581,0.010591,0.193523,0.39627,0.050177,0.949823,0.124934,0.125624
3612,32,0.389966,0.010004,0.010004,0.193599,0.396426,0.050632,0.949368,0.094186,0.091673
3613,30,0.389413,0.010839,0.009995,0.19351,0.396243,0.050152,0.949848,0.129758,0.131981
3614,34,0.389649,0.01001,0.01001,0.1937,0.396632,0.050046,0.949954,0.124766,0.125126
3615,24,0.388875,0.011061,0.010905,0.193315,0.395844,0.05,0.95,0.12973,0.13028
3616,24,0.389434,0.01004,0.01015,0.193643,0.396733,0.05,0.95,0.12778,0.131481
3617,28,0.389099,0.010393,0.010002,0.193686,0.39682,0.05,0.95,0.128717,0.131602
3618,32,0.389398,0.010002,0.010002,0.193716,0.396883,0.05003,0.94997,0.109228,0.108885
3619,24,0.389163,0.01,0.01,0.193723,0.397113,0.05,0.95,0.120951,0.124087
3620,26,0.389283,0.009995,0.009995,0.193622,0.397106,0.05,0.95,0.113833,0.115877
3621,24,0.389503,0.009996,0.009996,0.193549,0.396956,0.050142,0.949858,0.117195,0.116306
3622,36,0.389224,0.009993,0.010702,0.19341,0.396671,0.050428,0.949572,0.128815,0.12722
3623,24,0.389495,0.010007,0.010007,0.193544,0.396947,0.051696,0.948304,0.115518,0.108863
3624,36,0.389347,0.01,0.01,0.193548,0.397105,0.051902,0.948098,0.120385,0.119111
3625,26,0.389215,0.010002,0.010002,0.19359,0.39719,0.051496,0.948504,0.128278,0.130221
3626,38,0.389106,0.009997,0.009997,0.193536,0.397364,0.051454,0.948546,0.11804,0.118049
3627,36,0.388903,0.009999,0.009999,0.193512,0.397587,0.051424,0.948576,0.124997,0.124962
3628,26,0.38885,0.009994,0.009994,0.193401,0.39776,0.051653,0.948347,0.107766,0.106406
3629,32,0.388713,0.009999,0.009999,0.193388,0.397901,0.05157,0.94843,0.126066,0.126251
3630,30,0.388417,0.010002,0.010002,0.193426,0.398153,0.051259,0.948741,0.126877,0.128267
3631,24,0.388643,0.009996,0.009996,0.193356,0.398008,0.052347,0.947653,0.111016,0.105217
3632,24,0.388187,0.01,0.01,0.193361,0.398452,0.052266,0.947734,0.127034,0.127271
3633,26,0.38834,0.009996,0.010114,0.193275,0.398275,0.051779,0.948221,0.11721,0.119537
3634,24,0.388723,0.009992,0.009992,0.19312,0.398173,0.05118,0.94882,0.106252,0.109121
3635,30,0.388402,0.009999,0.009999,0.19311,0.398489,0.051171,0.948829,0.120782,0.120649
3636,24,0.388626,0.009996,0.009996,0.193039,0.398343,0.051419,0.948581,0.117172,0.115718
3637,30,0.388242,0.01,0.010056,0.193034,0.398668,0.051472,0.948528,0.120803,0.120354
3638,26,0.388055,0.010001,0.010001,0.193047,0.398897,0.051378,0.948622,0.124761,0.125068
3639,32,0.388155,0.009995,0.009995,0.19296,0.398894,0.05167,0.94833,0.11427,0.112593
3640,24,0.388743,0.00999,0.00999,0.192772,0.398505,0.051014,0.948986,0.100759,0.103869
3641,24,0.389256,0.009991,0.009991,0.192604,0.398158,0.050944,0.949056,0.106862,0.106983
3642,24,0.389672,0.009993,0.009993,0.192467,0.397875,0.050332,0.949668,0.110011,0.112903
3643,26,0.389535,0.010002,0.010002,0.192506,0.397955,0.050157,0.949843,0.122429,0.123136
3644,30,0.389536,0.01,0.01,0.192507,0.397957,0.05,0.95,0.115989,0.117985
3645,26,0.389639,0.009998,0.009998,0.192474,0.39789,0.050198,0.949802,0.114453,0.113292
3646,30,0.389794,0.009996,0.010055,0.192406,0.397749,0.051192,0.948808,0.116042,0.110865
3647,24,0.390334,0.009992,0.009992,0.192252,0.39743,0.051417,0.948583,0.10671,0.10534
3648,32,0.390327,0.01,0.01,0.192249,0.397424,0.052112,0.947888,0.115896,0.112122
3649,24,0.390465,0.009998,0.009998,0.192205,0.397334,0.051562,0.948438,0.114462,0.117065
3650,36,0.390786,0.009995,0.009995,0.192103,0.397122,0.051613,0.948387,0.110757,0.110254
3651,30,0.390961,0.009997,0.009997,0.192044,0.397001,0.051937,0.948063,0.115982,0.114097
3652,26,0.390823,0.009999,0.009999,0.192023,0.397156,0.051315,0.948685,0.12406,0.127069
3653,24,0.390823,0.01,0.01,0.192022,0.397155,0.05256,0.94744,0.113446,0.106782
3654,24,0.390478,0.010789,0.010074,0.191853,0.396806,0.051786,0.948214,0.129781,0.133642
3655,30,0.390588,0.010012,0.010012,0.192091,0.397297,0.051634,0.948366,0.123397,0.123944
3656,32,0.390319,0.010002,0.010002,0.19213,0.397547,0.051616,0.948384,0.123615,0.123513
3657,24,0.39032,0.01,0.01,0.192131,0.397549,0.05125,0.94875,0.129955,0.131669
3658,32,0.389972,0.01,0.01,0.192131,0.397897,0.051299,0.948701,0.13462,0.13417
3659,32,0.38983,0.010002,0.010002,0.192176,0.397989,0.05127,0.94873,0.12043,0.12037
3660,24,0.389748,0.009998,0.009998,0.192135,0.398121,0.052315,0.947685,0.1097,0.104125
3661,36,0.389483,0.009997,0.009997,0.192081,0.398441,0.052705,0.947295,0.121166,0.118899
3662,32,0.389435,0.010001,0.010001,0.192095,0.398469,0.052956,0.947044,0.111048,0.109531
3663,26,0.389304,0.010002,0.010002,0.192136,0.398555,0.052927,0.947073,0.128221,0.128193
3664,26,0.389235,0.010001,0.010001,0.19216,0.398603,0.052834,0.947166,0.120877,0.1212
3665,26,0.38875,0.010005,0.010005,0.19225,0.398991,0.052432,0.947568,0.121744,0.123686
3666,26,0.388951,0.009997,0.009997,0.19219,0.398865,0.052148,0.947852,0.113461,0.11476
3667,24,0.388304,0.010133,0.010566,0.1921,0.398896,0.052004,0.947996,0.13069,0.131234
3668,24,0.388291,0.010012,0.010012,0.192324,0.399362,0.05156,0.94844,0.126317,0.128438
3669,26,0.387939,0.010443,0.009999,0.192303,0.399317,0.051226,0.948774,0.129495,0.131053
3670,30,0.387751,0.010219,0.010007,0.192434,0.399589,0.050875,0.949125,0.130004,0.131599
3671,26,0.387392,0.010105,0.010008,0.192587,0.399908,0.050118,0.949882,0.134573,0.138238
3672,30,0.387436,0.010001,0.010001,0.192609,0.399953,0.05,0.95,0.115975,0.117974
3673,32,0.386959,0.009998,0.009998,0.192564,0.400482,0.05,0.95,0.125133,0.126013
3674,30,0.386958,0.009994,0.009994,0.192457,0.400596,0.050255,0.949745,0.107131,0.105646
3675,30,0.386955,0.009994,0.009994,0.192349,0.400707,0.050197,0.949803,0.100613,0.100704
3676,24,0.38652,0.010003,0.010003,0.192414,0.401059,0.05,0.95,0.123984,0.126106
3677,30,0.386183,0.01,0.01,0.192416,0.4014,0.05,0.95,0.120836,0.121898
3678,30,0.38621,0.01,0.01,0.192408,0.401383,0.050202,0.949798,0.103521,0.102259
3679,24,0.386176,0.009997,0.009997,0.19235,0.401479,0.05,0.95,0.111857,0.113404
3680,24,0.385804,0.010002,0.010002,0.192397,0.401794,0.05,0.95,0.124628,0.12746
3681,26,0.385674,0.010002,0.010002,0.19244,0.401882,0.05,0.95,0.128209,0.130361
3682,30,0.38582,0.009996,0.010091,0.192365,0.401727,0.050177,0.949823,0.125911,0.124849
3683,24,0.386287,0.009994,0.009994,0.192246,0.401479,0.050373,0.949627,0.107733,0.106531
3684,24,0.386172,0.009988,0.010812,0.192021,0.401008,0.05,0.95,0.120351,0.124085
3685,24,0.386424,0.010006,0.010185,0.192136,0.401249,0.05,0.95,0.124149,0.126519
3686,26,0.386584,0.009996,0.010288,0.192054,0.401078,0.05,0.95,0.117181,0.11932
3687,24,0.386408,0.010007,0.010007,0.192198,0.401379,0.05,0.95,0.128242,0.131509
3688,24,0.385983,0.010004,0.010004,0.192269,0.401742,0.05,0.95,0.12601,0.128517
3689,32,0.385864,0.009997,0.009997,0.192209,0.401933,0.050285,0.949715,0.116845,0.115237
3690,26,0.385575,0.009998,0.009998,0.192173,0.402256,0.05,0.95,0.121399,0.123395
3691,30,0.385533,0.010001,0.010001,0.192184,0.402281,0.05,0.95,0.130776,0.131729
3692,24,0.385248,0.010005,0.010005,0.192274,0.402469,0.05,0.95,0.134528,0.138113
3693,24,0.385036,0.010004,0.010004,0.192343,0.402614,0.05,0.95,0.132337,0.135925
3694,32,0.385038,0.01,0.01,0.192345,0.402617,0.050643,0.949357,0.109965,0.106544
3695,32,0.385336,0.00999,0.00999,0.192153,0.40253,0.050346,0.949654,0.103291,0.104606
3696,30,0.38515,0.009997,0.009997,0.1921,0.402755,0.050702,0.949298,0.110756,0.108726
3697,30,0.384824,0.010001,0.010059,0.192123,0.402993,0.050721,0.949279,0.136514,0.13622
3698,24,0.385206,0.009995,0.009995,0.192022,0.402782,0.051832,0.948168,0.107311,0.101425
3699,26,0.38507,0.010002,0.010002,0.192061,0.402865,0.051336,0.948664,0.128217,0.130613
3700,30,0.384776,0.010002,0.010002,0.1921,0.40312,0.051397,0.948603,0.126955,0.126458
3701,24,0.384429,0.010006,0.010006,0.19221,0.40335,0.050948,0.949052,0.135967,0.138076
3702,32,0.384074,0.010001,0.010001,0.192226,0.403699,0.050767,0.949233,0.11567,0.116404
3703,30,0.383975,0.010002,0.010002,0.192257,0.403764,0.050855,0.949145,0.121951,0.121304
3704,30,0.384167,0.009997,0.009997,0.192198,0.403641,0.050938,0.949062,0.10402,0.103359
3705,24,0.383794,0.010002,0.010002,0.192245,0.403956,0.050683,0.949317,0.124498,0.125621
3706,24,0.384219,0.009993,0.009993,0.192114,0.40368,0.051778,0.948222,0.102167,0.096355
3707,24,0.383844,0.010002,0.010002,0.192159,0.403992,0.051381,0.948619,0.124603,0.126469
3708,24,0.383304,0.010504,0.010001,0.192172,0.404019,0.05053,0.94947,0.135896,0.140093
3709,30,0.383217,0.010139,0.010007,0.192316,0.404321,0.050325,0.949675,0.129865,0.130718
3710,30,0.383044,0.010005,0.010005,0.192415,0.40453,0.050768,0.949232,0.129882,0.127464
3711,24,0.383275,0.009996,0.009996,0.192347,0.404386,0.050708,0.949292,0.117242,0.11735
3712,30,0.383199,0.009998,0.009998,0.192309,0.404496,0.050745,0.949255,0.116456,0.116072
3713,32,0.383198,0.01,0.01,0.192308,0.404494,0.05082,0.94918,0.115966,0.115377
3714,26,0.383498,0.009995,0.009995,0.192214,0.404298,0.050803,0.949197,0.114209,0.114123
3715,32,0.383659,0.009997,0.009997,0.192161,0.404186,0.05112,0.94888,0.109203,0.107406
3716,30,0.383739,0.009999,0.009999,0.192135,0.404129,0.051157,0.948843,0.11179,0.111381
3717,30,0.383508,0.010004,0.010004,0.192206,0.404279,0.051382,0.948618,0.129832,0.128499
3718,36,0.383822,0.009993,0.009993,0.192063,0.404129,0.052016,0.947984,0.096111,0.092605
3719,24,0.38353,0.010005,0.010005,0.19215,0.404311,0.051612,0.948388,0.126283,0.128201
3720,24,0.383471,0.010001,0.010001,0.192171,0.404356,0.051069,0.948931,0.125202,0.127811
3721,26,0.38334,0.010002,0.010002,0.192213,0.404443,0.050776,0.949224,0.122528,0.123858
3722,24,0.382988,0.010176,0.010003,0.19227,0.404563,0.050191,0.949809,0.134415,0.137204
3723,24,0.382686,0.010004,0.010004,0.192352,0.404953,0.050163,0.949837,0.124569,0.124539
3724,32,0.383238,0.009991,0.009991,0.192183,0.404597,0.05,0.95,0.089761,0.090894
3725,24,0.383458,0.009996,0.009996,0.192109,0.404441,0.051125,0.948875,0.108985,0.103118
3726,32,0.383409,0.010001,0.010001,0.192122,0.404468,0.051106,0.948894,0.121713,0.121629
3727,26,0.383514,0.009998,0.009998,0.192089,0.4044,0.051292,0.948708,0.11445,0.113328
3728,24,0.383656,0.009994,0.009994,0.191976,0.404379,0.052315,0.947685,0.107278,0.101825
3729,24,0.38331,0.010146,0.010003,0.192036,0.404505,0.051891,0.948109,0.128163,0.130174
3730,32,0.383532,0.009999,0.009999,0.192013,0.404457,0.051676,0.948324,0.109097,0.110028
3731,30,0.383601,0.009997,0.010092,0.191961,0.404348,0.05244,0.94756,0.116501,0.112346
3732,30,0.383296,0.010001,0.010001,0.19198,0.404722,0.052235,0.947765,0.120785,0.121637
3733,32,0.383474,0.009992,0.009992,0.19183,0.404712,0.052069,0.947931,0.101139,0.101758
3734,26,0.383391,0.009998,0.009998,0.191788,0.404825,0.051548,0.948452,0.11311,0.115618
3735,24,0.38339,0.01,0.01,0.191788,0.404823,0.050962,0.949038,0.123816,0.126652
3736,32,0.383513,0.009998,0.009998,0.191749,0.404742,0.051096,0.948904,0.118486,0.117629
3737,32,0.383513,0.009998,0.010126,0.191708,0.404656,0.052053,0.947947,0.109863,0.104788
3738,24,0.383777,0.009994,0.009994,0.191597,0.404637,0.051286,0.948714,0.115903,0.119668
3739,24,0.384073,0.009995,0.009995,0.191502,0.404436,0.050331,0.949669,0.119654,0.124313
3740,26,0.38386,0.01,0.01,0.191503,0.404638,0.05,0.95,0.121047,0.12337
3741,24,0.38349,0.010002,0.010002,0.19155,0.404955,0.05,0.95,0.130698,0.134295
3742,38,0.382972,0.010337,0.010003,0.191609,0.405079,0.05,0.95,0.131512,0.1318
3743,30,0.383369,0.009996,0.009996,0.191532,0.405107,0.050274,0.949726,0.112368,0.110799
3744,30,0.383266,0.010002,0.010002,0.191562,0.405169,0.050897,0.949103,0.121903,0.118551
3745,30,0.383038,0.010004,0.010004,0.191634,0.405321,0.051002,0.948998,0.129807,0.129037
3746,24,0.383102,0.009992,0.009992,0.191482,0.405432,0.050869,0.949131,0.109826,0.110316
3747,30,0.383211,0.009995,0.010168,0.191389,0.405237,0.051332,0.948668,0.115964,0.11343
3748,30,0.383332,0.010001,0.010001,0.191403,0.405265,0.051539,0.948461,0.11186,0.110607
3749,26,0.383123,0.01,0.01,0.191406,0.405471,0.051063,0.948937,0.124736,0.127012
3750,34,0.382969,0.01,0.01,0.191402,0.40563,0.051258,0.948742,0.113166,0.11199
3751,26,0.383066,0.009994,0.010267,0.191287,0.405386,0.051395,0.948605,0.117236,0.116327
3752,26,0.383166,0.010003,0.010003,0.191337,0.405492,0.051036,0.948964,0.120506,0.122186
3753,24,0.383182,0.01,0.01,0.191333,0.405485,0.050445,0.949555,0.115951,0.118749
3754,32,0.382971,0.010001,0.010001,0.191343,0.405685,0.050636,0.949364,0.126695,0.125543
3755,24,0.382456,0.010001,0.010001,0.191369,0.406172,0.050106,0.949894,0.120272,0.122772
3756,26,0.382897,0.009993,0.009993,0.191233,0.405884,0.050147,0.949853,0.103769,0.103356
3757,36,0.382631,0.009997,0.009997,0.191178,0.406197,0.050787,0.949213,0.112845,0.109433
3758,26,0.38242,0.01,0.01,0.19118,0.4064,0.050915,0.949085,0.124786,0.123972
3759,32,0.382277,0.010002,0.010002,0.191224,0.406494,0.051086,0.948914,0.115771,0.114707
3760,30,0.381872,0.010001,0.010001,0.191247,0.406879,0.050853,0.949147,0.130833,0.131823
3761,24,0.381569,0.010001,0.010001,0.191274,0.407154,0.050815,0.949185,0.122706,0.122717
3762,24,0.381138,0.010004,0.010004,0.191342,0.407514,0.050397,0.949603,0.123981,0.12593
3763,30,0.381041,0.010002,0.010002,0.191374,0.407582,0.050743,0.949257,0.115521,0.11358
3764,38,0.380843,0.009999,0.009999,0.191348,0.407811,0.051111,0.948889,0.127217,0.125151
3765,26,0.381102,0.009993,0.009993,0.191206,0.407707,0.050446,0.949554,0.111734,0.114913
3766,30,0.381179,0.009999,0.009999,0.191177,0.407647,0.050819,0.949181,0.116673,0.114583
3767,32,0.381349,0.009997,0.009997,0.191124,0.407533,0.050721,0.949279,0.112765,0.113092
3768,30,0.381529,0.009997,0.009997,0.191067,0.407411,0.051457,0.948543,0.116118,0.112178
3769,32,0.381392,0.009998,0.010229,0.191036,0.407345,0.051877,0.948123,0.12627,0.1239
3770,30,0.381379,0.010004,0.010004,0.19111,0.407503,0.052632,0.947368,0.12204,0.117883
3771,26,0.381382,0.01,0.01,0.191111,0.407506,0.052719,0.947281,0.116651,0.116012
3772,36,0.381401,0.009997,0.009997,0.191059,0.407545,0.053305,0.946695,0.110493,0.107198
3773,32,0.381399,0.01,0.01,0.191058,0.407543,0.053843,0.946157,0.111297,0.108224
3774,30,0.381149,0.010003,0.010055,0.19112,0.407673,0.054298,0.945702,0.129778,0.127096
3775,30,0.380471,0.010475,0.010744,0.190966,0.407345,0.054591,0.945409,0.129652,0.127858
3776,30,0.381117,0.010009,0.010009,0.191142,0.407722,0.05445,0.94555,0.116049,0.116583
3777,32,0.381199,0.009996,0.009996,0.191068,0.407741,0.054228,0.945772,0.106213,0.107224
3778,30,0.3809,0.010002,0.010002,0.191104,0.407992,0.053781,0.946219,0.126799,0.128987
3779,30,0.38103,0.009998,0.009998,0.191065,0.407908,0.053893,0.946107,0.101094,0.100212
3780,32,0.381363,0.009995,0.009995,0.190961,0.407687,0.054845,0.945155,0.094123,0.088749
3781,36,0.381131,0.009998,0.010186,0.190923,0.407762,0.05544,0.94456,0.120777,0.117293
3782,36,0.381201,0.010002,0.010002,0.190958,0.407837,0.05543,0.94457,0.124755,0.12457
3783,24,0.380832,0.010003,0.010003,0.191006,0.408157,0.055268,0.944732,0.130701,0.131389
3784,32,0.380571,0.009999,0.009999,0.190991,0.40844,0.055839,0.944161,0.107349,0.103963
3785,26,0.380437,0.010002,0.010002,0.191032,0.408527,0.055692,0.944308,0.12247,0.123083
3786,24,0.380069,0.010003,0.010003,0.19108,0.408846,0.054966,0.945034,0.12244,0.126259
3787,30,0.380288,0.009993,0.009993,0.190956,0.40877,0.055254,0.944746,0.109857,0.108026
3788,26,0.380388,0.009998,0.009998,0.190921,0.408695,0.055531,0.944469,0.114658,0.112942
3789,30,0.380809,0.009993,0.009993,0.19079,0.408415,0.056085,0.943915,0.10017,0.096849
3790,24,0.380968,0.009997,0.009997,0.190737,0.408301,0.056189,0.943811,0.118739,0.11795
3791,32,0.381161,0.009994,0.009994,0.190624,0.408227,0.05601,0.94399,0.105633,0.106351
3792,24,0.380786,0.010002,0.010002,0.190669,0.408541,0.055699,0.944301,0.124572,0.126111
3793,30,0.380341,0.010569,0.010589,0.190443,0.408057,0.055663,0.944337,0.125766,0.125665
3794,30,0.380683,0.010013,0.010013,0.190695,0.408596,0.055892,0.944108,0.122067,0.120527
3795,32,0.380796,0.009996,0.009996,0.190613,0.408599,0.055458,0.944542,0.118952,0.121138
3796,32,0.380725,0.009998,0.009998,0.190578,0.408701,0.055453,0.944547,0.106846,0.10666
3797,32,0.380752,0.01,0.01,0.190568,0.408681,0.055687,0.944313,0.12644,0.1249
3798,30,0.381227,0.009992,0.009992,0.190422,0.408367,0.0557,0.9443,0.103185,0.102828
3799,32,0.381175,0.010001,0.010001,0.190433,0.408391,0.055941,0.944059,0.110914,0.109342
3800,34,0.381085,0.010001,0.010001,0.190461,0.408451,0.055849,0.944151,0.124702,0.125008
3801,26,0.380877,0.01,0.01,0.190465,0.408658,0.055355,0.944645,0.12473,0.127277
3802,26,0.380744,0.010002,0.010002,0.190506,0.408746,0.054881,0.945119,0.128169,0.130597
3803,32,0.38053,0.010004,0.010004,0.190573,0.408891,0.05471,0.94529,0.124065,0.124808
3804,32,0.380486,0.010001,0.010001,0.190589,0.408924,0.055173,0.944827,0.126437,0.123658
3805,26,0.380277,0.01,0.01,0.190592,0.409131,0.055112,0.944888,0.124701,0.124829
3806,30,0.380099,0.010001,0.010145,0.190602,0.409153,0.054795,0.945205,0.126812,0.128316
3807,32,0.380009,0.009999,0.009999,0.190581,0.409412,0.054567,0.945433,0.119942,0.120932
3808,24,0.379638,0.010002,0.010002,0.190628,0.40973,0.054123,0.945877,0.124465,0.126662
3809,24,0.379351,0.010005,0.010005,0.190717,0.409922,0.053474,0.946526,0.126198,0.129504
3810,32,0.379444,0.009994,0.009994,0.190595,0.409974,0.053398,0.946602,0.106763,0.106987
3811,26,0.379643,0.009997,0.009997,0.19053,0.409834,0.052904,0.947096,0.117242,0.11968
3812,30,0.379343,0.010002,0.010002,0.190567,0.410086,0.053159,0.946841,0.120158,0.118617
3813,32,0.379578,0.009994,0.009994,0.190444,0.409991,0.053233,0.946767,0.10521,0.104585
3814,26,0.379497,0.010001,0.010001,0.190465,0.410036,0.052827,0.947173,0.114139,0.116063
3815,26,0.379085,0.010007,0.010007,0.190592,0.41031,0.05235,0.94765,0.124982,0.127305
3816,24,0.378801,0.010005,0.010005,0.190683,0.410506,0.05139,0.94861,0.134508,0.139327
3817,32,0.378521,0.010002,0.010002,0.190718,0.410758,0.051116,0.948884,0.127157,0.12839
3818,24,0.378835,0.009995,0.009995,0.190622,0.410552,0.050498,0.949502,0.110655,0.113573
3819,26,0.378756,0.009998,0.009998,0.190582,0.410666,0.05,0.95,0.117011,0.119671
3820,24,0.378384,0.010002,0.010002,0.190629,0.410983,0.05,0.95,0.124473,0.125348
3821,36,0.378396,0.009996,0.009996,0.190544,0.41107,0.05008,0.94992,0.112073,0.11145
3822,24,0.378021,0.010002,0.010002,0.190589,0.411385,0.05,0.95,0.124441,0.126265
3823,30,0.378036,0.01,0.01,0.190586,0.411378,0.05,0.95,0.120138,0.120619
3824,26,0.378636,0.00999,0.00999,0.190402,0.410981,0.05,0.95,0.105133,0.107098
3825,24,0.378458,0.010285,0.009998,0.190363,0.410896,0.05,0.95,0.125105,0.127525
3826,26,0.37848,0.010001,0.010001,0.190382,0.411136,0.05,0.95,0.117628,0.119978
3827,30,0.378205,0.009999,0.009999,0.190364,0.411433,0.050186,0.949814,0.106506,0.105369
3828,24,0.378778,0.009991,0.009991,0.190188,0.411053,0.05,0.95,0.101425,0.104072
3829,24,0.378999,0.009996,0.009996,0.190114,0.410894,0.05,0.95,0.117335,0.117716
3830,30,0.378996,0.01,0.01,0.190113,0.410891,0.050397,0.949603,0.119669,0.117442
3831,24,0.378996,0.01,0.01,0.190113,0.410891,0.05131,0.94869,0.121691,0.11683
3832,26,0.378845,0.009999,0.009999,0.190098,0.411059,0.050497,0.949503,0.120179,0.124136
3833,24,0.378556,0.010005,0.010005,0.190186,0.411249,0.05,0.95,0.128309,0.130661
3834,26,0.37855,0.01,0.01,0.190191,0.411259,0.05,0.95,0.11906,0.119828
3835,24,0.378468,0.009998,0.009998,0.19015,0.411387,0.05,0.95,0.117889,0.120401
3836,32,0.37866,0.009996,0.010071,0.190066,0.411207,0.050924,0.949076,0.106539,0.101745
3837,24,0.378204,0.010143,0.010148,0.190071,0.411433,0.05077,0.94923,0.130599,0.131206
3838,32,0.378098,0.010052,0.010833,0.189917,0.411099,0.051281,0.948719,0.122924,0.120165
3839,24,0.378388,0.010057,0.010856,0.189817,0.410882,0.050507,0.949493,0.119533,0.123258
3840,32,0.378076,0.010021,0.011579,0.189698,0.410625,0.051024,0.948976,0.126235,0.123438
3841,26,0.378538,0.010012,0.010395,0.189929,0.411126,0.050694,0.949306,0.120423,0.121934
3842,36,0.378432,0.010001,0.010283,0.189954,0.411329,0.050755,0.949245,0.128544,0.128042
3843,30,0.378368,0.010003,0.010003,0.190003,0.411624,0.051297,0.948703,0.112237,0.10929
3844,30,0.378617,0.009996,0.009996,0.189928,0.411463,0.051377,0.948623,0.106872,0.106223
3845,26,0.378049,0.010003,0.010003,0.189977,0.411969,0.050591,0.949409,0.127584,0.131441
3846,26,0.377918,0.010002,0.010002,0.190019,0.412059,0.050334,0.949666,0.124461,0.125599
3847,24,0.377919,0.01,0.01,0.19002,0.412061,0.051581,0.948419,0.113441,0.106897
3848,36,0.378121,0.009997,0.009997,0.189958,0.411927,0.051481,0.948519,0.111802,0.112089
3849,24,0.377767,0.010006,0.010006,0.190064,0.412158,0.050758,0.949242,0.135951,0.139503
3850,26,0.377437,0.010472,0.010054,0.190006,0.412032,0.050279,0.949721,0.128073,0.130331
3851,24,0.377859,0.009998,0.009998,0.189972,0.412173,0.05,0.95,0.107588,0.109492
3852,24,0.377486,0.010002,0.010002,0.190018,0.41249,0.05,0.95,0.124571,0.127852
3853,24,0.377117,0.010003,0.010003,0.190066,0.412811,0.05,0.95,0.124513,0.124968
3854,24,0.377135,0.01,0.01,0.190063,0.412803,0.05,0.95,0.115954,0.116823
3855,36,0.37685,0.01,0.01,0.190064,0.413086,0.05,0.95,0.119945,0.121593
3856,32,0.376879,0.01,0.01,0.190055,0.413067,0.050194,0.949806,0.126362,0.125203
3857,32,0.376879,0.01,0.01,0.190055,0.413066,0.050189,0.949811,0.109926,0.109781
3858,30,0.377107,0.009996,0.009996,0.189985,0.412915,0.050232,0.949768,0.116058,0.115651
3859,26,0.377078,0.010069,0.009999,0.189971,0.412883,0.05,0.95,0.122237,0.124619
3860,32,0.377057,0.010001,0.010001,0.189998,0.412942,0.050708,0.949292,0.110852,0.107131
3861,36,0.376805,0.010411,0.009997,0.189949,0.412837,0.050584,0.949416,0.126167,0.126619
3862,24,0.376959,0.010004,0.010004,0.190027,0.413005,0.051851,0.948149,0.115532,0.108856
3863,36,0.37676,0.009999,0.009999,0.190005,0.413237,0.052243,0.947757,0.122864,0.120601
3864,32,0.376862,0.009998,0.009998,0.189973,0.413168,0.052473,0.947527,0.123198,0.121812
3865,36,0.376764,0.010002,0.010002,0.190002,0.413231,0.05233,0.94767,0.126302,0.126857
3866,30,0.376703,0.009994,0.010456,0.189881,0.412967,0.052268,0.947732,0.119132,0.119239
3867,32,0.377162,0.01,0.01,0.189878,0.412961,0.052699,0.947301,0.105476,0.102991
3868,24,0.377668,0.009992,0.009992,0.189723,0.412625,0.052241,0.947759,0.10119,0.103362
3869,36,0.377252,0.010002,0.010002,0.18976,0.412984,0.051817,0.948183,0.122905,0.124918
3870,24,0.376964,0.010005,0.010005,0.189849,0.413178,0.051332,0.948668,0.128308,0.130644
3871,30,0.376711,0.010003,0.010069,0.189909,0.413308,0.051615,0.948385,0.129812,0.128159
3872,30,0.376851,0.009996,0.009996,0.189831,0.413327,0.051567,0.948433,0.112858,0.112937
3873,26,0.376479,0.010572,0.010042,0.189751,0.413155,0.051084,0.948916,0.128061,0.130375
3874,24,0.376711,0.010006,0.010006,0.189868,0.413409,0.050581,0.949419,0.123806,0.126201
3875,30,0.376828,0.009995,0.009995,0.189778,0.413403,0.050895,0.949105,0.112855,0.111067
3876,24,0.376534,0.010005,0.010005,0.189865,0.413592,0.050228,0.949772,0.134497,0.137719
3877,26,0.37601,0.010004,0.010303,0.189936,0.413747,0.050064,0.949936,0.134392,0.135042
3878,30,0.376131,0.010003,0.010003,0.189993,0.413871,0.05,0.95,0.116158,0.11793
3879,30,0.376341,0.009997,0.009997,0.189931,0.413735,0.05,0.95,0.108313,0.10934
3880,36,0.377103,0.009988,0.009988,0.189696,0.413225,0.050397,0.949603,0.082083,0.079883
3881,30,0.37703,0.009995,0.009995,0.189609,0.41337,0.05004,0.94996,0.103687,0.105291
3882,24,0.376737,0.010005,0.010005,0.189696,0.413558,0.05,0.95,0.128324,0.131166
3883,24,0.376958,0.009996,0.010028,0.189621,0.413396,0.050182,0.949818,0.117122,0.116021
3884,24,0.377197,0.009997,0.009997,0.189556,0.413254,0.05092,0.94908,0.117268,0.113354
3885,32,0.377194,0.01,0.01,0.189555,0.413251,0.051262,0.948738,0.120699,0.118786
3886,32,0.377178,0.009993,0.010429,0.189427,0.412973,0.052154,0.947846,0.114895,0.110123
3887,32,0.377194,0.010007,0.010007,0.189551,0.413243,0.052434,0.947566,0.115691,0.114024
3888,24,0.377198,0.01,0.01,0.189553,0.413248,0.051831,0.948169,0.121671,0.124633
3889,24,0.377251,0.009999,0.009999,0.189537,0.413213,0.051346,0.948654,0.115544,0.117812
3890,24,0.377396,0.009998,0.009998,0.189493,0.413116,0.051272,0.948728,0.114683,0.114869
3891,24,0.377023,0.010002,0.010002,0.189539,0.413433,0.050575,0.949425,0.13071,0.13411
3892,24,0.377173,0.009994,0.009994,0.189429,0.41341,0.05046,0.94954,0.113569,0.113949
3893,24,0.377381,0.009996,0.009996,0.189362,0.413264,0.05,0.95,0.120592,0.124154
3894,32,0.377331,0.010001,0.010001,0.189375,0.413292,0.050335,0.949665,0.12645,0.124605
3895,38,0.377225,0.009997,0.009997,0.189322,0.413459,0.051111,0.948889,0.119293,0.11517
3896,30,0.376946,0.009999,0.009999,0.189303,0.413753,0.051304,0.948696,0.122868,0.121661
3897,30,0.377064,0.009995,0.009995,0.189214,0.413731,0.051598,0.948402,0.113062,0.111344
3898,36,0.376828,0.009999,0.009999,0.189189,0.413986,0.051571,0.948429,0.121877,0.121811
3899,24,0.376448,0.010211,0.010029,0.189232,0.414079,0.05105,0.94895,0.126043,0.128525
3900,26,0.376123,0.010009,0.010009,0.189404,0.414455,0.050344,0.949656,0.134432,0.137854
3901,24,0.376585,0.009989,0.009989,0.189204,0.414233,0.050593,0.949407,0.103259,0.101791
3902,26,0.376341,0.01,0.01,0.189211,0.414448,0.050019,0.949981,0.121008,0.123715
3903,24,0.376341,0.01,0.01,0.189211,0.414448,0.050249,0.949751,0.121698,0.120358
3904,24,0.376341,0.01,0.01,0.189211,0.414448,0.051517,0.948483,0.115515,0.108889
3905,30,0.376059,0.010005,0.010005,0.189296,0.414635,0.051416,0.948584,0.129895,0.130206
3906,30,0.375963,0.010002,0.010002,0.189328,0.414706,0.052112,0.947888,0.122046,0.118245
3907,32,0.375683,0.010002,0.010002,0.189363,0.41495,0.052018,0.947982,0.128127,0.128413
3908,24,0.376022,0.009995,0.009995,0.189262,0.414727,0.052774,0.947226,0.109398,0.105189
3909,30,0.375786,0.010004,0.010004,0.18933,0.414877,0.05314,0.94686,0.129907,0.127761
3910,26,0.376128,0.009995,0.009995,0.189228,0.414654,0.053217,0.946783,0.1153,0.114685
3911,36,0.376022,0.009997,0.010031,0.189162,0.414789,0.053271,0.946729,0.117915,0.1174
3912,30,0.376603,0.009991,0.009991,0.188994,0.414421,0.054056,0.945944,0.097144,0.092717
3913,26,0.376462,0.010002,0.010002,0.189032,0.414502,0.053742,0.946258,0.122586,0.124104
3914,32,0.376417,0.010001,0.010001,0.189047,0.414535,0.054173,0.945827,0.110861,0.108342
3915,24,0.376479,0.010042,0.009998,0.189015,0.414466,0.053399,0.946601,0.12258,0.126532
3916,24,0.376507,0.010009,0.01,0.189016,0.414468,0.052691,0.947309,0.12411,0.127642
3917,24,0.376123,0.010261,0.010002,0.189057,0.414557,0.051918,0.948082,0.134362,0.13825
3918,26,0.376253,0.009999,0.009999,0.189036,0.414713,0.052155,0.947845,0.111185,0.109786
3919,30,0.375845,0.010001,0.010001,0.189058,0.415095,0.051915,0.948085,0.11428,0.115319
3920,24,0.375393,0.01,0.01,0.189064,0.415542,0.051595,0.948405,0.120737,0.122206
3921,30,0.375578,0.009997,0.009997,0.189009,0.41542,0.05229,0.94771,0.116153,0.11237
3922,24,0.375881,0.009995,0.009995,0.188915,0.415214,0.05174,0.94826,0.111382,0.114024
3923,32,0.376303,0.009993,0.009993,0.188784,0.414926,0.052646,0.947354,0.092507,0.087604
3924,24,0.376444,0.009998,0.009998,0.188737,0.414823,0.052326,0.947674,0.114687,0.116159
3925,24,0.376377,0.009998,0.009998,0.188691,0.414937,0.05172,0.94828,0.11217,0.115112
3926,26,0.37682,0.009993,0.009993,0.188555,0.414639,0.05195,0.94805,0.103722,0.102333
3927,26,0.376083,0.010839,0.009998,0.18852,0.414561,0.051193,0.948807,0.13433,0.138055
3928,24,0.375726,0.011018,0.010003,0.188573,0.414679,0.050473,0.949527,0.126065,0.12956
3929,26,0.375976,0.010012,0.010012,0.188807,0.415192,0.050097,0.949903,0.128272,0.130016
3930,30,0.375994,0.009995,0.009995,0.188707,0.415309,0.050291,0.949709,0.107107,0.105939
3931,26,0.375781,0.01,0.01,0.188708,0.41551,0.050169,0.949831,0.124754,0.125192
3932,26,0.376046,0.009993,0.009993,0.188568,0.415401,0.050442,0.949558,0.102351,0.100802
3933,30,0.376224,0.009997,0.009997,0.18851,0.415272,0.050678,0.949322,0.109584,0.108236
3934,30,0.37599,0.010004,0.010004,0.188579,0.415424,0.050428,0.949572,0.129789,0.130847
3935,30,0.37557,0.009999,0.009999,0.188554,0.415879,0.05064,0.94936,0.117697,0.116451
3936,26,0.37556,0.01,0.01,0.188556,0.415884,0.05032,0.94968,0.119209,0.120671
3937,24,0.375625,0.009995,0.009995,0.188471,0.415913,0.05,0.95,0.110892,0.113802
3938,30,0.37539,0.010004,0.010004,0.18854,0.416063,0.050213,0.949787,0.129884,0.128623
3939,24,0.375102,0.010005,0.010005,0.188629,0.41626,0.05,0.95,0.128191,0.130742
3940,36,0.374964,0.01,0.01012,0.188637,0.416278,0.05,0.95,0.130385,0.130381
3941,24,0.375372,0.009992,0.010175,0.188496,0.415966,0.050742,0.949258,0.108439,0.104482
3942,26,0.375641,0.009998,0.009998,0.188465,0.415898,0.050115,0.949885,0.117462,0.120458
3943,26,0.375348,0.010005,0.010005,0.188552,0.416091,0.05,0.95,0.12166,0.123897
3944,24,0.375582,0.009996,0.009996,0.188484,0.415941,0.05,0.95,0.117182,0.117117
3945,32,0.375611,0.009994,0.009994,0.188379,0.416022,0.050282,0.949718,0.108808,0.107222
3946,26,0.375315,0.010005,0.010005,0.188465,0.416212,0.05,0.95,0.131225,0.134597
3947,24,0.375174,0.009999,0.009999,0.188444,0.416383,0.05,0.95,0.121425,0.123421
3948,24,0.37532,0.009998,0.009998,0.1884,0.416285,0.05,0.95,0.114589,0.116426
3949,26,0.375185,0.010002,0.010002,0.188439,0.416372,0.05,0.95,0.128149,0.128201
3950,26,0.375052,0.010002,0.010002,0.18848,0.416463,0.05,0.95,0.1282,0.131431
3951,30,0.375072,0.009996,0.010235,0.188404,0.416293,0.050808,0.949192,0.116514,0.112284
3952,32,0.37519,0.009996,0.010364,0.188327,0.416123,0.050544,0.949456,0.115294,0.116452
3953,24,0.375035,0.010008,0.010008,0.188482,0.416466,0.050312,0.949688,0.128186,0.129189
3954,30,0.375154,0.009998,0.009998,0.188451,0.416398,0.050017,0.949983,0.112535,0.11382
3955,30,0.374849,0.010002,0.010002,0.188485,0.416662,0.05,0.95,0.126541,0.128022
3956,24,0.374851,0.01,0.01,0.188485,0.416664,0.050914,0.949086,0.121702,0.116877
3957,36,0.374677,0.01,0.01,0.188493,0.416829,0.050984,0.949016,0.121845,0.121295
3958,32,0.374631,0.010001,0.010001,0.188507,0.416861,0.050855,0.949145,0.126339,0.126794
3959,26,0.374497,0.010002,0.010002,0.188548,0.416951,0.050336,0.949664,0.124471,0.126947
3960,24,0.374208,0.010005,0.010005,0.188636,0.417146,0.05,0.95,0.134371,0.135924
3961,26,0.373795,0.010007,0.010007,0.188763,0.417428,0.05,0.95,0.12485,0.126843
3962,30,0.37381,0.009995,0.009995,0.188662,0.417539,0.050222,0.949778,0.107101,0.105787
3963,24,0.373515,0.010005,0.010005,0.188748,0.417728,0.05,0.95,0.128107,0.130033
3964,32,0.373645,0.009998,0.009998,0.188711,0.417648,0.050293,0.949707,0.123097,0.121461
3965,26,0.373509,0.010002,0.010002,0.188751,0.417735,0.050415,0.949585,0.128232,0.127452
3966,26,0.373302,0.01,0.01,0.188755,0.417943,0.05,0.95,0.124648,0.126868
3967,26,0.373168,0.010002,0.010002,0.188795,0.418033,0.05,0.95,0.128149,0.128259
3968,30,0.373069,0.010002,0.010002,0.188826,0.418102,0.05,0.95,0.131988,0.132957
3969,24,0.373088,0.01,0.01,0.188822,0.418091,0.05,0.95,0.124147,0.12671
3970,30,0.372855,0.010004,0.010004,0.188892,0.418246,0.05,0.95,0.129733,0.130093
3971,24,0.373008,0.009994,0.009994,0.188783,0.418221,0.050223,0.949777,0.113473,0.112189
3972,24,0.373437,0.009993,0.009993,0.18865,0.417927,0.050965,0.949035,0.108466,0.104495
3973,32,0.373384,0.010001,0.010001,0.188662,0.417953,0.051181,0.948819,0.117094,0.115803
3974,38,0.372784,0.010001,0.010001,0.188678,0.418536,0.05115,0.94885,0.128571,0.128542
3975,30,0.373004,0.009997,0.009997,0.188612,0.418391,0.051116,0.948884,0.110513,0.110487
3976,24,0.37271,0.010005,0.010005,0.188698,0.418582,0.050412,0.949588,0.12623,0.129647
3977,32,0.372643,0.010001,0.010001,0.188721,0.418633,0.05056,0.94944,0.121734,0.120804
3978,26,0.373407,0.009988,0.009988,0.188492,0.418125,0.050697,0.949303,0.092622,0.091719
3979,26,0.373846,0.009993,0.009993,0.188353,0.417816,0.050957,0.949043,0.103793,0.102287
3980,26,0.373832,0.01,0.01,0.188353,0.417815,0.050484,0.949516,0.124803,0.12704
3981,24,0.373384,0.010421,0.01,0.188361,0.417834,0.05,0.95,0.128114,0.131291
3982,36,0.373202,0.010378,0.009999,0.188347,0.418074,0.050218,0.949782,0.124849,0.123581
3983,32,0.373343,0.010004,0.010004,0.188418,0.418231,0.050363,0.949637,0.109778,0.108857
3984,24,0.372992,0.010171,0.010003,0.188476,0.418359,0.05,0.95,0.134342,0.137606
3985,30,0.372759,0.010004,0.010004,0.188546,0.418687,0.05,0.95,0.126714,0.127246
3986,30,0.372762,0.01,0.01,0.188547,0.41869,0.050466,0.949534,0.119513,0.116968
3987,26,0.372557,0.01014,0.010051,0.188551,0.4187,0.05,0.95,0.128083,0.130581
3988,32,0.372802,0.009999,0.009999,0.188535,0.418664,0.05,0.95,0.108177,0.108223
3989,26,0.37301,0.009997,0.009997,0.188472,0.418525,0.05,0.95,0.117431,0.117748
3990,24,0.373007,0.01,0.01,0.188471,0.418522,0.051207,0.948793,0.115414,0.109144
3991,24,0.373143,0.009998,0.009998,0.18843,0.418431,0.050839,0.949161,0.12005,0.121737
3992,24,0.372851,0.010005,0.010005,0.188517,0.418623,0.050176,0.949824,0.128229,0.131384
3993,30,0.372854,0.01,0.01,0.188519,0.418627,0.050327,0.949673,0.129602,0.128643
3994,30,0.372621,0.010004,0.010004,0.188589,0.418783,0.050341,0.949659,0.129738,0.129454
3995,30,0.372391,0.010004,0.010004,0.18866,0.418941,0.050471,0.949529,0.12974,0.128851
3996,26,0.372825,0.009993,0.009993,0.188532,0.418657,0.050452,0.949548,0.110815,0.110721
3997,30,0.373018,0.009994,0.009994,0.188413,0.418582,0.05103,0.94897,0.109966,0.106872
3998,24,0.373093,0.009999,0.009999,0.188387,0.418523,0.051091,0.948909,0.116551,0.116045
3999,32,0.37326,0.009997,0.009997,0.188335,0.41841,0.051476,0.948524,0.113618,0.111474
4000,24,0.373325,0.009995,0.009995,0.188249,0.418434,0.051169,0.948831,0.110962,0.112323
4001,24,0.373322,0.01,0.01,0.188248,0.418431,0.05208,0.94792,0.121698,0.116758
4002,24,0.373031,0.010005,0.010005,0.188335,0.418625,0.051474,0.948526,0.128301,0.131271
4003,30,0.372731,0.010002,0.010002,0.188371,0.418894,0.051787,0.948213,0.126585,0.124782
4004,26,0.372629,0.010197,0.010076,0.188319,0.418779,0.051273,0.948727,0.126014,0.128498
4005,30,0.373079,0.009997,0.009997,0.188266,0.418661,0.051472,0.948528,0.109262,0.108013
4006,26,0.373418,0.009994,0.009994,0.188162,0.41843,0.051026,0.948974,0.11535,0.117456
4007,36,0.373558,0.009993,0.009993,0.188033,0.418422,0.051539,0.948461,0.101418,0.098594
4008,26,0.373419,0.010002,0.010002,0.188071,0.418506,0.051042,0.948958,0.124378,0.126764
4009,24,0.373568,0.009998,0.009998,0.188027,0.418409,0.050696,0.949304,0.114716,0.116277
4010,24,0.373256,0.010055,0.010004,0.188104,0.41858,0.050351,0.949649,0.134361,0.135921
4011,24,0.373277,0.009997,0.009997,0.188051,0.418678,0.050106,0.949894,0.110678,0.111681
4012,26,0.373439,0.009995,0.010113,0.187965,0.418487,0.05,0.95,0.117336,0.119304
4013,24,0.374055,0.009992,0.009992,0.187813,0.418148,0.050513,0.949487,0.098409,0.095644
4014,30,0.373641,0.010001,0.010001,0.187832,0.418525,0.050263,0.949737,0.114158,0.115201
4015,24,0.373873,0.009996,0.009996,0.187763,0.418372,0.050182,0.949818,0.117353,0.117545
4016,26,0.374517,0.00999,0.00999,0.187567,0.417936,0.050243,0.949757,0.103381,0.102867
4017,26,0.374093,0.010006,0.010006,0.187688,0.418206,0.05,0.95,0.134486,0.137476
4018,24,0.374115,0.01,0.01,0.187686,0.4182,0.05,0.95,0.115872,0.117556
4019,24,0.373381,0.011027,0.010895,0.187317,0.417379,0.05,0.95,0.129731,0.13035
4020,24,0.373728,0.010022,0.010022,0.187725,0.418504,0.05,0.95,0.122446,0.125839
4021,30,0.373511,0.010004,0.010004,0.187803,0.418678,0.050543,0.949457,0.129892,0.126963
4022,30,0.373753,0.009996,0.009996,0.187733,0.418521,0.051121,0.948879,0.105966,0.102796
4023,32,0.373877,0.009998,0.009998,0.187693,0.418434,0.051384,0.948616,0.113783,0.112254
4024,24,0.373617,0.01,0.010274,0.187688,0.418421,0.050602,0.949398,0.130744,0.134568
4025,32,0.373579,0.01,0.01,0.187687,0.418734,0.050359,0.949641,0.116796,0.117843
4026,26,0.373442,0.010009,0.010002,0.187726,0.418821,0.05,0.95,0.124306,0.126788
4027,24,0.373754,0.009995,0.009995,0.187636,0.41862,0.05,0.95,0.111397,0.11458
4028,30,0.374092,0.009994,0.009994,0.187532,0.418387,0.05003,0.94997,0.100471,0.100048
4029,32,0.374171,0.009994,0.009994,0.187411,0.418431,0.050619,0.949381,0.098151,0.095046
4030,26,0.373899,0.010001,0.010001,0.187429,0.418671,0.050423,0.949577,0.12604,0.126873
4031,32,0.373853,0.010001,0.010001,0.187443,0.418703,0.050374,0.949626,0.121741,0.121807
4032,26,0.373985,0.009995,0.009995,0.187344,0.418681,0.050504,0.949496,0.113893,0.113049
4033,26,0.374014,0.009996,0.009996,0.187273,0.418721,0.050524,0.949476,0.11119,0.110916
4034,26,0.374117,0.009998,0.009998,0.187239,0.418647,0.05086,0.94914,0.114514,0.112657
4035,26,0.374564,0.009993,0.009993,0.187105,0.418346,0.051017,0.948983,0.103808,0.102829
4036,26,0.374712,0.009995,0.010139,0.187013,0.418141,0.050978,0.949022,0.117307,0.117301
4037,24,0.375128,0.009995,0.009995,0.186929,0.417952,0.050879,0.949121,0.113566,0.113852
4038,30,0.375024,0.010002,0.010002,0.186957,0.418016,0.050724,0.949276,0.121966,0.12255
4039,26,0.3754,0.009994,0.009994,0.186846,0.417767,0.050856,0.949144,0.107453,0.106605
4040,32,0.375305,0.009997,0.010237,0.186799,0.417661,0.051876,0.948124,0.120632,0.115255
4041,24,0.375542,0.009996,0.009996,0.186733,0.417731,0.052148,0.947852,0.113565,0.111981
4042,30,0.375132,0.010001,0.010001,0.186754,0.418112,0.051557,0.948443,0.120815,0.123688
4043,30,0.374937,0.01,0.01,0.186756,0.418307,0.051392,0.948608,0.118864,0.119507
4044,30,0.374771,0.01,0.01,0.186754,0.418475,0.050997,0.949003,0.114858,0.116622
4045,30,0.375052,0.009996,0.009996,0.18667,0.418287,0.051131,0.948869,0.105093,0.104183
4046,24,0.374662,0.01026,0.010002,0.186707,0.41837,0.050406,0.949594,0.126062,0.129549
4047,24,0.374581,0.010475,0.009998,0.186667,0.41828,0.05,0.95,0.129875,0.132077
4048,30,0.37425,0.010547,0.010001,0.186687,0.418515,0.05,0.95,0.126491,0.127939
4049,26,0.374183,0.010372,0.010004,0.186761,0.41868,0.05,0.95,0.128177,0.131261
4050,26,0.373816,0.010253,0.010008,0.18691,0.419014,0.05,0.95,0.13439,0.135959
4051,26,0.374361,0.009995,0.009995,0.186825,0.418823,0.050201,0.949799,0.10373,0.102533
4052,26,0.373941,0.010007,0.010007,0.186947,0.419098,0.05,0.95,0.12873,0.131582
4053,28,0.373529,0.010416,0.01,0.18695,0.419105,0.05,0.95,0.128526,0.128548
4054,26,0.373804,0.010113,0.010119,0.186922,0.419042,0.05,0.95,0.117323,0.119873
4055,26,0.374545,0.009992,0.009992,0.18677,0.418701,0.05,0.95,0.100198,0.102728
4056,24,0.374395,0.009999,0.009999,0.186746,0.418862,0.05,0.95,0.121385,0.123851
4057,26,0.374185,0.01,0.01,0.186748,0.419067,0.050077,0.949923,0.124716,0.124168
4058,32,0.374138,0.010001,0.010001,0.186762,0.419098,0.050059,0.949941,0.121697,0.121606
4059,30,0.374038,0.010002,0.010002,0.186792,0.419166,0.050654,0.949346,0.115319,0.112137
4060,26,0.374367,0.009995,0.009995,0.186695,0.418948,0.050366,0.949634,0.10868,0.109927
4061,30,0.374006,0.01,0.01,0.1867,0.419294,0.050629,0.949371,0.120694,0.119177
4062,30,0.373905,0.010002,0.010002,0.18673,0.419362,0.050985,0.949015,0.115308,0.113311
4063,24,0.373907,0.01,0.01,0.18673,0.419363,0.050461,0.949539,0.1238,0.126254
4064,24,0.373776,0.010214,0.010129,0.186665,0.419216,0.050329,0.949671,0.129853,0.130324
4065,30,0.373387,0.010658,0.010101,0.186657,0.419197,0.050218,0.949782,0.129671,0.130048
4066,32,0.374023,0.010002,0.010002,0.186693,0.41928,0.050728,0.949272,0.094261,0.091478
4067,24,0.374024,0.01,0.01,0.186694,0.419281,0.051553,0.948447,0.121584,0.117162
4068,24,0.374255,0.009996,0.009996,0.186625,0.419127,0.05152,0.94848,0.117375,0.117361
4069,24,0.373881,0.010002,0.010002,0.18667,0.419444,0.050881,0.949119,0.124428,0.127522
4070,24,0.373819,0.009998,0.009998,0.186626,0.41956,0.050183,0.949817,0.11218,0.115517
4071,32,0.373965,0.009998,0.009998,0.186581,0.419459,0.050774,0.949226,0.098166,0.094984
4072,24,0.373672,0.010005,0.010005,0.186667,0.419652,0.050103,0.949897,0.134395,0.137629
4073,30,0.373443,0.010004,0.010004,0.186738,0.419811,0.050219,0.949781,0.129879,0.129064
4074,28,0.373115,0.010002,0.010002,0.186783,0.420098,0.050137,0.949863,0.125449,0.125699
4075,24,0.373267,0.009994,0.009994,0.186674,0.42007,0.050309,0.949691,0.113554,0.112517
4076,26,0.373056,0.009997,0.009997,0.186615,0.420335,0.05,0.95,0.120562,0.123412
4077,26,0.373045,0.01,0.01,0.186616,0.420338,0.05,0.95,0.124856,0.126343
4078,26,0.372911,0.010002,0.010002,0.186656,0.420428,0.05,0.95,0.128155,0.130287
4079,24,0.372541,0.010003,0.010003,0.186703,0.420751,0.05,0.95,0.124482,0.126337
4080,24,0.371993,0.010476,0.009998,0.186661,0.420872,0.05,0.95,0.13052,0.132566
4081,30,0.371468,0.011016,0.009997,0.186604,0.420915,0.05,0.95,0.136648,0.138137
4082,32,0.371459,0.010909,0.010003,0.186638,0.420991,0.050074,0.949926,0.126275,0.125726
4083,26,0.371646,0.010059,0.010011,0.186839,0.421445,0.05,0.95,0.124387,0.125911
4084,24,0.371436,0.01022,0.010001,0.186857,0.421486,0.05,0.95,0.130684,0.134321
4085,38,0.371495,0.009998,0.009998,0.186827,0.421682,0.05032,0.94968,0.116457,0.114669
4086,24,0.371138,0.010006,0.010006,0.186932,0.421919,0.05,0.95,0.127617,0.130034
4087,24,0.370506,0.010893,0.010029,0.186846,0.421726,0.05,0.95,0.134244,0.137801
4088,32,0.37104,0.010006,0.010006,0.186961,0.421986,0.050444,0.949556,0.112782,0.11038
4089,26,0.371078,0.009996,0.009996,0.186895,0.422034,0.050645,0.949355,0.111059,0.109872
4090,26,0.370865,0.010489,0.010067,0.186787,0.421792,0.050132,0.949868,0.125992,0.128414
4091,24,0.370779,0.01001,0.01001,0.186978,0.422223,0.05,0.95,0.128186,0.129846
4092,26,0.370652,0.010002,0.010002,0.187022,0.422322,0.05,0.95,0.128148,0.130466
4093,36,0.370785,0.009993,0.010315,0.186888,0.422019,0.050096,0.949904,0.11033,0.109669
4094,32,0.371304,0.009997,0.009997,0.186825,0.421878,0.050587,0.949413,0.100337,0.09764
4095,30,0.37165,0.009994,0.009994,0.18672,0.421641,0.051293,0.948707,0.102823,0.099036
4096,26,0.371767,0.009998,0.009998,0.186682,0.421555,0.050881,0.949119,0.114548,0.116478
4097,24,0.371766,0.01,0.01,0.186681,0.421553,0.052149,0.947851,0.115491,0.108773
4098,26,0.371557,0.01,0.01,0.186684,0.421758,0.051824,0.948176,0.119058,0.120583
4099,36,0.3713,0.010127,0.010298,0.186633,0.421642,0.051944,0.948056,0.12339,0.12258
4100,38,0.37169,0.009996,0.009996,0.186559,0.421759,0.052211,0.947789,0.099603,0.097966
4101,32,0.37185,0.009993,0.010241,0.186436,0.42148,0.052688,0.947312,0.110466,0.107759
4102,30,0.371447,0.009999,0.0105,0.18642,0.421634,0.0528,0.9472,0.12647,0.125628
4103,28,0.371743,0.010003,0.010003,0.18648,0.42177,0.052463,0.947537,0.112091,0.113659
4104,30,0.371574,0.01,0.01,0.186476,0.42195,0.052603,0.947397,0.12859,0.12763
4105,32,0.371748,0.009997,0.009997,0.186425,0.421833,0.052959,0.947041,0.106444,0.104397
4106,24,0.371391,0.010006,0.010006,0.186529,0.422069,0.052701,0.947299,0.129649,0.130825
4107,26,0.371502,0.009998,0.009998,0.186499,0.422002,0.052735,0.947265,0.114624,0.114265
4108,24,0.372042,0.009991,0.009991,0.186338,0.421637,0.053033,0.946967,0.107155,0.105347
4109,32,0.371677,0.010001,0.010001,0.186348,0.421974,0.052848,0.947152,0.115417,0.116199
4110,32,0.37163,0.010001,0.010001,0.186362,0.422006,0.053682,0.946318,0.111027,0.106395
4111,30,0.371746,0.009995,0.009995,0.186272,0.421992,0.053521,0.946479,0.112883,0.113531
4112,36,0.37169,0.009997,0.010235,0.186215,0.421863,0.053833,0.946167,0.125497,0.123597
4113,26,0.371609,0.010005,0.010005,0.186308,0.422073,0.053416,0.946584,0.118278,0.120319
4114,32,0.371468,0.010002,0.010002,0.186353,0.422174,0.053522,0.946478,0.120343,0.119539
4115,30,0.371656,0.009997,0.009997,0.186299,0.422052,0.053729,0.946271,0.115977,0.114641
4116,32,0.371741,0.010044,0.010116,0.186222,0.421878,0.053867,0.946133,0.11644,0.115492
4117,36,0.371822,0.009999,0.009999,0.186201,0.421979,0.05483,0.94517,0.11044,0.105032
4118,24,0.372165,0.009994,0.010032,0.186087,0.421722,0.054636,0.945364,0.111897,0.112692
4119,26,0.372081,0.010007,0.010047,0.186104,0.421761,0.054296,0.945704,0.123538,0.125154
4120,38,0.371496,0.010279,0.010001,0.186128,0.422096,0.054017,0.945983,0.135721,0.137021
4121,30,0.371499,0.010004,0.010004,0.18621,0.422282,0.054358,0.945642,0.115482,0.113422
4122,32,0.371751,0.009992,0.010241,0.186064,0.421952,0.054493,0.945507,0.108135,0.107173
4123,24,0.37207,0.009999,0.009999,0.186039,0.421894,0.055194,0.944806,0.117287,0.113228
4124,32,0.372069,0.01,0.01,0.186038,0.421893,0.055325,0.944675,0.125294,0.124364
4125,26,0.3718,0.010639,0.010069,0.185904,0.421588,0.054779,0.945221,0.125982,0.128787
4126,24,0.371922,0.010051,0.010009,0.186065,0.421954,0.05478,0.94522,0.124569,0.124332
4127,32,0.372033,0.009994,0.009994,0.185959,0.422018,0.05453,0.94547,0.102967,0.104085
4128,24,0.371738,0.010005,0.010005,0.186044,0.42221,0.0541,0.9459,0.128233,0.130354
4129,24,0.371759,0.01,0.01,0.18604,0.422201,0.053405,0.946595,0.115887,0.119395
4130,26,0.371866,0.009998,0.009998,0.186008,0.422129,0.05361,0.94639,0.114471,0.113185
4131,24,0.371493,0.010002,0.010002,0.186054,0.422449,0.053029,0.946971,0.124483,0.127398
4132,24,0.371203,0.010005,0.010005,0.186141,0.422647,0.052634,0.947366,0.128272,0.130172
4133,30,0.371322,0.009995,0.009995,0.186053,0.422635,0.052541,0.947459,0.11289,0.113191
4134,30,0.371277,0.01011,0.009999,0.18603,0.422584,0.052101,0.947899,0.126165,0.128242
4135,32,0.371505,0.009998,0.009998,0.185995,0.422504,0.052633,0.947367,0.097823,0.094817
4136,32,0.371612,0.009993,0.009993,0.185869,0.422532,0.053517,0.946483,0.09811,0.093263
4137,26,0.371729,0.009998,0.009998,0.185831,0.422445,0.0529,0.9471,0.118266,0.12135
4138,24,0.371863,0.009998,0.009998,0.18579,0.422352,0.053992,0.946008,0.111693,0.105666
4139,36,0.371542,0.009996,0.010592,0.185707,0.422164,0.054396,0.945604,0.130327,0.127949
4140,28,0.371433,0.010008,0.010183,0.185861,0.422515,0.053922,0.946078,0.128606,0.131002
4141,26,0.371611,0.01,0.01,0.185865,0.422523,0.053976,0.946024,0.114628,0.114157
4142,24,0.372051,0.009993,0.009993,0.185735,0.422228,0.053906,0.946094,0.110254,0.110397
4143,32,0.371827,0.010003,0.010005,0.185797,0.422368,0.054421,0.945579,0.125533,0.122562
4144,30,0.372052,0.009997,0.009997,0.185733,0.422222,0.055068,0.944932,0.099019,0.09523
4145,30,0.371949,0.010002,0.010002,0.185761,0.422287,0.055397,0.944603,0.122123,0.120091
4146,30,0.371993,0.009996,0.009996,0.185693,0.422321,0.055092,0.944908,0.109439,0.110888
4147,38,0.372281,0.009995,0.009995,0.185606,0.422122,0.054887,0.945113,0.114161,0.115087
4148,24,0.371987,0.010005,0.010005,0.18569,0.422314,0.054408,0.945592,0.128097,0.130493
4149,30,0.372175,0.009997,0.009997,0.185637,0.422193,0.054651,0.945349,0.1096,0.10809
4150,30,0.372521,0.009994,0.009994,0.185533,0.421957,0.055174,0.944826,0.102985,0.099851
4151,30,0.372608,0.009998,0.009998,0.185504,0.421891,0.055473,0.944527,0.106874,0.104972
4152,24,0.372624,0.01,0.01,0.185498,0.421878,0.054761,0.945239,0.124215,0.127899
4153,30,0.372453,0.01,0.01,0.185493,0.422055,0.05508,0.94492,0.118754,0.116742
4154,30,0.372327,0.010002,0.010002,0.18553,0.42214,0.055437,0.944563,0.115396,0.113204
4155,26,0.372119,0.01,0.01,0.185533,0.422347,0.055135,0.944865,0.120827,0.122297
4156,26,0.371985,0.010002,0.010002,0.185573,0.422438,0.054645,0.945355,0.124462,0.126975
4157,26,0.372437,0.009993,0.009993,0.185441,0.422137,0.05468,0.94532,0.103802,0.10339
4158,36,0.372316,0.010002,0.010002,0.185472,0.422208,0.054659,0.945341,0.109852,0.109706
4159,36,0.371719,0.010003,0.010003,0.185523,0.422753,0.054419,0.945581,0.130016,0.131101
4160,24,0.371349,0.010003,0.010003,0.18557,0.423076,0.053699,0.946301,0.122417,0.12612
4161,32,0.371412,0.009994,0.009994,0.185464,0.423136,0.053577,0.946423,0.101836,0.102239
4162,30,0.371174,0.010004,0.010004,0.18553,0.423288,0.053023,0.946977,0.129796,0.132565
4163,30,0.371575,0.00999,0.010222,0.185346,0.422868,0.0531,0.9469,0.099435,0.098812
4164,32,0.372323,0.009991,0.009991,0.185188,0.422507,0.053631,0.946369,0.091125,0.088095
4165,24,0.372012,0.01004,0.010004,0.185264,0.422681,0.052643,0.947357,0.134375,0.139444
4166,36,0.37205,0.009998,0.009998,0.185222,0.422733,0.053608,0.946392,0.110447,0.105162
4167,24,0.372066,0.01,0.01,0.185216,0.422719,0.052894,0.947106,0.124238,0.127822
4168,32,0.371828,0.010423,0.010397,0.185038,0.422314,0.052967,0.947033,0.124239,0.123612
4169,26,0.371828,0.010282,0.01019,0.185144,0.422556,0.05292,0.94708,0.128131,0.128199
4170,36,0.371851,0.010005,0.010005,0.185233,0.422907,0.053515,0.946485,0.121753,0.118371
4171,36,0.371799,0.009999,0.009999,0.185207,0.422997,0.053455,0.946545,0.122914,0.123011
4172,38,0.371261,0.010003,0.010003,0.185253,0.42348,0.053339,0.946661,0.123371,0.123783
4173,36,0.371589,0.009993,0.009993,0.185115,0.423311,0.053946,0.946054,0.096198,0.092694
4174,26,0.371718,0.009995,0.009995,0.185013,0.423279,0.053422,0.946578,0.110166,0.112764
4175,36,0.371451,0.01,0.01,0.185007,0.423543,0.053283,0.946717,0.122903,0.123447
4176,24,0.371091,0.01,0.010378,0.185001,0.423531,0.052672,0.947328,0.132193,0.135247
4177,36,0.370935,0.01,0.010265,0.185001,0.423799,0.052741,0.947259,0.120673,0.120118
4178,30,0.370932,0.010004,0.010004,0.185079,0.42398,0.052872,0.947128,0.121963,0.121031
4179,26,0.370801,0.010002,0.010002,0.185121,0.424074,0.052558,0.947442,0.122565,0.124047
4180,32,0.370864,0.009994,0.009994,0.185014,0.424134,0.052927,0.947073,0.11126,0.109151
4181,24,0.370488,0.010002,0.010002,0.185058,0.42445,0.052673,0.947327,0.130601,0.131754
4182,24,0.37041,0.009998,0.009998,0.185019,0.424576,0.053509,0.946491,0.117876,0.11319
4183,32,0.370342,0.009998,0.009998,0.184985,0.424676,0.053742,0.946258,0.122224,0.120749
4184,24,0.37049,0.009998,0.009998,0.18494,0.424574,0.053461,0.946539,0.114773,0.11605
4185,24,0.370403,0.009988,0.010846,0.184713,0.424051,0.054271,0.945729,0.117125,0.112576
4186,38,0.370506,0.009994,0.011071,0.184611,0.423817,0.054286,0.945714,0.122006,0.121685
4187,30,0.370584,0.009999,0.011079,0.184583,0.423755,0.05489,0.94511,0.116597,0.113099
4188,24,0.371133,0.010008,0.010008,0.184739,0.424111,0.054454,0.945546,0.114779,0.116919
4189,30,0.370643,0.010071,0.010978,0.184574,0.423734,0.054777,0.945223,0.131682,0.129697
4190,30,0.370931,0.010012,0.010012,0.184798,0.424247,0.055095,0.944905,0.122046,0.12006
4191,26,0.371149,0.009997,0.009997,0.184741,0.424116,0.054458,0.945542,0.117491,0.120781
4192,24,0.371379,0.009996,0.009996,0.184671,0.423957,0.055613,0.944387,0.109026,0.102443
4193,24,0.371085,0.010005,0.010005,0.184756,0.42415,0.055347,0.944653,0.126089,0.127341
4194,26,0.371014,0.010001,0.010001,0.184779,0.424204,0.055041,0.944959,0.123534,0.124974
4195,24,0.371164,0.009998,0.009998,0.184736,0.424105,0.054641,0.945359,0.114626,0.116567
4196,30,0.370684,0.009998,0.010256,0.184701,0.424361,0.055053,0.944947,0.120589,0.118101
4197,30,0.370774,0.009998,0.01026,0.184673,0.424295,0.055029,0.944971,0.123374,0.123255
4198,30,0.370698,0.010002,0.010002,0.184715,0.424582,0.054897,0.945103,0.118753,0.119239
4199,30,0.370886,0.009997,0.009997,0.184662,0.424458,0.055239,0.944761,0.116104,0.113974
4200,30,0.371044,0.009994,0.009994,0.184558,0.424409,0.055627,0.944373,0.112711,0.110323
4201,24,0.370488,0.010131,0.010567,0.184512,0.424303,0.055506,0.944494,0.13429,0.134742
4202,24,0.370764,0.010007,0.010007,0.184635,0.424587,0.054989,0.945011,0.115921,0.118531
4203,32,0.370722,0.010001,0.010001,0.184652,0.424625,0.055658,0.944342,0.117031,0.113133
4204,36,0.37057,0.01,0.01,0.184653,0.424777,0.055611,0.944389,0.124394,0.12442
4205,24,0.370198,0.010002,0.010002,0.184699,0.425098,0.055229,0.944771,0.124334,0.126222
4206,36,0.370307,0.009994,0.009994,0.184589,0.425116,0.055173,0.944827,0.106391,0.106433
4207,24,0.370134,0.009995,0.010452,0.184503,0.424916,0.056035,0.943965,0.12153,0.116493
4208,30,0.370125,0.010002,0.010002,0.184538,0.425333,0.056463,0.943537,0.110583,0.107908
4209,24,0.370436,0.009995,0.009995,0.184448,0.425126,0.057015,0.942985,0.103173,0.099772
4210,26,0.370466,0.009996,0.009996,0.184378,0.425163,0.057297,0.942703,0.111162,0.109352
4211,30,0.370649,0.009997,0.009997,0.184322,0.425035,0.058349,0.941651,0.116201,0.109902
4212,24,0.370332,0.010066,0.010004,0.184395,0.425203,0.057635,0.942365,0.128111,0.132006
4213,24,0.370821,0.00999,0.00999,0.184209,0.42499,0.057689,0.942311,0.103315,0.102735
4214,34,0.370977,0.009997,0.009997,0.184158,0.424871,0.057431,0.942569,0.118424,0.119701
4215,26,0.370841,0.010002,0.010002,0.184196,0.424959,0.057072,0.942928,0.122488,0.124338
4216,32,0.370951,0.009995,0.009995,0.184113,0.424945,0.057709,0.942291,0.105012,0.101176
4217,30,0.370797,0.010002,0.010002,0.184155,0.425043,0.057442,0.942558,0.120465,0.121779
4218,26,0.370457,0.009997,0.010555,0.184093,0.424898,0.057517,0.942483,0.128114,0.127468
4219,24,0.371097,0.009999,0.009999,0.184067,0.424839,0.0586,0.9414,0.102352,0.095795
4220,32,0.371096,0.01,0.01,0.184066,0.424838,0.058874,0.941126,0.125229,0.123374
4221,30,0.370862,0.010004,0.010004,0.184135,0.424995,0.059115,0.940885,0.129761,0.128089
4222,30,0.370585,0.010129,0.010003,0.184181,0.425103,0.058993,0.941007,0.129699,0.130181
4223,30,0.370819,0.009998,0.009998,0.184151,0.425033,0.058962,0.941038,0.116198,0.116154
4224,24,0.370971,0.009994,0.009994,0.184043,0.424999,0.058985,0.941015,0.11357,0.113206
4225,26,0.370832,0.010002,0.010002,0.18408,0.425085,0.058864,0.941136,0.128229,0.128727
4226,24,0.370902,0.009996,0.009996,0.183997,0.42511,0.058222,0.941778,0.110939,0.114396
4227,24,0.371048,0.009998,0.009998,0.183952,0.425005,0.057712,0.942288,0.114634,0.117308
4228,24,0.371007,0.009998,0.010152,0.183918,0.424926,0.057097,0.942903,0.124122,0.127409
4229,24,0.371198,0.009999,0.009999,0.183906,0.424898,0.058182,0.941818,0.111717,0.105235
4230,30,0.371313,0.009995,0.009995,0.183816,0.42488,0.058492,0.941508,0.112889,0.110839
4231,26,0.371175,0.010002,0.010002,0.183854,0.424967,0.057987,0.942013,0.124381,0.127117
4232,26,0.371042,0.010002,0.010002,0.183894,0.42506,0.057934,0.942066,0.128129,0.128218
4233,32,0.371073,0.01,0.01,0.183886,0.425042,0.057946,0.942054,0.116957,0.116641
4234,24,0.370694,0.010238,0.010002,0.183928,0.425138,0.057328,0.942672,0.126045,0.129382
4235,36,0.370682,0.01,0.01,0.183922,0.425396,0.058238,0.941762,0.108246,0.102803
4236,30,0.370868,0.009997,0.009997,0.183868,0.42527,0.058146,0.941854,0.116102,0.116397
4237,32,0.370585,0.010002,0.010002,0.1839,0.425512,0.058101,0.941899,0.121878,0.12189
4238,24,0.370819,0.009996,0.009996,0.183833,0.425356,0.058286,0.941714,0.117204,0.115885
4239,32,0.3707,0.009997,0.009997,0.183774,0.425533,0.058629,0.941371,0.112043,0.109796
4240,32,0.370951,0.009991,0.009991,0.18361,0.425457,0.058991,0.941009,0.097913,0.095487
4241,32,0.370758,0.009998,0.009998,0.183569,0.425677,0.059202,0.940798,0.102406,0.100897
4242,30,0.370854,0.009995,0.010232,0.183471,0.425449,0.059795,0.940205,0.10935,0.105611
4243,26,0.370646,0.010424,0.01,0.183474,0.425456,0.059118,0.940882,0.128085,0.131867
4244,26,0.371255,0.009997,0.009997,0.18342,0.425331,0.059262,0.940738,0.103936,0.102849
4245,24,0.371501,0.009995,0.010074,0.183323,0.425107,0.058494,0.941506,0.119112,0.123358
4246,30,0.371229,0.010003,0.010003,0.183372,0.425393,0.058007,0.941993,0.126828,0.129415
4247,30,0.371347,0.009995,0.009995,0.183284,0.425379,0.05794,0.94206,0.122758,0.122871
4248,24,0.371491,0.009998,0.009998,0.183239,0.425274,0.05754,0.94246,0.114657,0.116718
4249,26,0.37214,0.00999,0.00999,0.183049,0.424832,0.057758,0.942242,0.103499,0.101996
4250,30,0.372143,0.009994,0.009994,0.182944,0.424924,0.05741,0.94259,0.107083,0.108828
4251,24,0.372308,0.009997,0.009997,0.182893,0.424805,0.057591,0.942409,0.118652,0.117389
4252,32,0.371844,0.010449,0.010198,0.182836,0.424673,0.057691,0.942309,0.139425,0.138615
4253,30,0.372085,0.010006,0.010006,0.182955,0.424948,0.057987,0.942013,0.126317,0.124361
4254,30,0.371989,0.010002,0.010002,0.182986,0.425021,0.058302,0.941698,0.121899,0.119814
4255,26,0.37199,0.01,0.01,0.182987,0.425023,0.057961,0.942039,0.12043,0.122188
4256,32,0.371462,0.01003,0.010793,0.182898,0.424817,0.058379,0.941621,0.12536,0.122711
4257,32,0.371721,0.010009,0.010009,0.183063,0.425199,0.05859,0.94141,0.117216,0.115752
4258,24,0.371356,0.010003,0.010003,0.183111,0.425528,0.057982,0.942018,0.122326,0.125635
4259,24,0.371426,0.009996,0.009996,0.183029,0.425553,0.05765,0.94235,0.110938,0.11251
4260,24,0.371795,0.009994,0.009994,0.182919,0.425298,0.056884,0.943116,0.118242,0.12237
4261,26,0.371475,0.010438,0.010042,0.182868,0.425177,0.05637,0.94363,0.128056,0.130762
4262,26,0.371862,0.010001,0.010001,0.182895,0.42524,0.055924,0.944076,0.117437,0.119724
4263,24,0.371572,0.010005,0.010005,0.18298,0.425439,0.055524,0.944476,0.128186,0.130199
4264,24,0.371283,0.010005,0.010005,0.183067,0.42564,0.055161,0.944839,0.128189,0.129983
4265,32,0.371461,0.009997,0.009997,0.183018,0.425526,0.055504,0.944496,0.117386,0.11529
4266,24,0.371007,0.01,0.01,0.183023,0.42597,0.054868,0.945132,0.120658,0.123969
4267,36,0.371091,0.009987,0.010698,0.182792,0.425432,0.055002,0.944998,0.111578,0.110642
4268,30,0.370446,0.010392,0.011386,0.182657,0.425118,0.055307,0.944693,0.129582,0.1277
4269,32,0.37088,0.010005,0.010704,0.182754,0.425657,0.05615,0.94385,0.106411,0.101507
4270,30,0.371229,0.010006,0.010006,0.182859,0.425901,0.056233,0.943767,0.118404,0.117681
4271,24,0.370798,0.010004,0.010004,0.182924,0.426271,0.055862,0.944138,0.123835,0.125689
4272,32,0.370851,0.009999,0.009999,0.182911,0.426239,0.056784,0.943216,0.109873,0.104463
4273,30,0.370279,0.01015,0.010897,0.182668,0.426007,0.056796,0.943204,0.126934,0.126643
4274,24,0.370485,0.010349,0.010152,0.182769,0.426244,0.056055,0.943945,0.121594,0.125549
4275,24,0.37082,0.010003,0.010003,0.182818,0.426357,0.055395,0.944605,0.114594,0.118014
4276,24,0.370971,0.009998,0.009998,0.182775,0.426258,0.054784,0.945216,0.114751,0.117885
4277,32,0.371347,0.009994,0.009994,0.182665,0.426,0.055034,0.944966,0.097509,0.095865
4278,24,0.371041,0.010032,0.010004,0.182742,0.426181,0.054219,0.945781,0.13434,0.138606
4279,32,0.371381,0.009995,0.009995,0.182654,0.425975,0.053907,0.946093,0.116172,0.11766
4280,26,0.370946,0.010042,0.010006,0.182767,0.426239,0.053584,0.946416,0.128572,0.130107
4281,26,0.370756,0.010001,0.010001,0.182779,0.426465,0.053458,0.946542,0.124705,0.125197
4282,24,0.370744,0.009997,0.009997,0.18272,0.426543,0.053318,0.946682,0.118033,0.118563
4283,24,0.370891,0.009998,0.009998,0.182675,0.426439,0.052934,0.947066,0.114706,0.116537
4284,30,0.370268,0.01065,0.01038,0.182551,0.42615,0.052959,0.947041,0.129593,0.129231
4285,30,0.370281,0.010095,0.01001,0.182725,0.42689,0.052828,0.947172,0.120501,0.121001
4286,32,0.369988,0.010001,0.010001,0.182752,0.427257,0.052717,0.947283,0.11785,0.118247
4287,26,0.36978,0.01,0.01,0.182755,0.427464,0.052219,0.947781,0.12093,0.123384
4288,24,0.36978,0.01,0.01,0.182755,0.427464,0.053357,0.946643,0.115452,0.109267
4289,24,0.369666,0.010305,0.009997,0.182699,0.427333,0.052759,0.947241,0.123614,0.126557
4290,30,0.369884,0.010001,0.01001,0.182721,0.427384,0.053366,0.946634,0.116566,0.113152
4291,30,0.369717,0.01,0.01,0.182718,0.427566,0.053582,0.946418,0.11874,0.117362
4292,36,0.369617,0.009997,0.009997,0.182668,0.42772,0.053705,0.946295,0.115216,0.114356
4293,24,0.369031,0.009997,0.010569,0.182608,0.427794,0.053528,0.946472,0.130472,0.131201
4294,30,0.369345,0.010004,0.010004,0.182681,0.427966,0.053772,0.946228,0.132801,0.131214
4295,24,0.368896,0.01,0.01,0.182689,0.428415,0.053411,0.946589,0.120603,0.122341
4296,32,0.369262,0.009994,0.010002,0.182581,0.428161,0.053564,0.946436,0.104883,0.103859
4297,24,0.368968,0.010005,0.010005,0.182664,0.428358,0.052857,0.947143,0.126203,0.129792
4298,24,0.368544,0.010001,0.010365,0.182685,0.428406,0.052456,0.947544,0.13433,0.136246
4299,32,0.368854,0.010001,0.010001,0.182701,0.428444,0.052598,0.947402,0.106485,0.105562
4300,30,0.368894,0.009996,0.009996,0.182635,0.428478,0.05293,0.94707,0.113402,0.111411
4301,24,0.368599,0.010005,0.010005,0.182718,0.428674,0.052061,0.947939,0.134442,0.138845
4302,36,0.36873,0.009994,0.009994,0.182602,0.42868,0.052072,0.947928,0.109701,0.10945
4303,24,0.368433,0.010005,0.010005,0.182685,0.428874,0.05169,0.94831,0.134408,0.136205
4304,24,0.368103,0.010112,0.010004,0.182751,0.42903,0.051357,0.948643,0.128064,0.129583
4305,26,0.367653,0.010006,0.010006,0.182857,0.429478,0.050927,0.949073,0.121319,0.123337
4306,30,0.367483,0.009991,0.010717,0.1827,0.429109,0.050916,0.949084,0.123292,0.123145
4307,30,0.366388,0.010803,0.012208,0.182339,0.428262,0.050997,0.949003,0.139459,0.138873
4308,36,0.366809,0.010017,0.011409,0.182642,0.429123,0.051092,0.948908,0.121836,0.121152
4309,26,0.366665,0.010014,0.010687,0.182902,0.429732,0.050719,0.949281,0.134385,0.136124
4310,32,0.366711,0.010008,0.010008,0.18304,0.430234,0.050848,0.949152,0.126553,0.125715
4311,26,0.366825,0.009998,0.009998,0.183011,0.430167,0.051149,0.948851,0.114697,0.113008
4312,26,0.36663,0.010003,0.010003,0.183067,0.430297,0.050675,0.949325,0.129511,0.131764
4313,30,0.366632,0.01,0.01,0.183068,0.4303,0.051094,0.948906,0.126287,0.123961
4314,38,0.366539,0.010001,0.010001,0.183095,0.430363,0.050993,0.949007,0.13066,0.131007
4315,26,0.366405,0.010002,0.010002,0.183134,0.430456,0.050372,0.949628,0.128184,0.131185
4316,26,0.366531,0.009998,0.009998,0.183099,0.430374,0.050466,0.949534,0.118333,0.117674
4317,24,0.366236,0.010005,0.010005,0.183184,0.430572,0.05,0.95,0.128135,0.130723
4318,32,0.366019,0.010004,0.010004,0.183249,0.430725,0.05,0.95,0.130196,0.130252
4319,32,0.366359,0.009995,0.009995,0.183153,0.430499,0.050287,0.949713,0.104414,0.102785
4320,24,0.365788,0.010719,0.01002,0.183099,0.430373,0.05,0.95,0.134227,0.137823
4321,32,0.365946,0.010006,0.010006,0.183216,0.430825,0.050279,0.949721,0.107904,0.106335
4322,24,0.366185,0.009996,0.009996,0.18315,0.430671,0.050304,0.949696,0.117336,0.117037
4323,24,0.366104,0.009998,0.009998,0.18311,0.430791,0.05,0.95,0.119979,0.123403
4324,32,0.366186,0.009997,0.01012,0.183049,0.430649,0.050022,0.949978,0.122973,0.122696
4325,30,0.366239,0.010001,0.010001,0.183067,0.430692,0.05,0.95,0.116156,0.118089
4326,30,0.36624,0.01,0.01,0.183068,0.430693,0.05033,0.94967,0.119731,0.117894
4327,30,0.366265,0.010149,0.010011,0.183013,0.430563,0.050492,0.949508,0.128232,0.127208
4328,24,0.36654,0.009992,0.010391,0.182864,0.430213,0.05,0.95,0.111958,0.114615
4329,26,0.366672,0.010004,0.010004,0.182937,0.430384,0.05,0.95,0.121059,0.123557
4330,30,0.366307,0.01,0.01,0.18294,0.430753,0.05,0.95,0.123408,0.123634
4331,30,0.366103,0.009998,0.009998,0.182902,0.430999,0.050231,0.949769,0.11269,0.111325
4332,24,0.365745,0.010006,0.010006,0.183004,0.43124,0.05,0.95,0.129671,0.131364
4333,24,0.36567,0.009998,0.009998,0.182967,0.431367,0.050841,0.949159,0.117868,0.113415
4334,32,0.365621,0.010001,0.010001,0.18298,0.431398,0.051169,0.948831,0.126259,0.124407
4335,36,0.365302,0.009996,0.009996,0.182914,0.431791,0.051164,0.948836,0.11034,0.110168
4336,24,0.364926,0.010002,0.010002,0.182958,0.432111,0.050599,0.949401,0.130485,0.133149
4337,24,0.364853,0.010001,0.010001,0.182981,0.432164,0.050137,0.949863,0.125159,0.127292
4338,26,0.364853,0.01,0.01,0.182981,0.432165,0.050332,0.949668,0.122356,0.121191
4339,24,0.364402,0.01,0.01,0.182987,0.43261,0.05,0.95,0.118474,0.122023
4340,32,0.364579,0.009997,0.009997,0.182936,0.43249,0.050064,0.949936,0.11265,0.11214
4341,30,0.364278,0.010002,0.010002,0.182972,0.432746,0.050232,0.949768,0.126621,0.125587
4342,32,0.364133,0.010002,0.010002,0.183014,0.432847,0.050376,0.949624,0.129525,0.128603
4343,32,0.364349,0.009997,0.009997,0.182954,0.432704,0.050886,0.949114,0.106234,0.103409
4344,24,0.364192,0.009999,0.009999,0.182935,0.432875,0.050535,0.949465,0.11305,0.114642
4345,30,0.363955,0.010004,0.010004,0.183003,0.433035,0.050044,0.949956,0.129766,0.132042
4346,26,0.364416,0.009993,0.009993,0.182872,0.432726,0.050141,0.949859,0.104016,0.103344
4347,36,0.364249,0.009998,0.009998,0.182836,0.432919,0.050233,0.949767,0.114277,0.113639
4348,24,0.363854,0.010059,0.010002,0.18287,0.433215,0.05,0.95,0.130453,0.132055
4349,26,0.363956,0.009997,0.010121,0.182823,0.433103,0.05,0.95,0.118279,0.120389
4350,26,0.364194,0.009991,0.010414,0.182667,0.432734,0.05013,0.94987,0.115381,0.114537
4351,30,0.363856,0.010215,0.01133,0.182429,0.43217,0.050393,0.949607,0.128157,0.12665
4352,32,0.364185,0.010009,0.010473,0.182594,0.432739,0.051191,0.948809,0.106808,0.102583
4353,32,0.3637,0.01024,0.010583,0.182544,0.432933,0.05076,0.94924,0.130746,0.132764
4354,24,0.364269,0.010002,0.010128,0.18258,0.43302,0.050686,0.949314,0.119838,0.120006
4355,26,0.363931,0.009997,0.010681,0.182518,0.432873,0.05084,0.94916,0.128081,0.127135
4356,32,0.36413,0.010008,0.010008,0.182656,0.433199,0.051061,0.948939,0.117224,0.115919
4357,32,0.364025,0.009997,0.009997,0.182603,0.433377,0.051424,0.948576,0.114502,0.11247
4358,30,0.364212,0.009997,0.009997,0.182548,0.433246,0.051393,0.948607,0.109635,0.109605
4359,26,0.364074,0.010002,0.010002,0.182586,0.433336,0.0511,0.9489,0.124428,0.125772
4360,32,0.36411,0.009999,0.009999,0.182577,0.433314,0.050986,0.949014,0.111889,0.112246
4361,30,0.364298,0.009997,0.009997,0.182522,0.433185,0.050998,0.949002,0.116222,0.115972
4362,26,0.364332,0.009996,0.009996,0.182454,0.433222,0.051016,0.948984,0.111082,0.110815
4363,32,0.364481,0.009998,0.009998,0.182409,0.433115,0.051947,0.948053,0.115135,0.110176
4364,24,0.364617,0.009998,0.009998,0.182368,0.433019,0.051548,0.948452,0.120047,0.121916
4365,26,0.36448,0.010002,0.010002,0.182406,0.433109,0.051052,0.948948,0.124352,0.126733
4366,24,0.364046,0.010172,0.010001,0.182421,0.43336,0.05029,0.94971,0.130439,0.134139
4367,30,0.363874,0.010005,0.010005,0.18252,0.433595,0.050139,0.949861,0.123222,0.123797
4368,30,0.363482,0.01037,0.010001,0.18253,0.433617,0.05,0.95,0.139675,0.141066
4369,24,0.364058,0.009997,0.009997,0.182471,0.433477,0.050745,0.949255,0.108646,0.104678
4370,36,0.363904,0.01,0.01,0.18247,0.433626,0.051135,0.948865,0.124468,0.122295
4371,24,0.363925,0.01,0.01,0.182465,0.433611,0.050335,0.949665,0.124187,0.128073
4372,24,0.364082,0.009994,0.009994,0.182358,0.433573,0.051442,0.948558,0.107304,0.101508
4373,38,0.363541,0.010002,0.010002,0.182402,0.434052,0.051326,0.948674,0.123144,0.123542
4374,30,0.363372,0.01,0.01,0.182398,0.434231,0.051413,0.948587,0.128549,0.127911
4375,26,0.36295,0.010007,0.010007,0.182518,0.434519,0.050537,0.949463,0.134368,0.138697
4376,24,0.362954,0.01,0.01,0.182521,0.434525,0.050453,0.949547,0.123812,0.12404
4377,34,0.36306,0.009996,0.009996,0.182443,0.434505,0.050615,0.949385,0.115558,0.114582
4378,36,0.36348,0.009993,0.009993,0.18232,0.434213,0.051605,0.948395,0.096941,0.091743
4379,24,0.363628,0.009997,0.009997,0.182274,0.434103,0.05158,0.94842,0.114698,0.11459
4380,24,0.363862,0.009996,0.009996,0.182205,0.43394,0.051617,0.948383,0.117348,0.116977
4381,32,0.364568,0.009989,0.009989,0.182001,0.433454,0.051682,0.948318,0.090096,0.089534
4382,36,0.364407,0.01,0.01,0.181998,0.433595,0.052174,0.947826,0.128549,0.125814
4383,32,0.364245,0.009998,0.009998,0.181955,0.433805,0.052545,0.947455,0.117679,0.115539
4384,24,0.364469,0.009996,0.010022,0.181882,0.433631,0.053165,0.946835,0.117216,0.113745
4385,24,0.365152,0.00999,0.00999,0.181692,0.433178,0.053809,0.946191,0.10428,0.100641
4386,26,0.364909,0.010417,0.010214,0.181571,0.43289,0.053845,0.946155,0.12599,0.125571
4387,24,0.364453,0.010902,0.010003,0.181624,0.433017,0.053334,0.946666,0.129482,0.132034
4388,24,0.364699,0.010293,0.010006,0.181731,0.433271,0.052927,0.947073,0.124205,0.126135
4389,30,0.364777,0.010003,0.010003,0.181794,0.433422,0.052509,0.947491,0.116654,0.118573
4390,24,0.364799,0.01,0.01,0.18179,0.433412,0.052084,0.947916,0.115978,0.117986
4391,30,0.365003,0.009997,0.009997,0.181731,0.433272,0.052272,0.947728,0.099951,0.098686
4392,36,0.365158,0.009995,0.009995,0.181643,0.43321,0.05238,0.94762,0.107375,0.106533
4393,24,0.365829,0.009989,0.009989,0.181448,0.432745,0.052986,0.947014,0.104231,0.100833
4394,24,0.365527,0.010004,0.010004,0.181528,0.432936,0.052383,0.947617,0.13438,0.137376
4395,24,0.365667,0.009998,0.009998,0.18149,0.432846,0.053119,0.946881,0.117927,0.113821
4396,38,0.365475,0.009995,0.009995,0.181395,0.433141,0.05315,0.94685,0.112121,0.111762
4397,26,0.365335,0.010002,0.010002,0.181431,0.43323,0.052643,0.947357,0.124293,0.126794
4398,24,0.365405,0.009999,0.009999,0.181413,0.433184,0.052535,0.947465,0.12195,0.122323
4399,26,0.365083,0.010455,0.010047,0.181359,0.433056,0.052006,0.947994,0.128034,0.130627
4400,32,0.365318,0.010004,0.010004,0.181435,0.433238,0.052525,0.947475,0.109957,0.107066
4401,32,0.365398,0.009999,0.009999,0.181415,0.43319,0.052564,0.947436,0.110666,0.110293
4402,26,0.365073,0.010511,0.009997,0.18136,0.433059,0.051903,0.948097,0.128068,0.131356
4403,32,0.365422,0.01,0.01,0.181355,0.433224,0.052907,0.947093,0.103634,0.098215
4404,26,0.365349,0.009998,0.009998,0.181319,0.433336,0.052236,0.947764,0.12259,0.125944
4405,30,0.365348,0.01,0.01,0.181318,0.433335,0.053058,0.946942,0.119584,0.115093
4406,26,0.365681,0.009995,0.009995,0.181222,0.433107,0.052581,0.947419,0.10207,0.104346
4407,24,0.365105,0.010588,0.01,0.181216,0.433091,0.052104,0.947896,0.129477,0.131774
4408,30,0.365633,0.010001,0.010001,0.181233,0.433132,0.052761,0.947239,0.103448,0.099774
4409,26,0.365968,0.009995,0.009995,0.181138,0.432905,0.052441,0.947559,0.108708,0.110184
4410,24,0.365739,0.010003,0.010003,0.1812,0.433054,0.052226,0.947774,0.126368,0.127321
4411,24,0.365447,0.010005,0.010005,0.181286,0.433258,0.051878,0.948122,0.128225,0.129858
4412,24,0.365451,0.01,0.01,0.181287,0.433262,0.051402,0.948598,0.123733,0.125997
4413,36,0.364844,0.010397,0.01097,0.181063,0.432726,0.051808,0.948192,0.130207,0.127919
4414,24,0.364907,0.010017,0.010017,0.181374,0.433685,0.0516,0.9484,0.125847,0.126744
4415,24,0.364919,0.01,0.01,0.18138,0.4337,0.052865,0.947135,0.115534,0.10873
4416,36,0.364821,0.010002,0.010002,0.181408,0.433767,0.053154,0.946846,0.122133,0.120423
4417,32,0.364913,0.009986,0.010446,0.181163,0.433492,0.052747,0.947253,0.112805,0.114756
4418,26,0.364998,0.010002,0.010002,0.181205,0.433792,0.052855,0.947145,0.113183,0.112442
4419,30,0.364507,0.010701,0.009997,0.181145,0.43365,0.052322,0.947678,0.129644,0.13226
4420,36,0.364742,0.010003,0.010003,0.1812,0.434051,0.052832,0.947168,0.106783,0.10392
4421,24,0.364835,0.009999,0.009999,0.181176,0.433992,0.052831,0.947169,0.115426,0.115179
4422,30,0.364477,0.01,0.01,0.181182,0.434341,0.053095,0.946905,0.120398,0.118809
4423,24,0.364252,0.010004,0.010004,0.181246,0.434495,0.053144,0.946856,0.126259,0.125808
4424,24,0.364035,0.010004,0.010004,0.18131,0.434648,0.052298,0.947702,0.132198,0.136501
4425,26,0.364373,0.009995,0.009995,0.181216,0.434422,0.051515,0.948485,0.111531,0.115382
4426,36,0.364217,0.01,0.01,0.181215,0.434569,0.051946,0.948054,0.124454,0.122015
4427,24,0.364369,0.009998,0.009998,0.181171,0.434464,0.051498,0.948502,0.114662,0.116756
4428,30,0.364368,0.01,0.01,0.18117,0.434462,0.051375,0.948625,0.126249,0.12672
4429,24,0.364073,0.010005,0.010005,0.181254,0.434663,0.050824,0.949176,0.128116,0.130734
4430,32,0.364053,0.01,0.01,0.181263,0.434683,0.050767,0.949233,0.12528,0.125344
4431,26,0.364441,0.009994,0.009994,0.181152,0.434418,0.050033,0.949967,0.112982,0.116477
4432,32,0.364376,0.009998,0.009998,0.18112,0.434508,0.05,0.95,0.124709,0.125041
4433,24,0.364512,0.009998,0.009998,0.18108,0.434412,0.050727,0.949273,0.117925,0.114062
4434,26,0.36435,0.010002,0.010002,0.181125,0.43452,0.05041,0.94959,0.124497,0.125902
4435,24,0.364126,0.010004,0.010004,0.18119,0.434677,0.050292,0.949708,0.126283,0.126702
4436,24,0.36362,0.010372,0.009999,0.181169,0.434841,0.05,0.95,0.130446,0.134128
4437,26,0.363333,0.01001,0.01001,0.181356,0.43529,0.05,0.95,0.128571,0.131135
4438,38,0.362838,0.010004,0.010004,0.181423,0.435732,0.05051,0.94949,0.121193,0.118465
4439,24,0.362545,0.010005,0.010005,0.181508,0.435937,0.05,0.95,0.128131,0.131275
4440,30,0.362175,0.010378,0.01,0.181508,0.435938,0.05,0.95,0.139626,0.140553
4441,30,0.36221,0.010005,0.010005,0.181606,0.436173,0.050494,0.949506,0.12192,0.119264
4442,36,0.362281,0.009995,0.009995,0.18151,0.43622,0.051049,0.948951,0.102569,0.099563
4443,30,0.362466,0.009997,0.009997,0.181454,0.436086,0.05138,0.94862,0.116254,0.11436
4444,30,0.362228,0.010004,0.010004,0.18152,0.436245,0.051813,0.948187,0.129845,0.127413
4445,24,0.361935,0.010005,0.010005,0.181606,0.43645,0.051186,0.948814,0.128156,0.13121
4446,24,0.361703,0.01,0.01,0.181613,0.436683,0.050661,0.949339,0.120779,0.123251
4447,24,0.361408,0.010005,0.010005,0.181697,0.436885,0.050402,0.949598,0.134336,0.135445
4448,30,0.361175,0.010004,0.010004,0.181766,0.437051,0.050543,0.949457,0.129653,0.128708
4449,30,0.360525,0.010839,0.011229,0.181352,0.436055,0.05048,0.94952,0.132959,0.133078
4450,26,0.360654,0.010202,0.01095,0.181524,0.436669,0.050011,0.949989,0.124586,0.126791
4451,30,0.361274,0.010004,0.010081,0.1816,0.43704,0.050256,0.949744,0.109967,0.108542
4452,32,0.361483,0.009998,0.009998,0.181565,0.436956,0.05022,0.94978,0.106555,0.106558
4453,24,0.361636,0.009998,0.009998,0.181521,0.436849,0.050175,0.949825,0.114738,0.114772
4454,30,0.361398,0.010004,0.010004,0.181587,0.437008,0.050288,0.949712,0.129811,0.129065
4455,32,0.361134,0.009995,0.0106,0.181492,0.43678,0.050777,0.949223,0.126271,0.123626
4456,30,0.361202,0.010014,0.01064,0.181455,0.43669,0.051112,0.948888,0.129145,0.127218
4457,30,0.361291,0.009997,0.010731,0.181406,0.436574,0.051188,0.948812,0.119349,0.118756
4458,30,0.361486,0.010005,0.010005,0.181504,0.436999,0.051909,0.948091,0.116317,0.112427
4459,30,0.361254,0.010004,0.010004,0.181573,0.437165,0.051744,0.948256,0.129783,0.130459
4460,34,0.361163,0.010002,0.010002,0.181601,0.437232,0.052515,0.947485,0.115938,0.111743
4461,24,0.361763,0.009991,0.009991,0.181432,0.436824,0.051905,0.948095,0.101745,0.104678
4462,26,0.361881,0.009998,0.009998,0.181393,0.43673,0.051505,0.948495,0.118405,0.120292
4463,24,0.361901,0.01,0.01,0.181386,0.436714,0.05107,0.94893,0.115903,0.117909
4464,26,0.362647,0.009988,0.009988,0.181174,0.436203,0.050874,0.949126,0.096743,0.09753
4465,24,0.362796,0.009994,0.009994,0.181063,0.436152,0.051043,0.948957,0.11357,0.112519
4466,30,0.362723,0.010015,0.009998,0.181027,0.436237,0.050553,0.949447,0.123102,0.125395
4467,30,0.362626,0.010002,0.010002,0.181058,0.436313,0.050741,0.949259,0.122053,0.12089
4468,32,0.362666,0.009995,0.009995,0.180959,0.436386,0.051356,0.948644,0.106409,0.103094
4469,26,0.362586,0.010001,0.010012,0.180975,0.436426,0.051018,0.948982,0.123534,0.125048
4470,26,0.362519,0.009998,0.009998,0.180942,0.436543,0.05106,0.94894,0.113158,0.112777
4471,24,0.363069,0.009991,0.009991,0.180784,0.436164,0.051191,0.948809,0.10734,0.106462
4472,24,0.362828,0.010019,0.010615,0.180664,0.435874,0.051059,0.948941,0.12984,0.130308
4473,26,0.363517,0.009999,0.009999,0.180649,0.435836,0.051216,0.948784,0.10396,0.102971
4474,32,0.3638,0.009996,0.009996,0.180568,0.435641,0.051228,0.948772,0.11732,0.117077
4475,26,0.363797,0.01,0.01,0.180566,0.435637,0.051317,0.948683,0.116632,0.115998
4476,34,0.363891,0.009999,0.009999,0.180539,0.435572,0.051877,0.948123,0.108795,0.105735
4477,26,0.36389,0.01,0.01,0.180539,0.435571,0.051927,0.948073,0.116729,0.116296
4478,32,0.363445,0.009997,0.009997,0.18049,0.43607,0.051849,0.948151,0.124469,0.124691
4479,26,0.363371,0.009998,0.009998,0.180453,0.43618,0.051344,0.948656,0.118851,0.121293
4480,24,0.363445,0.009995,0.009995,0.18037,0.436194,0.050773,0.949227,0.110926,0.113638
4481,24,0.363306,0.009999,0.010164,0.18036,0.43617,0.05065,0.94935,0.125043,0.125469
4482,24,0.363386,0.010001,0.010001,0.180384,0.436227,0.050267,0.949733,0.124265,0.125991
4483,24,0.363495,0.010559,0.009989,0.180192,0.435764,0.05,0.95,0.119686,0.123093
4484,36,0.363808,0.009999,0.009999,0.180183,0.43601,0.050404,0.949596,0.110582,0.108351
4485,24,0.364484,0.009989,0.009989,0.179991,0.435546,0.051284,0.948716,0.098045,0.093408
4486,26,0.36434,0.010002,0.010002,0.180026,0.43563,0.050757,0.949243,0.124357,0.126887
4487,26,0.364206,0.010002,0.010002,0.180065,0.435725,0.05029,0.94971,0.128126,0.130328
4488,24,0.364129,0.009998,0.009998,0.180027,0.435848,0.050265,0.949735,0.117854,0.117754
4489,32,0.364179,0.009996,0.010207,0.179952,0.435666,0.050473,0.949527,0.12299,0.121762
4490,24,0.363802,0.010002,0.010002,0.179994,0.4362,0.05,0.95,0.126667,0.130365
4491,32,0.363916,0.009995,0.009995,0.179913,0.436181,0.05,0.95,0.103513,0.103597
4492,32,0.363493,0.009999,0.009999,0.179894,0.436615,0.05,0.95,0.114788,0.114824
4493,32,0.363211,0.010002,0.010002,0.179926,0.43686,0.05,0.95,0.12179,0.122005
4494,24,0.363448,0.009996,0.009996,0.17986,0.4367,0.05016,0.94984,0.117339,0.116359
4495,24,0.36315,0.010005,0.010005,0.179942,0.436899,0.05,0.95,0.126043,0.128238
4496,24,0.36339,0.009996,0.009996,0.179877,0.436741,0.050999,0.949001,0.111043,0.105839
4497,24,0.363408,0.01,0.01,0.17987,0.436723,0.050877,0.949123,0.124196,0.124603
4498,26,0.363671,0.009993,0.009993,0.179739,0.436604,0.050529,0.949471,0.105246,0.106816
4499,30,0.364022,0.009994,0.009994,0.179636,0.436354,0.051202,0.948798,0.102996,0.099359
4500,30,0.364438,0.009988,0.009988,0.179421,0.436165,0.051969,0.948031,0.096467,0.092341
4501,26,0.364479,0.009999,0.009999,0.179402,0.436121,0.051612,0.948388,0.114798,0.116436
4502,26,0.364406,0.009998,0.009998,0.179366,0.436232,0.050865,0.949135,0.122602,0.126253
4503,26,0.364617,0.009997,0.009997,0.179306,0.436084,0.050909,0.949091,0.117416,0.116977
4504,24,0.364615,0.01,0.01,0.179304,0.436081,0.050434,0.949566,0.123725,0.125948
4505,30,0.364048,0.010654,0.010056,0.179207,0.436034,0.050503,0.949497,0.136244,0.135698
4506,24,0.364228,0.010005,0.010005,0.179296,0.436466,0.051697,0.948303,0.111667,0.105381
4507,30,0.364061,0.01,0.01,0.179293,0.436647,0.051968,0.948032,0.128522,0.126918
4508,30,0.364249,0.009997,0.009997,0.17924,0.436517,0.05262,0.94738,0.116203,0.112617
4509,38,0.364034,0.009999,0.009999,0.179224,0.436743,0.052166,0.947834,0.117005,0.119191
4510,24,0.364205,0.009997,0.009997,0.179175,0.436625,0.052092,0.947908,0.118863,0.119082
4511,24,0.363909,0.010005,0.010005,0.179257,0.436825,0.051835,0.948165,0.134361,0.135479
4512,32,0.363851,0.010001,0.010001,0.179276,0.43687,0.052482,0.947518,0.115468,0.111906
4513,30,0.363553,0.010002,0.010002,0.179312,0.43713,0.052315,0.947685,0.12676,0.127447
4514,32,0.363534,0.009993,0.009993,0.179184,0.437297,0.052695,0.947305,0.106682,0.104485
4515,24,0.363083,0.010241,0.010003,0.179239,0.437433,0.052112,0.947888,0.135739,0.138616
4516,26,0.363036,0.010005,0.010005,0.179322,0.437633,0.051507,0.948493,0.128236,0.131223
4517,24,0.362744,0.010005,0.010005,0.179406,0.43784,0.0511,0.9489,0.12614,0.12805
4518,24,0.362748,0.01,0.01,0.179408,0.437844,0.052345,0.947655,0.11345,0.10681
4519,32,0.362636,0.009999,0.009999,0.17939,0.437977,0.053147,0.946853,0.114002,0.109577
4520,26,0.362427,0.01,0.01,0.179392,0.438181,0.053106,0.946894,0.124553,0.124576
4521,32,0.362308,0.009999,0.010019,0.17937,0.438304,0.053056,0.946944,0.126164,0.126237
4522,26,0.362352,0.009996,0.009996,0.179307,0.438349,0.053099,0.946901,0.111161,0.110755
4523,30,0.362517,0.009996,0.010055,0.179242,0.43819,0.054132,0.945868,0.116163,0.110461
4524,36,0.362437,0.010002,0.010002,0.179279,0.43828,0.053993,0.946007,0.126237,0.126798
4525,28,0.362106,0.010002,0.010002,0.179321,0.438568,0.053378,0.946622,0.125235,0.128361
4526,30,0.362379,0.009995,0.010026,0.179237,0.438363,0.054027,0.945973,0.106507,0.102812
4527,24,0.362091,0.010005,0.010005,0.179324,0.438576,0.05328,0.94672,0.134326,0.138157
4528,32,0.362349,0.009996,0.009996,0.179254,0.438405,0.053501,0.946499,0.098236,0.096801
4529,30,0.362595,0.009996,0.009996,0.179183,0.43823,0.053338,0.946662,0.106058,0.106627
4530,32,0.362643,0.009999,0.009999,0.179167,0.438191,0.054464,0.945536,0.110042,0.103804
4531,24,0.362003,0.010947,0.009995,0.179079,0.437976,0.053457,0.946543,0.134211,0.139452
4532,28,0.362534,0.010006,0.010006,0.179194,0.438259,0.05359,0.94641,0.112035,0.111138
4533,30,0.362437,0.010002,0.010002,0.179225,0.438334,0.053681,0.946319,0.121838,0.12113
4534,24,0.363116,0.009989,0.009989,0.179035,0.43787,0.05469,0.94531,0.098095,0.092393
4535,26,0.363251,0.009994,0.009994,0.178936,0.437825,0.054074,0.945926,0.113991,0.117134
4536,30,0.363246,0.01,0.01,0.178934,0.43782,0.053816,0.946184,0.119723,0.120886
4537,24,0.36371,0.009993,0.009993,0.178803,0.437501,0.053116,0.946884,0.103002,0.106485
4538,30,0.364572,0.009986,0.009986,0.178557,0.436899,0.053553,0.946447,0.086341,0.083809
4539,26,0.364523,0.009993,0.01044,0.178437,0.436606,0.053481,0.946519,0.118211,0.118376
4540,24,0.364303,0.010007,0.010238,0.178556,0.436896,0.053369,0.946631,0.134348,0.134755
4541,24,0.364586,0.009994,0.01011,0.178452,0.436858,0.053101,0.946899,0.115947,0.117122
4542,24,0.364481,0.01,0.01,0.17845,0.437068,0.052586,0.947414,0.119345,0.121875
4543,30,0.364169,0.010212,0.010002,0.178479,0.437138,0.052278,0.947722,0.12305,0.124464
4544,26,0.364111,0.010004,0.010004,0.178555,0.437325,0.051709,0.948291,0.12825,0.131063
4545,32,0.364066,0.010001,0.010001,0.17857,0.437362,0.052135,0.947865,0.126441,0.124032
4546,24,0.364302,0.009996,0.009996,0.178504,0.437201,0.052961,0.947039,0.117334,0.11275
4547,24,0.363809,0.01015,0.010002,0.178539,0.4375,0.052366,0.947634,0.131884,0.134839
4548,24,0.36357,0.010006,0.010006,0.178649,0.437769,0.052256,0.947744,0.134353,0.134748
4549,24,0.36328,0.010005,0.010005,0.178733,0.437977,0.05163,0.94837,0.126154,0.129216
4550,26,0.363211,0.009998,0.009998,0.1787,0.438093,0.051554,0.948446,0.122508,0.122714
4551,30,0.363376,0.009996,0.010056,0.178635,0.437936,0.052592,0.947408,0.116142,0.110597
4552,24,0.363101,0.010005,0.010005,0.178727,0.438162,0.05193,0.94807,0.128154,0.13143
4553,24,0.362499,0.010556,0.010078,0.178659,0.438209,0.051785,0.948215,0.130373,0.130926
4554,30,0.362729,0.010006,0.010006,0.178772,0.438487,0.052481,0.947519,0.119704,0.1159
4555,36,0.362892,0.009993,0.01026,0.178655,0.4382,0.052386,0.947614,0.110398,0.110706
4556,32,0.363013,0.009997,0.010338,0.178596,0.438056,0.052747,0.947253,0.117326,0.115237
4557,26,0.362713,0.01001,0.01001,0.178775,0.438493,0.052229,0.947771,0.128656,0.131208
4558,26,0.362584,0.010002,0.010002,0.178816,0.438595,0.051842,0.948158,0.128238,0.130092
4559,32,0.362538,0.010001,0.010001,0.178831,0.43863,0.051712,0.948288,0.126333,0.126798
4560,24,0.362538,0.01,0.01,0.178831,0.438631,0.052956,0.947044,0.113453,0.106744
4561,30,0.362625,0.009999,0.009999,0.178807,0.438571,0.05341,0.94659,0.11836,0.115741
4562,30,0.362666,0.009996,0.009996,0.178741,0.4386,0.053745,0.946255,0.113399,0.111371
4563,30,0.362427,0.010004,0.010004,0.178806,0.438759,0.053572,0.946428,0.123087,0.123784
4564,32,0.362413,0.010428,0.010091,0.178662,0.438406,0.053374,0.946626,0.124738,0.12561
4565,24,0.362276,0.010588,0.010359,0.178578,0.4382,0.052663,0.947337,0.124111,0.127652
4566,26,0.36273,0.010003,0.010089,0.178636,0.438542,0.052242,0.947758,0.113946,0.115957
4567,30,0.362464,0.010003,0.010003,0.178688,0.438841,0.051963,0.948037,0.126641,0.127881
4568,26,0.362592,0.009998,0.009998,0.178654,0.438758,0.05166,0.94834,0.118412,0.119799
4569,28,0.362638,0.009996,0.009996,0.178588,0.438781,0.05105,0.94895,0.114152,0.117105
4570,26,0.36285,0.009997,0.009997,0.178527,0.43863,0.050683,0.949317,0.117562,0.119245
4571,24,0.362769,0.009998,0.009998,0.178487,0.438748,0.05,0.95,0.117795,0.121349
4572,24,0.363319,0.009991,0.009991,0.178332,0.438366,0.05,0.95,0.107221,0.10723
4573,32,0.363312,0.01,0.01,0.178329,0.438359,0.050198,0.949802,0.116111,0.11496
4574,24,0.36347,0.009994,0.009994,0.178225,0.438317,0.05035,0.94965,0.113556,0.112615
4575,26,0.363329,0.010002,0.010002,0.178261,0.438406,0.05,0.95,0.128159,0.130974
4576,32,0.363262,0.010001,0.010001,0.178281,0.438455,0.05,0.95,0.124592,0.125401
4577,24,0.363224,0.010088,0.010072,0.178246,0.43837,0.05,0.95,0.124143,0.125265
4578,32,0.36337,0.009997,0.009997,0.1782,0.438435,0.050881,0.949119,0.111951,0.107363
4579,38,0.363541,0.009991,0.009991,0.178047,0.43843,0.051155,0.948845,0.107596,0.105968
4580,24,0.363672,0.009998,0.009998,0.178005,0.438327,0.052265,0.947735,0.111748,0.105842
4581,26,0.364129,0.009993,0.009993,0.177876,0.43801,0.052537,0.947463,0.104042,0.102404
4582,36,0.363914,0.009998,0.009998,0.177847,0.438243,0.052398,0.947602,0.125795,0.126286
4583,24,0.36397,0.009999,0.009999,0.17783,0.438202,0.051714,0.948286,0.115672,0.11902
4584,24,0.363863,0.010345,0.009996,0.177762,0.438035,0.050763,0.949237,0.124146,0.128813
4585,30,0.363949,0.010105,0.010002,0.177804,0.438139,0.050629,0.949371,0.119559,0.120022
4586,26,0.36378,0.010001,0.010001,0.177826,0.438391,0.05,0.95,0.124673,0.127782
4587,26,0.363537,0.010243,0.010052,0.177812,0.438356,0.05,0.95,0.128045,0.130384
4588,30,0.363473,0.01,0.01,0.177819,0.438708,0.05,0.95,0.117096,0.119191
4589,36,0.363252,0.009999,0.009999,0.177803,0.438946,0.05,0.95,0.11576,0.115803
4590,30,0.363269,0.009994,0.009994,0.177705,0.439038,0.050308,0.949692,0.107039,0.105296
4591,36,0.363221,0.009996,0.009996,0.177637,0.439149,0.050931,0.949069,0.104626,0.101317
4592,32,0.362823,0.009999,0.009999,0.177612,0.439567,0.050989,0.949011,0.128596,0.128112
4593,24,0.363196,0.009994,0.009994,0.177508,0.439308,0.05205,0.94795,0.107388,0.101751
4594,30,0.362855,0.01,0.01,0.177507,0.439639,0.051854,0.948146,0.120353,0.121168
4595,26,0.362719,0.010002,0.010002,0.177544,0.439733,0.051214,0.948786,0.128244,0.13137
4596,24,0.362663,0.009998,0.009998,0.177501,0.439841,0.051118,0.948882,0.120405,0.120676
4597,24,0.362661,0.01,0.01,0.1775,0.439839,0.050689,0.949311,0.12164,0.123645
4598,24,0.362815,0.009998,0.009998,0.177457,0.439732,0.050017,0.949983,0.114832,0.118021
4599,24,0.363256,0.009993,0.009993,0.177333,0.439425,0.051117,0.948883,0.1025,0.096752
4600,24,0.363629,0.009994,0.009994,0.177225,0.439158,0.050605,0.949395,0.110184,0.112582
4601,24,0.363188,0.010003,0.010003,0.177285,0.439521,0.05,0.95,0.131912,0.135743
4602,26,0.363155,0.009994,0.009994,0.177185,0.439671,0.050107,0.949893,0.107579,0.106859
4603,24,0.363304,0.009997,0.009997,0.177141,0.43956,0.05,0.95,0.114703,0.117411
4604,32,0.363041,0.010544,0.009993,0.177012,0.439409,0.05,0.95,0.133926,0.134
4605,36,0.362954,0.01035,0.010002,0.177045,0.439648,0.050044,0.949956,0.123421,0.12304
4606,30,0.362674,0.010005,0.010005,0.177128,0.440188,0.05,0.95,0.120609,0.122629
4607,32,0.362784,0.009994,0.009994,0.177014,0.440215,0.05,0.95,0.106716,0.107919
4608,30,0.362451,0.01,0.01,0.17701,0.44054,0.05,0.95,0.117883,0.121602
4609,30,0.361981,0.009999,0.009999,0.177,0.44102,0.05,0.95,0.117496,0.119862
4610,30,0.362087,0.009998,0.009998,0.17697,0.440946,0.050293,0.949707,0.123013,0.121305
4611,24,0.361713,0.010002,0.010002,0.177013,0.441269,0.05,0.95,0.122205,0.125667
4612,30,0.361519,0.01,0.01,0.177016,0.441465,0.050273,0.949727,0.118724,0.117183
4613,24,0.36154,0.01,0.01,0.17701,0.441451,0.05,0.95,0.124269,0.125727
4614,24,0.36117,0.01021,0.010003,0.177055,0.441563,0.05,0.95,0.134263,0.135873
4615,30,0.361525,0.009998,0.009998,0.177015,0.441464,0.050028,0.949972,0.105762,0.105366
4616,24,0.36115,0.010002,0.010002,0.177058,0.441786,0.05,0.95,0.130453,0.131664
4617,30,0.361298,0.009998,0.009998,0.177019,0.441688,0.050544,0.949456,0.112792,0.109873
4618,30,0.360992,0.010002,0.010002,0.17705,0.441955,0.050283,0.949717,0.119781,0.120903
4619,32,0.361159,0.009995,0.009995,0.176956,0.441896,0.051294,0.948706,0.103624,0.098344
4620,32,0.361535,0.009991,0.009991,0.176802,0.44168,0.051773,0.948227,0.100827,0.098143
4621,34,0.361783,0.009996,0.009996,0.176729,0.441496,0.051743,0.948257,0.109308,0.109227
4622,26,0.361836,0.009996,0.009996,0.176657,0.441515,0.051584,0.948416,0.11353,0.11417
4623,24,0.361759,0.010001,0.010001,0.176676,0.441563,0.050943,0.949057,0.125104,0.128206
4624,26,0.361973,0.009997,0.009997,0.176617,0.441416,0.050505,0.949495,0.117514,0.119564
4625,24,0.361676,0.010005,0.010005,0.176698,0.441618,0.05,0.95,0.128142,0.131122
4626,30,0.361618,0.009996,0.009996,0.176624,0.441766,0.050443,0.949557,0.107549,0.105139
4627,38,0.36126,0.010001,0.010001,0.176643,0.442095,0.05041,0.94959,0.125211,0.125157
4628,30,0.361159,0.010002,0.010002,0.176672,0.442167,0.050755,0.949245,0.12183,0.119877
4629,24,0.360831,0.010096,0.010004,0.176738,0.442332,0.050333,0.949667,0.128011,0.129955
4630,32,0.36129,0.009994,0.009994,0.176638,0.442083,0.051037,0.948963,0.093138,0.089412
4631,30,0.361351,0.009994,0.010335,0.176524,0.441796,0.051459,0.948541,0.115973,0.113628
4632,26,0.361262,0.010003,0.010003,0.176584,0.442147,0.050964,0.949036,0.120868,0.123252
4633,32,0.360935,0.010298,0.010001,0.176594,0.442172,0.050851,0.949149,0.123825,0.124231
4634,24,0.36135,0.009998,0.010028,0.176554,0.442071,0.050194,0.949806,0.119802,0.12292
4635,32,0.361633,0.009996,0.009996,0.176483,0.441892,0.050018,0.949982,0.109288,0.109944
4636,32,0.36202,0.009994,0.009994,0.176373,0.441619,0.050772,0.949228,0.094081,0.090121
4637,32,0.36179,0.010003,0.010013,0.176431,0.441763,0.05135,0.94865,0.125481,0.122361
4638,24,0.361467,0.010096,0.010004,0.176499,0.441934,0.050756,0.949244,0.134274,0.137133
4639,30,0.361677,0.009998,0.010041,0.176457,0.441828,0.05107,0.94893,0.116099,0.114277
4640,24,0.361691,0.01,0.01,0.176464,0.441845,0.052336,0.947664,0.115532,0.108794
4641,30,0.361881,0.009997,0.009997,0.176411,0.441714,0.052251,0.947749,0.116116,0.116358
4642,36,0.362072,0.009997,0.009997,0.176357,0.441578,0.05278,0.94722,0.107581,0.104617
4643,24,0.362525,0.009993,0.009993,0.17623,0.441259,0.05294,0.94706,0.108243,0.107175
4644,26,0.362645,0.009998,0.009998,0.176193,0.441166,0.05263,0.94737,0.114488,0.115911
4645,30,0.362754,0.009998,0.009998,0.176161,0.441088,0.053589,0.946411,0.11674,0.111461
4646,24,0.36238,0.010002,0.010002,0.176204,0.441411,0.052967,0.947033,0.124346,0.127479
4647,26,0.362491,0.009998,0.009998,0.176175,0.441338,0.053002,0.946998,0.114629,0.114262
4648,34,0.362751,0.009996,0.009996,0.176102,0.441155,0.053477,0.946523,0.105761,0.103049
4649,30,0.363214,0.009993,0.009993,0.175972,0.440829,0.053701,0.946299,0.106539,0.105086
4650,26,0.363,0.01,0.01,0.175972,0.441028,0.052993,0.947007,0.124571,0.128152
4651,24,0.362627,0.010002,0.010002,0.176016,0.441353,0.052287,0.947713,0.12434,0.127852
4652,32,0.362694,0.009996,0.009996,0.17595,0.441364,0.052583,0.947417,0.120015,0.118276
4653,32,0.362953,0.009996,0.009996,0.175876,0.441179,0.052429,0.947571,0.110737,0.111278
4654,32,0.362803,0.010002,0.010002,0.175915,0.441277,0.053042,0.946958,0.120392,0.116977
4655,30,0.362569,0.010004,0.010004,0.175981,0.441443,0.053143,0.946857,0.129703,0.128906
4656,26,0.362786,0.009997,0.009997,0.175923,0.441297,0.052499,0.947501,0.117465,0.120659
4657,24,0.362706,0.009998,0.009998,0.175884,0.441415,0.051606,0.948394,0.126029,0.130472
4658,38,0.362575,0.009997,0.010328,0.175827,0.441273,0.051588,0.948412,0.122644,0.122562
4659,26,0.362556,0.010005,0.010005,0.175922,0.441511,0.050905,0.949095,0.128145,0.13149
4660,26,0.362774,0.009997,0.009997,0.175865,0.441367,0.050311,0.949689,0.117566,0.12038
4661,24,0.362399,0.010002,0.010002,0.175907,0.441689,0.05,0.95,0.124315,0.126117
4662,30,0.362102,0.010002,0.010002,0.175943,0.441951,0.05,0.95,0.126742,0.126899
4663,24,0.361727,0.010228,0.010002,0.175985,0.442057,0.05,0.95,0.134263,0.137824
4664,24,0.361437,0.010005,0.010005,0.17607,0.442484,0.05,0.95,0.124316,0.126086
4665,32,0.361618,0.009997,0.009997,0.176022,0.442365,0.050064,0.949936,0.122061,0.121575
4666,34,0.36165,0.009997,0.009997,0.175966,0.44239,0.051096,0.948904,0.105971,0.100612
4667,30,0.361648,0.01,0.01,0.175965,0.442388,0.05166,0.94834,0.119529,0.116431
4668,24,0.361884,0.009996,0.009996,0.1759,0.442224,0.052821,0.947179,0.109077,0.102802
4669,30,0.361977,0.009995,0.009995,0.17582,0.442212,0.052517,0.947483,0.112907,0.114314
4670,24,0.362321,0.009994,0.009994,0.175723,0.441968,0.053274,0.946726,0.109577,0.105314
4671,24,0.362338,0.01,0.01,0.175715,0.441948,0.053035,0.946965,0.124223,0.125243
4672,24,0.361964,0.010002,0.010002,0.175758,0.442272,0.052343,0.947657,0.130511,0.133981
4673,26,0.362426,0.009993,0.009993,0.175632,0.441956,0.052403,0.947597,0.104079,0.103565
4674,26,0.362285,0.010002,0.010002,0.175667,0.442044,0.051874,0.948126,0.124353,0.126943
4675,30,0.36264,0.009994,0.009994,0.175571,0.4418,0.051795,0.948205,0.115763,0.11598
4676,26,0.362428,0.01,0.01,0.175571,0.442001,0.051287,0.948713,0.120784,0.123231
4677,30,0.362394,0.009995,0.009995,0.175489,0.442126,0.051741,0.948259,0.109174,0.106644
4678,26,0.362516,0.009998,0.009998,0.175453,0.442035,0.051479,0.948521,0.114527,0.115673
4679,24,0.362064,0.01,0.01,0.175458,0.442478,0.051081,0.948919,0.120449,0.122306
4680,38,0.362888,0.009987,0.009987,0.175231,0.441907,0.051493,0.948507,0.081255,0.078943
4681,30,0.361877,0.011096,0.010982,0.174921,0.441125,0.051438,0.948562,0.139441,0.139525
4682,24,0.362808,0.010007,0.010687,0.175049,0.441449,0.051529,0.948471,0.110064,0.109331
4683,30,0.362589,0.010006,0.010006,0.175161,0.442237,0.051295,0.948705,0.110905,0.111902
4684,26,0.362719,0.009998,0.009998,0.175129,0.442156,0.050803,0.949197,0.114546,0.11687
4685,24,0.362895,0.009989,0.010512,0.174936,0.441668,0.050563,0.949437,0.112041,0.112982
4686,36,0.363019,0.01,0.010226,0.174936,0.441818,0.051337,0.948663,0.11044,0.106334
4687,24,0.36297,0.010418,0.009998,0.174897,0.441718,0.05063,0.94937,0.124139,0.127536
4688,24,0.363079,0.010117,0.010003,0.174949,0.441851,0.051448,0.948552,0.121572,0.117186
4689,30,0.362993,0.010003,0.010003,0.175006,0.441994,0.051752,0.948248,0.126495,0.124675
4690,36,0.362841,0.009996,0.009996,0.174933,0.442235,0.052252,0.947748,0.112396,0.109586
4691,36,0.362705,0.009997,0.009997,0.174884,0.442417,0.052125,0.947875,0.125533,0.125962
4692,30,0.3626,0.010002,0.010002,0.174911,0.442486,0.052616,0.947384,0.121849,0.119066
4693,24,0.362523,0.009998,0.009998,0.174874,0.442607,0.051902,0.948098,0.126111,0.129669
4694,24,0.362158,0.010445,0.010594,0.174682,0.442121,0.051772,0.948228,0.12407,0.124512
4695,24,0.362984,0.010003,0.010003,0.17474,0.442269,0.051195,0.948805,0.110443,0.1132
4696,36,0.362814,0.01,0.01,0.174748,0.442437,0.051213,0.948787,0.124504,0.124218
4697,32,0.362943,0.009998,0.009998,0.174713,0.442348,0.050919,0.949081,0.118548,0.119894
4698,32,0.362583,0.010001,0.010001,0.174725,0.442691,0.050932,0.949068,0.115218,0.114982
4699,30,0.361578,0.011093,0.010995,0.174419,0.441915,0.050878,0.949122,0.139439,0.139517
4700,32,0.362366,0.01002,0.01002,0.174775,0.442818,0.051419,0.948581,0.112564,0.10963
4701,26,0.361886,0.010005,0.010005,0.174863,0.443241,0.051032,0.948968,0.130732,0.132535
4702,24,0.361594,0.010005,0.010005,0.174946,0.44345,0.05064,0.94936,0.13434,0.136169
4703,24,0.361056,0.010291,0.010001,0.174958,0.443695,0.05,0.95,0.131849,0.136035
4704,30,0.36135,0.01,0.01,0.174957,0.443693,0.05,0.95,0.126126,0.126121
4705,30,0.361509,0.010081,0.009996,0.17489,0.443524,0.05,0.95,0.12597,0.126092
4706,38,0.361923,0.009995,0.009995,0.174798,0.44329,0.05,0.95,0.110084,0.109937
4707,30,0.361894,0.01,0.01,0.174803,0.443303,0.05,0.95,0.119631,0.119569
4708,24,0.361971,0.009995,0.009995,0.174723,0.443315,0.05,0.95,0.110932,0.11424
4709,26,0.362004,0.009996,0.009996,0.174657,0.443346,0.050057,0.949943,0.11107,0.110609
4710,26,0.36193,0.009998,0.009998,0.174621,0.443453,0.050099,0.949901,0.113155,0.112778
4711,24,0.361928,0.01,0.01,0.17462,0.443452,0.05,0.95,0.123825,0.125897
4712,26,0.361857,0.010001,0.010001,0.17464,0.443501,0.05,0.95,0.114072,0.115878
4713,24,0.362094,0.009996,0.009996,0.174575,0.443338,0.050831,0.949169,0.117336,0.112926
4714,30,0.362281,0.009997,0.009997,0.174522,0.443203,0.050818,0.949182,0.109488,0.109366
4715,24,0.362278,0.01,0.01,0.174521,0.4432,0.051636,0.948364,0.121585,0.117179
4716,24,0.362278,0.01,0.01,0.174521,0.4432,0.051091,0.948909,0.121672,0.124277
4717,26,0.362278,0.01,0.01,0.174521,0.4432,0.050768,0.949232,0.122307,0.123784
4718,30,0.362417,0.009998,0.009998,0.174484,0.443104,0.051084,0.948916,0.116334,0.114522
4719,24,0.362789,0.009994,0.009994,0.17438,0.442842,0.052048,0.947952,0.105368,0.100222
4720,24,0.362412,0.010002,0.010002,0.174422,0.443162,0.051621,0.948379,0.124251,0.126285
4721,24,0.362787,0.009994,0.009994,0.17432,0.442904,0.052592,0.947408,0.107381,0.102141
4722,26,0.362289,0.010005,0.010005,0.174399,0.443303,0.052258,0.947742,0.130747,0.13231
4723,36,0.362479,0.009994,0.010184,0.174297,0.443046,0.052126,0.947874,0.117309,0.11781
4724,24,0.362342,0.010007,0.010341,0.174288,0.443022,0.051528,0.948472,0.125067,0.127975
4725,24,0.362815,0.009998,0.009998,0.174254,0.442935,0.052287,0.947713,0.109583,0.105407
4726,24,0.36275,0.010173,0.009998,0.174223,0.442856,0.051545,0.948455,0.121581,0.125222
4727,30,0.362576,0.010005,0.010005,0.174317,0.443096,0.05149,0.94851,0.129836,0.129923
4728,32,0.36258,0.01,0.01,0.174319,0.443101,0.051405,0.948595,0.122205,0.122474
4729,26,0.362794,0.009997,0.009997,0.174261,0.442952,0.05093,0.94907,0.113746,0.115994
4730,30,0.36269,0.010002,0.010002,0.174287,0.44302,0.051113,0.948887,0.115287,0.11414
4731,26,0.362691,0.01,0.01,0.174288,0.443021,0.050859,0.949141,0.120395,0.121506
4732,26,0.362691,0.01,0.01,0.174288,0.443021,0.050922,0.949078,0.116728,0.116241
4733,26,0.362619,0.010001,0.010001,0.174307,0.443071,0.050238,0.949762,0.123631,0.126909
4734,26,0.362729,0.009998,0.009998,0.174278,0.442996,0.05026,0.94974,0.114721,0.114457
4735,30,0.362626,0.010002,0.010002,0.174305,0.443066,0.050904,0.949096,0.115256,0.111828
4736,30,0.363503,0.009986,0.009986,0.174066,0.442458,0.051061,0.948939,0.086961,0.085915
4737,24,0.363729,0.009996,0.009996,0.173997,0.442282,0.051871,0.948129,0.117319,0.112932
4738,24,0.363764,0.009995,0.010054,0.17391,0.442277,0.051684,0.948316,0.122344,0.123097
4739,28,0.363782,0.01,0.01,0.173919,0.442299,0.051189,0.948811,0.122821,0.125209
4740,26,0.363574,0.01,0.01,0.173922,0.442504,0.05072,0.94928,0.124652,0.126887
4741,32,0.363703,0.009998,0.009998,0.173886,0.442415,0.050893,0.949107,0.107607,0.106523
4742,30,0.364137,0.009993,0.009993,0.173767,0.44211,0.051255,0.948745,0.102681,0.100566
4743,24,0.364216,0.009999,0.009999,0.173741,0.442046,0.050635,0.949365,0.122718,0.125691
4744,26,0.363916,0.010395,0.010048,0.1737,0.441941,0.050602,0.949398,0.128036,0.12803
4745,32,0.364144,0.009999,0.009999,0.173676,0.442183,0.050981,0.949019,0.111194,0.109097
4746,24,0.36406,0.010224,0.009998,0.173637,0.442081,0.050242,0.949758,0.121575,0.125117
4747,24,0.363666,0.010326,0.010005,0.173717,0.442287,0.05,0.95,0.135734,0.139394
4748,30,0.363975,0.01,0.01,0.173723,0.442302,0.050497,0.949503,0.116165,0.113482
4749,24,0.363975,0.01,0.01,0.173723,0.442302,0.051744,0.948256,0.113455,0.106885
4750,26,0.363553,0.010007,0.010007,0.173838,0.442595,0.051172,0.948828,0.128516,0.131284
4751,36,0.363813,0.009992,0.009992,0.173698,0.442505,0.051727,0.948273,0.092947,0.089877
4752,32,0.363984,0.009997,0.009997,0.173647,0.442375,0.052095,0.947905,0.117423,0.11535
4753,24,0.364218,0.009996,0.009996,0.173581,0.442209,0.051984,0.948016,0.117421,0.117806
4754,36,0.364059,0.01,0.01,0.173579,0.442361,0.052249,0.947751,0.119311,0.117758
4755,30,0.363545,0.010359,0.010641,0.173443,0.442013,0.052322,0.947678,0.139318,0.138757
4756,36,0.36393,0.010007,0.010007,0.17357,0.442485,0.052302,0.947698,0.126893,0.126783
4757,26,0.364035,0.009994,0.010308,0.17346,0.442204,0.05245,0.94755,0.117393,0.116404
4758,24,0.36438,0.009999,0.009999,0.173448,0.442174,0.052987,0.947013,0.1174,0.114366
4759,30,0.36449,0.009998,0.009998,0.173417,0.442097,0.053323,0.946677,0.116778,0.114772
4760,26,0.365352,0.009986,0.009986,0.173181,0.441494,0.053552,0.946448,0.091937,0.090492
4761,26,0.365134,0.01,0.01,0.173179,0.441688,0.053079,0.946921,0.124556,0.126902
4762,24,0.365358,0.009996,0.010024,0.17311,0.441512,0.053648,0.946352,0.117188,0.113958
4763,24,0.365386,0.01,0.01,0.173108,0.441507,0.053261,0.946739,0.115974,0.117821
4764,26,0.366045,0.00999,0.00999,0.172928,0.441048,0.053256,0.946744,0.103648,0.103441
4765,30,0.365673,0.01,0.010352,0.172928,0.441047,0.052817,0.947183,0.129731,0.131842
4766,30,0.365088,0.010493,0.010804,0.172826,0.440788,0.052952,0.947048,0.139556,0.138636
4767,24,0.365267,0.010018,0.010018,0.173131,0.441566,0.052326,0.947674,0.126225,0.129348
4768,32,0.365258,0.009998,0.009998,0.173095,0.441651,0.052346,0.947654,0.112848,0.112521
4769,26,0.365121,0.010002,0.010002,0.173131,0.441744,0.051992,0.948008,0.12246,0.124135
4770,32,0.36497,0.009998,0.009998,0.173091,0.441944,0.052412,0.947588,0.113403,0.111023
4771,36,0.365154,0.009993,0.009993,0.172967,0.441894,0.052823,0.947177,0.106413,0.104076
4772,24,0.36507,0.009998,0.009998,0.172927,0.442008,0.052164,0.947836,0.119873,0.123137
4773,30,0.364711,0.01,0.01,0.172933,0.442356,0.052498,0.947502,0.120359,0.118417
4774,32,0.364823,0.009995,0.009995,0.172854,0.442332,0.05279,0.94721,0.114274,0.11256
4775,32,0.36482,0.01,0.01,0.172853,0.442328,0.052845,0.947155,0.125194,0.124702
4776,30,0.364831,0.01,0.01,0.172849,0.44232,0.052508,0.947492,0.11621,0.117697
4777,30,0.364927,0.009998,0.009998,0.172823,0.442253,0.052546,0.947454,0.113542,0.113103
4778,24,0.364546,0.010237,0.010002,0.172862,0.442353,0.052121,0.947879,0.128028,0.130049
4779,30,0.364222,0.010016,0.010003,0.172921,0.442838,0.051436,0.948564,0.130478,0.133789
4780,32,0.364117,0.009999,0.009999,0.172907,0.442978,0.051588,0.948412,0.113061,0.112045
4781,32,0.364068,0.010001,0.010001,0.17292,0.443011,0.052023,0.947977,0.117076,0.114641
4782,30,0.363909,0.009996,0.010102,0.172844,0.44315,0.052375,0.947625,0.110239,0.108209
4783,32,0.363944,0.010001,0.010001,0.172861,0.443193,0.052111,0.947889,0.125235,0.126422
4784,32,0.363724,0.010003,0.010003,0.172921,0.443348,0.051968,0.948032,0.125548,0.126114
4785,26,0.363435,0.01037,0.010053,0.172885,0.443256,0.051918,0.948082,0.128036,0.128111
4786,32,0.363654,0.01,0.01,0.172893,0.443453,0.052084,0.947916,0.104585,0.103541
4787,30,0.363842,0.009997,0.009997,0.172842,0.443322,0.052544,0.947456,0.109596,0.106987
4788,24,0.36384,0.01,0.01,0.172841,0.443319,0.053452,0.946548,0.121681,0.116616
4789,26,0.363632,0.01,0.01,0.172843,0.443524,0.052835,0.947165,0.12467,0.127788
4790,30,0.363535,0.010194,0.010569,0.172657,0.443045,0.053061,0.946939,0.125877,0.124473
4791,30,0.36323,0.01061,0.010348,0.172688,0.443125,0.052764,0.947236,0.129625,0.130997
4792,24,0.36416,0.01,0.01,0.172695,0.443144,0.053709,0.946291,0.099033,0.093822
4793,36,0.363958,0.010216,0.009995,0.172615,0.443216,0.053268,0.946732,0.121097,0.123233
4794,24,0.363654,0.010241,0.010004,0.172691,0.44341,0.052827,0.947173,0.134291,0.136429
4795,32,0.36384,0.009997,0.010217,0.172647,0.443299,0.053084,0.946916,0.110787,0.109246
4796,32,0.363918,0.010002,0.010002,0.172684,0.443394,0.052853,0.947147,0.126829,0.127867
4797,24,0.363919,0.01,0.01,0.172685,0.443395,0.053761,0.946239,0.12169,0.116599
4798,32,0.36392,0.01,0.01,0.172685,0.443396,0.053675,0.946325,0.120585,0.120841
4799,24,0.363625,0.010005,0.010005,0.172765,0.443601,0.053078,0.946922,0.128142,0.131137
4800,24,0.363782,0.009998,0.009998,0.172725,0.443498,0.052658,0.947342,0.114658,0.11664
4801,32,0.363732,0.010001,0.010001,0.172737,0.443529,0.053498,0.946502,0.117199,0.112546
4802,30,0.364249,0.009992,0.009992,0.172597,0.44317,0.053651,0.946349,0.105872,0.104849
4803,24,0.364248,0.009996,0.009996,0.172535,0.443225,0.053381,0.946619,0.110706,0.111933
4804,32,0.364069,0.010478,0.009995,0.17245,0.443008,0.053174,0.946826,0.126733,0.127623
4805,32,0.363916,0.010526,0.010829,0.172246,0.442483,0.053424,0.946576,0.121837,0.120296
4806,26,0.364473,0.010006,0.010418,0.172351,0.442752,0.052988,0.947012,0.117517,0.119626
4807,30,0.364738,0.010003,0.010003,0.172394,0.442863,0.05383,0.94617,0.116772,0.112091
4808,24,0.364975,0.009996,0.009996,0.172331,0.442702,0.054592,0.945408,0.117296,0.112954
4809,30,0.365443,0.00999,0.00999,0.172151,0.442427,0.055418,0.944582,0.102403,0.097673
4810,24,0.365592,0.009994,0.009994,0.172046,0.442374,0.055583,0.944417,0.11353,0.112398
4811,30,0.365833,0.009996,0.009996,0.171978,0.442197,0.05578,0.94422,0.115928,0.114512
4812,24,0.366001,0.009997,0.009997,0.17193,0.442074,0.05605,0.94395,0.118795,0.117063
4813,24,0.366234,0.009996,0.009996,0.171865,0.441908,0.055953,0.944047,0.117238,0.117514
4814,24,0.365909,0.010082,0.010004,0.17193,0.442075,0.0556,0.9444,0.134308,0.136052
4815,24,0.366289,0.009994,0.01007,0.17183,0.441817,0.054853,0.945147,0.11831,0.122213
4816,32,0.366707,0.009994,0.009994,0.171734,0.44157,0.054573,0.945427,0.112152,0.113467
4817,24,0.366624,0.009998,0.009998,0.171695,0.441685,0.054529,0.945471,0.117923,0.117943
4818,32,0.366552,0.010001,0.010001,0.171713,0.441733,0.05461,0.94539,0.126361,0.125702
4819,30,0.366567,0.009995,0.009995,0.171619,0.441824,0.05503,0.94497,0.106934,0.104442
4820,26,0.366491,0.010001,0.010001,0.171637,0.44187,0.054254,0.945746,0.123629,0.127669
4821,24,0.366628,0.009998,0.009998,0.1716,0.441776,0.055331,0.944669,0.111705,0.105602
4822,30,0.366814,0.009997,0.009997,0.171549,0.441643,0.055394,0.944606,0.126018,0.125427
4823,24,0.366812,0.01,0.01,0.171548,0.44164,0.05663,0.94337,0.113449,0.106274
4824,24,0.366518,0.010005,0.010005,0.171627,0.441845,0.056146,0.943854,0.126091,0.128606
4825,30,0.366377,0.010002,0.010002,0.171668,0.44195,0.055587,0.944413,0.129534,0.13245
4826,24,0.366085,0.010005,0.010005,0.171748,0.442157,0.054872,0.945128,0.126098,0.129847
4827,30,0.365681,0.010001,0.010001,0.17177,0.442546,0.054727,0.945273,0.113994,0.114529
4828,30,0.365306,0.010134,0.010063,0.171768,0.442729,0.054695,0.945305,0.136276,0.136244
4829,24,0.365378,0.010002,0.010002,0.171802,0.442817,0.055954,0.944046,0.115545,0.10835
4830,24,0.365017,0.01017,0.010602,0.171688,0.442523,0.05581,0.94419,0.125003,0.125546
4831,24,0.365468,0.010002,0.010183,0.171726,0.442621,0.0569,0.9431,0.109068,0.102719
4832,26,0.365101,0.010044,0.010008,0.171865,0.442981,0.056133,0.943867,0.134262,0.138395
4833,24,0.36512,0.010001,0.010001,0.171874,0.443004,0.057368,0.942632,0.11346,0.106193
4834,24,0.364748,0.010002,0.010002,0.171917,0.44333,0.057238,0.942762,0.130473,0.130994
4835,24,0.365425,0.009989,0.009989,0.171735,0.442861,0.057861,0.942139,0.104242,0.100404
4836,30,0.365316,0.010001,0.010001,0.171759,0.442922,0.057959,0.942041,0.115459,0.114598
4837,32,0.365236,0.010027,0.010001,0.171774,0.442962,0.058104,0.941896,0.126338,0.125261
4838,30,0.365246,0.01,0.01,0.171779,0.442974,0.05814,0.94186,0.119587,0.119112
4839,30,0.365391,0.009998,0.009998,0.17174,0.442873,0.058006,0.941994,0.108386,0.108812
4840,24,0.365859,0.009989,0.009989,0.171554,0.442609,0.058214,0.941786,0.103313,0.101844
4841,24,0.365645,0.01,0.01,0.171548,0.442808,0.058163,0.941837,0.120837,0.120869
4842,24,0.366192,0.009991,0.009991,0.1714,0.442425,0.058249,0.941751,0.107277,0.106524
4843,26,0.366432,0.009996,0.009996,0.17133,0.442246,0.058043,0.941957,0.109524,0.110479
4844,32,0.366543,0.009995,0.009995,0.171253,0.442213,0.058675,0.941325,0.115193,0.111276
4845,36,0.366441,0.009997,0.009997,0.171205,0.442359,0.05878,0.94122,0.115025,0.114154
4846,30,0.366558,0.009995,0.009995,0.171121,0.442331,0.059463,0.940537,0.106197,0.101939
4847,32,0.366535,0.010052,0.009999,0.171111,0.442303,0.059473,0.940527,0.12519,0.12487
4848,24,0.36626,0.010005,0.010005,0.171199,0.442531,0.059125,0.940875,0.128141,0.129956
4849,24,0.366231,0.009999,0.010088,0.171185,0.442496,0.05978,0.94022,0.12159,0.117456
4850,24,0.365964,0.010637,0.010164,0.171061,0.442174,0.058893,0.941107,0.129802,0.134814
4851,24,0.36641,0.010006,0.010006,0.171157,0.442422,0.058257,0.941743,0.11469,0.118139
4852,32,0.366896,0.00999,0.00999,0.170981,0.442144,0.058477,0.941523,0.099729,0.098226
4853,32,0.366953,0.009994,0.009994,0.170878,0.442181,0.05937,0.94063,0.111146,0.105683
4854,26,0.36716,0.009997,0.009997,0.170819,0.442028,0.059059,0.940941,0.117502,0.119095
4855,26,0.367085,0.010001,0.010001,0.170837,0.442076,0.058641,0.941359,0.114052,0.116231
4856,24,0.367086,0.01,0.01,0.170838,0.442077,0.059859,0.940141,0.115515,0.108024
4857,30,0.367382,0.009995,0.009995,0.170758,0.441869,0.060743,0.939257,0.113207,0.107621
4858,30,0.367393,0.009994,0.009994,0.170662,0.441956,0.061004,0.938996,0.106999,0.105094
4859,26,0.367626,0.009993,0.009993,0.170543,0.441845,0.060966,0.939034,0.110789,0.110769
4860,26,0.367413,0.01,0.01,0.170543,0.442044,0.060502,0.939498,0.124571,0.127142
4861,36,0.368137,0.009989,0.009989,0.170348,0.441538,0.060618,0.939382,0.098884,0.097882
4862,36,0.368282,0.009995,0.009995,0.170262,0.441465,0.060731,0.939269,0.107354,0.106313
4863,32,0.368279,0.01,0.01,0.170261,0.441461,0.061054,0.938946,0.116082,0.113836
4864,26,0.36894,0.00999,0.00999,0.170082,0.440999,0.06053,0.93947,0.100357,0.103227
4865,30,0.369049,0.009995,0.009995,0.169996,0.440965,0.060358,0.939642,0.112821,0.113587
4866,32,0.369219,0.009997,0.009997,0.169948,0.440839,0.060158,0.939842,0.110893,0.111865
4867,32,0.369107,0.009997,0.009997,0.169892,0.441007,0.059898,0.940102,0.117696,0.118979
4868,24,0.368812,0.010005,0.010005,0.16997,0.441209,0.059543,0.940457,0.128255,0.13015
4869,24,0.368523,0.010005,0.010005,0.17005,0.441418,0.058881,0.941119,0.126117,0.129776
4870,24,0.368154,0.010003,0.010003,0.170094,0.441747,0.058236,0.941764,0.122324,0.125876
4871,32,0.368214,0.009994,0.010313,0.169994,0.441486,0.058713,0.941287,0.117223,0.114225
4872,26,0.368585,0.009999,0.009999,0.169976,0.441441,0.058858,0.941142,0.106721,0.105576
4873,36,0.36846,0.009993,0.009993,0.169862,0.441691,0.059764,0.940236,0.099011,0.093411
4874,30,0.368354,0.010001,0.010001,0.169887,0.441756,0.060045,0.939955,0.122074,0.120128
4875,24,0.368798,0.009993,0.009993,0.169769,0.441447,0.059934,0.940066,0.11033,0.110695
4876,24,0.368421,0.010002,0.010002,0.169808,0.441766,0.059261,0.940739,0.122249,0.126017
4877,24,0.368347,0.010001,0.010001,0.169829,0.441821,0.058969,0.941031,0.125058,0.126498
4878,32,0.368523,0.009997,0.009997,0.169783,0.4417,0.059007,0.940993,0.121917,0.12147
4879,30,0.368129,0.009999,0.010147,0.169758,0.441968,0.058977,0.941023,0.120301,0.120183
4880,30,0.367948,0.010005,0.010005,0.169845,0.442196,0.058681,0.941319,0.123219,0.124718
4881,26,0.367879,0.010001,0.010001,0.169867,0.442252,0.058331,0.941669,0.123541,0.1253
4882,32,0.367672,0.010393,0.009994,0.169771,0.44217,0.058323,0.941677,0.133932,0.133728
4883,24,0.367754,0.010001,0.010001,0.169795,0.442448,0.05788,0.94212,0.112053,0.114368
4884,32,0.367841,0.009996,0.009996,0.169725,0.442442,0.058226,0.941774,0.111973,0.109726
4885,26,0.367417,0.010007,0.010007,0.169837,0.442733,0.057756,0.942244,0.125023,0.127532
4886,30,0.367794,0.009993,0.010102,0.16971,0.442402,0.057829,0.942171,0.112006,0.111298
4887,24,0.367728,0.010124,0.010509,0.169579,0.442061,0.057674,0.942326,0.126195,0.12682
4888,24,0.367725,0.010007,0.010007,0.169692,0.44257,0.057235,0.942765,0.120803,0.123099
4889,32,0.367662,0.010577,0.01064,0.169376,0.441746,0.057004,0.942996,0.12128,0.122371
4890,30,0.367932,0.010012,0.010218,0.169574,0.442264,0.05728,0.94272,0.121873,0.120049
4891,26,0.367528,0.010194,0.010007,0.169694,0.442577,0.056369,0.943631,0.134322,0.139306
4892,32,0.367406,0.010141,0.010003,0.169744,0.442706,0.056422,0.943578,0.129528,0.128988
4893,36,0.367262,0.01,0.01,0.169749,0.442988,0.056585,0.943415,0.12484,0.123695
4894,24,0.366969,0.010005,0.010005,0.169828,0.443194,0.05648,0.94352,0.128139,0.128502
4895,26,0.36648,0.010005,0.010005,0.169908,0.443603,0.055703,0.944297,0.130725,0.134872
4896,26,0.366866,0.009991,0.009991,0.169754,0.443399,0.055725,0.944275,0.100424,0.100057
4897,24,0.366996,0.009998,0.009998,0.169714,0.443295,0.056796,0.943204,0.111722,0.105475
4898,24,0.366701,0.010005,0.010005,0.169792,0.443498,0.056368,0.943632,0.128162,0.130369
4899,30,0.366993,0.009996,0.009996,0.169716,0.4433,0.0565,0.9435,0.115126,0.114058
4900,24,0.367224,0.009996,0.009996,0.169652,0.443132,0.057672,0.942328,0.111101,0.104155
4901,38,0.366992,0.009998,0.009998,0.169612,0.443401,0.057779,0.942221,0.122554,0.121712
4902,26,0.366982,0.01,0.01,0.169613,0.443405,0.057439,0.942561,0.12095,0.122692
4903,32,0.366701,0.010002,0.010002,0.169644,0.443652,0.057407,0.942593,0.123489,0.123439
4904,32,0.366739,0.009995,0.009995,0.169551,0.44372,0.057661,0.942339,0.108696,0.106999
4905,30,0.366565,0.01,0.01,0.169544,0.443892,0.057863,0.942137,0.128503,0.127067
4906,30,0.366809,0.009996,0.009996,0.169479,0.44372,0.058315,0.941685,0.106076,0.103088
4907,36,0.36659,0.009997,0.009997,0.169421,0.443995,0.058434,0.941566,0.113685,0.112745
4908,24,0.366294,0.010005,0.010005,0.169499,0.444198,0.058161,0.941839,0.128236,0.129524
4909,26,0.366437,0.009995,0.009995,0.16941,0.444164,0.05751,0.94249,0.113906,0.117433
4910,24,0.366901,0.009989,0.009989,0.169225,0.443895,0.057422,0.942578,0.103398,0.103635
4911,24,0.3666,0.010004,0.010004,0.1693,0.444091,0.057249,0.942751,0.134356,0.135121
4912,26,0.366815,0.009997,0.009997,0.169245,0.443947,0.056745,0.943255,0.113733,0.116377
4913,26,0.366604,0.01,0.01,0.169246,0.444149,0.056379,0.943621,0.118972,0.120835
4914,26,0.366712,0.009998,0.009998,0.169218,0.444074,0.056433,0.943567,0.11453,0.114015
4915,24,0.367156,0.009993,0.009993,0.169098,0.44376,0.055991,0.944009,0.110275,0.112478
4916,32,0.366731,0.009999,0.009999,0.16908,0.444191,0.055837,0.944163,0.128652,0.129279
4917,32,0.366929,0.009992,0.009992,0.168946,0.444141,0.055672,0.944328,0.101226,0.101892
4918,26,0.367392,0.009992,0.009992,0.168818,0.443805,0.055025,0.944975,0.106695,0.110035
4919,26,0.367251,0.010002,0.010002,0.168852,0.443894,0.054697,0.945303,0.122477,0.124087
4920,26,0.367252,0.01,0.01,0.168852,0.443895,0.054043,0.945957,0.126213,0.129603
4921,26,0.366914,0.010499,0.010048,0.168795,0.443744,0.054006,0.945994,0.128041,0.128051
4922,24,0.367114,0.010005,0.010005,0.168887,0.443987,0.054911,0.945089,0.121707,0.11652
4923,24,0.366761,0.010006,0.010006,0.168985,0.444243,0.054375,0.945625,0.135903,0.138647
4924,32,0.366579,0.009998,0.009998,0.168953,0.444472,0.054295,0.945705,0.113075,0.113286
4925,38,0.366578,0.01,0.01,0.168952,0.44447,0.054511,0.945489,0.11505,0.113665
4926,26,0.366443,0.010002,0.010002,0.168988,0.444565,0.054452,0.945548,0.12815,0.128281
4927,30,0.366561,0.009998,0.009998,0.168958,0.444485,0.054059,0.945941,0.11923,0.121135
4928,24,0.365707,0.010655,0.010848,0.168778,0.444011,0.053921,0.946079,0.134189,0.134716
4929,24,0.366179,0.010023,0.010016,0.169051,0.444731,0.052988,0.947012,0.125194,0.129967
4930,30,0.366023,0.01,0.01,0.169053,0.444924,0.053046,0.946954,0.118703,0.118163
4931,36,0.365802,0.009995,0.009995,0.168966,0.445242,0.053241,0.946759,0.11558,0.114307
4932,32,0.36583,0.009999,0.009999,0.168956,0.445215,0.053468,0.946532,0.12366,0.122229
4933,32,0.365549,0.010002,0.010002,0.168986,0.445462,0.053444,0.946556,0.123356,0.123272
4934,30,0.365745,0.009994,0.009994,0.168889,0.445377,0.053164,0.946836,0.104887,0.106111
4935,30,0.365494,0.009999,0.009999,0.168864,0.445645,0.053436,0.946564,0.117526,0.115874
4936,32,0.365073,0.009999,0.009999,0.168848,0.446081,0.053369,0.946631,0.113187,0.113328
4937,32,0.364791,0.010002,0.010002,0.168878,0.446327,0.053542,0.946458,0.13735,0.13623
4938,24,0.364793,0.01,0.01,0.168879,0.446329,0.052875,0.947125,0.121662,0.125018
4939,30,0.364672,0.009989,0.010834,0.168686,0.445819,0.053238,0.946762,0.125884,0.12378
4940,26,0.364519,0.010103,0.010014,0.168922,0.446443,0.05275,0.94725,0.124693,0.127093
4941,24,0.363933,0.010323,0.010586,0.168865,0.446293,0.052631,0.947369,0.134237,0.134658
4942,24,0.36441,0.010003,0.01025,0.168914,0.446423,0.052822,0.947178,0.117297,0.116112
4943,30,0.364266,0.010006,0.010006,0.16902,0.446702,0.053029,0.946971,0.129714,0.128414
4944,32,0.364223,0.010001,0.010001,0.169034,0.446741,0.053584,0.946416,0.121809,0.118642
4945,32,0.363835,0.010351,0.010107,0.169016,0.446691,0.053122,0.946878,0.139406,0.1417
4946,24,0.363944,0.010002,0.010002,0.169051,0.447,0.052516,0.947484,0.112134,0.115119
4947,24,0.3644,0.009993,0.009993,0.168931,0.446683,0.052639,0.947361,0.108191,0.107325
4948,26,0.364431,0.009996,0.009996,0.168866,0.44671,0.052693,0.947307,0.111126,0.110669
4949,26,0.364603,0.009994,0.009994,0.168766,0.446643,0.05231,0.94769,0.106086,0.107895
4950,32,0.364582,0.01,0.01,0.168768,0.44665,0.052356,0.947644,0.111101,0.110654
4951,32,0.3643,0.010002,0.010002,0.168799,0.446897,0.052258,0.947742,0.137382,0.137723
4952,26,0.365044,0.009988,0.009988,0.168602,0.446377,0.051874,0.948126,0.096751,0.098528
4953,30,0.365153,0.009998,0.009998,0.168567,0.446284,0.051548,0.948452,0.11266,0.114147
4954,30,0.365261,0.009997,0.010093,0.168512,0.446137,0.051855,0.948145,0.122604,0.120826
4955,26,0.365402,0.009999,0.009999,0.168498,0.446101,0.05194,0.94806,0.114631,0.114016
4956,26,0.365266,0.010002,0.010002,0.168534,0.446196,0.051443,0.948557,0.124361,0.126773
4957,26,0.364987,0.009998,0.009998,0.168504,0.446513,0.050935,0.949065,0.117275,0.119714
4958,24,0.365211,0.009996,0.010023,0.168436,0.446334,0.051593,0.948407,0.117195,0.11362
4959,24,0.365892,0.00999,0.00999,0.168261,0.445868,0.052178,0.947822,0.104221,0.101001
4960,36,0.365732,0.01,0.01,0.168258,0.44601,0.052255,0.947745,0.121569,0.120952
4961,30,0.365959,0.009996,0.009996,0.168198,0.44585,0.052602,0.947398,0.105715,0.103666
4962,38,0.365665,0.009996,0.009996,0.16813,0.446213,0.052867,0.947133,0.111931,0.110316
4963,24,0.365682,0.01,0.01,0.168123,0.446195,0.052249,0.947751,0.115929,0.11893
4964,26,0.366212,0.009992,0.009992,0.167982,0.445822,0.051589,0.948411,0.106323,0.109524
4965,24,0.366064,0.009999,0.009999,0.16796,0.445978,0.051166,0.948834,0.121338,0.123312
4966,26,0.365927,0.010002,0.010002,0.167996,0.446073,0.050835,0.949165,0.122389,0.123913
4967,34,0.365782,0.009996,0.010397,0.167929,0.445896,0.051269,0.948731,0.121451,0.119055
4968,36,0.365681,0.010001,0.010097,0.167954,0.446266,0.051501,0.948499,0.125721,0.124327
4969,24,0.365423,0.010006,0.010006,0.168048,0.446517,0.051109,0.948891,0.12812,0.129954
4970,24,0.365501,0.009996,0.009996,0.167974,0.446534,0.050538,0.949462,0.110922,0.113621
4971,30,0.3652,0.010002,0.010002,0.168005,0.446791,0.050281,0.949719,0.12661,0.127705
4972,30,0.365585,0.009994,0.009994,0.167904,0.446522,0.050455,0.949545,0.107186,0.106105
4973,24,0.365208,0.010002,0.010002,0.167944,0.446843,0.050012,0.949988,0.122195,0.12424
4974,26,0.36521,0.01,0.01,0.167945,0.446845,0.05,0.95,0.126095,0.127867
4975,36,0.365192,0.009998,0.009998,0.16791,0.446902,0.050718,0.949282,0.110677,0.1069
4976,32,0.365713,0.009992,0.009992,0.167771,0.446532,0.051069,0.948931,0.100402,0.098419
4977,36,0.365166,0.010004,0.010004,0.167841,0.446985,0.051037,0.948963,0.118703,0.118692
4978,26,0.365034,0.010002,0.010002,0.167878,0.447084,0.050719,0.949281,0.12811,0.12957
4979,30,0.364985,0.010001,0.010001,0.167892,0.447122,0.050594,0.949406,0.119714,0.120124
4980,30,0.364985,0.01,0.01,0.167892,0.447122,0.050992,0.949008,0.119689,0.117482
4981,24,0.364691,0.010005,0.010005,0.16797,0.447329,0.050282,0.949718,0.126083,0.129511
4982,24,0.365288,0.009991,0.009991,0.167815,0.446916,0.05,0.95,0.101702,0.104579
4983,32,0.365282,0.01,0.01,0.167812,0.446907,0.050968,0.949032,0.120716,0.115685
4984,32,0.364813,0.009998,0.009998,0.167773,0.447419,0.050688,0.949312,0.124412,0.125661
4985,26,0.364401,0.009995,0.010548,0.167682,0.447374,0.05079,0.94921,0.124489,0.123802
4986,24,0.36462,0.010005,0.010005,0.167768,0.447603,0.050162,0.949838,0.116003,0.118981
4987,32,0.364688,0.009996,0.009996,0.167706,0.447614,0.050343,0.949657,0.119952,0.118892
4988,24,0.36432,0.010172,0.010027,0.16775,0.447731,0.05,0.95,0.125956,0.128124
4989,24,0.364501,0.009997,0.009997,0.167698,0.447808,0.05,0.95,0.110565,0.113409
4990,30,0.364397,0.010002,0.010002,0.167723,0.447877,0.050486,0.949514,0.121879,0.119261
4991,24,0.364398,0.01,0.01,0.167724,0.447878,0.051753,0.948247,0.1155,0.108831
4992,26,0.363976,0.010007,0.010007,0.167835,0.448175,0.050877,0.949123,0.134347,0.138704
4993,24,0.364153,0.009997,0.009997,0.167792,0.44806,0.050819,0.949181,0.118782,0.118906
4994,24,0.363857,0.010005,0.010005,0.167869,0.448265,0.050359,0.949641,0.128083,0.130234
4995,32,0.363806,0.010394,0.01022,0.167718,0.447861,0.05,0.95,0.124698,0.127009
4996,24,0.36458,0.009997,0.009997,0.167676,0.447749,0.050396,0.949604,0.107297,0.105129
4997,24,0.364515,0.010001,0.010001,0.167692,0.447792,0.05,0.95,0.131427,0.134027
4998,24,0.364668,0.009998,0.009998,0.167652,0.447685,0.05,0.95,0.114745,0.115916
4999,24,0.364981,0.009995,0.009995,0.167568,0.447461,0.05,0.95,0.119841,0.122287
5000,24,0.364977,0.01,0.01,0.167566,0.447457,0.051268,0.948732,0.115495,0.108897
5001,32,0.364851,0.009999,0.010214,0.167543,0.447394,0.051537,0.948463,0.126284,0.124728
5002,24,0.36485,0.01,0.01,0.167542,0.447608,0.051498,0.948502,0.117905,0.117906
5003,24,0.364376,0.010462,0.010028,0.167538,0.447596,0.050745,0.949255,0.134234,0.137915
5004,38,0.364719,0.010361,0.009997,0.16748,0.447443,0.050908,0.949092,0.114223,0.113227
5005,32,0.3653,0.009996,0.009996,0.167422,0.447286,0.050739,0.949261,0.104114,0.104795
5006,30,0.365176,0.009997,0.009997,0.167365,0.447467,0.051588,0.948412,0.110255,0.105732
5007,32,0.365011,0.009998,0.009998,0.167324,0.44767,0.051916,0.948084,0.117619,0.115724
5008,26,0.364929,0.009998,0.009998,0.167292,0.447783,0.051288,0.948712,0.121294,0.124375
5009,32,0.365104,0.009997,0.009997,0.167245,0.447657,0.051626,0.948374,0.108034,0.10613
5010,32,0.36523,0.009998,0.009998,0.16721,0.447564,0.051972,0.948028,0.123127,0.121185
5011,26,0.365441,0.009997,0.009997,0.167154,0.447413,0.051504,0.948496,0.11738,0.119613
5012,30,0.365336,0.010002,0.010002,0.167179,0.447481,0.051671,0.948329,0.122088,0.121037
5013,26,0.365956,0.00999,0.00999,0.167017,0.447047,0.051211,0.948789,0.105393,0.107552
5014,30,0.365664,0.010139,0.010002,0.167053,0.447142,0.051064,0.948936,0.129655,0.130226
5015,24,0.365343,0.010004,0.010004,0.167118,0.447532,0.050626,0.949374,0.12219,0.124245
5016,30,0.365291,0.009996,0.009996,0.167046,0.447672,0.050364,0.949636,0.119963,0.121071
5017,32,0.365067,0.010003,0.010003,0.167102,0.447824,0.050395,0.949605,0.125515,0.125201
5018,26,0.364997,0.009998,0.009998,0.16707,0.447937,0.05,0.95,0.122583,0.124604
5019,32,0.365034,0.009994,0.009994,0.166977,0.448,0.05,0.95,0.097868,0.098005
5020,30,0.365274,0.009996,0.009996,0.166911,0.447822,0.050722,0.949278,0.10603,0.102189
5021,32,0.365426,0.009997,0.009997,0.166869,0.44771,0.051176,0.948824,0.104031,0.101549
5022,26,0.365636,0.009997,0.009997,0.166813,0.447558,0.051248,0.948752,0.117459,0.116911
5023,26,0.365508,0.010146,0.01,0.166806,0.44754,0.050415,0.949585,0.12353,0.127585
5024,24,0.365699,0.009999,0.009999,0.166794,0.447508,0.05,0.95,0.118065,0.120193
5025,24,0.366048,0.009994,0.009994,0.166702,0.447261,0.05,0.95,0.111188,0.112871
5026,26,0.365836,0.01,0.01,0.166703,0.447461,0.05,0.95,0.120853,0.123167
5027,38,0.366296,0.009993,0.009993,0.166582,0.447137,0.05,0.95,0.112698,0.113482
5028,24,0.366804,0.00999,0.01008,0.166421,0.446705,0.050873,0.949127,0.107057,0.102479
5029,32,0.367024,0.009984,0.010839,0.166157,0.445996,0.050637,0.949363,0.106912,0.107901
5030,24,0.367303,0.010005,0.010005,0.166243,0.446443,0.050289,0.949711,0.111766,0.113307
5031,30,0.367872,0.009991,0.009991,0.166096,0.446049,0.05,0.95,0.097852,0.100517
5032,30,0.367478,0.010001,0.010001,0.166108,0.446413,0.05,0.95,0.120538,0.120587
5033,30,0.367538,0.009994,0.010341,0.166001,0.446126,0.05043,0.94957,0.115968,0.11363
5034,26,0.367365,0.010001,0.010439,0.166019,0.446176,0.050515,0.949485,0.128113,0.12752
5035,24,0.368021,0.009997,0.009997,0.165963,0.446023,0.050129,0.949871,0.102612,0.10434
5036,24,0.368361,0.009995,0.009995,0.165872,0.445778,0.05086,0.94914,0.109462,0.105543
5037,24,0.368578,0.009996,0.009996,0.165812,0.445617,0.051381,0.948619,0.105813,0.102904
5038,30,0.368371,0.009998,0.009998,0.165777,0.445856,0.051792,0.948208,0.112563,0.11021
5039,36,0.368173,0.009999,0.009999,0.165757,0.446072,0.052014,0.947986,0.124695,0.123359
5040,24,0.368327,0.009994,0.009994,0.16566,0.446025,0.05189,0.94811,0.11352,0.113973
5041,24,0.368342,0.01,0.01,0.165653,0.446006,0.051378,0.948622,0.115893,0.118326
5042,30,0.368037,0.010002,0.010002,0.165683,0.446276,0.051102,0.948898,0.126423,0.127647
5043,24,0.367678,0.010157,0.010033,0.16573,0.446402,0.050581,0.949419,0.125991,0.128447
5044,30,0.367488,0.010006,0.010006,0.165829,0.446671,0.050436,0.949564,0.139795,0.140334
5045,32,0.367193,0.010001,0.010218,0.165853,0.446734,0.050605,0.949395,0.139444,0.13841
5046,24,0.367425,0.01,0.01,0.16585,0.446726,0.050012,0.949988,0.114776,0.117557
5047,26,0.367231,0.010003,0.010003,0.165901,0.446862,0.05,0.95,0.129487,0.130267
5048,32,0.367347,0.009996,0.009996,0.165828,0.446833,0.05041,0.94959,0.115216,0.112982
5049,38,0.367145,0.009994,0.009994,0.165736,0.44713,0.050537,0.949463,0.103997,0.103133
5050,24,0.366768,0.010002,0.010002,0.165776,0.447451,0.05,0.95,0.130463,0.134169
5051,26,0.366489,0.009998,0.009998,0.165746,0.447769,0.05,0.95,0.115357,0.115639
5052,32,0.36644,0.010001,0.010001,0.165758,0.447801,0.050111,0.949889,0.126433,0.125707
5053,24,0.366578,0.009998,0.009998,0.165722,0.447704,0.050906,0.949094,0.117904,0.11369
5054,26,0.366441,0.010002,0.010002,0.165757,0.447798,0.050521,0.949479,0.128242,0.130044
5055,32,0.36648,0.009995,0.009995,0.165666,0.447865,0.050225,0.949775,0.113339,0.114647
5056,30,0.365405,0.011257,0.010987,0.165348,0.447003,0.050172,0.949828,0.139442,0.139524
5057,24,0.3662,0.010022,0.010095,0.165707,0.447976,0.051441,0.948559,0.115536,0.108908
5058,32,0.366306,0.009997,0.009997,0.165664,0.448035,0.05182,0.94818,0.104539,0.102436
5059,30,0.366942,0.009988,0.010112,0.165464,0.447495,0.051506,0.948494,0.106874,0.108254
5060,24,0.367213,0.009997,0.009997,0.165419,0.447374,0.052688,0.947312,0.111129,0.104777
5061,24,0.367054,0.010002,0.010002,0.165459,0.447482,0.052249,0.947751,0.122465,0.124588
5062,24,0.367372,0.009995,0.009995,0.165377,0.44726,0.05161,0.94839,0.113115,0.1162
5063,32,0.367528,0.009996,0.010079,0.165312,0.447084,0.051792,0.948208,0.113222,0.112052
5064,30,0.367743,0.009998,0.009998,0.165276,0.446986,0.052004,0.947996,0.11607,0.114759
5065,24,0.367369,0.010002,0.010002,0.165316,0.44731,0.051583,0.948417,0.130504,0.132498
5066,26,0.366878,0.010005,0.010005,0.165394,0.447719,0.050957,0.949043,0.125106,0.128144
5067,38,0.366301,0.010218,0.010001,0.165417,0.448063,0.050669,0.949331,0.13552,0.136784
5068,32,0.366533,0.01,0.01,0.165414,0.448054,0.05126,0.94874,0.098284,0.095069
5069,24,0.366136,0.010257,0.01003,0.165444,0.448134,0.05079,0.94921,0.125971,0.128183
5070,32,0.36636,0.010001,0.010021,0.165454,0.448163,0.051408,0.948592,0.115012,0.111683
5071,26,0.365548,0.010507,0.010577,0.165387,0.447981,0.051194,0.948806,0.134171,0.135078
5072,32,0.366572,0.010001,0.010001,0.165403,0.448024,0.051567,0.948433,0.096811,0.094662
5073,30,0.366312,0.010004,0.010004,0.165471,0.448208,0.051552,0.948448,0.129915,0.129776
5074,32,0.366268,0.010001,0.010001,0.165485,0.448246,0.052359,0.947641,0.11719,0.112825
5075,32,0.366221,0.010001,0.010001,0.165497,0.44828,0.052951,0.947049,0.121823,0.118497
5076,24,0.365844,0.010231,0.010002,0.165537,0.448386,0.0525,0.9475,0.128036,0.130217
5077,24,0.366374,0.009995,0.009995,0.165459,0.448177,0.051907,0.948093,0.110311,0.113181
5078,26,0.366235,0.010002,0.010002,0.165493,0.448268,0.051863,0.948137,0.122437,0.122502
5079,30,0.365683,0.010164,0.010696,0.165411,0.448046,0.052159,0.947841,0.129592,0.127869
5080,38,0.365937,0.010007,0.010144,0.165534,0.448378,0.052267,0.947733,0.108357,0.107611
5081,24,0.36562,0.010004,0.010004,0.1656,0.448773,0.05209,0.94791,0.130462,0.131201
5082,30,0.365387,0.010004,0.010004,0.165662,0.448943,0.052122,0.947878,0.139724,0.139377
5083,32,0.365541,0.009998,0.009998,0.165624,0.448839,0.05252,0.94748,0.115012,0.112729
5084,24,0.365992,0.009993,0.009993,0.165505,0.448517,0.052676,0.947324,0.108118,0.107084
5085,30,0.365987,0.01,0.01,0.165503,0.448511,0.052944,0.947056,0.113108,0.111465
5086,24,0.366666,0.009989,0.009989,0.165326,0.44803,0.05337,0.94663,0.09762,0.095078
5087,30,0.366607,0.010001,0.010001,0.165335,0.448056,0.053614,0.946386,0.113274,0.111748
5088,30,0.366707,0.009995,0.010235,0.165247,0.447816,0.053948,0.946052,0.115974,0.113987
5089,24,0.366791,0.010002,0.010002,0.165285,0.447919,0.055075,0.944925,0.113375,0.107021
5090,36,0.367348,0.009991,0.009991,0.165141,0.447529,0.054975,0.945025,0.102052,0.102353
5091,24,0.366615,0.010986,0.010179,0.16502,0.4472,0.054717,0.945283,0.134202,0.135365
5092,24,0.366749,0.010016,0.010016,0.165289,0.44793,0.054029,0.945971,0.128281,0.131831
5093,26,0.366688,0.009998,0.009998,0.165261,0.448054,0.054127,0.945873,0.122575,0.121848
5094,30,0.366703,0.009997,0.009997,0.165207,0.448096,0.054158,0.945842,0.10859,0.108196
5095,30,0.366895,0.009994,0.009994,0.165111,0.448006,0.05385,0.94615,0.104893,0.106263
5096,24,0.367267,0.009994,0.009994,0.165011,0.447735,0.054143,0.945857,0.110017,0.108193
5097,24,0.367106,0.010002,0.010002,0.165049,0.44784,0.053577,0.946423,0.124559,0.127379
5098,30,0.367148,0.009999,0.009999,0.16504,0.447814,0.053402,0.946598,0.119988,0.120728
5099,24,0.367381,0.009996,0.009996,0.164978,0.447648,0.053393,0.946607,0.117331,0.117151
5100,24,0.367085,0.010005,0.010005,0.165054,0.447852,0.05279,0.94721,0.134419,0.137454
5101,30,0.367089,0.01,0.01,0.165055,0.447856,0.053497,0.946503,0.119687,0.115739
5102,30,0.367276,0.009997,0.009997,0.165006,0.447723,0.054283,0.945717,0.109574,0.105137
5103,24,0.366981,0.010005,0.010005,0.165082,0.447928,0.053632,0.946368,0.126114,0.129439
5104,30,0.367019,0.009997,0.009997,0.165025,0.447963,0.053767,0.946233,0.129514,0.128506
5105,24,0.366987,0.009999,0.010079,0.165011,0.447924,0.054004,0.945996,0.121598,0.120098
5106,32,0.366735,0.010003,0.010003,0.165054,0.448207,0.053968,0.946032,0.12334,0.123323
5107,32,0.366689,0.010001,0.010001,0.165067,0.448243,0.054315,0.945685,0.126448,0.124368
5108,30,0.366842,0.009996,0.010091,0.165003,0.448068,0.0545,0.9455,0.126026,0.124798
5109,24,0.367011,0.009999,0.009999,0.164981,0.44801,0.055219,0.944781,0.117972,0.113778
5110,26,0.367222,0.009997,0.009997,0.164926,0.447859,0.055087,0.944913,0.117502,0.118003
5111,24,0.367239,0.01,0.01,0.16492,0.447843,0.054565,0.945435,0.124185,0.126824
5112,26,0.367044,0.010003,0.010003,0.16497,0.44798,0.054247,0.945753,0.129512,0.131062
5113,30,0.367479,0.009993,0.009993,0.164858,0.447676,0.054516,0.945484,0.112372,0.110633
5114,30,0.366664,0.010931,0.010438,0.164659,0.447307,0.054491,0.945509,0.136414,0.136352
5115,26,0.366959,0.010014,0.010014,0.164887,0.448126,0.053946,0.946054,0.124672,0.12745
5116,26,0.36676,0.01,0.01,0.164894,0.448344,0.053407,0.946593,0.120784,0.12349
5117,24,0.366761,0.01,0.01,0.164895,0.448345,0.054313,0.945687,0.121668,0.116529
5118,30,0.366948,0.009997,0.009997,0.164846,0.448212,0.054522,0.945478,0.115999,0.114636
5119,36,0.366627,0.009996,0.009996,0.164786,0.448594,0.0547,0.9453,0.117028,0.115794
5120,32,0.366624,0.01,0.01,0.164785,0.448591,0.054777,0.945223,0.109816,0.109138
5121,24,0.366716,0.009995,0.009995,0.164705,0.448589,0.054702,0.945298,0.1149,0.115086
5122,32,0.3666,0.009999,0.009999,0.164686,0.448716,0.055155,0.944845,0.123254,0.120565
5123,26,0.365998,0.010002,0.010297,0.164714,0.448989,0.054933,0.945067,0.130673,0.131679
5124,30,0.366006,0.010005,0.010005,0.164789,0.449195,0.055397,0.944603,0.122046,0.119253
5125,24,0.365337,0.010997,0.010027,0.164697,0.448942,0.05453,0.94547,0.134203,0.138765
5126,26,0.366009,0.010381,0.01,0.164689,0.448921,0.054707,0.945293,0.110817,0.109633
5127,24,0.366222,0.009999,0.009999,0.164677,0.449103,0.054325,0.945675,0.110927,0.112762
5128,24,0.365849,0.010002,0.010002,0.164717,0.449429,0.053532,0.946468,0.130529,0.134621
5129,30,0.365616,0.010004,0.010004,0.164779,0.449598,0.05394,0.94606,0.123229,0.120832
5130,24,0.36592,0.010028,0.009995,0.164693,0.449364,0.052883,0.947117,0.119733,0.125141
5131,32,0.366104,0.009997,0.009997,0.164651,0.44925,0.053095,0.946905,0.106507,0.105192
5132,24,0.365258,0.010636,0.010848,0.164479,0.448779,0.052996,0.947004,0.134189,0.134505
5133,24,0.365594,0.01034,0.010295,0.164616,0.449154,0.05262,0.94738,0.115889,0.117627
5134,24,0.365533,0.010011,0.010011,0.164797,0.449648,0.052074,0.947926,0.126198,0.1289
5135,26,0.365649,0.009999,0.009999,0.164773,0.449581,0.052141,0.947859,0.114713,0.114195
5136,36,0.365274,0.010452,0.010293,0.164673,0.449309,0.052072,0.947928,0.130256,0.130431
5137,28,0.365659,0.010006,0.010006,0.164766,0.449563,0.051773,0.948227,0.112182,0.11355
5138,24,0.365756,0.009995,0.009995,0.164688,0.449565,0.052071,0.947929,0.114948,0.113203
5139,24,0.365364,0.01026,0.010002,0.164721,0.449653,0.051596,0.948404,0.128029,0.130289
5140,26,0.366182,0.00999,0.010039,0.164564,0.449225,0.051403,0.948597,0.096611,0.097386
5141,26,0.365699,0.010005,0.010005,0.164645,0.449646,0.051018,0.948982,0.130754,0.13255
5142,24,0.366148,0.009993,0.009993,0.164531,0.449335,0.050545,0.949455,0.110261,0.112454
5143,32,0.365574,0.01078,0.009994,0.164429,0.449223,0.050505,0.949495,0.1372,0.137212
5144,26,0.365721,0.01001,0.01001,0.164592,0.449667,0.050021,0.949979,0.124454,0.126737
5145,24,0.365748,0.01,0.01,0.16459,0.449662,0.05,0.95,0.124271,0.127179
5146,24,0.365454,0.010005,0.010005,0.164666,0.44987,0.05,0.95,0.134423,0.137978
5147,32,0.365521,0.009996,0.009996,0.164606,0.449881,0.050517,0.949483,0.11202,0.109257
5148,24,0.365454,0.010001,0.010001,0.164621,0.449923,0.050105,0.949895,0.131355,0.133255
5149,26,0.365034,0.010007,0.010007,0.16473,0.450222,0.05,0.95,0.134362,0.135784
5150,24,0.364991,0.009996,0.010279,0.164672,0.450061,0.05,0.95,0.115649,0.11721
5151,24,0.364971,0.010115,0.009999,0.164663,0.450252,0.05,0.95,0.12598,0.129461
5152,32,0.365214,0.009993,0.009993,0.164551,0.450249,0.05,0.95,0.101116,0.101743
5153,26,0.365064,0.009996,0.009996,0.164484,0.450461,0.050157,0.949843,0.115231,0.114262
5154,30,0.364998,0.009998,0.009998,0.164454,0.450552,0.050133,0.949867,0.12304,0.122979
5155,26,0.364788,0.01,0.01,0.164456,0.450755,0.05,0.95,0.120845,0.123154
5156,24,0.365448,0.00999,0.00999,0.164285,0.450288,0.05,0.95,0.107649,0.110414
5157,26,0.3657,0.009996,0.009996,0.164215,0.450094,0.05,0.95,0.116356,0.119187
5158,26,0.366268,0.009991,0.009991,0.164065,0.449685,0.05002,0.94998,0.104393,0.104081
5159,24,0.366182,0.009998,0.009998,0.164027,0.449795,0.051214,0.948786,0.111629,0.1054
5160,32,0.365228,0.01099,0.010977,0.163755,0.44905,0.051221,0.948779,0.139242,0.139026
5161,30,0.365576,0.010557,0.010227,0.163932,0.449708,0.051146,0.948854,0.12335,0.123472
5162,26,0.366109,0.010004,0.010004,0.163997,0.449886,0.050806,0.949194,0.109685,0.111232
5163,32,0.366449,0.009995,0.009995,0.163911,0.44965,0.051204,0.948796,0.10442,0.10219
5164,26,0.36648,0.009996,0.009996,0.163849,0.449678,0.051417,0.948583,0.111012,0.109738
5165,36,0.366727,0.009992,0.009992,0.163712,0.449578,0.052072,0.947928,0.093029,0.089483
5166,30,0.366839,0.009995,0.009995,0.16363,0.449541,0.052526,0.947474,0.112778,0.110232
5167,32,0.367011,0.009997,0.009997,0.163583,0.449412,0.052423,0.947577,0.11274,0.11309
5168,26,0.366863,0.009999,0.009999,0.163568,0.449571,0.05203,0.94797,0.110553,0.112395
5169,36,0.367213,0.009994,0.009994,0.163477,0.449321,0.051819,0.948181,0.11172,0.112625
5170,24,0.367209,0.01,0.01,0.163475,0.449316,0.051376,0.948624,0.123709,0.125805
5171,24,0.367346,0.009998,0.009998,0.16344,0.449219,0.052472,0.947528,0.111772,0.105903
5172,34,0.367417,0.009999,0.009999,0.16342,0.449165,0.052527,0.947473,0.107045,0.106597
5173,24,0.367436,0.01,0.01,0.163415,0.44915,0.052014,0.947986,0.1159,0.118365
5174,24,0.367372,0.010001,0.010001,0.163431,0.449195,0.051658,0.948342,0.131459,0.133126
5175,30,0.367601,0.009996,0.009996,0.163373,0.449034,0.051878,0.948122,0.108451,0.107085
5176,26,0.36739,0.01,0.01,0.163374,0.449236,0.051227,0.948773,0.124657,0.127858
5177,24,0.367541,0.009998,0.009998,0.163335,0.449129,0.050815,0.949185,0.114611,0.116493
5178,26,0.368135,0.00999,0.010039,0.163168,0.448668,0.050368,0.949632,0.105341,0.107386
5179,24,0.368297,0.009998,0.009998,0.163133,0.448574,0.05,0.95,0.114735,0.117055
5180,24,0.367923,0.010002,0.010002,0.163173,0.448899,0.05,0.95,0.130512,0.132282
5181,24,0.368805,0.009986,0.009986,0.162947,0.448276,0.05,0.95,0.097153,0.099047
5182,24,0.368964,0.009997,0.009997,0.162899,0.448143,0.05043,0.94957,0.118765,0.116453
5183,30,0.369188,0.009993,0.009993,0.162791,0.448035,0.050693,0.949307,0.109843,0.108322
5184,32,0.369356,0.009997,0.009997,0.162744,0.447906,0.050496,0.949504,0.110753,0.111576
5185,30,0.369056,0.010002,0.010002,0.162775,0.448165,0.050895,0.949105,0.126764,0.124552
5186,30,0.369339,0.009996,0.009996,0.162703,0.447967,0.050918,0.949082,0.102918,0.102582
5187,30,0.369285,0.010001,0.010001,0.162715,0.447998,0.050799,0.949201,0.119897,0.120294
5188,24,0.368914,0.010002,0.010002,0.162755,0.448326,0.050686,0.949314,0.124345,0.124731
5189,24,0.368544,0.010003,0.010003,0.162797,0.448655,0.050028,0.949972,0.122235,0.125381
5190,24,0.368909,0.009991,0.009991,0.162648,0.448461,0.050038,0.949962,0.106408,0.106161
5191,30,0.368885,0.009993,0.010076,0.162543,0.448502,0.05019,0.94981,0.116705,0.115755
5192,32,0.368835,0.010001,0.010078,0.162554,0.448533,0.050251,0.949749,0.126268,0.12578
5193,32,0.369278,0.009992,0.010115,0.162428,0.448186,0.05,0.95,0.117265,0.121132
5194,36,0.369107,0.01,0.01,0.162421,0.448472,0.05,0.95,0.121628,0.121643
5195,36,0.369181,0.009995,0.009995,0.162333,0.448497,0.05,0.95,0.110804,0.111431
5196,36,0.36886,0.009998,0.009998,0.162303,0.44884,0.050024,0.949976,0.120905,0.120583
5197,24,0.369324,0.009989,0.009989,0.162128,0.44857,0.05,0.95,0.10328,0.10345
5198,36,0.369217,0.009997,0.009997,0.162081,0.448708,0.050054,0.949946,0.119091,0.118639
5199,24,0.369283,0.009999,0.009999,0.162063,0.448657,0.05,0.95,0.121758,0.122079
5200,30,0.369048,0.010004,0.010004,0.162122,0.448823,0.05,0.95,0.129821,0.130288
5201,30,0.368694,0.01,0.01,0.16213,0.449176,0.050154,0.949846,0.120428,0.119463
5202,30,0.36846,0.010004,0.010004,0.16219,0.449343,0.05,0.95,0.129803,0.131089
5203,32,0.368132,0.010001,0.010001,0.162199,0.449669,0.05,0.95,0.117583,0.117945
5204,26,0.368132,0.01,0.01,0.162199,0.449669,0.05,0.95,0.120312,0.121051
5205,26,0.36824,0.009998,0.009998,0.162171,0.449592,0.050225,0.949775,0.114611,0.113319
5206,24,0.368083,0.010002,0.010002,0.162211,0.449702,0.05,0.95,0.124567,0.127727
5207,36,0.368879,0.009987,0.009987,0.162007,0.449139,0.05003,0.94997,0.090107,0.089747
5208,32,0.368407,0.010458,0.010195,0.161953,0.448987,0.050199,0.949801,0.139395,0.138372
5209,24,0.368214,0.010955,0.009995,0.161868,0.448968,0.05,0.95,0.125946,0.127873
5210,26,0.368606,0.010462,0.010002,0.161893,0.449038,0.05,0.95,0.11743,0.120276
5211,30,0.368886,0.010003,0.010003,0.16194,0.449168,0.050335,0.949665,0.116751,0.114861
5212,32,0.368888,0.01,0.01,0.161941,0.449171,0.050556,0.949444,0.115953,0.11464
5213,30,0.368994,0.009997,0.010079,0.161893,0.449037,0.050885,0.949115,0.116172,0.114319
5214,30,0.369038,0.009998,0.009998,0.161853,0.449114,0.050951,0.949049,0.11515,0.114637
5215,26,0.368828,0.01,0.01,0.161855,0.449317,0.050477,0.949523,0.124554,0.126798
5216,32,0.368955,0.009998,0.009998,0.161822,0.449227,0.050713,0.949287,0.123006,0.121637
5217,30,0.36914,0.009997,0.009997,0.161773,0.449092,0.050987,0.949013,0.116236,0.114665
5218,26,0.369003,0.010002,0.010002,0.161807,0.449185,0.050492,0.949508,0.124375,0.126729
5219,26,0.369039,0.009996,0.009996,0.161748,0.44922,0.050511,0.949489,0.111034,0.110765
5220,38,0.368638,0.010006,0.010006,0.161849,0.4495,0.050253,0.949747,0.139187,0.140322
5221,32,0.369114,0.009993,0.009993,0.16173,0.44917,0.050421,0.949579,0.091545,0.09046
5222,30,0.369039,0.009998,0.009998,0.161697,0.449268,0.051015,0.948985,0.116331,0.11313
5223,30,0.369131,0.009998,0.009998,0.161673,0.4492,0.050999,0.949001,0.123497,0.123357
5224,32,0.369221,0.009995,0.010216,0.161592,0.448976,0.050979,0.949021,0.109188,0.10912
5225,26,0.369499,0.009998,0.010026,0.161568,0.448908,0.050339,0.949661,0.117376,0.120436
5226,30,0.369407,0.010002,0.010002,0.161598,0.448991,0.050829,0.949171,0.122069,0.119392
5227,26,0.368916,0.010005,0.010005,0.161674,0.449401,0.05036,0.94964,0.121348,0.123558
5228,24,0.368938,0.01,0.01,0.16167,0.449392,0.05,0.95,0.115916,0.118437
5229,24,0.368703,0.01,0.01,0.161676,0.449621,0.05,0.95,0.12078,0.123913
5230,30,0.36889,0.009997,0.009997,0.161628,0.449488,0.0502,0.9498,0.116142,0.114943
5231,26,0.368752,0.010002,0.010002,0.161661,0.449582,0.05,0.95,0.128257,0.129993
5232,30,0.368583,0.01,0.01,0.161658,0.44976,0.050655,0.949345,0.112068,0.108596
5233,32,0.369379,0.009987,0.009987,0.161454,0.449192,0.050394,0.949606,0.093837,0.094933
5234,32,0.369192,0.009998,0.010293,0.161419,0.449097,0.050307,0.949693,0.133987,0.134259
5235,28,0.369251,0.010133,0.010002,0.161445,0.449169,0.05,0.95,0.122787,0.1258
5236,30,0.369395,0.01,0.01,0.161443,0.449162,0.050145,0.949855,0.122882,0.121927
5237,24,0.369023,0.010002,0.010002,0.161483,0.449489,0.05,0.95,0.122216,0.125643
5238,30,0.368726,0.010442,0.010485,0.161318,0.449029,0.05,0.95,0.123642,0.123682
5239,30,0.369069,0.010047,0.010073,0.16144,0.44937,0.05,0.95,0.119952,0.121666
5240,32,0.369583,0.009994,0.009994,0.161339,0.44909,0.05,0.95,0.094614,0.096239
5241,26,0.369762,0.009994,0.009994,0.16124,0.44901,0.05,0.95,0.112711,0.114778
5242,32,0.369773,0.009997,0.009997,0.161191,0.449042,0.05006,0.94994,0.121463,0.120963
5243,24,0.369479,0.010005,0.010005,0.161265,0.449247,0.05,0.95,0.126075,0.126496
5244,32,0.369151,0.010001,0.010001,0.161274,0.449574,0.05,0.95,0.133172,0.134314
5245,24,0.368802,0.01013,0.010032,0.161324,0.449713,0.05,0.95,0.126001,0.1279
5246,30,0.369139,0.009997,0.009997,0.161279,0.449587,0.05035,0.94965,0.106689,0.104699
5247,24,0.368657,0.010292,0.01,0.161271,0.44978,0.05,0.95,0.130413,0.132028
5248,24,0.368472,0.010008,0.010008,0.161393,0.45012,0.05,0.95,0.12608,0.127959
5249,26,0.36827,0.01,0.01,0.161397,0.450332,0.050002,0.949998,0.124522,0.124325
5250,26,0.367704,0.010003,0.010003,0.161441,0.45085,0.05,0.95,0.12723,0.130986
5251,30,0.367299,0.010001,0.010001,0.16146,0.451238,0.05,0.95,0.113892,0.115055
5252,32,0.367239,0.009998,0.009998,0.161434,0.45133,0.05,0.95,0.134029,0.134968
5253,32,0.36692,0.009993,0.010728,0.161327,0.451031,0.050568,0.949432,0.12625,0.123246
5254,32,0.367152,0.010001,0.010262,0.16134,0.451245,0.051025,0.948975,0.119959,0.117478
5255,26,0.367596,0.009997,0.009997,0.161294,0.451116,0.051125,0.948875,0.105918,0.105198
5256,24,0.3673,0.010005,0.010005,0.161368,0.451323,0.050703,0.949297,0.12816,0.130126
5257,26,0.367515,0.009997,0.009997,0.161315,0.451176,0.050267,0.949733,0.117522,0.119539
5258,26,0.367305,0.01,0.01,0.161317,0.451378,0.05,0.95,0.118959,0.12058
5259,24,0.367308,0.009997,0.009997,0.161261,0.451438,0.05,0.95,0.118884,0.121719
5260,32,0.367335,0.009999,0.009999,0.161252,0.451413,0.050043,0.949957,0.112428,0.112026
5261,24,0.367042,0.010005,0.010005,0.161327,0.451622,0.05,0.95,0.128149,0.130098
5262,32,0.367083,0.009995,0.009995,0.161239,0.451689,0.050325,0.949675,0.108613,0.1068
5263,32,0.367204,0.009996,0.010132,0.161171,0.451497,0.050424,0.949576,0.12194,0.121266
5264,30,0.366953,0.010003,0.010003,0.161224,0.451817,0.05058,0.94942,0.126598,0.125637
5265,32,0.367131,0.009997,0.009997,0.16118,0.451694,0.050264,0.949736,0.121968,0.123391
5266,24,0.367567,0.009993,0.009993,0.161068,0.451379,0.051312,0.948688,0.10036,0.094849
5267,32,0.367579,0.009997,0.009997,0.161019,0.451409,0.051273,0.948727,0.122315,0.122266
5268,36,0.367785,0.009997,0.009997,0.160965,0.451257,0.051172,0.948828,0.111929,0.112221
5269,24,0.368145,0.009994,0.009994,0.160871,0.450995,0.050632,0.949368,0.103759,0.106293
5270,26,0.367816,0.010513,0.009997,0.160821,0.450854,0.05,0.95,0.128076,0.131237
5271,32,0.367902,0.010619,0.009997,0.16077,0.450712,0.050024,0.949976,0.122971,0.122674
5272,36,0.368203,0.010369,0.009999,0.160756,0.450673,0.05,0.95,0.117412,0.118212
5273,24,0.367485,0.011515,0.009993,0.160645,0.450361,0.05,0.95,0.134212,0.136446
5274,36,0.367277,0.011976,0.010089,0.160554,0.450105,0.05,0.95,0.124641,0.124826
5275,26,0.367418,0.010559,0.010022,0.160906,0.451094,0.05,0.95,0.124912,0.126706
5276,26,0.368086,0.009999,0.009999,0.160884,0.451032,0.050248,0.949752,0.103864,0.102436
5277,30,0.368516,0.009993,0.009993,0.160774,0.450723,0.050523,0.949477,0.112347,0.110729
5278,30,0.368525,0.009994,0.009994,0.160684,0.450802,0.050198,0.949802,0.106888,0.108324
5279,36,0.368369,0.01,0.01,0.160683,0.450948,0.050304,0.949696,0.121693,0.120977
5280,24,0.368144,0.010004,0.010004,0.16074,0.451108,0.050186,0.949814,0.126294,0.126702
5281,24,0.368068,0.009998,0.009998,0.160707,0.45123,0.051025,0.948975,0.117784,0.113321
5282,30,0.36783,0.009996,0.009996,0.160638,0.45154,0.05076,0.94924,0.107289,0.108422
5283,36,0.367675,0.01,0.01,0.160637,0.451687,0.051138,0.948862,0.120196,0.118083
5284,32,0.36753,0.010002,0.010002,0.160674,0.451791,0.051021,0.948979,0.129542,0.12995
5285,26,0.367639,0.009998,0.009998,0.160648,0.451716,0.051259,0.948741,0.114598,0.113214
5286,36,0.367847,0.009997,0.009997,0.160594,0.451566,0.051144,0.948856,0.111933,0.1123
5287,30,0.367743,0.010002,0.010002,0.160619,0.451635,0.051813,0.948187,0.122054,0.118427
5288,30,0.368108,0.009989,0.009989,0.160442,0.451471,0.051964,0.948036,0.096433,0.095426
5289,30,0.368075,0.01,0.01,0.160445,0.451479,0.05253,0.94747,0.119738,0.116583
5290,30,0.368161,0.009999,0.009999,0.160423,0.451418,0.05249,0.94751,0.11848,0.11847
5291,26,0.36816,0.01,0.01,0.160423,0.451417,0.05276,0.94724,0.116632,0.115031
5292,24,0.368004,0.010002,0.010002,0.160463,0.451529,0.052036,0.947964,0.122542,0.126151
5293,30,0.367535,0.01,0.01,0.160455,0.452011,0.051851,0.948149,0.127298,0.128075
5294,36,0.367392,0.009994,0.009994,0.160353,0.452268,0.052316,0.947684,0.098981,0.096365
5295,30,0.367432,0.009999,0.009999,0.160339,0.45223,0.052822,0.947178,0.119396,0.116511
5296,32,0.367286,0.010002,0.010002,0.160376,0.452334,0.053396,0.946604,0.115682,0.112435
5297,26,0.367533,0.009996,0.009996,0.160314,0.452161,0.053019,0.946981,0.109559,0.111359
5298,24,0.367375,0.009999,0.009999,0.160298,0.452329,0.052646,0.947354,0.121222,0.122967
5299,26,0.367282,0.010053,0.010001,0.160308,0.452356,0.051956,0.948044,0.123538,0.126947
5300,24,0.367536,0.009997,0.009997,0.160257,0.452213,0.051864,0.948136,0.117349,0.117636
5301,36,0.367382,0.01,0.01,0.160257,0.452361,0.052164,0.947836,0.12841,0.126652
5302,32,0.367431,0.009994,0.009994,0.160158,0.452424,0.052531,0.947469,0.112139,0.11003
5303,24,0.367864,0.009993,0.009993,0.160045,0.452105,0.053604,0.946396,0.100364,0.094446
5304,30,0.367625,0.010004,0.010004,0.160102,0.452266,0.053316,0.946684,0.123219,0.124557
5305,24,0.367422,0.01,0.01,0.160101,0.452478,0.052665,0.947335,0.122852,0.126104
5306,26,0.366915,0.010041,0.010004,0.160169,0.45287,0.052434,0.947566,0.130673,0.131691
5307,30,0.366595,0.010001,0.010001,0.160177,0.453226,0.052475,0.947525,0.120329,0.119924
5308,32,0.366397,0.009996,0.009996,0.160107,0.453505,0.053064,0.946936,0.1098,0.106521
5309,24,0.365985,0.010316,0.010001,0.160129,0.453568,0.052353,0.947647,0.128058,0.131585
5310,32,0.366101,0.010003,0.010003,0.16018,0.453712,0.052873,0.947127,0.11133,0.108406
5311,26,0.365968,0.010002,0.010002,0.160216,0.453812,0.052387,0.947613,0.124456,0.126848
5312,30,0.365711,0.010003,0.010067,0.160265,0.453954,0.052616,0.947384,0.129736,0.128332
5313,32,0.366211,0.009993,0.009993,0.160157,0.453646,0.053147,0.946853,0.102353,0.099339
5314,26,0.366544,0.009995,0.009995,0.160069,0.453398,0.052844,0.947156,0.110235,0.111634
5315,24,0.366774,0.009996,0.009996,0.160008,0.453225,0.053897,0.946103,0.111138,0.105348
5316,24,0.367215,0.009993,0.009993,0.159895,0.452904,0.053791,0.946209,0.110236,0.110558
5317,24,0.367375,0.009994,0.010183,0.159803,0.452645,0.054486,0.945514,0.117189,0.113214
5318,26,0.367305,0.010004,0.010004,0.159866,0.452822,0.054268,0.945732,0.12253,0.12351
5319,32,0.367195,0.009999,0.009999,0.159851,0.452956,0.054529,0.945471,0.107839,0.10622
5320,32,0.366913,0.010002,0.010002,0.159879,0.453204,0.054462,0.945538,0.12801,0.128157
5321,26,0.366706,0.01,0.01,0.159882,0.453411,0.053962,0.946038,0.120842,0.123375
5322,32,0.366426,0.010002,0.010002,0.159912,0.453659,0.054328,0.945672,0.123338,0.121166
5323,30,0.366797,0.009991,0.009991,0.159775,0.453445,0.054668,0.945332,0.099433,0.097288
5324,32,0.367265,0.009992,0.009992,0.159653,0.453098,0.05443,0.94557,0.102305,0.103334
5325,30,0.366852,0.010001,0.010001,0.159669,0.453477,0.053906,0.946094,0.120483,0.123084
5326,32,0.366914,0.009994,0.009994,0.159576,0.453522,0.054065,0.945935,0.113198,0.112143
5327,24,0.367144,0.009996,0.009996,0.159515,0.453349,0.054264,0.945736,0.117271,0.115982
5328,36,0.367043,0.010001,0.010001,0.159538,0.453416,0.054355,0.945645,0.122158,0.121477
5329,24,0.366965,0.009998,0.009998,0.159504,0.453535,0.054307,0.945693,0.117783,0.117782
5330,24,0.366619,0.010327,0.01,0.159508,0.453546,0.054092,0.945908,0.126189,0.127153
5331,32,0.367213,0.009996,0.009996,0.159441,0.453354,0.0544,0.9456,0.102318,0.100397
5332,26,0.367245,0.009996,0.009996,0.159381,0.453382,0.054667,0.945333,0.111087,0.109452
5333,32,0.367232,0.009995,0.009995,0.159304,0.453474,0.054462,0.945538,0.114345,0.115228
5334,24,0.367414,0.009997,0.009997,0.159255,0.453336,0.054638,0.945362,0.114447,0.113178
5335,26,0.367867,0.009993,0.009993,0.15914,0.453008,0.05471,0.94529,0.103977,0.103356
5336,32,0.368296,0.009993,0.009993,0.159028,0.45269,0.055435,0.944565,0.092614,0.088411
5337,32,0.368528,0.009996,0.009996,0.158966,0.452514,0.055242,0.944758,0.117829,0.118667
5338,24,0.368446,0.009998,0.009998,0.158931,0.452628,0.054517,0.945483,0.119849,0.123615
5339,24,0.368463,0.01,0.01,0.158925,0.452612,0.053832,0.946168,0.115994,0.119451
5340,26,0.36857,0.009998,0.009998,0.158898,0.452535,0.054111,0.945889,0.114691,0.113011
5341,24,0.36849,0.009998,0.009998,0.158864,0.452651,0.053695,0.946305,0.119917,0.121906
5342,32,0.368781,0.009995,0.009995,0.158789,0.452439,0.054286,0.945714,0.095572,0.09217
5343,30,0.368574,0.009999,0.010274,0.15877,0.452383,0.055028,0.944972,0.121822,0.117537
5344,32,0.368836,0.009997,0.009997,0.158728,0.452441,0.056,0.944,0.103531,0.097984
5345,30,0.368834,0.01,0.01,0.158727,0.452439,0.055756,0.944244,0.119657,0.120771
5346,36,0.368983,0.009993,0.009993,0.15862,0.45241,0.055909,0.944091,0.109468,0.10838
5347,24,0.369442,0.009989,0.009989,0.158447,0.452132,0.056126,0.943874,0.103215,0.101747
5348,32,0.369322,0.009999,0.009999,0.158427,0.452253,0.056902,0.943098,0.107811,0.103215
5349,32,0.369236,0.009999,0.009999,0.158407,0.45236,0.056742,0.943258,0.134098,0.134779
5350,38,0.368869,0.009996,0.009996,0.158339,0.452801,0.056789,0.943211,0.115169,0.114657
5351,32,0.36872,0.010002,0.010002,0.158374,0.452901,0.057396,0.942604,0.120453,0.11676
5352,26,0.368514,0.01,0.01,0.158377,0.453109,0.057259,0.942741,0.118933,0.119505
5353,30,0.369448,0.009985,0.009985,0.158143,0.452439,0.057409,0.942591,0.085432,0.084257
5354,24,0.369144,0.010004,0.010004,0.158212,0.452635,0.056941,0.943059,0.128152,0.130587
5355,32,0.369035,0.009999,0.009999,0.158197,0.45277,0.056824,0.943176,0.118626,0.119065
5356,32,0.369107,0.009999,0.009999,0.158178,0.452717,0.056647,0.943353,0.109763,0.110495
5357,24,0.36926,0.009994,0.009994,0.158086,0.452667,0.057724,0.942276,0.105148,0.098743
5358,24,0.369255,0.01,0.01,0.158084,0.452661,0.058621,0.941379,0.121694,0.116171
5359,26,0.369255,0.01,0.01,0.158084,0.452661,0.058897,0.941103,0.11662,0.114774
5360,32,0.368859,0.009999,0.009999,0.158063,0.45308,0.059197,0.940803,0.119222,0.117209
5361,32,0.368959,0.009993,0.009993,0.15796,0.453095,0.059345,0.940655,0.10481,0.103633
5362,32,0.368673,0.010002,0.010002,0.157986,0.453337,0.059237,0.940763,0.137347,0.137762
5363,24,0.36873,0.009999,0.009999,0.157973,0.453299,0.058882,0.941118,0.115697,0.117508
5364,24,0.369093,0.009991,0.009991,0.157828,0.453098,0.058751,0.941249,0.106368,0.106843
5365,30,0.367889,0.011586,0.010979,0.157471,0.452075,0.058685,0.941315,0.13943,0.13956
5366,24,0.367981,0.011105,0.010015,0.15771,0.453189,0.057973,0.942027,0.126624,0.130569
5367,32,0.368003,0.010761,0.010001,0.157719,0.453517,0.057924,0.942076,0.115783,0.115834
5368,24,0.368047,0.010304,0.010007,0.157824,0.453819,0.057269,0.942731,0.126589,0.130101
5369,30,0.367839,0.010005,0.010005,0.15791,0.45424,0.057054,0.942946,0.120218,0.121206
5370,26,0.367707,0.010002,0.010002,0.157946,0.454342,0.056935,0.943065,0.128235,0.128711
5371,30,0.367475,0.010004,0.010004,0.158005,0.454513,0.056635,0.943365,0.129776,0.13126
5372,24,0.367082,0.010896,0.009992,0.157879,0.454151,0.055998,0.944002,0.131243,0.134628
5373,30,0.367096,0.010513,0.010831,0.157758,0.453802,0.056314,0.943686,0.125912,0.123925
5374,32,0.367466,0.010005,0.010688,0.157831,0.45401,0.056737,0.943263,0.123134,0.12053
5375,24,0.367428,0.010012,0.010012,0.158013,0.454536,0.056078,0.943922,0.126114,0.129592
5376,30,0.36707,0.010225,0.010003,0.158053,0.45465,0.055828,0.944172,0.129813,0.130979
5377,26,0.367486,0.009997,0.009997,0.158006,0.454514,0.05545,0.94455,0.108779,0.110648
5378,26,0.367608,0.009998,0.009998,0.157974,0.454423,0.054956,0.945044,0.118236,0.120737
5379,24,0.367174,0.010165,0.010001,0.157986,0.454674,0.054188,0.945812,0.130399,0.134394
5380,32,0.36693,0.010004,0.010004,0.158047,0.455015,0.054006,0.945994,0.1374,0.138198
5381,32,0.36723,0.009995,0.009995,0.157974,0.454805,0.054404,0.945596,0.104816,0.102426
5382,36,0.367168,0.009997,0.009997,0.157921,0.454918,0.054387,0.945613,0.112777,0.112651
5383,24,0.366793,0.010002,0.010002,0.157959,0.455243,0.053778,0.946222,0.12428,0.127381
5384,26,0.366659,0.010002,0.010002,0.157993,0.455343,0.053698,0.946302,0.128233,0.128482
5385,24,0.366613,0.009999,0.010129,0.157973,0.455285,0.054548,0.945452,0.121596,0.116768
5386,24,0.366366,0.010006,0.010006,0.158067,0.455555,0.05356,0.94644,0.134341,0.139498
5387,24,0.365998,0.010003,0.010003,0.158108,0.455888,0.052997,0.947003,0.122271,0.125093
5388,26,0.366213,0.009997,0.009997,0.158056,0.455738,0.053131,0.946869,0.117393,0.116456
5389,26,0.366187,0.009997,0.009997,0.158011,0.455808,0.052576,0.947424,0.111289,0.114012
5390,24,0.365812,0.010002,0.010002,0.15805,0.456133,0.051895,0.948105,0.1305,0.133893
5391,36,0.365923,0.009998,0.010023,0.158017,0.456039,0.051882,0.948118,0.117516,0.117358
5392,30,0.365707,0.009998,0.009998,0.157993,0.456302,0.052422,0.947578,0.112541,0.109525
5393,24,0.365862,0.009994,0.009994,0.1579,0.456249,0.052592,0.947408,0.113487,0.112416
5394,32,0.365858,0.01,0.01,0.157898,0.456244,0.053517,0.946483,0.120718,0.115643
5395,32,0.36581,0.010001,0.010001,0.15791,0.456278,0.05394,0.94606,0.126429,0.123943
5396,32,0.365453,0.010001,0.010001,0.157922,0.456624,0.053753,0.946247,0.115178,0.115974
5397,24,0.365296,0.009996,0.009996,0.157854,0.456858,0.05312,0.94688,0.11599,0.119153
5398,26,0.3648,0.010005,0.010005,0.157926,0.457265,0.052687,0.947313,0.121164,0.123258
5399,36,0.364651,0.01,0.01,0.157929,0.457419,0.052986,0.947014,0.120287,0.118486
5400,32,0.364651,0.01,0.01,0.157929,0.45742,0.053424,0.946576,0.120716,0.118174
5401,30,0.36455,0.010002,0.010002,0.157954,0.457493,0.053528,0.946472,0.115342,0.114536
5402,32,0.3646,0.009999,0.009999,0.157943,0.457459,0.053495,0.946505,0.116233,0.116169
5403,36,0.364883,0.009996,0.009996,0.157872,0.457254,0.053326,0.946674,0.11598,0.116688
5404,24,0.364585,0.010005,0.010005,0.157944,0.457462,0.052849,0.947151,0.128051,0.13037
5405,24,0.364609,0.01,0.01,0.15794,0.457451,0.052178,0.947822,0.115893,0.119176
5406,24,0.364189,0.010174,0.010004,0.158002,0.457631,0.051598,0.948402,0.135762,0.138598
5407,32,0.364069,0.01,0.01,0.157999,0.457933,0.051816,0.948184,0.102176,0.100843
5408,24,0.363694,0.010051,0.010005,0.15808,0.458169,0.051419,0.948581,0.135753,0.13764
5409,32,0.363891,0.009998,0.009998,0.158045,0.458068,0.051768,0.948232,0.117307,0.115331
5410,26,0.364103,0.009997,0.009997,0.157992,0.457912,0.051278,0.948722,0.113643,0.115975
5411,24,0.363973,0.010002,0.010002,0.158022,0.458001,0.050638,0.949362,0.12664,0.129717
5412,24,0.363974,0.01,0.01,0.158023,0.458003,0.050163,0.949837,0.123723,0.125932
5413,30,0.364669,0.009989,0.009989,0.15785,0.457503,0.05069,0.94931,0.094396,0.091552
5414,32,0.364081,0.0105,0.010098,0.157762,0.457558,0.050275,0.949725,0.130558,0.132477
5415,24,0.364073,0.01001,0.01001,0.157913,0.457995,0.05035,0.94965,0.126357,0.125816
5416,24,0.364233,0.009998,0.009998,0.157877,0.457893,0.050015,0.949985,0.114758,0.116237
5417,24,0.363781,0.01,0.01,0.157882,0.458336,0.05,0.95,0.126528,0.128148
5418,26,0.363359,0.010007,0.010007,0.157987,0.458641,0.05,0.95,0.128663,0.131413
5419,24,0.363364,0.01,0.01,0.157989,0.458647,0.050913,0.949087,0.121684,0.116859
5420,26,0.363228,0.010002,0.010002,0.158023,0.458745,0.050507,0.949493,0.128201,0.130109
5421,24,0.363214,0.0101,0.009999,0.158002,0.458685,0.05,0.95,0.124164,0.12755
5422,36,0.363054,0.01,0.01,0.158,0.458946,0.050424,0.949576,0.117743,0.115447
5423,24,0.36329,0.009996,0.009996,0.157941,0.458776,0.051609,0.948391,0.111139,0.104915
5424,30,0.363374,0.009999,0.009999,0.157919,0.45871,0.052108,0.947892,0.118542,0.115736
5425,30,0.363069,0.010188,0.010002,0.157947,0.458793,0.052049,0.947951,0.139609,0.139715
5426,32,0.363091,0.010003,0.010003,0.157989,0.458915,0.052712,0.947288,0.117031,0.113392
5427,26,0.363129,0.009996,0.009996,0.157932,0.458946,0.052923,0.947077,0.110987,0.109689
5428,30,0.363315,0.009997,0.009997,0.157884,0.458807,0.052899,0.947101,0.1095,0.109416
5429,36,0.363648,0.009992,0.009992,0.157763,0.458604,0.05387,0.94613,0.095533,0.090153
5430,32,0.363595,0.010001,0.010001,0.157773,0.458631,0.054591,0.945409,0.110846,0.106756
5431,32,0.364086,0.009992,0.009992,0.157651,0.458278,0.055168,0.944832,0.098858,0.095452
5432,26,0.363873,0.01,0.01,0.157651,0.458476,0.05455,0.94545,0.12463,0.127843
5433,32,0.363025,0.010359,0.010964,0.15745,0.458203,0.054666,0.945334,0.130487,0.129664
5434,24,0.36327,0.010014,0.010014,0.157664,0.459039,0.054277,0.945723,0.118691,0.120601
5435,32,0.363457,0.009997,0.009997,0.157624,0.458924,0.054243,0.945757,0.108095,0.108075
5436,30,0.363661,0.009997,0.009997,0.157572,0.458773,0.054836,0.945164,0.106479,0.102974
5437,24,0.363679,0.01,0.01,0.157566,0.458755,0.054708,0.945292,0.124186,0.124635
5438,32,0.363679,0.01,0.01,0.157566,0.458755,0.05516,0.94484,0.115957,0.113281
5439,32,0.364066,0.009994,0.009994,0.15747,0.458476,0.055845,0.944155,0.092589,0.088562
5440,30,0.363931,0.010002,0.010002,0.157501,0.458564,0.055297,0.944703,0.119745,0.122527
5441,30,0.363918,0.009995,0.009995,0.157422,0.458669,0.055575,0.944425,0.108922,0.107083
5442,24,0.364465,0.009991,0.009991,0.157285,0.458268,0.055699,0.944301,0.107324,0.10639
5443,24,0.364024,0.010384,0.010001,0.157295,0.458297,0.055245,0.944755,0.128008,0.130303
5444,26,0.363956,0.010004,0.010004,0.157357,0.458678,0.055117,0.944883,0.124577,0.125096
5445,24,0.363881,0.009998,0.009998,0.157325,0.458798,0.055349,0.944651,0.117858,0.116352
5446,24,0.363879,0.01,0.01,0.157324,0.458796,0.05498,0.94502,0.129909,0.131721
5447,30,0.364068,0.009997,0.009997,0.157278,0.45866,0.055779,0.944221,0.116101,0.111485
5448,32,0.364105,0.009994,0.009994,0.15719,0.458716,0.055448,0.944552,0.108619,0.11025
5449,26,0.363965,0.010002,0.010002,0.157222,0.458809,0.055031,0.944969,0.128206,0.130332
5450,24,0.363987,0.01,0.01,0.157217,0.458796,0.054424,0.945576,0.116016,0.11909
5451,30,0.363689,0.010002,0.010002,0.157248,0.459059,0.054591,0.945409,0.126548,0.125439
5452,24,0.363926,0.009996,0.009996,0.157191,0.45889,0.054747,0.945253,0.117428,0.116373
5453,30,0.363935,0.01,0.01,0.157187,0.458879,0.054595,0.945405,0.109593,0.110121
5454,24,0.364019,0.009999,0.009999,0.157166,0.458818,0.05411,0.94589,0.114408,0.116828
5455,30,0.364315,0.009992,0.010184,0.157045,0.458465,0.054277,0.945723,0.113908,0.112737
5456,26,0.364243,0.010004,0.010004,0.157106,0.458643,0.053652,0.946348,0.128186,0.131392
5457,26,0.364038,0.01,0.01,0.15711,0.458852,0.052943,0.947057,0.124607,0.128186
5458,24,0.364273,0.009996,0.009996,0.157052,0.458682,0.052909,0.947091,0.117432,0.117423
5459,32,0.364124,0.010002,0.010002,0.157087,0.458785,0.053026,0.946974,0.129674,0.128854
5460,26,0.364339,0.009997,0.009997,0.157035,0.458633,0.052586,0.947414,0.117475,0.119615
5461,24,0.3639,0.010003,0.010003,0.157089,0.459005,0.052034,0.947966,0.131941,0.134656
5462,30,0.363667,0.010004,0.010004,0.157148,0.459178,0.051914,0.948086,0.123072,0.123438
5463,26,0.363533,0.010002,0.010002,0.157183,0.45928,0.051262,0.948738,0.128163,0.13137
5464,26,0.363884,0.009995,0.009995,0.157097,0.45903,0.050763,0.949237,0.111637,0.113984
5465,30,0.363895,0.009996,0.010051,0.157036,0.459023,0.050811,0.949189,0.110355,0.109894
5466,32,0.363765,0.010003,0.010003,0.157079,0.45915,0.051115,0.948885,0.129679,0.127926
5467,36,0.363846,0.009999,0.009999,0.157061,0.459096,0.051618,0.948382,0.112243,0.109493
5468,24,0.363472,0.010002,0.010002,0.157099,0.459423,0.051041,0.948959,0.124237,0.127026
5469,32,0.363474,0.01,0.01,0.1571,0.459426,0.051713,0.948287,0.120523,0.116868
5470,24,0.363269,0.01,0.01,0.157098,0.459634,0.051125,0.948875,0.122794,0.125629
5471,30,0.363266,0.009995,0.009995,0.157017,0.459728,0.051314,0.948686,0.109867,0.108707
5472,30,0.3633,0.009997,0.010141,0.15697,0.459591,0.052058,0.947942,0.119193,0.115148
5473,32,0.363388,0.010001,0.010001,0.156982,0.459628,0.051964,0.948036,0.1262,0.126485
5474,36,0.363237,0.01,0.01,0.156984,0.459779,0.052336,0.947664,0.121649,0.11952
5475,24,0.363472,0.009996,0.009996,0.156926,0.459609,0.053014,0.946986,0.117312,0.113546
5476,32,0.363345,0.009997,0.009997,0.156871,0.459791,0.053362,0.946638,0.121539,0.119486
5477,24,0.36402,0.009989,0.009989,0.156703,0.459299,0.054372,0.945628,0.09808,0.092417
5478,26,0.364121,0.009998,0.009998,0.156673,0.45921,0.054426,0.945574,0.114645,0.114167
5479,32,0.364007,0.009999,0.009999,0.156656,0.459339,0.05476,0.94524,0.123222,0.121187
5480,26,0.363798,0.01,0.01,0.156658,0.459543,0.054421,0.945579,0.118832,0.12049
5481,26,0.363614,0.010016,0.010121,0.156671,0.459579,0.054588,0.945412,0.122303,0.121203
5482,26,0.363877,0.009998,0.009998,0.156639,0.459488,0.054479,0.945521,0.117534,0.117902
5483,26,0.364944,0.009983,0.009983,0.156376,0.458714,0.054567,0.945433,0.091656,0.090921
5484,24,0.364932,0.01,0.01,0.15637,0.458698,0.055826,0.944174,0.115516,0.108336
5485,24,0.364706,0.010004,0.010004,0.156426,0.458861,0.055886,0.944114,0.126285,0.12573
5486,30,0.364448,0.010004,0.010004,0.156491,0.459052,0.055667,0.944333,0.123312,0.124312
5487,32,0.364516,0.009996,0.009996,0.156433,0.459059,0.05603,0.94397,0.119941,0.11769
5488,32,0.364513,0.01,0.01,0.156432,0.459055,0.056125,0.943875,0.120691,0.119932
5489,30,0.364701,0.009997,0.009997,0.156385,0.458919,0.056955,0.943045,0.109593,0.10469
5490,24,0.364326,0.010002,0.010002,0.156423,0.459246,0.056187,0.943813,0.130464,0.134603
5491,30,0.364093,0.010004,0.010004,0.156482,0.459418,0.056061,0.943939,0.139708,0.140188
5492,26,0.363959,0.010002,0.010002,0.156517,0.45952,0.055607,0.944393,0.1282,0.130541
5493,26,0.363961,0.01,0.01,0.156517,0.459522,0.055094,0.944906,0.12609,0.128734
5494,30,0.364149,0.009997,0.009997,0.156471,0.459385,0.056029,0.943971,0.116177,0.110779
5495,32,0.364259,0.009995,0.009995,0.156399,0.459351,0.056079,0.943921,0.118817,0.118326
5496,26,0.364248,0.01,0.01,0.1564,0.459353,0.055544,0.944456,0.121107,0.123901
5497,24,0.363953,0.010005,0.010005,0.156472,0.459565,0.054486,0.945514,0.134416,0.140039
5498,30,0.363652,0.010002,0.010002,0.156502,0.459842,0.054568,0.945432,0.126387,0.125722
5499,32,0.363753,0.00999,0.010359,0.156344,0.459554,0.054288,0.945712,0.119618,0.120937
5500,32,0.364058,0.009991,0.010621,0.1562,0.45913,0.05513,0.94487,0.108673,0.103905
5501,32,0.364571,0.009997,0.009997,0.15615,0.459285,0.055052,0.944948,0.098351,0.098501
5502,30,0.364754,0.009994,0.009994,0.156062,0.459196,0.055238,0.944762,0.114011,0.112763
5503,24,0.364299,0.010042,0.010003,0.156108,0.459548,0.054622,0.945378,0.131842,0.135036
5504,24,0.364473,0.009995,0.009995,0.156024,0.459514,0.054769,0.945231,0.113476,0.112473
5505,32,0.364357,0.009999,0.009999,0.156006,0.459639,0.055041,0.944959,0.107798,0.106091
5506,24,0.364827,0.009989,0.009989,0.155837,0.459357,0.055036,0.944964,0.103326,0.103102
5507,26,0.364602,0.010183,0.01004,0.155833,0.459342,0.054681,0.945319,0.124232,0.125981
5508,24,0.364625,0.01,0.01,0.155829,0.459546,0.054269,0.945731,0.11212,0.114138
5509,24,0.364944,0.009995,0.009995,0.155751,0.459316,0.053708,0.946292,0.113244,0.116034
5510,24,0.36494,0.01,0.01,0.155749,0.459311,0.053134,0.946866,0.123734,0.12658
5511,36,0.364687,0.009997,0.009997,0.155707,0.459611,0.053514,0.946486,0.120591,0.118333
5512,24,0.364742,0.009999,0.009999,0.155692,0.459568,0.053122,0.946878,0.11573,0.117593
5513,26,0.364605,0.010002,0.010002,0.155725,0.459665,0.052778,0.947222,0.124354,0.125999
5514,30,0.364371,0.010004,0.010004,0.155784,0.459837,0.053187,0.946813,0.123231,0.120865
5515,26,0.364166,0.01,0.01,0.155787,0.460046,0.052912,0.947088,0.118906,0.12016
5516,30,0.364252,0.009999,0.009999,0.155766,0.459984,0.052856,0.947144,0.118579,0.118656
5517,24,0.363893,0.010006,0.010006,0.155854,0.460242,0.052443,0.947557,0.129582,0.131582
5518,36,0.363745,0.01,0.01,0.155856,0.460398,0.052647,0.947353,0.120294,0.11903
5519,24,0.363971,0.009996,0.010025,0.155794,0.460214,0.05329,0.94671,0.117232,0.113641
5520,30,0.363876,0.010002,0.010002,0.155822,0.460298,0.053829,0.946171,0.121866,0.11877
5521,26,0.363914,0.009996,0.009996,0.155765,0.460327,0.053884,0.946116,0.111094,0.110611
5522,26,0.363776,0.010002,0.010002,0.155798,0.460423,0.053415,0.946585,0.128125,0.130461
5523,24,0.364092,0.009995,0.009995,0.155721,0.460197,0.052808,0.947192,0.111648,0.114621
5524,24,0.364312,0.009996,0.009996,0.155665,0.46003,0.052186,0.947814,0.114124,0.117157
5525,26,0.364523,0.009997,0.009997,0.155612,0.459873,0.051791,0.948209,0.113649,0.115516
5526,26,0.365055,0.00999,0.010107,0.155451,0.459397,0.051837,0.948163,0.105034,0.104586
5527,30,0.365525,0.009994,0.009994,0.155359,0.459127,0.052192,0.947808,0.102611,0.100516
5528,30,0.366503,0.009984,0.009984,0.155117,0.458411,0.052378,0.947622,0.085119,0.083883
5529,30,0.366966,0.009992,0.009992,0.154996,0.458053,0.052775,0.947225,0.094667,0.092345
5530,24,0.367146,0.009997,0.009997,0.154948,0.457912,0.052757,0.947243,0.114448,0.114274
5531,26,0.367009,0.010002,0.010002,0.15498,0.458007,0.05268,0.94732,0.128128,0.12835
5532,32,0.367186,0.009997,0.009997,0.154938,0.457882,0.052822,0.947178,0.112821,0.111912
5533,38,0.366988,0.009999,0.009999,0.154916,0.458098,0.052988,0.947012,0.127013,0.125925
5534,30,0.367175,0.009997,0.009997,0.15487,0.457961,0.053175,0.946825,0.116212,0.115048
5535,26,0.366878,0.010005,0.010005,0.154941,0.458171,0.052397,0.947603,0.131187,0.13514
5536,32,0.366992,0.009996,0.009996,0.154872,0.458144,0.052434,0.947566,0.103404,0.102994
5537,24,0.367223,0.009996,0.009996,0.154814,0.457971,0.053259,0.946741,0.117301,0.112694
5538,30,0.367119,0.010002,0.010002,0.154837,0.458041,0.053369,0.946631,0.115485,0.114656
5539,24,0.367343,0.009996,0.010026,0.154776,0.457859,0.05399,0.94601,0.117235,0.113713
5540,32,0.367479,0.009998,0.009998,0.154748,0.457776,0.05414,0.94586,0.113787,0.112774
5541,24,0.366756,0.011135,0.010019,0.154638,0.457452,0.053387,0.946613,0.134198,0.138063
5542,26,0.367512,0.010006,0.010006,0.154736,0.457739,0.053267,0.946733,0.108731,0.109173
5543,24,0.367751,0.009996,0.009996,0.15468,0.457576,0.053994,0.946006,0.117266,0.113157
5544,38,0.367748,0.01,0.01,0.154679,0.457573,0.053593,0.946407,0.129277,0.131221
5545,24,0.367748,0.01,0.01,0.154679,0.457573,0.052589,0.947411,0.129924,0.135065
5546,30,0.368285,0.009992,0.009992,0.154548,0.457184,0.053011,0.946989,0.105592,0.103167
5547,24,0.368298,0.01,0.01,0.154541,0.457163,0.052329,0.947671,0.124182,0.127576
5548,26,0.368063,0.010001,0.010001,0.154549,0.457386,0.05185,0.94815,0.111411,0.113699
5549,32,0.368016,0.010001,0.010001,0.154561,0.457421,0.052547,0.947453,0.110869,0.107067
5550,24,0.368454,0.009993,0.009993,0.154454,0.457105,0.053494,0.946506,0.102409,0.097214
5551,32,0.368385,0.01011,0.009999,0.154441,0.457065,0.053382,0.946618,0.125242,0.125605
5552,26,0.369173,0.009989,0.009989,0.154275,0.456574,0.053628,0.946372,0.093823,0.092277
5553,30,0.369165,0.01,0.01,0.154271,0.456564,0.054676,0.945324,0.119697,0.113823
5554,24,0.368793,0.010002,0.010002,0.15431,0.456892,0.054284,0.945716,0.124257,0.126199
5555,24,0.368439,0.010006,0.010006,0.154397,0.457152,0.0542,0.9458,0.129718,0.129958
5556,30,0.368373,0.01002,0.010165,0.15437,0.457071,0.055071,0.944929,0.119478,0.114525
5557,24,0.368149,0.010006,0.010006,0.15447,0.457368,0.054406,0.945594,0.134424,0.137885
5558,24,0.368308,0.009994,0.009994,0.154382,0.457321,0.054373,0.945627,0.113473,0.113436
5559,30,0.368421,0.009995,0.009995,0.154305,0.457283,0.054562,0.945438,0.106183,0.104923
5560,24,0.369088,0.009989,0.009989,0.15414,0.456794,0.055214,0.944786,0.104188,0.100342
5561,36,0.369103,0.009997,0.009997,0.154095,0.456808,0.056342,0.943658,0.110498,0.104005
5562,32,0.36882,0.010002,0.010002,0.154122,0.457054,0.056294,0.943706,0.137275,0.137307
5563,32,0.368786,0.009998,0.009998,0.154088,0.45713,0.056157,0.943843,0.12321,0.123762
5564,36,0.368687,0.010002,0.010002,0.154111,0.457199,0.056217,0.943783,0.126274,0.125729
5565,26,0.368553,0.010002,0.010002,0.154145,0.457298,0.055681,0.944319,0.128254,0.13108
5566,30,0.368382,0.009998,0.009998,0.154107,0.457517,0.055613,0.944387,0.120246,0.120365
5567,24,0.368224,0.010002,0.010002,0.154144,0.457628,0.055582,0.944418,0.124546,0.124474
5568,32,0.368401,0.009997,0.009997,0.154102,0.457503,0.055494,0.944506,0.12193,0.122169
5569,24,0.368399,0.01,0.01,0.154101,0.4575,0.055073,0.944927,0.123709,0.125827
5570,32,0.368351,0.010001,0.010001,0.154113,0.457535,0.055278,0.944722,0.121849,0.120507
5571,32,0.368527,0.009997,0.009997,0.15407,0.457409,0.055993,0.944007,0.112796,0.108613
5572,32,0.3687,0.009997,0.009997,0.154027,0.457279,0.055715,0.944285,0.12206,0.123416
5573,32,0.368417,0.010002,0.010002,0.154054,0.457526,0.056263,0.943737,0.123433,0.120142
5574,24,0.368418,0.01,0.01,0.154054,0.457527,0.055516,0.944484,0.121671,0.125602
5575,30,0.368112,0.010026,0.010002,0.154081,0.457779,0.05533,0.94467,0.126575,0.127385
5576,24,0.368356,0.009997,0.009997,0.154028,0.457623,0.055243,0.944757,0.117337,0.117598
5577,26,0.368218,0.010002,0.010002,0.15406,0.457718,0.055183,0.944817,0.128155,0.12829
5578,24,0.367927,0.010005,0.010005,0.154132,0.457932,0.054865,0.945135,0.128249,0.129795
5579,24,0.36793,0.01,0.01,0.154134,0.457936,0.05575,0.94425,0.121702,0.116536
5580,30,0.367693,0.009999,0.01029,0.154121,0.457897,0.05588,0.94412,0.13626,0.135317
5581,30,0.367703,0.010004,0.010004,0.154189,0.458099,0.055435,0.944565,0.12375,0.125999
5582,24,0.368002,0.009992,0.009992,0.154066,0.457948,0.055353,0.944647,0.108239,0.108417
5583,24,0.368453,0.009993,0.009993,0.153952,0.45761,0.05521,0.94479,0.111067,0.11159
5584,24,0.368095,0.010166,0.010003,0.153996,0.457741,0.05445,0.94555,0.134312,0.138278
5585,26,0.368192,0.009998,0.009998,0.153965,0.457847,0.054674,0.945326,0.110977,0.109566
5586,24,0.368561,0.009994,0.009994,0.153874,0.457577,0.054565,0.945435,0.113627,0.11399
5587,26,0.368557,0.01,0.01,0.153872,0.457571,0.05466,0.94534,0.116646,0.115925
5588,24,0.368477,0.009998,0.009998,0.153839,0.457688,0.05549,0.94451,0.117768,0.112937
5589,30,0.368492,0.009997,0.009997,0.153789,0.457726,0.055519,0.944481,0.108556,0.108157
5590,30,0.368504,0.009994,0.009994,0.153703,0.457804,0.055454,0.944546,0.100261,0.10038
5591,34,0.368747,0.009996,0.009996,0.153641,0.457619,0.055696,0.944304,0.109237,0.107653
5592,30,0.368744,0.01,0.01,0.15364,0.457616,0.055506,0.944494,0.11958,0.12038
5593,24,0.368967,0.009996,0.010024,0.153579,0.457433,0.056144,0.943856,0.117187,0.113411
5594,26,0.36884,0.010002,0.010002,0.153615,0.457541,0.055643,0.944357,0.128139,0.130748
5595,24,0.368549,0.010005,0.010005,0.153687,0.457755,0.055349,0.944651,0.128165,0.129502
5596,26,0.368675,0.009998,0.009998,0.153658,0.45767,0.054743,0.945257,0.118345,0.121481
5597,24,0.368202,0.010461,0.010026,0.153654,0.457657,0.053935,0.946065,0.134257,0.138464
5598,38,0.367966,0.010281,0.010833,0.153556,0.457365,0.054298,0.945702,0.129198,0.127049
5599,36,0.36805,0.010006,0.01048,0.153655,0.457808,0.054694,0.945306,0.120185,0.117805
5600,24,0.367936,0.01001,0.01001,0.153801,0.458244,0.054289,0.945711,0.128176,0.13017
5601,36,0.367747,0.009999,0.009999,0.153787,0.458468,0.054365,0.945635,0.120505,0.119882
5602,26,0.367538,0.01,0.01,0.153789,0.458673,0.054044,0.945956,0.120813,0.122367
5603,26,0.367118,0.010007,0.010007,0.153891,0.458977,0.053334,0.946666,0.134333,0.137965
5604,26,0.36663,0.010005,0.010005,0.153965,0.459395,0.052613,0.947387,0.130678,0.134313
5605,24,0.366856,0.009996,0.010029,0.153904,0.459214,0.052781,0.947219,0.117229,0.11614
5606,24,0.367099,0.009997,0.009997,0.153851,0.459056,0.052739,0.947261,0.117343,0.117364
5607,26,0.366911,0.010091,0.010048,0.153862,0.459088,0.05236,0.94764,0.124241,0.126054
5608,36,0.367322,0.009993,0.009993,0.15376,0.458931,0.052544,0.947456,0.099051,0.097828
5609,24,0.36763,0.009995,0.009995,0.153682,0.458699,0.052005,0.947995,0.119766,0.122375
5610,24,0.36786,0.009996,0.009996,0.153623,0.458524,0.052263,0.947737,0.117395,0.115872
5611,32,0.368253,0.009994,0.009994,0.153526,0.458234,0.053085,0.946915,0.092995,0.08849
5612,38,0.368315,0.00999,0.00999,0.153376,0.458328,0.053638,0.946362,0.102101,0.098967
5613,30,0.368308,0.01,0.01,0.153373,0.458319,0.053996,0.946004,0.126311,0.124156
5614,30,0.368393,0.009999,0.009999,0.153352,0.458257,0.053515,0.946485,0.128299,0.130625
5615,26,0.368111,0.009998,0.009998,0.153324,0.458568,0.053401,0.946599,0.120988,0.121409
5616,24,0.367885,0.010004,0.010004,0.153378,0.45873,0.053279,0.946721,0.126275,0.126727
5617,24,0.367308,0.010198,0.010576,0.15333,0.458588,0.053159,0.946841,0.134258,0.134693
5618,30,0.367523,0.010006,0.010006,0.15342,0.459045,0.053543,0.946457,0.116294,0.114024
5619,24,0.367761,0.009996,0.009996,0.153365,0.458881,0.054721,0.945279,0.111122,0.104531
5620,24,0.36791,0.009998,0.009998,0.153328,0.458768,0.054042,0.945958,0.114737,0.118199
5621,32,0.367562,0.01,0.01,0.153328,0.45911,0.053936,0.946064,0.12487,0.125231
5622,32,0.367512,0.009994,0.010447,0.15323,0.458818,0.054167,0.945833,0.114768,0.113301
5623,30,0.367579,0.009997,0.010552,0.153186,0.458686,0.05499,0.94501,0.116536,0.111852
5624,32,0.367213,0.010247,0.0104,0.153178,0.458963,0.054642,0.945358,0.133001,0.134704
5625,32,0.367514,0.010003,0.010003,0.153219,0.459262,0.054975,0.945025,0.105082,0.103033
5626,24,0.367112,0.010304,0.010002,0.153244,0.459339,0.054521,0.945479,0.128041,0.130314
5627,24,0.367213,0.01,0.01,0.153242,0.459546,0.054378,0.945622,0.117938,0.118491
5628,32,0.367213,0.01,0.01,0.153242,0.459545,0.05401,0.94599,0.125344,0.127104
5629,26,0.36714,0.010001,0.010001,0.153259,0.459598,0.053635,0.946365,0.123585,0.125389
5630,26,0.367006,0.010002,0.010002,0.153292,0.459698,0.05329,0.94671,0.124359,0.126027
5631,24,0.366918,0.010001,0.010037,0.153306,0.459738,0.052536,0.947464,0.125047,0.128844
5632,26,0.366724,0.010001,0.010001,0.153314,0.459961,0.052644,0.947356,0.124574,0.123818
5633,32,0.366366,0.010001,0.010001,0.153325,0.460307,0.052399,0.947601,0.115141,0.116232
5634,36,0.366563,0.009994,0.009994,0.15324,0.460208,0.052609,0.947391,0.114522,0.113217
5635,32,0.366502,0.009996,0.010294,0.15318,0.460027,0.052525,0.947475,0.12147,0.121727
5636,24,0.366421,0.010133,0.010375,0.153146,0.459925,0.051988,0.948012,0.121552,0.124153
5637,36,0.366117,0.009996,0.011065,0.153084,0.459738,0.052287,0.947713,0.130307,0.128589
5638,26,0.366298,0.010011,0.010011,0.153249,0.460432,0.051951,0.948049,0.118844,0.120414
5639,30,0.366008,0.010002,0.010002,0.153283,0.460705,0.052158,0.947842,0.119934,0.118677
5640,32,0.365679,0.010001,0.010001,0.15329,0.461029,0.052639,0.947361,0.119176,0.116472
5641,30,0.365444,0.010004,0.010004,0.153347,0.461201,0.052379,0.947621,0.129721,0.130858
5642,32,0.365819,0.009994,0.009994,0.153259,0.460934,0.052752,0.947248,0.108719,0.106525
5643,24,0.365283,0.010647,0.009998,0.153229,0.460843,0.051748,0.948252,0.134258,0.139326
5644,24,0.365068,0.010007,0.010007,0.153333,0.461586,0.051391,0.948609,0.12036,0.122028
5645,30,0.364971,0.010002,0.010002,0.153359,0.461666,0.052143,0.947857,0.12202,0.117923
5646,24,0.364839,0.010002,0.010017,0.153388,0.461753,0.051495,0.948505,0.124504,0.127666
5647,24,0.365293,0.009993,0.009993,0.153283,0.461438,0.051075,0.948925,0.110357,0.112297
5648,30,0.365405,0.009998,0.009998,0.153253,0.461346,0.051673,0.948327,0.100962,0.097678
5649,24,0.365404,0.01,0.01,0.153252,0.461344,0.051301,0.948699,0.123816,0.125564
5650,24,0.36556,0.009994,0.009994,0.153163,0.461289,0.051559,0.948441,0.113384,0.111858
5651,32,0.365532,0.01,0.01,0.153167,0.461301,0.052003,0.947997,0.109837,0.107363
5652,26,0.365745,0.009997,0.009997,0.153115,0.461146,0.051333,0.948667,0.117474,0.120746
5653,24,0.365449,0.010005,0.010005,0.153185,0.461357,0.050768,0.949232,0.128241,0.130971
5654,24,0.365452,0.01,0.01,0.153187,0.461361,0.051099,0.948901,0.121774,0.119916
5655,30,0.365449,0.009996,0.01024,0.153128,0.461186,0.051613,0.948387,0.118306,0.115479
5656,24,0.365241,0.010007,0.010007,0.153236,0.461509,0.051111,0.948889,0.128129,0.130533
5657,24,0.364956,0.009999,0.010365,0.153219,0.46146,0.050345,0.949655,0.130714,0.134442
5658,30,0.365102,0.009997,0.010076,0.153173,0.461652,0.050792,0.949208,0.106702,0.104239
5659,36,0.365285,0.009996,0.009996,0.153111,0.461612,0.050968,0.949032,0.110078,0.10896
5660,30,0.365398,0.009995,0.010192,0.153034,0.461381,0.051314,0.948686,0.126022,0.124097
5661,24,0.365622,0.009996,0.009996,0.152973,0.461412,0.051281,0.948719,0.11339,0.113346
5662,24,0.365326,0.010005,0.010005,0.153043,0.461622,0.050598,0.949402,0.126113,0.129425
5663,26,0.365329,0.01,0.01,0.153044,0.461627,0.050268,0.949732,0.120425,0.121925
5664,34,0.365236,0.010001,0.010001,0.153067,0.461694,0.050134,0.949866,0.124542,0.125036
5665,26,0.36545,0.009997,0.009997,0.153016,0.461541,0.05,0.95,0.113628,0.115076
5666,24,0.365384,0.010001,0.010001,0.15303,0.461584,0.05,0.95,0.123143,0.125662
5667,32,0.365372,0.009997,0.009997,0.152991,0.461642,0.050696,0.949304,0.106864,0.103214
5668,24,0.36539,0.01,0.01,0.152985,0.461625,0.050056,0.949944,0.115939,0.118954
5669,32,0.364597,0.011113,0.011015,0.152653,0.460623,0.050098,0.949902,0.135913,0.135524
5670,24,0.36501,0.010041,0.010027,0.153063,0.461859,0.05,0.95,0.129687,0.131049
5671,26,0.364963,0.009999,0.009999,0.153043,0.461997,0.05,0.95,0.116788,0.118316
5672,26,0.364754,0.01,0.01,0.153045,0.462201,0.05,0.95,0.124505,0.124658
5673,30,0.364652,0.010002,0.010002,0.153069,0.462275,0.050001,0.949999,0.115362,0.11516
5674,24,0.364653,0.01,0.01,0.15307,0.462277,0.050821,0.949179,0.121583,0.117242
5675,32,0.364829,0.009997,0.009997,0.153027,0.462149,0.05049,0.94951,0.121997,0.123494
5676,24,0.365063,0.009996,0.009996,0.15297,0.461975,0.050515,0.949485,0.117362,0.117068
5677,24,0.364984,0.010001,0.010001,0.152987,0.462027,0.05,0.95,0.116889,0.119915
5678,38,0.364506,0.009991,0.010788,0.152848,0.461868,0.050352,0.949648,0.12307,0.121139
5679,24,0.364731,0.010005,0.010005,0.152929,0.462329,0.05,0.95,0.112114,0.11535
5680,32,0.364912,0.009997,0.009997,0.152888,0.462205,0.05,0.95,0.112848,0.113162
5681,30,0.364612,0.010002,0.010002,0.152918,0.462467,0.050362,0.949638,0.120084,0.118097
5682,26,0.364613,0.01,0.01,0.152919,0.462468,0.05,0.95,0.1261,0.128328
5683,26,0.364569,0.009999,0.010121,0.1529,0.462412,0.050119,0.949881,0.126095,0.125335
5684,24,0.364831,0.009998,0.009998,0.152866,0.462308,0.050133,0.949867,0.112433,0.112136
5685,24,0.364535,0.010005,0.010005,0.152936,0.46252,0.05,0.95,0.128153,0.131446
5686,24,0.364244,0.010005,0.010005,0.153008,0.462739,0.05,0.95,0.12813,0.12993
5687,24,0.364247,0.01,0.01,0.153009,0.462743,0.051248,0.948752,0.113459,0.10696
5688,24,0.363945,0.010026,0.010004,0.153077,0.462948,0.050576,0.949424,0.13432,0.137582
5689,32,0.364596,0.00999,0.00999,0.152928,0.462496,0.050589,0.949411,0.089916,0.089673
5690,26,0.364639,0.009999,0.009999,0.152913,0.46245,0.050787,0.949213,0.115958,0.114796
5691,26,0.364217,0.010007,0.010007,0.153014,0.462756,0.050269,0.949731,0.128586,0.131046
5692,32,0.36411,0.009999,0.009999,0.153,0.462892,0.050166,0.949834,0.123232,0.123562
5693,26,0.3641,0.01,0.01,0.153002,0.462898,0.05,0.95,0.124846,0.126703
5694,24,0.363429,0.011001,0.010023,0.152914,0.462632,0.05,0.95,0.134188,0.138003
5695,24,0.363435,0.010397,0.01001,0.153066,0.463092,0.05,0.95,0.126286,0.128058
5696,30,0.364004,0.009992,0.009992,0.152948,0.463064,0.050767,0.949233,0.096275,0.092267
5697,24,0.363693,0.010033,0.010004,0.153012,0.463258,0.05,0.95,0.134312,0.138234
5698,30,0.36387,0.009998,0.009998,0.152978,0.463157,0.050567,0.949433,0.116231,0.113224
5699,30,0.363986,0.009998,0.009998,0.152949,0.463069,0.050212,0.949788,0.119191,0.120778
5700,26,0.363984,0.01,0.01,0.152948,0.463067,0.05033,0.94967,0.116576,0.115817
5701,24,0.364122,0.009998,0.009998,0.152915,0.462967,0.050139,0.949861,0.126252,0.127012
5702,24,0.364141,0.01,0.01,0.15291,0.46295,0.05,0.95,0.124217,0.126849
5703,36,0.364177,0.009995,0.009995,0.152837,0.462996,0.050007,0.949993,0.110881,0.110627
5704,36,0.364022,0.01,0.01,0.152836,0.463142,0.050548,0.949452,0.124398,0.121478
5705,24,0.364043,0.01,0.01,0.152831,0.463127,0.05,0.95,0.115912,0.118772
5706,24,0.364278,0.009996,0.009996,0.152775,0.462955,0.051186,0.948814,0.111159,0.104979
5707,24,0.364275,0.01,0.01,0.152774,0.462951,0.052433,0.947567,0.115515,0.108852
5708,26,0.364232,0.009993,0.010454,0.152673,0.462647,0.051969,0.948031,0.118218,0.120444
5709,30,0.363701,0.009996,0.011255,0.152606,0.462443,0.052364,0.947636,0.129598,0.127339
5710,24,0.364088,0.01,0.010834,0.152613,0.462465,0.05307,0.94693,0.117317,0.113395
5711,30,0.364597,0.010002,0.010176,0.152649,0.462576,0.053071,0.946929,0.117085,0.116882
5712,30,0.364255,0.010003,0.010003,0.152695,0.463045,0.052714,0.947286,0.120406,0.122112
5713,26,0.364642,0.009991,0.009991,0.152555,0.46282,0.052765,0.947235,0.100372,0.099891
5714,30,0.364094,0.010625,0.01114,0.152249,0.461891,0.052778,0.947222,0.129043,0.128777
5715,26,0.364585,0.010019,0.010068,0.152544,0.462785,0.052137,0.947863,0.128255,0.131443
5716,36,0.364725,0.009997,0.009997,0.152493,0.462788,0.052167,0.947833,0.115738,0.115401
5717,24,0.364258,0.010082,0.010003,0.152533,0.463124,0.051427,0.948573,0.131821,0.135474
5718,38,0.364035,0.01044,0.009998,0.152501,0.463027,0.051516,0.948484,0.124033,0.123393
5719,24,0.363822,0.010007,0.010007,0.152606,0.463559,0.051371,0.948629,0.122122,0.122641
5720,30,0.363781,0.010209,0.010155,0.152529,0.463326,0.051714,0.948286,0.129117,0.127126
5721,24,0.363619,0.010008,0.010008,0.152655,0.46371,0.051055,0.948945,0.128148,0.131368
5722,32,0.363677,0.009999,0.009999,0.152645,0.46368,0.052048,0.947952,0.109902,0.104649
5723,32,0.363977,0.009995,0.009995,0.152573,0.46346,0.051936,0.948064,0.10571,0.106037
5724,24,0.363679,0.010005,0.010005,0.152642,0.46367,0.051319,0.948681,0.128075,0.131076
5725,32,0.363794,0.009996,0.009996,0.152574,0.46364,0.051511,0.948489,0.118861,0.117697
5726,24,0.363791,0.01,0.01,0.152573,0.463636,0.050986,0.949014,0.12379,0.126274
5727,24,0.363355,0.010003,0.010003,0.152626,0.464012,0.050766,0.949234,0.12364,0.124595
5728,26,0.363149,0.01,0.01,0.152629,0.464221,0.050701,0.949299,0.124565,0.124734
5729,24,0.362789,0.010183,0.010003,0.152673,0.464352,0.050039,0.949961,0.125994,0.129151
5730,24,0.362779,0.01,0.01,0.152668,0.464554,0.050048,0.949952,0.117847,0.117621
5731,32,0.362956,0.009997,0.009997,0.152626,0.464424,0.05,0.95,0.117367,0.118703
5732,24,0.362954,0.01,0.01,0.152625,0.464422,0.05,0.95,0.123852,0.126373
5733,26,0.362721,0.010001,0.010001,0.152633,0.464645,0.05,0.95,0.120807,0.124083
5734,32,0.362762,0.009994,0.009994,0.152549,0.4647,0.050265,0.949735,0.108551,0.107045
5735,26,0.362971,0.009997,0.009997,0.152496,0.464539,0.05,0.95,0.117482,0.119503
5736,26,0.362761,0.01,0.01,0.152498,0.464741,0.05,0.95,0.120789,0.123098
5737,24,0.362388,0.010002,0.010002,0.152535,0.465072,0.05,0.95,0.130375,0.134062
5738,24,0.362549,0.009998,0.009998,0.152498,0.464958,0.05,0.95,0.112345,0.114103
5739,36,0.36298,0.009993,0.009993,0.152394,0.46464,0.050824,0.949176,0.099341,0.095046
5740,30,0.362631,0.01022,0.010013,0.152419,0.464718,0.050428,0.949572,0.139709,0.14153
5741,24,0.362264,0.010003,0.010003,0.15246,0.465271,0.05,0.95,0.120332,0.123328
5742,24,0.362124,0.010388,0.009996,0.152401,0.465091,0.05,0.95,0.123627,0.126969
5743,24,0.362263,0.010004,0.010004,0.152459,0.465269,0.05,0.95,0.123827,0.127157
5744,24,0.362502,0.009996,0.009996,0.152404,0.465101,0.050126,0.949874,0.117339,0.116517
5745,24,0.362654,0.009998,0.009998,0.152366,0.464985,0.05,0.95,0.114749,0.117649
5746,24,0.362673,0.01,0.01,0.15236,0.464967,0.05,0.95,0.124192,0.124545
5747,38,0.362955,0.009991,0.009991,0.152226,0.464836,0.050264,0.949736,0.099367,0.097813
5748,30,0.362926,0.009997,0.009997,0.152184,0.464896,0.050718,0.949282,0.116104,0.113624
5749,36,0.362767,0.009998,0.009998,0.152157,0.46508,0.050882,0.949118,0.11639,0.115385
5750,26,0.362343,0.010007,0.010007,0.152257,0.465386,0.050036,0.949964,0.134285,0.13841
5751,24,0.36222,0.010002,0.010002,0.15229,0.465486,0.05,0.95,0.126734,0.129091
5752,26,0.362014,0.01,0.01,0.152293,0.465693,0.05,0.95,0.124581,0.127871
5753,30,0.361647,0.01,0.01,0.152294,0.466058,0.05,0.95,0.133128,0.133049
5754,32,0.362009,0.009994,0.009994,0.152208,0.465794,0.050391,0.949609,0.11454,0.112423
5755,24,0.362533,0.009989,0.010176,0.152036,0.465266,0.05014,0.94986,0.101645,0.10268
5756,24,0.362669,0.009997,0.009997,0.151991,0.465345,0.05,0.95,0.110843,0.111786
5757,36,0.362919,0.009996,0.010007,0.151928,0.465151,0.050114,0.949886,0.109066,0.108306
5758,24,0.362616,0.010001,0.010001,0.151949,0.465432,0.05,0.95,0.122428,0.124255
5759,36,0.36305,0.009993,0.009993,0.151847,0.465117,0.050424,0.949576,0.099367,0.097055
5760,36,0.363398,0.009994,0.009994,0.15176,0.464853,0.050327,0.949673,0.109012,0.109318
5761,30,0.36383,0.009993,0.009993,0.151655,0.464529,0.050821,0.949179,0.102591,0.099891
5762,36,0.363825,0.01,0.01,0.151653,0.464523,0.051327,0.948673,0.113794,0.111051
5763,30,0.363912,0.009999,0.009999,0.151632,0.464459,0.051108,0.948892,0.118583,0.119508
5764,24,0.363538,0.010002,0.010002,0.151669,0.464788,0.050622,0.949378,0.122103,0.124387
5765,26,0.363146,0.010649,0.010049,0.151595,0.464561,0.050565,0.949435,0.128017,0.12813
5766,24,0.363419,0.010013,0.010007,0.151695,0.464867,0.050291,0.949709,0.124227,0.1254
5767,26,0.36329,0.010002,0.010002,0.15173,0.464975,0.05,0.95,0.122536,0.123936
5768,24,0.362997,0.010005,0.010005,0.151801,0.465193,0.05,0.95,0.134305,0.13758
5769,32,0.362952,0.010001,0.010001,0.151814,0.465232,0.050683,0.949317,0.117023,0.113432
5770,24,0.36258,0.010002,0.010002,0.151852,0.465563,0.050004,0.949996,0.130446,0.133713
5771,30,0.362277,0.010002,0.010002,0.15188,0.465838,0.05,0.95,0.12631,0.127411
5772,36,0.362358,0.009999,0.009999,0.151862,0.465783,0.050519,0.949481,0.112275,0.109515
5773,26,0.362348,0.01,0.01,0.151864,0.465788,0.050104,0.949896,0.124908,0.12684
5774,30,0.362246,0.010002,0.010002,0.151888,0.465862,0.050762,0.949238,0.122047,0.118529
5775,24,0.361952,0.010005,0.010005,0.151959,0.46608,0.05012,0.94988,0.128234,0.131309
5776,24,0.361583,0.010003,0.010003,0.151998,0.466414,0.05,0.95,0.124257,0.127139
5777,24,0.361804,0.009997,0.009997,0.151947,0.466256,0.05,0.95,0.112579,0.115065
5778,36,0.361726,0.009999,0.009999,0.151929,0.466348,0.050437,0.949563,0.128268,0.125882
5779,24,0.361961,0.009996,0.009996,0.151872,0.466174,0.051267,0.948733,0.117347,0.112906
5780,30,0.361535,0.010427,0.011037,0.151615,0.465386,0.051178,0.948822,0.129077,0.129355
5781,26,0.361893,0.010016,0.010115,0.151855,0.466122,0.050765,0.949235,0.128228,0.13017
5782,32,0.361733,0.010105,0.010003,0.1519,0.46626,0.050743,0.949257,0.129526,0.129448
5783,24,0.361398,0.010004,0.010004,0.151954,0.46664,0.050029,0.949971,0.124256,0.127653
5784,24,0.361384,0.009994,0.009994,0.151857,0.466772,0.05,0.95,0.118382,0.118878
5785,36,0.361611,0.009996,0.009996,0.1518,0.466596,0.05,0.95,0.106434,0.108814
5786,26,0.361923,0.009995,0.009995,0.151724,0.466363,0.05011,0.94989,0.114326,0.113602
5787,24,0.361624,0.010005,0.010005,0.151793,0.466575,0.05,0.95,0.134371,0.136226
5788,24,0.361607,0.009997,0.009997,0.151748,0.466651,0.05,0.95,0.111732,0.113616
5789,24,0.361773,0.009994,0.010184,0.151662,0.466387,0.050772,0.949228,0.11723,0.113145
5790,24,0.362074,0.009998,0.009998,0.151633,0.466297,0.051507,0.948493,0.117327,0.113384
5791,32,0.362186,0.009995,0.009995,0.151563,0.46626,0.051396,0.948604,0.109627,0.110023
5792,24,0.361682,0.010351,0.009999,0.151546,0.466422,0.050693,0.949307,0.130304,0.133721
5793,28,0.361543,0.010008,0.010008,0.151662,0.46678,0.050414,0.949586,0.123328,0.124592
5794,26,0.362172,0.00999,0.00999,0.151517,0.466331,0.05,0.95,0.101665,0.103945
5795,30,0.362354,0.009997,0.009997,0.151469,0.466184,0.05,0.95,0.116109,0.117109
5796,24,0.362352,0.01,0.01,0.151468,0.466181,0.050913,0.949087,0.121677,0.116851
5797,30,0.362966,0.00999,0.00999,0.151322,0.465731,0.050387,0.949613,0.097599,0.100014
5798,30,0.362957,0.009995,0.009995,0.151241,0.465813,0.050442,0.949558,0.103222,0.102776
5799,30,0.362696,0.010061,0.010003,0.151286,0.465954,0.050322,0.949678,0.139629,0.140031
5800,32,0.362896,0.009998,0.009998,0.151254,0.465854,0.050726,0.949274,0.106632,0.104445
5801,32,0.362491,0.010502,0.009998,0.15123,0.465779,0.050597,0.949403,0.123817,0.124294
5802,24,0.362194,0.010296,0.010005,0.151299,0.466207,0.050238,0.949762,0.130354,0.13197
5803,32,0.362082,0.010208,0.010003,0.151348,0.466359,0.050383,0.949617,0.129471,0.128555
5804,24,0.362312,0.01,0.01,0.151344,0.466345,0.05,0.95,0.114863,0.117136
5805,24,0.362548,0.009996,0.009996,0.151287,0.466172,0.050831,0.949169,0.117318,0.11292
5806,32,0.362474,0.010001,0.010001,0.151303,0.466221,0.050987,0.949013,0.12635,0.125376
5807,24,0.362846,0.009991,0.009991,0.151165,0.466008,0.050321,0.949679,0.106483,0.109643
5808,24,0.36286,0.009999,0.009999,0.151157,0.465984,0.05,0.95,0.124203,0.127199
5809,38,0.362681,0.010003,0.010003,0.151199,0.466114,0.05,0.95,0.126824,0.127803
5810,30,0.362562,0.009997,0.009997,0.15115,0.466294,0.050882,0.949118,0.110166,0.105558
5811,30,0.36256,0.01,0.01,0.151149,0.466291,0.0509,0.9491,0.129583,0.129283
5812,24,0.362796,0.009996,0.009996,0.151093,0.466118,0.051101,0.948899,0.117422,0.116225
5813,24,0.362498,0.010005,0.010005,0.151162,0.466331,0.050389,0.949611,0.126095,0.129534
5814,24,0.362656,0.009998,0.009998,0.151127,0.466222,0.05,0.95,0.114682,0.117552
5815,24,0.362812,0.009994,0.009994,0.151038,0.466162,0.050756,0.949244,0.113373,0.109356
5816,24,0.36336,0.009991,0.009991,0.150905,0.465753,0.050887,0.949113,0.107291,0.106422
5817,30,0.363226,0.010002,0.010002,0.150933,0.465838,0.051105,0.948895,0.122112,0.1208
5818,24,0.363675,0.009993,0.009993,0.150827,0.465512,0.050742,0.949258,0.110401,0.112035
5819,36,0.363433,0.009999,0.009999,0.150818,0.46575,0.051018,0.948982,0.116599,0.114995
5820,30,0.36333,0.010279,0.009997,0.150775,0.465619,0.050932,0.949068,0.129425,0.129646
5821,24,0.362365,0.011252,0.010844,0.150566,0.464973,0.050758,0.949242,0.134141,0.134828
5822,24,0.361888,0.011176,0.011419,0.150561,0.464956,0.050582,0.949418,0.134241,0.134945
5823,24,0.362748,0.010087,0.010381,0.150818,0.465966,0.050438,0.949562,0.11086,0.11138
5824,32,0.36287,0.010005,0.010005,0.1509,0.466219,0.050964,0.949036,0.126423,0.12357
5825,30,0.362693,0.009987,0.011005,0.150703,0.465611,0.05193,0.94807,0.115966,0.110844
5826,32,0.362993,0.010008,0.010008,0.150828,0.466162,0.051754,0.948246,0.124759,0.12549
5827,24,0.36329,0.009996,0.009996,0.150761,0.465957,0.051344,0.948656,0.111168,0.113061
5828,30,0.363051,0.010004,0.010004,0.150816,0.466125,0.051126,0.948874,0.139701,0.14063
5829,30,0.362731,0.010002,0.010002,0.150853,0.466412,0.050916,0.949084,0.120129,0.121006
5830,24,0.362437,0.010005,0.010005,0.150924,0.46663,0.05007,0.94993,0.134357,0.138457
5831,30,0.363054,0.00999,0.00999,0.15078,0.466185,0.050099,0.949901,0.098559,0.098225
5832,24,0.363201,0.009997,0.009997,0.150741,0.466064,0.05,0.95,0.114715,0.116425
5833,24,0.362677,0.01041,0.009998,0.150715,0.4662,0.05,0.95,0.130334,0.135454
5834,30,0.362857,0.010004,0.010004,0.150769,0.466366,0.050212,0.949788,0.120631,0.119384
5835,24,0.362634,0.010004,0.010004,0.150824,0.466535,0.050094,0.949906,0.12625,0.126671
5836,24,0.362495,0.009999,0.009999,0.150807,0.4667,0.05,0.95,0.127481,0.13109
5837,32,0.36254,0.009999,0.010016,0.150792,0.466653,0.050949,0.949051,0.109878,0.104964
5838,26,0.36205,0.010005,0.010005,0.150865,0.467076,0.05039,0.94961,0.125092,0.127768
5839,30,0.362233,0.009992,0.009992,0.150746,0.467038,0.051204,0.948796,0.10371,0.099405
5840,36,0.362306,0.009999,0.009999,0.150725,0.466973,0.051708,0.948292,0.112358,0.109611
5841,24,0.362463,0.009994,0.009994,0.150636,0.466913,0.052815,0.947185,0.107204,0.10122
5842,24,0.362306,0.010322,0.010147,0.150557,0.466668,0.052239,0.947761,0.124121,0.126938
5843,38,0.36255,0.009995,0.009995,0.150482,0.466977,0.05291,0.94709,0.102075,0.098385
5844,30,0.362919,0.009989,0.009989,0.150315,0.466789,0.053061,0.946939,0.096407,0.095379
5845,24,0.36313,0.009996,0.009996,0.15026,0.466618,0.05229,0.94771,0.120677,0.124527
5846,30,0.363245,0.009998,0.009998,0.150231,0.466528,0.052649,0.947351,0.112663,0.110568
5847,26,0.363371,0.009998,0.009998,0.1502,0.466433,0.051978,0.948022,0.12276,0.126108
5848,24,0.363306,0.010001,0.010001,0.150215,0.466477,0.051548,0.948452,0.125086,0.127118
5849,24,0.363551,0.01019,0.009993,0.150111,0.466155,0.050879,0.949121,0.119722,0.122937
5850,30,0.363381,0.010006,0.010006,0.150194,0.466413,0.050864,0.949136,0.129843,0.129719
5851,32,0.363506,0.01015,0.009996,0.150131,0.466217,0.050602,0.949398,0.121943,0.123104
5852,24,0.36411,0.009993,0.009993,0.150023,0.465882,0.050536,0.949464,0.107285,0.107413
5853,30,0.364017,0.009999,0.009999,0.150001,0.465985,0.050355,0.949645,0.116634,0.117338
5854,26,0.36372,0.010438,0.009998,0.149966,0.465878,0.05,0.95,0.128061,0.13121
5855,24,0.363492,0.010307,0.010798,0.149859,0.465544,0.05,0.95,0.124078,0.124562
5856,26,0.364163,0.010003,0.010224,0.149909,0.4657,0.05,0.95,0.115465,0.118897
5857,30,0.364235,0.009997,0.01033,0.149867,0.465571,0.050591,0.949409,0.116549,0.113401
5858,24,0.364511,0.009997,0.009997,0.149829,0.465665,0.050946,0.949054,0.113352,0.111379
5859,36,0.364547,0.009999,0.009999,0.149819,0.465635,0.051073,0.948927,0.117138,0.116305
5860,32,0.364598,0.009999,0.009999,0.149807,0.465597,0.052198,0.947802,0.110047,0.104084
5861,36,0.364675,0.009999,0.009999,0.149788,0.465539,0.0527,0.9473,0.112276,0.109467
5862,36,0.364929,0.009996,0.009996,0.149728,0.465351,0.052642,0.947358,0.117404,0.117524
5863,24,0.364632,0.010005,0.010005,0.149796,0.465563,0.052155,0.947845,0.128209,0.130596
5864,28,0.364635,0.01,0.01,0.149797,0.465567,0.052353,0.947647,0.117593,0.116374
5865,26,0.364608,0.01,0.010051,0.149792,0.465549,0.051905,0.948095,0.124756,0.126921
5866,32,0.364803,0.009998,0.009998,0.149758,0.465444,0.052253,0.947747,0.117322,0.115327
5867,24,0.364958,0.009994,0.009994,0.149669,0.465384,0.05242,0.94758,0.113464,0.112395
5868,24,0.364885,0.010186,0.009998,0.149639,0.465291,0.052152,0.947848,0.129865,0.131046
5869,32,0.365002,0.010001,0.010001,0.149655,0.465341,0.052284,0.947716,0.116229,0.11529
5870,26,0.364722,0.009998,0.009998,0.149628,0.465653,0.051948,0.948052,0.115263,0.116838
5871,32,0.364143,0.010193,0.010775,0.149533,0.465356,0.05197,0.94803,0.139356,0.139069
5872,32,0.364386,0.010007,0.010007,0.149633,0.465968,0.051857,0.948143,0.115862,0.116266
5873,26,0.364441,0.009999,0.009999,0.149623,0.465937,0.051352,0.948648,0.114902,0.11732
5874,24,0.364813,0.009994,0.009994,0.149535,0.465663,0.05235,0.94765,0.105332,0.099987
5875,24,0.364581,0.009994,0.010618,0.14944,0.465367,0.053272,0.946728,0.121567,0.116491
5876,30,0.364601,0.010004,0.010004,0.149501,0.465889,0.053349,0.946651,0.112503,0.111853
5877,24,0.364232,0.010003,0.010003,0.14954,0.466224,0.052915,0.947085,0.122143,0.124248
5878,24,0.363861,0.010003,0.010003,0.149578,0.466556,0.052503,0.947497,0.124148,0.12612
5879,30,0.364163,0.009991,0.010289,0.149438,0.46612,0.051909,0.948091,0.102694,0.105564
5880,38,0.3646,0.009995,0.009995,0.149366,0.466044,0.051697,0.948303,0.110245,0.111163
5881,32,0.364178,0.009999,0.009999,0.14935,0.466473,0.051565,0.948435,0.128387,0.128872
5882,24,0.36412,0.009998,0.009998,0.149313,0.466572,0.050623,0.949377,0.12028,0.124895
5883,26,0.364332,0.009997,0.009997,0.149262,0.466413,0.050191,0.949809,0.117505,0.119497
5884,24,0.363889,0.010185,0.010001,0.149271,0.466654,0.05,0.95,0.130335,0.131699
5885,24,0.363957,0.010002,0.010002,0.149299,0.466741,0.050914,0.949086,0.121698,0.116871
5886,24,0.364552,0.009991,0.009991,0.14916,0.466307,0.050533,0.949467,0.101672,0.103382
5887,24,0.364565,0.009999,0.009999,0.149152,0.466283,0.05,0.95,0.12419,0.127254
5888,36,0.364413,0.01,0.01,0.149153,0.466434,0.050071,0.949929,0.121545,0.121
5889,30,0.364014,0.009998,0.009998,0.149129,0.46686,0.05,0.95,0.11703,0.117316
5890,26,0.363877,0.010002,0.010002,0.14916,0.466958,0.05,0.95,0.122449,0.123691
5891,32,0.364056,0.009997,0.009997,0.149119,0.466831,0.05029,0.94971,0.117426,0.115811
5892,24,0.363681,0.010002,0.010002,0.149156,0.467159,0.05,0.95,0.12213,0.125572
5893,24,0.364359,0.009989,0.009989,0.148998,0.466664,0.050588,0.949412,0.104252,0.101123
5894,30,0.364301,0.010001,0.010001,0.149006,0.466691,0.050606,0.949394,0.113127,0.112833
5895,30,0.364159,0.009988,0.010895,0.148827,0.466131,0.051446,0.948554,0.115951,0.111529
5896,24,0.364186,0.010013,0.010013,0.149028,0.466759,0.051083,0.948917,0.128107,0.12979
5897,30,0.364094,0.010002,0.010002,0.149056,0.466846,0.051564,0.948436,0.121965,0.119291
5898,24,0.363801,0.010005,0.010005,0.149125,0.467064,0.051202,0.948798,0.128095,0.129785
5899,24,0.363942,0.009998,0.009998,0.149095,0.466967,0.052261,0.947739,0.109728,0.104065
5900,26,0.363805,0.010002,0.010002,0.149126,0.467065,0.051579,0.948421,0.128179,0.131564
5901,26,0.364067,0.009996,0.009996,0.149065,0.466876,0.051081,0.948919,0.112477,0.114842
5902,26,0.363928,0.010002,0.010002,0.149096,0.466972,0.050554,0.949446,0.124341,0.126861
5903,30,0.36402,0.009999,0.009999,0.149075,0.466907,0.051112,0.948888,0.119255,0.116219
5904,26,0.363981,0.010001,0.010001,0.149084,0.466934,0.050545,0.949455,0.115695,0.118382
5905,26,0.36409,0.009998,0.009998,0.149059,0.466855,0.050583,0.949417,0.114623,0.114257
5906,30,0.364343,0.009996,0.009996,0.148999,0.466667,0.051082,0.948918,0.116004,0.113286
5907,26,0.364073,0.010001,0.010001,0.149014,0.466912,0.050626,0.949374,0.125914,0.128085
5908,30,0.363972,0.010002,0.010002,0.149038,0.466987,0.050754,0.949246,0.121898,0.121036
5909,30,0.363984,0.01,0.01,0.149036,0.466981,0.050872,0.949128,0.126151,0.125325
5910,32,0.363936,0.010001,0.010001,0.149047,0.467016,0.051572,0.948428,0.111012,0.107268
5911,32,0.363889,0.010001,0.010001,0.149058,0.467051,0.051915,0.948085,0.12628,0.124323
5912,24,0.363889,0.01,0.01,0.149058,0.467052,0.052153,0.947847,0.121656,0.12022
5913,30,0.363769,0.009997,0.009997,0.149009,0.467229,0.052987,0.947013,0.110152,0.105594
5914,30,0.363955,0.009997,0.009997,0.148964,0.467087,0.053196,0.946804,0.116076,0.114738
5915,26,0.364322,0.009994,0.009994,0.148876,0.466813,0.05327,0.94673,0.104785,0.104149
5916,32,0.364371,0.009999,0.009999,0.148862,0.466769,0.053025,0.946975,0.12154,0.122643
5917,24,0.364523,0.009998,0.009998,0.148826,0.466655,0.052467,0.947533,0.114728,0.117448
5918,32,0.364816,0.009995,0.009995,0.148756,0.466437,0.053,0.947,0.095693,0.09266
5919,24,0.36444,0.010002,0.010002,0.148792,0.466763,0.052378,0.947622,0.124295,0.127392
5920,24,0.363903,0.010637,0.010029,0.148762,0.466668,0.051623,0.948377,0.134214,0.137965
5921,24,0.363851,0.010011,0.010011,0.14893,0.467196,0.051137,0.948863,0.128136,0.130441
5922,30,0.363446,0.010487,0.009999,0.148916,0.467152,0.050914,0.949086,0.129623,0.130556
5923,30,0.363812,0.010002,0.010002,0.148944,0.46724,0.051109,0.948891,0.109679,0.108505
5924,32,0.3637,0.009997,0.009997,0.148898,0.467408,0.051556,0.948444,0.11176,0.109273
5925,32,0.363556,0.009988,0.010863,0.148726,0.466866,0.052019,0.947981,0.121861,0.119294
5926,24,0.363285,0.010102,0.010525,0.148846,0.467242,0.051732,0.948268,0.12949,0.130789
5927,36,0.364318,0.009994,0.009994,0.148751,0.466944,0.051728,0.948272,0.090354,0.090157
5928,24,0.364313,0.01,0.01,0.148749,0.466938,0.051146,0.948854,0.123829,0.126662
5929,26,0.364368,0.009999,0.009999,0.148736,0.466898,0.051271,0.948729,0.117342,0.116538
5930,26,0.364232,0.010002,0.010002,0.148767,0.466997,0.050948,0.949052,0.122461,0.123948
5931,28,0.364087,0.010002,0.010002,0.148802,0.467106,0.050362,0.949638,0.125429,0.128241
5932,30,0.364061,0.009998,0.009998,0.148765,0.467179,0.050346,0.949654,0.116705,0.116556
5933,24,0.363764,0.010005,0.010005,0.148834,0.467393,0.05,0.95,0.126058,0.128293
5934,24,0.363331,0.010004,0.010004,0.148887,0.467775,0.05,0.95,0.125701,0.127121
5935,24,0.363776,0.009993,0.009993,0.148785,0.467454,0.050745,0.949255,0.108651,0.104672
5936,30,0.363789,0.009997,0.009997,0.148734,0.467484,0.050745,0.949255,0.115128,0.114921
5937,32,0.363672,0.009991,0.010347,0.148604,0.467386,0.050508,0.949492,0.121644,0.122655
5938,30,0.363249,0.010532,0.010319,0.148583,0.467318,0.050361,0.949639,0.129613,0.130191
5939,24,0.363547,0.010272,0.010233,0.148594,0.467354,0.050563,0.949437,0.118665,0.117468
5940,30,0.363495,0.010009,0.010009,0.148724,0.467763,0.050816,0.949184,0.129712,0.128248
5941,24,0.363559,0.009999,0.009999,0.148714,0.467729,0.050496,0.949504,0.115741,0.117156
5942,24,0.363044,0.010001,0.010001,0.148733,0.46822,0.05,0.95,0.127928,0.130646
5943,30,0.362904,0.009988,0.010894,0.148555,0.467659,0.050914,0.949086,0.115972,0.111233
5944,24,0.363261,0.010004,0.010283,0.148612,0.46784,0.052027,0.947973,0.111743,0.105843
5945,32,0.362947,0.010002,0.010002,0.148641,0.468407,0.051808,0.948192,0.128406,0.129336
5946,24,0.362498,0.01,0.01,0.148647,0.468854,0.051404,0.948596,0.12648,0.128373
5947,24,0.362126,0.010002,0.010002,0.148684,0.469186,0.050729,0.949271,0.130391,0.133684
5948,30,0.362191,0.009991,0.0105,0.148551,0.468767,0.051649,0.948351,0.110372,0.105516
5949,30,0.362755,0.009999,0.009999,0.148534,0.468713,0.051819,0.948181,0.100643,0.099584
5950,24,0.362908,0.009998,0.009998,0.148498,0.468599,0.051204,0.948796,0.114713,0.117666
5951,24,0.363059,0.009998,0.009998,0.148462,0.468484,0.050598,0.949402,0.114732,0.117619
5952,24,0.363332,0.010102,0.009994,0.148372,0.4682,0.05,0.95,0.11974,0.123058
5953,24,0.363525,0.009995,0.009995,0.148299,0.468186,0.050193,0.949807,0.113463,0.112326
5954,24,0.36304,0.010126,0.010002,0.148331,0.468501,0.05,0.95,0.131789,0.135498
5955,26,0.363348,0.009997,0.009997,0.148289,0.468369,0.05,0.95,0.116353,0.119366
5956,30,0.363463,0.009998,0.009998,0.148261,0.46828,0.05,0.95,0.118165,0.121355
5957,32,0.363722,0.009996,0.009996,0.1482,0.468086,0.050343,0.949657,0.101631,0.099732
5958,30,0.364163,0.009993,0.009993,0.148095,0.467756,0.05048,0.94952,0.098071,0.09711
5959,38,0.364427,0.009996,0.009996,0.14803,0.467551,0.050995,0.949005,0.113194,0.110423
5960,26,0.364216,0.01,0.01,0.148031,0.467752,0.051206,0.948794,0.11887,0.117633
5961,26,0.36408,0.010002,0.010002,0.148063,0.467852,0.051127,0.948873,0.122531,0.122764
5962,36,0.363607,0.009991,0.010869,0.147933,0.467599,0.051556,0.948444,0.127411,0.125055
5963,24,0.363406,0.010333,0.010116,0.148081,0.468065,0.051049,0.948951,0.129486,0.131917
5964,32,0.364278,0.009993,0.009993,0.147982,0.467753,0.05161,0.94839,0.090138,0.087034
5965,24,0.364209,0.010001,0.010001,0.147995,0.467794,0.050867,0.949133,0.131345,0.134979
5966,24,0.364068,0.009999,0.009999,0.147978,0.467956,0.050418,0.949582,0.121314,0.123397
5967,34,0.363975,0.010001,0.010001,0.147999,0.468023,0.051221,0.948779,0.110132,0.105892
5968,24,0.364133,0.009994,0.009994,0.147913,0.467965,0.05139,0.94861,0.113465,0.112412
5969,24,0.363678,0.01,0.01,0.147917,0.468405,0.050834,0.949166,0.120337,0.123014
5970,30,0.363576,0.010002,0.010002,0.14794,0.46848,0.050683,0.949317,0.122099,0.122659
5971,24,0.363813,0.009996,0.009996,0.147886,0.468308,0.050659,0.949341,0.117273,0.117203
5972,24,0.363963,0.009998,0.009998,0.14785,0.468192,0.050301,0.949699,0.114739,0.116359
5973,24,0.363941,0.009997,0.009997,0.147804,0.468262,0.05,0.95,0.111781,0.11482
5974,32,0.364115,0.009997,0.009997,0.147762,0.468129,0.05,0.95,0.108069,0.108074
5975,24,0.364113,0.01,0.01,0.147761,0.468126,0.051248,0.948752,0.113446,0.106948
5976,26,0.363691,0.010007,0.010007,0.147859,0.468437,0.050926,0.949074,0.134317,0.135792
5977,30,0.363342,0.010155,0.010001,0.147867,0.468635,0.050644,0.949356,0.12653,0.127786
5978,26,0.363612,0.009998,0.009998,0.147841,0.468551,0.050004,0.949996,0.117421,0.120458
5979,24,0.363316,0.010005,0.010005,0.147909,0.468766,0.05,0.95,0.128047,0.130113
5980,24,0.36332,0.01,0.01,0.14791,0.46877,0.050059,0.949941,0.121705,0.121228
5981,34,0.363166,0.01,0.01,0.147907,0.468927,0.050131,0.949869,0.121614,0.121078
5982,24,0.362794,0.010002,0.010002,0.147944,0.469258,0.05,0.95,0.130426,0.133712
5983,30,0.363385,0.009991,0.009991,0.147808,0.468826,0.050759,0.949241,0.097464,0.093462
5984,24,0.362973,0.010134,0.010004,0.147869,0.469021,0.050178,0.949822,0.135737,0.138509
5985,30,0.362547,0.010658,0.009998,0.147847,0.468949,0.05,0.95,0.129609,0.130685
5986,24,0.363102,0.010002,0.010002,0.14787,0.469025,0.05,0.95,0.111607,0.113324
5987,26,0.363439,0.009995,0.009995,0.147793,0.468779,0.05,0.95,0.108809,0.109846
5988,24,0.363456,0.01,0.01,0.147786,0.468758,0.05,0.95,0.124232,0.124244
5989,30,0.3631,0.01,0.01,0.147792,0.469108,0.050252,0.949748,0.120258,0.118818
5990,24,0.362663,0.010003,0.010003,0.147844,0.469486,0.05001,0.94999,0.125713,0.12676
5991,38,0.362565,0.009997,0.009997,0.147803,0.469637,0.050003,0.949997,0.125629,0.125481
5992,26,0.36343,0.009986,0.009986,0.147602,0.468996,0.050019,0.949981,0.092006,0.091705
5993,38,0.363494,0.009999,0.009999,0.14758,0.468928,0.050587,0.949413,0.113479,0.110467
5994,30,0.363561,0.009994,0.009994,0.147487,0.468964,0.050729,0.949271,0.116479,0.115551
5995,24,0.363175,0.010219,0.010025,0.147518,0.469063,0.050208,0.949792,0.125955,0.128406
5996,26,0.363183,0.010001,0.010001,0.147527,0.469289,0.05,0.95,0.121234,0.123244
5997,24,0.363321,0.009998,0.009998,0.147495,0.469188,0.051082,0.948918,0.111766,0.106133
5998,30,0.363084,0.010004,0.010004,0.147549,0.46936,0.050925,0.949075,0.123126,0.123715
5999,36,0.363386,0.009993,0.009993,0.147447,0.469181,0.05154,0.94846,0.096607,0.093213
6000,24,0.362931,0.01,0.01,0.14745,0.469619,0.050874,0.949126,0.120309,0.123546
6001,24,0.362725,0.01,0.01,0.147448,0.469827,0.05,0.95,0.128967,0.133975
6002,24,0.362018,0.011102,0.010022,0.147348,0.46951,0.05,0.95,0.134167,0.135399
6003,30,0.361769,0.011162,0.010003,0.147398,0.469667,0.05,0.95,0.129667,0.130225
6004,32,0.362135,0.010342,0.010004,0.147464,0.470055,0.050371,0.949629,0.119918,0.117877
6005,24,0.361965,0.010008,0.010008,0.147583,0.470436,0.050036,0.949964,0.128113,0.12962
6006,30,0.362081,0.009998,0.009998,0.14756,0.470362,0.050406,0.949594,0.116591,0.114502
6007,32,0.361968,0.009997,0.009997,0.147514,0.470525,0.050825,0.949175,0.111726,0.109422
6008,24,0.362421,0.009993,0.009993,0.147408,0.470186,0.051115,0.948885,0.10818,0.106482
6009,24,0.362288,0.010002,0.010002,0.147435,0.470273,0.051172,0.948828,0.12462,0.124126
6010,24,0.362381,0.009999,0.009999,0.147414,0.470207,0.05119,0.94881,0.115315,0.114976
6011,36,0.362406,0.009997,0.009997,0.147374,0.470226,0.051936,0.948064,0.110361,0.106345
6012,36,0.362568,0.009995,0.009995,0.147301,0.470141,0.052079,0.947921,0.107482,0.106493
6013,32,0.362516,0.010001,0.010001,0.147311,0.470171,0.052445,0.947555,0.11087,0.108768
6014,32,0.36247,0.010609,0.009991,0.147179,0.469751,0.052031,0.947969,0.124728,0.12672
6015,24,0.362924,0.010002,0.010002,0.147213,0.469859,0.051949,0.948051,0.117435,0.117638
6016,32,0.36246,0.010369,0.009997,0.147166,0.470008,0.051666,0.948334,0.132909,0.134196
6017,30,0.362555,0.010004,0.010004,0.147229,0.470208,0.051532,0.948468,0.130816,0.131278
6018,26,0.362338,0.010601,0.009994,0.14714,0.469927,0.051156,0.948844,0.125996,0.127722
6019,30,0.362075,0.011003,0.010544,0.146976,0.469402,0.051568,0.948432,0.129069,0.126749
6020,24,0.362558,0.010013,0.010013,0.147172,0.470243,0.051047,0.948953,0.119905,0.122399
6021,26,0.362432,0.010002,0.010002,0.147208,0.470356,0.050396,0.949604,0.128155,0.13131
6022,26,0.362167,0.010001,0.010001,0.147224,0.470607,0.05,0.95,0.125802,0.127711
6023,26,0.362096,0.010001,0.010001,0.147241,0.470661,0.05,0.95,0.123659,0.127476
6024,26,0.362239,0.009995,0.009995,0.147163,0.470608,0.05,0.95,0.113895,0.116071
6025,26,0.362364,0.009998,0.009998,0.147132,0.470509,0.05,0.95,0.12284,0.123443
6026,30,0.362799,0.009993,0.009993,0.14703,0.470185,0.050593,0.949407,0.10695,0.103808
6027,24,0.362568,0.010003,0.010003,0.14708,0.470345,0.050381,0.949619,0.126363,0.127271
6028,36,0.362275,0.009996,0.009996,0.147024,0.470708,0.050662,0.949338,0.116698,0.115105
6029,32,0.362062,0.01,0.01,0.147031,0.470906,0.050912,0.949088,0.126452,0.124983
6030,24,0.361921,0.009999,0.009999,0.147014,0.471067,0.051116,0.948884,0.119247,0.118015
6031,32,0.361951,0.009999,0.009999,0.147007,0.471043,0.05114,0.94886,0.116989,0.116678
6032,24,0.362088,0.009998,0.009998,0.146975,0.470941,0.052186,0.947814,0.109699,0.104116
6033,32,0.362388,0.009995,0.009995,0.146905,0.470716,0.0525,0.9475,0.094915,0.093039
6034,30,0.361288,0.011351,0.010986,0.146608,0.469767,0.052497,0.947503,0.139412,0.139215
6035,28,0.361255,0.011133,0.010581,0.146765,0.470267,0.052049,0.947951,0.128491,0.130664
6036,24,0.361723,0.01022,0.010013,0.146954,0.47109,0.052883,0.947117,0.117719,0.1131
6037,36,0.361842,0.009999,0.009999,0.146947,0.471213,0.052949,0.947051,0.114165,0.113582
6038,30,0.361282,0.010717,0.009995,0.14687,0.471137,0.052726,0.947274,0.136384,0.137348
6039,32,0.36167,0.010005,0.010005,0.146944,0.471375,0.053475,0.946525,0.111218,0.10705
6040,24,0.361439,0.01,0.01,0.14695,0.47161,0.053069,0.946931,0.126815,0.128772
6041,30,0.361878,0.009993,0.009993,0.146849,0.471286,0.052838,0.947162,0.102598,0.103539
6042,28,0.361541,0.010002,0.010002,0.146882,0.471573,0.052224,0.947776,0.125143,0.128195
6043,36,0.361816,0.009993,0.009993,0.146786,0.471412,0.05239,0.94761,0.10066,0.099547
6044,24,0.361833,0.01,0.01,0.146779,0.47139,0.051686,0.948314,0.1242,0.127657
6045,32,0.361711,0.010095,0.010708,0.146617,0.470869,0.052193,0.947807,0.12186,0.11908
6046,32,0.36174,0.010004,0.010528,0.146674,0.471054,0.052379,0.947621,0.126492,0.125342
6047,30,0.361997,0.009999,0.010344,0.146658,0.471002,0.052696,0.947304,0.116166,0.114271
6048,36,0.361775,0.009998,0.010431,0.146625,0.471172,0.052336,0.947664,0.118308,0.120008
6049,32,0.362056,0.01,0.010142,0.146626,0.471176,0.052654,0.947346,0.109402,0.107546
6050,30,0.362005,0.010003,0.010003,0.146671,0.471318,0.052828,0.947172,0.121847,0.120688
6051,32,0.361959,0.010001,0.010001,0.146682,0.471357,0.053073,0.946927,0.117081,0.115588
6052,36,0.361645,0.009996,0.010595,0.146617,0.471148,0.053511,0.946489,0.130311,0.127801
6053,36,0.362403,0.009997,0.010016,0.146575,0.47101,0.053859,0.946141,0.100232,0.098179
6054,24,0.362644,0.009996,0.009996,0.146522,0.470841,0.05398,0.94602,0.117343,0.116445
6055,26,0.362219,0.010007,0.010007,0.146618,0.47115,0.053429,0.946571,0.12862,0.131404
6056,24,0.362315,0.009999,0.009999,0.146599,0.471089,0.053645,0.946355,0.115347,0.1139
6057,26,0.362047,0.010001,0.010001,0.146615,0.471336,0.053251,0.946749,0.125907,0.127838
6058,32,0.361901,0.010002,0.010002,0.146649,0.471446,0.053372,0.946628,0.115824,0.114963
6059,30,0.361643,0.010003,0.010067,0.146694,0.471592,0.053814,0.946186,0.123117,0.12055
6060,30,0.36137,0.010003,0.010003,0.146734,0.471891,0.053713,0.946287,0.119932,0.120253
6061,36,0.361159,0.009997,0.009997,0.146686,0.472161,0.053983,0.946017,0.112129,0.110423
6062,26,0.361148,0.01,0.01,0.146687,0.472164,0.05353,0.94647,0.124806,0.127058
6063,32,0.361218,0.009994,0.009994,0.146603,0.472191,0.053858,0.946142,0.111026,0.109075
6064,30,0.361094,0.009997,0.009997,0.146552,0.472361,0.054249,0.945751,0.116692,0.114337
6065,30,0.360417,0.010196,0.011001,0.146428,0.471959,0.054692,0.945308,0.122931,0.120309
6066,30,0.360407,0.010002,0.010753,0.146456,0.472381,0.054421,0.945579,0.110166,0.111388
6067,38,0.361158,0.009996,0.010284,0.146391,0.472172,0.05429,0.94571,0.099646,0.100106
6068,30,0.361063,0.010003,0.010003,0.146434,0.472497,0.054414,0.945586,0.128475,0.127549
6069,24,0.360988,0.009998,0.009998,0.146403,0.472613,0.053717,0.946283,0.126024,0.129602
6070,26,0.36085,0.010002,0.010002,0.146434,0.472712,0.053062,0.946938,0.128144,0.13148
6071,30,0.36065,0.009998,0.009998,0.146405,0.47295,0.053217,0.946783,0.112373,0.111308
6072,26,0.360577,0.010001,0.010001,0.14642,0.473,0.052754,0.947246,0.114123,0.116353
6073,24,0.360205,0.010003,0.010003,0.146457,0.473333,0.05235,0.94765,0.124219,0.126149
6074,26,0.359999,0.01,0.01,0.14646,0.473541,0.051872,0.948128,0.124452,0.126766
6075,30,0.359719,0.009987,0.011096,0.14627,0.472928,0.051579,0.948421,0.119195,0.120526
6076,24,0.359688,0.010019,0.010352,0.146446,0.473495,0.050907,0.949093,0.134296,0.137578
6077,26,0.360037,0.01,0.01,0.146451,0.473511,0.050511,0.949489,0.117585,0.119412
6078,32,0.35989,0.010002,0.010002,0.146485,0.47362,0.050682,0.949318,0.115681,0.11462
6079,30,0.359832,0.010164,0.009998,0.146461,0.473544,0.050539,0.949461,0.119526,0.120035
6080,24,0.359595,0.010006,0.010006,0.146553,0.47384,0.050122,0.949878,0.126041,0.127976
6081,24,0.359194,0.010304,0.010002,0.146578,0.473922,0.05,0.95,0.125923,0.128064
6082,24,0.359542,0.009999,0.009999,0.146568,0.473891,0.050026,0.949974,0.117394,0.117093
6083,32,0.35965,0.009998,0.009998,0.146543,0.47381,0.050257,0.949743,0.105235,0.1039
6084,24,0.359648,0.01,0.01,0.146543,0.473809,0.05117,0.94883,0.121687,0.116839
6085,30,0.359001,0.010435,0.010691,0.14643,0.473443,0.051432,0.948568,0.129532,0.128012
6086,24,0.359032,0.010014,0.010014,0.146631,0.474309,0.050817,0.949183,0.124259,0.127236
6087,26,0.358834,0.01,0.01,0.146638,0.474527,0.050428,0.949572,0.124528,0.126343
6088,32,0.358855,0.01,0.01,0.146633,0.474512,0.050315,0.949685,0.114796,0.115151
6089,24,0.358791,0.010001,0.010001,0.146647,0.474559,0.050681,0.949319,0.1232,0.121169
6090,30,0.358982,0.009997,0.009997,0.146604,0.47442,0.050829,0.949171,0.116274,0.115363
6091,24,0.358905,0.010001,0.010001,0.146621,0.474472,0.05011,0.94989,0.125202,0.12866
6092,36,0.359121,0.009997,0.009997,0.146572,0.474314,0.05,0.95,0.113381,0.114174
6093,26,0.359229,0.009998,0.009998,0.146545,0.474229,0.050057,0.949943,0.114736,0.114298
6094,24,0.359189,0.010105,0.009999,0.146529,0.474178,0.05,0.95,0.123629,0.126773
6095,36,0.359458,0.009995,0.009995,0.146456,0.474096,0.050014,0.949986,0.105066,0.104823
6096,30,0.359149,0.010192,0.010002,0.146481,0.474177,0.05,0.95,0.123019,0.12419
6097,26,0.359081,0.010004,0.010004,0.14654,0.47437,0.05,0.95,0.122531,0.124116
6098,30,0.358913,0.010031,0.010105,0.146472,0.474479,0.050084,0.949916,0.11656,0.115965
6099,30,0.358834,0.010003,0.010003,0.146521,0.474638,0.050181,0.949819,0.121946,0.121275
6100,26,0.358699,0.010002,0.010002,0.146553,0.474743,0.05,0.95,0.12245,0.123905
6101,30,0.358807,0.009998,0.009998,0.14653,0.474666,0.050303,0.949697,0.118714,0.116932
6102,24,0.358742,0.010001,0.010001,0.146544,0.474712,0.05,0.95,0.131336,0.135043
6103,30,0.358778,0.009999,0.009999,0.146536,0.474687,0.050037,0.949963,0.110238,0.10983
6104,32,0.358718,0.009998,0.009998,0.146512,0.474773,0.05044,0.94956,0.11853,0.116333
6105,30,0.358556,0.00999,0.010788,0.146366,0.4743,0.050371,0.949629,0.123056,0.12315
6106,24,0.359034,0.010003,0.01011,0.14641,0.474443,0.051556,0.948444,0.111159,0.104938
6107,36,0.359403,0.009996,0.009996,0.146351,0.474254,0.051192,0.948808,0.109052,0.110711
6108,26,0.3594,0.01,0.01,0.14635,0.47425,0.051317,0.948683,0.122347,0.121505
6109,24,0.359956,0.009991,0.009991,0.146223,0.473838,0.051541,0.948459,0.107309,0.105943
6110,30,0.359998,0.009996,0.010192,0.146165,0.473649,0.051749,0.948251,0.112629,0.11134
6111,24,0.360304,0.009998,0.009998,0.146138,0.473562,0.052576,0.947424,0.117318,0.112771
6112,36,0.36047,0.009997,0.009997,0.146099,0.473436,0.052821,0.947179,0.110326,0.108844
6113,36,0.360289,0.009992,0.010708,0.145976,0.473036,0.053863,0.946137,0.112174,0.10648
6114,32,0.360423,0.009996,0.010816,0.145917,0.472847,0.053669,0.946331,0.121916,0.122738
6115,24,0.361064,0.010003,0.010003,0.145956,0.472974,0.054764,0.945236,0.103413,0.097254
6116,24,0.36072,0.010063,0.010083,0.146004,0.473129,0.054645,0.945355,0.134252,0.134688
6117,32,0.360661,0.009998,0.009998,0.14598,0.473362,0.055313,0.944687,0.107045,0.103179
6118,24,0.360364,0.010005,0.010005,0.146048,0.473579,0.054612,0.945388,0.128059,0.131702
6119,36,0.360405,0.01,0.01,0.14604,0.473556,0.054647,0.945353,0.118593,0.118186
6120,32,0.360357,0.010001,0.010001,0.146051,0.473591,0.054835,0.945165,0.126413,0.125182
6121,36,0.360424,0.009997,0.009997,0.146002,0.47358,0.05501,0.94499,0.115715,0.114479
6122,32,0.360844,0.009991,0.009991,0.145867,0.473307,0.055867,0.944133,0.099475,0.094513
6123,24,0.360975,0.009998,0.009998,0.145833,0.473196,0.056946,0.943054,0.111758,0.105453
6124,24,0.360678,0.010005,0.010005,0.1459,0.473413,0.056292,0.943708,0.128199,0.131674
6125,30,0.360873,0.009997,0.009997,0.145858,0.473275,0.056754,0.943246,0.112634,0.109776
6126,32,0.360807,0.009998,0.009998,0.145831,0.473365,0.057255,0.942745,0.117477,0.114388
6127,24,0.360292,0.010001,0.010001,0.14585,0.473856,0.056685,0.943315,0.1279,0.130935
6128,26,0.360399,0.009994,0.010296,0.145757,0.473555,0.056187,0.943813,0.1174,0.119984
6129,26,0.360718,0.01,0.01,0.14575,0.473532,0.055704,0.944296,0.113788,0.116268
6130,32,0.360654,0.009998,0.009998,0.145724,0.473625,0.05564,0.94436,0.12207,0.122192
6131,26,0.360087,0.010003,0.010003,0.145763,0.474145,0.055288,0.944712,0.126945,0.128684
6132,24,0.359961,0.010002,0.010002,0.145793,0.474242,0.054322,0.945678,0.132832,0.137938
6133,24,0.359984,0.01,0.01,0.145788,0.474228,0.053563,0.946437,0.124219,0.128106
6134,26,0.360022,0.009996,0.009996,0.145735,0.474251,0.053606,0.946394,0.111062,0.11065
6135,26,0.3605,0.009992,0.009992,0.145624,0.473891,0.053103,0.946897,0.108414,0.110879
6136,24,0.360972,0.009989,0.009989,0.145464,0.473586,0.053309,0.946691,0.10334,0.10201
6137,24,0.360964,0.01,0.01,0.145461,0.473575,0.052642,0.947358,0.121654,0.125
6138,26,0.361425,0.009993,0.009993,0.145356,0.473234,0.052898,0.947102,0.103975,0.102408
6139,30,0.361541,0.009995,0.009995,0.145284,0.473186,0.053214,0.946786,0.112792,0.110905
6140,36,0.361342,0.009999,0.009999,0.145266,0.473394,0.053347,0.946653,0.124678,0.123768
6141,24,0.361484,0.009994,0.009994,0.145184,0.473343,0.052624,0.947376,0.108601,0.112216
6142,30,0.36136,0.009997,0.009997,0.145135,0.473512,0.052576,0.947424,0.126611,0.126647
6143,30,0.361797,0.009993,0.009993,0.145034,0.473183,0.052863,0.947137,0.09599,0.094247
6144,26,0.361584,0.01,0.01,0.145034,0.473382,0.052822,0.947178,0.124437,0.124469
6145,30,0.361626,0.009996,0.009996,0.144982,0.473399,0.053606,0.946394,0.113288,0.108934
6146,32,0.361576,0.010001,0.010001,0.144992,0.473431,0.053701,0.946299,0.126393,0.125683
6147,24,0.361671,0.009995,0.009995,0.144922,0.473417,0.053624,0.946376,0.114831,0.115027
6148,36,0.361842,0.009997,0.009997,0.144881,0.473283,0.053785,0.946215,0.115768,0.114693
6149,32,0.361992,0.009998,0.009998,0.144845,0.473167,0.054742,0.945258,0.11519,0.10981
6150,30,0.36229,0.009995,0.009995,0.144777,0.472942,0.054991,0.945009,0.11332,0.111727
6151,24,0.361992,0.010005,0.010005,0.144842,0.473157,0.054308,0.945692,0.134382,0.137927
6152,30,0.362082,0.009999,0.009999,0.144824,0.473097,0.054522,0.945478,0.118377,0.116986
6153,36,0.36228,0.009994,0.009994,0.144743,0.472988,0.055089,0.944911,0.106345,0.103017
6154,36,0.362125,0.01,0.01,0.144742,0.473133,0.05536,0.94464,0.128358,0.126629
6155,24,0.361752,0.010002,0.010002,0.144778,0.473465,0.054734,0.945266,0.124241,0.127468
6156,36,0.361559,0.009999,0.009999,0.144762,0.473681,0.055124,0.944876,0.124688,0.122293
6157,26,0.361558,0.01,0.01,0.144762,0.47368,0.054621,0.945379,0.126082,0.128648
6158,24,0.361108,0.01,0.01,0.144767,0.474124,0.054239,0.945761,0.118184,0.120065
6159,30,0.361006,0.010002,0.010002,0.14479,0.474201,0.054704,0.945296,0.122016,0.119257
6160,24,0.360711,0.010005,0.010005,0.144858,0.474422,0.054366,0.945634,0.134335,0.135952
6161,24,0.361268,0.009991,0.009991,0.144734,0.474015,0.054648,0.945352,0.10729,0.105526
6162,30,0.361367,0.009998,0.009998,0.144707,0.473929,0.054596,0.945404,0.108899,0.108873
6163,30,0.361263,0.010002,0.010002,0.14473,0.474003,0.054858,0.945142,0.122033,0.120391
6164,32,0.36108,0.009998,0.009998,0.144702,0.474221,0.054722,0.945278,0.117512,0.118021
6165,30,0.361243,0.009997,0.009997,0.144664,0.474098,0.054657,0.945343,0.116166,0.116308
6166,30,0.361328,0.009999,0.009999,0.144644,0.474031,0.055243,0.944757,0.118593,0.115155
6167,30,0.361225,0.010002,0.010002,0.144667,0.474105,0.055469,0.944531,0.121884,0.120381
6168,24,0.360853,0.010003,0.010003,0.144703,0.474439,0.055117,0.944883,0.122171,0.123912
6169,36,0.361193,0.009992,0.009992,0.144594,0.474228,0.05574,0.94426,0.096226,0.092506
6170,24,0.361644,0.009993,0.009993,0.144488,0.473882,0.055737,0.944263,0.108147,0.107884
6171,30,0.361588,0.010001,0.010001,0.144498,0.473913,0.055868,0.944132,0.119881,0.118909
6172,24,0.361673,0.009999,0.009999,0.144479,0.473851,0.055907,0.944093,0.116517,0.116053
6173,30,0.361672,0.01,0.01,0.144478,0.47385,0.056138,0.943862,0.119734,0.118202
6174,26,0.361334,0.009997,0.010553,0.144429,0.473687,0.056285,0.943715,0.128083,0.127055
6175,26,0.361462,0.010007,0.010007,0.144524,0.474,0.055817,0.944183,0.114085,0.116452
6176,26,0.362131,0.00999,0.00999,0.144376,0.473513,0.055809,0.944191,0.103774,0.103572
6177,26,0.36209,0.009994,0.009994,0.144291,0.473631,0.055848,0.944152,0.107394,0.106964
6178,32,0.362757,0.009989,0.009989,0.144137,0.473126,0.055729,0.944271,0.09062,0.091016
6179,32,0.362702,0.010001,0.010001,0.144145,0.473152,0.055673,0.944327,0.121699,0.121787
6180,30,0.362676,0.009991,0.010584,0.144017,0.472732,0.055836,0.944164,0.125888,0.124727
6181,24,0.362589,0.01001,0.01001,0.144167,0.473223,0.055486,0.944514,0.128202,0.129946
6182,28,0.362786,0.009997,0.009997,0.144127,0.473093,0.055591,0.944409,0.111983,0.111202
6183,26,0.363447,0.00999,0.00999,0.143976,0.472598,0.055583,0.944417,0.103708,0.103507
6184,24,0.363066,0.010002,0.010002,0.144009,0.47292,0.055184,0.944816,0.130397,0.132396
6185,26,0.363037,0.009986,0.010932,0.143803,0.472243,0.055936,0.944064,0.114172,0.109804
6186,24,0.363269,0.010006,0.010285,0.143895,0.472544,0.056837,0.943163,0.121695,0.116328
6187,24,0.363198,0.010483,0.010057,0.143854,0.472409,0.055877,0.944123,0.124107,0.129257
6188,36,0.363588,0.010065,0.010001,0.143873,0.472473,0.055773,0.944227,0.111977,0.112294
6189,30,0.363587,0.010001,0.010001,0.143888,0.472523,0.05575,0.94425,0.119644,0.119511
6190,30,0.363708,0.009995,0.009995,0.143819,0.472483,0.055927,0.944073,0.112731,0.111509
6191,36,0.363565,0.009994,0.009994,0.143727,0.472722,0.056427,0.943573,0.098751,0.095721
6192,26,0.363488,0.010001,0.010001,0.143741,0.472769,0.056056,0.943944,0.123666,0.125501
6193,32,0.362834,0.010456,0.010423,0.143619,0.472668,0.056144,0.943856,0.132854,0.132148
6194,26,0.3628,0.010602,0.010005,0.143691,0.472902,0.055478,0.944522,0.128092,0.131617
6195,24,0.363394,0.01,0.01,0.143693,0.472912,0.056168,0.943832,0.113586,0.109492
6196,26,0.363199,0.010003,0.010003,0.143738,0.473057,0.05599,0.94401,0.129472,0.13028
6197,30,0.363642,0.009993,0.009993,0.143639,0.472732,0.056832,0.943168,0.100512,0.095514
6198,26,0.363898,0.009996,0.009996,0.143578,0.472532,0.056313,0.943687,0.106757,0.109413
6199,24,0.364033,0.009998,0.009998,0.143546,0.472426,0.057054,0.942946,0.117932,0.113464
6200,24,0.364267,0.009996,0.009996,0.143492,0.472249,0.058205,0.941795,0.109085,0.102194
6201,30,0.363857,0.010001,0.010001,0.143508,0.472633,0.05795,0.94205,0.13029,0.131507
6202,24,0.36378,0.009998,0.009998,0.143477,0.472747,0.058772,0.941228,0.117714,0.112608
6203,32,0.363235,0.010583,0.009995,0.143399,0.472789,0.058644,0.941356,0.132865,0.13337
6204,24,0.363765,0.010001,0.010001,0.14341,0.472823,0.058047,0.941953,0.113384,0.116578
6205,24,0.363823,0.009999,0.009999,0.143397,0.472782,0.057397,0.942603,0.115742,0.119233
6206,36,0.363959,0.009995,0.010201,0.14332,0.472526,0.057361,0.942639,0.116029,0.115956
6207,24,0.363657,0.010004,0.010004,0.143383,0.47295,0.056716,0.943284,0.122189,0.125651
6208,34,0.363661,0.01,0.01,0.143385,0.472955,0.05684,0.94316,0.112755,0.111808
6209,30,0.363105,0.01052,0.010788,0.143166,0.47242,0.056727,0.943273,0.132566,0.132966
6210,30,0.363748,0.01001,0.010066,0.143303,0.472873,0.057102,0.942898,0.10615,0.103731
6211,26,0.363639,0.010003,0.010003,0.143344,0.47301,0.056971,0.943029,0.128203,0.128751
6212,30,0.36383,0.009997,0.009997,0.143303,0.472873,0.057266,0.942734,0.116057,0.11411
6213,24,0.364487,0.00999,0.00999,0.143153,0.47238,0.057417,0.942583,0.09946,0.098278
6214,32,0.364531,0.009999,0.009999,0.143139,0.472332,0.057899,0.942101,0.110114,0.107113
6215,26,0.364323,0.01,0.01,0.143141,0.472536,0.057411,0.942589,0.124458,0.127061
6216,26,0.364187,0.010002,0.010002,0.143172,0.472638,0.057021,0.942979,0.124325,0.12636
6217,24,0.363738,0.01,0.01,0.143177,0.473085,0.056303,0.943697,0.126487,0.130349
6218,24,0.363596,0.009999,0.009999,0.143161,0.473245,0.056454,0.943546,0.11924,0.118146
6219,30,0.364279,0.009989,0.009989,0.143007,0.472736,0.056544,0.943456,0.094409,0.093632
6220,26,0.363846,0.010016,0.010006,0.143097,0.473035,0.055834,0.944166,0.134247,0.138038
6221,30,0.363384,0.010641,0.009997,0.143061,0.472916,0.055693,0.944307,0.139567,0.140115
6222,32,0.36347,0.010009,0.010009,0.143186,0.473327,0.056406,0.943594,0.115803,0.11159
6223,30,0.363446,0.010001,0.010001,0.143195,0.473357,0.056269,0.943731,0.126471,0.126938
6224,24,0.363051,0.010281,0.010002,0.143221,0.473445,0.055621,0.944379,0.128055,0.131469
6225,24,0.362692,0.010463,0.010003,0.143262,0.473581,0.054904,0.945096,0.134278,0.138035
6226,24,0.363413,0.009996,0.009996,0.143205,0.473391,0.054847,0.945153,0.107183,0.107219
6227,24,0.36343,0.01,0.01,0.143199,0.473371,0.054162,0.945838,0.116042,0.11953
6228,32,0.363543,0.009995,0.009995,0.143134,0.473333,0.054188,0.945812,0.118796,0.118458
6229,24,0.363539,0.01,0.01,0.143133,0.473328,0.054988,0.945012,0.121616,0.117017
6230,32,0.363689,0.009998,0.009998,0.143099,0.473217,0.055119,0.944881,0.100071,0.099062
6231,32,0.363855,0.009997,0.009997,0.143061,0.47309,0.054872,0.945128,0.111272,0.112379
6232,26,0.364189,0.009995,0.009995,0.142984,0.472838,0.05453,0.94547,0.108801,0.110455
6233,32,0.364482,0.009995,0.009995,0.142916,0.472612,0.054813,0.945187,0.10727,0.105512
6234,24,0.364184,0.010005,0.010005,0.142981,0.472826,0.054331,0.945669,0.126059,0.128485
6235,30,0.363965,0.009998,0.009998,0.142958,0.473081,0.055077,0.944923,0.105821,0.101512
6236,24,0.363669,0.010005,0.010005,0.143023,0.473298,0.054616,0.945384,0.128145,0.130467
6237,36,0.363409,0.009998,0.010119,0.142995,0.47348,0.054588,0.945412,0.118367,0.118274
6238,24,0.363374,0.009999,0.009999,0.142981,0.473648,0.053818,0.946182,0.12591,0.129891
6239,24,0.363609,0.009996,0.009996,0.142928,0.473471,0.053724,0.946276,0.117365,0.117659
6240,24,0.363268,0.010121,0.010003,0.142976,0.473631,0.053311,0.946689,0.134285,0.136299
6241,30,0.364091,0.009988,0.010044,0.142807,0.473071,0.052726,0.947274,0.095169,0.097975
6242,24,0.36424,0.009998,0.009998,0.14278,0.472983,0.053849,0.946151,0.111748,0.105568
6243,32,0.364165,0.009996,0.009996,0.142729,0.473113,0.05383,0.94617,0.105445,0.105288
6244,24,0.363936,0.010003,0.010003,0.142779,0.473278,0.053613,0.946387,0.126369,0.12734
6245,24,0.363927,0.01,0.01,0.142782,0.47329,0.053478,0.946522,0.117429,0.117939
6246,24,0.363632,0.010005,0.010005,0.142849,0.47351,0.053219,0.946781,0.134368,0.135535
6247,28,0.363667,0.01,0.01,0.142843,0.473491,0.052614,0.947386,0.118261,0.121277
6248,30,0.362797,0.010877,0.011761,0.142433,0.472132,0.052664,0.947336,0.132919,0.132462
6249,26,0.36318,0.010016,0.011226,0.142668,0.47291,0.052497,0.947503,0.128238,0.128942
6250,30,0.363208,0.010001,0.010954,0.142688,0.473148,0.052648,0.947352,0.112172,0.111136
6251,24,0.363598,0.010001,0.010534,0.142695,0.473173,0.053415,0.946585,0.117313,0.113058
6252,36,0.363619,0.010006,0.010006,0.142777,0.473592,0.053516,0.946484,0.121692,0.120941
6253,24,0.363329,0.010005,0.010005,0.142845,0.473817,0.052982,0.947018,0.128145,0.130812
6254,28,0.36338,0.009996,0.009996,0.142795,0.473833,0.052881,0.947119,0.114024,0.114349
6255,32,0.363251,0.009999,0.009999,0.142785,0.473966,0.052806,0.947194,0.116069,0.116264
6256,26,0.363042,0.01,0.01,0.142787,0.47417,0.052351,0.947649,0.124562,0.126785
6257,30,0.363988,0.009985,0.009985,0.142575,0.473467,0.052534,0.947466,0.08563,0.084413
6258,36,0.363782,0.009999,0.009999,0.142555,0.473666,0.052928,0.947072,0.124703,0.122394
6259,32,0.364009,0.009996,0.009996,0.142503,0.473495,0.053383,0.946617,0.106677,0.104082
6260,30,0.363956,0.009998,0.009998,0.142475,0.473573,0.053515,0.946485,0.117557,0.11663
6261,24,0.364126,0.009997,0.009997,0.142436,0.473443,0.053453,0.946547,0.118781,0.11892
6262,24,0.36383,0.010005,0.010005,0.142501,0.47366,0.052608,0.947392,0.134393,0.138721
6263,32,0.363785,0.010001,0.010001,0.142513,0.4737,0.052586,0.947414,0.121663,0.121562
6264,24,0.363327,0.010158,0.010078,0.142515,0.473921,0.052334,0.947666,0.130291,0.131419
6265,24,0.363434,0.010002,0.010002,0.142544,0.474018,0.051719,0.948281,0.115958,0.118936
6266,30,0.363453,0.009995,0.009995,0.142467,0.474091,0.05189,0.94811,0.106722,0.105625
6267,30,0.362829,0.010874,0.010169,0.142368,0.47376,0.051575,0.948425,0.129595,0.131044
6268,32,0.363426,0.010007,0.010007,0.142467,0.474092,0.050953,0.949047,0.113713,0.116724
6269,30,0.363304,0.010002,0.010002,0.142498,0.474194,0.050803,0.949197,0.122161,0.122716
6270,30,0.363306,0.01,0.01,0.142499,0.474196,0.051117,0.948883,0.126321,0.124525
6271,32,0.363822,0.009992,0.009992,0.142383,0.473811,0.05109,0.94891,0.105785,0.105718
6272,32,0.364148,0.009995,0.009995,0.142306,0.473556,0.051181,0.948819,0.095926,0.095214
6273,24,0.363755,0.010046,0.010002,0.142334,0.473863,0.050359,0.949641,0.130346,0.134355
6274,26,0.363565,0.010001,0.010001,0.142343,0.474091,0.050273,0.949727,0.124534,0.124801
6275,24,0.363719,0.009998,0.009998,0.142309,0.473977,0.050005,0.949995,0.114797,0.115937
6276,24,0.363639,0.009998,0.009998,0.142278,0.474087,0.05,0.95,0.125922,0.129613
6277,24,0.363342,0.010005,0.010005,0.142343,0.474306,0.05,0.95,0.134464,0.139057
6278,30,0.363047,0.010002,0.010002,0.142373,0.474576,0.050095,0.949905,0.126509,0.125849
6279,24,0.363187,0.009998,0.009998,0.142342,0.474475,0.051294,0.948706,0.111869,0.1056
6280,24,0.362891,0.010005,0.010005,0.142408,0.474692,0.050581,0.949419,0.126,0.129471
6281,32,0.363099,0.009996,0.010061,0.142349,0.474495,0.051208,0.948792,0.106611,0.103263
6282,32,0.363136,0.009995,0.009995,0.142284,0.474589,0.051827,0.948173,0.104896,0.101524
6283,24,0.362838,0.010005,0.010005,0.142348,0.474805,0.051291,0.948709,0.128131,0.130723
6284,24,0.362546,0.010005,0.010005,0.142416,0.475029,0.050894,0.949106,0.128195,0.130052
6285,24,0.362786,0.009996,0.009996,0.142364,0.474857,0.050804,0.949196,0.117346,0.11759
6286,24,0.363225,0.009993,0.009993,0.142264,0.474524,0.051902,0.948098,0.102454,0.096621
6287,24,0.363378,0.009994,0.009994,0.142179,0.474455,0.051869,0.948131,0.113448,0.113412
6288,30,0.363246,0.010002,0.010002,0.142206,0.474544,0.051842,0.948158,0.131967,0.131899
6289,24,0.363248,0.01,0.01,0.142206,0.474546,0.053107,0.946893,0.115516,0.108677
6290,30,0.363572,0.009994,0.01002,0.142128,0.474285,0.053423,0.946577,0.10926,0.107357
6291,34,0.363651,0.009999,0.009999,0.142114,0.474237,0.053788,0.946212,0.12156,0.1194
6292,24,0.363651,0.01,0.01,0.142114,0.474236,0.054991,0.945009,0.113461,0.106695
6293,30,0.363232,0.009999,0.009999,0.142095,0.474676,0.055287,0.944713,0.117026,0.115166
6294,24,0.363467,0.009996,0.009996,0.142042,0.474498,0.055438,0.944562,0.117367,0.116311
6295,30,0.363464,0.01,0.01,0.142041,0.474495,0.055553,0.944447,0.129432,0.128518
6296,26,0.363328,0.010002,0.010002,0.142071,0.474596,0.055236,0.944764,0.122546,0.124118
6297,24,0.362957,0.010003,0.010003,0.142107,0.474931,0.054548,0.945452,0.130426,0.134018
6298,30,0.362788,0.009998,0.009998,0.142072,0.475145,0.054416,0.945584,0.120127,0.120588
6299,32,0.362739,0.010001,0.010001,0.142082,0.475178,0.054354,0.945646,0.12168,0.121788
6300,32,0.362869,0.009998,0.009998,0.142053,0.475082,0.054182,0.945818,0.123193,0.123918
6301,24,0.362572,0.010005,0.010005,0.142119,0.4753,0.05351,0.94649,0.134361,0.137814
6302,24,0.36253,0.009999,0.010124,0.142102,0.475245,0.054778,0.945222,0.115392,0.108334
6303,30,0.362338,0.010005,0.010005,0.142172,0.47548,0.054647,0.945353,0.129762,0.130283
6304,24,0.361831,0.010487,0.010107,0.142155,0.475421,0.054628,0.945372,0.127972,0.127845
6305,24,0.36199,0.010003,0.010003,0.142204,0.4758,0.054263,0.945737,0.120259,0.122008
6306,26,0.361713,0.009998,0.009998,0.142179,0.476112,0.054159,0.945841,0.120867,0.121231
6307,24,0.361948,0.009996,0.009996,0.142126,0.475934,0.054921,0.945079,0.117325,0.112956
6308,30,0.361579,0.01,0.01,0.142126,0.476295,0.05528,0.94472,0.116554,0.114362
6309,30,0.362018,0.009993,0.009993,0.142029,0.475968,0.055781,0.944219,0.102548,0.099517
6310,24,0.361501,0.010208,0.010001,0.142047,0.476243,0.054998,0.945002,0.131739,0.135887
6311,24,0.361196,0.010241,0.010004,0.142109,0.476451,0.054583,0.945417,0.134276,0.136336
6312,36,0.361452,0.01,0.01,0.142106,0.476442,0.055154,0.944846,0.11037,0.107021
6313,36,0.361692,0.009996,0.010041,0.142043,0.476229,0.055439,0.944561,0.110458,0.108677
6314,24,0.361942,0.009997,0.009997,0.141995,0.47607,0.056613,0.943387,0.111144,0.104316
6315,24,0.361644,0.010005,0.010005,0.14206,0.476287,0.056147,0.943853,0.128127,0.130532
6316,24,0.361647,0.01,0.01,0.142061,0.476291,0.057403,0.942597,0.115523,0.10814
6317,30,0.361047,0.010514,0.011224,0.1418,0.475415,0.057262,0.942738,0.129765,0.130307
6318,26,0.361881,0.010009,0.010112,0.141934,0.476063,0.057296,0.942704,0.110776,0.110357
6319,24,0.361591,0.010111,0.010005,0.142002,0.476291,0.056617,0.943383,0.128055,0.131702
6320,30,0.362167,0.009992,0.01002,0.141894,0.475927,0.057258,0.942742,0.105692,0.101845
6321,24,0.362044,0.010002,0.010002,0.141924,0.476028,0.056636,0.943364,0.12672,0.130037
6322,24,0.36175,0.010005,0.010005,0.14199,0.476251,0.05604,0.94396,0.134362,0.13753
6323,32,0.361424,0.010001,0.010001,0.141998,0.476577,0.056126,0.943874,0.132996,0.13228
6324,32,0.361532,0.009993,0.009993,0.141905,0.476576,0.056717,0.943283,0.103638,0.100059
6325,32,0.361392,0.009999,0.009999,0.141894,0.476715,0.057203,0.942797,0.107815,0.104826
6326,32,0.361244,0.010002,0.010002,0.141927,0.476824,0.057796,0.942204,0.115797,0.112154
6327,32,0.361687,0.009993,0.009993,0.14183,0.476498,0.057801,0.942199,0.092046,0.091718
6328,30,0.361675,0.009997,0.009997,0.141787,0.476543,0.058017,0.941983,0.115137,0.113634
6329,30,0.361355,0.010057,0.010001,0.141807,0.47678,0.058057,0.941943,0.126478,0.126012
6330,30,0.361486,0.009999,0.009999,0.14179,0.476725,0.059016,0.940984,0.116747,0.110901
6331,30,0.361518,0.009999,0.009999,0.141783,0.4767,0.058649,0.941351,0.12065,0.122515
6332,24,0.361454,0.010001,0.010001,0.141797,0.476747,0.058106,0.941894,0.1231,0.12604
6333,32,0.361388,0.010048,0.010004,0.141801,0.47676,0.058441,0.941559,0.12625,0.124066
6334,24,0.361111,0.010005,0.010005,0.141874,0.477005,0.0578,0.9422,0.128101,0.131583
6335,36,0.361139,0.009996,0.009996,0.141811,0.477059,0.057721,0.942279,0.107828,0.107991
6336,30,0.361068,0.009998,0.009998,0.141783,0.477153,0.057805,0.942195,0.109695,0.108936
6337,24,0.360771,0.010005,0.010005,0.141848,0.477372,0.057169,0.942831,0.128105,0.131532
6338,24,0.360796,0.01,0.01,0.141844,0.477361,0.056462,0.943538,0.115953,0.119731
6339,24,0.360718,0.009998,0.009998,0.141814,0.477472,0.055908,0.944092,0.117702,0.120576
6340,30,0.361261,0.009991,0.009991,0.141692,0.477063,0.05678,0.94322,0.105859,0.100734
6341,24,0.361492,0.009996,0.009996,0.141637,0.476878,0.057952,0.942048,0.111159,0.104177
6342,26,0.361353,0.010002,0.010002,0.141667,0.476977,0.057448,0.942552,0.124355,0.127059
6343,30,0.361354,0.01,0.01,0.141667,0.476979,0.057762,0.942238,0.129621,0.12752
6344,36,0.361611,0.009996,0.009996,0.14161,0.476787,0.058033,0.941967,0.109267,0.107474
6345,38,0.36132,0.009996,0.009996,0.141553,0.477135,0.058133,0.941867,0.112914,0.112069
6346,32,0.361095,0.010003,0.010003,0.141601,0.477297,0.058208,0.941792,0.125539,0.12489
6347,30,0.360927,0.01,0.01,0.141598,0.477475,0.058186,0.941814,0.118569,0.118393
6348,24,0.361302,0.009994,0.009994,0.141515,0.477194,0.059164,0.940836,0.105338,0.099353
6349,36,0.36109,0.009998,0.009998,0.141493,0.477421,0.05923,0.94077,0.118728,0.118071
6350,26,0.361304,0.009997,0.009997,0.141444,0.477258,0.058676,0.941324,0.113665,0.116682
6351,30,0.361199,0.010002,0.010002,0.141466,0.477332,0.058955,0.941045,0.121827,0.119946
6352,26,0.36136,0.009995,0.01015,0.141397,0.477099,0.058296,0.941704,0.11745,0.121061
6353,30,0.361662,0.009998,0.009998,0.141362,0.476981,0.058815,0.941185,0.10607,0.102697
6354,26,0.361588,0.010001,0.010001,0.141377,0.477032,0.058424,0.941576,0.114151,0.116184
6355,26,0.361453,0.010002,0.010002,0.141408,0.477135,0.058103,0.941897,0.122542,0.124205
6356,26,0.361318,0.010002,0.010002,0.141439,0.477239,0.058012,0.941988,0.122514,0.122836
6357,30,0.361598,0.009996,0.009996,0.141378,0.477033,0.057715,0.942285,0.109996,0.111444
6358,24,0.361299,0.010005,0.010005,0.141442,0.47725,0.057388,0.942612,0.128209,0.129884
6359,24,0.360929,0.010003,0.010003,0.141478,0.477587,0.057024,0.942976,0.122153,0.124004
6360,32,0.360883,0.010001,0.010001,0.14149,0.477626,0.057635,0.942365,0.117016,0.113314
6361,24,0.360449,0.010355,0.010031,0.141501,0.477664,0.057159,0.942841,0.125929,0.128429
6362,34,0.360361,0.010373,0.010002,0.141524,0.47774,0.057459,0.942541,0.124459,0.122512
6363,24,0.360335,0.010098,0.010005,0.141592,0.47797,0.056802,0.943198,0.124498,0.128009
6364,30,0.360562,0.009998,0.009998,0.141564,0.477878,0.057006,0.942994,0.116073,0.114676
6365,32,0.360295,0.009995,0.010598,0.141489,0.477624,0.057499,0.942501,0.126245,0.123202
6366,24,0.359986,0.010292,0.010345,0.141549,0.477827,0.056741,0.943259,0.134244,0.138365
6367,32,0.360246,0.010006,0.010006,0.141633,0.478109,0.056974,0.943026,0.12641,0.124842
6368,24,0.360173,0.009998,0.009998,0.141604,0.478227,0.056922,0.943078,0.119819,0.119854
6369,36,0.3599,0.009998,0.009998,0.14157,0.478534,0.056868,0.943132,0.116397,0.116439
6370,24,0.359898,0.01,0.01,0.14157,0.478532,0.057767,0.942233,0.121694,0.116242
6371,24,0.359525,0.010002,0.010002,0.141605,0.478865,0.05722,0.94278,0.124212,0.127141
6372,30,0.359541,0.01,0.01,0.141602,0.478857,0.056766,0.943234,0.116242,0.118499
6373,30,0.359319,0.009998,0.009998,0.141578,0.479106,0.057398,0.942602,0.112339,0.108475
6374,26,0.359066,0.010301,0.010197,0.141522,0.478915,0.056698,0.943302,0.123476,0.127225
6375,30,0.359203,0.010639,0.009996,0.141459,0.478703,0.056156,0.943844,0.125971,0.128761
6376,24,0.359669,0.010003,0.010003,0.141496,0.478829,0.056336,0.943664,0.117342,0.116093
6377,26,0.359953,0.009993,0.009993,0.141391,0.478671,0.05576,0.94424,0.111864,0.114881
6378,26,0.35974,0.01,0.01,0.141391,0.478869,0.055564,0.944436,0.118757,0.119644
6379,26,0.359603,0.010002,0.010002,0.141422,0.478971,0.054903,0.945097,0.128139,0.131583
6380,32,0.359493,0.009999,0.009999,0.141408,0.479101,0.054982,0.945018,0.123167,0.122517
6381,26,0.359736,0.009993,0.009993,0.14131,0.478967,0.054941,0.945059,0.110747,0.110761
6382,24,0.359478,0.010158,0.010593,0.141195,0.478577,0.054175,0.945825,0.124098,0.128062
6383,26,0.359131,0.010226,0.010129,0.141319,0.479195,0.053807,0.946193,0.130493,0.132273
6384,30,0.359259,0.010004,0.010004,0.141369,0.479365,0.054492,0.945508,0.119735,0.115805
6385,26,0.359053,0.01,0.01,0.141372,0.479574,0.054107,0.945893,0.12454,0.126447
6386,26,0.35927,0.009997,0.009997,0.141325,0.479412,0.053617,0.946383,0.117485,0.119906
6387,32,0.359156,0.009999,0.009999,0.141309,0.479537,0.054112,0.945888,0.118534,0.115656
6388,32,0.359092,0.009998,0.009998,0.141284,0.479628,0.054371,0.945629,0.122061,0.120445
6389,36,0.358992,0.010002,0.010002,0.141306,0.4797,0.054357,0.945643,0.1235,0.123359
6390,26,0.358421,0.010055,0.010005,0.141378,0.480142,0.053559,0.946441,0.131847,0.135982
6391,24,0.358365,0.009997,0.010276,0.141342,0.48002,0.053329,0.946671,0.124147,0.125111
6392,24,0.358228,0.010003,0.010003,0.141385,0.480381,0.052633,0.947367,0.126794,0.130306
6393,26,0.358231,0.01,0.01,0.141386,0.480384,0.052692,0.947308,0.116658,0.116167
6394,36,0.357965,0.010463,0.009997,0.141341,0.480234,0.052676,0.947324,0.123351,0.123224
6395,32,0.358106,0.010005,0.010005,0.141412,0.480473,0.052964,0.947036,0.11,0.108294
6396,24,0.358487,0.009994,0.009994,0.14133,0.480195,0.052854,0.947146,0.113843,0.114223
6397,24,0.358406,0.009998,0.009998,0.141298,0.4803,0.052193,0.947807,0.117764,0.121056
6398,30,0.358628,0.009994,0.010139,0.141216,0.480023,0.052495,0.947505,0.113191,0.111424
6399,30,0.358603,0.009999,0.010032,0.141206,0.48016,0.052688,0.947312,0.116375,0.115166
6400,30,0.358589,0.009998,0.009998,0.141175,0.480241,0.05194,0.94806,0.126527,0.130224
6401,30,0.35907,0.009992,0.009992,0.141068,0.479877,0.052251,0.947749,0.100433,0.098576
6402,32,0.359195,0.009998,0.009998,0.141037,0.479772,0.052659,0.947341,0.107745,0.105453
6403,32,0.359168,0.009998,0.009998,0.141003,0.479834,0.052487,0.947513,0.122908,0.12362
6404,32,0.359272,0.009998,0.009998,0.140979,0.479752,0.052791,0.947209,0.107687,0.105905
6405,24,0.359509,0.009996,0.009996,0.140927,0.479572,0.053555,0.946445,0.117326,0.113061
6406,24,0.359575,0.009999,0.009999,0.14091,0.479517,0.053513,0.946487,0.121964,0.121983
6407,30,0.359594,0.009997,0.009997,0.140864,0.479548,0.054063,0.945937,0.115068,0.111906
6408,24,0.359592,0.01,0.01,0.140863,0.479545,0.054967,0.945033,0.121661,0.116465
6409,26,0.359384,0.01,0.01,0.140865,0.47975,0.054313,0.945687,0.124568,0.12797
6410,32,0.35938,0.009997,0.009997,0.14083,0.479795,0.054193,0.945807,0.119468,0.1199
6411,26,0.359241,0.010002,0.010002,0.14086,0.479895,0.054011,0.945989,0.12233,0.123112
6412,24,0.359179,0.010001,0.010001,0.140874,0.479945,0.054233,0.945767,0.123117,0.121704
6413,36,0.359526,0.009995,0.009995,0.140798,0.479687,0.055086,0.944914,0.100528,0.095697
6414,30,0.359402,0.010078,0.010484,0.140696,0.479339,0.055343,0.944657,0.12823,0.126583
6415,24,0.359308,0.01001,0.01001,0.140841,0.479831,0.054619,0.945381,0.126128,0.129886
6416,24,0.358955,0.010006,0.010006,0.140923,0.480111,0.053891,0.946109,0.135786,0.139562
6417,24,0.358273,0.010903,0.009997,0.140876,0.479951,0.053087,0.946913,0.135635,0.13975
6418,32,0.358533,0.010007,0.010007,0.140978,0.480475,0.053321,0.946679,0.122084,0.120633
6419,26,0.358684,0.009995,0.009995,0.140905,0.480422,0.052826,0.947174,0.11012,0.112535
6420,30,0.359268,0.009991,0.009991,0.140774,0.479977,0.053082,0.946918,0.096828,0.095227
6421,26,0.359474,0.009994,0.010133,0.140694,0.479704,0.052886,0.947114,0.116259,0.117065
6422,24,0.359224,0.010006,0.010006,0.140777,0.479987,0.052254,0.947746,0.128112,0.131238
6423,32,0.359349,0.009997,0.010087,0.140732,0.479835,0.052853,0.947147,0.115068,0.111734
6424,26,0.360163,0.009989,0.009989,0.140572,0.479288,0.052892,0.947108,0.092927,0.09248
6425,24,0.360221,0.009995,0.010239,0.1405,0.479044,0.052401,0.947599,0.114621,0.116986
6426,26,0.360027,0.010001,0.010001,0.140508,0.479465,0.05203,0.94797,0.115165,0.116925
6427,24,0.359654,0.010002,0.010002,0.140543,0.479798,0.051588,0.948412,0.124187,0.126278
6428,26,0.359448,0.01,0.01,0.140546,0.480006,0.051221,0.948779,0.120647,0.122362
6429,26,0.359839,0.009991,0.009991,0.140417,0.479763,0.051241,0.948759,0.100402,0.100095
6430,24,0.36007,0.009996,0.009996,0.140362,0.479576,0.051265,0.948735,0.117385,0.117074
6431,24,0.360067,0.01,0.01,0.140361,0.479572,0.05127,0.94873,0.121707,0.121479
6432,30,0.360155,0.009999,0.009999,0.140342,0.479506,0.051481,0.948519,0.128399,0.127113
6433,38,0.359552,0.010278,0.010001,0.140352,0.479818,0.051532,0.948468,0.135239,0.134768
6434,30,0.35955,0.010004,0.010004,0.140413,0.480029,0.05164,0.94836,0.115329,0.114546
6435,24,0.359636,0.009992,0.009992,0.140302,0.480077,0.051776,0.948224,0.109452,0.108548
6436,24,0.359546,0.009994,0.009994,0.140225,0.480241,0.051605,0.948395,0.113971,0.11465
6437,30,0.360586,0.009984,0.009984,0.139995,0.479453,0.052242,0.947758,0.085102,0.08161
6438,24,0.359967,0.0103,0.010555,0.139934,0.479244,0.052017,0.947983,0.134204,0.135191
6439,26,0.359457,0.011098,0.010004,0.139993,0.479447,0.051141,0.948859,0.134149,0.138506
6440,24,0.359724,0.010216,0.010006,0.140083,0.479971,0.050465,0.949535,0.11204,0.11527
6441,26,0.36043,0.009992,0.009992,0.139977,0.479608,0.05,0.95,0.105538,0.108597
6442,32,0.360456,0.009999,0.009999,0.139968,0.479577,0.050111,0.949889,0.112403,0.111673
6443,32,0.360612,0.009998,0.009998,0.139934,0.479459,0.050079,0.949921,0.114645,0.114559
6444,24,0.360847,0.009996,0.009996,0.139881,0.479279,0.051141,0.948859,0.111159,0.105636
6445,30,0.360742,0.010002,0.010002,0.139903,0.479352,0.051856,0.948144,0.115468,0.111599
6446,24,0.360109,0.010761,0.009998,0.139875,0.479257,0.051062,0.948938,0.135627,0.139556
6447,32,0.360434,0.010007,0.010007,0.13997,0.479582,0.051585,0.948415,0.109968,0.107105
6448,32,0.360921,0.009993,0.009993,0.139866,0.479228,0.051683,0.948317,0.107078,0.106341
6449,30,0.360611,0.010002,0.010002,0.13989,0.479496,0.051714,0.948286,0.13626,0.135897
6450,24,0.360407,0.01,0.01,0.139888,0.479705,0.051716,0.948284,0.120703,0.12049
6451,30,0.360359,0.009998,0.009998,0.139861,0.479784,0.051698,0.948302,0.122966,0.122786
6452,30,0.36029,0.009998,0.009998,0.139835,0.479879,0.052268,0.947732,0.109654,0.106497
6453,24,0.360211,0.009998,0.009998,0.139804,0.479989,0.051667,0.948333,0.119835,0.122781
6454,36,0.35974,0.009991,0.010864,0.139681,0.479723,0.05212,0.94788,0.127378,0.124865
6455,26,0.360175,0.009997,0.010623,0.139636,0.479569,0.052026,0.947974,0.115504,0.1158
6456,30,0.360007,0.010007,0.010007,0.13973,0.48025,0.051746,0.948254,0.116617,0.117879
6457,24,0.360416,0.009992,0.010135,0.139612,0.479845,0.051652,0.948348,0.116148,0.116405
6458,26,0.360165,0.010006,0.010006,0.139694,0.480129,0.05129,0.94871,0.131013,0.132682
6459,24,0.360325,0.009998,0.009998,0.139662,0.480018,0.050947,0.949053,0.114858,0.116396
6460,36,0.360306,0.009996,0.009996,0.139607,0.480094,0.051434,0.948566,0.106666,0.104009
6461,24,0.359906,0.010108,0.010005,0.13967,0.480311,0.051147,0.948853,0.129466,0.130746
6462,24,0.359651,0.010006,0.010006,0.139751,0.480587,0.050479,0.949521,0.134343,0.137599
6463,32,0.359812,0.009998,0.009998,0.139718,0.480475,0.050623,0.949377,0.099245,0.098278
6464,26,0.359739,0.009998,0.009998,0.13969,0.480575,0.050176,0.949824,0.122514,0.12461
6465,38,0.359432,0.01,0.01,0.139695,0.480872,0.05009,0.94991,0.128316,0.128553
6466,26,0.359224,0.01,0.01,0.139697,0.481078,0.050034,0.949966,0.124423,0.124524
6467,26,0.359192,0.009994,0.009994,0.139618,0.481201,0.050044,0.949956,0.107357,0.107128
6468,24,0.358933,0.010162,0.010594,0.139504,0.480807,0.05,0.95,0.124106,0.124551
6469,24,0.358908,0.010012,0.010012,0.139674,0.481393,0.05,0.95,0.128201,0.130865
6470,26,0.35878,0.010002,0.010002,0.139708,0.481508,0.05,0.95,0.128109,0.128161
6471,30,0.358612,0.009998,0.009998,0.139673,0.48172,0.05,0.95,0.110162,0.110298
6472,26,0.35895,0.009995,0.009995,0.139598,0.481462,0.050262,0.949738,0.108884,0.107398
6473,32,0.358898,0.010001,0.010001,0.139607,0.481493,0.05067,0.94933,0.117026,0.114801
6474,32,0.358617,0.010002,0.010002,0.139633,0.481746,0.050622,0.949378,0.121681,0.121733
6475,30,0.357895,0.01,0.010869,0.139527,0.481709,0.050708,0.949292,0.130034,0.129432
6476,24,0.357768,0.010012,0.010012,0.139697,0.482511,0.0505,0.9495,0.125624,0.126512
6477,30,0.357849,0.009994,0.009994,0.139612,0.48255,0.051062,0.948938,0.106537,0.103531
6478,26,0.357708,0.010002,0.010002,0.13964,0.482647,0.050567,0.949433,0.124324,0.126684
6479,32,0.357341,0.01,0.01,0.139647,0.483011,0.050515,0.949485,0.118587,0.118664
6480,24,0.357428,0.009999,0.009999,0.139628,0.482946,0.05,0.95,0.122804,0.125532
6481,24,0.357022,0.010127,0.010004,0.139689,0.483157,0.05,0.95,0.135694,0.137757
6482,26,0.356757,0.010434,0.010055,0.139669,0.483086,0.05,0.95,0.128019,0.130486
6483,32,0.356306,0.010957,0.009997,0.139628,0.483111,0.05,0.95,0.137089,0.137106
6484,24,0.356266,0.010439,0.010009,0.139751,0.483536,0.05,0.95,0.126207,0.126617
6485,24,0.356051,0.010007,0.010007,0.139848,0.484086,0.05,0.95,0.124106,0.126946
6486,26,0.355898,0.010002,0.01006,0.139872,0.484168,0.05,0.95,0.124223,0.125925
6487,24,0.355546,0.010003,0.010003,0.139915,0.484532,0.05,0.95,0.124073,0.126062
6488,24,0.355788,0.009996,0.009996,0.139864,0.484355,0.050758,0.949242,0.117352,0.113347
6489,30,0.356144,0.009994,0.009994,0.139785,0.484082,0.05133,0.94867,0.109253,0.106156
6490,30,0.35627,0.009995,0.009995,0.139718,0.484021,0.052079,0.947921,0.113067,0.109047
6491,32,0.356267,0.01,0.01,0.139717,0.484016,0.052879,0.947121,0.116102,0.111712
6492,26,0.356324,0.009996,0.009996,0.139661,0.484022,0.052267,0.947733,0.114733,0.11776
6493,24,0.356269,0.009997,0.009997,0.139625,0.484111,0.051607,0.948393,0.120287,0.123502
6494,24,0.355969,0.010005,0.010005,0.139689,0.484332,0.050858,0.949142,0.134319,0.137993
6495,24,0.355675,0.010005,0.010005,0.139755,0.484561,0.050451,0.949549,0.126086,0.127977
6496,32,0.355644,0.009998,0.009998,0.139726,0.484635,0.051057,0.948943,0.106894,0.103667
6497,24,0.355643,0.01,0.01,0.139725,0.484632,0.051832,0.948168,0.121671,0.117491
6498,30,0.35555,0.009999,0.009999,0.139704,0.484749,0.052038,0.947962,0.109686,0.1084
6499,26,0.35566,0.009998,0.009998,0.13968,0.484664,0.052276,0.947724,0.11461,0.1132
6500,36,0.355919,0.009996,0.009996,0.139623,0.484466,0.052271,0.947729,0.117543,0.117384
6501,30,0.355644,0.009999,0.009999,0.139609,0.484749,0.052357,0.947643,0.105892,0.105207
6502,24,0.355281,0.010006,0.010006,0.139687,0.48502,0.052158,0.947842,0.127526,0.128392
6503,24,0.354987,0.010005,0.010005,0.139753,0.48525,0.051731,0.948269,0.128145,0.130173
6504,26,0.355209,0.009997,0.009997,0.139707,0.48509,0.051448,0.948552,0.113828,0.1151
6505,30,0.35514,0.009998,0.009998,0.13968,0.485183,0.051193,0.948807,0.122832,0.123954
6506,30,0.354834,0.010002,0.010002,0.139705,0.485458,0.050687,0.949313,0.126221,0.128598
6507,30,0.354486,0.010271,0.010042,0.139714,0.485487,0.050505,0.949495,0.122959,0.123643
6508,24,0.354299,0.010008,0.010008,0.139822,0.485864,0.05,0.95,0.128094,0.131069
6509,24,0.354175,0.010002,0.010002,0.139852,0.485968,0.050023,0.949977,0.124535,0.124219
6510,36,0.353698,0.010005,0.010005,0.139925,0.486367,0.05,0.95,0.128851,0.12938
6511,26,0.353921,0.009997,0.009997,0.139879,0.486207,0.05,0.95,0.1176,0.120373
6512,24,0.353545,0.010002,0.010002,0.139912,0.486538,0.05,0.95,0.130214,0.133558
6513,36,0.353382,0.010184,0.01,0.139909,0.486526,0.050186,0.949814,0.121962,0.120845
6514,32,0.352842,0.010477,0.010425,0.139832,0.486423,0.050356,0.949644,0.137061,0.13603
6515,26,0.352952,0.010209,0.010009,0.13996,0.486869,0.05,0.95,0.128112,0.131214
6516,30,0.352607,0.010045,0.010003,0.140001,0.487343,0.05,0.95,0.120139,0.122822
6517,26,0.352735,0.009999,0.009999,0.139984,0.487283,0.050224,0.949776,0.114626,0.113344
6518,30,0.35278,0.009996,0.009996,0.139933,0.487294,0.050558,0.949442,0.113279,0.111391
6519,32,0.352938,0.009997,0.009997,0.139898,0.487169,0.050461,0.949539,0.114197,0.114467
6520,24,0.352638,0.010005,0.010005,0.139961,0.487392,0.05,0.95,0.126001,0.128208
6521,26,0.352627,0.009997,0.009997,0.139923,0.487455,0.05,0.95,0.111221,0.113897
6522,30,0.352818,0.009997,0.009997,0.139881,0.487308,0.050049,0.949951,0.109717,0.109283
6523,36,0.352461,0.009997,0.009997,0.13984,0.487705,0.050193,0.949807,0.109819,0.108908
6524,24,0.352529,0.009999,0.009999,0.139824,0.487649,0.050084,0.949916,0.121979,0.122342
6525,24,0.352528,0.01,0.01,0.139823,0.487648,0.05,0.95,0.12989,0.133525
6526,24,0.352882,0.009995,0.009995,0.139747,0.487382,0.050764,0.949236,0.109734,0.105666
6527,24,0.352804,0.010001,0.010001,0.139762,0.487433,0.05052,0.94948,0.125159,0.126154
6528,30,0.35255,0.009999,0.010304,0.139751,0.487396,0.05041,0.94959,0.13938,0.139732
6529,32,0.352789,0.010001,0.010001,0.139765,0.487444,0.051206,0.948794,0.107768,0.103564
6530,34,0.35262,0.010079,0.010394,0.139698,0.48721,0.051639,0.948361,0.121405,0.118992
6531,30,0.352683,0.010006,0.010006,0.139786,0.487518,0.052199,0.947801,0.122022,0.118927
6532,32,0.352554,0.009997,0.009997,0.13975,0.487701,0.052017,0.947983,0.113141,0.113891
6533,26,0.352544,0.01,0.01,0.139751,0.487705,0.05147,0.94853,0.12482,0.127493
6534,32,0.352232,0.010135,0.010117,0.139764,0.487752,0.05108,0.94892,0.139368,0.141202
6535,24,0.351946,0.010005,0.010005,0.139834,0.48821,0.05055,0.94945,0.122068,0.124599
6536,24,0.35195,0.01,0.01,0.139836,0.488214,0.051796,0.948204,0.113436,0.10686
6537,24,0.352416,0.009993,0.009993,0.139735,0.487864,0.051733,0.948267,0.108378,0.108478
6538,24,0.352112,0.010004,0.010004,0.139798,0.488082,0.05126,0.94874,0.125987,0.128247
6539,30,0.352307,0.009997,0.009997,0.139757,0.487941,0.051514,0.948486,0.116122,0.114619
6540,26,0.352167,0.010002,0.010002,0.139786,0.488042,0.05091,0.94909,0.128192,0.131143
6541,24,0.351854,0.010048,0.010004,0.139845,0.488248,0.050049,0.949951,0.134236,0.13843
6542,32,0.352135,0.009996,0.009996,0.139796,0.488076,0.050408,0.949592,0.098402,0.096389
6543,24,0.352373,0.009996,0.009996,0.139743,0.487891,0.051239,0.948761,0.117371,0.112928
6544,24,0.352611,0.009996,0.009996,0.13969,0.487706,0.051355,0.948645,0.117317,0.116542
6545,24,0.352479,0.010002,0.010002,0.139717,0.4878,0.05043,0.94957,0.132876,0.137429
6546,30,0.352181,0.010002,0.010002,0.139745,0.48807,0.05,0.95,0.126554,0.12877
6547,24,0.352182,0.01,0.01,0.139746,0.488072,0.051268,0.948732,0.115517,0.108918
6548,24,0.352423,0.009996,0.009996,0.139694,0.48789,0.052283,0.947717,0.109142,0.103728
6549,24,0.351998,0.010171,0.010004,0.139748,0.488079,0.051702,0.948298,0.135639,0.138491
6550,30,0.35182,0.010005,0.010005,0.139824,0.488345,0.05176,0.94824,0.123045,0.122555
6551,24,0.351525,0.010005,0.010005,0.13989,0.488576,0.051132,0.948868,0.128065,0.131122
6552,24,0.350559,0.011026,0.010852,0.139689,0.487874,0.050957,0.949043,0.134054,0.134741
6553,32,0.350836,0.010264,0.01022,0.139938,0.488742,0.050815,0.949185,0.125477,0.126027
6554,30,0.351199,0.010002,0.010002,0.139964,0.488833,0.051172,0.948828,0.116123,0.114099
6555,36,0.351008,0.009999,0.009999,0.139949,0.489046,0.051289,0.948711,0.116228,0.115446
6556,30,0.350808,0.009998,0.009998,0.13992,0.489276,0.051329,0.948671,0.112233,0.111798
6557,32,0.350988,0.009997,0.009997,0.139881,0.489137,0.051695,0.948305,0.117365,0.115315
6558,24,0.350686,0.010005,0.010005,0.139944,0.48936,0.051181,0.948819,0.128125,0.130585
6559,24,0.350325,0.010006,0.010006,0.140024,0.48964,0.050478,0.949522,0.127413,0.130838
6560,36,0.350115,0.009999,0.009999,0.140015,0.489872,0.050393,0.949607,0.120521,0.120776
6561,26,0.349537,0.010423,0.010809,0.139869,0.489362,0.050511,0.949489,0.127949,0.12718
6562,36,0.349795,0.009998,0.010978,0.139837,0.489394,0.050821,0.949179,0.113545,0.11176
6563,24,0.350297,0.010007,0.010007,0.139938,0.48975,0.050225,0.949775,0.114925,0.117747
6564,30,0.350331,0.009995,0.009995,0.139863,0.489817,0.050318,0.949682,0.109701,0.109047
6565,26,0.350687,0.009994,0.009994,0.139784,0.48954,0.05,0.95,0.111827,0.114131
6566,24,0.351504,0.009987,0.009987,0.139606,0.488915,0.05,0.95,0.09649,0.096666
6567,30,0.351088,0.010001,0.010001,0.139619,0.489291,0.05,0.95,0.113513,0.114347
6568,26,0.351131,0.009996,0.009996,0.139568,0.489309,0.050292,0.949708,0.111027,0.109401
6569,24,0.351269,0.009998,0.009998,0.139536,0.489199,0.051361,0.948639,0.111811,0.106203
6570,24,0.350968,0.010005,0.010005,0.1396,0.489423,0.050736,0.949264,0.126067,0.129103
6571,24,0.350831,0.009999,0.009999,0.139585,0.489585,0.05,0.95,0.127329,0.131229
6572,24,0.351192,0.009994,0.009994,0.139508,0.489312,0.05,0.95,0.111464,0.113091
6573,30,0.350796,0.01,0.01,0.139513,0.48969,0.05,0.95,0.123082,0.125314
6574,24,0.350888,0.009992,0.009992,0.139402,0.489726,0.05,0.95,0.109439,0.109854
6575,30,0.350753,0.010002,0.010002,0.139427,0.489816,0.050297,0.949703,0.115515,0.113851
6576,34,0.35066,0.010001,0.010001,0.139448,0.489889,0.050745,0.949255,0.124605,0.122156
6577,24,0.350361,0.010005,0.010005,0.139513,0.490117,0.050054,0.949946,0.128049,0.131363
6578,24,0.350606,0.009996,0.009996,0.139462,0.489939,0.051241,0.948759,0.111219,0.10503
6579,24,0.350637,0.009998,0.010076,0.139437,0.489851,0.050808,0.949192,0.115642,0.11765
6580,30,0.350493,0.01,0.01,0.139444,0.490062,0.051126,0.948874,0.118494,0.116658
6581,38,0.350087,0.010006,0.010006,0.139531,0.490369,0.051206,0.948794,0.12456,0.123979
6582,30,0.350092,0.01,0.01,0.139533,0.490375,0.051131,0.948869,0.119582,0.119764
6583,26,0.349953,0.010002,0.010002,0.139563,0.49048,0.050604,0.949396,0.124316,0.126836
6584,30,0.349715,0.010004,0.010004,0.139615,0.490663,0.051046,0.948954,0.129734,0.127283
6585,24,0.349718,0.01,0.01,0.139616,0.490667,0.050328,0.949672,0.123744,0.127184
6586,26,0.349848,0.009998,0.009998,0.139588,0.490569,0.050224,0.949776,0.118515,0.118855
6587,24,0.349555,0.01011,0.010071,0.139612,0.490652,0.050184,0.949816,0.126092,0.126107
6588,30,0.349419,0.01,0.01,0.139609,0.490972,0.050445,0.949555,0.112242,0.110739
6589,30,0.349419,0.01,0.01,0.139609,0.490972,0.051198,0.948802,0.113125,0.109112
6590,26,0.349212,0.01,0.01,0.139611,0.491177,0.050831,0.949169,0.120566,0.12227
6591,26,0.349327,0.009993,0.010302,0.13952,0.490858,0.050372,0.949628,0.117543,0.119678
6592,24,0.34913,0.010008,0.010008,0.139626,0.491229,0.05,0.95,0.127992,0.129788
6593,30,0.348829,0.010002,0.010002,0.139653,0.491514,0.05,0.95,0.126253,0.126201
6594,36,0.348617,0.009999,0.009999,0.139643,0.491742,0.05,0.95,0.120514,0.120829
6595,24,0.349314,0.009989,0.009989,0.139493,0.491215,0.050992,0.949008,0.098414,0.093254
6596,24,0.350328,0.009984,0.009984,0.139271,0.490432,0.050966,0.949034,0.094651,0.094528
6597,24,0.350317,0.01,0.01,0.139267,0.490417,0.051877,0.948123,0.121701,0.116775
6598,36,0.35057,0.009994,0.009994,0.139181,0.490262,0.052927,0.947073,0.098664,0.092976
6599,24,0.350565,0.01,0.01,0.139179,0.490256,0.054189,0.945811,0.115517,0.108539
6600,26,0.350427,0.010002,0.010002,0.139209,0.49036,0.053829,0.946171,0.122328,0.124077
6601,32,0.350548,0.009995,0.009995,0.139146,0.490315,0.05447,0.94553,0.104937,0.101309
6602,26,0.350268,0.009998,0.009998,0.13912,0.490616,0.054132,0.945868,0.115067,0.116704
6603,30,0.35042,0.009998,0.009998,0.139086,0.490498,0.054118,0.945882,0.108586,0.108372
6604,24,0.350119,0.010005,0.010005,0.13915,0.490722,0.053578,0.946422,0.134276,0.137002
6605,26,0.350122,0.01,0.01,0.139151,0.490727,0.053768,0.946232,0.122354,0.121125
6606,24,0.350348,0.009997,0.009997,0.139103,0.490556,0.052969,0.947031,0.120886,0.124941
6607,32,0.350222,0.009999,0.009999,0.139093,0.490687,0.052922,0.947078,0.117585,0.117631
6608,30,0.348936,0.011451,0.011483,0.138729,0.489401,0.053043,0.946957,0.139315,0.138475
6609,32,0.349813,0.010032,0.010032,0.139169,0.490954,0.053678,0.946322,0.11427,0.110686
6610,24,0.350077,0.009997,0.009997,0.139126,0.490803,0.054416,0.945584,0.117395,0.113199
6611,24,0.350075,0.01,0.01,0.139125,0.4908,0.05532,0.94468,0.121694,0.116465
6612,30,0.350075,0.01,0.01,0.139125,0.4908,0.055523,0.944477,0.119736,0.118366
6613,24,0.350529,0.009993,0.009993,0.139028,0.490457,0.056147,0.943853,0.108837,0.105118
6614,30,0.350076,0.010343,0.010377,0.138966,0.490238,0.05614,0.94386,0.129388,0.129202
6615,28,0.349994,0.01001,0.01001,0.139098,0.490889,0.056069,0.943931,0.124942,0.125138
6616,24,0.350616,0.009991,0.009991,0.138969,0.490433,0.0555,0.9445,0.102032,0.10488
6617,26,0.350112,0.010004,0.010004,0.139031,0.490848,0.055062,0.944938,0.120884,0.123096
6618,30,0.350212,0.009999,0.009999,0.139011,0.490779,0.055163,0.944837,0.113019,0.11224
6619,30,0.350334,0.009995,0.010196,0.138942,0.490533,0.055512,0.944488,0.126104,0.123984
6620,26,0.350401,0.010002,0.010002,0.138968,0.490627,0.055068,0.944932,0.120368,0.1226
6621,30,0.350299,0.010002,0.010002,0.138991,0.490707,0.055464,0.944536,0.122043,0.119637
6622,36,0.350107,0.009999,0.009999,0.138976,0.490919,0.055758,0.944242,0.116205,0.114356
6623,28,0.349837,0.010004,0.010004,0.139033,0.491121,0.055442,0.944558,0.123216,0.124779
6624,24,0.34984,0.01,0.01,0.139034,0.491126,0.055003,0.944997,0.123821,0.126021
6625,30,0.348809,0.011231,0.010994,0.138771,0.490195,0.054902,0.945098,0.139353,0.13968
6626,30,0.348828,0.011,0.011484,0.13871,0.489978,0.05586,0.94414,0.116546,0.111023
6627,24,0.349941,0.010007,0.010933,0.138805,0.490314,0.055812,0.944188,0.107448,0.107433
6628,34,0.350202,0.010007,0.010036,0.138908,0.490846,0.056101,0.943899,0.118522,0.11669
6629,30,0.350712,0.009993,0.009993,0.138809,0.490494,0.055913,0.944087,0.102904,0.10367
6630,30,0.350603,0.010001,0.010001,0.138829,0.490565,0.056578,0.943422,0.115255,0.11127
6631,26,0.350647,0.009996,0.009996,0.138778,0.490583,0.056629,0.943371,0.110951,0.110448
6632,24,0.350269,0.010002,0.010002,0.138811,0.490914,0.05586,0.94414,0.130183,0.134303
6633,36,0.350012,0.009998,0.010116,0.138783,0.491091,0.055786,0.944214,0.122282,0.122465
6634,24,0.349589,0.010069,0.010004,0.138838,0.491499,0.054916,0.945084,0.131629,0.136255
6635,30,0.349537,0.010148,0.01,0.138833,0.491481,0.054804,0.945196,0.129515,0.129882
6636,24,0.3498,0.009993,0.010322,0.138739,0.491147,0.054467,0.945533,0.119905,0.121484
6637,30,0.34967,0.010007,0.010007,0.138834,0.491483,0.053911,0.946089,0.129693,0.132513
6638,36,0.34962,0.009999,0.009999,0.138814,0.491569,0.053972,0.946028,0.117748,0.117228
6639,30,0.350028,0.009994,0.009994,0.138726,0.491259,0.053811,0.946189,0.103277,0.103875
6640,24,0.349974,0.009997,0.009997,0.138689,0.491342,0.052946,0.947054,0.120326,0.124725
6641,24,0.349856,0.009995,0.010403,0.138627,0.491119,0.052657,0.947343,0.124206,0.125465
6642,36,0.349706,0.01,0.01,0.138628,0.491665,0.053022,0.946978,0.109578,0.107456
6643,30,0.349466,0.010004,0.010004,0.13868,0.491847,0.053413,0.946587,0.129759,0.127453
6644,32,0.349602,0.009998,0.009998,0.138652,0.49175,0.05357,0.94643,0.114,0.112972
6645,26,0.350282,0.009989,0.009989,0.138506,0.491232,0.053567,0.946433,0.103992,0.103781
6646,24,0.349975,0.010004,0.010004,0.138567,0.491449,0.053211,0.946789,0.128127,0.129845
6647,30,0.349921,0.010001,0.010001,0.138581,0.491497,0.053413,0.946587,0.121899,0.120608
6648,24,0.349983,0.009999,0.009999,0.138568,0.491451,0.052853,0.947147,0.115789,0.11851
6649,26,0.350112,0.009998,0.009998,0.13854,0.491352,0.052207,0.947793,0.118409,0.121613
6650,24,0.350036,0.009998,0.009998,0.13851,0.491459,0.052067,0.947933,0.11967,0.120157
6651,36,0.350376,0.009995,0.009995,0.138437,0.491198,0.052242,0.947758,0.117407,0.116313
6652,26,0.350593,0.009996,0.009996,0.138388,0.491026,0.051801,0.948199,0.117601,0.119709
6653,24,0.350516,0.009998,0.009998,0.138358,0.491131,0.051816,0.948184,0.117681,0.117388
6654,32,0.350441,0.010001,0.010001,0.138372,0.491184,0.051762,0.948238,0.121728,0.121812
6655,26,0.350224,0.010612,0.009996,0.138287,0.490881,0.051543,0.948457,0.125989,0.126937
6656,24,0.350558,0.010003,0.010064,0.138333,0.491043,0.052385,0.947615,0.118032,0.11343
6657,26,0.350083,0.010005,0.010005,0.138406,0.4915,0.051758,0.948242,0.124761,0.127863
6658,24,0.349712,0.010003,0.010003,0.138442,0.491841,0.051087,0.948913,0.130262,0.133548
6659,32,0.350094,0.009989,0.009989,0.138296,0.491632,0.051761,0.948239,0.095244,0.091621
6660,30,0.350086,0.01,0.01,0.138293,0.491621,0.051639,0.948361,0.126291,0.126746
6661,26,0.350433,0.009995,0.009995,0.138219,0.491359,0.05127,0.94873,0.108976,0.110685
6662,32,0.35038,0.010001,0.010001,0.138228,0.491391,0.051524,0.948476,0.111023,0.109536
6663,24,0.350381,0.01,0.01,0.138228,0.491391,0.05172,0.94828,0.121763,0.120562
6664,24,0.350406,0.01,0.01,0.138223,0.491372,0.050869,0.949131,0.124341,0.128497
6665,24,0.35086,0.009993,0.009993,0.138126,0.491028,0.051969,0.948031,0.102685,0.096835
6666,24,0.350941,0.009995,0.009995,0.13806,0.491008,0.051308,0.948692,0.110896,0.11408
6667,26,0.350937,0.01,0.01,0.138059,0.491004,0.051243,0.948757,0.126164,0.126333
6668,24,0.351097,0.009998,0.009998,0.138025,0.490883,0.050783,0.949217,0.114797,0.116923
6669,26,0.350598,0.010005,0.010005,0.138088,0.491305,0.050136,0.949864,0.130489,0.133595
6670,24,0.350762,0.009998,0.009998,0.138055,0.491188,0.05,0.95,0.114874,0.116597
6671,32,0.350804,0.009999,0.009999,0.138045,0.491152,0.050259,0.949741,0.116001,0.114535
6672,30,0.350931,0.009995,0.009995,0.137978,0.491101,0.050471,0.949529,0.112771,0.111479
6673,24,0.351232,0.009988,0.010448,0.137814,0.490518,0.050301,0.949699,0.116313,0.116958
6674,26,0.351855,0.009997,0.009997,0.137774,0.490376,0.050375,0.949625,0.104135,0.103569
6675,32,0.351705,0.010002,0.010002,0.137805,0.490486,0.05052,0.94948,0.129437,0.128512
6676,26,0.351637,0.010001,0.010001,0.13782,0.49054,0.05,0.95,0.123569,0.127852
6677,32,0.351318,0.009994,0.010717,0.137735,0.490237,0.05,0.95,0.133583,0.135453
6678,32,0.351723,0.010005,0.010005,0.1378,0.490468,0.050402,0.949598,0.115084,0.112885
6679,30,0.351919,0.009997,0.009997,0.13776,0.490327,0.050336,0.949664,0.116264,0.1164
6680,26,0.352138,0.009997,0.009997,0.137713,0.490157,0.05,0.95,0.117637,0.119438
6681,24,0.351773,0.010183,0.010003,0.13775,0.490291,0.05,0.95,0.134204,0.13788
6682,24,0.351345,0.010551,0.010001,0.137764,0.490339,0.05,0.95,0.134178,0.137763
6683,26,0.351528,0.010039,0.010005,0.137835,0.490593,0.05,0.95,0.126138,0.129117
6684,24,0.351784,0.009997,0.009997,0.13779,0.490432,0.05,0.95,0.117493,0.117815
6685,26,0.351596,0.010136,0.010001,0.1378,0.490467,0.05,0.95,0.124229,0.126702
6686,24,0.35181,0.009996,0.009996,0.137738,0.490461,0.05,0.95,0.113363,0.113554
6687,24,0.351553,0.010388,0.01032,0.137637,0.490102,0.05,0.95,0.129799,0.133461
6688,30,0.351929,0.010002,0.010002,0.137668,0.490399,0.05,0.95,0.112757,0.114131
6689,24,0.351555,0.010003,0.010003,0.137703,0.490737,0.05,0.95,0.130308,0.134961
6690,24,0.351646,0.009999,0.009999,0.137685,0.490672,0.05,0.95,0.116667,0.117153
6691,24,0.351706,0.009999,0.009999,0.137671,0.490624,0.05,0.95,0.115713,0.116664
6692,32,0.351446,0.009995,0.010595,0.137599,0.490366,0.050489,0.949511,0.126232,0.123608
6693,24,0.351653,0.010006,0.010006,0.13768,0.490655,0.050073,0.949927,0.123812,0.125737
6694,38,0.351063,0.010001,0.010001,0.137694,0.491242,0.050219,0.949781,0.113184,0.11225
6695,32,0.35071,0.010001,0.010001,0.137706,0.491582,0.050077,0.949923,0.118876,0.119411
6696,30,0.350711,0.01,0.01,0.137706,0.491583,0.05,0.95,0.119744,0.120325
6697,32,0.350981,0.009996,0.009996,0.137649,0.491379,0.050015,0.949985,0.106254,0.105962
6698,36,0.351666,0.009989,0.009989,0.137501,0.490853,0.050164,0.949836,0.10051,0.099569
6699,24,0.351298,0.010179,0.010003,0.137538,0.490983,0.05,0.95,0.134227,0.138961
6700,34,0.351267,0.010003,0.010003,0.137583,0.491144,0.050085,0.949915,0.124607,0.124018
6701,24,0.352287,0.009984,0.009984,0.137368,0.490376,0.050236,0.949764,0.094647,0.093648
6702,32,0.351994,0.010002,0.010002,0.137389,0.490615,0.050402,0.949598,0.137206,0.136175
6703,24,0.351995,0.01,0.01,0.137389,0.490616,0.05062,0.94938,0.121751,0.120467
6704,30,0.351756,0.010004,0.010004,0.13744,0.490797,0.050232,0.949768,0.129646,0.131396
6705,24,0.352323,0.009991,0.009991,0.137321,0.490373,0.050182,0.949818,0.107423,0.107442
6706,24,0.352018,0.010004,0.010004,0.137382,0.490591,0.05,0.95,0.128146,0.129542
6707,34,0.351994,0.009996,0.009996,0.137327,0.490687,0.050195,0.949805,0.112979,0.111823
6708,32,0.352154,0.010048,0.009997,0.137281,0.490521,0.05,0.95,0.122005,0.123073
6709,32,0.351997,0.010003,0.010003,0.137323,0.490673,0.05011,0.94989,0.114262,0.113524
6710,32,0.352619,0.009991,0.009991,0.137193,0.490207,0.050045,0.949955,0.092192,0.092302
6711,24,0.352941,0.009995,0.009995,0.137121,0.489949,0.050529,0.949471,0.105148,0.102472
6712,38,0.353316,0.009994,0.009994,0.137039,0.489657,0.0505,0.9495,0.10781,0.107792
6713,24,0.353172,0.009999,0.009999,0.137022,0.489809,0.05,0.95,0.119164,0.121632
6714,24,0.353149,0.010128,0.009998,0.136998,0.489726,0.05,0.95,0.12421,0.127798
6715,24,0.353152,0.01,0.010119,0.136999,0.489729,0.051274,0.948726,0.115384,0.108776
6716,24,0.353651,0.009994,0.009994,0.136919,0.489442,0.050856,0.949144,0.110494,0.112418
6717,36,0.353871,0.009992,0.009992,0.136814,0.48933,0.051444,0.948556,0.093967,0.09075
6718,24,0.353708,0.010002,0.010002,0.136845,0.489442,0.051043,0.948957,0.124546,0.126428
6719,24,0.354167,0.009993,0.009993,0.136749,0.489098,0.050345,0.949655,0.110477,0.113804
6720,30,0.353923,0.010004,0.010004,0.136797,0.489272,0.050155,0.949845,0.12965,0.130429
6721,30,0.353471,0.010213,0.010064,0.136765,0.489487,0.050041,0.949959,0.129849,0.130239
6722,24,0.353195,0.010005,0.010005,0.136837,0.489958,0.05,0.95,0.12206,0.123583
6723,30,0.35333,0.009995,0.009995,0.136774,0.489905,0.050308,0.949692,0.113081,0.111347
6724,24,0.353351,0.01,0.01,0.136768,0.489881,0.05,0.95,0.124289,0.125771
6725,30,0.353052,0.010002,0.010002,0.136795,0.490149,0.05,0.95,0.126398,0.126873
6726,30,0.353414,0.009994,0.009994,0.136719,0.489878,0.05,0.95,0.10925,0.110727
6727,26,0.353452,0.009996,0.009996,0.136667,0.489889,0.050022,0.949978,0.111039,0.110762
6728,26,0.353806,0.009994,0.009994,0.136591,0.489614,0.05,0.95,0.106112,0.108325
6729,26,0.353375,0.010006,0.010006,0.136679,0.489932,0.05,0.95,0.134239,0.138118
6730,32,0.353098,0.010002,0.010002,0.136706,0.490192,0.050167,0.949833,0.137187,0.136161
6731,32,0.353284,0.009997,0.009997,0.136667,0.490054,0.050709,0.949291,0.106963,0.104083
6732,30,0.353699,0.009991,0.009991,0.136542,0.489776,0.050858,0.949142,0.102082,0.101117
6733,24,0.353319,0.010002,0.010002,0.136574,0.490103,0.050437,0.949563,0.124036,0.125989
6734,30,0.352626,0.011043,0.01023,0.136448,0.489653,0.050209,0.949791,0.139453,0.140427
6735,36,0.353219,0.010006,0.010006,0.136534,0.490235,0.050085,0.949915,0.10269,0.103124
6736,24,0.353383,0.009998,0.009998,0.136502,0.49012,0.05,0.95,0.114791,0.115574
6737,26,0.353381,0.01,0.01,0.136501,0.490118,0.05,0.95,0.122347,0.123524
6738,32,0.353232,0.010002,0.010003,0.136532,0.49023,0.05,0.95,0.12943,0.129585
6739,30,0.353234,0.01,0.01,0.136533,0.490232,0.05,0.95,0.126246,0.128554
6740,28,0.352966,0.010004,0.010004,0.13659,0.490436,0.05,0.95,0.12841,0.130479
6741,24,0.353193,0.009997,0.009997,0.136544,0.49027,0.05,0.95,0.120898,0.122484
6742,30,0.353698,0.009992,0.009992,0.136436,0.489882,0.050405,0.949595,0.098134,0.095859
6743,24,0.353692,0.01,0.01,0.136433,0.489874,0.051673,0.948327,0.115524,0.108869
6744,24,0.353868,0.009997,0.009997,0.136396,0.489741,0.052084,0.947916,0.118904,0.116606
6745,26,0.353977,0.009998,0.009998,0.136372,0.489655,0.052142,0.947858,0.114573,0.114093
6746,30,0.354144,0.009997,0.009997,0.136336,0.489525,0.051839,0.948161,0.119349,0.120732
6747,38,0.353949,0.009999,0.009999,0.136318,0.489736,0.052116,0.947884,0.119056,0.117415
6748,36,0.354595,0.00999,0.00999,0.136181,0.489244,0.052578,0.947422,0.092483,0.089855
6749,26,0.354529,0.010001,0.010001,0.136191,0.489279,0.052002,0.947998,0.127425,0.130235
6750,24,0.354688,0.009998,0.009998,0.136157,0.48916,0.051439,0.948561,0.114783,0.117484
6751,36,0.354535,0.01,0.01,0.136158,0.489307,0.051775,0.948225,0.120057,0.118128
6752,34,0.354925,0.009994,0.009994,0.136075,0.489012,0.051977,0.948023,0.092281,0.091011
6753,32,0.35481,0.009999,0.009999,0.13606,0.489132,0.052385,0.947615,0.123103,0.120768
6754,26,0.355489,0.009989,0.009989,0.135916,0.488616,0.051918,0.948082,0.104476,0.106705
6755,26,0.355344,0.010002,0.010002,0.135942,0.48871,0.051523,0.948477,0.128122,0.130002
6756,30,0.355046,0.010002,0.010002,0.13597,0.48898,0.051828,0.948172,0.126558,0.124791
6757,24,0.354919,0.010002,0.010002,0.135998,0.489079,0.051191,0.948809,0.126686,0.129781
6758,24,0.354622,0.010005,0.010005,0.136061,0.489307,0.050752,0.949248,0.128081,0.130136
6759,26,0.354338,0.010365,0.010054,0.136034,0.489209,0.050718,0.949282,0.128014,0.128014
6760,26,0.355161,0.009994,0.009994,0.135949,0.488903,0.05095,0.94905,0.103789,0.10242
6761,26,0.355375,0.009996,0.009996,0.135901,0.488731,0.050517,0.949483,0.117597,0.119604
6762,30,0.355498,0.009995,0.009995,0.135834,0.488678,0.05121,0.94879,0.10613,0.102448
6763,30,0.35554,0.009999,0.009999,0.135823,0.488639,0.051617,0.948383,0.119439,0.117147
6764,24,0.35541,0.010002,0.010002,0.13585,0.488736,0.050981,0.949019,0.124665,0.127747
6765,30,0.355563,0.009998,0.009998,0.135818,0.488623,0.051079,0.948921,0.118365,0.117606
6766,32,0.355513,0.010001,0.010001,0.135828,0.488657,0.051133,0.948867,0.12631,0.125847
6767,24,0.35514,0.010002,0.010002,0.135862,0.488993,0.05065,0.94935,0.124068,0.126352
6768,24,0.355317,0.009997,0.009997,0.135826,0.488863,0.050865,0.949135,0.118821,0.117557
6769,38,0.355123,0.009999,0.009999,0.135807,0.489073,0.051226,0.948774,0.126845,0.124809
6770,26,0.354695,0.010007,0.010007,0.135897,0.489395,0.050678,0.949322,0.128539,0.13118
6771,24,0.354635,0.010001,0.010001,0.135912,0.48945,0.050085,0.949915,0.131347,0.134173
6772,30,0.354317,0.009999,0.009999,0.135904,0.489781,0.05,0.95,0.122948,0.124379
6773,26,0.354357,0.009996,0.009996,0.135854,0.489797,0.050029,0.949971,0.110958,0.110637
6774,24,0.354303,0.009997,0.009997,0.135819,0.489884,0.05,0.95,0.120297,0.124317
6775,24,0.354301,0.01,0.01,0.135818,0.489881,0.050914,0.949086,0.121696,0.116868
6776,24,0.354003,0.010005,0.010005,0.135881,0.490108,0.050105,0.949895,0.134269,0.138202
6777,30,0.353945,0.009998,0.009998,0.135859,0.490199,0.05031,0.94969,0.116483,0.115276
6778,26,0.354164,0.009997,0.009997,0.135812,0.490031,0.05,0.95,0.113859,0.116156
6779,24,0.35411,0.009997,0.009997,0.135777,0.490118,0.05,0.95,0.112013,0.115253
6780,30,0.35423,0.009998,0.009998,0.135751,0.490023,0.05,0.95,0.119295,0.119805
6781,26,0.354696,0.009993,0.009993,0.135652,0.489667,0.050069,0.949931,0.104089,0.103551
6782,30,0.35503,0.009995,0.009995,0.135579,0.489402,0.05097,0.94903,0.103544,0.0988
6783,32,0.354831,0.01,0.01,0.135584,0.489585,0.051031,0.948969,0.123099,0.122608
6784,24,0.35507,0.009996,0.009996,0.135533,0.489404,0.052215,0.947785,0.111205,0.104898
6785,30,0.355566,0.009992,0.009992,0.135428,0.489022,0.051657,0.948343,0.099715,0.102334
6786,30,0.355322,0.010004,0.010004,0.135476,0.489195,0.051591,0.948409,0.129754,0.12992
6787,24,0.35502,0.010001,0.010001,0.135496,0.489481,0.051187,0.948813,0.122268,0.124159
6788,32,0.355316,0.009991,0.009991,0.135369,0.489333,0.051343,0.948657,0.103298,0.102309
6789,32,0.355437,0.009997,0.010071,0.135324,0.489171,0.051943,0.948057,0.11499,0.111711
6790,36,0.35531,0.010001,0.010001,0.135334,0.489354,0.051907,0.948093,0.124189,0.124174
6791,38,0.354678,0.010974,0.010773,0.135093,0.488483,0.051967,0.948033,0.129068,0.128545
6792,24,0.355173,0.01042,0.010026,0.135268,0.489114,0.051351,0.948649,0.116008,0.118964
6793,24,0.355495,0.009999,0.009999,0.135249,0.489259,0.05154,0.94846,0.113434,0.11228
6794,32,0.355675,0.009997,0.009997,0.135211,0.48912,0.051757,0.948243,0.115676,0.11438
6795,30,0.355556,0.009997,0.009997,0.135165,0.489286,0.051858,0.948142,0.116593,0.115874
6796,34,0.355459,0.010001,0.010001,0.135184,0.489354,0.052081,0.947919,0.110014,0.108661
6797,24,0.3557,0.009996,0.009996,0.135134,0.489174,0.053263,0.946737,0.11119,0.104759
6798,24,0.35586,0.009997,0.009997,0.135099,0.489046,0.052626,0.947374,0.120678,0.123832
6799,30,0.355729,0.010002,0.010002,0.135125,0.489142,0.053173,0.946827,0.122049,0.118963
6800,26,0.355841,0.009998,0.009998,0.135103,0.48906,0.053394,0.946606,0.11461,0.113249
6801,30,0.355602,0.010004,0.010004,0.135152,0.489239,0.053132,0.946868,0.129655,0.130819
6802,32,0.355735,0.009998,0.009998,0.135126,0.489143,0.053467,0.946533,0.11839,0.116421
6803,24,0.355833,0.009995,0.009995,0.13506,0.489117,0.053635,0.946365,0.114801,0.113706
6804,26,0.356048,0.009997,0.009997,0.135012,0.488947,0.053528,0.946472,0.117575,0.117936
6805,24,0.356342,0.009995,0.009995,0.134949,0.488718,0.052952,0.947048,0.111224,0.114062
6806,26,0.356201,0.010002,0.010002,0.134977,0.488818,0.05243,0.94757,0.124414,0.12701
6807,24,0.356045,0.010002,0.010002,0.135011,0.48894,0.052253,0.947747,0.130744,0.131482
6808,30,0.356042,0.009997,0.009997,0.134973,0.488991,0.052604,0.947396,0.108522,0.106493
6809,26,0.35597,0.009998,0.009998,0.134945,0.489089,0.052169,0.947831,0.122452,0.124562
6810,32,0.356014,0.009994,0.009994,0.134871,0.489127,0.052449,0.947551,0.108406,0.106748
6811,32,0.355961,0.010001,0.010001,0.134879,0.489158,0.052524,0.947476,0.121823,0.121248
6812,32,0.355851,0.009999,0.009999,0.134866,0.489285,0.052763,0.947237,0.107726,0.106268
6813,26,0.355566,0.01036,0.010049,0.134839,0.489187,0.052704,0.947296,0.128009,0.128139
6814,24,0.355414,0.010009,0.010009,0.134956,0.489613,0.052055,0.947945,0.126036,0.129255
6815,24,0.355578,0.009998,0.009998,0.134925,0.489501,0.051714,0.948286,0.114882,0.116436
6816,30,0.355473,0.010002,0.010002,0.134946,0.489577,0.052036,0.947964,0.13187,0.12998
6817,24,0.3551,0.010003,0.010003,0.13498,0.489914,0.051398,0.948602,0.122081,0.125178
6818,24,0.355126,0.01,0.01,0.134976,0.489899,0.050876,0.949124,0.124303,0.12677
6819,30,0.355321,0.009994,0.009994,0.134899,0.489792,0.050737,0.949263,0.102949,0.103383
6820,30,0.355403,0.010096,0.009997,0.134859,0.489645,0.050613,0.949387,0.119268,0.11971
6821,24,0.355236,0.010119,0.010002,0.134889,0.489754,0.05,0.95,0.130655,0.134613
6822,24,0.35481,0.010485,0.010001,0.134902,0.489802,0.05,0.95,0.125923,0.129045
6823,36,0.354711,0.010273,0.010211,0.134865,0.489941,0.050348,0.949652,0.120767,0.118845
6824,30,0.354904,0.010002,0.010002,0.134886,0.490206,0.05073,0.94927,0.115029,0.112897
6825,30,0.354617,0.010145,0.010002,0.134917,0.490319,0.050455,0.949545,0.129692,0.130923
6826,30,0.354499,0.010001,0.010001,0.134933,0.490565,0.050556,0.949444,0.111941,0.111227
6827,32,0.354959,0.009993,0.009993,0.134838,0.490218,0.050444,0.949556,0.106134,0.106498
6828,24,0.355036,0.009995,0.009995,0.134774,0.490199,0.050206,0.949794,0.110824,0.11181
6829,24,0.355594,0.009991,0.009991,0.134655,0.489768,0.050225,0.949775,0.107357,0.10702
6830,24,0.355611,0.009999,0.009999,0.134648,0.489742,0.05,0.95,0.115954,0.119371
6831,30,0.355699,0.009999,0.009999,0.134629,0.489674,0.05077,0.94923,0.111958,0.107897
6832,32,0.35565,0.010001,0.010001,0.134639,0.48971,0.051009,0.948991,0.110968,0.109568
6833,24,0.355872,0.009997,0.009997,0.134593,0.489542,0.050672,0.949328,0.113312,0.11483
6834,32,0.356024,0.009998,0.009998,0.13456,0.489421,0.051378,0.948622,0.115186,0.111437
6835,32,0.356874,0.009987,0.009987,0.134381,0.488772,0.051681,0.948319,0.086934,0.085161
6836,24,0.357022,0.009997,0.009997,0.134345,0.488639,0.051721,0.948279,0.114745,0.11433
6837,32,0.356872,0.010002,0.010002,0.134375,0.488749,0.051404,0.948596,0.129497,0.130919
6838,26,0.356448,0.010007,0.010007,0.134464,0.489074,0.050941,0.949059,0.12475,0.126955
6839,24,0.356692,0.009996,0.009996,0.134416,0.488899,0.052125,0.947875,0.111188,0.104894
6840,32,0.356689,0.01,0.01,0.134415,0.488895,0.052592,0.947408,0.109958,0.107325
6841,24,0.356829,0.009998,0.009998,0.134386,0.48879,0.053649,0.946351,0.109719,0.103912
6842,24,0.357071,0.009993,0.009993,0.13429,0.488653,0.052983,0.947017,0.115893,0.119234
6843,36,0.356915,0.01,0.01,0.134289,0.488796,0.053355,0.946645,0.1242,0.122017
6844,24,0.356541,0.010002,0.010002,0.134322,0.489132,0.052754,0.947246,0.122019,0.12502
6845,32,0.356494,0.010001,0.010001,0.134333,0.489171,0.053031,0.946969,0.110884,0.109222
6846,30,0.35659,0.009999,0.009999,0.134313,0.489099,0.05265,0.94735,0.119497,0.121321
6847,32,0.356507,0.009996,0.009996,0.134266,0.489234,0.053336,0.946664,0.100998,0.097188
6848,24,0.356131,0.010002,0.010002,0.134298,0.489566,0.052767,0.947233,0.130299,0.133146
6849,26,0.356488,0.009995,0.009995,0.134224,0.489298,0.052964,0.947036,0.111778,0.110507
6850,24,0.356432,0.009997,0.009997,0.134189,0.489384,0.052407,0.947593,0.120238,0.122961
6851,30,0.356064,0.01,0.01,0.13419,0.489746,0.052768,0.947232,0.116446,0.114346
6852,38,0.356214,0.009992,0.009992,0.134083,0.48972,0.053041,0.946959,0.107606,0.105939
6853,32,0.355859,0.009998,0.009998,0.134054,0.490091,0.053069,0.946931,0.118714,0.118352
6854,30,0.355912,0.009996,0.009996,0.134004,0.490092,0.052907,0.947093,0.115927,0.116563
6855,30,0.355781,0.010002,0.010002,0.134029,0.490186,0.053051,0.946949,0.12213,0.121164
6856,36,0.355316,0.009992,0.010688,0.133925,0.490079,0.053295,0.946705,0.122236,0.120744
6857,30,0.355455,0.010008,0.010008,0.134037,0.490491,0.053401,0.946599,0.115341,0.114535
6858,34,0.355758,0.009996,0.009996,0.133978,0.490273,0.053291,0.946709,0.113509,0.113907
6859,26,0.356006,0.009996,0.009996,0.133924,0.490077,0.053342,0.946658,0.109665,0.109193
6860,24,0.355706,0.010005,0.010005,0.133985,0.4903,0.05267,0.94733,0.128023,0.131398
6861,26,0.355512,0.010003,0.010003,0.134027,0.490454,0.052212,0.947788,0.129451,0.131687
6862,30,0.355916,0.009994,0.009994,0.133945,0.490151,0.052401,0.947599,0.100403,0.099135
6863,30,0.355674,0.010004,0.010004,0.133992,0.490327,0.052199,0.947801,0.123031,0.123882
6864,26,0.355948,0.009993,0.009993,0.133896,0.49017,0.051936,0.948064,0.105178,0.106316
6865,32,0.356123,0.009997,0.009997,0.133857,0.490027,0.052334,0.947666,0.117494,0.115234
6866,24,0.356121,0.01,0.01,0.133856,0.490024,0.053597,0.946403,0.115507,0.108608
6867,26,0.35605,0.009998,0.009998,0.133829,0.490124,0.053692,0.946308,0.118698,0.117966
6868,24,0.356108,0.009999,0.009999,0.133817,0.490077,0.052981,0.947019,0.115678,0.119244
6869,24,0.356493,0.009991,0.009991,0.133692,0.489834,0.053081,0.946919,0.104304,0.103548
6870,24,0.356189,0.010004,0.010004,0.133751,0.490051,0.052233,0.947767,0.134352,0.138656
6871,32,0.356716,0.009992,0.009992,0.133643,0.489656,0.053113,0.946887,0.101315,0.096491
6872,24,0.356407,0.010001,0.010001,0.13366,0.489931,0.053048,0.946952,0.122188,0.122326
6873,26,0.357038,0.00999,0.00999,0.133529,0.489452,0.052462,0.947538,0.1056,0.108486
6874,36,0.35742,0.009994,0.009994,0.133446,0.489147,0.052812,0.947188,0.101434,0.099346
6875,32,0.357483,0.009996,0.009996,0.133394,0.489131,0.053598,0.946402,0.104435,0.10006
6876,26,0.357343,0.010002,0.010002,0.133421,0.489232,0.053181,0.946819,0.128196,0.130249
6877,32,0.357345,0.01,0.01,0.133422,0.489234,0.053899,0.946101,0.109742,0.105718
6878,24,0.35728,0.010001,0.010001,0.133435,0.489283,0.054092,0.945908,0.123185,0.121934
6879,26,0.357746,0.009993,0.009993,0.133339,0.48893,0.054345,0.945655,0.104132,0.102546
6880,24,0.357741,0.01,0.01,0.133337,0.488923,0.055513,0.944487,0.115462,0.10884
6881,24,0.357444,0.010005,0.010005,0.133398,0.489149,0.055194,0.944806,0.128177,0.129746
6882,30,0.358051,0.009991,0.009991,0.133274,0.488694,0.055585,0.944415,0.097056,0.094647
6883,24,0.358328,0.009992,0.009992,0.133169,0.488519,0.055426,0.944574,0.113051,0.113662
6884,24,0.358461,0.009998,0.009998,0.133138,0.488406,0.056502,0.943498,0.11176,0.105523
6885,24,0.358482,0.01,0.01,0.133132,0.488386,0.056189,0.943811,0.116022,0.117532
6886,26,0.358274,0.01,0.01,0.133134,0.488591,0.056115,0.943885,0.1244,0.1246
6887,34,0.358538,0.009996,0.009996,0.13308,0.488391,0.056571,0.943429,0.105916,0.103154
6888,24,0.358993,0.009993,0.009993,0.132984,0.488038,0.056222,0.943778,0.116264,0.117927
6889,24,0.358594,0.010059,0.010002,0.133007,0.488338,0.055883,0.944117,0.130233,0.131871
6890,36,0.357939,0.010705,0.010881,0.132821,0.487655,0.056196,0.943804,0.130167,0.128204
6891,30,0.357766,0.010517,0.010729,0.132894,0.488094,0.056505,0.943495,0.119818,0.117863
6892,24,0.358235,0.010012,0.010012,0.133055,0.488686,0.056121,0.943879,0.116091,0.118
6893,32,0.358171,0.010001,0.010001,0.133073,0.488753,0.056361,0.943639,0.110951,0.109372
6894,24,0.358172,0.01,0.01,0.133074,0.488754,0.057616,0.942384,0.115519,0.108113
6895,32,0.358351,0.009997,0.009997,0.133037,0.488618,0.057337,0.942663,0.122111,0.12351
6896,24,0.35851,0.009994,0.009994,0.132958,0.488544,0.057441,0.942559,0.113336,0.112493
6897,38,0.358807,0.009995,0.009995,0.132894,0.488308,0.057395,0.942605,0.107813,0.107854
6898,30,0.358634,0.01,0.01,0.132889,0.488478,0.057694,0.942306,0.118555,0.116582
6899,24,0.358331,0.01002,0.010004,0.132948,0.488696,0.057433,0.942567,0.13425,0.135486
6900,30,0.358077,0.010004,0.010004,0.133006,0.488908,0.057489,0.942511,0.129751,0.129176
6901,24,0.35854,0.009993,0.009993,0.132912,0.488562,0.057704,0.942296,0.10822,0.106729
6902,32,0.357866,0.010923,0.010305,0.132791,0.488116,0.057341,0.942659,0.139279,0.141149
6903,30,0.358662,0.010007,0.010007,0.13288,0.488444,0.057536,0.942464,0.100825,0.099347
6904,38,0.358264,0.010006,0.010006,0.132965,0.488758,0.057438,0.942562,0.131122,0.131469
6905,26,0.359054,0.009988,0.009988,0.132804,0.488166,0.057443,0.942557,0.092968,0.092616
6906,30,0.359168,0.009995,0.009995,0.132737,0.488106,0.057501,0.942499,0.12263,0.122027
6907,32,0.359231,0.009996,0.009996,0.132685,0.488091,0.057972,0.942028,0.119883,0.116946
6908,26,0.358804,0.010007,0.010007,0.132772,0.488411,0.057586,0.942414,0.134271,0.136284
6909,36,0.358793,0.009996,0.009996,0.132722,0.488492,0.058082,0.941918,0.106504,0.103409
6910,32,0.358969,0.009997,0.009997,0.132684,0.488353,0.057744,0.942256,0.122007,0.123739
6911,24,0.35867,0.010005,0.010005,0.132745,0.488576,0.057342,0.942658,0.128182,0.130273
6912,32,0.358526,0.010002,0.010002,0.132776,0.488692,0.057509,0.942491,0.129474,0.128256
6913,26,0.35832,0.01,0.01,0.132779,0.4889,0.057096,0.942904,0.124424,0.126588
6914,24,0.358093,0.010004,0.010004,0.132826,0.489073,0.057065,0.942935,0.126297,0.126249
6915,26,0.357888,0.01,0.01,0.132829,0.489282,0.056731,0.943269,0.120591,0.122272
6916,24,0.35745,0.010003,0.010003,0.132876,0.489667,0.056213,0.943787,0.123534,0.126249
6917,26,0.357375,0.009998,0.009998,0.132852,0.489777,0.056096,0.943904,0.121147,0.121597
6918,30,0.357703,0.009995,0.009995,0.132783,0.489524,0.056619,0.943381,0.104486,0.101287
6919,30,0.357742,0.009999,0.009999,0.132773,0.489486,0.056782,0.943218,0.120127,0.118991
6920,34,0.357741,0.01,0.01,0.132773,0.489486,0.057001,0.942999,0.121621,0.12016
6921,30,0.357984,0.009996,0.009996,0.132723,0.489301,0.057056,0.942944,0.104413,0.103775
6922,26,0.357973,0.01,0.01,0.132724,0.489304,0.056726,0.943274,0.119211,0.120881
6923,32,0.358457,0.009992,0.009992,0.132624,0.488934,0.056657,0.943343,0.102518,0.102624
6924,28,0.358106,0.01022,0.010002,0.132648,0.489024,0.056036,0.943964,0.128429,0.131736
6925,24,0.358109,0.01,0.01,0.132649,0.489242,0.056861,0.943139,0.117675,0.112746
6926,24,0.357736,0.010002,0.010002,0.132682,0.489577,0.05615,0.94385,0.124105,0.127899
6927,26,0.357988,0.009996,0.009996,0.132631,0.489389,0.055952,0.944048,0.109612,0.110493
6928,26,0.357778,0.01,0.01,0.132632,0.48959,0.055972,0.944028,0.124482,0.124147
6929,30,0.35754,0.010004,0.010004,0.132681,0.489771,0.055722,0.944278,0.12973,0.130914
6930,32,0.35732,0.010004,0.010004,0.132728,0.489945,0.055501,0.944499,0.130107,0.131142
6931,26,0.357182,0.009996,0.009996,0.132676,0.49015,0.055069,0.944931,0.118763,0.120946
6932,30,0.356803,0.01,0.010058,0.132673,0.490467,0.055425,0.944575,0.113361,0.111189
6933,36,0.35724,0.009994,0.009994,0.132595,0.490177,0.055864,0.944136,0.099664,0.097022
6934,24,0.357236,0.01,0.01,0.132593,0.490171,0.056765,0.943235,0.121685,0.116321
6935,24,0.357117,0.01,0.010123,0.132592,0.490168,0.056061,0.943939,0.125037,0.128771
6936,24,0.357538,0.009992,0.009992,0.132487,0.489991,0.055564,0.944436,0.106502,0.10901
6937,24,0.357498,0.01016,0.009998,0.132458,0.489887,0.055191,0.944809,0.124134,0.125945
6938,30,0.357576,0.009996,0.009996,0.132407,0.490026,0.055286,0.944714,0.100062,0.099261
6939,30,0.357527,0.009998,0.010168,0.13238,0.489927,0.0546,0.9454,0.126071,0.12954
6940,24,0.357213,0.010004,0.010004,0.132435,0.490344,0.054165,0.945835,0.121979,0.124129
6941,36,0.357065,0.01,0.01,0.132437,0.490498,0.054217,0.945783,0.121483,0.120978
6942,26,0.356905,0.010002,0.010002,0.13247,0.49062,0.053823,0.946177,0.114972,0.116887
6943,24,0.356906,0.01,0.01,0.132471,0.490623,0.054878,0.945122,0.113361,0.107426
6944,36,0.356696,0.009998,0.010153,0.13245,0.490702,0.055054,0.944946,0.127414,0.126216
6945,24,0.35661,0.01,0.010001,0.132455,0.490935,0.054286,0.945714,0.127378,0.131379
6946,38,0.356884,0.009996,0.009996,0.132399,0.490726,0.054119,0.945881,0.11332,0.114031
6947,26,0.357165,0.009992,0.009992,0.132298,0.490552,0.053677,0.946323,0.102314,0.104463
6948,30,0.357271,0.009998,0.009998,0.132273,0.490459,0.05468,0.94532,0.116751,0.111121
6949,30,0.357391,0.009998,0.009998,0.132248,0.490365,0.054299,0.945701,0.118414,0.120283
6950,26,0.357732,0.009995,0.009995,0.132177,0.490102,0.053659,0.946341,0.111655,0.114859
6951,32,0.357887,0.009997,0.009997,0.132143,0.489975,0.05381,0.94619,0.099283,0.098192
6952,24,0.357588,0.010005,0.010005,0.132203,0.490199,0.053414,0.946586,0.13431,0.136245
6953,30,0.357782,0.009997,0.009997,0.132165,0.490058,0.053329,0.946671,0.116143,0.116388
6954,32,0.357698,0.009996,0.009996,0.132118,0.490191,0.053881,0.946119,0.101018,0.09787
6955,24,0.358177,0.009989,0.009989,0.131974,0.489871,0.054121,0.945879,0.103319,0.101777
6956,24,0.358192,0.009999,0.009999,0.131966,0.489843,0.053289,0.946711,0.124278,0.128547
6957,26,0.358436,0.009993,0.009993,0.131875,0.489702,0.053338,0.946662,0.110657,0.110194
6958,36,0.357702,0.010598,0.011398,0.131605,0.488698,0.053798,0.946202,0.128684,0.126034
6959,24,0.358166,0.010013,0.010498,0.131776,0.489547,0.054983,0.945017,0.111523,0.104849
6960,24,0.358052,0.01001,0.01001,0.131904,0.490024,0.053903,0.946097,0.134287,0.139934
6961,24,0.357686,0.010003,0.010003,0.13194,0.490369,0.05352,0.94648,0.124165,0.126036
6962,36,0.357473,0.009999,0.009999,0.13193,0.490598,0.053572,0.946428,0.124642,0.124162
6963,32,0.357707,0.009996,0.009996,0.131882,0.490419,0.054071,0.945929,0.107473,0.104571
6964,30,0.357825,0.009998,0.009998,0.131856,0.490323,0.053923,0.946077,0.119431,0.120002
6965,24,0.357373,0.01,0.01,0.13186,0.490766,0.053183,0.946817,0.118044,0.121804
6966,26,0.357374,0.01,0.01,0.13186,0.490766,0.053437,0.946563,0.116622,0.115078
6967,30,0.357462,0.009999,0.009999,0.131842,0.490699,0.053477,0.946523,0.128453,0.127995
6968,24,0.357164,0.010005,0.010005,0.131903,0.490925,0.052827,0.947173,0.128192,0.131467
6969,26,0.356742,0.010007,0.010007,0.131991,0.491254,0.052173,0.947827,0.134182,0.137452
6970,24,0.356449,0.010005,0.010005,0.132054,0.491487,0.05143,0.94857,0.134342,0.13804
6971,24,0.356452,0.01,0.01,0.132055,0.491492,0.05234,0.94766,0.12168,0.116713
6972,26,0.356016,0.010036,0.010006,0.132139,0.491803,0.051631,0.948369,0.134137,0.137656
6973,24,0.356055,0.01,0.01,0.132139,0.491805,0.050944,0.949056,0.124285,0.127609
6974,26,0.35625,0.009994,0.009994,0.132059,0.491703,0.05041,0.94959,0.108912,0.111426
6975,24,0.356327,0.009995,0.009995,0.131997,0.491686,0.050178,0.949822,0.110818,0.111786
6976,32,0.356038,0.010002,0.010002,0.132018,0.491941,0.050181,0.949819,0.122185,0.122015
6977,24,0.356197,0.009998,0.009998,0.131986,0.491822,0.05,0.95,0.114815,0.116675
6978,24,0.356131,0.010001,0.010001,0.131999,0.491869,0.050227,0.949773,0.123077,0.121755
6979,32,0.356311,0.009997,0.009997,0.131962,0.491733,0.050666,0.949334,0.117371,0.11497
6980,24,0.356384,0.009999,0.009999,0.131946,0.491672,0.050409,0.949591,0.121634,0.122758
6981,24,0.356407,0.01,0.01,0.131941,0.491653,0.05,0.95,0.11593,0.117899
6982,24,0.356546,0.009998,0.009998,0.131912,0.491546,0.05107,0.94893,0.111837,0.106262
6983,30,0.35624,0.010002,0.010002,0.131936,0.491821,0.051,0.949,0.126277,0.126443
6984,24,0.356561,0.009995,0.009995,0.13187,0.491578,0.050492,0.949508,0.111731,0.114113
6985,24,0.356471,0.009998,0.009998,0.131843,0.49169,0.05035,0.94965,0.113534,0.114057
6986,36,0.356216,0.009996,0.009996,0.131784,0.492009,0.050483,0.949517,0.108123,0.107267
6987,30,0.355656,0.010136,0.010751,0.131713,0.491744,0.050468,0.949532,0.13955,0.139438
6988,32,0.356693,0.009998,0.009998,0.131682,0.491629,0.050369,0.949631,0.090304,0.090586
6989,24,0.35693,0.009996,0.009996,0.131633,0.491445,0.051534,0.948466,0.109111,0.102991
6990,26,0.356265,0.010665,0.01,0.131631,0.491439,0.051196,0.948804,0.134071,0.135613
6991,32,0.356633,0.010005,0.010005,0.131692,0.491666,0.051384,0.948616,0.107652,0.106512
6992,30,0.356533,0.010002,0.010002,0.131714,0.491749,0.05149,0.94851,0.115314,0.114537
6993,26,0.356943,0.009991,0.009991,0.131591,0.491485,0.051138,0.948862,0.1032,0.104809
6994,32,0.356868,0.010056,0.01,0.131591,0.491485,0.051521,0.948479,0.126265,0.124103
6995,24,0.357359,0.009993,0.009993,0.131502,0.491153,0.050661,0.949339,0.111307,0.115475
6996,24,0.357057,0.010004,0.010004,0.131561,0.491373,0.05018,0.94982,0.128074,0.130324
6997,26,0.356923,0.010002,0.010002,0.13159,0.491482,0.05,0.95,0.128102,0.130287
6998,24,0.356627,0.010005,0.010005,0.131652,0.491712,0.05,0.95,0.126036,0.128768
6999,30,0.356586,0.009998,0.009998,0.131627,0.491791,0.05,0.95,0.106463,0.107141
7000,32,0.356463,0.009997,0.009997,0.131582,0.491962,0.05,0.95,0.130677,0.131597
7001,24,0.356023,0.010003,0.010003,0.131627,0.492344,0.05,0.95,0.125487,0.127096
7002,32,0.356179,0.009998,0.009998,0.131596,0.49223,0.050406,0.949594,0.115057,0.112823
7003,26,0.356177,0.01,0.01,0.131595,0.492227,0.05,0.95,0.126178,0.130601
7004,36,0.356382,0.009994,0.009994,0.131522,0.492108,0.050298,0.949702,0.114613,0.112955
7005,24,0.356004,0.010002,0.010002,0.131553,0.492438,0.05,0.95,0.124058,0.127408
7006,24,0.356909,0.009986,0.009986,0.131369,0.49175,0.05,0.95,0.097608,0.10056
7007,26,0.35753,0.00999,0.00999,0.131236,0.491254,0.05,0.95,0.105602,0.107326
7008,26,0.357386,0.010002,0.010002,0.131262,0.491349,0.05,0.95,0.128137,0.131221
7009,26,0.357364,0.01,0.010043,0.131258,0.491335,0.05,0.95,0.119074,0.120354
7010,32,0.357388,0.009993,0.009993,0.131165,0.49146,0.050803,0.949197,0.106113,0.101931
7011,26,0.357176,0.01,0.01,0.131165,0.491659,0.050271,0.949729,0.120694,0.123233
7012,24,0.357623,0.009993,0.009993,0.131074,0.491316,0.051371,0.948629,0.102572,0.096792
7013,26,0.35728,0.010515,0.010041,0.131026,0.491138,0.050866,0.949134,0.128004,0.130421
7014,30,0.357162,0.010227,0.010007,0.131119,0.491485,0.050545,0.949455,0.129738,0.131212
7015,24,0.358251,0.009987,0.009987,0.130945,0.490831,0.050771,0.949229,0.094371,0.092996
7016,24,0.358321,0.009995,0.009995,0.130881,0.490807,0.050389,0.949611,0.110747,0.112481
7017,38,0.358282,0.009995,0.009995,0.130813,0.490916,0.05071,0.94929,0.111765,0.10994
7018,32,0.358457,0.009997,0.009997,0.130775,0.490774,0.051061,0.948939,0.117357,0.115398
7019,36,0.358317,0.01,0.010111,0.13078,0.490793,0.050991,0.949009,0.130365,0.130552
7020,32,0.358408,0.01,0.01,0.130784,0.490807,0.051737,0.948263,0.110084,0.106097
7021,32,0.358677,0.009993,0.009993,0.130693,0.490643,0.052149,0.947851,0.108612,0.106294
7022,24,0.358362,0.010857,0.009991,0.130578,0.490212,0.051515,0.948485,0.12979,0.13289
7023,32,0.35843,0.010527,0.010004,0.13063,0.490408,0.051464,0.948536,0.121702,0.121773
7024,32,0.358446,0.009999,0.009999,0.130612,0.490945,0.051283,0.948717,0.111108,0.111859
7025,36,0.358179,0.009997,0.01019,0.13057,0.491064,0.051612,0.948388,0.122197,0.120327
7026,24,0.357872,0.010004,0.010004,0.130627,0.491492,0.051156,0.948844,0.130302,0.132457
7027,26,0.358339,0.009993,0.009993,0.130534,0.491141,0.051198,0.948802,0.104108,0.103707
7028,24,0.357884,0.01,0.01,0.130537,0.491579,0.051117,0.948883,0.126262,0.126471
7029,34,0.357791,0.010001,0.010001,0.130556,0.491651,0.051356,0.948644,0.115983,0.114589
7030,24,0.357495,0.010005,0.010005,0.130617,0.491879,0.051023,0.948977,0.134289,0.135788
7031,24,0.35766,0.009994,0.009994,0.130541,0.49181,0.05169,0.94831,0.113336,0.109729
7032,24,0.357521,0.010374,0.009996,0.13049,0.491618,0.050957,0.949043,0.121572,0.125147
7033,30,0.358097,0.009997,0.009997,0.130449,0.491461,0.05102,0.94898,0.096061,0.095497
7034,26,0.357958,0.010002,0.010002,0.130476,0.491562,0.050708,0.949292,0.122532,0.123961
7035,24,0.358412,0.009993,0.009993,0.130384,0.491218,0.050495,0.949505,0.110372,0.111236
7036,24,0.358726,0.009995,0.009995,0.130317,0.490967,0.050733,0.949267,0.111599,0.110179
7037,30,0.358913,0.009997,0.009997,0.130277,0.490816,0.050436,0.949564,0.116255,0.117583
7038,32,0.359041,0.009998,0.009998,0.13025,0.490713,0.050656,0.949344,0.123146,0.121876
7039,24,0.359641,0.009991,0.009991,0.130127,0.490251,0.05025,0.94975,0.101792,0.103614
7040,24,0.359568,0.010178,0.010061,0.130089,0.490104,0.050177,0.949823,0.124157,0.124294
7041,24,0.35975,0.009998,0.009998,0.130057,0.490198,0.050363,0.949637,0.114856,0.113764
7042,26,0.359749,0.01,0.01,0.130056,0.490195,0.05,0.95,0.126137,0.12837
7043,32,0.359927,0.009997,0.009997,0.13002,0.490059,0.05,0.95,0.117468,0.117704
7044,24,0.359475,0.01,0.01,0.130024,0.490501,0.05,0.95,0.126282,0.129948
7045,26,0.359338,0.010002,0.010002,0.130051,0.490606,0.05,0.95,0.128229,0.131267
7046,26,0.359203,0.010002,0.010002,0.13008,0.490713,0.05,0.95,0.128099,0.128298
7047,32,0.359125,0.009996,0.009996,0.130034,0.490849,0.050112,0.949888,0.117244,0.116501
7048,24,0.358969,0.009996,0.009996,0.129977,0.491063,0.05,0.95,0.113707,0.117247
7049,30,0.359613,0.00999,0.00999,0.129845,0.490562,0.050024,0.949976,0.095027,0.094678
7050,26,0.359182,0.010006,0.010006,0.129928,0.490877,0.05,0.95,0.128591,0.131
7051,24,0.359541,0.009995,0.009995,0.129858,0.490612,0.05,0.95,0.111391,0.114716
7052,36,0.359762,0.009994,0.009994,0.129781,0.490468,0.050134,0.949866,0.106268,0.105364
7053,26,0.360021,0.009996,0.009996,0.129726,0.490261,0.050333,0.949667,0.112552,0.111336
7054,24,0.360018,0.01,0.01,0.129725,0.490257,0.05,0.95,0.121728,0.123366
7055,38,0.359828,0.009999,0.009999,0.129708,0.490467,0.05,0.95,0.121734,0.122662
7056,32,0.359827,0.01,0.01,0.129707,0.490466,0.050397,0.949603,0.12058,0.118413
7057,26,0.35969,0.010002,0.010002,0.129735,0.49057,0.05,0.95,0.128109,0.130448
7058,26,0.359484,0.01,0.01,0.129738,0.490778,0.05,0.95,0.124467,0.126411
7059,26,0.359356,0.010161,0.009999,0.129731,0.490753,0.05,0.95,0.12351,0.127737
7060,24,0.359493,0.009997,0.009997,0.129693,0.490821,0.05,0.95,0.110818,0.112115
7061,30,0.359505,0.01,0.01,0.129689,0.490807,0.05,0.95,0.116158,0.118222
7062,30,0.359402,0.010002,0.010002,0.129709,0.490885,0.050525,0.949475,0.121829,0.119013
7063,36,0.359363,0.009996,0.009996,0.129662,0.490982,0.050999,0.949001,0.104337,0.101739
7064,24,0.359598,0.009996,0.009996,0.129613,0.490796,0.05167,0.94833,0.117331,0.11369
7065,32,0.359547,0.010001,0.010001,0.129622,0.490829,0.051612,0.948388,0.121676,0.121766
7066,32,0.35999,0.009993,0.009993,0.129533,0.490491,0.052026,0.947974,0.102946,0.100567
7067,36,0.360202,0.009994,0.009994,0.129457,0.490352,0.052147,0.947853,0.105971,0.10506
7068,30,0.360743,0.009991,0.009991,0.129346,0.489928,0.052976,0.947024,0.10587,0.101347
7069,32,0.360915,0.009997,0.009997,0.129307,0.489784,0.053026,0.946974,0.108111,0.107657
7070,30,0.361352,0.009993,0.009993,0.129218,0.489444,0.052812,0.947188,0.102658,0.103519
7071,32,0.361737,0.009994,0.009994,0.129137,0.489139,0.053231,0.946769,0.103379,0.100926
7072,24,0.362107,0.009994,0.009994,0.12906,0.488845,0.053107,0.946893,0.113755,0.114216
7073,28,0.362226,0.009995,0.009995,0.128996,0.488788,0.053229,0.946771,0.108578,0.107744
7074,26,0.362331,0.009998,0.009998,0.128973,0.488699,0.053263,0.946737,0.114638,0.114269
7075,26,0.362544,0.009997,0.009997,0.128929,0.488533,0.052743,0.947257,0.113697,0.116236
7076,24,0.362664,0.009992,0.010402,0.12882,0.488122,0.051971,0.948029,0.112912,0.116735
7077,24,0.362743,0.010005,0.010005,0.128884,0.488363,0.05118,0.94882,0.131455,0.135358
7078,32,0.362699,0.010001,0.010001,0.128895,0.488405,0.051845,0.948155,0.117024,0.113436
7079,26,0.363013,0.009995,0.009995,0.128832,0.488165,0.051851,0.948149,0.114322,0.114094
7080,24,0.362714,0.010005,0.010005,0.12889,0.488387,0.051182,0.948818,0.134371,0.137661
7081,24,0.36205,0.010441,0.010575,0.128819,0.488115,0.051005,0.948995,0.134208,0.134925
7082,24,0.362368,0.010008,0.010205,0.12892,0.488499,0.050696,0.949304,0.12427,0.125613
7083,26,0.362659,0.009999,0.009999,0.128904,0.488439,0.050207,0.949793,0.113681,0.115966
7084,32,0.362724,0.009996,0.009996,0.128855,0.488429,0.050413,0.949587,0.119875,0.118668
7085,24,0.362847,0.00999,0.010514,0.128723,0.487927,0.050093,0.949907,0.119695,0.121086
7086,32,0.3627,0.010006,0.010006,0.128794,0.488495,0.05,0.95,0.123669,0.124314
7087,24,0.363178,0.009989,0.009989,0.128656,0.488187,0.050364,0.949636,0.103279,0.101266
7088,24,0.362887,0.009999,0.010348,0.12864,0.488127,0.05,0.95,0.130695,0.134344
7089,36,0.363093,0.009998,0.009998,0.128615,0.488296,0.050027,0.949973,0.103803,0.103448
7090,24,0.362719,0.010002,0.010002,0.128647,0.488629,0.05,0.95,0.130364,0.132212
7091,24,0.362816,0.009995,0.009995,0.128585,0.488609,0.050371,0.949629,0.11475,0.112725
7092,26,0.362812,0.01,0.01,0.128584,0.488604,0.050447,0.949553,0.116543,0.115986
7093,32,0.362779,0.009998,0.009998,0.128555,0.488671,0.050666,0.949334,0.113865,0.112594
7094,36,0.362943,0.009994,0.010072,0.128476,0.488515,0.051028,0.948972,0.112985,0.110942
7095,28,0.363031,0.009997,0.010136,0.128443,0.488392,0.050543,0.949457,0.117336,0.119617
7096,30,0.36289,0.009988,0.01103,0.128288,0.487804,0.051383,0.948617,0.115947,0.111528
7097,30,0.362512,0.010366,0.011042,0.128286,0.487794,0.051156,0.948844,0.139623,0.140585
7098,24,0.363134,0.010008,0.010093,0.128384,0.488381,0.050331,0.949669,0.116772,0.12076
7099,32,0.363324,0.009999,0.009999,0.128366,0.488313,0.050131,0.949869,0.109511,0.110344
7100,24,0.363343,0.01,0.01,0.128362,0.488296,0.05,0.95,0.124203,0.12751
7101,30,0.363453,0.009998,0.009998,0.128339,0.488211,0.05036,0.94964,0.116726,0.114695
7102,30,0.363198,0.010003,0.010055,0.12838,0.488365,0.05082,0.94918,0.1297,0.127182
7103,32,0.362938,0.010002,0.010002,0.128411,0.488647,0.050701,0.949299,0.137258,0.137688
7104,24,0.362567,0.010003,0.010003,0.128443,0.488985,0.05,0.95,0.122119,0.1256
7105,30,0.362265,0.010002,0.010002,0.128467,0.489264,0.05,0.95,0.119736,0.120379
7106,24,0.362404,0.009998,0.009998,0.12844,0.48916,0.051199,0.948801,0.111814,0.105573
7107,30,0.362524,0.009995,0.009995,0.128377,0.489109,0.051611,0.948389,0.106098,0.103782
7108,30,0.362562,0.009996,0.009996,0.12833,0.489115,0.052513,0.947487,0.113237,0.108366
7109,30,0.363102,0.009991,0.009991,0.128219,0.488695,0.05329,0.94671,0.105795,0.101504
7110,32,0.362875,0.010003,0.010003,0.128262,0.488857,0.053136,0.946864,0.125513,0.126149
7111,36,0.362641,0.01,0.01,0.128257,0.489103,0.053247,0.946753,0.117879,0.117093
7112,24,0.362577,0.010001,0.010001,0.12827,0.489152,0.052855,0.947145,0.125267,0.12716
7113,24,0.361905,0.011005,0.010024,0.128196,0.48887,0.052523,0.947477,0.134178,0.135721
7114,24,0.362275,0.010662,0.01,0.128195,0.488868,0.052452,0.947548,0.117266,0.117423
7115,36,0.362439,0.010006,0.010006,0.128266,0.489284,0.052334,0.947666,0.128254,0.128642
7116,32,0.362395,0.010001,0.010001,0.128277,0.489326,0.052398,0.947602,0.12169,0.121152
7117,24,0.362101,0.010005,0.010005,0.128337,0.489554,0.051772,0.948228,0.128132,0.131226
7118,26,0.361943,0.010003,0.010003,0.12837,0.489681,0.050998,0.949002,0.124496,0.128305
7119,24,0.362388,0.009993,0.009993,0.128282,0.489344,0.052095,0.947905,0.102463,0.096599
7120,24,0.362088,0.010004,0.010004,0.128339,0.489564,0.051716,0.948284,0.134391,0.136174
7121,24,0.361655,0.010004,0.010004,0.128385,0.489953,0.051293,0.948707,0.125533,0.127534
7122,24,0.361679,0.01,0.01,0.128382,0.48994,0.050655,0.949345,0.124221,0.127284
7123,30,0.36138,0.010002,0.010002,0.128407,0.490208,0.050875,0.949125,0.12661,0.125291
7124,24,0.361757,0.009994,0.009994,0.128332,0.489923,0.050848,0.949152,0.113749,0.113684
7125,24,0.361457,0.010005,0.010005,0.12839,0.490144,0.050573,0.949427,0.1282,0.129429
7126,24,0.361071,0.010047,0.010002,0.128418,0.490462,0.050244,0.949756,0.130243,0.131703
7127,26,0.361089,0.01,0.01,0.128424,0.490486,0.05,0.95,0.126137,0.128029
7128,30,0.361012,0.009998,0.009998,0.128402,0.490589,0.05,0.95,0.116795,0.118706
7129,26,0.361291,0.009992,0.009992,0.128305,0.490418,0.05,0.95,0.108043,0.110695
7130,24,0.360913,0.010002,0.010002,0.128335,0.490747,0.05,0.95,0.122109,0.123664
7131,32,0.360843,0.010001,0.010001,0.12835,0.490804,0.050247,0.949753,0.110959,0.109541
7132,24,0.360548,0.010005,0.010005,0.12841,0.491033,0.05,0.95,0.128136,0.131253
7133,24,0.360528,0.010125,0.009998,0.128391,0.490958,0.05,0.95,0.124146,0.125752
7134,32,0.360572,0.010001,0.010001,0.128407,0.491019,0.05,0.95,0.125187,0.125618
7135,30,0.360573,0.01,0.01,0.128407,0.49102,0.05,0.95,0.119602,0.120011
7136,36,0.360404,0.01,0.010194,0.128402,0.491,0.050678,0.949322,0.123473,0.11989
7137,36,0.360777,0.009995,0.009995,0.128336,0.490896,0.05132,0.94868,0.096574,0.093093
7138,24,0.36105,0.009992,0.009992,0.128237,0.490729,0.051147,0.948853,0.107336,0.108003
7139,30,0.361064,0.009994,0.009994,0.128165,0.490783,0.051319,0.948681,0.106611,0.105522
7140,32,0.361692,0.00999,0.00999,0.128036,0.490292,0.051746,0.948254,0.096873,0.094445
7141,36,0.36149,0.009999,0.009999,0.12802,0.490493,0.051626,0.948374,0.120361,0.120793
7142,30,0.361576,0.009999,0.009999,0.128002,0.490424,0.05179,0.94821,0.128358,0.127305
7143,30,0.361277,0.010002,0.010002,0.128027,0.490692,0.051717,0.948283,0.12659,0.126777
7144,26,0.361083,0.010003,0.010003,0.128067,0.490844,0.05126,0.94874,0.129459,0.131659
7145,36,0.360891,0.009999,0.009999,0.128053,0.491057,0.05126,0.94874,0.117642,0.11745
7146,24,0.360835,0.009997,0.009997,0.128021,0.491148,0.050541,0.949459,0.120188,0.123636
7147,26,0.360697,0.010002,0.010002,0.128048,0.491251,0.050419,0.949581,0.128205,0.12866
7148,24,0.360935,0.009996,0.009996,0.128001,0.491071,0.05038,0.94962,0.117375,0.11739
7149,30,0.360634,0.010002,0.010002,0.128026,0.491336,0.05,0.95,0.126608,0.128816
7150,30,0.360911,0.009996,0.009996,0.127971,0.491127,0.050636,0.949364,0.113339,0.109974
7151,26,0.360655,0.010272,0.010046,0.127956,0.49107,0.050154,0.949846,0.128032,0.130302
7152,26,0.361396,0.009993,0.009993,0.127872,0.490746,0.05,0.95,0.105524,0.108097
7153,26,0.361183,0.01,0.01,0.127872,0.490944,0.05,0.95,0.124375,0.124187
7154,24,0.3615,0.009995,0.009995,0.127809,0.490701,0.05,0.95,0.119877,0.121489
7155,32,0.361476,0.009997,0.009997,0.127776,0.490753,0.050023,0.949977,0.112717,0.112406
7156,26,0.361845,0.009994,0.009994,0.127702,0.490465,0.050069,0.949931,0.104802,0.10438
7157,32,0.36197,0.009998,0.009998,0.127674,0.49036,0.050582,0.949418,0.123143,0.120403
7158,30,0.362133,0.009997,0.009997,0.127641,0.490232,0.050789,0.949211,0.109694,0.108445
7159,24,0.361595,0.010638,0.010024,0.127614,0.49013,0.05,0.95,0.134202,0.13836
7160,32,0.361698,0.010004,0.010004,0.127664,0.49063,0.05,0.95,0.116279,0.116413
7161,36,0.361546,0.01,0.01,0.127665,0.490789,0.050254,0.949746,0.123289,0.12183
7162,24,0.361421,0.010128,0.010269,0.127609,0.490574,0.05,0.95,0.124117,0.125462
7163,32,0.361736,0.010001,0.010017,0.127622,0.490624,0.050367,0.949633,0.117332,0.115328
7164,26,0.361663,0.009998,0.009998,0.127601,0.49074,0.05,0.95,0.121181,0.12316
7165,26,0.36159,0.010001,0.010001,0.127614,0.490793,0.05,0.95,0.123647,0.125302
7166,26,0.361629,0.009996,0.009996,0.127568,0.490811,0.050201,0.949799,0.110893,0.109719
7167,24,0.361626,0.01,0.01,0.127567,0.490807,0.051448,0.948552,0.113437,0.106912
7168,32,0.362207,0.009991,0.009991,0.127451,0.49036,0.051267,0.948733,0.092015,0.092742
7169,32,0.362153,0.010001,0.010001,0.127458,0.490388,0.051594,0.948406,0.126264,0.124395
7170,26,0.361717,0.010043,0.010006,0.127538,0.490696,0.050689,0.949311,0.134257,0.138729
7171,30,0.361709,0.009998,0.009998,0.127512,0.490784,0.050895,0.949105,0.116594,0.115363
7172,32,0.362186,0.009992,0.009992,0.127416,0.490413,0.051774,0.948226,0.101485,0.096819
7173,24,0.361885,0.010004,0.010004,0.127473,0.490633,0.05113,0.94887,0.128244,0.13139
7174,24,0.361593,0.010005,0.010005,0.127533,0.490865,0.05081,0.94919,0.128218,0.129685
7175,24,0.361224,0.010003,0.010003,0.127566,0.491205,0.050331,0.949669,0.130355,0.132607
7176,30,0.361363,0.009998,0.009998,0.127539,0.491102,0.050481,0.949519,0.107919,0.106952
7177,32,0.361361,0.01,0.01,0.127539,0.4911,0.050496,0.949504,0.10993,0.109686
7178,32,0.361413,0.009999,0.009999,0.127528,0.49106,0.051027,0.948973,0.11011,0.107249
7179,24,0.361117,0.010005,0.010005,0.127587,0.491287,0.050364,0.949636,0.128138,0.131314
7180,24,0.361357,0.009996,0.009996,0.127541,0.491109,0.050272,0.949728,0.117436,0.117703
7181,32,0.36152,0.009995,0.009995,0.127472,0.491019,0.051251,0.948749,0.103489,0.098383
7182,26,0.361309,0.01,0.01,0.127472,0.491219,0.050928,0.949072,0.118818,0.120304
7183,32,0.361261,0.010001,0.010001,0.127482,0.491256,0.051177,0.948823,0.110902,0.109452
7184,30,0.361261,0.01,0.01,0.127482,0.491257,0.051245,0.948755,0.119747,0.119179
7185,30,0.36105,0.010221,0.01001,0.127478,0.491241,0.051262,0.948738,0.131752,0.131469
7186,24,0.361133,0.010002,0.010002,0.127508,0.491354,0.050702,0.949298,0.129958,0.132646
7187,24,0.361688,0.009991,0.009991,0.127398,0.490931,0.050648,0.949352,0.107238,0.107257
7188,32,0.361401,0.010002,0.010002,0.127419,0.491177,0.050553,0.949447,0.127865,0.128152
7189,24,0.361009,0.01006,0.010002,0.127443,0.491486,0.05,0.95,0.130269,0.133602
7190,24,0.361722,0.00999,0.00999,0.127313,0.490985,0.05,0.95,0.103639,0.103761
7191,24,0.36103,0.010886,0.010179,0.127233,0.490672,0.05,0.95,0.13417,0.135472
7192,24,0.361437,0.01001,0.01001,0.127364,0.491179,0.05,0.95,0.116029,0.118778
7193,26,0.361444,0.01,0.01,0.127367,0.491189,0.05,0.95,0.126078,0.129562
7194,26,0.361758,0.009995,0.009995,0.127304,0.490948,0.050216,0.949784,0.114401,0.113166
7195,36,0.361602,0.009996,0.009996,0.127249,0.491157,0.050325,0.949675,0.111975,0.111246
7196,26,0.361391,0.01,0.01,0.12725,0.491358,0.05,0.95,0.124436,0.127443
7197,32,0.361344,0.010001,0.010001,0.12726,0.491395,0.05042,0.94958,0.117066,0.11478
7198,26,0.361559,0.009997,0.009997,0.127217,0.491231,0.05,0.95,0.117463,0.120797
7199,24,0.361633,0.009995,0.009995,0.127158,0.491218,0.05,0.95,0.110759,0.112561
7200,26,0.361558,0.009998,0.009998,0.127132,0.491314,0.05,0.95,0.116684,0.117513
7201,34,0.361902,0.009995,0.009995,0.127063,0.491046,0.051014,0.948986,0.097626,0.092358
7202,32,0.361818,0.009998,0.009998,0.127042,0.491143,0.05106,0.94894,0.123207,0.122775
7203,30,0.361614,0.01,0.01,0.127048,0.491337,0.050654,0.949346,0.117084,0.118913
7204,24,0.361537,0.009998,0.009998,0.127021,0.491446,0.05149,0.94851,0.117665,0.113173
7205,26,0.361455,0.009998,0.009998,0.126997,0.491551,0.051356,0.948644,0.121189,0.121699
7206,30,0.362402,0.009985,0.009985,0.126808,0.490819,0.051541,0.948459,0.085713,0.084511
7207,30,0.362367,0.01,0.01,0.126809,0.490823,0.051501,0.948499,0.12346,0.123437
7208,24,0.362443,0.009988,0.01065,0.126663,0.490256,0.051194,0.948806,0.119732,0.121065
7209,24,0.36216,0.010008,0.010008,0.126761,0.491063,0.050663,0.949337,0.119549,0.122092
7210,30,0.362064,0.010002,0.010002,0.126783,0.49115,0.051402,0.948598,0.115446,0.111492
7211,36,0.361893,0.01,0.01,0.126789,0.491318,0.051657,0.948343,0.128498,0.126999
7212,24,0.361893,0.01,0.01,0.126789,0.491318,0.051181,0.948819,0.129989,0.132258
7213,24,0.361893,0.01,0.01,0.126789,0.491318,0.050604,0.949396,0.129961,0.132738
7214,26,0.362294,0.009993,0.010015,0.126705,0.490992,0.050367,0.949633,0.114059,0.115071
7215,26,0.362161,0.010002,0.010002,0.126733,0.491101,0.050045,0.949955,0.122459,0.123913
7216,26,0.361896,0.010001,0.010001,0.126747,0.491354,0.05,0.95,0.125766,0.128314
7217,36,0.362051,0.009995,0.009995,0.126688,0.49127,0.050336,0.949664,0.112501,0.110628
7218,32,0.362076,0.009999,0.009999,0.126681,0.491244,0.050966,0.949034,0.110153,0.106809
7219,32,0.362655,0.009991,0.009991,0.126566,0.490798,0.050967,0.949033,0.090705,0.090463
7220,26,0.362512,0.010002,0.010002,0.126591,0.490894,0.050674,0.949326,0.122447,0.123772
7221,24,0.36245,0.010001,0.010001,0.126604,0.490945,0.050215,0.949785,0.125133,0.127263
7222,24,0.362442,0.009997,0.009997,0.126563,0.491001,0.050064,0.949936,0.11793,0.118517
7223,34,0.362346,0.010001,0.010001,0.126581,0.49107,0.050374,0.949626,0.124511,0.122783
7224,26,0.362211,0.010002,0.010002,0.126608,0.491176,0.05,0.95,0.128163,0.131421
7225,24,0.362213,0.01,0.01,0.126609,0.491178,0.050895,0.949105,0.121717,0.116986
7226,32,0.362585,0.009994,0.009994,0.126535,0.490891,0.051366,0.948634,0.094657,0.092051
7227,24,0.36244,0.009999,0.009999,0.126519,0.491044,0.050606,0.949394,0.127416,0.131117
7228,26,0.362231,0.01,0.01,0.126521,0.491248,0.05019,0.94981,0.124502,0.126437
7229,30,0.362495,0.009993,0.009993,0.126435,0.491084,0.05072,0.94928,0.101164,0.098289
7230,32,0.362643,0.009997,0.009997,0.126403,0.49096,0.051162,0.948838,0.115171,0.112747
7231,24,0.362795,0.009998,0.009998,0.126371,0.490839,0.050645,0.949355,0.114777,0.11718
7232,26,0.362627,0.010379,0.01007,0.126313,0.490611,0.050614,0.949386,0.126001,0.125981
7233,24,0.362495,0.010009,0.010009,0.126428,0.491059,0.050192,0.949808,0.1281,0.130053
7234,24,0.362143,0.010177,0.010003,0.126467,0.49121,0.05,0.95,0.134276,0.137036
7235,32,0.362062,0.010004,0.010004,0.126519,0.491411,0.050172,0.949828,0.115657,0.11462
7236,24,0.361937,0.010002,0.010002,0.126545,0.491514,0.05,0.95,0.126636,0.129718
7237,32,0.36189,0.010001,0.010001,0.126555,0.491553,0.05025,0.94975,0.126285,0.124838
7238,36,0.361779,0.010002,0.010002,0.126578,0.49164,0.050235,0.949765,0.109888,0.109745
7239,24,0.362017,0.009996,0.009996,0.126531,0.491459,0.051302,0.948698,0.109081,0.103504
7240,32,0.361903,0.009999,0.009999,0.126518,0.491582,0.051769,0.948231,0.123149,0.120575
7241,32,0.36229,0.009994,0.009994,0.12644,0.491282,0.05199,0.94801,0.097774,0.096371
7242,36,0.362369,0.009999,0.009999,0.126422,0.491211,0.052011,0.947989,0.11262,0.11227
7243,30,0.362357,0.01,0.01,0.126424,0.491219,0.052662,0.947338,0.121691,0.118091
7244,30,0.362059,0.010002,0.010002,0.126449,0.491488,0.052625,0.947375,0.12647,0.12647
7245,24,0.361792,0.009992,0.010791,0.126345,0.491081,0.052487,0.947513,0.12407,0.124583
7246,36,0.361865,0.010006,0.010169,0.126424,0.491536,0.05245,0.94755,0.124222,0.124204
7247,32,0.361881,0.010002,0.010002,0.126456,0.491658,0.051656,0.948344,0.129392,0.133358
7248,30,0.362115,0.009993,0.009993,0.126373,0.491525,0.05253,0.94747,0.10971,0.104985
7249,26,0.362371,0.009996,0.009996,0.12632,0.491317,0.052414,0.947586,0.116368,0.116764
7250,24,0.362073,0.010005,0.010005,0.126377,0.491541,0.051786,0.948214,0.128148,0.131244
7251,24,0.362342,0.009991,0.01029,0.126266,0.49111,0.052496,0.947504,0.113548,0.109636
7252,24,0.36276,0.009998,0.009998,0.126239,0.491005,0.052001,0.947999,0.111646,0.114003
7253,30,0.362657,0.010002,0.010002,0.126259,0.491081,0.052752,0.947248,0.122016,0.117883
7254,30,0.362847,0.009997,0.009997,0.126222,0.490937,0.053503,0.946497,0.109582,0.105413
7255,24,0.36255,0.010005,0.010005,0.12628,0.491162,0.052937,0.947063,0.128236,0.131077
7256,30,0.362427,0.010002,0.010002,0.126306,0.491263,0.05268,0.94732,0.126794,0.127941
7257,26,0.36305,0.00999,0.00999,0.126183,0.490786,0.05234,0.94766,0.101639,0.103203
7258,26,0.362972,0.009998,0.009998,0.126156,0.490877,0.051749,0.948251,0.122495,0.125418
7259,26,0.36297,0.01,0.01,0.126155,0.490875,0.051537,0.948463,0.120313,0.121225
7260,32,0.363099,0.009998,0.009998,0.12613,0.490775,0.051973,0.948027,0.118527,0.116093
7261,24,0.362725,0.010002,0.010002,0.12616,0.491109,0.051639,0.948361,0.124195,0.125751
7262,32,0.362727,0.01,0.01,0.126161,0.491112,0.051777,0.948223,0.120567,0.119662
7263,24,0.362881,0.009998,0.009998,0.126131,0.490994,0.05108,0.94892,0.114777,0.118133
7264,30,0.36287,0.009995,0.009995,0.126067,0.491074,0.05189,0.94811,0.106985,0.102637
7265,24,0.362866,0.01,0.01,0.126065,0.491069,0.0528,0.9472,0.121685,0.11669
7266,24,0.362533,0.009991,0.010907,0.12595,0.490619,0.053679,0.946321,0.121549,0.116683
7267,30,0.362499,0.010009,0.01035,0.126067,0.491074,0.054217,0.945783,0.123205,0.120086
7268,26,0.362434,0.010007,0.010007,0.126151,0.491402,0.053822,0.946178,0.129472,0.131432
7269,32,0.362387,0.010001,0.010014,0.12616,0.491439,0.053908,0.946092,0.126309,0.125631
7270,26,0.362501,0.009998,0.009998,0.12614,0.491362,0.053971,0.946029,0.114635,0.114106
7271,26,0.362609,0.009998,0.009998,0.126119,0.491276,0.054034,0.945966,0.114555,0.114019
7272,24,0.362312,0.010005,0.010005,0.126176,0.491502,0.053686,0.946314,0.128218,0.12991
7273,24,0.362238,0.009988,0.010853,0.126022,0.490899,0.054468,0.945532,0.117188,0.112771
7274,32,0.362939,0.009997,0.01034,0.125982,0.490743,0.054282,0.945718,0.09288,0.093643
7275,26,0.363061,0.010003,0.010003,0.126024,0.490908,0.053628,0.946372,0.120345,0.123658
7276,24,0.362917,0.010185,0.009996,0.125974,0.490928,0.053249,0.946751,0.125845,0.12765
7277,32,0.36299,0.010002,0.010002,0.125996,0.491011,0.053443,0.946557,0.112452,0.111217
7278,24,0.362618,0.010003,0.010003,0.126027,0.491349,0.052687,0.947313,0.130343,0.134169
7279,24,0.362774,0.009998,0.009998,0.125998,0.491233,0.051965,0.948035,0.114704,0.118229
7280,24,0.362772,0.01,0.01,0.125997,0.491231,0.051365,0.948635,0.121665,0.124587
7281,32,0.362724,0.010001,0.010001,0.126007,0.491268,0.051581,0.948419,0.117098,0.115799
7282,24,0.362084,0.010947,0.009995,0.125945,0.491028,0.051081,0.948919,0.134188,0.13654
7283,24,0.362147,0.010558,0.010002,0.125967,0.491326,0.050688,0.949312,0.119663,0.121454
7284,24,0.361777,0.010769,0.010003,0.125999,0.491453,0.05029,0.94971,0.12801,0.129837
7285,36,0.3615,0.010562,0.010696,0.125956,0.491286,0.050587,0.949413,0.1303,0.128643
7286,26,0.36217,0.010009,0.010009,0.126073,0.491739,0.050187,0.949813,0.117583,0.119417
7287,30,0.362262,0.009999,0.009999,0.126058,0.491682,0.050529,0.949471,0.116878,0.114972
7288,24,0.361888,0.010002,0.010002,0.126089,0.492018,0.05,0.95,0.124184,0.127491
7289,26,0.362138,0.009996,0.009996,0.126041,0.491829,0.05,0.95,0.109575,0.110216
7290,32,0.362166,0.009999,0.009999,0.126034,0.491801,0.05,0.95,0.126351,0.126975
7291,24,0.362154,0.01,0.01,0.126036,0.49181,0.05,0.95,0.123613,0.126534
7292,24,0.362212,0.009999,0.009999,0.126025,0.491765,0.05,0.95,0.115624,0.117351
7293,30,0.361743,0.009999,0.009999,0.126018,0.49224,0.05,0.95,0.110382,0.111356
7294,26,0.361248,0.010005,0.010005,0.126076,0.492666,0.05,0.95,0.124815,0.126701
7295,26,0.361044,0.01,0.01,0.12608,0.492876,0.05,0.95,0.124433,0.127558
7296,32,0.361212,0.009997,0.009997,0.126047,0.492747,0.050243,0.949757,0.098855,0.097422
7297,24,0.36085,0.010006,0.010006,0.126117,0.493022,0.05,0.95,0.129585,0.131141
7298,32,0.360997,0.009996,0.010093,0.126071,0.492842,0.050023,0.949977,0.109305,0.10902
7299,24,0.361267,0.009997,0.009997,0.126035,0.492704,0.050854,0.949146,0.117332,0.112922
7300,24,0.361645,0.009994,0.009994,0.12596,0.492408,0.050795,0.949205,0.112237,0.112316
7301,24,0.361279,0.010185,0.010003,0.125994,0.49254,0.050504,0.949496,0.128015,0.129305
7302,24,0.360654,0.010516,0.010574,0.125937,0.492318,0.050328,0.949672,0.134206,0.134914
7303,26,0.361509,0.010004,0.010004,0.125983,0.4925,0.050579,0.949421,0.103996,0.10254
7304,30,0.361444,0.009998,0.009998,0.125961,0.492599,0.050133,0.949867,0.12277,0.124784
7305,32,0.361162,0.010002,0.010002,0.125983,0.492851,0.050602,0.949398,0.121774,0.119237
7306,32,0.361293,0.009998,0.009998,0.125958,0.492753,0.05138,0.94862,0.107735,0.103603
7307,24,0.361518,0.009996,0.010023,0.125908,0.492555,0.051496,0.948504,0.11727,0.116471
7308,36,0.360896,0.010539,0.010903,0.125744,0.491918,0.051823,0.948177,0.13018,0.128311
7309,32,0.360511,0.010834,0.01076,0.125731,0.492164,0.05171,0.94829,0.132781,0.133171
7310,32,0.361075,0.010013,0.010013,0.1259,0.492999,0.052725,0.947275,0.106804,0.101356
7311,26,0.360948,0.010002,0.010002,0.12593,0.493117,0.052585,0.947415,0.122419,0.122977
7312,26,0.361199,0.009996,0.009996,0.125881,0.492927,0.052475,0.947525,0.109678,0.110061
7313,30,0.361241,0.009996,0.010178,0.125836,0.492749,0.0525,0.9475,0.133231,0.132885
7314,26,0.361168,0.010004,0.010004,0.125885,0.49294,0.052003,0.947997,0.124346,0.126776
7315,24,0.360798,0.010003,0.010003,0.125917,0.49328,0.051591,0.948409,0.130248,0.132184
7316,32,0.360794,0.01,0.01,0.125919,0.493287,0.052036,0.947964,0.11695,0.114458
7317,30,0.360724,0.010365,0.010336,0.125791,0.492785,0.052276,0.947724,0.125877,0.124425
7318,26,0.361513,0.009999,0.009999,0.125773,0.492717,0.051622,0.948378,0.10639,0.109579
7319,26,0.361512,0.01,0.01,0.125773,0.492716,0.051786,0.948214,0.122423,0.121392
7320,24,0.361206,0.010004,0.010033,0.125827,0.49293,0.051315,0.948685,0.12598,0.12822
7321,32,0.361072,0.010003,0.010003,0.125861,0.493061,0.051696,0.948304,0.115795,0.113658
7322,24,0.361074,0.01,0.01,0.125862,0.493064,0.051567,0.948433,0.129946,0.130432
7323,30,0.361252,0.009997,0.010029,0.12582,0.492902,0.052107,0.947893,0.116027,0.113067
7324,24,0.360824,0.010004,0.010004,0.125868,0.493301,0.051784,0.948216,0.125614,0.1271
7325,24,0.360531,0.010005,0.010005,0.125927,0.493533,0.05151,0.94849,0.134332,0.135541
7326,32,0.360651,0.009998,0.009998,0.125905,0.493448,0.051677,0.948323,0.114954,0.113852
7327,24,0.360522,0.010002,0.010002,0.12593,0.493545,0.051036,0.948964,0.126623,0.129728
7328,24,0.360523,0.01,0.01,0.12593,0.493547,0.050275,0.949725,0.129897,0.133584
7329,24,0.360661,0.009998,0.009998,0.125903,0.49344,0.051356,0.948644,0.111761,0.106093
7330,30,0.36077,0.009998,0.009998,0.125881,0.493352,0.051711,0.948289,0.116656,0.114609
7331,26,0.360346,0.010007,0.010007,0.125964,0.493677,0.050922,0.949078,0.13423,0.138129
7332,24,0.361349,0.009985,0.009985,0.125769,0.492914,0.050826,0.949174,0.094321,0.094546
7333,30,0.361287,0.01,0.01,0.125775,0.492938,0.050931,0.949069,0.11316,0.112399
7334,26,0.361287,0.01,0.01,0.125775,0.492938,0.051032,0.948968,0.116643,0.115955
7335,32,0.361287,0.01,0.01,0.125775,0.492938,0.051251,0.948749,0.11592,0.11459
7336,30,0.361228,0.009996,0.009996,0.125722,0.493059,0.051828,0.948172,0.107145,0.103989
7337,30,0.360926,0.010596,0.010213,0.125617,0.492648,0.051501,0.948499,0.126088,0.127593
7338,24,0.361802,0.009998,0.010038,0.125596,0.492566,0.051121,0.948879,0.101714,0.103431
7339,24,0.361598,0.010001,0.010167,0.125611,0.492624,0.050403,0.949597,0.130655,0.134138
7340,30,0.361777,0.01,0.01,0.125609,0.492615,0.050528,0.949472,0.112813,0.112015
7341,24,0.361481,0.010005,0.010005,0.125667,0.492843,0.05,0.95,0.128145,0.130815
7342,24,0.361485,0.01,0.01,0.125668,0.492847,0.05,0.95,0.129967,0.132547
7343,26,0.361253,0.010001,0.010001,0.125675,0.493071,0.05,0.95,0.111286,0.11338
7344,30,0.361185,0.009998,0.009998,0.125651,0.493167,0.050954,0.949046,0.116179,0.111203
7345,24,0.360824,0.010006,0.010006,0.125721,0.493443,0.050461,0.949539,0.12957,0.131907
7346,24,0.360379,0.01,0.01,0.125727,0.493893,0.05,0.95,0.120146,0.122755
7347,32,0.360355,0.01,0.01,0.125732,0.493912,0.050368,0.949632,0.109818,0.107802
7348,26,0.360571,0.009997,0.009997,0.12569,0.493746,0.05,0.95,0.113782,0.116149
7349,30,0.360758,0.009997,0.009997,0.125652,0.493596,0.050742,0.949258,0.116218,0.112308
7350,26,0.361094,0.009995,0.009995,0.125584,0.493332,0.05041,0.94959,0.108859,0.110353
7351,30,0.36092,0.01,0.01,0.12558,0.493501,0.0509,0.9491,0.118518,0.115834
7352,30,0.36092,0.01,0.01,0.12558,0.4935,0.050879,0.949121,0.119641,0.119573
7353,26,0.360849,0.010001,0.010001,0.125594,0.493555,0.050262,0.949738,0.123609,0.126547
7354,24,0.360477,0.010003,0.010003,0.125625,0.493893,0.05,0.95,0.130324,0.132107
7355,24,0.360119,0.010006,0.010006,0.125696,0.494174,0.05,0.95,0.129563,0.132026
7356,32,0.360064,0.009998,0.009998,0.125677,0.494262,0.05,0.95,0.124711,0.124852
7357,24,0.360062,0.01,0.01,0.125677,0.494261,0.05,0.95,0.123804,0.125491
7358,26,0.359618,0.010377,0.010832,0.125522,0.493651,0.050088,0.949912,0.125963,0.125349
7359,30,0.360244,0.010009,0.010009,0.125636,0.494102,0.050168,0.949832,0.116132,0.115547
7360,24,0.360701,0.009993,0.009993,0.12555,0.493763,0.050103,0.949897,0.110411,0.110534
7361,24,0.360323,0.010002,0.010002,0.12558,0.494093,0.05,0.95,0.122071,0.123981
7362,30,0.360806,0.009993,0.009993,0.125486,0.493723,0.050149,0.949851,0.094839,0.09388
7363,24,0.360505,0.010004,0.010004,0.125542,0.493944,0.05,0.95,0.128113,0.130049
7364,24,0.360431,0.009998,0.009998,0.125516,0.494056,0.05,0.95,0.117713,0.120813
7365,30,0.360597,0.009997,0.009997,0.125483,0.493925,0.050356,0.949644,0.112852,0.110816
7366,32,0.360872,0.009996,0.009996,0.125428,0.493709,0.050116,0.949884,0.118212,0.119234
7367,32,0.360659,0.01,0.01,0.125433,0.493907,0.050212,0.949788,0.110935,0.110251
7368,30,0.360557,0.010002,0.010002,0.125454,0.493986,0.050358,0.949642,0.121885,0.120961
7369,30,0.360998,0.009993,0.009993,0.125368,0.493648,0.050491,0.949509,0.096049,0.0951
7370,24,0.36123,0.009996,0.009996,0.12532,0.493458,0.051676,0.948324,0.111156,0.104918
7371,32,0.361357,0.009998,0.009998,0.125293,0.493354,0.05239,0.94761,0.113881,0.110011
7372,24,0.361672,0.009995,0.009995,0.12523,0.493108,0.05175,0.94825,0.119888,0.123012
7373,32,0.361522,0.010002,0.010002,0.125258,0.493216,0.05224,0.94776,0.12024,0.117503
7374,32,0.36191,0.009994,0.009994,0.125183,0.492919,0.05236,0.94764,0.113601,0.112793
7375,24,0.361917,0.01,0.01,0.125179,0.492905,0.05173,0.94827,0.123009,0.126104
7376,32,0.361636,0.010002,0.010002,0.125202,0.493159,0.05164,0.94836,0.127975,0.128254
7377,24,0.361637,0.01,0.01,0.125202,0.493161,0.051584,0.948416,0.123674,0.123754
7378,30,0.361825,0.009997,0.009997,0.125165,0.493015,0.051813,0.948187,0.115982,0.114567
7379,26,0.361647,0.01041,0.010069,0.125103,0.492771,0.051322,0.948678,0.125996,0.128362
7380,36,0.361413,0.010227,0.010475,0.125076,0.492809,0.051787,0.948213,0.128293,0.125706
7381,24,0.362283,0.009997,0.009997,0.125043,0.492679,0.05216,0.94784,0.105867,0.103745
7382,32,0.36206,0.010003,0.010003,0.125086,0.492848,0.052001,0.947999,0.123976,0.124625
7383,24,0.362299,0.009996,0.009996,0.12504,0.492668,0.053162,0.946838,0.109098,0.102786
7384,36,0.362181,0.010048,0.010001,0.125053,0.492718,0.053301,0.946699,0.122006,0.121073
7385,36,0.362052,0.01,0.01,0.125057,0.492891,0.052788,0.947212,0.119337,0.121876
7386,30,0.362216,0.009997,0.009997,0.125025,0.492764,0.053119,0.946881,0.11633,0.114372
7387,26,0.362078,0.010002,0.010002,0.125051,0.492867,0.052681,0.947319,0.128118,0.130264
7388,32,0.362257,0.009997,0.009997,0.125017,0.492732,0.053047,0.946953,0.106485,0.104371
7389,32,0.361892,0.010225,0.01,0.125011,0.492873,0.053004,0.946996,0.137124,0.137161
7390,24,0.362348,0.009996,0.009996,0.124965,0.492694,0.053173,0.946827,0.113729,0.112647
7391,24,0.362581,0.009996,0.009996,0.124918,0.492508,0.053153,0.946847,0.117425,0.117317
7392,32,0.362298,0.010002,0.010002,0.12494,0.492759,0.053054,0.946946,0.127865,0.128181
7393,36,0.362203,0.009997,0.009997,0.124907,0.492895,0.052839,0.947161,0.123008,0.123924
7394,30,0.36222,0.009997,0.009997,0.124866,0.49292,0.053256,0.946744,0.115046,0.112626
7395,24,0.361859,0.010006,0.010006,0.124936,0.493194,0.052736,0.947264,0.127533,0.130107
7396,24,0.36149,0.010003,0.010003,0.124968,0.493537,0.052209,0.947791,0.124069,0.126656
7397,24,0.361196,0.010005,0.010005,0.125027,0.493768,0.051808,0.948192,0.128118,0.130016
7398,32,0.36127,0.009994,0.009994,0.124956,0.493785,0.052138,0.947862,0.110802,0.108902
7399,26,0.360752,0.010058,0.010004,0.125006,0.49418,0.051276,0.948724,0.130516,0.134813
7400,24,0.360697,0.009998,0.009998,0.124987,0.494319,0.050834,0.949166,0.119707,0.121775
7401,24,0.360869,0.009997,0.009997,0.124953,0.494184,0.05122,0.94878,0.118768,0.116636
7402,24,0.361107,0.009993,0.009993,0.124863,0.494044,0.050964,0.949036,0.115776,0.116837
7403,26,0.361564,0.009993,0.009993,0.124771,0.49368,0.050324,0.949676,0.1029,0.105925
7404,30,0.361171,0.010418,0.009999,0.124764,0.493648,0.05024,0.94976,0.139581,0.139799
7405,24,0.360785,0.010493,0.010005,0.124825,0.493892,0.05,0.95,0.127427,0.129907
7406,24,0.361188,0.010041,0.010001,0.124836,0.493935,0.050117,0.949883,0.117259,0.116499
7407,26,0.36078,0.010007,0.010007,0.124924,0.494282,0.05,0.95,0.13421,0.137664
7408,32,0.359796,0.011101,0.010991,0.124703,0.493409,0.050057,0.949943,0.139207,0.138733
7409,32,0.35956,0.011014,0.01159,0.124647,0.493188,0.05056,0.94944,0.126227,0.123531
7410,26,0.360961,0.010019,0.010019,0.124882,0.494119,0.050591,0.949409,0.104152,0.103796
7411,38,0.360375,0.010183,0.010001,0.124897,0.494543,0.050211,0.949789,0.130472,0.132215
7412,32,0.36033,0.010001,0.010001,0.124908,0.49476,0.050994,0.949006,0.113898,0.109768
7413,32,0.360445,0.009995,0.009995,0.124851,0.494712,0.050926,0.949074,0.118796,0.118979
7414,24,0.360442,0.01,0.01,0.12485,0.494708,0.050885,0.949115,0.123802,0.123825
7415,38,0.360442,0.01,0.01,0.12485,0.494708,0.051237,0.948763,0.108439,0.106439
7416,36,0.360291,0.01,0.01,0.124851,0.494858,0.051278,0.948722,0.128295,0.127891
7417,26,0.360232,0.010001,0.010001,0.124863,0.494904,0.050704,0.949296,0.127426,0.130161
7418,32,0.360347,0.009995,0.009995,0.124806,0.494856,0.050945,0.949055,0.118797,0.117404
7419,24,0.360048,0.010005,0.010005,0.124863,0.49508,0.050299,0.949701,0.12606,0.129166
7420,26,0.359914,0.010002,0.010002,0.124891,0.495191,0.05,0.95,0.128156,0.131255
7421,24,0.359839,0.009998,0.009998,0.124864,0.495301,0.05,0.95,0.119689,0.121696
7422,24,0.359541,0.010005,0.010005,0.124922,0.495528,0.05,0.95,0.128218,0.131458
7423,26,0.359121,0.010007,0.010007,0.125005,0.49586,0.05,0.95,0.128529,0.131374
7424,32,0.359305,0.009997,0.009997,0.124972,0.495728,0.05,0.95,0.109467,0.110102
7425,24,0.359459,0.009998,0.009998,0.124941,0.495605,0.05,0.95,0.114812,0.115832
7426,30,0.35956,0.009996,0.009996,0.124887,0.495562,0.050151,0.949849,0.106719,0.105777
7427,24,0.359932,0.009994,0.009994,0.124813,0.495267,0.050817,0.949183,0.113594,0.110044
7428,26,0.359928,0.01,0.01,0.124811,0.495261,0.050386,0.949614,0.116674,0.118683
7429,26,0.360038,0.009998,0.009998,0.12479,0.495176,0.050421,0.949579,0.114565,0.114217
7430,32,0.360214,0.009997,0.009997,0.124755,0.495036,0.050498,0.949502,0.117323,0.116761
7431,32,0.360065,0.010002,0.010002,0.124783,0.495147,0.050477,0.949523,0.129469,0.1294
7432,36,0.359968,0.010002,0.010002,0.124803,0.495226,0.050336,0.949664,0.126237,0.126771
7433,26,0.359833,0.010002,0.010002,0.12483,0.495333,0.050182,0.949818,0.12231,0.122914
7434,32,0.359677,0.009994,0.01055,0.124752,0.495027,0.05,0.95,0.124771,0.125939
7435,30,0.360211,0.01,0.01,0.124754,0.495034,0.05,0.95,0.104956,0.105326
7436,24,0.359838,0.010002,0.010002,0.124785,0.495371,0.05,0.95,0.130335,0.133654
7437,30,0.35967,0.01,0.01,0.124782,0.495548,0.050356,0.949644,0.118462,0.116441
7438,38,0.358816,0.010632,0.010614,0.124704,0.495235,0.050444,0.949556,0.138868,0.138245
7439,24,0.358168,0.01141,0.010804,0.124639,0.494979,0.05014,0.94986,0.134151,0.135478
7440,30,0.358815,0.01032,0.010239,0.124804,0.495821,0.051048,0.948952,0.113228,0.108471
7441,30,0.358627,0.010005,0.010098,0.124867,0.496403,0.051434,0.948566,0.119936,0.117771
7442,24,0.359116,0.009994,0.009994,0.124792,0.496104,0.051314,0.948686,0.110442,0.110829
7443,32,0.359416,0.009995,0.009995,0.124731,0.495862,0.051657,0.948343,0.094956,0.092987
7444,32,0.358997,0.010052,0.01011,0.124719,0.496122,0.051241,0.948759,0.130305,0.132258
7445,26,0.359271,0.009998,0.009998,0.124697,0.496035,0.050745,0.949255,0.113803,0.116143
7446,26,0.359133,0.010002,0.010002,0.124723,0.496139,0.050542,0.949458,0.128111,0.128948
7447,30,0.359825,0.009989,0.009989,0.12459,0.495607,0.050567,0.949433,0.094541,0.094166
7448,24,0.359978,0.009994,0.009994,0.124514,0.49552,0.050536,0.949464,0.113388,0.113344
7449,26,0.35942,0.010005,0.010005,0.124582,0.495987,0.050057,0.949943,0.122319,0.124561
7450,24,0.358922,0.010182,0.010002,0.124604,0.49629,0.05,0.95,0.131654,0.134487
7451,24,0.358615,0.010004,0.010004,0.124658,0.496719,0.05,0.95,0.124034,0.126317
7452,24,0.358321,0.010005,0.010005,0.124717,0.496953,0.05,0.95,0.125985,0.12756
7453,26,0.358325,0.01,0.01,0.124718,0.496957,0.050126,0.949874,0.122357,0.12153
7454,30,0.358297,0.01,0.01,0.124723,0.496979,0.050163,0.949837,0.126483,0.126035
7455,24,0.359299,0.009984,0.009984,0.124529,0.496203,0.050086,0.949914,0.09433,0.09447
7456,26,0.359526,0.009996,0.009996,0.124479,0.496003,0.050115,0.949885,0.111255,0.110938
7457,26,0.359562,0.009996,0.009996,0.124432,0.496014,0.050345,0.949655,0.110888,0.109571
7458,24,0.359263,0.010005,0.010005,0.124489,0.49624,0.050576,0.949424,0.128082,0.1267
7459,26,0.360256,0.009985,0.009985,0.124297,0.495478,0.050561,0.949439,0.092671,0.092522
7460,24,0.360144,0.010278,0.010054,0.124247,0.495277,0.050422,0.949578,0.124149,0.124631
7461,24,0.360186,0.010001,0.010001,0.124262,0.495549,0.05,0.95,0.119771,0.123192
7462,32,0.360254,0.009996,0.009996,0.124215,0.495539,0.050393,0.949607,0.115219,0.113089
7463,24,0.360251,0.01,0.01,0.124214,0.495535,0.051196,0.948804,0.121688,0.117414
7464,26,0.3605,0.009996,0.009996,0.124166,0.495342,0.05082,0.94918,0.109595,0.111317
7465,26,0.36046,0.010001,0.010001,0.124172,0.495367,0.050221,0.949779,0.115702,0.118533
7466,32,0.360923,0.009993,0.009993,0.124082,0.495009,0.050895,0.949105,0.098292,0.094743
7467,24,0.361073,0.009997,0.009997,0.12405,0.494882,0.05062,0.94938,0.114832,0.116026
7468,24,0.361308,0.009996,0.009996,0.124004,0.494696,0.051804,0.948196,0.111158,0.104907
7469,26,0.360981,0.010519,0.009997,0.123965,0.49454,0.051321,0.948679,0.12804,0.130358
7470,30,0.360899,0.010093,0.010008,0.124064,0.494936,0.05116,0.94884,0.129704,0.130325
7471,30,0.361021,0.01,0.01,0.12406,0.49492,0.051676,0.948324,0.116826,0.114001
7472,26,0.361645,0.00999,0.00999,0.123938,0.494436,0.051149,0.948851,0.101733,0.104219
7473,30,0.361232,0.010001,0.010001,0.123951,0.494815,0.05091,0.94909,0.113608,0.11462
7474,24,0.361233,0.01,0.01,0.123951,0.494816,0.050485,0.949515,0.121644,0.123613
7475,30,0.360996,0.010004,0.010004,0.123997,0.494999,0.050373,0.949627,0.129664,0.130028
7476,30,0.361189,0.009997,0.009997,0.123961,0.494856,0.050651,0.949349,0.109497,0.107918
7477,24,0.36102,0.009995,0.010455,0.123903,0.494625,0.050571,0.949429,0.129869,0.130079
7478,36,0.361631,0.009997,0.009997,0.123872,0.494502,0.051144,0.948856,0.094785,0.091631
7479,32,0.361801,0.009997,0.009997,0.123838,0.494366,0.051784,0.948216,0.113771,0.110322
7480,36,0.361632,0.01,0.010191,0.123833,0.494345,0.052262,0.947738,0.130328,0.127654
7481,30,0.361701,0.010002,0.010002,0.123857,0.494439,0.052029,0.947971,0.119579,0.120591
7482,30,0.360566,0.011455,0.010993,0.123595,0.493392,0.051973,0.948027,0.139402,0.139493
7483,32,0.361453,0.010501,0.010017,0.123803,0.494226,0.051935,0.948065,0.106562,0.106573
7484,30,0.362234,0.009996,0.009996,0.123752,0.494022,0.051683,0.948317,0.098976,0.100072
7485,26,0.362095,0.010002,0.010002,0.123778,0.494123,0.051275,0.948725,0.128218,0.130159
7486,24,0.362154,0.009999,0.009999,0.123767,0.494081,0.050721,0.949279,0.115598,0.118191
7487,24,0.362222,0.009999,0.009999,0.123753,0.494026,0.050602,0.949398,0.121883,0.12229
7488,24,0.361926,0.010005,0.010005,0.12381,0.494254,0.05,0.95,0.128157,0.131455
7489,26,0.361793,0.010002,0.010002,0.123838,0.494364,0.050123,0.949877,0.128186,0.127414
7490,26,0.361587,0.01,0.01,0.123841,0.494572,0.05,0.95,0.124499,0.126689
7491,24,0.361581,0.010019,0.010848,0.123669,0.493884,0.05,0.95,0.11968,0.120443
7492,32,0.361938,0.009993,0.010938,0.123584,0.493547,0.05,0.95,0.116349,0.117977
7493,32,0.362097,0.010006,0.010366,0.123664,0.493866,0.050504,0.949496,0.126409,0.12369
7494,24,0.361844,0.010159,0.010954,0.123566,0.493477,0.05,0.95,0.124063,0.127939
7495,24,0.362198,0.01001,0.010144,0.123688,0.49396,0.051229,0.948771,0.113462,0.107056
7496,30,0.362553,0.009997,0.009997,0.123648,0.493804,0.051503,0.948497,0.113304,0.111705
7497,30,0.362112,0.010291,0.010895,0.123498,0.493203,0.051584,0.948416,0.136035,0.135445
7498,30,0.362612,0.010006,0.010335,0.123567,0.49348,0.052481,0.947519,0.116258,0.111424
7499,36,0.362637,0.010005,0.010005,0.123628,0.493724,0.052591,0.947409,0.122024,0.121257
7500,32,0.362701,0.009997,0.009997,0.123586,0.493719,0.052569,0.947431,0.120942,0.120844
7501,30,0.362463,0.010004,0.010004,0.123631,0.493899,0.05267,0.94733,0.12969,0.128905
7502,24,0.362908,0.009993,0.009993,0.123546,0.49356,0.053764,0.946236,0.102452,0.096409
7503,30,0.362667,0.010004,0.010004,0.12359,0.493736,0.054206,0.945794,0.123235,0.120626
7504,24,0.362371,0.010001,0.010001,0.123607,0.494019,0.053637,0.946363,0.128221,0.131103
7505,34,0.362539,0.009997,0.009997,0.123575,0.493891,0.053807,0.946193,0.118461,0.117375
7506,30,0.362536,0.009995,0.009995,0.123511,0.493963,0.053767,0.946233,0.109644,0.109649
7507,32,0.362468,0.009998,0.009998,0.123488,0.494047,0.054541,0.945459,0.106609,0.102227
7508,24,0.362703,0.009996,0.009996,0.123442,0.493862,0.055717,0.944283,0.111152,0.104428
7509,32,0.362613,0.009999,0.009999,0.123424,0.493966,0.055981,0.944019,0.106692,0.104951
7510,32,0.362594,0.009993,0.009993,0.123335,0.494085,0.056304,0.943696,0.106148,0.104108
7511,24,0.362087,0.009999,0.010568,0.123321,0.494026,0.056134,0.943866,0.134244,0.134962
7512,26,0.362133,0.010004,0.01005,0.123374,0.494439,0.055557,0.944443,0.119891,0.12288
7513,36,0.361998,0.010001,0.010001,0.123381,0.494621,0.055621,0.944379,0.119219,0.11866
7514,30,0.361623,0.010201,0.010182,0.123379,0.494615,0.055568,0.944432,0.123007,0.123083
7515,26,0.361762,0.010004,0.010004,0.123427,0.494804,0.055231,0.944769,0.120426,0.122096
7516,26,0.361557,0.01,0.01,0.12343,0.495013,0.054829,0.945171,0.120686,0.12272
7517,24,0.361323,0.01,0.01,0.123433,0.495243,0.054293,0.945707,0.120532,0.123212
7518,24,0.361676,0.009994,0.009994,0.123365,0.494969,0.053631,0.946369,0.111267,0.114579
7519,24,0.361811,0.009998,0.009998,0.123337,0.494857,0.054373,0.945627,0.117909,0.113674
7520,32,0.361851,0.009994,0.009994,0.123269,0.494891,0.054041,0.945959,0.10838,0.10997
7521,32,0.362024,0.009997,0.009997,0.123233,0.494748,0.054261,0.945739,0.112714,0.111298
7522,26,0.362288,0.009993,0.009993,0.123143,0.494584,0.053956,0.946044,0.105082,0.106483
7523,24,0.362219,0.010001,0.010001,0.123154,0.494626,0.053428,0.946572,0.123129,0.125764
7524,32,0.36189,0.010001,0.010001,0.12316,0.494949,0.053227,0.946773,0.132914,0.133793
7525,38,0.362445,0.009991,0.009991,0.123053,0.494519,0.053665,0.946335,0.098442,0.095913
7526,32,0.362082,0.010001,0.010001,0.12306,0.494857,0.053557,0.946443,0.116412,0.116793
7527,26,0.36166,0.010007,0.010007,0.123142,0.495185,0.053134,0.946866,0.124767,0.126838
7528,30,0.361635,0.010001,0.010001,0.123149,0.495215,0.052715,0.947285,0.116656,0.118599
7529,24,0.361773,0.009998,0.009998,0.123123,0.495108,0.053771,0.946229,0.109708,0.103888
7530,30,0.361859,0.009999,0.009999,0.123106,0.495039,0.053788,0.946212,0.111974,0.11165
7531,30,0.361749,0.010034,0.010001,0.12312,0.495096,0.053536,0.946464,0.133544,0.134658
7532,24,0.361999,0.009997,0.009997,0.123078,0.49493,0.054694,0.945306,0.109086,0.102602
7533,30,0.361928,0.009998,0.009998,0.123054,0.495021,0.054825,0.945175,0.126065,0.125117
7534,24,0.361554,0.010002,0.010002,0.123085,0.495356,0.054282,0.945718,0.124161,0.126932
7535,26,0.36123,0.010469,0.010051,0.123047,0.495204,0.054244,0.945756,0.128024,0.128037
7536,24,0.361045,0.010008,0.010008,0.123141,0.495799,0.053504,0.946496,0.122016,0.125781
7537,36,0.360744,0.01057,0.009996,0.123092,0.495598,0.053382,0.946618,0.126117,0.126573
7538,30,0.360965,0.010005,0.010005,0.123158,0.495866,0.053061,0.946939,0.113609,0.11512
7539,24,0.361965,0.009985,0.009985,0.122968,0.495098,0.053142,0.946858,0.09425,0.093575
7540,30,0.362063,0.00999,0.010515,0.122841,0.494591,0.053982,0.946018,0.113055,0.108369
7541,24,0.36195,0.01001,0.01001,0.12296,0.49507,0.05356,0.94644,0.128116,0.130194
7542,32,0.36191,0.010001,0.010001,0.122972,0.495117,0.053964,0.946036,0.121625,0.119258
7543,24,0.362147,0.009996,0.009996,0.122927,0.494934,0.054787,0.945213,0.117345,0.112611
7544,26,0.361936,0.01,0.01,0.122928,0.495136,0.054291,0.945709,0.124426,0.126944
7545,24,0.361936,0.01,0.01,0.122928,0.495136,0.053409,0.946591,0.129911,0.134474
7546,30,0.362171,0.009996,0.009996,0.122883,0.494954,0.053774,0.946226,0.115892,0.113724
7547,24,0.361873,0.010005,0.010005,0.122939,0.495179,0.053332,0.946668,0.128151,0.130313
7548,30,0.36245,0.009991,0.009991,0.122829,0.494738,0.053255,0.946745,0.096232,0.096379
7549,30,0.362208,0.010004,0.010004,0.122872,0.494913,0.053027,0.946973,0.123149,0.124137
7550,38,0.361984,0.010618,0.009994,0.122797,0.494607,0.052937,0.947063,0.129162,0.129445
7551,24,0.361737,0.01027,0.010006,0.12287,0.495117,0.051959,0.948041,0.130329,0.135286
7552,26,0.361701,0.010005,0.010005,0.12293,0.495359,0.05179,0.94821,0.12246,0.123164
7553,30,0.361815,0.009998,0.009998,0.12291,0.495279,0.052219,0.947781,0.116747,0.114308
7554,30,0.362001,0.009994,0.009994,0.122841,0.49517,0.052184,0.947816,0.119331,0.119236
7555,30,0.361971,0.01,0.01,0.122844,0.495184,0.052084,0.947916,0.129654,0.129963
7556,24,0.362415,0.009993,0.009993,0.122759,0.49484,0.05318,0.94682,0.102508,0.096523
7557,24,0.36278,0.009991,0.009991,0.122645,0.494594,0.052748,0.947252,0.10636,0.108412
7558,30,0.362774,0.01,0.01,0.122643,0.494584,0.053351,0.946649,0.119718,0.116306
7559,30,0.36294,0.009996,0.010058,0.122599,0.494407,0.054342,0.945658,0.116139,0.110644
7560,24,0.36296,0.010001,0.010001,0.122605,0.494434,0.053674,0.946326,0.121674,0.125082
7561,24,0.363113,0.009998,0.009998,0.122576,0.494315,0.053118,0.946882,0.114721,0.117426
7562,30,0.363153,0.009999,0.009999,0.122567,0.494281,0.052772,0.947228,0.119962,0.121575
7563,30,0.362982,0.01,0.01,0.122564,0.494454,0.05324,0.94676,0.118522,0.115828
7564,24,0.363208,0.009996,0.010024,0.122515,0.494257,0.053407,0.946593,0.117202,0.116102
7565,32,0.363332,0.009996,0.009996,0.122463,0.494213,0.05383,0.94617,0.115103,0.112629
7566,38,0.362979,0.010001,0.010001,0.122476,0.494543,0.053771,0.946229,0.130429,0.130525
7567,24,0.362607,0.010003,0.010003,0.122507,0.494881,0.053042,0.946958,0.122041,0.125741
7568,30,0.362798,0.009997,0.009997,0.122471,0.494736,0.052961,0.947039,0.116241,0.116474
7569,24,0.362423,0.010002,0.010002,0.122501,0.495071,0.052763,0.947237,0.130311,0.131161
7570,36,0.362408,0.009992,0.010501,0.122407,0.494692,0.053102,0.946898,0.111576,0.109593
7571,26,0.362801,0.010002,0.010002,0.122427,0.494769,0.052713,0.947287,0.11376,0.115624
7572,30,0.362632,0.009998,0.009998,0.122396,0.494976,0.052526,0.947474,0.110092,0.110833
7573,32,0.363341,0.009989,0.009989,0.122259,0.494422,0.05259,0.94741,0.090208,0.089633
7574,24,0.363038,0.010004,0.010004,0.122313,0.49464,0.052163,0.947837,0.128193,0.130236
7575,32,0.362616,0.010397,0.009998,0.122288,0.494701,0.052119,0.947881,0.13711,0.137136
7576,32,0.362995,0.009996,0.010253,0.122241,0.494514,0.052711,0.947289,0.111736,0.108454
7577,38,0.362658,0.01074,0.010171,0.122177,0.494254,0.052626,0.947374,0.130543,0.1308
7578,26,0.363325,0.010004,0.010004,0.122224,0.494443,0.052288,0.947712,0.10883,0.110407
7579,32,0.363806,0.009993,0.009993,0.122133,0.494075,0.052435,0.947565,0.107004,0.105991
7580,30,0.363819,0.009997,0.009997,0.122092,0.494096,0.052554,0.947446,0.115035,0.114208
7581,32,0.363572,0.010004,0.010004,0.122138,0.494283,0.052415,0.947585,0.125538,0.126084
7582,24,0.363202,0.010003,0.010003,0.122169,0.494623,0.05168,0.94832,0.122041,0.125664
7583,26,0.363332,0.009998,0.009998,0.122145,0.494526,0.051314,0.948686,0.11715,0.118876
7584,24,0.363567,0.009996,0.009996,0.1221,0.494341,0.052109,0.947891,0.117312,0.113016
7585,24,0.363488,0.009988,0.010845,0.121949,0.493731,0.052945,0.947055,0.117186,0.112624
7586,32,0.363547,0.010004,0.010541,0.121994,0.493914,0.053107,0.946893,0.121661,0.120607
7587,24,0.363442,0.010007,0.010007,0.122078,0.494467,0.052713,0.947287,0.122318,0.124202
7588,24,0.363226,0.010004,0.010004,0.122122,0.494645,0.052311,0.947689,0.126068,0.128008
7589,24,0.362933,0.010005,0.010005,0.122179,0.494878,0.051934,0.948066,0.134305,0.136065
7590,26,0.36228,0.010648,0.01,0.122182,0.49489,0.05101,0.94899,0.134195,0.13879
7591,32,0.361952,0.010943,0.010001,0.122189,0.494916,0.050897,0.949103,0.125374,0.125773
7592,24,0.361839,0.010448,0.01001,0.122307,0.495395,0.050439,0.949561,0.128094,0.130236
7593,24,0.362558,0.009996,0.009996,0.122257,0.495193,0.050389,0.949611,0.10721,0.10723
7594,38,0.362235,0.009995,0.009995,0.122197,0.495577,0.050282,0.949718,0.1145,0.114848
7595,30,0.36235,0.009998,0.009998,0.122174,0.49548,0.050596,0.949404,0.119421,0.117644
7596,32,0.36228,0.009998,0.010188,0.12215,0.495384,0.050882,0.949118,0.125179,0.123556
7597,32,0.362524,0.009999,0.009999,0.122139,0.495339,0.051232,0.948768,0.117322,0.11536
7598,32,0.362286,0.010001,0.010001,0.122153,0.49556,0.051142,0.948858,0.127834,0.128114
7599,24,0.36244,0.009998,0.009998,0.122123,0.495441,0.050782,0.949218,0.114722,0.116348
7600,32,0.362327,0.009999,0.009999,0.12211,0.495565,0.050889,0.949111,0.123142,0.122425
7601,24,0.363319,0.009984,0.009984,0.12192,0.494792,0.050975,0.949025,0.094182,0.093524
7602,26,0.36345,0.009994,0.009994,0.121851,0.49471,0.050667,0.949333,0.110026,0.111402
7603,32,0.363563,0.009995,0.009995,0.121796,0.49465,0.05153,0.94847,0.115082,0.11053
7604,24,0.363718,0.009994,0.009994,0.121724,0.49457,0.051757,0.948243,0.113365,0.112011
7605,24,0.363714,0.01,0.01,0.121722,0.494564,0.052852,0.947148,0.115423,0.109511
7606,24,0.364228,0.00999,0.010088,0.121605,0.494089,0.052979,0.947021,0.107125,0.106226
7607,24,0.364491,0.009997,0.009997,0.12157,0.493945,0.053119,0.946881,0.117326,0.116387
7608,24,0.364949,0.009993,0.009993,0.121481,0.493584,0.052388,0.947612,0.111102,0.114725
7609,24,0.364944,0.01,0.01,0.121479,0.493577,0.051934,0.948066,0.121623,0.123805
7610,24,0.364866,0.009998,0.009998,0.121453,0.493685,0.051312,0.948688,0.119712,0.122736
7611,32,0.365314,0.009993,0.009993,0.121367,0.493333,0.051802,0.948198,0.100103,0.097342
7612,24,0.365466,0.009994,0.009994,0.121294,0.493252,0.052007,0.947993,0.113369,0.112116
7613,24,0.365168,0.010005,0.010005,0.121349,0.493474,0.051654,0.948346,0.128228,0.129882
7614,24,0.365406,0.009996,0.009996,0.121305,0.493296,0.052692,0.947308,0.109079,0.103494
7615,24,0.365556,0.009998,0.009998,0.121275,0.493174,0.052042,0.947958,0.114812,0.117982
7616,30,0.365319,0.010004,0.010004,0.121319,0.493355,0.051692,0.948308,0.129781,0.131397
7617,24,0.364886,0.010004,0.010004,0.121363,0.493745,0.050972,0.949028,0.123505,0.127026
7618,30,0.364819,0.010188,0.009998,0.121341,0.493654,0.05116,0.94884,0.129421,0.128237
7619,32,0.364741,0.010004,0.010004,0.121391,0.49386,0.051466,0.948534,0.114108,0.112353
7620,32,0.363486,0.011257,0.011538,0.121089,0.49263,0.051592,0.948408,0.13918,0.138367
7621,30,0.365034,0.010017,0.01016,0.1213,0.493489,0.05181,0.94819,0.096799,0.095413
7622,30,0.365202,0.01,0.01,0.121302,0.493496,0.051737,0.948263,0.108829,0.10892
7623,26,0.365513,0.009995,0.009995,0.121242,0.493254,0.051777,0.948223,0.114381,0.113999
7624,32,0.36545,0.009998,0.009998,0.121221,0.493333,0.051663,0.948337,0.118484,0.118884
7625,30,0.365145,0.010002,0.010002,0.121243,0.493609,0.051448,0.948552,0.13618,0.137091
7626,24,0.365283,0.009998,0.009998,0.121217,0.493504,0.052167,0.947833,0.117953,0.114021
7627,32,0.365387,0.009998,0.009998,0.121197,0.49342,0.052053,0.947947,0.118586,0.118994
7628,24,0.365385,0.01,0.01,0.121196,0.493419,0.052071,0.947929,0.12161,0.121279
7629,24,0.365091,0.010005,0.010005,0.121252,0.493647,0.051937,0.948063,0.126062,0.126537
7630,32,0.364766,0.010001,0.010001,0.121259,0.493974,0.052173,0.947827,0.123522,0.122112
7631,32,0.364785,0.009997,0.009997,0.121225,0.493996,0.052078,0.947922,0.122184,0.122424
7632,24,0.364955,0.009997,0.009997,0.121191,0.493859,0.052379,0.947621,0.118769,0.117023
7633,24,0.364639,0.010057,0.010004,0.12124,0.494059,0.051628,0.948372,0.134298,0.138031
7634,30,0.36485,0.009998,0.009998,0.121212,0.493943,0.051709,0.948291,0.116084,0.115481
7635,24,0.364986,0.009998,0.009998,0.121185,0.493834,0.052473,0.947527,0.117917,0.113733
7636,26,0.365197,0.009997,0.009997,0.121144,0.493666,0.051842,0.948158,0.117523,0.120629
7637,24,0.365194,0.01,0.01,0.121143,0.493663,0.0521,0.9479,0.12171,0.120171
7638,32,0.36537,0.009997,0.009997,0.121109,0.493526,0.052464,0.947536,0.117294,0.115221
7639,24,0.365603,0.009996,0.009996,0.121064,0.493341,0.052435,0.947565,0.117336,0.117294
7640,24,0.365835,0.009996,0.009996,0.121018,0.493154,0.052622,0.947378,0.117283,0.116111
7641,24,0.365852,0.01,0.01,0.121013,0.493135,0.051993,0.948007,0.124194,0.127269
7642,24,0.365774,0.009998,0.009998,0.120987,0.493243,0.051504,0.948496,0.119662,0.121984
7643,30,0.365898,0.009995,0.009995,0.12093,0.493181,0.052212,0.947788,0.113011,0.109189
7644,26,0.365628,0.010001,0.010001,0.120942,0.493428,0.051771,0.948229,0.125847,0.127981
7645,26,0.365589,0.010106,0.009999,0.12093,0.493376,0.050834,0.949166,0.126093,0.130739
7646,30,0.365526,0.010003,0.010003,0.120962,0.493507,0.051387,0.948613,0.115292,0.112284
7647,24,0.365465,0.010001,0.010001,0.120974,0.493559,0.050624,0.949376,0.131432,0.135166
7648,24,0.365618,0.009998,0.009998,0.120946,0.493441,0.050286,0.949714,0.114775,0.116271
7649,30,0.365616,0.01,0.01,0.120945,0.493439,0.050323,0.949677,0.119696,0.119346
7650,24,0.36573,0.009997,0.01006,0.120911,0.493301,0.051104,0.948896,0.117919,0.113755
7651,24,0.3661,0.00999,0.010292,0.120794,0.492823,0.050455,0.949545,0.111061,0.114139
7652,24,0.365832,0.010005,0.010005,0.120858,0.493299,0.05,0.95,0.130364,0.13273
7653,26,0.365569,0.010001,0.010001,0.120873,0.493556,0.05,0.95,0.125776,0.126606
7654,26,0.365362,0.01,0.01,0.120875,0.493762,0.05,0.95,0.118817,0.120267
7655,26,0.365227,0.010002,0.010002,0.120901,0.493868,0.05,0.95,0.122379,0.123864
7656,24,0.365233,0.009997,0.009997,0.12086,0.493914,0.05,0.95,0.112573,0.113103
7657,24,0.365167,0.010001,0.010001,0.120871,0.49396,0.05,0.95,0.13135,0.134941
7658,30,0.365168,0.01,0.01,0.120871,0.493961,0.05,0.95,0.119583,0.120029
7659,32,0.364947,0.010003,0.010003,0.120913,0.494132,0.050031,0.949969,0.125497,0.125185
7660,30,0.364859,0.010246,0.009998,0.120884,0.494013,0.050221,0.949779,0.129418,0.128255
7661,26,0.364375,0.010225,0.010005,0.120943,0.494452,0.05,0.95,0.130529,0.132155
7662,24,0.36438,0.01,0.01,0.120945,0.494674,0.05,0.95,0.11772,0.119304
7663,24,0.364086,0.010005,0.010005,0.121001,0.494903,0.05,0.95,0.128218,0.131241
7664,32,0.364154,0.009996,0.009996,0.120957,0.494896,0.050501,0.949499,0.115219,0.112526
7665,26,0.364365,0.009997,0.009997,0.120915,0.494727,0.050481,0.949519,0.117418,0.117327
7666,26,0.364575,0.009997,0.009997,0.120874,0.494557,0.05001,0.94999,0.11743,0.119617
7667,30,0.36459,0.009994,0.009994,0.120807,0.494613,0.05,0.95,0.106574,0.107056
7668,30,0.364687,0.009996,0.009996,0.120754,0.494567,0.050222,0.949778,0.113081,0.111795
7669,36,0.364385,0.009996,0.0104,0.120705,0.494513,0.050688,0.949312,0.12829,0.125757
7670,24,0.365194,0.009993,0.010024,0.120621,0.494168,0.051348,0.948652,0.104252,0.100664
7671,24,0.3652,0.01,0.01,0.120623,0.494176,0.052489,0.947511,0.113442,0.107353
7672,24,0.364867,0.010111,0.010004,0.120666,0.494352,0.051687,0.948313,0.134294,0.1383
7673,24,0.365349,0.009994,0.009994,0.120596,0.494066,0.052762,0.947238,0.10039,0.094564
7674,36,0.365673,0.009992,0.009992,0.120505,0.493838,0.052956,0.947044,0.099427,0.098145
7675,30,0.365659,0.009997,0.009997,0.120469,0.493878,0.052817,0.947183,0.115108,0.11562
7676,32,0.365623,0.009998,0.009998,0.120441,0.49394,0.052936,0.947064,0.123092,0.122262
7677,24,0.365269,0.010162,0.010003,0.120477,0.494088,0.052482,0.947518,0.128038,0.130222
7678,36,0.365178,0.010002,0.010002,0.120498,0.49432,0.052693,0.947307,0.120093,0.11878
7679,24,0.365102,0.009998,0.009998,0.120473,0.49443,0.052736,0.947264,0.117677,0.117241
7680,30,0.365145,0.009999,0.009999,0.120464,0.494393,0.053224,0.946776,0.119542,0.116746
7681,30,0.365333,0.009997,0.009997,0.120428,0.494245,0.053199,0.946801,0.109514,0.109446
7682,24,0.365351,0.01,0.01,0.120423,0.494227,0.052479,0.947521,0.124199,0.1278
7683,30,0.36501,0.010289,0.010001,0.120433,0.494267,0.052313,0.947687,0.13963,0.140271
7684,36,0.365447,0.009995,0.009995,0.120375,0.494187,0.052727,0.947273,0.096635,0.094254
7685,36,0.365292,0.01,0.01,0.120375,0.494332,0.052819,0.947181,0.121482,0.120788
7686,38,0.365402,0.00999,0.010353,0.120258,0.493998,0.05274,0.94726,0.111483,0.111714
7687,30,0.365229,0.010005,0.010005,0.120323,0.494437,0.052473,0.947527,0.120018,0.12123
7688,26,0.365225,0.01,0.01,0.120326,0.494449,0.052049,0.947951,0.12489,0.12694
7689,30,0.365225,0.01,0.01,0.120326,0.494449,0.052153,0.947847,0.129439,0.128652
7690,24,0.365984,0.009988,0.009988,0.120182,0.493858,0.05154,0.94846,0.100196,0.103113
7691,30,0.365722,0.010003,0.010053,0.120218,0.494005,0.051852,0.948148,0.129749,0.127926
7692,30,0.365946,0.009997,0.009997,0.120186,0.493873,0.051697,0.948303,0.122901,0.123443
7693,32,0.366341,0.009994,0.009994,0.12011,0.493561,0.052384,0.947616,0.093863,0.090085
7694,24,0.365771,0.010719,0.010019,0.120075,0.493416,0.051578,0.948422,0.134224,0.138241
7695,24,0.366276,0.010004,0.010004,0.120119,0.493598,0.052405,0.947595,0.117319,0.112791
7696,32,0.365993,0.010179,0.010002,0.12014,0.493686,0.05229,0.94771,0.12541,0.125823
7697,24,0.366231,0.009999,0.009999,0.12013,0.493642,0.052415,0.947585,0.118782,0.11794
7698,30,0.365874,0.01,0.01,0.120134,0.493991,0.052409,0.947591,0.120068,0.119903
7699,30,0.36609,0.009997,0.009997,0.120093,0.493823,0.052399,0.947601,0.108423,0.108189
7700,26,0.366227,0.009995,0.009995,0.120029,0.493754,0.051986,0.948014,0.113785,0.115742
7701,24,0.366224,0.01,0.01,0.120028,0.493749,0.05323,0.94677,0.113454,0.106708
7702,32,0.366287,0.009996,0.009996,0.119982,0.493738,0.053852,0.946148,0.104407,0.100897
7703,30,0.366114,0.01,0.01,0.119978,0.493909,0.053969,0.946031,0.128359,0.127476
7704,30,0.366302,0.009997,0.009997,0.119942,0.493762,0.053931,0.946069,0.109487,0.10947
7705,34,0.366373,0.009999,0.009999,0.119928,0.493702,0.054137,0.945863,0.107026,0.105734
7706,32,0.365771,0.010259,0.010765,0.119845,0.49336,0.054096,0.945904,0.139363,0.139405
7707,24,0.365774,0.010013,0.010013,0.119997,0.494203,0.053671,0.946329,0.124187,0.126291
7708,30,0.365809,0.009999,0.010039,0.119988,0.494164,0.053544,0.946456,0.129923,0.130369
7709,26,0.365751,0.009998,0.009998,0.119969,0.494283,0.05321,0.94679,0.116778,0.118376
7710,24,0.365921,0.009997,0.009997,0.119936,0.494148,0.053398,0.946602,0.118701,0.117512
7711,24,0.365625,0.010005,0.010005,0.119991,0.494374,0.05301,0.94699,0.128218,0.130107
7712,26,0.365421,0.01,0.01,0.119994,0.494584,0.052803,0.947197,0.124408,0.125308
7713,24,0.365514,0.009995,0.009995,0.119936,0.494559,0.052907,0.947093,0.114752,0.114012
7714,24,0.365217,0.010005,0.010005,0.119991,0.494783,0.052311,0.947689,0.128172,0.131124
7715,32,0.365308,0.009996,0.009996,0.119942,0.494759,0.053214,0.946786,0.111853,0.106912
7716,24,0.365325,0.01,0.01,0.119937,0.494739,0.052902,0.947098,0.124268,0.125662
7717,24,0.364967,0.010006,0.010006,0.120005,0.495017,0.052572,0.947428,0.127625,0.129179
7718,36,0.364996,0.009997,0.009997,0.119974,0.495036,0.053569,0.946431,0.110302,0.104857
7719,30,0.365472,0.009992,0.009992,0.119883,0.49466,0.053189,0.946811,0.102582,0.104372
7720,30,0.365515,0.009993,0.010186,0.1198,0.494506,0.053503,0.946497,0.122462,0.120613
7721,24,0.365223,0.010007,0.010007,0.119889,0.494873,0.053255,0.946745,0.127519,0.12865
7722,30,0.365648,0.009988,0.009988,0.119749,0.494626,0.053997,0.946003,0.095989,0.091814
7723,36,0.365793,0.009993,0.009993,0.119666,0.494555,0.054139,0.945861,0.109308,0.108315
7724,30,0.365836,0.009996,0.009996,0.11962,0.494552,0.05379,0.94621,0.109251,0.110933
7725,30,0.365521,0.010211,0.010002,0.119638,0.494628,0.053552,0.946448,0.123053,0.124108
7726,26,0.365707,0.01,0.01,0.119643,0.494649,0.053607,0.946393,0.11454,0.114053
7727,26,0.365613,0.009995,0.009995,0.119587,0.49481,0.053769,0.946231,0.108596,0.107549
7728,24,0.365775,0.009994,0.010185,0.119518,0.494528,0.054498,0.945502,0.117203,0.11301
7729,26,0.365696,0.010001,0.010001,0.11953,0.494773,0.054174,0.945826,0.11993,0.121454
7730,24,0.365273,0.010356,0.010001,0.119543,0.494827,0.053529,0.946471,0.128064,0.131345
7731,24,0.36508,0.010088,0.010007,0.119632,0.495194,0.052937,0.947063,0.134325,0.137302
7732,24,0.36482,0.010006,0.010006,0.119698,0.49547,0.052068,0.947932,0.13433,0.138703
7733,32,0.364976,0.009998,0.009998,0.119671,0.495357,0.051865,0.948135,0.109436,0.110316
7734,30,0.365163,0.009997,0.009997,0.119635,0.495208,0.051842,0.948158,0.109495,0.109425
7735,26,0.36474,0.010007,0.010007,0.119714,0.495534,0.050938,0.949062,0.134309,0.138799
7736,24,0.36445,0.010005,0.010005,0.119771,0.49577,0.050335,0.949665,0.128238,0.131139
7737,24,0.364159,0.010005,0.010005,0.119827,0.496004,0.05,0.95,0.126059,0.128093
7738,32,0.364152,0.01,0.010029,0.119825,0.495994,0.050053,0.949947,0.125211,0.12476
7739,36,0.363926,0.009998,0.010221,0.119802,0.496053,0.05053,0.94947,0.12327,0.120702
7740,30,0.364551,0.009994,0.009994,0.119725,0.495736,0.05088,0.94912,0.099728,0.097709
7741,34,0.364547,0.01,0.01,0.119723,0.49573,0.051122,0.948878,0.106986,0.105563
7742,24,0.364086,0.01038,0.010077,0.119724,0.495733,0.051008,0.948992,0.134254,0.13465
7743,30,0.364415,0.010002,0.010002,0.119748,0.495832,0.051601,0.948399,0.116144,0.112926
7744,26,0.364491,0.009997,0.010135,0.119709,0.495669,0.051112,0.948888,0.11822,0.120544
7745,36,0.364891,0.009996,0.009996,0.119658,0.495459,0.050903,0.949097,0.111759,0.112644
7746,24,0.365124,0.009993,0.009993,0.119572,0.495318,0.050049,0.949951,0.115785,0.119914
7747,24,0.365119,0.01,0.01,0.119571,0.495311,0.051317,0.948683,0.115528,0.108916
7748,32,0.364898,0.010003,0.010003,0.119612,0.495483,0.051102,0.948898,0.130161,0.131098
7749,26,0.364693,0.01,0.01,0.119615,0.495691,0.05099,0.94901,0.120603,0.120978
7750,24,0.364398,0.010005,0.010005,0.119671,0.495922,0.050346,0.949654,0.128208,0.131303
7751,24,0.364951,0.009991,0.009991,0.119568,0.495498,0.050295,0.949705,0.107152,0.107195
7752,24,0.364788,0.010002,0.010002,0.119596,0.495612,0.05,0.95,0.124592,0.126293
7753,24,0.364947,0.009994,0.009994,0.119526,0.495538,0.05,0.95,0.113377,0.113344
7754,30,0.365173,0.009996,0.009996,0.119482,0.495353,0.050196,0.949804,0.108516,0.10733
7755,32,0.364817,0.010001,0.010001,0.119491,0.49569,0.05,0.95,0.132968,0.133875
7756,26,0.364926,0.009998,0.009998,0.119471,0.495606,0.050239,0.949761,0.114602,0.113246
7757,26,0.364961,0.009996,0.009996,0.119427,0.495619,0.050261,0.949739,0.110973,0.110702
7758,32,0.365212,0.009996,0.009996,0.119378,0.495418,0.050705,0.949295,0.10061,0.098173
7759,24,0.365362,0.009998,0.009998,0.119348,0.495295,0.050328,0.949672,0.11478,0.116478
7760,24,0.364988,0.010002,0.010002,0.119378,0.495629,0.05,0.95,0.124112,0.126358
7761,36,0.364481,0.010221,0.010886,0.119262,0.49515,0.05053,0.94947,0.123313,0.120485
7762,24,0.36512,0.010007,0.010007,0.11935,0.495515,0.050568,0.949432,0.117341,0.11698
7763,30,0.364955,0.01,0.01,0.119349,0.495696,0.050643,0.949357,0.118548,0.117954
7764,36,0.364923,0.009996,0.009996,0.119298,0.495788,0.051235,0.948765,0.107501,0.104291
7765,24,0.365058,0.009998,0.009998,0.119271,0.495676,0.052411,0.947589,0.109793,0.1035
7766,34,0.365069,0.009997,0.009997,0.119237,0.4957,0.053069,0.946931,0.103917,0.100276
7767,32,0.365219,0.009998,0.009998,0.119208,0.495578,0.053697,0.946303,0.115158,0.111622
7768,36,0.365066,0.01,0.01,0.119208,0.495726,0.053661,0.946339,0.12434,0.124327
7769,26,0.364786,0.009998,0.009998,0.119187,0.496031,0.053324,0.946676,0.115083,0.116703
7770,24,0.36523,0.009983,0.010612,0.118985,0.49519,0.053888,0.946112,0.104176,0.100945
7771,30,0.364968,0.010585,0.010088,0.11902,0.495338,0.053559,0.946441,0.12964,0.131193
7772,26,0.365549,0.010001,0.010001,0.119037,0.495411,0.053213,0.946787,0.108696,0.110334
7773,30,0.36537,0.009999,0.010215,0.119031,0.495385,0.053393,0.946607,0.131718,0.130528
7774,24,0.365683,0.009998,0.009998,0.119013,0.495308,0.053597,0.946403,0.117301,0.116015
7775,24,0.36531,0.010002,0.010002,0.119042,0.495643,0.053218,0.946782,0.124076,0.125897
7776,32,0.36544,0.009998,0.009998,0.119019,0.495545,0.053401,0.946599,0.107618,0.106447
7777,30,0.365655,0.009997,0.009997,0.118977,0.495374,0.053231,0.946769,0.108463,0.109105
7778,30,0.365627,0.01,0.01,0.118981,0.495391,0.053192,0.946808,0.119781,0.11976
7779,36,0.365079,0.010329,0.010883,0.118853,0.494857,0.053513,0.946487,0.130213,0.128315
7780,26,0.36563,0.01001,0.01001,0.118977,0.495372,0.053542,0.946458,0.114741,0.114407
7781,30,0.365649,0.01,0.01,0.118977,0.495374,0.053411,0.946589,0.109589,0.110007
7782,30,0.36558,0.009998,0.009998,0.118955,0.495468,0.053927,0.946073,0.116162,0.113159
7783,24,0.365814,0.009996,0.009996,0.11891,0.495283,0.054419,0.945581,0.117396,0.114496
7784,32,0.365892,0.009994,0.009994,0.118837,0.495284,0.054421,0.945579,0.111986,0.111769
7785,24,0.366347,0.009993,0.009993,0.118749,0.494919,0.053877,0.946123,0.111155,0.113817
7786,32,0.36664,0.009995,0.009995,0.118691,0.494679,0.05419,0.94581,0.109422,0.107499
7787,24,0.366577,0.009997,0.009997,0.118661,0.494767,0.053864,0.946136,0.120196,0.121685
7788,24,0.366595,0.01,0.01,0.118657,0.494749,0.053479,0.946521,0.115899,0.117723
7789,26,0.366387,0.01,0.01,0.118659,0.494954,0.052813,0.947187,0.124436,0.1278
7790,30,0.366506,0.009995,0.009995,0.118601,0.494902,0.052967,0.947033,0.112654,0.111642
7791,30,0.366612,0.009998,0.009998,0.11858,0.494812,0.053884,0.946116,0.116748,0.111653
7792,24,0.366317,0.010005,0.010005,0.118634,0.495039,0.053772,0.946228,0.134355,0.134768
7793,32,0.366061,0.009999,0.009999,0.118626,0.495314,0.053956,0.946044,0.120523,0.119313
7794,24,0.366076,0.01,0.01001,0.118621,0.495293,0.053279,0.946721,0.124146,0.127576
7795,30,0.36608,0.01,0.01,0.118622,0.495298,0.053236,0.946764,0.119632,0.119664
7796,26,0.365944,0.010002,0.010002,0.118648,0.495404,0.053067,0.946933,0.122421,0.123138
7797,24,0.365868,0.009998,0.009998,0.118623,0.495514,0.054232,0.945768,0.109409,0.102944
7798,30,0.366163,0.009995,0.009995,0.118567,0.495279,0.054526,0.945474,0.113121,0.111283
7799,30,0.366261,0.009998,0.009998,0.118547,0.495195,0.054817,0.945183,0.118543,0.116653
7800,24,0.366316,0.009999,0.009999,0.118536,0.49515,0.054223,0.945777,0.115667,0.118664
7801,36,0.366043,0.009998,0.009998,0.118508,0.495454,0.054309,0.945691,0.120343,0.119643
7802,30,0.366158,0.009998,0.009998,0.118485,0.495361,0.054324,0.945676,0.119355,0.11901
7803,32,0.365852,0.010231,0.010001,0.118499,0.495417,0.054206,0.945794,0.125409,0.125842
7804,26,0.366393,0.009995,0.009995,0.118441,0.495176,0.054247,0.945753,0.103908,0.103451
7805,30,0.366475,0.009999,0.009999,0.118424,0.495104,0.054516,0.945484,0.118337,0.116657
7806,26,0.366267,0.01,0.01,0.118426,0.495308,0.054093,0.945907,0.124489,0.126596
7807,30,0.366454,0.009997,0.009997,0.118391,0.495162,0.055041,0.944959,0.116175,0.110815
7808,32,0.366452,0.01,0.01,0.11839,0.495159,0.055403,0.944597,0.125285,0.123068
7809,26,0.366316,0.010002,0.010002,0.118415,0.495264,0.055074,0.944926,0.12435,0.125971
7810,24,0.365946,0.010003,0.010003,0.118445,0.495604,0.054705,0.945295,0.1242,0.126022
7811,24,0.36604,0.009995,0.009995,0.118389,0.495581,0.055106,0.944894,0.114816,0.112416
7812,24,0.366037,0.01,0.01,0.118388,0.495576,0.054392,0.945608,0.129914,0.133627
7813,24,0.366174,0.009998,0.009998,0.118362,0.495469,0.055496,0.944504,0.111739,0.105469
7814,30,0.366002,0.01,0.01,0.118358,0.49564,0.055737,0.944263,0.118549,0.116994
7815,30,0.366264,0.009993,0.010176,0.118275,0.495293,0.05664,0.94336,0.103264,0.097979
7816,36,0.366229,0.009999,0.009999,0.118264,0.49551,0.05678,0.94322,0.114769,0.113748
7817,30,0.366244,0.009995,0.009995,0.118199,0.495567,0.056582,0.943418,0.116456,0.117319
7818,30,0.366139,0.010001,0.010001,0.118217,0.495642,0.056799,0.943201,0.131877,0.130379
7819,24,0.366453,0.009995,0.009995,0.118159,0.495398,0.055845,0.944155,0.119817,0.124939
7820,26,0.366624,0.009997,0.009997,0.118125,0.495256,0.055294,0.944706,0.111557,0.114381
7821,32,0.366885,0.00999,0.01004,0.118008,0.495076,0.055153,0.944847,0.112307,0.112891
7822,24,0.366896,0.01,0.01,0.118012,0.495091,0.056056,0.943944,0.121694,0.116397
7823,26,0.367108,0.009997,0.009997,0.117972,0.494926,0.055647,0.944353,0.117471,0.11953
7824,24,0.366724,0.009999,0.009999,0.117963,0.495314,0.055493,0.944507,0.118273,0.118904
7825,32,0.366787,0.009996,0.009996,0.117918,0.495302,0.056144,0.943856,0.110561,0.106745
7826,30,0.366845,0.009999,0.009999,0.117906,0.495251,0.05598,0.94402,0.128337,0.129013
7827,24,0.36682,0.009999,0.010067,0.117898,0.495216,0.055328,0.944672,0.123614,0.127008
7828,24,0.36655,0.010005,0.010005,0.11796,0.495479,0.054663,0.945337,0.128171,0.131627
7829,24,0.366398,0.009996,0.009996,0.117911,0.495699,0.053872,0.946128,0.121889,0.125986
7830,30,0.366224,0.01,0.01,0.117907,0.495869,0.054198,0.945802,0.128361,0.126361
7831,24,0.366568,0.009995,0.009995,0.117843,0.4956,0.055285,0.944715,0.101282,0.095095
7832,36,0.366793,0.009992,0.009992,0.117748,0.495475,0.054731,0.945269,0.1037,0.106513
7833,24,0.367001,0.009996,0.009996,0.117706,0.495299,0.054425,0.945575,0.113284,0.114733
7834,32,0.366981,0.009998,0.009998,0.117678,0.495346,0.054345,0.945655,0.124542,0.124783
7835,24,0.367213,0.009996,0.009996,0.117634,0.49516,0.054496,0.945504,0.117315,0.116283
7836,30,0.367181,0.01,0.010011,0.117637,0.495171,0.054874,0.945126,0.119594,0.117299
7837,24,0.367795,0.00999,0.00999,0.117525,0.4947,0.055233,0.944767,0.105748,0.10356
7838,26,0.367024,0.010776,0.01,0.11752,0.49468,0.054428,0.945572,0.135578,0.139813
7839,24,0.366347,0.011788,0.010022,0.117452,0.494392,0.054136,0.945864,0.134201,0.135565
7840,32,0.366568,0.010823,0.010012,0.117596,0.495001,0.054182,0.945818,0.129689,0.129224
7841,36,0.36707,0.010003,0.010003,0.117629,0.495295,0.054119,0.945881,0.107633,0.107769
7842,36,0.367019,0.009999,0.009999,0.117613,0.495372,0.054702,0.945298,0.111772,0.108388
7843,26,0.367229,0.009997,0.009997,0.117573,0.495205,0.05418,0.94582,0.113599,0.116218
7844,30,0.367905,0.009989,0.009989,0.117446,0.494671,0.054187,0.945813,0.09435,0.09402
7845,24,0.367952,0.009999,0.009999,0.117433,0.494616,0.054136,0.945864,0.115578,0.115626
7846,32,0.367623,0.01,0.01,0.117439,0.494938,0.054211,0.945789,0.118878,0.118284
7847,26,0.367488,0.010002,0.010002,0.117464,0.495044,0.05371,0.94629,0.128132,0.130656
7848,30,0.367388,0.010002,0.010002,0.117484,0.495125,0.054234,0.945766,0.122019,0.118986
7849,24,0.367389,0.01,0.01,0.117484,0.495127,0.055473,0.944527,0.11346,0.106436
7850,30,0.367339,0.010001,0.010001,0.117493,0.495167,0.055707,0.944293,0.113276,0.111743
7851,32,0.367274,0.009992,0.010271,0.117396,0.495067,0.05537,0.94463,0.115666,0.117318
7852,26,0.367163,0.010003,0.010003,0.117429,0.495403,0.055043,0.944957,0.118827,0.120438
7853,24,0.367086,0.009998,0.009998,0.117405,0.495513,0.054532,0.945468,0.117606,0.120187
7854,32,0.367269,0.009991,0.010377,0.117298,0.495064,0.055048,0.944952,0.111657,0.108622
7855,28,0.36714,0.010008,0.010008,0.117391,0.495453,0.054989,0.945011,0.128562,0.128688
7856,24,0.367146,0.01,0.01,0.117392,0.495461,0.054296,0.945704,0.129928,0.133522
7857,26,0.367011,0.010002,0.010002,0.117418,0.495567,0.053772,0.946228,0.124458,0.127124
7858,24,0.366719,0.010005,0.010005,0.117473,0.495799,0.053142,0.946858,0.12818,0.131359
7859,24,0.366429,0.010005,0.010005,0.117528,0.496034,0.052869,0.947131,0.128148,0.129337
7860,24,0.366139,0.010005,0.010005,0.117584,0.496268,0.052449,0.947551,0.12606,0.128084
7861,24,0.366815,0.009989,0.009989,0.11746,0.495746,0.053055,0.946945,0.104194,0.100803
7862,32,0.366527,0.010002,0.010002,0.117479,0.495991,0.053082,0.946918,0.12169,0.12134
7863,30,0.366503,0.01,0.01,0.117484,0.496012,0.052922,0.947078,0.119851,0.120469
7864,32,0.366456,0.010001,0.010001,0.117493,0.49605,0.053322,0.946678,0.11704,0.114721
7865,36,0.366812,0.009994,0.009994,0.117427,0.495772,0.053869,0.946131,0.102444,0.099323
7866,24,0.366945,0.009998,0.009998,0.1174,0.495659,0.054936,0.945064,0.10965,0.103633
7867,36,0.367117,0.009997,0.009997,0.117368,0.495521,0.054929,0.945071,0.116404,0.116195
7868,30,0.367115,0.01,0.01,0.117367,0.495518,0.05565,0.94435,0.119685,0.115494
7869,32,0.366583,0.01055,0.009995,0.117308,0.495565,0.055314,0.944686,0.132763,0.134435
7870,24,0.366353,0.010615,0.010594,0.117224,0.495213,0.055022,0.944978,0.124076,0.125398
7871,30,0.366892,0.010011,0.010011,0.117349,0.495738,0.055204,0.944796,0.113596,0.112339
7872,24,0.366859,0.010162,0.009998,0.117328,0.495652,0.054917,0.945083,0.12411,0.125412
7873,24,0.366541,0.010233,0.010004,0.117375,0.495848,0.054373,0.945627,0.126014,0.128773
7874,36,0.366433,0.010001,0.010001,0.11739,0.496175,0.054258,0.945742,0.120469,0.120891
7875,30,0.366836,0.009994,0.009994,0.117315,0.495861,0.054782,0.945218,0.10026,0.097161
7876,24,0.366948,0.009997,0.010053,0.117282,0.49572,0.055535,0.944465,0.117904,0.113508
7877,24,0.366595,0.010003,0.010003,0.117317,0.496082,0.055229,0.944771,0.122124,0.12361
7878,24,0.366653,0.009999,0.009999,0.117307,0.496041,0.054603,0.945397,0.115602,0.118792
7879,26,0.366864,0.009997,0.009997,0.117268,0.495874,0.053958,0.946042,0.117411,0.120698
7880,24,0.367096,0.009996,0.009996,0.117224,0.495688,0.054504,0.945496,0.117389,0.114238
7881,24,0.366874,0.010003,0.010003,0.117264,0.495856,0.054168,0.945832,0.126106,0.127725
7882,30,0.366641,0.010004,0.010004,0.117308,0.496043,0.054267,0.945733,0.129716,0.128907
7883,36,0.366682,0.009997,0.009997,0.117275,0.496049,0.054094,0.945906,0.107946,0.108612
7884,24,0.366915,0.009996,0.009996,0.117231,0.495862,0.053985,0.946015,0.117328,0.117691
7885,24,0.367146,0.009996,0.009996,0.117186,0.495675,0.054625,0.945375,0.117312,0.113624
7886,36,0.36693,0.010314,0.009998,0.117167,0.495592,0.054513,0.945487,0.126157,0.126568
7887,30,0.367111,0.009997,0.009997,0.11713,0.495766,0.055246,0.944754,0.10646,0.102258
7888,24,0.366736,0.010002,0.010002,0.117158,0.4961,0.054681,0.945319,0.130354,0.133273
7889,24,0.366288,0.01,0.01,0.117163,0.496548,0.05414,0.94586,0.120151,0.122866
7890,24,0.366506,0.009997,0.009997,0.117123,0.496378,0.053344,0.946656,0.120721,0.124783
7891,24,0.367051,0.009991,0.009991,0.117021,0.495946,0.053411,0.946589,0.107154,0.106563
7892,24,0.367182,0.009998,0.009998,0.116994,0.495829,0.054602,0.945398,0.111814,0.105154
7893,30,0.367195,0.01,0.01,0.11699,0.495815,0.054063,0.945937,0.120125,0.122859
7894,32,0.36731,0.009996,0.009996,0.116939,0.49576,0.054696,0.945304,0.115213,0.111608
7895,30,0.367494,0.009997,0.009997,0.116903,0.495609,0.055245,0.944755,0.116078,0.112865
7896,30,0.368333,0.009987,0.009987,0.116747,0.494947,0.05535,0.94465,0.08835,0.087532
7897,28,0.367881,0.010483,0.009999,0.116736,0.494901,0.054731,0.945269,0.128502,0.131721
7898,32,0.368603,0.009996,0.009996,0.116692,0.494713,0.054968,0.945032,0.102836,0.101344
7899,32,0.368755,0.009997,0.009997,0.116662,0.494588,0.054708,0.945292,0.114105,0.11524
7900,32,0.368385,0.01,0.01,0.116667,0.494948,0.05465,0.94535,0.118595,0.118688
7901,24,0.367935,0.01,0.01,0.116671,0.495393,0.053902,0.946098,0.118101,0.121929
7902,30,0.367834,0.010002,0.010002,0.11669,0.495473,0.054265,0.945735,0.115292,0.11311
7903,30,0.367429,0.010001,0.010001,0.116704,0.495864,0.053967,0.946033,0.130107,0.131498
7904,38,0.36789,0.009993,0.009993,0.11662,0.495505,0.054185,0.945815,0.091618,0.09025
7905,30,0.368,0.009998,0.009998,0.116597,0.495407,0.053938,0.946062,0.119261,0.120374
7906,24,0.368154,0.009994,0.009994,0.116528,0.49533,0.054684,0.945316,0.113254,0.108953
7907,26,0.367956,0.010003,0.010003,0.116563,0.495476,0.054366,0.945634,0.129492,0.13105
7908,26,0.367823,0.010002,0.010002,0.116588,0.495585,0.05422,0.94578,0.122438,0.123038
7909,24,0.367457,0.0106,0.010212,0.116504,0.495226,0.053461,0.946539,0.131253,0.135145
7910,26,0.367756,0.010008,0.010008,0.116599,0.495629,0.052955,0.947045,0.12614,0.128652
7911,24,0.367899,0.009998,0.009998,0.116575,0.49553,0.05407,0.94593,0.11174,0.105578
7912,30,0.367675,0.009998,0.009998,0.116555,0.495774,0.054624,0.945376,0.112264,0.109032
7913,34,0.367767,0.009998,0.009998,0.116537,0.495698,0.05517,0.94483,0.109019,0.10584
7914,32,0.367817,0.009999,0.009999,0.116528,0.495657,0.055655,0.944345,0.109902,0.106987
7915,24,0.367524,0.010005,0.010005,0.116581,0.495886,0.05554,0.94446,0.134368,0.134806
7916,36,0.367297,0.009999,0.009999,0.116569,0.496136,0.055586,0.944414,0.118711,0.118222
7917,24,0.36694,0.010006,0.010006,0.116635,0.496414,0.055369,0.944631,0.129697,0.130698
7918,26,0.366665,0.010233,0.010001,0.116645,0.496457,0.05484,0.94516,0.125604,0.128334
7919,24,0.366408,0.010147,0.010361,0.116641,0.496442,0.054417,0.945583,0.130651,0.132751
7920,24,0.366559,0.0101,0.010004,0.116689,0.496647,0.053704,0.946296,0.129907,0.133579
7921,26,0.366706,0.009999,0.009999,0.116682,0.496614,0.053776,0.946224,0.114634,0.114041
7922,24,0.366705,0.01,0.01,0.116681,0.496613,0.054682,0.945318,0.12171,0.116533
7923,26,0.366574,0.009999,0.009999,0.116669,0.496758,0.05407,0.94593,0.123727,0.126828
7924,30,0.366761,0.009997,0.009997,0.116634,0.49661,0.054986,0.945014,0.11608,0.110894
7925,30,0.366524,0.010004,0.010004,0.116677,0.496792,0.055429,0.944571,0.129855,0.127172
7926,36,0.365814,0.010768,0.010881,0.1165,0.496038,0.055751,0.944249,0.130173,0.128178
7927,30,0.366349,0.010015,0.010015,0.11667,0.496951,0.055606,0.944394,0.116241,0.116781
7928,32,0.36615,0.010001,0.010001,0.11668,0.497169,0.055636,0.944364,0.117149,0.116749
7929,30,0.365915,0.010004,0.010004,0.116724,0.497354,0.055508,0.944492,0.123137,0.123592
7930,30,0.365918,0.01,0.01,0.116724,0.497358,0.055728,0.944272,0.119722,0.118262
7931,32,0.365955,0.009993,0.010198,0.116648,0.497206,0.056632,0.943368,0.114078,0.108832
7932,34,0.366461,0.009995,0.009995,0.11659,0.496959,0.057192,0.942808,0.093543,0.090093
7933,24,0.366458,0.01,0.01,0.116589,0.496954,0.057434,0.942566,0.12177,0.120152
7934,26,0.366182,0.010381,0.009998,0.116569,0.49687,0.056791,0.943209,0.128084,0.131552
7935,30,0.366509,0.010001,0.010001,0.116578,0.496911,0.057122,0.942878,0.126081,0.123961
7936,24,0.366216,0.010005,0.010005,0.116633,0.497142,0.056468,0.943532,0.126117,0.129621
7937,32,0.366402,0.009991,0.010383,0.116528,0.496696,0.057258,0.942742,0.11164,0.10695
7938,26,0.366362,0.010005,0.010119,0.116583,0.496931,0.056964,0.943036,0.122432,0.123873
7939,24,0.366348,0.009999,0.009999,0.116569,0.497085,0.056701,0.943299,0.120165,0.121346
7940,24,0.36599,0.010006,0.010006,0.116635,0.497364,0.056113,0.943887,0.135787,0.138914
7941,24,0.365897,0.010038,0.010274,0.116595,0.497195,0.055346,0.944654,0.124103,0.128131
7942,30,0.366074,0.01,0.010149,0.116593,0.497185,0.055484,0.944516,0.119324,0.118316
7943,24,0.366568,0.009995,0.009995,0.116529,0.496914,0.056572,0.943428,0.102438,0.096092
7944,32,0.367037,0.009992,0.009992,0.116441,0.496538,0.057178,0.942822,0.106963,0.103284
7945,32,0.367031,0.01,0.01,0.116439,0.49653,0.05742,0.94258,0.125357,0.123738
7946,30,0.367046,0.009995,0.009995,0.116376,0.496589,0.057203,0.942797,0.109483,0.110468
7947,26,0.36697,0.010001,0.010001,0.116388,0.49664,0.057129,0.942871,0.120644,0.120848
7948,24,0.367205,0.009996,0.009996,0.116345,0.496457,0.0583,0.9417,0.111134,0.104119
7949,24,0.367339,0.009998,0.009998,0.116319,0.496346,0.05902,0.94098,0.117893,0.113391
7950,30,0.367269,0.009998,0.009998,0.116296,0.496439,0.058752,0.941248,0.116168,0.117485
7951,36,0.36752,0.009996,0.009996,0.11625,0.496239,0.058627,0.941373,0.117289,0.117774
7952,24,0.367536,0.01,0.01,0.116245,0.496219,0.058184,0.941816,0.124206,0.126533
7953,30,0.368101,0.009991,0.009991,0.116141,0.495776,0.058292,0.941708,0.098872,0.097981
7954,24,0.36825,0.009994,0.009994,0.116071,0.495691,0.059384,0.940616,0.107101,0.100399
7955,30,0.368712,0.00999,0.00999,0.11595,0.495359,0.059538,0.940462,0.102184,0.10103
7956,30,0.369291,0.00999,0.00999,0.115839,0.494888,0.059936,0.940064,0.096666,0.093995
7957,26,0.369149,0.010002,0.010002,0.115862,0.494985,0.059846,0.940154,0.122541,0.122858
7958,26,0.368659,0.010005,0.010005,0.115917,0.495415,0.059431,0.940569,0.121202,0.123432
7959,30,0.368748,0.009999,0.009999,0.115902,0.495353,0.059834,0.940166,0.11837,0.115708
7960,36,0.368552,0.009999,0.009999,0.115889,0.495561,0.060133,0.939867,0.124469,0.122405
7961,24,0.368551,0.01,0.01,0.115889,0.49556,0.059332,0.940668,0.130002,0.134553
7962,26,0.368659,0.009998,0.009998,0.115869,0.495476,0.059605,0.940395,0.114698,0.112861
7963,24,0.368734,0.009992,0.009992,0.115776,0.495506,0.059547,0.940453,0.109307,0.109359
7964,24,0.368961,0.009996,0.009996,0.115732,0.495315,0.060358,0.939642,0.117301,0.112114
7965,38,0.368856,0.009997,0.009997,0.115699,0.495451,0.060996,0.939004,0.111182,0.107052
7966,24,0.368873,0.01,0.01,0.115695,0.495433,0.060925,0.939075,0.124213,0.124341
7967,32,0.368873,0.01,0.01,0.115694,0.495433,0.061156,0.938844,0.115974,0.114291
7968,30,0.368639,0.010004,0.010004,0.115737,0.495617,0.060918,0.939082,0.129745,0.130892
7969,30,0.368962,0.009995,0.009995,0.11568,0.495369,0.060843,0.939157,0.104338,0.104452
7970,30,0.368857,0.010002,0.010002,0.115697,0.495443,0.061471,0.938529,0.115319,0.111211
7971,30,0.369099,0.009996,0.009996,0.115653,0.495255,0.062028,0.937972,0.106035,0.102252
7972,30,0.368995,0.010002,0.010002,0.115671,0.495331,0.06188,0.93812,0.121918,0.122513
7973,30,0.36914,0.009998,0.009998,0.115645,0.49522,0.062311,0.937689,0.112751,0.109795
7974,30,0.369184,0.009996,0.009996,0.115601,0.495222,0.061735,0.938265,0.115787,0.119093
7975,32,0.369357,0.009997,0.009997,0.115568,0.495081,0.0621,0.9379,0.122086,0.119535
7976,30,0.369439,0.009993,0.009993,0.115492,0.495082,0.061975,0.938025,0.106371,0.106842
7977,24,0.369667,0.009996,0.009996,0.115448,0.494893,0.062957,0.937043,0.111102,0.104707
7978,26,0.369936,0.009992,0.009992,0.115361,0.494718,0.062516,0.937484,0.111692,0.114159
7979,26,0.369796,0.010002,0.010002,0.115384,0.494816,0.062177,0.937823,0.122468,0.124328
7980,30,0.369563,0.010004,0.010004,0.115427,0.495002,0.062144,0.937856,0.129879,0.129777
7981,30,0.36936,0.010003,0.010003,0.115466,0.495168,0.061635,0.938365,0.120676,0.12354
7982,30,0.369549,0.009997,0.009997,0.115432,0.495025,0.06209,0.93791,0.116211,0.113084
7983,26,0.369353,0.010517,0.009995,0.115372,0.494763,0.061408,0.938592,0.126026,0.129993
7984,30,0.369867,0.009997,0.009997,0.11534,0.494798,0.061747,0.938253,0.099755,0.097312
7985,24,0.369573,0.010005,0.010005,0.115393,0.495025,0.061088,0.938912,0.128264,0.132073
7986,24,0.369284,0.010005,0.010005,0.115447,0.495259,0.06045,0.93955,0.126206,0.129849
7987,30,0.369474,0.009997,0.009997,0.115414,0.495118,0.060683,0.939317,0.116164,0.11449
7988,24,0.369908,0.009993,0.009993,0.115334,0.494772,0.06176,0.93824,0.102378,0.095475
7989,24,0.370571,0.009989,0.009989,0.11521,0.494241,0.062601,0.937399,0.095883,0.090391
7990,24,0.370126,0.010392,0.010001,0.115216,0.494266,0.061775,0.938225,0.134311,0.13919
7991,26,0.370136,0.010006,0.010006,0.115286,0.494566,0.061419,0.938581,0.12434,0.126283
7992,30,0.37018,0.009999,0.009999,0.11528,0.494541,0.061726,0.938274,0.120037,0.117849
7993,30,0.370289,0.009998,0.009998,0.11526,0.494455,0.062456,0.937544,0.116741,0.111956
7994,24,0.370208,0.009998,0.009998,0.115235,0.494561,0.063589,0.936411,0.111493,0.10404
7995,30,0.370207,0.01,0.01,0.115234,0.494559,0.064236,0.935764,0.119696,0.115244
7996,24,0.370225,0.01,0.01,0.115231,0.494545,0.063733,0.936267,0.115893,0.118784
7997,24,0.370146,0.009998,0.009998,0.115206,0.494652,0.063918,0.936082,0.117613,0.116112
7998,32,0.370331,0.009992,0.009992,0.115115,0.49457,0.064179,0.935821,0.10272,0.100742
7999,26,0.369907,0.010006,0.010006,0.11519,0.494891,0.063956,0.936044,0.13433,0.135478
8000,30,0.369812,0.010002,0.010002,0.115209,0.494975,0.063531,0.936469,0.117956,0.1203
8001,30,0.369525,0.010147,0.010002,0.115236,0.495089,0.063207,0.936793,0.123085,0.124841
8002,24,0.369581,0.010001,0.010001,0.115253,0.495163,0.062716,0.937284,0.123721,0.126521
8003,30,0.369667,0.009999,0.009999,0.115238,0.495098,0.062713,0.937287,0.118333,0.118061
8004,32,0.369337,0.01,0.01,0.115243,0.495419,0.062704,0.937296,0.123706,0.123519
8005,30,0.368892,0.010098,0.01001,0.115245,0.495755,0.06243,0.93757,0.130056,0.131439
8006,36,0.369271,0.009996,0.009996,0.115195,0.495542,0.06285,0.93715,0.100438,0.097542
8007,36,0.369059,0.009998,0.009998,0.115177,0.495767,0.063274,0.936726,0.121387,0.118407
8008,36,0.369857,0.009987,0.009987,0.115031,0.495137,0.064048,0.935952,0.082294,0.077079
8009,32,0.369357,0.010565,0.009996,0.114984,0.495098,0.063758,0.936242,0.137118,0.138673
8010,26,0.369564,0.010006,0.010006,0.115049,0.495376,0.063411,0.936589,0.120445,0.122392
8011,26,0.369496,0.009998,0.009998,0.115027,0.495481,0.063052,0.936948,0.116695,0.118692
8012,26,0.369201,0.010005,0.010005,0.11508,0.49571,0.062442,0.937558,0.125523,0.129086
8013,30,0.36897,0.010004,0.010004,0.115124,0.495898,0.062141,0.937859,0.123235,0.124833
8014,30,0.368904,0.009998,0.009998,0.115103,0.495997,0.062256,0.937744,0.126017,0.124976
8015,24,0.369136,0.009996,0.009996,0.11506,0.495812,0.06333,0.93667,0.111129,0.104118
8016,24,0.36843,0.011082,0.010018,0.114985,0.495485,0.062564,0.937436,0.134217,0.138777
8017,24,0.368927,0.010006,0.010006,0.115056,0.496005,0.062903,0.937097,0.11472,0.112332
8018,30,0.368697,0.009996,0.009996,0.115009,0.496303,0.062933,0.937067,0.106838,0.106377
8019,32,0.368869,0.009997,0.009997,0.114976,0.496161,0.062646,0.937354,0.122063,0.12361
8020,24,0.3691,0.009996,0.009996,0.114933,0.495975,0.063604,0.936396,0.111135,0.104829
8021,24,0.369331,0.009993,0.010201,0.114851,0.495624,0.062801,0.937199,0.119661,0.124417
8022,32,0.369293,0.009999,0.009999,0.114839,0.49587,0.062599,0.937401,0.120196,0.12118
8023,30,0.369043,0.010046,0.010003,0.114877,0.496031,0.062145,0.937855,0.129732,0.132263
8024,24,0.369061,0.01,0.01,0.114883,0.496056,0.063367,0.936633,0.11345,0.10545
8025,24,0.36874,0.010004,0.010081,0.114927,0.496248,0.063174,0.936826,0.134318,0.135249
8026,36,0.368439,0.009996,0.010486,0.114882,0.496197,0.06362,0.93638,0.128298,0.125178
8027,24,0.368284,0.010117,0.010008,0.114978,0.496613,0.063061,0.936939,0.128085,0.131349
8028,24,0.368564,0.009998,0.009998,0.11495,0.496491,0.062939,0.937061,0.117318,0.11779
8029,24,0.368877,0.009995,0.009995,0.114892,0.496241,0.063471,0.936529,0.104924,0.101165
8030,30,0.369098,0.009996,0.009996,0.11485,0.496059,0.064042,0.935958,0.099073,0.095085
8031,30,0.368862,0.010004,0.010004,0.114891,0.49624,0.064382,0.935618,0.129848,0.127361
8032,36,0.369009,0.009994,0.009994,0.114818,0.496186,0.064414,0.935586,0.109094,0.108556
8033,24,0.368712,0.010005,0.010005,0.114869,0.496409,0.063764,0.936236,0.128184,0.132046
8034,24,0.368344,0.010003,0.010003,0.114899,0.496752,0.063314,0.936686,0.124072,0.126643
8035,32,0.368474,0.009998,0.009998,0.114877,0.496654,0.063512,0.936488,0.107577,0.106028
8036,26,0.368337,0.010002,0.010002,0.114901,0.496758,0.063061,0.936939,0.128137,0.130738
8037,32,0.36885,0.009992,0.009992,0.114808,0.496358,0.062845,0.937155,0.091201,0.09222
8038,26,0.369055,0.009997,0.009997,0.114768,0.496184,0.062369,0.937631,0.11737,0.120053
8039,30,0.368779,0.009999,0.009999,0.114757,0.496466,0.062624,0.937376,0.122267,0.120382
8040,30,0.368779,0.01,0.01,0.114757,0.496465,0.063105,0.936895,0.119675,0.116336
8041,32,0.36948,0.009989,0.009989,0.114629,0.495913,0.063152,0.936848,0.089988,0.089362
8042,32,0.369521,0.009999,0.009999,0.114618,0.495863,0.062428,0.937572,0.128057,0.132344
8043,24,0.369228,0.010005,0.010005,0.114671,0.496092,0.06176,0.93824,0.126139,0.129997
8044,24,0.369076,0.009999,0.009999,0.114661,0.496265,0.061132,0.938868,0.112906,0.116434
8045,32,0.369486,0.009991,0.009991,0.114556,0.495976,0.061977,0.938023,0.099255,0.093786
8046,32,0.369414,0.009998,0.009998,0.114534,0.496056,0.061977,0.938023,0.108154,0.107887
8047,26,0.369623,0.009997,0.009997,0.114496,0.495888,0.061421,0.938579,0.117484,0.120656
8048,24,0.369442,0.010274,0.009998,0.114477,0.495808,0.060823,0.939177,0.125062,0.128418
8049,30,0.369786,0.009999,0.009999,0.114464,0.495752,0.060995,0.939005,0.099424,0.097958
8050,30,0.369379,0.010001,0.010001,0.114478,0.496141,0.0604,0.9396,0.120177,0.123509
8051,26,0.369172,0.01,0.01,0.11448,0.496347,0.059906,0.940094,0.124532,0.127273
8052,32,0.369477,0.009995,0.009995,0.114425,0.496108,0.060249,0.939751,0.109317,0.106978
8053,24,0.369317,0.010002,0.010002,0.114452,0.496226,0.059769,0.940231,0.124577,0.127193
8054,24,0.368847,0.010487,0.01,0.11445,0.496217,0.059195,0.940805,0.128079,0.13125
8055,24,0.369463,0.009998,0.009998,0.114426,0.496115,0.05992,0.94008,0.108531,0.103881
8056,24,0.369615,0.009994,0.009994,0.114359,0.496037,0.059814,0.940186,0.113284,0.113651
8057,26,0.369623,0.009995,0.010295,0.114301,0.495786,0.059339,0.940661,0.118198,0.120767
8058,24,0.369073,0.010115,0.010868,0.114274,0.49567,0.059151,0.940849,0.134282,0.135143
8059,26,0.369275,0.010009,0.010053,0.114372,0.496292,0.059191,0.940809,0.11709,0.116639
8060,26,0.369507,0.009997,0.009997,0.114341,0.496157,0.059096,0.940904,0.117452,0.117756
8061,32,0.369418,0.009991,0.010698,0.114228,0.495665,0.059352,0.940648,0.121846,0.120096
8062,26,0.369764,0.01,0.010125,0.114232,0.495879,0.059226,0.940774,0.113724,0.114202
8063,32,0.369787,0.010002,0.010002,0.11425,0.49596,0.059315,0.940685,0.11145,0.110634
8064,32,0.369741,0.010001,0.010001,0.114259,0.495998,0.059581,0.940419,0.110868,0.109015
8065,24,0.369812,0.009996,0.009996,0.114208,0.495989,0.058988,0.941012,0.11068,0.113917
8066,30,0.36934,0.009999,0.009999,0.114201,0.49646,0.058777,0.941223,0.126853,0.127825
8067,28,0.36937,0.01,0.01,0.114196,0.496436,0.058191,0.941809,0.118226,0.121429
8068,24,0.369519,0.009998,0.009998,0.114168,0.496317,0.057764,0.942236,0.114634,0.116804
8069,36,0.369798,0.009995,0.009995,0.114117,0.496094,0.058162,0.941838,0.111879,0.109362
8070,32,0.370129,0.009995,0.009995,0.114055,0.495827,0.058531,0.941469,0.108947,0.106541
8071,26,0.370247,0.009998,0.009998,0.114032,0.495725,0.057887,0.942113,0.118325,0.121842
8072,32,0.370036,0.010001,0.010001,0.114038,0.495926,0.058015,0.941985,0.117138,0.116126
8073,26,0.369875,0.010003,0.010003,0.114067,0.496053,0.057666,0.942334,0.124414,0.126166
8074,26,0.370329,0.009993,0.009993,0.113986,0.495699,0.057963,0.942037,0.10392,0.101962
8075,30,0.37009,0.010004,0.010004,0.114026,0.495876,0.05753,0.94247,0.129798,0.132043
8076,30,0.369796,0.010002,0.010002,0.11405,0.49615,0.05724,0.94276,0.126495,0.127896
8077,32,0.370093,0.009995,0.009995,0.113997,0.495919,0.057268,0.942732,0.110231,0.109788
8078,24,0.369719,0.010002,0.010002,0.114024,0.496252,0.056701,0.943299,0.130384,0.133395
8079,24,0.370156,0.009993,0.009993,0.113946,0.495912,0.057431,0.942569,0.108526,0.104064
8080,24,0.369859,0.010005,0.010005,0.113997,0.496135,0.056947,0.943053,0.126109,0.128644
8081,30,0.369922,0.009999,0.009999,0.113988,0.496092,0.056822,0.943178,0.128486,0.128961
8082,32,0.369898,0.01,0.01,0.113992,0.49611,0.056835,0.943165,0.125444,0.125119
8083,24,0.369512,0.010043,0.010002,0.114015,0.496427,0.055958,0.944042,0.130317,0.135067
8084,32,0.369567,0.009994,0.010364,0.113947,0.496129,0.057085,0.942915,0.107981,0.101439
8085,26,0.369564,0.010006,0.010006,0.114012,0.496412,0.056638,0.943362,0.128173,0.130513
8086,24,0.369801,0.009996,0.009996,0.113971,0.496235,0.057361,0.942639,0.117307,0.112946
8087,32,0.370094,0.009995,0.009995,0.113917,0.495998,0.057623,0.942377,0.11024,0.108442
8088,24,0.370323,0.009996,0.009996,0.113874,0.49581,0.057651,0.942349,0.117302,0.116906
8089,30,0.370087,0.010004,0.010004,0.113915,0.495991,0.057515,0.942485,0.129818,0.130394
8090,30,0.369793,0.010002,0.010002,0.113939,0.496264,0.057624,0.942376,0.13653,0.135686
8091,30,0.369437,0.010334,0.01,0.113944,0.496285,0.057335,0.942665,0.139631,0.141048
8092,26,0.369426,0.010005,0.010005,0.114006,0.496557,0.056984,0.943016,0.124356,0.126154
8093,30,0.369195,0.010007,0.010004,0.114049,0.496746,0.056772,0.943228,0.129729,0.130674
8094,26,0.369233,0.009996,0.009996,0.114009,0.496765,0.057036,0.942964,0.110959,0.109257
8095,30,0.36924,0.01,0.01,0.114006,0.496754,0.056958,0.943042,0.109558,0.109656
8096,24,0.369603,0.009988,0.010388,0.113868,0.496154,0.056173,0.943827,0.114582,0.118767
8097,26,0.369534,0.010004,0.010004,0.113913,0.496546,0.055624,0.944376,0.120721,0.123583
8098,26,0.369291,0.010576,0.010074,0.113838,0.49622,0.055561,0.944439,0.125986,0.126117
8099,26,0.369742,0.010003,0.010003,0.113874,0.496377,0.055133,0.944867,0.117459,0.11962
8100,30,0.369522,0.009998,0.009998,0.113856,0.496626,0.055721,0.944279,0.105719,0.102236
8101,30,0.369707,0.009997,0.009997,0.113822,0.496478,0.05569,0.94431,0.109513,0.10945
8102,30,0.370042,0.009995,0.009995,0.11376,0.496209,0.055903,0.944097,0.0964,0.094904
8103,36,0.369713,0.010612,0.009995,0.113706,0.495974,0.055674,0.944326,0.130272,0.131323
8104,30,0.369868,0.010004,0.010004,0.113754,0.49637,0.056005,0.943995,0.116181,0.114105
8105,24,0.369635,0.01,0.01,0.113759,0.496605,0.055548,0.944452,0.11851,0.120846
8106,32,0.369482,0.01,0.010168,0.113756,0.496594,0.055311,0.944689,0.134011,0.135117
8107,24,0.370008,0.009991,0.009991,0.113653,0.496357,0.055462,0.944538,0.103052,0.101963
8108,24,0.369922,0.009998,0.009998,0.113627,0.496456,0.055014,0.944986,0.119663,0.121905
8109,30,0.369623,0.010002,0.010002,0.113649,0.496724,0.055331,0.944669,0.126618,0.124644
8110,26,0.36949,0.010002,0.010002,0.113674,0.496832,0.054674,0.945326,0.128193,0.131622
8111,32,0.369272,0.010004,0.010004,0.113714,0.497007,0.054513,0.945487,0.124019,0.124707
8112,36,0.369614,0.009995,0.009995,0.113653,0.496743,0.055494,0.944506,0.100534,0.094942
8113,30,0.369734,0.009993,0.009993,0.113571,0.49671,0.055769,0.944231,0.103574,0.101787
8114,32,0.369047,0.010257,0.010976,0.113466,0.496254,0.056174,0.943826,0.123781,0.121315
8115,32,0.369833,0.010002,0.010336,0.113487,0.496343,0.057007,0.942993,0.092402,0.087481
8116,24,0.369879,0.010001,0.010001,0.113501,0.496618,0.05783,0.94217,0.117659,0.112639
8117,24,0.370112,0.009996,0.009996,0.113459,0.496436,0.058585,0.941415,0.11727,0.112622
8118,30,0.370124,0.009994,0.009994,0.113396,0.496491,0.058717,0.941283,0.106515,0.105481
8119,30,0.369886,0.010004,0.010004,0.113437,0.496669,0.05828,0.94172,0.12976,0.132029
8120,32,0.370062,0.009997,0.009997,0.113407,0.496537,0.05796,0.94204,0.115511,0.117163
8121,26,0.37027,0.009997,0.009997,0.113369,0.496369,0.057304,0.942696,0.117372,0.12091
8122,32,0.369837,0.010271,0.009998,0.113342,0.496552,0.057177,0.942823,0.132802,0.1333
8123,30,0.36981,0.010005,0.010005,0.113396,0.496785,0.057133,0.942867,0.122149,0.122146
8124,30,0.36983,0.009997,0.009997,0.11336,0.496817,0.05747,0.94253,0.115,0.112832
8125,24,0.37019,0.009991,0.009991,0.113256,0.496573,0.056744,0.943256,0.10624,0.110093
8126,30,0.370298,0.009998,0.009998,0.113233,0.496473,0.056451,0.943549,0.112739,0.114119
8127,30,0.370264,0.01,0.01,0.113238,0.496497,0.056291,0.943709,0.109892,0.110479
8128,24,0.369596,0.010816,0.01019,0.113176,0.496222,0.055978,0.944022,0.134234,0.135743
8129,36,0.369914,0.010009,0.010009,0.113273,0.496795,0.056413,0.943587,0.11875,0.116075
8130,24,0.370231,0.009995,0.009995,0.113219,0.496559,0.055692,0.944308,0.111581,0.115333
8131,30,0.369993,0.010004,0.010004,0.11326,0.496739,0.056172,0.943828,0.129851,0.12691
8132,24,0.370581,0.009991,0.009991,0.113156,0.496281,0.055515,0.944485,0.101569,0.104945
8133,24,0.370369,0.01,0.01,0.113152,0.496479,0.055468,0.944532,0.120557,0.120566
8134,24,0.370308,0.009998,0.009998,0.113125,0.496572,0.054858,0.945142,0.111932,0.115032
8135,32,0.36972,0.009994,0.010984,0.113052,0.496251,0.055265,0.944735,0.123823,0.12139
8136,30,0.370108,0.010002,0.010435,0.11308,0.496374,0.055606,0.944394,0.116089,0.113948
8137,24,0.369978,0.010009,0.010009,0.113182,0.496822,0.054976,0.945024,0.126203,0.1295
8138,30,0.37028,0.009995,0.009995,0.113131,0.496599,0.055222,0.944778,0.113197,0.111599
8139,36,0.370338,0.009997,0.009997,0.113093,0.496576,0.055403,0.944597,0.115579,0.114294
8140,32,0.369954,0.010351,0.010488,0.113007,0.4962,0.055415,0.944585,0.128124,0.127799
8141,30,0.370107,0.010008,0.01016,0.113103,0.496621,0.055536,0.944464,0.121895,0.120998
8142,24,0.370403,0.009998,0.009998,0.11308,0.496521,0.056588,0.943412,0.1111,0.105007
8143,26,0.370538,0.009995,0.009995,0.11302,0.496453,0.055866,0.944134,0.113757,0.117557
8144,24,0.370242,0.010005,0.010005,0.113071,0.496678,0.055601,0.944399,0.128143,0.129329
8145,24,0.370381,0.009998,0.009998,0.113048,0.496576,0.056676,0.943324,0.111731,0.105476
8146,26,0.370502,0.009998,0.009998,0.113025,0.496477,0.056152,0.943848,0.114541,0.117271
8147,24,0.370208,0.010005,0.010005,0.113077,0.496705,0.055962,0.944038,0.128097,0.128942
8148,30,0.370268,0.009994,0.010345,0.113005,0.496389,0.056142,0.943858,0.125883,0.124641
8149,24,0.370547,0.009998,0.009998,0.112977,0.496481,0.057238,0.942762,0.107052,0.100597
8150,32,0.370432,0.009999,0.009999,0.112965,0.496604,0.057479,0.942521,0.123108,0.121452
8151,26,0.370297,0.010002,0.010002,0.112989,0.49671,0.057424,0.942576,0.128159,0.128252
8152,26,0.37016,0.010012,0.010002,0.113013,0.496813,0.056877,0.943123,0.124288,0.127185
8153,30,0.370105,0.010001,0.010001,0.113025,0.496867,0.056312,0.943688,0.120961,0.123924
8154,24,0.37026,0.009994,0.009994,0.11296,0.496792,0.056169,0.943831,0.113333,0.113868
8155,24,0.370488,0.009996,0.009996,0.112917,0.496603,0.057088,0.942912,0.110987,0.10559
8156,38,0.369953,0.010003,0.010003,0.112946,0.497097,0.05672,0.94328,0.130738,0.132615
8157,32,0.36987,0.009999,0.009999,0.112932,0.4972,0.056673,0.943327,0.120086,0.120119
8158,30,0.369464,0.010001,0.010001,0.112945,0.497589,0.056525,0.943475,0.113621,0.114177
8159,24,0.369601,0.009998,0.009998,0.112921,0.497482,0.057227,0.942773,0.11796,0.113701
8160,24,0.370483,0.009986,0.009986,0.112762,0.496782,0.057125,0.942875,0.094932,0.095166
8161,26,0.370522,0.009996,0.009996,0.112715,0.496771,0.056794,0.943206,0.114612,0.116272
8162,36,0.370847,0.009992,0.009992,0.112629,0.496539,0.057396,0.942604,0.09608,0.092332
8163,24,0.370836,0.009999,0.010062,0.112617,0.496486,0.056736,0.943264,0.124129,0.127639
8164,24,0.370994,0.009998,0.009998,0.1126,0.496409,0.05781,0.94219,0.111759,0.105374
8165,26,0.370712,0.009998,0.009998,0.112579,0.496712,0.057851,0.942149,0.115077,0.11461
8166,24,0.370419,0.010005,0.010005,0.112631,0.496941,0.05713,0.94287,0.126139,0.130066
8167,26,0.370214,0.01,0.01,0.112634,0.497151,0.057234,0.942766,0.124464,0.123673
8168,26,0.370545,0.009995,0.009995,0.112575,0.49689,0.057476,0.942524,0.10863,0.107012
8169,32,0.371011,0.009992,0.009992,0.11249,0.496515,0.057454,0.942546,0.106924,0.106778
8170,30,0.370573,0.009993,0.010886,0.112405,0.496143,0.057818,0.942182,0.131706,0.12936
8171,24,0.370836,0.01001,0.01001,0.112516,0.496629,0.05805,0.94195,0.123227,0.121653
8172,32,0.370993,0.009998,0.009998,0.112491,0.496521,0.058163,0.941837,0.099162,0.098165
8173,26,0.370573,0.010007,0.010007,0.112565,0.496848,0.05778,0.94222,0.128741,0.130748
8174,32,0.370578,0.01,0.01,0.112567,0.496855,0.057989,0.942011,0.115935,0.114463
8175,24,0.370286,0.010005,0.010005,0.112619,0.497086,0.057397,0.942603,0.128195,0.131361
8176,24,0.370378,0.009999,0.009999,0.112604,0.49702,0.056738,0.943262,0.115368,0.118862
8177,30,0.370277,0.010002,0.010002,0.112622,0.497098,0.057219,0.942781,0.122056,0.119053
8178,24,0.370861,0.009991,0.009991,0.112518,0.496639,0.056629,0.943371,0.101545,0.104604
8179,26,0.370855,0.01,0.01,0.112516,0.49663,0.056697,0.943303,0.116566,0.115953
8180,24,0.371117,0.009994,0.01012,0.112446,0.496323,0.056317,0.943683,0.119647,0.121517
8181,32,0.37121,0.01,0.01,0.11245,0.496339,0.057202,0.942798,0.10988,0.10467
8182,24,0.371211,0.01,0.01,0.11245,0.496339,0.056649,0.943351,0.121671,0.124582
8183,24,0.370806,0.010139,0.010004,0.112498,0.496553,0.056062,0.943938,0.1358,0.13891
8184,24,0.371091,0.009998,0.009998,0.112473,0.49644,0.056244,0.943756,0.117293,0.116054
8185,24,0.370588,0.010569,0.01035,0.112395,0.496097,0.055475,0.944525,0.130617,0.134706
8186,26,0.371238,0.010004,0.010004,0.112443,0.49631,0.05553,0.94447,0.114187,0.11366
8187,24,0.37087,0.010003,0.010003,0.112472,0.496653,0.054908,0.945092,0.124229,0.127436
8188,30,0.370771,0.010002,0.010002,0.112491,0.496734,0.054746,0.945254,0.111361,0.111961
8189,24,0.370322,0.01,0.01,0.112496,0.497182,0.054046,0.945954,0.126344,0.129953
8190,30,0.370809,0.009992,0.009992,0.112409,0.496798,0.054171,0.945829,0.097806,0.096832
8191,24,0.370821,0.01,0.01,0.112404,0.496776,0.053548,0.946452,0.124248,0.12739
8192,32,0.370793,0.009993,0.010292,0.112324,0.496598,0.053245,0.946755,0.12149,0.122929
8193,24,0.370607,0.010007,0.010007,0.112408,0.49697,0.052613,0.947387,0.12822,0.131365
8194,26,0.370612,0.01,0.01,0.11241,0.496978,0.052293,0.947707,0.1223,0.123803
8195,30,0.370379,0.010004,0.010004,0.112451,0.497162,0.052006,0.947994,0.123202,0.124509
8196,30,0.370496,0.009998,0.009998,0.112432,0.497075,0.05252,0.94748,0.118318,0.11538
8197,26,0.370823,0.009995,0.009995,0.112373,0.496815,0.051707,0.948293,0.111475,0.115504
8198,26,0.370685,0.010002,0.010002,0.112396,0.496916,0.051657,0.948343,0.122549,0.122648
8199,24,0.370688,0.009997,0.009997,0.112358,0.496962,0.051511,0.948489,0.112515,0.113065
8200,30,0.370452,0.010004,0.010004,0.112399,0.497143,0.051899,0.948101,0.129778,0.127586
8201,32,0.370097,0.010001,0.010001,0.112408,0.497493,0.051715,0.948285,0.114895,0.115663
8202,24,0.370252,0.009994,0.009994,0.112343,0.497417,0.0516,0.9484,0.113284,0.113678
8203,36,0.370498,0.009996,0.009996,0.112297,0.497214,0.051493,0.948507,0.110486,0.110854
8204,24,0.370644,0.009998,0.009998,0.112269,0.497092,0.050942,0.949058,0.114652,0.117235
8205,32,0.371111,0.009993,0.009993,0.112185,0.496719,0.051316,0.948684,0.091458,0.089357
8206,24,0.371105,0.01,0.01,0.112183,0.496712,0.052582,0.947418,0.115481,0.108714
8207,24,0.37154,0.009993,0.009993,0.112106,0.496368,0.05332,0.94668,0.108478,0.104323
8208,30,0.371434,0.010001,0.010001,0.112122,0.496441,0.053828,0.946172,0.121845,0.118918
8209,24,0.371435,0.01,0.01,0.112123,0.496443,0.054734,0.945266,0.1217,0.116516
8210,26,0.371362,0.009998,0.009998,0.1121,0.496542,0.054654,0.945346,0.122375,0.122607
8211,36,0.371144,0.009997,0.009997,0.112064,0.496799,0.054989,0.945011,0.111943,0.109846
8212,24,0.370771,0.010002,0.010002,0.112091,0.497134,0.054573,0.945427,0.130311,0.132369
8213,30,0.371306,0.009992,0.009992,0.111996,0.496714,0.055277,0.944723,0.105526,0.101478
8214,24,0.371237,0.010001,0.010001,0.112006,0.496756,0.054762,0.945238,0.125193,0.127829
8215,24,0.370882,0.010006,0.010006,0.112069,0.497037,0.054034,0.945966,0.135895,0.139686
8216,32,0.371061,0.009997,0.009997,0.112039,0.496905,0.053839,0.946161,0.122066,0.122952
8217,24,0.370767,0.010005,0.010005,0.112091,0.497133,0.053729,0.946271,0.134409,0.134814
8218,24,0.370707,0.010001,0.010001,0.112103,0.497187,0.052935,0.947065,0.131393,0.135446
8219,24,0.370726,0.01,0.01,0.1121,0.497174,0.052253,0.947747,0.124151,0.127536
8220,26,0.370591,0.010002,0.010002,0.112124,0.497281,0.051802,0.948198,0.124459,0.126644
8221,32,0.37072,0.009998,0.009998,0.112102,0.497182,0.052312,0.947688,0.12312,0.120296
8222,24,0.370576,0.009999,0.009999,0.112089,0.497337,0.051433,0.948567,0.127318,0.131717
8223,24,0.370594,0.01,0.01,0.112085,0.497322,0.050415,0.949585,0.124194,0.12917
8224,24,0.370763,0.009997,0.009997,0.112055,0.497188,0.050629,0.949371,0.118763,0.117513
8225,32,0.370474,0.01,0.01,0.112052,0.497474,0.050472,0.949528,0.12351,0.124124
8226,30,0.370419,0.009998,0.009998,0.112032,0.497553,0.050085,0.949915,0.112908,0.114592
8227,24,0.370859,0.009993,0.009993,0.111953,0.497203,0.05,0.95,0.110226,0.113353
8228,30,0.371014,0.009997,0.009997,0.111923,0.497068,0.05018,0.94982,0.109656,0.108569
8229,26,0.370521,0.010005,0.010005,0.111974,0.497495,0.05,0.95,0.125019,0.12766
8230,32,0.369947,0.011177,0.010351,0.111801,0.496725,0.05,0.95,0.135971,0.137878
8231,24,0.370513,0.010015,0.010015,0.111972,0.497484,0.050914,0.949086,0.12172,0.116886
8232,24,0.370472,0.009997,0.010286,0.111933,0.497313,0.050491,0.949509,0.115476,0.117419
8233,36,0.370425,0.010003,0.010003,0.111966,0.497603,0.050581,0.949419,0.121592,0.12095
8234,38,0.371064,0.009988,0.010094,0.111834,0.49702,0.050688,0.949312,0.097661,0.096917
8235,38,0.370947,0.010001,0.010001,0.111843,0.497208,0.050862,0.949138,0.120088,0.119047
8236,24,0.370054,0.010751,0.010849,0.111714,0.496632,0.050727,0.949273,0.134208,0.134695
8237,26,0.370682,0.010012,0.010012,0.111852,0.497442,0.051017,0.948983,0.110979,0.109344
8238,24,0.370745,0.009999,0.009999,0.111845,0.497411,0.050626,0.949374,0.115554,0.117325
8239,30,0.370541,0.009999,0.010278,0.111831,0.497352,0.051359,0.948641,0.121835,0.117915
8240,36,0.370946,0.009994,0.009994,0.11176,0.497307,0.05175,0.94825,0.091253,0.08905
8241,28,0.371423,0.009992,0.009992,0.111673,0.49692,0.051647,0.948353,0.106083,0.10639
8242,24,0.371126,0.010004,0.010004,0.111723,0.497143,0.051396,0.948604,0.134346,0.135423
8243,38,0.370932,0.009999,0.009999,0.11171,0.49736,0.051164,0.948836,0.12169,0.12264
8244,30,0.370526,0.010001,0.010001,0.111723,0.497749,0.050672,0.949328,0.120254,0.122558
8245,36,0.370734,0.009997,0.009997,0.111686,0.497586,0.050649,0.949351,0.115948,0.115844
8246,30,0.370434,0.010002,0.010002,0.111708,0.497854,0.050621,0.949379,0.13652,0.136484
8247,30,0.370605,0.00999,0.010474,0.111593,0.497339,0.051165,0.948835,0.109003,0.106067
8248,30,0.370921,0.010002,0.010002,0.111619,0.497456,0.050993,0.949007,0.109795,0.110434
8249,26,0.37085,0.009998,0.009998,0.111597,0.497557,0.050651,0.949349,0.116678,0.118236
8250,36,0.370826,0.009998,0.010157,0.111572,0.497447,0.050853,0.949147,0.125388,0.124178
8251,30,0.371316,0.009995,0.009995,0.111513,0.497182,0.05167,0.94833,0.100334,0.095942
8252,24,0.371142,0.009995,0.010453,0.111461,0.496949,0.052557,0.947443,0.121554,0.116716
8253,36,0.371332,0.010002,0.010002,0.111481,0.497184,0.053116,0.946884,0.110311,0.10716
8254,26,0.370915,0.010007,0.010007,0.111555,0.497516,0.052795,0.947205,0.128594,0.130107
8255,26,0.370847,0.009998,0.009998,0.111535,0.497622,0.052322,0.947678,0.118678,0.120994
8256,32,0.370733,0.009999,0.009999,0.111523,0.497746,0.052375,0.947625,0.118517,0.118046
8257,26,0.370598,0.010002,0.010002,0.111547,0.497851,0.052024,0.947976,0.122561,0.124227
8258,24,0.371034,0.009993,0.009993,0.11147,0.497509,0.053098,0.946902,0.100301,0.094443
8259,24,0.371103,0.009992,0.009992,0.11138,0.497533,0.05299,0.94701,0.109285,0.10966
8260,32,0.371224,0.009998,0.009998,0.111356,0.497425,0.053059,0.946941,0.107602,0.107054
8261,30,0.371408,0.009997,0.009997,0.111322,0.497276,0.053357,0.946643,0.116207,0.114429
8262,38,0.371178,0.009998,0.009998,0.111297,0.497529,0.053622,0.946378,0.122079,0.120467
8263,32,0.371064,0.009999,0.009999,0.111285,0.497653,0.054238,0.945762,0.107702,0.104204
8264,30,0.370395,0.010716,0.01044,0.111196,0.497253,0.054374,0.945626,0.139573,0.138629
8265,30,0.37059,0.010015,0.010015,0.111366,0.498013,0.054656,0.945344,0.129866,0.128134
8266,30,0.370787,0.009997,0.009997,0.111337,0.497881,0.054844,0.945156,0.116178,0.114918
8267,26,0.371437,0.00999,0.00999,0.111221,0.497363,0.054858,0.945142,0.103446,0.10312
8268,36,0.371679,0.009996,0.009996,0.111174,0.497155,0.054767,0.945233,0.11048,0.110766
8269,24,0.371676,0.01,0.01,0.111173,0.497151,0.055986,0.944014,0.11345,0.106459
8270,26,0.371541,0.010002,0.010002,0.111197,0.497257,0.055515,0.944485,0.128175,0.130609
8271,32,0.371577,0.009995,0.009995,0.111137,0.497297,0.055294,0.944706,0.101722,0.102731
8272,30,0.371339,0.010004,0.010004,0.111177,0.497476,0.054864,0.945136,0.129868,0.132004
8273,24,0.370999,0.010142,0.010003,0.111214,0.497642,0.054065,0.945935,0.134356,0.138519
8274,30,0.370889,0.010581,0.010339,0.111093,0.497099,0.054247,0.945753,0.125824,0.124618
8275,32,0.371023,0.010008,0.010008,0.111177,0.497785,0.05412,0.94588,0.109473,0.109953
8276,24,0.371047,0.01,0.01,0.111175,0.497778,0.053816,0.946184,0.115962,0.117378
8277,24,0.370613,0.010004,0.010004,0.111214,0.498166,0.053138,0.946862,0.131848,0.135279
8278,24,0.370267,0.010156,0.010003,0.11125,0.498324,0.052326,0.947674,0.134324,0.138439
8279,24,0.370034,0.010006,0.010006,0.111319,0.498635,0.05168,0.94832,0.128272,0.131462
8280,24,0.369883,0.010003,0.010003,0.111348,0.498764,0.051456,0.948544,0.124594,0.125579
8281,24,0.369904,0.01,0.01,0.111345,0.498752,0.050792,0.949208,0.11598,0.119176
8282,30,0.36967,0.010004,0.010004,0.111386,0.498937,0.05092,0.94908,0.129834,0.128976
8283,36,0.369713,0.009995,0.010291,0.111328,0.498673,0.051228,0.948772,0.116344,0.114588
8284,30,0.369516,0.010005,0.010005,0.11138,0.499095,0.050888,0.949112,0.126253,0.127784
8285,32,0.368492,0.011164,0.010987,0.111176,0.498181,0.050944,0.949056,0.139248,0.138783
8286,30,0.368481,0.010981,0.010452,0.111309,0.498777,0.050511,0.949489,0.12995,0.131976
8287,32,0.369444,0.010007,0.010007,0.111392,0.499149,0.051243,0.948757,0.092627,0.088722
8288,24,0.369157,0.010005,0.010005,0.111445,0.499388,0.050768,0.949232,0.126115,0.128357
8289,30,0.36927,0.009998,0.009998,0.111427,0.499307,0.051113,0.948887,0.116633,0.114655
8290,24,0.369339,0.009995,0.009995,0.111376,0.499293,0.05059,0.94941,0.110707,0.113127
8291,32,0.369045,0.01,0.01,0.111372,0.499583,0.050315,0.949685,0.120869,0.122092
8292,24,0.36884,0.01,0.01,0.111371,0.49979,0.05,0.95,0.128842,0.133186
8293,26,0.36905,0.009997,0.009997,0.111334,0.499623,0.05,0.95,0.117409,0.120408
8294,24,0.369281,0.009996,0.009996,0.111292,0.499435,0.050157,0.949843,0.117286,0.11632
8295,24,0.368985,0.010005,0.010005,0.111342,0.499663,0.05,0.95,0.128166,0.129958
8296,24,0.368665,0.010088,0.010004,0.111386,0.499857,0.05,0.95,0.126042,0.129152
8297,24,0.368854,0.009995,0.009995,0.111331,0.499825,0.050148,0.949852,0.113207,0.112282
8298,36,0.369068,0.009992,0.009992,0.111243,0.499705,0.050568,0.949432,0.092447,0.090159
8299,24,0.369198,0.009998,0.009998,0.111217,0.499589,0.051327,0.948673,0.117887,0.113817
8300,32,0.369134,0.009996,0.009996,0.111174,0.499701,0.052294,0.947706,0.100863,0.095703
8301,36,0.369143,0.009999,0.010065,0.111159,0.499635,0.052648,0.947352,0.117138,0.115061
8302,24,0.369488,0.009994,0.010099,0.111091,0.499328,0.052286,0.947714,0.111953,0.1136
8303,24,0.369971,0.009994,0.009994,0.111022,0.499019,0.052232,0.947768,0.108025,0.108071
8304,32,0.369953,0.009997,0.009997,0.110992,0.499061,0.053295,0.946705,0.106739,0.100971
8305,32,0.370517,0.009991,0.009991,0.110892,0.49861,0.054002,0.945998,0.102717,0.098765
8306,24,0.370431,0.009998,0.009998,0.110866,0.498708,0.05402,0.94598,0.11773,0.117422
8307,24,0.369976,0.010361,0.010075,0.110869,0.49872,0.053842,0.946158,0.134296,0.135053
8308,24,0.370291,0.009999,0.009999,0.110852,0.498859,0.053807,0.946193,0.113348,0.113342
8309,24,0.370444,0.009994,0.009994,0.110787,0.498781,0.05398,0.94602,0.113219,0.112081
8310,24,0.370147,0.010005,0.010005,0.110837,0.499006,0.05363,0.94637,0.134347,0.13602
8311,30,0.370405,0.009996,0.009996,0.110794,0.498809,0.053479,0.946521,0.107956,0.108507
8312,36,0.370596,0.009994,0.010147,0.110732,0.498531,0.053263,0.946737,0.113063,0.114021
8313,24,0.370703,0.010001,0.010001,0.110738,0.498558,0.052635,0.947365,0.115581,0.118693
8314,32,0.371269,0.009991,0.009991,0.110639,0.498111,0.052892,0.947108,0.102632,0.101082
8315,32,0.371117,0.010002,0.010002,0.110662,0.498217,0.052828,0.947172,0.129544,0.129672
8316,30,0.37128,0.009995,0.009995,0.110604,0.498126,0.052992,0.947008,0.105221,0.104132
8317,24,0.37079,0.010311,0.009999,0.110596,0.498304,0.052219,0.947781,0.130288,0.134189
8318,26,0.371356,0.009996,0.009996,0.110551,0.498101,0.052278,0.947722,0.103948,0.103444
8319,26,0.371562,0.009997,0.009997,0.110513,0.497931,0.051787,0.948213,0.113563,0.115919
8320,26,0.371398,0.010002,0.010002,0.110541,0.498056,0.051605,0.948395,0.12441,0.125143
8321,26,0.371782,0.00999,0.010222,0.110434,0.497572,0.051182,0.948818,0.111894,0.113872
8322,32,0.371581,0.010004,0.010004,0.110477,0.497933,0.051104,0.948896,0.128005,0.128214
8323,26,0.371093,0.010005,0.010005,0.11053,0.498367,0.050674,0.949326,0.121123,0.123132
8324,26,0.370962,0.010002,0.010002,0.110555,0.498479,0.050361,0.949639,0.124356,0.12578
8325,30,0.370764,0.01,0.01,0.110557,0.498678,0.050743,0.949257,0.123016,0.120834
8326,26,0.371108,0.009995,0.009995,0.110497,0.498406,0.050409,0.949591,0.115344,0.116852
8327,32,0.370959,0.010002,0.010002,0.110521,0.498515,0.05065,0.94935,0.120332,0.118922
8328,30,0.370639,0.010002,0.010002,0.110548,0.498808,0.050443,0.949557,0.12009,0.120954
8329,24,0.370955,0.009995,0.009995,0.110494,0.498562,0.05,0.95,0.11307,0.1162
8330,24,0.371274,0.009993,0.010113,0.110414,0.498205,0.050711,0.949289,0.113455,0.109689
8331,24,0.371369,0.01,0.01,0.110417,0.498214,0.050106,0.949894,0.115684,0.118547
8332,26,0.37136,0.01,0.01,0.110418,0.498222,0.05,0.95,0.121133,0.123627
8333,32,0.371522,0.009997,0.010025,0.110385,0.498072,0.05,0.95,0.109174,0.110014
8334,24,0.371306,0.010004,0.010004,0.110427,0.49826,0.050054,0.949946,0.1263,0.125865
8335,30,0.371006,0.010002,0.010002,0.110448,0.498543,0.050015,0.949985,0.119663,0.119703
8336,36,0.37091,0.010002,0.010002,0.110465,0.498622,0.05,0.95,0.130381,0.130431
8337,32,0.3709,0.009995,0.009995,0.110413,0.498696,0.05,0.95,0.109443,0.109943
8338,30,0.371108,0.009997,0.009997,0.110375,0.498524,0.05,0.95,0.108229,0.108796
8339,24,0.370805,0.010029,0.010004,0.110423,0.498739,0.05,0.95,0.134358,0.13947
8340,24,0.370741,0.010002,0.010002,0.11044,0.498816,0.05,0.95,0.125051,0.126535
8341,26,0.37105,0.009995,0.009995,0.110386,0.498573,0.050062,0.949938,0.114199,0.113712
8342,36,0.371297,0.009996,0.009996,0.110341,0.49837,0.050613,0.949387,0.109099,0.106149
8343,24,0.371312,0.01,0.01,0.110337,0.498352,0.050233,0.949767,0.11588,0.117586
8344,24,0.371008,0.010035,0.010004,0.110385,0.498568,0.05,0.95,0.134343,0.136468
8345,24,0.370661,0.010191,0.010003,0.11042,0.498725,0.05,0.95,0.128119,0.131121
8346,26,0.370659,0.010003,0.010003,0.110454,0.498881,0.05,0.95,0.123563,0.124245
8347,32,0.370788,0.009998,0.009998,0.110433,0.498783,0.050131,0.949869,0.123147,0.122326
8348,30,0.370443,0.010166,0.010479,0.110378,0.498535,0.050432,0.949568,0.131693,0.129987
8349,30,0.370682,0.010006,0.010006,0.110449,0.498856,0.050457,0.949543,0.119691,0.119401
8350,26,0.370794,0.009998,0.009998,0.110431,0.498777,0.050704,0.949296,0.114495,0.113084
8351,32,0.370648,0.010002,0.010002,0.110456,0.498891,0.051425,0.948575,0.115854,0.111992
8352,30,0.370314,0.01,0.01,0.110458,0.499227,0.05138,0.94862,0.12001,0.120005
8353,24,0.370314,0.01,0.01,0.110458,0.499228,0.051352,0.948648,0.121789,0.121748
8354,24,0.370022,0.010005,0.010005,0.110509,0.499459,0.050393,0.949607,0.134424,0.139148
8355,26,0.369818,0.01,0.01,0.110512,0.499669,0.050242,0.949758,0.118691,0.119288
8356,30,0.370032,0.009997,0.009997,0.110475,0.4995,0.051397,0.948603,0.113644,0.107594
8357,30,0.369928,0.010002,0.010002,0.110492,0.499577,0.051731,0.948269,0.122098,0.120183
8358,24,0.370083,0.009994,0.009994,0.110428,0.499501,0.051901,0.948099,0.113328,0.112271
8359,24,0.370079,0.01,0.01,0.110426,0.499495,0.053009,0.946991,0.113437,0.10745
8360,32,0.370549,0.009993,0.009993,0.110344,0.499122,0.053383,0.946617,0.102254,0.100036
8361,32,0.370629,0.009996,0.009996,0.110297,0.499083,0.053218,0.946782,0.114181,0.114827
8362,24,0.371407,0.009987,0.009987,0.110159,0.498459,0.05254,0.94746,0.097991,0.101301
8363,32,0.371324,0.009991,0.009991,0.110063,0.498631,0.052909,0.947091,0.101721,0.099587
8364,38,0.370722,0.010001,0.010001,0.110071,0.499206,0.052619,0.947381,0.127755,0.129095
8365,30,0.371049,0.009995,0.009995,0.110014,0.498947,0.052392,0.947608,0.104792,0.105688
8366,24,0.371181,0.009998,0.009998,0.109989,0.498834,0.052219,0.947781,0.126269,0.126972
8367,24,0.370974,0.01,0.01,0.109988,0.499039,0.051566,0.948434,0.120672,0.12387
8368,24,0.371206,0.009996,0.009996,0.109947,0.498854,0.051833,0.948167,0.117265,0.115704
8369,24,0.371179,0.009997,0.009997,0.109913,0.498914,0.051392,0.948608,0.111601,0.113674
8370,32,0.371092,0.009999,0.009999,0.109898,0.499012,0.051824,0.948176,0.118557,0.116149
8371,24,0.37126,0.009997,0.009997,0.109869,0.498877,0.052023,0.947977,0.118726,0.117518
8372,32,0.371295,0.009994,0.009994,0.109808,0.498909,0.052045,0.947955,0.097491,0.097175
8373,30,0.37119,0.010001,0.010001,0.109824,0.498983,0.051873,0.948127,0.122053,0.122688
8374,30,0.37109,0.010002,0.010002,0.109842,0.499065,0.052529,0.947471,0.122072,0.118439
8375,26,0.370883,0.01,0.01,0.109844,0.499272,0.052057,0.947943,0.124529,0.126824
8376,36,0.370434,0.010641,0.010293,0.109757,0.498876,0.052009,0.947991,0.130247,0.130314
8377,24,0.370509,0.010565,0.010005,0.109809,0.499112,0.051232,0.948768,0.131353,0.135193
8378,30,0.370462,0.01001,0.01001,0.109917,0.499602,0.051118,0.948882,0.129925,0.130324
8379,32,0.37085,0.009994,0.009994,0.109853,0.49931,0.051399,0.948601,0.10783,0.106179
8380,36,0.37065,0.009999,0.009999,0.109839,0.499513,0.052082,0.947918,0.116335,0.11261
8381,32,0.370824,0.009997,0.009997,0.109809,0.499374,0.051818,0.948182,0.121954,0.123141
8382,38,0.371109,0.009991,0.009991,0.109712,0.499196,0.051872,0.948128,0.097285,0.096813
8383,32,0.371229,0.009998,0.009998,0.109688,0.499087,0.052311,0.947689,0.123116,0.120631
8384,24,0.370936,0.010005,0.010005,0.109739,0.499316,0.051256,0.948744,0.134425,0.139725
8385,26,0.370521,0.010007,0.010007,0.109813,0.499653,0.050708,0.949292,0.128671,0.1313
8386,24,0.370171,0.010006,0.010006,0.109876,0.499941,0.050181,0.949819,0.129644,0.132143
8387,24,0.370408,0.009996,0.009996,0.109837,0.499762,0.050441,0.949559,0.117375,0.115907
8388,24,0.370909,0.00999,0.010094,0.10973,0.499277,0.050371,0.949629,0.107032,0.107152
8389,32,0.370828,0.01,0.01,0.109728,0.499444,0.05087,0.94913,0.118505,0.11579
8390,36,0.370408,0.010007,0.010007,0.109801,0.499777,0.050481,0.949519,0.139402,0.141214
8391,26,0.37034,0.009998,0.009998,0.109781,0.499882,0.05,0.95,0.122419,0.125993
8392,24,0.37026,0.009998,0.009998,0.109757,0.499987,0.051191,0.948809,0.111466,0.105262
8393,26,0.370383,0.009994,0.010026,0.109695,0.499902,0.051281,0.948719,0.113644,0.112991
8394,24,0.369965,0.010359,0.010001,0.109709,0.499965,0.050537,0.949463,0.134309,0.13794
8395,24,0.369807,0.010008,0.010008,0.1098,0.500377,0.05,0.95,0.1344,0.137604
8396,32,0.370138,0.009995,0.009995,0.109745,0.500127,0.050344,0.949656,0.111754,0.109845
8397,24,0.370659,0.009992,0.009992,0.109652,0.499705,0.050376,0.949624,0.102221,0.10181
8398,26,0.370445,0.01,0.01,0.109652,0.499902,0.05,0.95,0.120718,0.123047
8399,24,0.370445,0.01,0.01,0.109652,0.499902,0.05,0.95,0.12373,0.126584
8400,24,0.370074,0.010003,0.010003,0.10968,0.500241,0.05,0.95,0.122166,0.12517
8401,30,0.37027,0.009997,0.009997,0.109646,0.500089,0.05,0.95,0.110587,0.110817
8402,30,0.370305,0.009999,0.009999,0.109639,0.500057,0.050115,0.949885,0.115748,0.11498
8403,24,0.370473,0.009997,0.009997,0.10961,0.499922,0.050062,0.949938,0.118684,0.118765
8404,30,0.370908,0.009986,0.010428,0.109456,0.499222,0.05,0.95,0.098314,0.098646
8405,24,0.370706,0.01001,0.01001,0.109563,0.499711,0.05,0.95,0.135913,0.138372
8406,24,0.370946,0.009997,0.009997,0.109525,0.499536,0.05083,0.94917,0.117276,0.112881
8407,30,0.371615,0.009989,0.009989,0.109407,0.498999,0.050768,0.949232,0.094211,0.094287
8408,32,0.371463,0.010002,0.010002,0.10943,0.499103,0.051081,0.948919,0.12968,0.127899
8409,32,0.371657,0.009997,0.009997,0.109397,0.498952,0.051275,0.948725,0.111824,0.110605
8410,32,0.371375,0.010002,0.010002,0.109417,0.499205,0.051134,0.948866,0.137251,0.137789
8411,32,0.37117,0.010083,0.010658,0.109321,0.498768,0.051167,0.948833,0.12426,0.123862
8412,24,0.371445,0.010007,0.010007,0.109402,0.499138,0.052041,0.947959,0.121702,0.116969
8413,36,0.371694,0.009996,0.009996,0.109361,0.498952,0.052163,0.947837,0.104406,0.103557
8414,24,0.372059,0.009991,0.009991,0.109259,0.498701,0.052333,0.947667,0.104017,0.102908
8415,32,0.372205,0.009997,0.009997,0.109231,0.49857,0.052406,0.947594,0.104079,0.103468
8416,32,0.372376,0.009997,0.009997,0.1092,0.498429,0.052882,0.947118,0.108023,0.105337
8417,26,0.372374,0.01,0.01,0.109199,0.498427,0.052736,0.947264,0.120385,0.120977
8418,32,0.372605,0.009996,0.009996,0.109159,0.498243,0.052881,0.947119,0.11064,0.10964
8419,32,0.372035,0.010325,0.0108,0.109003,0.497838,0.052805,0.947195,0.126918,0.127113
8420,24,0.372158,0.01001,0.010384,0.109112,0.498336,0.052629,0.947371,0.130853,0.131586
8421,30,0.372305,0.010004,0.010004,0.109155,0.498532,0.052896,0.947104,0.113112,0.111486
8422,24,0.372308,0.01,0.01,0.109156,0.498536,0.052327,0.947673,0.123712,0.126485
8423,32,0.372775,0.009993,0.009993,0.109074,0.498166,0.052093,0.947907,0.106848,0.107812
8424,32,0.372894,0.009996,0.010128,0.109028,0.497954,0.052233,0.947767,0.121878,0.120961
8425,30,0.373164,0.009998,0.009998,0.109003,0.497838,0.052375,0.947625,0.108326,0.107368
8426,30,0.372826,0.01,0.01,0.109003,0.49817,0.052087,0.947913,0.120059,0.121328
8427,30,0.372491,0.01,0.01,0.109004,0.498505,0.051724,0.948276,0.119998,0.121673
8428,38,0.372368,0.010326,0.009997,0.108969,0.49834,0.051326,0.948674,0.129247,0.131102
8429,26,0.372697,0.01,0.01,0.108968,0.498336,0.050847,0.949153,0.11368,0.115945
8430,36,0.3726,0.010002,0.010002,0.108984,0.498413,0.05089,0.94911,0.126273,0.125891
8431,30,0.372685,0.009999,0.009999,0.10897,0.498347,0.051118,0.948882,0.111972,0.110631
8432,36,0.372663,0.009996,0.009996,0.108928,0.498417,0.051625,0.948375,0.10655,0.103771
8433,24,0.372369,0.010005,0.010005,0.108977,0.498644,0.051148,0.948852,0.126133,0.128411
8434,24,0.372681,0.009995,0.009995,0.108925,0.498404,0.050418,0.949582,0.119702,0.12321
8435,26,0.372074,0.010501,0.010002,0.108942,0.498482,0.05,0.95,0.134329,0.138789
8436,24,0.372181,0.010003,0.010003,0.108973,0.49884,0.050837,0.949163,0.117636,0.113206
8437,32,0.372237,0.009994,0.009994,0.108911,0.498863,0.050998,0.949002,0.104584,0.103586
8438,24,0.372773,0.009991,0.009991,0.108816,0.498428,0.051371,0.948629,0.107058,0.104948
8439,24,0.372303,0.010463,0.01,0.108814,0.49842,0.050557,0.949443,0.134318,0.138296
8440,30,0.372661,0.010002,0.010002,0.108832,0.498503,0.05077,0.94923,0.116058,0.114791
8441,30,0.372366,0.010002,0.010002,0.108855,0.498776,0.051024,0.948976,0.119911,0.118442
8442,24,0.372421,0.009999,0.009999,0.108846,0.498735,0.050437,0.949563,0.115588,0.118362
8443,32,0.372138,0.01,0.01,0.108841,0.499022,0.050416,0.949584,0.120545,0.120456
8444,24,0.372062,0.010001,0.010001,0.108854,0.499082,0.050046,0.949954,0.116861,0.118519
8445,30,0.372063,0.01,0.01,0.108854,0.499083,0.050733,0.949267,0.119708,0.116061
8446,24,0.372031,0.010132,0.009998,0.108837,0.499002,0.05,0.95,0.124077,0.12815
8447,32,0.371776,0.010004,0.010004,0.108875,0.499342,0.05,0.95,0.121889,0.121907
8448,26,0.371571,0.01,0.01,0.108878,0.499551,0.05,0.95,0.124397,0.126605
8449,24,0.371793,0.009996,0.010024,0.108834,0.499353,0.050594,0.949406,0.117191,0.114034
8450,24,0.371949,0.009998,0.009998,0.108811,0.499245,0.050313,0.949687,0.114644,0.11586
8451,30,0.371847,0.010002,0.010002,0.108828,0.499322,0.050159,0.949841,0.111282,0.111809
8452,24,0.371938,0.009995,0.009995,0.108776,0.499296,0.050248,0.949752,0.114776,0.114167
8453,30,0.372149,0.009994,0.010009,0.108705,0.499144,0.050264,0.949736,0.116895,0.1166
8454,24,0.372218,0.009996,0.009996,0.108657,0.499134,0.05,0.95,0.11067,0.111814
8455,24,0.371848,0.010205,0.010003,0.108684,0.49926,0.05,0.95,0.134338,0.13619
8456,26,0.371718,0.010002,0.010002,0.108708,0.49957,0.05,0.95,0.124407,0.126764
8457,36,0.371748,0.010015,0.01056,0.108601,0.499076,0.050295,0.949705,0.117161,0.115516
8458,30,0.371961,0.010006,0.010006,0.108664,0.499363,0.051046,0.948954,0.113152,0.109164
8459,38,0.371766,0.009995,0.009995,0.108607,0.499638,0.050969,0.949031,0.109974,0.110141
8460,26,0.371811,0.009996,0.009996,0.108563,0.499634,0.05107,0.94893,0.114544,0.11383
8461,24,0.371644,0.01025,0.010229,0.108506,0.499372,0.050193,0.949807,0.124084,0.128362
8462,30,0.371935,0.010003,0.010003,0.108538,0.49952,0.05,0.95,0.118157,0.121116
8463,30,0.37161,0.010002,0.010002,0.108563,0.499822,0.05,0.95,0.136291,0.136953
8464,30,0.371378,0.010004,0.010004,0.108604,0.50001,0.05,0.95,0.129834,0.131037
8465,24,0.371089,0.010005,0.010005,0.108655,0.500246,0.05,0.95,0.126216,0.129559
8466,30,0.37079,0.010002,0.010002,0.108676,0.50053,0.050435,0.949565,0.119737,0.117378
8467,24,0.37042,0.010003,0.010003,0.108704,0.500871,0.050072,0.949928,0.124195,0.125839
8468,24,0.370264,0.009996,0.009996,0.108658,0.501087,0.05,0.95,0.121878,0.127116
8469,36,0.370383,0.009993,0.010311,0.108581,0.500732,0.050354,0.949646,0.110681,0.108728
8470,32,0.370496,0.010003,0.010003,0.108614,0.500884,0.050866,0.949134,0.11147,0.108707
8471,32,0.370673,0.009997,0.009997,0.108585,0.500748,0.051173,0.948827,0.117409,0.115678
8472,24,0.371213,0.009991,0.009991,0.10849,0.500314,0.051123,0.948877,0.107075,0.107081
8473,30,0.37155,0.009994,0.009994,0.108429,0.500032,0.051314,0.948686,0.100541,0.099289
8474,24,0.371175,0.010002,0.010002,0.108455,0.500365,0.050617,0.949383,0.124222,0.127601
8475,30,0.371101,0.009979,0.011394,0.108225,0.499301,0.050357,0.949643,0.112211,0.113312
8476,24,0.37142,0.010008,0.010357,0.108309,0.499906,0.05,0.95,0.111959,0.115258
8477,24,0.371257,0.010002,0.010387,0.108334,0.50002,0.05,0.95,0.130746,0.13432
8478,32,0.371551,0.010002,0.010002,0.10835,0.500095,0.050696,0.949304,0.115077,0.111432
8479,30,0.371431,0.009992,0.010638,0.10826,0.499679,0.050619,0.949381,0.127493,0.127696
8480,26,0.371457,0.010006,0.010006,0.10833,0.5002,0.050125,0.949875,0.120723,0.123059
8481,30,0.371476,0.009997,0.009997,0.108297,0.500234,0.050452,0.949548,0.113308,0.111468
8482,24,0.371182,0.010005,0.010005,0.108347,0.500463,0.05,0.95,0.128204,0.130321
8483,24,0.370893,0.010005,0.010005,0.108398,0.5007,0.05,0.95,0.134427,0.135504
8484,32,0.371128,0.009996,0.009996,0.108359,0.50052,0.050414,0.949586,0.106003,0.10373
8485,24,0.371588,0.009989,0.009989,0.108242,0.500192,0.0505,0.9495,0.103112,0.102475
8486,30,0.371571,0.009995,0.009995,0.108184,0.500255,0.05063,0.94937,0.109541,0.108697
8487,24,0.371222,0.010148,0.010003,0.108218,0.500409,0.05,0.95,0.128112,0.131158
8488,30,0.371628,0.009996,0.009996,0.108174,0.500206,0.050382,0.949618,0.103067,0.100898
8489,24,0.371625,0.01,0.01,0.108173,0.500202,0.051295,0.948705,0.121701,0.116836
8490,26,0.371478,0.009996,0.009996,0.10813,0.500399,0.050624,0.949376,0.118721,0.121981
8491,30,0.371655,0.009994,0.010162,0.10807,0.500119,0.051079,0.948921,0.115685,0.11316
8492,30,0.371587,0.010004,0.010004,0.108108,0.500298,0.051297,0.948703,0.122157,0.120836
8493,36,0.371797,0.009994,0.009994,0.108048,0.500166,0.05158,0.94842,0.105723,0.104037
8494,24,0.372025,0.009996,0.009996,0.108007,0.499976,0.052638,0.947362,0.111025,0.105336
8495,24,0.371627,0.010112,0.010004,0.108056,0.500201,0.052106,0.947894,0.127513,0.130117
8496,36,0.371396,0.009999,0.009999,0.108043,0.500563,0.052049,0.947951,0.116231,0.116312
8497,32,0.371494,0.009997,0.010073,0.108013,0.500422,0.052534,0.947466,0.123125,0.120417
8498,24,0.371538,0.01,0.01,0.108018,0.500444,0.051868,0.948132,0.115975,0.119235
8499,26,0.371346,0.010003,0.010003,0.108051,0.500598,0.051708,0.948292,0.125724,0.126391
8500,24,0.371793,0.009993,0.009993,0.107975,0.500246,0.051317,0.948683,0.116032,0.117821
8501,30,0.372011,0.009985,0.010705,0.107811,0.499488,0.051159,0.948841,0.110033,0.110636
8502,30,0.371963,0.010003,0.010552,0.107844,0.499638,0.051286,0.948714,0.12185,0.120999
8503,26,0.372352,0.009999,0.009999,0.107838,0.49981,0.050964,0.949036,0.108694,0.110147
8504,32,0.372281,0.010001,0.010001,0.10785,0.499866,0.05138,0.94862,0.11094,0.108629
8505,30,0.371946,0.01,0.01,0.107852,0.500202,0.051089,0.948911,0.119973,0.121254
8506,26,0.371812,0.010002,0.010002,0.107875,0.500309,0.050625,0.949375,0.128141,0.130342
8507,24,0.371573,0.009997,0.010437,0.107841,0.500152,0.05,0.95,0.12501,0.129094
8508,36,0.372018,0.009998,0.009998,0.107814,0.500173,0.050989,0.949011,0.096394,0.091236
8509,30,0.372031,0.009997,0.009997,0.107779,0.500196,0.051558,0.948442,0.114956,0.111846
8510,26,0.371506,0.010134,0.010006,0.107846,0.500508,0.050775,0.949225,0.135709,0.13957
8511,30,0.371643,0.01,0.01,0.107846,0.500511,0.051197,0.948803,0.118549,0.116194
8512,30,0.37173,0.009999,0.009999,0.107832,0.500441,0.051578,0.948422,0.115564,0.113409
8513,24,0.371358,0.010002,0.010002,0.107858,0.500779,0.051059,0.948941,0.124203,0.12666
8514,24,0.370446,0.0108,0.010851,0.107728,0.500174,0.050887,0.949113,0.13421,0.134894
8515,26,0.370986,0.010015,0.010015,0.107885,0.5011,0.050938,0.949062,0.112937,0.112493
8516,36,0.370922,0.009999,0.009999,0.107876,0.501204,0.050997,0.949003,0.120168,0.119669
8517,30,0.371211,0.009995,0.009995,0.107826,0.500973,0.051521,0.948479,0.101981,0.099075
8518,32,0.371379,0.009997,0.009997,0.107796,0.500831,0.051307,0.948693,0.109194,0.110112
8519,26,0.37172,0.009994,0.009994,0.107736,0.500554,0.051515,0.948485,0.111608,0.110307
8520,24,0.371734,0.01,0.01,0.107732,0.500535,0.051394,0.948606,0.124164,0.124568
8521,30,0.371577,0.010152,0.01,0.107733,0.500539,0.051574,0.948426,0.131757,0.130607
8522,26,0.371425,0.010002,0.010002,0.107751,0.50082,0.050924,0.949076,0.124538,0.127693
8523,24,0.371656,0.009993,0.009993,0.107675,0.500683,0.051156,0.948844,0.107495,0.106094
8524,30,0.371643,0.009995,0.009995,0.107619,0.500749,0.051444,0.948556,0.109486,0.107818
8525,38,0.371347,0.009996,0.009996,0.107576,0.501085,0.051705,0.948295,0.111399,0.109852
8526,30,0.371497,0.009996,0.010086,0.107534,0.500888,0.051881,0.948119,0.126002,0.124904
8527,36,0.371376,0.010001,0.010001,0.107543,0.501079,0.052145,0.947855,0.121443,0.11987
8528,24,0.371297,0.009998,0.009998,0.107521,0.501186,0.051748,0.948252,0.117675,0.11956
8529,24,0.371193,0.010321,0.009996,0.107482,0.501007,0.051029,0.948971,0.12411,0.127592
8530,26,0.371045,0.010004,0.010004,0.107528,0.501418,0.050689,0.949311,0.125785,0.127361
8531,28,0.370717,0.010002,0.010002,0.107554,0.501724,0.050359,0.949641,0.119855,0.121358
8532,26,0.370558,0.010003,0.010003,0.107582,0.501855,0.05019,0.94981,0.124426,0.125087
8533,26,0.370352,0.01,0.01,0.107585,0.502063,0.05,0.95,0.12443,0.127433
8534,30,0.370538,0.009997,0.009997,0.107553,0.501915,0.050306,0.949694,0.116037,0.114303
8535,32,0.370574,0.009999,0.009999,0.107546,0.501882,0.050155,0.949845,0.109293,0.109834
8536,24,0.370591,0.01,0.01,0.107543,0.501867,0.05,0.95,0.12414,0.127718
8537,28,0.37026,0.010002,0.010002,0.107568,0.502168,0.05,0.95,0.12521,0.128012
8538,32,0.37014,0.009989,0.010475,0.107454,0.501942,0.05,0.95,0.115534,0.115846
8539,24,0.370312,0.010005,0.010005,0.107504,0.502175,0.051248,0.948752,0.113443,0.106947
8540,30,0.370492,0.009992,0.009992,0.107418,0.502106,0.051431,0.948569,0.099548,0.098405
8541,30,0.370315,0.01,0.01,0.107414,0.502272,0.051728,0.948272,0.11852,0.116791
8542,36,0.370164,0.01,0.01,0.107415,0.502422,0.051685,0.948315,0.124224,0.124226
8543,24,0.370313,0.009998,0.009998,0.107389,0.502302,0.051047,0.948953,0.1147,0.117772
8544,32,0.370166,0.010002,0.010002,0.107413,0.502416,0.051084,0.948916,0.129568,0.129174
8545,30,0.370184,0.009997,0.009997,0.107379,0.502443,0.051355,0.948645,0.124824,0.123247
8546,24,0.370121,0.009998,0.009998,0.107352,0.502532,0.051174,0.948826,0.120156,0.120826
8547,26,0.370226,0.009998,0.009998,0.107334,0.502444,0.051216,0.948784,0.114526,0.114142
8548,32,0.370225,0.01,0.01,0.107333,0.502442,0.051434,0.948566,0.116111,0.114804
8549,24,0.370146,0.009998,0.009998,0.10731,0.502548,0.052267,0.947733,0.11763,0.113073
8550,24,0.370065,0.009998,0.009998,0.107287,0.502652,0.051572,0.948428,0.125871,0.129302
8551,32,0.369999,0.009998,0.009998,0.107268,0.502737,0.052349,0.947651,0.106584,0.102381
8552,26,0.36979,0.01,0.01,0.107269,0.502941,0.052087,0.947913,0.11872,0.119887
8553,32,0.369899,0.009995,0.009995,0.107221,0.502889,0.052476,0.947524,0.114082,0.111836
8554,26,0.370392,0.009991,0.01007,0.107122,0.502426,0.052056,0.947944,0.106145,0.108125
8555,36,0.370267,0.009994,0.010551,0.107059,0.502129,0.05273,0.94727,0.116748,0.113049
8556,34,0.370575,0.010004,0.010004,0.107099,0.502318,0.052905,0.947095,0.111041,0.109895
8557,32,0.370812,0.009994,0.009994,0.107032,0.502168,0.05287,0.94713,0.118802,0.118723
8558,24,0.370516,0.010005,0.010005,0.10708,0.502395,0.05236,0.94764,0.128254,0.13073
8559,24,0.370227,0.010005,0.010005,0.107131,0.502633,0.051933,0.948067,0.128244,0.13027
8560,32,0.370281,0.009999,0.009999,0.107123,0.502597,0.052422,0.947578,0.110073,0.107348
8561,32,0.370234,0.010001,0.010001,0.107131,0.502634,0.052615,0.947385,0.110874,0.109646
8562,24,0.370173,0.009998,0.009998,0.107105,0.502726,0.052263,0.947737,0.12012,0.12173
8563,24,0.3698,0.010002,0.010002,0.107132,0.503063,0.051561,0.948439,0.124125,0.127584
8564,26,0.369667,0.010002,0.010002,0.107155,0.503173,0.051037,0.948963,0.124449,0.126975
8565,38,0.369744,0.009999,0.009999,0.107143,0.503115,0.051263,0.948737,0.115943,0.114604
8566,30,0.369743,0.01,0.01,0.107143,0.503114,0.051123,0.948877,0.12626,0.126809
8567,36,0.370092,0.009994,0.009994,0.107083,0.502836,0.051018,0.948982,0.115797,0.116157
8568,26,0.36988,0.01,0.01,0.107084,0.503036,0.050694,0.949306,0.118806,0.120292
8569,24,0.370423,0.009991,0.009991,0.106992,0.502603,0.050655,0.949345,0.107116,0.107084
8570,30,0.370552,0.009998,0.009998,0.106967,0.502486,0.050416,0.949584,0.116219,0.117243
8571,30,0.370631,0.009994,0.010093,0.106904,0.502378,0.05065,0.94935,0.122493,0.121127
8572,30,0.3705,0.009989,0.010928,0.106781,0.501801,0.050972,0.949028,0.12587,0.124066
8573,24,0.370579,0.010303,0.010453,0.106796,0.501869,0.050271,0.949729,0.124094,0.127436
8574,24,0.371029,0.010005,0.010005,0.106848,0.502114,0.050548,0.949452,0.118766,0.117201
8575,24,0.371123,0.009995,0.009995,0.106797,0.50209,0.050464,0.949536,0.114773,0.115017
8576,26,0.370972,0.009999,0.009999,0.106788,0.502242,0.05,0.95,0.119881,0.123174
8577,24,0.371555,0.009991,0.009991,0.106688,0.501775,0.05005,0.94995,0.104351,0.1039
8578,26,0.370984,0.010003,0.010003,0.106715,0.502296,0.05,0.95,0.117453,0.119341
8579,30,0.371302,0.010015,0.010056,0.106648,0.501979,0.05,0.95,0.11562,0.116971
8580,24,0.371037,0.010005,0.010005,0.106705,0.502247,0.05,0.95,0.126128,0.12951
8581,34,0.370888,0.01,0.01,0.106704,0.502408,0.050072,0.949928,0.121514,0.120984
8582,30,0.370902,0.009997,0.009997,0.10667,0.502434,0.050413,0.949587,0.113296,0.11138
8583,26,0.370947,0.009999,0.009999,0.106661,0.502394,0.05,0.95,0.114849,0.117872
8584,30,0.371031,0.009999,0.009999,0.106647,0.502325,0.05,0.95,0.118465,0.118425
8585,34,0.371182,0.009998,0.009998,0.106621,0.502203,0.05,0.95,0.12135,0.121919
8586,24,0.371024,0.010002,0.010002,0.106646,0.502324,0.05,0.95,0.124687,0.126136
8587,24,0.371044,0.01,0.01,0.106644,0.502313,0.05,0.95,0.124184,0.127206
8588,24,0.371303,0.009991,0.010284,0.10655,0.501871,0.050677,0.949323,0.113464,0.109862
8589,24,0.371114,0.010007,0.010007,0.106629,0.502243,0.050365,0.949635,0.128261,0.129673
8590,26,0.370984,0.010002,0.010002,0.106654,0.502358,0.050282,0.949718,0.122555,0.122816
8591,24,0.370694,0.010005,0.010005,0.106703,0.502593,0.050104,0.949896,0.128158,0.128875
8592,30,0.370785,0.009999,0.009999,0.10669,0.502528,0.050674,0.949326,0.108993,0.105934
8593,30,0.370428,0.01,0.01,0.106694,0.502877,0.050924,0.949076,0.120047,0.118575
8594,26,0.370638,0.009997,0.009997,0.106659,0.50271,0.050559,0.949441,0.117474,0.119147
8595,24,0.370344,0.010005,0.010005,0.106707,0.50294,0.050214,0.949786,0.134344,0.135905
8596,36,0.370202,0.010388,0.009996,0.106666,0.502747,0.050092,0.949908,0.12467,0.125105
8597,30,0.370319,0.010004,0.010004,0.106712,0.502961,0.050058,0.949942,0.1198,0.119761
8598,30,0.369902,0.010504,0.009999,0.106698,0.502898,0.05,0.95,0.129678,0.131352
8599,30,0.370015,0.010199,0.010003,0.106731,0.503052,0.05,0.95,0.119596,0.120192
8600,24,0.369719,0.010005,0.010005,0.106779,0.503493,0.05,0.95,0.124113,0.127417
8601,32,0.370192,0.009993,0.009993,0.106701,0.503122,0.050107,0.949893,0.091513,0.090772
8602,30,0.369985,0.00999,0.010829,0.106591,0.502606,0.051037,0.948963,0.116499,0.111619
8603,30,0.370065,0.010007,0.010007,0.10666,0.503262,0.051557,0.948443,0.112231,0.109368
8604,24,0.370206,0.009998,0.009998,0.106639,0.503159,0.052267,0.947733,0.117873,0.113974
8605,24,0.369849,0.010006,0.010006,0.106699,0.503441,0.051543,0.948457,0.13591,0.139508
8606,30,0.36949,0.009996,0.010638,0.106652,0.503223,0.051526,0.948474,0.136702,0.136615
8607,24,0.370603,0.009992,0.009992,0.106571,0.502841,0.050889,0.949111,0.09716,0.100177
8608,26,0.370524,0.010001,0.010001,0.106582,0.502892,0.050273,0.949727,0.123606,0.126539
8609,26,0.370106,0.010007,0.010007,0.106653,0.503227,0.050109,0.949891,0.134329,0.134972
8610,24,0.369819,0.010005,0.010005,0.106704,0.503467,0.05,0.95,0.134438,0.13726
8611,26,0.369814,0.01,0.01,0.106707,0.503479,0.05,0.95,0.119115,0.11922
8612,24,0.369464,0.01016,0.010003,0.106739,0.503634,0.05,0.95,0.134324,0.135874
8613,24,0.369448,0.010003,0.010003,0.10677,0.503777,0.05,0.95,0.125068,0.127736
8614,30,0.369216,0.010004,0.010004,0.10681,0.503967,0.050436,0.949564,0.12987,0.127494
8615,38,0.369024,0.009999,0.009999,0.106797,0.504181,0.050551,0.949449,0.126792,0.126024
8616,36,0.369315,0.009995,0.010031,0.106741,0.503918,0.05053,0.94947,0.11452,0.114409
8617,36,0.369014,0.010241,0.010327,0.106699,0.503718,0.050664,0.949336,0.123371,0.122526
8618,26,0.369047,0.010007,0.010121,0.10677,0.504055,0.050353,0.949647,0.124327,0.125734
8619,32,0.369303,0.009994,0.010068,0.106708,0.503927,0.050281,0.949719,0.118713,0.118832
8620,32,0.369737,0.009992,0.009992,0.106618,0.503662,0.051008,0.948992,0.0992,0.095354
8621,30,0.369922,0.010003,0.010212,0.106545,0.503318,0.051236,0.948764,0.125617,0.124256
8622,26,0.369867,0.010004,0.010004,0.10659,0.503534,0.050746,0.949254,0.12814,0.130481
8623,32,0.369672,0.010405,0.009997,0.106556,0.50337,0.051115,0.948885,0.121596,0.11955
8624,24,0.369528,0.010009,0.010009,0.106648,0.503807,0.05043,0.94957,0.128271,0.131584
8625,26,0.369534,0.01,0.01,0.10665,0.503815,0.050008,0.949992,0.126205,0.128175
8626,24,0.369035,0.010532,0.010027,0.10664,0.503767,0.05,0.95,0.134262,0.1357
8627,24,0.368458,0.011326,0.009997,0.106607,0.503612,0.05,0.95,0.13424,0.138039
8628,30,0.369311,0.010002,0.010002,0.106631,0.504054,0.050285,0.949715,0.096057,0.094444
8629,30,0.369313,0.01,0.01,0.106631,0.504056,0.050498,0.949502,0.129439,0.12815
8630,26,0.369523,0.009997,0.009997,0.106596,0.503888,0.050011,0.949989,0.117392,0.119647
8631,24,0.369753,0.009996,0.009996,0.106556,0.503699,0.051175,0.948825,0.109038,0.102965
8632,30,0.369621,0.010001,0.010078,0.106564,0.503736,0.05143,0.94857,0.131859,0.130372
8633,26,0.369757,0.009999,0.009999,0.106554,0.50369,0.051488,0.948512,0.114607,0.114135
8634,26,0.369102,0.010577,0.010806,0.106427,0.503088,0.051583,0.948417,0.128002,0.127339
8635,30,0.369277,0.010014,0.010014,0.106575,0.50412,0.051341,0.948659,0.119983,0.120998
8636,32,0.369579,0.009996,0.009996,0.106529,0.503901,0.052069,0.947931,0.096497,0.092552
8637,24,0.369063,0.010001,0.010001,0.106542,0.504392,0.051365,0.948635,0.121567,0.125023
8638,26,0.369039,0.009997,0.009997,0.106514,0.504453,0.05082,0.94918,0.111153,0.113746
8639,36,0.369061,0.009997,0.009997,0.106484,0.50446,0.051784,0.948216,0.110296,0.105206
8640,24,0.36898,0.009998,0.009998,0.106461,0.504563,0.052617,0.947383,0.117627,0.113041
8641,30,0.369165,0.009997,0.009997,0.106429,0.504412,0.05331,0.94669,0.116168,0.112312
8642,24,0.369235,0.009995,0.009995,0.106381,0.504394,0.052914,0.947086,0.110691,0.11258
8643,24,0.369089,0.009999,0.009999,0.106367,0.504546,0.052471,0.947529,0.121109,0.123238
8644,32,0.36903,0.009998,0.009998,0.106348,0.504627,0.052592,0.947408,0.109293,0.108469
8645,26,0.368893,0.010002,0.010002,0.10637,0.504733,0.052066,0.947934,0.124379,0.126968
8646,30,0.368895,0.01,0.01,0.10637,0.504735,0.051935,0.948065,0.126293,0.126772
8647,24,0.369045,0.009998,0.009998,0.106345,0.504615,0.051485,0.948515,0.114635,0.116735
8648,32,0.369059,0.009997,0.009997,0.106312,0.504635,0.051794,0.948206,0.110709,0.108928
8649,32,0.368949,0.009999,0.010163,0.106302,0.504587,0.052082,0.947918,0.126295,0.124625
8650,24,0.369008,0.010002,0.010002,0.106319,0.504669,0.052075,0.947925,0.121706,0.121504
8651,30,0.369196,0.009997,0.009997,0.106288,0.504521,0.052769,0.947231,0.116164,0.112342
8652,30,0.370127,0.009985,0.009985,0.106131,0.503772,0.052928,0.947072,0.08541,0.084298
8653,36,0.370265,0.009993,0.009993,0.106056,0.503693,0.053082,0.946918,0.109162,0.108142
8654,24,0.37026,0.01,0.01,0.106055,0.503686,0.053046,0.946954,0.121704,0.121682
8655,24,0.37026,0.01,0.01,0.106055,0.503686,0.054058,0.945942,0.115411,0.109827
8656,32,0.370691,0.009993,0.009993,0.105982,0.503341,0.054429,0.945571,0.102694,0.100446
8657,26,0.370419,0.010001,0.010001,0.105992,0.503586,0.053958,0.946042,0.125739,0.128114
8658,26,0.370275,0.009999,0.009999,0.105984,0.503743,0.054092,0.945908,0.116959,0.116054
8659,32,0.370257,0.009992,0.010202,0.105899,0.50365,0.054977,0.945023,0.108148,0.103162
8660,36,0.370012,0.009998,0.009998,0.105883,0.504109,0.055006,0.944994,0.116433,0.116045
8661,30,0.370197,0.009997,0.009997,0.105851,0.503958,0.054969,0.945031,0.109444,0.109404
8662,30,0.370024,0.01,0.01,0.105848,0.504129,0.054786,0.945214,0.118525,0.119258
8663,26,0.369819,0.01019,0.01,0.10585,0.50414,0.054243,0.945757,0.124273,0.127026
8664,24,0.369442,0.010208,0.010002,0.105875,0.504473,0.053477,0.946523,0.130261,0.13419
8665,32,0.369792,0.009998,0.009998,0.105851,0.504361,0.053482,0.946518,0.107409,0.10715
8666,26,0.369656,0.010002,0.010002,0.105874,0.504466,0.053366,0.946634,0.128205,0.128643
8667,24,0.369264,0.010062,0.010002,0.105894,0.504778,0.052665,0.947335,0.130262,0.133799
8668,26,0.369287,0.010001,0.010001,0.105901,0.50481,0.052921,0.947079,0.116598,0.115074
8669,26,0.369153,0.010002,0.010002,0.105924,0.504919,0.052779,0.947221,0.122468,0.123044
8670,26,0.369581,0.009993,0.010014,0.105849,0.504563,0.052972,0.947028,0.110759,0.109539
8671,24,0.370252,0.009989,0.009989,0.105738,0.504032,0.053981,0.946019,0.097931,0.092313
8672,24,0.369526,0.011128,0.01001,0.105663,0.503674,0.053169,0.946831,0.134219,0.138377
8673,26,0.369322,0.010371,0.010012,0.105795,0.5045,0.052768,0.947232,0.130653,0.13259
8674,24,0.369385,0.010002,0.010002,0.105812,0.504799,0.052952,0.947048,0.117633,0.116449
8675,26,0.368895,0.010005,0.010005,0.105862,0.505234,0.052309,0.947691,0.124896,0.128093
8676,30,0.368991,0.009999,0.009999,0.105848,0.505164,0.052351,0.947649,0.12338,0.122914
8677,30,0.369177,0.009997,0.009997,0.105816,0.505013,0.052422,0.947578,0.116056,0.115469
8678,26,0.369628,0.009993,0.009993,0.105739,0.504648,0.052679,0.947321,0.103956,0.102408
8679,32,0.369995,0.009994,0.010016,0.105672,0.504324,0.053,0.947,0.107799,0.105872
8680,24,0.370148,0.009998,0.009998,0.105648,0.504209,0.052683,0.947317,0.114772,0.116218
8681,24,0.369854,0.010005,0.010005,0.105696,0.50444,0.052221,0.947779,0.128184,0.130411
8682,24,0.369244,0.010867,0.009996,0.105654,0.504239,0.051219,0.948781,0.134271,0.139278
8683,36,0.368413,0.011428,0.011384,0.10546,0.503315,0.051695,0.948305,0.13016,0.127547
8684,36,0.369202,0.01002,0.010529,0.10567,0.50458,0.052218,0.947782,0.106705,0.10379
8685,24,0.369112,0.01001,0.01001,0.105777,0.505091,0.051533,0.948467,0.128263,0.13165
8686,26,0.368984,0.010002,0.010002,0.105802,0.505209,0.05118,0.94882,0.122476,0.124118
8687,24,0.369219,0.009996,0.009996,0.105763,0.505025,0.052007,0.947993,0.117274,0.112774
8688,26,0.36895,0.010001,0.010001,0.105774,0.505274,0.051681,0.948319,0.125728,0.127253
8689,36,0.3688,0.01,0.01,0.105775,0.505425,0.051813,0.948187,0.128414,0.127537
8690,26,0.368236,0.010003,0.010003,0.105804,0.505955,0.051241,0.948759,0.121199,0.123967
8691,32,0.368092,0.010002,0.010002,0.105829,0.506074,0.051215,0.948785,0.129666,0.129616
8692,24,0.367801,0.010005,0.010005,0.105878,0.506311,0.050627,0.949373,0.134414,0.137253
8693,24,0.367493,0.010054,0.010004,0.105923,0.506526,0.05,0.95,0.134318,0.137924
8694,36,0.367344,0.01,0.010198,0.105925,0.506533,0.050531,0.949469,0.126227,0.123385
8695,30,0.36758,0.009996,0.009996,0.105887,0.50654,0.050959,0.949041,0.112449,0.110073
8696,32,0.367827,0.009996,0.009996,0.105844,0.506336,0.051336,0.948664,0.110323,0.108163
8697,30,0.368012,0.009997,0.009997,0.105812,0.506182,0.051347,0.948653,0.116207,0.115969
8698,30,0.367915,0.009998,0.009998,0.105796,0.506292,0.051576,0.948424,0.109632,0.108241
8699,32,0.368454,0.009991,0.01004,0.105697,0.505819,0.051848,0.948152,0.099912,0.098323
8700,32,0.368418,0.010001,0.010001,0.105708,0.505872,0.052689,0.947311,0.11717,0.112588
8701,32,0.368508,0.009994,0.009994,0.105642,0.505863,0.053106,0.946894,0.097624,0.09523
8702,24,0.368737,0.009996,0.009996,0.105601,0.505669,0.053258,0.946742,0.117275,0.116257
8703,24,0.368967,0.009996,0.009996,0.105562,0.505479,0.054436,0.945564,0.111112,0.104545
8704,24,0.368672,0.010005,0.010005,0.10561,0.505709,0.053771,0.946229,0.1282,0.131604
8705,30,0.368442,0.009998,0.010357,0.10559,0.505613,0.054008,0.945992,0.131707,0.130196
8706,24,0.368806,0.01,0.01,0.105588,0.505606,0.053976,0.946024,0.117336,0.117303
8707,30,0.368806,0.01,0.01,0.105588,0.505606,0.054263,0.945737,0.129557,0.127762
8708,36,0.368709,0.010002,0.010002,0.105604,0.505684,0.054314,0.945686,0.126284,0.125817
8709,30,0.368641,0.009998,0.009998,0.105585,0.505778,0.055361,0.944639,0.11616,0.110227
8710,32,0.368617,0.009993,0.009993,0.105509,0.505888,0.055732,0.944268,0.106023,0.103737
8711,30,0.368315,0.010002,0.010002,0.105529,0.506153,0.055789,0.944211,0.119885,0.119355
8712,36,0.367962,0.009995,0.010691,0.105472,0.505881,0.05609,0.94391,0.130302,0.128423
8713,26,0.367903,0.010004,0.010482,0.105517,0.506094,0.055618,0.944382,0.128125,0.130564
8714,30,0.368269,0.010002,0.010002,0.105537,0.50619,0.055535,0.944465,0.116223,0.116474
8715,24,0.369018,0.009988,0.009988,0.105412,0.505593,0.054975,0.945025,0.098411,0.101218
8716,24,0.36901,0.01,0.01,0.10541,0.505581,0.054243,0.945757,0.121739,0.125533
8717,24,0.368638,0.010002,0.010002,0.105436,0.505921,0.053629,0.946371,0.124098,0.127208
8718,24,0.368207,0.01038,0.010001,0.105446,0.505966,0.052901,0.947099,0.126007,0.129684
8719,24,0.368269,0.010002,0.010002,0.105463,0.506264,0.052131,0.947869,0.12594,0.129807
8720,32,0.368133,0.009997,0.009997,0.105435,0.506437,0.052231,0.947769,0.116171,0.115405
8721,24,0.367838,0.010005,0.010005,0.105483,0.506669,0.051626,0.948374,0.128272,0.131246
8722,30,0.367921,0.009994,0.0101,0.105422,0.506563,0.051848,0.948152,0.122461,0.121122
8723,24,0.367584,0.010003,0.010003,0.105459,0.50695,0.051322,0.948678,0.124085,0.126624
8724,32,0.367614,0.009994,0.009994,0.105398,0.506999,0.051713,0.948287,0.111934,0.109737
8725,36,0.368209,0.009985,0.010321,0.105241,0.506243,0.051837,0.948163,0.098819,0.097977
8726,36,0.36841,0.009997,0.009997,0.105213,0.506382,0.051605,0.948395,0.105275,0.106275
8727,24,0.368105,0.010001,0.010001,0.105227,0.506665,0.051225,0.948775,0.12222,0.123977
8728,30,0.368293,0.009997,0.009997,0.105196,0.506516,0.052081,0.947919,0.116061,0.111484
8729,30,0.368089,0.009998,0.009998,0.105175,0.506741,0.052125,0.947875,0.112168,0.111694
8730,32,0.368262,0.009997,0.009997,0.105145,0.506598,0.05243,0.94757,0.117388,0.115621
8731,30,0.368013,0.009999,0.009999,0.105131,0.506859,0.052953,0.947047,0.112246,0.109295
8732,32,0.367563,0.010455,0.009997,0.105102,0.506882,0.05268,0.94732,0.137098,0.138339
8733,32,0.367621,0.010002,0.010002,0.105118,0.507258,0.05308,0.94692,0.11401,0.111705
8734,32,0.367749,0.009998,0.009998,0.105098,0.507157,0.053695,0.946305,0.115036,0.111566
8735,24,0.367885,0.009998,0.009998,0.105074,0.507045,0.053241,0.946759,0.12004,0.122245
8736,32,0.368128,0.009996,0.009996,0.105033,0.506847,0.05317,0.94683,0.117747,0.117905
8737,30,0.368467,0.009992,0.009992,0.104947,0.506602,0.053952,0.946048,0.098496,0.094104
8738,26,0.368181,0.010235,0.010001,0.104953,0.50663,0.053614,0.946386,0.129413,0.131056
8739,24,0.369249,0.009987,0.009987,0.104815,0.505963,0.053532,0.946468,0.093987,0.094173
8740,36,0.368774,0.010655,0.010324,0.104724,0.505523,0.05371,0.94629,0.13024,0.129066
8741,24,0.368729,0.010319,0.010011,0.104843,0.506098,0.053226,0.946774,0.126094,0.12849
8742,24,0.368925,0.010002,0.010002,0.104865,0.506206,0.053445,0.946555,0.119535,0.118157
8743,26,0.368733,0.010003,0.010003,0.104898,0.506363,0.052922,0.947078,0.125704,0.128324
8744,30,0.368634,0.010002,0.010002,0.104915,0.506448,0.053109,0.946891,0.131912,0.130703
8745,30,0.368753,0.009995,0.009995,0.104865,0.506392,0.053209,0.946791,0.112665,0.111957
8746,26,0.368614,0.010002,0.010002,0.104886,0.506496,0.052874,0.947126,0.122373,0.12396
8747,24,0.368635,0.01,0.01,0.104884,0.506482,0.051851,0.948149,0.124205,0.12935
8748,24,0.368571,0.010001,0.010001,0.104894,0.506533,0.051445,0.948555,0.1232,0.12512
8749,24,0.36843,0.009999,0.009999,0.104882,0.50669,0.051005,0.948995,0.121155,0.123217
8750,32,0.368084,0.01,0.01,0.104883,0.507032,0.051368,0.948632,0.118432,0.116406
8751,24,0.368008,0.010001,0.010001,0.104896,0.507093,0.050427,0.949573,0.125161,0.129758
8752,24,0.367883,0.010002,0.010002,0.104917,0.507196,0.05,0.95,0.12468,0.127102
8753,26,0.368943,0.009983,0.009983,0.104742,0.506349,0.050195,0.949805,0.09151,0.090318
8754,26,0.368795,0.010002,0.010002,0.104761,0.50644,0.050151,0.949849,0.128148,0.128204
8755,26,0.368589,0.01,0.01,0.104763,0.506648,0.05,0.95,0.12447,0.126434
8756,32,0.368589,0.01,0.01,0.104763,0.506648,0.050361,0.949639,0.12068,0.118703
8757,24,0.368739,0.009998,0.009998,0.104738,0.506527,0.05,0.95,0.114749,0.117391
8758,24,0.369174,0.009993,0.009993,0.104665,0.506175,0.050744,0.949256,0.108573,0.104603
8759,24,0.36948,0.009995,0.009995,0.104612,0.505918,0.05,0.95,0.119764,0.12337
8760,32,0.369527,0.009999,0.009999,0.104602,0.505872,0.050959,0.949041,0.109915,0.104944
8761,24,0.369234,0.010005,0.010005,0.104651,0.506106,0.050458,0.949542,0.128182,0.130555
8762,32,0.369273,0.009995,0.009995,0.104595,0.506143,0.050264,0.949736,0.100185,0.10099
8763,30,0.369035,0.010004,0.010004,0.104632,0.506325,0.050404,0.949596,0.123247,0.122381
8764,24,0.368959,0.009998,0.009998,0.104611,0.506434,0.05,0.95,0.125811,0.129529
8765,26,0.369168,0.009997,0.009997,0.104576,0.506263,0.05,0.95,0.117377,0.11947
8766,36,0.369068,0.009995,0.009995,0.104522,0.506421,0.050473,0.949527,0.103622,0.101075
8767,26,0.369429,0.009994,0.009994,0.10446,0.506122,0.050779,0.949221,0.104797,0.10308
8768,26,0.369891,0.009993,0.009993,0.104382,0.505743,0.050624,0.949376,0.106664,0.107272
8769,26,0.369794,0.009992,0.010569,0.1043,0.505345,0.050731,0.949269,0.118211,0.117474
8770,36,0.369786,0.010002,0.010002,0.104324,0.505885,0.05091,0.94909,0.111889,0.110784
8771,32,0.369704,0.009996,0.009996,0.104288,0.506015,0.051397,0.948603,0.103298,0.10064
8772,30,0.369398,0.010002,0.010002,0.104306,0.506292,0.051724,0.948276,0.126229,0.124368
8773,32,0.369262,0.009997,0.009997,0.104278,0.506465,0.051854,0.948146,0.116116,0.115254
8774,24,0.369445,0.009997,0.009997,0.104247,0.506314,0.051829,0.948171,0.114399,0.114268
8775,32,0.36957,0.009998,0.009998,0.104225,0.506209,0.051728,0.948272,0.11839,0.118729
8776,32,0.369243,0.010001,0.010113,0.104231,0.506412,0.051324,0.948676,0.136146,0.138058
8777,24,0.369256,0.01,0.010078,0.104235,0.506431,0.052141,0.947859,0.121614,0.117166
8778,32,0.369021,0.010123,0.010003,0.104267,0.506586,0.052026,0.947974,0.125433,0.125838
8779,24,0.369222,0.009995,0.009995,0.104219,0.506568,0.052058,0.947942,0.113324,0.112971
8780,30,0.368926,0.010786,0.009992,0.104136,0.506161,0.051563,0.948437,0.126082,0.128429
8781,24,0.36843,0.011307,0.010019,0.104127,0.506117,0.051042,0.948958,0.125971,0.128452
8782,24,0.368454,0.010267,0.010013,0.104265,0.507001,0.050689,0.949311,0.124175,0.125797
8783,26,0.368422,0.010005,0.010005,0.104316,0.507252,0.050347,0.949653,0.12432,0.125891
8784,30,0.368192,0.010004,0.010004,0.104356,0.507445,0.05,0.95,0.129786,0.131841
8785,26,0.368405,0.009997,0.009997,0.104322,0.507279,0.05,0.95,0.117409,0.117297
8786,24,0.368587,0.009997,0.009997,0.104291,0.507128,0.05,0.95,0.114358,0.117087
8787,24,0.368585,0.01,0.01,0.10429,0.507125,0.05,0.95,0.12166,0.124781
8788,24,0.368661,0.009992,0.009992,0.104207,0.507148,0.05008,0.94992,0.10924,0.108654
8789,24,0.36914,0.009992,0.009992,0.104125,0.50675,0.05,0.95,0.107539,0.108957
8790,26,0.369242,0.009998,0.009998,0.104106,0.506656,0.050063,0.949937,0.114507,0.114025
8791,32,0.36903,0.010001,0.010001,0.104111,0.506857,0.050345,0.949655,0.11708,0.115492
8792,30,0.369124,0.009999,0.009999,0.104096,0.506783,0.050774,0.949226,0.106976,0.104599
8793,30,0.369414,0.009995,0.009995,0.104048,0.506548,0.051242,0.948758,0.116012,0.11336
8794,32,0.369177,0.010001,0.010001,0.104056,0.506765,0.051247,0.948753,0.126437,0.126226
8795,30,0.369311,0.009998,0.009998,0.104034,0.506659,0.051077,0.948923,0.107853,0.108429
8796,30,0.369324,0.009995,0.009995,0.103977,0.506709,0.05122,0.94878,0.106447,0.105518
8797,30,0.369352,0.009999,0.01002,0.103967,0.506661,0.051428,0.948572,0.120037,0.118757
8798,30,0.369655,0.009996,0.009996,0.103921,0.506433,0.051709,0.948291,0.113218,0.111546
8799,24,0.369296,0.010006,0.010006,0.103978,0.506715,0.051512,0.948488,0.127648,0.128495
8800,24,0.369319,0.01,0.01,0.103976,0.506705,0.050806,0.949194,0.124201,0.127607
8801,24,0.368811,0.011193,0.009989,0.103862,0.506146,0.050354,0.949646,0.131227,0.133328
8802,30,0.369617,0.010006,0.010006,0.103924,0.506448,0.0501,0.9499,0.094564,0.095573
8803,24,0.36925,0.010003,0.010003,0.103951,0.506794,0.05,0.95,0.122115,0.124668
8804,26,0.369617,0.009994,0.009994,0.103891,0.506503,0.050077,0.949923,0.104712,0.104135
8805,30,0.369316,0.010002,0.010002,0.103911,0.506769,0.05,0.95,0.126475,0.127315
8806,38,0.368785,0.010003,0.010003,0.103939,0.507271,0.050075,0.949925,0.1162,0.115647
8807,32,0.368457,0.01,0.01,0.103943,0.507599,0.050176,0.949824,0.106789,0.10607
8808,24,0.368086,0.010003,0.010003,0.103969,0.50794,0.05,0.95,0.130243,0.133869
8809,24,0.367717,0.010003,0.010003,0.103996,0.508283,0.05,0.95,0.122121,0.124754
8810,24,0.367719,0.01,0.01,0.103996,0.508285,0.05,0.95,0.129934,0.130031
8811,24,0.367737,0.01,0.01,0.103993,0.50827,0.05,0.95,0.115941,0.117539
8812,24,0.367444,0.010005,0.010005,0.104041,0.508506,0.05,0.95,0.12617,0.128027
8813,24,0.367447,0.01,0.01,0.104042,0.50851,0.051154,0.948846,0.11334,0.107331
8814,26,0.367312,0.010002,0.010002,0.104065,0.508619,0.050743,0.949257,0.128246,0.13019
8815,30,0.367128,0.009987,0.011002,0.103929,0.507955,0.05171,0.94829,0.115975,0.110872
8816,30,0.367507,0.010002,0.010469,0.103952,0.50807,0.05188,0.94812,0.116158,0.115103
8817,32,0.367491,0.01,0.010349,0.103948,0.508212,0.051968,0.948032,0.133874,0.133243
8818,24,0.367103,0.010158,0.010454,0.103969,0.508316,0.052025,0.947975,0.128033,0.127533
8819,32,0.366915,0.01052,0.010014,0.104014,0.508537,0.051831,0.948169,0.130052,0.13088
8820,30,0.366909,0.010003,0.010003,0.104049,0.509036,0.052033,0.947967,0.112122,0.110854
8821,24,0.366833,0.009998,0.009998,0.104027,0.509144,0.052865,0.947135,0.117617,0.113021
8822,32,0.366862,0.009999,0.009999,0.104022,0.509117,0.052953,0.947047,0.117104,0.116431
8823,32,0.366825,0.009998,0.009998,0.103999,0.509181,0.053468,0.946532,0.106804,0.103879
8824,36,0.367343,0.009988,0.010224,0.103874,0.50857,0.053483,0.946517,0.100424,0.100105
8825,24,0.366971,0.010002,0.010002,0.1039,0.509123,0.053061,0.946939,0.126245,0.128284
8826,24,0.367207,0.009996,0.009996,0.103862,0.508938,0.053985,0.946015,0.111028,0.105915
8827,30,0.367314,0.009998,0.009998,0.103844,0.508846,0.054321,0.945679,0.116763,0.114728
8828,30,0.367264,0.010442,0.009994,0.103778,0.508522,0.054023,0.945977,0.129131,0.130512
8829,38,0.367323,0.010002,0.010002,0.103794,0.50888,0.054669,0.945331,0.111119,0.107407
8830,32,0.367178,0.010002,0.010002,0.103819,0.508999,0.054762,0.945238,0.114198,0.113457
8831,24,0.366887,0.010005,0.010005,0.103867,0.509237,0.054131,0.945869,0.128199,0.13144
8832,24,0.367609,0.009989,0.009989,0.10375,0.508663,0.053706,0.946294,0.097934,0.099963
8833,32,0.368492,0.009986,0.009986,0.103602,0.507935,0.054317,0.945683,0.084934,0.081435
8834,32,0.368606,0.009996,0.010132,0.103556,0.50771,0.054542,0.945458,0.121891,0.120479
8835,24,0.368361,0.010006,0.010006,0.103617,0.508011,0.053676,0.946324,0.134352,0.138859
8836,30,0.368724,0.009994,0.009994,0.103559,0.507728,0.054207,0.945793,0.100579,0.097469
8837,24,0.36872,0.01,0.01,0.103558,0.507722,0.055112,0.944888,0.121698,0.116491
8838,32,0.368655,0.009998,0.009998,0.10354,0.507808,0.055342,0.944658,0.106591,0.105101
8839,26,0.368362,0.010005,0.010005,0.103588,0.508042,0.054965,0.945035,0.130962,0.13283
8840,24,0.367993,0.010003,0.010003,0.103614,0.508387,0.054541,0.945459,0.124097,0.12621
8841,30,0.368182,0.009997,0.009997,0.103584,0.508239,0.054505,0.945495,0.109604,0.109588
8842,24,0.368624,0.009993,0.009993,0.103511,0.50788,0.053833,0.946167,0.110223,0.113614
8843,30,0.368673,0.009993,0.009993,0.103442,0.507898,0.054624,0.945376,0.109384,0.104904
8844,30,0.368567,0.010001,0.010001,0.103457,0.507973,0.054728,0.945272,0.11536,0.114538
8845,24,0.367931,0.010901,0.010025,0.103409,0.507735,0.053923,0.946077,0.134223,0.138409
8846,26,0.368264,0.010009,0.010009,0.103506,0.508212,0.053305,0.946695,0.124877,0.128028
8847,30,0.368169,0.009997,0.009997,0.103471,0.508367,0.05324,0.94676,0.116357,0.116447
8848,36,0.368148,0.009996,0.009996,0.10343,0.50843,0.053733,0.946267,0.106408,0.103558
8849,30,0.367582,0.010955,0.010831,0.103222,0.50741,0.05365,0.94635,0.132966,0.133183
8850,32,0.36874,0.01001,0.01001,0.103325,0.507915,0.054256,0.945744,0.094661,0.091173
8851,24,0.368748,0.01,0.01,0.103327,0.507925,0.05516,0.94484,0.121667,0.116453
8852,32,0.368304,0.010492,0.010112,0.1033,0.507792,0.054829,0.945171,0.139412,0.141051
8853,24,0.368526,0.010006,0.010006,0.103363,0.508099,0.055657,0.944343,0.121668,0.116862
8854,26,0.368741,0.009997,0.009997,0.103329,0.507936,0.055009,0.944991,0.117387,0.120755
8855,26,0.368531,0.01,0.01,0.10333,0.508138,0.054639,0.945361,0.120581,0.122415
8856,32,0.36842,0.009999,0.009999,0.10332,0.508262,0.055239,0.944761,0.108247,0.10476
8857,24,0.368419,0.01,0.01,0.10332,0.508261,0.055263,0.944737,0.121721,0.121358
8858,32,0.36837,0.010001,0.010004,0.103327,0.508298,0.055591,0.944409,0.126279,0.124249
8859,24,0.368079,0.010005,0.010005,0.103376,0.508536,0.055081,0.944919,0.128222,0.130823
8860,30,0.367887,0.01,0.01,0.103378,0.508734,0.055279,0.944721,0.111988,0.110655
8861,24,0.368345,0.009993,0.009993,0.103303,0.508367,0.054401,0.945599,0.111117,0.115695
8862,30,0.368169,0.01,0.01,0.103299,0.508533,0.054568,0.945432,0.11851,0.117361
8863,26,0.36855,0.009991,0.009991,0.103204,0.508264,0.05459,0.94541,0.100202,0.099824
8864,24,0.368467,0.010001,0.010001,0.103215,0.508316,0.05392,0.94608,0.12515,0.128555
8865,24,0.368701,0.009996,0.009996,0.103177,0.508129,0.05385,0.94615,0.117306,0.117482
8866,24,0.3683,0.01107,0.009989,0.103065,0.507576,0.05283,0.94717,0.129806,0.135052
8867,32,0.368519,0.010344,0.010008,0.103147,0.507982,0.053044,0.946956,0.117089,0.115743
8868,24,0.369023,0.009998,0.009998,0.103122,0.50786,0.052261,0.947739,0.118326,0.122236
8869,32,0.368876,0.010002,0.010002,0.103145,0.507974,0.052809,0.947191,0.115709,0.112645
8870,24,0.368576,0.010029,0.010004,0.103191,0.508199,0.052336,0.947664,0.128071,0.130361
8871,26,0.368096,0.010005,0.010005,0.103243,0.508651,0.051695,0.948305,0.130629,0.133801
8872,26,0.367965,0.010002,0.010002,0.103266,0.508765,0.051639,0.948361,0.128142,0.128256
8873,24,0.367667,0.010022,0.010005,0.103312,0.508994,0.051056,0.948944,0.128076,0.130868
8874,26,0.367182,0.010209,0.010005,0.103363,0.509241,0.050463,0.949537,0.128543,0.131381
8875,26,0.367174,0.010041,0.010003,0.103393,0.50939,0.05,0.95,0.123539,0.126809
8876,24,0.366897,0.010005,0.010005,0.103445,0.509648,0.05,0.95,0.134429,0.138472
8877,30,0.366917,0.009995,0.009995,0.10339,0.509704,0.050173,0.949827,0.10643,0.105363
8878,24,0.366541,0.010002,0.010002,0.103415,0.510039,0.05,0.95,0.122088,0.124506
8879,24,0.366413,0.009996,0.010404,0.10337,0.509818,0.05,0.95,0.124125,0.125293
8880,32,0.366387,0.009999,0.009999,0.103362,0.510253,0.050035,0.949965,0.124657,0.124291
8881,24,0.36662,0.009996,0.009996,0.103324,0.510063,0.050195,0.949805,0.117316,0.11634
8882,24,0.366803,0.009997,0.009997,0.103293,0.50991,0.050454,0.949546,0.11436,0.112804
8883,24,0.366507,0.010005,0.010005,0.10334,0.510143,0.05,0.95,0.126192,0.129169
8884,30,0.367033,0.009992,0.009992,0.103256,0.509727,0.050297,0.949703,0.112099,0.110378
8885,32,0.366699,0.01,0.01,0.10326,0.510041,0.050116,0.949884,0.117361,0.118108
8886,26,0.36664,0.010001,0.010001,0.103269,0.510089,0.05,0.95,0.12743,0.1301
8887,30,0.367074,0.009993,0.009993,0.103199,0.509741,0.050303,0.949697,0.10255,0.100789
8888,24,0.366459,0.010857,0.009996,0.103156,0.509531,0.05,0.95,0.134223,0.136475
8889,26,0.366564,0.010009,0.010009,0.103246,0.510172,0.05,0.95,0.118776,0.119057
8890,32,0.366458,0.009997,0.009997,0.103216,0.510332,0.050358,0.949642,0.116095,0.11411
8891,30,0.366515,0.009997,0.010094,0.10319,0.510203,0.050423,0.949577,0.123386,0.122851
8892,26,0.366341,0.010001,0.010001,0.103201,0.510455,0.050063,0.949937,0.118769,0.120424
8893,24,0.366049,0.010005,0.010005,0.103249,0.510693,0.05,0.95,0.13432,0.136172
8894,30,0.366171,0.009995,0.009995,0.1032,0.510638,0.050185,0.949815,0.112628,0.111491
8895,30,0.366168,0.01,0.01,0.103199,0.510633,0.050031,0.949969,0.119604,0.120167
8896,30,0.365938,0.009994,0.010621,0.103135,0.510313,0.050269,0.949731,0.129381,0.127975
8897,36,0.365916,0.009999,0.010528,0.103129,0.510428,0.050556,0.949444,0.126807,0.12517
8898,24,0.366246,0.010003,0.010003,0.103161,0.510587,0.051628,0.948372,0.109706,0.104052
8899,36,0.365976,0.009998,0.009998,0.103137,0.510891,0.051705,0.948295,0.113386,0.112771
8900,32,0.365779,0.009996,0.009996,0.103092,0.511138,0.052133,0.947867,0.109271,0.106846
8901,26,0.365355,0.010007,0.010007,0.10316,0.511472,0.051644,0.948356,0.124719,0.127064
8902,32,0.365835,0.009993,0.009993,0.103084,0.511096,0.052065,0.947935,0.102364,0.09996
8903,24,0.365458,0.010002,0.010002,0.103108,0.511429,0.051625,0.948375,0.130311,0.132406
8904,30,0.365225,0.010004,0.010004,0.103147,0.511621,0.051746,0.948254,0.129861,0.129056
8905,24,0.364924,0.010001,0.010001,0.103162,0.511911,0.051631,0.948369,0.12229,0.122704
8906,32,0.364814,0.009999,0.009999,0.103152,0.512036,0.051765,0.948235,0.123088,0.122203
8907,26,0.364605,0.01,0.01,0.103154,0.512241,0.05136,0.94864,0.124445,0.126374
8908,24,0.364606,0.01,0.01,0.103154,0.512241,0.052626,0.947374,0.115534,0.108764
8909,26,0.364398,0.01,0.01,0.103155,0.512446,0.052288,0.947712,0.118682,0.120273
8910,24,0.36457,0.009997,0.009997,0.103128,0.512308,0.0525,0.9475,0.118797,0.1175
8911,30,0.364538,0.01,0.01,0.103132,0.51233,0.052439,0.947561,0.12648,0.126523
8912,36,0.36457,0.009997,0.010125,0.103106,0.512201,0.053089,0.946911,0.112219,0.108626
8913,30,0.364701,0.01,0.01,0.103105,0.512195,0.053242,0.946758,0.118364,0.117328
8914,26,0.364701,0.01,0.01,0.103105,0.512194,0.052881,0.947119,0.120505,0.122244
8915,30,0.364633,0.009998,0.009998,0.103085,0.512286,0.05319,0.94681,0.122744,0.120903
8916,24,0.363951,0.010881,0.009997,0.103052,0.512119,0.052394,0.947606,0.13566,0.139697
8917,24,0.363683,0.010637,0.010008,0.103136,0.512536,0.051628,0.948372,0.13578,0.139604
8918,26,0.36406,0.010001,0.010001,0.103147,0.51279,0.05173,0.94827,0.113758,0.113026
8919,24,0.363625,0.010004,0.010004,0.103184,0.513184,0.051326,0.948674,0.123487,0.125399
8920,24,0.363628,0.01,0.01,0.103184,0.513188,0.052136,0.947864,0.121686,0.117312
8921,24,0.363333,0.010005,0.010005,0.103232,0.513425,0.051735,0.948265,0.128109,0.130004
8922,24,0.363489,0.009998,0.009998,0.103208,0.513307,0.051245,0.948755,0.114705,0.117016
8923,36,0.363784,0.009993,0.009993,0.103135,0.513096,0.051537,0.948463,0.108901,0.107199
8924,24,0.363484,0.010004,0.010004,0.103181,0.513326,0.050827,0.949173,0.126097,0.129562
8925,30,0.363252,0.010004,0.010004,0.10322,0.513521,0.050719,0.949281,0.12976,0.130145
8926,32,0.363143,0.009999,0.009999,0.10321,0.513649,0.051064,0.948936,0.113803,0.111852
8927,30,0.363083,0.009996,0.009996,0.103167,0.513759,0.051389,0.948611,0.107011,0.105121
8928,32,0.363145,0.009996,0.009996,0.103127,0.513736,0.051777,0.948223,0.119821,0.117625
8929,26,0.363006,0.010002,0.010002,0.103148,0.513842,0.05124,0.94876,0.12814,0.130757
8930,24,0.362635,0.010003,0.010003,0.103174,0.514185,0.050829,0.949171,0.130194,0.132109
8931,26,0.363008,0.009994,0.009994,0.103115,0.513889,0.050215,0.949785,0.103712,0.106595
8932,36,0.362852,0.01,0.01,0.103115,0.514033,0.050864,0.949136,0.121526,0.118049
8933,26,0.362716,0.010002,0.010002,0.103137,0.514143,0.05021,0.94979,0.128157,0.13129
8934,30,0.362765,0.009993,0.010384,0.103066,0.513792,0.050939,0.949061,0.11601,0.112148
8935,32,0.362755,0.010006,0.010006,0.103129,0.514104,0.051052,0.948948,0.115661,0.114891
8936,32,0.362653,0.009997,0.009997,0.103099,0.514254,0.050865,0.949135,0.120106,0.120874
8937,24,0.362425,0.010001,0.01019,0.103105,0.51428,0.050104,0.949896,0.130672,0.134356
8938,24,0.362086,0.010315,0.010003,0.10314,0.514456,0.05,0.95,0.134276,0.139356
8939,26,0.36204,0.010006,0.010006,0.103199,0.514749,0.05,0.95,0.115009,0.117061
8940,26,0.361433,0.010525,0.010001,0.103214,0.514826,0.05,0.95,0.13415,0.137964
8941,26,0.361415,0.010005,0.010005,0.10327,0.515303,0.05,0.95,0.12065,0.12296
8942,36,0.360996,0.010007,0.010007,0.10334,0.515651,0.05,0.95,0.135123,0.137209
8943,24,0.360872,0.010002,0.010002,0.103362,0.515761,0.05,0.95,0.126625,0.129364
8944,24,0.360932,0.009999,0.009999,0.103353,0.515717,0.05,0.95,0.115738,0.11769
8945,32,0.360627,0.010002,0.010002,0.103376,0.515993,0.05,0.95,0.137207,0.137992
8946,26,0.360421,0.01,0.01,0.103378,0.516201,0.05,0.95,0.124304,0.124462
8947,24,0.360581,0.009994,0.009994,0.103318,0.516113,0.050232,0.949768,0.113331,0.112012
8948,24,0.361043,0.009993,0.009993,0.103241,0.51573,0.05,0.95,0.102988,0.105774
8949,30,0.360801,0.010004,0.010004,0.103278,0.515914,0.05,0.95,0.129705,0.13005
8950,26,0.360913,0.009998,0.009998,0.103261,0.515829,0.050224,0.949776,0.114508,0.113219
8951,24,0.361466,0.009991,0.009991,0.103171,0.51538,0.050508,0.949492,0.107332,0.105702
8952,24,0.362122,0.009989,0.009989,0.103062,0.514837,0.050706,0.949294,0.099476,0.098243
8953,24,0.362114,0.01,0.01,0.10306,0.514826,0.051505,0.948495,0.121628,0.117337
8954,24,0.362114,0.01,0.01,0.10306,0.514826,0.051191,0.948809,0.129903,0.131323
8955,24,0.361678,0.010003,0.010003,0.103096,0.515219,0.050652,0.949348,0.131716,0.13428
8956,38,0.361488,0.009999,0.009999,0.103084,0.515431,0.050819,0.949181,0.126859,0.125827
8957,30,0.362031,0.009991,0.009991,0.102996,0.514991,0.051534,0.948466,0.105666,0.101825
8958,32,0.362202,0.009997,0.009997,0.102965,0.514839,0.051689,0.948311,0.112839,0.111863
8959,24,0.361827,0.010002,0.010002,0.10299,0.515177,0.051076,0.948924,0.13024,0.133223
8960,24,0.361829,0.01,0.01,0.102991,0.51518,0.051987,0.948013,0.121683,0.116757
8961,32,0.361947,0.009996,0.009996,0.102945,0.515116,0.052847,0.947153,0.115059,0.110401
8962,24,0.361867,0.009998,0.009998,0.102923,0.515215,0.052118,0.947882,0.11972,0.123331
8963,32,0.361833,0.009998,0.009998,0.102899,0.515273,0.052638,0.947362,0.107617,0.104704
8964,32,0.361527,0.010002,0.010002,0.102921,0.515548,0.052443,0.947557,0.137216,0.138055
8965,26,0.361808,0.009993,0.009993,0.102845,0.515361,0.051945,0.948055,0.107935,0.110343
8966,26,0.361667,0.010002,0.010002,0.102865,0.515464,0.051505,0.948495,0.128109,0.130228
8967,32,0.361605,0.009998,0.009998,0.102848,0.515551,0.051739,0.948261,0.106565,0.105163
8968,26,0.361603,0.01,0.01,0.102847,0.515549,0.052009,0.947991,0.116615,0.115043
8969,30,0.361367,0.010004,0.010004,0.102886,0.51574,0.052026,0.947974,0.129704,0.129388
8970,32,0.3612,0.009995,0.009995,0.102838,0.515972,0.05293,0.94707,0.109128,0.104219
8971,28,0.36093,0.010004,0.010004,0.10288,0.516182,0.052326,0.947674,0.128532,0.13155
8972,24,0.361169,0.009996,0.009996,0.102843,0.515995,0.052531,0.947469,0.117261,0.115997
8973,34,0.361243,0.009999,0.009999,0.10283,0.51593,0.05276,0.94724,0.119107,0.117702
8974,24,0.361015,0.010004,0.010004,0.102866,0.516112,0.052626,0.947374,0.126272,0.126784
8975,24,0.361462,0.009993,0.009993,0.102795,0.515757,0.053685,0.946315,0.100438,0.09459
8976,24,0.361401,0.009997,0.009997,0.102768,0.515836,0.05306,0.94694,0.120064,0.123194
8977,36,0.361205,0.009999,0.009999,0.102757,0.51604,0.053214,0.946786,0.124466,0.123456
8978,24,0.36088,0.010085,0.010004,0.102796,0.516236,0.052698,0.947302,0.12804,0.130581
8979,34,0.360912,0.010001,0.010001,0.102805,0.516282,0.052997,0.947003,0.121456,0.119678
8980,24,0.360617,0.010005,0.010005,0.102853,0.516521,0.052369,0.947631,0.128121,0.131254
8981,30,0.360499,0.009997,0.010332,0.102819,0.516353,0.053089,0.946911,0.11949,0.115494
8982,24,0.3604,0.01,0.01,0.102819,0.516781,0.052244,0.947756,0.123237,0.127501
8983,24,0.360637,0.009996,0.009996,0.102781,0.516589,0.052175,0.947825,0.117288,0.117419
8984,32,0.360584,0.010137,0.009999,0.102766,0.516514,0.052049,0.947951,0.122096,0.122555
8985,28,0.361205,0.009992,0.009992,0.102688,0.516122,0.052144,0.947856,0.100895,0.100196
8986,26,0.360777,0.010006,0.010006,0.102755,0.516456,0.051833,0.948167,0.134207,0.135635
8987,24,0.360485,0.010005,0.010005,0.102804,0.516701,0.051185,0.948815,0.126045,0.129207
8988,32,0.360804,0.009995,0.009995,0.102754,0.516452,0.050958,0.949042,0.107488,0.108423
8989,32,0.3608,0.01,0.01,0.102753,0.516447,0.051156,0.948844,0.109782,0.108591
8990,26,0.361388,0.009991,0.009991,0.102658,0.515972,0.051398,0.948602,0.100611,0.099197
8991,24,0.361009,0.010002,0.010002,0.102682,0.516304,0.050695,0.949305,0.12401,0.127421
8992,30,0.36113,0.009998,0.009998,0.102664,0.51621,0.050732,0.949268,0.129255,0.128889
8993,26,0.360921,0.01,0.01,0.102665,0.516414,0.050309,0.949691,0.124398,0.126379
8994,32,0.360738,0.009998,0.009998,0.102645,0.516621,0.050364,0.949636,0.112596,0.112122
8995,26,0.360952,0.009997,0.009997,0.10261,0.516445,0.05,0.95,0.117489,0.12006
8996,26,0.361059,0.009998,0.009998,0.102592,0.516353,0.050226,0.949774,0.114598,0.113305
8997,30,0.36099,0.009998,0.009998,0.102572,0.516441,0.050516,0.949484,0.116089,0.114433
8998,30,0.361187,0.009997,0.009997,0.10254,0.516279,0.050985,0.949015,0.106225,0.103585
8999,24,0.36089,0.010005,0.010005,0.102587,0.516515,0.050356,0.949644,0.128122,0.131124
9000,24,0.360915,0.01,0.01,0.102584,0.516502,0.05,0.95,0.115918,0.117875
9001,26,0.360877,0.010001,0.010001,0.10259,0.516532,0.05,0.95,0.115695,0.118603
9002,30,0.360988,0.009998,0.009998,0.102572,0.516443,0.050922,0.949078,0.116766,0.111951
9003,30,0.360817,0.01,0.01,0.102569,0.516614,0.051014,0.948986,0.111875,0.111172
9004,32,0.360939,0.009992,0.010088,0.102487,0.516494,0.050708,0.949292,0.114842,0.116178
9005,38,0.361185,0.009997,0.009997,0.10246,0.51636,0.050643,0.949357,0.117093,0.117204
9006,24,0.361337,0.009998,0.009998,0.102435,0.516233,0.050254,0.949746,0.114744,0.116519
9007,36,0.361227,0.009997,0.009997,0.102404,0.516376,0.050869,0.949131,0.10887,0.105552
9008,32,0.360912,0.01036,0.010965,0.102235,0.515528,0.050433,0.949567,0.124663,0.126696
9009,32,0.360735,0.010683,0.010526,0.102284,0.515772,0.05032,0.94968,0.125367,0.125758
9010,30,0.361105,0.010013,0.01004,0.102414,0.516428,0.050436,0.949564,0.117687,0.116894
9011,24,0.361048,0.009998,0.009998,0.102398,0.516558,0.05,0.95,0.125882,0.12919
9012,24,0.360687,0.010006,0.010006,0.102455,0.516847,0.05,0.95,0.12956,0.131853
9013,24,0.360318,0.010003,0.010003,0.102482,0.517195,0.05,0.95,0.124016,0.124903
9014,24,0.359903,0.010338,0.010001,0.102495,0.517263,0.05,0.95,0.125953,0.129365
9015,32,0.359815,0.010004,0.010004,0.102535,0.517642,0.050438,0.949562,0.112473,0.110104
9016,26,0.359334,0.010008,0.010008,0.102614,0.518037,0.05,0.95,0.135539,0.138997
9017,24,0.358967,0.010003,0.010003,0.102641,0.518387,0.05,0.95,0.130225,0.133451
9018,26,0.359637,0.00999,0.00999,0.102534,0.517849,0.05,0.95,0.103826,0.103677
9019,32,0.360053,0.009991,0.009991,0.102438,0.517527,0.05047,0.94953,0.10027,0.097692
9020,30,0.360545,0.009987,0.010282,0.102309,0.516876,0.05048,0.94952,0.112108,0.111796
9021,30,0.360832,0.01,0.01,0.102307,0.516862,0.050183,0.949817,0.116063,0.117325
9022,24,0.360824,0.009997,0.009997,0.102274,0.516909,0.050091,0.949909,0.117731,0.118
9023,30,0.360355,0.009999,0.009999,0.102268,0.517378,0.05,0.95,0.126635,0.1301
9024,24,0.360376,0.01,0.01,0.102264,0.51736,0.05,0.95,0.124294,0.126869
9025,24,0.360531,0.009998,0.009998,0.10224,0.517234,0.05,0.95,0.114815,0.117776
9026,24,0.360685,0.009998,0.009998,0.102214,0.517106,0.05,0.95,0.114713,0.116555
9027,26,0.360612,0.009998,0.009998,0.102194,0.517198,0.05,0.95,0.122287,0.124558
9028,26,0.360826,0.009997,0.009997,0.102159,0.517022,0.05,0.95,0.117474,0.12062
9029,36,0.360673,0.01,0.01,0.102159,0.517168,0.050189,0.949811,0.120165,0.119034
9030,26,0.360782,0.009998,0.009998,0.102141,0.51708,0.050387,0.949613,0.114528,0.113368
9031,24,0.360408,0.010002,0.010002,0.102167,0.51742,0.05,0.95,0.122038,0.124684
9032,30,0.360362,0.009998,0.009998,0.102148,0.517494,0.050124,0.949876,0.106305,0.105488
9033,24,0.360026,0.010112,0.010004,0.102183,0.517676,0.05,0.95,0.134257,0.137827
9034,24,0.360228,0.009995,0.009995,0.102136,0.517646,0.05,0.95,0.113271,0.113583
9035,30,0.360414,0.009997,0.009997,0.102104,0.517487,0.05,0.95,0.116138,0.117445
9036,24,0.360116,0.010005,0.010005,0.102151,0.517724,0.05,0.95,0.134393,0.138424
9037,26,0.360335,0.009997,0.009997,0.102117,0.517554,0.05,0.95,0.1175,0.120506
9038,24,0.35996,0.010002,0.010002,0.102142,0.517893,0.05,0.95,0.130226,0.132811
9039,24,0.359962,0.01,0.01,0.102143,0.517895,0.050914,0.949086,0.121685,0.116859
9040,24,0.360117,0.009998,0.009998,0.102118,0.51777,0.050481,0.949519,0.114838,0.116827
9041,26,0.359949,0.010083,0.010001,0.102131,0.517835,0.05,0.95,0.124258,0.126629
9042,26,0.360243,0.009997,0.009997,0.102098,0.517666,0.05,0.95,0.106802,0.109056
9043,24,0.360263,0.01,0.01,0.102093,0.517645,0.05,0.95,0.124218,0.127106
9044,32,0.360128,0.009997,0.009997,0.102066,0.517812,0.050075,0.949925,0.100736,0.100147
9045,24,0.35983,0.010005,0.010005,0.102112,0.518049,0.05,0.95,0.126119,0.127641
9046,24,0.359833,0.01,0.01,0.102113,0.518054,0.050309,0.949691,0.121775,0.120067
9047,34,0.360119,0.009996,0.009996,0.102068,0.517823,0.050113,0.949887,0.10993,0.110726
9048,30,0.360115,0.01,0.01,0.102067,0.517818,0.050593,0.949407,0.119495,0.116892
9049,30,0.360305,0.009997,0.009997,0.102037,0.517664,0.050451,0.949549,0.116255,0.116787
9050,24,0.35993,0.010002,0.010002,0.102061,0.518004,0.05,0.95,0.123993,0.126158
9051,32,0.360117,0.009997,0.009997,0.102032,0.517856,0.050725,0.949275,0.102405,0.098595
9052,26,0.360383,0.009993,0.009993,0.101958,0.517674,0.050382,0.949618,0.105072,0.106615
9053,32,0.360556,0.009997,0.009997,0.101928,0.517522,0.05084,0.94916,0.112651,0.110171
9054,38,0.360825,0.009996,0.009996,0.101884,0.517299,0.050555,0.949445,0.113204,0.114463
9055,30,0.360652,0.01,0.01,0.10188,0.517468,0.050658,0.949342,0.111903,0.111165
9056,24,0.361103,0.009993,0.009993,0.101809,0.517103,0.050301,0.949699,0.110401,0.111983
9057,24,0.361334,0.009996,0.009996,0.101769,0.516904,0.050493,0.949507,0.11735,0.11621
9058,30,0.361229,0.010002,0.010002,0.101785,0.516983,0.05065,0.94935,0.131884,0.130885
9059,36,0.361475,0.009994,0.009994,0.101723,0.516814,0.051238,0.948762,0.09767,0.094462
9060,36,0.36132,0.01,0.01,0.101723,0.516957,0.051513,0.948487,0.128256,0.126644
9061,30,0.361192,0.010002,0.010002,0.101743,0.517061,0.051745,0.948255,0.122086,0.120689
9062,24,0.361138,0.009998,0.009998,0.101718,0.517148,0.051044,0.948956,0.120112,0.123507
9063,26,0.361488,0.009994,0.009994,0.101662,0.516861,0.051209,0.948791,0.10607,0.104994
9064,36,0.361311,0.01,0.01,0.101665,0.517023,0.051311,0.948689,0.121616,0.12089
9065,30,0.361556,0.009994,0.010117,0.101607,0.516726,0.051637,0.948363,0.120252,0.118353
9066,30,0.361684,0.01,0.01,0.101604,0.516713,0.051853,0.948147,0.12844,0.127124
9067,24,0.36132,0.01019,0.010003,0.101632,0.516855,0.051605,0.948395,0.134257,0.135331
9068,30,0.36078,0.010924,0.01105,0.101428,0.515817,0.051389,0.948611,0.129032,0.129942
9069,32,0.361299,0.010018,0.010181,0.101606,0.516896,0.051564,0.948436,0.107727,0.106644
9070,32,0.361323,0.010003,0.010003,0.101634,0.517038,0.051927,0.948073,0.110846,0.108778
9071,26,0.361246,0.009998,0.009998,0.101615,0.517142,0.051498,0.948502,0.121109,0.123157
9072,24,0.361472,0.009996,0.010023,0.101575,0.516935,0.051625,0.948375,0.117236,0.116382
9073,24,0.361556,0.009996,0.009996,0.10153,0.516922,0.051317,0.948683,0.110705,0.112083
9074,24,0.36161,0.009999,0.009999,0.10152,0.516871,0.051114,0.948886,0.115627,0.116459
9075,30,0.360814,0.010429,0.011094,0.101401,0.516262,0.051622,0.948378,0.129526,0.126729
9076,36,0.361285,0.01001,0.010303,0.101498,0.516904,0.052202,0.947798,0.110302,0.107105
9077,30,0.361231,0.009998,0.010462,0.101483,0.516826,0.052838,0.947162,0.119506,0.115966
9078,24,0.361101,0.010009,0.010009,0.101577,0.517303,0.051994,0.948006,0.134375,0.138653
9079,32,0.361661,0.009992,0.009992,0.101491,0.516865,0.052237,0.947763,0.10298,0.101545
9080,32,0.361508,0.010002,0.010002,0.101512,0.516975,0.052759,0.947241,0.120433,0.11751
9081,24,0.361432,0.009997,0.010272,0.101481,0.516818,0.052472,0.947528,0.124164,0.125405
9082,32,0.361565,0.009997,0.010015,0.101451,0.516972,0.052936,0.947064,0.108182,0.105563
9083,24,0.361044,0.010043,0.01059,0.101435,0.516888,0.05271,0.94729,0.134234,0.135227
9084,24,0.361411,0.010004,0.010004,0.101477,0.517104,0.053431,0.946569,0.117933,0.113883
9085,30,0.361414,0.01,0.01,0.101478,0.517108,0.05357,0.94643,0.119723,0.118758
9086,32,0.361528,0.009995,0.009995,0.101432,0.517049,0.053543,0.946457,0.109504,0.109469
9087,26,0.361389,0.010002,0.010002,0.101453,0.517155,0.053289,0.946711,0.122427,0.123573
9088,24,0.361711,0.009995,0.009995,0.101402,0.516897,0.052739,0.947261,0.113256,0.115937
9089,24,0.361708,0.01,0.01,0.101401,0.516892,0.052625,0.947375,0.123685,0.124074
9090,24,0.361867,0.009994,0.009994,0.101342,0.516803,0.052524,0.947476,0.113229,0.113537
9091,30,0.361567,0.010182,0.010345,0.101303,0.516603,0.052739,0.947261,0.131677,0.130323
9092,26,0.362024,0.009998,0.009998,0.101283,0.516697,0.05239,0.94761,0.105074,0.106703
9093,24,0.36165,0.010002,0.010002,0.101307,0.517037,0.052186,0.947814,0.124081,0.124935
9094,24,0.361841,0.009997,0.009997,0.101278,0.516887,0.051541,0.948459,0.11454,0.117659
9095,38,0.362017,0.009993,0.009993,0.101206,0.516792,0.051719,0.948281,0.097808,0.096625
9096,36,0.361818,0.009999,0.009999,0.101193,0.516991,0.051822,0.948178,0.116152,0.115434
9097,24,0.36237,0.009991,0.009991,0.101105,0.516542,0.051757,0.948243,0.107314,0.107406
9098,26,0.362577,0.009996,0.009996,0.10107,0.51636,0.051313,0.948687,0.117546,0.119658
9099,32,0.36242,0.009996,0.010225,0.101031,0.516327,0.05118,0.94882,0.128718,0.129198
9100,24,0.362423,0.01,0.01,0.101032,0.516544,0.052013,0.947987,0.117593,0.113064
9101,24,0.362481,0.009999,0.009999,0.101023,0.516498,0.051656,0.948344,0.115631,0.117282
9102,24,0.36203,0.010139,0.010077,0.101026,0.516728,0.051465,0.948535,0.130151,0.130936
9103,30,0.361872,0.010006,0.010006,0.101086,0.517031,0.051067,0.948933,0.129791,0.131645
9104,30,0.361997,0.009995,0.009995,0.101038,0.516974,0.052009,0.947991,0.11266,0.10764
9105,30,0.362053,0.009992,0.010468,0.100952,0.516535,0.052262,0.947738,0.108381,0.106855
9106,32,0.361675,0.010212,0.010678,0.100944,0.516491,0.052428,0.947572,0.139391,0.138336
9107,30,0.362227,0.010005,0.010005,0.100997,0.516765,0.052712,0.947288,0.10577,0.10405
9108,38,0.362099,0.009996,0.009996,0.100962,0.516946,0.052774,0.947226,0.114135,0.113616
9109,26,0.362026,0.009998,0.009998,0.100941,0.517037,0.052413,0.947587,0.118497,0.120205
9110,24,0.362067,0.009998,0.010085,0.10092,0.51693,0.052016,0.947984,0.121507,0.123377
9111,26,0.361961,0.010003,0.010003,0.10095,0.517083,0.051576,0.948424,0.128112,0.13023
9112,30,0.361741,0.009989,0.010928,0.100837,0.516505,0.052051,0.947949,0.118051,0.115376
9113,24,0.3617,0.010012,0.010012,0.100955,0.517322,0.051686,0.948314,0.124107,0.125816
9114,26,0.3611,0.010208,0.01031,0.100972,0.51741,0.051479,0.948521,0.13416,0.135046
9115,32,0.361077,0.010006,0.010006,0.10103,0.517882,0.051552,0.948448,0.117117,0.116548
9116,24,0.360941,0.009994,0.010555,0.100964,0.517546,0.050517,0.949483,0.121405,0.126491
9117,24,0.361114,0.010004,0.010133,0.101003,0.517746,0.05014,0.94986,0.115932,0.117629
9118,30,0.361251,0.01,0.01,0.101003,0.517746,0.05017,0.94983,0.118352,0.118022
9119,30,0.360947,0.010002,0.010002,0.101022,0.518028,0.05,0.95,0.126148,0.128481
9120,24,0.360652,0.010005,0.010005,0.101069,0.518269,0.05,0.95,0.12614,0.129088
9121,38,0.360862,0.009993,0.009993,0.100996,0.518156,0.050079,0.949921,0.106535,0.105967
9122,24,0.36141,0.009991,0.009991,0.100908,0.5177,0.050042,0.949958,0.107283,0.107253
9123,32,0.361845,0.009993,0.009993,0.100836,0.517333,0.050605,0.949395,0.092762,0.089726
9124,24,0.361544,0.010004,0.010004,0.100881,0.517565,0.050131,0.949869,0.128031,0.130241
9125,24,0.361252,0.010005,0.010005,0.100929,0.51781,0.05,0.95,0.126066,0.12948
9126,24,0.36141,0.009998,0.009998,0.100905,0.517689,0.05,0.95,0.114707,0.116559
9127,24,0.361408,0.01,0.01,0.100905,0.517687,0.050914,0.949086,0.12169,0.116862
9128,24,0.361113,0.010005,0.010005,0.100952,0.517926,0.050486,0.949514,0.128084,0.130081
9129,32,0.361065,0.010001,0.01001,0.100959,0.517965,0.05057,0.94943,0.12629,0.125686
9130,24,0.361069,0.01,0.01,0.10096,0.517971,0.050176,0.949824,0.12379,0.125563
9131,24,0.361224,0.009998,0.009998,0.100936,0.517845,0.05,0.95,0.114721,0.117898
9132,32,0.361351,0.009998,0.009998,0.100915,0.517738,0.05007,0.94993,0.123153,0.122639
9133,26,0.361459,0.009998,0.009998,0.100897,0.517647,0.05031,0.94969,0.114615,0.113246
9134,30,0.361288,0.01,0.01,0.100894,0.517818,0.050725,0.949275,0.118479,0.11618
9135,30,0.361832,0.009991,0.009991,0.100808,0.517377,0.051506,0.948494,0.105878,0.101728
9136,32,0.362003,0.009997,0.009997,0.100778,0.517224,0.051996,0.948004,0.1081,0.105393
9137,38,0.361848,0.009996,0.009996,0.100735,0.517425,0.052141,0.947859,0.11614,0.115173
9138,30,0.361547,0.010002,0.010002,0.100755,0.517695,0.051879,0.948121,0.126432,0.127591
9139,30,0.361328,0.009998,0.009998,0.100738,0.517937,0.052434,0.947566,0.112075,0.10898
9140,36,0.361119,0.009998,0.009998,0.100723,0.518161,0.052401,0.947599,0.121284,0.121226
9141,24,0.361005,0.01037,0.009996,0.100682,0.517948,0.052086,0.947914,0.124152,0.125566
9142,26,0.361263,0.010002,0.010002,0.100699,0.518035,0.05183,0.94817,0.114606,0.115745
9143,24,0.361286,0.01,0.01,0.100696,0.51802,0.051119,0.948881,0.115946,0.119395
9144,26,0.361125,0.010003,0.010003,0.100721,0.518149,0.050911,0.949089,0.114993,0.115853
9145,36,0.361323,0.009995,0.009995,0.100667,0.518021,0.051312,0.948688,0.108894,0.106621
9146,32,0.361446,0.009992,0.010205,0.100587,0.51777,0.050991,0.949009,0.11915,0.120557
9147,30,0.361213,0.010004,0.010004,0.100625,0.518154,0.051363,0.948637,0.126214,0.124122
9148,30,0.361114,0.010002,0.010002,0.100642,0.518241,0.05216,0.94784,0.121973,0.117655
9149,24,0.36095,0.009999,0.009999,0.100635,0.518416,0.051995,0.948005,0.118708,0.119384
9150,30,0.360847,0.010002,0.010002,0.100651,0.518499,0.052152,0.947848,0.115265,0.114226
9151,32,0.360943,0.009994,0.009994,0.100588,0.518481,0.052548,0.947452,0.097552,0.095289
9152,24,0.360566,0.010002,0.010002,0.100612,0.518817,0.051812,0.948188,0.121953,0.125582
9153,24,0.360094,0.010107,0.010003,0.100637,0.51916,0.05122,0.94878,0.131591,0.134469
9154,32,0.359998,0.009998,0.009998,0.100621,0.519384,0.051024,0.948976,0.116117,0.116893
9155,32,0.360207,0.009997,0.009997,0.100587,0.519212,0.050914,0.949086,0.112244,0.112565
9156,26,0.360068,0.010002,0.010002,0.100608,0.519319,0.05045,0.94955,0.128127,0.130324
9157,38,0.360107,0.009998,0.010108,0.100585,0.519201,0.050793,0.949207,0.115835,0.113928
9158,24,0.360383,0.009997,0.009997,0.100559,0.519064,0.051622,0.948378,0.117322,0.112853
9159,30,0.360401,0.009997,0.009997,0.100526,0.51908,0.052039,0.947961,0.114943,0.112576
9160,26,0.360661,0.009996,0.009996,0.100484,0.518864,0.051664,0.948336,0.116289,0.117997
9161,26,0.360521,0.010002,0.010002,0.100504,0.51897,0.051198,0.948802,0.128132,0.130367
9162,32,0.360781,0.009996,0.009996,0.100464,0.518763,0.051712,0.948288,0.097866,0.095008
9163,24,0.360778,0.01,0.01,0.100464,0.518759,0.052622,0.947378,0.121683,0.116702
9164,30,0.36049,0.010004,0.010004,0.100509,0.518992,0.052264,0.947736,0.129902,0.131598
9165,32,0.36043,0.009998,0.009998,0.100492,0.519081,0.053072,0.946928,0.106535,0.102091
9166,24,0.360069,0.010006,0.010006,0.100548,0.519372,0.052673,0.947327,0.135741,0.13767
9167,24,0.360095,0.01,0.01,0.100546,0.519359,0.05205,0.94795,0.124186,0.127255
9168,24,0.359722,0.010002,0.010002,0.100571,0.519702,0.051609,0.948391,0.121921,0.124024
9169,36,0.359921,0.009995,0.009995,0.100518,0.519572,0.051921,0.948079,0.113063,0.111225
9170,24,0.359621,0.010005,0.010005,0.100563,0.519806,0.051434,0.948566,0.128096,0.130417
9171,26,0.359192,0.010032,0.010006,0.100628,0.520142,0.050731,0.949269,0.13418,0.137615
9172,32,0.358901,0.010003,0.010003,0.100654,0.52044,0.050778,0.949222,0.121756,0.121355
9173,24,0.358551,0.010156,0.010003,0.100686,0.520604,0.050035,0.949965,0.134271,0.137859
9174,32,0.358688,0.009997,0.010202,0.100657,0.520455,0.050879,0.949121,0.115015,0.11061
9175,24,0.358096,0.010788,0.010228,0.100621,0.520268,0.050076,0.949924,0.134168,0.138053
9176,24,0.358471,0.010361,0.010004,0.100665,0.520498,0.050824,0.949176,0.117916,0.113954
9177,30,0.358263,0.01029,0.010004,0.100711,0.520732,0.050906,0.949094,0.139668,0.139032
9178,30,0.358507,0.010001,0.010001,0.100719,0.520773,0.051386,0.948614,0.108062,0.105367
9179,30,0.358508,0.01,0.01,0.100719,0.520774,0.051412,0.948588,0.113111,0.112788
9180,30,0.358482,0.01,0.01,0.100723,0.520794,0.051302,0.948698,0.119744,0.120118
9181,26,0.358314,0.010003,0.010003,0.100749,0.520932,0.050698,0.949302,0.121904,0.124815
9182,30,0.359002,0.009989,0.009989,0.100642,0.520378,0.050835,0.949165,0.094086,0.093166
9183,26,0.358462,0.010304,0.010003,0.100676,0.520554,0.050034,0.949966,0.134124,0.138006
9184,24,0.358572,0.010003,0.010003,0.100707,0.520714,0.050947,0.949053,0.121683,0.116855
9185,24,0.359131,0.009991,0.009991,0.10062,0.520266,0.051018,0.948982,0.107294,0.106705
9186,30,0.359079,0.009998,0.009998,0.100599,0.520326,0.05094,0.94906,0.106382,0.106512
9187,30,0.35884,0.010004,0.010004,0.100636,0.520517,0.051187,0.948813,0.129777,0.128308
9188,34,0.358749,0.010002,0.010002,0.100651,0.520596,0.051051,0.948949,0.12454,0.125046
9189,34,0.358918,0.009997,0.009997,0.100625,0.520462,0.050802,0.949198,0.118467,0.119566
9190,26,0.359256,0.009995,0.009995,0.100572,0.520183,0.050614,0.949386,0.108775,0.109532
9191,26,0.359115,0.010002,0.010002,0.100592,0.520289,0.05008,0.94992,0.124338,0.126851
9192,32,0.359739,0.00999,0.00999,0.100495,0.519786,0.050951,0.949049,0.089486,0.084927
9193,26,0.359524,0.01,0.01,0.100494,0.519981,0.0506,0.9494,0.12051,0.122122
9194,24,0.358869,0.010798,0.010191,0.10044,0.519702,0.050307,0.949693,0.134167,0.135441
9195,36,0.359172,0.010008,0.010008,0.100525,0.520286,0.050659,0.949341,0.120066,0.118104
9196,32,0.35923,0.009999,0.009999,0.100519,0.520252,0.051179,0.948821,0.109932,0.107113
9197,30,0.359616,0.009994,0.009994,0.100458,0.519938,0.051601,0.948399,0.099811,0.097403
9198,26,0.360074,0.009993,0.009993,0.100384,0.519556,0.051648,0.948352,0.104024,0.103562
9199,32,0.359922,0.010002,0.010002,0.100406,0.519668,0.051769,0.948231,0.120411,0.119591
9200,30,0.359821,0.010002,0.010002,0.100422,0.519754,0.052123,0.947877,0.115268,0.113226
9201,30,0.359822,0.01,0.01,0.100423,0.519755,0.051905,0.948095,0.119605,0.120522
9202,32,0.359774,0.010001,0.010001,0.10043,0.519794,0.052601,0.947399,0.110817,0.107017
9203,24,0.360226,0.009993,0.009993,0.10036,0.519429,0.052445,0.947555,0.110322,0.110911
9204,24,0.360063,0.010002,0.010002,0.100383,0.519549,0.052155,0.947845,0.124669,0.12599
9205,24,0.36015,0.009999,0.009999,0.10037,0.519482,0.05191,0.94809,0.114574,0.115658
9206,30,0.360477,0.009995,0.009995,0.100318,0.519215,0.052259,0.947741,0.104424,0.102348
9207,24,0.360326,0.010201,0.009999,0.100309,0.519165,0.051999,0.948001,0.125064,0.126194
9208,30,0.360447,0.009995,0.010056,0.10026,0.519241,0.052892,0.947108,0.106204,0.101372
9209,26,0.360329,0.010003,0.010003,0.100287,0.519379,0.052394,0.947606,0.124352,0.126804
9210,36,0.360504,0.009997,0.009997,0.10026,0.519241,0.052939,0.947061,0.107702,0.104629
9211,24,0.360646,0.009994,0.009994,0.100204,0.519162,0.052078,0.947922,0.116636,0.120964
9212,30,0.360898,0.009995,0.010056,0.100153,0.518898,0.051912,0.948088,0.126464,0.127108
9213,30,0.360459,0.010609,0.009998,0.100134,0.518799,0.051378,0.948622,0.129622,0.132191
9214,24,0.360916,0.010002,0.010002,0.100157,0.518922,0.052561,0.947439,0.111164,0.104825
9215,26,0.361378,0.009993,0.009993,0.100086,0.51855,0.052625,0.947375,0.104099,0.103556
9216,32,0.361425,0.009999,0.009999,0.100076,0.518501,0.053122,0.946878,0.110004,0.107184
9217,24,0.361424,0.01,0.01,0.100076,0.5185,0.052754,0.947246,0.123806,0.12556
9218,36,0.361097,0.010577,0.010309,0.099985,0.518031,0.05269,0.94731,0.128771,0.128916
9219,26,0.361163,0.01031,0.010208,0.100035,0.518285,0.052344,0.947656,0.123544,0.125148
9220,32,0.361022,0.010006,0.010006,0.100091,0.518875,0.052694,0.947306,0.117284,0.115274
9221,32,0.360618,0.010298,0.010215,0.100076,0.518794,0.052859,0.947141,0.139379,0.138309
9222,24,0.36101,0.009999,0.009999,0.100061,0.518931,0.052386,0.947614,0.106956,0.10924
9223,24,0.360714,0.010005,0.010005,0.100107,0.51917,0.051662,0.948338,0.12607,0.129641
9224,30,0.360691,0.01,0.01,0.100112,0.519196,0.052274,0.947726,0.119745,0.116363
9225,26,0.360484,0.01,0.01,0.100114,0.519401,0.05208,0.94792,0.118644,0.119476
9226,24,0.361039,0.009991,0.009991,0.100027,0.518952,0.052301,0.947699,0.107363,0.105977
9227,24,0.360955,0.009998,0.009998,0.100004,0.519045,0.053388,0.946612,0.109325,0.103393
9228,24,0.360928,0.010071,0.009999,0.099997,0.519005,0.052683,0.947317,0.129875,0.133429
9229,26,0.36053,0.010007,0.010007,0.10007,0.519386,0.052307,0.947693,0.128616,0.130419
9230,36,0.359951,0.010436,0.010889,0.099952,0.518773,0.052608,0.947392,0.130187,0.128427
9231,24,0.360591,0.010007,0.010214,0.100026,0.519161,0.053789,0.946211,0.111178,0.104677
9232,30,0.360713,0.010002,0.010002,0.100042,0.519242,0.054107,0.945893,0.120155,0.118224
9233,24,0.360418,0.010005,0.010005,0.100089,0.519484,0.053754,0.946246,0.134286,0.135976
9234,32,0.360641,0.009997,0.009997,0.100055,0.51931,0.053058,0.946942,0.113663,0.117176
9235,36,0.361166,0.009992,0.009992,0.099972,0.518878,0.053628,0.946372,0.09333,0.090046
9236,26,0.361018,0.009999,0.009999,0.099962,0.519022,0.052928,0.947072,0.119843,0.123352
9237,36,0.360824,0.009999,0.009999,0.099951,0.519227,0.052888,0.947112,0.124357,0.124373
9238,32,0.360676,0.010002,0.010002,0.099974,0.519345,0.053059,0.946941,0.129483,0.12835
9239,30,0.360765,0.009999,0.009999,0.09996,0.519277,0.053213,0.946787,0.118387,0.117342
9240,34,0.360612,0.01,0.01,0.099958,0.51943,0.053385,0.946615,0.121499,0.120384
9241,32,0.360612,0.01,0.01,0.099958,0.51943,0.053834,0.946166,0.120734,0.118117
9242,30,0.360797,0.009989,0.010522,0.099846,0.518846,0.053498,0.946502,0.111202,0.112752
9243,24,0.360876,0.01,0.010452,0.099843,0.51883,0.053131,0.946869,0.115573,0.1173
9244,24,0.360743,0.010009,0.010009,0.099934,0.519305,0.052461,0.947539,0.134414,0.137782
9245,24,0.360377,0.010003,0.010003,0.099961,0.519657,0.051953,0.948047,0.130227,0.132696
9246,24,0.360019,0.010006,0.010006,0.100018,0.519952,0.051187,0.948813,0.135722,0.139517
9247,32,0.360176,0.009998,0.009998,0.099995,0.519834,0.052148,0.947852,0.115178,0.110046
9248,32,0.360462,0.009995,0.010027,0.099944,0.519571,0.052158,0.947842,0.122851,0.122593
9249,24,0.360788,0.009995,0.009995,0.099897,0.519325,0.052324,0.947676,0.111695,0.110619
9250,30,0.360974,0.009997,0.009997,0.099866,0.519166,0.052512,0.947488,0.116242,0.115078
9251,26,0.361023,0.009999,0.009999,0.099858,0.519121,0.051913,0.948087,0.114852,0.117772
9252,24,0.360997,0.010069,0.009999,0.099851,0.519084,0.051443,0.948557,0.123619,0.125847
9253,36,0.360923,0.010002,0.010002,0.099873,0.519199,0.051361,0.948639,0.126229,0.126447
9254,24,0.360704,0.010004,0.010004,0.099908,0.519382,0.05096,0.94904,0.123891,0.125754
9255,32,0.360338,0.010001,0.010001,0.099913,0.519747,0.050871,0.949129,0.133848,0.134105
9256,32,0.360291,0.010001,0.010001,0.099921,0.519787,0.051321,0.948679,0.117065,0.114587
9257,26,0.360629,0.009995,0.009995,0.099868,0.519513,0.051141,0.948859,0.108796,0.109538
9258,32,0.361014,0.009994,0.009994,0.099806,0.519192,0.051371,0.948629,0.097677,0.09628
9259,32,0.361187,0.009997,0.009997,0.099777,0.519042,0.051342,0.948658,0.108111,0.108079
9260,24,0.361121,0.010001,0.010001,0.099787,0.519091,0.050565,0.949435,0.131354,0.135148
9261,32,0.361702,0.009991,0.009991,0.099696,0.51862,0.050591,0.949409,0.090687,0.090332
9262,24,0.361665,0.010082,0.009999,0.099686,0.518567,0.050314,0.949686,0.129871,0.131054
9263,24,0.362138,0.009994,0.009994,0.099625,0.518249,0.051413,0.948587,0.102491,0.096699
9264,24,0.361766,0.010202,0.010003,0.09965,0.518379,0.051203,0.948797,0.13426,0.135115
9265,24,0.362077,0.009998,0.009998,0.099634,0.518293,0.051176,0.948824,0.117385,0.117334
9266,24,0.361647,0.010195,0.010004,0.09967,0.518484,0.050411,0.949589,0.135713,0.139452
9267,24,0.361643,0.010003,0.010003,0.099702,0.518648,0.05,0.95,0.125118,0.128189
9268,30,0.361852,0.009997,0.009997,0.09967,0.518484,0.05002,0.94998,0.106555,0.10622
9269,26,0.361904,0.009996,0.009996,0.09963,0.518473,0.05,0.95,0.114587,0.116472
9270,30,0.362424,0.009992,0.009992,0.099548,0.518045,0.050847,0.949153,0.100086,0.095641
9271,30,0.362114,0.010002,0.010002,0.099565,0.518318,0.050736,0.949264,0.126254,0.126632
9272,24,0.362794,0.009989,0.009989,0.099459,0.517768,0.051662,0.948338,0.098127,0.093219
9273,30,0.362133,0.010525,0.010439,0.099379,0.517523,0.051741,0.948259,0.136258,0.135662
9274,26,0.362592,0.010008,0.010008,0.099458,0.517934,0.052007,0.947993,0.11473,0.113188
9275,26,0.362175,0.010007,0.010007,0.099526,0.518286,0.051731,0.948269,0.124744,0.126003
9276,30,0.362254,0.009998,0.01005,0.099507,0.51819,0.05118,0.94882,0.119423,0.122064
9277,24,0.361788,0.010345,0.010003,0.099534,0.51833,0.050893,0.949107,0.129454,0.130734
9278,32,0.36198,0.01,0.01,0.099531,0.518489,0.051329,0.948671,0.115182,0.112779
9279,30,0.361744,0.010004,0.010004,0.099568,0.518681,0.051173,0.948827,0.12321,0.123805
9280,26,0.361889,0.009995,0.009995,0.099516,0.518605,0.050718,0.949282,0.113712,0.115859
9281,26,0.361749,0.010002,0.010002,0.099536,0.518711,0.050215,0.949785,0.124279,0.126658
9282,24,0.361378,0.010003,0.010003,0.099561,0.519055,0.05,0.95,0.12201,0.124998
9283,38,0.360879,0.010004,0.010004,0.099597,0.519517,0.050019,0.949981,0.135219,0.134939
9284,24,0.361119,0.009996,0.009996,0.099561,0.519328,0.050304,0.949696,0.117346,0.115737
9285,26,0.361057,0.010001,0.010001,0.099569,0.519372,0.0504,0.9496,0.118064,0.11741
9286,30,0.360766,0.010002,0.010157,0.099591,0.519485,0.050414,0.949586,0.12973,0.129459
9287,36,0.360672,0.010002,0.010002,0.099608,0.519717,0.050482,0.949518,0.121393,0.12086
9288,30,0.36076,0.009999,0.009999,0.099594,0.519648,0.050665,0.949335,0.111988,0.110888
9289,36,0.360546,0.010317,0.009998,0.099578,0.519561,0.050658,0.949342,0.123375,0.12323
9290,32,0.360327,0.010762,0.010147,0.099517,0.519246,0.050239,0.949761,0.13608,0.138027
9291,24,0.360214,0.010411,0.01001,0.099614,0.519751,0.050133,0.949867,0.134313,0.134684
9292,32,0.359903,0.010002,0.010002,0.099634,0.520458,0.05,0.95,0.109573,0.110085
9293,26,0.359768,0.010002,0.010002,0.099656,0.520572,0.05,0.95,0.128105,0.128356
9294,30,0.359667,0.010002,0.010002,0.099672,0.520657,0.050554,0.949446,0.115264,0.112302
9295,30,0.35969,0.009995,0.009995,0.099618,0.520703,0.050487,0.949513,0.099839,0.09997
9296,24,0.359389,0.010005,0.010005,0.099663,0.520938,0.05,0.95,0.134311,0.139425
9297,30,0.359156,0.010004,0.010004,0.099701,0.521136,0.05,0.95,0.129717,0.131017
9298,26,0.359374,0.009997,0.009997,0.099668,0.520964,0.05,0.95,0.11745,0.119842
9299,24,0.359068,0.010024,0.010004,0.099712,0.521192,0.05,0.95,0.128041,0.130922
9300,24,0.359633,0.009992,0.009992,0.099628,0.520755,0.050199,0.949801,0.107263,0.106062
9301,24,0.359552,0.010001,0.010001,0.099638,0.520808,0.05,0.95,0.116859,0.118435
9302,30,0.359293,0.010003,0.010066,0.099669,0.520968,0.050233,0.949767,0.129732,0.128379
9303,24,0.358787,0.010653,0.009999,0.099657,0.520905,0.05,0.95,0.134201,0.138386
9304,24,0.358548,0.010285,0.010006,0.099719,0.521442,0.05,0.95,0.123938,0.125781
9305,32,0.358541,0.010002,0.010002,0.099738,0.521717,0.05,0.95,0.118446,0.118369
9306,32,0.358224,0.009998,0.010475,0.099714,0.52159,0.05029,0.94971,0.129417,0.127779
9307,32,0.358526,0.009998,0.010027,0.09969,0.521759,0.050477,0.949523,0.102545,0.101415
9308,30,0.358468,0.009998,0.009998,0.099673,0.521861,0.050743,0.949257,0.109515,0.108001
9309,30,0.358349,0.009999,0.009999,0.099662,0.521991,0.051151,0.948849,0.116223,0.113944
9310,36,0.358562,0.009997,0.009997,0.099629,0.521815,0.051511,0.948489,0.111213,0.109185
9311,36,0.35861,0.009995,0.009995,0.099578,0.521822,0.051583,0.948417,0.110391,0.10982
9312,32,0.358215,0.009999,0.009999,0.099565,0.522223,0.051614,0.948386,0.129358,0.129018
9313,30,0.357977,0.010004,0.010004,0.099602,0.522415,0.051457,0.948543,0.123192,0.12379
9314,34,0.358359,0.009994,0.009994,0.099543,0.522109,0.051666,0.948334,0.092012,0.090711
9315,24,0.358302,0.009997,0.009997,0.099517,0.522186,0.051314,0.948686,0.120133,0.121722
9316,24,0.3583,0.01,0.01,0.099517,0.522184,0.050549,0.949451,0.129929,0.133661
9317,30,0.358062,0.010004,0.010004,0.099554,0.522377,0.050802,0.949198,0.12971,0.128244
9318,24,0.358303,0.009996,0.009996,0.099518,0.522187,0.050988,0.949012,0.117277,0.116148
9319,30,0.358424,0.009995,0.009995,0.099469,0.522117,0.050987,0.949013,0.112671,0.112491
9320,30,0.358303,0.009997,0.009997,0.099435,0.522269,0.051594,0.948406,0.103158,0.099848
9321,36,0.35863,0.009991,0.009991,0.099343,0.522046,0.051858,0.948142,0.095243,0.093625
9322,24,0.358327,0.010004,0.010004,0.099387,0.522277,0.051252,0.948748,0.128225,0.131181
9323,26,0.358123,0.01,0.01,0.09939,0.522487,0.050797,0.949203,0.124378,0.126536
9324,36,0.358411,0.009996,0.009996,0.099345,0.522253,0.051008,0.948992,0.101006,0.099756
9325,30,0.358382,0.01,0.01,0.099348,0.522269,0.051467,0.948533,0.113186,0.110635
9326,26,0.358245,0.010002,0.010002,0.099369,0.522381,0.050845,0.949155,0.128155,0.131184
9327,24,0.358485,0.009996,0.009996,0.099333,0.522189,0.051053,0.948947,0.11737,0.116133
9328,24,0.359166,0.009989,0.009989,0.099226,0.521629,0.051713,0.948287,0.104357,0.100769
9329,32,0.359545,0.009994,0.009994,0.099164,0.521303,0.052531,0.947469,0.106555,0.102121
9330,30,0.359688,0.009998,0.009998,0.09914,0.521177,0.052583,0.947417,0.108406,0.107877
9331,30,0.359554,0.009988,0.010883,0.099022,0.520553,0.053619,0.946381,0.115969,0.110315
9332,36,0.360159,0.01,0.01,0.099022,0.520818,0.053692,0.946308,0.095509,0.094863
9333,26,0.360217,0.009996,0.009996,0.098983,0.520808,0.053581,0.946419,0.11903,0.119425
9334,30,0.360176,0.010001,0.010001,0.098988,0.520835,0.053515,0.946485,0.13084,0.130953
9335,24,0.360112,0.010001,0.010001,0.098998,0.520888,0.053701,0.946299,0.123132,0.121939
9336,24,0.360171,0.009999,0.009999,0.098989,0.520842,0.052979,0.947021,0.115741,0.119338
9337,24,0.359874,0.010005,0.010005,0.099035,0.521082,0.05235,0.94765,0.128104,0.131236
9338,36,0.360487,0.009989,0.010083,0.098927,0.520514,0.052573,0.947427,0.09804,0.096653
9339,32,0.360421,0.010253,0.009998,0.098909,0.520419,0.052437,0.947563,0.122088,0.1226
9340,24,0.360216,0.010007,0.010007,0.09898,0.520791,0.05196,0.94804,0.126016,0.128315
9341,24,0.360539,0.009995,0.009995,0.098932,0.520539,0.051277,0.948723,0.111607,0.114922
9342,24,0.360852,0.009995,0.009995,0.098882,0.520277,0.051851,0.948149,0.103362,0.100143
9343,24,0.360497,0.010155,0.010003,0.098912,0.520433,0.051208,0.948792,0.128046,0.131173
9344,24,0.360554,0.010002,0.010002,0.098927,0.520515,0.052119,0.947881,0.121692,0.116751
9345,32,0.360275,0.010002,0.010002,0.098946,0.520776,0.052179,0.947821,0.137158,0.136659
9346,24,0.359429,0.010659,0.010852,0.09884,0.52022,0.052005,0.947995,0.134147,0.134856
9347,36,0.359678,0.010011,0.010411,0.098951,0.520949,0.052609,0.947391,0.12151,0.118143
9348,38,0.359503,0.010005,0.010005,0.099003,0.521483,0.052511,0.947489,0.116596,0.116929
9349,24,0.359118,0.010047,0.010002,0.099025,0.521808,0.051746,0.948254,0.130134,0.133945
9350,24,0.358775,0.010006,0.010006,0.099085,0.522127,0.051058,0.948942,0.129559,0.13292
9351,36,0.359038,0.009996,0.009996,0.099047,0.521923,0.051541,0.948459,0.110651,0.10798
9352,38,0.359307,0.009996,0.009996,0.099004,0.521698,0.051792,0.948208,0.099021,0.097563
9353,24,0.359465,0.009994,0.009994,0.098945,0.521601,0.051982,0.948018,0.113209,0.112026
9354,24,0.35914,0.010071,0.010004,0.098983,0.521801,0.050996,0.949004,0.13429,0.139197
9355,26,0.358869,0.010394,0.010054,0.098967,0.521717,0.05049,0.94951,0.128024,0.130428
9356,24,0.359267,0.010001,0.010001,0.098974,0.521757,0.051551,0.948449,0.111143,0.105585
9357,24,0.359495,0.009996,0.010026,0.098935,0.521548,0.051665,0.948335,0.117245,0.116454
9358,32,0.359952,0.009986,0.010468,0.098793,0.520801,0.051381,0.948619,0.105531,0.106765
9359,32,0.359818,0.010229,0.010462,0.098777,0.520715,0.051679,0.948321,0.126223,0.124502
9360,24,0.360426,0.010001,0.010001,0.09879,0.520782,0.051126,0.948874,0.10897,0.111616
9361,24,0.360131,0.010005,0.010005,0.098835,0.521024,0.050442,0.949558,0.128196,0.13151
9362,30,0.360109,0.01,0.01,0.09884,0.521049,0.050979,0.949021,0.119752,0.116843
9363,32,0.35978,0.010001,0.010123,0.098845,0.521251,0.05063,0.94937,0.13606,0.137654
9364,26,0.359617,0.010001,0.010001,0.098859,0.521521,0.050154,0.949846,0.124307,0.126544
9365,30,0.359516,0.010002,0.010002,0.098875,0.521606,0.050637,0.949363,0.121845,0.119228
9366,30,0.359595,0.009996,0.009996,0.098837,0.521575,0.05111,0.94889,0.113109,0.110543
9367,24,0.359923,0.009995,0.009995,0.098786,0.521302,0.051202,0.948798,0.111057,0.110328
9368,30,0.359463,0.010518,0.010723,0.098659,0.520636,0.051486,0.948514,0.126017,0.124369
9369,24,0.35991,0.010012,0.010012,0.098782,0.521284,0.052752,0.947248,0.115553,0.108742
9370,24,0.359547,0.010212,0.010003,0.09881,0.521429,0.052006,0.947994,0.134248,0.137987
9371,30,0.359387,0.010006,0.010006,0.098867,0.521734,0.052483,0.947517,0.123188,0.120496
9372,36,0.359419,0.009997,0.009997,0.098842,0.521745,0.053041,0.946959,0.110293,0.107158
9373,26,0.359507,0.009999,0.009999,0.098827,0.521668,0.052669,0.947331,0.112426,0.114185
9374,24,0.359171,0.010293,0.010619,0.098735,0.521181,0.052473,0.947527,0.129821,0.130644
9375,30,0.359103,0.010008,0.010008,0.09881,0.522072,0.052367,0.947633,0.116468,0.116793
9376,26,0.358462,0.010622,0.010001,0.098815,0.522101,0.051444,0.948556,0.134145,0.138778
9377,26,0.358548,0.010008,0.010008,0.098898,0.522538,0.050916,0.949084,0.124344,0.126884
9378,24,0.35849,0.010001,0.010001,0.098909,0.522599,0.051137,0.948863,0.123203,0.121888
9379,26,0.358283,0.01,0.01,0.098911,0.522805,0.050986,0.949014,0.118602,0.119204
9380,24,0.357919,0.010191,0.010003,0.098938,0.522949,0.050485,0.949515,0.127984,0.130344
9381,30,0.3581,0.01,0.01,0.09894,0.522959,0.050835,0.949165,0.11678,0.114791
9382,32,0.358228,0.009996,0.010138,0.098899,0.52274,0.050934,0.949066,0.121929,0.121251
9383,24,0.357914,0.00999,0.011061,0.098803,0.522232,0.050759,0.949241,0.124101,0.124774
9384,36,0.357798,0.010001,0.010955,0.098813,0.522433,0.051035,0.948965,0.128247,0.126652
9385,26,0.35825,0.010008,0.010008,0.098891,0.522843,0.051103,0.948897,0.114567,0.114046
9386,24,0.357959,0.010005,0.010005,0.098938,0.523093,0.050499,0.949501,0.128201,0.131115
9387,32,0.357815,0.010002,0.010002,0.098962,0.523218,0.050891,0.949109,0.11578,0.113621
9388,30,0.358007,0.009997,0.009997,0.098933,0.523065,0.051548,0.948452,0.11624,0.112696
9389,32,0.358358,0.009994,0.009994,0.098878,0.522775,0.052049,0.947951,0.109307,0.106511
9390,24,0.358439,0.009992,0.009992,0.098798,0.522779,0.052008,0.947992,0.109192,0.109192
9391,26,0.35865,0.009996,0.009996,0.098763,0.522593,0.051669,0.948331,0.117595,0.119163
9392,32,0.35839,0.009999,0.009999,0.098755,0.522856,0.052255,0.947745,0.104898,0.101663
9393,24,0.358093,0.010005,0.010005,0.0988,0.523097,0.051541,0.948459,0.126117,0.129637
9394,26,0.358206,0.009998,0.009998,0.098784,0.523013,0.051762,0.948238,0.114511,0.113194
9395,24,0.357908,0.010005,0.010005,0.09883,0.523253,0.051372,0.948628,0.134343,0.13619
9396,32,0.357754,0.009998,0.009998,0.098808,0.523443,0.05174,0.94826,0.112444,0.110362
9397,32,0.358196,0.009993,0.009993,0.098739,0.523079,0.051761,0.948239,0.092102,0.091756
9398,32,0.358841,0.00999,0.00999,0.098638,0.522542,0.052317,0.947683,0.091929,0.088842
9399,30,0.358731,0.010001,0.010001,0.098651,0.522615,0.052425,0.947575,0.115456,0.114652
9400,32,0.359187,0.009993,0.009993,0.098582,0.522245,0.052341,0.947659,0.106147,0.106388
9401,30,0.35927,0.009998,0.009998,0.098567,0.522167,0.052387,0.947613,0.111872,0.111418
9402,26,0.359485,0.009997,0.009997,0.098533,0.521989,0.051912,0.948088,0.113809,0.116099
9403,24,0.359418,0.010001,0.010001,0.098542,0.522038,0.052172,0.947828,0.123193,0.121651
9404,26,0.360087,0.00999,0.00999,0.09844,0.521494,0.052192,0.947808,0.103715,0.103389
9405,34,0.359986,0.010001,0.010001,0.098452,0.521559,0.052459,0.947541,0.110124,0.108552
9406,24,0.359659,0.0109,0.009994,0.098363,0.521085,0.051646,0.948354,0.129788,0.133848
9407,24,0.359727,0.010532,0.010005,0.098409,0.521329,0.051676,0.948324,0.123056,0.122688
9408,24,0.35947,0.010006,0.010006,0.098465,0.522053,0.051273,0.948727,0.119932,0.121784
9409,32,0.359984,0.009992,0.009992,0.098388,0.521644,0.051874,0.948126,0.094762,0.091483
9410,24,0.359978,0.01,0.01,0.098386,0.521636,0.052783,0.947217,0.121679,0.116677
9411,26,0.359771,0.01,0.01,0.098388,0.521841,0.052274,0.947726,0.120538,0.12304
9412,24,0.359453,0.010699,0.009994,0.098328,0.521525,0.051645,0.948355,0.131244,0.13433
9413,24,0.359761,0.010006,0.010006,0.098388,0.52184,0.051278,0.948722,0.115709,0.11741
9414,24,0.359104,0.010976,0.010029,0.098334,0.521557,0.050524,0.949476,0.134161,0.137828
9415,32,0.359294,0.010013,0.010013,0.09846,0.522221,0.05064,0.94936,0.114357,0.113586
9416,24,0.359859,0.009992,0.009992,0.098377,0.521781,0.050657,0.949343,0.107234,0.106918
9417,26,0.359657,0.010122,0.010043,0.09838,0.521798,0.050307,0.949693,0.124215,0.125815
9418,24,0.359588,0.010004,0.010004,0.098416,0.521989,0.05,0.95,0.124555,0.127662
9419,26,0.35952,0.009998,0.009998,0.098397,0.522087,0.05,0.95,0.116686,0.119656
9420,32,0.359201,0.010147,0.01012,0.098405,0.522127,0.050025,0.949975,0.125351,0.12506
9421,32,0.35974,0.009996,0.009996,0.098363,0.521905,0.05,0.95,0.102847,0.103926
9422,26,0.35953,0.01,0.01,0.098364,0.522106,0.05,0.95,0.124298,0.124541
9423,24,0.359691,0.009994,0.009994,0.098306,0.522014,0.05,0.95,0.113318,0.113356
9424,24,0.359314,0.010851,0.009992,0.098231,0.521612,0.05,0.95,0.131237,0.135026
9425,24,0.358981,0.010947,0.010004,0.098266,0.521801,0.05,0.95,0.128014,0.130397
9426,36,0.358844,0.010728,0.010001,0.09828,0.522147,0.05,0.95,0.117982,0.118579
9427,32,0.359447,0.010002,0.010002,0.098299,0.52225,0.05,0.95,0.11476,0.114957
9428,24,0.359076,0.010003,0.010003,0.098324,0.522595,0.05,0.95,0.124043,0.1258
9429,32,0.359383,0.009995,0.009995,0.098278,0.522349,0.050312,0.949688,0.110327,0.108536
9430,32,0.360162,0.009988,0.009988,0.098157,0.521706,0.050226,0.949774,0.089239,0.089433
9431,32,0.360006,0.010002,0.010002,0.098177,0.521813,0.050676,0.949324,0.120244,0.117803
9432,24,0.359712,0.010005,0.010005,0.098223,0.522056,0.050341,0.949659,0.12804,0.129566
9433,24,0.359715,0.01,0.01,0.098224,0.522061,0.051254,0.948746,0.121667,0.116808
9434,38,0.359492,0.009999,0.009999,0.098216,0.522293,0.051275,0.948725,0.121852,0.121544
9435,32,0.359409,0.009999,0.009999,0.098203,0.52239,0.051235,0.948765,0.120028,0.120041
9436,30,0.358942,0.009999,0.009999,0.098198,0.522861,0.051042,0.948958,0.126549,0.127321
9437,30,0.359061,0.009998,0.009998,0.09818,0.522763,0.050756,0.949244,0.112714,0.113962
9438,24,0.358865,0.009994,0.010599,0.098117,0.522426,0.050574,0.949426,0.124132,0.124829
9439,24,0.359087,0.010002,0.010002,0.098141,0.522767,0.050429,0.949571,0.112513,0.113049
9440,24,0.35864,0.01,0.01,0.098145,0.523215,0.050374,0.949626,0.119902,0.12001
9441,32,0.35873,0.009996,0.009996,0.098104,0.523174,0.050755,0.949245,0.111786,0.109668
9442,26,0.358392,0.009997,0.010549,0.09807,0.522992,0.050882,0.949118,0.128086,0.127274
9443,32,0.359397,0.009993,0.009993,0.098,0.522617,0.050591,0.949409,0.09457,0.095832
9444,32,0.359064,0.01,0.01,0.098004,0.522932,0.05049,0.94951,0.118702,0.119037
9445,30,0.358827,0.010004,0.010004,0.09804,0.523126,0.05,0.95,0.129773,0.132374
9446,24,0.359099,0.009991,0.010289,0.097954,0.522667,0.050714,0.949286,0.113549,0.10977
9447,24,0.359348,0.01,0.01002,0.097956,0.522676,0.050052,0.949948,0.114722,0.117836
9448,32,0.358858,0.010762,0.009996,0.097917,0.522467,0.05,0.95,0.129985,0.130773
9449,24,0.358499,0.010935,0.010003,0.097945,0.522618,0.05,0.95,0.134273,0.138049
9450,26,0.359052,0.010006,0.010006,0.098004,0.522932,0.05,0.95,0.11383,0.116255
9451,26,0.359167,0.009998,0.009998,0.097988,0.522849,0.050261,0.949739,0.114515,0.113049
9452,24,0.359403,0.009996,0.009996,0.097951,0.522653,0.051092,0.948908,0.117364,0.112934
9453,24,0.359638,0.009996,0.009996,0.097914,0.522455,0.052276,0.947724,0.111176,0.104865
9454,26,0.359499,0.010002,0.010002,0.097935,0.522563,0.051623,0.948377,0.128151,0.131387
9455,36,0.360006,0.009992,0.009992,0.097858,0.522152,0.051831,0.948169,0.103365,0.102073
9456,24,0.359564,0.010003,0.010003,0.09789,0.522539,0.051629,0.948371,0.125507,0.126382
9457,24,0.35927,0.010005,0.010005,0.097936,0.522785,0.051521,0.948479,0.128059,0.128431
9458,32,0.359452,0.009997,0.009997,0.09791,0.522643,0.05179,0.94821,0.11561,0.11403
9459,24,0.359529,0.009995,0.009995,0.097865,0.522615,0.051348,0.948652,0.110741,0.112784
9460,30,0.359355,0.010001,0.010126,0.097871,0.522648,0.051211,0.948789,0.136691,0.137191
9461,24,0.359561,0.009995,0.009995,0.097826,0.522622,0.051183,0.948817,0.11332,0.113281
9462,24,0.359747,0.009997,0.009997,0.097796,0.522463,0.051397,0.948603,0.114463,0.113094
9463,26,0.360008,0.009996,0.009996,0.097755,0.522245,0.051474,0.948526,0.106836,0.106233
9464,26,0.359727,0.009992,0.010569,0.097679,0.522033,0.05158,0.94842,0.122231,0.121512
9465,24,0.359852,0.010003,0.010003,0.097713,0.522428,0.052412,0.947588,0.117561,0.113005
9466,30,0.359873,0.009995,0.010277,0.097668,0.522187,0.052295,0.947705,0.129247,0.129633
9467,30,0.360272,0.009998,0.009998,0.097649,0.522084,0.053158,0.946842,0.113275,0.108546
9468,26,0.360326,0.009996,0.009996,0.09761,0.522072,0.052512,0.947488,0.114566,0.117782
9469,26,0.360115,0.01,0.01,0.097611,0.522274,0.052176,0.947824,0.118647,0.120227
9470,32,0.359905,0.010001,0.010001,0.097616,0.522477,0.052283,0.947717,0.112439,0.11166
9471,26,0.359764,0.009999,0.009999,0.097608,0.52263,0.051908,0.948092,0.119842,0.121573
9472,30,0.359527,0.010004,0.010004,0.097644,0.522822,0.052389,0.947611,0.129787,0.127055
9473,30,0.359652,0.009995,0.009995,0.097597,0.52276,0.052606,0.947394,0.106044,0.104734
9474,24,0.359984,0.009989,0.010354,0.09749,0.522183,0.051957,0.948043,0.111189,0.114335
9475,24,0.360345,0.01,0.01,0.097487,0.522169,0.052685,0.947315,0.117351,0.113344
9476,26,0.360068,0.010759,0.009992,0.097412,0.521769,0.0519,0.9481,0.125982,0.129903
9477,24,0.359966,0.01001,0.01001,0.09751,0.522504,0.051584,0.948416,0.124102,0.125567
9478,24,0.359331,0.010959,0.009995,0.097463,0.522253,0.050529,0.949471,0.134188,0.139423
9479,30,0.359239,0.011207,0.009997,0.097438,0.522119,0.050684,0.949316,0.129403,0.128401
9480,36,0.359938,0.010008,0.010008,0.097515,0.522531,0.051145,0.948855,0.104925,0.102404
9481,26,0.35952,0.010007,0.010007,0.097581,0.522885,0.050838,0.949162,0.134201,0.135598
9482,24,0.359164,0.010183,0.010003,0.09761,0.52304,0.05,0.95,0.134282,0.138719
9483,24,0.358788,0.010197,0.010002,0.097633,0.523379,0.05,0.95,0.13013,0.133738
9484,24,0.359016,0.01,0.01,0.097629,0.523356,0.05,0.95,0.114742,0.116453
9485,26,0.358521,0.010005,0.010005,0.097674,0.523796,0.05,0.95,0.130465,0.134722
9486,26,0.358634,0.009998,0.009998,0.097658,0.523711,0.050225,0.949775,0.114614,0.113322
9487,32,0.358744,0.009993,0.009993,0.097595,0.523675,0.050311,0.949689,0.103366,0.102772
9488,32,0.358705,0.009997,0.010048,0.097566,0.523683,0.050178,0.949822,0.122518,0.122954
9489,26,0.358849,0.009998,0.009998,0.097551,0.523604,0.05,0.95,0.114536,0.116946
9490,32,0.358915,0.009996,0.009996,0.097514,0.523579,0.050305,0.949695,0.119781,0.118085
9491,30,0.359045,0.009998,0.009998,0.097493,0.523466,0.050844,0.949156,0.118393,0.115488
9492,32,0.359164,0.009996,0.009996,0.097449,0.523396,0.051248,0.948752,0.115187,0.112949
9493,30,0.359058,0.010002,0.010002,0.097464,0.523475,0.051686,0.948314,0.115223,0.112801
9494,24,0.35948,0.009992,0.010062,0.09739,0.523076,0.052428,0.947572,0.108672,0.104574
9495,24,0.359578,0.009996,0.009996,0.097351,0.523079,0.051816,0.948184,0.110719,0.113683
9496,24,0.359813,0.009996,0.009996,0.097314,0.522881,0.051958,0.948042,0.117336,0.116409
9497,26,0.359603,0.01,0.01,0.097315,0.523082,0.05154,0.94846,0.124379,0.126379
9498,26,0.359466,0.010002,0.010002,0.097336,0.523194,0.051186,0.948814,0.122434,0.124081
9499,24,0.35949,0.01,0.01,0.097333,0.523178,0.050841,0.949159,0.124244,0.125803
9500,24,0.359413,0.009998,0.009998,0.097312,0.523279,0.050417,0.949583,0.12584,0.127806
9501,30,0.359411,0.01,0.01,0.097311,0.523277,0.050894,0.949106,0.119549,0.116943
9502,24,0.359891,0.009989,0.009989,0.097206,0.522925,0.050816,0.949184,0.103224,0.103399
9503,26,0.359922,0.009996,0.009996,0.097168,0.522918,0.050895,0.949105,0.110916,0.110349
9504,24,0.360108,0.009997,0.009997,0.097139,0.522759,0.051114,0.948886,0.11444,0.113054
9505,30,0.360296,0.009997,0.009997,0.09711,0.522601,0.051967,0.948033,0.116101,0.111546
9506,32,0.360413,0.009996,0.009996,0.097066,0.52253,0.052539,0.947461,0.115037,0.111876
9507,30,0.360014,0.009998,0.009998,0.09705,0.52294,0.052523,0.947477,0.11648,0.11638
9508,30,0.359915,0.009996,0.009996,0.097015,0.523078,0.05246,0.94754,0.116257,0.116333
9509,26,0.359705,0.01,0.01,0.097016,0.523279,0.051842,0.948158,0.124409,0.127476
9510,24,0.360004,0.009992,0.009992,0.096938,0.523074,0.052003,0.947997,0.109574,0.108548
9511,26,0.360351,0.009994,0.009994,0.096883,0.522778,0.051913,0.948087,0.115548,0.115809
9512,24,0.360368,0.01,0.01,0.096879,0.522754,0.051628,0.948372,0.124255,0.125519
9513,24,0.360523,0.009998,0.009998,0.096855,0.522626,0.050952,0.949048,0.114806,0.118067
9514,24,0.360149,0.010002,0.010002,0.096879,0.522967,0.051021,0.948979,0.123933,0.1234
9515,26,0.359943,0.01,0.01,0.096881,0.523175,0.050688,0.949312,0.124284,0.125797
9516,32,0.359975,0.01,0.01,0.096876,0.52315,0.050689,0.949311,0.12625,0.126053
9517,36,0.359744,0.010365,0.009998,0.096856,0.523038,0.050565,0.949435,0.12613,0.126587
9518,24,0.359578,0.010008,0.010008,0.096936,0.52347,0.050205,0.949795,0.128071,0.129719
9519,24,0.35953,0.010148,0.009999,0.096923,0.5234,0.05,0.95,0.129895,0.133258
9520,36,0.35961,0.009999,0.009999,0.096911,0.523482,0.051079,0.948921,0.110386,0.10479
9521,32,0.359387,0.010003,0.010003,0.096944,0.523662,0.050942,0.949058,0.123957,0.124496
9522,30,0.359653,0.009996,0.009996,0.096905,0.52345,0.050933,0.949067,0.108177,0.10796
9523,32,0.359468,0.009998,0.009998,0.096885,0.523651,0.051144,0.948856,0.117104,0.115837
9524,24,0.359094,0.010002,0.010002,0.096909,0.523992,0.050641,0.949359,0.121912,0.124291
9525,32,0.359095,0.01,0.01,0.09691,0.523995,0.050424,0.949576,0.125376,0.126309
9526,26,0.358888,0.01,0.01,0.096911,0.5242,0.05,0.95,0.124404,0.126622
9527,30,0.359509,0.00999,0.00999,0.096818,0.523693,0.050204,0.949796,0.098755,0.09753
9528,30,0.35917,0.009996,0.010569,0.096779,0.523485,0.050255,0.949745,0.12009,0.119651
9529,24,0.359611,0.010002,0.010002,0.096798,0.523587,0.050239,0.949761,0.117365,0.117242
9530,30,0.359614,0.009995,0.009995,0.096749,0.523647,0.05,0.95,0.108368,0.111105
9531,30,0.35973,0.009998,0.009998,0.09673,0.523544,0.050436,0.949564,0.118436,0.116021
9532,30,0.360025,0.009995,0.010007,0.096683,0.52329,0.051159,0.948841,0.11312,0.109288
9533,26,0.360082,0.009996,0.009996,0.096645,0.523281,0.050739,0.949261,0.114572,0.116529
9534,24,0.359951,0.010002,0.010002,0.096663,0.523382,0.050099,0.949901,0.126541,0.12958
9535,24,0.360553,0.009991,0.009991,0.096573,0.522893,0.05,0.95,0.101832,0.104668
9536,24,0.360783,0.009996,0.009996,0.096535,0.522689,0.050769,0.949231,0.117343,0.113296
9537,26,0.360644,0.010002,0.010002,0.096555,0.522797,0.050907,0.949093,0.128173,0.127308
9538,24,0.360806,0.009994,0.009994,0.096499,0.522706,0.051116,0.948884,0.113297,0.112065
9539,30,0.361245,0.009993,0.009993,0.096431,0.522338,0.051973,0.948027,0.100535,0.095928
9540,32,0.361337,0.009995,0.010239,0.096378,0.522051,0.052618,0.947382,0.108482,0.104946
9541,30,0.361446,0.01003,0.010416,0.096328,0.52178,0.053031,0.946969,0.116003,0.113649
9542,30,0.361517,0.009997,0.010573,0.096298,0.521615,0.053423,0.946577,0.119233,0.116932
9543,30,0.36122,0.010233,0.010508,0.096317,0.521721,0.053205,0.946795,0.123012,0.123947
9544,30,0.362057,0.009996,0.010184,0.096274,0.521488,0.052799,0.947201,0.098578,0.100465
9545,32,0.362122,0.010002,0.010002,0.096292,0.521582,0.053277,0.946723,0.125349,0.122591
9546,24,0.362278,0.009998,0.009998,0.096269,0.521458,0.052647,0.947353,0.114701,0.117812
9547,30,0.362157,0.009997,0.010327,0.096237,0.521283,0.053372,0.946628,0.119484,0.115426
9548,32,0.362945,0.009993,0.009993,0.096166,0.520903,0.053711,0.946289,0.089538,0.087504
9549,26,0.363201,0.009996,0.009996,0.096126,0.520682,0.05345,0.94655,0.112569,0.113761
9550,32,0.362964,0.010001,0.010001,0.096134,0.520901,0.053354,0.946646,0.126352,0.12664
9551,24,0.363041,0.009995,0.009995,0.09609,0.520878,0.052726,0.947274,0.110717,0.113805
9552,24,0.362743,0.010005,0.010005,0.096134,0.521114,0.05208,0.94792,0.128219,0.131432
9553,24,0.362451,0.010005,0.010005,0.096179,0.52136,0.05141,0.94859,0.134349,0.137655
9554,24,0.362082,0.010003,0.010003,0.096204,0.521708,0.050694,0.949306,0.122041,0.125527
9555,26,0.361948,0.010002,0.010002,0.096225,0.521823,0.050245,0.949755,0.128191,0.130308
9556,24,0.362266,0.009995,0.009995,0.096178,0.521566,0.05,0.95,0.119834,0.12283
9557,36,0.361783,0.010005,0.010005,0.096226,0.521982,0.05,0.95,0.121133,0.1213
9558,30,0.36155,0.010004,0.010004,0.096262,0.52218,0.05,0.95,0.129725,0.131958
9559,30,0.361852,0.009995,0.009995,0.096218,0.521939,0.050301,0.949699,0.113112,0.111395
9560,32,0.361699,0.010011,0.010002,0.096238,0.522049,0.050184,0.949816,0.129453,0.129847
9561,24,0.361781,0.009996,0.009996,0.096196,0.522032,0.05,0.95,0.110726,0.113776
9562,30,0.361896,0.009998,0.009998,0.096177,0.521931,0.05,0.95,0.118124,0.121312
9563,24,0.361839,0.009997,0.009997,0.096153,0.522013,0.05,0.95,0.120127,0.122123
9564,26,0.361701,0.010002,0.010002,0.096173,0.522122,0.05,0.95,0.128241,0.131277
9565,30,0.361482,0.009998,0.009998,0.096157,0.522364,0.050214,0.949786,0.12192,0.12065
9566,24,0.361323,0.010002,0.010002,0.096181,0.522491,0.05,0.95,0.122525,0.12564
9567,26,0.36154,0.009997,0.009997,0.096149,0.522318,0.05,0.95,0.117541,0.119323
9568,32,0.36158,0.009999,0.009999,0.096142,0.522279,0.050769,0.949231,0.115948,0.111894
9569,30,0.361113,0.01,0.01,0.096137,0.522751,0.050545,0.949455,0.126575,0.1275
9570,24,0.360663,0.01,0.01,0.09614,0.523196,0.05,0.95,0.119961,0.122955
9571,36,0.360492,0.01,0.01,0.096145,0.523363,0.05,0.95,0.124315,0.124231
9572,36,0.360337,0.01,0.01,0.096145,0.523518,0.05,0.95,0.127364,0.127478
9573,24,0.359641,0.010931,0.009996,0.096109,0.523323,0.05,0.95,0.135636,0.140687
9574,24,0.359817,0.010012,0.010012,0.096222,0.523938,0.05,0.95,0.122604,0.12601
9575,28,0.360016,0.009997,0.009997,0.096195,0.523794,0.050291,0.949709,0.112107,0.110504
9576,24,0.35995,0.010001,0.010001,0.096204,0.523844,0.05,0.95,0.123217,0.125501
9577,26,0.359439,0.010051,0.010004,0.096245,0.524261,0.05,0.95,0.130368,0.131993
9578,32,0.360038,0.009992,0.009992,0.096163,0.523816,0.050297,0.949703,0.102858,0.101209
9579,24,0.360054,0.009999,0.009999,0.096158,0.523789,0.05,0.95,0.124247,0.12735
9580,24,0.359977,0.009998,0.009998,0.096138,0.52389,0.05,0.95,0.117523,0.120713
9581,30,0.359883,0.009998,0.009998,0.096123,0.523997,0.050233,0.949767,0.116175,0.114804
9582,24,0.359509,0.010002,0.010002,0.096147,0.524339,0.05,0.95,0.130209,0.131998
9583,30,0.359511,0.01,0.01,0.096147,0.524342,0.050797,0.949203,0.119664,0.11547
9584,26,0.359511,0.01,0.01,0.096147,0.524342,0.050887,0.949113,0.116632,0.116007
9585,26,0.359374,0.010002,0.010002,0.096168,0.524454,0.050233,0.949767,0.128161,0.1313
9586,24,0.359003,0.010003,0.010003,0.096192,0.5248,0.05,0.95,0.130201,0.131999
9587,32,0.359005,0.01,0.01,0.096193,0.524803,0.050485,0.949515,0.125324,0.122693
9588,30,0.359488,0.009992,0.009992,0.09612,0.524407,0.051339,0.948661,0.100586,0.096061
9589,24,0.358895,0.010786,0.010018,0.096085,0.524216,0.050536,0.949464,0.134175,0.138101
9590,26,0.359647,0.010001,0.010001,0.096093,0.524259,0.050812,0.949188,0.104113,0.102525
9591,30,0.360691,0.009984,0.009984,0.095937,0.523405,0.051416,0.948584,0.085091,0.081825
9592,26,0.360472,0.01,0.01,0.095935,0.523593,0.051129,0.948871,0.120595,0.121906
9593,24,0.360035,0.010003,0.010003,0.095969,0.523989,0.05101,0.94899,0.125511,0.125938
9594,38,0.360133,0.009999,0.009999,0.095955,0.523915,0.051101,0.948899,0.113807,0.113133
9595,36,0.360033,0.010002,0.010002,0.095969,0.523994,0.05096,0.94904,0.126242,0.126798
9596,24,0.35965,0.010002,0.010246,0.095991,0.524111,0.05087,0.94913,0.134372,0.134642
9597,30,0.359642,0.009999,0.009999,0.09598,0.52438,0.050989,0.949011,0.109704,0.108883
9598,24,0.359641,0.01,0.01,0.09598,0.524379,0.051025,0.948975,0.12163,0.121231
9599,24,0.359577,0.010001,0.010001,0.09599,0.524431,0.05059,0.94941,0.125198,0.127227
9600,24,0.359578,0.01,0.01,0.09599,0.524433,0.051502,0.948498,0.121707,0.116823
9601,24,0.359281,0.010005,0.010005,0.096034,0.524675,0.051109,0.948891,0.134329,0.136172
9602,30,0.359161,0.009999,0.009999,0.096026,0.524815,0.051173,0.948827,0.118296,0.117753
9603,30,0.359182,0.009995,0.009995,0.095973,0.524856,0.051394,0.948606,0.106386,0.105037
9604,24,0.359495,0.009995,0.009995,0.095925,0.52459,0.051366,0.948634,0.119849,0.11976
9605,32,0.359823,0.009995,0.009995,0.095874,0.524314,0.052145,0.947855,0.11174,0.107554
9606,24,0.35937,0.01,0.01,0.095877,0.524753,0.051416,0.948584,0.117868,0.121467
9607,24,0.35937,0.01,0.01,0.095877,0.524753,0.051373,0.948627,0.121782,0.121815
9608,36,0.359318,0.009999,0.009999,0.095863,0.524822,0.051659,0.948341,0.126779,0.125112
9609,24,0.359554,0.009996,0.009996,0.095827,0.524626,0.051918,0.948082,0.117274,0.115732
9610,30,0.359332,0.009998,0.009998,0.09581,0.524862,0.052264,0.947736,0.112055,0.110041
9611,32,0.359335,0.009993,0.010405,0.095748,0.524518,0.052846,0.947154,0.114967,0.111724
9612,26,0.359794,0.009999,0.009999,0.095739,0.524469,0.052952,0.947048,0.114264,0.113511
9613,24,0.359949,0.009998,0.009998,0.095715,0.524341,0.052564,0.947436,0.114702,0.116534
9614,32,0.359915,0.009998,0.009998,0.095693,0.524396,0.052548,0.947452,0.123021,0.122915
9615,30,0.360106,0.009996,0.010045,0.095657,0.524196,0.051995,0.948005,0.119119,0.121781
9616,24,0.360566,0.009993,0.009993,0.095594,0.523853,0.053091,0.946909,0.10254,0.096576
9617,24,0.361115,0.009991,0.009991,0.09551,0.523392,0.053329,0.946671,0.107347,0.105845
9618,30,0.361196,0.009998,0.009998,0.095495,0.523312,0.05351,0.94649,0.128404,0.12722
9619,30,0.360921,0.010001,0.010001,0.095508,0.523569,0.05407,0.94593,0.116998,0.113724
9620,26,0.360922,0.01,0.01,0.095508,0.52357,0.053758,0.946242,0.116584,0.118057
9621,30,0.360803,0.009997,0.009997,0.095477,0.523726,0.054005,0.945995,0.116336,0.114789
9622,32,0.360551,0.010061,0.010618,0.09541,0.52336,0.054499,0.945501,0.125136,0.12226
9623,24,0.359983,0.010786,0.010643,0.095382,0.523206,0.053691,0.946309,0.134188,0.138366
9624,24,0.360626,0.010012,0.01004,0.095495,0.523827,0.05477,0.94523,0.111726,0.10568
9625,36,0.360494,0.010001,0.010001,0.095501,0.524003,0.054728,0.945272,0.124135,0.124141
9626,26,0.360738,0.009993,0.009993,0.095436,0.52384,0.05472,0.94528,0.110555,0.110381
9627,30,0.359549,0.011102,0.011482,0.095219,0.522648,0.054838,0.945162,0.139406,0.13855
9628,30,0.359891,0.010423,0.01123,0.095309,0.523146,0.055342,0.944658,0.119525,0.116509
9629,30,0.359815,0.010548,0.010677,0.095387,0.523574,0.055167,0.944833,0.129646,0.130374
9630,32,0.359815,0.01001,0.010323,0.095479,0.524374,0.054891,0.945109,0.132741,0.134056
9631,36,0.359238,0.010596,0.011306,0.095326,0.523533,0.055287,0.944713,0.1287,0.126304
9632,24,0.359155,0.010271,0.01106,0.095427,0.524087,0.054804,0.945196,0.126002,0.128448
9633,24,0.359649,0.010006,0.010445,0.095486,0.524413,0.055185,0.944815,0.118826,0.116534
9634,24,0.360041,0.010001,0.010025,0.095492,0.524442,0.056005,0.943995,0.11734,0.112506
9635,36,0.359899,0.01,0.01,0.095495,0.524605,0.056072,0.943928,0.121375,0.120758
9636,24,0.359527,0.010003,0.010003,0.095519,0.524949,0.05549,0.94451,0.124074,0.127117
9637,24,0.359156,0.010003,0.010003,0.095543,0.525296,0.0554,0.9446,0.124033,0.124311
9638,36,0.358965,0.009999,0.009999,0.095534,0.525504,0.055401,0.944599,0.117432,0.117205
9639,24,0.35941,0.009993,0.009993,0.095467,0.525137,0.056491,0.943509,0.102556,0.096209
9640,24,0.359253,0.009999,0.009999,0.095456,0.525292,0.056142,0.943858,0.1128,0.114519
9641,30,0.359171,0.009997,0.010258,0.095429,0.525144,0.056121,0.943879,0.130591,0.130483
9642,24,0.358966,0.010007,0.010007,0.095498,0.525521,0.05551,0.94449,0.128186,0.131408
9643,36,0.359051,0.009999,0.009999,0.095488,0.525464,0.055991,0.944009,0.112263,0.109381
9644,32,0.359233,0.009997,0.009997,0.09546,0.525313,0.055874,0.944126,0.108028,0.108407
9645,36,0.358982,0.009997,0.009997,0.095434,0.525589,0.05634,0.94366,0.114538,0.111707
9646,30,0.359013,0.010026,0.009999,0.095425,0.525537,0.055791,0.944209,0.119994,0.122829
9647,30,0.359022,0.01,0.01,0.095427,0.52555,0.055512,0.944488,0.119674,0.121001
9648,34,0.358869,0.01,0.01,0.095426,0.525705,0.055751,0.944249,0.121456,0.119924
9649,26,0.358799,0.009998,0.009998,0.095407,0.525798,0.055379,0.944621,0.116684,0.118558
9650,32,0.358922,0.009997,0.010075,0.095376,0.525629,0.056234,0.943766,0.115011,0.110042
9651,32,0.359532,0.009992,0.009992,0.095296,0.525189,0.056242,0.943758,0.090866,0.090539
9652,36,0.358924,0.010349,0.010002,0.095311,0.525414,0.055872,0.944128,0.132931,0.134775
9653,32,0.358701,0.010062,0.010003,0.095344,0.52589,0.05569,0.94431,0.123333,0.124128
9654,30,0.358699,0.010001,0.010001,0.095354,0.525945,0.055927,0.944073,0.113191,0.111614
9655,32,0.358819,0.009996,0.009996,0.095312,0.525877,0.056781,0.943219,0.115023,0.110023
9656,26,0.35849,0.010478,0.010044,0.095281,0.525707,0.056315,0.943685,0.128014,0.130439
9657,28,0.358097,0.010875,0.010001,0.095287,0.525741,0.056268,0.943732,0.128376,0.12843
9658,24,0.358114,0.010013,0.010013,0.095415,0.526445,0.055695,0.944305,0.12821,0.131217
9659,38,0.358348,0.009991,0.009991,0.09533,0.52634,0.056182,0.943818,0.094669,0.09171
9660,24,0.357887,0.011181,0.010062,0.095208,0.525663,0.055405,0.944595,0.129761,0.133888
9661,38,0.358552,0.010007,0.010007,0.095272,0.526163,0.055367,0.944633,0.10272,0.102713
9662,26,0.358118,0.010048,0.010006,0.095332,0.526496,0.054658,0.945342,0.134165,0.137875
9663,26,0.357712,0.010007,0.010007,0.0954,0.526873,0.054191,0.945809,0.12479,0.127146
9664,30,0.357791,0.009994,0.009994,0.095342,0.526879,0.055066,0.944934,0.106254,0.101295
9665,32,0.357903,0.009995,0.009995,0.095298,0.526809,0.055008,0.944992,0.103291,0.103406
9666,26,0.358273,0.009994,0.009994,0.095241,0.526497,0.055079,0.944921,0.104898,0.10425
9667,32,0.358338,0.009994,0.009994,0.095184,0.52649,0.055652,0.944348,0.098807,0.095454
9668,32,0.358053,0.010002,0.010002,0.095201,0.526743,0.055604,0.944396,0.12168,0.121735
9669,32,0.357943,0.009999,0.009999,0.095192,0.526867,0.056346,0.943654,0.113803,0.109442
9670,24,0.358099,0.009998,0.009998,0.095168,0.526738,0.055924,0.944076,0.114695,0.116801
9671,24,0.358068,0.009999,0.01008,0.09516,0.526693,0.056896,0.943104,0.113361,0.10768
9672,32,0.358227,0.009999,0.009999,0.095148,0.526627,0.057065,0.942935,0.107649,0.106447
9673,36,0.358071,0.01,0.01,0.095148,0.526781,0.056903,0.943097,0.123244,0.123951
9674,24,0.35831,0.009996,0.009996,0.095113,0.526585,0.057099,0.942901,0.117376,0.116026
9675,30,0.357952,0.01,0.01,0.095116,0.526931,0.057092,0.942908,0.119779,0.119587
9676,30,0.357953,0.01,0.01,0.095116,0.526931,0.057001,0.942999,0.119717,0.119975
9677,32,0.357998,0.009995,0.009995,0.095064,0.526949,0.056967,0.943033,0.108129,0.108117
9678,26,0.357923,0.009998,0.009998,0.095044,0.527037,0.056665,0.943335,0.118567,0.120084
9679,26,0.357785,0.010002,0.010002,0.095064,0.527147,0.056574,0.943426,0.128119,0.128432
9680,24,0.357732,0.01015,0.009999,0.09505,0.527069,0.056299,0.943701,0.129864,0.131155
9681,32,0.357901,0.009997,0.009997,0.095021,0.527084,0.056645,0.943355,0.114063,0.11191
9682,38,0.357709,0.009995,0.009995,0.09497,0.527332,0.056869,0.943131,0.117512,0.11599
9683,42,0.357849,0.009998,0.009998,0.094948,0.527208,0.05665,0.94335,0.116388,0.117419
9684,30,0.357749,0.010001,0.010001,0.094962,0.527287,0.056295,0.943705,0.118108,0.119791
9685,32,0.357828,0.009994,0.009994,0.094907,0.527276,0.056278,0.943722,0.101463,0.101258
9686,32,0.357814,0.009997,0.009997,0.094881,0.52731,0.056735,0.943265,0.106691,0.103882
9687,36,0.357619,0.009999,0.009999,0.094871,0.527512,0.056612,0.943388,0.120195,0.12066
9688,30,0.357516,0.010002,0.010002,0.094886,0.527595,0.057127,0.942873,0.121843,0.118682
9689,32,0.357236,0.010002,0.010002,0.094903,0.527857,0.057207,0.942793,0.127703,0.127015
9690,32,0.357416,0.009997,0.009997,0.094877,0.527712,0.057145,0.942855,0.122108,0.122262
9691,38,0.357191,0.009998,0.009998,0.094856,0.527957,0.057397,0.942603,0.121827,0.120164
9692,26,0.357053,0.010002,0.010002,0.094876,0.528067,0.056955,0.943045,0.128189,0.130528
9693,32,0.357029,0.009998,0.009998,0.094855,0.528121,0.056851,0.943149,0.122801,0.123149
9694,32,0.357334,0.009995,0.009995,0.094809,0.527867,0.056747,0.943253,0.109618,0.109898
9695,24,0.35733,0.01,0.01,0.094808,0.527862,0.057647,0.942353,0.121719,0.116275
9696,24,0.35733,0.01,0.01,0.094808,0.527862,0.057072,0.942928,0.129936,0.133012
9697,24,0.357033,0.010005,0.010005,0.094852,0.528106,0.056412,0.943588,0.126037,0.129543
9698,24,0.357275,0.009996,0.009996,0.094818,0.527915,0.057469,0.942531,0.109126,0.102889
9699,26,0.356847,0.010007,0.010007,0.09488,0.52826,0.056855,0.943145,0.128511,0.131812
9700,24,0.356624,0.010004,0.010004,0.094914,0.528454,0.056921,0.943079,0.126297,0.125712
9701,30,0.356272,0.01,0.01,0.094919,0.528808,0.056884,0.943116,0.119765,0.119752
9702,24,0.356342,0.009999,0.009999,0.094909,0.528751,0.056728,0.943272,0.121917,0.122571
9703,24,0.356571,0.009996,0.010024,0.094871,0.528539,0.056836,0.943164,0.117259,0.116403
9704,32,0.35643,0.010002,0.010002,0.094895,0.528671,0.056907,0.943093,0.12953,0.12888
9705,24,0.356513,0.009995,0.009995,0.094852,0.528644,0.056392,0.943608,0.110689,0.11332
9706,32,0.356229,0.010002,0.010002,0.094868,0.528899,0.056346,0.943654,0.12158,0.121609
9707,24,0.355933,0.010005,0.010005,0.094912,0.529146,0.055859,0.944141,0.126001,0.128509
9708,30,0.355698,0.010004,0.010004,0.094948,0.529346,0.055527,0.944473,0.129714,0.131321
9709,30,0.355718,0.01,0.01,0.094947,0.529336,0.055496,0.944504,0.109646,0.109491
9710,32,0.355937,0.009997,0.009997,0.094914,0.529156,0.055763,0.944237,0.110906,0.109147
9711,24,0.355805,0.010002,0.010002,0.094933,0.529258,0.055133,0.944867,0.12661,0.129875
9712,24,0.356046,0.009996,0.009996,0.094898,0.529064,0.056309,0.943691,0.11118,0.104392
9713,30,0.355805,0.010004,0.010004,0.094932,0.529255,0.05642,0.94358,0.123057,0.122202
9714,26,0.355601,0.01,0.01,0.094934,0.529464,0.05609,0.94391,0.118685,0.120342
9715,32,0.355732,0.009998,0.009998,0.094915,0.529357,0.05627,0.94373,0.10765,0.106421
9716,24,0.355655,0.009998,0.009998,0.094895,0.529455,0.055726,0.944274,0.119641,0.122439
9717,30,0.35555,0.010002,0.010002,0.094909,0.529537,0.056018,0.943982,0.121863,0.119997
9718,30,0.355832,0.009996,0.009996,0.094868,0.529308,0.05631,0.94369,0.108236,0.10633
9719,24,0.355818,0.010031,0.01,0.094865,0.529287,0.055472,0.944528,0.12988,0.134357
9720,26,0.355621,0.01,0.01,0.094869,0.529509,0.055102,0.944898,0.118604,0.120442
9721,24,0.355324,0.010005,0.010005,0.094913,0.529754,0.05445,0.94555,0.126043,0.129413
9722,32,0.355179,0.010002,0.010002,0.094936,0.52988,0.054407,0.945593,0.129601,0.129628
9723,30,0.354943,0.010004,0.010004,0.094971,0.530079,0.054159,0.945841,0.129737,0.130879
9724,24,0.354881,0.010001,0.010001,0.094981,0.530136,0.054175,0.945825,0.123109,0.122795
9725,32,0.355036,0.009998,0.009998,0.094959,0.53001,0.055131,0.944869,0.115168,0.109756
9726,26,0.354608,0.010007,0.010007,0.095021,0.530358,0.054692,0.945308,0.128442,0.130656
9727,26,0.354475,0.010002,0.010002,0.095043,0.530478,0.054192,0.945808,0.128086,0.130629
9728,32,0.354328,0.010002,0.010002,0.095065,0.530602,0.054217,0.945783,0.12027,0.119909
9729,24,0.35433,0.01,0.01,0.095065,0.530605,0.054205,0.945795,0.12168,0.121524
9730,32,0.35433,0.01,0.01,0.095065,0.530605,0.054542,0.945458,0.12071,0.118686
9731,30,0.354734,0.009994,0.009994,0.095006,0.530273,0.054846,0.945154,0.10316,0.101217
9732,30,0.354415,0.010334,0.010784,0.094883,0.529584,0.054927,0.945073,0.135786,0.135133
9733,24,0.354438,0.010014,0.010014,0.095012,0.530522,0.054543,0.945457,0.121949,0.123849
9734,30,0.354209,0.010004,0.010004,0.09505,0.530733,0.054712,0.945288,0.12968,0.128516
9735,24,0.354147,0.010001,0.010001,0.09506,0.53079,0.055011,0.944989,0.1232,0.121354
9736,32,0.354545,0.009994,0.009994,0.095002,0.530465,0.055681,0.944319,0.092734,0.088794
9737,24,0.35454,0.01,0.01,0.095001,0.530459,0.056583,0.943417,0.121703,0.116357
9738,24,0.354705,0.009994,0.009994,0.094946,0.530361,0.056849,0.943151,0.113314,0.111595
9739,38,0.354116,0.010001,0.010001,0.094956,0.530926,0.056639,0.943361,0.127337,0.128304
9740,36,0.354141,0.009997,0.009997,0.094929,0.530935,0.057256,0.942744,0.109367,0.105665
9741,32,0.35366,0.010557,0.009996,0.094893,0.530894,0.056907,0.943093,0.136979,0.138735
9742,24,0.353557,0.01001,0.01001,0.094989,0.531433,0.056797,0.943203,0.128143,0.128542
9743,24,0.353804,0.009996,0.009996,0.094956,0.531247,0.057519,0.942481,0.117374,0.113
9744,24,0.353363,0.010003,0.010003,0.094989,0.531641,0.057127,0.942873,0.125439,0.127473
9745,24,0.353531,0.009994,0.009994,0.094934,0.531547,0.057048,0.942952,0.113258,0.113453
9746,26,0.353638,0.009998,0.009998,0.094916,0.531449,0.057124,0.942876,0.114594,0.113945
9747,32,0.353588,0.010001,0.010001,0.094923,0.531487,0.057407,0.942593,0.11099,0.109149
9748,24,0.353911,0.009995,0.009995,0.094876,0.531223,0.056691,0.943309,0.111761,0.115596
9749,32,0.353848,0.010033,0.01,0.094879,0.53124,0.057,0.943,0.126243,0.124258
9750,24,0.353561,0.010005,0.010005,0.094926,0.531503,0.056516,0.943484,0.125978,0.128496
9751,24,0.353287,0.010066,0.010078,0.094947,0.531622,0.056454,0.943546,0.126122,0.126228
9752,30,0.353099,0.010005,0.010005,0.094996,0.531895,0.056293,0.943707,0.123178,0.123853
9753,24,0.353251,0.009995,0.009995,0.094944,0.531816,0.055781,0.944219,0.108455,0.111073
9754,30,0.353146,0.010097,0.010438,0.094877,0.531442,0.05615,0.94385,0.129119,0.126808
9755,32,0.353198,0.010004,0.010253,0.094911,0.531634,0.056168,0.943832,0.126282,0.125957
9756,26,0.353012,0.010001,0.010001,0.094919,0.532067,0.0555,0.9445,0.120523,0.124049
9757,26,0.353649,0.00999,0.00999,0.094826,0.531545,0.054947,0.945053,0.101881,0.104652
9758,24,0.353413,0.010003,0.010003,0.094857,0.531723,0.054901,0.945099,0.126212,0.126241
9759,26,0.353544,0.009998,0.009998,0.094839,0.531621,0.054262,0.945738,0.118464,0.121746
9760,30,0.353543,0.01,0.01,0.094839,0.531619,0.054135,0.945865,0.136164,0.136621
9761,32,0.353543,0.01,0.01,0.094839,0.531618,0.054346,0.945654,0.11599,0.114634
9762,30,0.353092,0.010599,0.009998,0.094817,0.531495,0.053859,0.946141,0.129566,0.131971
9763,36,0.353987,0.009995,0.009995,0.094773,0.531249,0.053956,0.946044,0.100462,0.099718
9764,30,0.353488,0.010725,0.009996,0.094738,0.531053,0.053927,0.946073,0.139499,0.139418
9765,32,0.353594,0.01001,0.01001,0.094828,0.531559,0.054036,0.945964,0.115669,0.114855
9766,24,0.354341,0.009989,0.009989,0.094721,0.53096,0.053474,0.946526,0.09832,0.101082
9767,26,0.35426,0.010001,0.010001,0.09473,0.531009,0.053686,0.946314,0.120785,0.119468
9768,26,0.354728,0.009993,0.009993,0.094661,0.530625,0.053767,0.946233,0.104184,0.103516
9769,26,0.354764,0.009996,0.009996,0.094625,0.530619,0.054001,0.945999,0.110892,0.109456
9770,32,0.354127,0.01035,0.010791,0.094548,0.530185,0.054362,0.945638,0.129908,0.127752
9771,24,0.353638,0.01086,0.010819,0.094541,0.530143,0.053502,0.946498,0.134152,0.138601
9772,24,0.354703,0.010005,0.010265,0.094592,0.530434,0.053493,0.946507,0.107358,0.107158
9773,24,0.354799,0.010003,0.010003,0.094618,0.530577,0.054399,0.945601,0.121673,0.116533
9774,26,0.354375,0.010007,0.010007,0.094681,0.530931,0.054017,0.945983,0.134177,0.13606
9775,36,0.354119,0.009998,0.01012,0.094663,0.5311,0.053946,0.946054,0.122048,0.122222
9776,32,0.354495,0.009996,0.009996,0.094625,0.530888,0.054322,0.945678,0.111939,0.109714
9777,24,0.354194,0.010005,0.010005,0.094668,0.531129,0.053823,0.946177,0.134299,0.136804
9778,26,0.354372,0.009995,0.010119,0.094625,0.530889,0.053923,0.946077,0.117502,0.116759
9779,32,0.354592,0.009998,0.009998,0.094609,0.530801,0.053957,0.946043,0.106583,0.106204
9780,36,0.354246,0.009995,0.010687,0.094558,0.530514,0.054243,0.945757,0.130274,0.128546
9781,24,0.354348,0.010006,0.010006,0.094612,0.531029,0.053874,0.946126,0.121103,0.122891
9782,26,0.354145,0.01,0.01,0.094615,0.53124,0.053786,0.946214,0.124249,0.12452
9783,24,0.353912,0.01,0.01,0.094618,0.53147,0.053357,0.946643,0.120442,0.122511
9784,26,0.353774,0.010002,0.010002,0.094638,0.531584,0.052828,0.947172,0.124322,0.126956
9785,26,0.353603,0.010001,0.0101,0.094649,0.531647,0.052937,0.947063,0.128074,0.127314
9786,24,0.353639,0.010001,0.010001,0.094659,0.5317,0.053844,0.946156,0.121694,0.116605
9787,32,0.353491,0.010002,0.010002,0.094681,0.531824,0.053868,0.946132,0.120287,0.119932
9788,24,0.354055,0.009991,0.009991,0.094599,0.531364,0.054034,0.945966,0.107409,0.106278
9789,26,0.353842,0.01,0.01,0.094599,0.53156,0.05338,0.94662,0.124382,0.127728
9790,26,0.353774,0.010001,0.010001,0.094609,0.531615,0.053093,0.946907,0.122422,0.123786
9791,26,0.353637,0.010002,0.010002,0.094629,0.53173,0.052415,0.947585,0.128221,0.131646
9792,36,0.353447,0.009999,0.009999,0.094619,0.531936,0.05242,0.94758,0.117522,0.117304
9793,32,0.353748,0.009995,0.009995,0.094575,0.531687,0.052622,0.947378,0.095844,0.094537
9794,24,0.354067,0.009995,0.009995,0.094527,0.531416,0.052646,0.947354,0.111671,0.111297
9795,24,0.354386,0.009995,0.009995,0.094479,0.531146,0.052271,0.947729,0.119972,0.121729
9796,24,0.354943,0.009991,0.009991,0.094396,0.530679,0.053101,0.946899,0.107305,0.102742
9797,24,0.355498,0.009991,0.009991,0.094312,0.530208,0.053029,0.946971,0.107457,0.107596
9798,24,0.355427,0.010001,0.010001,0.09432,0.530252,0.053243,0.946757,0.12321,0.121868
9799,36,0.355456,0.009997,0.009997,0.094295,0.530255,0.053804,0.946196,0.110385,0.107187
9800,26,0.355098,0.010446,0.009999,0.094281,0.530177,0.053606,0.946394,0.129343,0.130221
9801,36,0.354987,0.010002,0.010002,0.094301,0.530708,0.053714,0.946286,0.12005,0.119236
9802,24,0.355013,0.01,0.01,0.094298,0.53069,0.053406,0.946594,0.116048,0.117468
9803,26,0.354875,0.010002,0.010002,0.094318,0.530803,0.053027,0.946973,0.128165,0.130022
9804,30,0.354831,0.009996,0.009996,0.094277,0.530901,0.052462,0.947538,0.109572,0.112349
9805,32,0.355007,0.009997,0.009997,0.09425,0.530748,0.052406,0.947594,0.122129,0.122255
9806,30,0.354767,0.010004,0.010004,0.094284,0.530941,0.052882,0.947118,0.123164,0.120451
9807,32,0.355804,0.009984,0.009984,0.094134,0.530094,0.053108,0.946892,0.083851,0.082426
9808,24,0.355664,0.010002,0.010002,0.09415,0.530183,0.052478,0.947522,0.126535,0.129652
9809,24,0.35527,0.010274,0.010002,0.094168,0.530285,0.05216,0.94784,0.134208,0.135675
9810,24,0.355294,0.010004,0.010004,0.094205,0.530494,0.051616,0.948384,0.116902,0.119529
9811,24,0.355092,0.01,0.01,0.094204,0.530704,0.051606,0.948394,0.120452,0.12029
9812,30,0.355284,0.009997,0.009997,0.094176,0.530546,0.051993,0.948007,0.116199,0.113948
9813,24,0.355305,0.01,0.01,0.094172,0.530523,0.051926,0.948074,0.12427,0.124401
9814,24,0.355363,0.009996,0.010226,0.09413,0.530286,0.052732,0.947268,0.117932,0.113499
9815,30,0.355888,0.009995,0.009995,0.094086,0.530036,0.053144,0.946856,0.102799,0.100361
9816,24,0.355884,0.01,0.01,0.094085,0.530031,0.052443,0.947557,0.121709,0.125204
9817,32,0.356047,0.009997,0.009997,0.094061,0.529897,0.052586,0.947414,0.113344,0.112398
9818,32,0.356578,0.009986,0.010348,0.09393,0.529158,0.051503,0.948497,0.106836,0.11224
9819,26,0.356915,0.01,0.01,0.09393,0.529155,0.050984,0.949016,0.113762,0.116221
9820,24,0.356863,0.009998,0.009998,0.093906,0.529236,0.050453,0.949547,0.111884,0.114379
9821,32,0.357512,0.00999,0.00999,0.093811,0.528697,0.050368,0.949632,0.098902,0.099134
9822,26,0.357271,0.010272,0.009999,0.093803,0.528655,0.05,0.95,0.128051,0.131199
9823,26,0.357562,0.009997,0.009997,0.093772,0.528674,0.05,0.95,0.1126,0.113017
9824,26,0.357489,0.010001,0.010001,0.093781,0.528728,0.05,0.95,0.12362,0.127388
9825,26,0.357729,0.009996,0.009996,0.093746,0.528532,0.050059,0.949941,0.111285,0.110821
9826,32,0.357678,0.010001,0.010001,0.093753,0.528568,0.050252,0.949748,0.126473,0.125335
9827,32,0.357723,0.009995,0.009995,0.093702,0.528586,0.050398,0.949602,0.097355,0.096458
9828,30,0.357735,0.01,0.01,0.093698,0.528567,0.050331,0.949669,0.109618,0.109692
9829,30,0.357632,0.010002,0.010002,0.093713,0.528651,0.050785,0.949215,0.122011,0.119514
9830,24,0.357789,0.009998,0.009998,0.093691,0.528525,0.050361,0.949639,0.114726,0.116666
9831,26,0.357363,0.010007,0.010007,0.093752,0.528872,0.05004,0.94996,0.13426,0.135709
9832,32,0.357498,0.009998,0.009998,0.093734,0.528771,0.050447,0.949553,0.123215,0.12098
9833,24,0.357135,0.010006,0.010006,0.093787,0.529067,0.05,0.95,0.135803,0.13928
9834,24,0.356842,0.010005,0.010005,0.093831,0.529317,0.05,0.95,0.126026,0.129416
9835,26,0.356708,0.010002,0.010002,0.093852,0.529435,0.05,0.95,0.122504,0.123637
9836,24,0.356505,0.01,0.01,0.093851,0.529643,0.05,0.95,0.122467,0.125265
9837,24,0.356208,0.010005,0.010005,0.093895,0.529888,0.05,0.95,0.128108,0.130897
9838,24,0.355995,0.009997,0.009997,0.093865,0.530146,0.05,0.95,0.114907,0.117461
9839,26,0.355923,0.010001,0.010001,0.093875,0.5302,0.05,0.95,0.123685,0.127793
9840,30,0.355821,0.010002,0.010002,0.09389,0.530286,0.050596,0.949404,0.12205,0.118874
9841,32,0.355479,0.01,0.01,0.093891,0.53063,0.05044,0.94956,0.133694,0.134297
9842,36,0.355273,0.009999,0.009999,0.093877,0.530853,0.050602,0.949398,0.125341,0.124339
9843,36,0.355575,0.009991,0.009991,0.093795,0.530647,0.051125,0.948875,0.092308,0.08941
9844,30,0.355215,0.01,0.01,0.093797,0.530988,0.051165,0.948835,0.129637,0.129241
9845,36,0.354968,0.009997,0.009997,0.093773,0.531265,0.05156,0.94844,0.113125,0.110909
9846,26,0.355007,0.009996,0.009996,0.093738,0.531263,0.05158,0.94842,0.110904,0.110621
9847,32,0.355546,0.009992,0.009992,0.093658,0.530813,0.051939,0.948061,0.093491,0.091421
9848,26,0.355333,0.01,0.01,0.093658,0.531009,0.051813,0.948187,0.124344,0.124818
9849,30,0.355778,0.009993,0.009993,0.093593,0.530642,0.051762,0.948238,0.112728,0.112727
9850,24,0.356013,0.009996,0.009996,0.093557,0.530438,0.051744,0.948256,0.117403,0.117282
9851,32,0.356137,0.009996,0.010143,0.093517,0.530208,0.052116,0.947884,0.12194,0.119847
9852,36,0.355917,0.009999,0.009999,0.093508,0.530576,0.052331,0.947669,0.12004,0.118703
9853,30,0.355678,0.010004,0.010004,0.093543,0.530771,0.051909,0.948091,0.12978,0.131779
9854,30,0.355267,0.01029,0.010015,0.093532,0.530896,0.051666,0.948334,0.135968,0.137013
9855,24,0.355615,0.009999,0.009999,0.093525,0.530861,0.052498,0.947502,0.117386,0.112824
9856,30,0.355344,0.009999,0.009999,0.093517,0.531141,0.052447,0.947553,0.11217,0.112218
9857,36,0.355604,0.009996,0.009996,0.093479,0.530925,0.052364,0.947636,0.11071,0.110961
9858,26,0.35582,0.009997,0.009997,0.093447,0.530741,0.051876,0.948124,0.11375,0.116092
9859,26,0.356143,0.009994,0.010054,0.09339,0.530419,0.051781,0.948219,0.114234,0.114518
9860,30,0.355717,0.009993,0.010946,0.09332,0.530023,0.052153,0.947847,0.131686,0.129553
9861,30,0.355882,0.010009,0.010009,0.093406,0.530694,0.052854,0.947146,0.118389,0.114506
9862,26,0.355888,0.01,0.01,0.093407,0.530704,0.053044,0.946956,0.122272,0.12105
9863,36,0.355977,0.009995,0.009995,0.093357,0.530677,0.053128,0.946872,0.110497,0.109802
9864,26,0.355477,0.010005,0.010005,0.093399,0.531114,0.05279,0.94721,0.130397,0.132008
9865,30,0.35532,0.010448,0.009996,0.093358,0.530879,0.052759,0.947241,0.136056,0.135987
9866,30,0.355583,0.01,0.01,0.093359,0.531058,0.05298,0.94702,0.113015,0.111662
9867,30,0.355576,0.009995,0.009995,0.093313,0.531121,0.053082,0.946918,0.10844,0.107647
9868,36,0.355521,0.009998,0.009998,0.093299,0.531184,0.05342,0.94658,0.122638,0.120632
9869,30,0.355619,0.009996,0.009996,0.093257,0.531133,0.053657,0.946343,0.112663,0.111193
9870,24,0.355242,0.010002,0.010002,0.093279,0.531474,0.053034,0.946966,0.124057,0.127203
9871,24,0.355243,0.01,0.01,0.09328,0.531477,0.053941,0.946059,0.121678,0.116572
9872,24,0.354795,0.01,0.01,0.093283,0.531921,0.053359,0.946641,0.125992,0.12894
9873,36,0.354603,0.009999,0.009999,0.093273,0.532126,0.053467,0.946533,0.124384,0.12361
9874,24,0.354227,0.01022,0.010002,0.093296,0.532255,0.052937,0.947063,0.127964,0.130567
9875,30,0.354394,0.010001,0.010001,0.093304,0.5323,0.052713,0.947287,0.118582,0.119544
9876,24,0.354635,0.009996,0.009996,0.093269,0.532103,0.053449,0.946551,0.117372,0.113259
9877,30,0.354463,0.01,0.01,0.093266,0.532272,0.053864,0.946136,0.12822,0.125789
9878,32,0.354352,0.009999,0.009999,0.093257,0.532393,0.054587,0.945413,0.107562,0.103452
9879,24,0.354053,0.010005,0.010005,0.0933,0.532638,0.053981,0.946019,0.134302,0.137403
9880,32,0.354174,0.009996,0.009996,0.093258,0.532576,0.053693,0.946307,0.118747,0.120109
9881,32,0.353476,0.011008,0.010303,0.093166,0.532047,0.053291,0.946709,0.139243,0.141214
9882,30,0.353701,0.010017,0.010017,0.093322,0.532943,0.053336,0.946664,0.12319,0.122758
9883,24,0.35334,0.010003,0.010003,0.093349,0.533306,0.052617,0.947383,0.121904,0.125539
9884,24,0.35357,0.009996,0.010028,0.093312,0.533094,0.052732,0.947268,0.117318,0.116501
9885,30,0.35334,0.010004,0.010004,0.093348,0.533304,0.052455,0.947545,0.12301,0.124256
9886,30,0.353896,0.009992,0.009992,0.093269,0.532852,0.053187,0.946813,0.10597,0.101936
9887,30,0.353544,0.010772,0.010519,0.093127,0.532038,0.053042,0.946958,0.129117,0.129666
9888,24,0.353807,0.010164,0.01001,0.093222,0.532796,0.052664,0.947336,0.120996,0.12278
9889,32,0.354024,0.009999,0.009999,0.093216,0.532761,0.052603,0.947397,0.122188,0.12232
9890,24,0.354024,0.01,0.01,0.093216,0.53276,0.053798,0.946202,0.11345,0.106904
9891,36,0.354059,0.009997,0.009997,0.09319,0.532756,0.053885,0.946115,0.110698,0.109949
9892,30,0.353916,0.009997,0.009997,0.093163,0.532927,0.054165,0.945835,0.103124,0.101406
9893,34,0.35382,0.010001,0.010001,0.093176,0.533001,0.054049,0.945951,0.124475,0.124895
9894,24,0.353372,0.01,0.01,0.09318,0.533447,0.053414,0.946586,0.119841,0.123067
9895,30,0.352967,0.010001,0.010001,0.093191,0.53384,0.053049,0.946951,0.113207,0.114939
9896,26,0.35254,0.010007,0.010007,0.093253,0.534194,0.052286,0.947714,0.134111,0.137961
9897,24,0.352246,0.010005,0.010005,0.093297,0.534447,0.051919,0.948081,0.12804,0.129765
9898,26,0.352517,0.009996,0.009996,0.093259,0.534232,0.051309,0.948691,0.11649,0.119458
9899,24,0.35215,0.010006,0.010006,0.093311,0.534528,0.051052,0.948948,0.12947,0.130607
9900,24,0.351855,0.010005,0.010005,0.093355,0.534781,0.0507,0.9493,0.128165,0.129785
9901,24,0.352099,0.009996,0.009996,0.093321,0.534587,0.050828,0.949172,0.11733,0.116471
9902,24,0.352023,0.010025,0.010001,0.093328,0.534623,0.050287,0.949713,0.123024,0.125587
9903,32,0.352003,0.009998,0.009998,0.093309,0.534692,0.05081,0.94919,0.107558,0.10474
9904,30,0.352588,0.009991,0.009991,0.093224,0.534206,0.050962,0.949038,0.096501,0.095518
9905,32,0.352633,0.009994,0.009994,0.093171,0.534207,0.050599,0.949401,0.115581,0.11726
9906,24,0.35218,0.01,0.01,0.093174,0.534646,0.050179,0.949821,0.125941,0.127888
9907,36,0.352349,0.009995,0.009995,0.093129,0.534532,0.050373,0.949627,0.114228,0.113018
9908,24,0.353038,0.009989,0.009989,0.093028,0.533955,0.051285,0.948715,0.096267,0.091466
9909,36,0.352839,0.009999,0.009999,0.093016,0.534147,0.051267,0.948733,0.11751,0.117414
9910,30,0.353035,0.009994,0.009994,0.092963,0.534013,0.050805,0.949195,0.109493,0.111607
9911,24,0.352599,0.010378,0.010001,0.09297,0.534052,0.050088,0.949912,0.125907,0.129354
9912,32,0.352451,0.010006,0.010006,0.093022,0.534515,0.05,0.95,0.127814,0.128091
9913,30,0.352021,0.009997,0.010315,0.092993,0.534674,0.050142,0.949858,0.126902,0.125996
9914,36,0.352299,0.009998,0.009998,0.092977,0.534728,0.050462,0.949538,0.113446,0.111625
9915,30,0.352375,0.009994,0.009994,0.092919,0.534719,0.050809,0.949191,0.106174,0.104246
9916,24,0.352823,0.009993,0.009993,0.092853,0.534339,0.051539,0.948461,0.108826,0.104858
9917,30,0.35245,0.010365,0.01,0.092852,0.534334,0.051244,0.948756,0.129578,0.130902
9918,36,0.352387,0.010003,0.010003,0.092876,0.534732,0.051226,0.948774,0.117513,0.117422
9919,24,0.352878,0.009989,0.009989,0.092776,0.534368,0.051214,0.948786,0.103315,0.103161
9920,36,0.352657,0.009999,0.009999,0.092767,0.534578,0.051326,0.948674,0.124428,0.123669
9921,26,0.352877,0.009997,0.009997,0.092735,0.534395,0.050892,0.949108,0.117657,0.119683
9922,30,0.352897,0.009997,0.009997,0.092705,0.534405,0.051162,0.948838,0.114973,0.113416
9923,30,0.353256,0.009994,0.009994,0.092652,0.534103,0.052047,0.947953,0.109408,0.104676
9924,30,0.353489,0.009996,0.009996,0.092617,0.533901,0.05238,0.94762,0.115737,0.113763
9925,26,0.353955,0.009993,0.009993,0.092549,0.53351,0.052891,0.947109,0.104077,0.101202
9926,32,0.353871,0.009999,0.009999,0.092536,0.533596,0.052765,0.947235,0.123886,0.124303
9927,24,0.353952,0.009998,0.010017,0.092521,0.533511,0.051982,0.948018,0.122784,0.126707
9928,26,0.353819,0.010002,0.010002,0.092543,0.533633,0.051667,0.948333,0.124264,0.12573
9929,32,0.353773,0.010001,0.010001,0.09255,0.533676,0.052135,0.947865,0.126398,0.12377
9930,26,0.353635,0.010002,0.010002,0.09257,0.533791,0.051452,0.948548,0.128133,0.131518
9931,24,0.353315,0.010069,0.010004,0.092607,0.534004,0.051277,0.948723,0.127969,0.128683
9932,24,0.353595,0.009994,0.009994,0.092547,0.533871,0.050728,0.949272,0.109211,0.111794
9933,26,0.353521,0.009998,0.009998,0.092528,0.533956,0.050055,0.949945,0.116568,0.119767
9934,24,0.35376,0.009996,0.009996,0.092493,0.533755,0.050216,0.949784,0.117375,0.116393
9935,30,0.353942,0.009997,0.009997,0.092466,0.533598,0.05,0.95,0.10182,0.103191
9936,24,0.35394,0.01,0.01,0.092465,0.533595,0.051111,0.948889,0.113426,0.107657
9937,26,0.353802,0.010002,0.010002,0.092485,0.533709,0.051067,0.948933,0.128091,0.128148
9938,32,0.353978,0.009997,0.009997,0.09246,0.533567,0.05166,0.94834,0.113813,0.110621
9939,32,0.353487,0.010585,0.009996,0.092422,0.53351,0.05132,0.94868,0.13694,0.138512
9940,32,0.353605,0.010089,0.010003,0.092453,0.53385,0.051486,0.948514,0.118248,0.117213
9941,26,0.35343,0.010001,0.010001,0.092463,0.534105,0.051028,0.948972,0.124367,0.126553
9942,36,0.353171,0.010451,0.009997,0.092436,0.533945,0.050823,0.949177,0.130254,0.131104
9943,30,0.353304,0.010005,0.010005,0.092481,0.534206,0.050481,0.949519,0.116639,0.118122
9944,30,0.353204,0.010002,0.010002,0.092496,0.534296,0.05122,0.94878,0.115427,0.111488
9945,30,0.353835,0.00999,0.00999,0.092407,0.533778,0.05135,0.94865,0.092305,0.091439
9946,26,0.35369,0.010002,0.010002,0.092424,0.533881,0.051454,0.948546,0.128163,0.127471
9947,32,0.353525,0.009998,0.009998,0.092407,0.534072,0.051314,0.948686,0.121561,0.122065
9948,30,0.354332,0.009987,0.009987,0.092291,0.533402,0.050949,0.949051,0.095996,0.097625
9949,32,0.354772,0.009993,0.009993,0.092224,0.533018,0.051317,0.948683,0.102935,0.100829
9950,30,0.355126,0.009994,0.009994,0.092172,0.532714,0.051056,0.948944,0.115967,0.117116
9951,24,0.355048,0.010001,0.010001,0.092181,0.532769,0.050634,0.949366,0.116778,0.118723
9952,32,0.355047,0.009995,0.009995,0.092138,0.532825,0.050822,0.949178,0.113782,0.112642
9953,24,0.354746,0.010005,0.010005,0.09218,0.533066,0.050197,0.949803,0.12611,0.129109
9954,26,0.354611,0.010002,0.010002,0.0922,0.533184,0.05,0.95,0.124312,0.126636
9955,24,0.354175,0.010004,0.010004,0.092233,0.533585,0.05,0.95,0.131517,0.134399
9956,26,0.35404,0.010002,0.010002,0.092253,0.533703,0.05,0.95,0.122316,0.123622
9957,24,0.353668,0.010003,0.010003,0.092276,0.534051,0.05,0.95,0.121915,0.1249
9958,32,0.352908,0.010362,0.010763,0.092178,0.533788,0.05,0.95,0.129919,0.130091
9959,26,0.353237,0.010009,0.010009,0.092264,0.534481,0.05,0.95,0.118474,0.120867
9960,24,0.352869,0.010003,0.010003,0.092289,0.534837,0.05,0.95,0.121906,0.123563
9961,24,0.352508,0.010006,0.010006,0.092341,0.53514,0.05,0.95,0.135719,0.138211
9962,26,0.352512,0.01,0.01,0.092342,0.535146,0.050124,0.949876,0.116733,0.115962
9963,24,0.352213,0.010005,0.010005,0.092385,0.535393,0.05,0.95,0.126005,0.129063
9964,24,0.351987,0.010004,0.010004,0.092418,0.535587,0.05,0.95,0.126312,0.127267
9965,24,0.352156,0.009994,0.009994,0.092365,0.535491,0.05013,0.94987,0.113215,0.112374
9966,24,0.351703,0.01,0.01,0.092367,0.535929,0.05,0.95,0.119793,0.123207
9967,24,0.352397,0.009989,0.009989,0.092268,0.535356,0.05102,0.94898,0.098335,0.093
9968,30,0.352479,0.009998,0.009998,0.092254,0.535271,0.051072,0.948928,0.112034,0.11157
9969,30,0.352238,0.010004,0.010004,0.092287,0.535467,0.05109,0.94891,0.129647,0.129368
9970,30,0.352394,0.009998,0.009998,0.092266,0.535344,0.051411,0.948589,0.101973,0.100096
9971,30,0.352632,0.009996,0.009996,0.092232,0.535144,0.051839,0.948161,0.115985,0.113585
9972,32,0.353175,0.009991,0.009991,0.092153,0.534688,0.05186,0.94814,0.093672,0.093293
9973,24,0.352549,0.010885,0.010016,0.09211,0.534439,0.051059,0.948941,0.134119,0.138067
9974,24,0.352187,0.010903,0.010006,0.092162,0.534742,0.050478,0.949522,0.13566,0.13846
9975,24,0.352507,0.010009,0.010009,0.092246,0.535228,0.051746,0.948254,0.115525,0.108862
9976,24,0.35257,0.009996,0.010235,0.092206,0.534994,0.052578,0.947422,0.117905,0.113364
9977,36,0.352551,0.010004,0.010004,0.092241,0.5352,0.052855,0.947145,0.122105,0.120472
9978,30,0.352425,0.010002,0.010002,0.092261,0.535311,0.053158,0.946842,0.122077,0.120251
9979,32,0.353045,0.00999,0.00999,0.092173,0.534802,0.053495,0.946505,0.092112,0.090117
9980,24,0.352739,0.010004,0.010004,0.092214,0.535038,0.053032,0.946968,0.128037,0.1303
9981,32,0.353308,0.009991,0.009991,0.092134,0.534575,0.053638,0.946362,0.093835,0.090385
9982,38,0.353081,0.009998,0.009998,0.092112,0.534812,0.053543,0.946457,0.121886,0.122203
9983,24,0.353029,0.009997,0.009997,0.092089,0.534887,0.05284,0.94716,0.111885,0.115375
9984,24,0.352981,0.009999,0.010128,0.092077,0.534815,0.052688,0.947312,0.129869,0.13047
9985,38,0.35379,0.009989,0.009989,0.091979,0.534251,0.053251,0.946749,0.09292,0.089704
9986,30,0.353519,0.010004,0.010004,0.092015,0.534459,0.053049,0.946951,0.139739,0.14061
9987,24,0.353761,0.009996,0.009996,0.091982,0.534264,0.053875,0.946125,0.117389,0.112733
9988,30,0.353433,0.010247,0.010001,0.091992,0.534326,0.053447,0.946553,0.129615,0.131653
9989,24,0.35309,0.011029,0.009993,0.091929,0.533959,0.052816,0.947184,0.13124,0.134396
9990,24,0.353512,0.010009,0.010009,0.092014,0.534455,0.052172,0.947828,0.115808,0.11898
9991,24,0.353976,0.009993,0.009993,0.091951,0.534087,0.052056,0.947944,0.11047,0.110845
9992,24,0.354203,0.009996,0.010018,0.091914,0.533869,0.05273,0.94727,0.117304,0.113588
9993,30,0.3544,0.009997,0.009997,0.091888,0.533718,0.05243,0.94757,0.11627,0.117655
9994,24,0.354207,0.009994,0.010599,0.091828,0.533372,0.052352,0.947648,0.124167,0.124329
9995,30,0.354012,0.010007,0.010007,0.091894,0.53408,0.051905,0.948095,0.119861,0.121984
9996,36,0.353866,0.01,0.01,0.091896,0.534238,0.052357,0.947643,0.128322,0.12578
9997,24,0.353866,0.01,0.01,0.091896,0.534238,0.0536,0.9464,0.113457,0.106664
9998,36,0.354243,0.009992,0.009992,0.091822,0.533951,0.053777,0.946223,0.099246,0.098024
9999,24,0.354238,0.01,0.01,0.09182,0.533942,0.054683,0.945317,0.121702,0.116525
