game_id,n_rows,a1,a2,a3,a4,a5,w1,w2,avg_loss_sigma,avg_loss_combined
0,24,0.300677,0.149094,0.198888,0.200766,0.150574,0.599056,0.400944,0.150621,0.17686
1,26,0.30093,0.148882,0.197755,0.20139,0.151042,0.597515,0.402485,0.145941,0.204843
2,24,0.302228,0.146991,0.19761,0.201812,0.151359,0.597682,0.402318,0.125941,0.068531
3,36,0.303268,0.145243,0.197119,0.2023,0.15207,0.597132,0.402868,0.139899,0.135921
4,24,0.30434,0.143848,0.195889,0.203186,0.152736,0.595941,0.404059,0.151843,0.190255
5,30,0.305111,0.142467,0.195598,0.203701,0.153123,0.59576,0.40424,0.138982,0.114375
6,32,0.3051,0.141704,0.195154,0.203966,0.154076,0.594933,0.405067,0.146006,0.164137
7,30,0.306418,0.139773,0.194555,0.204657,0.154598,0.594099,0.405901,0.145903,0.160451
8,32,0.306882,0.139095,0.194299,0.204809,0.154915,0.593183,0.406817,0.131442,0.156067
9,32,0.308918,0.137019,0.192667,0.205761,0.155635,0.593062,0.406938,0.137541,0.101734
10,24,0.310447,0.135553,0.191622,0.206321,0.156058,0.592189,0.407811,0.134134,0.142557
11,26,0.310397,0.135035,0.191995,0.206432,0.156142,0.591437,0.408563,0.121327,0.131903
12,30,0.311482,0.133306,0.190792,0.207247,0.157173,0.591074,0.408926,0.151048,0.13841
13,28,0.312552,0.132337,0.190129,0.207567,0.157415,0.589761,0.410239,0.122314,0.161263
14,32,0.314293,0.13075,0.18944,0.207871,0.157646,0.588803,0.411197,0.115661,0.134433
15,24,0.315528,0.129102,0.18884,0.208447,0.158083,0.588344,0.411656,0.137217,0.133065
16,32,0.316319,0.127862,0.188193,0.20907,0.158556,0.587827,0.412173,0.143125,0.142012
17,32,0.316392,0.127623,0.187864,0.209352,0.158769,0.586752,0.413248,0.139665,0.175325
18,26,0.317058,0.126343,0.18745,0.209937,0.159213,0.585792,0.414208,0.141842,0.171052
19,36,0.318545,0.124684,0.18631,0.210592,0.15987,0.585184,0.414816,0.134955,0.130762
20,26,0.319282,0.123672,0.185911,0.210974,0.160161,0.584255,0.415745,0.125829,0.145876
21,24,0.319507,0.122905,0.185499,0.211517,0.160573,0.58317,0.41683,0.137484,0.167821
22,24,0.320349,0.122226,0.184997,0.211709,0.160719,0.581474,0.418526,0.123516,0.18332
23,26,0.32108,0.12109,0.184068,0.212337,0.161425,0.580387,0.419613,0.141254,0.174569
24,30,0.321899,0.11984,0.183884,0.212687,0.161691,0.580016,0.419984,0.121414,0.112108
25,30,0.322428,0.119286,0.183449,0.212947,0.161889,0.579276,0.420724,0.127881,0.1353
26,36,0.322902,0.118269,0.183259,0.213364,0.162206,0.578838,0.421162,0.127562,0.123075
27,32,0.324183,0.116791,0.181625,0.214405,0.162997,0.578296,0.421704,0.150267,0.145382
28,24,0.32549,0.114965,0.180795,0.215029,0.163721,0.578059,0.421941,0.142731,0.128113
29,24,0.326775,0.112978,0.180425,0.215638,0.164184,0.578456,0.421544,0.13017,0.070227
30,26,0.328435,0.111013,0.179729,0.216206,0.164617,0.57783,0.42217,0.124103,0.124122
31,36,0.329296,0.109505,0.179655,0.216524,0.165019,0.577021,0.422979,0.119911,0.127748
32,26,0.330597,0.107312,0.179005,0.21727,0.165817,0.576796,0.423204,0.136876,0.120975
33,24,0.332049,0.105845,0.178104,0.217789,0.166214,0.575697,0.424303,0.130522,0.160164
34,24,0.332723,0.104577,0.17737,0.218542,0.166788,0.574682,0.425318,0.145429,0.177192
35,24,0.333014,0.104333,0.176437,0.219044,0.167171,0.57328,0.42672,0.134935,0.18163
36,32,0.333576,0.102961,0.176101,0.219475,0.167888,0.572969,0.427031,0.135157,0.117696
37,24,0.333374,0.103211,0.175739,0.219653,0.168024,0.57129,0.42871,0.129286,0.191705
38,32,0.334671,0.100903,0.175133,0.220569,0.168724,0.571537,0.428463,0.140828,0.092644
39,30,0.335236,0.100364,0.174902,0.220685,0.168813,0.570485,0.429515,0.118758,0.141387
40,26,0.336704,0.098633,0.173777,0.221471,0.169415,0.569404,0.430596,0.136937,0.167922
41,36,0.337449,0.097039,0.173418,0.222065,0.170029,0.56916,0.43084,0.142697,0.124144
42,24,0.337825,0.096169,0.172676,0.222624,0.170706,0.56792,0.43208,0.138104,0.176652
43,24,0.33918,0.094733,0.171248,0.223478,0.171361,0.566743,0.433257,0.139806,0.165926
44,24,0.339322,0.094314,0.170807,0.223884,0.171672,0.565484,0.434516,0.129937,0.168662
45,24,0.341226,0.092153,0.170037,0.224466,0.172118,0.56571,0.43429,0.122634,0.069075
46,32,0.342023,0.090663,0.169308,0.225051,0.172955,0.565106,0.434894,0.141042,0.146026
47,26,0.343549,0.088981,0.168164,0.225786,0.173519,0.564235,0.435765,0.134203,0.154697
48,36,0.344544,0.087184,0.167595,0.226471,0.174206,0.563728,0.436272,0.142145,0.140523
49,38,0.345613,0.085879,0.16648,0.227235,0.174793,0.563043,0.436957,0.138642,0.15075
50,26,0.347136,0.083811,0.165448,0.228126,0.175479,0.562649,0.437351,0.138408,0.133482
51,30,0.348027,0.082549,0.165117,0.228523,0.175784,0.562463,0.437537,0.119283,0.102464
52,24,0.348623,0.082038,0.164541,0.2288,0.175997,0.561494,0.438506,0.130391,0.152967
53,24,0.349483,0.081285,0.163672,0.229231,0.176329,0.560213,0.439787,0.123074,0.16003
54,32,0.351241,0.079033,0.162441,0.230206,0.177079,0.559858,0.440142,0.139784,0.136648
55,24,0.35204,0.077735,0.162013,0.23073,0.177481,0.559737,0.440263,0.127707,0.095694
56,32,0.352933,0.076101,0.16172,0.231315,0.177932,0.56009,0.43991,0.123807,0.075043
57,24,0.354255,0.074511,0.160624,0.231945,0.178665,0.559478,0.440522,0.135889,0.141908
58,30,0.35357,0.074791,0.161383,0.231745,0.178511,0.558664,0.441336,0.121696,0.140349
59,32,0.355431,0.072447,0.160345,0.232604,0.179173,0.558738,0.441262,0.123438,0.086243
60,26,0.356471,0.071049,0.159244,0.233428,0.179808,0.557868,0.442132,0.14004,0.161864
61,32,0.357733,0.068979,0.158978,0.234035,0.180275,0.558259,0.441741,0.123454,0.072173
62,24,0.357867,0.068625,0.158243,0.234434,0.180831,0.556703,0.443297,0.138241,0.197247
63,32,0.359072,0.067133,0.157662,0.234924,0.181209,0.556967,0.443033,0.129123,0.083624
64,24,0.359313,0.066377,0.1571,0.235392,0.181818,0.555825,0.444175,0.133341,0.171045
65,24,0.360838,0.064629,0.15619,0.236031,0.182312,0.556102,0.443898,0.125282,0.075117
66,26,0.361939,0.063225,0.15519,0.236766,0.18288,0.554932,0.445068,0.140117,0.181709
67,24,0.362692,0.061999,0.15479,0.237259,0.183261,0.554805,0.445195,0.125021,0.096519
68,36,0.364581,0.05931,0.153793,0.238078,0.184238,0.554676,0.445324,0.124198,0.102707
69,32,0.36525,0.058617,0.153267,0.238287,0.184578,0.553648,0.446352,0.1246,0.150423
70,26,0.366491,0.057243,0.152529,0.238778,0.184959,0.5525,0.4475,0.114664,0.152765
71,30,0.367006,0.05659,0.152162,0.238951,0.185291,0.55144,0.44856,0.122818,0.147586
72,30,0.368821,0.054856,0.150855,0.239642,0.185827,0.550725,0.449275,0.113853,0.117849
73,32,0.368534,0.055114,0.150623,0.239687,0.186041,0.550043,0.449957,0.136992,0.153163
74,24,0.369672,0.053883,0.149632,0.240298,0.186515,0.548926,0.451074,0.12029,0.156623
75,24,0.370689,0.052892,0.148846,0.240726,0.186847,0.548159,0.451841,0.122009,0.140195
76,38,0.371778,0.050541,0.148201,0.241359,0.188122,0.548103,0.451897,0.115606,0.095619
77,24,0.372643,0.049335,0.147957,0.241688,0.188377,0.547987,0.452013,0.117829,0.098748
78,26,0.373912,0.048047,0.146744,0.242251,0.189046,0.546822,0.453178,0.120409,0.160699
79,24,0.374051,0.047425,0.146271,0.242649,0.189605,0.545436,0.454564,0.134997,0.19074
80,30,0.374277,0.046635,0.145719,0.243043,0.190325,0.544478,0.455522,0.128651,0.161131
81,26,0.374797,0.046104,0.144876,0.243523,0.190701,0.543233,0.456767,0.13395,0.181939
82,30,0.375973,0.044367,0.143659,0.244399,0.191603,0.542964,0.457036,0.129731,0.120976
83,26,0.377144,0.043487,0.142473,0.2449,0.191996,0.541736,0.458264,0.121211,0.163085
84,32,0.376205,0.044043,0.143532,0.244521,0.191699,0.541064,0.458936,0.124191,0.141638
85,32,0.377208,0.042928,0.142794,0.244998,0.192073,0.540518,0.459482,0.119489,0.129744
86,26,0.377557,0.042371,0.142597,0.245224,0.19225,0.539776,0.460224,0.125781,0.146354
87,30,0.378481,0.041442,0.141864,0.245638,0.192575,0.539314,0.460686,0.121877,0.127521
88,24,0.379038,0.040299,0.142247,0.245752,0.192664,0.537935,0.462065,0.116738,0.165408
89,26,0.378515,0.040938,0.141939,0.24586,0.192748,0.536876,0.463124,0.134544,0.170012
90,24,0.379282,0.040291,0.141166,0.246226,0.193035,0.536779,0.463221,0.124221,0.101297
91,32,0.380398,0.038302,0.140267,0.247002,0.194031,0.536519,0.463481,0.118099,0.111999
92,30,0.381633,0.036663,0.139461,0.24768,0.194564,0.536226,0.463774,0.119895,0.110684
93,32,0.383235,0.034561,0.137613,0.248881,0.19571,0.535813,0.464187,0.132402,0.132451
94,24,0.383349,0.034625,0.137305,0.248954,0.195767,0.534295,0.465705,0.129233,0.188578
95,26,0.383551,0.034148,0.137089,0.249228,0.195983,0.533331,0.466669,0.128363,0.160628
96,36,0.383045,0.034131,0.137209,0.249354,0.196261,0.532538,0.467462,0.131651,0.156078
97,32,0.383226,0.033938,0.136416,0.249704,0.196715,0.531832,0.468168,0.126648,0.14275
98,32,0.384207,0.032737,0.135808,0.250168,0.197081,0.530984,0.469016,0.125591,0.149016
99,30,0.385045,0.03158,0.13527,0.250527,0.197579,0.530554,0.469446,0.119011,0.122643
100,24,0.385145,0.0311,0.134855,0.250971,0.197929,0.52968,0.47032,0.12906,0.156346
101,32,0.386289,0.029972,0.133819,0.251541,0.198379,0.529146,0.470854,0.115855,0.125906
102,26,0.387365,0.028757,0.13302,0.251938,0.19892,0.528592,0.471408,0.118722,0.128501
103,30,0.389001,0.027074,0.132173,0.252437,0.199315,0.527726,0.472274,0.100877,0.1212
104,26,0.388697,0.027055,0.132049,0.252687,0.199512,0.526846,0.473154,0.13272,0.160114
105,26,0.388848,0.026464,0.131827,0.252928,0.199932,0.52617,0.47383,0.1278,0.144945
106,26,0.38932,0.025852,0.131861,0.252987,0.199979,0.524965,0.475035,0.11635,0.157357
107,30,0.390502,0.024322,0.131147,0.253581,0.200448,0.525041,0.474959,0.110877,0.085643
108,32,0.391179,0.023276,0.130728,0.254021,0.200796,0.524725,0.475275,0.126968,0.123628
109,38,0.392073,0.021697,0.130206,0.254528,0.201497,0.524656,0.475344,0.111934,0.093955
110,36,0.392136,0.021306,0.130069,0.254699,0.20179,0.524136,0.475864,0.126178,0.132112
111,30,0.392835,0.020045,0.129738,0.254967,0.202415,0.524,0.476,0.116079,0.106084
112,30,0.393489,0.019718,0.128453,0.255501,0.202839,0.523051,0.476949,0.123685,0.149816
113,30,0.393799,0.019276,0.127813,0.255702,0.203411,0.52193,0.47807,0.126291,0.16419
114,32,0.393826,0.019313,0.127625,0.255771,0.203465,0.521308,0.478692,0.126415,0.138896
115,24,0.394462,0.018827,0.127389,0.255818,0.203503,0.521161,0.478839,0.112671,0.096625
116,26,0.396309,0.016395,0.126056,0.256887,0.204353,0.520643,0.479357,0.114855,0.123898
117,32,0.397142,0.015327,0.125231,0.257478,0.204823,0.519749,0.480251,0.127609,0.152707
118,36,0.398915,0.012962,0.124406,0.258178,0.205539,0.519698,0.480302,0.093883,0.072891
119,24,0.400208,0.011409,0.123806,0.258658,0.205921,0.519096,0.480904,0.109808,0.117367
120,30,0.401261,0.010074,0.123057,0.259231,0.206377,0.519243,0.480757,0.117481,0.087087
121,24,0.401676,0.010022,0.121658,0.259808,0.206836,0.51802,0.48198,0.129981,0.175148
122,24,0.401612,0.010013,0.120881,0.260143,0.207351,0.51689,0.48311,0.137063,0.177868
123,32,0.401558,0.009999,0.121013,0.260108,0.207323,0.516456,0.483544,0.12482,0.128823
124,24,0.401591,0.010013,0.120124,0.260438,0.207835,0.515342,0.484658,0.129054,0.167337
125,30,0.401759,0.010035,0.119737,0.260547,0.207922,0.514718,0.485282,0.129349,0.138734
126,24,0.40223,0.010007,0.118964,0.260731,0.208068,0.513778,0.486222,0.115276,0.141959
127,32,0.403018,0.010013,0.117565,0.261068,0.208337,0.513167,0.486833,0.109354,0.123684
128,26,0.403625,0.010011,0.116444,0.261354,0.208566,0.512637,0.487363,0.115366,0.125451
129,32,0.402856,0.010444,0.11726,0.261087,0.208353,0.512188,0.487812,0.138755,0.145813
130,24,0.403271,0.01001,0.116548,0.261356,0.208815,0.511227,0.488773,0.122272,0.148456
131,24,0.403489,0.009997,0.116504,0.261267,0.208744,0.510664,0.489336,0.116771,0.125891
132,32,0.403761,0.010009,0.11561,0.261494,0.209127,0.510137,0.489863,0.122658,0.130698
133,26,0.403836,0.010007,0.115193,0.261684,0.209279,0.509124,0.490876,0.128912,0.164273
134,24,0.404064,0.010001,0.11466,0.26172,0.209555,0.507947,0.492053,0.112559,0.15213
135,24,0.403099,0.010846,0.115349,0.261403,0.209302,0.507126,0.492874,0.134032,0.156569
136,30,0.404311,0.010012,0.114418,0.261711,0.209548,0.506086,0.493914,0.098345,0.123888
137,26,0.4045,0.01001,0.113525,0.261975,0.209989,0.50484,0.49516,0.128729,0.174712
138,32,0.405293,0.009996,0.112939,0.261869,0.209904,0.503772,0.496228,0.096708,0.129041
139,30,0.405122,0.010207,0.112903,0.261867,0.209902,0.503101,0.496899,0.131638,0.145986
140,30,0.405493,0.009998,0.112835,0.261814,0.20986,0.502938,0.497062,0.112289,0.101681
141,24,0.405853,0.010011,0.111921,0.262114,0.2101,0.501557,0.498443,0.132351,0.183599
142,24,0.405898,0.009998,0.111961,0.262074,0.210068,0.501046,0.498954,0.119341,0.125141
143,24,0.405737,0.010201,0.11216,0.26194,0.209961,0.500158,0.499842,0.121382,0.144573
144,30,0.405606,0.010007,0.111932,0.262128,0.210326,0.499338,0.500662,0.140183,0.161143
145,32,0.405478,0.010187,0.112697,0.261674,0.209963,0.498434,0.501566,0.118619,0.146003
146,30,0.405191,0.0106,0.112463,0.261735,0.210011,0.497512,0.502488,0.130161,0.157387
147,26,0.405197,0.010854,0.111938,0.261881,0.210129,0.496355,0.503645,0.124795,0.16407
148,32,0.405319,0.010323,0.111844,0.26196,0.210554,0.495845,0.504155,0.119006,0.126384
149,32,0.405571,0.009995,0.112139,0.261839,0.210456,0.495216,0.504784,0.10707,0.121144
150,32,0.405174,0.010434,0.111967,0.261813,0.210613,0.494522,0.505478,0.138127,0.153948
151,32,0.405845,0.010023,0.110642,0.262403,0.211088,0.494516,0.505484,0.116794,0.097602
152,30,0.406312,0.010006,0.109923,0.262552,0.211208,0.493678,0.506322,0.117247,0.13904
153,30,0.406885,0.010007,0.109014,0.262737,0.211357,0.493305,0.506695,0.110269,0.112342
154,26,0.407277,0.01001,0.108162,0.262991,0.211561,0.492802,0.507198,0.117122,0.124951
155,24,0.40696,0.010139,0.107917,0.263093,0.211891,0.491424,0.508576,0.13464,0.185036
156,30,0.407403,0.010015,0.106885,0.263488,0.212209,0.491007,0.508993,0.123388,0.124936
157,26,0.407714,0.010008,0.106217,0.26369,0.212371,0.490548,0.509452,0.122813,0.127238
158,24,0.408265,0.01,0.105697,0.263677,0.212361,0.489764,0.510236,0.113298,0.133033
159,30,0.408667,0.010004,0.105099,0.263783,0.212447,0.488965,0.511035,0.11717,0.137108
160,24,0.40903,0.009995,0.104725,0.263657,0.212593,0.48768,0.51232,0.117438,0.161013
161,24,0.409356,0.009999,0.104431,0.263637,0.212577,0.487193,0.512807,0.117128,0.123364
162,32,0.409399,0.010003,0.104244,0.263715,0.212639,0.486587,0.513413,0.126452,0.138497
163,24,0.409829,0.010002,0.103483,0.263761,0.212925,0.486189,0.513811,0.117123,0.119617
164,30,0.410196,0.010002,0.102823,0.263814,0.213165,0.485751,0.514249,0.116339,0.11633
165,24,0.410899,0.010013,0.10151,0.264145,0.213433,0.484785,0.515215,0.115479,0.143407
166,26,0.411732,0.010001,0.100624,0.264181,0.213462,0.484163,0.515837,0.101908,0.113387
167,30,0.412363,0.010019,0.099048,0.264693,0.213876,0.48359,0.51641,0.117371,0.126264
168,30,0.412134,0.009988,0.099889,0.264372,0.213617,0.482803,0.517197,0.116766,0.137366
169,30,0.412567,0.010015,0.098519,0.264757,0.214143,0.482339,0.517661,0.123354,0.128283
170,24,0.412939,0.010005,0.097687,0.264879,0.21449,0.48175,0.51825,0.114718,0.125512
171,32,0.41285,0.010006,0.097263,0.265051,0.21483,0.481042,0.518958,0.124621,0.143719
172,36,0.41308,0.009995,0.097273,0.264924,0.214727,0.480666,0.519334,0.111212,0.112412
173,24,0.413727,0.010007,0.096279,0.26511,0.214877,0.480276,0.519724,0.117672,0.120465
174,24,0.414099,0.010012,0.095351,0.265415,0.215125,0.479654,0.520346,0.124201,0.137131
175,24,0.414377,0.010007,0.094754,0.265593,0.215269,0.479668,0.520332,0.122113,0.097025
176,32,0.414718,0.010004,0.093855,0.26569,0.215734,0.479524,0.520476,0.114592,0.105701
177,30,0.415253,0.010013,0.092689,0.266033,0.216012,0.478946,0.521054,0.120206,0.127755
178,24,0.415642,0.010005,0.092073,0.266162,0.216117,0.477524,0.522476,0.114799,0.16233
179,26,0.415922,0.010009,0.091354,0.266403,0.216312,0.476719,0.523281,0.128223,0.15267
180,32,0.41612,0.010007,0.090636,0.26658,0.216658,0.476505,0.523495,0.126876,0.11871
181,24,0.416183,0.010013,0.089692,0.266926,0.217187,0.475072,0.524928,0.135218,0.187563
182,32,0.416137,0.009992,0.090169,0.266699,0.217003,0.474914,0.525086,0.119362,0.111987
183,24,0.416303,0.010015,0.089232,0.267111,0.217338,0.47398,0.52602,0.129377,0.157443
184,30,0.41704,0.010004,0.08829,0.267231,0.217435,0.473533,0.526467,0.107449,0.108797
185,30,0.417491,0.010004,0.087432,0.267337,0.217736,0.473564,0.526436,0.109811,0.09002
186,30,0.41808,0.010011,0.086304,0.26763,0.217975,0.472997,0.527003,0.116295,0.123745
187,30,0.41842,0.010001,0.085695,0.267665,0.218218,0.472691,0.527309,0.125775,0.123106
188,24,0.418855,0.010001,0.085217,0.267689,0.218238,0.471698,0.528302,0.110612,0.139322
189,36,0.419341,0.010003,0.084396,0.267773,0.218486,0.47092,0.52908,0.11262,0.134427
190,30,0.419572,0.009999,0.083824,0.267738,0.218868,0.470541,0.529459,0.115601,0.117011
191,26,0.419705,0.01001,0.083176,0.268015,0.219094,0.469417,0.530583,0.115812,0.151166
192,30,0.420504,0.010002,0.082271,0.268077,0.219146,0.468985,0.531015,0.105544,0.10796
193,24,0.421218,0.010013,0.080937,0.268413,0.21942,0.467654,0.532346,0.115213,0.159387
194,24,0.421137,0.010009,0.080563,0.268665,0.219626,0.46689,0.53311,0.128873,0.146642
195,24,0.42135,0.010016,0.079295,0.269105,0.220234,0.465622,0.534378,0.1272,0.171257
196,26,0.421372,0.010006,0.078775,0.269259,0.220589,0.464834,0.535166,0.128537,0.152005
197,24,0.421441,0.010013,0.077816,0.269608,0.221122,0.463878,0.536122,0.127072,0.156986
198,26,0.421451,0.010023,0.077417,0.269816,0.221293,0.462806,0.537194,0.126237,0.161574
199,30,0.421565,0.010012,0.07674,0.270132,0.221552,0.461857,0.538143,0.130644,0.158758
200,32,0.422225,0.009996,0.076111,0.270012,0.221656,0.462029,0.537971,0.101361,0.078379
201,32,0.421846,0.009997,0.076652,0.269923,0.221582,0.46174,0.53826,0.129718,0.12696
202,26,0.422241,0.010015,0.075522,0.270317,0.221905,0.460898,0.539102,0.123256,0.148363
203,30,0.422147,0.01009,0.075008,0.2705,0.222254,0.459795,0.540205,0.130103,0.163251
204,26,0.422257,0.010008,0.074596,0.270711,0.222428,0.459134,0.540866,0.12294,0.139574
205,24,0.423169,0.009992,0.074072,0.270507,0.22226,0.458302,0.541698,0.09879,0.118102
206,30,0.423307,0.009995,0.074186,0.270367,0.222145,0.458135,0.541865,0.114305,0.106335
207,24,0.423484,0.010015,0.07298,0.270785,0.222736,0.457295,0.542705,0.129095,0.153859
208,26,0.424101,0.010015,0.07162,0.271193,0.223072,0.45633,0.54367,0.121774,0.152586
209,24,0.424276,0.010007,0.07088,0.271371,0.223466,0.455011,0.544989,0.131647,0.176897
210,32,0.424699,0.009993,0.070796,0.271192,0.223319,0.454317,0.545683,0.105281,0.11848
211,30,0.424636,0.010007,0.070065,0.271395,0.223897,0.454118,0.545882,0.129974,0.122806
212,32,0.425403,0.010005,0.069044,0.271535,0.224013,0.454053,0.545947,0.097069,0.082645
213,36,0.425851,0.009993,0.068951,0.271347,0.223858,0.453358,0.546642,0.101659,0.11622
214,30,0.425296,0.010645,0.068858,0.271236,0.223964,0.45269,0.54731,0.139683,0.153298
215,26,0.426313,0.010015,0.067747,0.271633,0.224292,0.45144,0.54856,0.115809,0.15583
216,32,0.426674,0.010004,0.066814,0.271742,0.224767,0.451579,0.548421,0.113564,0.091587
217,24,0.427509,0.010004,0.065767,0.271857,0.224863,0.451859,0.548141,0.101513,0.068204
218,24,0.428047,0.010004,0.065022,0.271971,0.224957,0.451426,0.548574,0.117174,0.122119
219,36,0.428375,0.009998,0.064628,0.271924,0.225075,0.450941,0.549059,0.111066,0.114157
220,32,0.428457,0.01,0.064541,0.271925,0.225077,0.451331,0.548669,0.109841,0.077592
221,24,0.429022,0.010009,0.063529,0.272165,0.225275,0.449942,0.550058,0.114796,0.158338
222,26,0.429262,0.010011,0.062755,0.272456,0.225516,0.448727,0.551273,0.128672,0.168894
223,24,0.429443,0.009999,0.062618,0.272438,0.225501,0.448798,0.551202,0.117507,0.096036
224,32,0.429879,0.010006,0.061892,0.272594,0.22563,0.448726,0.551274,0.114113,0.10431
225,32,0.429448,0.01029,0.062798,0.272178,0.225286,0.448142,0.551858,0.123203,0.13611
226,32,0.430462,0.010008,0.06165,0.272406,0.225474,0.447854,0.552146,0.095035,0.090891
227,24,0.430968,0.010003,0.06073,0.272499,0.225799,0.447129,0.552871,0.116913,0.133326
228,24,0.43104,0.010162,0.059866,0.272846,0.226086,0.445434,0.554566,0.135123,0.194609
229,30,0.430934,0.010006,0.059611,0.27302,0.226429,0.445056,0.554944,0.140039,0.143058
230,32,0.431349,0.010011,0.058622,0.273331,0.226687,0.444778,0.555222,0.111447,0.109575
231,26,0.431996,0.010011,0.057186,0.273637,0.227169,0.444363,0.555637,0.114783,0.121027
232,36,0.431865,0.009997,0.057163,0.273554,0.227421,0.444291,0.555709,0.120352,0.106594
233,30,0.432835,0.010009,0.055712,0.27381,0.227634,0.443543,0.556457,0.10036,0.112718
234,24,0.432616,0.010006,0.055638,0.273971,0.227768,0.442598,0.557402,0.134885,0.160736
235,26,0.432925,0.010012,0.05471,0.274306,0.228047,0.441516,0.558484,0.128658,0.164136
236,30,0.433507,0.010012,0.053334,0.274623,0.228525,0.440801,0.559199,0.118859,0.135787
237,24,0.433569,0.01003,0.052629,0.274963,0.228808,0.439493,0.560507,0.135054,0.178603
238,24,0.434119,0.010004,0.051882,0.275085,0.22891,0.439131,0.560869,0.117073,0.118996
239,30,0.433668,0.00999,0.052872,0.274799,0.228672,0.43957,0.56043,0.119145,0.084386
240,30,0.434108,0.010002,0.052308,0.27486,0.228722,0.439164,0.560836,0.107899,0.108829
241,24,0.434655,0.010008,0.051339,0.275087,0.228911,0.438112,0.561888,0.114819,0.144571
242,30,0.435072,0.010009,0.050067,0.275329,0.229524,0.438023,0.561977,0.112759,0.102945
243,24,0.434512,0.010666,0.050068,0.275275,0.229479,0.43665,0.56335,0.134728,0.180527
244,26,0.434676,0.010009,0.049888,0.275518,0.22991,0.435813,0.564187,0.124448,0.148598
245,32,0.434484,0.010419,0.050273,0.275189,0.229635,0.434746,0.565254,0.118498,0.148371
246,24,0.43533,0.01001,0.04934,0.275459,0.229861,0.434268,0.565732,0.110396,0.115069
247,24,0.436415,0.010005,0.048026,0.275587,0.229967,0.433626,0.566374,0.104069,0.117154
248,24,0.436847,0.010009,0.046899,0.275828,0.230417,0.43187,0.56813,0.121714,0.180596
249,26,0.437357,0.010012,0.045795,0.27615,0.230686,0.431309,0.568691,0.120806,0.133278
250,26,0.438116,0.009995,0.045323,0.276003,0.230563,0.430156,0.569844,0.10193,0.135833
251,24,0.438525,0.01,0.044676,0.275995,0.230804,0.428776,0.571224,0.118193,0.162105
252,32,0.438849,0.010009,0.043862,0.276257,0.231023,0.428372,0.571628,0.111973,0.113896
253,38,0.43899,0.009994,0.043862,0.276096,0.231058,0.428012,0.571988,0.112105,0.115298
254,30,0.438374,0.010155,0.04459,0.275948,0.230934,0.427457,0.572543,0.139841,0.150283
255,24,0.438734,0.010008,0.043465,0.276174,0.231619,0.426824,0.573176,0.121509,0.134004
256,26,0.438914,0.01002,0.04204,0.27672,0.232306,0.425897,0.574103,0.126094,0.153057
257,32,0.439146,0.010013,0.040956,0.277091,0.232794,0.425363,0.574637,0.12938,0.139917
258,24,0.438312,0.011284,0.040937,0.276864,0.232603,0.424437,0.575563,0.134698,0.160733
259,30,0.438805,0.010307,0.04118,0.276995,0.232713,0.424526,0.575474,0.109006,0.092921
260,32,0.438923,0.010003,0.04123,0.277069,0.232775,0.424769,0.575231,0.115898,0.091226
261,26,0.439169,0.010011,0.040436,0.277362,0.233022,0.423572,0.576428,0.128579,0.166215
262,30,0.439027,0.010289,0.040634,0.277181,0.232869,0.423044,0.576956,0.118538,0.126542
263,30,0.438745,0.010001,0.040753,0.277203,0.233298,0.422491,0.577509,0.127904,0.139006
264,26,0.438836,0.010002,0.040327,0.27726,0.233575,0.42224,0.57776,0.120226,0.11625
265,32,0.438844,0.009999,0.040351,0.277244,0.233562,0.422469,0.577531,0.110744,0.088082
266,32,0.439971,0.010008,0.038811,0.277463,0.233747,0.422054,0.577946,0.0882,0.090573
267,30,0.440302,0.010003,0.038107,0.277552,0.234036,0.421824,0.578176,0.117748,0.115377
268,24,0.440367,0.009997,0.037972,0.277459,0.234205,0.421053,0.578947,0.125577,0.14432
269,24,0.441247,0.01,0.037092,0.277457,0.234204,0.420398,0.579602,0.10378,0.11638
270,32,0.441563,0.010007,0.036025,0.277656,0.234749,0.419838,0.580162,0.120696,0.131429
271,32,0.441608,0.010003,0.035843,0.277732,0.234814,0.419561,0.580439,0.126537,0.126534
272,30,0.441647,0.010009,0.035095,0.277996,0.235252,0.419112,0.580888,0.130229,0.136844
273,34,0.441704,0.009999,0.035103,0.277967,0.235227,0.418565,0.581435,0.121396,0.13263
274,26,0.441966,0.010011,0.034041,0.27827,0.235712,0.417517,0.582483,0.124661,0.156147
275,30,0.4418,0.010005,0.03375,0.278404,0.236041,0.416915,0.583085,0.139993,0.151615
276,24,0.442375,0.010009,0.03272,0.278648,0.236248,0.415614,0.584386,0.114573,0.153542
277,24,0.442176,0.010006,0.032353,0.278822,0.236643,0.414769,0.585231,0.134735,0.155909
278,24,0.442752,0.010009,0.031322,0.279067,0.23685,0.413459,0.586541,0.114573,0.153536
279,26,0.443189,0.010015,0.030113,0.279481,0.237202,0.412369,0.587631,0.128709,0.163068
280,32,0.443628,0.010015,0.028887,0.279906,0.237563,0.411912,0.588088,0.120897,0.126871
281,32,0.444071,0.010008,0.028027,0.280136,0.237758,0.412371,0.587629,0.110123,0.078721
282,32,0.444615,0.010007,0.027123,0.280331,0.237924,0.412213,0.587787,0.114707,0.108214
283,26,0.444891,0.010008,0.026439,0.280551,0.238111,0.410935,0.589065,0.122403,0.161353
284,26,0.445428,0.01,0.025908,0.280552,0.238111,0.409618,0.590382,0.109081,0.147295
285,30,0.446236,0.009997,0.025272,0.280461,0.238034,0.409602,0.590398,0.093543,0.081493
286,26,0.447134,0.010009,0.023882,0.280721,0.238254,0.4091,0.5909,0.104642,0.112314
287,24,0.447095,0.010015,0.02396,0.280696,0.238234,0.408062,0.591938,0.121555,0.150947
288,32,0.447479,0.01001,0.022661,0.280985,0.238864,0.407562,0.592438,0.121397,0.130296
289,24,0.447543,0.010001,0.022285,0.281025,0.239146,0.406657,0.593343,0.123413,0.146048
290,30,0.448005,0.010015,0.021027,0.281448,0.239505,0.406281,0.593719,0.123223,0.125634
291,26,0.448559,0.010004,0.020295,0.28155,0.239592,0.405334,0.594666,0.11534,0.141562
292,24,0.448499,0.010009,0.019869,0.28181,0.239814,0.404512,0.595488,0.128816,0.151138
293,38,0.447892,0.010378,0.019726,0.28184,0.240164,0.403784,0.596216,0.140039,0.158515
294,32,0.448301,0.010008,0.019079,0.28206,0.240552,0.403912,0.596088,0.114442,0.095452
295,32,0.448886,0.010003,0.018338,0.282146,0.240626,0.403284,0.596716,0.108908,0.118619
296,26,0.44919,0.010012,0.017417,0.282475,0.240906,0.402303,0.597697,0.124788,0.153814
297,30,0.44906,0.010006,0.017263,0.282632,0.24104,0.402137,0.597863,0.123606,0.1189
298,24,0.450144,0.010005,0.015907,0.282779,0.241165,0.400885,0.599115,0.100253,0.135235
299,32,0.450448,0.010008,0.015158,0.283017,0.241369,0.400255,0.599745,0.121834,0.133987
300,24,0.450504,0.010004,0.014923,0.283117,0.241453,0.398978,0.601022,0.13149,0.170684
301,32,0.450636,0.010003,0.014637,0.2832,0.241524,0.398609,0.601391,0.120611,0.123827
302,24,0.450721,0.010012,0.013891,0.283552,0.241824,0.397632,0.602368,0.126719,0.154226
303,26,0.450898,0.010009,0.013255,0.283801,0.242037,0.396719,0.603281,0.124652,0.150729
304,24,0.45109,0.009996,0.013271,0.283696,0.241947,0.396802,0.603198,0.116755,0.101991
305,32,0.451394,0.010008,0.012511,0.283935,0.242151,0.396537,0.603463,0.117161,0.115088
306,24,0.452628,0.009995,0.011535,0.283803,0.242039,0.395978,0.604022,0.090902,0.099072
307,34,0.453268,0.010012,0.010257,0.284138,0.242325,0.395647,0.604353,0.112732,0.115308
308,30,0.453152,0.010006,0.010073,0.284304,0.242466,0.394824,0.605176,0.123666,0.142561
309,24,0.452928,0.010006,0.010006,0.284461,0.2426,0.393912,0.606088,0.128754,0.153649
310,30,0.451444,0.011297,0.011486,0.283766,0.242007,0.393491,0.606509,0.139904,0.146092
311,24,0.451732,0.010869,0.01129,0.283947,0.242162,0.392486,0.607514,0.121637,0.149616
312,24,0.452546,0.010003,0.011163,0.284043,0.242244,0.392526,0.607474,0.107304,0.090222
313,30,0.452291,0.010105,0.011173,0.284121,0.24231,0.391766,0.608234,0.140153,0.157885
314,24,0.452752,0.01001,0.01027,0.284411,0.242557,0.392316,0.607684,0.115533,0.077847
315,30,0.451545,0.011194,0.011256,0.283891,0.242114,0.391797,0.608203,0.139949,0.14855
316,26,0.452144,0.01061,0.010289,0.284405,0.242552,0.390814,0.609186,0.124647,0.152854
317,30,0.452947,0.010002,0.010002,0.284455,0.242595,0.390737,0.609263,0.09699,0.086094
318,24,0.452792,0.010096,0.009997,0.284357,0.242759,0.389448,0.610552,0.129565,0.168053
319,24,0.452721,0.009998,0.009998,0.284313,0.242969,0.389147,0.610853,0.121374,0.122315
320,26,0.453145,0.009992,0.009992,0.284091,0.242779,0.388633,0.611367,0.101173,0.109336
321,30,0.452984,0.010335,0.009996,0.283991,0.242693,0.38783,0.61217,0.119499,0.13892
322,24,0.453125,0.009999,0.009999,0.283961,0.242915,0.386955,0.613045,0.11212,0.134312
323,24,0.453321,0.009996,0.009996,0.283859,0.242828,0.387455,0.612545,0.110653,0.076282
324,26,0.453164,0.010075,0.010001,0.283898,0.242861,0.386472,0.613528,0.124561,0.152469
325,24,0.453111,0.010072,0.010001,0.283928,0.242887,0.385519,0.614481,0.125215,0.15066
326,24,0.453089,0.010002,0.010002,0.283978,0.24293,0.384611,0.615389,0.125306,0.149101
327,32,0.453041,0.010018,0.010001,0.283995,0.242945,0.384473,0.615527,0.126379,0.120132
328,26,0.452876,0.010121,0.010001,0.284029,0.242973,0.383438,0.616562,0.124549,0.153288
329,36,0.453127,0.009991,0.009991,0.283785,0.243106,0.383824,0.616176,0.09744,0.071439
330,30,0.453187,0.009999,0.009999,0.283744,0.243071,0.382735,0.617265,0.128271,0.156544
331,24,0.453382,0.009996,0.009996,0.283642,0.242984,0.382219,0.617781,0.116773,0.12561
332,30,0.452996,0.010189,0.01,0.283637,0.243178,0.381746,0.618254,0.129925,0.137737
333,24,0.452822,0.010007,0.010007,0.283825,0.243339,0.38093,0.61907,0.135015,0.156412
334,30,0.452621,0.010004,0.010004,0.283937,0.243435,0.380353,0.619647,0.130329,0.142069
335,34,0.452624,0.01,0.01,0.283939,0.243437,0.380121,0.619879,0.11295,0.112039
336,32,0.452518,0.009992,0.009992,0.283704,0.243795,0.38055,0.61945,0.11492,0.088097
337,24,0.452627,0.009998,0.009998,0.283638,0.243739,0.380745,0.619255,0.117594,0.09713
338,36,0.452445,0.010003,0.010003,0.28373,0.243818,0.380018,0.619982,0.128845,0.146856
339,24,0.452076,0.010002,0.010002,0.283797,0.244123,0.378881,0.621119,0.134618,0.167836
340,30,0.452539,0.009992,0.009992,0.283559,0.243918,0.378508,0.621492,0.094373,0.093052
341,36,0.452526,0.009997,0.009997,0.283476,0.244003,0.378588,0.621412,0.110861,0.097063
342,30,0.45242,0.009994,0.009994,0.283316,0.244276,0.377884,0.622116,0.118082,0.134651
343,32,0.452373,0.010001,0.010001,0.283334,0.244292,0.377648,0.622352,0.110948,0.108841
344,26,0.452588,0.009996,0.009996,0.283223,0.244196,0.376782,0.623218,0.115239,0.137574
345,26,0.45273,0.009997,0.009997,0.283146,0.244129,0.375649,0.624351,0.116242,0.148596
346,24,0.452775,0.009999,0.009999,0.28312,0.244107,0.374601,0.625399,0.113918,0.141732
347,36,0.452769,0.009997,0.009997,0.283041,0.244195,0.375194,0.624806,0.110842,0.076525
348,24,0.452507,0.010005,0.010005,0.283174,0.24431,0.37419,0.62581,0.128822,0.15509
349,36,0.452354,0.01,0.01,0.283177,0.244469,0.373525,0.626475,0.129126,0.142304
350,24,0.452344,0.009996,0.009996,0.283054,0.24461,0.37264,0.62736,0.112074,0.134552
351,30,0.452408,0.009999,0.009999,0.283017,0.244578,0.372679,0.627321,0.117322,0.105423
352,30,0.45236,0.009999,0.010103,0.282986,0.244552,0.373235,0.626765,0.119635,0.088222
353,32,0.452782,0.009994,0.009994,0.282821,0.244409,0.372991,0.627009,0.097274,0.092818
354,26,0.452776,0.01,0.01,0.282818,0.244406,0.372055,0.627945,0.126103,0.151623
355,24,0.452517,0.010005,0.010005,0.282952,0.244522,0.370951,0.629049,0.135024,0.166644
356,26,0.451862,0.01063,0.010001,0.28297,0.244538,0.369561,0.630439,0.135417,0.176763
357,30,0.452019,0.010036,0.010008,0.2832,0.244736,0.368899,0.631101,0.123139,0.136652
358,24,0.45178,0.010005,0.010005,0.283347,0.244863,0.367907,0.632093,0.128824,0.155093
359,32,0.451932,0.009997,0.009997,0.283273,0.2448,0.36783,0.63217,0.116925,0.110037
360,32,0.45185,0.009998,0.009998,0.283222,0.244931,0.367279,0.632721,0.119129,0.130091
361,24,0.451589,0.010005,0.010005,0.283355,0.245047,0.366455,0.633545,0.128756,0.149713
362,32,0.451498,0.010118,0.01,0.283346,0.245039,0.365833,0.634167,0.126386,0.138686
363,30,0.451276,0.009999,0.009999,0.283309,0.245417,0.365761,0.634239,0.131298,0.123962
364,26,0.451104,0.010003,0.010003,0.283397,0.245493,0.36496,0.63504,0.12997,0.151316
365,36,0.451102,0.009997,0.009997,0.28332,0.245583,0.365243,0.634757,0.110715,0.090355
366,30,0.450891,0.010004,0.010004,0.283426,0.245675,0.365199,0.634801,0.130306,0.121382
367,36,0.45088,0.009997,0.009997,0.283344,0.245782,0.365273,0.634727,0.112007,0.100604
368,24,0.450654,0.009999,0.009999,0.283329,0.246018,0.364064,0.635936,0.124648,0.158556
369,32,0.450808,0.009997,0.009997,0.283249,0.245948,0.363545,0.636455,0.104133,0.112796
370,24,0.451003,0.009996,0.009996,0.283146,0.245858,0.363214,0.636786,0.116761,0.119337
371,30,0.451191,0.009996,0.009996,0.283045,0.245771,0.362392,0.637608,0.107663,0.12456
372,36,0.451009,0.01,0.01,0.283055,0.245936,0.3621,0.6379,0.129995,0.13049
373,34,0.450982,0.009997,0.009997,0.282972,0.246053,0.362066,0.637934,0.121244,0.113629
374,32,0.450653,0.009999,0.009999,0.28294,0.24641,0.361523,0.638477,0.130222,0.140045
375,38,0.450592,0.00999,0.00999,0.282651,0.246778,0.361695,0.638305,0.109073,0.094189
376,24,0.450519,0.009996,0.009996,0.28255,0.246937,0.36065,0.63935,0.121927,0.149695
377,30,0.450552,0.009995,0.009995,0.28242,0.247038,0.360758,0.639242,0.116472,0.103476
378,30,0.450641,0.009998,0.009998,0.282369,0.246993,0.360585,0.639415,0.116429,0.111431
379,30,0.450805,0.009997,0.009997,0.282283,0.246918,0.35993,0.64007,0.108657,0.119413
380,32,0.450791,0.009994,0.009994,0.282102,0.247119,0.359185,0.640815,0.117214,0.133225
381,32,0.450642,0.009998,0.010224,0.282056,0.247079,0.359124,0.640876,0.126343,0.118448
382,32,0.451088,0.009996,0.009996,0.281942,0.246979,0.358973,0.641027,0.099958,0.092374
383,38,0.451093,0.009991,0.009991,0.281696,0.247228,0.359109,0.640891,0.10946,0.095131
384,24,0.451534,0.009987,0.009987,0.281333,0.247158,0.358509,0.641491,0.102294,0.113316
385,24,0.45172,0.009996,0.009996,0.281225,0.247063,0.359043,0.640957,0.110658,0.081281
386,32,0.452195,0.009991,0.009991,0.280978,0.246845,0.359143,0.640857,0.086203,0.072836
387,26,0.452067,0.010002,0.010002,0.281034,0.246895,0.358281,0.641719,0.128406,0.151075
388,24,0.452573,0.009991,0.009991,0.280777,0.246669,0.357883,0.642117,0.104187,0.108602
389,30,0.452658,0.009998,0.009998,0.280724,0.246622,0.357715,0.642285,0.116428,0.111394
390,24,0.452797,0.009997,0.009997,0.28065,0.246558,0.357418,0.642582,0.118458,0.120574
391,24,0.452423,0.010002,0.010002,0.280713,0.24686,0.356386,0.643614,0.126487,0.154821
392,24,0.451946,0.010485,0.01,0.280711,0.246858,0.355589,0.644411,0.134882,0.1539
393,24,0.451906,0.01001,0.01001,0.28098,0.247095,0.354473,0.645527,0.128854,0.158691
394,26,0.452038,0.009994,0.010195,0.280819,0.246954,0.353547,0.646453,0.115127,0.138828
395,24,0.452225,0.01,0.010003,0.280819,0.246953,0.352275,0.647725,0.120609,0.155895
396,24,0.451966,0.010005,0.010005,0.280953,0.247071,0.351393,0.648607,0.12873,0.15096
397,26,0.452186,0.009996,0.009996,0.280845,0.246977,0.350404,0.649596,0.111487,0.136835
398,30,0.45234,0.009997,0.009997,0.280763,0.246904,0.349958,0.650042,0.10923,0.116435
399,24,0.452784,0.009987,0.009987,0.280405,0.246836,0.349764,0.650236,0.102282,0.099266
400,32,0.452725,0.009994,0.009994,0.280229,0.247058,0.349793,0.650207,0.11613,0.106005
401,30,0.452512,0.010004,0.010004,0.280332,0.247149,0.349316,0.650684,0.140228,0.146822
402,24,0.452317,0.010004,0.010004,0.280435,0.24724,0.348402,0.651598,0.12451,0.148071
403,24,0.452311,0.009996,0.009996,0.280315,0.247382,0.347368,0.652632,0.112108,0.138535
404,26,0.452188,0.010002,0.010002,0.280374,0.247434,0.346618,0.653382,0.122742,0.140702
405,32,0.452141,0.010001,0.010001,0.2804,0.247457,0.346692,0.653308,0.117898,0.106775
406,30,0.451843,0.009987,0.010995,0.280038,0.247137,0.347234,0.652766,0.11557,0.08747
407,30,0.452686,0.010003,0.010003,0.280109,0.2472,0.346678,0.653322,0.090509,0.096432
408,24,0.452773,0.009994,0.009994,0.279941,0.247299,0.346515,0.653485,0.11661,0.114267
409,24,0.452655,0.009997,0.009997,0.279868,0.247482,0.345647,0.654353,0.123447,0.144513
410,24,0.452393,0.010005,0.010005,0.279999,0.247598,0.344589,0.655411,0.135031,0.163607
411,24,0.452881,0.009991,0.009991,0.279755,0.247381,0.344234,0.655766,0.103554,0.105783
412,36,0.452722,0.009996,0.009996,0.279656,0.247629,0.344514,0.655486,0.11906,0.09884
413,26,0.452933,0.009996,0.009996,0.279544,0.24753,0.343725,0.656275,0.109478,0.127517
414,24,0.452614,0.010006,0.010006,0.279703,0.247671,0.342829,0.657171,0.130336,0.152402
415,30,0.452137,0.009998,0.009998,0.279642,0.248225,0.342801,0.657199,0.122694,0.114329
416,30,0.451927,0.010004,0.010004,0.279747,0.248318,0.342445,0.657555,0.130218,0.133959
417,24,0.451559,0.010002,0.010002,0.279813,0.248624,0.341699,0.658301,0.128544,0.146002
418,32,0.451432,0.010002,0.010002,0.27988,0.248683,0.341195,0.658805,0.129906,0.138363
419,30,0.450952,0.009998,0.009998,0.279817,0.249236,0.340659,0.659341,0.129284,0.139211
420,24,0.450811,0.010409,0.009995,0.279675,0.24911,0.339505,0.660495,0.122146,0.15241
421,24,0.450882,0.010002,0.010002,0.279719,0.249396,0.338358,0.661642,0.121356,0.150712
422,24,0.451159,0.009994,0.010064,0.279543,0.24924,0.337073,0.662927,0.117131,0.150657
423,24,0.451193,0.009988,0.010669,0.279209,0.248941,0.337266,0.662734,0.112839,0.095404
424,30,0.451173,0.009993,0.01104,0.279021,0.248774,0.337158,0.662842,0.121466,0.115934
425,26,0.450594,0.010672,0.010817,0.279085,0.248831,0.336051,0.663949,0.135365,0.164628
426,26,0.451443,0.01014,0.010224,0.279232,0.248962,0.334928,0.665072,0.112901,0.141659
427,32,0.4516,0.009998,0.010298,0.279184,0.248919,0.335092,0.664908,0.114545,0.100585
428,24,0.451622,0.01,0.01,0.279198,0.249179,0.333804,0.666196,0.12961,0.164584
429,24,0.451251,0.010002,0.010002,0.279261,0.249483,0.332969,0.667031,0.128421,0.148129
430,32,0.451671,0.009989,0.009989,0.27896,0.24939,0.332863,0.667137,0.095233,0.088372
431,24,0.45129,0.010002,0.010002,0.279018,0.249689,0.332066,0.667934,0.126454,0.14547
432,30,0.451264,0.009993,0.009993,0.278824,0.249926,0.331646,0.668354,0.108449,0.114745
433,24,0.450865,0.010297,0.010002,0.27887,0.249967,0.330421,0.669579,0.13488,0.167378
434,26,0.451356,0.009996,0.009996,0.278772,0.249879,0.33003,0.66997,0.102157,0.106785
435,26,0.451233,0.010002,0.010002,0.278831,0.249932,0.329153,0.670847,0.124637,0.146439
436,30,0.45093,0.010002,0.010002,0.278878,0.250188,0.328521,0.671479,0.139943,0.152924
437,32,0.450885,0.009997,0.009997,0.2788,0.25032,0.329187,0.670813,0.109673,0.0789
438,24,0.450986,0.009998,0.009998,0.278746,0.250271,0.328247,0.671753,0.114429,0.136002
439,24,0.450668,0.010006,0.010006,0.278906,0.250415,0.327617,0.672383,0.130318,0.143657
440,32,0.450726,0.009999,0.009999,0.278882,0.250394,0.327011,0.672989,0.116197,0.12897
441,24,0.450582,0.010003,0.010003,0.278955,0.250458,0.325963,0.674037,0.124978,0.151577
442,24,0.450212,0.010002,0.010002,0.279019,0.250764,0.324823,0.675177,0.134606,0.164158
443,30,0.450029,0.01,0.01,0.279006,0.250966,0.324696,0.675304,0.131828,0.127047
444,24,0.450132,0.009998,0.009998,0.278953,0.250919,0.323455,0.676545,0.112375,0.142653
445,24,0.450495,0.009993,0.009993,0.278767,0.250752,0.322481,0.677519,0.107418,0.130029
446,26,0.450113,0.010007,0.010007,0.278954,0.25092,0.321518,0.678482,0.129857,0.154061
447,24,0.449747,0.010002,0.010002,0.279021,0.251227,0.320831,0.679169,0.128515,0.143741
448,30,0.449854,0.009998,0.009998,0.278969,0.251181,0.320455,0.679545,0.116944,0.12113
449,26,0.449852,0.01,0.01,0.278968,0.25118,0.320009,0.679991,0.126166,0.133865
450,32,0.45,0.009997,0.009997,0.278893,0.251112,0.319617,0.680383,0.10629,0.112218
451,24,0.449737,0.010005,0.010005,0.279024,0.25123,0.318894,0.681106,0.135043,0.151021
452,24,0.449845,0.009998,0.009998,0.278974,0.251185,0.31789,0.68211,0.114513,0.137264
453,26,0.449832,0.009996,0.009996,0.278863,0.251313,0.317785,0.682215,0.114081,0.110972
454,24,0.449574,0.01,0.01,0.278864,0.251562,0.317001,0.682999,0.124675,0.142428
455,24,0.449432,0.010003,0.010003,0.278936,0.251627,0.316304,0.683696,0.124891,0.139997
456,24,0.448996,0.010371,0.010025,0.27896,0.251648,0.31544,0.68456,0.126545,0.146365
457,26,0.449391,0.01,0.01,0.27896,0.251649,0.314346,0.685654,0.115293,0.141448
458,36,0.449145,0.009995,0.009995,0.278832,0.252031,0.314576,0.685424,0.112579,0.097685
459,26,0.44856,0.010002,0.010002,0.278893,0.252543,0.313725,0.686275,0.129248,0.149624
460,24,0.448525,0.009994,0.01034,0.278738,0.252402,0.314065,0.685935,0.117639,0.098176
461,30,0.449045,0.009992,0.010228,0.278525,0.252209,0.314536,0.685464,0.095218,0.072806
462,24,0.448772,0.010004,0.010004,0.278649,0.25257,0.313619,0.686381,0.128518,0.150736
463,36,0.448321,0.010087,0.010401,0.278468,0.252724,0.313693,0.686307,0.128711,0.118917
464,30,0.448851,0.009993,0.01036,0.27826,0.252536,0.313428,0.686572,0.105126,0.106249
465,26,0.448907,0.010001,0.010001,0.278295,0.252796,0.312714,0.687286,0.120145,0.135917
466,30,0.449414,0.009991,0.009991,0.27804,0.252564,0.31254,0.68746,0.088474,0.085287
467,32,0.44945,0.009999,0.009999,0.278013,0.252539,0.313176,0.686824,0.109959,0.082558
468,26,0.448868,0.010002,0.010002,0.278075,0.253053,0.312246,0.687754,0.129244,0.151802
469,24,0.448863,0.009996,0.009996,0.277955,0.253191,0.311465,0.688535,0.112084,0.129154
470,36,0.449303,0.009992,0.009992,0.277729,0.252984,0.310831,0.689169,0.096048,0.107891
471,30,0.449037,0.009991,0.010753,0.277471,0.252749,0.3104,0.6896,0.118672,0.124647
472,32,0.44905,0.009996,0.010946,0.277359,0.252648,0.310238,0.689762,0.122732,0.121019
473,26,0.448805,0.01001,0.010203,0.27763,0.253352,0.30946,0.69054,0.134916,0.152705
474,32,0.448728,0.009998,0.009998,0.277582,0.253693,0.308942,0.691058,0.121478,0.131025
475,24,0.448615,0.010002,0.010002,0.277638,0.253744,0.308504,0.691496,0.124869,0.130802
476,26,0.448348,0.010005,0.010005,0.277774,0.253868,0.307773,0.692227,0.126261,0.142544
477,30,0.448511,0.009997,0.009997,0.277697,0.253797,0.30709,0.69291,0.115722,0.129612
478,24,0.448517,0.009995,0.009995,0.277567,0.253926,0.306063,0.693937,0.117536,0.142249
479,24,0.447785,0.011017,0.010012,0.277407,0.25378,0.305276,0.694724,0.134781,0.151746
480,32,0.447972,0.010524,0.010006,0.27757,0.253929,0.305315,0.694685,0.121773,0.113901
481,26,0.447832,0.010012,0.010012,0.277907,0.254237,0.304569,0.695431,0.129737,0.146104
482,36,0.447547,0.009994,0.009994,0.27773,0.254736,0.304643,0.695357,0.126505,0.117404
483,24,0.447287,0.009994,0.0103,0.277576,0.254842,0.304137,0.695863,0.123403,0.131499
484,24,0.447287,0.01,0.010278,0.277584,0.25485,0.303626,0.696374,0.123711,0.132142
485,32,0.447322,0.010001,0.010001,0.277606,0.25507,0.303407,0.696593,0.125074,0.125293
486,30,0.447233,0.010002,0.010002,0.277651,0.255112,0.303418,0.696582,0.122235,0.115395
487,36,0.44751,0.009992,0.009992,0.277424,0.255082,0.303469,0.696531,0.097918,0.090161
488,24,0.447503,0.01,0.01,0.277419,0.255078,0.303849,0.696151,0.12169,0.100468
489,30,0.447293,0.010004,0.010004,0.277525,0.255174,0.3037,0.6963,0.13016,0.12819
490,26,0.447183,0.009998,0.009998,0.277469,0.255352,0.303049,0.696951,0.118935,0.1327
491,26,0.446959,0.01,0.01,0.277465,0.255576,0.302329,0.697671,0.128178,0.144272
492,30,0.446749,0.010004,0.010004,0.27757,0.255673,0.302152,0.697848,0.13016,0.127939
493,26,0.446632,0.010002,0.010002,0.277633,0.255731,0.301336,0.698664,0.124613,0.143415
494,32,0.446678,0.009999,0.009999,0.277612,0.255712,0.301929,0.698071,0.109809,0.085366
495,32,0.446264,0.009997,0.009997,0.277538,0.256203,0.301544,0.698456,0.126867,0.132571
496,32,0.446231,0.009993,0.010197,0.277349,0.25623,0.302193,0.697807,0.116792,0.090717
497,32,0.44662,0.009996,0.009996,0.277249,0.256138,0.302221,0.697779,0.098282,0.09165
498,24,0.446176,0.0104,0.010001,0.277268,0.256155,0.301231,0.698769,0.128628,0.151685
499,26,0.446182,0.010007,0.010007,0.277466,0.256338,0.300395,0.699605,0.129895,0.149542
500,24,0.445816,0.010002,0.010002,0.277532,0.256647,0.299729,0.700271,0.126405,0.140364
501,32,0.44574,0.009998,0.009998,0.277485,0.256778,0.299555,0.700445,0.120524,0.119015
502,32,0.445739,0.01,0.01,0.277484,0.256778,0.300155,0.699845,0.111288,0.086791
503,24,0.445734,0.009996,0.009996,0.277363,0.256912,0.299658,0.700342,0.120327,0.128047
504,30,0.44573,0.01,0.01,0.27736,0.25691,0.299315,0.700685,0.11296,0.116384
505,26,0.445948,0.009996,0.009996,0.277251,0.256809,0.2985,0.7015,0.115305,0.133369
506,26,0.445933,0.01,0.01,0.277254,0.256812,0.297684,0.702316,0.121119,0.139676
507,36,0.446138,0.00999,0.00999,0.276981,0.256901,0.297737,0.702263,0.097516,0.089888
508,38,0.445914,0.009998,0.009998,0.276935,0.257154,0.297739,0.702261,0.128013,0.121117
509,24,0.445934,0.009998,0.010092,0.276877,0.2571,0.296836,0.703164,0.119281,0.139412
510,24,0.446173,0.009997,0.009997,0.276802,0.25703,0.296683,0.703317,0.116954,0.115601
511,26,0.44633,0.009993,0.009993,0.276607,0.257077,0.296328,0.703672,0.113259,0.11754
512,26,0.446472,0.009997,0.009997,0.276529,0.257004,0.295351,0.704649,0.116288,0.138922
513,24,0.446289,0.010254,0.010248,0.27636,0.256848,0.294268,0.705732,0.122133,0.147347
514,32,0.446472,0.010006,0.010006,0.27652,0.256996,0.294701,0.705299,0.117283,0.097574
515,32,0.446768,0.009995,0.009995,0.276378,0.256864,0.294459,0.705541,0.096713,0.096207
516,24,0.446752,0.010087,0.009998,0.276337,0.256826,0.293347,0.706653,0.121623,0.147602
517,24,0.447157,0.009994,0.009994,0.276177,0.256677,0.293942,0.706058,0.101184,0.075078
518,26,0.447031,0.010002,0.010002,0.276234,0.25673,0.293529,0.706471,0.122794,0.129662
519,30,0.446756,0.010002,0.010153,0.276298,0.25679,0.293164,0.706836,0.130213,0.134168
520,30,0.446697,0.009994,0.010526,0.27614,0.256643,0.292996,0.707004,0.109637,0.108289
521,24,0.44605,0.010832,0.010544,0.276032,0.256543,0.292309,0.707691,0.134777,0.148462
522,32,0.446539,0.010011,0.010291,0.276335,0.256824,0.292273,0.707727,0.125316,0.119942
523,26,0.446553,0.010005,0.010005,0.276479,0.256958,0.291616,0.708384,0.122628,0.136043
524,30,0.446717,0.009997,0.009997,0.276402,0.256886,0.291193,0.708807,0.115866,0.122214
525,24,0.446358,0.010146,0.010071,0.276473,0.256952,0.29074,0.70926,0.13485,0.141993
526,24,0.446823,0.009996,0.009996,0.276349,0.256837,0.290285,0.709715,0.107441,0.112921
527,30,0.446819,0.01,0.01,0.276347,0.256835,0.29024,0.70976,0.119532,0.11414
528,26,0.447418,0.009989,0.009989,0.276047,0.256556,0.290034,0.709966,0.100355,0.099361
529,30,0.447872,0.009991,0.009991,0.27581,0.256336,0.28987,0.71013,0.102805,0.100428
530,24,0.447697,0.009998,0.009998,0.275765,0.256541,0.288755,0.711245,0.131197,0.157265
531,24,0.447323,0.010002,0.010002,0.275826,0.256846,0.288247,0.711753,0.128389,0.137276
532,24,0.447325,0.01,0.01,0.275827,0.256847,0.289015,0.710985,0.115537,0.084682
533,24,0.447532,0.009992,0.009992,0.275601,0.256884,0.288975,0.711025,0.112695,0.108068
534,26,0.447616,0.009998,0.009998,0.275551,0.256837,0.288752,0.711248,0.11441,0.115491
535,32,0.447572,0.010001,0.010001,0.275571,0.256855,0.288213,0.711787,0.126567,0.135573
536,32,0.447553,0.009993,0.010387,0.275385,0.256682,0.287418,0.712582,0.119582,0.136114
537,32,0.447505,0.010004,0.010004,0.275498,0.256989,0.287784,0.712216,0.114368,0.097123
538,24,0.447567,0.009999,0.009999,0.275471,0.256964,0.287318,0.712682,0.121736,0.129061
539,32,0.447716,0.009997,0.009997,0.275396,0.256894,0.286961,0.713039,0.107751,0.112248
540,26,0.448267,0.00999,0.00999,0.275118,0.256634,0.285874,0.714126,0.102034,0.125914
541,26,0.448018,0.010464,0.010061,0.274965,0.256492,0.285061,0.714939,0.12599,0.143611
542,24,0.448197,0.010006,0.010006,0.275138,0.256652,0.284006,0.715994,0.131568,0.155801
543,26,0.448082,0.010002,0.010002,0.275201,0.256712,0.283675,0.716325,0.128407,0.132531
544,26,0.448081,0.010009,0.01,0.2752,0.256711,0.28299,0.71701,0.120322,0.134177
545,32,0.448432,0.009994,0.009994,0.275029,0.256551,0.283528,0.716472,0.090695,0.06895
546,24,0.448165,0.010005,0.010005,0.275156,0.25667,0.282486,0.717514,0.128829,0.152248
547,24,0.448201,0.009995,0.009995,0.27502,0.25679,0.282286,0.717714,0.118116,0.118423
548,26,0.448292,0.009998,0.009998,0.274969,0.256743,0.281427,0.718573,0.113969,0.132557
549,24,0.448854,0.00999,0.00999,0.274687,0.256479,0.281233,0.718767,0.102633,0.102191
550,32,0.448845,0.01,0.01,0.274682,0.256474,0.281703,0.718297,0.109898,0.090406
551,26,0.448366,0.010005,0.010005,0.274806,0.256819,0.280601,0.719399,0.135244,0.161133
552,30,0.448345,0.009993,0.009993,0.274617,0.257052,0.279941,0.720059,0.115051,0.127736
553,26,0.448556,0.009996,0.009996,0.274505,0.256947,0.278924,0.721076,0.1152,0.137573
554,26,0.448699,0.009997,0.009997,0.27443,0.256877,0.27827,0.72173,0.116274,0.129261
555,24,0.448784,0.009994,0.009994,0.274262,0.256966,0.278098,0.721902,0.116634,0.115947
556,30,0.44894,0.009997,0.009997,0.274178,0.256888,0.277966,0.722034,0.101601,0.099169
557,24,0.448676,0.010005,0.010005,0.274306,0.257008,0.277288,0.722712,0.128732,0.141783
558,32,0.447793,0.011214,0.010304,0.273983,0.256705,0.276594,0.723406,0.139717,0.153892
559,26,0.448749,0.010006,0.010006,0.274149,0.257089,0.276517,0.723483,0.10248,0.099188
560,24,0.44912,0.009993,0.009993,0.273971,0.256922,0.275414,0.724586,0.115685,0.139206
561,36,0.449027,0.009995,0.009995,0.273841,0.257142,0.275765,0.724235,0.111528,0.09701
562,30,0.449001,0.009993,0.010402,0.273646,0.256959,0.275219,0.724781,0.118006,0.126062
563,30,0.448549,0.010565,0.010368,0.273601,0.256917,0.274774,0.725226,0.130087,0.137275
564,24,0.448684,0.010063,0.010014,0.273973,0.257266,0.273832,0.726168,0.128753,0.149233
565,24,0.448972,0.009996,0.009996,0.273868,0.257168,0.272877,0.727123,0.112619,0.132214
566,32,0.448685,0.010002,0.010197,0.27391,0.257207,0.273074,0.726926,0.124379,0.113827
567,26,0.448551,0.010002,0.010002,0.273961,0.257484,0.272607,0.727393,0.122412,0.130153
568,32,0.448334,0.01,0.01,0.273971,0.257694,0.272183,0.727817,0.129792,0.135874
569,30,0.4486,0.009995,0.009995,0.27384,0.25757,0.27179,0.72821,0.101041,0.104827
570,30,0.448593,0.009996,0.009996,0.273732,0.257683,0.272374,0.727626,0.116258,0.094191
571,32,0.448758,0.009997,0.009997,0.273646,0.257602,0.272542,0.727458,0.095378,0.08466
572,24,0.448644,0.009997,0.009997,0.273576,0.257784,0.273317,0.726683,0.113122,0.084216
573,24,0.44827,0.010002,0.010002,0.273637,0.258089,0.272658,0.727342,0.134668,0.147874
574,26,0.4481,0.010003,0.010003,0.273724,0.25817,0.272218,0.727782,0.129865,0.137337
575,30,0.448261,0.009997,0.009997,0.273647,0.258098,0.271893,0.728107,0.115742,0.11868
576,24,0.448624,0.009993,0.009993,0.273464,0.257925,0.272176,0.727824,0.107344,0.092209
577,24,0.448969,0.009993,0.010025,0.273271,0.257743,0.272458,0.727542,0.10735,0.092198
578,32,0.449398,0.009989,0.009989,0.272979,0.257644,0.272463,0.727537,0.095267,0.088147
579,26,0.449714,0.00999,0.00999,0.272699,0.257607,0.272174,0.727826,0.101021,0.103293
580,26,0.449584,0.010002,0.010002,0.272753,0.257658,0.271492,0.728508,0.128523,0.142425
581,32,0.449586,0.01,0.01,0.272754,0.257659,0.271282,0.728718,0.109804,0.109612
582,30,0.449377,0.010004,0.010004,0.272858,0.257757,0.270692,0.729308,0.130246,0.141709
583,32,0.449451,0.009996,0.009996,0.272738,0.25782,0.270772,0.729228,0.11549,0.108212
584,24,0.450009,0.00999,0.00999,0.272457,0.257554,0.27035,0.72965,0.102549,0.107629
585,32,0.449871,0.010002,0.010002,0.272516,0.257609,0.270133,0.729867,0.116235,0.116404
586,32,0.449599,0.010002,0.010002,0.272566,0.257832,0.269976,0.730024,0.12271,0.121877
587,26,0.44986,0.009995,0.009995,0.272438,0.257711,0.269894,0.730106,0.113568,0.111047
588,30,0.449625,0.010051,0.010003,0.272526,0.257794,0.26927,0.73073,0.123547,0.135049
589,24,0.449278,0.010003,0.010003,0.272602,0.258114,0.268569,0.731431,0.126445,0.140449
590,24,0.448908,0.010002,0.010002,0.272666,0.258421,0.267655,0.732345,0.126445,0.14615
591,32,0.448778,0.009999,0.009999,0.272633,0.258591,0.267789,0.732211,0.126269,0.116923
592,26,0.448766,0.01,0.01,0.272638,0.258596,0.26702,0.73298,0.121125,0.137136
593,32,0.44857,0.010004,0.010004,0.272735,0.258688,0.266587,0.733413,0.124427,0.131397
594,24,0.448278,0.01008,0.010004,0.272845,0.258793,0.26518,0.73482,0.134899,0.166608
595,26,0.448277,0.010002,0.010002,0.272887,0.258832,0.264472,0.735528,0.122299,0.135556
596,30,0.448279,0.01,0.01,0.272888,0.258833,0.264169,0.735831,0.126161,0.128988
597,24,0.448017,0.010005,0.010005,0.273017,0.258956,0.263412,0.736588,0.128847,0.144362
598,30,0.44825,0.009996,0.009996,0.272907,0.258851,0.263413,0.736587,0.095394,0.089224
599,24,0.448612,0.009993,0.009993,0.272724,0.258677,0.263232,0.736768,0.10749,0.106371
600,24,0.448209,0.010304,0.010002,0.272767,0.258718,0.262534,0.737466,0.128611,0.141745
601,24,0.448545,0.009999,0.009999,0.272752,0.258704,0.262386,0.737614,0.116883,0.115883
602,38,0.448608,0.009993,0.009993,0.27256,0.258846,0.261907,0.738093,0.111939,0.119807
603,26,0.448198,0.010066,0.010006,0.272726,0.259003,0.261069,0.738931,0.129659,0.146731
604,26,0.44811,0.010003,0.010003,0.272805,0.259079,0.260724,0.739276,0.122803,0.127559
605,30,0.448148,0.009999,0.009999,0.27279,0.259064,0.260845,0.739155,0.118057,0.109246
606,36,0.448329,0.009994,0.009994,0.272622,0.259061,0.260651,0.739349,0.101301,0.099964
607,34,0.448324,0.01,0.01,0.272619,0.259058,0.260574,0.739426,0.121624,0.118955
608,24,0.448062,0.010005,0.010005,0.272748,0.25918,0.259593,0.740407,0.126668,0.146814
609,24,0.448171,0.009998,0.009998,0.272699,0.259133,0.258562,0.741438,0.114472,0.13528
610,32,0.448041,0.010002,0.010002,0.272762,0.259193,0.258757,0.741243,0.120648,0.110533
611,32,0.447768,0.010002,0.010002,0.272812,0.259416,0.258848,0.741152,0.124245,0.117222
612,24,0.447567,0.010004,0.010004,0.272913,0.259512,0.258516,0.741484,0.12676,0.13039
613,36,0.447261,0.009997,0.009997,0.272822,0.259923,0.258332,0.741668,0.121639,0.12144
614,24,0.447147,0.009997,0.009997,0.272753,0.260105,0.257667,0.742333,0.123493,0.135862
615,26,0.447024,0.010002,0.010002,0.272811,0.26016,0.257003,0.742997,0.128491,0.141433
616,30,0.447473,0.009992,0.009992,0.272592,0.259951,0.256631,0.743369,0.090191,0.09296
617,24,0.446983,0.01,0.01,0.272582,0.260436,0.255665,0.744335,0.128177,0.14839
618,24,0.446665,0.010129,0.010003,0.272676,0.260526,0.25497,0.74503,0.134869,0.147853
619,32,0.447198,0.009993,0.009993,0.272479,0.260338,0.254756,0.745244,0.101902,0.101943
620,30,0.447252,0.009998,0.010017,0.272436,0.260297,0.254705,0.745295,0.110285,0.106125
621,30,0.447259,0.01,0.01,0.27244,0.260301,0.254123,0.745877,0.126239,0.136172
622,26,0.447351,0.009998,0.009998,0.272395,0.260257,0.253925,0.746075,0.114415,0.115274
623,30,0.447538,0.009997,0.009997,0.272301,0.260168,0.254129,0.745871,0.102174,0.09137
624,32,0.447321,0.009997,0.009997,0.272215,0.26047,0.254096,0.745904,0.110366,0.106699
625,36,0.447384,0.009999,0.009999,0.272181,0.260437,0.25431,0.74569,0.112213,0.102553
626,24,0.447383,0.01,0.01,0.27218,0.260437,0.254794,0.745206,0.12168,0.102578
627,26,0.447475,0.009998,0.009998,0.272135,0.260393,0.254557,0.745443,0.114423,0.116281
628,26,0.447251,0.01,0.01,0.272131,0.260618,0.25422,0.74578,0.128175,0.132795
629,32,0.447208,0.009994,0.009994,0.271963,0.260841,0.253744,0.746256,0.123247,0.13114
630,32,0.447676,0.009991,0.009991,0.271727,0.260615,0.253445,0.746555,0.101924,0.103943
631,26,0.447827,0.009993,0.009993,0.271532,0.260656,0.253217,0.746783,0.113245,0.114603
632,26,0.447597,0.01,0.01,0.271525,0.260878,0.252875,0.747125,0.128176,0.132824
633,24,0.448086,0.009991,0.009991,0.271285,0.260647,0.252704,0.747296,0.103655,0.103036
634,32,0.447949,0.010002,0.010002,0.271344,0.260703,0.252615,0.747385,0.120667,0.118124
635,32,0.447676,0.010002,0.010002,0.271394,0.260927,0.25234,0.74766,0.12431,0.126292
636,26,0.447678,0.01,0.01,0.271395,0.260928,0.25171,0.74829,0.126202,0.138097
637,26,0.447509,0.009999,0.009999,0.271365,0.261128,0.251611,0.748389,0.120574,0.119195
638,24,0.446742,0.011,0.009996,0.271248,0.261015,0.250718,0.749282,0.136349,0.154379
639,32,0.447927,0.009997,0.009997,0.271155,0.260925,0.250256,0.749744,0.084611,0.089995
640,30,0.4476,0.010002,0.010002,0.271215,0.261181,0.249844,0.750156,0.140883,0.146153
641,30,0.44748,0.009998,0.009998,0.271171,0.261353,0.249934,0.750066,0.113772,0.107083
642,30,0.447269,0.010004,0.010004,0.271273,0.261451,0.249349,0.750651,0.130184,0.139636
643,30,0.447431,0.009997,0.009997,0.271197,0.261378,0.249008,0.750992,0.109129,0.112894
644,26,0.447022,0.010073,0.010006,0.271362,0.261537,0.248234,0.751766,0.125819,0.140493
645,30,0.447712,0.009989,0.009989,0.271062,0.261248,0.248572,0.751428,0.090062,0.076657
646,26,0.447479,0.01,0.01,0.271053,0.261468,0.248031,0.751969,0.122478,0.131566
647,32,0.447468,0.009994,0.009994,0.270883,0.261662,0.248133,0.751867,0.114994,0.108009
648,30,0.447776,0.009991,0.009991,0.270629,0.261614,0.247852,0.752148,0.103471,0.105412
649,24,0.447991,0.009996,0.009996,0.270514,0.261503,0.246929,0.753071,0.11057,0.128298
650,24,0.447268,0.010204,0.010559,0.270364,0.261605,0.246524,0.753476,0.134501,0.139981
651,30,0.447772,0.010005,0.010005,0.27049,0.261728,0.246442,0.753558,0.101623,0.098847
652,32,0.447502,0.010002,0.010002,0.270542,0.261953,0.246099,0.753901,0.124383,0.128809
653,32,0.447462,0.010001,0.010001,0.270563,0.261973,0.246069,0.753931,0.111005,0.107384
654,32,0.447611,0.009997,0.009997,0.270491,0.261903,0.245516,0.754484,0.116976,0.126631
655,26,0.447701,0.009998,0.009998,0.270444,0.261858,0.245258,0.754742,0.114322,0.11606
656,30,0.447778,0.009992,0.010337,0.270236,0.261657,0.244353,0.755647,0.109767,0.126834
657,30,0.447532,0.010003,0.010003,0.270317,0.262145,0.244151,0.755849,0.139357,0.140078
658,24,0.447234,0.010092,0.010004,0.270423,0.262248,0.243528,0.756472,0.126581,0.137614
659,24,0.447594,0.009995,0.009995,0.270293,0.262122,0.244257,0.755743,0.106763,0.083302
660,26,0.44759,0.01,0.01,0.270291,0.26212,0.243938,0.756062,0.126084,0.129937
661,24,0.447328,0.010005,0.010005,0.270419,0.262244,0.242689,0.757311,0.135012,0.160952
662,26,0.44711,0.01,0.01,0.270419,0.262472,0.242587,0.757413,0.128154,0.126944
663,32,0.447067,0.010001,0.010001,0.270439,0.262492,0.242741,0.757259,0.121754,0.113817
664,30,0.446763,0.010002,0.010002,0.270484,0.26275,0.242007,0.757993,0.130011,0.143251
665,24,0.446502,0.010005,0.010005,0.270613,0.262875,0.241075,0.758925,0.128716,0.147023
666,32,0.446428,0.009998,0.009998,0.270568,0.263007,0.240671,0.759329,0.134517,0.139855
667,24,0.446718,0.009995,0.009995,0.270425,0.262868,0.241033,0.758967,0.108427,0.093813
668,26,0.446713,0.01,0.01,0.270422,0.262865,0.241034,0.758966,0.116628,0.11269
669,24,0.446974,0.009994,0.010061,0.270262,0.262709,0.241395,0.758605,0.108423,0.093793
670,34,0.447271,0.009996,0.009996,0.270144,0.262594,0.241676,0.758324,0.096269,0.084959
671,32,0.447166,0.009992,0.009992,0.269917,0.262933,0.242305,0.757695,0.114709,0.09525
672,26,0.446936,0.01,0.01,0.26991,0.263155,0.241431,0.758569,0.128214,0.145774
673,30,0.446588,0.01031,0.010001,0.269929,0.263173,0.240693,0.759307,0.130145,0.143132
674,24,0.446354,0.010005,0.010005,0.270074,0.263561,0.239843,0.760157,0.134615,0.151236
675,30,0.446627,0.009995,0.009995,0.269946,0.263437,0.239831,0.760169,0.109237,0.104902
676,32,0.446726,0.009998,0.009998,0.269893,0.263385,0.239937,0.760063,0.117964,0.110891
677,30,0.446613,0.010246,0.009997,0.269825,0.263318,0.239456,0.760544,0.126132,0.133446
678,24,0.44646,0.010007,0.010007,0.270018,0.263507,0.238604,0.761396,0.128825,0.145401
679,38,0.446147,0.010079,0.009996,0.269919,0.263858,0.238694,0.761306,0.127572,0.121205
680,26,0.445958,0.010001,0.010001,0.269937,0.264104,0.238053,0.761947,0.128184,0.140009
681,30,0.446564,0.009989,0.009989,0.269642,0.263815,0.238216,0.761784,0.092033,0.08327
682,24,0.446554,0.01,0.01,0.269636,0.26381,0.239088,0.760912,0.115502,0.088756
683,38,0.446272,0.009997,0.009997,0.269556,0.264178,0.238816,0.761184,0.127619,0.129891
684,24,0.446188,0.009997,0.009997,0.269473,0.264345,0.238047,0.761953,0.113211,0.126798
685,30,0.446345,0.009997,0.009997,0.269394,0.264267,0.23804,0.76196,0.115693,0.111225
686,32,0.446123,0.01,0.01,0.269401,0.264475,0.237948,0.762052,0.129769,0.127891
687,24,0.446229,0.009998,0.009998,0.26935,0.264425,0.237248,0.762752,0.11453,0.12654
688,30,0.446361,0.009998,0.009998,0.269284,0.26436,0.237118,0.762882,0.110073,0.108729
689,24,0.446096,0.010005,0.010005,0.26941,0.264484,0.2364,0.7636,0.128713,0.141723
690,38,0.44554,0.010002,0.010002,0.269468,0.264988,0.236299,0.763701,0.123005,0.121097
691,38,0.445647,0.009993,0.009993,0.269274,0.265093,0.235978,0.764022,0.110404,0.112937
692,26,0.445418,0.01,0.01,0.269268,0.265314,0.235636,0.764364,0.12249,0.127134
693,26,0.44568,0.009995,0.009995,0.269141,0.265189,0.235435,0.764565,0.113562,0.114493
694,32,0.445983,0.009985,0.010479,0.268749,0.264803,0.235389,0.764611,0.100496,0.097228
695,30,0.446074,0.010007,0.010007,0.26893,0.264982,0.235416,0.764584,0.123016,0.118215
696,24,0.44611,0.01,0.01,0.26892,0.264971,0.234443,0.765557,0.113446,0.131701
697,32,0.446488,0.009993,0.009993,0.268736,0.26479,0.234554,0.765446,0.088797,0.081527
698,24,0.446681,0.009996,0.009996,0.268635,0.264691,0.234252,0.765748,0.116896,0.119789
699,30,0.446588,0.010002,0.010002,0.268677,0.264732,0.233941,0.766059,0.122133,0.124645
700,36,0.446568,0.009998,0.009998,0.268612,0.264824,0.233891,0.766109,0.123552,0.119832
701,24,0.446458,0.010116,0.01,0.268607,0.264819,0.233433,0.766567,0.125198,0.131537
702,24,0.446138,0.010003,0.010003,0.268699,0.265157,0.232511,0.767489,0.128389,0.145943
703,30,0.446141,0.01,0.01,0.268701,0.265159,0.232785,0.767215,0.119499,0.108773
704,32,0.445784,0.01,0.01,0.2687,0.265516,0.232425,0.767575,0.128504,0.132843
705,32,0.445763,0.009993,0.009993,0.268524,0.265727,0.232487,0.767513,0.116293,0.111338
706,36,0.445659,0.009999,0.009999,0.268493,0.265851,0.23265,0.76735,0.122556,0.11442
707,26,0.445658,0.01,0.01,0.268492,0.26585,0.2317,0.7683,0.12611,0.144249
708,26,0.445435,0.01,0.01,0.268489,0.266076,0.230811,0.769189,0.128135,0.145205
709,24,0.445435,0.01,0.01,0.268489,0.266076,0.23002,0.76998,0.123826,0.138479
710,24,0.445635,0.009996,0.009996,0.268393,0.26598,0.229625,0.770375,0.116917,0.121602
711,26,0.445252,0.010007,0.010007,0.268574,0.26616,0.228841,0.771159,0.13556,0.150259
712,32,0.445258,0.01,0.01,0.268578,0.266164,0.228721,0.771279,0.109918,0.109386
713,30,0.444905,0.010124,0.010001,0.268593,0.266377,0.228,0.772,0.129886,0.142054
714,32,0.444801,0.009998,0.009998,0.268531,0.266673,0.228619,0.771381,0.118584,0.100733
715,28,0.44456,0.010004,0.010004,0.268645,0.266786,0.228058,0.771942,0.123975,0.133324
716,34,0.444677,0.009997,0.01006,0.268562,0.266704,0.228024,0.771976,0.118061,0.115458
717,24,0.44444,0.010005,0.010005,0.268704,0.266845,0.227425,0.772575,0.128784,0.138809
718,24,0.444015,0.010003,0.010003,0.268795,0.267183,0.226454,0.773546,0.127891,0.14613
719,24,0.443755,0.010005,0.010005,0.268924,0.267311,0.225513,0.774487,0.128691,0.146271
720,32,0.443707,0.010001,0.010025,0.268941,0.267327,0.226077,0.773923,0.117078,0.100374
721,30,0.443777,0.009999,0.009999,0.268919,0.267306,0.225551,0.774449,0.113246,0.121432
722,24,0.443883,0.009998,0.009998,0.268867,0.267254,0.224658,0.775342,0.114556,0.13053
723,36,0.442765,0.010894,0.011381,0.268285,0.266676,0.224897,0.775103,0.130311,0.121486
724,36,0.442672,0.010454,0.011494,0.268324,0.267056,0.224636,0.775364,0.129868,0.132426
725,24,0.443609,0.010017,0.010093,0.268775,0.267505,0.223995,0.776005,0.11458,0.124745
726,26,0.443636,0.009992,0.010537,0.268552,0.267283,0.223846,0.776154,0.115228,0.11453
727,24,0.443761,0.010003,0.010003,0.268628,0.267606,0.224389,0.775611,0.121358,0.103959
728,24,0.444083,0.009994,0.009994,0.268475,0.267454,0.224083,0.775917,0.113046,0.116435
729,32,0.444097,0.009996,0.009996,0.268366,0.267546,0.223926,0.776074,0.122643,0.122869
730,26,0.443972,0.010002,0.010002,0.268422,0.267602,0.223489,0.776511,0.122597,0.128951
731,24,0.443885,0.009986,0.010843,0.268052,0.267233,0.222981,0.777019,0.116692,0.123648
732,24,0.444623,0.010002,0.010002,0.268096,0.267277,0.223364,0.776636,0.107461,0.093922
733,24,0.444252,0.010002,0.010002,0.268158,0.267586,0.222405,0.777595,0.126324,0.144104
734,24,0.444454,0.009996,0.009996,0.268062,0.267491,0.223223,0.776777,0.110707,0.088304
735,24,0.444595,0.009997,0.009997,0.267991,0.26742,0.223188,0.776812,0.118445,0.115903
736,32,0.444525,0.010001,0.010001,0.268022,0.26745,0.223099,0.776901,0.122647,0.121184
737,30,0.44457,0.009999,0.009999,0.268002,0.26743,0.223144,0.776856,0.119324,0.114766
738,32,0.444957,0.009993,0.009993,0.267814,0.267243,0.222636,0.777364,0.103934,0.111598
739,24,0.444688,0.010005,0.010005,0.267937,0.267365,0.221906,0.778094,0.126613,0.139193
740,24,0.444336,0.010213,0.010003,0.26801,0.267438,0.221123,0.778877,0.128611,0.142462
741,30,0.444222,0.010006,0.010006,0.268169,0.267597,0.221089,0.778911,0.130149,0.127371
742,24,0.444227,0.01,0.01,0.268172,0.2676,0.220455,0.779545,0.123721,0.134084
743,24,0.444227,0.01,0.01,0.268172,0.2676,0.22101,0.77899,0.121691,0.104341
744,32,0.444227,0.01,0.01,0.268172,0.2676,0.220726,0.779274,0.125379,0.127469
745,26,0.444106,0.010002,0.010002,0.268231,0.267659,0.219992,0.780008,0.128491,0.141743
746,32,0.444041,0.010001,0.010001,0.268264,0.267692,0.220012,0.779988,0.12738,0.123521
747,26,0.444602,0.00999,0.00999,0.267995,0.267423,0.219605,0.780395,0.102132,0.106697
748,30,0.444454,0.009995,0.009995,0.267859,0.267697,0.219521,0.780479,0.118459,0.116716
749,24,0.444077,0.010002,0.010002,0.267916,0.268002,0.219034,0.780966,0.128466,0.135953
750,30,0.444144,0.009995,0.009995,0.267783,0.268083,0.218712,0.781288,0.115599,0.119285
751,26,0.443865,0.010001,0.010001,0.267803,0.268331,0.218051,0.781949,0.12956,0.141094
752,26,0.443643,0.01,0.01,0.2678,0.268557,0.217553,0.782447,0.124381,0.132246
753,26,0.443762,0.009994,0.009994,0.267633,0.268617,0.21673,0.78327,0.111264,0.125197
754,24,0.443119,0.01003,0.01056,0.267531,0.268761,0.21638,0.78362,0.134476,0.138689
755,26,0.443056,0.010004,0.010004,0.267625,0.269312,0.215727,0.784273,0.124091,0.135352
756,24,0.442739,0.010006,0.010006,0.26778,0.269469,0.214741,0.785259,0.136431,0.154529
757,26,0.442623,0.010002,0.010002,0.267842,0.269531,0.214015,0.785985,0.128505,0.14132
758,36,0.442405,0.009995,0.009995,0.26771,0.269895,0.214215,0.785785,0.118686,0.110952
759,30,0.442857,0.009992,0.009992,0.267488,0.269671,0.214143,0.785857,0.104354,0.102279
760,24,0.442586,0.010005,0.010005,0.26761,0.269794,0.213136,0.786864,0.126611,0.144222
761,32,0.442424,0.009996,0.009996,0.267512,0.270071,0.212625,0.787375,0.134211,0.14198
762,24,0.442565,0.009997,0.009997,0.267441,0.269999,0.212612,0.787388,0.118481,0.115675
763,30,0.442352,0.010004,0.010004,0.26754,0.2701,0.212435,0.787565,0.14016,0.140944
764,24,0.442176,0.009988,0.010847,0.267216,0.269773,0.212961,0.787039,0.11678,0.102352
765,30,0.442429,0.01001,0.01001,0.267496,0.270055,0.212668,0.787332,0.123189,0.125776
766,36,0.442218,0.009995,0.009995,0.267368,0.270423,0.212275,0.787725,0.126778,0.131198
767,24,0.442419,0.009992,0.009992,0.267149,0.270448,0.212227,0.787773,0.108782,0.105949
768,24,0.442412,0.01,0.01,0.267145,0.270444,0.211587,0.788413,0.123719,0.133883
769,26,0.442238,0.010003,0.010003,0.267228,0.270528,0.21086,0.78914,0.129855,0.142501
770,36,0.441695,0.010004,0.010004,0.267339,0.270958,0.210492,0.789508,0.139742,0.144367
771,24,0.441445,0.01,0.01,0.267344,0.271211,0.209892,0.790108,0.130693,0.139719
772,32,0.44152,0.009996,0.009996,0.267225,0.271265,0.21008,0.78992,0.115484,0.108463
773,24,0.441477,0.010088,0.009999,0.267199,0.271238,0.208816,0.791184,0.129909,0.152802
774,24,0.441545,0.01,0.01,0.267207,0.271247,0.208013,0.791987,0.115633,0.128506
775,24,0.441281,0.010005,0.010005,0.267334,0.271375,0.207394,0.792606,0.128661,0.138403
776,24,0.441021,0.010005,0.010005,0.267463,0.271506,0.206688,0.793312,0.128588,0.14001
777,24,0.441284,0.009995,0.009995,0.267342,0.271383,0.207012,0.792988,0.102381,0.092006
778,38,0.441562,0.009995,0.009995,0.267204,0.271244,0.206448,0.793552,0.105068,0.113414
779,30,0.441362,0.010066,0.010111,0.26721,0.27125,0.206327,0.793673,0.132847,0.132004
780,24,0.441957,0.009993,0.009993,0.267011,0.271047,0.206244,0.793756,0.104226,0.102404
781,32,0.441651,0.010002,0.010002,0.267066,0.271279,0.206029,0.793971,0.125189,0.126635
782,32,0.441015,0.01099,0.009994,0.266896,0.271106,0.205622,0.794378,0.130401,0.135824
783,24,0.440961,0.010515,0.01001,0.26715,0.271364,0.204729,0.795271,0.126619,0.141618
784,24,0.441084,0.010003,0.010003,0.267224,0.271686,0.20407,0.79593,0.121408,0.131853
785,24,0.441603,0.009991,0.009991,0.266979,0.271437,0.203901,0.796099,0.10423,0.104447
786,24,0.441512,0.010143,0.010278,0.266806,0.271261,0.20288,0.79712,0.120613,0.137793
787,26,0.441608,0.010006,0.010006,0.266961,0.271419,0.201886,0.798114,0.123736,0.140718
788,24,0.441614,0.01,0.01,0.266964,0.271422,0.20248,0.79752,0.121685,0.105408
789,38,0.441333,0.009997,0.009997,0.266885,0.271788,0.202433,0.797567,0.121171,0.119044
790,24,0.441066,0.010005,0.010005,0.267009,0.271915,0.201754,0.798246,0.128658,0.13938
791,30,0.441137,0.009995,0.009995,0.266878,0.271995,0.201464,0.798536,0.115612,0.118672
792,26,0.441011,0.010002,0.010002,0.266933,0.272052,0.200871,0.799129,0.128481,0.137897
793,38,0.441238,0.009996,0.009996,0.266827,0.271943,0.200576,0.799424,0.112471,0.115894
794,24,0.441234,0.01,0.01,0.266825,0.271941,0.200013,0.799987,0.121712,0.130277
795,32,0.440959,0.010002,0.010002,0.266873,0.272165,0.199765,0.800235,0.122655,0.124623
796,36,0.44071,0.009992,0.010711,0.26665,0.271937,0.20058,0.79942,0.112057,0.093108
797,30,0.441075,0.009999,0.009999,0.266615,0.272312,0.200042,0.799958,0.108379,0.11593
798,26,0.440851,0.01,0.01,0.266612,0.272537,0.199569,0.800431,0.124374,0.131394
799,24,0.44133,0.009991,0.009991,0.266384,0.272303,0.198527,0.801473,0.100287,0.116623
800,30,0.441409,0.009998,0.009998,0.266338,0.272257,0.198526,0.801474,0.112318,0.109697
801,30,0.441226,0.009996,0.009996,0.266228,0.272554,0.198708,0.801292,0.125446,0.118648
802,24,0.441222,0.009996,0.009996,0.266108,0.272679,0.197931,0.802069,0.114219,0.126556
803,26,0.441561,0.009994,0.009994,0.265942,0.272509,0.196828,0.803172,0.113091,0.131705
804,24,0.441762,0.009992,0.009992,0.265723,0.272531,0.195851,0.804149,0.117045,0.132989
805,26,0.441581,0.010003,0.010003,0.265802,0.272612,0.19522,0.80478,0.129839,0.139855
806,30,0.440613,0.010803,0.01089,0.265447,0.272247,0.19512,0.80488,0.129971,0.129314
807,30,0.440677,0.010574,0.01037,0.265485,0.272894,0.194859,0.805141,0.13506,0.136943
808,26,0.440821,0.010121,0.010008,0.265703,0.273347,0.194168,0.805832,0.128094,0.139016
809,30,0.441351,0.009993,0.009993,0.265512,0.273151,0.194161,0.805839,0.094582,0.090224
810,34,0.44145,0.009998,0.009998,0.265459,0.273095,0.194286,0.805714,0.11627,0.111088
811,32,0.441329,0.010128,0.010045,0.265431,0.273067,0.194473,0.805527,0.12633,0.119649
812,26,0.441182,0.010002,0.010002,0.265475,0.27334,0.193846,0.806154,0.128172,0.138
813,24,0.440843,0.010176,0.010003,0.265555,0.273423,0.19296,0.80704,0.134822,0.149381
814,24,0.440549,0.010004,0.010004,0.265663,0.273781,0.192351,0.807649,0.126248,0.13536
815,24,0.440195,0.010214,0.010003,0.265734,0.273855,0.1914,0.8086,0.134813,0.150434
816,32,0.440353,0.009997,0.009997,0.265666,0.273986,0.191367,0.808633,0.112239,0.110667
817,30,0.440139,0.010004,0.010004,0.265765,0.274088,0.190657,0.809343,0.130172,0.14088
818,30,0.440052,0.010002,0.010002,0.265811,0.274134,0.190825,0.809175,0.132101,0.125912
819,24,0.439619,0.01014,0.010001,0.265834,0.274406,0.189937,0.810063,0.134493,0.14887
820,26,0.439617,0.010003,0.010003,0.265902,0.274476,0.18924,0.81076,0.122588,0.13358
821,36,0.43952,0.010024,0.010001,0.26594,0.274515,0.188534,0.811466,0.122481,0.133392
822,24,0.438992,0.010598,0.010023,0.265906,0.27448,0.187532,0.812468,0.134747,0.150979
823,24,0.439265,0.010006,0.010006,0.266072,0.274651,0.186919,0.813081,0.123739,0.132668
824,24,0.439006,0.010005,0.010005,0.266201,0.274784,0.185994,0.814006,0.134941,0.149814
825,30,0.438531,0.009998,0.009998,0.266142,0.275331,0.185827,0.814173,0.138996,0.13973
826,24,0.438264,0.010005,0.010005,0.266267,0.27546,0.184911,0.815089,0.126614,0.141046
827,36,0.438157,0.010002,0.010002,0.266322,0.275517,0.184378,0.815622,0.127445,0.13507
828,32,0.438119,0.009994,0.010391,0.266154,0.275343,0.183813,0.816187,0.124029,0.132234
829,24,0.438022,0.010009,0.010009,0.266382,0.275579,0.18316,0.81684,0.128774,0.13833
830,32,0.437942,0.009998,0.009998,0.266333,0.275729,0.182968,0.817032,0.120474,0.121684
831,28,0.437953,0.01,0.01,0.266326,0.275722,0.182628,0.817372,0.112803,0.11676
832,32,0.437827,0.010189,0.009999,0.266295,0.27569,0.182767,0.817233,0.126326,0.121401
833,24,0.437427,0.010002,0.010002,0.266339,0.27623,0.181833,0.818167,0.134199,0.148928
834,32,0.437386,0.009997,0.009997,0.266265,0.276354,0.182741,0.817259,0.109684,0.090454
835,36,0.436994,0.009995,0.010684,0.266122,0.276206,0.182859,0.817141,0.130463,0.126119
836,30,0.437197,0.010005,0.010005,0.266246,0.276549,0.183115,0.816885,0.119369,0.111981
837,30,0.437109,0.010002,0.010002,0.266291,0.276596,0.183252,0.816748,0.122009,0.116909
838,24,0.437633,0.009991,0.009991,0.266045,0.27634,0.183146,0.816854,0.104361,0.103524
839,32,0.438032,0.009993,0.009993,0.265848,0.276135,0.18339,0.81661,0.089962,0.082441
840,24,0.438322,0.009995,0.009995,0.265703,0.275985,0.184204,0.815796,0.100323,0.081962
841,24,0.438317,0.01,0.01,0.265701,0.275982,0.184835,0.815165,0.121698,0.106503
842,32,0.437793,0.009996,0.009996,0.265598,0.276617,0.184695,0.815305,0.127718,0.127954
843,32,0.438107,0.009987,0.009987,0.265264,0.276654,0.184767,0.815233,0.100603,0.096958
844,32,0.438054,0.010001,0.010001,0.265278,0.276668,0.184979,0.815021,0.117257,0.110877
845,24,0.437997,0.010001,0.010001,0.265305,0.276696,0.184446,0.815554,0.13153,0.139101
846,32,0.438131,0.009998,0.009998,0.265243,0.276631,0.183811,0.816189,0.120183,0.129299
847,30,0.438154,0.01,0.01,0.26523,0.276618,0.183557,0.816443,0.119621,0.121885
848,24,0.438356,0.009996,0.009996,0.265134,0.276517,0.184028,0.815972,0.116827,0.105184
849,32,0.438599,0.009996,0.009996,0.265016,0.276394,0.184274,0.815726,0.100928,0.093842
850,24,0.438538,0.010001,0.010001,0.26504,0.27642,0.183362,0.816638,0.131575,0.145957
851,24,0.438634,0.009994,0.009994,0.264879,0.276499,0.183163,0.816837,0.116678,0.118109
852,28,0.438709,0.009998,0.009998,0.264838,0.276456,0.18241,0.81759,0.117229,0.128583
853,24,0.438442,0.010005,0.010005,0.264963,0.276586,0.1816,0.8184,0.128675,0.14109
854,32,0.438278,0.009996,0.009996,0.264863,0.276866,0.181265,0.818735,0.121379,0.125224
855,24,0.438477,0.009996,0.009996,0.264766,0.276764,0.18181,0.81819,0.116904,0.104311
856,30,0.438447,0.01,0.01,0.264776,0.276775,0.18155,0.81845,0.120509,0.122396
857,24,0.438557,0.009998,0.009998,0.264725,0.276722,0.180453,0.819547,0.120729,0.137537
858,32,0.438438,0.009992,0.009992,0.264516,0.277062,0.180774,0.819226,0.115551,0.107524
859,24,0.438541,0.009998,0.009998,0.26446,0.277003,0.18018,0.81982,0.120742,0.128811
860,24,0.437831,0.010982,0.010015,0.264317,0.276854,0.179186,0.820814,0.134709,0.15019
861,26,0.43781,0.010544,0.010004,0.264436,0.277206,0.178522,0.821478,0.128053,0.13782
862,30,0.438534,0.009997,0.009997,0.264353,0.277119,0.17869,0.82131,0.096003,0.090343
863,32,0.438642,0.009995,0.009995,0.264217,0.277151,0.178809,0.821191,0.103299,0.098741
864,32,0.438591,0.01,0.010049,0.264213,0.277147,0.179323,0.820677,0.121478,0.109826
865,26,0.439052,0.009993,0.009993,0.264019,0.276944,0.179176,0.820824,0.101473,0.101685
866,30,0.439207,0.009997,0.009997,0.263939,0.27686,0.178831,0.821169,0.115874,0.119545
867,30,0.43911,0.009998,0.009998,0.263881,0.277013,0.178983,0.821017,0.129247,0.123946
868,24,0.438626,0.01,0.01,0.263874,0.2775,0.178378,0.821622,0.128072,0.136623
869,32,0.438618,0.010329,0.010047,0.263695,0.277311,0.177777,0.822223,0.119721,0.127651
870,34,0.438824,0.010002,0.010047,0.263754,0.277373,0.177826,0.822174,0.121398,0.11855
871,30,0.438962,0.009997,0.010101,0.263663,0.277278,0.178664,0.821336,0.115843,0.098539
872,26,0.438682,0.009999,0.009999,0.263626,0.277695,0.178452,0.821548,0.127816,0.129642
873,24,0.43868,0.01,0.01,0.263625,0.277694,0.178996,0.821004,0.121658,0.109155
874,24,0.438307,0.010002,0.010002,0.263685,0.278004,0.178238,0.821762,0.128366,0.139346
875,26,0.438273,0.010001,0.010001,0.263703,0.278023,0.177418,0.822582,0.116549,0.12848
876,24,0.438274,0.01,0.01,0.263703,0.278023,0.178418,0.821582,0.11552,0.094453
877,36,0.438559,0.009995,0.009995,0.263569,0.277882,0.178565,0.821435,0.102402,0.096728
878,24,0.438877,0.009994,0.009994,0.263415,0.277719,0.178568,0.821432,0.112961,0.110613
879,26,0.438238,0.010003,0.010003,0.263495,0.278261,0.177727,0.822273,0.136188,0.149168
880,32,0.438029,0.009997,0.009997,0.263416,0.278561,0.178335,0.821665,0.116426,0.103076
881,32,0.438179,0.009997,0.009997,0.263343,0.278484,0.177822,0.822178,0.117002,0.123577
882,24,0.438176,0.01,0.01,0.263342,0.278482,0.178406,0.821594,0.121624,0.108311
883,30,0.437964,0.010004,0.010004,0.263441,0.278587,0.178171,0.821829,0.140129,0.141738
884,24,0.437537,0.010003,0.010003,0.263529,0.278928,0.177685,0.822315,0.129944,0.136377
885,24,0.43771,0.009997,0.009997,0.263451,0.278845,0.177427,0.822573,0.112523,0.114286
886,30,0.437525,0.009999,0.010208,0.263437,0.278831,0.177405,0.822595,0.131898,0.129722
887,32,0.437768,0.009999,0.009999,0.263421,0.278813,0.177214,0.822786,0.107894,0.109266
888,30,0.437582,0.009999,0.009999,0.263406,0.279012,0.177695,0.822305,0.115338,0.104209
889,32,0.437872,0.009995,0.009995,0.26327,0.278868,0.177717,0.822283,0.106884,0.10368
890,24,0.437602,0.010005,0.010005,0.263392,0.278997,0.17679,0.82321,0.134814,0.149033
891,30,0.437512,0.009998,0.009998,0.263338,0.279154,0.177259,0.822741,0.119411,0.108441
892,36,0.437601,0.009998,0.009998,0.263295,0.279108,0.176916,0.823084,0.11837,0.122211
893,36,0.437503,0.010001,0.010018,0.263331,0.279146,0.177477,0.822523,0.122282,0.110076
894,30,0.437469,0.009994,0.009994,0.263165,0.279379,0.177012,0.822988,0.125863,0.13183
895,24,0.437318,0.010002,0.010002,0.263229,0.279448,0.176146,0.823854,0.131018,0.144223
896,26,0.436936,0.010011,0.010007,0.263409,0.279639,0.17506,0.82494,0.13527,0.152065
897,24,0.436617,0.010141,0.010004,0.263501,0.279737,0.174137,0.825863,0.134822,0.14878
898,36,0.435902,0.010671,0.010882,0.263165,0.27938,0.174288,0.825712,0.130363,0.125642
899,30,0.436698,0.010009,0.010071,0.26339,0.279833,0.174332,0.825668,0.115549,0.112389
900,24,0.436369,0.010097,0.010006,0.263538,0.27999,0.17359,0.82641,0.136373,0.147281
901,36,0.436187,0.009999,0.009999,0.263523,0.280292,0.173479,0.826521,0.121798,0.121453
902,36,0.436246,0.009993,0.009993,0.263335,0.280433,0.173113,0.826887,0.111806,0.116131
903,32,0.436393,0.009997,0.009997,0.26326,0.280353,0.17322,0.82678,0.121785,0.11778
904,30,0.436177,0.010004,0.010004,0.263358,0.280458,0.173566,0.826434,0.123624,0.11518
905,32,0.436333,0.009997,0.009997,0.263288,0.280384,0.173595,0.826405,0.106334,0.103948
906,26,0.436456,0.009994,0.009994,0.263122,0.280434,0.172875,0.827125,0.111334,0.12154
907,24,0.436654,0.009996,0.009996,0.263023,0.28033,0.17265,0.82735,0.116879,0.118315
908,32,0.43652,0.010002,0.010002,0.263083,0.280393,0.172621,0.827379,0.130011,0.128318
909,24,0.436221,0.010084,0.010004,0.263187,0.280504,0.171869,0.828131,0.134801,0.145713
910,24,0.43628,0.009996,0.010226,0.263094,0.280404,0.171498,0.828502,0.125951,0.130031
911,32,0.436334,0.010003,0.010003,0.263172,0.280488,0.171727,0.828273,0.121737,0.115726
912,32,0.436367,0.009993,0.009993,0.26298,0.280667,0.172235,0.827765,0.105601,0.094914
913,24,0.436094,0.010005,0.010005,0.263101,0.280796,0.17145,0.82855,0.128731,0.14
914,24,0.435724,0.010002,0.010002,0.263162,0.281109,0.170961,0.829039,0.12838,0.134812
915,36,0.435421,0.009997,0.009997,0.263074,0.281511,0.171329,0.828671,0.124386,0.115472
916,26,0.435296,0.010002,0.010002,0.26313,0.28157,0.170838,0.829162,0.12262,0.12906
917,30,0.435084,0.010004,0.010004,0.26323,0.281678,0.170478,0.829522,0.12352,0.127316
918,24,0.434713,0.010002,0.010002,0.263291,0.28199,0.16975,0.83025,0.128318,0.138693
919,32,0.43456,0.009996,0.009996,0.263199,0.282248,0.169544,0.830456,0.120178,0.121608
920,24,0.435138,0.00999,0.00999,0.262926,0.281956,0.17027,0.82973,0.096617,0.082018
921,24,0.434755,0.010002,0.010002,0.26298,0.282261,0.169385,0.830615,0.12625,0.139193
922,36,0.43467,0.009996,0.009996,0.262874,0.282465,0.1693,0.8307,0.123159,0.122345
923,32,0.434868,0.009996,0.009996,0.262778,0.282361,0.169391,0.830609,0.11028,0.10626
924,30,0.43485,0.01,0.01,0.262783,0.282367,0.16875,0.83125,0.130485,0.138554
925,24,0.434961,0.009998,0.009998,0.262732,0.282312,0.167806,0.832194,0.112614,0.125823
926,24,0.435333,0.009988,0.010282,0.26242,0.281977,0.168209,0.831791,0.103823,0.094864
927,32,0.43554,0.010001,0.010001,0.262449,0.282009,0.16864,0.83136,0.109693,0.100332
928,24,0.43578,0.009985,0.010576,0.262064,0.281594,0.168211,0.831789,0.111845,0.116502
929,30,0.435945,0.01,0.010406,0.26206,0.28159,0.168815,0.831185,0.116398,0.104057
930,36,0.436151,0.010004,0.010004,0.262152,0.281689,0.168798,0.831202,0.117196,0.115436
931,24,0.436208,0.009999,0.009999,0.262129,0.281665,0.168051,0.831949,0.116118,0.126396
932,24,0.436321,0.009998,0.009998,0.262076,0.281607,0.167635,0.832365,0.114188,0.119035
933,36,0.435999,0.009996,0.010186,0.261977,0.281842,0.167919,0.832081,0.129806,0.122924
934,26,0.435757,0.009999,0.009999,0.261962,0.282282,0.167173,0.832827,0.127847,0.13866
935,32,0.435826,0.009999,0.009999,0.26193,0.282247,0.167567,0.832433,0.106927,0.09823
936,24,0.436029,0.009996,0.009996,0.261834,0.282144,0.168474,0.831526,0.108686,0.090725
937,36,0.435847,0.01,0.01,0.261843,0.282309,0.168452,0.831548,0.123026,0.121277
938,24,0.436241,0.009989,0.009989,0.261546,0.282235,0.168416,0.831584,0.103631,0.101881
939,30,0.436047,0.009999,0.009999,0.261526,0.282428,0.168348,0.831652,0.115334,0.114266
940,36,0.435741,0.009997,0.009997,0.261437,0.282828,0.168761,0.831239,0.12147,0.112143
941,32,0.435295,0.009998,0.009998,0.261382,0.283327,0.168813,0.831187,0.128052,0.125349
942,30,0.43541,0.009994,0.009994,0.261236,0.283366,0.168872,0.831128,0.10758,0.10411
943,26,0.434727,0.010677,0.01,0.261233,0.283363,0.168366,0.831634,0.13514,0.141563
944,36,0.433949,0.011442,0.010922,0.260797,0.28289,0.168567,0.831433,0.127815,0.122381
945,30,0.434775,0.010854,0.010012,0.261119,0.283239,0.168308,0.831692,0.115796,0.11808
946,26,0.435029,0.010011,0.010011,0.261403,0.283547,0.167833,0.832167,0.122709,0.128844
947,36,0.434663,0.009995,0.009995,0.261277,0.284069,0.167814,0.832186,0.128007,0.126178
948,30,0.434737,0.009995,0.009995,0.261148,0.284126,0.168411,0.831589,0.115517,0.103501
949,36,0.434505,0.009998,0.009998,0.261103,0.284395,0.168665,0.831335,0.128736,0.122086
950,26,0.434282,0.01,0.01,0.2611,0.284619,0.16811,0.83189,0.128119,0.135749
951,24,0.434172,0.009998,0.009998,0.261036,0.284797,0.167921,0.832079,0.123489,0.124325
952,32,0.434394,0.009996,0.009996,0.260931,0.284682,0.167443,0.832557,0.108235,0.113771
953,24,0.434017,0.010002,0.010002,0.260988,0.284991,0.166586,0.833414,0.126299,0.138785
954,30,0.433941,0.009998,0.010178,0.260942,0.284941,0.166928,0.833072,0.119502,0.1115
955,32,0.434169,0.009998,0.010057,0.260891,0.284885,0.166884,0.833116,0.117078,0.115989
956,24,0.434398,0.009997,0.009997,0.260811,0.284798,0.166668,0.833332,0.116857,0.11816
957,32,0.434395,0.01,0.01,0.260809,0.284796,0.167313,0.832687,0.11607,0.102971
958,30,0.434473,0.009995,0.009995,0.260682,0.284855,0.16775,0.83225,0.115512,0.106181
959,30,0.434454,0.009993,0.009993,0.260497,0.285063,0.167864,0.832136,0.115045,0.110949
960,26,0.434325,0.010002,0.010002,0.260551,0.285121,0.167574,0.832426,0.122681,0.125725
961,24,0.434162,0.009999,0.009999,0.260514,0.285327,0.166998,0.833002,0.125034,0.132669
962,30,0.434068,0.009998,0.009998,0.260457,0.285479,0.167843,0.832157,0.11938,0.102837
963,24,0.434063,0.01,0.01,0.260457,0.28548,0.16724,0.83276,0.115542,0.123296
964,30,0.434049,0.009993,0.009993,0.260276,0.28569,0.167328,0.832672,0.108415,0.105177
965,30,0.434131,0.009998,0.009998,0.260231,0.285641,0.167085,0.832915,0.118809,0.120901
966,30,0.433945,0.009999,0.009999,0.260217,0.285839,0.167605,0.832395,0.115319,0.1044
967,30,0.434015,0.009995,0.009995,0.260085,0.285909,0.167136,0.832864,0.115608,0.121486
968,26,0.434007,0.009996,0.009996,0.25998,0.286022,0.167012,0.832988,0.114218,0.114482
969,24,0.434266,0.009995,0.009995,0.259857,0.285886,0.166157,0.833843,0.110747,0.122545
970,36,0.434286,0.009997,0.009997,0.259772,0.285948,0.165935,0.834065,0.116903,0.118326
971,26,0.434061,0.01,0.01,0.259768,0.286171,0.165133,0.834867,0.128143,0.139504
972,32,0.434106,0.009999,0.009999,0.259747,0.286148,0.165226,0.834774,0.121678,0.118089
973,32,0.434315,0.009993,0.009993,0.259571,0.286128,0.164882,0.835118,0.116649,0.119761
974,26,0.434087,0.01,0.01,0.259564,0.286349,0.164235,0.835765,0.124267,0.133151
975,24,0.434292,0.009996,0.009996,0.25947,0.286245,0.163966,0.836034,0.116871,0.118971
976,32,0.433615,0.010725,0.009993,0.259278,0.286389,0.163532,0.836468,0.137584,0.142695
977,24,0.433983,0.010735,0.009993,0.259098,0.286191,0.163115,0.836885,0.115808,0.120001
978,30,0.43437,0.010002,0.010002,0.259156,0.286469,0.163484,0.836516,0.115561,0.107824
979,30,0.434426,0.009999,0.009999,0.259132,0.286443,0.163281,0.836719,0.126926,0.128
980,32,0.434503,0.009996,0.009996,0.259017,0.286489,0.163511,0.836489,0.115472,0.109869
981,32,0.434369,0.009999,0.009999,0.258982,0.286652,0.163655,0.836345,0.121606,0.117419
982,26,0.434146,0.01,0.01,0.258979,0.286876,0.163392,0.836608,0.128111,0.13076
983,24,0.43441,0.009995,0.009995,0.258858,0.286742,0.162686,0.837314,0.110773,0.120191
984,30,0.434392,0.009995,0.010311,0.258717,0.286586,0.162764,0.837236,0.122235,0.11879
985,30,0.434952,0.009995,0.009995,0.2586,0.286457,0.16293,0.83707,0.096633,0.091404
986,24,0.434574,0.010002,0.010002,0.258656,0.286766,0.162179,0.837821,0.128276,0.138634
987,36,0.43444,0.009997,0.010132,0.258576,0.286855,0.161993,0.838007,0.128635,0.129915
988,24,0.434331,0.01,0.01,0.258572,0.287097,0.161146,0.838854,0.13118,0.142928
989,36,0.434243,0.009995,0.010014,0.258447,0.287301,0.162114,0.837886,0.111463,0.093922
990,24,0.434686,0.009992,0.009992,0.258249,0.28708,0.161807,0.838193,0.107792,0.110522
991,36,0.434512,0.01,0.01,0.25824,0.287248,0.161758,0.838242,0.122047,0.121139
992,36,0.434208,0.009997,0.009997,0.258152,0.287647,0.161732,0.838268,0.128322,0.126784
993,24,0.434468,0.009995,0.009995,0.25803,0.287511,0.16093,0.83907,0.112688,0.123302
994,24,0.434163,0.010016,0.010071,0.258129,0.287621,0.160654,0.839346,0.134773,0.137299
995,32,0.434169,0.009998,0.009998,0.258074,0.287761,0.160257,0.839743,0.125331,0.130125
996,24,0.433792,0.010182,0.010072,0.25813,0.287823,0.159987,0.840013,0.134756,0.13722
997,26,0.433868,0.010003,0.010003,0.258212,0.287914,0.159386,0.840614,0.112754,0.120246
998,26,0.433747,0.010002,0.010002,0.25827,0.287979,0.15875,0.84125,0.128344,0.136811
999,24,0.433861,0.009998,0.009998,0.25822,0.287923,0.157913,0.842087,0.112506,0.123615
1000,24,0.433981,0.009998,0.009998,0.258164,0.28786,0.158489,0.841511,0.117659,0.106372
1001,24,0.433921,0.010001,0.010001,0.258189,0.287888,0.15855,0.84145,0.123336,0.120532
1002,30,0.433907,0.009993,0.009993,0.258008,0.288099,0.158677,0.841323,0.115335,0.111378
1003,32,0.433992,0.009995,0.009995,0.257884,0.288134,0.158472,0.841528,0.104297,0.1052
1004,32,0.434054,0.009995,0.009995,0.25776,0.288196,0.15817,0.84183,0.112276,0.115386
1005,24,0.434428,0.009993,0.009993,0.257585,0.288,0.158015,0.841985,0.107653,0.107873
1006,30,0.433855,0.01078,0.010187,0.257393,0.287786,0.15784,0.84216,0.136933,0.137749
1007,24,0.434282,0.010005,0.010005,0.257526,0.288182,0.157279,0.842721,0.11385,0.120714
1008,24,0.434122,0.009999,0.009999,0.257491,0.28839,0.156887,0.843113,0.124923,0.129356
1009,36,0.433746,0.009995,0.009995,0.257362,0.288903,0.157173,0.842827,0.127945,0.121654
1010,30,0.433715,0.01,0.01,0.257371,0.288913,0.157465,0.842535,0.114094,0.107583
1011,32,0.433439,0.010002,0.010002,0.257418,0.28914,0.157275,0.842725,0.122684,0.12395
1012,24,0.433173,0.010005,0.010005,0.25754,0.289277,0.15657,0.84343,0.128658,0.138035
1013,24,0.43329,0.009998,0.009998,0.257492,0.289223,0.155707,0.844293,0.11245,0.123679
1014,30,0.433694,0.009993,0.009993,0.257306,0.289014,0.155776,0.844224,0.099862,0.096468
1015,24,0.434444,0.009986,0.009986,0.256959,0.288624,0.155117,0.844883,0.09563,0.103519
1016,32,0.434266,0.009996,0.009996,0.256853,0.288889,0.155293,0.844707,0.115231,0.110679
1017,24,0.43421,0.010119,0.009999,0.25682,0.288852,0.15412,0.84588,0.129906,0.146123
1018,34,0.434177,0.010003,0.010003,0.256888,0.288929,0.154409,0.845591,0.124869,0.118583
1019,32,0.43396,0.01,0.01,0.256898,0.289141,0.154883,0.845117,0.114297,0.105124
1020,24,0.43397,0.009998,0.010101,0.256847,0.289084,0.154003,0.845997,0.113999,0.125413
1021,24,0.433999,0.010032,0.010001,0.256865,0.289103,0.153106,0.846894,0.121603,0.133512
1022,36,0.434255,0.009996,0.009996,0.256764,0.288989,0.153162,0.846838,0.10027,0.097878
1023,30,0.434502,0.009995,0.009995,0.256648,0.288859,0.152756,0.847244,0.111105,0.115606
1024,32,0.434998,0.009991,0.009991,0.256419,0.288601,0.153116,0.846884,0.092764,0.085419
1025,30,0.434598,0.009999,0.009999,0.256405,0.288998,0.15255,0.84745,0.129632,0.136627
1026,24,0.434229,0.010236,0.010002,0.256466,0.289066,0.151839,0.848161,0.126466,0.135369
1027,30,0.43391,0.010285,0.010001,0.256501,0.289303,0.151734,0.848266,0.129791,0.129732
1028,30,0.434035,0.010003,0.010003,0.256574,0.289386,0.151852,0.848148,0.119563,0.116016
1029,38,0.434414,0.009993,0.009993,0.256405,0.289195,0.152175,0.847825,0.105094,0.098597
1030,30,0.434294,0.010002,0.010002,0.256453,0.289249,0.151859,0.848141,0.122304,0.125223
1031,32,0.434283,0.009993,0.009993,0.256286,0.289444,0.152026,0.847974,0.116273,0.112233
1032,26,0.434371,0.009998,0.009998,0.25624,0.289392,0.151922,0.848078,0.114458,0.114549
1033,26,0.43437,0.01,0.01,0.256239,0.289391,0.151342,0.848658,0.126183,0.133525
1034,26,0.433911,0.010177,0.010005,0.256369,0.289538,0.150446,0.849554,0.135185,0.147122
1035,32,0.4341,0.01,0.01,0.256366,0.289534,0.150418,0.849582,0.113566,0.112533
1036,24,0.433833,0.010005,0.010005,0.256486,0.289671,0.149897,0.850103,0.134862,0.141195
1037,26,0.43401,0.009997,0.009997,0.256411,0.289585,0.149276,0.850724,0.113057,0.120684
1038,26,0.434102,0.009998,0.009998,0.256366,0.289535,0.149236,0.850764,0.114462,0.113647
1039,32,0.4341,0.01,0.01,0.256366,0.289534,0.149065,0.850935,0.120745,0.121718
1040,30,0.434073,0.01,0.01,0.256378,0.289548,0.149096,0.850904,0.120532,0.118238
1041,36,0.434007,0.009998,0.009998,0.256338,0.289658,0.149203,0.850797,0.120436,0.117151
1042,24,0.433738,0.010005,0.010005,0.256458,0.289794,0.148385,0.851615,0.128583,0.139073
1043,24,0.433635,0.009998,0.009998,0.256398,0.289972,0.147607,0.852393,0.123455,0.133256
1044,30,0.433925,0.009995,0.009995,0.256264,0.289821,0.147935,0.852065,0.093723,0.086999
1045,24,0.433301,0.009996,0.010562,0.256174,0.289966,0.147672,0.852328,0.13441,0.136774
1046,26,0.433564,0.010005,0.010005,0.256308,0.290118,0.14704,0.85296,0.114667,0.122243
1047,30,0.434158,0.00999,0.00999,0.256044,0.289819,0.147497,0.852503,0.092423,0.083983
1048,26,0.434321,0.009997,0.009997,0.255961,0.289725,0.146949,0.853051,0.116843,0.123397
1049,30,0.434124,0.01,0.01,0.25595,0.289927,0.146308,0.853692,0.119377,0.127093
1050,28,0.434194,0.009995,0.009995,0.255822,0.289994,0.146314,0.853686,0.111263,0.109807
1051,32,0.43414,0.010001,0.010015,0.255835,0.290009,0.147002,0.852998,0.117086,0.10534
1052,24,0.433773,0.010002,0.010002,0.255897,0.290325,0.146223,0.853777,0.128358,0.138295
1053,30,0.433775,0.01,0.01,0.255898,0.290327,0.145887,0.854113,0.119735,0.12273
1054,30,0.433597,0.009996,0.009996,0.255794,0.290617,0.146364,0.853636,0.1188,0.110032
1055,30,0.43406,0.009992,0.009992,0.255581,0.290376,0.146705,0.853295,0.104508,0.098017
1056,30,0.434026,0.01,0.01,0.255589,0.290385,0.14668,0.85332,0.120547,0.119262
1057,24,0.434231,0.009996,0.009996,0.255497,0.29028,0.146749,0.853251,0.116943,0.11444
1058,24,0.434063,0.009998,0.009998,0.255457,0.290482,0.146072,0.853928,0.131172,0.139631
1059,24,0.433795,0.010005,0.010005,0.255577,0.290619,0.145532,0.854468,0.126554,0.132975
1060,26,0.433893,0.009998,0.009998,0.255537,0.290573,0.145658,0.854342,0.114432,0.111207
1061,32,0.433849,0.010001,0.010001,0.255556,0.290594,0.145752,0.854248,0.12637,0.123269
1062,32,0.434003,0.009997,0.009997,0.255487,0.290516,0.145672,0.854328,0.106365,0.106236
1063,30,0.433671,0.010001,0.010056,0.255513,0.29076,0.146146,0.853854,0.123205,0.114578
1064,30,0.433766,0.009996,0.009996,0.255399,0.290844,0.14677,0.85323,0.108976,0.098215
1065,24,0.433934,0.009997,0.009997,0.255319,0.290753,0.146326,0.853674,0.112654,0.117554
1066,30,0.433754,0.009996,0.009996,0.255213,0.291041,0.145829,0.854171,0.125323,0.13085
1067,28,0.433508,0.010004,0.010004,0.25532,0.291164,0.145658,0.854342,0.129194,0.130323
1068,32,0.433441,0.009995,0.009995,0.255193,0.291376,0.145296,0.854704,0.119659,0.123031
1069,30,0.433801,0.009993,0.009993,0.255027,0.291186,0.144903,0.855097,0.115793,0.119428
1070,24,0.433907,0.009998,0.009998,0.254973,0.291124,0.144258,0.855742,0.112471,0.119969
1071,32,0.433633,0.010466,0.010451,0.254671,0.290779,0.143909,0.856091,0.123943,0.127536
1072,24,0.433859,0.01,0.010676,0.254677,0.290787,0.144565,0.855435,0.117676,0.10637
1073,32,0.433684,0.010795,0.010578,0.254434,0.290508,0.144056,0.855944,0.123974,0.129932
1074,26,0.433869,0.010015,0.010106,0.254826,0.291184,0.143289,0.856711,0.131505,0.141146
1075,24,0.433655,0.010006,0.010006,0.254977,0.291357,0.1425,0.8575,0.128619,0.138445
1076,26,0.433754,0.009998,0.009998,0.254937,0.291312,0.142431,0.857569,0.114377,0.113984
1077,26,0.433936,0.009993,0.009993,0.254751,0.291327,0.142344,0.857656,0.10762,0.107389
1078,32,0.433824,0.009992,0.010551,0.254544,0.29109,0.142178,0.857822,0.124064,0.125191
1079,26,0.433936,0.010008,0.010008,0.254737,0.291311,0.141701,0.858299,0.122618,0.128025
1080,30,0.43385,0.009998,0.009998,0.254687,0.291467,0.141941,0.858059,0.125892,0.120956
1081,26,0.433672,0.010003,0.010003,0.254765,0.291557,0.141454,0.858546,0.129903,0.135616
1082,24,0.433889,0.009992,0.009992,0.254559,0.291568,0.141466,0.858534,0.108895,0.106965
1083,38,0.433605,0.009997,0.009997,0.25448,0.291922,0.141471,0.858529,0.120905,0.119345
1084,26,0.432696,0.011199,0.009995,0.254344,0.291767,0.140592,0.859408,0.13507,0.146055
1085,30,0.432297,0.011012,0.01,0.254332,0.292359,0.14031,0.85969,0.138871,0.141356
1086,24,0.432029,0.011019,0.010005,0.254451,0.292497,0.139519,0.860481,0.128551,0.138025
1087,24,0.432588,0.010008,0.010008,0.25466,0.292736,0.138811,0.861189,0.114298,0.122556
1088,24,0.432327,0.010005,0.010005,0.254784,0.292879,0.138212,0.861788,0.12653,0.133474
1089,24,0.432537,0.009996,0.009996,0.254694,0.292776,0.139095,0.860905,0.11068,0.097001
1090,24,0.432588,0.009999,0.009999,0.254668,0.292746,0.138208,0.861792,0.114111,0.124659
1091,24,0.432213,0.010002,0.010002,0.254725,0.293058,0.137397,0.862603,0.134415,0.144286
1092,32,0.432215,0.01,0.01,0.254726,0.293059,0.137645,0.862355,0.1115,0.106689
1093,24,0.432412,0.009996,0.010016,0.254629,0.292947,0.13821,0.86179,0.116856,0.107438
1094,30,0.432233,0.01,0.01,0.254618,0.29315,0.137812,0.862188,0.121902,0.126004
1095,24,0.432344,0.009998,0.010007,0.254564,0.293087,0.137217,0.862783,0.114061,0.120683
1096,24,0.432346,0.01,0.01,0.254565,0.293089,0.136411,0.863589,0.123722,0.133356
1097,26,0.431635,0.010632,0.010001,0.254601,0.29313,0.135501,0.864499,0.136556,0.147705
1098,24,0.431236,0.011463,0.010075,0.254366,0.292859,0.13455,0.86545,0.129782,0.141225
1099,32,0.43159,0.010682,0.010003,0.254433,0.293293,0.13431,0.86569,0.118264,0.119885
1100,32,0.431684,0.010671,0.010145,0.254328,0.293172,0.134426,0.865574,0.121618,0.118891
1101,32,0.431993,0.010009,0.010009,0.254555,0.293434,0.134785,0.865215,0.117262,0.111166
1102,24,0.43186,0.010324,0.009997,0.254476,0.293343,0.133902,0.866098,0.129884,0.140431
1103,32,0.431833,0.009999,0.009999,0.25446,0.293708,0.134302,0.865698,0.110613,0.103972
1104,32,0.431789,0.010001,0.010001,0.254479,0.29373,0.134399,0.865601,0.117169,0.114568
1105,24,0.431643,0.010003,0.010003,0.254545,0.293806,0.133604,0.866396,0.131091,0.140515
1106,26,0.432024,0.009993,0.009993,0.254377,0.293612,0.13285,0.86715,0.105772,0.11434
1107,26,0.431895,0.010002,0.010002,0.254429,0.293672,0.13208,0.86792,0.128322,0.137349
1108,24,0.431459,0.010146,0.010001,0.25445,0.293944,0.131477,0.868523,0.1344,0.140892
1109,24,0.431254,0.010006,0.010006,0.254608,0.294126,0.130666,0.869334,0.128713,0.138068
1110,24,0.431701,0.009992,0.009992,0.254413,0.293901,0.130405,0.869595,0.107777,0.109713
1111,26,0.432262,0.00999,0.00999,0.254155,0.293603,0.130475,0.869525,0.102103,0.099754
1112,30,0.432716,0.009992,0.009992,0.253943,0.293357,0.13067,0.86933,0.09629,0.092024
1113,26,0.432586,0.010002,0.010002,0.253994,0.293416,0.130396,0.869604,0.122653,0.12509
1114,32,0.432522,0.009998,0.009998,0.253934,0.293548,0.129942,0.870058,0.126143,0.130813
1115,24,0.433142,0.009989,0.009989,0.253655,0.293225,0.129161,0.870839,0.104403,0.113065
1116,24,0.432758,0.010002,0.010002,0.253706,0.293532,0.128405,0.871595,0.126206,0.134779
1117,24,0.43264,0.010269,0.009997,0.253639,0.293454,0.127608,0.872392,0.123774,0.132708
1118,32,0.432409,0.010638,0.010646,0.253275,0.293032,0.127428,0.872572,0.124706,0.125606
1119,26,0.433242,0.010008,0.010008,0.253476,0.293266,0.126745,0.873255,0.110397,0.117735
1120,24,0.433454,0.009997,0.009997,0.253389,0.293164,0.127414,0.872586,0.116928,0.106837
1121,30,0.433359,0.010002,0.010002,0.253428,0.29321,0.127775,0.872225,0.122217,0.116255
1122,30,0.433269,0.010002,0.010002,0.25347,0.293258,0.127763,0.872237,0.115508,0.114338
1123,24,0.433003,0.010005,0.010005,0.25359,0.293398,0.127227,0.872773,0.128537,0.134155
1124,24,0.433212,0.009996,0.009996,0.253501,0.293294,0.128177,0.871823,0.110764,0.097297
1125,24,0.432835,0.010002,0.010002,0.253556,0.293605,0.127472,0.872528,0.128378,0.136321
1126,24,0.432569,0.010005,0.010005,0.253677,0.293745,0.127172,0.872828,0.128528,0.131136
1127,24,0.432502,0.009997,0.009997,0.2536,0.293903,0.126737,0.873263,0.114891,0.119083
1128,24,0.432391,0.009998,0.009998,0.253537,0.294077,0.125973,0.874027,0.123582,0.132041
1129,26,0.432265,0.010002,0.010002,0.253591,0.29414,0.125555,0.874445,0.122691,0.126929
1130,24,0.431999,0.010005,0.010005,0.253712,0.29428,0.124954,0.875046,0.128596,0.134891
1131,30,0.432074,0.009995,0.009995,0.253595,0.294341,0.124605,0.875395,0.118591,0.121475
1132,24,0.431638,0.010003,0.010003,0.253675,0.294681,0.123982,0.876018,0.136066,0.142821
1133,24,0.431762,0.009998,0.009998,0.253622,0.29462,0.124944,0.875056,0.111546,0.098232
1134,32,0.431595,0.009996,0.009996,0.253524,0.294889,0.124804,0.875196,0.124443,0.125024
1135,30,0.431591,0.01,0.01,0.253522,0.294887,0.124557,0.875443,0.119701,0.121619
1136,36,0.431288,0.009997,0.009997,0.253436,0.295282,0.124586,0.875414,0.128421,0.126888
1137,26,0.431108,0.010003,0.010003,0.253513,0.295372,0.124071,0.875929,0.129869,0.135364
1138,34,0.430945,0.01,0.01,0.253504,0.295551,0.124208,0.875792,0.110071,0.10732
1139,26,0.430485,0.009994,0.010548,0.253361,0.295612,0.124238,0.875762,0.12797,0.126587
1140,24,0.430661,0.010006,0.010006,0.253524,0.295802,0.123672,0.876328,0.125307,0.13117
1141,30,0.430726,0.009995,0.010237,0.253393,0.295649,0.123905,0.876095,0.115711,0.111788
1142,24,0.429687,0.010917,0.01108,0.253058,0.295258,0.123701,0.876299,0.13462,0.13599
1143,36,0.429188,0.011519,0.011414,0.252856,0.295023,0.123788,0.876212,0.13037,0.128203
1144,32,0.430159,0.01025,0.010318,0.2535,0.295774,0.123771,0.876229,0.12283,0.122002
1145,32,0.430558,0.010003,0.010003,0.253575,0.295861,0.124297,0.875703,0.112512,0.104935
1146,26,0.430437,0.010002,0.010002,0.253631,0.295927,0.123894,0.876106,0.122758,0.126797
1147,30,0.430604,0.009997,0.009997,0.253559,0.295843,0.123708,0.876292,0.115934,0.117159
1148,26,0.430696,0.009998,0.009998,0.253515,0.295792,0.123879,0.876121,0.114546,0.11147
1149,32,0.431021,0.009994,0.009994,0.253369,0.295621,0.123844,0.876156,0.091193,0.090013
1150,26,0.430794,0.01,0.01,0.253364,0.295843,0.123637,0.876363,0.122409,0.124038
1151,30,0.430702,0.010002,0.010002,0.253405,0.29589,0.123597,0.876403,0.12224,0.121516
1152,32,0.430924,0.009996,0.009996,0.253307,0.295777,0.123247,0.876753,0.106751,0.109696
1153,30,0.430859,0.010001,0.010001,0.253333,0.295807,0.122559,0.877441,0.118176,0.125295
1154,38,0.430649,0.009999,0.009999,0.253297,0.296057,0.1226,0.8774,0.127945,0.126345
1155,32,0.430802,0.009997,0.009997,0.253227,0.295976,0.122466,0.877534,0.107839,0.108426
1156,32,0.430845,0.009999,0.009999,0.253206,0.295951,0.123038,0.876962,0.109826,0.101747
1157,24,0.430576,0.010005,0.010005,0.253325,0.29609,0.122442,0.877558,0.128593,0.134908
1158,24,0.430697,0.009998,0.009998,0.253275,0.296032,0.121765,0.878235,0.114194,0.121184
1159,26,0.430572,0.010002,0.010002,0.253329,0.296095,0.121147,0.878853,0.124586,0.131138
1160,30,0.430987,0.009993,0.009993,0.253146,0.295881,0.121205,0.878795,0.091427,0.089563
1161,30,0.430681,0.010002,0.010002,0.253188,0.296127,0.121038,0.878962,0.139805,0.140659
1162,30,0.430763,0.009995,0.009995,0.253066,0.296182,0.121756,0.878244,0.11552,0.105616
1163,24,0.430689,0.009997,0.009997,0.252984,0.296333,0.121373,0.878627,0.114903,0.118378
1164,24,0.430254,0.010003,0.010003,0.253065,0.296675,0.120892,0.879108,0.127809,0.132705
1165,24,0.430256,0.01,0.01,0.253067,0.296677,0.121986,0.878014,0.115428,0.100838
1166,30,0.429949,0.010002,0.010002,0.253108,0.296939,0.121383,0.878617,0.129835,0.13601
1167,36,0.429718,0.009998,0.009998,0.253064,0.297221,0.121745,0.878255,0.128792,0.12312
1168,30,0.429671,0.009997,0.009997,0.252989,0.297347,0.12193,0.87807,0.119079,0.115757
1169,24,0.429152,0.010554,0.010019,0.252961,0.297314,0.121303,0.878697,0.126392,0.132898
1170,26,0.429214,0.010005,0.010005,0.253087,0.29769,0.12057,0.87943,0.123355,0.131093
1171,26,0.428996,0.01,0.01,0.253087,0.297917,0.120395,0.879605,0.128077,0.12929
1172,24,0.428947,0.009997,0.009997,0.252999,0.298061,0.119653,0.880347,0.113817,0.121424
1173,24,0.428617,0.010006,0.010006,0.253142,0.29823,0.119552,0.880448,0.130232,0.130509
1174,26,0.428848,0.009996,0.009996,0.253045,0.298115,0.118979,0.881021,0.115561,0.121256
1175,24,0.428575,0.010005,0.010005,0.253162,0.298253,0.118522,0.881478,0.128584,0.133011
1176,24,0.428786,0.009996,0.009996,0.253073,0.298148,0.119208,0.880792,0.116979,0.107434
1177,30,0.428691,0.009998,0.009998,0.253017,0.298296,0.118968,0.881032,0.119362,0.12117
1178,24,0.428583,0.009998,0.009998,0.252954,0.298469,0.118484,0.881516,0.115284,0.119808
1179,24,0.428523,0.010001,0.010001,0.252978,0.298497,0.117671,0.882329,0.123244,0.131871
1180,32,0.428663,0.009998,0.009998,0.252917,0.298425,0.117815,0.882185,0.108623,0.105996
1181,36,0.428771,0.009992,0.009992,0.252727,0.298517,0.118728,0.881272,0.096948,0.084929
1182,24,0.429154,0.009993,0.009993,0.252551,0.298309,0.118673,0.881327,0.106898,0.106319
1183,30,0.429055,0.010001,0.010001,0.252588,0.298354,0.118449,0.881551,0.122206,0.123726
1184,30,0.429167,0.009998,0.009998,0.25254,0.298297,0.118738,0.881262,0.113784,0.109217
1185,24,0.428897,0.010005,0.010005,0.252658,0.298436,0.118099,0.881901,0.13486,0.141455
1186,24,0.429002,0.009994,0.009994,0.252506,0.298504,0.117955,0.882045,0.116686,0.117441
1187,32,0.429108,0.009998,0.009998,0.252454,0.298442,0.118095,0.881905,0.107394,0.104874
1188,26,0.428982,0.010002,0.010002,0.252508,0.298505,0.117603,0.882397,0.128416,0.133369
1189,30,0.42865,0.010002,0.010002,0.252562,0.298784,0.117462,0.882538,0.130829,0.131475
1190,26,0.42843,0.01,0.01,0.25256,0.29901,0.116904,0.883096,0.128101,0.133768
1191,32,0.428907,0.009992,0.009992,0.252349,0.29876,0.117065,0.882935,0.104299,0.101316
1192,32,0.429055,0.009997,0.009997,0.252277,0.298674,0.117253,0.882747,0.121804,0.118619
1193,24,0.428678,0.010002,0.010002,0.252332,0.298986,0.116967,0.883033,0.128274,0.130749
1194,24,0.428829,0.009997,0.009997,0.252267,0.298909,0.117247,0.882753,0.118408,0.114167
1195,24,0.428928,0.009994,0.009994,0.252112,0.298972,0.117062,0.882938,0.116615,0.117779
1196,24,0.428923,0.01,0.01,0.252109,0.298969,0.117834,0.882166,0.121678,0.111199
1197,38,0.429116,0.009995,0.010085,0.251984,0.298821,0.118277,0.881723,0.112412,0.106206
1198,24,0.429536,0.009994,0.009994,0.251834,0.298642,0.117818,0.882182,0.109423,0.113602
1199,26,0.429463,0.010001,0.010001,0.251861,0.298674,0.117808,0.882192,0.120833,0.120101
1200,24,0.429419,0.009996,0.009996,0.251772,0.298816,0.117585,0.882415,0.121418,0.122994
1201,26,0.428957,0.010173,0.010005,0.251899,0.298966,0.116923,0.883077,0.129385,0.136174
1202,26,0.429319,0.009997,0.009997,0.251817,0.29887,0.116477,0.883523,0.107948,0.112092
1203,30,0.429482,0.009997,0.009997,0.251743,0.298781,0.116577,0.883423,0.115756,0.113478
1204,30,0.428536,0.010414,0.010846,0.251409,0.298794,0.116583,0.883417,0.138997,0.138064
1205,24,0.428386,0.010366,0.011235,0.251322,0.298691,0.116385,0.883615,0.123819,0.124951
1206,30,0.428954,0.010017,0.010079,0.251751,0.2992,0.116589,0.883411,0.122212,0.118699
1207,26,0.428608,0.010008,0.010008,0.251946,0.299431,0.116338,0.883662,0.135122,0.137104
1208,26,0.428603,0.01,0.01,0.251954,0.299442,0.115787,0.884213,0.124812,0.130364
1209,32,0.428604,0.01,0.01,0.251954,0.299442,0.115783,0.884217,0.111381,0.110318
1210,24,0.428229,0.010002,0.010002,0.252011,0.299756,0.115119,0.884881,0.12822,0.134793
1211,32,0.428145,0.009998,0.009998,0.251961,0.299898,0.115831,0.884169,0.115803,0.106532
1212,32,0.427624,0.009996,0.009996,0.251863,0.30052,0.11589,0.88411,0.136759,0.135059
1213,24,0.42754,0.010001,0.010001,0.251897,0.300561,0.115427,0.884573,0.124828,0.129034
1214,30,0.427325,0.010004,0.010004,0.251993,0.300675,0.115453,0.884547,0.123407,0.122176
1215,24,0.427,0.010006,0.010006,0.252139,0.300849,0.114993,0.885007,0.128066,0.132418
1216,36,0.427197,0.009997,0.009997,0.252057,0.300752,0.114717,0.885283,0.113342,0.115612
1217,32,0.427199,0.009997,0.009997,0.251977,0.30083,0.11462,0.88538,0.121682,0.121732
1218,26,0.426932,0.010001,0.010001,0.252003,0.301063,0.11423,0.88577,0.122828,0.126467
1219,32,0.426933,0.01,0.01,0.252003,0.301064,0.114101,0.885899,0.125378,0.125912
1220,32,0.426058,0.010616,0.010754,0.251695,0.300876,0.113975,0.886025,0.136857,0.137484
1221,26,0.426431,0.010014,0.010014,0.252044,0.301497,0.113286,0.886714,0.125298,0.132238
1222,34,0.42659,0.009998,0.009998,0.251987,0.301428,0.113136,0.886864,0.118147,0.118957
1223,38,0.426595,0.009993,0.009993,0.25181,0.301609,0.113333,0.886667,0.109213,0.105806
1224,24,0.426402,0.009995,0.009995,0.251696,0.301911,0.112711,0.887289,0.117009,0.123141
1225,30,0.426107,0.010002,0.010002,0.251744,0.302145,0.112487,0.887513,0.127449,0.129019
1226,26,0.425844,0.010001,0.010001,0.251772,0.302382,0.112106,0.887894,0.126707,0.130226
1227,30,0.425482,0.01,0.01,0.251781,0.302736,0.112302,0.887698,0.121745,0.118664
1228,30,0.424882,0.010141,0.010752,0.251648,0.302577,0.112198,0.887802,0.139941,0.14017
1229,24,0.424488,0.01061,0.011007,0.251499,0.302397,0.11201,0.88799,0.124794,0.125817
1230,26,0.424855,0.010761,0.010009,0.251717,0.302659,0.111263,0.888737,0.120321,0.127685
1231,24,0.425302,0.010006,0.010006,0.251858,0.302828,0.110891,0.889109,0.114241,0.117353
1232,32,0.425162,0.01,0.01,0.251846,0.302994,0.111092,0.888908,0.109172,0.106093
1233,32,0.42522,0.009999,0.009999,0.251819,0.302963,0.110761,0.889239,0.11632,0.119132
1234,24,0.425277,0.009999,0.009999,0.251794,0.302931,0.109962,0.890038,0.114149,0.121866
1235,30,0.425443,0.009997,0.009997,0.25172,0.302843,0.109577,0.890423,0.115968,0.119355
1236,30,0.425607,0.009997,0.009997,0.251646,0.302753,0.109442,0.890558,0.109351,0.109881
1237,36,0.426174,0.00999,0.00999,0.251395,0.302451,0.10958,0.89042,0.090044,0.087638
1238,24,0.426165,0.01,0.01,0.25139,0.302445,0.110723,0.889277,0.115511,0.101724
1239,24,0.425895,0.010005,0.010005,0.251508,0.302588,0.110003,0.889997,0.134833,0.142016
1240,24,0.424924,0.010784,0.010849,0.251212,0.302232,0.109782,0.890218,0.134595,0.136114
1241,24,0.424545,0.011135,0.010756,0.251267,0.302297,0.109379,0.890621,0.134688,0.138127
1242,24,0.425345,0.010086,0.010014,0.251616,0.302938,0.109014,0.890986,0.110865,0.11386
1243,30,0.425295,0.010003,0.010003,0.251682,0.303018,0.109108,0.890892,0.132109,0.13007
1244,26,0.425389,0.009995,0.009995,0.251555,0.303067,0.108532,0.891468,0.110031,0.115383
1245,34,0.425384,0.01,0.01,0.251552,0.303064,0.108355,0.891645,0.121624,0.122735
1246,24,0.425888,0.009991,0.009991,0.251331,0.302798,0.107841,0.892159,0.100235,0.104687
1247,36,0.425725,0.01,0.01,0.251328,0.302947,0.107844,0.892156,0.128893,0.12799
1248,26,0.425054,0.010455,0.010807,0.25106,0.302624,0.107885,0.892115,0.128188,0.126959
1249,32,0.425328,0.010008,0.010524,0.251266,0.302873,0.108142,0.891858,0.1265,0.122865
1250,26,0.42543,0.010008,0.010008,0.251455,0.3031,0.107715,0.892285,0.12266,0.126508
1251,26,0.425127,0.010375,0.010055,0.251404,0.303039,0.107134,0.892866,0.128237,0.133716
1252,24,0.424945,0.010007,0.010007,0.251575,0.303466,0.106665,0.893335,0.125157,0.129343
1253,24,0.424835,0.010002,0.010002,0.25163,0.303531,0.106559,0.893441,0.124683,0.124879
1254,24,0.424743,0.009998,0.009998,0.251575,0.303685,0.105822,0.894178,0.118333,0.125372
1255,24,0.424242,0.011164,0.009988,0.251279,0.303327,0.104712,0.895288,0.129797,0.140584
1256,24,0.424673,0.010013,0.010013,0.251594,0.303708,0.104837,0.895163,0.123321,0.121225
1257,32,0.424566,0.009997,0.009997,0.251514,0.303926,0.104563,0.895437,0.118696,0.120548
1258,24,0.424752,0.009997,0.009997,0.25143,0.303825,0.104708,0.895292,0.111956,0.10951
1259,30,0.425082,0.009994,0.009994,0.251283,0.303647,0.104913,0.895087,0.095296,0.092217
1260,30,0.425244,0.009997,0.009997,0.251207,0.303555,0.105282,0.894718,0.115906,0.111221
1261,24,0.425097,0.010201,0.009999,0.25118,0.303523,0.10473,0.89527,0.123096,0.128088
1262,36,0.425262,0.009996,0.009996,0.251073,0.303673,0.105028,0.894972,0.103342,0.099325
1263,26,0.425134,0.010002,0.010002,0.251125,0.303737,0.104552,0.895448,0.128434,0.132765
1264,24,0.425255,0.009998,0.009998,0.251074,0.303675,0.103879,0.896121,0.11426,0.12033
1265,32,0.425133,0.009999,0.009999,0.251047,0.303822,0.104233,0.895767,0.123694,0.119174
1266,24,0.425252,0.009998,0.009998,0.250994,0.303758,0.103511,0.896489,0.114291,0.12088
1267,30,0.425425,0.009997,0.009997,0.250917,0.303665,0.103701,0.896299,0.116817,0.113874
1268,24,0.425235,0.009996,0.009996,0.250805,0.303969,0.102893,0.897107,0.116986,0.12453
1269,26,0.424756,0.010005,0.010005,0.250922,0.304313,0.102129,0.897871,0.132003,0.139154
1270,26,0.424971,0.009996,0.009996,0.250832,0.304204,0.10235,0.89765,0.111014,0.108086
1271,24,0.424909,0.010001,0.010001,0.250856,0.304233,0.101728,0.898272,0.123234,0.1288
1272,38,0.424342,0.010719,0.010397,0.250608,0.303933,0.10165,0.89835,0.130656,0.130753
1273,32,0.424741,0.010004,0.010004,0.250705,0.304546,0.101987,0.898013,0.107744,0.103604
1274,24,0.42513,0.00999,0.00999,0.250443,0.304448,0.10189,0.89811,0.102801,0.102824
1275,24,0.425573,0.009991,0.010051,0.250215,0.30417,0.10196,0.89804,0.106012,0.104433
1276,32,0.425471,0.009999,0.009999,0.250199,0.304331,0.102096,0.897904,0.114478,0.112351
1277,30,0.425636,0.009997,0.009997,0.250127,0.304243,0.101771,0.898229,0.112126,0.114538
1278,30,0.425702,0.009996,0.009996,0.250019,0.304288,0.102004,0.897996,0.113315,0.11014
1279,26,0.425574,0.010002,0.010002,0.250071,0.304351,0.10146,0.89854,0.128364,0.133218
1280,36,0.42542,0.01,0.01,0.250073,0.304507,0.101358,0.898642,0.124795,0.125036
1281,26,0.425523,0.009998,0.009998,0.250028,0.304453,0.100965,0.899035,0.117916,0.121193
1282,24,0.425157,0.010002,0.010002,0.25009,0.304748,0.100226,0.899774,0.131373,0.138135
1283,32,0.424725,0.009999,0.009999,0.250065,0.305213,0.100103,0.899897,0.130291,0.130766
1284,30,0.424507,0.010004,0.010004,0.250158,0.305327,0.100303,0.899697,0.123493,0.120697
1285,30,0.424212,0.010002,0.010002,0.250206,0.305578,0.099888,0.900112,0.127152,0.130581
1286,24,0.423869,0.010177,0.010003,0.250281,0.30567,0.099178,0.900822,0.128488,0.134847
1287,32,0.423901,0.010003,0.010003,0.250346,0.305748,0.099389,0.900611,0.110912,0.108119
1288,24,0.42381,0.009998,0.009998,0.250292,0.305902,0.098552,0.901448,0.126447,0.133991
1289,24,0.423479,0.010006,0.010006,0.250434,0.306076,0.098478,0.901522,0.130185,0.130278
1290,26,0.423312,0.009996,0.009996,0.250335,0.30636,0.097709,0.902291,0.119849,0.126712
1291,26,0.422833,0.010005,0.010005,0.250452,0.306706,0.096833,0.903167,0.132014,0.139938
1292,32,0.422476,0.010001,0.010001,0.250471,0.307052,0.096604,0.903396,0.11807,0.119623
1293,24,0.422686,0.009996,0.009996,0.250381,0.306941,0.09769,0.90231,0.11082,0.099397
1294,32,0.422563,0.009999,0.009999,0.250353,0.307087,0.098096,0.901904,0.123666,0.119046
1295,30,0.422562,0.01,0.01,0.250352,0.307086,0.098263,0.901737,0.119539,0.117128
1296,26,0.422437,0.010002,0.010002,0.250407,0.307153,0.098148,0.901852,0.122704,0.123258
1297,24,0.422015,0.010004,0.010004,0.250496,0.307482,0.097545,0.902455,0.126662,0.131902
1298,32,0.422475,0.009992,0.009992,0.2503,0.307241,0.097914,0.902086,0.08964,0.085195
1299,26,0.422562,0.009995,0.009995,0.250167,0.307281,0.097722,0.902278,0.113793,0.114931
1300,26,0.422738,0.009997,0.009997,0.250087,0.307182,0.09722,0.90278,0.116991,0.12115
1301,24,0.422405,0.010006,0.010006,0.250228,0.307356,0.096633,0.903367,0.136353,0.141462
1302,32,0.422334,0.009998,0.009998,0.250186,0.307484,0.09634,0.90366,0.122559,0.124753
1303,32,0.422339,0.009994,0.009994,0.250043,0.30763,0.096492,0.903508,0.100932,0.098833
1304,30,0.422502,0.009997,0.009997,0.249967,0.307537,0.096111,0.903889,0.115981,0.118972
1305,30,0.422423,0.009998,0.010178,0.249921,0.30748,0.096692,0.903308,0.119493,0.11317
1306,30,0.422472,0.010001,0.010061,0.24995,0.307516,0.096768,0.903232,0.119538,0.118094
1307,32,0.422656,0.009998,0.009998,0.249897,0.307451,0.096954,0.903046,0.117192,0.114801
1308,26,0.422568,0.009998,0.009998,0.249846,0.30759,0.096348,0.903652,0.119155,0.124384
1309,32,0.422709,0.009997,0.009997,0.249783,0.307513,0.096076,0.903924,0.108785,0.110793
1310,32,0.423116,0.009993,0.009993,0.249605,0.307294,0.096141,0.903859,0.105903,0.104417
1311,24,0.42276,0.010188,0.010003,0.249672,0.307377,0.0956,0.9044,0.128433,0.132928
1312,30,0.422837,0.009995,0.010056,0.249546,0.307565,0.096409,0.903591,0.107527,0.099151
1313,24,0.423068,0.009997,0.009997,0.249469,0.307469,0.097495,0.902505,0.110818,0.09942
1314,24,0.423453,0.009993,0.009993,0.2493,0.307261,0.098468,0.901532,0.099497,0.089054
1315,24,0.423083,0.010002,0.010002,0.249359,0.307554,0.097711,0.902289,0.131387,0.138176
1316,26,0.42296,0.010002,0.010002,0.249414,0.307622,0.097122,0.902878,0.124466,0.129582
1317,30,0.423036,0.009999,0.009999,0.249383,0.307584,0.097062,0.902938,0.11845,0.118344
1318,26,0.423239,0.009993,0.009993,0.249207,0.307568,0.096647,0.903353,0.104902,0.108198
1319,24,0.423083,0.009988,0.010837,0.248901,0.307191,0.097359,0.902641,0.11684,0.109257
1320,24,0.423247,0.009999,0.01072,0.248875,0.307159,0.096917,0.903083,0.11415,0.117664
1321,26,0.423413,0.009991,0.011038,0.248662,0.306896,0.096407,0.903593,0.114593,0.118808
1322,24,0.423018,0.010342,0.010982,0.248707,0.306951,0.096227,0.903773,0.126368,0.127416
1323,24,0.423788,0.01001,0.01001,0.248946,0.307247,0.096267,0.903733,0.117111,0.116134
1324,30,0.423715,0.009998,0.009998,0.248903,0.307386,0.096773,0.903227,0.11016,0.104549
1325,26,0.423542,0.009999,0.009999,0.248888,0.307571,0.096249,0.903751,0.111076,0.115357
1326,30,0.423421,0.010002,0.010002,0.24894,0.307635,0.0961,0.9039,0.132876,0.13358
1327,24,0.423539,0.009994,0.009994,0.248796,0.307676,0.096731,0.903269,0.113574,0.106775
1328,30,0.423317,0.010004,0.010004,0.248887,0.307789,0.096873,0.903127,0.130049,0.128012
1329,32,0.42332,0.01,0.01,0.248889,0.307791,0.097343,0.902657,0.116084,0.110822
1330,24,0.422991,0.010006,0.010006,0.249031,0.307967,0.097058,0.902942,0.130049,0.132197
1331,30,0.422697,0.010002,0.010002,0.24908,0.308219,0.096892,0.903108,0.127156,0.128148
1332,30,0.422303,0.010001,0.010001,0.249093,0.308603,0.09662,0.90338,0.134417,0.136358
1333,24,0.422211,0.009998,0.009998,0.249038,0.308755,0.096017,0.903983,0.120522,0.125583
1334,38,0.422001,0.009999,0.009999,0.249001,0.309001,0.096248,0.903752,0.121224,0.118322
1335,28,0.422008,0.009997,0.009997,0.248916,0.309083,0.095578,0.904422,0.114343,0.120098
1336,26,0.422543,0.009991,0.009991,0.248683,0.308793,0.095009,0.904991,0.100359,0.104976
1337,24,0.422535,0.01,0.01,0.248678,0.308787,0.094529,0.905471,0.123724,0.12762
1338,32,0.422663,0.009995,0.009995,0.248545,0.308803,0.094903,0.905097,0.103682,0.099519
1339,24,0.422658,0.01,0.01,0.248543,0.3088,0.095722,0.904278,0.12168,0.112966
1340,24,0.422779,0.009998,0.009998,0.248491,0.308735,0.094978,0.905022,0.114214,0.120438
1341,30,0.42298,0.009996,0.009996,0.248402,0.308625,0.094163,0.905837,0.10652,0.113345
1342,30,0.422977,0.01,0.01,0.2484,0.308623,0.09443,0.90557,0.129554,0.126336
1343,24,0.422978,0.01,0.01,0.2484,0.308622,0.094123,0.905877,0.123885,0.125974
1344,32,0.423693,0.009988,0.009988,0.248092,0.30824,0.09469,0.90531,0.084922,0.078919
1345,24,0.424073,0.009993,0.009993,0.247918,0.308023,0.094137,0.905863,0.109402,0.113854
1346,24,0.424068,0.01,0.01,0.247914,0.308019,0.093381,0.906619,0.123911,0.130248
1347,30,0.424067,0.01,0.01,0.247914,0.308019,0.093588,0.906412,0.119565,0.116828
1348,30,0.424067,0.009996,0.010231,0.247813,0.307893,0.094327,0.905673,0.116432,0.10884
1349,24,0.423996,0.009997,0.01048,0.247733,0.307794,0.094122,0.905878,0.115156,0.116274
1350,30,0.42403,0.010002,0.010002,0.247776,0.308191,0.09353,0.90647,0.118027,0.122876
1351,24,0.424511,0.009992,0.009992,0.24757,0.307935,0.093403,0.906597,0.10614,0.10647
1352,24,0.423991,0.010351,0.009999,0.247541,0.308118,0.09262,0.90738,0.131261,0.137899
1353,30,0.423754,0.010004,0.010004,0.247646,0.308592,0.092416,0.907584,0.121889,0.123107
1354,26,0.423757,0.01,0.01,0.247648,0.308595,0.091849,0.908151,0.122243,0.126903
1355,24,0.423966,0.009996,0.009996,0.247558,0.308483,0.091766,0.908234,0.117097,0.117217
1356,26,0.423838,0.010002,0.010002,0.24761,0.308547,0.091219,0.908781,0.124549,0.12903
1357,30,0.423868,0.01,0.01,0.247599,0.308534,0.091198,0.908802,0.113105,0.112697
1358,24,0.424258,0.009993,0.009993,0.247431,0.308324,0.090679,0.909321,0.109513,0.113546
1359,32,0.424093,0.010003,0.010003,0.247496,0.308406,0.090884,0.909116,0.116817,0.114355
1360,26,0.424095,0.01,0.01,0.247498,0.308407,0.090356,0.909644,0.126097,0.130357
1361,30,0.424089,0.009994,0.009994,0.247353,0.30857,0.090043,0.909957,0.118404,0.120572
1362,30,0.42391,0.01,0.01,0.247342,0.308749,0.090456,0.909544,0.112612,0.108291
1363,24,0.423471,0.010396,0.010001,0.24736,0.308772,0.08968,0.91032,0.1264,0.132787
1364,26,0.423571,0.010005,0.010005,0.247488,0.308931,0.089837,0.910163,0.120842,0.118903
1365,30,0.423815,0.009996,0.009996,0.247387,0.308806,0.08961,0.91039,0.104512,0.10577
1366,26,0.423686,0.010002,0.010002,0.247439,0.30887,0.089505,0.910495,0.128326,0.128744
1367,24,0.423716,0.009996,0.009996,0.247334,0.308959,0.089033,0.910967,0.110852,0.114414
1368,32,0.423501,0.01,0.01,0.247345,0.309153,0.089525,0.910475,0.111731,0.106776
1369,24,0.42323,0.010005,0.010005,0.247462,0.309298,0.08914,0.91086,0.12657,0.129471
1370,26,0.423109,0.010002,0.010002,0.247518,0.309368,0.088448,0.911552,0.12844,0.134057
1371,30,0.423111,0.01,0.01,0.247519,0.30937,0.088975,0.911025,0.119661,0.114468
1372,24,0.422867,0.009997,0.009997,0.247435,0.309704,0.088141,0.911859,0.124637,0.131434
1373,30,0.423141,0.009995,0.009995,0.247315,0.309554,0.088484,0.911516,0.103608,0.099829
1374,30,0.422104,0.010909,0.010988,0.246929,0.30907,0.088423,0.911577,0.1398,0.139732
1375,32,0.422786,0.010018,0.010018,0.247372,0.309806,0.088602,0.911398,0.108317,0.10614
1376,30,0.422392,0.010454,0.01,0.247362,0.309793,0.088528,0.911472,0.139926,0.139944
1377,24,0.422705,0.010002,0.010002,0.247422,0.309868,0.087954,0.912046,0.114289,0.118633
1378,32,0.422572,0.010002,0.010002,0.247481,0.309942,0.087929,0.912071,0.120626,0.120258
1379,32,0.422918,0.009994,0.009994,0.247335,0.309759,0.088128,0.911872,0.096115,0.093677
1380,26,0.422787,0.010002,0.010002,0.247386,0.309823,0.088035,0.911965,0.128317,0.128623
1381,24,0.42258,0.01,0.01,0.247382,0.310038,0.087945,0.912055,0.12144,0.121646
1382,30,0.422428,0.010117,0.010171,0.247322,0.309962,0.088004,0.911996,0.130312,0.129166
1383,24,0.422525,0.010204,0.010483,0.247102,0.309687,0.087567,0.912433,0.118997,0.122114
1384,26,0.422338,0.010012,0.010012,0.247389,0.310249,0.087122,0.912878,0.122495,0.125877
1385,24,0.421951,0.0103,0.010002,0.247437,0.31031,0.086272,0.913728,0.134677,0.141535
1386,24,0.421576,0.010547,0.010002,0.247494,0.31038,0.085582,0.914418,0.128458,0.133872
1387,36,0.422023,0.009997,0.009997,0.247418,0.310565,0.086084,0.913916,0.092332,0.087312
1388,24,0.422021,0.01,0.01,0.247416,0.310563,0.085621,0.914379,0.123715,0.127142
1389,26,0.422201,0.009997,0.009997,0.247339,0.310466,0.085203,0.914797,0.117021,0.120054
1390,30,0.421957,0.009998,0.010347,0.247292,0.310406,0.085388,0.914612,0.131858,0.129674
1391,30,0.422131,0.010003,0.010003,0.247365,0.310498,0.084954,0.915046,0.119691,0.12281
1392,36,0.421978,0.01,0.01,0.247367,0.310655,0.084978,0.915022,0.122017,0.121216
1393,30,0.421978,0.01,0.01,0.247367,0.310655,0.084686,0.915314,0.119637,0.121528
1394,36,0.422286,0.009995,0.009995,0.247235,0.310489,0.085062,0.914938,0.099957,0.096267
1395,32,0.422282,0.01,0.01,0.247233,0.310486,0.085792,0.914208,0.115921,0.109084
1396,38,0.421723,0.010002,0.010442,0.247283,0.31055,0.085816,0.914184,0.140061,0.139356
1397,26,0.421604,0.010002,0.010229,0.247341,0.310824,0.085295,0.914705,0.125138,0.12911
1398,30,0.422186,0.009994,0.009994,0.247191,0.310636,0.084587,0.915413,0.096325,0.10161
1399,24,0.421378,0.011232,0.01001,0.246993,0.310387,0.084208,0.915792,0.134577,0.137229
1400,36,0.422198,0.010005,0.010005,0.247108,0.310685,0.084346,0.915654,0.098445,0.09659
1401,32,0.421831,0.010115,0.011072,0.246749,0.310234,0.083881,0.916119,0.124045,0.127504
1402,26,0.422382,0.010009,0.01012,0.246973,0.310516,0.083918,0.916082,0.114407,0.113625
1403,32,0.42281,0.009995,0.010004,0.246841,0.31035,0.08394,0.91606,0.106261,0.10545
1404,24,0.423019,0.009996,0.009996,0.246751,0.310237,0.083864,0.916136,0.117022,0.117103
1405,26,0.42293,0.009998,0.009998,0.246699,0.310375,0.083151,0.916849,0.122935,0.12843
1406,24,0.423316,0.009993,0.009993,0.246533,0.310165,0.084153,0.915847,0.099517,0.09049
1407,24,0.42331,0.01,0.01,0.246529,0.310161,0.084875,0.915125,0.12161,0.114876
1408,32,0.423266,0.010001,0.010001,0.246548,0.310184,0.085342,0.914658,0.126482,0.12192
1409,26,0.423142,0.010002,0.010002,0.246602,0.310252,0.084818,0.915182,0.124639,0.128666
1410,32,0.423865,0.009988,0.009988,0.246294,0.309865,0.085107,0.914893,0.085417,0.082358
1411,30,0.423947,0.009998,0.009998,0.246249,0.309808,0.08476,0.91524,0.112284,0.114655
1412,32,0.423992,0.009999,0.009999,0.246228,0.309782,0.085226,0.914774,0.109841,0.105295
1413,32,0.423971,0.009993,0.010411,0.246058,0.309567,0.085698,0.914302,0.121652,0.117035
1414,24,0.423727,0.010003,0.010499,0.246123,0.309649,0.084952,0.915048,0.132454,0.138321
1415,24,0.422764,0.010767,0.011343,0.245837,0.309289,0.08477,0.91523,0.134577,0.135583
1416,24,0.423329,0.010008,0.011077,0.24604,0.309545,0.085524,0.914476,0.117813,0.110712
1417,32,0.423524,0.010005,0.010451,0.246153,0.309868,0.085401,0.914599,0.122545,0.122979
1418,30,0.423884,0.010002,0.010002,0.246194,0.309919,0.085316,0.914684,0.115883,0.115997
1419,30,0.42383,0.010127,0.010002,0.246162,0.309879,0.085454,0.914546,0.126142,0.124346
1420,24,0.424283,0.009994,0.009994,0.246024,0.309705,0.085871,0.914129,0.09892,0.094735
1421,24,0.423914,0.010002,0.010002,0.246083,0.309999,0.086026,0.913974,0.125178,0.123253
1422,24,0.423916,0.01,0.01,0.246084,0.31,0.085087,0.914913,0.12991,0.13735
1423,30,0.423663,0.010087,0.010003,0.246156,0.310091,0.084803,0.915197,0.123396,0.125251
1424,30,0.423651,0.010002,0.010002,0.2462,0.310146,0.084725,0.915275,0.109591,0.109483
1425,26,0.423749,0.009998,0.009998,0.246159,0.310095,0.084933,0.915067,0.11447,0.112234
1426,24,0.423538,0.010004,0.010004,0.246248,0.310207,0.084756,0.915244,0.126588,0.127609
1427,24,0.422762,0.011164,0.01002,0.24607,0.309983,0.084327,0.915673,0.134592,0.137681
1428,30,0.42335,0.010007,0.010007,0.246243,0.310393,0.0844,0.9156,0.113005,0.111942
1429,30,0.423392,0.009999,0.010023,0.246221,0.310365,0.084673,0.915327,0.118215,0.115266
1430,24,0.423402,0.01,0.01,0.246226,0.310372,0.08539,0.91461,0.121671,0.114985
1431,32,0.423425,0.01,0.01,0.246217,0.31036,0.085992,0.914008,0.112532,0.106834
1432,36,0.423215,0.009999,0.009999,0.246186,0.310601,0.085957,0.914043,0.118651,0.118349
1433,24,0.423214,0.01,0.01,0.246186,0.3106,0.08715,0.91285,0.115512,0.104482
1434,30,0.423382,0.009997,0.009997,0.246114,0.31051,0.087374,0.912626,0.115906,0.113288
1435,30,0.423294,0.009991,0.010586,0.245895,0.310234,0.0876,0.9124,0.115844,0.113298
1436,24,0.423538,0.010006,0.010006,0.246037,0.310413,0.088435,0.911565,0.121698,0.113573
1437,24,0.423752,0.009996,0.009996,0.245951,0.310304,0.088585,0.911415,0.116974,0.115106
1438,24,0.424055,0.009995,0.009995,0.245819,0.310137,0.089615,0.910385,0.102581,0.092658
1439,24,0.42405,0.01,0.01,0.245816,0.310134,0.088792,0.911208,0.129906,0.13668
1440,30,0.424143,0.009998,0.009998,0.245776,0.310084,0.088727,0.911273,0.112291,0.112324
1441,32,0.424434,0.009995,0.009995,0.245651,0.309926,0.089,0.911,0.111214,0.108175
1442,24,0.424429,0.01,0.01,0.245648,0.309922,0.090187,0.909813,0.115516,0.104123
1443,32,0.424586,0.009997,0.009997,0.245581,0.309838,0.090235,0.909765,0.112571,0.111645
1444,32,0.42454,0.010001,0.010001,0.245599,0.30986,0.090427,0.909573,0.117126,0.114815
1445,24,0.424541,0.01,0.01,0.245599,0.30986,0.091494,0.908506,0.115469,0.105057
1446,24,0.424749,0.009996,0.009996,0.24551,0.309748,0.092235,0.907765,0.117009,0.109389
1447,24,0.42437,0.010251,0.010002,0.245563,0.309814,0.091832,0.908168,0.134701,0.137806
1448,30,0.424384,0.010004,0.010004,0.245665,0.309943,0.091909,0.908091,0.122002,0.120627
1449,24,0.424596,0.009996,0.009996,0.245578,0.309833,0.092588,0.907412,0.116988,0.11001
1450,32,0.42475,0.009997,0.009997,0.245509,0.309747,0.092826,0.907174,0.117049,0.114258
1451,24,0.424379,0.010231,0.010002,0.245567,0.30982,0.092094,0.907906,0.126414,0.132509
1452,32,0.424402,0.010001,0.010001,0.24558,0.310017,0.091979,0.908021,0.117942,0.118391
1453,26,0.424278,0.010002,0.010002,0.245634,0.310084,0.09162,0.90838,0.12274,0.125531
1454,30,0.424372,0.009998,0.009998,0.245595,0.310036,0.09164,0.90836,0.118988,0.118161
1455,24,0.424278,0.009998,0.009998,0.245541,0.310186,0.090902,0.909098,0.112261,0.11827
1456,32,0.424066,0.009995,0.009995,0.245418,0.310526,0.091233,0.908767,0.112385,0.108796
1457,30,0.424062,0.01,0.01,0.245416,0.310523,0.091435,0.908565,0.112989,0.110475
1458,24,0.424448,0.009993,0.009993,0.245251,0.310315,0.090937,0.909063,0.101666,0.105455
1459,24,0.424326,0.010002,0.010002,0.245297,0.310373,0.090263,0.909737,0.126916,0.132435
1460,32,0.424117,0.010001,0.010001,0.245311,0.310571,0.090735,0.909265,0.117922,0.113049
1461,24,0.424024,0.009998,0.009998,0.245258,0.310722,0.090526,0.909474,0.126502,0.127836
1462,24,0.4236,0.010003,0.010003,0.245343,0.31105,0.090192,0.909808,0.126656,0.129117
1463,26,0.424181,0.00999,0.00999,0.245099,0.31074,0.09033,0.90967,0.102357,0.100513
1464,32,0.423678,0.009997,0.009997,0.245033,0.311294,0.09,0.91,0.12645,0.128826
1465,24,0.423405,0.010005,0.010005,0.245147,0.311439,0.089301,0.910699,0.126498,0.13221
1466,24,0.423044,0.010003,0.010003,0.245211,0.311739,0.088565,0.911435,0.125136,0.131043
1467,32,0.423003,0.010001,0.010001,0.245231,0.311765,0.088678,0.911322,0.121762,0.120213
1468,32,0.423004,0.01,0.01,0.245231,0.311765,0.089122,0.910878,0.109906,0.10542
1469,32,0.423117,0.009998,0.009998,0.245183,0.311704,0.089005,0.910995,0.118342,0.118819
1470,26,0.423212,0.009998,0.009998,0.245141,0.31165,0.088988,0.911012,0.114482,0.11406
1471,24,0.423327,0.009994,0.009994,0.244998,0.311687,0.088953,0.911047,0.113576,0.113321
1472,30,0.423616,0.009992,0.009992,0.244795,0.311605,0.089238,0.910762,0.098801,0.095442
1473,24,0.423883,0.009995,0.009995,0.244675,0.311452,0.089704,0.910296,0.104242,0.099268
1474,32,0.424036,0.009997,0.009997,0.244606,0.311364,0.089519,0.910481,0.117217,0.118308
1475,24,0.423762,0.010005,0.010005,0.24472,0.311509,0.088907,0.911093,0.126565,0.131512
1476,24,0.423766,0.01,0.01,0.244722,0.311512,0.089739,0.910261,0.121686,0.11346
1477,28,0.42352,0.010004,0.010004,0.244826,0.311645,0.089271,0.910729,0.12917,0.13288
1478,26,0.423399,0.010002,0.010002,0.244882,0.311715,0.088965,0.911035,0.124604,0.126832
1479,24,0.423308,0.009998,0.009998,0.244829,0.311867,0.088304,0.911696,0.112269,0.117475
1480,32,0.423645,0.009994,0.009994,0.244684,0.311683,0.088188,0.911812,0.098256,0.098716
1481,24,0.423849,0.009996,0.009996,0.244592,0.311566,0.088353,0.911647,0.117016,0.115016
1482,24,0.424055,0.009996,0.009996,0.244502,0.311451,0.088211,0.911789,0.11694,0.117543
1483,32,0.424208,0.009997,0.009997,0.244433,0.311364,0.088017,0.911983,0.112583,0.113787
1484,24,0.424059,0.010002,0.010002,0.244494,0.311441,0.087271,0.912729,0.124821,0.130818
1485,32,0.424478,0.009993,0.009993,0.244319,0.311217,0.087321,0.912679,0.096613,0.095623
1486,32,0.424428,0.010001,0.010001,0.244334,0.311237,0.087361,0.912639,0.126485,0.125613
1487,38,0.424133,0.009997,0.010223,0.244249,0.311399,0.087279,0.912721,0.124149,0.124348
1488,24,0.423669,0.010673,0.01,0.244253,0.311405,0.086221,0.913779,0.134663,0.143274
1489,32,0.423999,0.01,0.01,0.244262,0.311738,0.085923,0.914077,0.106992,0.109071
1490,30,0.424166,0.009997,0.009997,0.244192,0.311648,0.086067,0.913933,0.109242,0.107503
1491,24,0.424469,0.009995,0.009995,0.244061,0.311481,0.087081,0.912919,0.100495,0.091012
1492,30,0.424371,0.010002,0.010002,0.244098,0.311528,0.087506,0.912494,0.121997,0.117706
1493,26,0.424247,0.010002,0.010002,0.244151,0.311597,0.087104,0.912896,0.122665,0.125673
1494,24,0.423827,0.010004,0.010004,0.244238,0.311927,0.086338,0.913662,0.132829,0.138934
1495,24,0.423466,0.010003,0.010003,0.244302,0.312227,0.085649,0.914351,0.125122,0.130516
1496,36,0.423639,0.009997,0.009997,0.24423,0.312136,0.085664,0.914336,0.115359,0.114622
1497,30,0.423265,0.010367,0.01,0.244231,0.312138,0.085479,0.914521,0.13993,0.140952
1498,24,0.423176,0.01,0.01,0.244238,0.312585,0.08465,0.91535,0.124667,0.131202
1499,36,0.423553,0.009993,0.009993,0.244079,0.312381,0.084985,0.915015,0.09845,0.095114
1500,24,0.423284,0.010615,0.009994,0.243924,0.312183,0.083852,0.916148,0.129839,0.138835
1501,32,0.422982,0.010297,0.010002,0.243975,0.312743,0.083665,0.916335,0.130203,0.131239
1502,24,0.422652,0.010003,0.010003,0.244056,0.313286,0.083316,0.916684,0.121739,0.124185
1503,24,0.422291,0.010003,0.010003,0.244119,0.313586,0.082536,0.917464,0.13132,0.13733
1504,24,0.421962,0.010006,0.010006,0.244259,0.313767,0.082066,0.917934,0.128012,0.131441
1505,24,0.421968,0.01,0.01,0.244262,0.31377,0.081425,0.918575,0.123884,0.128601
1506,32,0.422125,0.009995,0.010106,0.244149,0.313625,0.082276,0.917724,0.106291,0.098913
1507,24,0.421838,0.010007,0.010007,0.244313,0.313836,0.081928,0.918072,0.130111,0.132518
1508,36,0.422061,0.009996,0.009996,0.244224,0.313722,0.082143,0.917857,0.116773,0.1145
1509,24,0.422058,0.01,0.01,0.244223,0.31372,0.081366,0.918634,0.129891,0.135765
1510,38,0.421767,0.010482,0.009997,0.24414,0.313614,0.081243,0.918757,0.1307,0.131247
1511,30,0.421752,0.010009,0.010009,0.244349,0.313882,0.081739,0.918261,0.12354,0.118979
1512,30,0.421584,0.01,0.01,0.244346,0.31407,0.081969,0.918031,0.128985,0.126619
1513,28,0.421259,0.010002,0.010002,0.244404,0.314333,0.081341,0.918659,0.126232,0.130964
1514,30,0.420898,0.01,0.01,0.244413,0.314688,0.081415,0.918585,0.121764,0.120518
1515,26,0.420925,0.01,0.01,0.244402,0.314674,0.080745,0.919255,0.114836,0.11976
1516,26,0.420448,0.010005,0.010005,0.244518,0.315025,0.079793,0.920207,0.131873,0.139074
1517,24,0.420149,0.010002,0.010002,0.244555,0.315292,0.079681,0.920319,0.123112,0.123543
1518,24,0.420273,0.009998,0.009998,0.244504,0.315227,0.079043,0.920957,0.114258,0.118741
1519,30,0.420366,0.009995,0.010171,0.244389,0.315079,0.07949,0.92051,0.115784,0.111815
1520,24,0.420071,0.010004,0.010004,0.244491,0.31543,0.0787,0.9213,0.131307,0.137136
1521,36,0.419746,0.009996,0.010407,0.244394,0.315457,0.079109,0.920891,0.128821,0.125142
1522,24,0.420192,0.009999,0.009999,0.244375,0.315434,0.078982,0.921018,0.114757,0.115339
1523,38,0.420206,0.009992,0.009992,0.244183,0.315627,0.07952,0.92048,0.107416,0.102701
1524,24,0.420501,0.009991,0.009991,0.24396,0.315558,0.07907,0.92093,0.105984,0.10904
1525,24,0.420221,0.010005,0.010005,0.24407,0.3157,0.077974,0.922026,0.13478,0.142947
1526,24,0.420134,0.009998,0.009998,0.244018,0.315852,0.077645,0.922355,0.120471,0.122492
1527,30,0.420011,0.010002,0.010002,0.244068,0.315917,0.077909,0.922091,0.122924,0.120426
1528,30,0.419869,0.009997,0.009997,0.243985,0.316153,0.07853,0.92147,0.1047,0.099379
1529,26,0.419655,0.01,0.01,0.243987,0.316358,0.078169,0.921831,0.121295,0.123709
1530,24,0.419686,0.009996,0.009996,0.243882,0.316441,0.077566,0.922434,0.110845,0.114966
1531,24,0.419722,0.009999,0.009999,0.243863,0.316416,0.076937,0.923063,0.115346,0.119699
1532,26,0.419637,0.010001,0.010001,0.243898,0.316462,0.07607,0.92393,0.123633,0.129811
1533,32,0.419979,0.009994,0.009994,0.243756,0.316277,0.076168,0.923832,0.11374,0.1126
1534,30,0.420049,0.009999,0.009999,0.243722,0.316233,0.076826,0.923174,0.118405,0.112921
1535,32,0.420071,0.01,0.01,0.243711,0.316219,0.076845,0.923155,0.112545,0.111965
1536,24,0.419751,0.010115,0.010004,0.243798,0.316332,0.076,0.924,0.134673,0.14074
1537,30,0.419319,0.010627,0.009999,0.243766,0.31629,0.075479,0.924521,0.129947,0.13343
1538,32,0.41979,0.010003,0.010003,0.243831,0.316374,0.076143,0.923857,0.100901,0.095462
1539,24,0.419487,0.01008,0.010004,0.243928,0.3165,0.075578,0.924422,0.128429,0.132256
1540,32,0.419584,0.009997,0.009997,0.243847,0.316575,0.076385,0.923615,0.112048,0.105519
1541,24,0.419489,0.009998,0.009998,0.243792,0.316723,0.076654,0.923346,0.118312,0.115857
1542,30,0.419293,0.009997,0.009997,0.243728,0.316983,0.076367,0.923633,0.112265,0.114002
1543,36,0.418874,0.009994,0.010773,0.243575,0.316784,0.076733,0.923267,0.130447,0.127233
1544,32,0.419151,0.010008,0.010008,0.243781,0.317051,0.076901,0.923099,0.121888,0.120197
1545,26,0.41938,0.009993,0.009993,0.243607,0.317027,0.076335,0.923665,0.107829,0.11171
1546,32,0.419374,0.01,0.01,0.243603,0.317023,0.076777,0.923223,0.125329,0.121483
1547,34,0.419608,0.009996,0.009996,0.243505,0.316895,0.077229,0.922771,0.10548,0.101634
1548,24,0.419605,0.01,0.01,0.243503,0.316892,0.07842,0.92158,0.113457,0.103638
1549,30,0.41922,0.010001,0.010001,0.243521,0.317258,0.078058,0.921942,0.121709,0.124088
1550,30,0.419239,0.009996,0.009996,0.243432,0.317335,0.078926,0.921074,0.113576,0.106301
1551,30,0.419679,0.009992,0.009992,0.243245,0.317091,0.079787,0.920213,0.100917,0.093556
1552,24,0.419522,0.009999,0.009999,0.243213,0.317268,0.079007,0.920993,0.12807,0.133827
1553,30,0.419108,0.010001,0.010001,0.243241,0.317648,0.078524,0.921476,0.122703,0.126017
1554,24,0.4195,0.009993,0.009993,0.243078,0.317435,0.079509,0.920491,0.099619,0.091282
1555,30,0.41944,0.010001,0.010001,0.243098,0.317461,0.079772,0.920228,0.12158,0.118981
1556,24,0.419599,0.009985,0.010678,0.242741,0.316996,0.079133,0.920867,0.108416,0.112861
1557,32,0.420001,0.009999,0.010311,0.242721,0.316968,0.079356,0.920644,0.109425,0.107103
1558,36,0.41984,0.01,0.010198,0.242718,0.317244,0.079511,0.920489,0.118616,0.11694
1559,24,0.419923,0.010002,0.010002,0.242766,0.317307,0.080277,0.919723,0.121613,0.11493
1560,32,0.420146,0.009996,0.009996,0.242675,0.317187,0.080451,0.919549,0.094483,0.092451
1561,26,0.419751,0.010007,0.010007,0.242837,0.317399,0.080062,0.919938,0.135009,0.137675
1562,30,0.419687,0.009995,0.009995,0.242725,0.317596,0.080313,0.919687,0.109992,0.107496
1563,30,0.419219,0.010409,0.009998,0.242672,0.317702,0.080135,0.919865,0.137129,0.138054
1564,24,0.419025,0.010007,0.010007,0.242832,0.31813,0.079607,0.920393,0.125051,0.128796
1565,32,0.419077,0.009999,0.009999,0.242815,0.318109,0.080056,0.919944,0.110006,0.10598
1566,24,0.418803,0.010005,0.010005,0.242929,0.318258,0.079391,0.920609,0.128536,0.133401
1567,30,0.418283,0.010324,0.010903,0.242627,0.317862,0.079435,0.920565,0.136043,0.135276
1568,36,0.418321,0.010131,0.010798,0.24274,0.31801,0.079366,0.920634,0.130498,0.130615
1569,34,0.418859,0.010007,0.010007,0.242903,0.318224,0.079282,0.920718,0.1095,0.109765
1570,24,0.418465,0.010855,0.010081,0.242675,0.317925,0.078855,0.921145,0.129788,0.132683
1571,26,0.418557,0.010421,0.010007,0.242854,0.31816,0.078773,0.921227,0.128305,0.128534
1572,30,0.418906,0.010001,0.010001,0.242888,0.318204,0.079215,0.920785,0.115945,0.112005
1573,24,0.419118,0.009996,0.009996,0.2428,0.318089,0.07995,0.92005,0.117015,0.110646
1574,24,0.419115,0.01,0.01,0.242798,0.318087,0.080188,0.919812,0.12169,0.119325
1575,24,0.418786,0.010138,0.010003,0.24288,0.318193,0.079477,0.920523,0.126376,0.13156
1576,24,0.418694,0.01,0.01,0.242885,0.31842,0.078882,0.921118,0.121761,0.126026
1577,24,0.418237,0.010368,0.010073,0.242892,0.318429,0.078668,0.921332,0.134627,0.135872
1578,26,0.418603,0.010001,0.010001,0.242924,0.31847,0.078265,0.921735,0.113115,0.115826
1579,24,0.419089,0.009992,0.009992,0.242722,0.318205,0.078938,0.921062,0.106186,0.100285
1580,38,0.419585,0.009991,0.009991,0.242508,0.317925,0.079087,0.920913,0.098212,0.096486
1581,24,0.419213,0.010002,0.010002,0.242564,0.318218,0.078565,0.921435,0.125067,0.128734
1582,30,0.419121,0.010002,0.010002,0.242605,0.318271,0.079277,0.920723,0.115574,0.10946
1583,36,0.418851,0.010002,0.010002,0.242655,0.31849,0.079124,0.920876,0.125231,0.125879
1584,30,0.418686,0.009997,0.009997,0.242582,0.318738,0.079435,0.920565,0.111365,0.108353
1585,24,0.418958,0.009995,0.009995,0.242466,0.318585,0.079671,0.920329,0.110942,0.108533
1586,30,0.418777,0.010003,0.010003,0.242538,0.318679,0.079405,0.920595,0.130001,0.131665
1587,30,0.418873,0.009995,0.010177,0.242425,0.318531,0.079826,0.920174,0.115794,0.112015
1588,24,0.41858,0.010004,0.010004,0.242527,0.318885,0.079354,0.920646,0.122978,0.126259
1589,30,0.41869,0.009998,0.009998,0.242485,0.318829,0.079502,0.920498,0.122502,0.12075
1590,30,0.418763,0.009999,0.009999,0.242453,0.318787,0.079913,0.920087,0.11824,0.114504
1591,30,0.418638,0.009996,0.009996,0.242361,0.319009,0.0802,0.9198,0.12003,0.117198
1592,32,0.417743,0.010482,0.010764,0.242068,0.318944,0.080157,0.919843,0.131766,0.131647
1593,26,0.417938,0.010005,0.010581,0.242181,0.319295,0.079635,0.920365,0.1229,0.126638
1594,24,0.417643,0.009999,0.010935,0.242158,0.319265,0.078712,0.921288,0.130914,0.137724
1595,30,0.418114,0.010004,0.010242,0.242252,0.319389,0.079012,0.920988,0.107014,0.104073
1596,24,0.417943,0.010007,0.010007,0.242425,0.319617,0.07855,0.92145,0.128492,0.131689
1597,32,0.418102,0.010011,0.009997,0.242359,0.31953,0.07818,0.92182,0.121728,0.124208
1598,32,0.41809,0.009995,0.009995,0.242234,0.319686,0.077623,0.922377,0.117246,0.121177
1599,24,0.417255,0.011187,0.009994,0.24208,0.319484,0.076786,0.923214,0.136111,0.142162
1600,26,0.418209,0.010004,0.010004,0.242175,0.319609,0.076387,0.923613,0.103373,0.105968
1601,24,0.418007,0.010128,0.009998,0.242117,0.319751,0.075913,0.924087,0.127949,0.131158
1602,24,0.417695,0.010004,0.010004,0.242208,0.32009,0.075163,0.924837,0.123048,0.128338
1603,32,0.41742,0.010002,0.010002,0.242253,0.320323,0.075044,0.924956,0.124082,0.124599
1604,36,0.417145,0.010442,0.009997,0.242184,0.320232,0.074901,0.925099,0.126255,0.126904
1605,24,0.417816,0.009996,0.009996,0.242088,0.320104,0.075148,0.924852,0.106297,0.104004
1606,30,0.417813,0.01,0.01,0.242086,0.320102,0.074991,0.925009,0.119718,0.120448
1607,26,0.417517,0.009998,0.009998,0.24204,0.320446,0.074453,0.925547,0.118188,0.121835
1608,24,0.418003,0.009992,0.009992,0.241837,0.320177,0.074809,0.925191,0.106331,0.103262
1609,24,0.418121,0.009998,0.009998,0.241781,0.320103,0.075487,0.924513,0.11776,0.112184
1610,24,0.418027,0.009998,0.009998,0.241727,0.32025,0.075144,0.924856,0.120342,0.12252
1611,24,0.418182,0.009997,0.009997,0.241661,0.320162,0.075222,0.924778,0.113998,0.112911
1612,26,0.418362,0.009997,0.009997,0.241584,0.32006,0.074573,0.925427,0.116924,0.121369
1613,36,0.418133,0.009999,0.009999,0.241561,0.320309,0.07461,0.92539,0.118812,0.118146
1614,30,0.417747,0.010001,0.010001,0.241578,0.320674,0.074287,0.925713,0.121692,0.123659
1615,30,0.417696,0.009995,0.009995,0.241457,0.320857,0.073774,0.926226,0.109562,0.112938
1616,32,0.417692,0.01,0.01,0.241455,0.320853,0.074374,0.925626,0.111257,0.106462
1617,24,0.418034,0.009992,0.010116,0.241262,0.320597,0.074095,0.925905,0.110023,0.111472
1618,24,0.41787,0.010001,0.010001,0.241284,0.320845,0.073386,0.926614,0.121273,0.126082
1619,30,0.41797,0.009998,0.009998,0.241243,0.32079,0.073652,0.926348,0.116599,0.11419
1620,32,0.417969,0.01,0.01,0.241242,0.320789,0.073578,0.926422,0.116122,0.116311
1621,32,0.418474,0.009991,0.009991,0.241033,0.320511,0.073556,0.926444,0.089546,0.089208
1622,24,0.418507,0.009999,0.009999,0.241012,0.320483,0.072826,0.927174,0.115398,0.120276
1623,26,0.418241,0.010001,0.010001,0.241037,0.32072,0.072265,0.927735,0.126622,0.130379
1624,32,0.418588,0.009994,0.009994,0.240894,0.32053,0.072746,0.927254,0.093059,0.089099
1625,24,0.418892,0.009995,0.009995,0.240764,0.320356,0.073789,0.926211,0.10061,0.092481
1626,24,0.418887,0.01,0.01,0.240761,0.320352,0.075007,0.924993,0.115522,0.105957
1627,30,0.418626,0.009999,0.009999,0.240727,0.320649,0.075174,0.924826,0.113788,0.112019
1628,26,0.418807,0.009997,0.009997,0.240651,0.320548,0.074771,0.925229,0.117027,0.119638
1629,30,0.41871,0.009996,0.009996,0.240547,0.320752,0.07506,0.92494,0.109168,0.10653
1630,24,0.419309,0.00999,0.00999,0.240295,0.320417,0.075992,0.924008,0.094891,0.08735
1631,24,0.419691,0.009993,0.009993,0.240129,0.320194,0.076675,0.923325,0.107788,0.102016
1632,24,0.419685,0.01,0.01,0.240125,0.32019,0.076846,0.923154,0.121692,0.119926
1633,24,0.419685,0.01,0.01,0.240125,0.32019,0.077703,0.922297,0.121677,0.114473
1634,26,0.419866,0.009997,0.009997,0.24005,0.32009,0.077204,0.922796,0.116928,0.120335
1635,24,0.419863,0.01,0.01,0.240049,0.320088,0.076482,0.923518,0.123745,0.128816
1636,26,0.420071,0.009993,0.009993,0.239879,0.320064,0.076455,0.923545,0.104921,0.104711
1637,28,0.420082,0.01,0.01,0.239869,0.32005,0.076334,0.923666,0.118138,0.118652
1638,26,0.419346,0.010692,0.010001,0.239887,0.320074,0.07556,0.92444,0.136346,0.141854
1639,24,0.418959,0.010966,0.010002,0.239935,0.320138,0.075157,0.924843,0.128401,0.131029
1640,32,0.419345,0.010005,0.010005,0.240043,0.320603,0.075917,0.924083,0.099618,0.093483
1641,32,0.419214,0.009997,0.009997,0.239968,0.320825,0.076252,0.923748,0.117401,0.114409
1642,24,0.419413,0.009996,0.010017,0.239874,0.320699,0.076786,0.923214,0.11691,0.112421
1643,24,0.41981,0.009993,0.009993,0.239716,0.320488,0.077467,0.922533,0.107781,0.101964
1644,26,0.419985,0.009997,0.009997,0.239638,0.320383,0.07702,0.92298,0.113245,0.116298
1645,30,0.420124,0.009998,0.009998,0.239578,0.320303,0.07711,0.92289,0.116791,0.115669
1646,36,0.420734,0.009989,0.009989,0.239324,0.319964,0.077113,0.922887,0.090068,0.089548
1647,24,0.42036,0.010002,0.010002,0.239379,0.320256,0.076874,0.923126,0.125124,0.126484
1648,32,0.42029,0.009998,0.009998,0.239339,0.320375,0.076686,0.923314,0.124992,0.125989
1649,26,0.420162,0.010002,0.010002,0.23939,0.320444,0.076136,0.923864,0.124619,0.128478
1650,30,0.420141,0.01,0.01,0.2394,0.320458,0.07622,0.92378,0.129648,0.128535
1651,24,0.420476,0.009994,0.009994,0.239262,0.320273,0.077186,0.922814,0.10684,0.098983
1652,24,0.420657,0.009993,0.009993,0.239093,0.320265,0.07652,0.92348,0.109124,0.113705
1653,32,0.420733,0.009995,0.009995,0.238981,0.320295,0.077139,0.922861,0.105088,0.099963
1654,32,0.420676,0.009998,0.009998,0.238926,0.320402,0.077291,0.922709,0.123584,0.121961
1655,30,0.42101,0.009994,0.009994,0.238787,0.320215,0.07731,0.92269,0.09866,0.09788
1656,24,0.420932,0.010175,0.009998,0.238742,0.320154,0.076968,0.923032,0.12387,0.125987
1657,26,0.420879,0.010004,0.010004,0.238835,0.320279,0.076412,0.923588,0.124551,0.128456
1658,26,0.420671,0.01,0.01,0.23884,0.320488,0.075747,0.924253,0.125131,0.129819
1659,32,0.420626,0.010001,0.010004,0.238857,0.320512,0.075796,0.924204,0.126362,0.125585
1660,32,0.420625,0.009995,0.010095,0.238745,0.320541,0.076258,0.923742,0.12012,0.116281
1661,30,0.420444,0.010005,0.010005,0.238856,0.32069,0.076376,0.923624,0.140057,0.138689
1662,26,0.420629,0.009997,0.009997,0.238784,0.320593,0.07585,0.92415,0.116876,0.120467
1663,24,0.420626,0.01,0.01,0.238783,0.320591,0.077064,0.922936,0.11552,0.105703
1664,24,0.420295,0.010006,0.010006,0.238919,0.320774,0.076558,0.923442,0.130121,0.133638
1665,32,0.420481,0.009994,0.009994,0.238776,0.320755,0.077048,0.922952,0.103056,0.098729
1666,32,0.420341,0.010002,0.010002,0.238829,0.320826,0.077126,0.922874,0.114535,0.113508
1667,30,0.420132,0.010279,0.009999,0.238802,0.320789,0.077296,0.922704,0.131846,0.130029
1668,26,0.420249,0.010003,0.010003,0.238868,0.320878,0.07693,0.92307,0.120419,0.122848
1669,26,0.419891,0.009997,0.010554,0.238788,0.320771,0.077024,0.922976,0.12828,0.127169
1670,24,0.420723,0.009995,0.009995,0.238672,0.320615,0.077966,0.922034,0.096918,0.089164
1671,26,0.420327,0.010007,0.010007,0.238831,0.320829,0.077386,0.922614,0.129349,0.133457
1672,26,0.420207,0.010002,0.010002,0.238886,0.320903,0.076659,0.923341,0.128327,0.133517
1673,24,0.419936,0.010005,0.010005,0.238999,0.321055,0.075966,0.924034,0.128552,0.133432
1674,24,0.419422,0.010008,0.010575,0.238974,0.321021,0.07571,0.92429,0.134646,0.13619
1675,32,0.419623,0.010007,0.010007,0.239132,0.321233,0.076526,0.923474,0.111064,0.104423
1676,32,0.419493,0.010002,0.010002,0.23919,0.321312,0.076516,0.923484,0.120556,0.120175
1677,30,0.419588,0.009995,0.010176,0.239079,0.321162,0.076913,0.923087,0.115772,0.112344
1678,32,0.419616,0.010002,0.010002,0.239138,0.321241,0.077429,0.922571,0.121869,0.117425
1679,30,0.419798,0.009997,0.009997,0.239065,0.321143,0.077619,0.922381,0.116446,0.114419
1680,24,0.420193,0.009993,0.009993,0.2389,0.320921,0.078386,0.921614,0.106964,0.100384
1681,36,0.420026,0.010167,0.01,0.238894,0.320913,0.078342,0.921658,0.123528,0.12345
1682,24,0.420096,0.010002,0.010002,0.238934,0.320967,0.077955,0.922045,0.121751,0.124368
1683,30,0.420076,0.009995,0.009995,0.238802,0.321133,0.078346,0.921654,0.10766,0.104211
1684,32,0.42023,0.009997,0.009997,0.238735,0.321041,0.078601,0.921399,0.121855,0.119431
1685,30,0.4202,0.01,0.01,0.238744,0.321055,0.078819,0.921181,0.12049,0.11827
1686,30,0.420079,0.010002,0.010002,0.238795,0.321122,0.079144,0.920856,0.116354,0.113323
1687,30,0.420607,0.009991,0.009991,0.238579,0.320832,0.07915,0.92085,0.097058,0.096513
1688,26,0.420474,0.010002,0.010002,0.238626,0.320896,0.078647,0.921353,0.128312,0.131889
1689,32,0.420475,0.01,0.01,0.238627,0.320897,0.078993,0.921007,0.125339,0.122161
1690,26,0.420265,0.01,0.01,0.238631,0.321104,0.078497,0.921503,0.125131,0.128644
1691,32,0.420332,0.009996,0.009996,0.238532,0.321144,0.07848,0.92152,0.105597,0.10514
1692,32,0.42033,0.009994,0.009994,0.238397,0.321283,0.07887,0.92113,0.109293,0.105844
1693,26,0.420315,0.01,0.01,0.238399,0.321286,0.078301,0.921699,0.121053,0.125137
1694,26,0.420496,0.009997,0.009997,0.238325,0.321186,0.077862,0.922138,0.116992,0.119963
1695,26,0.420724,0.009996,0.009996,0.238229,0.321056,0.0773,0.9227,0.111972,0.115875
1696,24,0.420641,0.010048,0.01,0.238239,0.32107,0.076669,0.923331,0.131438,0.135884
1697,36,0.42088,0.009997,0.009997,0.238161,0.320965,0.076519,0.923481,0.109805,0.110547
1698,32,0.421035,0.009997,0.009997,0.238095,0.320875,0.077135,0.922865,0.107794,0.102672
1699,32,0.421147,0.009998,0.009998,0.238047,0.320811,0.077255,0.922745,0.113783,0.112458
1700,24,0.420781,0.010002,0.010002,0.238105,0.321109,0.076217,0.923783,0.131266,0.138797
1701,32,0.421344,0.00999,0.00999,0.237876,0.320799,0.076703,0.923297,0.08929,0.085125
1702,32,0.421587,0.009995,0.009995,0.237768,0.320654,0.077373,0.922627,0.104776,0.099083
1703,24,0.421436,0.010002,0.010002,0.237826,0.320733,0.076968,0.923032,0.130957,0.133645
1704,30,0.421606,0.009997,0.009997,0.237759,0.320641,0.077731,0.922269,0.115824,0.109518
1705,26,0.421424,0.010003,0.010003,0.237831,0.320739,0.077386,0.922614,0.129768,0.132082
1706,26,0.421216,0.01,0.01,0.237836,0.320948,0.076873,0.923127,0.125099,0.128666
1707,24,0.421476,0.009993,0.010161,0.23766,0.32071,0.076756,0.923244,0.111288,0.111683
1708,32,0.421794,0.009997,0.009997,0.237593,0.320619,0.077071,0.922929,0.109454,0.106528
1709,24,0.421594,0.010003,0.010455,0.23748,0.320468,0.076898,0.923102,0.129844,0.130692
1710,26,0.422017,0.010001,0.010001,0.237495,0.320487,0.076407,0.923593,0.111939,0.115277
1711,24,0.421746,0.010005,0.010005,0.237607,0.320638,0.075747,0.924253,0.128566,0.133193
1712,24,0.422032,0.009993,0.010116,0.237442,0.320417,0.076406,0.923594,0.113015,0.10753
1713,30,0.422172,0.009996,0.009996,0.237358,0.320478,0.076663,0.923337,0.113086,0.110667
1714,32,0.421756,0.009999,0.009999,0.237323,0.320924,0.076633,0.923367,0.130077,0.129882
1715,24,0.421483,0.010005,0.010005,0.237434,0.321074,0.07591,0.92409,0.128557,0.13367
1716,24,0.421639,0.009997,0.009997,0.237374,0.320993,0.076106,0.923894,0.118641,0.116784
1717,32,0.421593,0.010001,0.010001,0.23739,0.321016,0.076018,0.923982,0.121902,0.122136
1718,24,0.42117,0.010004,0.010004,0.237474,0.321348,0.075505,0.924495,0.126601,0.130063
1719,36,0.421018,0.01,0.01,0.237477,0.321505,0.075554,0.924446,0.121999,0.121195
1720,24,0.420687,0.010006,0.010006,0.237613,0.321689,0.075267,0.924733,0.130074,0.131851
1721,24,0.42042,0.010005,0.010005,0.237727,0.321844,0.074592,0.925408,0.128638,0.133337
1722,24,0.420118,0.010004,0.010082,0.237823,0.321973,0.074385,0.925615,0.134686,0.13584
1723,24,0.420064,0.009999,0.009999,0.23779,0.322149,0.073626,0.926374,0.120493,0.125684
1724,26,0.419852,0.01,0.01,0.237793,0.322355,0.073107,0.926893,0.125116,0.128577
1725,30,0.419813,0.009997,0.009997,0.237731,0.322462,0.073004,0.926996,0.116512,0.116856
1726,32,0.4196,0.01,0.01,0.237742,0.322657,0.073067,0.926933,0.11167,0.110788
1727,32,0.419715,0.009998,0.009998,0.237695,0.322594,0.073225,0.926775,0.107584,0.106079
1728,36,0.419542,0.01,0.01019,0.237686,0.322582,0.073639,0.926361,0.130493,0.127068
1729,30,0.41902,0.010544,0.010124,0.23763,0.322681,0.073261,0.926739,0.138041,0.140421
1730,30,0.418348,0.011166,0.010571,0.237462,0.322452,0.073317,0.926683,0.139842,0.139048
1731,30,0.418902,0.010017,0.010017,0.237868,0.323196,0.073115,0.926885,0.119209,0.120235
1732,24,0.418403,0.010456,0.010115,0.237852,0.323174,0.073149,0.926851,0.128372,0.127754
1733,24,0.418362,0.010026,0.01001,0.238096,0.323506,0.072681,0.927319,0.13474,0.137815
1734,24,0.418497,0.009995,0.009995,0.237966,0.323548,0.07375,0.92625,0.107339,0.099065
1735,28,0.418245,0.010004,0.010004,0.238065,0.323682,0.073253,0.926747,0.12904,0.132353
1736,30,0.418401,0.009997,0.010037,0.237988,0.323578,0.073522,0.926478,0.115801,0.113345
1737,38,0.418185,0.009999,0.009999,0.237971,0.323845,0.073564,0.926436,0.12259,0.121797
1738,32,0.417893,0.009999,0.009999,0.237959,0.324149,0.073619,0.926381,0.106655,0.105826
1739,30,0.418173,0.009995,0.009995,0.237844,0.323993,0.073759,0.926241,0.113955,0.11236
1740,36,0.417954,0.010142,0.009999,0.237808,0.324098,0.074028,0.925972,0.128797,0.126405
1741,26,0.417928,0.010003,0.010003,0.237876,0.32419,0.07337,0.92663,0.123703,0.128145
1742,30,0.418134,0.009997,0.009997,0.237794,0.324078,0.07309,0.92691,0.105386,0.106906
1743,32,0.41772,0.010147,0.010716,0.237602,0.323816,0.073574,0.926426,0.126268,0.122345
1744,32,0.417945,0.010011,0.010011,0.237862,0.324171,0.073638,0.926362,0.114385,0.113493
1745,24,0.418166,0.009997,0.009997,0.237781,0.32406,0.073725,0.926275,0.116962,0.115935
1746,26,0.417952,0.01,0.01,0.237783,0.324265,0.073217,0.926783,0.125073,0.128452
1747,26,0.417942,0.01,0.01,0.237787,0.324271,0.072853,0.927147,0.11916,0.121462
1748,30,0.417484,0.009999,0.009999,0.237763,0.324755,0.072726,0.927274,0.118907,0.119386
1749,30,0.417389,0.010002,0.010002,0.237801,0.324807,0.073263,0.926737,0.121983,0.117635
1750,24,0.41767,0.009995,0.009995,0.237687,0.324652,0.073693,0.926307,0.104389,0.100681
1751,24,0.417789,0.009998,0.009998,0.237635,0.324581,0.073299,0.926701,0.114292,0.116765
1752,32,0.417743,0.010001,0.010001,0.237652,0.324604,0.073551,0.926449,0.126495,0.12429
1753,32,0.417326,0.010334,0.009998,0.237615,0.324726,0.073271,0.926729,0.137826,0.139513
1754,26,0.417366,0.010039,0.010004,0.237721,0.32487,0.072951,0.927049,0.123636,0.125533
1755,24,0.417111,0.010005,0.010005,0.237843,0.325037,0.072209,0.927791,0.12645,0.131478
1756,26,0.417213,0.009998,0.009998,0.237805,0.324985,0.072217,0.927783,0.114496,0.114103
1757,26,0.417448,0.009996,0.009996,0.237708,0.324852,0.071815,0.928185,0.115535,0.118075
1758,24,0.417476,0.009996,0.009996,0.237604,0.324929,0.071417,0.928583,0.110865,0.113299
1759,24,0.417502,0.009992,0.009992,0.237411,0.325103,0.071338,0.928662,0.110148,0.110296
1760,36,0.41734,0.01,0.01,0.237408,0.325252,0.071676,0.928324,0.120702,0.117866
1761,36,0.417276,0.009998,0.009998,0.237372,0.325356,0.071924,0.928076,0.127231,0.125054
1762,24,0.417398,0.009998,0.009998,0.237321,0.325285,0.071257,0.928743,0.114378,0.118728
1763,30,0.417105,0.010002,0.010002,0.237367,0.325524,0.071559,0.928441,0.127346,0.12481
1764,30,0.416887,0.010004,0.010004,0.237457,0.325648,0.071426,0.928574,0.130094,0.13072
1765,24,0.416397,0.010306,0.01,0.237446,0.325851,0.071065,0.928935,0.131144,0.133302
1766,24,0.416737,0.009999,0.009999,0.237432,0.325832,0.071014,0.928986,0.117136,0.117122
1767,24,0.416736,0.01,0.01,0.237432,0.325832,0.072164,0.927836,0.115471,0.106808
1768,30,0.416459,0.009999,0.009999,0.237405,0.326138,0.071395,0.928605,0.118093,0.123177
1769,26,0.416193,0.010001,0.010001,0.23743,0.326375,0.070828,0.929172,0.126502,0.130225
1770,30,0.415901,0.010002,0.010002,0.237479,0.326616,0.070964,0.929036,0.127326,0.125985
1771,26,0.415692,0.01,0.01,0.237483,0.326824,0.07046,0.92954,0.125051,0.128295
1772,30,0.414931,0.010665,0.010445,0.237263,0.326696,0.07042,0.92958,0.137031,0.136977
1773,32,0.415534,0.010009,0.010009,0.237469,0.32698,0.070611,0.929389,0.103069,0.101298
1774,30,0.415348,0.009998,0.009998,0.237413,0.327244,0.070333,0.929667,0.112222,0.113781
1775,24,0.41498,0.010002,0.010002,0.237471,0.327544,0.069912,0.930088,0.125062,0.127668
1776,30,0.415153,0.009997,0.009997,0.237403,0.32745,0.069811,0.930189,0.115847,0.116225
1777,30,0.415213,0.009999,0.009999,0.237376,0.327413,0.069901,0.930099,0.123932,0.122903
1778,30,0.415382,0.009997,0.009997,0.237307,0.327317,0.070145,0.929855,0.115837,0.113753
1779,32,0.415335,0.010001,0.010001,0.237323,0.32734,0.070521,0.929479,0.117097,0.114112
1780,24,0.415213,0.010037,0.010261,0.23725,0.327239,0.07019,0.92981,0.123849,0.12574
1781,30,0.415437,0.010001,0.010001,0.23728,0.327281,0.070298,0.929702,0.116607,0.115528
1782,30,0.413981,0.011444,0.011483,0.236663,0.326429,0.070353,0.929647,0.139679,0.138953
1783,24,0.414128,0.011047,0.010895,0.237015,0.326915,0.070132,0.929868,0.12847,0.129666
1784,26,0.415343,0.010012,0.010012,0.23731,0.327322,0.070152,0.929848,0.103233,0.102698
1785,24,0.415051,0.010002,0.010002,0.23735,0.327596,0.06998,0.93002,0.123041,0.123904
1786,36,0.415274,0.009996,0.009996,0.237261,0.327473,0.06997,0.93003,0.10855,0.10829
1787,24,0.415166,0.009997,0.010257,0.237196,0.327384,0.06958,0.93042,0.123865,0.12617
1788,26,0.414793,0.010007,0.010007,0.237369,0.327824,0.068674,0.931326,0.131809,0.137786
1789,32,0.414593,0.010004,0.010004,0.237456,0.327944,0.068511,0.931489,0.125771,0.12659
1790,26,0.415369,0.009987,0.009987,0.237144,0.327513,0.068499,0.931501,0.090479,0.090145
1791,36,0.41518,0.010003,0.010003,0.23721,0.327605,0.068162,0.931838,0.127831,0.129829
1792,26,0.414804,0.010549,0.010048,0.237119,0.327479,0.068089,0.931911,0.128187,0.128369
1793,24,0.415177,0.010004,0.010004,0.23721,0.327605,0.067551,0.932449,0.114355,0.117592
1794,30,0.414419,0.010598,0.010689,0.236991,0.327303,0.067792,0.932208,0.129828,0.127896
1795,32,0.415338,0.010006,0.010006,0.237141,0.327509,0.067872,0.932128,0.091087,0.090156
1796,30,0.415123,0.010004,0.010004,0.237233,0.327636,0.067424,0.932576,0.130127,0.132799
1797,30,0.415305,0.009997,0.009997,0.237162,0.327539,0.0673,0.9327,0.107585,0.108036
1798,24,0.415793,0.009992,0.009992,0.236962,0.327262,0.067675,0.932325,0.106371,0.103503
1799,30,0.415854,0.009999,0.009999,0.23693,0.327219,0.067468,0.932532,0.119846,0.120931
1800,32,0.415857,0.009994,0.009994,0.236798,0.327356,0.067916,0.932084,0.109306,0.105984
1801,32,0.41594,0.009995,0.009995,0.23669,0.327379,0.068321,0.931679,0.115338,0.112239
1802,26,0.41581,0.010002,0.010002,0.236739,0.327447,0.067612,0.932388,0.12842,0.132935
1803,24,0.415812,0.01,0.01,0.23674,0.327448,0.068843,0.931157,0.115511,0.106696
1804,30,0.415828,0.009996,0.009996,0.236656,0.327524,0.069114,0.930886,0.109399,0.107185
1805,24,0.41555,0.010005,0.010005,0.236765,0.327675,0.068448,0.931552,0.134761,0.139057
1806,32,0.415503,0.009998,0.009998,0.236715,0.327786,0.068307,0.931693,0.123625,0.124285
1807,30,0.415407,0.010002,0.010002,0.236753,0.327837,0.068368,0.931632,0.122007,0.121225
1808,30,0.415751,0.009994,0.009994,0.236614,0.327646,0.068493,0.931507,0.099142,0.097805
1809,26,0.41562,0.010002,0.010002,0.236663,0.327713,0.06799,0.93201,0.12461,0.127775
1810,26,0.415512,0.009995,0.009995,0.236545,0.327954,0.068233,0.931767,0.112255,0.110227
1811,24,0.414874,0.010841,0.010015,0.236449,0.327821,0.067873,0.932127,0.134565,0.136675
1812,38,0.415488,0.010004,0.010004,0.236547,0.327957,0.067969,0.932031,0.113594,0.112647
1813,30,0.415468,0.009995,0.009995,0.23642,0.328122,0.068095,0.931905,0.108471,0.107271
1814,30,0.415148,0.010234,0.010001,0.236451,0.328166,0.067817,0.932183,0.129934,0.131474
1815,24,0.415523,0.009998,0.009998,0.236395,0.328087,0.067262,0.932738,0.111013,0.114405
1816,36,0.415476,0.009996,0.009996,0.236299,0.328233,0.068311,0.931689,0.107313,0.099884
1817,34,0.415387,0.010001,0.010001,0.236332,0.328279,0.068903,0.931097,0.116108,0.111738
1818,30,0.415558,0.009997,0.009997,0.236264,0.328184,0.069645,0.930355,0.115834,0.110382
1819,32,0.415531,0.010057,0.009999,0.236249,0.328163,0.069924,0.930076,0.125187,0.122889
1820,36,0.415348,0.009999,0.009999,0.236233,0.32842,0.070219,0.929781,0.117303,0.114848
1821,24,0.414938,0.010253,0.010074,0.236267,0.328467,0.070031,0.929969,0.134616,0.135572
1822,24,0.415287,0.01,0.01,0.236259,0.328455,0.069985,0.930015,0.117146,0.117147
1823,30,0.415419,0.009994,0.009994,0.236128,0.328465,0.06999,0.93001,0.112822,0.112408
1824,30,0.415392,0.009994,0.009994,0.235996,0.328623,0.06991,0.93009,0.101895,0.102078
1825,32,0.415419,0.009999,0.009999,0.235981,0.328602,0.069093,0.930907,0.127713,0.133073
1826,24,0.415213,0.010234,0.010257,0.235861,0.328435,0.068366,0.931634,0.123833,0.128439
1827,30,0.4154,0.010115,0.010003,0.235939,0.328543,0.067951,0.932049,0.119726,0.12219
1828,24,0.415083,0.010004,0.010004,0.236026,0.328883,0.067387,0.932613,0.122941,0.126453
1829,26,0.415193,0.009998,0.009998,0.235984,0.328826,0.06677,0.93323,0.118,0.121828
1830,26,0.415053,0.009999,0.009999,0.235958,0.328991,0.066154,0.933846,0.124286,0.128036
1831,24,0.414719,0.010006,0.010006,0.236092,0.329178,0.065785,0.934215,0.129986,0.132114
1832,32,0.414809,0.009996,0.009996,0.235988,0.329212,0.066084,0.933916,0.11896,0.116704
1833,24,0.414474,0.010139,0.010003,0.236064,0.329319,0.065394,0.934606,0.134664,0.138921
1834,26,0.414601,0.01,0.01,0.236071,0.329328,0.064793,0.935207,0.112287,0.115884
1835,30,0.414673,0.009995,0.010232,0.235946,0.329154,0.065109,0.934891,0.115775,0.113448
1836,24,0.414484,0.010007,0.010026,0.236106,0.329377,0.065056,0.934944,0.134725,0.134781
1837,24,0.414223,0.010005,0.010005,0.236224,0.329543,0.064726,0.935274,0.128573,0.130443
1838,26,0.414328,0.009995,0.009995,0.236105,0.329578,0.064265,0.935735,0.113853,0.116508
1839,30,0.414401,0.009999,0.009999,0.236071,0.329531,0.064177,0.935823,0.108325,0.10845
1840,30,0.414305,0.010002,0.010002,0.236109,0.329583,0.064121,0.935879,0.122169,0.122207
1841,32,0.414641,0.009994,0.009994,0.235974,0.329396,0.064372,0.935628,0.096795,0.094818
1842,24,0.41485,0.009996,0.009996,0.235886,0.329272,0.064464,0.935536,0.11698,0.116094
1843,32,0.414899,0.009994,0.009994,0.235734,0.32938,0.064718,0.935282,0.098587,0.09668
1844,30,0.414989,0.009998,0.009998,0.235692,0.329322,0.065002,0.934998,0.119041,0.116882
1845,24,0.414615,0.010021,0.010002,0.235746,0.329616,0.064222,0.935778,0.131149,0.135904
1846,24,0.414628,0.01,0.01,0.23575,0.329622,0.0635,0.9365,0.123922,0.128193
1847,24,0.414419,0.01,0.01,0.235746,0.329835,0.062878,0.937122,0.123386,0.12703
1848,24,0.413994,0.010004,0.010004,0.235829,0.33017,0.062368,0.937632,0.126576,0.129526
1849,32,0.414157,0.009997,0.009997,0.235766,0.330082,0.062398,0.937602,0.108006,0.107578
1850,30,0.413935,0.010004,0.010004,0.235853,0.330204,0.062112,0.937888,0.130145,0.131632
1851,24,0.413582,0.010057,0.010005,0.235977,0.330378,0.061562,0.938438,0.129934,0.13308
1852,24,0.413644,0.009996,0.009996,0.23589,0.330474,0.061488,0.938512,0.114456,0.114586
1853,30,0.413547,0.010002,0.010002,0.235926,0.330524,0.06196,0.93804,0.122161,0.118946
1854,24,0.413273,0.010005,0.010005,0.236037,0.330681,0.061524,0.938476,0.128503,0.130925
1855,24,0.413217,0.010001,0.010001,0.236063,0.330717,0.061796,0.938204,0.123188,0.121245
1856,24,0.412943,0.010005,0.010005,0.236175,0.330873,0.061343,0.938657,0.13471,0.137253
1857,30,0.413121,0.009994,0.009994,0.236037,0.330855,0.062244,0.937756,0.110122,0.104305
1858,30,0.413037,0.009998,0.009998,0.235989,0.330979,0.062506,0.937494,0.126492,0.124542
1859,32,0.412699,0.01,0.01,0.235997,0.331303,0.062788,0.937212,0.118491,0.116469
1860,32,0.412493,0.010004,0.010004,0.23608,0.33142,0.062617,0.937383,0.124243,0.125064
1861,26,0.412412,0.009998,0.009998,0.236034,0.331557,0.062271,0.937729,0.117262,0.119167
1862,24,0.412414,0.01,0.01,0.236032,0.331554,0.061574,0.938426,0.11573,0.119695
1863,24,0.412817,0.009989,0.009989,0.235782,0.331422,0.061554,0.938446,0.102887,0.102685
1864,24,0.412443,0.010002,0.010002,0.235836,0.331717,0.06121,0.93879,0.122988,0.124852
1865,30,0.412521,0.009999,0.009999,0.235806,0.331675,0.061014,0.938986,0.118475,0.119399
1866,26,0.412802,0.009995,0.009995,0.235693,0.331515,0.061053,0.938947,0.113764,0.113258
1867,38,0.412649,0.01,0.01,0.23569,0.331662,0.061097,0.938903,0.121834,0.121328
1868,24,0.412281,0.010741,0.009994,0.235537,0.331447,0.060281,0.939719,0.131336,0.136027
1869,24,0.412535,0.010004,0.010004,0.235642,0.331814,0.060019,0.939981,0.111917,0.113219
1870,24,0.412449,0.009998,0.009998,0.235592,0.331963,0.05964,0.94036,0.120306,0.12233
1871,32,0.412435,0.010182,0.010119,0.235472,0.331793,0.059888,0.940112,0.122821,0.121089
1872,30,0.412338,0.010007,0.010007,0.235631,0.332017,0.060256,0.939744,0.1235,0.121037
1873,24,0.412254,0.009998,0.009998,0.235583,0.332168,0.06022,0.93978,0.118269,0.118218
1874,30,0.412161,0.009996,0.009996,0.235481,0.332366,0.060535,0.939465,0.109122,0.106927
1875,30,0.411582,0.009995,0.010856,0.235365,0.332202,0.060566,0.939434,0.139875,0.139458
1876,32,0.412008,0.010004,0.010004,0.235466,0.332517,0.060581,0.939419,0.10565,0.105209
1877,26,0.412324,0.009995,0.009995,0.235343,0.332343,0.060168,0.939832,0.114856,0.117036
1878,26,0.412914,0.00999,0.00999,0.235103,0.332004,0.06017,0.93983,0.102563,0.102237
1879,24,0.412923,0.009986,0.010766,0.234779,0.331546,0.060902,0.939098,0.113154,0.108397
1880,24,0.412869,0.009999,0.010889,0.234745,0.331499,0.060731,0.939269,0.123888,0.124634
1881,38,0.411875,0.010879,0.011486,0.234545,0.331216,0.06081,0.93919,0.139762,0.139035
1882,24,0.413216,0.01001,0.010464,0.234773,0.331538,0.061194,0.938806,0.104912,0.102257
1883,24,0.413136,0.010009,0.010009,0.234994,0.331851,0.060523,0.939477,0.134729,0.138592
1884,24,0.412809,0.010006,0.010006,0.235133,0.332046,0.060202,0.939798,0.130075,0.131763
1885,24,0.412539,0.010005,0.010005,0.235246,0.332206,0.059806,0.940194,0.128551,0.130692
1886,24,0.412673,0.009998,0.009998,0.235196,0.332136,0.059269,0.940731,0.111928,0.114834
1887,30,0.412451,0.010004,0.010004,0.235283,0.332259,0.05927,0.94073,0.129981,0.129688
1888,30,0.412454,0.01,0.01,0.235285,0.332261,0.059986,0.940014,0.113122,0.108581
1889,24,0.412119,0.010006,0.010006,0.235419,0.332451,0.059268,0.940732,0.127915,0.131965
1890,30,0.412028,0.010002,0.010002,0.23546,0.332508,0.059554,0.940446,0.132035,0.130055
1891,24,0.411754,0.010005,0.010005,0.235571,0.332665,0.05921,0.94079,0.134665,0.13644
1892,24,0.411699,0.010001,0.010001,0.235597,0.332702,0.058687,0.941313,0.123289,0.126127
1893,30,0.411577,0.010002,0.010002,0.235647,0.332772,0.059007,0.940993,0.123092,0.12097
1894,30,0.411358,0.010004,0.010004,0.235736,0.332899,0.058793,0.941207,0.129997,0.130973
1895,24,0.411575,0.009996,0.009996,0.235652,0.33278,0.058743,0.941257,0.117001,0.117038
1896,24,0.410996,0.010159,0.010566,0.235589,0.332691,0.058621,0.941379,0.134575,0.135039
1897,30,0.411114,0.009996,0.01066,0.235489,0.332742,0.05884,0.94116,0.12273,0.121191
1898,32,0.411374,0.010007,0.010007,0.235647,0.332965,0.059256,0.940744,0.115737,0.113038
1899,24,0.411014,0.010003,0.010003,0.23571,0.333272,0.058178,0.941822,0.13115,0.137247
1900,26,0.410888,0.010002,0.010002,0.235762,0.333345,0.057702,0.942298,0.128256,0.130817
1901,30,0.410547,0.01,0.01,0.235763,0.333689,0.05751,0.94249,0.121442,0.122322
1902,32,0.411013,0.009992,0.009992,0.235577,0.333426,0.057516,0.942484,0.104964,0.104661
1903,26,0.410796,0.01,0.01,0.235577,0.333627,0.057184,0.942816,0.121228,0.122917
1904,30,0.410889,0.009995,0.009995,0.235463,0.333658,0.057108,0.942892,0.112962,0.113188
1905,30,0.411057,0.009997,0.009997,0.235392,0.333557,0.057292,0.942708,0.116026,0.114776
1906,24,0.411245,0.009993,0.009993,0.235227,0.333542,0.056744,0.943256,0.107518,0.110371
1907,26,0.410945,0.009998,0.009998,0.23518,0.333879,0.056289,0.943711,0.121902,0.124263
1908,24,0.411071,0.009998,0.009998,0.235128,0.333805,0.055699,0.944301,0.11431,0.117349
1909,30,0.410946,0.010002,0.010002,0.235176,0.333874,0.055659,0.944341,0.132992,0.132968
1910,24,0.410582,0.010003,0.010003,0.235236,0.334177,0.054944,0.945056,0.12495,0.128662
1911,26,0.410614,0.01,0.01,0.235225,0.334162,0.054342,0.945658,0.114818,0.11788
1912,26,0.410162,0.010008,0.010008,0.235405,0.334418,0.053874,0.946126,0.126824,0.129175
1913,24,0.409802,0.010003,0.010003,0.235468,0.334725,0.053671,0.946329,0.124917,0.125805
1914,36,0.409568,0.009997,0.009997,0.235389,0.33505,0.053823,0.946177,0.114592,0.113565
1915,30,0.409469,0.010002,0.010002,0.235425,0.335102,0.054594,0.945406,0.115545,0.111147
1916,24,0.409513,0.009999,0.009999,0.235409,0.335079,0.053995,0.946005,0.115345,0.118361
1917,24,0.409513,0.01,0.01,0.235409,0.335079,0.055146,0.944854,0.115445,0.108962
1918,32,0.409177,0.01,0.01,0.235418,0.335404,0.055182,0.944818,0.134068,0.133654
1919,24,0.409306,0.009998,0.009998,0.235367,0.335332,0.05481,0.94519,0.114362,0.116159
1920,30,0.40878,0.010022,0.010769,0.235115,0.335313,0.05465,0.94535,0.128508,0.129157
1921,30,0.409093,0.010001,0.010448,0.235127,0.335331,0.054895,0.945105,0.11585,0.114287
1922,26,0.409376,0.010003,0.010003,0.235193,0.335425,0.054945,0.945055,0.114516,0.114053
1923,30,0.409283,0.010002,0.010002,0.235232,0.335481,0.055224,0.944776,0.121939,0.120168
1924,26,0.409157,0.010002,0.010002,0.235284,0.335555,0.055376,0.944624,0.128335,0.127308
1925,32,0.408908,0.010108,0.010003,0.235343,0.335639,0.055243,0.944757,0.124094,0.124616
1926,24,0.408676,0.010006,0.010006,0.235479,0.335833,0.054921,0.945079,0.128542,0.130109
1927,32,0.408552,0.009997,0.009997,0.235406,0.336048,0.055004,0.944996,0.103044,0.102365
1928,24,0.408466,0.009998,0.009998,0.235351,0.336188,0.054683,0.945317,0.120486,0.121964
1929,24,0.408183,0.010014,0.010005,0.235458,0.336341,0.053605,0.946395,0.134621,0.140229
1930,24,0.40819,0.01,0.01,0.235462,0.336347,0.052882,0.947118,0.123733,0.127353
1931,24,0.408101,0.009998,0.009998,0.235411,0.336493,0.052155,0.947845,0.12639,0.130033
1932,24,0.40804,0.010001,0.010001,0.235433,0.336525,0.051767,0.948233,0.125265,0.127088
1933,38,0.407433,0.010001,0.010001,0.235453,0.337112,0.051939,0.948061,0.115721,0.11464
1934,32,0.407522,0.009995,0.009995,0.235347,0.33714,0.051865,0.948135,0.103613,0.103818
1935,24,0.407928,0.009989,0.009989,0.235096,0.336998,0.052069,0.947931,0.103038,0.101766
1936,32,0.407,0.011215,0.010994,0.23456,0.336231,0.051867,0.948133,0.135883,0.136733
1937,30,0.407904,0.010393,0.010165,0.234867,0.336671,0.051769,0.948231,0.107365,0.107636
1938,24,0.40863,0.009997,0.009997,0.2348,0.336575,0.051716,0.948284,0.106378,0.106392
1939,24,0.408633,0.01,0.01,0.234797,0.33657,0.051319,0.948681,0.124026,0.125858
1940,32,0.408431,0.009998,0.009998,0.23475,0.336823,0.051121,0.948879,0.119326,0.120118
1941,26,0.408219,0.01,0.01,0.234752,0.337028,0.050971,0.949029,0.119322,0.119917
1942,24,0.408116,0.010107,0.01,0.234751,0.337026,0.050562,0.949438,0.123083,0.124958
1943,32,0.408252,0.009997,0.009997,0.234672,0.337083,0.051031,0.948969,0.115323,0.112753
1944,26,0.408039,0.01,0.01,0.234673,0.337288,0.050698,0.949302,0.11935,0.120872
1945,30,0.408109,0.009995,0.010054,0.234546,0.337296,0.051714,0.948286,0.112856,0.107513
1946,36,0.407835,0.009998,0.009998,0.234501,0.337668,0.051685,0.948315,0.118421,0.118335
1947,26,0.407352,0.010005,0.010005,0.23461,0.338028,0.051302,0.948698,0.131665,0.13346
1948,30,0.40726,0.010002,0.010002,0.23465,0.338086,0.051264,0.948736,0.121991,0.121986
1949,24,0.407545,0.009995,0.009995,0.234539,0.337925,0.05061,0.94939,0.119279,0.122401
1950,32,0.407206,0.01,0.01,0.234546,0.338247,0.050752,0.949248,0.119962,0.119066
1951,30,0.40711,0.010002,0.010002,0.234584,0.338302,0.051038,0.948962,0.121982,0.120329
1952,30,0.407285,0.009997,0.009997,0.234516,0.338205,0.050969,0.949031,0.125792,0.125932
1953,38,0.407499,0.009992,0.009992,0.234323,0.338194,0.051399,0.948601,0.091432,0.089052
1954,32,0.407995,0.009991,0.009991,0.23412,0.337902,0.051531,0.948469,0.093307,0.092402
1955,24,0.408055,0.009995,0.009995,0.234003,0.337951,0.051784,0.948216,0.115078,0.113577
1956,24,0.408057,0.01,0.01,0.233999,0.337945,0.051291,0.948709,0.115721,0.118055
1957,24,0.408462,0.009993,0.009993,0.233838,0.337714,0.050683,0.949317,0.102013,0.104856
1958,26,0.407721,0.010824,0.009998,0.233799,0.337657,0.050344,0.949656,0.134755,0.136293
1959,32,0.407584,0.01083,0.010705,0.233564,0.337317,0.050871,0.949129,0.121674,0.118858
1960,24,0.408164,0.010012,0.010012,0.233855,0.337956,0.050189,0.949811,0.111901,0.115146
1961,26,0.407727,0.010125,0.010006,0.23399,0.338152,0.05,0.95,0.129099,0.131999
1962,30,0.407631,0.009998,0.009998,0.233935,0.338438,0.050301,0.949699,0.113788,0.112106
1963,24,0.407738,0.009994,0.009994,0.233805,0.338469,0.05,0.95,0.108573,0.110662
1964,30,0.407906,0.009997,0.009997,0.233734,0.338366,0.050091,0.949909,0.116033,0.115397
1965,32,0.407625,0.010002,0.010002,0.233775,0.338597,0.05,0.95,0.137839,0.139034
1966,24,0.407627,0.01,0.01,0.233775,0.338598,0.051231,0.948769,0.115531,0.109124
1967,34,0.407779,0.009997,0.009997,0.233715,0.338511,0.051648,0.948352,0.109528,0.107221
1968,26,0.407649,0.010002,0.010002,0.233765,0.338582,0.050998,0.949002,0.128288,0.131476
1969,30,0.407308,0.01,0.01,0.233766,0.338925,0.050831,0.949169,0.121344,0.122026
1970,24,0.407525,0.009996,0.009996,0.233681,0.338802,0.050809,0.949191,0.117106,0.11701
1971,30,0.407103,0.010032,0.010748,0.233532,0.338585,0.051139,0.948861,0.131785,0.129905
1972,24,0.407054,0.01001,0.01001,0.233772,0.339153,0.050447,0.949553,0.125,0.12835
1973,32,0.407164,0.009997,0.010058,0.233713,0.339067,0.050021,0.949979,0.111169,0.113123
1974,32,0.407324,0.009995,0.009995,0.233601,0.339084,0.050307,0.949693,0.103662,0.10208
1975,24,0.407878,0.00999,0.00999,0.233379,0.338762,0.050655,0.949345,0.104894,0.102937
1976,32,0.408369,0.009991,0.009991,0.233178,0.33847,0.050933,0.949067,0.102058,0.100495
1977,26,0.40828,0.009998,0.009998,0.233127,0.338598,0.050187,0.949813,0.122896,0.126502
1978,24,0.408352,0.009993,0.01034,0.23296,0.338355,0.05124,0.94876,0.110846,0.105362
1979,24,0.408616,0.010001,0.010001,0.232987,0.338395,0.050796,0.949204,0.114339,0.116375
1980,30,0.408975,0.009994,0.009994,0.232846,0.33819,0.051456,0.948544,0.096917,0.093331
1981,30,0.408649,0.010002,0.010002,0.232901,0.338445,0.051436,0.948564,0.121469,0.12137
1982,24,0.408994,0.009994,0.009994,0.232767,0.33825,0.052083,0.947917,0.113135,0.109572
1983,32,0.408852,0.010002,0.010002,0.232819,0.338325,0.052227,0.947773,0.129728,0.128771
1984,24,0.40868,0.010202,0.009996,0.232721,0.338401,0.051376,0.948624,0.126351,0.130592
1985,32,0.408859,0.01,0.01,0.232728,0.338412,0.051487,0.948513,0.120338,0.119586
1986,32,0.408741,0.009999,0.009999,0.232704,0.338557,0.051545,0.948455,0.123649,0.123166
1987,30,0.408519,0.010004,0.010004,0.232791,0.338683,0.052069,0.947931,0.129994,0.127081
1988,34,0.408357,0.009998,0.009998,0.232739,0.338908,0.052218,0.947782,0.114136,0.113156
1989,32,0.408513,0.009997,0.010008,0.232672,0.33881,0.053111,0.946889,0.107804,0.102949
1990,24,0.408238,0.010005,0.010005,0.232782,0.338971,0.052636,0.947364,0.128362,0.130674
1991,24,0.408012,0.010001,0.010194,0.232798,0.338995,0.052276,0.947724,0.130887,0.132566
1992,30,0.408191,0.01,0.01,0.232805,0.339004,0.051719,0.948281,0.119076,0.121773
1993,32,0.408057,0.010177,0.010146,0.232728,0.338893,0.051309,0.948691,0.136116,0.138066
1994,32,0.408398,0.01,0.01,0.232721,0.338882,0.051783,0.948217,0.106413,0.103787
1995,26,0.40827,0.010002,0.010002,0.232771,0.338955,0.05152,0.94848,0.122653,0.123819
1996,32,0.408696,0.009993,0.009993,0.232605,0.338713,0.051611,0.948389,0.090786,0.09009
1997,24,0.408691,0.01,0.01,0.232602,0.338708,0.05275,0.94725,0.115435,0.109307
1998,26,0.408708,0.009996,0.009996,0.232515,0.338784,0.053018,0.946982,0.111331,0.109741
1999,26,0.408494,0.01,0.01,0.232517,0.338989,0.052528,0.947472,0.125038,0.127457
2000,24,0.40871,0.009996,0.009996,0.232432,0.338865,0.05364,0.94636,0.110877,0.104799
2001,30,0.408533,0.01,0.01,0.232424,0.339044,0.053935,0.946065,0.119048,0.117207
2002,26,0.409012,0.009992,0.009992,0.232235,0.338769,0.053275,0.946725,0.105368,0.108662
2003,24,0.409502,0.009991,0.009991,0.232036,0.338479,0.053201,0.946799,0.106471,0.106608
2004,24,0.409495,0.01,0.01,0.232032,0.338473,0.054108,0.945892,0.121704,0.116575
2005,24,0.409622,0.009998,0.009998,0.231982,0.3384,0.053736,0.946264,0.114316,0.116095
2006,24,0.409836,0.009996,0.009996,0.231897,0.338275,0.054888,0.945112,0.108823,0.102345
2007,24,0.409833,0.01,0.01,0.231895,0.338273,0.056,0.944,0.113383,0.106996
2008,30,0.409857,0.009997,0.010125,0.231835,0.338186,0.056604,0.943396,0.111661,0.108029
2009,30,0.409812,0.010003,0.010003,0.231901,0.338281,0.056594,0.943406,0.115459,0.115261
2010,24,0.409538,0.010005,0.010005,0.232011,0.338442,0.056163,0.943837,0.128441,0.130653
2011,24,0.409393,0.009999,0.009999,0.231986,0.338624,0.055712,0.944288,0.121793,0.124101
2012,30,0.409218,0.01,0.01,0.231978,0.338804,0.056388,0.943612,0.119061,0.115041
2013,30,0.408901,0.010002,0.010002,0.232034,0.33906,0.056226,0.943774,0.137206,0.137872
2014,24,0.408626,0.010005,0.010005,0.232144,0.339221,0.055825,0.944175,0.128455,0.130495
2015,36,0.408167,0.010005,0.010005,0.232268,0.339555,0.055685,0.944315,0.130173,0.130727
2016,30,0.408344,0.009997,0.009997,0.232202,0.339459,0.056681,0.943319,0.116042,0.110244
2017,24,0.408064,0.010005,0.010005,0.23231,0.339617,0.055963,0.944037,0.126392,0.130225
2018,26,0.408469,0.009993,0.009993,0.232155,0.33939,0.0553,0.9447,0.106266,0.109688
2019,30,0.408385,0.009998,0.009998,0.232107,0.339512,0.055438,0.944562,0.110066,0.109056
2020,24,0.408599,0.009996,0.009996,0.232022,0.339387,0.056608,0.943392,0.110902,0.104101
2021,32,0.408245,0.01,0.01,0.23202,0.339735,0.056496,0.943504,0.119519,0.119928
2022,26,0.408344,0.009998,0.009998,0.231981,0.339678,0.056545,0.943455,0.114446,0.113954
2023,26,0.40836,0.009996,0.009996,0.231894,0.339753,0.056753,0.943247,0.111237,0.10985
2024,24,0.407991,0.010002,0.010002,0.231951,0.340054,0.056535,0.943465,0.12498,0.126006
2025,26,0.408092,0.009998,0.009998,0.231913,0.339998,0.056749,0.943251,0.11451,0.11309
2026,30,0.407997,0.009996,0.009996,0.231815,0.340196,0.056557,0.943443,0.112089,0.112931
2027,32,0.408097,0.009998,0.009998,0.231773,0.340134,0.056221,0.943779,0.126138,0.127807
2028,36,0.408364,0.009993,0.010116,0.231619,0.339908,0.056068,0.943932,0.115199,0.115836
2029,32,0.408409,0.010001,0.010001,0.231644,0.339945,0.056006,0.943994,0.120744,0.120849
2030,24,0.408043,0.010003,0.010003,0.231702,0.340249,0.05564,0.94436,0.122928,0.124767
2031,30,0.40795,0.010002,0.010002,0.231741,0.340306,0.055678,0.944322,0.121985,0.121507
2032,26,0.408051,0.009998,0.009998,0.231703,0.34025,0.055738,0.944262,0.114522,0.113991
2033,26,0.408159,0.009998,0.009998,0.231659,0.340186,0.05524,0.94476,0.117942,0.120475
2034,26,0.407759,0.010007,0.010007,0.231814,0.340414,0.054633,0.945367,0.129185,0.132322
2035,24,0.40768,0.009998,0.009998,0.231765,0.34056,0.05452,0.94548,0.120391,0.120758
2036,24,0.407163,0.010001,0.010001,0.231795,0.34104,0.053987,0.946013,0.120901,0.123598
2037,32,0.407281,0.009998,0.009998,0.231749,0.340974,0.053931,0.946069,0.12305,0.123168
2038,38,0.406714,0.010167,0.010002,0.231792,0.341325,0.053711,0.946289,0.136658,0.137629
2039,36,0.406996,0.009998,0.010033,0.231734,0.34124,0.053692,0.946308,0.116893,0.116804
2040,24,0.407626,0.00999,0.00999,0.231499,0.340895,0.054579,0.945421,0.097196,0.092209
2041,24,0.407335,0.010018,0.010004,0.2316,0.341043,0.054212,0.945788,0.128368,0.130153
2042,32,0.407388,0.009996,0.009996,0.231518,0.341101,0.054626,0.945374,0.115475,0.113025
2043,36,0.407364,0.009992,0.010457,0.231343,0.340843,0.055005,0.944995,0.115753,0.113432
2044,26,0.407419,0.010007,0.010007,0.231497,0.341071,0.054834,0.945166,0.122592,0.123338
2045,32,0.407542,0.009998,0.009998,0.231454,0.341008,0.055463,0.944537,0.107595,0.103945
2046,30,0.407713,0.009997,0.009997,0.231386,0.340907,0.055757,0.944243,0.115845,0.113959
2047,26,0.407544,0.01005,0.010048,0.231412,0.340946,0.0554,0.9446,0.124372,0.126154
2048,26,0.407999,0.009994,0.009994,0.231273,0.34074,0.055433,0.944567,0.103281,0.102865
2049,30,0.407899,0.010001,0.010001,0.231307,0.340791,0.055605,0.944395,0.12218,0.120997
2050,24,0.408029,0.009998,0.009998,0.231258,0.340718,0.055498,0.944502,0.114404,0.114757
2051,32,0.407982,0.010001,0.010001,0.231274,0.340742,0.056091,0.943909,0.117206,0.113696
2052,32,0.408134,0.009997,0.009997,0.231216,0.340656,0.055965,0.944035,0.10894,0.109452
2053,24,0.407794,0.010006,0.010006,0.231346,0.340848,0.055196,0.944804,0.136138,0.14023
2054,30,0.407762,0.009995,0.009995,0.23123,0.341018,0.05604,0.94396,0.108052,0.103144
2055,24,0.407391,0.010002,0.010002,0.231285,0.341319,0.055861,0.944139,0.1249,0.125625
2056,30,0.407365,0.010001,0.010001,0.231297,0.341336,0.055924,0.944076,0.127166,0.126582
2057,24,0.407709,0.009994,0.009994,0.231164,0.341139,0.05582,0.94418,0.113255,0.113596
2058,34,0.407548,0.01,0.01,0.231156,0.341296,0.056239,0.943761,0.122056,0.119518
2059,24,0.40727,0.010005,0.010005,0.231264,0.341456,0.05576,0.94424,0.128442,0.130897
2060,24,0.407155,0.010002,0.010002,0.231313,0.341528,0.055245,0.944755,0.126843,0.129485
2061,36,0.407037,0.009999,0.009999,0.231301,0.341663,0.055437,0.944563,0.120533,0.119245
2062,30,0.406676,0.010339,0.01,0.231309,0.341675,0.055285,0.944715,0.129873,0.130508
2063,24,0.406878,0.010002,0.010002,0.231363,0.341754,0.05518,0.94482,0.12187,0.12222
2064,30,0.407041,0.009997,0.010028,0.231289,0.341645,0.05571,0.94429,0.115807,0.112676
2065,32,0.407509,0.009993,0.009993,0.231116,0.34139,0.055868,0.944132,0.105828,0.10473
2066,24,0.407847,0.009994,0.009994,0.230979,0.341187,0.056829,0.943171,0.104931,0.099293
2067,30,0.407725,0.009996,0.010357,0.23088,0.341042,0.057224,0.942776,0.11972,0.117224
2068,30,0.407508,0.010004,0.010004,0.23097,0.341515,0.05726,0.94274,0.121421,0.120968
2069,24,0.407011,0.010402,0.010002,0.23101,0.341575,0.056545,0.943455,0.127795,0.131658
2070,24,0.406897,0.010009,0.010009,0.231212,0.341874,0.055872,0.944128,0.134736,0.138325
2071,30,0.40774,0.009986,0.009986,0.23089,0.341398,0.056364,0.943636,0.084593,0.081615
2072,26,0.407525,0.010495,0.009995,0.230769,0.341218,0.055568,0.944432,0.126001,0.13023
2073,24,0.408253,0.009996,0.009996,0.230675,0.341079,0.05516,0.94484,0.100627,0.102608
2074,30,0.408154,0.010002,0.010002,0.230711,0.341132,0.055405,0.944595,0.132008,0.130417
2075,36,0.408243,0.009994,0.009994,0.230567,0.341203,0.055282,0.944718,0.103639,0.104075
2076,30,0.407878,0.010238,0.010603,0.23037,0.340912,0.054566,0.945434,0.125595,0.129227
2077,26,0.40801,0.010009,0.010009,0.230567,0.341405,0.053862,0.946138,0.125037,0.128655
2078,24,0.407651,0.010003,0.010003,0.230629,0.341715,0.053421,0.946579,0.122835,0.125001
2079,26,0.407492,0.010003,0.010003,0.230693,0.34181,0.053029,0.946971,0.124538,0.126399
2080,30,0.40736,0.010002,0.010002,0.230746,0.341889,0.052678,0.947322,0.119827,0.121451
2081,32,0.407451,0.009996,0.009996,0.230643,0.341915,0.052724,0.947276,0.105126,0.10471
2082,30,0.407257,0.009997,0.009997,0.230582,0.342166,0.052674,0.947326,0.112083,0.112106
2083,30,0.406855,0.010437,0.009999,0.230566,0.342143,0.052307,0.947693,0.129888,0.13162
2084,32,0.407123,0.010003,0.010003,0.230631,0.34224,0.052679,0.947321,0.108386,0.106268
2085,26,0.407244,0.009998,0.009998,0.230587,0.342173,0.052966,0.947034,0.113167,0.111466
2086,32,0.407242,0.009997,0.009997,0.230516,0.342248,0.052896,0.947104,0.115672,0.115835
2087,32,0.407332,0.009995,0.009995,0.230412,0.342265,0.05376,0.94624,0.115329,0.110556
2088,26,0.407435,0.009995,0.009995,0.23029,0.342286,0.053738,0.946262,0.113856,0.113735
2089,24,0.407559,0.009998,0.009998,0.230238,0.342208,0.053153,0.946847,0.11434,0.117228
2090,24,0.406897,0.010912,0.010018,0.230128,0.342045,0.052403,0.947597,0.134499,0.13828
2091,30,0.407378,0.010008,0.010008,0.230303,0.342304,0.053386,0.946614,0.116603,0.111244
2092,26,0.407174,0.01,0.01,0.23031,0.342516,0.052926,0.947074,0.125075,0.127351
2093,24,0.406625,0.01064,0.010023,0.230264,0.342448,0.052171,0.947829,0.134512,0.138298
2094,30,0.406491,0.010481,0.010916,0.230023,0.342089,0.053006,0.946994,0.115756,0.111216
2095,36,0.407111,0.009999,0.010839,0.229998,0.342053,0.053006,0.946994,0.109758,0.109542
2096,24,0.407449,0.010003,0.010325,0.230067,0.342155,0.052612,0.947388,0.114339,0.116199
2097,30,0.407636,0.009997,0.009997,0.22999,0.342381,0.052693,0.947307,0.107355,0.106751
2098,30,0.407411,0.010004,0.010004,0.230075,0.342507,0.05236,0.94764,0.130052,0.131619
2099,24,0.407543,0.009998,0.009998,0.230026,0.342435,0.051725,0.948275,0.114439,0.117536
2100,30,0.407573,0.009999,0.009999,0.230013,0.342416,0.052078,0.947922,0.119847,0.117805
2101,26,0.407362,0.01,0.01,0.230016,0.342622,0.052076,0.947924,0.125005,0.12481
2102,24,0.406936,0.010004,0.010004,0.230097,0.342961,0.051297,0.948703,0.132668,0.136523
2103,24,0.406982,0.009999,0.009999,0.230082,0.342938,0.050704,0.949296,0.1154,0.118222
2104,32,0.407341,0.009994,0.009994,0.229942,0.34273,0.050485,0.949515,0.12085,0.121786
2105,24,0.407186,0.010002,0.010002,0.229997,0.342812,0.05,0.95,0.122769,0.125194
2106,24,0.407037,0.010003,0.010003,0.230057,0.342901,0.05,0.95,0.122711,0.124703
2107,26,0.406911,0.010002,0.010002,0.230108,0.342977,0.05,0.95,0.128249,0.130547
2108,24,0.406566,0.010173,0.010003,0.230177,0.343081,0.05,0.95,0.128335,0.128923
2109,26,0.406282,0.009998,0.010556,0.230139,0.343024,0.050155,0.949845,0.128235,0.127302
2110,30,0.406465,0.010001,0.010293,0.23017,0.34307,0.05,0.95,0.129075,0.130497
2111,30,0.406687,0.009998,0.009998,0.230131,0.343186,0.050277,0.949723,0.11312,0.11154
2112,30,0.406859,0.009997,0.009997,0.230063,0.343084,0.050263,0.949737,0.115885,0.115773
2113,24,0.406578,0.010005,0.010005,0.230169,0.343243,0.05,0.95,0.134635,0.139362
2114,24,0.407201,0.00999,0.00999,0.229931,0.342889,0.051004,0.948996,0.097199,0.091943
2115,26,0.407182,0.01,0.01,0.229931,0.342887,0.050648,0.949352,0.119223,0.120873
2116,26,0.407054,0.010002,0.010002,0.22998,0.342962,0.050124,0.949876,0.124495,0.126983
2117,32,0.407254,0.009997,0.009997,0.229904,0.342848,0.050298,0.949702,0.097194,0.09612
2118,30,0.407346,0.009995,0.009995,0.229792,0.342872,0.050614,0.949386,0.112956,0.11116
2119,30,0.407847,0.009991,0.009991,0.229594,0.342576,0.050045,0.949955,0.096766,0.099386
2120,30,0.407408,0.009998,0.009998,0.229557,0.343038,0.050055,0.949945,0.118625,0.118417
2121,32,0.407558,0.009997,0.009997,0.229498,0.342949,0.050369,0.949631,0.108901,0.107154
2122,28,0.407651,0.009995,0.009995,0.229387,0.342971,0.050456,0.949544,0.108771,0.108172
2123,32,0.408036,0.009993,0.009993,0.229235,0.342742,0.051378,0.948622,0.092813,0.087947
2124,24,0.407646,0.010266,0.010002,0.229278,0.342808,0.050671,0.949329,0.128348,0.131759
2125,32,0.407603,0.01,0.01,0.229275,0.343123,0.051152,0.948848,0.112642,0.110036
2126,24,0.407731,0.009998,0.009998,0.229225,0.343048,0.050664,0.949336,0.114371,0.116618
2127,30,0.407507,0.010004,0.010004,0.22931,0.343175,0.050741,0.949259,0.129994,0.129375
2128,36,0.407232,0.01,0.01,0.229309,0.343458,0.050613,0.949387,0.12151,0.121979
2129,36,0.407169,0.009996,0.009996,0.229224,0.343614,0.051052,0.948948,0.105156,0.102756
2130,26,0.406849,0.009992,0.01057,0.229044,0.343545,0.051175,0.948825,0.122781,0.121968
2131,36,0.40711,0.010005,0.010005,0.22916,0.34372,0.05133,0.94867,0.117234,0.116255
2132,30,0.407659,0.009991,0.009991,0.228952,0.343407,0.05145,0.94855,0.090802,0.089984
2133,32,0.407477,0.009997,0.009997,0.228892,0.343637,0.051856,0.948144,0.118383,0.116114
2134,28,0.407647,0.009997,0.009997,0.228824,0.343535,0.05195,0.94805,0.111814,0.111152
2135,30,0.407449,0.009995,0.009995,0.228699,0.343863,0.051823,0.948177,0.113429,0.113858
2136,32,0.407292,0.009997,0.009997,0.228632,0.344082,0.051735,0.948265,0.114238,0.114486
2137,24,0.407115,0.010061,0.009998,0.22859,0.344236,0.051111,0.948889,0.127861,0.130897
2138,24,0.407456,0.009992,0.009992,0.228397,0.344164,0.050723,0.949277,0.106118,0.107889
2139,32,0.407424,0.009997,0.009997,0.228333,0.344248,0.051239,0.948761,0.107107,0.104314
2140,30,0.407865,0.009992,0.009992,0.228161,0.343989,0.050914,0.949086,0.103507,0.104907
2141,26,0.407587,0.010351,0.009998,0.228127,0.343936,0.050257,0.949743,0.128218,0.131391
2142,26,0.407602,0.010006,0.010006,0.228256,0.344131,0.05,0.95,0.128262,0.130431
2143,30,0.407772,0.009996,0.01007,0.228166,0.343996,0.050226,0.949774,0.114885,0.113534
2144,26,0.407589,0.010001,0.010001,0.228185,0.344225,0.05,0.95,0.121185,0.122637
2145,30,0.407666,0.009999,0.009999,0.228156,0.344181,0.050043,0.949957,0.114408,0.113992
2146,26,0.40808,0.009993,0.009993,0.227995,0.343939,0.050281,0.949719,0.103263,0.101876
2147,24,0.40829,0.009996,0.009996,0.227909,0.343809,0.050405,0.949595,0.117082,0.116271
2148,32,0.408449,0.009997,0.009997,0.227844,0.343712,0.050802,0.949198,0.11712,0.114944
2149,24,0.408574,0.009998,0.009998,0.227794,0.343636,0.051896,0.948104,0.111608,0.105812
2150,24,0.408572,0.01,0.01,0.227793,0.343635,0.05314,0.94686,0.113456,0.10672
2151,26,0.408636,0.009994,0.010296,0.227652,0.343422,0.053277,0.946723,0.116978,0.116029
2152,30,0.408856,0.009998,0.009998,0.227612,0.343536,0.054176,0.945824,0.113195,0.108191
2153,24,0.408577,0.010005,0.010005,0.227718,0.343696,0.053547,0.946453,0.128438,0.131624
2154,32,0.408498,0.009996,0.009996,0.227629,0.343881,0.054524,0.945476,0.10191,0.096464
2155,26,0.408485,0.01,0.01,0.227631,0.343884,0.054396,0.945604,0.119242,0.119743
2156,24,0.408485,0.01,0.01,0.227631,0.343884,0.055655,0.944345,0.115529,0.108369
2157,30,0.408764,0.009995,0.009995,0.227524,0.343722,0.056143,0.943857,0.100055,0.097057
2158,24,0.408278,0.010356,0.010002,0.227571,0.343793,0.055557,0.944443,0.136119,0.139193
2159,30,0.407561,0.011327,0.010227,0.22738,0.343505,0.055107,0.944893,0.139765,0.142044
2160,24,0.407316,0.011264,0.010005,0.227504,0.343911,0.054791,0.945209,0.131058,0.132563
2161,36,0.407895,0.010011,0.010036,0.22776,0.344298,0.055934,0.944066,0.112265,0.105776
2162,24,0.407514,0.010085,0.010002,0.227809,0.34459,0.055663,0.944337,0.131035,0.132287
2163,30,0.407537,0.009995,0.009995,0.227703,0.34477,0.055957,0.944043,0.107568,0.105659
2164,32,0.40701,0.010457,0.009996,0.227604,0.344933,0.055666,0.944334,0.133833,0.135232
2165,32,0.406916,0.010006,0.010006,0.227749,0.345323,0.055868,0.944132,0.123817,0.122472
2166,24,0.406841,0.010001,0.010001,0.227782,0.345374,0.055305,0.944695,0.124972,0.127872
2167,24,0.406367,0.010485,0.01,0.227779,0.345369,0.054443,0.945557,0.134584,0.139141
2168,24,0.406909,0.009999,0.009999,0.227757,0.345336,0.055526,0.944474,0.107097,0.100923
2169,24,0.406807,0.009997,0.010261,0.227694,0.345241,0.055167,0.944833,0.123911,0.125626
2170,24,0.407314,0.009996,0.009996,0.227599,0.345096,0.056213,0.943787,0.099721,0.093654
2171,24,0.406837,0.01048,0.01,0.227594,0.345089,0.055733,0.944267,0.128301,0.130761
2172,36,0.406768,0.010281,0.010904,0.227342,0.344706,0.055683,0.944317,0.116737,0.116799
2173,26,0.40704,0.010012,0.010012,0.227615,0.345321,0.055318,0.944682,0.119414,0.121237
2174,30,0.407223,0.009997,0.009997,0.227554,0.345229,0.055,0.945,0.116048,0.117587
2175,24,0.407161,0.010001,0.010001,0.227575,0.345262,0.054236,0.945764,0.131448,0.135424
2176,32,0.407024,0.010002,0.010002,0.227629,0.345343,0.054114,0.945886,0.129714,0.13016
2177,24,0.407471,0.009993,0.009993,0.227459,0.345085,0.053463,0.946537,0.101701,0.104927
2178,30,0.407849,0.009993,0.009993,0.227308,0.344856,0.053497,0.946503,0.101765,0.101315
2179,30,0.407501,0.01,0.01,0.227306,0.345194,0.053411,0.946589,0.121358,0.121589
2180,24,0.406599,0.010666,0.010847,0.227063,0.344825,0.053263,0.946737,0.134479,0.135056
2181,30,0.406828,0.010421,0.010606,0.227165,0.34498,0.052671,0.947329,0.118673,0.121577
2182,24,0.407639,0.010003,0.010039,0.227234,0.345085,0.052059,0.947941,0.109641,0.112612
2183,26,0.407971,0.009995,0.009995,0.227123,0.344916,0.051687,0.948313,0.111043,0.112767
2184,26,0.407604,0.010003,0.010003,0.227183,0.345208,0.051122,0.948878,0.122624,0.125362
2185,24,0.407546,0.010001,0.010001,0.227207,0.345245,0.050694,0.949306,0.125369,0.127368
2186,24,0.40721,0.010006,0.010006,0.227337,0.345442,0.05,0.95,0.12783,0.131243
2187,32,0.407294,0.009996,0.009996,0.227243,0.345472,0.050033,0.949967,0.105655,0.105257
2188,32,0.406997,0.010211,0.010001,0.227273,0.345518,0.05,0.95,0.139658,0.141387
2189,36,0.40699,0.010004,0.010004,0.227357,0.345645,0.05,0.95,0.130486,0.130471
2190,24,0.407123,0.009998,0.009998,0.227309,0.345572,0.05,0.95,0.114347,0.117489
2191,24,0.406843,0.010005,0.010005,0.227415,0.345733,0.05,0.95,0.13471,0.137761
2192,24,0.406698,0.009999,0.009999,0.22739,0.345914,0.05,0.95,0.121705,0.123618
2193,24,0.407197,0.009992,0.009992,0.227198,0.345622,0.050081,0.949919,0.106559,0.105949
2194,26,0.40718,0.01,0.01,0.227198,0.345622,0.05,0.95,0.124896,0.125155
2195,32,0.406992,0.009991,0.010741,0.226983,0.345294,0.050424,0.949576,0.122841,0.120549
2196,38,0.407084,0.010006,0.010006,0.227117,0.345787,0.050726,0.949274,0.11988,0.118173
2197,26,0.407292,0.009993,0.009993,0.226965,0.345756,0.050752,0.949248,0.110698,0.110397
2198,24,0.40692,0.010002,0.010002,0.227018,0.346056,0.050367,0.949633,0.122778,0.124534
2199,32,0.406933,0.009994,0.009994,0.226893,0.346185,0.050069,0.949931,0.113864,0.115186
2200,30,0.406755,0.01,0.01,0.226884,0.346362,0.050658,0.949342,0.119041,0.115887
2201,26,0.406588,0.010001,0.010095,0.226912,0.346404,0.050771,0.949229,0.128245,0.127501
2202,24,0.40626,0.010003,0.010003,0.22699,0.346743,0.05,0.95,0.131063,0.135279
2203,24,0.405896,0.010003,0.010003,0.227049,0.34705,0.05,0.95,0.122805,0.126225
2204,32,0.40562,0.010002,0.010002,0.227091,0.347286,0.050034,0.949966,0.123792,0.123432
2205,36,0.405079,0.009991,0.010759,0.226897,0.347273,0.050425,0.949575,0.12394,0.12179
2206,30,0.405287,0.010009,0.010009,0.227104,0.34759,0.05027,0.94973,0.122162,0.122734
2207,24,0.405016,0.010005,0.010005,0.227215,0.347759,0.05,0.95,0.12636,0.129102
2208,36,0.405134,0.009993,0.009993,0.227065,0.347814,0.05037,0.94963,0.102839,0.100799
2209,24,0.405134,0.01,0.01,0.22706,0.347806,0.05,0.95,0.115647,0.117812
2210,30,0.404812,0.010002,0.010002,0.227116,0.348067,0.05,0.95,0.128155,0.129087
2211,26,0.405337,0.009988,0.009988,0.226841,0.347846,0.05,0.95,0.099506,0.099361
2212,32,0.404976,0.01,0.01,0.226836,0.348189,0.05,0.95,0.125653,0.125869
2213,30,0.404753,0.010004,0.010004,0.22692,0.348319,0.050323,0.949677,0.130063,0.128271
2214,26,0.404274,0.010005,0.010005,0.227029,0.348687,0.05,0.95,0.125841,0.128563
2215,30,0.403985,0.010002,0.010002,0.227076,0.348935,0.050072,0.949928,0.120459,0.119925
2216,32,0.404077,0.009996,0.009996,0.226975,0.348957,0.05,0.95,0.119019,0.120354
2217,30,0.40385,0.010004,0.010004,0.227058,0.349085,0.050122,0.949878,0.123286,0.122496
2218,24,0.404356,0.009992,0.009992,0.226868,0.348793,0.050362,0.949638,0.106451,0.105026
2219,24,0.40429,0.010001,0.010001,0.226887,0.348822,0.05,0.95,0.125322,0.127311
2220,24,0.404202,0.009998,0.009998,0.226837,0.348965,0.05118,0.94882,0.109879,0.103724
2221,30,0.404201,0.009997,0.009997,0.226763,0.349042,0.051503,0.948497,0.108768,0.106927
2222,24,0.404161,0.010092,0.009999,0.226741,0.349007,0.051376,0.948624,0.123627,0.124079
2223,32,0.404329,0.009999,0.009999,0.226712,0.348962,0.051553,0.948447,0.113208,0.112079
2224,24,0.404457,0.009994,0.009994,0.226579,0.348976,0.051458,0.948542,0.113563,0.113861
2225,24,0.40467,0.009996,0.009996,0.226493,0.348845,0.052262,0.947738,0.117089,0.112685
2226,24,0.404256,0.01011,0.010001,0.226524,0.349109,0.051489,0.948511,0.131023,0.134869
2227,26,0.40452,0.009997,0.009997,0.226466,0.34902,0.051497,0.948503,0.111138,0.110931
2228,32,0.404183,0.01,0.01,0.226473,0.349343,0.051413,0.948587,0.11991,0.120151
2229,24,0.40439,0.009996,0.010022,0.226385,0.349207,0.051538,0.948462,0.117002,0.116161
2230,30,0.404475,0.009999,0.009999,0.22636,0.349167,0.05195,0.94805,0.118442,0.116111
2231,32,0.404011,0.009997,0.009997,0.226296,0.349699,0.052341,0.947659,0.111851,0.109631
2232,30,0.40408,0.009997,0.010075,0.226238,0.34961,0.052404,0.947596,0.123057,0.122509
2233,30,0.404114,0.009994,0.010412,0.226094,0.349387,0.052875,0.947125,0.115851,0.113175
2234,30,0.40427,0.010004,0.010004,0.226188,0.349533,0.052816,0.947184,0.109294,0.109309
2235,24,0.404404,0.009998,0.009998,0.226141,0.349459,0.052502,0.947498,0.114413,0.115844
2236,24,0.404124,0.010005,0.010005,0.226246,0.349621,0.051753,0.948247,0.134615,0.138348
2237,36,0.403923,0.009999,0.009999,0.22622,0.349859,0.052424,0.947576,0.117162,0.113475
2238,24,0.403929,0.01,0.01,0.226217,0.349854,0.052079,0.947921,0.123984,0.125567
2239,24,0.404247,0.009995,0.009995,0.226096,0.349667,0.053186,0.946814,0.102863,0.096818
2240,24,0.403788,0.01,0.01,0.226101,0.350111,0.052461,0.947539,0.119305,0.122951
2241,24,0.403788,0.01,0.01,0.226101,0.350111,0.051717,0.948283,0.129889,0.133583
2242,30,0.40429,0.009992,0.009992,0.225911,0.349816,0.051374,0.948626,0.090982,0.092516
2243,24,0.404414,0.009998,0.009998,0.225857,0.349733,0.051024,0.948976,0.114402,0.115968
2244,26,0.404975,0.009991,0.009991,0.225643,0.349401,0.05069,0.94931,0.100732,0.102222
2245,30,0.405098,0.009998,0.009998,0.225589,0.349318,0.050992,0.949008,0.109356,0.10761
2246,24,0.405226,0.009998,0.009998,0.225538,0.34924,0.050325,0.949675,0.114476,0.117651
2247,38,0.405003,0.009999,0.009999,0.225512,0.349487,0.050555,0.949445,0.108135,0.106757
2248,24,0.404724,0.010005,0.010005,0.225617,0.34965,0.05,0.95,0.128435,0.131404
2249,24,0.40453,0.010229,0.010265,0.225503,0.349473,0.05,0.95,0.123885,0.126898
2250,32,0.404766,0.010004,0.010004,0.225601,0.349625,0.050428,0.949572,0.114591,0.112266
2251,32,0.404744,0.009997,0.009997,0.225544,0.349716,0.051379,0.948621,0.107093,0.102121
2252,30,0.404648,0.009999,0.009999,0.225513,0.349842,0.050902,0.949098,0.123522,0.12579
2253,24,0.404368,0.010005,0.010005,0.225618,0.350005,0.050478,0.949522,0.128412,0.130383
2254,26,0.404676,0.009995,0.009995,0.225505,0.349829,0.050138,0.949862,0.108236,0.109754
2255,24,0.40489,0.009996,0.009996,0.22542,0.349698,0.050395,0.949605,0.117188,0.115728
2256,32,0.404608,0.010002,0.010002,0.225459,0.349929,0.050347,0.949653,0.137787,0.13784
2257,26,0.403834,0.010926,0.009997,0.225402,0.349841,0.05,0.95,0.134695,0.138286
2258,32,0.404332,0.010405,0.009997,0.225341,0.349925,0.05,0.95,0.118019,0.119612
2259,36,0.40429,0.010003,0.010003,0.225404,0.3503,0.050134,0.949866,0.125399,0.124549
2260,30,0.403983,0.009992,0.010757,0.225233,0.350034,0.051114,0.948886,0.119481,0.114342
2261,30,0.404209,0.010006,0.010006,0.225359,0.350421,0.051324,0.948676,0.109996,0.10871
2262,32,0.403879,0.010001,0.010001,0.22537,0.35075,0.051363,0.948637,0.133925,0.133535
2263,24,0.403485,0.010288,0.010002,0.225412,0.350814,0.050778,0.949222,0.134558,0.137377
2264,30,0.403417,0.01,0.01,0.225418,0.351165,0.050526,0.949474,0.111181,0.112261
2265,24,0.403107,0.010081,0.010004,0.225506,0.351302,0.050025,0.949975,0.12831,0.13064
2266,30,0.402855,0.01,0.01,0.225505,0.35164,0.05,0.95,0.114455,0.11491
2267,24,0.4024,0.01,0.01,0.225512,0.352087,0.05,0.95,0.121331,0.124641
2268,30,0.40257,0.009994,0.009994,0.225382,0.35206,0.050222,0.949778,0.104665,0.103349
2269,24,0.402695,0.009994,0.009994,0.225248,0.352068,0.050113,0.949887,0.113649,0.114021
2270,32,0.402552,0.010002,0.010002,0.225298,0.352146,0.050315,0.949685,0.116,0.114803
2271,24,0.40297,0.009989,0.009989,0.225059,0.351991,0.050497,0.949503,0.103058,0.101925
2272,24,0.402962,0.01,0.01,0.225055,0.351984,0.05141,0.94859,0.121702,0.116821
2273,26,0.402671,0.009998,0.009998,0.225013,0.352321,0.051077,0.948923,0.116069,0.117606
2274,36,0.40255,0.009999,0.009999,0.224999,0.352452,0.051299,0.948701,0.120503,0.119172
2275,30,0.402766,0.009996,0.009996,0.224918,0.352324,0.05088,0.94912,0.112081,0.113955
2276,32,0.402507,0.010291,0.009999,0.224902,0.3523,0.050659,0.949341,0.129643,0.130586
2277,24,0.403037,0.009996,0.009996,0.224812,0.352159,0.050027,0.949973,0.102119,0.105068
2278,30,0.40274,0.010002,0.010002,0.224855,0.352401,0.05,0.95,0.137094,0.137311
2279,24,0.402878,0.009998,0.009998,0.224805,0.352322,0.05,0.95,0.120201,0.123249
2280,30,0.403177,0.009995,0.009995,0.224691,0.352143,0.05,0.95,0.115411,0.116475
2281,24,0.402893,0.010005,0.010005,0.224794,0.352304,0.05,0.95,0.12839,0.130602
2282,24,0.403115,0.009996,0.009996,0.224714,0.352179,0.050237,0.949763,0.117204,0.115856
2283,38,0.402932,0.009999,0.010227,0.224694,0.352148,0.050261,0.949739,0.130718,0.130441
2284,30,0.402647,0.010002,0.01038,0.224744,0.352226,0.050276,0.949724,0.129956,0.129683
2285,32,0.402729,0.010002,0.010002,0.22479,0.352477,0.050415,0.949585,0.122437,0.121533
2286,26,0.40315,0.009993,0.009993,0.224633,0.352231,0.050667,0.949333,0.103386,0.101944
2287,36,0.40299,0.01,0.01,0.22463,0.352379,0.051117,0.948883,0.128842,0.126377
2288,26,0.402861,0.010002,0.010002,0.224679,0.352455,0.051238,0.948762,0.128315,0.127535
2289,24,0.402863,0.01,0.01,0.22468,0.352457,0.051604,0.948396,0.121592,0.119521
2290,24,0.403276,0.009993,0.009993,0.224525,0.352213,0.05129,0.94871,0.110425,0.111761
2291,30,0.402977,0.010002,0.010002,0.224566,0.352453,0.051318,0.948682,0.120425,0.120097
2292,24,0.403045,0.009999,0.009999,0.224542,0.352415,0.05085,0.94915,0.114199,0.116393
2293,32,0.40308,0.009999,0.009999,0.224528,0.352393,0.050412,0.949588,0.112306,0.114354
2294,32,0.402745,0.01,0.01,0.224537,0.352718,0.050452,0.949548,0.1339,0.133513
2295,24,0.402348,0.010002,0.010077,0.224576,0.352998,0.050314,0.949686,0.130973,0.131485
2296,24,0.402511,0.009999,0.009999,0.224544,0.352948,0.05,0.95,0.114358,0.115954
2297,24,0.402362,0.009999,0.009999,0.224517,0.353123,0.05,0.95,0.121639,0.124053
2298,24,0.402081,0.010005,0.010005,0.224622,0.353288,0.05,0.95,0.12629,0.128142
2299,26,0.401948,0.009999,0.009999,0.2246,0.353454,0.05,0.95,0.124173,0.126917
2300,26,0.401818,0.010002,0.010002,0.224648,0.35353,0.05,0.95,0.128277,0.131509
2301,24,0.401366,0.010068,0.010003,0.224713,0.35385,0.05,0.95,0.132489,0.135344
2302,24,0.40202,0.00999,0.00999,0.224494,0.353506,0.050651,0.949349,0.103509,0.100012
2303,24,0.402012,0.01,0.01,0.224489,0.353499,0.051918,0.948082,0.115515,0.108825
2304,36,0.401744,0.009997,0.009997,0.224427,0.353835,0.052356,0.947644,0.114545,0.112073
2305,24,0.402367,0.00999,0.00999,0.224191,0.353464,0.053357,0.946643,0.0973,0.091793
2306,30,0.402456,0.009995,0.009995,0.224078,0.353476,0.053259,0.946741,0.112956,0.113271
2307,30,0.402151,0.010002,0.010002,0.224117,0.353729,0.053528,0.946472,0.126906,0.125245
2308,24,0.401785,0.010003,0.010003,0.224173,0.354036,0.053403,0.946597,0.124811,0.125264
2309,32,0.401813,0.01,0.01,0.224165,0.354023,0.053424,0.946576,0.126312,0.125991
2310,32,0.401534,0.010002,0.010002,0.224205,0.354258,0.053872,0.946128,0.12851,0.125902
2311,32,0.401463,0.009998,0.009998,0.224166,0.354374,0.05399,0.94601,0.122404,0.121558
2312,30,0.401817,0.009994,0.009994,0.224032,0.354163,0.054288,0.945712,0.102309,0.100415
2313,36,0.401371,0.010183,0.010894,0.223783,0.353769,0.054807,0.945193,0.12184,0.118818
2314,24,0.40198,0.010001,0.010426,0.223799,0.353794,0.055907,0.944093,0.107137,0.100811
2315,32,0.401897,0.010004,0.010293,0.223881,0.353925,0.055783,0.944217,0.129689,0.130148
2316,26,0.402036,0.009999,0.009999,0.223865,0.3541,0.055786,0.944214,0.111315,0.111092
2317,36,0.401684,0.01034,0.010294,0.223755,0.353927,0.055921,0.944079,0.123444,0.122476
2318,30,0.401818,0.010008,0.010008,0.223942,0.354223,0.056051,0.943949,0.132022,0.131043
2319,36,0.401671,0.01,0.01,0.223947,0.354382,0.056275,0.943725,0.128827,0.127334
2320,30,0.401787,0.009992,0.009992,0.223776,0.354452,0.055674,0.944326,0.106474,0.109582
2321,30,0.402135,0.009991,0.009991,0.223569,0.354314,0.056138,0.943862,0.102838,0.100049
2322,30,0.402274,0.009997,0.009997,0.22351,0.354221,0.056053,0.943947,0.116839,0.117078
2323,32,0.402227,0.010001,0.010001,0.223526,0.354246,0.055998,0.944002,0.121753,0.121837
2324,24,0.402732,0.009992,0.009992,0.223337,0.353947,0.056152,0.943848,0.106536,0.105417
2325,36,0.402955,0.009996,0.009996,0.223248,0.353805,0.05597,0.94403,0.11285,0.113663
2326,36,0.402614,0.009996,0.009996,0.223163,0.35423,0.055958,0.944042,0.111326,0.111155
2327,24,0.402618,0.01,0.01,0.223159,0.354224,0.054936,0.945064,0.124076,0.129492
2328,32,0.402975,0.009994,0.009994,0.223025,0.354012,0.055053,0.944947,0.113097,0.112242
2329,24,0.403102,0.009998,0.009998,0.222974,0.353929,0.054781,0.945219,0.114455,0.115706
2330,26,0.403053,0.010001,0.010001,0.22299,0.353956,0.054349,0.945651,0.115687,0.117833
2331,24,0.403261,0.009996,0.010022,0.222903,0.353817,0.055235,0.944765,0.10878,0.103745
2332,30,0.403095,0.01,0.01,0.2229,0.354004,0.055665,0.944335,0.119036,0.116415
2333,24,0.403007,0.009998,0.009998,0.222852,0.354145,0.055002,0.944998,0.120181,0.12364
2334,32,0.402727,0.010002,0.010002,0.222891,0.354378,0.054966,0.945034,0.123894,0.123887
2335,26,0.40284,0.009998,0.009998,0.22285,0.354314,0.055137,0.944863,0.118065,0.116898
2336,24,0.402559,0.010005,0.010005,0.222954,0.354478,0.054061,0.945939,0.134664,0.140313
2337,24,0.402633,0.009995,0.009995,0.222848,0.354528,0.054425,0.945575,0.115037,0.112868
2338,24,0.401549,0.011121,0.010837,0.222507,0.353986,0.054288,0.945712,0.1344,0.134927
2339,32,0.402418,0.01001,0.010476,0.22274,0.354356,0.054257,0.945743,0.109665,0.109539
2340,24,0.402334,0.01001,0.01001,0.222953,0.354695,0.053746,0.946254,0.128465,0.131013
2341,30,0.402416,0.009999,0.009999,0.222929,0.354657,0.054426,0.945574,0.117558,0.113681
2342,24,0.402136,0.010005,0.010005,0.223033,0.354822,0.054105,0.945895,0.134632,0.136183
2343,24,0.40186,0.010005,0.010005,0.223139,0.354992,0.053616,0.946384,0.128389,0.130793
2344,24,0.402003,0.009994,0.010192,0.223016,0.354795,0.054621,0.945379,0.108769,0.103141
2345,30,0.402252,0.009999,0.009999,0.222992,0.354758,0.054547,0.945453,0.115895,0.116102
2346,30,0.402308,0.009993,0.009993,0.222844,0.354861,0.054371,0.945629,0.107251,0.107954
2347,38,0.401985,0.01,0.01,0.222852,0.355162,0.054529,0.945471,0.115105,0.114009
2348,26,0.402177,0.009997,0.009997,0.222781,0.355049,0.054095,0.945905,0.117187,0.119328
2349,32,0.402129,0.010001,0.010001,0.222796,0.355073,0.05477,0.94523,0.111051,0.107186
2350,32,0.402155,0.01,0.01,0.222787,0.355059,0.054874,0.945126,0.126259,0.125452
2351,26,0.402026,0.010002,0.010002,0.222835,0.355135,0.054825,0.945175,0.128243,0.128315
2352,24,0.402227,0.009997,0.009997,0.222761,0.355018,0.054151,0.945849,0.120397,0.12386
2353,26,0.402015,0.01,0.01,0.222763,0.355222,0.053996,0.946004,0.119224,0.119862
2354,32,0.402052,0.009999,0.009999,0.222749,0.3552,0.054075,0.945925,0.116021,0.115329
2355,24,0.401771,0.010005,0.010005,0.222853,0.355366,0.053596,0.946404,0.126319,0.128704
2356,26,0.401765,0.01,0.01,0.222859,0.355375,0.053721,0.946279,0.124906,0.124052
2357,30,0.401893,0.009998,0.009998,0.222812,0.355299,0.053589,0.946411,0.109373,0.109801
2358,30,0.402066,0.009997,0.009997,0.222746,0.355194,0.054364,0.945636,0.115999,0.111624
2359,24,0.401697,0.010002,0.010002,0.2228,0.355499,0.053609,0.946391,0.131043,0.134934
2360,36,0.401864,0.009995,0.009995,0.222683,0.355464,0.054628,0.945372,0.098708,0.092994
2361,24,0.402079,0.009996,0.009996,0.222599,0.35533,0.054605,0.945395,0.11713,0.117054
2362,26,0.402684,0.00999,0.00999,0.222371,0.354966,0.054609,0.945391,0.102781,0.102504
2363,24,0.402353,0.010721,0.010065,0.222188,0.354674,0.053781,0.946219,0.129792,0.134078
2364,30,0.402445,0.010012,0.010012,0.222446,0.355086,0.054156,0.945844,0.130079,0.127831
2365,32,0.401495,0.010843,0.010991,0.222114,0.354556,0.054206,0.945794,0.13945,0.138976
2366,26,0.401296,0.010969,0.011041,0.222124,0.354571,0.053672,0.946328,0.128174,0.130875
2367,24,0.401948,0.010016,0.010405,0.222484,0.355147,0.054578,0.945422,0.121688,0.116526
2368,24,0.401837,0.010009,0.010009,0.222682,0.355463,0.054118,0.945882,0.12839,0.13069
2369,24,0.401564,0.010005,0.010005,0.22279,0.355635,0.053721,0.946279,0.128423,0.130356
2370,30,0.401826,0.009996,0.009996,0.222697,0.355486,0.053949,0.946051,0.098145,0.09666
2371,24,0.40153,0.010035,0.010004,0.222792,0.355638,0.05349,0.94651,0.134561,0.136823
2372,32,0.401454,0.009997,0.009997,0.222717,0.355836,0.053894,0.946106,0.106508,0.104134
2373,32,0.401593,0.009998,0.009998,0.222662,0.35575,0.054328,0.945672,0.114969,0.112422
2374,24,0.401224,0.010002,0.010002,0.222717,0.356055,0.053631,0.946369,0.124914,0.128486
2375,26,0.401417,0.009997,0.009997,0.222647,0.355943,0.053679,0.946321,0.117134,0.116631
2376,30,0.401293,0.009996,0.009996,0.222564,0.356151,0.053312,0.946688,0.118302,0.120028
2377,24,0.401142,0.009999,0.009999,0.222536,0.356324,0.053552,0.946448,0.119694,0.118202
2378,32,0.400806,0.01,0.01,0.222545,0.356648,0.053424,0.946576,0.124508,0.125
2379,24,0.400973,0.009997,0.009997,0.222483,0.356549,0.052936,0.947064,0.114109,0.116469
2380,26,0.401072,0.009998,0.009998,0.222444,0.356487,0.052963,0.947037,0.114623,0.114313
2381,24,0.400972,0.009997,0.010264,0.222381,0.356386,0.052321,0.947679,0.122911,0.126075
2382,24,0.400797,0.010007,0.010007,0.222543,0.356645,0.051758,0.948242,0.128495,0.131262
2383,24,0.401022,0.009996,0.009996,0.222465,0.35652,0.051778,0.948222,0.11714,0.116849
2384,32,0.400805,0.009996,0.010154,0.222366,0.356679,0.051403,0.948597,0.128016,0.12975
2385,24,0.401084,0.009998,0.009998,0.222318,0.356602,0.052582,0.947418,0.110938,0.104616
2386,26,0.400872,0.01,0.01,0.22232,0.356807,0.052418,0.947582,0.119245,0.119929
2387,36,0.400198,0.010546,0.010879,0.222032,0.356345,0.052748,0.947252,0.130274,0.128357
2388,32,0.401128,0.010008,0.010008,0.222216,0.35664,0.052934,0.947066,0.097749,0.096585
2389,24,0.401134,0.01,0.01,0.222219,0.356646,0.054176,0.945824,0.113461,0.106593
2390,24,0.400794,0.010006,0.010006,0.222346,0.356849,0.053853,0.946147,0.12997,0.131534
2391,24,0.400518,0.010005,0.010005,0.222452,0.35702,0.053152,0.946848,0.128393,0.131929
2392,36,0.400585,0.009996,0.009996,0.222372,0.35705,0.05304,0.94696,0.117163,0.117557
2393,36,0.400525,0.009996,0.009996,0.222289,0.357193,0.053561,0.946439,0.107281,0.104319
2394,24,0.400522,0.01,0.01,0.222288,0.35719,0.053533,0.946467,0.121781,0.121687
2395,36,0.400407,0.009988,0.01085,0.222011,0.356745,0.053795,0.946205,0.11682,0.115227
2396,24,0.400483,0.010005,0.010454,0.222126,0.356931,0.05328,0.94672,0.116712,0.119248
2397,26,0.400769,0.010003,0.010003,0.222191,0.357035,0.053373,0.946627,0.114561,0.113882
2398,36,0.400503,0.009997,0.009997,0.22213,0.357372,0.053956,0.946044,0.113315,0.109989
2399,24,0.400668,0.009997,0.009997,0.222067,0.35727,0.05414,0.94586,0.114152,0.112859
2400,24,0.400579,0.009998,0.009998,0.222017,0.357408,0.055311,0.944689,0.109848,0.103208
2401,30,0.400679,0.009998,0.009998,0.221979,0.357346,0.055384,0.944616,0.118985,0.118366
2402,32,0.400537,0.009996,0.009996,0.2219,0.35757,0.055762,0.944238,0.122064,0.119747
2403,30,0.400535,0.01,0.01,0.221899,0.357567,0.055798,0.944202,0.119606,0.119139
2404,26,0.400325,0.01,0.01,0.221902,0.357773,0.055161,0.944839,0.124958,0.128304
2405,26,0.400747,0.009993,0.009993,0.221745,0.357521,0.055191,0.944809,0.103391,0.102958
2406,24,0.400953,0.009996,0.010015,0.221657,0.357379,0.056108,0.943892,0.108774,0.103481
2407,34,0.400869,0.010002,0.010002,0.221692,0.357435,0.055965,0.944035,0.124642,0.125212
2408,30,0.400647,0.010004,0.010004,0.221776,0.35757,0.055894,0.944106,0.129976,0.130169
2409,36,0.400016,0.010442,0.010884,0.221513,0.357146,0.056304,0.943696,0.126133,0.123626
2410,32,0.399879,0.010107,0.010735,0.221631,0.357648,0.056374,0.943626,0.118249,0.117647
2411,26,0.400086,0.010011,0.010011,0.221866,0.358026,0.056046,0.943954,0.122582,0.124228
2412,24,0.399814,0.010005,0.010005,0.221974,0.358201,0.055627,0.944373,0.12629,0.128408
2413,24,0.400733,0.009985,0.009985,0.221638,0.357659,0.055553,0.944447,0.093031,0.09314
2414,24,0.400721,0.01,0.01,0.221631,0.357648,0.056455,0.943545,0.121695,0.116369
2415,24,0.40094,0.009996,0.009996,0.22155,0.357517,0.056356,0.943644,0.117155,0.117458
2416,24,0.400914,0.009997,0.009997,0.221477,0.357616,0.056225,0.943775,0.118207,0.118695
2417,24,0.400249,0.010162,0.010565,0.221367,0.357657,0.056092,0.943908,0.130905,0.131417
2418,24,0.400098,0.010008,0.010194,0.221542,0.358158,0.055615,0.944385,0.131018,0.133468
2419,30,0.400062,0.010169,0.01037,0.221427,0.357972,0.055617,0.944383,0.133044,0.132795
2420,24,0.399997,0.01001,0.01001,0.22165,0.358333,0.0549,0.9451,0.126366,0.130115
2421,26,0.399602,0.010007,0.010007,0.221803,0.358581,0.054247,0.945753,0.134735,0.138124
2422,30,0.399511,0.010002,0.010002,0.221842,0.358643,0.054713,0.945287,0.122145,0.119383
2423,36,0.399309,0.009999,0.009999,0.221817,0.358877,0.054759,0.945241,0.118492,0.11803
2424,30,0.399308,0.01,0.01,0.221816,0.358876,0.054931,0.945069,0.119712,0.11857
2425,36,0.399153,0.01,0.01,0.221817,0.35903,0.055217,0.944783,0.128711,0.126916
2426,26,0.399024,0.010002,0.010002,0.221865,0.359107,0.054712,0.945288,0.124463,0.127034
2427,24,0.398745,0.010005,0.010005,0.221969,0.359277,0.054088,0.945912,0.126401,0.129596
2428,24,0.39838,0.010003,0.010003,0.222027,0.359588,0.053506,0.946494,0.122863,0.125789
2429,30,0.398485,0.009998,0.009998,0.22199,0.359528,0.053891,0.946109,0.112548,0.11026
2430,30,0.398404,0.010094,0.010102,0.221945,0.359455,0.05401,0.94599,0.13612,0.13526
2431,30,0.39806,0.010066,0.011166,0.221681,0.359027,0.054309,0.945691,0.128108,0.126276
2432,24,0.397304,0.01106,0.011351,0.22152,0.358766,0.054,0.946,0.134422,0.135857
2433,30,0.397749,0.010135,0.010841,0.221768,0.359508,0.05408,0.94592,0.117564,0.116902
2434,32,0.397718,0.010276,0.010775,0.221751,0.35948,0.054219,0.945781,0.125155,0.124202
2435,24,0.398089,0.009997,0.010847,0.221688,0.359379,0.054075,0.945925,0.119316,0.119846
2436,30,0.398183,0.010008,0.010299,0.221857,0.359653,0.054462,0.945538,0.122859,0.120555
2437,30,0.398011,0.010005,0.010005,0.22197,0.36001,0.054252,0.945748,0.12045,0.121368
2438,24,0.398015,0.01,0.01,0.221972,0.360013,0.055511,0.944489,0.115502,0.10836
2439,30,0.397985,0.009999,0.010075,0.221955,0.359986,0.056065,0.943935,0.11952,0.116227
2440,30,0.398118,0.009999,0.009999,0.221933,0.359951,0.056938,0.943062,0.116651,0.111507
2441,24,0.397806,0.010004,0.010078,0.22202,0.360092,0.056755,0.943245,0.134518,0.135324
2442,24,0.397839,0.010001,0.010001,0.222038,0.360121,0.056374,0.943626,0.123729,0.12565
2443,26,0.398033,0.009997,0.009997,0.221968,0.360006,0.056502,0.943498,0.117139,0.116195
2444,24,0.398076,0.009999,0.009999,0.221949,0.359976,0.055899,0.944101,0.115465,0.118618
2445,24,0.398076,0.01,0.01,0.221949,0.359976,0.057155,0.942845,0.115515,0.108171
2446,24,0.397568,0.011012,0.010238,0.221666,0.359517,0.056825,0.943175,0.129767,0.131371
2447,32,0.39766,0.011338,0.010065,0.221572,0.359365,0.056604,0.943396,0.12439,0.125419
2448,26,0.397836,0.010965,0.010004,0.22167,0.359524,0.055988,0.944012,0.120396,0.123636
2449,30,0.397647,0.010883,0.010005,0.221773,0.359691,0.05638,0.94362,0.129898,0.127474
2450,24,0.398221,0.010005,0.010005,0.221889,0.359879,0.057194,0.942806,0.117122,0.112258
2451,24,0.397857,0.010003,0.010003,0.221947,0.360191,0.05675,0.94325,0.124835,0.127117
2452,32,0.397853,0.009997,0.009997,0.221887,0.360265,0.056819,0.943181,0.107601,0.106893
2453,26,0.397887,0.009999,0.009999,0.221873,0.360242,0.056252,0.943748,0.114852,0.117819
2454,26,0.398184,0.009995,0.009995,0.221763,0.360063,0.055555,0.944445,0.111101,0.114729
2455,24,0.398094,0.009998,0.009998,0.221712,0.360198,0.05502,0.94498,0.11807,0.120805
2456,24,0.39848,0.009994,0.009994,0.221568,0.359965,0.055187,0.944813,0.109502,0.108295
2457,26,0.398798,0.009995,0.009995,0.221447,0.359767,0.055256,0.944744,0.105608,0.104986
2458,30,0.398893,0.009995,0.009995,0.221337,0.35978,0.056146,0.943854,0.112934,0.107788
2459,26,0.398879,0.01,0.01,0.221339,0.359782,0.056041,0.943959,0.12492,0.125308
2460,30,0.398879,0.01,0.01,0.221339,0.359782,0.055798,0.944202,0.126203,0.127296
2461,24,0.398416,0.010456,0.01,0.221341,0.359786,0.055289,0.944711,0.128246,0.130849
2462,30,0.398463,0.010001,0.010001,0.221367,0.360168,0.056178,0.943822,0.110951,0.105789
2463,24,0.398385,0.009998,0.009998,0.221316,0.360304,0.056062,0.943938,0.120433,0.120823
2464,26,0.398253,0.010002,0.010002,0.221363,0.36038,0.055551,0.944449,0.124401,0.127048
2465,32,0.398209,0.010001,0.010001,0.221381,0.360408,0.055496,0.944504,0.121731,0.121813
2466,24,0.397639,0.010699,0.010024,0.221323,0.360315,0.054691,0.945309,0.134446,0.13869
2467,32,0.397728,0.010436,0.010003,0.221398,0.360436,0.054657,0.945343,0.12608,0.126033
2468,24,0.397621,0.010009,0.010009,0.221598,0.360763,0.053992,0.946008,0.134616,0.138054
2469,30,0.397334,0.010002,0.010002,0.221647,0.361015,0.054191,0.945809,0.126997,0.125724
2470,26,0.397761,0.009993,0.009993,0.221491,0.360762,0.054272,0.945728,0.103554,0.102866
2471,32,0.39771,0.010001,0.010001,0.221505,0.360784,0.054765,0.945235,0.126435,0.123557
2472,30,0.398288,0.00999,0.00999,0.221292,0.360439,0.054396,0.945604,0.097547,0.099263
2473,30,0.398383,0.009998,0.009998,0.22125,0.36037,0.054,0.946,0.118949,0.120863
2474,26,0.398252,0.010002,0.010002,0.221297,0.360446,0.053922,0.946078,0.128236,0.12846
2475,32,0.398182,0.009998,0.009998,0.221259,0.360563,0.053924,0.946076,0.108917,0.108696
2476,30,0.398126,0.009995,0.009995,0.221153,0.360731,0.054201,0.945799,0.1076,0.105868
2477,24,0.397667,0.01,0.01,0.221158,0.361174,0.053491,0.946509,0.127447,0.131091
2478,24,0.39809,0.009993,0.009993,0.221003,0.360921,0.053431,0.946569,0.107545,0.107594
2479,30,0.398442,0.009994,0.009994,0.220869,0.360701,0.05379,0.94621,0.102468,0.100259
2480,36,0.39862,0.009995,0.010119,0.220753,0.360513,0.05369,0.94631,0.116875,0.117222
2481,26,0.398375,0.009999,0.009999,0.220737,0.360889,0.053808,0.946192,0.12164,0.120817
2482,30,0.398693,0.009995,0.009995,0.22062,0.360698,0.054076,0.945924,0.099929,0.098227
2483,38,0.398937,0.009996,0.009996,0.220527,0.360545,0.05458,0.94542,0.112855,0.109927
2484,32,0.39845,0.009998,0.009998,0.220472,0.361083,0.054449,0.945551,0.110241,0.110738
2485,30,0.398448,0.01,0.01,0.220471,0.361081,0.054624,0.945376,0.119737,0.118548
2486,24,0.398957,0.009992,0.009992,0.220284,0.360776,0.054713,0.945287,0.10668,0.105972
2487,26,0.398806,0.01004,0.010002,0.220319,0.360834,0.054179,0.945821,0.124388,0.127103
2488,30,0.398798,0.010001,0.010001,0.220337,0.360863,0.0542,0.9458,0.119773,0.119425
2489,30,0.398663,0.009997,0.009997,0.220263,0.361081,0.054737,0.945263,0.110963,0.107809
2490,24,0.398098,0.010136,0.010567,0.220208,0.360991,0.054573,0.945427,0.134481,0.135161
2491,30,0.398243,0.009999,0.010589,0.220197,0.360972,0.054944,0.945056,0.117941,0.115668
2492,26,0.398348,0.010008,0.010008,0.220374,0.361262,0.054629,0.945371,0.124463,0.125993
2493,32,0.398215,0.010002,0.010002,0.220428,0.361352,0.055328,0.944672,0.115975,0.111927
2494,32,0.398311,0.009996,0.009996,0.22033,0.361369,0.055646,0.944354,0.11893,0.116991
2495,24,0.39822,0.009998,0.009998,0.22028,0.361505,0.056834,0.943166,0.111909,0.104977
2496,36,0.398349,0.009993,0.009993,0.220127,0.361538,0.057205,0.942795,0.104337,0.101997
2497,30,0.398446,0.009998,0.009998,0.220087,0.361471,0.057443,0.942557,0.119112,0.117513
2498,26,0.398235,0.01,0.01,0.220089,0.361676,0.056895,0.943105,0.121115,0.124033
2499,24,0.398368,0.009998,0.009998,0.22004,0.361596,0.056455,0.943545,0.114451,0.1167
2500,24,0.398118,0.010039,0.010592,0.219895,0.361356,0.055843,0.944157,0.123918,0.127119
2501,24,0.39859,0.010003,0.010003,0.219953,0.361452,0.055793,0.944207,0.117169,0.117223
2502,26,0.398592,0.01,0.01,0.219954,0.361454,0.054874,0.945126,0.126195,0.131107
2503,24,0.398592,0.01,0.01,0.219954,0.361454,0.056112,0.943888,0.113453,0.10635
2504,32,0.398547,0.010001,0.010001,0.219971,0.361481,0.05613,0.94387,0.126373,0.126039
2505,26,0.398417,0.010002,0.010002,0.220018,0.36156,0.055785,0.944215,0.124431,0.126167
2506,24,0.398138,0.010005,0.010005,0.220122,0.36173,0.055026,0.944974,0.134558,0.138566
2507,26,0.397932,0.01,0.01,0.220128,0.36194,0.05447,0.94553,0.124929,0.127778
2508,32,0.397991,0.009996,0.009996,0.220044,0.361973,0.054793,0.945207,0.110285,0.108276
2509,26,0.397858,0.010002,0.010002,0.22009,0.362048,0.054477,0.945523,0.122655,0.124199
2510,24,0.397868,0.01,0.01,0.220087,0.362045,0.053839,0.946161,0.124083,0.127321
2511,24,0.397587,0.010005,0.010005,0.22019,0.362214,0.053211,0.946789,0.128388,0.131558
2512,30,0.397694,0.009998,0.009998,0.220154,0.362155,0.054168,0.945832,0.116662,0.111329
2513,30,0.397468,0.010004,0.010004,0.220236,0.362289,0.053961,0.946039,0.123318,0.124214
2514,32,0.397613,0.009998,0.009998,0.220185,0.362206,0.054352,0.945648,0.114862,0.11252
2515,26,0.397532,0.010001,0.010001,0.220214,0.362252,0.05366,0.94634,0.123584,0.127094
2516,32,0.397581,0.009996,0.009996,0.220131,0.362295,0.054395,0.945605,0.10467,0.100515
2517,36,0.398334,0.009987,0.009987,0.219853,0.361838,0.054794,0.945206,0.081714,0.079284
2518,32,0.398452,0.009995,0.009995,0.219739,0.36182,0.054579,0.945421,0.125556,0.1265
2519,24,0.398387,0.010001,0.010001,0.219758,0.361852,0.054879,0.945121,0.123262,0.121422
2520,32,0.398109,0.010002,0.010002,0.219798,0.362089,0.054769,0.945231,0.122294,0.122701
2521,24,0.397656,0.01,0.01,0.219806,0.362537,0.054333,0.945667,0.121248,0.123419
2522,24,0.397084,0.010729,0.009997,0.219748,0.362442,0.053328,0.946672,0.134475,0.139691
2523,30,0.397209,0.010007,0.010007,0.219904,0.362873,0.053108,0.946892,0.130755,0.131715
2524,30,0.397322,0.009995,0.009995,0.219804,0.362883,0.053958,0.946042,0.113208,0.108491
2525,26,0.397319,0.01,0.01,0.219802,0.362879,0.053266,0.946734,0.126127,0.129668
2526,24,0.397241,0.009998,0.009998,0.219751,0.363013,0.052942,0.947058,0.11225,0.113746
2527,26,0.396973,0.010001,0.010001,0.219774,0.363251,0.052541,0.947459,0.126398,0.128349
2528,24,0.396888,0.009998,0.009998,0.219726,0.363391,0.052166,0.947834,0.120202,0.121967
2529,26,0.397,0.009995,0.009995,0.21961,0.3634,0.051513,0.948487,0.113884,0.117058
2530,24,0.397217,0.009996,0.009996,0.219528,0.363263,0.051705,0.948295,0.117049,0.115871
2531,24,0.396932,0.010005,0.010005,0.219629,0.36343,0.051291,0.948709,0.126298,0.128249
2532,36,0.397015,0.009994,0.009994,0.219502,0.363495,0.051414,0.948586,0.11057,0.109703
2533,30,0.39701,0.01,0.01,0.219499,0.363491,0.051819,0.948181,0.112913,0.110617
2534,26,0.396526,0.010005,0.010005,0.219602,0.363862,0.051459,0.948541,0.125748,0.127439
2535,30,0.396427,0.009996,0.009996,0.219518,0.364062,0.051749,0.948251,0.103222,0.101535
2536,26,0.39594,0.010005,0.010005,0.219619,0.364432,0.051034,0.948966,0.131357,0.134865
2537,30,0.395718,0.010004,0.010004,0.219703,0.364571,0.051403,0.948597,0.13001,0.127926
2538,26,0.395754,0.009996,0.009996,0.21962,0.364634,0.051106,0.948894,0.110981,0.11232
2539,32,0.395846,0.009995,0.009995,0.219519,0.364644,0.051369,0.948631,0.118965,0.117441
2540,24,0.396051,0.009993,0.009993,0.219362,0.364601,0.050723,0.949277,0.10925,0.112327
2541,24,0.396206,0.009997,0.009997,0.2193,0.364499,0.051132,0.948868,0.118737,0.116501
2542,30,0.395909,0.010002,0.010002,0.219343,0.364744,0.050659,0.949341,0.127112,0.129322
2543,36,0.395409,0.009992,0.010687,0.219171,0.36474,0.050942,0.949058,0.123132,0.121526
2544,24,0.395979,0.009998,0.010235,0.219125,0.364664,0.050202,0.949798,0.110026,0.113555
2545,24,0.395424,0.010659,0.010259,0.219076,0.364583,0.05,0.95,0.134441,0.138266
2546,24,0.396711,0.009994,0.009994,0.218942,0.364359,0.050161,0.949839,0.09317,0.09213
2547,34,0.396551,0.01,0.01,0.218934,0.364515,0.050885,0.949115,0.113302,0.109478
2548,30,0.39643,0.010002,0.010002,0.218978,0.364588,0.051329,0.948671,0.122199,0.119753
2549,24,0.395977,0.01,0.01,0.218986,0.365037,0.05079,0.94921,0.119153,0.121736
2550,32,0.396417,0.009993,0.009993,0.218827,0.364771,0.050589,0.949411,0.106373,0.107159
2551,24,0.396264,0.009999,0.009999,0.218798,0.364941,0.05,0.95,0.127767,0.131496
2552,24,0.396263,0.01,0.01,0.218797,0.36494,0.051175,0.948825,0.115403,0.109286
2553,30,0.396342,0.009997,0.010106,0.218729,0.364826,0.051668,0.948332,0.118126,0.115404
2554,26,0.396303,0.010002,0.010002,0.21878,0.364912,0.050983,0.949017,0.123653,0.126983
2555,36,0.396411,0.009998,0.009998,0.218743,0.36485,0.050988,0.949012,0.110364,0.110118
2556,24,0.396544,0.009998,0.009998,0.218693,0.364767,0.050607,0.949393,0.114511,0.116232
2557,24,0.396712,0.009997,0.009997,0.218631,0.364663,0.05078,0.94922,0.114111,0.112967
2558,24,0.396569,0.01,0.010154,0.218625,0.364653,0.050677,0.949323,0.124959,0.125281
2559,24,0.396286,0.010007,0.010007,0.218783,0.364916,0.050331,0.949669,0.129909,0.131475
2560,32,0.396543,0.009995,0.010052,0.218675,0.364736,0.050777,0.949223,0.109768,0.107277
2561,24,0.396191,0.0101,0.010129,0.218738,0.364842,0.050662,0.949338,0.134494,0.134886
2562,30,0.395861,0.010386,0.010659,0.218556,0.364538,0.050958,0.949042,0.129351,0.127646
2563,24,0.395894,0.010013,0.010044,0.218832,0.365217,0.050529,0.949471,0.131016,0.132976
2564,24,0.395634,0.010005,0.010005,0.218947,0.365408,0.05,0.95,0.134515,0.138104
2565,30,0.395853,0.009991,0.009991,0.218749,0.365417,0.05,0.95,0.106611,0.106688
2566,26,0.395905,0.009999,0.009999,0.218723,0.365374,0.050208,0.949792,0.118643,0.117444
2567,28,0.396003,0.009998,0.009998,0.218687,0.365313,0.050124,0.949876,0.117333,0.117573
2568,30,0.395044,0.011344,0.011028,0.218157,0.364428,0.050113,0.949887,0.135894,0.135747
2569,32,0.395822,0.01086,0.010198,0.218357,0.364763,0.05,0.95,0.108845,0.111576
2570,24,0.396532,0.010006,0.010006,0.218483,0.364973,0.05,0.95,0.111245,0.114076
2571,24,0.396546,0.01,0.01,0.218483,0.364972,0.05,0.95,0.124034,0.124617
2572,24,0.39675,0.009993,0.009993,0.21833,0.364934,0.05,0.95,0.115832,0.117183
2573,26,0.396858,0.009998,0.009998,0.218286,0.364861,0.05,0.95,0.118123,0.118266
2574,26,0.396726,0.010002,0.010002,0.218332,0.364938,0.05,0.95,0.128236,0.13041
2575,24,0.396832,0.009997,0.01006,0.218272,0.364838,0.05,0.95,0.126093,0.126937
2576,26,0.397544,0.009989,0.009989,0.218035,0.364442,0.05,0.95,0.095881,0.096624
2577,24,0.397886,0.009994,0.009994,0.217904,0.364222,0.050755,0.949245,0.11333,0.109317
2578,24,0.398011,0.009998,0.009998,0.217854,0.364139,0.05188,0.94812,0.111619,0.105672
2579,24,0.397666,0.01024,0.010457,0.217721,0.363916,0.051137,0.948863,0.131317,0.134968
2580,24,0.398151,0.010003,0.010036,0.217786,0.364025,0.051962,0.948038,0.117146,0.112666
2581,30,0.398425,0.009996,0.009996,0.217701,0.363882,0.052418,0.947582,0.105365,0.102798
2582,30,0.398897,0.009992,0.009992,0.217527,0.363592,0.053025,0.946975,0.09255,0.089165
2583,24,0.398578,0.010154,0.010614,0.217353,0.363301,0.052829,0.947171,0.129831,0.130664
2584,30,0.398784,0.009998,0.010691,0.217305,0.363222,0.053276,0.946724,0.115849,0.11328
2585,30,0.399235,0.010004,0.010004,0.217392,0.363366,0.053924,0.946076,0.116048,0.112386
2586,30,0.399278,0.009994,0.009994,0.217256,0.363478,0.053944,0.946056,0.117106,0.116777
2587,26,0.39887,0.010007,0.010007,0.217399,0.363718,0.053566,0.946434,0.129015,0.130863
2588,30,0.398979,0.009998,0.009998,0.217364,0.36366,0.054048,0.945952,0.116665,0.113874
2589,24,0.398697,0.010005,0.010005,0.217465,0.363829,0.053342,0.946658,0.128323,0.131896
2590,38,0.398095,0.010001,0.010001,0.217486,0.364418,0.053059,0.946941,0.129601,0.130892
2591,30,0.397999,0.010002,0.010002,0.217521,0.364477,0.05309,0.94691,0.122147,0.121747
2592,24,0.398509,0.009992,0.009992,0.217338,0.36417,0.053319,0.946681,0.10663,0.105203
2593,32,0.398457,0.009998,0.009998,0.217286,0.364262,0.053363,0.946637,0.109614,0.109174
2594,24,0.398066,0.0102,0.010074,0.217328,0.364332,0.053289,0.946711,0.134501,0.134696
2595,30,0.398805,0.009992,0.009992,0.21716,0.36405,0.053225,0.946775,0.09354,0.093611
2596,30,0.399338,0.009991,0.009991,0.216962,0.363718,0.052856,0.947144,0.097967,0.099654
2597,30,0.39903,0.010002,0.010002,0.216998,0.363969,0.05229,0.94771,0.12682,0.129615
2598,36,0.398877,0.01,0.01,0.216999,0.364124,0.05267,0.94733,0.124572,0.122376
2599,24,0.399419,0.009991,0.009991,0.216804,0.363796,0.052044,0.947956,0.100833,0.103842
2600,26,0.399433,0.009996,0.009996,0.21672,0.363856,0.052086,0.947914,0.111296,0.110907
2601,26,0.399026,0.010007,0.010007,0.216863,0.364097,0.051212,0.948788,0.134861,0.139224
2602,36,0.399045,0.009997,0.009997,0.216807,0.364154,0.051966,0.948034,0.110524,0.10647
2603,38,0.398694,0.009995,0.009995,0.216697,0.36462,0.052275,0.947725,0.116302,0.114491
2604,26,0.398791,0.009998,0.009998,0.216658,0.364554,0.0523,0.9477,0.114543,0.114234
2605,26,0.399113,0.009995,0.009995,0.216541,0.364357,0.051651,0.948349,0.11496,0.118135
2606,24,0.39874,0.010002,0.010002,0.216592,0.364662,0.050955,0.949045,0.131022,0.134436
2607,32,0.398525,0.009996,0.009996,0.216496,0.364988,0.050881,0.949119,0.110617,0.110795
2608,26,0.398945,0.009993,0.009993,0.216341,0.364728,0.051111,0.948889,0.103465,0.102107
2609,24,0.398861,0.009998,0.009998,0.216288,0.364856,0.05079,0.94921,0.112195,0.113624
2610,24,0.398809,0.009999,0.010125,0.21626,0.364808,0.05163,0.94837,0.121603,0.117099
2611,32,0.398835,0.009999,0.009999,0.21623,0.364937,0.052669,0.947331,0.107076,0.101502
2612,24,0.398834,0.01,0.01,0.21623,0.364936,0.053535,0.946465,0.121668,0.116864
2613,38,0.398402,0.010854,0.009993,0.216075,0.364676,0.05345,0.94655,0.13061,0.130874
2614,24,0.39896,0.010005,0.010005,0.216179,0.364851,0.05427,0.94573,0.117111,0.112447
2615,24,0.399097,0.009994,0.009994,0.216055,0.364859,0.054204,0.945796,0.113607,0.113763
2616,32,0.398965,0.009997,0.009997,0.215984,0.365057,0.054638,0.945362,0.101694,0.099124
2617,30,0.398806,0.009992,0.010304,0.215805,0.365093,0.054546,0.945454,0.12425,0.124542
2618,32,0.399021,0.009999,0.009999,0.215773,0.365209,0.054993,0.945007,0.115329,0.112684
2619,24,0.39924,0.009996,0.009996,0.215693,0.365074,0.055225,0.944775,0.117222,0.115742
2620,30,0.398896,0.01,0.01,0.215692,0.365412,0.054948,0.945052,0.12109,0.122387
2621,30,0.398923,0.009996,0.009996,0.215614,0.36547,0.055849,0.944151,0.113485,0.108286
2622,32,0.398515,0.009999,0.009999,0.215583,0.365905,0.055875,0.944125,0.129485,0.129144
2623,36,0.398527,0.009997,0.009997,0.215523,0.365956,0.056464,0.943536,0.110666,0.107144
2624,30,0.398555,0.009999,0.009999,0.215511,0.365935,0.055836,0.944164,0.118948,0.122243
2625,24,0.398798,0.009992,0.009992,0.215346,0.365872,0.055618,0.944382,0.112936,0.113866
2626,32,0.398747,0.010001,0.010001,0.215358,0.365894,0.05611,0.94389,0.126459,0.123507
2627,24,0.398876,0.009998,0.009998,0.215312,0.365816,0.05717,0.94283,0.109576,0.103335
2628,32,0.399203,0.009992,0.009992,0.215133,0.36568,0.057042,0.942958,0.103246,0.103672
2629,24,0.398916,0.010005,0.010005,0.21523,0.365845,0.056331,0.943669,0.126424,0.130258
2630,24,0.399053,0.009994,0.009994,0.215106,0.365853,0.056422,0.943578,0.113539,0.112793
2631,26,0.398645,0.010007,0.010007,0.215248,0.366094,0.055844,0.944156,0.129056,0.132101
2632,24,0.39865,0.01,0.01,0.215251,0.366099,0.055085,0.944915,0.121648,0.125579
2633,26,0.398269,0.010577,0.010046,0.215161,0.365947,0.054599,0.945401,0.12813,0.13061
2634,30,0.398747,0.00999,0.010718,0.214953,0.365592,0.054513,0.945487,0.097941,0.098176
2635,24,0.398715,0.010123,0.010685,0.214928,0.365549,0.053805,0.946195,0.123914,0.127514
2636,24,0.399037,0.010008,0.010008,0.215101,0.365845,0.05322,0.94678,0.123839,0.126788
2637,26,0.39909,0.009999,0.009999,0.215089,0.365823,0.053478,0.946522,0.115822,0.114274
2638,32,0.398801,0.009999,0.009999,0.215078,0.366123,0.053563,0.946437,0.106263,0.105577
2639,32,0.398755,0.010001,0.010001,0.215094,0.36615,0.053569,0.946431,0.126374,0.126134
2640,26,0.398545,0.01,0.01,0.215097,0.366357,0.053144,0.946856,0.12498,0.127077
2641,26,0.398416,0.010002,0.010002,0.215144,0.366436,0.053064,0.946936,0.122639,0.122893
2642,24,0.398482,0.009999,0.009999,0.215122,0.366398,0.052986,0.947014,0.121891,0.122101
2643,24,0.398403,0.009998,0.009998,0.215071,0.36653,0.052691,0.947309,0.120417,0.121734
2644,24,0.39812,0.010005,0.010005,0.215171,0.3667,0.052376,0.947624,0.128465,0.129941
2645,32,0.398004,0.00999,0.010706,0.21496,0.36634,0.052648,0.947352,0.121767,0.120165
2646,24,0.398415,0.010005,0.010005,0.215062,0.366514,0.052105,0.947895,0.114525,0.117168
2647,30,0.3985,0.009995,0.010234,0.214949,0.366322,0.052871,0.947129,0.115888,0.111677
2648,24,0.398923,0.009993,0.009993,0.214802,0.366289,0.052688,0.947312,0.11203,0.112735
2649,26,0.399029,0.009998,0.009998,0.214759,0.366216,0.052452,0.947548,0.11802,0.119023
2650,24,0.399161,0.009994,0.009994,0.214633,0.366218,0.052618,0.947382,0.113584,0.112524
2651,30,0.399059,0.010001,0.010001,0.214665,0.366273,0.052888,0.947112,0.122125,0.120466
2652,30,0.398719,0.01,0.01,0.214666,0.366614,0.052651,0.947349,0.121074,0.122102
2653,30,0.398706,0.009995,0.009995,0.21455,0.366755,0.05237,0.94763,0.110245,0.11151
2654,36,0.398415,0.009997,0.009997,0.214495,0.367095,0.052331,0.947669,0.117436,0.117422
2655,24,0.398543,0.009998,0.009998,0.214448,0.367014,0.053411,0.946589,0.111644,0.105743
2656,30,0.398316,0.010004,0.010004,0.214527,0.36715,0.053636,0.946364,0.130027,0.128629
2657,24,0.397951,0.010003,0.010003,0.214582,0.367462,0.053444,0.946556,0.130954,0.131787
2658,32,0.397813,0.010002,0.010002,0.214633,0.367549,0.053596,0.946404,0.114311,0.113279
2659,30,0.398095,0.009995,0.009995,0.214534,0.36738,0.054486,0.945514,0.112976,0.10797
2660,30,0.397995,0.010002,0.010002,0.214567,0.367435,0.054971,0.945029,0.122144,0.119239
2661,30,0.397374,0.010359,0.010451,0.214434,0.367382,0.055003,0.944997,0.136855,0.13647
2662,24,0.397415,0.010013,0.010013,0.214708,0.367851,0.054405,0.945595,0.128394,0.131468
2663,30,0.397922,0.009992,0.010011,0.21453,0.367546,0.054881,0.945119,0.105094,0.102302
2664,24,0.397988,0.009999,0.009999,0.214507,0.367507,0.054783,0.945217,0.121891,0.12222
2665,30,0.39751,0.009999,0.009999,0.214494,0.367998,0.054587,0.945413,0.118428,0.119309
2666,32,0.397464,0.010001,0.010001,0.21451,0.368025,0.054798,0.945202,0.11713,0.115759
2667,36,0.397942,0.009992,0.009992,0.21434,0.367734,0.054872,0.945128,0.098862,0.098196
2668,24,0.39777,0.009999,0.009999,0.214318,0.367914,0.054505,0.945495,0.113199,0.114958
2669,24,0.397769,0.01,0.01,0.214318,0.367913,0.054713,0.945287,0.12165,0.120297
2670,24,0.397622,0.009999,0.009999,0.214293,0.368088,0.053949,0.946051,0.127868,0.131831
2671,36,0.397336,0.010476,0.009997,0.214223,0.367968,0.053938,0.946062,0.123444,0.123301
2672,30,0.397427,0.010006,0.010006,0.214359,0.368201,0.05432,0.94568,0.122136,0.119859
2673,30,0.397479,0.009996,0.009996,0.214277,0.368252,0.054814,0.945186,0.115114,0.112209
2674,24,0.397545,0.009999,0.009999,0.214251,0.368207,0.054524,0.945476,0.114225,0.115581
2675,24,0.397678,0.009994,0.009994,0.214125,0.368208,0.055195,0.944805,0.113499,0.109608
2676,24,0.397673,0.01,0.01,0.214123,0.368204,0.05602,0.94398,0.121574,0.116731
2677,26,0.397463,0.01,0.01,0.214126,0.36841,0.05609,0.94391,0.119272,0.118681
2678,24,0.397312,0.010003,0.010003,0.21418,0.368503,0.055867,0.944133,0.130925,0.131904
2679,26,0.397083,0.010497,0.010073,0.214057,0.368291,0.055795,0.944205,0.125993,0.126183
2680,32,0.397475,0.010003,0.010003,0.21412,0.3684,0.056156,0.943844,0.117284,0.115079
2681,24,0.39726,0.010004,0.010004,0.214198,0.368534,0.05603,0.94397,0.126426,0.126911
2682,30,0.397363,0.009998,0.009998,0.214164,0.368476,0.055303,0.944697,0.118047,0.121834
2683,24,0.397873,0.009991,0.009991,0.213982,0.368162,0.055429,0.944571,0.10665,0.105697
2684,24,0.397866,0.01,0.01,0.213978,0.368156,0.056331,0.943669,0.121694,0.116361
2685,36,0.39759,0.010687,0.009993,0.21383,0.367901,0.055863,0.944137,0.124655,0.127038
2686,30,0.397832,0.010007,0.010007,0.213985,0.368168,0.05611,0.94389,0.120641,0.119007
2687,32,0.397935,0.009996,0.009996,0.213893,0.36818,0.056512,0.943488,0.115308,0.112813
2688,24,0.397562,0.010225,0.010002,0.213944,0.368267,0.05552,0.94448,0.134545,0.139891
2689,30,0.397829,0.009999,0.009999,0.21393,0.368243,0.055701,0.944299,0.116078,0.11488
2690,24,0.397962,0.009998,0.009998,0.213882,0.36816,0.055266,0.944734,0.114485,0.116631
2691,26,0.397751,0.01,0.01,0.213884,0.368365,0.054975,0.945025,0.119301,0.120721
2692,26,0.397485,0.010001,0.010001,0.213907,0.368606,0.054647,0.945353,0.126277,0.127886
2693,24,0.397204,0.010005,0.010005,0.214007,0.368779,0.054119,0.945881,0.126302,0.128978
2694,30,0.397117,0.009993,0.010485,0.213867,0.368538,0.055042,0.944958,0.116448,0.111202
2695,26,0.397177,0.010007,0.010007,0.214016,0.368793,0.054725,0.945275,0.122655,0.124207
2696,26,0.397394,0.009993,0.009993,0.213873,0.368747,0.054812,0.945188,0.110726,0.110047
2697,32,0.396978,0.010192,0.010306,0.213837,0.368686,0.054816,0.945184,0.123995,0.123773
2698,30,0.397645,0.009997,0.009997,0.213778,0.368583,0.054935,0.945065,0.103868,0.102968
2699,32,0.397637,0.009995,0.009995,0.213666,0.368708,0.055271,0.944729,0.106804,0.104716
2700,26,0.397574,0.009994,0.009994,0.213542,0.368896,0.055299,0.944701,0.107926,0.107576
2701,24,0.397492,0.009998,0.009998,0.21349,0.369023,0.054637,0.945363,0.120399,0.123805
2702,26,0.397929,0.009993,0.009993,0.213333,0.368752,0.054001,0.945999,0.106137,0.109345
2703,30,0.3981,0.009997,0.009997,0.213267,0.368639,0.05464,0.94536,0.115955,0.11229
2704,24,0.397816,0.010005,0.010005,0.213366,0.368809,0.053968,0.946032,0.13461,0.138085
2705,24,0.398242,0.009993,0.009993,0.213218,0.368554,0.054199,0.945801,0.107657,0.106173
2706,28,0.398412,0.009997,0.009997,0.213153,0.368441,0.054302,0.945698,0.111795,0.111047
2707,24,0.398418,0.01,0.01,0.213148,0.368434,0.053876,0.946124,0.115729,0.117792
2708,38,0.398191,0.009999,0.009999,0.213134,0.368676,0.05366,0.94634,0.109713,0.110669
2709,32,0.397911,0.010002,0.010002,0.213172,0.368913,0.053638,0.946362,0.12383,0.123748
2710,30,0.397522,0.010416,0.01,0.213164,0.368898,0.053489,0.946511,0.129814,0.130416
2711,24,0.397977,0.009999,0.009999,0.21315,0.368874,0.054351,0.945649,0.111106,0.1062
2712,32,0.397748,0.010446,0.011008,0.212701,0.368097,0.053915,0.946085,0.120776,0.122941
2713,24,0.398045,0.010019,0.010019,0.213111,0.368806,0.053453,0.946547,0.12838,0.130663
2714,24,0.397742,0.010098,0.010004,0.213198,0.368958,0.053189,0.946811,0.134517,0.135703
2715,24,0.397704,0.009999,0.009999,0.213171,0.369128,0.052793,0.947207,0.120424,0.122268
2716,26,0.397703,0.01,0.01,0.21317,0.369127,0.05292,0.94708,0.126149,0.125306
2717,24,0.397417,0.010017,0.010005,0.213267,0.369295,0.052228,0.947772,0.134527,0.137999
2718,24,0.397137,0.01002,0.010005,0.213368,0.369469,0.051756,0.948244,0.128274,0.130531
2719,36,0.39716,0.00999,0.01058,0.21316,0.36911,0.051895,0.948105,0.116641,0.115712
2720,26,0.397257,0.010008,0.010008,0.213328,0.3694,0.051608,0.948392,0.124541,0.125865
2721,30,0.397439,0.009997,0.009997,0.213269,0.369297,0.051841,0.948159,0.115918,0.114519
2722,24,0.397437,0.01,0.01,0.213268,0.369295,0.052751,0.947249,0.1217,0.116697
2723,26,0.397659,0.009996,0.009996,0.213189,0.369159,0.052774,0.947226,0.11104,0.110725
2724,26,0.39785,0.009997,0.009997,0.213119,0.369038,0.052124,0.947876,0.117149,0.120343
2725,30,0.397951,0.009998,0.009998,0.213081,0.368972,0.053083,0.946917,0.116666,0.111444
2726,32,0.397904,0.010001,0.010001,0.213096,0.368998,0.05314,0.94686,0.126312,0.125803
2727,26,0.398007,0.009995,0.010223,0.212979,0.368796,0.053094,0.946906,0.117094,0.117113
2728,24,0.398517,0.009992,0.009992,0.212799,0.368701,0.053008,0.946992,0.103024,0.103239
2729,24,0.39873,0.009996,0.009996,0.212717,0.36856,0.0529,0.9471,0.117156,0.117495
2730,26,0.398324,0.010007,0.010007,0.212859,0.368804,0.052054,0.947946,0.134757,0.139044
2731,32,0.398118,0.010004,0.010004,0.212936,0.368939,0.051793,0.948207,0.13036,0.13154
2732,24,0.398042,0.010001,0.010001,0.212966,0.36899,0.051313,0.948687,0.116859,0.119136
2733,24,0.398177,0.009998,0.009998,0.212919,0.368909,0.050639,0.949361,0.114437,0.117659
2734,36,0.398095,0.009999,0.009999,0.212893,0.369015,0.05062,0.94938,0.123207,0.123108
2735,36,0.398034,0.009998,0.009998,0.21286,0.36911,0.051286,0.948714,0.120411,0.116837
2736,24,0.397695,0.010144,0.010003,0.212929,0.369229,0.050231,0.949769,0.134549,0.13975
2737,30,0.398331,0.009992,0.009992,0.212756,0.368929,0.05,0.95,0.097485,0.098494
2738,36,0.397958,0.009995,0.01068,0.21264,0.368728,0.050271,0.949729,0.130392,0.128872
2739,24,0.397776,0.01001,0.010064,0.212846,0.369304,0.05,0.95,0.124194,0.125383
2740,32,0.39776,0.010001,0.010001,0.212878,0.369359,0.050287,0.949713,0.117081,0.115449
2741,24,0.397895,0.009994,0.009994,0.212755,0.369362,0.050414,0.949586,0.113507,0.112668
2742,26,0.397705,0.010003,0.010003,0.212818,0.369472,0.050025,0.949975,0.129637,0.131447
2743,32,0.397636,0.009998,0.009998,0.212781,0.369587,0.050003,0.949997,0.117668,0.117619
2744,24,0.398247,0.00999,0.00999,0.212564,0.369209,0.05,0.95,0.106821,0.107866
2745,24,0.397958,0.010004,0.010004,0.212659,0.369374,0.05,0.95,0.128424,0.131357
2746,24,0.398182,0.009996,0.009996,0.212583,0.369242,0.05,0.95,0.117071,0.117245
2747,24,0.398382,0.009993,0.009993,0.212433,0.369199,0.050335,0.949665,0.107549,0.10567
2748,36,0.398252,0.010002,0.010002,0.212474,0.36927,0.050302,0.949698,0.125078,0.125023
2749,34,0.398321,0.009999,0.009999,0.212451,0.36923,0.050269,0.949731,0.112856,0.112866
2750,26,0.398504,0.009997,0.01002,0.212377,0.369103,0.05036,0.94964,0.117124,0.116489
2751,24,0.398716,0.009996,0.010031,0.212296,0.368961,0.051447,0.948553,0.110836,0.105137
2752,30,0.398433,0.010002,0.010002,0.212344,0.369219,0.05187,0.94813,0.127142,0.124754
2753,32,0.398577,0.009998,0.009998,0.212294,0.369133,0.052306,0.947694,0.108099,0.105654
2754,24,0.398147,0.010003,0.010003,0.212368,0.369478,0.051767,0.948233,0.12625,0.128875
2755,30,0.398379,0.009996,0.009996,0.212288,0.36934,0.051454,0.948546,0.107474,0.10883
2756,30,0.398479,0.009998,0.009998,0.212251,0.369274,0.051796,0.948204,0.119148,0.117173
2757,32,0.398355,0.009997,0.010304,0.212185,0.36916,0.052794,0.947206,0.111229,0.105879
2758,36,0.398141,0.009992,0.011014,0.212006,0.368848,0.053831,0.946169,0.112088,0.106421
2759,24,0.398575,0.010006,0.010246,0.212122,0.369051,0.054871,0.945129,0.109579,0.103729
2760,24,0.398571,0.010003,0.010066,0.21219,0.369169,0.054555,0.945445,0.124979,0.126438
2761,26,0.398519,0.009999,0.009999,0.212162,0.369322,0.05463,0.94537,0.113285,0.112674
2762,24,0.398457,0.010001,0.010001,0.212183,0.369358,0.054082,0.945918,0.131485,0.134276
2763,26,0.398328,0.010002,0.010002,0.212229,0.369438,0.054216,0.945784,0.128295,0.12739
2764,32,0.397864,0.010468,0.009997,0.212169,0.369503,0.053948,0.946052,0.137603,0.138837
2765,26,0.397597,0.010807,0.009999,0.212142,0.369455,0.053286,0.946714,0.128187,0.13156
2766,26,0.396864,0.011633,0.009998,0.212108,0.369397,0.052532,0.947468,0.134607,0.138414
2767,32,0.39797,0.010009,0.010009,0.212293,0.369719,0.052706,0.947294,0.093149,0.091987
2768,32,0.397932,0.010001,0.010001,0.212313,0.369754,0.052723,0.947277,0.121852,0.121557
2769,24,0.397422,0.009999,0.010574,0.21229,0.369715,0.052608,0.947392,0.134528,0.134929
2770,24,0.397698,0.010001,0.010001,0.212318,0.369981,0.052237,0.947763,0.110895,0.112609
2771,30,0.397602,0.010002,0.010002,0.212353,0.370042,0.052452,0.947548,0.122095,0.120788
2772,24,0.396568,0.011024,0.010845,0.21205,0.369513,0.052265,0.947735,0.134379,0.13515
2773,36,0.397139,0.010018,0.010061,0.212439,0.370343,0.052483,0.947517,0.120499,0.119152
2774,24,0.397019,0.010003,0.010003,0.212509,0.370465,0.051878,0.948122,0.130879,0.133846
2775,24,0.396651,0.010227,0.010002,0.212562,0.370558,0.051085,0.948915,0.134534,0.138448
2776,26,0.396795,0.009999,0.010168,0.212533,0.370506,0.050615,0.949385,0.122591,0.124823
2777,32,0.397229,0.009996,0.009996,0.212438,0.370342,0.050381,0.949619,0.10558,0.106595
2778,26,0.397226,0.01,0.01,0.212436,0.370338,0.050347,0.949653,0.126085,0.126092
2779,30,0.397017,0.00999,0.010774,0.212233,0.369984,0.05,0.95,0.118986,0.121563
2780,24,0.397039,0.010012,0.010012,0.212495,0.370441,0.05,0.95,0.128349,0.129967
2781,24,0.397184,0.009998,0.009998,0.212453,0.370367,0.05,0.95,0.114566,0.11732
2782,26,0.397492,0.009995,0.009995,0.212343,0.370175,0.05,0.95,0.108327,0.109704
2783,30,0.397391,0.010002,0.010002,0.212375,0.370231,0.05,0.95,0.131998,0.131993
2784,34,0.397548,0.009997,0.009997,0.212321,0.370137,0.050043,0.949957,0.103884,0.103516
2785,26,0.397465,0.010001,0.010001,0.212348,0.370184,0.05,0.95,0.123656,0.12785
2786,26,0.39766,0.009997,0.009997,0.21228,0.370066,0.05,0.95,0.117112,0.119183
2787,24,0.397128,0.010054,0.010568,0.212245,0.370005,0.05,0.95,0.134485,0.135092
2788,24,0.397375,0.010006,0.010006,0.212377,0.370235,0.051268,0.948732,0.115518,0.108918
2789,32,0.397817,0.009993,0.009993,0.212226,0.369971,0.051646,0.948354,0.101781,0.09961
2790,24,0.397305,0.009999,0.010565,0.212202,0.369929,0.05147,0.94853,0.134489,0.135201
2791,24,0.397161,0.010008,0.010008,0.212374,0.370448,0.051103,0.948897,0.122756,0.124463
2792,26,0.396818,0.010491,0.010055,0.212306,0.370329,0.051054,0.948946,0.128139,0.128208
2793,24,0.396421,0.010621,0.010002,0.212344,0.370612,0.050646,0.949354,0.130878,0.13277
2794,32,0.396721,0.010003,0.010003,0.212398,0.370876,0.050681,0.949319,0.106192,0.10579
2795,30,0.396805,0.009995,0.010234,0.212286,0.370681,0.051065,0.948935,0.115846,0.113718
2796,32,0.396984,0.009998,0.009998,0.212243,0.370777,0.051091,0.948909,0.105742,0.105385
2797,34,0.396894,0.010001,0.010001,0.212274,0.37083,0.051893,0.948107,0.110253,0.105955
2798,26,0.396726,0.010001,0.010098,0.212299,0.370875,0.052032,0.947968,0.128209,0.127303
2799,24,0.396337,0.010004,0.010004,0.212395,0.371259,0.051612,0.948388,0.124244,0.12625
2800,24,0.396058,0.010005,0.010005,0.212496,0.371436,0.050559,0.949441,0.134629,0.139843
2801,32,0.396157,0.009996,0.009996,0.212402,0.37145,0.050274,0.949726,0.118987,0.120266
2802,30,0.39627,0.009995,0.009995,0.212298,0.371442,0.050077,0.949923,0.124091,0.124862
2803,24,0.395898,0.010002,0.010002,0.212348,0.371749,0.05,0.95,0.122643,0.124581
2804,24,0.395909,0.01,0.01,0.212346,0.371745,0.05,0.95,0.115831,0.11905
2805,26,0.395504,0.010007,0.010007,0.212489,0.371994,0.05,0.95,0.129081,0.130513
2806,26,0.395025,0.010005,0.010005,0.212591,0.372374,0.05,0.95,0.131404,0.134427
2807,32,0.395001,0.009995,0.009995,0.212491,0.372517,0.050192,0.949808,0.114792,0.113631
2808,26,0.394848,0.009999,0.009999,0.212471,0.372683,0.050255,0.949745,0.117423,0.116947
2809,24,0.394847,0.01,0.01,0.212471,0.372682,0.051168,0.948832,0.121707,0.116854
2810,24,0.394771,0.009998,0.009998,0.212421,0.372812,0.050566,0.949434,0.112189,0.115024
2811,34,0.39468,0.010001,0.010001,0.212451,0.372865,0.050651,0.949349,0.124738,0.12414
2812,32,0.394848,0.009997,0.009997,0.212394,0.372764,0.050351,0.949649,0.117329,0.118688
2813,30,0.39462,0.010004,0.010004,0.212472,0.372901,0.050765,0.949235,0.123396,0.121123
2814,24,0.39434,0.010005,0.010005,0.212573,0.373078,0.050414,0.949586,0.128423,0.13003
2815,30,0.394315,0.010001,0.010001,0.212585,0.373099,0.050662,0.949338,0.120521,0.119069
2816,32,0.394482,0.009997,0.009997,0.212527,0.372997,0.050968,0.949032,0.117292,0.115578
2817,30,0.394647,0.009997,0.009997,0.212467,0.372892,0.051618,0.948382,0.099175,0.095625
2818,32,0.394357,0.009999,0.009999,0.212455,0.373189,0.052003,0.947997,0.107708,0.105526
2819,30,0.394534,0.009997,0.009997,0.212393,0.373079,0.052082,0.947918,0.115952,0.115353
2820,30,0.394709,0.009997,0.009997,0.212329,0.372968,0.052077,0.947923,0.116079,0.115896
2821,30,0.394802,0.009992,0.01035,0.212169,0.372687,0.051766,0.948234,0.122651,0.124062
2822,30,0.394361,0.010415,0.010296,0.212132,0.372796,0.0517,0.9483,0.136847,0.136975
2823,32,0.394544,0.010007,0.010138,0.212271,0.373041,0.05211,0.94789,0.126465,0.124146
2824,30,0.39463,0.009998,0.009998,0.212225,0.37315,0.052941,0.947059,0.113476,0.108924
2825,26,0.394418,0.01,0.01,0.212227,0.373354,0.052622,0.947378,0.121161,0.122677
2826,30,0.394023,0.010491,0.010747,0.211922,0.372817,0.052528,0.947472,0.128901,0.129214
2827,30,0.393675,0.010846,0.011258,0.211734,0.372487,0.052352,0.947648,0.126074,0.126788
2828,30,0.394509,0.01001,0.010679,0.211945,0.372857,0.052857,0.947143,0.100416,0.09752
2829,24,0.395303,0.009994,0.01028,0.211808,0.372616,0.053726,0.946274,0.097423,0.092613
2830,24,0.395127,0.010007,0.010007,0.211965,0.372893,0.053004,0.946996,0.126416,0.130064
2831,30,0.395189,0.009999,0.009999,0.211948,0.372864,0.053232,0.946768,0.118377,0.116968
2832,30,0.395366,0.009997,0.009997,0.211886,0.372754,0.053508,0.946492,0.116023,0.114335
2833,30,0.394322,0.011038,0.010991,0.211527,0.372122,0.0535,0.9465,0.139625,0.139447
2834,32,0.394435,0.010752,0.010886,0.211628,0.3723,0.053532,0.946468,0.126341,0.125962
2835,26,0.395112,0.010009,0.010425,0.211818,0.372635,0.053638,0.946362,0.117241,0.116468
2836,24,0.394917,0.010007,0.010221,0.211964,0.372892,0.053549,0.946451,0.134562,0.134851
2837,24,0.395082,0.009997,0.009997,0.21191,0.373014,0.053915,0.946085,0.115022,0.112871
2838,26,0.395275,0.009997,0.009997,0.21184,0.372891,0.053456,0.946544,0.117162,0.119414
2839,38,0.394964,0.009996,0.009996,0.211753,0.373291,0.053449,0.946551,0.120543,0.120356
2840,24,0.3949,0.010001,0.010001,0.211773,0.373326,0.052955,0.947045,0.123282,0.125724
2841,30,0.395078,0.009997,0.009997,0.211711,0.373217,0.053343,0.946657,0.125971,0.123708
2842,36,0.394975,0.010001,0.010018,0.211739,0.373266,0.054073,0.945927,0.122172,0.118073
2843,32,0.394835,0.009997,0.009997,0.211684,0.373487,0.054497,0.945503,0.112486,0.109954
2844,24,0.394175,0.010793,0.009998,0.211635,0.373399,0.053879,0.946121,0.135926,0.139086
2845,32,0.39413,0.010277,0.010627,0.21161,0.373356,0.054374,0.945626,0.125195,0.12232
2846,24,0.393695,0.01074,0.011245,0.211376,0.372944,0.054178,0.945822,0.129806,0.130659
2847,36,0.394637,0.010013,0.010013,0.211642,0.373695,0.054198,0.945802,0.101414,0.101092
2848,26,0.394162,0.010005,0.010005,0.211747,0.374081,0.053484,0.946516,0.131301,0.134967
2849,32,0.394346,0.009997,0.009997,0.211686,0.373974,0.053793,0.946207,0.096244,0.094338
2850,24,0.39448,0.009998,0.009998,0.211637,0.373887,0.053198,0.946802,0.114506,0.117464
2851,32,0.394636,0.009997,0.009997,0.211581,0.373788,0.053117,0.946883,0.115106,0.115345
2852,24,0.394266,0.010002,0.010002,0.211633,0.374097,0.052427,0.947573,0.130974,0.134453
2853,24,0.394885,0.00999,0.00999,0.211418,0.373717,0.051756,0.948244,0.106905,0.110153
2854,24,0.394887,0.01,0.01,0.21141,0.373703,0.051191,0.948809,0.124045,0.126753
2855,30,0.394989,0.009995,0.009995,0.211308,0.373713,0.051406,0.948594,0.106323,0.105051
2856,24,0.394673,0.010078,0.010004,0.211388,0.373856,0.050745,0.949255,0.126222,0.129429
2857,30,0.39448,0.010005,0.010005,0.211485,0.374026,0.05049,0.94951,0.129999,0.131091
2858,24,0.394115,0.010003,0.010003,0.211539,0.374341,0.050055,0.949945,0.122615,0.124634
2859,32,0.394238,0.009998,0.009998,0.211498,0.374268,0.050271,0.949729,0.107543,0.106287
2860,32,0.394285,0.009999,0.009999,0.21148,0.374236,0.051237,0.948763,0.109868,0.104836
2861,24,0.394223,0.010001,0.010001,0.211501,0.374273,0.050823,0.949177,0.125158,0.127083
2862,36,0.394547,0.009995,0.009995,0.211389,0.374075,0.051768,0.948232,0.100211,0.095207
2863,30,0.394445,0.010002,0.010002,0.211421,0.374131,0.052464,0.947536,0.122093,0.118268
2864,24,0.393902,0.010086,0.010573,0.21138,0.374059,0.052301,0.947699,0.134462,0.13511
2865,24,0.394298,0.010001,0.010001,0.211396,0.374304,0.052321,0.947679,0.113546,0.113251
2866,26,0.394529,0.009996,0.009996,0.211316,0.374162,0.051985,0.948015,0.109354,0.110909
2867,30,0.394681,0.009997,0.009997,0.21126,0.374064,0.052171,0.947829,0.112597,0.111412
2868,24,0.394397,0.010005,0.010005,0.211358,0.374236,0.051589,0.948411,0.126314,0.12916
2869,26,0.393915,0.010005,0.010005,0.211459,0.374616,0.050706,0.949294,0.1314,0.135774
2870,24,0.394847,0.009985,0.009985,0.211137,0.374047,0.050697,0.949303,0.093213,0.093012
2871,24,0.395262,0.009989,0.009989,0.210906,0.373854,0.050805,0.949195,0.103086,0.102343
2872,36,0.395611,0.009994,0.009994,0.210776,0.373624,0.05131,0.94869,0.097546,0.094756
2873,24,0.395238,0.010002,0.010002,0.210826,0.373931,0.050629,0.949371,0.130933,0.134246
2874,26,0.394755,0.010005,0.010005,0.210926,0.374309,0.05,0.95,0.131312,0.134477
2875,24,0.394391,0.010003,0.010003,0.210981,0.374623,0.05,0.95,0.130865,0.134448
2876,32,0.394347,0.010001,0.010001,0.210998,0.374653,0.050394,0.949606,0.126467,0.124304
2877,32,0.394209,0.009999,0.009999,0.210984,0.374808,0.050452,0.949548,0.118939,0.118475
2878,24,0.394086,0.010002,0.010002,0.211027,0.374883,0.05,0.95,0.126727,0.129578
2879,30,0.394088,0.01,0.01,0.211027,0.374884,0.050074,0.949926,0.119706,0.119144
2880,32,0.394088,0.01,0.01,0.211027,0.374884,0.050283,0.949717,0.116,0.114777
2881,30,0.393731,0.010333,0.01,0.211036,0.3749,0.050062,0.949938,0.129809,0.130717
2882,32,0.394303,0.009996,0.009996,0.210953,0.374752,0.050719,0.949281,0.091779,0.088305
2883,32,0.394585,0.00999,0.00999,0.210741,0.374693,0.050421,0.949579,0.103369,0.104695
2884,30,0.394405,0.01,0.01,0.210731,0.374865,0.051007,0.948993,0.118946,0.115787
2885,32,0.394359,0.010001,0.010001,0.210747,0.374893,0.051882,0.948118,0.111026,0.106347
2886,32,0.394768,0.009993,0.009993,0.210605,0.374641,0.051177,0.948823,0.1097,0.11313
2887,24,0.394702,0.010001,0.010001,0.210623,0.374673,0.051381,0.948619,0.123124,0.12189
2888,30,0.394476,0.010004,0.010004,0.210702,0.374814,0.051169,0.948831,0.123401,0.124305
2889,24,0.394197,0.010005,0.010005,0.210802,0.374992,0.050544,0.949456,0.128352,0.131362
2890,38,0.394099,0.010002,0.010002,0.210839,0.375058,0.050322,0.949678,0.125483,0.1264
2891,24,0.393636,0.01108,0.010074,0.210592,0.374618,0.050022,0.949978,0.129771,0.131085
2892,30,0.393828,0.010395,0.010281,0.210695,0.374801,0.050819,0.949181,0.119547,0.115356
2893,30,0.39405,0.010008,0.010008,0.210853,0.375082,0.050602,0.949398,0.115073,0.115933
2894,38,0.393854,0.009999,0.009999,0.210827,0.375322,0.051245,0.948755,0.121,0.117534
2895,26,0.393774,0.009998,0.009998,0.210784,0.375446,0.05132,0.94868,0.113364,0.112805
2896,32,0.393678,0.009996,0.009996,0.210709,0.375621,0.051202,0.948798,0.118677,0.11904
2897,24,0.393675,0.01,0.01,0.210707,0.375618,0.051193,0.948807,0.121719,0.121571
2898,24,0.393872,0.009997,0.009997,0.210639,0.375496,0.050938,0.949062,0.113056,0.114168
2899,32,0.393951,0.009999,0.009999,0.210609,0.375443,0.051237,0.948763,0.125054,0.123349
2900,24,0.393864,0.009998,0.009998,0.210563,0.375578,0.050843,0.949157,0.120042,0.121854
2901,30,0.393965,0.009995,0.009995,0.21046,0.375585,0.051511,0.948489,0.112874,0.10928
2902,30,0.393666,0.010002,0.010002,0.2105,0.37583,0.05177,0.94823,0.120326,0.118807
2903,32,0.393834,0.009997,0.009997,0.210443,0.375728,0.051666,0.948334,0.112626,0.112984
2904,24,0.393549,0.010005,0.010005,0.21054,0.375902,0.051228,0.948772,0.128347,0.130415
2905,24,0.393184,0.010003,0.010003,0.210594,0.376216,0.050528,0.949472,0.124719,0.128104
2906,24,0.393539,0.009994,0.009994,0.210473,0.375999,0.051222,0.948778,0.113308,0.109583
2907,24,0.393252,0.010005,0.010005,0.210569,0.376171,0.050514,0.949486,0.126277,0.129711
2908,30,0.39336,0.009998,0.009998,0.210534,0.376109,0.050859,0.949141,0.116671,0.11471
2909,30,0.393132,0.010004,0.010004,0.210612,0.376248,0.051065,0.948935,0.129858,0.128627
2910,24,0.393266,0.009998,0.009998,0.210568,0.37617,0.051844,0.948156,0.117835,0.113621
2911,30,0.393264,0.01,0.01,0.210568,0.376169,0.051615,0.948385,0.126338,0.127292
2912,30,0.392985,0.009999,0.009999,0.210547,0.37647,0.051704,0.948296,0.106819,0.106123
2913,26,0.392578,0.010007,0.010007,0.210688,0.376722,0.051101,0.948899,0.128985,0.13192
2914,32,0.392537,0.010001,0.010001,0.210706,0.376755,0.051109,0.948891,0.126334,0.126103
2915,24,0.392891,0.009994,0.009994,0.210584,0.376536,0.051027,0.948973,0.113404,0.113592
2916,24,0.393523,0.009989,0.009989,0.210361,0.376137,0.051678,0.948322,0.103651,0.10008
2917,24,0.393232,0.010004,0.010004,0.210454,0.376305,0.051131,0.948869,0.128342,0.130967
2918,30,0.393009,0.010004,0.010004,0.210535,0.376449,0.050718,0.949282,0.129871,0.131795
2919,32,0.392655,0.010001,0.010001,0.210553,0.37679,0.050482,0.949518,0.133758,0.134788
2920,24,0.392793,0.009998,0.009998,0.210506,0.376705,0.05,0.95,0.114471,0.11718
2921,24,0.392508,0.010005,0.010005,0.210603,0.37688,0.05,0.95,0.128374,0.130165
2922,30,0.392414,0.010002,0.010002,0.210639,0.376944,0.050343,0.949657,0.121921,0.120014
2923,24,0.392046,0.010003,0.010003,0.210692,0.377256,0.05,0.95,0.130879,0.136028
2924,36,0.391959,0.009996,0.010311,0.210615,0.377118,0.050371,0.949629,0.125459,0.123394
2925,36,0.391257,0.010769,0.011291,0.210238,0.376444,0.050871,0.949129,0.124547,0.121831
2926,32,0.391332,0.01086,0.011425,0.210131,0.376251,0.051014,0.948986,0.121761,0.120861
2927,24,0.391799,0.010015,0.010954,0.210436,0.376797,0.051236,0.948764,0.123178,0.121848
2928,36,0.391792,0.010004,0.010598,0.210515,0.377091,0.051655,0.948345,0.120406,0.118041
2929,26,0.392028,0.010006,0.010006,0.210642,0.377318,0.051006,0.948994,0.1262,0.12939
2930,24,0.39233,0.009995,0.009995,0.210542,0.377138,0.050435,0.949565,0.112842,0.115515
2931,30,0.392025,0.010002,0.010002,0.210578,0.377393,0.050026,0.949974,0.126745,0.128618
2932,32,0.391886,0.010002,0.010002,0.210628,0.377482,0.050129,0.949871,0.114302,0.1136
2933,24,0.392111,0.009996,0.009996,0.210551,0.377345,0.051232,0.948768,0.110898,0.105141
2934,24,0.392179,0.009999,0.009999,0.210525,0.377299,0.050813,0.949187,0.114291,0.116225
2935,24,0.392315,0.009998,0.009998,0.210477,0.377212,0.050135,0.949865,0.114448,0.117659
2936,24,0.391909,0.010308,0.010002,0.21051,0.377271,0.05,0.95,0.134487,0.138051
2937,30,0.39169,0.010003,0.010003,0.210576,0.377728,0.050115,0.949885,0.121007,0.12019
2938,24,0.391324,0.010003,0.010003,0.210629,0.378042,0.05,0.95,0.122623,0.125725
2939,24,0.391374,0.009999,0.009999,0.210614,0.378013,0.05,0.95,0.115482,0.118453
2940,34,0.391531,0.009997,0.009997,0.210559,0.377915,0.050419,0.949581,0.109568,0.107313
2941,26,0.39196,0.009993,0.009993,0.210409,0.377645,0.050461,0.949539,0.103637,0.103237
2942,26,0.391979,0.009996,0.009996,0.210328,0.377701,0.050482,0.949518,0.11127,0.111007
2943,30,0.392156,0.009995,0.010107,0.210225,0.377516,0.050993,0.949007,0.115517,0.112715
2944,32,0.392125,0.009997,0.009997,0.210162,0.377719,0.051202,0.948798,0.114945,0.113678
2945,24,0.39201,0.009988,0.010843,0.209904,0.377256,0.051935,0.948065,0.117027,0.113082
2946,24,0.391967,0.010011,0.010011,0.210131,0.377881,0.05128,0.94872,0.124781,0.127999
2947,32,0.392039,0.009999,0.009999,0.210113,0.377849,0.051199,0.948801,0.108694,0.108887
2948,32,0.391759,0.010002,0.010002,0.21015,0.378087,0.051235,0.948765,0.122143,0.121768
2949,30,0.391482,0.010134,0.010002,0.210202,0.378179,0.051021,0.948979,0.123192,0.124075
2950,24,0.391673,0.009999,0.009999,0.210183,0.378146,0.050375,0.949625,0.114503,0.117573
2951,26,0.3913,0.010564,0.010045,0.210098,0.377993,0.05,0.95,0.128111,0.130372
2952,24,0.391762,0.010002,0.010002,0.210149,0.378084,0.050236,0.949764,0.117266,0.115917
2953,24,0.39148,0.010005,0.010005,0.210248,0.378263,0.05,0.95,0.134518,0.137705
2954,30,0.391256,0.010004,0.010004,0.210329,0.378407,0.05,0.95,0.139891,0.139863
2955,30,0.391444,0.009994,0.009994,0.210201,0.378367,0.050345,0.949655,0.109967,0.108051
2956,26,0.390953,0.010005,0.010005,0.210297,0.378741,0.05,0.95,0.131353,0.13529
2957,24,0.390621,0.010136,0.010003,0.210369,0.378871,0.05,0.95,0.128219,0.130378
2958,30,0.39038,0.010003,0.010003,0.21044,0.379173,0.05,0.95,0.126925,0.127375
2959,24,0.389779,0.01066,0.009999,0.210422,0.37914,0.05,0.95,0.135918,0.139153
2960,26,0.390002,0.010385,0.010001,0.21044,0.379172,0.05,0.95,0.118082,0.120763
2961,26,0.390021,0.010006,0.010006,0.210566,0.379401,0.05,0.95,0.12829,0.128577
2962,30,0.390026,0.01,0.01,0.210569,0.379405,0.050771,0.949229,0.113116,0.109033
2963,32,0.390243,0.009996,0.009996,0.210494,0.37927,0.051643,0.948357,0.106654,0.102047
2964,24,0.389871,0.010002,0.010002,0.210545,0.379579,0.051218,0.948782,0.124731,0.126738
2965,32,0.390041,0.009997,0.009997,0.210488,0.379477,0.051178,0.948822,0.10797,0.107988
2966,24,0.389754,0.010005,0.010005,0.210585,0.379651,0.051033,0.948967,0.134537,0.135096
2967,30,0.389937,0.009997,0.009997,0.210525,0.379544,0.050953,0.949047,0.116093,0.116322
2968,32,0.389765,0.009998,0.009998,0.210473,0.379767,0.05158,0.94842,0.10887,0.105492
2969,24,0.389812,0.009999,0.009999,0.210455,0.379735,0.051226,0.948774,0.115531,0.117159
2970,30,0.389614,0.01,0.01,0.210457,0.379928,0.051654,0.948346,0.112401,0.110003
2971,26,0.38993,0.009995,0.009995,0.210348,0.379732,0.051324,0.948676,0.108489,0.110003
2972,30,0.390175,0.009996,0.009996,0.21026,0.379573,0.05164,0.94836,0.107562,0.105727
2973,36,0.390246,0.009999,0.009999,0.210233,0.379523,0.052136,0.947864,0.112208,0.109449
2974,32,0.390199,0.010001,0.010001,0.210248,0.379551,0.052356,0.947644,0.117222,0.115887
2975,26,0.390225,0.009996,0.009996,0.21017,0.379612,0.052363,0.947637,0.111266,0.111054
2976,30,0.389795,0.009999,0.009999,0.21014,0.380068,0.052302,0.947698,0.128012,0.12814
2977,30,0.390056,0.009996,0.009996,0.210049,0.379904,0.051712,0.948288,0.116313,0.119199
2978,30,0.390459,0.009993,0.009993,0.209907,0.379647,0.052131,0.947869,0.102099,0.099658
2979,24,0.390592,0.009994,0.009994,0.209782,0.379638,0.05235,0.94765,0.113515,0.112179
2980,26,0.391596,0.009983,0.009983,0.209432,0.379005,0.052383,0.947617,0.090653,0.090228
2981,30,0.391281,0.010001,0.010001,0.209463,0.379252,0.05184,0.94816,0.126705,0.129355
2982,30,0.391461,0.009997,0.009997,0.209403,0.379142,0.051815,0.948185,0.109379,0.109314
2983,24,0.391175,0.010005,0.010005,0.209499,0.379317,0.051419,0.948581,0.128405,0.130273
2984,24,0.391189,0.01,0.01,0.209497,0.379314,0.050707,0.949293,0.124009,0.127441
2985,30,0.391014,0.009988,0.010891,0.209247,0.37886,0.051618,0.948382,0.115821,0.111023
2986,24,0.391411,0.010004,0.010004,0.209338,0.379242,0.050972,0.949028,0.110875,0.11398
2987,30,0.391196,0.00999,0.010818,0.20913,0.378866,0.051045,0.948955,0.118989,0.118409
2988,30,0.390942,0.010144,0.011296,0.208996,0.378622,0.051145,0.948855,0.125675,0.1249
2989,26,0.391549,0.01001,0.01001,0.209213,0.379217,0.051211,0.948789,0.109919,0.109409
2990,30,0.391961,0.009994,0.009994,0.209079,0.378973,0.051013,0.948987,0.102148,0.102907
2991,26,0.392187,0.009996,0.009996,0.208996,0.378824,0.051044,0.948956,0.10923,0.108887
2992,26,0.391975,0.01,0.01,0.208998,0.379028,0.050548,0.949452,0.121142,0.123504
2993,32,0.392021,0.009994,0.009994,0.208876,0.379115,0.050934,0.949066,0.111334,0.109214
2994,24,0.392263,0.009992,0.009992,0.208714,0.379038,0.050337,0.949663,0.107252,0.110066
2995,30,0.392338,0.009999,0.009999,0.208683,0.378982,0.050966,0.949034,0.118461,0.115096
2996,26,0.392127,0.01,0.01,0.208686,0.379187,0.050645,0.949355,0.12104,0.122504
2997,26,0.391996,0.010002,0.010002,0.208731,0.379269,0.050305,0.949695,0.124426,0.125977
2998,30,0.392028,0.009996,0.009996,0.208656,0.379323,0.051216,0.948784,0.113458,0.108662
2999,38,0.391792,0.010364,0.009998,0.208609,0.379238,0.051306,0.948694,0.124095,0.123456
3000,30,0.391836,0.01,0.01,0.208602,0.379563,0.051499,0.948501,0.104469,0.103282
3001,30,0.391737,0.010002,0.010002,0.208635,0.379624,0.052142,0.947858,0.115389,0.111871
3002,28,0.391839,0.009998,0.009998,0.208601,0.379562,0.051808,0.948192,0.112,0.113538
3003,24,0.391554,0.010005,0.010005,0.208698,0.379738,0.051404,0.948596,0.126336,0.128253
3004,24,0.391569,0.01,0.01,0.208696,0.379735,0.050875,0.949125,0.115784,0.118297
3005,32,0.391235,0.01,0.01,0.208705,0.380059,0.050666,0.949334,0.124436,0.12533
3006,30,0.390828,0.010001,0.010001,0.208729,0.380441,0.050316,0.949684,0.121159,0.122758
3007,26,0.390619,0.01,0.01,0.208733,0.380648,0.050138,0.949862,0.119122,0.119838
3008,30,0.390521,0.010002,0.010002,0.208766,0.38071,0.05,0.95,0.122021,0.122718
3009,24,0.390522,0.01,0.01,0.208767,0.380711,0.05,0.95,0.123739,0.126908
3010,26,0.390391,0.010002,0.010002,0.208812,0.380793,0.05,0.95,0.128225,0.130393
3011,24,0.390404,0.01,0.01,0.208809,0.380787,0.05,0.95,0.124066,0.127328
3012,26,0.390273,0.010002,0.010002,0.208854,0.380869,0.05,0.95,0.128242,0.131327
3013,26,0.390118,0.009999,0.009999,0.20884,0.381044,0.05,0.95,0.120241,0.121872
3014,24,0.389488,0.010854,0.010022,0.208752,0.380884,0.05,0.95,0.134378,0.13821
3015,32,0.389963,0.010093,0.010005,0.208859,0.38108,0.050587,0.949413,0.112525,0.109431
3016,26,0.389515,0.010006,0.010006,0.208977,0.381496,0.050203,0.949797,0.131277,0.133039
3017,30,0.38952,0.01,0.01,0.20898,0.3815,0.05118,0.94882,0.119689,0.114574
3018,24,0.38915,0.010002,0.010002,0.209032,0.381813,0.050911,0.949089,0.130859,0.132025
3019,34,0.389245,0.009996,0.009996,0.208944,0.38182,0.050853,0.949147,0.10692,0.107057
3020,24,0.388957,0.010005,0.010005,0.209039,0.381994,0.050248,0.949752,0.128227,0.131089
3021,24,0.389257,0.009995,0.009995,0.20894,0.381813,0.05,0.95,0.111203,0.113801
3022,26,0.388459,0.010438,0.010547,0.20887,0.381685,0.05,0.95,0.13448,0.135176
3023,30,0.388982,0.010006,0.010108,0.208993,0.381911,0.050361,0.949639,0.11603,0.114004
3024,30,0.388799,0.010005,0.010005,0.209095,0.382096,0.050734,0.949266,0.123223,0.121162
3025,26,0.389001,0.009997,0.009997,0.209029,0.381976,0.050251,0.949749,0.113437,0.11569
3026,32,0.389098,0.009995,0.009995,0.208933,0.381979,0.050485,0.949515,0.114331,0.112989
3027,32,0.389407,0.009995,0.009995,0.208824,0.381779,0.05082,0.94918,0.111577,0.109702
3028,26,0.389403,0.01,0.01,0.208822,0.381775,0.050192,0.949808,0.126139,0.129158
3029,24,0.389056,0.010429,0.010292,0.208689,0.381533,0.05,0.95,0.131291,0.134887
3030,26,0.389137,0.010184,0.010008,0.208848,0.381823,0.05,0.95,0.122457,0.123935
3031,26,0.38908,0.010004,0.010004,0.208933,0.381979,0.05,0.95,0.124449,0.126752
3032,30,0.388903,0.009997,0.009997,0.208881,0.382221,0.05,0.95,0.117451,0.119072
3033,36,0.388901,0.01,0.01,0.20888,0.382219,0.05,0.95,0.122053,0.122126
3034,30,0.388474,0.009999,0.009999,0.208851,0.382678,0.050273,0.949727,0.118082,0.11654
3035,30,0.388301,0.01,0.01,0.208844,0.382856,0.05096,0.94904,0.112322,0.108665
3036,24,0.388432,0.009998,0.009998,0.208799,0.382773,0.051739,0.948261,0.117819,0.113619
3037,26,0.388221,0.01,0.01,0.208801,0.382978,0.051616,0.948384,0.124901,0.125368
3038,26,0.388325,0.009998,0.009998,0.208766,0.382913,0.051932,0.948068,0.114647,0.112859
3039,30,0.388096,0.010004,0.010004,0.208843,0.383054,0.05155,0.94845,0.129925,0.131725
3040,24,0.388098,0.01,0.01,0.208844,0.383057,0.052815,0.947185,0.115504,0.10871
3041,30,0.387926,0.01,0.01,0.208838,0.383236,0.052933,0.947067,0.118917,0.118076
3042,24,0.387556,0.010002,0.010002,0.20889,0.383549,0.052327,0.947673,0.124637,0.127617
3043,24,0.387273,0.010005,0.010005,0.208988,0.383729,0.051803,0.948197,0.12624,0.128795
3044,24,0.386844,0.01038,0.010001,0.209009,0.383766,0.05127,0.94873,0.126131,0.128703
3045,32,0.387041,0.009998,0.009998,0.208966,0.383996,0.051575,0.948425,0.111296,0.10956
3046,26,0.387162,0.009995,0.009995,0.208855,0.383993,0.051155,0.948845,0.113919,0.11588
3047,24,0.386872,0.010005,0.010005,0.208951,0.384168,0.050533,0.949467,0.126326,0.129337
3048,30,0.386777,0.010002,0.010002,0.208986,0.384233,0.051101,0.948899,0.122065,0.11897
3049,38,0.386943,0.009994,0.010229,0.20885,0.383984,0.051268,0.948732,0.112846,0.111809
3050,24,0.386744,0.010007,0.010007,0.208994,0.384248,0.05068,0.94932,0.134472,0.137309
3051,32,0.386466,0.010002,0.010002,0.209033,0.384498,0.050562,0.949438,0.12109,0.121517
3052,24,0.386525,0.009992,0.009992,0.208866,0.384625,0.050721,0.949279,0.10993,0.108938
3053,30,0.386445,0.009998,0.009998,0.208823,0.384736,0.051475,0.948525,0.109871,0.105852
3054,30,0.387188,0.009988,0.009988,0.208569,0.384267,0.051616,0.948384,0.091443,0.090471
3055,32,0.387078,0.010001,0.010001,0.208598,0.384321,0.052063,0.947937,0.120219,0.117717
3056,32,0.387394,0.009995,0.009995,0.208491,0.384125,0.052438,0.947562,0.111691,0.10955
3057,24,0.386829,0.01014,0.010566,0.208438,0.384027,0.052275,0.947725,0.134408,0.135063
3058,24,0.3874,0.010002,0.010002,0.208484,0.384111,0.052363,0.947637,0.111377,0.110668
3059,28,0.387505,0.009998,0.009998,0.20845,0.384049,0.051878,0.948122,0.117268,0.119596
3060,24,0.38738,0.010002,0.010002,0.208491,0.384125,0.051327,0.948673,0.126803,0.129464
3061,24,0.386955,0.010882,0.010043,0.208317,0.383803,0.050557,0.949443,0.131263,0.135012
3062,34,0.387434,0.010007,0.010007,0.208469,0.384083,0.050613,0.949387,0.116538,0.116072
3063,36,0.387129,0.010244,0.010303,0.208388,0.383935,0.050747,0.949253,0.12342,0.122567
3064,24,0.386971,0.010008,0.010008,0.208554,0.384458,0.0503,0.9497,0.122525,0.124608
3065,38,0.387157,0.009997,0.009997,0.208497,0.384352,0.050297,0.949703,0.109059,0.1089
3066,26,0.387023,0.010002,0.010002,0.20854,0.384432,0.05,0.95,0.124522,0.126794
3067,24,0.387239,0.009996,0.010025,0.208458,0.384282,0.05017,0.94983,0.117094,0.116062
3068,30,0.387552,0.009995,0.009995,0.208359,0.384098,0.050515,0.949485,0.113912,0.111936
3069,30,0.387548,0.01,0.01,0.208357,0.384095,0.051188,0.948812,0.119696,0.116095
3070,24,0.387395,0.010003,0.010003,0.208409,0.384191,0.050511,0.949489,0.130907,0.134186
3071,26,0.387597,0.009997,0.009997,0.208342,0.384068,0.050183,0.949817,0.113427,0.114882
3072,24,0.388013,0.009993,0.009993,0.208198,0.383802,0.050923,0.949077,0.108259,0.104298
3073,32,0.387797,0.009995,0.009995,0.208102,0.384111,0.050885,0.949115,0.111986,0.111996
3074,26,0.38809,0.009995,0.009995,0.207999,0.383921,0.050936,0.949064,0.114093,0.113656
3075,24,0.388086,0.01,0.01,0.207997,0.383917,0.051848,0.948152,0.121711,0.116782
3076,36,0.38787,0.010312,0.009998,0.207964,0.383856,0.051729,0.948271,0.126202,0.126637
3077,26,0.388361,0.009994,0.009994,0.207835,0.383817,0.051374,0.948626,0.102987,0.104619
3078,24,0.388713,0.009994,0.009994,0.20771,0.383588,0.051808,0.948192,0.109849,0.107419
3079,24,0.388848,0.009998,0.009998,0.207661,0.383496,0.051424,0.948576,0.114578,0.11634
3080,26,0.388967,0.009995,0.009995,0.207551,0.383493,0.051365,0.948635,0.113913,0.114015
3081,32,0.389348,0.009994,0.009994,0.207418,0.383247,0.051492,0.948508,0.104963,0.104126
3082,30,0.389244,0.010001,0.010001,0.207448,0.383304,0.05154,0.94846,0.122015,0.121542
3083,24,0.388961,0.010005,0.010005,0.207546,0.383484,0.050812,0.949188,0.126252,0.129776
3084,26,0.388556,0.010007,0.010007,0.207686,0.383744,0.050493,0.949507,0.134649,0.136095
3085,36,0.388408,0.01,0.01,0.20769,0.383902,0.050702,0.949298,0.12039,0.119142
3086,24,0.388419,0.01,0.01,0.207686,0.383895,0.050115,0.949885,0.11588,0.118619
3087,26,0.388185,0.010214,0.01005,0.207676,0.383875,0.05,0.95,0.124302,0.12589
3088,36,0.388025,0.01,0.01,0.207673,0.384303,0.050385,0.949615,0.121285,0.119155
3089,26,0.38766,0.010545,0.010046,0.207593,0.384155,0.05,0.95,0.128098,0.130478
3090,24,0.387325,0.010103,0.010624,0.207663,0.384284,0.05,0.95,0.134454,0.13513
3091,24,0.387237,0.01001,0.01001,0.207866,0.384877,0.05,0.95,0.130882,0.13281
3092,30,0.38722,0.010001,0.010001,0.207879,0.3849,0.05027,0.94973,0.113022,0.111462
3093,32,0.387409,0.00999,0.010413,0.207672,0.384517,0.0506,0.9494,0.107883,0.106015
3094,26,0.387058,0.009996,0.010965,0.207599,0.384382,0.050685,0.949315,0.128172,0.127576
3095,30,0.387196,0.010004,0.010435,0.207673,0.384693,0.050776,0.949224,0.123353,0.122662
3096,30,0.387194,0.010004,0.010004,0.207758,0.385041,0.051532,0.948468,0.118835,0.114769
3097,24,0.386827,0.010003,0.010003,0.207811,0.385357,0.051144,0.948856,0.130838,0.132656
3098,32,0.38676,0.009998,0.009998,0.207775,0.385468,0.051892,0.948108,0.11311,0.109085
3099,26,0.386759,0.01,0.01,0.207774,0.385467,0.051415,0.948585,0.126087,0.128391
3100,30,0.386463,0.010002,0.010002,0.207816,0.385717,0.051632,0.948368,0.126863,0.125565
3101,24,0.386132,0.010123,0.010004,0.207889,0.385853,0.051106,0.948894,0.128199,0.130693
3102,30,0.385881,0.010064,0.010005,0.207997,0.386053,0.050708,0.949292,0.129999,0.131822
3103,32,0.385932,0.009995,0.009995,0.207896,0.386182,0.050643,0.949357,0.098247,0.098388
3104,36,0.386137,0.009994,0.009994,0.207769,0.386106,0.051036,0.948964,0.10905,0.106888
3105,32,0.386452,0.009995,0.009995,0.207659,0.3859,0.051419,0.948581,0.104045,0.101885
3106,26,0.386682,0.009996,0.009996,0.207577,0.385749,0.05105,0.94895,0.109428,0.111134
3107,24,0.387038,0.009994,0.009994,0.207454,0.38552,0.050253,0.949747,0.118056,0.12192
3108,26,0.387081,0.009999,0.009999,0.207435,0.385486,0.050528,0.949472,0.115922,0.11439
3109,24,0.387002,0.010001,0.010001,0.207461,0.385534,0.050185,0.949815,0.125056,0.126587
3110,30,0.387085,0.009999,0.009999,0.207434,0.385483,0.050005,0.949995,0.118471,0.119196
3111,24,0.387309,0.009996,0.009996,0.207358,0.385341,0.050262,0.949738,0.117277,0.115822
3112,30,0.386986,0.010002,0.010002,0.207406,0.385604,0.050161,0.949839,0.136975,0.137291
3113,26,0.386856,0.010002,0.010002,0.207451,0.385688,0.05,0.95,0.122535,0.123986
3114,26,0.386293,0.010003,0.010003,0.207507,0.386194,0.05,0.95,0.122171,0.124995
3115,32,0.386495,0.009997,0.009997,0.207441,0.38607,0.05,0.95,0.112006,0.113174
3116,36,0.386231,0.009997,0.009997,0.207382,0.386393,0.050545,0.949455,0.114403,0.111471
3117,32,0.386256,0.009999,0.009999,0.207372,0.386373,0.051098,0.948902,0.117154,0.114167
3118,32,0.386402,0.009998,0.009998,0.207322,0.386281,0.051009,0.948991,0.122056,0.12232
3119,32,0.386569,0.009997,0.009997,0.207264,0.386173,0.051504,0.948496,0.112542,0.109844
3120,24,0.386708,0.009994,0.009994,0.207142,0.386162,0.051456,0.948544,0.113617,0.11368
3121,32,0.386799,0.009997,0.010069,0.207083,0.386052,0.051733,0.948267,0.118285,0.116648
3122,24,0.38679,0.009998,0.009998,0.207035,0.38618,0.051912,0.948088,0.111816,0.110683
3123,30,0.386559,0.010004,0.010004,0.207111,0.386322,0.051476,0.948524,0.129849,0.131891
3124,24,0.386276,0.010005,0.010005,0.207209,0.386505,0.051136,0.948864,0.128288,0.129846
3125,30,0.385872,0.010001,0.010001,0.207235,0.386891,0.050886,0.949114,0.114463,0.115519
3126,32,0.385927,0.009996,0.009996,0.207157,0.386923,0.051171,0.948829,0.110813,0.109175
3127,30,0.386105,0.009997,0.009997,0.207094,0.386807,0.051488,0.948512,0.11606,0.114212
3128,24,0.385671,0.010003,0.010003,0.207166,0.387157,0.050947,0.949053,0.132373,0.134982
3129,24,0.385304,0.010003,0.010003,0.207218,0.387473,0.050506,0.949494,0.12253,0.124589
3130,24,0.384864,0.010404,0.010001,0.207232,0.387499,0.05,0.95,0.128189,0.131233
3131,32,0.38502,0.010004,0.010004,0.207316,0.387656,0.05,0.95,0.125405,0.126034
3132,30,0.385204,0.009997,0.009997,0.207257,0.387545,0.05,0.95,0.116124,0.117489
3133,36,0.384978,0.009999,0.009999,0.207237,0.387788,0.05,0.95,0.12299,0.123788
3134,32,0.385297,0.009995,0.009995,0.207128,0.387585,0.050324,0.949676,0.108672,0.106852
3135,32,0.385432,0.009998,0.009998,0.207079,0.387494,0.050635,0.949365,0.114281,0.11249
3136,24,0.385346,0.009998,0.009998,0.207033,0.387625,0.05,0.95,0.120051,0.123502
3137,24,0.385411,0.009999,0.009999,0.20701,0.387581,0.05,0.95,0.121929,0.122969
3138,26,0.385515,0.009998,0.009998,0.206975,0.387514,0.05014,0.94986,0.11466,0.113811
3139,30,0.385414,0.010002,0.010002,0.207007,0.387575,0.05,0.95,0.121988,0.122574
3140,30,0.385606,0.009997,0.009997,0.206944,0.387456,0.05,0.95,0.112848,0.114328
3141,32,0.385324,0.010002,0.010002,0.20698,0.387693,0.05,0.95,0.128244,0.128505
3142,30,0.385226,0.010002,0.010002,0.207014,0.387757,0.05,0.95,0.131833,0.132755
3143,36,0.38586,0.00999,0.00999,0.206801,0.387359,0.050216,0.949784,0.092592,0.09132
3144,30,0.385966,0.009995,0.009995,0.2067,0.387344,0.050932,0.949068,0.113067,0.1093
3145,26,0.385552,0.010007,0.010007,0.206836,0.387599,0.050515,0.949485,0.125091,0.127035
3146,30,0.385639,0.009999,0.009999,0.206812,0.387552,0.050557,0.949443,0.111807,0.111386
3147,30,0.385408,0.010004,0.010004,0.206888,0.387696,0.050318,0.949682,0.129967,0.130984
3148,32,0.385692,0.009996,0.009996,0.206795,0.387522,0.050546,0.949454,0.094543,0.093147
3149,30,0.38569,0.009994,0.009994,0.206679,0.387642,0.05021,0.94979,0.107274,0.108733
3150,36,0.385377,0.009996,0.009996,0.206595,0.388037,0.050487,0.949513,0.117674,0.116085
3151,24,0.385003,0.01022,0.010002,0.206644,0.38813,0.05,0.95,0.128194,0.13154
3152,24,0.38523,0.01,0.01,0.206643,0.388127,0.05,0.95,0.114548,0.115315
3153,24,0.385146,0.009998,0.009998,0.206598,0.38826,0.050843,0.949157,0.118014,0.113545
3154,38,0.385223,0.009994,0.009994,0.206475,0.388314,0.051722,0.948278,0.10439,0.099732
3155,24,0.384928,0.010015,0.010004,0.206566,0.388486,0.051006,0.948994,0.126159,0.129659
3156,24,0.385068,0.009998,0.009998,0.206526,0.38841,0.051744,0.948256,0.117857,0.113854
3157,24,0.385498,0.009993,0.009993,0.20638,0.388136,0.051576,0.948424,0.115837,0.116465
3158,26,0.38565,0.009994,0.009994,0.206257,0.388105,0.051274,0.948726,0.106005,0.107342
3159,42,0.385813,0.009997,0.009997,0.206198,0.387994,0.051891,0.948109,0.10912,0.105783
3160,26,0.385971,0.009996,0.010099,0.206109,0.387825,0.051979,0.948021,0.117167,0.116508
3161,26,0.385875,0.010003,0.010003,0.206173,0.387946,0.051665,0.948335,0.124414,0.125872
3162,32,0.385929,0.009994,0.009994,0.206054,0.388029,0.052417,0.947583,0.111244,0.107183
3163,24,0.385638,0.010005,0.010005,0.206147,0.388206,0.051999,0.948001,0.126238,0.128236
3164,24,0.385654,0.01,0.01,0.206145,0.388201,0.051452,0.948548,0.115778,0.118397
3165,38,0.385532,0.009998,0.009998,0.206096,0.388376,0.051783,0.948217,0.101367,0.09949
3166,30,0.385171,0.01,0.01,0.206103,0.388726,0.051918,0.948082,0.120994,0.120108
3167,24,0.38483,0.010147,0.010003,0.206169,0.388851,0.051329,0.948671,0.134432,0.137309
3168,30,0.384858,0.009999,0.009999,0.206146,0.388998,0.051835,0.948165,0.116308,0.113495
3169,24,0.384787,0.009998,0.009998,0.206097,0.389121,0.050987,0.949013,0.120405,0.124583
3170,30,0.384665,0.01031,0.009997,0.206031,0.388998,0.050753,0.949247,0.129413,0.130379
3171,30,0.384104,0.01047,0.010689,0.20593,0.388807,0.051016,0.948984,0.129695,0.128179
3172,24,0.384466,0.010009,0.010009,0.206124,0.389391,0.051096,0.948904,0.11802,0.117419
3173,30,0.384839,0.009994,0.009994,0.206006,0.389167,0.05122,0.94878,0.099359,0.098463
3174,36,0.384975,0.009995,0.010142,0.205907,0.388981,0.051048,0.948952,0.115787,0.116419
3175,26,0.384895,0.010004,0.010004,0.20598,0.389118,0.050663,0.949337,0.128306,0.130118
3176,30,0.385178,0.00999,0.010347,0.205768,0.388718,0.05104,0.94896,0.106592,0.104488
3177,24,0.384836,0.010178,0.010091,0.205834,0.38906,0.05028,0.94972,0.130724,0.134414
3178,30,0.385314,0.009993,0.010199,0.205696,0.388798,0.051117,0.948883,0.099813,0.095386
3179,36,0.385187,0.010001,0.010001,0.205711,0.3891,0.05113,0.94887,0.118164,0.117888
3180,30,0.385289,0.009995,0.010203,0.205608,0.388905,0.051532,0.948468,0.125939,0.123723
3181,32,0.385534,0.009999,0.009999,0.205592,0.388875,0.051879,0.948121,0.117206,0.115234
3182,32,0.385719,0.009996,0.010085,0.2055,0.388701,0.052779,0.947221,0.106501,0.101644
3183,32,0.385486,0.009995,0.009995,0.205396,0.389128,0.052647,0.947353,0.107933,0.108421
3184,32,0.385909,0.009993,0.009993,0.205251,0.388854,0.052563,0.947437,0.105716,0.105964
3185,32,0.385857,0.010001,0.010001,0.205264,0.388878,0.052968,0.947032,0.117058,0.114733
3186,32,0.385772,0.010051,0.010049,0.205259,0.388868,0.053492,0.946508,0.121614,0.118606
3187,30,0.385992,0.009998,0.009998,0.205219,0.388793,0.054493,0.945507,0.116132,0.110547
3188,26,0.385981,0.01,0.01,0.205222,0.388797,0.054395,0.945605,0.119192,0.119534
3189,30,0.386031,0.009994,0.009994,0.205092,0.388889,0.054992,0.945008,0.107112,0.103649
3190,30,0.385903,0.010002,0.010002,0.205131,0.388962,0.055349,0.944651,0.115411,0.113222
3191,26,0.385905,0.01,0.01,0.205131,0.388964,0.055259,0.944741,0.126188,0.126491
3192,36,0.386234,0.009992,0.009992,0.204969,0.388813,0.05568,0.94432,0.096515,0.093979
3193,30,0.385999,0.010004,0.010004,0.205042,0.388952,0.055618,0.944382,0.129957,0.130069
3194,32,0.38647,0.009992,0.009992,0.204887,0.388658,0.056234,0.943766,0.093249,0.089521
3195,24,0.386597,0.009998,0.009998,0.204839,0.388568,0.056949,0.943051,0.117864,0.113558
3196,32,0.386595,0.01,0.01,0.204838,0.388567,0.057513,0.942487,0.120721,0.117233
3197,26,0.38593,0.01066,0.01,0.20484,0.38857,0.057171,0.942829,0.134469,0.136194
3198,30,0.385939,0.010002,0.010002,0.204887,0.38917,0.057415,0.942585,0.107964,0.106314
3199,30,0.38635,0.009993,0.009993,0.204751,0.388912,0.057783,0.942217,0.112026,0.109594
3200,24,0.386345,0.01,0.01,0.204749,0.388907,0.05868,0.94132,0.121692,0.116156
3201,24,0.385642,0.010916,0.009996,0.204676,0.388769,0.057986,0.942014,0.135867,0.139705
3202,26,0.386044,0.010179,0.010005,0.204789,0.388983,0.057439,0.942561,0.11435,0.11728
3203,32,0.386115,0.010002,0.010002,0.204826,0.389055,0.057408,0.942592,0.120605,0.120542
3204,26,0.386553,0.009993,0.009993,0.204682,0.38878,0.057674,0.942326,0.103693,0.10191
3205,24,0.386773,0.009996,0.009996,0.204603,0.388631,0.057582,0.942418,0.117232,0.117529
3206,36,0.386616,0.01,0.01,0.204603,0.388781,0.057851,0.942149,0.120371,0.118547
3207,32,0.386616,0.01,0.01,0.204603,0.388781,0.058353,0.941647,0.111342,0.10817
3208,26,0.386589,0.01,0.010047,0.204596,0.388768,0.057867,0.942133,0.12479,0.127391
3209,26,0.386807,0.009997,0.009997,0.204539,0.38866,0.057554,0.942446,0.117307,0.118863
3210,26,0.387226,0.009993,0.009993,0.204398,0.38839,0.057091,0.942909,0.106661,0.109071
3211,34,0.387314,0.009996,0.009996,0.204307,0.388387,0.057322,0.942678,0.115605,0.114059
3212,24,0.387323,0.01,0.01,0.204301,0.388376,0.056682,0.943318,0.124091,0.127481
3213,30,0.386813,0.010546,0.010176,0.204228,0.388237,0.056325,0.943675,0.129755,0.131572
3214,30,0.386993,0.010009,0.010009,0.204409,0.38858,0.056871,0.943129,0.121921,0.118593
3215,32,0.386885,0.009999,0.009999,0.204391,0.388725,0.056977,0.943023,0.123417,0.122593
3216,32,0.386838,0.010001,0.010001,0.204407,0.388754,0.057029,0.942971,0.126314,0.125785
3217,30,0.387522,0.009989,0.009989,0.204179,0.388321,0.05673,0.94327,0.09515,0.096602
3218,32,0.387468,0.010001,0.010001,0.20419,0.388342,0.056672,0.943328,0.121742,0.121831
3219,24,0.3876,0.009998,0.009998,0.204146,0.388258,0.057757,0.942243,0.111666,0.105235
3220,24,0.387507,0.009997,0.010263,0.204087,0.388145,0.057432,0.942568,0.124003,0.125581
3221,24,0.387833,0.009999,0.009999,0.204065,0.388104,0.057367,0.942633,0.117113,0.117251
3222,26,0.387423,0.010007,0.010007,0.204201,0.388363,0.057036,0.942964,0.125183,0.126883
3223,30,0.387133,0.010002,0.010002,0.204244,0.388619,0.056862,0.943138,0.126871,0.127603
3224,24,0.386989,0.009999,0.009999,0.204221,0.388792,0.056281,0.943719,0.127788,0.130864
3225,24,0.387128,0.009998,0.009998,0.204174,0.388703,0.055714,0.944286,0.114506,0.117421
3226,24,0.386834,0.01002,0.010004,0.204265,0.388876,0.055037,0.944963,0.134478,0.13804
3227,24,0.386474,0.010003,0.010003,0.204321,0.389199,0.054353,0.945647,0.130843,0.134398
3228,24,0.386331,0.009999,0.009999,0.204298,0.389373,0.053799,0.946201,0.119525,0.122323
3229,24,0.38596,0.010002,0.010002,0.204349,0.389687,0.053527,0.946473,0.130882,0.13212
3230,32,0.386032,0.009999,0.009999,0.204327,0.389644,0.053538,0.946462,0.111922,0.111675
3231,32,0.386036,0.01,0.01,0.204324,0.38964,0.053122,0.946878,0.118321,0.120291
3232,24,0.385732,0.01005,0.010004,0.20441,0.389803,0.052377,0.947623,0.13444,0.138201
3233,30,0.385823,0.009994,0.009994,0.204286,0.389903,0.052338,0.947662,0.107059,0.107049
3234,24,0.385695,0.010002,0.010002,0.204324,0.389977,0.051711,0.948289,0.124677,0.127752
3235,24,0.38541,0.010005,0.010005,0.20442,0.39016,0.051053,0.948947,0.128333,0.131551
3236,30,0.38552,0.009998,0.009998,0.204387,0.390097,0.051226,0.948774,0.123234,0.122149
3237,36,0.385518,0.01,0.01,0.204386,0.390095,0.05186,0.94814,0.113764,0.110306
3238,24,0.385108,0.010108,0.010001,0.204415,0.390368,0.051539,0.948461,0.13073,0.132161
3239,30,0.385279,0.009999,0.009999,0.204395,0.390328,0.051865,0.948135,0.117977,0.116058
3240,24,0.385504,0.009996,0.009996,0.204319,0.390184,0.052948,0.947052,0.111023,0.105174
3241,24,0.385727,0.009996,0.009996,0.204243,0.390038,0.053133,0.946867,0.117213,0.116043
3242,30,0.385651,0.009998,0.009998,0.204202,0.390151,0.053539,0.946461,0.116483,0.114122
3243,24,0.3856,0.009999,0.010125,0.204176,0.3901,0.05437,0.94563,0.121607,0.11689
3244,30,0.385463,0.010004,0.010004,0.204262,0.390266,0.054348,0.945652,0.129665,0.12957
3245,30,0.38517,0.010002,0.010002,0.204305,0.39052,0.054394,0.945606,0.126867,0.12635
3246,24,0.385566,0.00999,0.010192,0.204108,0.390144,0.054,0.946,0.102049,0.103898
3247,32,0.38466,0.010419,0.011153,0.203833,0.389935,0.054119,0.945881,0.131075,0.130235
3248,24,0.385001,0.010003,0.0106,0.203899,0.390496,0.053937,0.946063,0.11882,0.119574
3249,32,0.385092,0.010003,0.010003,0.203968,0.390933,0.05352,0.94648,0.130235,0.132289
3250,32,0.385,0.009996,0.009996,0.203896,0.391111,0.053966,0.946034,0.101678,0.09908
3251,30,0.384898,0.010002,0.010002,0.203927,0.391172,0.054247,0.945753,0.121899,0.120155
3252,32,0.384853,0.010001,0.010001,0.203943,0.391202,0.054573,0.945427,0.126501,0.124529
3253,30,0.384938,0.009999,0.009999,0.203915,0.391149,0.054572,0.945428,0.112618,0.112417
3254,26,0.384728,0.01,0.01,0.203918,0.391354,0.054087,0.945913,0.124768,0.127208
3255,32,0.385115,0.009991,0.009991,0.203733,0.391169,0.054558,0.945442,0.100028,0.097204
3256,26,0.384976,0.010002,0.010002,0.203773,0.391246,0.05424,0.94576,0.124391,0.125933
3257,26,0.385277,0.009995,0.009995,0.203675,0.391058,0.054297,0.945703,0.114132,0.113628
3258,30,0.38544,0.009997,0.009997,0.203618,0.390948,0.054642,0.945358,0.099776,0.097657
3259,26,0.385306,0.010002,0.010002,0.203661,0.39103,0.054525,0.945475,0.128279,0.128744
3260,24,0.385533,0.009996,0.009996,0.203586,0.390887,0.055699,0.944301,0.111049,0.104339
3261,32,0.38549,0.009993,0.009993,0.203438,0.391087,0.056143,0.943857,0.107043,0.104339
3262,30,0.385665,0.009997,0.009997,0.203375,0.390966,0.055999,0.944001,0.116008,0.116568
3263,24,0.385291,0.010224,0.010002,0.203423,0.391059,0.055647,0.944353,0.134426,0.136177
3264,24,0.386025,0.009992,0.009992,0.203255,0.390736,0.056589,0.943411,0.097658,0.09216
3265,30,0.38579,0.010004,0.010004,0.203328,0.390875,0.056545,0.943455,0.139826,0.139828
3266,32,0.385874,0.009999,0.009999,0.203302,0.390827,0.05698,0.94302,0.111659,0.108967
3267,24,0.385939,0.009999,0.009999,0.20328,0.390784,0.056729,0.943271,0.121913,0.123125
3268,30,0.386325,0.009988,0.009988,0.20304,0.390659,0.057347,0.942653,0.096437,0.092703
3269,24,0.38603,0.010004,0.010004,0.20313,0.390832,0.057118,0.942882,0.13452,0.135608
3270,24,0.386557,0.009992,0.009992,0.202958,0.390502,0.057055,0.942945,0.106774,0.106822
3271,24,0.386563,0.01,0.01,0.202951,0.390487,0.056627,0.943373,0.115811,0.117999
3272,24,0.386109,0.01,0.01,0.202957,0.390934,0.055994,0.944006,0.120955,0.124298
3273,30,0.386496,0.009988,0.009988,0.202718,0.39081,0.056754,0.943246,0.096421,0.091937
3274,34,0.386441,0.009996,0.009996,0.20263,0.390938,0.056711,0.943289,0.113591,0.113603
3275,26,0.38636,0.009998,0.009998,0.202588,0.391057,0.056332,0.943668,0.11701,0.11893
3276,24,0.386191,0.009995,0.010462,0.202488,0.390864,0.055929,0.944071,0.123978,0.125966
3277,32,0.386267,0.010006,0.010006,0.202614,0.391107,0.056012,0.943988,0.120424,0.119738
3278,30,0.385995,0.010126,0.010003,0.202667,0.391209,0.055731,0.944269,0.123181,0.124513
3279,24,0.386355,0.009996,0.009996,0.20259,0.391062,0.055862,0.944138,0.110724,0.109686
3280,24,0.386352,0.01,0.01,0.202589,0.391059,0.056638,0.943362,0.121609,0.116981
3281,32,0.386452,0.009995,0.009995,0.202497,0.39106,0.05714,0.94286,0.109663,0.106593
3282,30,0.386555,0.009998,0.009998,0.20246,0.390988,0.057623,0.942377,0.11816,0.115082
3283,24,0.38661,0.009996,0.009996,0.202369,0.39103,0.056966,0.943034,0.110897,0.114385
3284,32,0.386625,0.009994,0.009994,0.202257,0.391129,0.056726,0.943274,0.100821,0.101957
3285,24,0.386304,0.010811,0.009992,0.202089,0.390805,0.055761,0.944239,0.129821,0.135025
3286,36,0.386623,0.010005,0.010017,0.202192,0.391163,0.056821,0.943179,0.109618,0.10349
3287,30,0.386941,0.009995,0.009995,0.202095,0.390974,0.057414,0.942586,0.096461,0.09279
3288,24,0.386986,0.009996,0.009996,0.202005,0.391018,0.057243,0.942757,0.122525,0.123254
3289,24,0.386763,0.010003,0.010003,0.202076,0.391154,0.057132,0.942868,0.126469,0.126888
3290,30,0.386667,0.010002,0.010002,0.20211,0.39122,0.057514,0.942486,0.13193,0.129468
3291,24,0.386584,0.009998,0.009998,0.202067,0.391353,0.057427,0.942573,0.120109,0.120364
3292,30,0.386407,0.010324,0.01039,0.201882,0.390996,0.057395,0.942605,0.119048,0.118994
3293,26,0.386474,0.010007,0.010007,0.202029,0.391482,0.05716,0.94284,0.11918,0.120288
3294,36,0.386401,0.009999,0.009999,0.202009,0.391592,0.05724,0.94276,0.120415,0.119707
3295,32,0.386401,0.01,0.01,0.202008,0.391591,0.057264,0.942736,0.111385,0.111014
3296,26,0.386252,0.009999,0.009999,0.201991,0.391758,0.057297,0.942703,0.117424,0.117036
3297,26,0.386356,0.009998,0.009998,0.201957,0.391691,0.057371,0.942629,0.114513,0.113872
3298,30,0.386535,0.009997,0.009997,0.201897,0.391575,0.057573,0.942427,0.11596,0.11456
3299,34,0.386443,0.010001,0.010001,0.201925,0.39163,0.058335,0.941665,0.116041,0.111406
3300,26,0.386234,0.01,0.01,0.201928,0.391837,0.058147,0.941853,0.119077,0.119947
3301,30,0.386322,0.009999,0.009999,0.2019,0.391781,0.058515,0.941485,0.129273,0.126866
3302,24,0.386035,0.010005,0.010005,0.201993,0.391963,0.058109,0.941891,0.128294,0.130424
3303,32,0.385897,0.010002,0.010002,0.202042,0.392057,0.05866,0.94134,0.114213,0.110754
3304,32,0.385898,0.01,0.01,0.202043,0.392059,0.05878,0.94122,0.125214,0.124231
3305,32,0.38615,0.009993,0.009993,0.201904,0.391959,0.059243,0.940757,0.103938,0.100937
3306,24,0.386565,0.009993,0.009993,0.201763,0.391685,0.0603,0.9397,0.10007,0.093459
3307,30,0.386258,0.010002,0.010002,0.201797,0.391942,0.060118,0.939882,0.120112,0.120874
3308,30,0.386715,0.009993,0.009993,0.201648,0.391652,0.059767,0.940233,0.092209,0.093978
3309,24,0.386722,0.01,0.01,0.201641,0.391638,0.05934,0.94066,0.115743,0.118004
3310,26,0.38659,0.010002,0.010002,0.201684,0.391722,0.058919,0.941081,0.128294,0.130572
3311,32,0.386692,0.009998,0.009998,0.201652,0.391659,0.059063,0.940937,0.102001,0.100837
3312,30,0.387038,0.009994,0.009994,0.201537,0.391436,0.059777,0.940223,0.102736,0.09821
3313,34,0.387038,0.009997,0.009997,0.201478,0.39149,0.059605,0.940395,0.118717,0.119517
3314,24,0.387377,0.009994,0.009994,0.201365,0.391269,0.05935,0.94065,0.111637,0.112768
3315,32,0.387822,0.009993,0.009993,0.201215,0.390978,0.059563,0.940437,0.091219,0.089648
3316,30,0.387743,0.009998,0.009998,0.201174,0.391088,0.059515,0.940485,0.116501,0.116528
3317,30,0.388207,0.009992,0.009992,0.20102,0.390789,0.059687,0.940313,0.097445,0.096043
3318,32,0.387279,0.011497,0.010297,0.20072,0.390206,0.059321,0.940679,0.139373,0.141315
3319,24,0.38793,0.010671,0.010004,0.200806,0.39059,0.058754,0.941246,0.11587,0.118937
3320,24,0.388324,0.010005,0.010005,0.200898,0.390769,0.059486,0.940514,0.11786,0.113254
3321,24,0.388683,0.009994,0.009994,0.200783,0.390545,0.060116,0.939884,0.113383,0.109367
3322,26,0.38867,0.01,0.01,0.200784,0.390546,0.059783,0.940217,0.119174,0.120943
3323,36,0.388852,0.009991,0.010354,0.200605,0.390199,0.060143,0.939857,0.113118,0.110651
3324,24,0.388701,0.010008,0.010008,0.200767,0.390515,0.059505,0.940495,0.128334,0.131918
3325,24,0.38935,0.00999,0.00999,0.20056,0.390111,0.060496,0.939504,0.097572,0.091329
3326,26,0.389445,0.009998,0.009998,0.200522,0.390037,0.060693,0.939307,0.114447,0.113008
3327,32,0.389165,0.010002,0.010002,0.200557,0.390275,0.060662,0.939338,0.123623,0.123536
3328,32,0.389166,0.01,0.01,0.200558,0.390276,0.060531,0.939469,0.120708,0.121222
3329,30,0.389323,0.009992,0.01032,0.200399,0.389967,0.061105,0.938895,0.112861,0.109108
3330,36,0.389146,0.010123,0.010634,0.200308,0.38979,0.061219,0.938781,0.121897,0.12095
3331,30,0.389546,0.010003,0.010003,0.200362,0.390086,0.061422,0.938578,0.106293,0.104813
3332,24,0.389179,0.010003,0.010003,0.200413,0.390403,0.060638,0.939362,0.130855,0.135413
3333,24,0.388683,0.01033,0.009999,0.200398,0.39059,0.05987,0.94013,0.130737,0.135126
3334,32,0.38896,0.009998,0.009998,0.200357,0.390688,0.060154,0.939846,0.103642,0.101704
3335,30,0.38873,0.010004,0.010004,0.200431,0.390832,0.060574,0.939426,0.129979,0.127173
3336,24,0.388448,0.010005,0.010005,0.200526,0.391017,0.05992,0.94008,0.128387,0.132078
3337,32,0.388382,0.009998,0.009998,0.200492,0.391129,0.05991,0.94009,0.113097,0.112877
3338,26,0.388678,0.009995,0.009995,0.200394,0.390938,0.059936,0.940064,0.114168,0.113785
3339,32,0.388395,0.010002,0.010002,0.200428,0.391174,0.060281,0.939719,0.122034,0.119708
3340,26,0.388187,0.01,0.01,0.200432,0.391381,0.060365,0.939635,0.124865,0.124117
3341,26,0.388082,0.01,0.010088,0.200437,0.391392,0.060497,0.939503,0.120679,0.119656
3342,30,0.388012,0.010018,0.010002,0.200484,0.391484,0.06059,0.93941,0.131798,0.130912
3343,24,0.387986,0.009999,0.010085,0.200471,0.391458,0.061292,0.938708,0.121592,0.117047
3344,26,0.388218,0.009998,0.009998,0.200423,0.391364,0.061214,0.938786,0.117232,0.117411
3345,30,0.388118,0.010002,0.010002,0.200454,0.391425,0.061894,0.938106,0.12208,0.117599
3346,30,0.388151,0.009996,0.009996,0.200382,0.391474,0.062184,0.937816,0.113488,0.11138
3347,30,0.388483,0.009994,0.009994,0.200271,0.391257,0.062494,0.937506,0.115568,0.113323
3348,24,0.387937,0.01066,0.009998,0.200229,0.391176,0.061976,0.938024,0.134387,0.13729
3349,30,0.388419,0.009997,0.009997,0.200176,0.39141,0.062896,0.937104,0.101107,0.095069
3350,24,0.38898,0.009991,0.009991,0.199991,0.391048,0.062961,0.937039,0.104068,0.103347
3351,26,0.389128,0.009994,0.009994,0.199871,0.391013,0.062758,0.937242,0.105916,0.106899
3352,24,0.389643,0.009991,0.009991,0.199698,0.390676,0.062687,0.937313,0.10675,0.106837
3353,30,0.389741,0.009998,0.010001,0.19966,0.390601,0.063278,0.936722,0.116518,0.112517
3354,24,0.389577,0.009999,0.009999,0.199642,0.390782,0.062755,0.937245,0.121357,0.124345
3355,24,0.389492,0.009998,0.009998,0.199598,0.390914,0.062314,0.937686,0.120103,0.122572
3356,26,0.389281,0.01,0.01,0.1996,0.391118,0.061822,0.938178,0.124797,0.127602
3357,24,0.389293,0.01,0.01,0.199597,0.391111,0.061228,0.938772,0.115925,0.119274
3358,30,0.389292,0.01,0.01,0.199597,0.391111,0.061493,0.938507,0.119565,0.117645
3359,30,0.389096,0.00999,0.010579,0.199407,0.390928,0.061194,0.938806,0.125817,0.12738
3360,38,0.389305,0.009994,0.010717,0.199288,0.390696,0.06133,0.93867,0.114164,0.113078
3361,30,0.38973,0.010003,0.010082,0.199356,0.390829,0.061735,0.938265,0.115948,0.113163
3362,32,0.389924,0.010017,0.009998,0.199314,0.390747,0.061525,0.938475,0.117165,0.118165
3363,26,0.389799,0.010002,0.010002,0.19936,0.390837,0.061029,0.938971,0.12452,0.127343
3364,26,0.389916,0.009998,0.009998,0.199323,0.390765,0.060542,0.939458,0.114387,0.117098
3365,32,0.390082,0.009997,0.009997,0.199267,0.390656,0.060856,0.939144,0.11731,0.115188
3366,36,0.390336,0.009996,0.009996,0.199183,0.39049,0.060741,0.939259,0.110513,0.110893
3367,30,0.390438,0.009995,0.009995,0.199085,0.390488,0.061323,0.938677,0.112873,0.109065
3368,38,0.390401,0.009996,0.009996,0.199006,0.3906,0.061231,0.938769,0.116592,0.116872
3369,24,0.390174,0.0102,0.010391,0.198881,0.390355,0.061035,0.938965,0.123974,0.124848
3370,26,0.390404,0.009998,0.010506,0.198833,0.39026,0.061144,0.938856,0.117172,0.116214
3371,24,0.390772,0.010002,0.010002,0.198877,0.390346,0.061638,0.938362,0.10596,0.102556
3372,24,0.390997,0.009996,0.009996,0.198805,0.390205,0.062657,0.937343,0.10892,0.102329
3373,24,0.390649,0.010006,0.010006,0.198916,0.390423,0.062062,0.937938,0.135972,0.139449
3374,24,0.390877,0.009996,0.009996,0.198845,0.390284,0.063035,0.936965,0.110888,0.104543
3375,32,0.390829,0.010001,0.010001,0.198859,0.390311,0.063167,0.936833,0.12166,0.12055
3376,32,0.391107,0.009995,0.009995,0.198769,0.390134,0.06298,0.93702,0.109939,0.110728
3377,24,0.390972,0.010177,0.009999,0.198752,0.3901,0.062097,0.937903,0.131382,0.136663
3378,24,0.390963,0.010003,0.010003,0.198812,0.390219,0.061367,0.938633,0.125055,0.129258
3379,36,0.391087,0.009996,0.010096,0.198741,0.390079,0.061334,0.938666,0.116062,0.115945
3380,30,0.390918,0.010027,0.01093,0.198506,0.389619,0.06164,0.93836,0.125753,0.123619
3381,24,0.390861,0.01001,0.010171,0.198714,0.390244,0.061059,0.938941,0.124628,0.12789
3382,26,0.390922,0.010002,0.010002,0.198753,0.390321,0.060508,0.939492,0.121043,0.124145
3383,30,0.390628,0.010002,0.010002,0.198794,0.390574,0.060858,0.939142,0.120405,0.11802
3384,30,0.391032,0.009993,0.009993,0.198664,0.390318,0.061062,0.938938,0.100141,0.098547
3385,36,0.391129,0.009996,0.009996,0.198579,0.390301,0.061068,0.938932,0.110239,0.109845
3386,24,0.391542,0.009993,0.009993,0.198441,0.390031,0.062091,0.937909,0.099992,0.093384
3387,30,0.391642,0.009998,0.009998,0.198404,0.389958,0.062419,0.937581,0.11916,0.116801
3388,24,0.39133,0.010071,0.010004,0.198482,0.390112,0.061819,0.938181,0.128238,0.131658
3389,24,0.391914,0.009992,0.009992,0.198317,0.389786,0.061351,0.938649,0.101089,0.103582
3390,24,0.391918,0.01,0.01,0.19831,0.389773,0.060298,0.939702,0.124039,0.130127
3391,32,0.391963,0.010168,0.010131,0.198193,0.389544,0.06037,0.93963,0.121761,0.121058
3392,30,0.392006,0.010001,0.010001,0.198215,0.389777,0.060322,0.939678,0.116497,0.116516
3393,24,0.391723,0.010005,0.010005,0.198308,0.38996,0.059977,0.940023,0.134563,0.136352
3394,30,0.39223,0.009992,0.009992,0.198146,0.389641,0.060055,0.939945,0.096542,0.095743
3395,24,0.39194,0.010005,0.010005,0.198235,0.389816,0.059632,0.940368,0.126239,0.128527
3396,30,0.391811,0.009997,0.009997,0.19817,0.390026,0.060252,0.939748,0.104141,0.100144
3397,26,0.391846,0.009999,0.009999,0.198156,0.389999,0.059619,0.940381,0.114767,0.11827
3398,30,0.391698,0.010127,0.01,0.198163,0.390012,0.059832,0.940168,0.131814,0.130238
3399,30,0.391674,0.009999,0.009999,0.19815,0.390177,0.060247,0.939753,0.116495,0.11372
3400,26,0.391464,0.01,0.01,0.198153,0.390383,0.059604,0.940396,0.124825,0.128461
3401,24,0.39118,0.010005,0.010005,0.198246,0.390565,0.05917,0.94083,0.128242,0.130561
3402,24,0.390784,0.010265,0.010033,0.198282,0.390636,0.058637,0.941363,0.126136,0.129025
3403,26,0.391098,0.01,0.01,0.198277,0.390626,0.058704,0.941296,0.117155,0.116515
3404,26,0.391596,0.009992,0.009992,0.198114,0.390306,0.058747,0.941253,0.10571,0.105172
3405,36,0.391437,0.01,0.01,0.198112,0.390452,0.058805,0.941195,0.121885,0.121284
3406,32,0.391367,0.009998,0.009998,0.198076,0.390561,0.059013,0.940987,0.122328,0.120834
3407,30,0.390302,0.01111,0.010991,0.197726,0.38987,0.058948,0.941052,0.139599,0.139718
3408,24,0.391177,0.010018,0.010017,0.198054,0.390735,0.058601,0.941399,0.110909,0.11265
3409,26,0.391388,0.009997,0.009997,0.197997,0.390621,0.058185,0.941815,0.117246,0.119427
3410,30,0.391589,0.009997,0.009997,0.197929,0.390488,0.058276,0.941724,0.099842,0.098992
3411,24,0.390537,0.011088,0.01084,0.197633,0.389903,0.058041,0.941959,0.134334,0.135449
3412,36,0.390792,0.010239,0.010541,0.197841,0.390587,0.058219,0.941781,0.125162,0.12388
3413,24,0.390198,0.011003,0.010564,0.197776,0.390459,0.05741,0.94259,0.134392,0.138848
3414,32,0.389817,0.011318,0.010676,0.19776,0.390428,0.057077,0.942923,0.139533,0.14124
3415,24,0.389254,0.012006,0.010699,0.197711,0.39033,0.056266,0.943734,0.13438,0.138764
3416,24,0.389324,0.012289,0.010268,0.197737,0.390382,0.055545,0.944455,0.12401,0.12779
3417,24,0.390532,0.01036,0.010013,0.197992,0.391103,0.055786,0.944214,0.104118,0.102533
3418,24,0.390604,0.010001,0.010001,0.198019,0.391374,0.05546,0.94454,0.120382,0.121904
3419,24,0.390605,0.01,0.01,0.19802,0.391375,0.056549,0.943451,0.115434,0.109145
3420,30,0.390507,0.010002,0.010002,0.198052,0.391438,0.057254,0.942746,0.122103,0.117837
3421,24,0.390647,0.009998,0.009998,0.198008,0.39135,0.05709,0.94291,0.114511,0.115165
3422,30,0.390472,0.01,0.01,0.198001,0.391527,0.057722,0.942278,0.118868,0.114997
3423,24,0.390411,0.010001,0.010001,0.198021,0.391566,0.057727,0.942273,0.123184,0.122917
3424,38,0.390107,0.009996,0.009996,0.197941,0.39196,0.057872,0.942128,0.120334,0.119228
3425,30,0.390006,0.010002,0.010002,0.197971,0.39202,0.058352,0.941648,0.122108,0.119046
3426,24,0.389638,0.010003,0.010003,0.198021,0.392336,0.057951,0.942049,0.124595,0.126686
3427,30,0.389696,0.009997,0.010126,0.197962,0.392219,0.058197,0.941803,0.11903,0.117346
3428,36,0.389584,0.010001,0.010019,0.197984,0.392412,0.058468,0.941532,0.128599,0.126764
3429,30,0.389592,0.01,0.01,0.197988,0.39242,0.058861,0.941139,0.1197,0.117134
3430,24,0.389713,0.009994,0.009994,0.197878,0.39242,0.058912,0.941088,0.108607,0.107995
3431,30,0.390075,0.009994,0.009994,0.197757,0.39218,0.059051,0.940949,0.116714,0.115635
3432,24,0.39059,0.009991,0.009991,0.197587,0.391841,0.059133,0.940867,0.106806,0.106059
3433,24,0.390464,0.010528,0.010501,0.197278,0.391229,0.058397,0.941603,0.119317,0.123353
3434,30,0.389778,0.011239,0.010948,0.19712,0.390915,0.058473,0.941527,0.139668,0.138977
3435,26,0.38981,0.011545,0.010235,0.197245,0.391164,0.057806,0.942194,0.128164,0.131838
3436,24,0.390927,0.010563,0.010002,0.197278,0.391229,0.058422,0.941578,0.103733,0.09989
3437,36,0.391116,0.010002,0.010002,0.197312,0.391569,0.059153,0.940847,0.107061,0.102542
3438,24,0.391072,0.010115,0.009999,0.19729,0.391525,0.058432,0.941568,0.129874,0.133887
3439,26,0.390769,0.009998,0.010552,0.197245,0.391436,0.058521,0.941479,0.12817,0.127428
3440,30,0.391213,0.010002,0.010013,0.197275,0.391497,0.05825,0.94175,0.107529,0.108788
3441,32,0.391271,0.009996,0.009996,0.197204,0.391533,0.058245,0.941755,0.12006,0.119868
3442,24,0.391466,0.009997,0.009997,0.197138,0.391402,0.057933,0.942067,0.11303,0.114596
3443,30,0.391291,0.01,0.01,0.197131,0.391578,0.058024,0.941976,0.112308,0.1115
3444,24,0.391007,0.010005,0.010005,0.197223,0.391761,0.057587,0.942413,0.128353,0.130642
3445,24,0.391306,0.009995,0.009995,0.197129,0.391575,0.056874,0.943126,0.11945,0.123266
3446,24,0.391018,0.010005,0.010005,0.197219,0.391754,0.056444,0.943556,0.12834,0.130543
3447,32,0.390887,0.009997,0.009997,0.197165,0.391953,0.056172,0.943828,0.124971,0.126271
3448,32,0.39103,0.009998,0.009998,0.197117,0.391858,0.056178,0.943822,0.115042,0.114798
3449,24,0.390744,0.010005,0.010005,0.197208,0.392039,0.055527,0.944473,0.128411,0.131853
3450,30,0.390926,0.009997,0.009997,0.197152,0.391927,0.055435,0.944565,0.116006,0.116284
3451,30,0.390897,0.009995,0.009995,0.197051,0.392063,0.056166,0.943834,0.107697,0.103402
3452,26,0.390805,0.009998,0.009998,0.197012,0.392186,0.055655,0.944345,0.117696,0.120355
3453,24,0.390772,0.009999,0.010081,0.196995,0.392153,0.056697,0.943303,0.113338,0.107286
3454,32,0.391169,0.009995,0.009995,0.196893,0.391949,0.056357,0.943643,0.108593,0.110265
3455,32,0.391255,0.009995,0.009995,0.196804,0.39195,0.056134,0.943866,0.107624,0.10867
3456,24,0.391668,0.009993,0.009993,0.196668,0.391679,0.056861,0.943139,0.108208,0.103809
3457,24,0.391885,0.009996,0.009996,0.196593,0.39153,0.056823,0.943177,0.117194,0.117179
3458,32,0.3916,0.010002,0.010002,0.196625,0.391772,0.056588,0.943412,0.127295,0.128417
3459,30,0.391706,0.009998,0.009998,0.196592,0.391706,0.05754,0.94246,0.116705,0.11105
3460,30,0.391755,0.010109,0.009997,0.196539,0.3916,0.056711,0.943289,0.122695,0.127153
3461,32,0.392241,0.009994,0.009994,0.196416,0.391356,0.056937,0.943063,0.106485,0.104942
3462,24,0.392651,0.009993,0.009993,0.196279,0.391084,0.057662,0.942338,0.108147,0.103696
3463,24,0.392656,0.01,0.01,0.196273,0.391071,0.057036,0.942964,0.124076,0.127416
3464,24,0.392372,0.010005,0.010005,0.196365,0.391254,0.05628,0.94372,0.134504,0.138583
3465,30,0.392554,0.009997,0.009997,0.196309,0.391143,0.056442,0.943558,0.116067,0.114938
3466,36,0.392398,0.01,0.01,0.196309,0.391293,0.056496,0.943504,0.121753,0.121202
3467,30,0.392171,0.010004,0.010004,0.196382,0.391439,0.056375,0.943625,0.12985,0.130283
3468,24,0.392184,0.01,0.01,0.196381,0.391436,0.055741,0.944259,0.123072,0.126396
3469,32,0.392241,0.009999,0.009999,0.196362,0.391398,0.055822,0.944178,0.10569,0.104985
3470,24,0.392293,0.009996,0.009996,0.196275,0.391441,0.055384,0.944616,0.110893,0.113043
3471,32,0.392456,0.009997,0.009997,0.196219,0.39133,0.055796,0.944204,0.121933,0.119408
3472,24,0.391939,0.010001,0.010001,0.196244,0.391814,0.055402,0.944598,0.128669,0.130661
3473,30,0.391659,0.009998,0.010405,0.196204,0.391734,0.055556,0.944444,0.126909,0.12582
3474,32,0.391771,0.010005,0.010005,0.196298,0.391922,0.055659,0.944341,0.126448,0.125654
3475,32,0.391442,0.010001,0.010001,0.196308,0.392249,0.055843,0.944157,0.118146,0.116933
3476,32,0.391544,0.009998,0.009998,0.196276,0.392184,0.056217,0.943783,0.120448,0.118112
3477,26,0.391411,0.010002,0.010002,0.196317,0.392267,0.05635,0.94365,0.128269,0.127331
3478,24,0.391413,0.01,0.01,0.196318,0.392269,0.055733,0.944267,0.123741,0.126985
3479,36,0.391198,0.009998,0.009998,0.196288,0.392518,0.055924,0.944076,0.117817,0.116512
3480,32,0.391196,0.01,0.01,0.196287,0.392516,0.056042,0.943958,0.125348,0.124478
3481,24,0.390912,0.010005,0.010005,0.196379,0.392699,0.055578,0.944422,0.128356,0.130727
3482,24,0.390632,0.010005,0.010005,0.196472,0.392886,0.05526,0.94474,0.128399,0.129959
3483,32,0.390348,0.01,0.01,0.196465,0.393187,0.05557,0.94443,0.106012,0.104074
3484,36,0.390599,0.009996,0.009996,0.196384,0.393026,0.056034,0.943966,0.101751,0.098927
3485,24,0.39081,0.009996,0.010018,0.196306,0.392869,0.056619,0.943381,0.117079,0.113572
3486,24,0.390205,0.010787,0.010041,0.196236,0.39273,0.055863,0.944137,0.134391,0.138432
3487,26,0.390398,0.01001,0.01001,0.196441,0.39314,0.055743,0.944257,0.122624,0.123092
3488,26,0.389998,0.010007,0.010007,0.196577,0.393411,0.055363,0.944637,0.134683,0.136595
3489,36,0.389776,0.009999,0.009999,0.196565,0.39366,0.055141,0.944859,0.119688,0.120646
3490,24,0.389915,0.009994,0.009994,0.19645,0.393647,0.05528,0.94472,0.113453,0.11246
3491,24,0.39043,0.009991,0.009991,0.19628,0.393307,0.055217,0.944783,0.106839,0.106928
3492,30,0.390324,0.009998,0.009998,0.196248,0.393431,0.055451,0.944549,0.109955,0.108414
3493,30,0.390299,0.01,0.01,0.196255,0.393446,0.05588,0.94412,0.119788,0.117191
3494,24,0.38974,0.010331,0.01,0.196259,0.393671,0.055199,0.944801,0.132255,0.135834
3495,24,0.390515,0.009993,0.009993,0.196116,0.393384,0.055696,0.944304,0.097128,0.094142
3496,24,0.390207,0.010215,0.010001,0.196141,0.393435,0.055657,0.944343,0.126327,0.126333
3497,26,0.390606,0.009997,0.009997,0.196082,0.393317,0.055494,0.944506,0.108373,0.109041
3498,26,0.391312,0.009988,0.009988,0.195853,0.392858,0.055761,0.944239,0.091625,0.089888
3499,24,0.391526,0.009996,0.009996,0.195777,0.392705,0.056725,0.943275,0.110901,0.105292
3500,24,0.39204,0.009991,0.009991,0.195609,0.392368,0.056743,0.943257,0.106754,0.106381
3501,24,0.39175,0.010004,0.010004,0.195697,0.392544,0.056339,0.943661,0.1283,0.130332
3502,26,0.391544,0.01,0.01,0.195702,0.392754,0.055999,0.944001,0.119119,0.120822
3503,36,0.390785,0.010894,0.009998,0.195658,0.392666,0.055584,0.944416,0.139638,0.141742
3504,30,0.391288,0.010006,0.010006,0.195783,0.392916,0.055851,0.944149,0.116207,0.114504
3505,26,0.391083,0.01,0.01,0.195788,0.393128,0.055232,0.944768,0.124896,0.128151
3506,32,0.390963,0.009997,0.009997,0.195728,0.393314,0.055192,0.944808,0.116114,0.116116
3507,26,0.391159,0.009997,0.009997,0.195664,0.393184,0.054532,0.945468,0.117193,0.120576
3508,30,0.390929,0.010004,0.010004,0.195736,0.393328,0.054896,0.945104,0.129982,0.127769
3509,30,0.390704,0.010004,0.010004,0.19581,0.393478,0.055114,0.944886,0.129971,0.128567
3510,26,0.391274,0.009991,0.009991,0.195629,0.393115,0.054802,0.945198,0.102801,0.104253
3511,24,0.391266,0.01,0.01,0.195626,0.393108,0.055687,0.944313,0.121701,0.116547
3512,30,0.391297,0.009996,0.009996,0.195555,0.393156,0.056025,0.943975,0.11344,0.111328
3513,24,0.391209,0.009998,0.009998,0.195511,0.393284,0.055918,0.944082,0.120115,0.12048
3514,26,0.390722,0.010005,0.010005,0.195602,0.393667,0.055319,0.944681,0.12561,0.128748
3515,24,0.390736,0.01,0.01,0.1956,0.393664,0.054733,0.945267,0.115862,0.118843
3516,24,0.390143,0.010763,0.010023,0.195536,0.393535,0.054402,0.945598,0.134392,0.135976
3517,32,0.390239,0.010008,0.010008,0.1957,0.394044,0.054492,0.945508,0.126773,0.126071
3518,36,0.389836,0.010007,0.010007,0.195835,0.394315,0.054255,0.945745,0.13156,0.132661
3519,24,0.390065,0.009996,0.009996,0.195766,0.394176,0.054452,0.945548,0.117269,0.116006
3520,32,0.390016,0.010001,0.010001,0.195779,0.394203,0.055182,0.944818,0.110859,0.106672
3521,32,0.389936,0.010088,0.01,0.195777,0.394199,0.055503,0.944497,0.126297,0.124302
3522,24,0.389788,0.010309,0.009999,0.195753,0.39415,0.0549,0.9451,0.131361,0.134493
3523,24,0.390203,0.009998,0.009998,0.195719,0.394081,0.055113,0.944887,0.111221,0.109792
3524,32,0.39037,0.009997,0.009997,0.195664,0.393971,0.055163,0.944837,0.106394,0.105908
3525,32,0.390446,0.009993,0.009993,0.195537,0.39403,0.054874,0.945126,0.106729,0.108105
3526,24,0.390156,0.010005,0.010005,0.195625,0.394209,0.054281,0.945719,0.134486,0.137534
3527,26,0.390263,0.009998,0.009998,0.195594,0.394146,0.054332,0.945668,0.114648,0.114192
3528,26,0.39046,0.009997,0.009997,0.19553,0.394017,0.053775,0.946225,0.117166,0.119963
3529,38,0.39038,0.009995,0.009995,0.195432,0.394198,0.054289,0.945711,0.105829,0.102872
3530,30,0.390081,0.010002,0.010002,0.195469,0.394447,0.054669,0.945331,0.127035,0.124749
3531,24,0.390306,0.009996,0.009996,0.195398,0.394303,0.055691,0.944309,0.110938,0.105093
3532,36,0.390397,0.009996,0.009996,0.195316,0.394296,0.055689,0.944311,0.115692,0.115485
3533,24,0.390025,0.010002,0.010002,0.195363,0.394608,0.055004,0.944996,0.13085,0.134443
3534,26,0.390147,0.009995,0.009995,0.195261,0.394602,0.054356,0.945644,0.113853,0.117188
3535,36,0.38999,0.01,0.01,0.19526,0.39475,0.054842,0.945158,0.121703,0.118838
3536,32,0.389237,0.010511,0.011484,0.194849,0.39392,0.054868,0.945132,0.127596,0.127215
3537,26,0.389316,0.010002,0.011793,0.194889,0.394,0.055633,0.944367,0.122248,0.11782
3538,28,0.389246,0.010009,0.011137,0.195065,0.394542,0.055545,0.944455,0.125674,0.125963
3539,30,0.389543,0.01,0.010845,0.195067,0.394546,0.055818,0.944182,0.116063,0.114305
3540,24,0.39021,0.009999,0.009999,0.195054,0.394737,0.055342,0.944658,0.106244,0.108633
3541,24,0.390058,0.010002,0.010002,0.195102,0.394835,0.054814,0.945186,0.124601,0.127305
3542,24,0.390113,0.009996,0.009996,0.195017,0.394879,0.05431,0.94569,0.110868,0.113368
3543,26,0.389827,0.010243,0.010001,0.195028,0.394901,0.053783,0.946217,0.12571,0.128388
3544,32,0.389657,0.009997,0.009997,0.194961,0.395389,0.053636,0.946364,0.107863,0.108444
3545,30,0.389715,0.010051,0.009998,0.194924,0.395312,0.053576,0.946424,0.128205,0.128306
3546,32,0.390412,0.009989,0.009989,0.194717,0.394893,0.053887,0.946113,0.088687,0.086798
3547,36,0.389754,0.010745,0.010883,0.194389,0.394228,0.054205,0.945795,0.128696,0.12678
3548,26,0.389586,0.011097,0.010955,0.194305,0.394058,0.05369,0.94631,0.125996,0.128584
3549,32,0.389727,0.01048,0.010316,0.194568,0.394908,0.05352,0.94648,0.11728,0.117987
3550,32,0.390052,0.010003,0.010003,0.194618,0.395325,0.053299,0.946701,0.102252,0.103234
3551,26,0.389885,0.010001,0.010099,0.194642,0.395373,0.053408,0.946592,0.128182,0.127411
3552,32,0.390092,0.009998,0.009998,0.194608,0.395304,0.053086,0.946914,0.121863,0.123381
3553,26,0.390091,0.01,0.01,0.194607,0.395303,0.052766,0.947234,0.122305,0.123819
3554,30,0.390123,0.009996,0.009996,0.194536,0.395349,0.052949,0.947051,0.115951,0.11477
3555,30,0.390923,0.009987,0.009987,0.194279,0.394825,0.053567,0.946433,0.086607,0.083125
3556,24,0.390628,0.010004,0.010004,0.194364,0.394999,0.053219,0.946781,0.128403,0.130028
3557,32,0.390728,0.009996,0.009996,0.194281,0.394999,0.053532,0.946468,0.104919,0.103029
3558,24,0.390356,0.010002,0.010002,0.194328,0.395311,0.053133,0.946867,0.12468,0.126579
3559,26,0.390383,0.009996,0.009996,0.194257,0.395367,0.053198,0.946802,0.111212,0.110663
3560,24,0.390511,0.009998,0.009998,0.194214,0.395279,0.053965,0.946035,0.117834,0.113494
3561,36,0.39031,0.009999,0.010109,0.194191,0.395391,0.053893,0.946107,0.127731,0.127923
3562,24,0.39043,0.009996,0.009996,0.194118,0.39546,0.053801,0.946199,0.11505,0.115348
3563,24,0.390651,0.009996,0.009996,0.194045,0.395312,0.054536,0.945464,0.117177,0.112997
3564,32,0.390551,0.009999,0.009999,0.194021,0.395431,0.05453,0.94547,0.123936,0.123697
3565,26,0.390541,0.01,0.01,0.194023,0.395436,0.053877,0.946123,0.124877,0.128239
3566,30,0.390852,0.009995,0.009995,0.193924,0.395234,0.054178,0.945822,0.109636,0.10776
3567,36,0.390695,0.01,0.01,0.193923,0.395382,0.054158,0.945842,0.124616,0.124508
3568,28,0.390438,0.010004,0.010004,0.194005,0.395549,0.054102,0.945898,0.128779,0.128899
3569,24,0.390351,0.010001,0.010031,0.194026,0.395591,0.053344,0.946656,0.124964,0.12883
3570,30,0.38916,0.011468,0.011554,0.193434,0.394384,0.053365,0.946635,0.135862,0.135555
3571,24,0.388985,0.011535,0.011221,0.193579,0.39468,0.052775,0.947225,0.134472,0.137429
3572,30,0.389551,0.011081,0.010515,0.193775,0.395079,0.053144,0.946856,0.116574,0.114406
3573,28,0.390502,0.010113,0.010233,0.193873,0.395279,0.052691,0.947309,0.105798,0.107965
3574,30,0.390718,0.010002,0.010002,0.193914,0.395363,0.052754,0.947246,0.118375,0.117829
3575,34,0.390838,0.009998,0.009998,0.193877,0.395288,0.052783,0.947217,0.116447,0.116092
3576,32,0.391251,0.009992,0.01007,0.19372,0.394967,0.053014,0.946986,0.106457,0.105001
3577,32,0.3916,0.00999,0.00999,0.193531,0.394888,0.053399,0.946601,0.095906,0.0936
3578,26,0.391593,0.01,0.01,0.193527,0.394881,0.052728,0.947272,0.126154,0.129542
3579,24,0.392008,0.009993,0.009993,0.193395,0.394611,0.053462,0.946538,0.108203,0.104046
3580,26,0.391872,0.010002,0.010002,0.193434,0.39469,0.053055,0.946945,0.128311,0.130312
3581,32,0.392041,0.009997,0.009997,0.193381,0.394583,0.053003,0.946997,0.10653,0.106624
3582,30,0.391812,0.010004,0.010004,0.193453,0.394728,0.053044,0.946956,0.129845,0.129432
3583,32,0.392332,0.009992,0.009992,0.19329,0.394396,0.053322,0.946678,0.102353,0.100707
3584,24,0.392396,0.009999,0.009999,0.193264,0.394343,0.053035,0.946965,0.114295,0.115605
3585,24,0.392533,0.009994,0.009994,0.19315,0.394329,0.05326,0.94674,0.11354,0.112157
3586,32,0.392899,0.009994,0.009994,0.19303,0.394083,0.053205,0.946795,0.104216,0.104256
3587,24,0.392945,0.009995,0.009995,0.192943,0.394121,0.052799,0.947201,0.110808,0.112731
3588,24,0.392573,0.010002,0.010002,0.192989,0.394433,0.052317,0.947683,0.12463,0.126974
3589,26,0.392366,0.01,0.01,0.192993,0.394641,0.052016,0.947984,0.124866,0.126264
3590,36,0.392212,0.01,0.01,0.192994,0.394793,0.051987,0.948013,0.124617,0.124564
3591,36,0.392059,0.01,0.01,0.192995,0.394946,0.051861,0.948139,0.12863,0.129056
3592,30,0.392302,0.009996,0.009996,0.192918,0.394788,0.051155,0.948845,0.105764,0.109151
3593,36,0.392192,0.009997,0.009997,0.192864,0.39495,0.051467,0.948533,0.119342,0.11756
3594,26,0.392304,0.009998,0.009998,0.192827,0.394873,0.051186,0.948814,0.114329,0.115596
3595,24,0.392019,0.010005,0.010005,0.192916,0.395056,0.050791,0.949209,0.128337,0.130177
3596,24,0.392022,0.01,0.01,0.192918,0.39506,0.05075,0.94925,0.123794,0.123817
3597,36,0.392289,0.009996,0.009996,0.192833,0.394887,0.050579,0.949421,0.115703,0.116386
3598,24,0.391879,0.010316,0.010001,0.192861,0.394943,0.05,0.95,0.134489,0.137795
3599,30,0.391702,0.010005,0.010005,0.192957,0.395331,0.050325,0.949675,0.126771,0.124958
3600,32,0.391803,0.009996,0.009996,0.192872,0.395334,0.050977,0.949023,0.105002,0.101547
3601,30,0.39188,0.009999,0.009999,0.192844,0.395278,0.051633,0.948367,0.118489,0.114934
3602,30,0.391879,0.01,0.01,0.192844,0.395277,0.051828,0.948172,0.12617,0.124959
3603,32,0.392213,0.009993,0.010091,0.192707,0.394996,0.052023,0.947977,0.107017,0.105829
3604,32,0.392273,0.01,0.01,0.192714,0.395012,0.052067,0.947933,0.11696,0.116522
3605,32,0.392114,0.009997,0.009997,0.192655,0.395237,0.051705,0.948295,0.131225,0.132908
3606,24,0.391743,0.010002,0.010002,0.192702,0.39555,0.051048,0.948952,0.122556,0.125756
3607,24,0.391376,0.010003,0.010003,0.192751,0.395868,0.050628,0.949372,0.124603,0.12657
3608,30,0.391557,0.009997,0.009997,0.192695,0.395753,0.050549,0.949451,0.115952,0.116175
3609,30,0.391147,0.010001,0.010001,0.192717,0.396134,0.050262,0.949738,0.114414,0.115675
3610,38,0.391342,0.010137,0.010281,0.192517,0.395723,0.050102,0.949898,0.112305,0.112918
3611,30,0.391585,0.010003,0.010003,0.192572,0.395837,0.050353,0.949647,0.113342,0.111859
3612,24,0.391725,0.009998,0.009998,0.19253,0.39575,0.05,0.95,0.114481,0.116992
3613,30,0.392088,0.009994,0.009994,0.192413,0.395511,0.050295,0.949705,0.09589,0.094203
3614,30,0.391767,0.010229,0.010001,0.192439,0.395564,0.050083,0.949917,0.123187,0.124047
3615,24,0.391772,0.01,0.01,0.192442,0.395786,0.051281,0.948719,0.111813,0.10556
3616,24,0.391772,0.01,0.01,0.192442,0.395786,0.051541,0.948459,0.121689,0.120165
3617,30,0.391521,0.010004,0.010004,0.192521,0.39595,0.051609,0.948391,0.129919,0.129366
3618,24,0.391578,0.009992,0.009992,0.192369,0.396069,0.05149,0.94851,0.109825,0.110221
3619,24,0.392504,0.009985,0.009985,0.192071,0.395456,0.051479,0.948521,0.093288,0.093092
3620,24,0.392629,0.009997,0.009997,0.192022,0.395355,0.050877,0.949123,0.114548,0.11743
3621,26,0.392651,0.009996,0.009996,0.19195,0.395407,0.050921,0.949079,0.111211,0.110823
3622,32,0.393186,0.009991,0.009991,0.191779,0.395054,0.051366,0.948634,0.090076,0.087589
3623,24,0.393315,0.009998,0.009998,0.191732,0.394958,0.05106,0.94894,0.114567,0.115917
3624,32,0.393434,0.009998,0.009998,0.191693,0.394877,0.051619,0.948381,0.118413,0.115358
3625,32,0.393344,0.009999,0.009999,0.191667,0.394992,0.051655,0.948345,0.118807,0.118438
3626,24,0.393034,0.010069,0.010004,0.191743,0.39515,0.051041,0.948959,0.128274,0.131253
3627,30,0.392974,0.009999,0.009999,0.191725,0.395303,0.050745,0.949255,0.116887,0.118203
3628,24,0.392973,0.01,0.01,0.191725,0.395302,0.052012,0.947988,0.115533,0.108827
3629,24,0.392912,0.010001,0.010001,0.191744,0.395342,0.051626,0.948374,0.125196,0.127006
3630,30,0.393213,0.009995,0.009995,0.19165,0.395147,0.05198,0.94802,0.104005,0.101899
3631,30,0.393367,0.009994,0.009994,0.191543,0.395101,0.052801,0.947199,0.101834,0.097322
3632,32,0.39304,0.009998,0.010463,0.191496,0.395004,0.053089,0.946911,0.12961,0.12788
3633,28,0.392965,0.010009,0.010009,0.191665,0.395353,0.052512,0.947488,0.128843,0.131735
3634,30,0.393137,0.009997,0.009997,0.191616,0.395252,0.052663,0.947337,0.106698,0.105652
3635,26,0.392926,0.01,0.01,0.191618,0.395456,0.052297,0.947703,0.119143,0.120874
3636,24,0.392557,0.010003,0.010003,0.191666,0.395772,0.051767,0.948233,0.122637,0.125225
3637,24,0.393196,0.00999,0.00999,0.191466,0.395359,0.052772,0.947228,0.097466,0.09201
3638,26,0.393188,0.01,0.01,0.191462,0.39535,0.05286,0.94714,0.116641,0.115993
3639,24,0.392981,0.01,0.01,0.191459,0.395561,0.05183,0.94817,0.129288,0.134513
3640,26,0.393177,0.009997,0.009997,0.191397,0.395433,0.051402,0.948598,0.117182,0.119195
3641,24,0.393139,0.01009,0.009999,0.191378,0.395394,0.050571,0.949429,0.129874,0.133947
3642,32,0.39303,0.009998,0.009998,0.191341,0.395633,0.051119,0.948881,0.101783,0.098827
3643,24,0.392746,0.010005,0.010005,0.191429,0.395816,0.050641,0.949359,0.126277,0.128526
3644,24,0.392597,0.010003,0.010003,0.191479,0.395919,0.05,0.95,0.124755,0.127886
3645,30,0.392656,0.010231,0.009995,0.191388,0.39573,0.05,0.95,0.126727,0.127894
3646,24,0.392953,0.009995,0.009995,0.191297,0.395759,0.05,0.95,0.107522,0.110794
3647,32,0.392779,0.009998,0.009998,0.191249,0.395976,0.05027,0.94973,0.11799,0.116462
3648,26,0.392292,0.010005,0.010005,0.191338,0.39636,0.05,0.95,0.125571,0.128565
3649,24,0.392348,0.009996,0.009996,0.191255,0.396405,0.05,0.95,0.110814,0.11343
3650,24,0.392567,0.009996,0.009996,0.191184,0.396257,0.050194,0.949806,0.11705,0.115902
3651,36,0.392413,0.009998,0.009998,0.191144,0.396447,0.050786,0.949214,0.10936,0.106219
3652,30,0.39211,0.010002,0.010002,0.191178,0.396708,0.050647,0.949353,0.12669,0.127238
3653,26,0.392226,0.009998,0.009998,0.191143,0.396635,0.050261,0.949739,0.118169,0.119936
3654,26,0.392094,0.010002,0.010002,0.191183,0.396719,0.05,0.95,0.128228,0.130537
3655,30,0.391923,0.01,0.01,0.191179,0.396899,0.05,0.95,0.118856,0.119499
3656,26,0.391516,0.010007,0.010007,0.191306,0.397164,0.05,0.95,0.12515,0.127055
3657,32,0.391475,0.010001,0.010001,0.191323,0.3972,0.050401,0.949599,0.121687,0.119509
3658,38,0.391365,0.009997,0.009997,0.191269,0.397372,0.050572,0.949428,0.125931,0.124883
3659,24,0.391362,0.01,0.01,0.191268,0.397369,0.051466,0.948534,0.121692,0.116913
3660,32,0.391433,0.009999,0.009999,0.191246,0.397323,0.051494,0.948506,0.114334,0.113991
3661,24,0.391982,0.009991,0.009991,0.191073,0.396963,0.052497,0.947503,0.0964,0.090979
3662,26,0.391844,0.010002,0.010002,0.191111,0.397042,0.052442,0.947558,0.128296,0.128412
3663,24,0.39176,0.009998,0.009998,0.19107,0.397174,0.053614,0.946386,0.109743,0.10332
3664,30,0.391684,0.009998,0.009998,0.191033,0.397287,0.053816,0.946184,0.116431,0.115123
3665,24,0.391605,0.010001,0.010001,0.191057,0.397336,0.05333,0.94667,0.124976,0.127349
3666,32,0.392123,0.009992,0.009992,0.190895,0.397,0.053563,0.946437,0.102363,0.100937
3667,26,0.391907,0.01,0.01,0.190894,0.397199,0.053115,0.946885,0.124868,0.127084
3668,26,0.392025,0.009995,0.009995,0.190794,0.397191,0.052717,0.947283,0.113806,0.115701
3669,26,0.392339,0.009995,0.009995,0.190693,0.396979,0.052319,0.947681,0.113778,0.115668
3670,26,0.392204,0.010002,0.010002,0.190732,0.39706,0.052229,0.947771,0.128308,0.128611
3671,26,0.391842,0.010003,0.010003,0.190784,0.397369,0.051333,0.948667,0.127841,0.132321
3672,36,0.391844,0.01,0.01,0.190785,0.397371,0.051205,0.948795,0.124795,0.12528
3673,24,0.391476,0.010002,0.010002,0.190832,0.397687,0.050824,0.949176,0.124693,0.12646
3674,24,0.391332,0.009999,0.009999,0.190811,0.397859,0.05058,0.94942,0.119491,0.120553
3675,24,0.391256,0.009998,0.009998,0.190766,0.397982,0.050472,0.949528,0.120301,0.120637
3676,32,0.391414,0.009997,0.009997,0.190715,0.397876,0.050379,0.949621,0.107768,0.107999
3677,24,0.391327,0.009998,0.009998,0.190673,0.398005,0.051221,0.948779,0.117964,0.113465
3678,30,0.390742,0.010731,0.009995,0.19057,0.397962,0.051154,0.948846,0.136725,0.136858
3679,24,0.390404,0.011087,0.010485,0.190405,0.397618,0.050396,0.949604,0.129794,0.133469
3680,30,0.390853,0.010004,0.010549,0.190481,0.398113,0.051262,0.948738,0.10699,0.102447
3681,24,0.390785,0.01001,0.01001,0.190675,0.398519,0.050933,0.949067,0.128423,0.129934
3682,30,0.390898,0.009995,0.009995,0.190587,0.398525,0.050779,0.949221,0.112854,0.113435
3683,26,0.390684,0.010156,0.010046,0.190587,0.398527,0.050275,0.949725,0.128139,0.130522
3684,30,0.390536,0.010006,0.010006,0.190697,0.398756,0.050399,0.949601,0.130009,0.129219
3685,26,0.390629,0.009994,0.010272,0.190584,0.39852,0.05,0.95,0.117144,0.119401
3686,24,0.389956,0.010959,0.010293,0.190483,0.398308,0.05,0.95,0.134373,0.138445
3687,24,0.39007,0.010247,0.010015,0.190767,0.398902,0.05,0.95,0.134575,0.13734
3688,30,0.390172,0.010003,0.010003,0.190817,0.399006,0.050417,0.949583,0.11957,0.117262
3689,26,0.390017,0.009999,0.009999,0.190804,0.39918,0.05,0.95,0.120284,0.124442
3690,30,0.390017,0.01,0.01,0.190804,0.399179,0.050481,0.949519,0.119542,0.116943
3691,32,0.389829,0.010475,0.009995,0.190712,0.398988,0.050357,0.949643,0.12052,0.120965
3692,24,0.389473,0.010581,0.010591,0.190601,0.398754,0.050177,0.949823,0.124933,0.125626
3693,32,0.390405,0.010004,0.010004,0.190676,0.398911,0.050632,0.949368,0.094178,0.091666
3694,30,0.389851,0.010839,0.009995,0.190588,0.398727,0.050152,0.949848,0.129762,0.131984
3695,34,0.390087,0.01001,0.01001,0.190775,0.399118,0.050046,0.949954,0.124767,0.125129
3696,24,0.389312,0.011061,0.010905,0.190396,0.398325,0.05,0.95,0.12973,0.13028
3697,24,0.389873,0.01004,0.01015,0.190719,0.399219,0.05,0.95,0.127772,0.131472
3698,28,0.389537,0.010393,0.010002,0.190761,0.399307,0.05,0.95,0.128719,0.131605
3699,32,0.389836,0.010002,0.010002,0.190791,0.399369,0.05003,0.94997,0.109221,0.10888
3700,24,0.389601,0.01,0.01,0.190798,0.3996,0.05,0.95,0.120943,0.124078
3701,26,0.389721,0.009995,0.009995,0.190698,0.399591,0.05,0.95,0.113821,0.115864
3702,24,0.389941,0.009996,0.009996,0.190626,0.39944,0.050142,0.949858,0.117191,0.116304
3703,36,0.389662,0.009993,0.010702,0.19049,0.399154,0.050428,0.949572,0.128815,0.12722
3704,24,0.389932,0.010007,0.010007,0.190622,0.399432,0.051696,0.948304,0.115518,0.108863
3705,36,0.389785,0.01,0.01,0.190626,0.399589,0.051902,0.948098,0.120379,0.119107
3706,26,0.389653,0.010002,0.010002,0.190667,0.399676,0.051496,0.948504,0.12828,0.130221
3707,38,0.389544,0.009997,0.009997,0.190613,0.399848,0.051454,0.948546,0.118028,0.11804
3708,36,0.389341,0.009999,0.009999,0.19059,0.400071,0.051424,0.948576,0.124985,0.124952
3709,26,0.389288,0.009994,0.009994,0.190481,0.400242,0.051653,0.948347,0.10775,0.106391
3710,32,0.389151,0.009999,0.009999,0.190468,0.400383,0.05157,0.94843,0.126059,0.126246
3711,30,0.388855,0.010002,0.010002,0.190505,0.400636,0.051259,0.948741,0.126873,0.128263
3712,24,0.389081,0.009996,0.009996,0.190436,0.40049,0.052347,0.947653,0.111012,0.105216
3713,24,0.388625,0.01,0.01,0.190441,0.400934,0.052266,0.947734,0.12703,0.127262
3714,26,0.388778,0.009996,0.010114,0.190357,0.400756,0.051779,0.948221,0.117207,0.119535
3715,24,0.38916,0.009992,0.009992,0.190204,0.400652,0.05118,0.94882,0.106238,0.109107
3716,30,0.388838,0.009999,0.009999,0.190195,0.400968,0.051171,0.948829,0.120769,0.120634
3717,24,0.389062,0.009996,0.009996,0.190125,0.40082,0.051419,0.948581,0.117168,0.115714
3718,30,0.388679,0.01,0.010056,0.190119,0.401146,0.051472,0.948528,0.12079,0.120341
3719,26,0.388491,0.010001,0.010001,0.190133,0.401374,0.051378,0.948622,0.124753,0.125061
3720,32,0.388591,0.009995,0.009995,0.190047,0.401371,0.05167,0.94833,0.11426,0.112583
3721,24,0.389179,0.00999,0.00999,0.189862,0.400979,0.051014,0.948986,0.100756,0.103865
3722,24,0.389691,0.009991,0.009991,0.189696,0.40063,0.050944,0.949056,0.106851,0.106974
3723,24,0.390107,0.009993,0.009993,0.189561,0.400345,0.050332,0.949668,0.110004,0.112892
3724,26,0.38997,0.010002,0.010002,0.1896,0.400426,0.050157,0.949843,0.122431,0.123139
3725,30,0.38997,0.01,0.01,0.189601,0.400429,0.05,0.95,0.115989,0.117977
3726,26,0.390074,0.009998,0.009998,0.189569,0.400361,0.050198,0.949802,0.114453,0.11329
3727,30,0.390229,0.009996,0.010055,0.189501,0.400218,0.051192,0.948808,0.116042,0.110864
3728,24,0.390768,0.009992,0.009992,0.18935,0.399898,0.051417,0.948583,0.1067,0.105333
3729,32,0.390761,0.01,0.01,0.189347,0.399892,0.052112,0.947888,0.115896,0.112122
3730,24,0.390899,0.009998,0.009998,0.189304,0.399801,0.051562,0.948438,0.114458,0.117054
3731,36,0.391219,0.009995,0.009995,0.189203,0.399588,0.051613,0.948387,0.110753,0.11025
3732,30,0.391394,0.009997,0.009997,0.189145,0.399467,0.051937,0.948063,0.115982,0.114097
3733,26,0.391257,0.009999,0.009999,0.189124,0.399622,0.051315,0.948685,0.124054,0.127063
3734,24,0.391256,0.01,0.01,0.189124,0.399621,0.05256,0.94744,0.113446,0.106782
3735,24,0.390911,0.010789,0.010074,0.188957,0.399269,0.051786,0.948214,0.129781,0.133642
3736,30,0.391022,0.010012,0.010012,0.189191,0.399763,0.051634,0.948366,0.1234,0.123946
3737,32,0.390752,0.010002,0.010002,0.18923,0.400014,0.051616,0.948384,0.123611,0.12351
3738,24,0.390754,0.01,0.01,0.189231,0.400016,0.05125,0.94875,0.129955,0.131669
3739,32,0.390405,0.01,0.01,0.189231,0.400364,0.051299,0.948701,0.134609,0.134162
3740,32,0.390264,0.010002,0.010002,0.189275,0.400456,0.05127,0.94873,0.12043,0.12037
3741,24,0.390181,0.009998,0.009998,0.189235,0.400588,0.052314,0.947686,0.109691,0.104118
3742,36,0.389917,0.009997,0.009997,0.189182,0.400907,0.052704,0.947296,0.121147,0.11888
3743,32,0.389869,0.010001,0.010001,0.189195,0.400935,0.052955,0.947045,0.111049,0.109531
3744,26,0.389738,0.010002,0.010002,0.189236,0.401021,0.052926,0.947074,0.128221,0.128193
3745,26,0.389669,0.010001,0.010001,0.189259,0.40107,0.052833,0.947167,0.120879,0.121198
3746,26,0.389184,0.010005,0.010005,0.189348,0.401459,0.052431,0.947569,0.121743,0.123684
3747,26,0.389385,0.009997,0.009997,0.189289,0.401333,0.052147,0.947853,0.113459,0.114756
3748,24,0.388738,0.010133,0.010566,0.189201,0.401362,0.052003,0.947997,0.130681,0.131225
3749,24,0.388725,0.010012,0.010012,0.189421,0.401831,0.051559,0.948441,0.126321,0.12844
3750,26,0.388373,0.010443,0.009999,0.1894,0.401785,0.051225,0.948775,0.129497,0.131055
3751,30,0.388185,0.010219,0.010007,0.189529,0.402059,0.050874,0.949126,0.130008,0.131599
3752,26,0.387826,0.010105,0.010008,0.18968,0.40238,0.050117,0.949883,0.134579,0.138243
3753,30,0.38787,0.010001,0.010001,0.189702,0.402426,0.05,0.95,0.115974,0.117969
3754,32,0.387393,0.009998,0.009998,0.189658,0.402954,0.05,0.95,0.125101,0.125986
3755,30,0.387392,0.009994,0.009994,0.189553,0.403066,0.050255,0.949745,0.107114,0.105629
3756,30,0.387389,0.009994,0.009994,0.189446,0.403176,0.050197,0.949803,0.100593,0.100684
3757,24,0.386954,0.010003,0.010003,0.18951,0.403529,0.05,0.95,0.123982,0.126102
3758,30,0.386617,0.01,0.01,0.189512,0.40387,0.05,0.95,0.120823,0.121884
3759,30,0.386644,0.01,0.01,0.189504,0.403853,0.050202,0.949798,0.103521,0.10225
3760,24,0.38661,0.009997,0.009997,0.189447,0.403948,0.05,0.95,0.111845,0.113392
3761,24,0.386238,0.010002,0.010002,0.189494,0.404263,0.05,0.95,0.124619,0.127456
3762,26,0.386108,0.010002,0.010002,0.189535,0.404352,0.05,0.95,0.128211,0.130361
3763,30,0.386254,0.009996,0.010091,0.189462,0.404197,0.050177,0.949823,0.125908,0.124849
3764,24,0.386721,0.009994,0.009994,0.189345,0.403947,0.050372,0.949628,0.107722,0.106525
3765,24,0.386605,0.009988,0.010812,0.189123,0.403473,0.05,0.95,0.120353,0.124084
3766,24,0.386857,0.010006,0.010185,0.189237,0.403715,0.05,0.95,0.124147,0.126516
3767,26,0.387017,0.009996,0.010287,0.189156,0.403544,0.05,0.95,0.117178,0.119316
3768,24,0.386841,0.010007,0.010007,0.189298,0.403846,0.05,0.95,0.128242,0.131512
3769,24,0.386416,0.010004,0.010004,0.189367,0.40421,0.05,0.95,0.126006,0.12851
3770,32,0.386297,0.009997,0.009997,0.189309,0.404401,0.050285,0.949715,0.11683,0.115223
3771,26,0.386008,0.009998,0.009998,0.189273,0.404723,0.05,0.95,0.121385,0.12338
3772,30,0.385967,0.010001,0.010001,0.189284,0.404748,0.05,0.95,0.130769,0.131729
3773,24,0.385681,0.010005,0.010005,0.189373,0.404937,0.05,0.95,0.134528,0.138118
3774,24,0.385469,0.010004,0.010004,0.189441,0.405083,0.05,0.95,0.132342,0.135927
3775,32,0.385472,0.01,0.01,0.189442,0.405086,0.050643,0.949357,0.109965,0.106544
3776,32,0.385769,0.00999,0.00999,0.189253,0.404997,0.050346,0.949654,0.103263,0.104581
3777,30,0.385583,0.009997,0.009997,0.189201,0.405221,0.050702,0.949298,0.110739,0.108709
3778,30,0.385257,0.010001,0.010059,0.189224,0.40546,0.050721,0.949279,0.13651,0.136216
3779,24,0.385639,0.009995,0.009995,0.189125,0.405247,0.051832,0.948168,0.107311,0.101421
3780,26,0.385502,0.010002,0.010002,0.189163,0.40533,0.051336,0.948664,0.128219,0.130615
3781,30,0.385208,0.010002,0.010002,0.189202,0.405586,0.051397,0.948603,0.126952,0.126453
3782,24,0.384862,0.010006,0.010006,0.18931,0.405817,0.050948,0.949052,0.135967,0.138079
3783,32,0.384507,0.010001,0.010001,0.189325,0.406166,0.050767,0.949233,0.115658,0.116389
3784,30,0.384409,0.010002,0.010002,0.189356,0.406232,0.050855,0.949145,0.121954,0.121306
3785,30,0.3846,0.009997,0.009997,0.189298,0.406108,0.050939,0.949061,0.104016,0.103352
3786,24,0.384227,0.010002,0.010002,0.189344,0.406423,0.050684,0.949316,0.12449,0.125615
3787,24,0.384652,0.009993,0.009993,0.189215,0.406147,0.051779,0.948221,0.10216,0.096348
3788,24,0.384277,0.010002,0.010002,0.18926,0.406459,0.051382,0.948618,0.124595,0.126462
3789,24,0.383737,0.010504,0.010001,0.189273,0.406486,0.050531,0.949469,0.135901,0.1401
3790,30,0.38365,0.010139,0.010007,0.189414,0.406789,0.050326,0.949674,0.129869,0.13072
3791,30,0.383477,0.010005,0.010005,0.189512,0.407,0.050769,0.949231,0.129886,0.127466
3792,24,0.383708,0.009996,0.009996,0.189444,0.406855,0.050709,0.949291,0.117238,0.117348
3793,30,0.383632,0.009998,0.009998,0.189407,0.406965,0.050746,0.949254,0.116448,0.116064
3794,32,0.383631,0.01,0.01,0.189406,0.406963,0.050821,0.949179,0.115966,0.115377
3795,26,0.38393,0.009995,0.009995,0.189314,0.406765,0.050804,0.949196,0.114204,0.114116
3796,32,0.384091,0.009997,0.009997,0.189262,0.406652,0.051121,0.948879,0.109199,0.107402
3797,30,0.384171,0.009999,0.009999,0.189236,0.406596,0.051158,0.948842,0.111787,0.111383
3798,30,0.383941,0.010004,0.010004,0.189306,0.406746,0.051383,0.948617,0.129836,0.128498
3799,36,0.384255,0.009993,0.009993,0.189165,0.406595,0.052017,0.947983,0.096101,0.092593
3800,24,0.383962,0.010005,0.010005,0.189251,0.406778,0.051613,0.948387,0.126287,0.128205
3801,24,0.383904,0.010001,0.010001,0.189271,0.406823,0.05107,0.94893,0.125202,0.127813
3802,26,0.383772,0.010002,0.010002,0.189313,0.406911,0.050777,0.949223,0.122528,0.123858
3803,24,0.38342,0.010176,0.010003,0.189369,0.407032,0.050192,0.949808,0.13442,0.137206
3804,24,0.383119,0.010004,0.010004,0.18945,0.407423,0.050164,0.949836,0.124565,0.124537
3805,32,0.38367,0.009991,0.009991,0.189283,0.407064,0.05,0.95,0.089743,0.090877
3806,24,0.38389,0.009996,0.009996,0.18921,0.406908,0.051125,0.948875,0.108982,0.103115
3807,32,0.383841,0.010001,0.010001,0.189223,0.406935,0.051106,0.948894,0.121713,0.121631
3808,26,0.383946,0.009998,0.009998,0.189191,0.406867,0.051292,0.948708,0.114448,0.113326
3809,24,0.384088,0.009994,0.009994,0.18908,0.406844,0.052315,0.947685,0.10727,0.101815
3810,24,0.383741,0.010146,0.010003,0.189139,0.40697,0.051891,0.948109,0.128168,0.130179
3811,32,0.383963,0.009999,0.009999,0.189117,0.406922,0.051676,0.948324,0.109091,0.110024
3812,30,0.384032,0.009997,0.010092,0.189065,0.406813,0.05244,0.94756,0.116501,0.112343
3813,30,0.383728,0.010001,0.010001,0.189083,0.407187,0.052235,0.947765,0.12077,0.121623
3814,32,0.383905,0.009992,0.009992,0.188936,0.407175,0.052069,0.947931,0.10112,0.101738
3815,26,0.383822,0.009998,0.009998,0.188895,0.407287,0.051548,0.948452,0.113106,0.11561
3816,24,0.38382,0.01,0.01,0.188894,0.407285,0.050962,0.949038,0.123816,0.126652
3817,32,0.383944,0.009998,0.009998,0.188856,0.407204,0.051096,0.948904,0.118483,0.117628
3818,32,0.383943,0.009998,0.010126,0.188816,0.407117,0.052053,0.947947,0.109863,0.104788
3819,24,0.384207,0.009994,0.009994,0.188707,0.407097,0.051286,0.948714,0.115891,0.11965
3820,24,0.384502,0.009995,0.009995,0.188613,0.406895,0.050331,0.949669,0.119651,0.124304
3821,26,0.384289,0.01,0.01,0.188614,0.407097,0.05,0.95,0.121041,0.123368
3822,24,0.38392,0.010002,0.010002,0.188661,0.407414,0.05,0.95,0.130694,0.134289
3823,38,0.383402,0.010337,0.010003,0.188719,0.407539,0.05,0.95,0.131517,0.131806
3824,30,0.383798,0.009996,0.009996,0.188643,0.407566,0.050274,0.949726,0.112355,0.110789
3825,30,0.383696,0.010002,0.010002,0.188672,0.407628,0.050897,0.949103,0.121903,0.118553
3826,30,0.383468,0.010004,0.010004,0.188743,0.407782,0.051002,0.948998,0.12981,0.129039
3827,24,0.383532,0.009992,0.009992,0.188593,0.407891,0.050869,0.949131,0.109805,0.110294
3828,30,0.383641,0.009995,0.010168,0.188502,0.407694,0.051332,0.948668,0.115961,0.113429
3829,30,0.383761,0.010001,0.010001,0.188515,0.407722,0.051539,0.948461,0.111857,0.110606
3830,26,0.383552,0.01,0.01,0.188518,0.407929,0.051063,0.948937,0.12473,0.127004
3831,34,0.383398,0.01,0.01,0.188515,0.408088,0.051258,0.948742,0.113163,0.111983
3832,26,0.383495,0.009994,0.010267,0.188401,0.407842,0.051395,0.948605,0.117231,0.116324
3833,26,0.383595,0.010003,0.010003,0.188451,0.407949,0.051036,0.948964,0.120506,0.122186
3834,24,0.383611,0.01,0.01,0.188447,0.407942,0.050446,0.949554,0.115949,0.118747
3835,32,0.3834,0.010001,0.010001,0.188457,0.408142,0.050637,0.949363,0.12669,0.125537
3836,24,0.382885,0.010001,0.010001,0.188483,0.408629,0.050107,0.949893,0.120257,0.122761
3837,26,0.383326,0.009993,0.009993,0.188349,0.40834,0.050148,0.949852,0.103761,0.10335
3838,36,0.38306,0.009997,0.009997,0.188295,0.408651,0.050788,0.949212,0.112822,0.109414
3839,26,0.382849,0.01,0.01,0.188296,0.408855,0.050916,0.949084,0.124784,0.123968
3840,32,0.382706,0.010002,0.010002,0.18834,0.408949,0.051087,0.948913,0.115773,0.114709
3841,30,0.382301,0.010001,0.010001,0.188363,0.409335,0.050854,0.949146,0.130816,0.13181
3842,24,0.381998,0.010001,0.010001,0.18839,0.40961,0.050816,0.949184,0.122702,0.122711
3843,24,0.381567,0.010004,0.010004,0.188456,0.40997,0.050398,0.949602,0.123974,0.125928
3844,30,0.38147,0.010002,0.010002,0.188487,0.410039,0.050744,0.949256,0.115521,0.11358
3845,38,0.381272,0.009999,0.009999,0.188462,0.410268,0.051112,0.948888,0.127208,0.125143
3846,26,0.381531,0.009993,0.009993,0.188322,0.410162,0.050447,0.949553,0.111723,0.114896
3847,30,0.381608,0.009999,0.009999,0.188294,0.410101,0.05082,0.94918,0.116673,0.114583
3848,32,0.381777,0.009997,0.009997,0.188242,0.409987,0.050722,0.949278,0.112762,0.113091
3849,30,0.381957,0.009997,0.009997,0.188185,0.409864,0.051458,0.948542,0.116115,0.112177
3850,32,0.38182,0.009998,0.010229,0.188155,0.409798,0.051878,0.948122,0.126272,0.123901
3851,30,0.381808,0.010004,0.010004,0.188228,0.409957,0.052633,0.947367,0.12204,0.117883
3852,26,0.381811,0.01,0.01,0.188229,0.40996,0.05272,0.94728,0.116651,0.116012
3853,36,0.38183,0.009997,0.009997,0.188178,0.409998,0.053306,0.946694,0.110485,0.107193
3854,32,0.381828,0.01,0.01,0.188177,0.409996,0.053844,0.946156,0.111297,0.108224
3855,30,0.381578,0.010003,0.010055,0.188237,0.410127,0.054299,0.945701,0.129781,0.127099
3856,30,0.380899,0.010475,0.010744,0.188086,0.409797,0.054592,0.945408,0.129656,0.12786
3857,30,0.381546,0.010009,0.010009,0.18826,0.410176,0.054451,0.945549,0.116049,0.116581
3858,32,0.381628,0.009996,0.009996,0.188186,0.410194,0.054229,0.945771,0.106202,0.107214
3859,30,0.381329,0.010002,0.010002,0.188222,0.410445,0.053782,0.946218,0.126796,0.128984
3860,30,0.381458,0.009998,0.009998,0.188184,0.410362,0.053894,0.946106,0.101093,0.10021
3861,32,0.381791,0.009995,0.009995,0.188082,0.410139,0.054846,0.945154,0.094114,0.088743
3862,36,0.381558,0.009998,0.010186,0.188044,0.410214,0.055441,0.944559,0.120772,0.117289
3863,36,0.381629,0.010002,0.010002,0.188078,0.410289,0.055431,0.944569,0.124755,0.124567
3864,24,0.38126,0.010003,0.010003,0.188126,0.410609,0.055269,0.944731,0.130697,0.131384
3865,32,0.380999,0.009999,0.009999,0.188111,0.410892,0.05584,0.94416,0.107332,0.103947
3866,26,0.380865,0.010002,0.010002,0.188151,0.410979,0.055693,0.944307,0.122472,0.123085
3867,24,0.380497,0.010003,0.010003,0.188199,0.4113,0.054967,0.945033,0.122436,0.126257
3868,30,0.380715,0.009993,0.009993,0.188076,0.411222,0.055255,0.944745,0.109847,0.108017
3869,26,0.380816,0.009998,0.009998,0.188042,0.411146,0.055532,0.944468,0.114658,0.112942
3870,30,0.381236,0.009993,0.009993,0.187913,0.410865,0.056086,0.943914,0.100161,0.096846
3871,24,0.381395,0.009997,0.009997,0.18786,0.41075,0.05619,0.94381,0.118739,0.117946
3872,32,0.381588,0.009994,0.009994,0.187749,0.410675,0.056011,0.943989,0.105616,0.106336
3873,24,0.381213,0.010002,0.010002,0.187794,0.410989,0.0557,0.9443,0.124568,0.126105
3874,30,0.380767,0.010569,0.010589,0.187572,0.410502,0.055665,0.944335,0.125763,0.125663
3875,30,0.381109,0.010013,0.010013,0.187819,0.411045,0.055894,0.944106,0.122067,0.120528
3876,32,0.381223,0.009996,0.009996,0.187739,0.411047,0.05546,0.94454,0.118942,0.121132
3877,32,0.381152,0.009998,0.009998,0.187704,0.411148,0.055455,0.944545,0.106839,0.106656
3878,32,0.381178,0.01,0.01,0.187695,0.411128,0.055689,0.944311,0.126437,0.124903
3879,30,0.381653,0.009992,0.009992,0.187551,0.410812,0.055702,0.944298,0.103178,0.102817
3880,32,0.381601,0.010001,0.010001,0.187562,0.410836,0.055943,0.944057,0.110914,0.109343
3881,34,0.381511,0.010001,0.010001,0.187589,0.410897,0.055851,0.944149,0.124703,0.12501
3882,26,0.381303,0.01,0.01,0.187593,0.411104,0.055357,0.944643,0.124725,0.127273
3883,26,0.38117,0.010002,0.010002,0.187633,0.411192,0.054883,0.945117,0.128169,0.130599
3884,32,0.380956,0.010004,0.010004,0.187699,0.411338,0.054712,0.945288,0.124069,0.124808
3885,32,0.380912,0.010001,0.010001,0.187715,0.411372,0.055175,0.944825,0.126437,0.12366
3886,26,0.380704,0.01,0.01,0.187718,0.411578,0.055114,0.944886,0.124695,0.124821
3887,30,0.380525,0.010001,0.010145,0.187728,0.411601,0.054797,0.945203,0.126808,0.128316
3888,32,0.380436,0.009999,0.009999,0.187707,0.411859,0.054568,0.945432,0.119928,0.120919
3889,24,0.380064,0.010002,0.010002,0.187753,0.412177,0.054124,0.945876,0.124461,0.12666
3890,24,0.379778,0.010005,0.010005,0.187842,0.412371,0.053475,0.946525,0.126198,0.129508
3891,32,0.37987,0.009994,0.009994,0.187721,0.412421,0.053399,0.946601,0.106738,0.106964
3892,26,0.380069,0.009997,0.009997,0.187657,0.412281,0.052905,0.947095,0.117239,0.119671
3893,30,0.37977,0.010002,0.010002,0.187693,0.412533,0.05316,0.94684,0.120151,0.118613
3894,32,0.380004,0.009994,0.009994,0.187573,0.412436,0.053233,0.946767,0.105195,0.104576
3895,26,0.379923,0.010001,0.010001,0.187593,0.412481,0.052827,0.947173,0.114138,0.116065
3896,26,0.379511,0.010007,0.010007,0.187719,0.412757,0.05235,0.94765,0.124984,0.127312
3897,24,0.379227,0.010005,0.010005,0.187809,0.412955,0.05139,0.94861,0.134513,0.139329
3898,32,0.378947,0.010002,0.010002,0.187843,0.413207,0.051116,0.948884,0.12715,0.128387
3899,24,0.379261,0.009995,0.009995,0.187749,0.413,0.050498,0.949502,0.110649,0.113565
3900,26,0.379182,0.009998,0.009998,0.187709,0.413113,0.05,0.95,0.117003,0.119663
3901,24,0.378809,0.010002,0.010002,0.187755,0.413431,0.05,0.95,0.124464,0.125346
3902,36,0.378821,0.009996,0.009996,0.187671,0.413516,0.05008,0.94992,0.112054,0.111434
3903,24,0.378447,0.010002,0.010002,0.187716,0.413832,0.05,0.95,0.124437,0.126265
3904,30,0.378462,0.01,0.01,0.187713,0.413825,0.05,0.95,0.120136,0.120616
3905,26,0.379061,0.00999,0.00999,0.187532,0.413426,0.05,0.95,0.105119,0.107087
3906,24,0.378883,0.010285,0.009998,0.187493,0.413341,0.05,0.95,0.125105,0.127525
3907,26,0.378905,0.010001,0.010001,0.187512,0.413581,0.05,0.95,0.117622,0.11997
3908,30,0.37863,0.009999,0.009999,0.187494,0.413878,0.050186,0.949814,0.10649,0.105353
3909,24,0.379202,0.009991,0.009991,0.187321,0.413496,0.05,0.95,0.101418,0.104071
3910,24,0.379424,0.009996,0.009996,0.187248,0.413336,0.05,0.95,0.117335,0.117715
3911,30,0.379421,0.01,0.01,0.187247,0.413332,0.050397,0.949603,0.119669,0.117442
3912,24,0.379421,0.01,0.01,0.187247,0.413332,0.05131,0.94869,0.121691,0.11683
3913,26,0.379269,0.009999,0.009999,0.187232,0.4135,0.050498,0.949502,0.12017,0.124128
3914,24,0.37898,0.010005,0.010005,0.187319,0.413692,0.05,0.95,0.128309,0.130663
3915,26,0.378974,0.01,0.01,0.187324,0.413702,0.05,0.95,0.119062,0.119828
3916,24,0.378892,0.009998,0.009998,0.187283,0.413829,0.05,0.95,0.11788,0.120392
3917,32,0.379084,0.009996,0.010071,0.187202,0.413648,0.050924,0.949076,0.106536,0.101743
3918,24,0.378628,0.010143,0.010148,0.187206,0.413874,0.05077,0.94923,0.130595,0.131202
3919,32,0.378522,0.010052,0.010833,0.187054,0.413538,0.051281,0.948719,0.122926,0.120163
3920,24,0.378811,0.010057,0.010856,0.186956,0.41332,0.050507,0.949493,0.119523,0.123249
3921,32,0.378499,0.010021,0.011579,0.186839,0.413062,0.051024,0.948976,0.126235,0.123438
3922,26,0.378961,0.010012,0.010394,0.187067,0.413566,0.050694,0.949306,0.120423,0.121934
3923,36,0.378855,0.010001,0.010283,0.187091,0.413769,0.050755,0.949245,0.128539,0.128037
3924,30,0.378792,0.010003,0.010003,0.187139,0.414065,0.051297,0.948703,0.112232,0.109283
3925,30,0.37904,0.009996,0.009996,0.187065,0.413902,0.051377,0.948623,0.106862,0.106219
3926,26,0.378472,0.010003,0.010003,0.187114,0.414409,0.050591,0.949409,0.127582,0.131435
3927,26,0.378341,0.010002,0.010002,0.187155,0.4145,0.050334,0.949666,0.124464,0.125601
3928,24,0.378343,0.01,0.01,0.187156,0.414501,0.051581,0.948419,0.113441,0.106897
3929,36,0.378544,0.009997,0.009997,0.187095,0.414367,0.051481,0.948519,0.111797,0.112083
3930,24,0.37819,0.010006,0.010006,0.1872,0.414599,0.050758,0.949242,0.135951,0.139508
3931,26,0.37786,0.010472,0.010053,0.187143,0.414472,0.050279,0.949721,0.128075,0.130331
3932,24,0.378282,0.009998,0.009998,0.187109,0.414613,0.05,0.95,0.10758,0.109476
3933,24,0.37791,0.010002,0.010002,0.187154,0.414931,0.05,0.95,0.124567,0.127852
3934,24,0.377541,0.010003,0.010003,0.187202,0.415252,0.05,0.95,0.124504,0.124962
3935,24,0.377558,0.01,0.01,0.187198,0.415244,0.05,0.95,0.115954,0.116819
3936,36,0.377273,0.01,0.01,0.1872,0.415527,0.05,0.95,0.119934,0.121579
3937,32,0.377302,0.01,0.01,0.187191,0.415508,0.050194,0.949806,0.126364,0.125204
3938,32,0.377302,0.01,0.01,0.187191,0.415508,0.050189,0.949811,0.109926,0.109781
3939,30,0.37753,0.009996,0.009996,0.187122,0.415355,0.050232,0.949768,0.116058,0.115651
3940,26,0.377501,0.010069,0.009999,0.187108,0.415323,0.05,0.95,0.122237,0.124619
3941,32,0.37748,0.010001,0.010001,0.187135,0.415383,0.050708,0.949292,0.110852,0.107131
3942,36,0.377228,0.010411,0.009997,0.187087,0.415277,0.050584,0.949416,0.126169,0.126621
3943,24,0.377382,0.010004,0.010004,0.187163,0.415446,0.051851,0.948149,0.115532,0.108856
3944,36,0.377183,0.009999,0.009999,0.187142,0.415678,0.052243,0.947757,0.12285,0.120588
3945,32,0.377284,0.009998,0.009998,0.18711,0.415608,0.052472,0.947528,0.123198,0.121814
3946,36,0.377187,0.010002,0.010002,0.187139,0.415671,0.052329,0.947671,0.126302,0.126858
3947,30,0.377125,0.009994,0.010456,0.187019,0.415406,0.052267,0.947733,0.119129,0.119237
3948,32,0.377584,0.01,0.01,0.187016,0.4154,0.052698,0.947302,0.105473,0.102989
3949,24,0.37809,0.009992,0.009992,0.186864,0.415062,0.05224,0.94776,0.101183,0.103346
3950,36,0.377674,0.010002,0.010002,0.1869,0.415422,0.051816,0.948184,0.122895,0.124908
3951,24,0.377386,0.010005,0.010005,0.186988,0.415617,0.051331,0.948669,0.128312,0.130646
3952,30,0.377133,0.010003,0.010069,0.187047,0.415748,0.051614,0.948386,0.129812,0.128163
3953,30,0.377272,0.009996,0.009996,0.18697,0.415766,0.051566,0.948434,0.112851,0.112933
3954,26,0.376901,0.010572,0.010042,0.186892,0.415592,0.051083,0.948917,0.128061,0.130377
3955,24,0.377133,0.010006,0.010006,0.187007,0.415848,0.05058,0.94942,0.123806,0.126201
3956,30,0.37725,0.009995,0.009995,0.186919,0.415841,0.050894,0.949106,0.112844,0.111059
3957,24,0.376956,0.010005,0.010005,0.187004,0.416031,0.050227,0.949773,0.134497,0.137723
3958,26,0.376432,0.010004,0.010302,0.187074,0.416187,0.050063,0.949937,0.134399,0.135047
3959,30,0.376553,0.010003,0.010003,0.18713,0.416311,0.05,0.95,0.116153,0.117925
3960,30,0.376763,0.009997,0.009997,0.187069,0.416175,0.05,0.95,0.108308,0.109332
3961,36,0.377525,0.009988,0.009988,0.186838,0.415662,0.050397,0.949603,0.082065,0.07987
3962,30,0.377451,0.009995,0.009995,0.186752,0.415806,0.05004,0.94996,0.10367,0.105276
3963,24,0.377158,0.010005,0.010005,0.186837,0.415996,0.05,0.95,0.128329,0.131171
3964,24,0.377379,0.009996,0.010028,0.186764,0.415833,0.050182,0.949818,0.117119,0.116018
3965,24,0.377617,0.009997,0.009997,0.1867,0.41569,0.05092,0.94908,0.117268,0.11335
3966,32,0.377615,0.01,0.01,0.186699,0.415687,0.051262,0.948738,0.120699,0.118786
3967,32,0.377598,0.009993,0.010429,0.186573,0.415407,0.052154,0.947846,0.114893,0.11012
3968,32,0.377614,0.010007,0.010007,0.186695,0.415678,0.052434,0.947566,0.115691,0.114026
3969,24,0.377619,0.01,0.01,0.186697,0.415684,0.051831,0.948169,0.121671,0.124633
3970,24,0.377672,0.009999,0.009999,0.186681,0.415649,0.051346,0.948654,0.115542,0.117811
3971,24,0.377816,0.009998,0.009998,0.186638,0.415551,0.051272,0.948728,0.11468,0.114862
3972,24,0.377443,0.010002,0.010002,0.186683,0.415869,0.050575,0.949425,0.130706,0.134102
3973,24,0.377593,0.009994,0.009994,0.186575,0.415844,0.05046,0.94954,0.113556,0.11394
3974,24,0.3778,0.009996,0.009996,0.186509,0.415697,0.05,0.95,0.120587,0.124151
3975,32,0.377751,0.010001,0.010001,0.186522,0.415726,0.050335,0.949665,0.12645,0.124605
3976,38,0.377644,0.009997,0.009997,0.18647,0.415892,0.051111,0.948889,0.119282,0.11516
3977,30,0.377366,0.009999,0.009999,0.186451,0.416185,0.051304,0.948696,0.122849,0.121643
3978,30,0.377484,0.009995,0.009995,0.186363,0.416162,0.051597,0.948403,0.113055,0.111336
3979,36,0.377247,0.009999,0.009999,0.186339,0.416416,0.05157,0.94843,0.121868,0.121801
3980,24,0.376868,0.010211,0.010029,0.186381,0.416511,0.051048,0.948952,0.126043,0.128529
3981,26,0.376543,0.010009,0.010009,0.18655,0.416888,0.050342,0.949658,0.134438,0.137861
3982,24,0.377004,0.009989,0.009989,0.186353,0.416664,0.050591,0.949409,0.10325,0.101775
3983,26,0.37676,0.01,0.01,0.18636,0.416879,0.050017,0.949983,0.121004,0.123709
3984,24,0.37676,0.01,0.01,0.18636,0.416879,0.050247,0.949753,0.121698,0.120356
3985,24,0.37676,0.01,0.01,0.18636,0.416879,0.051515,0.948485,0.115515,0.108889
3986,30,0.376479,0.010005,0.010005,0.186445,0.417068,0.051414,0.948586,0.129899,0.13021
3987,30,0.376382,0.010002,0.010002,0.186476,0.417138,0.05211,0.94789,0.122047,0.118247
3988,32,0.376103,0.010002,0.010002,0.18651,0.417383,0.052016,0.947984,0.128123,0.128411
3989,24,0.376442,0.009995,0.009995,0.18641,0.417159,0.052772,0.947228,0.109391,0.105185
3990,30,0.376206,0.010004,0.010004,0.186478,0.417309,0.053138,0.946862,0.129911,0.127765
3991,26,0.376548,0.009995,0.009995,0.186378,0.417086,0.053215,0.946785,0.115294,0.11468
3992,36,0.376441,0.009997,0.010031,0.186313,0.41722,0.053269,0.946731,0.117896,0.117383
3993,30,0.377021,0.009991,0.009991,0.186147,0.416849,0.054054,0.945946,0.097135,0.092706
3994,26,0.376881,0.010002,0.010002,0.186184,0.416931,0.05374,0.94626,0.122588,0.124106
3995,32,0.376835,0.010001,0.010001,0.186199,0.416964,0.054171,0.945829,0.110862,0.108343
3996,24,0.376897,0.010042,0.009998,0.186168,0.416895,0.053397,0.946603,0.122577,0.126531
3997,24,0.376925,0.010009,0.01,0.186169,0.416897,0.052689,0.947311,0.124108,0.127639
3998,24,0.376541,0.010261,0.010002,0.186209,0.416987,0.051916,0.948084,0.134367,0.13825
3999,26,0.376671,0.009999,0.009999,0.186189,0.417142,0.052153,0.947847,0.111177,0.109778
4000,30,0.376263,0.010001,0.010001,0.18621,0.417525,0.051913,0.948087,0.11426,0.115301
4001,24,0.375811,0.01,0.01,0.186216,0.417971,0.051593,0.948407,0.120725,0.122193
4002,30,0.375996,0.009997,0.009997,0.186162,0.417848,0.052288,0.947712,0.11615,0.112368
4003,24,0.376299,0.009995,0.009995,0.186069,0.417641,0.051738,0.948262,0.111379,0.114018
4004,32,0.376721,0.009993,0.009993,0.185941,0.417352,0.052644,0.947356,0.092499,0.087595
4005,24,0.376861,0.009998,0.009998,0.185895,0.417249,0.052324,0.947676,0.114681,0.116145
4006,24,0.376794,0.009998,0.009998,0.185849,0.417362,0.051718,0.948282,0.112163,0.1151
4007,26,0.377237,0.009993,0.009993,0.185715,0.417063,0.051948,0.948052,0.103713,0.102328
4008,26,0.3765,0.010839,0.009998,0.18568,0.416984,0.051191,0.948809,0.134332,0.138064
4009,24,0.376143,0.011018,0.010003,0.185733,0.417103,0.050471,0.949529,0.12607,0.129563
4010,26,0.376393,0.010012,0.010012,0.185963,0.417619,0.050095,0.949905,0.128275,0.130018
4011,30,0.376411,0.009995,0.009995,0.185865,0.417734,0.050289,0.949711,0.107088,0.105915
4012,26,0.376198,0.01,0.01,0.185866,0.417936,0.050167,0.949833,0.124748,0.12519
4013,26,0.376462,0.009993,0.009993,0.185728,0.417825,0.05044,0.94956,0.102341,0.100789
4014,30,0.37664,0.009997,0.009997,0.185671,0.417695,0.050676,0.949324,0.109581,0.108234
4015,30,0.376406,0.010004,0.010004,0.185738,0.417848,0.050426,0.949574,0.129789,0.130851
4016,30,0.375986,0.009999,0.009999,0.185714,0.418302,0.050637,0.949363,0.11768,0.116429
4017,26,0.375976,0.01,0.01,0.185717,0.418307,0.050318,0.949682,0.119209,0.120668
4018,24,0.376041,0.009996,0.009996,0.185633,0.418335,0.05,0.95,0.11088,0.113786
4019,30,0.375806,0.010004,0.010004,0.1857,0.418487,0.050213,0.949787,0.129884,0.128625
4020,24,0.375519,0.010005,0.010005,0.185788,0.418684,0.05,0.95,0.128196,0.130744
4021,36,0.375381,0.01,0.01012,0.185796,0.418703,0.05,0.95,0.130386,0.130382
4022,24,0.375788,0.009992,0.010175,0.185657,0.418388,0.050742,0.949258,0.108433,0.104475
4023,26,0.376057,0.009998,0.009998,0.185626,0.41832,0.050115,0.949885,0.117461,0.12045
4024,26,0.375764,0.010005,0.010005,0.185713,0.418514,0.05,0.95,0.121665,0.123902
4025,24,0.375998,0.009996,0.009996,0.185646,0.418364,0.05,0.95,0.117178,0.117114
4026,32,0.376026,0.009994,0.009994,0.185542,0.418443,0.050282,0.949718,0.108789,0.107205
4027,26,0.375731,0.010005,0.010005,0.185626,0.418634,0.05,0.95,0.131227,0.134597
4028,24,0.37559,0.009999,0.009999,0.185607,0.418805,0.05,0.95,0.121417,0.123417
4029,24,0.375736,0.009998,0.009998,0.185563,0.418706,0.05,0.95,0.114587,0.116421
4030,26,0.3756,0.010002,0.010002,0.185601,0.418794,0.05,0.95,0.128151,0.128201
4031,26,0.375468,0.010002,0.010002,0.185642,0.418886,0.05,0.95,0.128202,0.131431
4032,30,0.375488,0.009996,0.010235,0.185566,0.418715,0.050807,0.949193,0.116511,0.112281
4033,32,0.375606,0.009996,0.010364,0.185491,0.418544,0.050543,0.949457,0.11529,0.116447
4034,24,0.375451,0.010008,0.010008,0.185644,0.418889,0.05031,0.94969,0.128186,0.129194
4035,30,0.375569,0.009998,0.009998,0.185613,0.418821,0.050015,0.949985,0.112533,0.113816
4036,30,0.375265,0.010002,0.010002,0.185646,0.419085,0.05,0.95,0.126537,0.128021
4037,24,0.375266,0.01,0.01,0.185647,0.419087,0.050914,0.949086,0.121702,0.116877
4038,36,0.375093,0.01,0.01,0.185654,0.419252,0.050984,0.949016,0.121839,0.121291
4039,32,0.375046,0.010001,0.010001,0.185668,0.419284,0.050855,0.949145,0.126339,0.126794
4040,26,0.374913,0.010002,0.010002,0.185709,0.419374,0.050336,0.949664,0.124474,0.126947
4041,24,0.374624,0.010005,0.010005,0.185796,0.419571,0.05,0.95,0.134375,0.135926
4042,26,0.374211,0.010007,0.010007,0.185921,0.419854,0.05,0.95,0.124853,0.126845
4043,30,0.374226,0.009995,0.009995,0.185821,0.419964,0.050222,0.949778,0.107079,0.105768
4044,24,0.373931,0.010005,0.010005,0.185905,0.420154,0.05,0.95,0.128112,0.130035
4045,32,0.374061,0.009998,0.009998,0.18587,0.420073,0.050293,0.949707,0.123099,0.12146
4046,26,0.373925,0.010002,0.010002,0.185909,0.420162,0.050415,0.949585,0.128232,0.127452
4047,26,0.373718,0.01,0.01,0.185912,0.420369,0.05,0.95,0.12464,0.126866
4048,26,0.373584,0.010002,0.010002,0.185952,0.420459,0.05,0.95,0.128151,0.128259
4049,30,0.373485,0.010002,0.010002,0.185983,0.420529,0.05,0.95,0.131988,0.132957
4050,24,0.373503,0.01,0.01,0.185978,0.420519,0.05,0.95,0.124149,0.126708
4051,30,0.373271,0.010004,0.010004,0.186047,0.420675,0.05,0.95,0.129737,0.130093
4052,24,0.373424,0.009994,0.009994,0.18594,0.420648,0.050223,0.949777,0.113464,0.11218
4053,24,0.373852,0.009993,0.009993,0.18581,0.420352,0.050965,0.949035,0.108455,0.104488
4054,32,0.3738,0.010001,0.010001,0.185821,0.420378,0.051181,0.948819,0.117094,0.115804
4055,38,0.3732,0.010001,0.010001,0.185837,0.420962,0.05115,0.94885,0.12855,0.128526
4056,30,0.373419,0.009997,0.009997,0.185772,0.420815,0.051116,0.948884,0.110511,0.110483
4057,24,0.373126,0.010005,0.010005,0.185857,0.421008,0.050412,0.949588,0.126234,0.129652
4058,32,0.373059,0.010001,0.010001,0.18588,0.421059,0.05056,0.94944,0.121734,0.120804
4059,26,0.373821,0.009988,0.009988,0.185654,0.420548,0.050697,0.949303,0.092606,0.091707
4060,26,0.374261,0.009993,0.009993,0.185517,0.420237,0.050957,0.949043,0.103787,0.102282
4061,26,0.374246,0.01,0.01,0.185517,0.420237,0.050484,0.949516,0.124805,0.12704
4062,24,0.373798,0.010421,0.01,0.185525,0.420255,0.05,0.95,0.128119,0.131293
4063,36,0.373616,0.010378,0.009999,0.185512,0.420495,0.050217,0.949783,0.124837,0.123573
4064,32,0.373757,0.010004,0.010004,0.185582,0.420654,0.050362,0.949638,0.109778,0.108857
4065,24,0.373407,0.010171,0.010003,0.185638,0.420782,0.05,0.95,0.134347,0.137609
4066,30,0.373174,0.010004,0.010004,0.185707,0.421111,0.05,0.95,0.126707,0.127243
4067,30,0.373177,0.01,0.01,0.185708,0.421114,0.050466,0.949534,0.119513,0.116968
4068,26,0.372971,0.01014,0.010051,0.185713,0.421124,0.05,0.95,0.128083,0.130581
4069,32,0.373217,0.009999,0.009999,0.185697,0.421088,0.05,0.95,0.108175,0.108223
4070,26,0.373424,0.009997,0.009997,0.185635,0.420948,0.05,0.95,0.11743,0.11774
4071,24,0.373421,0.01,0.01,0.185634,0.420945,0.051207,0.948793,0.115414,0.109144
4072,24,0.373558,0.009998,0.009998,0.185593,0.420853,0.050839,0.949161,0.12005,0.121733
4073,24,0.373265,0.010005,0.010005,0.185679,0.421047,0.050176,0.949824,0.128234,0.131388
4074,30,0.373269,0.01,0.01,0.18568,0.421051,0.050327,0.949673,0.129602,0.128643
4075,30,0.373036,0.010004,0.010004,0.185749,0.421207,0.050341,0.949659,0.129738,0.129454
4076,30,0.372806,0.010004,0.010004,0.18582,0.421367,0.050471,0.949529,0.129744,0.128854
4077,26,0.373239,0.009993,0.009993,0.185694,0.421081,0.050452,0.949548,0.110806,0.110716
4078,30,0.373432,0.009994,0.009994,0.185576,0.421004,0.05103,0.94897,0.10996,0.10686
4079,24,0.373507,0.009999,0.009999,0.185551,0.420946,0.051091,0.948909,0.116547,0.116046
4080,32,0.373674,0.009997,0.009997,0.1855,0.420831,0.051476,0.948524,0.113616,0.111473
4081,24,0.373739,0.009995,0.009995,0.185415,0.420855,0.051169,0.948831,0.110951,0.112308
4082,24,0.373735,0.01,0.01,0.185414,0.420851,0.05208,0.94792,0.121698,0.116758
4083,24,0.373445,0.010005,0.010005,0.1855,0.421046,0.051474,0.948526,0.128306,0.131275
4084,30,0.373145,0.010002,0.010002,0.185535,0.421316,0.051787,0.948213,0.126581,0.124779
4085,26,0.373042,0.010197,0.010076,0.185484,0.421201,0.051273,0.948727,0.126014,0.128498
4086,30,0.373492,0.009997,0.009997,0.185432,0.421082,0.051472,0.948528,0.109257,0.108006
4087,26,0.373831,0.009994,0.009994,0.18533,0.42085,0.051026,0.948974,0.115344,0.117453
4088,36,0.373971,0.009993,0.009993,0.185203,0.42084,0.051539,0.948461,0.1014,0.098575
4089,26,0.373832,0.010002,0.010002,0.18524,0.420925,0.051042,0.948958,0.124378,0.126766
4090,24,0.373981,0.009998,0.009998,0.185197,0.420827,0.050696,0.949304,0.11471,0.116272
4091,24,0.373669,0.010055,0.010004,0.185273,0.420999,0.050351,0.949649,0.134361,0.135924
4092,24,0.37369,0.009997,0.009997,0.18522,0.421096,0.050106,0.949894,0.110667,0.111676
4093,26,0.373851,0.009995,0.010113,0.185136,0.420904,0.05,0.95,0.117331,0.119299
4094,24,0.374466,0.009992,0.009992,0.184986,0.420564,0.050513,0.949487,0.098406,0.095633
4095,30,0.374053,0.010001,0.010001,0.185004,0.420941,0.050263,0.949737,0.114146,0.115184
4096,24,0.374284,0.009996,0.009996,0.184937,0.420786,0.050182,0.949818,0.117353,0.117544
4097,26,0.374928,0.00999,0.00999,0.184744,0.420348,0.050243,0.949757,0.10337,0.102859
4098,26,0.374505,0.010006,0.010006,0.184863,0.420619,0.05,0.95,0.134492,0.137482
4099,24,0.374526,0.01,0.01,0.184861,0.420614,0.05,0.95,0.115873,0.117554
4100,24,0.373791,0.011027,0.010895,0.184498,0.419788,0.05,0.95,0.129731,0.13035
4101,24,0.374139,0.010022,0.010022,0.184899,0.420918,0.05,0.95,0.122442,0.12583
4102,30,0.373923,0.010004,0.010004,0.184976,0.421093,0.050543,0.949457,0.129895,0.126966
4103,30,0.374165,0.009996,0.009996,0.184907,0.420936,0.051121,0.948879,0.105965,0.102791
4104,32,0.374288,0.009998,0.009998,0.184868,0.420848,0.051384,0.948616,0.113782,0.112251
4105,24,0.374028,0.01,0.010274,0.184863,0.420835,0.050602,0.949398,0.130748,0.134573
4106,32,0.37399,0.01,0.01,0.184862,0.421148,0.050359,0.949641,0.116781,0.117824
4107,26,0.373853,0.010009,0.010002,0.184901,0.421235,0.05,0.95,0.124306,0.126788
4108,24,0.374165,0.009995,0.009995,0.184812,0.421033,0.05,0.95,0.111394,0.114573
4109,30,0.374502,0.009994,0.009994,0.184709,0.420799,0.05003,0.94997,0.10046,0.100042
4110,32,0.374581,0.009994,0.009994,0.18459,0.420842,0.050619,0.949381,0.098135,0.09503
4111,26,0.374309,0.010001,0.010001,0.184608,0.421081,0.050423,0.949577,0.126032,0.126865
4112,32,0.374263,0.010001,0.010001,0.184622,0.421114,0.050374,0.949626,0.121741,0.121807
4113,26,0.374395,0.009995,0.009995,0.184524,0.421091,0.050504,0.949496,0.113881,0.11304
4114,26,0.374423,0.009996,0.009996,0.184454,0.42113,0.050524,0.949476,0.111181,0.110908
4115,26,0.374527,0.009998,0.009998,0.184421,0.421055,0.05086,0.94914,0.114512,0.112655
4116,26,0.374973,0.009993,0.009993,0.184289,0.420752,0.051017,0.948983,0.103805,0.102821
4117,26,0.375121,0.009995,0.010139,0.184199,0.420546,0.050978,0.949022,0.117303,0.117297
4118,24,0.375536,0.009995,0.009995,0.184116,0.420357,0.050879,0.949121,0.113562,0.113846
4119,30,0.375433,0.010002,0.010002,0.184144,0.420421,0.050724,0.949276,0.121969,0.122551
4120,26,0.375808,0.009994,0.009994,0.184034,0.42017,0.050856,0.949144,0.107445,0.106598
4121,32,0.375714,0.009997,0.010237,0.183988,0.420064,0.051876,0.948124,0.120632,0.115255
4122,24,0.375951,0.009996,0.009996,0.183923,0.420133,0.052148,0.947852,0.113556,0.11197
4123,30,0.375541,0.010001,0.010001,0.183943,0.420514,0.051557,0.948443,0.120798,0.123667
4124,30,0.375345,0.01,0.01,0.183946,0.420709,0.051392,0.948608,0.118864,0.119499
4125,30,0.37518,0.01,0.01,0.183943,0.420877,0.050997,0.949003,0.114846,0.116612
4126,30,0.37546,0.009996,0.009996,0.183861,0.420688,0.051131,0.948869,0.105094,0.104174
4127,24,0.37507,0.01026,0.010002,0.183897,0.420771,0.050406,0.949594,0.126066,0.129554
4128,24,0.374989,0.010475,0.009998,0.183858,0.420681,0.05,0.95,0.129875,0.132077
4129,30,0.374658,0.010547,0.010001,0.183878,0.420916,0.05,0.95,0.126487,0.127939
4130,26,0.374592,0.010372,0.010004,0.18395,0.421082,0.05,0.95,0.128177,0.131263
4131,26,0.374225,0.010253,0.010008,0.184097,0.421418,0.05,0.95,0.134392,0.135963
4132,26,0.374769,0.009995,0.009995,0.184013,0.421226,0.050201,0.949799,0.103722,0.102529
4133,26,0.37435,0.010007,0.010007,0.184134,0.421503,0.05,0.95,0.128739,0.131587
4134,28,0.373937,0.010416,0.01,0.184137,0.421509,0.05,0.95,0.12853,0.128555
4135,26,0.374213,0.010113,0.010119,0.184109,0.421446,0.05,0.95,0.11732,0.119864
4136,26,0.374953,0.009992,0.009992,0.18396,0.421104,0.05,0.95,0.100185,0.102719
4137,24,0.374803,0.009999,0.009999,0.183935,0.421264,0.05,0.95,0.121377,0.123844
4138,26,0.374593,0.01,0.01,0.183938,0.421469,0.050077,0.949923,0.12471,0.124162
4139,32,0.374546,0.010001,0.010001,0.183952,0.421501,0.050059,0.949941,0.121697,0.121607
4140,30,0.374446,0.010002,0.010002,0.183981,0.421569,0.050654,0.949346,0.115319,0.112137
4141,26,0.374775,0.009995,0.009995,0.183886,0.42135,0.050366,0.949634,0.108673,0.109922
4142,30,0.374413,0.01,0.01,0.183891,0.421696,0.050629,0.949371,0.120678,0.119162
4143,30,0.374313,0.010002,0.010002,0.18392,0.421764,0.050985,0.949015,0.115308,0.113311
4144,24,0.374314,0.01,0.01,0.183921,0.421765,0.050461,0.949539,0.1238,0.126254
4145,24,0.374183,0.010214,0.010129,0.183856,0.421618,0.050329,0.949671,0.129853,0.130324
4146,30,0.373795,0.010658,0.010101,0.183848,0.421598,0.050218,0.949782,0.129674,0.130051
4147,32,0.37443,0.010002,0.010002,0.183884,0.421682,0.050728,0.949272,0.094257,0.091471
4148,24,0.374432,0.01,0.01,0.183885,0.421683,0.051553,0.948447,0.121584,0.117162
4149,24,0.374662,0.009996,0.009996,0.183817,0.421528,0.05152,0.94848,0.117372,0.117361
4150,24,0.374288,0.010002,0.010002,0.183861,0.421845,0.050881,0.949119,0.124419,0.127518
4151,24,0.374226,0.009998,0.009998,0.183818,0.421961,0.050183,0.949817,0.112174,0.115513
4152,32,0.374372,0.009998,0.009998,0.183774,0.421859,0.050774,0.949226,0.098161,0.094981
4153,24,0.374079,0.010005,0.010005,0.183858,0.422053,0.050103,0.949897,0.1344,0.137629
4154,30,0.37385,0.010004,0.010004,0.183928,0.422214,0.050219,0.949781,0.129879,0.129068
4155,28,0.373522,0.010002,0.010002,0.183972,0.422501,0.050137,0.949863,0.125444,0.125694
4156,24,0.373674,0.009994,0.009994,0.183866,0.422472,0.050309,0.949691,0.113542,0.112511
4157,26,0.373463,0.009997,0.009997,0.183807,0.422736,0.05,0.95,0.120546,0.123397
4158,26,0.373452,0.01,0.01,0.183809,0.422739,0.05,0.95,0.124859,0.126343
4159,26,0.373318,0.010002,0.010002,0.183848,0.42283,0.05,0.95,0.128157,0.130289
4160,24,0.372948,0.010003,0.010003,0.183894,0.423153,0.05,0.95,0.124473,0.126337
4161,24,0.3724,0.010476,0.009998,0.183853,0.423273,0.05,0.95,0.13052,0.132561
4162,30,0.371875,0.011016,0.009997,0.183797,0.423316,0.05,0.95,0.136648,0.138132
4163,32,0.371866,0.010909,0.010003,0.18383,0.423392,0.050074,0.949926,0.126275,0.125726
4164,26,0.372053,0.010059,0.010011,0.184028,0.423849,0.05,0.95,0.124387,0.125913
4165,24,0.371843,0.01022,0.010001,0.184046,0.42389,0.05,0.95,0.130684,0.134326
4166,38,0.371902,0.009998,0.009998,0.184016,0.424085,0.050319,0.949681,0.11644,0.114655
4167,24,0.371546,0.010006,0.010006,0.184119,0.424324,0.05,0.95,0.127617,0.130037
4168,24,0.370913,0.010893,0.010029,0.184035,0.42413,0.05,0.95,0.134249,0.137805
4169,32,0.371448,0.010006,0.010006,0.184149,0.424391,0.050444,0.949556,0.112777,0.110376
4170,26,0.371485,0.009996,0.009996,0.184083,0.424439,0.050645,0.949355,0.111049,0.109868
4171,26,0.371272,0.010489,0.010067,0.183977,0.424195,0.050132,0.949868,0.125992,0.128414
4172,24,0.371187,0.01001,0.01001,0.184165,0.424628,0.05,0.95,0.128186,0.129848
4173,26,0.37106,0.010002,0.010002,0.184208,0.424728,0.05,0.95,0.128148,0.130468
4174,36,0.371192,0.009993,0.010315,0.184076,0.424424,0.050096,0.949904,0.110323,0.109668
4175,32,0.371711,0.009997,0.009997,0.184015,0.424282,0.050587,0.949413,0.100328,0.097631
4176,30,0.372056,0.009994,0.009994,0.183911,0.424044,0.051293,0.948707,0.102817,0.099034
4177,26,0.372174,0.009998,0.009998,0.183874,0.423957,0.050881,0.949119,0.114548,0.116479
4178,24,0.372172,0.01,0.01,0.183873,0.423955,0.052149,0.947851,0.115491,0.108773
4179,26,0.371964,0.01,0.01,0.183876,0.42416,0.051824,0.948176,0.119053,0.120576
4180,36,0.371707,0.010127,0.010298,0.183825,0.424044,0.051944,0.948056,0.12339,0.122581
4181,38,0.372096,0.009996,0.009996,0.183753,0.424159,0.052211,0.947789,0.099587,0.097946
4182,32,0.372255,0.009993,0.010241,0.183631,0.423879,0.052688,0.947312,0.11046,0.107751
4183,30,0.371853,0.009999,0.0105,0.183616,0.424033,0.0528,0.9472,0.126466,0.125628
4184,28,0.372148,0.010003,0.010003,0.183675,0.42417,0.052463,0.947537,0.11209,0.113659
4185,30,0.37198,0.01,0.01,0.183671,0.42435,0.052603,0.947397,0.128582,0.127622
4186,32,0.372153,0.009997,0.009997,0.18362,0.424232,0.052959,0.947041,0.106444,0.104395
4187,24,0.371797,0.010006,0.010006,0.183723,0.424469,0.052701,0.947299,0.129654,0.130828
4188,26,0.371908,0.009998,0.009998,0.183694,0.424402,0.052735,0.947265,0.114622,0.114263
4189,24,0.372447,0.009991,0.009991,0.183535,0.424035,0.053033,0.946967,0.107156,0.105339
4190,32,0.372082,0.010001,0.010001,0.183545,0.424372,0.052848,0.947152,0.115402,0.116184
4191,32,0.372035,0.010001,0.010001,0.183559,0.424404,0.053682,0.946318,0.111027,0.106395
4192,30,0.372151,0.009995,0.009995,0.18347,0.424389,0.053521,0.946479,0.112879,0.113526
4193,36,0.372095,0.009997,0.010235,0.183414,0.424259,0.053833,0.946167,0.125497,0.123597
4194,26,0.372014,0.010005,0.010005,0.183506,0.42447,0.053416,0.946584,0.118281,0.120324
4195,32,0.371873,0.010002,0.010002,0.18355,0.424572,0.053522,0.946478,0.120344,0.119539
4196,30,0.37206,0.009997,0.009997,0.183496,0.424449,0.053729,0.946271,0.115977,0.114638
4197,32,0.372145,0.010044,0.010116,0.183421,0.424274,0.053867,0.946133,0.116438,0.115492
4198,36,0.372227,0.009999,0.009999,0.1834,0.424375,0.05483,0.94517,0.110434,0.105027
4199,24,0.372569,0.009994,0.010031,0.183288,0.424117,0.054636,0.945364,0.111892,0.112687
4200,26,0.372485,0.010007,0.010046,0.183305,0.424156,0.054296,0.945704,0.123537,0.125152
4201,38,0.3719,0.010279,0.010001,0.183328,0.424492,0.054017,0.945983,0.135718,0.137015
4202,30,0.371903,0.010004,0.010004,0.183409,0.424679,0.054358,0.945642,0.115482,0.113424
4203,32,0.372155,0.009992,0.010241,0.183265,0.424346,0.054493,0.945507,0.108132,0.107163
4204,24,0.372474,0.009999,0.009999,0.183241,0.424288,0.055194,0.944806,0.117283,0.113227
4205,32,0.372473,0.01,0.01,0.18324,0.424287,0.055325,0.944675,0.125294,0.124364
4206,26,0.372203,0.010639,0.010069,0.183108,0.42398,0.054779,0.945221,0.125982,0.128787
4207,24,0.372326,0.010051,0.010009,0.183266,0.424348,0.05478,0.94522,0.124573,0.124332
4208,32,0.372437,0.009994,0.009994,0.183163,0.424412,0.05453,0.94547,0.102947,0.104061
4209,24,0.372142,0.010005,0.010005,0.183245,0.424604,0.0541,0.9459,0.128237,0.130359
4210,24,0.372163,0.01,0.01,0.183242,0.424596,0.053405,0.946595,0.115887,0.119392
4211,26,0.372269,0.009998,0.009998,0.183211,0.424523,0.05361,0.94639,0.11447,0.113183
4212,24,0.371896,0.010002,0.010002,0.183256,0.424843,0.05303,0.94697,0.124483,0.127392
4213,24,0.371607,0.010005,0.010005,0.183342,0.425042,0.052635,0.947365,0.128272,0.130174
4214,30,0.371725,0.009995,0.009995,0.183254,0.42503,0.052542,0.947458,0.112879,0.113184
4215,30,0.371681,0.01011,0.009999,0.183232,0.424979,0.052102,0.947898,0.126165,0.128241
4216,32,0.371908,0.009998,0.009998,0.183198,0.424898,0.052634,0.947366,0.097819,0.094809
4217,32,0.372015,0.009993,0.009993,0.183074,0.424925,0.053517,0.946483,0.098095,0.093247
4218,26,0.372132,0.009998,0.009998,0.183036,0.424837,0.0529,0.9471,0.118263,0.121345
4219,24,0.372266,0.009998,0.009998,0.182996,0.424743,0.053992,0.946008,0.111693,0.105666
4220,36,0.371945,0.009996,0.010592,0.182914,0.424554,0.054396,0.945604,0.130329,0.127949
4221,28,0.371836,0.010008,0.010183,0.183066,0.424907,0.053922,0.946078,0.128612,0.131004
4222,26,0.372014,0.01,0.01,0.18307,0.424916,0.053976,0.946024,0.114628,0.114157
4223,24,0.372454,0.009993,0.009993,0.182942,0.424618,0.053906,0.946094,0.11025,0.110393
4224,32,0.372229,0.010003,0.010005,0.183003,0.42476,0.054421,0.945579,0.125536,0.122564
4225,30,0.372454,0.009997,0.009997,0.18294,0.424613,0.055068,0.944932,0.099009,0.095222
4226,30,0.372351,0.010002,0.010002,0.182968,0.424678,0.055397,0.944603,0.122123,0.120091
4227,30,0.372396,0.009996,0.009996,0.1829,0.424711,0.055092,0.944908,0.109429,0.110881
4228,38,0.372683,0.009995,0.009995,0.182814,0.424512,0.054887,0.945113,0.114152,0.115081
4229,24,0.372389,0.010005,0.010005,0.182898,0.424705,0.054408,0.945592,0.128097,0.130497
4230,30,0.372577,0.009997,0.009997,0.182845,0.424583,0.054651,0.945349,0.109597,0.108089
4231,30,0.372922,0.009994,0.009994,0.182743,0.424346,0.055174,0.944826,0.102981,0.09984
4232,30,0.373009,0.009998,0.009998,0.182714,0.424279,0.055473,0.944527,0.106873,0.104966
4233,24,0.373025,0.01,0.01,0.182709,0.424266,0.054761,0.945239,0.124213,0.127894
4234,30,0.372854,0.01,0.01,0.182703,0.424443,0.05508,0.94492,0.118747,0.116737
4235,30,0.372728,0.010002,0.010002,0.18274,0.424528,0.055437,0.944563,0.115399,0.113204
4236,26,0.372521,0.01,0.01,0.182743,0.424736,0.055135,0.944865,0.120823,0.122295
4237,26,0.372386,0.010002,0.010002,0.182783,0.424827,0.054645,0.945355,0.124462,0.126975
4238,26,0.372838,0.009993,0.009993,0.182652,0.424524,0.05468,0.94532,0.103793,0.103381
4239,36,0.372717,0.010002,0.010002,0.182684,0.424596,0.054659,0.945341,0.109855,0.109712
4240,36,0.372119,0.010003,0.010003,0.182734,0.425141,0.054419,0.945581,0.130003,0.13109
4241,24,0.37175,0.010003,0.010003,0.18278,0.425465,0.053699,0.946301,0.122413,0.126116
4242,32,0.371812,0.009994,0.009994,0.182675,0.425524,0.053577,0.946423,0.101816,0.102221
4243,30,0.371575,0.010004,0.010004,0.182741,0.425677,0.053023,0.946977,0.1298,0.132569
4244,30,0.371975,0.00999,0.010221,0.182559,0.425255,0.0531,0.9469,0.099426,0.098793
4245,32,0.372722,0.009991,0.009991,0.182403,0.424891,0.053631,0.946369,0.091111,0.088081
4246,24,0.372411,0.01004,0.010004,0.182479,0.425066,0.052643,0.947357,0.134375,0.139449
4247,36,0.372449,0.009998,0.009998,0.182437,0.425118,0.053608,0.946392,0.11044,0.105156
4248,24,0.372465,0.01,0.01,0.182431,0.425105,0.052894,0.947106,0.124236,0.127817
4249,32,0.372227,0.010423,0.010397,0.182256,0.424697,0.052967,0.947033,0.124237,0.123608
4250,26,0.372227,0.010282,0.01019,0.182361,0.424941,0.05292,0.94708,0.128134,0.128201
4251,36,0.37225,0.010005,0.010005,0.182448,0.425293,0.053515,0.946485,0.12175,0.118365
4252,36,0.372198,0.009999,0.009999,0.182422,0.425382,0.053455,0.946545,0.122908,0.123006
4253,38,0.371661,0.010003,0.010003,0.182469,0.425866,0.053339,0.946661,0.123362,0.123773
4254,36,0.371988,0.009993,0.009993,0.182332,0.425695,0.053945,0.946055,0.096184,0.092683
4255,26,0.372117,0.009995,0.009995,0.182232,0.425662,0.053421,0.946579,0.110155,0.112757
4256,36,0.371849,0.01,0.01,0.182226,0.425926,0.053282,0.946718,0.122891,0.12343
4257,24,0.37149,0.01,0.010378,0.18222,0.425913,0.052671,0.947329,0.132193,0.135254
4258,36,0.371334,0.01,0.010265,0.18222,0.426181,0.05274,0.94726,0.120666,0.12011
4259,30,0.371331,0.010004,0.010004,0.182297,0.426363,0.052871,0.947129,0.121963,0.121035
4260,26,0.3712,0.010002,0.010002,0.182338,0.426458,0.052557,0.947443,0.122565,0.124049
4261,32,0.371263,0.009994,0.009994,0.182233,0.426516,0.052925,0.947075,0.111245,0.109139
4262,24,0.370887,0.010002,0.010002,0.182276,0.426833,0.052671,0.947329,0.130593,0.13175
4263,24,0.370809,0.009998,0.009998,0.182237,0.426958,0.053507,0.946493,0.117867,0.113182
4264,32,0.370741,0.009998,0.009998,0.182204,0.427058,0.05374,0.94626,0.122217,0.120742
4265,24,0.370889,0.009998,0.009998,0.18216,0.426955,0.053459,0.946541,0.114769,0.116043
4266,24,0.370801,0.009988,0.010845,0.181936,0.426429,0.054269,0.945731,0.117121,0.112578
4267,38,0.370904,0.009994,0.011071,0.181836,0.426194,0.054284,0.945716,0.122006,0.121683
4268,30,0.370982,0.009999,0.011079,0.181809,0.426131,0.054888,0.945112,0.116597,0.113099
4269,24,0.371531,0.010008,0.010008,0.181962,0.42649,0.054452,0.945548,0.114774,0.116917
4270,30,0.37104,0.010071,0.010978,0.1818,0.426111,0.054775,0.945225,0.131682,0.129699
4271,30,0.371329,0.010012,0.010012,0.18202,0.426627,0.055093,0.944907,0.122046,0.12006
4272,26,0.371547,0.009997,0.009997,0.181964,0.426495,0.054456,0.945544,0.117488,0.120776
4273,24,0.371777,0.009996,0.009996,0.181896,0.426335,0.055611,0.944389,0.109022,0.102443
4274,24,0.371483,0.010005,0.010005,0.181979,0.42653,0.055345,0.944655,0.126094,0.127346
4275,26,0.371412,0.010001,0.010001,0.182002,0.426584,0.055039,0.944961,0.123534,0.124974
4276,24,0.371562,0.009998,0.009998,0.181959,0.426484,0.054639,0.945361,0.114619,0.116567
4277,30,0.371082,0.009998,0.010256,0.181925,0.426739,0.055051,0.944949,0.120572,0.118088
4278,30,0.371171,0.009998,0.01026,0.181897,0.426673,0.055027,0.944973,0.12337,0.123248
4279,30,0.371096,0.010002,0.010002,0.181939,0.426961,0.054895,0.945105,0.118745,0.119235
4280,30,0.371283,0.009997,0.009997,0.181886,0.426836,0.055237,0.944763,0.116101,0.113973
4281,30,0.371441,0.009994,0.009994,0.181784,0.426786,0.055625,0.944375,0.112703,0.110318
4282,24,0.370885,0.010131,0.010567,0.181738,0.426679,0.055504,0.944496,0.134295,0.134737
4283,24,0.371161,0.010007,0.010007,0.18186,0.426965,0.054987,0.945013,0.115917,0.118534
4284,32,0.371119,0.010001,0.010001,0.181876,0.427003,0.055656,0.944344,0.117033,0.113134
4285,36,0.370967,0.01,0.01,0.181878,0.427155,0.055609,0.944391,0.12439,0.124416
4286,24,0.370595,0.010002,0.010002,0.181923,0.427477,0.055227,0.944773,0.124335,0.126222
4287,36,0.370704,0.009994,0.009994,0.181815,0.427493,0.05517,0.94483,0.106374,0.106418
4288,24,0.37053,0.009995,0.010452,0.18173,0.427292,0.056032,0.943968,0.12153,0.116493
4289,30,0.370522,0.010002,0.010002,0.181765,0.427709,0.05646,0.94354,0.110566,0.107894
4290,24,0.370833,0.009995,0.009995,0.181676,0.427501,0.057012,0.942988,0.10317,0.099768
4291,26,0.370863,0.009996,0.009996,0.181607,0.427538,0.057294,0.942706,0.111152,0.109348
4292,30,0.371046,0.009997,0.009997,0.181552,0.427408,0.058346,0.941654,0.116198,0.109902
4293,24,0.370729,0.010066,0.010004,0.181624,0.427577,0.057632,0.942368,0.128115,0.132007
4294,24,0.371217,0.00999,0.00999,0.181441,0.427362,0.057686,0.942314,0.103302,0.102715
4295,34,0.371373,0.009997,0.009997,0.18139,0.427242,0.057428,0.942572,0.118424,0.119698
4296,26,0.371237,0.010002,0.010002,0.181428,0.427331,0.057069,0.942931,0.122488,0.124338
4297,32,0.371346,0.009995,0.009995,0.181346,0.427316,0.057706,0.942294,0.105009,0.101167
4298,30,0.371193,0.010002,0.010002,0.181388,0.427414,0.057439,0.942561,0.120462,0.121779
4299,26,0.370853,0.009997,0.010555,0.181326,0.427269,0.057514,0.942486,0.128114,0.127471
4300,24,0.371492,0.009999,0.009999,0.181301,0.42721,0.058597,0.941403,0.102349,0.095788
4301,32,0.371491,0.01,0.01,0.1813,0.427208,0.058871,0.941129,0.125229,0.123374
4302,30,0.371258,0.010004,0.010004,0.181368,0.427367,0.059112,0.940888,0.129765,0.128089
4303,30,0.370981,0.010129,0.010003,0.181413,0.427475,0.058989,0.941011,0.129699,0.130185
4304,30,0.371215,0.009998,0.009998,0.181384,0.427405,0.058958,0.941042,0.116195,0.116154
4305,24,0.371366,0.009994,0.009994,0.181277,0.427369,0.058981,0.941019,0.113561,0.113198
4306,26,0.371227,0.010002,0.010002,0.181314,0.427455,0.05886,0.94114,0.128229,0.128729
4307,24,0.371297,0.009996,0.009996,0.181232,0.427479,0.058218,0.941782,0.110927,0.114383
4308,24,0.371443,0.009998,0.009998,0.181188,0.427374,0.057708,0.942292,0.114633,0.117304
4309,24,0.371402,0.009998,0.010152,0.181154,0.427295,0.057093,0.942907,0.124122,0.12741
4310,24,0.371593,0.009999,0.009999,0.181142,0.427266,0.058178,0.941822,0.111717,0.105235
4311,30,0.371708,0.009995,0.009995,0.181054,0.427248,0.058488,0.941512,0.112883,0.110828
4312,26,0.37157,0.010002,0.010002,0.181091,0.427335,0.057983,0.942017,0.124383,0.127117
4313,26,0.371437,0.010002,0.010002,0.18113,0.427428,0.05793,0.94207,0.128131,0.12822
4314,32,0.371468,0.01,0.01,0.181123,0.42741,0.057942,0.942058,0.116957,0.116642
4315,24,0.371088,0.010238,0.010002,0.181164,0.427508,0.057324,0.942676,0.12605,0.129386
4316,36,0.371077,0.01,0.01,0.181159,0.427765,0.058234,0.941766,0.108234,0.102792
4317,30,0.371263,0.009997,0.009997,0.181105,0.427638,0.058141,0.941859,0.116099,0.116394
4318,32,0.37098,0.010002,0.010002,0.181137,0.42788,0.058096,0.941904,0.121873,0.121886
4319,24,0.371213,0.009996,0.009996,0.18107,0.427724,0.058281,0.941719,0.1172,0.115885
4320,32,0.371094,0.009997,0.009997,0.181012,0.4279,0.058623,0.941377,0.112024,0.109783
4321,32,0.371346,0.009991,0.009991,0.180851,0.427822,0.058985,0.941015,0.097889,0.095464
4322,32,0.371152,0.009998,0.009998,0.180811,0.428041,0.059196,0.940804,0.102389,0.100882
4323,30,0.371248,0.009995,0.010232,0.180714,0.427811,0.059789,0.940211,0.10935,0.105609
4324,26,0.37104,0.010424,0.01,0.180717,0.427819,0.059112,0.940888,0.128085,0.131864
4325,26,0.371649,0.009997,0.009997,0.180664,0.427693,0.059256,0.940744,0.103928,0.102839
4326,24,0.371895,0.009995,0.010074,0.180569,0.427468,0.058488,0.941512,0.119105,0.123351
4327,30,0.371623,0.010003,0.010003,0.180617,0.427755,0.058001,0.941999,0.126821,0.12941
4328,30,0.37174,0.009995,0.009995,0.180531,0.427739,0.057934,0.942066,0.122748,0.122865
4329,24,0.371884,0.009998,0.009998,0.180486,0.427634,0.057534,0.942466,0.114651,0.116713
4330,26,0.372532,0.00999,0.00999,0.180299,0.42719,0.057752,0.942248,0.103495,0.101984
4331,30,0.372536,0.009994,0.009994,0.180196,0.42728,0.057404,0.942596,0.107067,0.108809
4332,24,0.3727,0.009997,0.009997,0.180145,0.42716,0.057585,0.942415,0.118654,0.117387
4333,32,0.372236,0.010449,0.010198,0.180089,0.427028,0.057685,0.942315,0.139425,0.138618
4334,30,0.372477,0.010006,0.010006,0.180206,0.427304,0.057981,0.942019,0.126317,0.124361
4335,30,0.372381,0.010002,0.010002,0.180237,0.427378,0.058296,0.941704,0.121903,0.119816
4336,26,0.372383,0.01,0.01,0.180238,0.42738,0.057955,0.942045,0.12043,0.122188
4337,32,0.371854,0.01003,0.010793,0.18015,0.427172,0.058373,0.941627,0.125364,0.122714
4338,32,0.372113,0.010009,0.010009,0.180312,0.427556,0.058584,0.941416,0.117216,0.115751
4339,24,0.371748,0.010003,0.010003,0.18036,0.427886,0.057977,0.942023,0.122322,0.125631
4340,24,0.371819,0.009996,0.009996,0.18028,0.427911,0.057645,0.942355,0.110924,0.112499
4341,24,0.372187,0.009994,0.009994,0.180171,0.427654,0.056879,0.943121,0.118239,0.122367
4342,26,0.371867,0.010438,0.010042,0.18012,0.427532,0.056365,0.943635,0.128058,0.130764
4343,26,0.372254,0.010001,0.010001,0.180147,0.427596,0.055919,0.944081,0.117434,0.119717
4344,24,0.371964,0.010005,0.010005,0.180231,0.427796,0.055519,0.944481,0.12819,0.130199
4345,24,0.371676,0.010005,0.010005,0.180317,0.427998,0.055156,0.944844,0.128189,0.129988
4346,32,0.371853,0.009997,0.009997,0.180268,0.427884,0.055499,0.944501,0.117384,0.11529
4347,24,0.371399,0.01,0.01,0.180273,0.428327,0.054863,0.945137,0.120641,0.123956
4348,36,0.371483,0.009987,0.010697,0.180046,0.427787,0.054997,0.945003,0.111572,0.110636
4349,30,0.370837,0.010392,0.011386,0.179913,0.427471,0.055302,0.944698,0.129582,0.1277
4350,32,0.371272,0.010005,0.010704,0.180008,0.428011,0.056145,0.943855,0.106394,0.101494
4351,30,0.37162,0.010006,0.010006,0.180111,0.428257,0.056228,0.943772,0.118401,0.117678
4352,24,0.37119,0.010004,0.010004,0.180176,0.428627,0.055857,0.944143,0.123831,0.125684
4353,32,0.371243,0.009999,0.009999,0.180163,0.428595,0.056779,0.943221,0.109872,0.104462
4354,30,0.370671,0.01015,0.010897,0.179924,0.42836,0.056791,0.943209,0.126919,0.12663
4355,24,0.370877,0.010349,0.010152,0.180024,0.428598,0.05605,0.94395,0.121594,0.125549
4356,24,0.371212,0.010003,0.010003,0.180071,0.428711,0.05539,0.94461,0.114592,0.118004
4357,24,0.371363,0.009998,0.009998,0.18003,0.428612,0.054779,0.945221,0.11475,0.117877
4358,32,0.371738,0.009994,0.009994,0.179921,0.428353,0.055029,0.944971,0.097504,0.095858
4359,24,0.371432,0.010032,0.010004,0.179997,0.428535,0.054214,0.945786,0.134344,0.138611
4360,32,0.371772,0.009995,0.009995,0.17991,0.428328,0.053902,0.946098,0.116163,0.117658
4361,26,0.371337,0.010042,0.010006,0.180022,0.428593,0.053579,0.946421,0.128579,0.130117
4362,26,0.371147,0.010001,0.010001,0.180033,0.428819,0.053453,0.946547,0.124701,0.125191
4363,24,0.371135,0.009997,0.009997,0.179975,0.428897,0.053313,0.946687,0.118024,0.118554
4364,24,0.371281,0.009998,0.009998,0.179931,0.428792,0.052929,0.947071,0.114704,0.116537
4365,30,0.370659,0.01065,0.01038,0.179809,0.428502,0.052954,0.947046,0.129593,0.129232
4366,30,0.370671,0.010095,0.01001,0.17998,0.429244,0.052823,0.947177,0.120488,0.120989
4367,32,0.370379,0.010001,0.010001,0.180007,0.429611,0.052712,0.947288,0.117836,0.11824
4368,26,0.370171,0.01,0.01,0.18001,0.429818,0.052214,0.947786,0.120925,0.123378
4369,24,0.370171,0.01,0.01,0.18001,0.429818,0.053352,0.946648,0.115452,0.109267
4370,24,0.370057,0.010305,0.009997,0.179955,0.429686,0.052754,0.947246,0.123614,0.126555
4371,30,0.370275,0.010001,0.01001,0.179976,0.429738,0.053361,0.946639,0.116566,0.113152
4372,30,0.370108,0.01,0.01,0.179973,0.429919,0.053577,0.946423,0.118736,0.117361
4373,36,0.370008,0.009997,0.009997,0.179925,0.430073,0.0537,0.9463,0.115207,0.114346
4374,24,0.369422,0.009997,0.010569,0.179865,0.430147,0.053523,0.946477,0.130463,0.131197
4375,30,0.369735,0.010004,0.010004,0.179937,0.430319,0.053767,0.946233,0.132801,0.131211
4376,24,0.369287,0.01,0.01,0.179945,0.430768,0.053406,0.946594,0.12059,0.122334
4377,32,0.369653,0.009994,0.010002,0.179838,0.430513,0.053558,0.946442,0.104879,0.103858
4378,24,0.369359,0.010005,0.010005,0.179921,0.430711,0.052851,0.947149,0.126208,0.129792
4379,24,0.368935,0.010001,0.010365,0.179941,0.430759,0.05245,0.94755,0.13433,0.136246
4380,32,0.369245,0.010001,0.010001,0.179957,0.430797,0.052592,0.947408,0.106485,0.105558
4381,30,0.369284,0.009996,0.009996,0.179892,0.430831,0.052924,0.947076,0.113395,0.111403
4382,24,0.368989,0.010005,0.010005,0.179974,0.431028,0.052055,0.947945,0.134442,0.138845
4383,36,0.36912,0.009994,0.009994,0.17986,0.431032,0.052066,0.947934,0.109682,0.109426
4384,24,0.368823,0.010005,0.010005,0.179941,0.431227,0.051684,0.948316,0.134413,0.136207
4385,24,0.368494,0.010112,0.010004,0.180006,0.431384,0.051351,0.948649,0.128069,0.129586
4386,26,0.368044,0.010006,0.010006,0.180111,0.431834,0.050921,0.949079,0.121313,0.123331
4387,30,0.367873,0.009991,0.010717,0.179956,0.431462,0.05091,0.94909,0.123286,0.123145
4388,30,0.366777,0.010803,0.012207,0.179601,0.430611,0.050991,0.949009,0.139463,0.138878
4389,36,0.367199,0.010017,0.011409,0.1799,0.431476,0.051086,0.948914,0.121831,0.121151
4390,26,0.367056,0.010014,0.010686,0.180155,0.432088,0.050713,0.949287,0.134388,0.136126
4391,32,0.367102,0.010008,0.010008,0.180291,0.432592,0.050842,0.949158,0.126549,0.125712
4392,26,0.367216,0.009998,0.009998,0.180263,0.432524,0.051143,0.948857,0.114695,0.113007
4393,26,0.367021,0.010003,0.010003,0.180317,0.432656,0.050669,0.949331,0.129513,0.131762
4394,30,0.367023,0.01,0.01,0.180319,0.432658,0.051088,0.948912,0.126287,0.123963
4395,38,0.366931,0.010001,0.010001,0.180345,0.432722,0.050987,0.949013,0.130661,0.131009
4396,26,0.366796,0.010002,0.010002,0.180384,0.432815,0.050366,0.949634,0.128186,0.131183
4397,26,0.366922,0.009998,0.009998,0.18035,0.432733,0.05046,0.94954,0.118329,0.117671
4398,24,0.366627,0.010005,0.010005,0.180433,0.432932,0.05,0.95,0.12814,0.130729
4399,32,0.36641,0.010004,0.010004,0.180497,0.433086,0.05,0.95,0.130196,0.130254
4400,32,0.366749,0.009995,0.009995,0.180402,0.432859,0.050287,0.949713,0.104404,0.102776
4401,24,0.366179,0.010719,0.01002,0.180349,0.432732,0.05,0.95,0.134227,0.137827
4402,32,0.366337,0.010006,0.010006,0.180464,0.433186,0.050279,0.949721,0.107897,0.106329
4403,24,0.366576,0.009996,0.009996,0.1804,0.433031,0.050304,0.949696,0.117333,0.117037
4404,24,0.366495,0.009998,0.009998,0.18036,0.43315,0.05,0.95,0.119971,0.123394
4405,32,0.366576,0.009997,0.01012,0.1803,0.433007,0.050022,0.949978,0.122973,0.122698
4406,30,0.366629,0.010001,0.010001,0.180318,0.43305,0.05,0.95,0.116154,0.118081
4407,30,0.36663,0.01,0.01,0.180319,0.433051,0.05033,0.94967,0.119731,0.117894
4408,30,0.366655,0.010149,0.010011,0.180264,0.432921,0.050492,0.949508,0.128232,0.127205
4409,24,0.36693,0.009992,0.010391,0.180118,0.432569,0.05,0.95,0.111953,0.114602
4410,26,0.367062,0.010004,0.010004,0.180189,0.432741,0.05,0.95,0.121059,0.123555
4411,30,0.366698,0.01,0.01,0.180192,0.43311,0.05,0.95,0.123397,0.123628
4412,30,0.366494,0.009998,0.009998,0.180155,0.433355,0.050231,0.949769,0.11267,0.111307
4413,24,0.366135,0.010006,0.010006,0.180256,0.433598,0.05,0.95,0.129671,0.131369
4414,24,0.36606,0.009998,0.009998,0.180219,0.433725,0.050841,0.949159,0.117859,0.113407
4415,32,0.366011,0.010001,0.010001,0.180232,0.433755,0.051169,0.948831,0.126261,0.124407
4416,36,0.365692,0.009996,0.009996,0.180168,0.434147,0.051164,0.948836,0.110317,0.110147
4417,24,0.365317,0.010002,0.010002,0.180211,0.434467,0.050599,0.949401,0.130481,0.133148
4418,24,0.365243,0.010001,0.010001,0.180233,0.434521,0.050137,0.949863,0.125157,0.127292
4419,26,0.365244,0.01,0.01,0.180234,0.434522,0.050332,0.949668,0.122356,0.121191
4420,24,0.364792,0.01,0.01,0.180239,0.434967,0.05,0.95,0.118457,0.122005
4421,32,0.364969,0.009997,0.009997,0.18019,0.434847,0.050064,0.949936,0.112647,0.11214
4422,30,0.364669,0.010002,0.010002,0.180224,0.435103,0.050232,0.949768,0.126617,0.125584
4423,32,0.364524,0.010002,0.010002,0.180266,0.435205,0.050376,0.949624,0.12953,0.128606
4424,32,0.364739,0.009997,0.009997,0.180207,0.435061,0.050886,0.949114,0.10623,0.1034
4425,24,0.364582,0.009999,0.009999,0.180188,0.435232,0.050535,0.949465,0.113042,0.114636
4426,30,0.364346,0.010004,0.010004,0.180255,0.435392,0.050044,0.949956,0.129766,0.132046
4427,26,0.364806,0.009993,0.009993,0.180126,0.435082,0.050141,0.949859,0.104008,0.103339
4428,36,0.364639,0.009998,0.009998,0.180091,0.435274,0.050233,0.949767,0.114265,0.113629
4429,24,0.364244,0.010059,0.010002,0.180124,0.435571,0.05,0.95,0.130448,0.132048
4430,26,0.364346,0.009997,0.010121,0.180078,0.435458,0.05,0.95,0.118274,0.120389
4431,26,0.364584,0.009991,0.010414,0.179924,0.435087,0.05013,0.94987,0.115374,0.114532
4432,30,0.364244,0.010215,0.01133,0.17969,0.43452,0.050393,0.949607,0.128154,0.12665
4433,32,0.364574,0.010009,0.010473,0.179852,0.435091,0.051191,0.948809,0.1068,0.102576
4434,32,0.364089,0.01024,0.010583,0.179803,0.435284,0.05076,0.94924,0.130734,0.132754
4435,24,0.364658,0.010002,0.010128,0.179839,0.435373,0.050686,0.949314,0.119835,0.120005
4436,26,0.36432,0.009997,0.010681,0.179778,0.435224,0.05084,0.94916,0.128081,0.127135
4437,32,0.36452,0.010008,0.010008,0.179913,0.435552,0.051061,0.948939,0.117226,0.115919
4438,32,0.364415,0.009997,0.009997,0.179862,0.43573,0.051424,0.948576,0.114489,0.11246
4439,30,0.364601,0.009997,0.009997,0.179807,0.435598,0.051393,0.948607,0.109632,0.109602
4440,26,0.364463,0.010002,0.010002,0.179845,0.435688,0.0511,0.9489,0.124428,0.125774
4441,32,0.364499,0.009999,0.009999,0.179835,0.435666,0.050986,0.949014,0.111889,0.112247
4442,30,0.364687,0.009997,0.009997,0.179782,0.435537,0.050998,0.949002,0.116222,0.115972
4443,26,0.364721,0.009996,0.009996,0.179714,0.435572,0.051016,0.948984,0.111074,0.110805
4444,32,0.36487,0.009998,0.009998,0.17967,0.435465,0.051947,0.948053,0.115131,0.110174
4445,24,0.365006,0.009998,0.009998,0.17963,0.435368,0.051548,0.948452,0.120043,0.121911
4446,26,0.364868,0.010002,0.010002,0.179668,0.435459,0.051052,0.948948,0.124355,0.126735
4447,24,0.364435,0.010172,0.010001,0.179683,0.43571,0.05029,0.94971,0.130435,0.134133
4448,30,0.364262,0.010005,0.010005,0.17978,0.435947,0.050139,0.949861,0.123226,0.123801
4449,30,0.363871,0.01037,0.010001,0.179789,0.435969,0.05,0.95,0.139678,0.141066
4450,24,0.364447,0.009997,0.009997,0.179731,0.435828,0.050745,0.949255,0.108643,0.104675
4451,36,0.364292,0.01,0.01,0.179731,0.435976,0.051135,0.948865,0.124464,0.122291
4452,24,0.364313,0.01,0.01,0.179725,0.435962,0.050335,0.949665,0.124185,0.128073
4453,24,0.36447,0.009994,0.009994,0.17962,0.435922,0.051442,0.948558,0.107291,0.101504
4454,38,0.363929,0.010002,0.010002,0.179664,0.436402,0.051326,0.948674,0.123133,0.123535
4455,30,0.36376,0.01,0.01,0.179659,0.436581,0.051413,0.948587,0.128545,0.127904
4456,26,0.363338,0.010007,0.010007,0.179778,0.43687,0.050537,0.949463,0.134377,0.138707
4457,24,0.363343,0.01,0.01,0.179781,0.436876,0.050453,0.949547,0.123812,0.12404
4458,34,0.363449,0.009996,0.009996,0.179704,0.436856,0.050615,0.949385,0.115551,0.114576
4459,36,0.363868,0.009993,0.009993,0.179583,0.436562,0.051605,0.948395,0.096933,0.091735
4460,24,0.364016,0.009997,0.009997,0.179538,0.436452,0.05158,0.94842,0.114694,0.114591
4461,24,0.364249,0.009996,0.009996,0.17947,0.436288,0.051617,0.948383,0.117348,0.116973
4462,32,0.364955,0.009989,0.009989,0.179269,0.435799,0.051682,0.948318,0.090085,0.089523
4463,36,0.364794,0.01,0.01,0.179266,0.43594,0.052174,0.947826,0.128544,0.12581
4464,32,0.364632,0.009998,0.009998,0.179223,0.436149,0.052545,0.947455,0.117662,0.115524
4465,24,0.364856,0.009996,0.010022,0.179151,0.435974,0.053165,0.946835,0.117216,0.113741
4466,24,0.365538,0.00999,0.00999,0.178964,0.435519,0.053809,0.946191,0.104269,0.100631
4467,26,0.365295,0.010417,0.010214,0.178845,0.435229,0.053845,0.946155,0.12599,0.125571
4468,24,0.364839,0.010902,0.010003,0.178898,0.435358,0.053334,0.946666,0.129487,0.132039
4469,24,0.365085,0.010293,0.010006,0.179003,0.435613,0.052927,0.947073,0.124204,0.126136
4470,30,0.365163,0.010003,0.010003,0.179065,0.435765,0.052509,0.947491,0.116646,0.118567
4471,24,0.365185,0.01,0.01,0.179061,0.435754,0.052084,0.947916,0.115974,0.117985
4472,30,0.365389,0.009997,0.009997,0.179003,0.435614,0.052272,0.947728,0.099951,0.098677
4473,36,0.365543,0.009995,0.009995,0.178916,0.43555,0.05238,0.94762,0.107363,0.106522
4474,24,0.366214,0.009989,0.009989,0.178724,0.435083,0.052986,0.947014,0.104221,0.100826
4475,24,0.365912,0.010004,0.010004,0.178803,0.435276,0.052383,0.947617,0.134385,0.137381
4476,24,0.366052,0.009998,0.009998,0.178766,0.435185,0.053119,0.946881,0.117923,0.113819
4477,38,0.365859,0.009995,0.009995,0.178672,0.435479,0.05315,0.94685,0.112103,0.111741
4478,26,0.36572,0.010002,0.010002,0.178708,0.435568,0.052643,0.947357,0.124293,0.126797
4479,24,0.36579,0.009999,0.009999,0.17869,0.435522,0.052535,0.947465,0.12195,0.122323
4480,26,0.365468,0.010455,0.010047,0.178637,0.435393,0.052006,0.947994,0.128036,0.130629
4481,32,0.365703,0.010004,0.010004,0.178712,0.435577,0.052525,0.947475,0.109957,0.107064
4482,32,0.365782,0.009999,0.009999,0.178692,0.435528,0.052564,0.947436,0.110663,0.110285
4483,26,0.365458,0.010511,0.009997,0.178638,0.435396,0.051903,0.948097,0.12807,0.131356
4484,32,0.365806,0.01,0.01,0.178633,0.435561,0.052907,0.947093,0.103624,0.098208
4485,26,0.365733,0.009998,0.009998,0.178597,0.435673,0.052236,0.947764,0.122582,0.12594
4486,30,0.365732,0.01,0.01,0.178597,0.435671,0.053058,0.946942,0.119584,0.115093
4487,26,0.366065,0.009995,0.009995,0.178503,0.435442,0.052581,0.947419,0.10206,0.104341
4488,24,0.365489,0.010588,0.01,0.178496,0.435427,0.052104,0.947896,0.129479,0.131774
4489,30,0.366016,0.010001,0.010001,0.178513,0.435468,0.052761,0.947239,0.10344,0.099767
4490,26,0.366351,0.009995,0.009995,0.17842,0.43524,0.052441,0.947559,0.108703,0.110179
4491,24,0.366122,0.010003,0.010003,0.178481,0.43539,0.052226,0.947774,0.126372,0.127321
4492,24,0.365831,0.010005,0.010005,0.178565,0.435595,0.051878,0.948122,0.12823,0.129858
4493,24,0.365834,0.01,0.01,0.178567,0.435599,0.051402,0.948598,0.123733,0.125997
4494,36,0.365227,0.010397,0.01097,0.178346,0.43506,0.051808,0.948192,0.130207,0.127921
4495,24,0.36529,0.010017,0.010017,0.178652,0.436023,0.0516,0.9484,0.125845,0.12674
4496,24,0.365303,0.01,0.01,0.178658,0.436038,0.052865,0.947135,0.115534,0.10873
4497,36,0.365205,0.010002,0.010002,0.178686,0.436106,0.053154,0.946846,0.122133,0.120423
4498,32,0.365296,0.009986,0.010446,0.178444,0.435828,0.052747,0.947253,0.112785,0.114734
4499,26,0.365381,0.010002,0.010002,0.178486,0.436128,0.052855,0.947145,0.113175,0.112435
4500,30,0.364891,0.010701,0.009997,0.178427,0.435985,0.052322,0.947678,0.129644,0.13226
4501,36,0.365126,0.010003,0.010003,0.178481,0.436387,0.052831,0.947169,0.10677,0.103908
4502,24,0.365219,0.009999,0.009999,0.178457,0.436327,0.05283,0.94717,0.115419,0.115179
4503,30,0.36486,0.01,0.01,0.178463,0.436676,0.053094,0.946906,0.120381,0.118795
4504,24,0.364635,0.010004,0.010004,0.178526,0.436831,0.053143,0.946857,0.126262,0.125811
4505,24,0.364418,0.010004,0.010004,0.178589,0.436985,0.052297,0.947703,0.132194,0.136499
4506,26,0.364756,0.009995,0.009995,0.178497,0.436758,0.051514,0.948486,0.111521,0.11538
4507,36,0.3646,0.01,0.01,0.178496,0.436905,0.051945,0.948055,0.124451,0.122013
4508,24,0.364752,0.009998,0.009998,0.178453,0.4368,0.051497,0.948503,0.114659,0.116752
4509,30,0.364751,0.01,0.01,0.178452,0.436797,0.051374,0.948626,0.126249,0.12672
4510,24,0.364456,0.010005,0.010005,0.178535,0.437,0.050823,0.949177,0.12812,0.130739
4511,32,0.364436,0.01,0.01,0.178543,0.43702,0.050766,0.949234,0.12528,0.125344
4512,26,0.364824,0.009994,0.009994,0.178434,0.436754,0.050032,0.949968,0.112975,0.116474
4513,32,0.364759,0.009998,0.009998,0.178402,0.436843,0.05,0.95,0.124704,0.125037
4514,24,0.364895,0.009998,0.009998,0.178363,0.436747,0.050727,0.949273,0.117921,0.114062
4515,26,0.364732,0.010002,0.010002,0.178407,0.436855,0.05041,0.94959,0.1245,0.125906
4516,24,0.364509,0.010004,0.010004,0.178472,0.437012,0.050292,0.949708,0.126281,0.126702
4517,24,0.364003,0.010372,0.009999,0.17845,0.437176,0.05,0.95,0.130437,0.13412
4518,26,0.363716,0.01001,0.01001,0.178635,0.437628,0.05,0.95,0.128573,0.131139
4519,38,0.363221,0.010004,0.010004,0.178701,0.438071,0.05051,0.94949,0.121194,0.118463
4520,24,0.362929,0.010005,0.010005,0.178785,0.438277,0.05,0.95,0.128131,0.131277
4521,30,0.362559,0.010378,0.01,0.178785,0.438278,0.05,0.95,0.139629,0.140557
4522,30,0.362594,0.010005,0.010005,0.178881,0.438514,0.050494,0.949506,0.12192,0.119264
4523,36,0.362664,0.009995,0.009995,0.178787,0.43856,0.051048,0.948952,0.102548,0.099547
4524,30,0.362849,0.009997,0.009997,0.178732,0.438425,0.051379,0.948621,0.116254,0.114358
4525,30,0.362611,0.010004,0.010004,0.178797,0.438585,0.051812,0.948188,0.129849,0.127413
4526,24,0.362318,0.010005,0.010005,0.178881,0.438791,0.051185,0.948815,0.128156,0.13121
4527,24,0.362087,0.01,0.01,0.178888,0.439024,0.05066,0.94934,0.120775,0.123245
4528,24,0.361792,0.010005,0.010005,0.178971,0.439228,0.050401,0.949599,0.134341,0.135447
4529,30,0.361559,0.010004,0.010004,0.179039,0.439395,0.050542,0.949458,0.129657,0.128711
4530,30,0.360908,0.010839,0.011229,0.178631,0.438393,0.050479,0.949521,0.132959,0.133078
4531,26,0.361037,0.010202,0.01095,0.178801,0.439009,0.05001,0.94999,0.124581,0.126783
4532,30,0.361658,0.010004,0.010081,0.178876,0.439382,0.050255,0.949745,0.10996,0.108534
4533,32,0.361866,0.009998,0.009998,0.178841,0.439297,0.050219,0.949781,0.106553,0.106557
4534,24,0.362019,0.009998,0.009998,0.178797,0.439189,0.050173,0.949827,0.114735,0.114774
4535,30,0.361781,0.010004,0.010004,0.178863,0.439349,0.050286,0.949714,0.129811,0.129067
4536,32,0.361517,0.009995,0.0106,0.178769,0.43912,0.050775,0.949225,0.126271,0.123628
4537,30,0.361585,0.010014,0.01064,0.178732,0.439029,0.051111,0.948889,0.129145,0.127216
4538,30,0.361674,0.009997,0.010731,0.178685,0.438912,0.051187,0.948813,0.119346,0.118754
4539,30,0.361869,0.010005,0.010005,0.178781,0.439339,0.051908,0.948092,0.11631,0.112423
4540,30,0.361637,0.010004,0.010004,0.178849,0.439506,0.051743,0.948257,0.129783,0.130459
4541,34,0.361547,0.010002,0.010002,0.178877,0.439573,0.052514,0.947486,0.11594,0.111746
4542,24,0.362145,0.009991,0.009991,0.17871,0.439163,0.051904,0.948096,0.101736,0.104676
4543,26,0.362264,0.009998,0.009998,0.178671,0.439069,0.051504,0.948496,0.118402,0.120289
4544,24,0.362284,0.01,0.01,0.178665,0.439052,0.051069,0.948931,0.1159,0.117908
4545,26,0.363029,0.009988,0.009988,0.178456,0.438539,0.050873,0.949127,0.096732,0.097522
4546,24,0.363178,0.009994,0.009994,0.178347,0.438487,0.051042,0.948958,0.113558,0.112515
4547,30,0.363105,0.010015,0.009998,0.178311,0.438571,0.050552,0.949448,0.123095,0.125391
4548,30,0.363007,0.010002,0.010002,0.178342,0.438647,0.05074,0.94926,0.122053,0.12089
4549,32,0.363047,0.009995,0.009995,0.178244,0.43872,0.051355,0.948645,0.106389,0.10308
4550,26,0.362967,0.010001,0.010012,0.178261,0.43876,0.051017,0.948983,0.123536,0.125048
4551,26,0.3629,0.009998,0.009998,0.178227,0.438877,0.051059,0.948941,0.11315,0.112769
4552,24,0.363449,0.009991,0.009991,0.178073,0.438495,0.05119,0.94881,0.107329,0.106457
4553,24,0.363208,0.010019,0.010615,0.177954,0.438204,0.051058,0.948942,0.12984,0.130308
4554,26,0.363897,0.009999,0.009999,0.177939,0.438166,0.051215,0.948785,0.103949,0.102966
4555,32,0.36418,0.009996,0.009996,0.177859,0.43797,0.051227,0.948773,0.117316,0.117071
4556,26,0.364177,0.01,0.01,0.177857,0.437966,0.051316,0.948684,0.116632,0.115998
4557,34,0.364271,0.009999,0.009999,0.177831,0.437901,0.051876,0.948124,0.108794,0.105735
4558,26,0.36427,0.01,0.01,0.177831,0.437899,0.051926,0.948074,0.116729,0.116296
4559,32,0.363825,0.009997,0.009997,0.177783,0.438397,0.051848,0.948152,0.124446,0.124666
4560,26,0.363751,0.009998,0.009998,0.177747,0.438507,0.051343,0.948657,0.118843,0.121287
4561,24,0.363824,0.009995,0.009995,0.177665,0.43852,0.050772,0.949228,0.110912,0.113626
4562,24,0.363685,0.009999,0.010164,0.177655,0.438496,0.050649,0.949351,0.12504,0.125461
4563,24,0.363765,0.010001,0.010001,0.177678,0.438554,0.050266,0.949734,0.124259,0.125988
4564,24,0.363874,0.010559,0.009989,0.17749,0.438088,0.05,0.95,0.119679,0.123086
4565,36,0.364186,0.009999,0.009999,0.17748,0.438334,0.050404,0.949596,0.110565,0.108334
4566,24,0.364862,0.009989,0.009989,0.177291,0.437868,0.051284,0.948716,0.098035,0.093401
4567,26,0.364718,0.010002,0.010002,0.177326,0.437952,0.050757,0.949243,0.124359,0.126889
4568,26,0.364584,0.010002,0.010002,0.177364,0.438047,0.05029,0.94971,0.128126,0.130328
4569,24,0.364507,0.009998,0.009998,0.177327,0.43817,0.050265,0.949735,0.117845,0.117745
4570,32,0.364557,0.009996,0.010207,0.177253,0.437987,0.050473,0.949527,0.12299,0.121761
4571,24,0.36418,0.010002,0.010002,0.177294,0.438521,0.05,0.95,0.126659,0.130352
4572,32,0.364294,0.009995,0.009995,0.177214,0.438501,0.05,0.95,0.103503,0.10359
4573,32,0.363871,0.009999,0.009999,0.177196,0.438935,0.05,0.95,0.114766,0.11481
4574,32,0.363589,0.010002,0.010002,0.177228,0.43918,0.05,0.95,0.121785,0.122002
4575,24,0.363826,0.009996,0.009996,0.177163,0.439019,0.05016,0.94984,0.117335,0.116359
4576,24,0.363528,0.010005,0.010005,0.177243,0.439219,0.05,0.95,0.126043,0.128243
4577,24,0.363767,0.009996,0.009996,0.177179,0.439061,0.050999,0.949001,0.11104,0.105836
4578,24,0.363785,0.01,0.01,0.177172,0.439043,0.050877,0.949123,0.124194,0.124597
4579,26,0.364049,0.009993,0.009993,0.177043,0.438923,0.050529,0.949471,0.105237,0.106802
4580,30,0.364399,0.009994,0.009994,0.176942,0.438671,0.051202,0.948798,0.102992,0.099352
4581,30,0.364814,0.009988,0.009988,0.17673,0.43848,0.051969,0.948031,0.096439,0.092317
4582,26,0.364855,0.009999,0.009999,0.176712,0.438435,0.051612,0.948388,0.114796,0.116434
4583,26,0.364782,0.009998,0.009998,0.176677,0.438546,0.050865,0.949135,0.122594,0.126245
4584,26,0.364993,0.009997,0.009997,0.176617,0.438397,0.050909,0.949091,0.117413,0.116972
4585,24,0.364991,0.01,0.01,0.176616,0.438394,0.050434,0.949566,0.123725,0.125948
4586,30,0.364423,0.010654,0.010056,0.17652,0.438346,0.050503,0.949497,0.13624,0.135694
4587,24,0.364604,0.010005,0.010005,0.176608,0.438779,0.051697,0.948303,0.111658,0.105372
4588,30,0.364437,0.01,0.01,0.176604,0.438959,0.051967,0.948033,0.128518,0.126914
4589,30,0.364625,0.009997,0.009997,0.176552,0.438829,0.052619,0.947381,0.1162,0.112617
4590,38,0.36441,0.009999,0.009999,0.176537,0.439055,0.052165,0.947835,0.116991,0.119177
4591,24,0.364581,0.009997,0.009997,0.176489,0.438936,0.052091,0.947909,0.11886,0.119079
4592,24,0.364284,0.010005,0.010005,0.17657,0.439137,0.051834,0.948166,0.134361,0.135483
4593,32,0.364227,0.010001,0.010001,0.176588,0.439183,0.052481,0.947519,0.115468,0.111908
4594,30,0.363929,0.010002,0.010002,0.176624,0.439443,0.052314,0.947686,0.126761,0.127441
4595,32,0.363909,0.009993,0.009993,0.176497,0.439608,0.052693,0.947307,0.106661,0.104461
4596,24,0.363459,0.010241,0.010003,0.176552,0.439745,0.05211,0.94789,0.135739,0.138621
4597,26,0.363412,0.010005,0.010005,0.176633,0.439946,0.051505,0.948495,0.128238,0.131223
4598,24,0.36312,0.010005,0.010005,0.176716,0.440154,0.051098,0.948902,0.12614,0.128054
4599,24,0.363124,0.01,0.01,0.176718,0.440158,0.052343,0.947657,0.11345,0.10681
4600,32,0.363012,0.009999,0.009999,0.1767,0.44029,0.053145,0.946855,0.113995,0.109572
4601,26,0.362803,0.01,0.01,0.176702,0.440495,0.053104,0.946896,0.124547,0.124569
4602,32,0.362684,0.009999,0.010019,0.17668,0.440618,0.053054,0.946946,0.126159,0.126224
4603,26,0.362727,0.009996,0.009996,0.176618,0.440662,0.053097,0.946903,0.111157,0.110751
4604,30,0.362892,0.009996,0.010055,0.176554,0.440502,0.05413,0.94587,0.116163,0.110464
4605,36,0.362813,0.010002,0.010002,0.176591,0.440593,0.053991,0.946009,0.126239,0.126799
4606,28,0.362482,0.010002,0.010002,0.176632,0.440881,0.053376,0.946624,0.125235,0.128357
4607,30,0.362755,0.009995,0.010025,0.17655,0.440675,0.054025,0.945975,0.106501,0.102806
4608,24,0.362466,0.010005,0.010005,0.176635,0.440889,0.053278,0.946722,0.13433,0.138157
4609,32,0.362724,0.009996,0.009996,0.176567,0.440717,0.053499,0.946501,0.098238,0.096795
4610,30,0.36297,0.009996,0.009996,0.176496,0.440542,0.053336,0.946664,0.106053,0.106625
4611,32,0.363018,0.009999,0.009999,0.176481,0.440503,0.054462,0.945538,0.110042,0.103804
4612,24,0.362378,0.010947,0.009995,0.176394,0.440287,0.053455,0.946545,0.134215,0.139454
4613,28,0.362909,0.010006,0.010006,0.176508,0.44057,0.053588,0.946412,0.112032,0.111135
4614,30,0.362812,0.010002,0.010002,0.176538,0.440647,0.053679,0.946321,0.121838,0.121132
4615,24,0.363491,0.009989,0.009989,0.176351,0.440179,0.054688,0.945312,0.098084,0.09239
4616,26,0.363625,0.009994,0.009994,0.176253,0.440133,0.054072,0.945928,0.113981,0.117122
4617,30,0.363621,0.01,0.01,0.176251,0.440129,0.053814,0.946186,0.119723,0.120886
4618,24,0.364083,0.009993,0.009993,0.176123,0.439808,0.053114,0.946886,0.102995,0.10647
4619,30,0.364944,0.009986,0.009986,0.17588,0.439203,0.053551,0.946449,0.086328,0.083794
4620,26,0.364896,0.009993,0.01044,0.175762,0.438908,0.053479,0.946521,0.11821,0.118372
4621,24,0.364675,0.010007,0.010238,0.175879,0.439201,0.053367,0.946633,0.134348,0.13476
4622,24,0.364958,0.009994,0.01011,0.175777,0.439161,0.053099,0.946901,0.115938,0.117112
4623,24,0.364854,0.01,0.01,0.175775,0.439371,0.052584,0.947416,0.119341,0.121869
4624,30,0.364542,0.010212,0.010002,0.175803,0.439442,0.052276,0.947724,0.123054,0.124464
4625,26,0.364484,0.010004,0.010004,0.175879,0.439629,0.051707,0.948293,0.12825,0.131065
4626,32,0.364439,0.010001,0.010001,0.175893,0.439666,0.052133,0.947867,0.126442,0.124034
4627,24,0.364675,0.009996,0.009996,0.175828,0.439504,0.052959,0.947041,0.117331,0.112747
4628,24,0.364182,0.01015,0.010002,0.175862,0.439804,0.052364,0.947636,0.131877,0.134833
4629,24,0.363943,0.010006,0.010006,0.17597,0.440075,0.052254,0.947746,0.134357,0.134753
4630,24,0.363652,0.010005,0.010005,0.176054,0.440284,0.051628,0.948372,0.126154,0.129216
4631,26,0.363584,0.009998,0.009998,0.176021,0.440399,0.051552,0.948448,0.1225,0.122707
4632,30,0.363749,0.009996,0.010056,0.175957,0.440241,0.05259,0.94741,0.116139,0.110594
4633,24,0.363474,0.010005,0.010005,0.176048,0.440468,0.051928,0.948072,0.128159,0.13143
4634,24,0.362871,0.010556,0.010078,0.175981,0.440514,0.051783,0.948217,0.130373,0.130922
4635,30,0.363101,0.010006,0.010006,0.176092,0.440794,0.052479,0.947521,0.119704,0.1159
4636,36,0.363265,0.009993,0.01026,0.175977,0.440505,0.052384,0.947616,0.110393,0.110701
4637,32,0.363386,0.009997,0.010338,0.175919,0.440361,0.052745,0.947255,0.117323,0.115234
4638,26,0.363085,0.01001,0.01001,0.176095,0.4408,0.052227,0.947773,0.128663,0.131213
4639,26,0.362956,0.010002,0.010002,0.176136,0.440903,0.051841,0.948159,0.128241,0.130093
4640,32,0.36291,0.010001,0.010001,0.17615,0.440938,0.051711,0.948289,0.126333,0.126798
4641,24,0.362911,0.01,0.01,0.17615,0.440939,0.052955,0.947045,0.113453,0.106744
4642,30,0.362998,0.009999,0.009999,0.176126,0.440879,0.053409,0.946591,0.118358,0.115744
4643,30,0.363038,0.009996,0.009996,0.176062,0.440907,0.053744,0.946256,0.113391,0.111365
4644,30,0.3628,0.010004,0.010004,0.176126,0.441067,0.053571,0.946429,0.12309,0.123786
4645,32,0.362785,0.010428,0.01009,0.175984,0.440712,0.053373,0.946627,0.124734,0.125605
4646,24,0.362648,0.010588,0.010358,0.175901,0.440505,0.052662,0.947338,0.124109,0.127653
4647,26,0.363102,0.010003,0.010089,0.175959,0.440848,0.052241,0.947759,0.113938,0.11595
4648,30,0.362836,0.010003,0.010003,0.17601,0.441148,0.051962,0.948038,0.126634,0.127874
4649,26,0.362964,0.009998,0.009998,0.175976,0.441064,0.051659,0.948341,0.118408,0.119798
4650,28,0.36301,0.009996,0.009996,0.175912,0.441086,0.051049,0.948951,0.114143,0.117097
4651,26,0.363221,0.009997,0.009997,0.175851,0.440935,0.050682,0.949318,0.117557,0.119244
4652,24,0.36314,0.009998,0.009998,0.175812,0.441052,0.05,0.95,0.117786,0.12134
4653,24,0.36369,0.009991,0.009991,0.175659,0.440668,0.05,0.95,0.107218,0.107228
4654,32,0.363683,0.01,0.01,0.175656,0.440661,0.050198,0.949802,0.116111,0.11496
4655,24,0.36384,0.009994,0.009994,0.175553,0.440618,0.05035,0.94965,0.113548,0.112602
4656,26,0.3637,0.010002,0.010002,0.175589,0.440707,0.05,0.95,0.128159,0.130976
4657,32,0.363633,0.010001,0.010001,0.175609,0.440756,0.05,0.95,0.124593,0.125401
4658,24,0.363595,0.010088,0.010072,0.175575,0.440671,0.05,0.95,0.12414,0.125266
4659,32,0.36374,0.009997,0.009997,0.17553,0.440735,0.050881,0.949119,0.111944,0.107351
4660,38,0.363911,0.009991,0.009991,0.175378,0.440728,0.051155,0.948845,0.107568,0.105946
4661,24,0.364042,0.009998,0.009998,0.175337,0.440625,0.052265,0.947735,0.111748,0.105838
4662,26,0.364498,0.009993,0.009993,0.17521,0.440306,0.052537,0.947463,0.104039,0.102399
4663,36,0.364283,0.009998,0.009998,0.175181,0.440539,0.052398,0.947602,0.125787,0.126277
4664,24,0.364339,0.009999,0.009999,0.175165,0.440498,0.051714,0.948286,0.115669,0.119012
4665,24,0.364232,0.010345,0.009996,0.175098,0.440329,0.050764,0.949236,0.124144,0.128805
4666,30,0.364319,0.010105,0.010002,0.17514,0.440434,0.05063,0.94937,0.119559,0.120022
4667,26,0.364149,0.010001,0.010001,0.175161,0.440687,0.05,0.95,0.124671,0.127775
4668,26,0.363906,0.010243,0.010052,0.175147,0.440652,0.05,0.95,0.128047,0.130386
4669,30,0.363842,0.01,0.01,0.175154,0.441003,0.05,0.95,0.117083,0.119174
4670,36,0.363622,0.009999,0.009999,0.175138,0.441242,0.05,0.95,0.115744,0.115792
4671,30,0.363638,0.009994,0.009994,0.175042,0.441331,0.050308,0.949692,0.107016,0.105276
4672,36,0.36359,0.009996,0.009996,0.174975,0.441442,0.050931,0.949069,0.104611,0.101302
4673,32,0.363192,0.009999,0.009999,0.174951,0.44186,0.050989,0.949011,0.128579,0.128093
4674,24,0.363565,0.009994,0.009994,0.174848,0.441599,0.05205,0.94795,0.107384,0.101745
4675,30,0.363224,0.01,0.01,0.174847,0.44193,0.051854,0.948146,0.12034,0.121149
4676,26,0.363088,0.010002,0.010002,0.174884,0.442024,0.051214,0.948786,0.128244,0.13137
4677,24,0.363032,0.009998,0.009998,0.174841,0.442132,0.051118,0.948882,0.120394,0.12066
4678,24,0.36303,0.01,0.01,0.17484,0.44213,0.050689,0.949311,0.12164,0.123645
4679,24,0.363184,0.009998,0.009998,0.174798,0.442023,0.050017,0.949983,0.11483,0.11802
4680,24,0.363624,0.009993,0.009993,0.174676,0.441714,0.051117,0.948883,0.102497,0.096749
4681,24,0.363997,0.009994,0.009994,0.17457,0.441445,0.050605,0.949395,0.110177,0.112575
4682,24,0.363556,0.010003,0.010003,0.174629,0.441809,0.05,0.95,0.131903,0.135737
4683,26,0.363522,0.009994,0.009994,0.17453,0.441958,0.050107,0.949893,0.107569,0.106845
4684,24,0.363672,0.009997,0.009997,0.174486,0.441847,0.05,0.95,0.114701,0.117407
4685,32,0.363409,0.010544,0.009993,0.17436,0.441694,0.05,0.95,0.13392,0.133995
4686,36,0.363322,0.01035,0.010002,0.174393,0.441933,0.050043,0.949957,0.123418,0.123035
4687,30,0.363042,0.010005,0.010005,0.174474,0.442474,0.05,0.95,0.120593,0.122608
4688,32,0.363151,0.009994,0.009994,0.174361,0.4425,0.05,0.95,0.106692,0.1079
4689,30,0.362818,0.01,0.01,0.174358,0.442824,0.05,0.95,0.117865,0.121585
4690,30,0.362348,0.009999,0.009999,0.174348,0.443305,0.05,0.95,0.117476,0.119842
4691,30,0.362454,0.009998,0.009998,0.174318,0.44323,0.050293,0.949707,0.123011,0.121304
4692,24,0.36208,0.010002,0.010002,0.174361,0.443554,0.05,0.95,0.1222,0.125665
4693,30,0.361886,0.01,0.01,0.174364,0.44375,0.050273,0.949727,0.11872,0.117177
4694,24,0.361907,0.01,0.01,0.174358,0.443735,0.05,0.95,0.12427,0.125725
4695,24,0.361537,0.01021,0.010003,0.174403,0.443848,0.05,0.95,0.134263,0.135873
4696,30,0.361892,0.009998,0.009998,0.174363,0.443749,0.050028,0.949972,0.105756,0.10536
4697,24,0.361518,0.010002,0.010002,0.174406,0.444072,0.05,0.95,0.130445,0.131655
4698,30,0.361665,0.009998,0.009998,0.174367,0.443973,0.050544,0.949456,0.112792,0.10987
4699,30,0.361359,0.010002,0.010002,0.174398,0.44424,0.050283,0.949717,0.119777,0.120897
4700,32,0.361525,0.009995,0.009995,0.174305,0.444181,0.051294,0.948706,0.103617,0.098339
4701,32,0.361902,0.009991,0.009991,0.174154,0.443962,0.051773,0.948227,0.100816,0.098134
4702,34,0.36215,0.009996,0.009996,0.174081,0.443777,0.051743,0.948257,0.109303,0.109221
4703,26,0.362202,0.009996,0.009996,0.17401,0.443795,0.051583,0.948417,0.113518,0.114162
4704,24,0.362124,0.010001,0.010001,0.174029,0.443844,0.050942,0.949058,0.125107,0.128201
4705,26,0.362339,0.009997,0.009997,0.173971,0.443696,0.050504,0.949496,0.11751,0.119559
4706,24,0.362041,0.010005,0.010005,0.174051,0.443899,0.05,0.95,0.128147,0.131122
4707,30,0.361984,0.009996,0.009996,0.173978,0.444047,0.050443,0.949557,0.107526,0.10512
4708,38,0.361626,0.010001,0.010001,0.173997,0.444375,0.05041,0.94959,0.125202,0.125151
4709,30,0.361524,0.010002,0.010002,0.174025,0.444447,0.050755,0.949245,0.12183,0.119877
4710,24,0.361197,0.010096,0.010004,0.17409,0.444613,0.050333,0.949667,0.128015,0.12996
4711,32,0.361655,0.009994,0.009994,0.173992,0.444364,0.051037,0.948963,0.093133,0.089404
4712,30,0.361717,0.009994,0.010335,0.173879,0.444075,0.051458,0.948542,0.11597,0.113626
4713,26,0.361627,0.010003,0.010003,0.173939,0.444427,0.050963,0.949037,0.12086,0.123247
4714,32,0.361301,0.010298,0.010001,0.173949,0.444451,0.05085,0.94915,0.123828,0.124235
4715,24,0.361715,0.009998,0.010028,0.173909,0.44435,0.050193,0.949807,0.119798,0.122917
4716,32,0.361998,0.009996,0.009996,0.173839,0.444171,0.050017,0.949983,0.109279,0.109941
4717,32,0.362384,0.009994,0.009994,0.173732,0.443896,0.050771,0.949229,0.094076,0.090111
4718,32,0.362155,0.010003,0.010013,0.173788,0.444041,0.051349,0.948651,0.125485,0.122361
4719,24,0.361832,0.010096,0.010004,0.173855,0.444213,0.050755,0.949245,0.134279,0.137135
4720,30,0.362042,0.009998,0.010041,0.173814,0.444106,0.051069,0.948931,0.116099,0.114275
4721,24,0.362056,0.01,0.01,0.17382,0.444123,0.052335,0.947665,0.115532,0.108794
4722,30,0.362245,0.009997,0.009997,0.173769,0.443992,0.05225,0.94775,0.116116,0.116355
4723,36,0.362436,0.009997,0.009997,0.173715,0.443855,0.052779,0.947221,0.107579,0.104616
4724,24,0.36289,0.009993,0.009993,0.17359,0.443535,0.052939,0.947061,0.108232,0.107171
4725,26,0.363009,0.009998,0.009998,0.173554,0.443441,0.052629,0.947371,0.114483,0.115913
4726,30,0.363118,0.009998,0.009998,0.173523,0.443363,0.053588,0.946412,0.11674,0.111459
4727,24,0.362744,0.010002,0.010002,0.173565,0.443686,0.052966,0.947034,0.124338,0.127474
4728,26,0.362855,0.009998,0.009998,0.173536,0.443612,0.053001,0.946999,0.114629,0.11426
4729,34,0.363115,0.009996,0.009996,0.173465,0.443429,0.053476,0.946524,0.105759,0.103046
4730,30,0.363577,0.009993,0.009993,0.173336,0.443101,0.0537,0.9463,0.106533,0.10508
4731,26,0.363363,0.01,0.01,0.173336,0.4433,0.052992,0.947008,0.12457,0.128146
4732,24,0.36299,0.010002,0.010002,0.173379,0.443625,0.052286,0.947714,0.124336,0.127849
4733,32,0.363057,0.009996,0.009996,0.173314,0.443636,0.052582,0.947418,0.120005,0.118271
4734,32,0.363316,0.009996,0.009996,0.173242,0.443451,0.052428,0.947572,0.110727,0.111269
4735,32,0.363167,0.010002,0.010002,0.17328,0.443549,0.053041,0.946959,0.120396,0.116977
4736,30,0.362932,0.010004,0.010004,0.173345,0.443715,0.053142,0.946858,0.129703,0.128908
4737,26,0.363149,0.009997,0.009997,0.173288,0.443569,0.052498,0.947502,0.117461,0.120654
4738,24,0.363069,0.009998,0.009998,0.17325,0.443686,0.051605,0.948395,0.12602,0.130463
4739,38,0.362937,0.009997,0.010328,0.173194,0.443544,0.051587,0.948413,0.122642,0.122558
4740,26,0.362919,0.010005,0.010005,0.173287,0.443783,0.050904,0.949096,0.128145,0.13149
4741,26,0.363137,0.009997,0.009997,0.173231,0.443638,0.05031,0.94969,0.117561,0.120377
4742,24,0.362762,0.010002,0.010002,0.173273,0.443961,0.05,0.95,0.124307,0.126111
4743,30,0.362465,0.010002,0.010002,0.173308,0.444223,0.05,0.95,0.126739,0.126898
4744,24,0.362089,0.010228,0.010002,0.17335,0.44433,0.05,0.95,0.134263,0.137824
4745,24,0.3618,0.010005,0.010005,0.173433,0.444758,0.05,0.95,0.124317,0.126082
4746,32,0.36198,0.009997,0.009997,0.173386,0.444639,0.050064,0.949936,0.122061,0.121575
4747,34,0.362013,0.009997,0.009997,0.173331,0.444663,0.051096,0.948904,0.105966,0.100606
4748,30,0.362011,0.01,0.01,0.17333,0.44466,0.05166,0.94834,0.119529,0.116431
4749,24,0.362247,0.009996,0.009996,0.173265,0.444495,0.052821,0.947179,0.109077,0.102802
4750,30,0.362339,0.009995,0.009995,0.173187,0.444483,0.052517,0.947483,0.1129,0.114308
4751,24,0.362683,0.009994,0.009994,0.173091,0.444237,0.053274,0.946726,0.10957,0.10531
4752,24,0.3627,0.01,0.01,0.173083,0.444217,0.053035,0.946965,0.124222,0.125243
4753,24,0.362327,0.010002,0.010002,0.173126,0.444542,0.052343,0.947657,0.130502,0.133972
4754,26,0.362788,0.009993,0.009993,0.173002,0.444224,0.052403,0.947597,0.10407,0.10356
4755,26,0.362647,0.010002,0.010002,0.173037,0.444313,0.051874,0.948126,0.124355,0.126943
4756,30,0.363002,0.009994,0.009994,0.172941,0.444068,0.051795,0.948205,0.115761,0.115976
4757,26,0.36279,0.01,0.01,0.172942,0.444268,0.051287,0.948713,0.120778,0.123225
4758,30,0.362756,0.009995,0.009995,0.172861,0.444393,0.051741,0.948259,0.109158,0.106627
4759,26,0.362877,0.009998,0.009998,0.172825,0.444301,0.051479,0.948521,0.114522,0.115669
4760,24,0.362425,0.01,0.01,0.17283,0.444745,0.051081,0.948919,0.120445,0.122298
4761,38,0.363249,0.009987,0.009987,0.172607,0.44417,0.051493,0.948507,0.08124,0.078932
4762,30,0.362236,0.011096,0.010982,0.172302,0.443384,0.051438,0.948562,0.139441,0.139529
4763,24,0.363168,0.010007,0.010687,0.172428,0.44371,0.051529,0.948471,0.110057,0.109328
4764,30,0.36295,0.010006,0.010006,0.172538,0.444499,0.051295,0.948705,0.110884,0.111881
4765,26,0.363079,0.009998,0.009998,0.172507,0.444418,0.050803,0.949197,0.114541,0.116868
4766,24,0.363254,0.009989,0.010512,0.172317,0.443928,0.050563,0.949437,0.112031,0.112969
4767,36,0.363379,0.01,0.010226,0.172317,0.444078,0.051337,0.948663,0.110434,0.106329
4768,24,0.363329,0.010418,0.009998,0.172278,0.443977,0.05063,0.94937,0.124138,0.127533
4769,24,0.363438,0.010117,0.010003,0.17233,0.444111,0.051448,0.948552,0.121572,0.117186
4770,30,0.363353,0.010003,0.010003,0.172386,0.444255,0.051752,0.948248,0.126495,0.124676
4771,36,0.3632,0.009996,0.009996,0.172314,0.444495,0.052252,0.947748,0.112378,0.109567
4772,36,0.363064,0.009997,0.009997,0.172266,0.444676,0.052125,0.947875,0.125524,0.12595
4773,30,0.36296,0.010002,0.010002,0.172292,0.444745,0.052616,0.947384,0.121849,0.119068
4774,24,0.362883,0.009998,0.009998,0.172256,0.444866,0.051902,0.948098,0.126103,0.12966
4775,24,0.362517,0.010445,0.010594,0.172067,0.444377,0.051772,0.948228,0.124068,0.124513
4776,24,0.363343,0.010003,0.010003,0.172124,0.444526,0.051195,0.948805,0.110436,0.113194
4777,36,0.363172,0.01,0.01,0.172132,0.444695,0.051213,0.948787,0.124498,0.124215
4778,32,0.363302,0.009998,0.009998,0.172097,0.444605,0.050919,0.949081,0.118549,0.119893
4779,32,0.362942,0.010001,0.010001,0.172109,0.444948,0.050932,0.949068,0.115206,0.114966
4780,30,0.361936,0.011093,0.010995,0.171807,0.444168,0.050878,0.949122,0.139443,0.139517
4781,32,0.362724,0.01002,0.01002,0.172159,0.445076,0.051419,0.948581,0.112564,0.10963
4782,26,0.362245,0.010005,0.010005,0.172246,0.4455,0.051032,0.948968,0.130726,0.132533
4783,24,0.361953,0.010005,0.010005,0.172327,0.44571,0.05064,0.94936,0.134344,0.136174
4784,24,0.361415,0.010291,0.010001,0.172339,0.445955,0.05,0.95,0.131847,0.136033
4785,30,0.361709,0.01,0.01,0.172338,0.445953,0.05,0.95,0.126126,0.126119
4786,30,0.361868,0.010081,0.009996,0.172272,0.445783,0.05,0.95,0.125967,0.126089
4787,38,0.362282,0.009995,0.009995,0.172181,0.445548,0.05,0.95,0.110077,0.109929
4788,30,0.362252,0.01,0.01,0.172186,0.445561,0.05,0.95,0.119631,0.119569
4789,24,0.362329,0.009995,0.009995,0.172108,0.445573,0.05,0.95,0.110921,0.114232
4790,26,0.362363,0.009996,0.009996,0.172042,0.445603,0.050057,0.949943,0.111061,0.110605
4791,26,0.362288,0.009998,0.009998,0.172007,0.445709,0.050099,0.949901,0.113151,0.112773
4792,24,0.362286,0.01,0.01,0.172006,0.445708,0.05,0.95,0.123825,0.125897
4793,26,0.362215,0.010001,0.010001,0.172025,0.445757,0.05,0.95,0.114072,0.115883
4794,24,0.362452,0.009996,0.009996,0.171962,0.445593,0.050831,0.949169,0.117332,0.112926
4795,30,0.362638,0.009997,0.009997,0.17191,0.445458,0.050818,0.949182,0.109488,0.109364
4796,24,0.362636,0.01,0.01,0.171909,0.445455,0.051636,0.948364,0.121585,0.117179
4797,24,0.362636,0.01,0.01,0.171909,0.445455,0.051091,0.948909,0.121672,0.124277
4798,26,0.362636,0.01,0.01,0.171909,0.445455,0.050768,0.949232,0.122307,0.123784
4799,30,0.362774,0.009998,0.009998,0.171872,0.445359,0.051084,0.948916,0.116334,0.11452
4800,24,0.363146,0.009994,0.009994,0.17177,0.445095,0.052048,0.947952,0.105364,0.100217
4801,24,0.362769,0.010002,0.010002,0.17181,0.445416,0.051621,0.948379,0.124243,0.126281
4802,24,0.363145,0.009994,0.009994,0.171711,0.445157,0.052592,0.947408,0.107377,0.102141
4803,26,0.362646,0.010005,0.010005,0.171788,0.445557,0.052258,0.947742,0.130742,0.132308
4804,36,0.362836,0.009994,0.010184,0.171688,0.445298,0.052126,0.947874,0.117305,0.117806
4805,24,0.362699,0.010007,0.010341,0.171679,0.445274,0.051529,0.948471,0.125069,0.127974
4806,24,0.363171,0.009998,0.009998,0.171646,0.445187,0.052288,0.947712,0.109576,0.105399
4807,24,0.363106,0.010173,0.009998,0.171615,0.445107,0.051546,0.948454,0.121581,0.125222
4808,30,0.362933,0.010005,0.010005,0.171708,0.445349,0.051491,0.948509,0.12984,0.129923
4809,32,0.362937,0.01,0.01,0.17171,0.445353,0.051406,0.948594,0.122205,0.122474
4810,26,0.363151,0.009997,0.009997,0.171652,0.445204,0.050931,0.949069,0.113742,0.115991
4811,30,0.363046,0.010002,0.010002,0.171678,0.445272,0.051114,0.948886,0.115287,0.114142
4812,26,0.363047,0.01,0.01,0.171679,0.445274,0.05086,0.94914,0.120395,0.121506
4813,26,0.363047,0.01,0.01,0.171679,0.445274,0.050923,0.949077,0.116728,0.116232
4814,26,0.362976,0.010001,0.010001,0.171698,0.445324,0.050239,0.949761,0.123631,0.12691
4815,26,0.363085,0.009998,0.009998,0.171669,0.445249,0.050261,0.949739,0.11472,0.114456
4816,30,0.362982,0.010002,0.010002,0.171696,0.445318,0.050905,0.949095,0.115256,0.111828
4817,30,0.363859,0.009986,0.009986,0.171461,0.444708,0.051062,0.948938,0.086945,0.085904
4818,24,0.364084,0.009996,0.009996,0.171393,0.444531,0.051872,0.948128,0.117319,0.112932
4819,24,0.364119,0.009995,0.010054,0.171307,0.444525,0.051685,0.948315,0.12234,0.123088
4820,28,0.364137,0.01,0.01,0.171316,0.444546,0.05119,0.94881,0.122821,0.125209
4821,26,0.363929,0.01,0.01,0.171318,0.444752,0.050721,0.949279,0.12465,0.126881
4822,32,0.364058,0.009998,0.009998,0.171284,0.444662,0.050894,0.949106,0.107607,0.106521
4823,30,0.364492,0.009993,0.009993,0.171166,0.444356,0.051256,0.948744,0.102678,0.100556
4824,24,0.36457,0.009999,0.009999,0.171141,0.444291,0.050636,0.949364,0.122715,0.125688
4825,26,0.364271,0.010395,0.010048,0.1711,0.444186,0.050603,0.949397,0.128036,0.128032
4826,32,0.364498,0.009999,0.009999,0.171077,0.444428,0.050981,0.949019,0.111177,0.109081
4827,24,0.364415,0.010224,0.009998,0.171038,0.444326,0.050242,0.949758,0.121575,0.125117
4828,24,0.364021,0.010326,0.010005,0.171117,0.444532,0.05,0.95,0.135741,0.139397
4829,30,0.364329,0.01,0.01,0.171123,0.444547,0.050497,0.949503,0.116165,0.113479
4830,24,0.36433,0.01,0.01,0.171123,0.444547,0.051744,0.948256,0.113455,0.106885
4831,26,0.363908,0.010007,0.010007,0.171237,0.444842,0.051172,0.948828,0.128522,0.131291
4832,36,0.364168,0.009992,0.009992,0.171098,0.44475,0.051726,0.948274,0.092932,0.08986
4833,32,0.364339,0.009997,0.009997,0.171048,0.44462,0.052094,0.947906,0.11742,0.11535
4834,24,0.364572,0.009996,0.009996,0.170983,0.444452,0.051983,0.948017,0.117417,0.117804
4835,36,0.364414,0.01,0.01,0.170982,0.444605,0.052248,0.947752,0.119308,0.117753
4836,30,0.363899,0.010359,0.010641,0.170847,0.444255,0.052321,0.947679,0.139321,0.138757
4837,36,0.364285,0.010007,0.010007,0.170972,0.444729,0.0523,0.9477,0.126887,0.126779
4838,26,0.364389,0.009994,0.010307,0.170864,0.444446,0.052448,0.947552,0.117389,0.1164
4839,24,0.364734,0.009999,0.009999,0.170852,0.444416,0.052985,0.947015,0.1174,0.114364
4840,30,0.364843,0.009998,0.009998,0.170822,0.444338,0.053321,0.946679,0.116775,0.114772
4841,26,0.365705,0.009986,0.009986,0.170589,0.443733,0.05355,0.94645,0.091924,0.090477
4842,26,0.365487,0.01,0.01,0.170587,0.443926,0.053077,0.946923,0.12455,0.126894
4843,24,0.365711,0.009996,0.010024,0.170519,0.443749,0.053646,0.946354,0.117185,0.113954
4844,24,0.365738,0.01,0.01,0.170517,0.443744,0.053259,0.946741,0.115971,0.117818
4845,26,0.366397,0.00999,0.00999,0.17034,0.443283,0.053254,0.946746,0.103637,0.103431
4846,30,0.366025,0.01,0.010352,0.17034,0.443283,0.052815,0.947185,0.129734,0.131844
4847,30,0.36544,0.010493,0.010804,0.17024,0.443023,0.052951,0.947049,0.13956,0.138636
4848,24,0.36562,0.010018,0.010018,0.17054,0.443805,0.052325,0.947675,0.126225,0.129348
4849,32,0.36561,0.009998,0.009998,0.170505,0.443889,0.052345,0.947655,0.112841,0.112517
4850,26,0.365473,0.010002,0.010002,0.170541,0.443982,0.051991,0.948009,0.122462,0.124135
4851,32,0.365322,0.009998,0.009998,0.170501,0.444181,0.052411,0.947589,0.11339,0.111014
4852,36,0.365506,0.009993,0.009993,0.170378,0.44413,0.052822,0.947178,0.106399,0.104063
4853,24,0.365422,0.009998,0.009998,0.170339,0.444243,0.052163,0.947837,0.119864,0.123128
4854,30,0.365063,0.01,0.01,0.170345,0.444591,0.052497,0.947503,0.120349,0.118404
4855,32,0.365175,0.009995,0.009995,0.170268,0.444567,0.052789,0.947211,0.114267,0.11255
4856,32,0.365172,0.01,0.01,0.170266,0.444563,0.052844,0.947156,0.125194,0.124702
4857,30,0.365183,0.01,0.01,0.170263,0.444554,0.052507,0.947493,0.116208,0.117695
4858,30,0.365279,0.009998,0.009998,0.170237,0.444487,0.052545,0.947455,0.113538,0.113103
4859,24,0.364898,0.010237,0.010002,0.170276,0.444587,0.05212,0.94788,0.128028,0.130053
4860,30,0.364573,0.010016,0.010003,0.170334,0.445074,0.051435,0.948565,0.13047,0.133768
4861,32,0.364468,0.009999,0.009999,0.17032,0.445214,0.051587,0.948413,0.113054,0.112039
4862,32,0.36442,0.010001,0.010001,0.170332,0.445246,0.052022,0.947978,0.117076,0.114641
4863,30,0.36426,0.009996,0.010102,0.170258,0.445384,0.052374,0.947626,0.110222,0.108193
4864,32,0.364296,0.010001,0.010001,0.170274,0.445428,0.05211,0.94789,0.125235,0.126422
4865,32,0.364076,0.010003,0.010003,0.170334,0.445583,0.051967,0.948033,0.125552,0.126118
4866,26,0.363787,0.01037,0.010053,0.170299,0.445491,0.051917,0.948083,0.128036,0.128111
4867,32,0.364005,0.01,0.01,0.170306,0.445688,0.052083,0.947917,0.104579,0.103537
4868,30,0.364194,0.009997,0.009997,0.170256,0.445556,0.052543,0.947457,0.109596,0.106985
4869,24,0.364192,0.01,0.01,0.170255,0.445553,0.053451,0.946549,0.121681,0.116616
4870,26,0.363984,0.01,0.01,0.170257,0.445759,0.052834,0.947166,0.124664,0.12778
4871,30,0.363886,0.010194,0.010569,0.170073,0.445277,0.05306,0.94694,0.125877,0.124473
4872,30,0.363581,0.01061,0.010348,0.170104,0.445357,0.052763,0.947237,0.129629,0.130997
4873,24,0.364511,0.01,0.01,0.170111,0.445377,0.053708,0.946292,0.09903,0.093816
4874,36,0.364309,0.010216,0.009995,0.170032,0.445448,0.053267,0.946733,0.121083,0.123222
4875,24,0.364005,0.010241,0.010004,0.170107,0.445643,0.052827,0.947173,0.134296,0.136429
4876,32,0.364191,0.009997,0.010217,0.170064,0.445531,0.053084,0.946916,0.110783,0.109243
4877,32,0.364269,0.010002,0.010002,0.1701,0.445626,0.052853,0.947147,0.126829,0.127867
4878,24,0.364271,0.01,0.01,0.170101,0.445628,0.053761,0.946239,0.12169,0.116599
4879,32,0.364271,0.01,0.01,0.170101,0.445628,0.053675,0.946325,0.120585,0.120841
4880,24,0.363976,0.010005,0.010005,0.17018,0.445834,0.053078,0.946922,0.128146,0.131137
4881,24,0.364133,0.009998,0.009998,0.170141,0.445731,0.052658,0.947342,0.114655,0.116641
4882,32,0.364083,0.010001,0.010001,0.170153,0.445763,0.053498,0.946502,0.117199,0.112547
4883,30,0.3646,0.009992,0.009992,0.170015,0.445402,0.053651,0.946349,0.105864,0.104843
4884,24,0.364599,0.009996,0.009996,0.169953,0.445455,0.053381,0.946619,0.110696,0.111923
4885,32,0.36442,0.010478,0.009995,0.16987,0.445237,0.053174,0.946826,0.126733,0.127623
4886,32,0.364266,0.010526,0.010829,0.169669,0.44471,0.053424,0.946576,0.121834,0.120296
4887,26,0.364824,0.010006,0.010417,0.169772,0.444981,0.052988,0.947012,0.117512,0.119623
4888,30,0.365088,0.010003,0.010003,0.169815,0.445092,0.05383,0.94617,0.116769,0.112091
4889,24,0.365325,0.009996,0.009996,0.169753,0.44493,0.054592,0.945408,0.117293,0.112953
4890,30,0.365793,0.00999,0.00999,0.169575,0.444653,0.055418,0.944582,0.102393,0.097657
4891,24,0.365941,0.009994,0.009994,0.169472,0.444599,0.055583,0.944417,0.113525,0.112387
4892,30,0.366182,0.009996,0.009996,0.169405,0.444421,0.05578,0.94422,0.115927,0.114508
4893,24,0.366351,0.009997,0.009997,0.169358,0.444298,0.05605,0.94395,0.118794,0.117063
4894,24,0.366583,0.009996,0.009996,0.169294,0.444131,0.055953,0.944047,0.117234,0.11751
4895,24,0.366258,0.010082,0.010004,0.169358,0.444298,0.0556,0.9444,0.134308,0.136054
4896,24,0.366638,0.009994,0.01007,0.169259,0.444039,0.054852,0.945148,0.118303,0.122206
4897,32,0.367056,0.009994,0.009994,0.169164,0.443791,0.054572,0.945428,0.112148,0.113463
4898,24,0.366973,0.009998,0.009998,0.169126,0.443906,0.054528,0.945472,0.117915,0.117938
4899,32,0.3669,0.010001,0.010001,0.169144,0.443954,0.054609,0.945391,0.126361,0.125702
4900,30,0.366916,0.009995,0.009995,0.169052,0.444044,0.055029,0.944971,0.106914,0.104422
4901,26,0.366839,0.010001,0.010001,0.169069,0.44409,0.054253,0.945747,0.123629,0.127664
4902,24,0.366976,0.009998,0.009998,0.169033,0.443995,0.05533,0.94467,0.111705,0.105602
4903,30,0.367162,0.009997,0.009997,0.168982,0.443862,0.055393,0.944607,0.126015,0.125424
4904,24,0.36716,0.01,0.01,0.168981,0.443859,0.056629,0.943371,0.113449,0.106274
4905,24,0.366866,0.010005,0.010005,0.16906,0.444065,0.056145,0.943855,0.126091,0.128606
4906,30,0.366725,0.010002,0.010002,0.1691,0.44417,0.055586,0.944414,0.129538,0.132454
4907,24,0.366433,0.010005,0.010005,0.169179,0.444378,0.054871,0.945129,0.126098,0.129852
4908,30,0.366029,0.010001,0.010001,0.1692,0.444768,0.054726,0.945274,0.113977,0.114513
4909,30,0.365654,0.010134,0.010063,0.169198,0.444951,0.054694,0.945306,0.136269,0.136236
4910,24,0.365726,0.010002,0.010002,0.169232,0.445038,0.055953,0.944047,0.115545,0.10835
4911,24,0.365365,0.01017,0.010602,0.16912,0.444744,0.055809,0.944191,0.125,0.125538
4912,24,0.365816,0.010002,0.010182,0.169157,0.444842,0.056899,0.943101,0.109064,0.102716
4913,26,0.36545,0.010044,0.010008,0.169294,0.445204,0.056132,0.943868,0.134264,0.138399
4914,24,0.365469,0.010001,0.010001,0.169303,0.445227,0.057367,0.942633,0.11346,0.106193
4915,24,0.365097,0.010002,0.010002,0.169345,0.445553,0.057237,0.942763,0.130469,0.130994
4916,24,0.365773,0.009989,0.009989,0.169166,0.445082,0.05786,0.94214,0.104232,0.100397
4917,30,0.365664,0.010001,0.010001,0.16919,0.445144,0.057958,0.942042,0.115459,0.114602
4918,32,0.365584,0.010027,0.010001,0.169205,0.445183,0.058103,0.941897,0.126338,0.125261
4919,30,0.365594,0.01,0.01,0.16921,0.445196,0.058139,0.941861,0.119587,0.119112
4920,30,0.365739,0.009998,0.009998,0.169171,0.445095,0.058005,0.941995,0.10838,0.108804
4921,24,0.366206,0.009989,0.009989,0.168988,0.444828,0.058213,0.941787,0.103295,0.101831
4922,24,0.365992,0.01,0.01,0.168982,0.445027,0.058162,0.941838,0.120833,0.120867
4923,24,0.366539,0.009991,0.009991,0.168836,0.444642,0.058248,0.941752,0.107276,0.106519
4924,26,0.366778,0.009996,0.009996,0.168768,0.444462,0.058042,0.941958,0.109521,0.110476
4925,32,0.36689,0.009995,0.009995,0.168691,0.444428,0.058674,0.941326,0.115184,0.111268
4926,36,0.366788,0.009997,0.009997,0.168644,0.444573,0.058779,0.941221,0.115015,0.114145
4927,30,0.366904,0.009995,0.009995,0.168562,0.444544,0.059462,0.940538,0.106191,0.101933
4928,32,0.366881,0.010052,0.009999,0.168551,0.444516,0.059472,0.940528,0.12519,0.12487
4929,24,0.366606,0.010005,0.010005,0.168638,0.444745,0.059124,0.940876,0.128146,0.129961
4930,24,0.366578,0.009999,0.010088,0.168625,0.44471,0.059779,0.940221,0.12159,0.117456
4931,24,0.366311,0.010637,0.010164,0.168502,0.444386,0.058892,0.941108,0.129802,0.134814
4932,24,0.366756,0.010006,0.010006,0.168597,0.444636,0.058256,0.941744,0.114687,0.118136
4933,32,0.367241,0.00999,0.00999,0.168423,0.444356,0.058475,0.941525,0.099717,0.098214
4934,32,0.367298,0.009994,0.009994,0.168322,0.444391,0.059367,0.940633,0.111136,0.10567
4935,26,0.367506,0.009997,0.009997,0.168264,0.444237,0.059056,0.940944,0.117501,0.119092
4936,26,0.36743,0.010001,0.010001,0.168282,0.444285,0.058638,0.941362,0.114053,0.11623
4937,24,0.367431,0.01,0.01,0.168283,0.444286,0.059856,0.940144,0.115515,0.108024
4938,30,0.367727,0.009995,0.009995,0.168204,0.444078,0.06074,0.93926,0.113201,0.107619
4939,30,0.367738,0.009994,0.009994,0.16811,0.444163,0.061001,0.938999,0.106979,0.10508
4940,26,0.367971,0.009993,0.009993,0.167992,0.444051,0.060963,0.939037,0.110776,0.110762
4941,26,0.367757,0.01,0.01,0.167992,0.44425,0.060499,0.939501,0.124563,0.127137
4942,36,0.368481,0.009989,0.009989,0.1678,0.443742,0.060615,0.939385,0.09887,0.097874
4943,36,0.368626,0.009995,0.009995,0.167716,0.443668,0.060728,0.939272,0.107342,0.106303
4944,32,0.368622,0.01,0.01,0.167714,0.443663,0.061051,0.938949,0.116082,0.113837
4945,26,0.369283,0.00999,0.00999,0.167539,0.443199,0.060527,0.939473,0.100353,0.10322
4946,30,0.369392,0.009995,0.009995,0.167454,0.443164,0.060355,0.939645,0.112817,0.113582
4947,32,0.369561,0.009997,0.009997,0.167407,0.443038,0.060155,0.939845,0.110889,0.111861
4948,32,0.36945,0.009997,0.009997,0.167352,0.443205,0.059895,0.940105,0.117678,0.118962
4949,24,0.369155,0.010005,0.010005,0.167428,0.443408,0.05954,0.94046,0.12826,0.13015
4950,24,0.368866,0.010005,0.010005,0.167507,0.443617,0.058878,0.941122,0.126117,0.129778
4951,24,0.368497,0.010003,0.010003,0.167551,0.443947,0.058233,0.941767,0.12232,0.125876
4952,32,0.368557,0.009994,0.010313,0.167452,0.443685,0.05871,0.94129,0.117223,0.114225
4953,26,0.368928,0.009999,0.009999,0.167435,0.44364,0.058855,0.941145,0.106716,0.105573
4954,36,0.368803,0.009993,0.009993,0.167322,0.443888,0.059761,0.940239,0.098984,0.093389
4955,30,0.368697,0.010001,0.010001,0.167347,0.443953,0.060042,0.939958,0.122077,0.120128
4956,24,0.369141,0.009993,0.009993,0.16723,0.443643,0.059931,0.940069,0.110329,0.110695
4957,24,0.368764,0.010002,0.010002,0.167269,0.443963,0.059258,0.940742,0.122241,0.126012
4958,24,0.368689,0.010001,0.010001,0.16729,0.444018,0.058966,0.941034,0.125057,0.126496
4959,32,0.368865,0.009997,0.009997,0.167244,0.443896,0.059004,0.940996,0.121917,0.121469
4960,30,0.368472,0.009999,0.010147,0.167219,0.444164,0.058974,0.941026,0.120288,0.120168
4961,30,0.368291,0.010005,0.010005,0.167306,0.444393,0.058678,0.941322,0.123219,0.124723
4962,26,0.368222,0.010001,0.010001,0.167327,0.444449,0.058328,0.941672,0.123542,0.125299
4963,32,0.368015,0.010393,0.009994,0.167233,0.444366,0.05832,0.94168,0.133925,0.133724
4964,24,0.368096,0.010001,0.010001,0.167256,0.444644,0.057877,0.942123,0.112046,0.114362
4965,32,0.368183,0.009996,0.009996,0.167187,0.444638,0.058223,0.941777,0.111968,0.109717
4966,26,0.367759,0.010007,0.010007,0.167297,0.44493,0.057753,0.942247,0.12503,0.127537
4967,30,0.368136,0.009993,0.010101,0.167172,0.444598,0.057826,0.942174,0.112001,0.111291
4968,24,0.36807,0.010124,0.010508,0.167043,0.444255,0.057671,0.942329,0.126195,0.12682
4969,24,0.368067,0.010007,0.010007,0.167154,0.444766,0.057232,0.942768,0.120799,0.123088
4970,32,0.368003,0.010577,0.01064,0.166843,0.443937,0.057001,0.942999,0.121275,0.122369
4971,30,0.368274,0.010012,0.010218,0.167039,0.444458,0.057277,0.942723,0.121873,0.120049
4972,26,0.36787,0.010194,0.010007,0.167157,0.444772,0.056366,0.943634,0.134329,0.139315
4973,32,0.367748,0.010141,0.010003,0.167206,0.444902,0.056419,0.943581,0.129529,0.128993
4974,36,0.367604,0.01,0.01,0.167211,0.445184,0.056582,0.943418,0.12483,0.123687
4975,24,0.367311,0.010005,0.010005,0.167288,0.445391,0.056477,0.943523,0.128144,0.128505
4976,26,0.366822,0.010005,0.010005,0.167368,0.445801,0.0557,0.9443,0.130719,0.134868
4977,26,0.367207,0.009991,0.009991,0.167216,0.445595,0.055722,0.944278,0.100412,0.100046
4978,24,0.367338,0.009998,0.009998,0.167177,0.44549,0.056793,0.943207,0.11172,0.105476
4979,24,0.367043,0.010005,0.010005,0.167253,0.445695,0.056365,0.943635,0.128162,0.130369
4980,30,0.367335,0.009996,0.009996,0.167179,0.445495,0.056497,0.943503,0.115112,0.114051
4981,24,0.367566,0.009996,0.009996,0.167115,0.445327,0.057669,0.942331,0.111101,0.104155
4982,38,0.367333,0.009998,0.009998,0.167076,0.445595,0.057775,0.942225,0.122538,0.121699
4983,26,0.367323,0.01,0.01,0.167078,0.445599,0.057435,0.942565,0.120946,0.122693
4984,32,0.367042,0.010002,0.010002,0.167108,0.445846,0.057403,0.942597,0.123484,0.123436
4985,32,0.367081,0.009995,0.009995,0.167016,0.445914,0.057657,0.942343,0.108677,0.106982
4986,30,0.366906,0.01,0.01,0.16701,0.446085,0.057859,0.942141,0.128499,0.127063
4987,30,0.36715,0.009996,0.009996,0.166945,0.445912,0.058311,0.941689,0.106071,0.103088
4988,36,0.366931,0.009997,0.009997,0.166888,0.446187,0.05843,0.94157,0.113672,0.112731
4989,24,0.366635,0.010005,0.010005,0.166965,0.446391,0.058157,0.941843,0.128241,0.129524
4990,26,0.366778,0.009995,0.009995,0.166877,0.446356,0.057506,0.942494,0.113895,0.117421
4991,24,0.367241,0.009989,0.009989,0.166696,0.446085,0.057418,0.942582,0.103378,0.103617
4992,24,0.36694,0.010004,0.010004,0.166769,0.446282,0.057245,0.942755,0.134356,0.135121
4993,26,0.367155,0.009997,0.009997,0.166715,0.446137,0.056741,0.943259,0.113729,0.116374
4994,26,0.366944,0.01,0.01,0.166716,0.446339,0.056375,0.943625,0.118964,0.120829
4995,26,0.367052,0.009998,0.009998,0.166688,0.446263,0.056429,0.943571,0.114529,0.114014
4996,24,0.367496,0.009993,0.009993,0.16657,0.445948,0.055987,0.944013,0.110268,0.112474
4997,32,0.367071,0.009999,0.009999,0.166552,0.446379,0.055833,0.944167,0.12864,0.129256
4998,32,0.367268,0.009992,0.009992,0.16642,0.446327,0.055668,0.944332,0.101205,0.101871
4999,26,0.367731,0.009992,0.009992,0.166295,0.44599,0.055021,0.944979,0.106692,0.110028
5000,26,0.36759,0.010002,0.010002,0.166328,0.446078,0.054693,0.945307,0.122479,0.124087
5001,26,0.367592,0.01,0.01,0.166328,0.44608,0.054039,0.945961,0.126213,0.129603
5002,26,0.367253,0.010499,0.010048,0.166272,0.445928,0.054002,0.945998,0.128043,0.128051
5003,24,0.367454,0.010005,0.010005,0.166363,0.446172,0.054907,0.945093,0.121707,0.11652
5004,24,0.3671,0.010006,0.010006,0.166459,0.44643,0.054371,0.945629,0.13591,0.138654
5005,32,0.366919,0.009998,0.009998,0.166427,0.446658,0.054291,0.945709,0.113056,0.113266
5006,38,0.366917,0.01,0.01,0.166427,0.446656,0.054507,0.945493,0.11505,0.113665
5007,26,0.366782,0.010002,0.010002,0.166462,0.446751,0.054448,0.945552,0.128153,0.128283
5008,30,0.3669,0.009998,0.009998,0.166432,0.446671,0.054055,0.945945,0.119228,0.121133
5009,24,0.366046,0.010655,0.010848,0.166255,0.446195,0.053917,0.946083,0.134193,0.134718
5010,24,0.366519,0.010023,0.010016,0.166524,0.446918,0.052984,0.947016,0.125191,0.129963
5011,30,0.366362,0.01,0.01,0.166526,0.447111,0.053042,0.946958,0.1187,0.11816
5012,36,0.366142,0.009995,0.009995,0.166441,0.447428,0.053237,0.946763,0.115558,0.114284
5013,32,0.36617,0.009999,0.009999,0.166431,0.447401,0.053464,0.946536,0.123656,0.122232
5014,32,0.365888,0.010002,0.010002,0.166461,0.447648,0.05344,0.94656,0.123355,0.123267
5015,30,0.366084,0.009994,0.009994,0.166365,0.447562,0.05316,0.94684,0.104875,0.106108
5016,30,0.365833,0.009999,0.009999,0.16634,0.44783,0.053432,0.946568,0.117506,0.115859
5017,32,0.365413,0.009999,0.009999,0.166324,0.448265,0.053364,0.946636,0.113162,0.113312
5018,32,0.365131,0.010002,0.010002,0.166354,0.448512,0.053537,0.946463,0.137345,0.136229
5019,24,0.365132,0.01,0.01,0.166355,0.448513,0.05287,0.94713,0.121662,0.125018
5020,30,0.365011,0.009989,0.010834,0.166165,0.448001,0.053233,0.946767,0.125884,0.123779
5021,26,0.364858,0.010103,0.010014,0.166397,0.448628,0.052745,0.947255,0.1247,0.127095
5022,24,0.364272,0.010323,0.010586,0.166341,0.448478,0.052626,0.947374,0.134241,0.134658
5023,24,0.364749,0.010003,0.01025,0.16639,0.448609,0.052817,0.947183,0.117297,0.11611
5024,30,0.364606,0.010006,0.010006,0.166494,0.448888,0.053024,0.946976,0.129717,0.128416
5025,32,0.364562,0.010001,0.010001,0.166508,0.448928,0.053579,0.946421,0.121811,0.118643
5026,32,0.364175,0.010351,0.010107,0.16649,0.448877,0.053117,0.946883,0.139406,0.1417
5027,24,0.364284,0.010002,0.010002,0.166525,0.449187,0.052511,0.947489,0.112123,0.115109
5028,24,0.364739,0.009993,0.009993,0.166407,0.448869,0.052634,0.947366,0.10818,0.107321
5029,26,0.36477,0.009996,0.009996,0.166343,0.448895,0.052687,0.947313,0.111118,0.110661
5030,26,0.364941,0.009994,0.009994,0.166244,0.448827,0.052304,0.947696,0.106072,0.107881
5031,32,0.36492,0.01,0.01,0.166246,0.448833,0.05235,0.94765,0.1111,0.110656
5032,32,0.364639,0.010002,0.010002,0.166276,0.449081,0.052252,0.947748,0.137381,0.137718
5033,26,0.365382,0.009988,0.009988,0.166083,0.448558,0.051868,0.948132,0.096745,0.098514
5034,30,0.365491,0.009998,0.009998,0.166048,0.448465,0.051542,0.948458,0.112657,0.114145
5035,30,0.365599,0.009997,0.010093,0.165994,0.448318,0.051849,0.948151,0.122603,0.120829
5036,26,0.36574,0.009999,0.009999,0.16598,0.448281,0.051934,0.948066,0.114629,0.114014
5037,26,0.365604,0.010002,0.010002,0.166016,0.448377,0.051437,0.948563,0.124363,0.126773
5038,26,0.365324,0.009998,0.009998,0.165986,0.448693,0.050929,0.949071,0.11727,0.119699
5039,24,0.365548,0.009996,0.010023,0.165919,0.448514,0.051587,0.948413,0.117195,0.113617
5040,24,0.366229,0.00999,0.00999,0.165746,0.448046,0.052172,0.947828,0.104211,0.100995
5041,36,0.366069,0.01,0.01,0.165744,0.448187,0.052249,0.947751,0.121566,0.120948
5042,30,0.366296,0.009996,0.009996,0.165684,0.448027,0.052596,0.947404,0.105713,0.103664
5043,38,0.366002,0.009996,0.009996,0.165618,0.448389,0.052861,0.947139,0.111911,0.110295
5044,24,0.366019,0.01,0.01,0.165611,0.448371,0.052243,0.947757,0.115928,0.118925
5045,26,0.366549,0.009992,0.009992,0.165472,0.447996,0.051583,0.948417,0.106316,0.109512
5046,24,0.3664,0.009999,0.009999,0.165451,0.448152,0.05116,0.94884,0.121329,0.123305
5047,26,0.366264,0.010002,0.010002,0.165486,0.448247,0.050829,0.949171,0.122391,0.123913
5048,34,0.366118,0.009996,0.010397,0.16542,0.448069,0.051263,0.948737,0.121451,0.119055
5049,36,0.366017,0.010001,0.010097,0.165444,0.44844,0.051495,0.948505,0.125712,0.12432
5050,24,0.36576,0.010006,0.010006,0.165537,0.448692,0.051103,0.948897,0.12812,0.129954
5051,24,0.365837,0.009996,0.009996,0.165464,0.448708,0.050532,0.949468,0.11091,0.113611
5052,30,0.365536,0.010002,0.010002,0.165495,0.448965,0.050275,0.949725,0.126603,0.127706
5053,30,0.365921,0.009994,0.009994,0.165396,0.448695,0.050449,0.949551,0.10718,0.106103
5054,24,0.365544,0.010002,0.010002,0.165435,0.449016,0.050006,0.949994,0.122187,0.124234
5055,26,0.365546,0.01,0.01,0.165435,0.449018,0.05,0.95,0.126095,0.127865
5056,36,0.365528,0.009998,0.009998,0.165402,0.449074,0.050717,0.949283,0.11067,0.106893
5057,32,0.366049,0.009992,0.009992,0.165265,0.448703,0.051068,0.948932,0.100392,0.098408
5058,36,0.365502,0.010004,0.010004,0.165333,0.449156,0.051036,0.948964,0.118698,0.118686
5059,26,0.36537,0.010002,0.010002,0.16537,0.449256,0.050718,0.949282,0.128112,0.129572
5060,30,0.365321,0.010001,0.010001,0.165384,0.449294,0.050593,0.949407,0.119714,0.120124
5061,30,0.365321,0.01,0.01,0.165384,0.449295,0.050991,0.949009,0.119689,0.117482
5062,24,0.365027,0.010005,0.010005,0.165461,0.449503,0.050281,0.949719,0.126083,0.129516
5063,24,0.365624,0.009991,0.009991,0.165307,0.449087,0.05,0.95,0.101693,0.104571
5064,32,0.365617,0.01,0.01,0.165304,0.449079,0.050968,0.949032,0.120716,0.115685
5065,32,0.365149,0.009998,0.009998,0.165266,0.449589,0.050687,0.949313,0.124385,0.125635
5066,26,0.364737,0.009995,0.010548,0.165177,0.449544,0.050789,0.949211,0.124485,0.123793
5067,24,0.364955,0.010005,0.010005,0.165261,0.449774,0.050161,0.949839,0.116001,0.118978
5068,32,0.365023,0.009996,0.009996,0.1652,0.449784,0.050342,0.949658,0.119945,0.118883
5069,24,0.364655,0.010172,0.010027,0.165243,0.449902,0.05,0.95,0.125961,0.128127
5070,24,0.364836,0.009997,0.009997,0.165192,0.449978,0.05,0.95,0.110558,0.113402
5071,30,0.364732,0.010002,0.010002,0.165218,0.450047,0.050486,0.949514,0.121882,0.119261
5072,24,0.364733,0.01,0.01,0.165218,0.450049,0.051753,0.948247,0.1155,0.108831
5073,26,0.364312,0.010007,0.010007,0.165328,0.450347,0.050877,0.949123,0.134349,0.138708
5074,24,0.364488,0.009997,0.009997,0.165285,0.450231,0.050819,0.949181,0.118778,0.118904
5075,24,0.364192,0.010005,0.010005,0.165361,0.450438,0.050359,0.949641,0.128083,0.130234
5076,32,0.364141,0.010394,0.01022,0.165212,0.450032,0.05,0.95,0.124694,0.127006
5077,24,0.364915,0.009997,0.009997,0.165171,0.449919,0.050396,0.949604,0.107288,0.105122
5078,24,0.36485,0.010001,0.010001,0.165186,0.449962,0.05,0.95,0.131427,0.134027
5079,24,0.365003,0.009998,0.009998,0.165147,0.449855,0.05,0.95,0.114742,0.115908
5080,24,0.365315,0.009995,0.009995,0.165065,0.44963,0.05,0.95,0.119834,0.122286
5081,24,0.365311,0.01,0.01,0.165063,0.449626,0.051268,0.948732,0.115495,0.108897
5082,32,0.365185,0.009999,0.010214,0.16504,0.449563,0.051537,0.948463,0.126284,0.124728
5083,24,0.365184,0.01,0.01,0.165039,0.449777,0.051498,0.948502,0.117901,0.117897
5084,24,0.364711,0.010462,0.010028,0.165035,0.449764,0.050745,0.949255,0.134234,0.137915
5085,38,0.365053,0.010361,0.009997,0.164979,0.449611,0.050908,0.949092,0.114218,0.113222
5086,32,0.365634,0.009996,0.009996,0.164921,0.449453,0.050739,0.949261,0.104111,0.104792
5087,30,0.365509,0.009997,0.009997,0.164864,0.449633,0.051588,0.948412,0.110238,0.105717
5088,32,0.365345,0.009998,0.009998,0.164824,0.449835,0.051916,0.948084,0.117607,0.11571
5089,26,0.365262,0.009998,0.009998,0.164793,0.449948,0.051288,0.948712,0.12129,0.12437
5090,32,0.365437,0.009997,0.009997,0.164747,0.449822,0.051626,0.948374,0.108034,0.106127
5091,32,0.365564,0.009998,0.009998,0.164712,0.449728,0.051972,0.948028,0.123124,0.121183
5092,26,0.365774,0.009997,0.009997,0.164657,0.449576,0.051504,0.948496,0.117376,0.119612
5093,30,0.36567,0.010002,0.010002,0.164682,0.449645,0.051671,0.948329,0.122088,0.121037
5094,26,0.366289,0.00999,0.00999,0.164522,0.449209,0.051211,0.948789,0.105382,0.10754
5095,30,0.365997,0.010139,0.010002,0.164557,0.449305,0.051064,0.948936,0.129659,0.130226
5096,24,0.365676,0.010004,0.010004,0.164621,0.449695,0.050626,0.949374,0.122182,0.124238
5097,30,0.365623,0.009996,0.009996,0.164551,0.449835,0.050364,0.949636,0.119945,0.121053
5098,32,0.3654,0.010003,0.010003,0.164606,0.449987,0.050395,0.949605,0.125518,0.125203
5099,26,0.36533,0.009998,0.009998,0.164575,0.450099,0.05,0.95,0.122579,0.124596
5100,32,0.365367,0.009994,0.009994,0.164483,0.450161,0.05,0.95,0.097853,0.097988
5101,30,0.365607,0.009996,0.009996,0.164418,0.449983,0.050722,0.949278,0.106027,0.102182
5102,32,0.365758,0.009997,0.009997,0.164377,0.44987,0.051176,0.948824,0.104031,0.101546
5103,26,0.365968,0.009997,0.009997,0.164321,0.449717,0.051248,0.948752,0.117456,0.116908
5104,26,0.36584,0.010146,0.01,0.164315,0.4497,0.050415,0.949585,0.123532,0.127586
5105,24,0.366031,0.009999,0.009999,0.164303,0.449668,0.05,0.95,0.118061,0.120193
5106,24,0.36638,0.009994,0.009994,0.164212,0.449419,0.05,0.95,0.111184,0.112865
5107,26,0.366168,0.01,0.01,0.164213,0.449619,0.05,0.95,0.120847,0.123163
5108,38,0.366627,0.009993,0.009993,0.164094,0.449293,0.05,0.95,0.112691,0.113477
5109,24,0.367135,0.00999,0.01008,0.163935,0.448859,0.050873,0.949127,0.107054,0.102477
5110,32,0.367355,0.009984,0.010838,0.163675,0.448147,0.050637,0.949363,0.106902,0.107892
5111,24,0.367634,0.010005,0.010005,0.16376,0.448595,0.050289,0.949711,0.111751,0.1133
5112,30,0.368202,0.009991,0.009991,0.163616,0.4482,0.05,0.95,0.097842,0.100509
5113,30,0.367809,0.010001,0.010001,0.163627,0.448563,0.05,0.95,0.12053,0.120576
5114,30,0.367868,0.009994,0.010341,0.163522,0.448275,0.05043,0.94957,0.115968,0.113629
5115,26,0.367695,0.010001,0.010439,0.16354,0.448325,0.050515,0.949485,0.128113,0.127522
5116,24,0.36835,0.009997,0.009997,0.163484,0.448172,0.050129,0.949871,0.102606,0.104335
5117,24,0.368691,0.009995,0.009995,0.163394,0.447926,0.05086,0.94914,0.109455,0.105539
5118,24,0.368908,0.009996,0.009996,0.163335,0.447764,0.051381,0.948619,0.105813,0.102896
5119,30,0.368701,0.009998,0.009998,0.163301,0.448003,0.051792,0.948208,0.112543,0.110195
5120,36,0.368503,0.009999,0.009999,0.163282,0.448218,0.052014,0.947986,0.124683,0.123354
5121,24,0.368656,0.009994,0.009994,0.163186,0.44817,0.05189,0.94811,0.113516,0.113962
5122,24,0.368671,0.01,0.01,0.163179,0.448151,0.051378,0.948622,0.115892,0.11832
5123,30,0.368367,0.010002,0.010002,0.163209,0.448421,0.051102,0.948898,0.126419,0.127647
5124,24,0.368007,0.010157,0.010033,0.163255,0.448548,0.050581,0.949419,0.125996,0.128452
5125,30,0.367818,0.010006,0.010006,0.163353,0.448818,0.050436,0.949564,0.139795,0.140338
5126,32,0.367523,0.010001,0.010218,0.163376,0.448882,0.050605,0.949395,0.139444,0.138414
5127,24,0.367754,0.01,0.01,0.163373,0.448873,0.050012,0.949988,0.114774,0.117553
5128,26,0.36756,0.010003,0.010003,0.163423,0.449011,0.05,0.95,0.129487,0.130269
5129,32,0.367677,0.009996,0.009996,0.163352,0.44898,0.05041,0.94959,0.115207,0.112977
5130,38,0.367474,0.009994,0.009994,0.163261,0.449276,0.050537,0.949463,0.103976,0.103112
5131,24,0.367098,0.010002,0.010002,0.1633,0.449597,0.05,0.95,0.130459,0.134161
5132,26,0.366818,0.009998,0.009998,0.163271,0.449914,0.05,0.95,0.115349,0.11563
5133,32,0.366769,0.010001,0.010001,0.163283,0.449947,0.050111,0.949889,0.126433,0.125708
5134,24,0.366907,0.009998,0.009998,0.163248,0.44985,0.050906,0.949094,0.117904,0.11369
5135,26,0.36677,0.010002,0.010002,0.163282,0.449944,0.050521,0.949479,0.128244,0.130044
5136,32,0.366809,0.009995,0.009995,0.163192,0.45001,0.050225,0.949775,0.113324,0.114633
5137,30,0.365734,0.011257,0.010987,0.162879,0.449144,0.050172,0.949828,0.139446,0.139528
5138,24,0.366529,0.010022,0.010095,0.163233,0.450121,0.051441,0.948559,0.115536,0.108908
5139,32,0.366635,0.009997,0.009997,0.16319,0.45018,0.05182,0.94818,0.104531,0.102428
5140,30,0.36727,0.009988,0.010112,0.162993,0.449637,0.051506,0.948494,0.106869,0.108246
5141,24,0.367541,0.009997,0.009997,0.162949,0.449515,0.052688,0.947312,0.111129,0.104777
5142,24,0.367382,0.010002,0.010002,0.162989,0.449624,0.05225,0.94775,0.12247,0.124586
5143,24,0.367701,0.009995,0.009995,0.162908,0.449401,0.051611,0.948389,0.113111,0.116193
5144,32,0.367857,0.009996,0.010079,0.162844,0.449225,0.051793,0.948207,0.113212,0.112046
5145,30,0.368071,0.009998,0.009998,0.162808,0.449125,0.052005,0.947995,0.11607,0.114759
5146,24,0.367697,0.010002,0.010002,0.162847,0.44945,0.051584,0.948416,0.130495,0.132493
5147,26,0.367207,0.010005,0.010005,0.162924,0.44986,0.050958,0.949042,0.125105,0.128143
5148,38,0.366629,0.010218,0.010001,0.162947,0.450204,0.05067,0.94933,0.135517,0.136783
5149,32,0.366861,0.01,0.01,0.162944,0.450195,0.051261,0.948739,0.098279,0.095066
5150,24,0.366464,0.010257,0.01003,0.162973,0.450276,0.050791,0.949209,0.125976,0.128183
5151,32,0.366689,0.010001,0.010021,0.162984,0.450306,0.051409,0.948591,0.115009,0.111681
5152,26,0.365877,0.010507,0.010577,0.162918,0.450122,0.051195,0.948805,0.134171,0.135081
5153,32,0.3669,0.010001,0.010001,0.162933,0.450165,0.051567,0.948433,0.096796,0.094653
5154,30,0.36664,0.010004,0.010004,0.163,0.450351,0.051552,0.948448,0.129918,0.12978
5155,32,0.366596,0.010001,0.010001,0.163014,0.450389,0.052359,0.947641,0.11719,0.112826
5156,32,0.366549,0.010001,0.010001,0.163026,0.450423,0.052951,0.947049,0.121823,0.118497
5157,24,0.366172,0.010231,0.010002,0.163065,0.45053,0.0525,0.9475,0.128036,0.130219
5158,24,0.366702,0.009995,0.009995,0.162989,0.450319,0.051907,0.948093,0.110305,0.113175
5159,26,0.366563,0.010002,0.010002,0.163022,0.450411,0.051863,0.948137,0.122437,0.122502
5160,30,0.366011,0.010164,0.010696,0.162941,0.450188,0.052159,0.947841,0.129592,0.127871
5161,38,0.366265,0.010007,0.010144,0.163062,0.450522,0.052267,0.947733,0.108355,0.107616
5162,24,0.365947,0.010004,0.010004,0.163127,0.450917,0.05209,0.94791,0.130458,0.131197
5163,30,0.365715,0.010004,0.010004,0.163189,0.451088,0.052122,0.947878,0.139724,0.13938
5164,32,0.365869,0.009998,0.009998,0.163151,0.450984,0.05252,0.94748,0.115012,0.112726
5165,24,0.36632,0.009993,0.009993,0.163034,0.45066,0.052676,0.947324,0.108119,0.10708
5166,30,0.366314,0.01,0.01,0.163032,0.450654,0.052944,0.947056,0.113108,0.111465
5167,24,0.366993,0.009989,0.009989,0.162857,0.450171,0.05337,0.94663,0.09761,0.095071
5168,30,0.366934,0.010001,0.010001,0.162867,0.450197,0.053614,0.946386,0.113274,0.111748
5169,30,0.367034,0.009995,0.010235,0.16278,0.449956,0.053948,0.946052,0.115971,0.113984
5170,24,0.367118,0.010002,0.010002,0.162817,0.45006,0.055075,0.944925,0.113375,0.107021
5171,36,0.367674,0.009991,0.009991,0.162675,0.449668,0.054975,0.945025,0.102048,0.102341
5172,24,0.366941,0.010986,0.010179,0.162556,0.449338,0.054717,0.945283,0.134206,0.135367
5173,24,0.367076,0.010016,0.010016,0.162821,0.450071,0.054029,0.945971,0.128286,0.131831
5174,26,0.367015,0.009998,0.009998,0.162794,0.450194,0.054127,0.945873,0.122567,0.121843
5175,30,0.36703,0.009997,0.009997,0.162741,0.450236,0.054158,0.945842,0.10858,0.108188
5176,30,0.367222,0.009994,0.009994,0.162646,0.450145,0.05385,0.94615,0.104882,0.106256
5177,24,0.367593,0.009994,0.009994,0.162547,0.449872,0.054143,0.945857,0.110014,0.108188
5178,24,0.367432,0.010002,0.010002,0.162585,0.449978,0.053577,0.946423,0.124563,0.127381
5179,30,0.367474,0.009999,0.009999,0.162576,0.449952,0.053402,0.946598,0.119986,0.120724
5180,24,0.367707,0.009996,0.009996,0.162516,0.449785,0.053393,0.946607,0.117327,0.117151
5181,24,0.367411,0.010005,0.010005,0.16259,0.44999,0.05279,0.94721,0.134424,0.137454
5182,30,0.367415,0.01,0.01,0.162591,0.449994,0.053497,0.946503,0.119687,0.115739
5183,30,0.367602,0.009997,0.009997,0.162543,0.449861,0.054283,0.945717,0.109574,0.105135
5184,24,0.367307,0.010005,0.010005,0.162618,0.450067,0.053632,0.946368,0.126118,0.129441
5185,30,0.367345,0.009997,0.009997,0.162562,0.450101,0.053767,0.946233,0.129507,0.128499
5186,24,0.367313,0.009999,0.010079,0.162547,0.450061,0.054004,0.945996,0.121598,0.120098
5187,32,0.36706,0.010003,0.010003,0.16259,0.450345,0.053968,0.946032,0.123335,0.123318
5188,32,0.367015,0.010001,0.010001,0.162603,0.450381,0.054315,0.945685,0.126448,0.124368
5189,30,0.367168,0.009996,0.010091,0.162539,0.450206,0.0545,0.9455,0.126023,0.124797
5190,24,0.367337,0.009999,0.009999,0.162518,0.450147,0.055219,0.944781,0.117968,0.113776
5191,26,0.367547,0.009997,0.009997,0.162464,0.449996,0.055087,0.944913,0.1175,0.118
5192,24,0.367564,0.01,0.01,0.162458,0.449979,0.054565,0.945435,0.124182,0.12682
5193,26,0.36737,0.010003,0.010003,0.162507,0.450117,0.054247,0.945753,0.129514,0.131064
5194,30,0.367804,0.009993,0.009993,0.162397,0.449812,0.054517,0.945483,0.112371,0.110631
5195,30,0.366989,0.010931,0.010438,0.162201,0.449441,0.054492,0.945508,0.136411,0.136349
5196,26,0.367284,0.010014,0.010014,0.162426,0.450263,0.053947,0.946053,0.124664,0.127446
5197,26,0.367086,0.01,0.01,0.162433,0.45048,0.053408,0.946592,0.120776,0.123484
5198,24,0.367086,0.01,0.01,0.162433,0.450481,0.054314,0.945686,0.121668,0.116529
5199,30,0.367273,0.009997,0.009997,0.162385,0.450348,0.054523,0.945477,0.115999,0.114637
5200,36,0.366952,0.009996,0.009996,0.162326,0.450729,0.054701,0.945299,0.117,0.11577
5201,32,0.36695,0.01,0.01,0.162325,0.450726,0.054778,0.945222,0.109816,0.109138
5202,24,0.367041,0.009995,0.009995,0.162246,0.450722,0.054703,0.945297,0.114887,0.115087
5203,32,0.366925,0.009999,0.009999,0.162228,0.450849,0.055156,0.944844,0.123247,0.120558
5204,26,0.366323,0.010002,0.010297,0.162255,0.451123,0.054934,0.945066,0.130675,0.131682
5205,30,0.366331,0.010005,0.010005,0.16233,0.45133,0.055398,0.944602,0.122046,0.119253
5206,24,0.365662,0.010997,0.010027,0.162238,0.451076,0.054531,0.945469,0.134208,0.13877
5207,26,0.366334,0.010381,0.01,0.162231,0.451055,0.054708,0.945292,0.110815,0.109628
5208,24,0.366547,0.009999,0.009999,0.162219,0.451236,0.054326,0.945674,0.110922,0.112748
5209,24,0.366174,0.010002,0.010002,0.162259,0.451563,0.053533,0.946467,0.130524,0.134615
5210,30,0.36594,0.010004,0.010004,0.16232,0.451732,0.053941,0.946059,0.123233,0.120832
5211,24,0.366244,0.010028,0.009995,0.162235,0.451497,0.052885,0.947115,0.119732,0.125139
5212,32,0.366429,0.009997,0.009997,0.162194,0.451383,0.053097,0.946903,0.106504,0.105189
5213,24,0.365582,0.010636,0.010848,0.162024,0.45091,0.052998,0.947002,0.134189,0.13451
5214,24,0.365919,0.01034,0.010295,0.162159,0.451286,0.052622,0.947378,0.115887,0.117629
5215,24,0.365857,0.010011,0.010011,0.162338,0.451783,0.052076,0.947924,0.126203,0.128902
5216,26,0.365974,0.009999,0.009999,0.162314,0.451716,0.052143,0.947857,0.114713,0.114194
5217,36,0.365598,0.010452,0.010293,0.162215,0.451442,0.052074,0.947926,0.130256,0.130433
5218,28,0.365983,0.010006,0.010006,0.162307,0.451698,0.051775,0.948225,0.112182,0.11355
5219,24,0.36608,0.009995,0.009995,0.16223,0.451699,0.052073,0.947927,0.114941,0.113199
5220,24,0.365689,0.01026,0.010002,0.162262,0.451787,0.051598,0.948402,0.128029,0.130294
5221,26,0.366506,0.00999,0.010039,0.162108,0.451357,0.051405,0.948595,0.0966,0.097375
5222,26,0.366023,0.010005,0.010005,0.162188,0.451779,0.05102,0.94898,0.130748,0.132548
5223,24,0.366471,0.009993,0.009993,0.162076,0.451467,0.050547,0.949453,0.110258,0.112446
5224,32,0.365897,0.01078,0.009994,0.161975,0.451353,0.050507,0.949493,0.137195,0.137207
5225,26,0.366045,0.01001,0.01001,0.162135,0.4518,0.050023,0.949977,0.124454,0.126737
5226,24,0.366072,0.01,0.01,0.162134,0.451795,0.05,0.95,0.12427,0.127178
5227,24,0.365778,0.010005,0.010005,0.162209,0.452004,0.05,0.95,0.134423,0.137981
5228,32,0.365845,0.009996,0.009996,0.162149,0.452014,0.050516,0.949484,0.112013,0.109251
5229,24,0.365778,0.010001,0.010001,0.162164,0.452056,0.050104,0.949896,0.131355,0.133255
5230,26,0.365358,0.010007,0.010007,0.162272,0.452357,0.05,0.95,0.134364,0.135786
5231,24,0.365315,0.009996,0.010279,0.162214,0.452195,0.05,0.95,0.115646,0.117207
5232,24,0.365295,0.010115,0.009999,0.162205,0.452385,0.05,0.95,0.125976,0.129456
5233,32,0.365537,0.009993,0.009993,0.162095,0.452381,0.05,0.95,0.1011,0.101724
5234,26,0.365387,0.009996,0.009996,0.162029,0.452592,0.050157,0.949843,0.115223,0.114252
5235,30,0.365321,0.009998,0.009998,0.162,0.452682,0.050133,0.949867,0.123037,0.122976
5236,26,0.365112,0.01,0.01,0.162002,0.452886,0.05,0.95,0.120837,0.123148
5237,24,0.365771,0.00999,0.00999,0.161834,0.452416,0.05,0.95,0.107643,0.110414
5238,26,0.366023,0.009996,0.009996,0.161764,0.452222,0.05,0.95,0.116356,0.119182
5239,26,0.36659,0.009991,0.009991,0.161617,0.451811,0.05002,0.94998,0.104389,0.104078
5240,24,0.366505,0.009998,0.009998,0.161579,0.451921,0.051214,0.948786,0.111621,0.105396
5241,32,0.36555,0.01099,0.010977,0.161311,0.451171,0.051221,0.948779,0.139242,0.139026
5242,30,0.365898,0.010557,0.010227,0.161486,0.451832,0.051146,0.948854,0.123344,0.123461
5243,26,0.366431,0.010004,0.010004,0.16155,0.452011,0.050806,0.949194,0.10968,0.11123
5244,32,0.366771,0.009995,0.009995,0.161465,0.451774,0.051204,0.948796,0.104415,0.102184
5245,26,0.366802,0.009996,0.009996,0.161404,0.451801,0.051417,0.948583,0.111002,0.109732
5246,36,0.367049,0.009992,0.009992,0.161269,0.451699,0.052072,0.947928,0.093009,0.089469
5247,30,0.36716,0.009995,0.009995,0.161188,0.451662,0.052526,0.947474,0.112768,0.110227
5248,32,0.367332,0.009997,0.009997,0.161142,0.451532,0.052423,0.947577,0.11274,0.113089
5249,26,0.367185,0.009999,0.009999,0.161127,0.45169,0.05203,0.94797,0.110546,0.112385
5250,36,0.367534,0.009994,0.009994,0.161038,0.451439,0.051819,0.948181,0.111717,0.112621
5251,24,0.36753,0.01,0.01,0.161036,0.451434,0.051376,0.948624,0.123709,0.125805
5252,24,0.367667,0.009998,0.009998,0.161001,0.451336,0.052472,0.947528,0.111772,0.105903
5253,34,0.367738,0.009999,0.009999,0.160982,0.451283,0.052527,0.947473,0.107044,0.106596
5254,24,0.367756,0.01,0.01,0.160977,0.451268,0.052014,0.947986,0.115898,0.118363
5255,24,0.367693,0.010001,0.010001,0.160993,0.451313,0.051658,0.948342,0.131459,0.133128
5256,30,0.367921,0.009996,0.009996,0.160935,0.451151,0.051878,0.948122,0.108448,0.107083
5257,26,0.367711,0.01,0.01,0.160936,0.451353,0.051227,0.948773,0.124653,0.127854
5258,24,0.367861,0.009998,0.009998,0.160898,0.451246,0.050815,0.949185,0.114608,0.116494
5259,26,0.368455,0.00999,0.010039,0.160733,0.450783,0.050368,0.949632,0.105335,0.107376
5260,24,0.368616,0.009998,0.009998,0.160699,0.450688,0.05,0.95,0.11473,0.117052
5261,24,0.368243,0.010002,0.010002,0.160738,0.451014,0.05,0.95,0.130503,0.13228
5262,24,0.369124,0.009986,0.009986,0.160515,0.450388,0.05,0.95,0.097139,0.099035
5263,24,0.369283,0.009997,0.009997,0.160468,0.450255,0.05043,0.94957,0.118765,0.11645
5264,30,0.369507,0.009993,0.009993,0.160362,0.450145,0.050693,0.949307,0.109836,0.108311
5265,32,0.369675,0.009997,0.009997,0.160316,0.450015,0.050496,0.949504,0.11075,0.111572
5266,30,0.369375,0.010002,0.010002,0.160346,0.450274,0.050895,0.949105,0.12676,0.124553
5267,30,0.369658,0.009996,0.009996,0.160276,0.450076,0.050918,0.949082,0.102916,0.102582
5268,30,0.369604,0.010001,0.010001,0.160287,0.450108,0.050799,0.949201,0.119897,0.120294
5269,24,0.369233,0.010003,0.010003,0.160327,0.450435,0.050686,0.949314,0.124341,0.124725
5270,24,0.368863,0.010003,0.010003,0.160368,0.450765,0.050028,0.949972,0.122226,0.125374
5271,24,0.369227,0.009991,0.009991,0.160222,0.450569,0.050038,0.949962,0.106392,0.106151
5272,30,0.369204,0.009993,0.010077,0.160118,0.450609,0.05019,0.94981,0.116689,0.115738
5273,32,0.369154,0.010001,0.010078,0.160129,0.45064,0.050251,0.949749,0.126268,0.12578
5274,32,0.369596,0.009992,0.010115,0.160005,0.450292,0.05,0.95,0.117262,0.121124
5275,36,0.369425,0.01,0.01,0.159998,0.450577,0.05,0.95,0.121619,0.121634
5276,36,0.369499,0.009995,0.009995,0.159911,0.450601,0.05,0.95,0.110788,0.111419
5277,36,0.369178,0.009998,0.009998,0.159882,0.450944,0.050024,0.949976,0.120888,0.120569
5278,24,0.369641,0.009989,0.009989,0.159709,0.450671,0.05,0.95,0.103272,0.103436
5279,36,0.369534,0.009997,0.009997,0.159663,0.450809,0.050054,0.949946,0.119079,0.11863
5280,24,0.3696,0.009999,0.009999,0.159645,0.450757,0.05,0.95,0.121758,0.122079
5281,30,0.369365,0.010004,0.010004,0.159704,0.450924,0.05,0.95,0.129825,0.130288
5282,30,0.369011,0.01,0.01,0.159711,0.451277,0.050154,0.949846,0.120415,0.11945
5283,30,0.368777,0.010004,0.010004,0.15977,0.451445,0.05,0.95,0.129807,0.131089
5284,32,0.368449,0.010001,0.010001,0.159779,0.451771,0.05,0.95,0.117573,0.117934
5285,26,0.36845,0.01,0.01,0.159779,0.451771,0.05,0.95,0.120312,0.121051
5286,26,0.368558,0.009998,0.009998,0.159752,0.451694,0.050225,0.949775,0.114611,0.113319
5287,24,0.3684,0.010002,0.010002,0.159791,0.451804,0.05,0.95,0.124562,0.12773
5288,36,0.369196,0.009987,0.009987,0.159591,0.451238,0.05003,0.94997,0.0901,0.089737
5289,32,0.368724,0.010458,0.010195,0.159537,0.451086,0.050199,0.949801,0.139395,0.138376
5290,24,0.368531,0.010955,0.009995,0.159454,0.451065,0.05,0.95,0.125941,0.127868
5291,26,0.368922,0.010462,0.010002,0.159478,0.451136,0.05,0.95,0.117427,0.120275
5292,30,0.369203,0.010003,0.010003,0.159525,0.451267,0.050335,0.949665,0.116748,0.114861
5293,32,0.369205,0.01,0.01,0.159526,0.451269,0.050556,0.949444,0.115953,0.11464
5294,30,0.369311,0.009997,0.010079,0.159478,0.451135,0.050885,0.949115,0.116172,0.114319
5295,30,0.369355,0.009998,0.009998,0.159439,0.451212,0.050951,0.949049,0.115147,0.114632
5296,26,0.369145,0.01,0.01,0.15944,0.451415,0.050477,0.949523,0.12455,0.126789
5297,32,0.369272,0.009998,0.009998,0.159408,0.451324,0.050713,0.949287,0.123006,0.121638
5298,30,0.369457,0.009997,0.009997,0.15936,0.451189,0.050987,0.949013,0.116236,0.114662
5299,26,0.36932,0.010002,0.010002,0.159393,0.451282,0.050492,0.949508,0.124377,0.126731
5300,26,0.369356,0.009996,0.009996,0.159335,0.451316,0.050511,0.949489,0.11103,0.110761
5301,38,0.368955,0.010006,0.010006,0.159435,0.451598,0.050253,0.949747,0.139191,0.140326
5302,32,0.369431,0.009993,0.009993,0.159318,0.451266,0.050421,0.949579,0.091535,0.090451
5303,30,0.369355,0.009998,0.009998,0.159285,0.451363,0.051015,0.948985,0.116327,0.113126
5304,30,0.369447,0.009998,0.009998,0.159261,0.451295,0.050999,0.949001,0.123495,0.123354
5305,32,0.369537,0.009995,0.010216,0.159182,0.45107,0.050979,0.949021,0.109184,0.109117
5306,26,0.369815,0.009998,0.010026,0.159158,0.451003,0.050339,0.949661,0.117373,0.120433
5307,30,0.369723,0.010002,0.010002,0.159187,0.451086,0.050829,0.949171,0.122072,0.119392
5308,26,0.369232,0.010005,0.010005,0.159262,0.451496,0.05036,0.94964,0.121351,0.123558
5309,24,0.369254,0.01,0.01,0.159259,0.451487,0.05,0.95,0.115915,0.118436
5310,24,0.369019,0.01,0.01,0.159264,0.451717,0.05,0.95,0.120771,0.123904
5311,30,0.369205,0.009997,0.009997,0.159217,0.451584,0.0502,0.9498,0.116139,0.114943
5312,26,0.369068,0.010002,0.010002,0.15925,0.451678,0.05,0.95,0.128257,0.129996
5313,30,0.368899,0.01,0.01,0.159246,0.451855,0.050655,0.949345,0.11206,0.10859
5314,32,0.369694,0.009987,0.009987,0.159045,0.451285,0.050394,0.949606,0.093826,0.094921
5315,32,0.369507,0.009998,0.010293,0.159012,0.45119,0.050307,0.949693,0.133989,0.134261
5316,28,0.369566,0.010133,0.010002,0.159037,0.451262,0.05,0.95,0.122787,0.1258
5317,30,0.36971,0.01,0.01,0.159035,0.451255,0.050145,0.949855,0.122879,0.121929
5318,24,0.369338,0.010002,0.010002,0.159074,0.451583,0.05,0.95,0.122217,0.125637
5319,30,0.369041,0.010442,0.010485,0.158912,0.45112,0.05,0.95,0.123638,0.123679
5320,30,0.369384,0.010047,0.010073,0.159032,0.451463,0.05,0.95,0.119949,0.121663
5321,32,0.369897,0.009994,0.009994,0.158933,0.451182,0.05,0.95,0.094603,0.096233
5322,26,0.370077,0.009994,0.009994,0.158835,0.451101,0.05,0.95,0.112706,0.11477
5323,32,0.370087,0.009997,0.009997,0.158787,0.451132,0.05006,0.94994,0.121456,0.120954
5324,24,0.369793,0.010005,0.010005,0.15886,0.451338,0.05,0.95,0.12608,0.126496
5325,32,0.369466,0.010001,0.010001,0.158869,0.451665,0.05,0.95,0.133158,0.134305
5326,24,0.369116,0.01013,0.010032,0.158918,0.451805,0.05,0.95,0.126005,0.1279
5327,30,0.369454,0.009997,0.009997,0.158873,0.451679,0.05035,0.94965,0.106689,0.104694
5328,24,0.368972,0.010292,0.01,0.158866,0.451871,0.05,0.95,0.130409,0.132023
5329,24,0.368786,0.010008,0.010008,0.158986,0.452213,0.05,0.95,0.126085,0.127961
5330,26,0.368584,0.01,0.01,0.158991,0.452425,0.050002,0.949998,0.12452,0.124323
5331,26,0.368019,0.010003,0.010003,0.159033,0.452943,0.05,0.95,0.127224,0.130982
5332,30,0.367613,0.010001,0.010001,0.159053,0.453331,0.05,0.95,0.113876,0.115038
5333,32,0.367553,0.009998,0.009998,0.159027,0.453423,0.05,0.95,0.134024,0.134964
5334,32,0.367235,0.009993,0.010728,0.158921,0.453123,0.050568,0.949432,0.12625,0.123246
5335,32,0.367466,0.010001,0.010262,0.158934,0.453336,0.051025,0.948975,0.119949,0.117471
5336,26,0.36791,0.009997,0.009997,0.158889,0.453207,0.051125,0.948875,0.105914,0.105195
5337,24,0.367615,0.010005,0.010005,0.158961,0.453415,0.050703,0.949297,0.12816,0.130131
5338,26,0.367829,0.009997,0.009997,0.15891,0.453268,0.050267,0.949733,0.117518,0.119534
5339,26,0.367619,0.01,0.01,0.158911,0.45347,0.05,0.95,0.118951,0.120574
5340,24,0.367622,0.009997,0.009997,0.158857,0.453529,0.05,0.95,0.118878,0.121708
5341,32,0.367649,0.009999,0.009999,0.158848,0.453504,0.050043,0.949957,0.112426,0.112024
5342,24,0.367355,0.010005,0.010005,0.158921,0.453714,0.05,0.95,0.128154,0.130101
5343,32,0.367396,0.009995,0.009995,0.158835,0.45378,0.050325,0.949675,0.108598,0.106787
5344,32,0.367518,0.009996,0.010132,0.158768,0.453587,0.050424,0.949576,0.12194,0.121265
5345,30,0.367267,0.010003,0.010003,0.15882,0.453907,0.05058,0.94942,0.126599,0.125634
5346,32,0.367445,0.009997,0.009997,0.158777,0.453784,0.050264,0.949736,0.121968,0.123389
5347,24,0.367881,0.009993,0.009993,0.158666,0.453468,0.051312,0.948688,0.100353,0.094846
5348,32,0.367892,0.009997,0.009997,0.158618,0.453497,0.051273,0.948727,0.122303,0.122255
5349,36,0.368098,0.009997,0.009997,0.158564,0.453344,0.051172,0.948828,0.111924,0.112218
5350,24,0.368457,0.009994,0.009994,0.158473,0.453082,0.050632,0.949368,0.103751,0.106286
5351,26,0.368128,0.010513,0.009997,0.158423,0.452939,0.05,0.95,0.128076,0.131237
5352,32,0.368214,0.010619,0.009997,0.158373,0.452797,0.050024,0.949976,0.122969,0.122674
5353,36,0.368515,0.010369,0.009999,0.158359,0.452758,0.05,0.95,0.117407,0.118208
5354,24,0.367797,0.011515,0.009993,0.15825,0.452445,0.05,0.95,0.134212,0.136451
5355,36,0.367588,0.011976,0.010089,0.15816,0.452188,0.05,0.95,0.124641,0.124826
5356,26,0.367731,0.010559,0.010022,0.158507,0.453181,0.05,0.95,0.124919,0.126712
5357,26,0.368399,0.009999,0.009999,0.158486,0.453119,0.050248,0.949752,0.103861,0.10243
5358,30,0.368828,0.009993,0.009993,0.158377,0.452808,0.050523,0.949477,0.112346,0.110726
5359,30,0.368837,0.009994,0.009994,0.158288,0.452886,0.050198,0.949802,0.106869,0.10831
5360,36,0.368681,0.01,0.01,0.158287,0.453032,0.050304,0.949696,0.12169,0.120973
5361,24,0.368456,0.010004,0.010004,0.158344,0.453193,0.050186,0.949814,0.126291,0.126705
5362,24,0.36838,0.009998,0.009998,0.158311,0.453314,0.051025,0.948975,0.117776,0.113313
5363,30,0.368142,0.009996,0.009996,0.158243,0.453624,0.05076,0.94924,0.107265,0.108402
5364,36,0.367987,0.01,0.01,0.158242,0.453771,0.051138,0.948862,0.120193,0.118079
5365,32,0.367841,0.010002,0.010002,0.158279,0.453875,0.051021,0.948979,0.129544,0.12995
5366,26,0.367951,0.009998,0.009998,0.158253,0.4538,0.051259,0.948741,0.114598,0.113212
5367,36,0.368158,0.009997,0.009997,0.1582,0.453649,0.051144,0.948856,0.111931,0.112295
5368,30,0.368054,0.010002,0.010002,0.158224,0.453718,0.051813,0.948187,0.122054,0.118427
5369,30,0.36842,0.009989,0.009989,0.15805,0.453552,0.051964,0.948036,0.096414,0.095408
5370,30,0.368386,0.01,0.01,0.158053,0.45356,0.05253,0.94747,0.119738,0.116583
5371,30,0.368472,0.009999,0.009999,0.158032,0.453499,0.05249,0.94751,0.118477,0.118467
5372,26,0.368471,0.01,0.01,0.158031,0.453498,0.05276,0.94724,0.116632,0.115031
5373,24,0.368315,0.010002,0.010002,0.15807,0.45361,0.052036,0.947964,0.122542,0.126156
5374,30,0.367846,0.01,0.01,0.158063,0.454092,0.051851,0.948149,0.127285,0.128058
5375,36,0.367703,0.009994,0.009994,0.157962,0.454348,0.052315,0.947685,0.098955,0.096344
5376,30,0.367743,0.009999,0.009999,0.157949,0.45431,0.052821,0.947179,0.119396,0.116511
5377,32,0.367597,0.010002,0.010002,0.157985,0.454414,0.053395,0.946605,0.115682,0.112437
5378,26,0.367844,0.009996,0.009996,0.157924,0.454239,0.053018,0.946982,0.109557,0.111354
5379,24,0.367686,0.009999,0.009999,0.157908,0.454408,0.052645,0.947355,0.12121,0.122958
5380,26,0.367593,0.010053,0.010001,0.157918,0.454435,0.051955,0.948045,0.123538,0.12695
5381,24,0.367847,0.009997,0.009997,0.157868,0.454292,0.051863,0.948137,0.117345,0.117632
5382,36,0.367692,0.01,0.01,0.157868,0.45444,0.052163,0.947837,0.128405,0.12665
5383,32,0.367742,0.009994,0.009994,0.15777,0.454501,0.05253,0.94747,0.112125,0.110022
5384,24,0.368175,0.009993,0.009993,0.157659,0.454181,0.053603,0.946397,0.100361,0.094439
5385,30,0.367935,0.010004,0.010004,0.157715,0.454343,0.053315,0.946685,0.123223,0.124561
5386,24,0.367732,0.01,0.01,0.157714,0.454554,0.052664,0.947336,0.122844,0.126099
5387,26,0.367226,0.010041,0.010004,0.157782,0.454947,0.052433,0.947567,0.130668,0.131687
5388,30,0.366906,0.010001,0.010001,0.15779,0.455303,0.052474,0.947526,0.120316,0.119909
5389,32,0.366707,0.009996,0.009996,0.15772,0.455581,0.053063,0.946937,0.109783,0.106501
5390,24,0.366295,0.010316,0.010001,0.157742,0.455645,0.052352,0.947648,0.128058,0.131588
5391,32,0.366412,0.010003,0.010003,0.157793,0.45579,0.052872,0.947128,0.11133,0.108406
5392,26,0.366278,0.010002,0.010002,0.157827,0.45589,0.052386,0.947614,0.124456,0.126848
5393,30,0.366022,0.010003,0.010067,0.157876,0.456032,0.052615,0.947385,0.12974,0.128332
5394,32,0.366521,0.009993,0.009993,0.157769,0.455723,0.053146,0.946854,0.102349,0.099329
5395,26,0.366854,0.009995,0.009995,0.157683,0.455474,0.052843,0.947157,0.110232,0.111631
5396,24,0.367084,0.009996,0.009996,0.157623,0.4553,0.053896,0.946104,0.111134,0.105348
5397,24,0.367525,0.009993,0.009993,0.157511,0.454977,0.05379,0.94621,0.110233,0.110558
5398,24,0.367685,0.009994,0.010183,0.157421,0.454717,0.054485,0.945515,0.117185,0.113212
5399,26,0.367614,0.010004,0.010004,0.157483,0.454895,0.054267,0.945733,0.12253,0.123512
5400,32,0.367505,0.009999,0.009999,0.157468,0.455029,0.054528,0.945472,0.107836,0.106215
5401,32,0.367223,0.010002,0.010002,0.157496,0.455277,0.054461,0.945539,0.128007,0.128156
5402,26,0.367016,0.01,0.01,0.157499,0.455484,0.053961,0.946039,0.120838,0.123368
5403,32,0.366735,0.010002,0.010002,0.157528,0.455733,0.054327,0.945673,0.123336,0.121163
5404,30,0.367106,0.009991,0.009991,0.157394,0.455517,0.054666,0.945334,0.099421,0.097277
5405,32,0.367574,0.009992,0.009992,0.157273,0.455168,0.054428,0.945572,0.1023,0.103329
5406,30,0.367161,0.010001,0.010001,0.15729,0.455547,0.053904,0.946096,0.120474,0.123069
5407,32,0.367223,0.009994,0.009994,0.157197,0.455592,0.054063,0.945937,0.113183,0.112129
5408,24,0.367453,0.009996,0.009996,0.157137,0.455418,0.054262,0.945738,0.117271,0.11598
5409,36,0.367352,0.010001,0.010001,0.15716,0.455485,0.054353,0.945647,0.12216,0.121479
5410,24,0.367274,0.009998,0.009998,0.157127,0.455603,0.054305,0.945695,0.117774,0.117778
5411,24,0.366928,0.010327,0.01,0.157131,0.455614,0.05409,0.94591,0.126187,0.127155
5412,32,0.367522,0.009996,0.009996,0.157065,0.455422,0.054398,0.945602,0.102309,0.100393
5413,26,0.367554,0.009996,0.009996,0.157005,0.455449,0.054665,0.945335,0.111077,0.109448
5414,32,0.367541,0.009995,0.009995,0.156929,0.45554,0.05446,0.94554,0.114327,0.115215
5415,24,0.367723,0.009997,0.009997,0.156882,0.455402,0.054636,0.945364,0.114442,0.113175
5416,26,0.368174,0.009993,0.009993,0.156768,0.455072,0.054708,0.945292,0.103969,0.103353
5417,32,0.368603,0.009993,0.009993,0.156658,0.454753,0.055433,0.944567,0.092605,0.088406
5418,32,0.368835,0.009996,0.009996,0.156597,0.454576,0.05524,0.94476,0.117826,0.118656
5419,24,0.368753,0.009998,0.009998,0.156562,0.454689,0.054515,0.945485,0.119841,0.123607
5420,24,0.36877,0.01,0.01,0.156557,0.454674,0.05383,0.94617,0.115992,0.11945
5421,26,0.368877,0.009998,0.009998,0.15653,0.454596,0.054109,0.945891,0.114689,0.11301
5422,24,0.368797,0.009998,0.009998,0.156496,0.454712,0.053693,0.946307,0.119909,0.121902
5423,32,0.369087,0.009995,0.009995,0.156423,0.454499,0.054284,0.945716,0.095566,0.092162
5424,30,0.368881,0.009999,0.010274,0.156403,0.454442,0.055026,0.944974,0.121822,0.117537
5425,32,0.369143,0.009997,0.009997,0.156362,0.4545,0.055998,0.944002,0.103521,0.097981
5426,30,0.369141,0.01,0.01,0.156362,0.454498,0.055754,0.944246,0.119657,0.120771
5427,36,0.36929,0.009993,0.009993,0.156256,0.454468,0.055907,0.944093,0.109451,0.108369
5428,24,0.369748,0.009989,0.009989,0.156086,0.454188,0.056124,0.943876,0.103207,0.101737
5429,32,0.369628,0.009999,0.009999,0.156067,0.454308,0.0569,0.9431,0.107804,0.103211
5430,32,0.369542,0.009999,0.009999,0.156046,0.454415,0.05674,0.94326,0.134093,0.134776
5431,38,0.369175,0.009996,0.009996,0.155979,0.454854,0.056787,0.943213,0.115143,0.114636
5432,32,0.369026,0.010002,0.010002,0.156014,0.454955,0.057394,0.942606,0.120453,0.11676
5433,26,0.36882,0.01,0.01,0.156017,0.455163,0.057257,0.942743,0.118931,0.119503
5434,30,0.369753,0.009985,0.009985,0.155786,0.45449,0.057407,0.942593,0.085413,0.084247
5435,24,0.36945,0.010004,0.010004,0.155854,0.454687,0.056939,0.943061,0.128152,0.130587
5436,32,0.36934,0.009999,0.009999,0.15584,0.454822,0.056822,0.943178,0.118619,0.119059
5437,32,0.369412,0.009999,0.009999,0.155821,0.454769,0.056645,0.943355,0.109762,0.110492
5438,24,0.369565,0.009994,0.009994,0.15573,0.454717,0.057722,0.942278,0.105143,0.098735
5439,24,0.36956,0.01,0.01,0.155728,0.454712,0.058619,0.941381,0.121694,0.116171
5440,26,0.36956,0.01,0.01,0.155728,0.454711,0.058895,0.941105,0.11662,0.114776
5441,32,0.369165,0.009999,0.009999,0.155708,0.45513,0.059194,0.940806,0.119205,0.117192
5442,32,0.369264,0.009993,0.009993,0.155606,0.455143,0.059342,0.940658,0.104793,0.103617
5443,32,0.368978,0.010002,0.010002,0.155632,0.455386,0.059234,0.940766,0.137342,0.137762
5444,24,0.369035,0.009999,0.009999,0.155619,0.455348,0.058879,0.941121,0.115695,0.117504
5445,24,0.369397,0.009991,0.009991,0.155476,0.455145,0.058748,0.941252,0.106355,0.106833
5446,30,0.368193,0.011586,0.010979,0.155125,0.454117,0.058682,0.941318,0.13943,0.13956
5447,24,0.368286,0.011105,0.010015,0.15536,0.455235,0.05797,0.94203,0.126612,0.130551
5448,32,0.368307,0.010761,0.010001,0.155369,0.455562,0.057921,0.942079,0.115775,0.115821
5449,24,0.368352,0.010304,0.010007,0.155472,0.455865,0.057266,0.942734,0.126589,0.130104
5450,30,0.368143,0.010005,0.010005,0.155558,0.456288,0.057051,0.942949,0.120215,0.121207
5451,26,0.368012,0.010002,0.010002,0.155593,0.456391,0.056932,0.943068,0.128237,0.128713
5452,30,0.36778,0.010004,0.010004,0.155651,0.456562,0.056632,0.943368,0.129776,0.131263
5453,24,0.367386,0.010896,0.009992,0.155527,0.456198,0.055995,0.944005,0.131243,0.13463
5454,30,0.3674,0.010513,0.010831,0.155408,0.455848,0.056311,0.943689,0.125912,0.123926
5455,32,0.367771,0.010005,0.010688,0.155479,0.456057,0.056734,0.943266,0.123134,0.120531
5456,24,0.367733,0.010012,0.010012,0.155659,0.456585,0.056075,0.943925,0.126118,0.129596
5457,30,0.367375,0.010225,0.010003,0.155698,0.4567,0.055825,0.944175,0.129813,0.130981
5458,26,0.367791,0.009997,0.009997,0.155651,0.456563,0.055447,0.944553,0.108776,0.110643
5459,26,0.367912,0.009998,0.009998,0.15562,0.456471,0.054953,0.945047,0.118233,0.120736
5460,24,0.367478,0.010165,0.010001,0.155633,0.456723,0.054185,0.945815,0.130395,0.134392
5461,32,0.367235,0.010004,0.010004,0.155693,0.457065,0.054003,0.945997,0.137399,0.138195
5462,32,0.367535,0.009995,0.009995,0.155621,0.456854,0.054401,0.945599,0.104813,0.102422
5463,36,0.367472,0.009997,0.009997,0.155568,0.456966,0.054384,0.945616,0.112767,0.112642
5464,24,0.367098,0.010002,0.010002,0.155606,0.457292,0.053775,0.946225,0.124276,0.127377
5465,26,0.366964,0.010002,0.010002,0.15564,0.457392,0.053695,0.946305,0.128233,0.128482
5466,24,0.366918,0.009999,0.010129,0.15562,0.457334,0.054545,0.945455,0.121596,0.116768
5467,24,0.366671,0.010006,0.010006,0.155712,0.457605,0.053557,0.946443,0.134346,0.139503
5468,24,0.366303,0.010003,0.010003,0.155753,0.457939,0.052994,0.947006,0.122266,0.125087
5469,26,0.366517,0.009997,0.009997,0.155701,0.457788,0.053128,0.946872,0.117388,0.116455
5470,26,0.366491,0.009997,0.009997,0.155657,0.457857,0.052573,0.947427,0.111284,0.114008
5471,24,0.366117,0.010002,0.010002,0.155695,0.458183,0.051892,0.948108,0.130496,0.133884
5472,36,0.366227,0.009998,0.010023,0.155663,0.458088,0.051879,0.948121,0.117514,0.117356
5473,30,0.366012,0.009998,0.009998,0.155639,0.458352,0.052419,0.947581,0.112525,0.109513
5474,24,0.366167,0.009994,0.009994,0.155548,0.458297,0.052589,0.947411,0.113478,0.112408
5475,32,0.366163,0.01,0.01,0.155546,0.458292,0.053514,0.946486,0.120718,0.115644
5476,32,0.366115,0.010001,0.010001,0.155558,0.458326,0.053937,0.946063,0.126429,0.123945
5477,32,0.365757,0.010001,0.010001,0.155569,0.458672,0.05375,0.94625,0.115166,0.115964
5478,24,0.365601,0.009996,0.009996,0.155503,0.458905,0.053117,0.946883,0.115973,0.11914
5479,26,0.365104,0.010005,0.010005,0.155574,0.459313,0.052684,0.947316,0.121167,0.123252
5480,36,0.364956,0.01,0.01,0.155576,0.459467,0.052983,0.947017,0.120282,0.118484
5481,32,0.364956,0.01,0.01,0.155576,0.459468,0.053421,0.946579,0.120716,0.118174
5482,30,0.364854,0.010002,0.010002,0.155601,0.459541,0.053525,0.946475,0.115342,0.114536
5483,32,0.364904,0.009999,0.009999,0.15559,0.459508,0.053492,0.946508,0.116231,0.116168
5484,36,0.365187,0.009996,0.009996,0.15552,0.459302,0.053323,0.946677,0.115976,0.116686
5485,24,0.36489,0.010005,0.010005,0.155591,0.45951,0.052846,0.947154,0.128051,0.13037
5486,24,0.364913,0.01,0.01,0.155587,0.4595,0.052175,0.947825,0.115891,0.119184
5487,24,0.364493,0.010174,0.010004,0.155648,0.45968,0.051595,0.948405,0.135767,0.138603
5488,32,0.364373,0.01,0.01,0.155645,0.459982,0.051813,0.948187,0.102157,0.10083
5489,24,0.363998,0.010051,0.010005,0.155726,0.46022,0.051416,0.948584,0.135757,0.137645
5490,32,0.364195,0.009998,0.009998,0.155691,0.460118,0.051765,0.948235,0.117307,0.115331
5491,26,0.364407,0.009997,0.009997,0.155638,0.459962,0.051275,0.948725,0.113639,0.115973
5492,24,0.364277,0.010002,0.010002,0.155668,0.460051,0.050635,0.949365,0.12664,0.129722
5493,24,0.364279,0.01,0.01,0.155669,0.460052,0.05016,0.94984,0.123723,0.125932
5494,30,0.364973,0.009989,0.009989,0.155499,0.45955,0.050687,0.949313,0.094381,0.091542
5495,32,0.364385,0.0105,0.010098,0.155412,0.459605,0.050272,0.949728,0.130546,0.132464
5496,24,0.364377,0.01001,0.01001,0.15556,0.460043,0.050347,0.949653,0.126357,0.125822
5497,24,0.364537,0.009998,0.009998,0.155526,0.459941,0.050012,0.949988,0.114758,0.116238
5498,24,0.364085,0.01,0.01,0.15553,0.460384,0.05,0.95,0.126511,0.128132
5499,26,0.363663,0.010007,0.010007,0.155634,0.46069,0.05,0.95,0.12867,0.131417
5500,24,0.363668,0.01,0.01,0.155636,0.460696,0.050913,0.949087,0.121684,0.116859
5501,26,0.363532,0.010002,0.010002,0.155669,0.460795,0.050507,0.949493,0.128203,0.130109
5502,24,0.363518,0.0101,0.009999,0.155649,0.460735,0.05,0.95,0.124162,0.127547
5503,36,0.363358,0.01,0.01,0.155647,0.460996,0.050424,0.949576,0.117733,0.11544
5504,24,0.363594,0.009996,0.009996,0.155589,0.460825,0.051608,0.948392,0.111139,0.104911
5505,30,0.363677,0.009999,0.009999,0.155567,0.460759,0.052107,0.947893,0.118539,0.115736
5506,30,0.363373,0.010188,0.010002,0.155595,0.460842,0.052048,0.947952,0.139613,0.139719
5507,32,0.363394,0.010003,0.010003,0.155636,0.460964,0.052711,0.947289,0.117031,0.113392
5508,26,0.363433,0.009996,0.009996,0.15558,0.460995,0.052922,0.947078,0.110979,0.109685
5509,30,0.363619,0.009997,0.009997,0.155532,0.460855,0.052897,0.947103,0.109497,0.109413
5510,36,0.363951,0.009992,0.009992,0.155414,0.460651,0.053868,0.946132,0.095521,0.090146
5511,32,0.363898,0.010001,0.010001,0.155423,0.460678,0.054589,0.945411,0.110846,0.106756
5512,32,0.364389,0.009992,0.009992,0.155303,0.460323,0.055166,0.944834,0.09885,0.095448
5513,26,0.364175,0.01,0.01,0.155303,0.460521,0.054548,0.945452,0.124628,0.127835
5514,32,0.363327,0.010359,0.010964,0.155105,0.460245,0.054664,0.945336,0.130479,0.129647
5515,24,0.363573,0.010014,0.010014,0.155315,0.461084,0.054275,0.945725,0.118691,0.120597
5516,32,0.36376,0.009997,0.009997,0.155277,0.460969,0.054241,0.945759,0.108092,0.108075
5517,30,0.363963,0.009997,0.009997,0.155226,0.460818,0.054835,0.945165,0.106476,0.102966
5518,24,0.363981,0.01,0.01,0.15522,0.4608,0.054707,0.945293,0.124185,0.12463
5519,32,0.363981,0.01,0.01,0.155219,0.460799,0.055159,0.944841,0.115957,0.113281
5520,32,0.364368,0.009994,0.009994,0.155125,0.460519,0.055844,0.944156,0.092584,0.088554
5521,30,0.364233,0.010002,0.010002,0.155155,0.460608,0.055296,0.944704,0.119747,0.122524
5522,30,0.36422,0.009995,0.009995,0.155078,0.460712,0.055574,0.944426,0.108906,0.107067
5523,24,0.364766,0.009991,0.009991,0.154943,0.460309,0.055698,0.944302,0.107313,0.106386
5524,24,0.364326,0.010384,0.010001,0.154952,0.460338,0.055244,0.944756,0.128013,0.130303
5525,26,0.364258,0.010004,0.010004,0.155014,0.46072,0.055116,0.944884,0.124576,0.125088
5526,24,0.364182,0.009998,0.009998,0.154982,0.46084,0.055348,0.944652,0.117849,0.116346
5527,24,0.364181,0.01,0.01,0.154981,0.460838,0.054979,0.945021,0.129909,0.131721
5528,30,0.364369,0.009997,0.009997,0.154936,0.460701,0.055778,0.944222,0.116098,0.111485
5529,32,0.364406,0.009994,0.009994,0.154849,0.460756,0.055447,0.944553,0.108601,0.110233
5530,26,0.364267,0.010002,0.010002,0.154881,0.460849,0.05503,0.94497,0.128206,0.130332
5531,24,0.364288,0.01,0.01,0.154876,0.460836,0.054423,0.945577,0.116015,0.119092
5532,30,0.36399,0.010002,0.010002,0.154907,0.461099,0.05459,0.94541,0.126545,0.125437
5533,24,0.364227,0.009996,0.009996,0.15485,0.46093,0.054746,0.945254,0.117428,0.116371
5534,30,0.364236,0.01,0.01,0.154846,0.460918,0.054594,0.945406,0.109591,0.110115
5535,24,0.364319,0.009999,0.009999,0.154826,0.460857,0.054109,0.945891,0.114405,0.116825
5536,30,0.364615,0.009992,0.010183,0.154707,0.460503,0.054276,0.945724,0.113901,0.112738
5537,26,0.364543,0.010004,0.010004,0.154767,0.460682,0.053651,0.946349,0.128186,0.131392
5538,26,0.364338,0.01,0.01,0.15477,0.460891,0.052942,0.947058,0.124599,0.128178
5539,24,0.364574,0.009996,0.009996,0.154713,0.460721,0.052908,0.947092,0.117429,0.117423
5540,32,0.364425,0.010002,0.010002,0.154748,0.460823,0.053025,0.946975,0.129677,0.128854
5541,26,0.364639,0.009997,0.009997,0.154697,0.460671,0.052585,0.947415,0.117472,0.11961
5542,24,0.3642,0.010003,0.010003,0.15475,0.461044,0.052033,0.947967,0.131934,0.134653
5543,30,0.363967,0.010004,0.010004,0.154808,0.461218,0.051913,0.948087,0.123076,0.123438
5544,26,0.363834,0.010002,0.010002,0.154842,0.46132,0.051261,0.948739,0.128163,0.13137
5545,26,0.364185,0.009995,0.009995,0.154758,0.461068,0.050762,0.949238,0.111634,0.113981
5546,30,0.364195,0.009996,0.010051,0.154698,0.461061,0.05081,0.94919,0.110347,0.109892
5547,32,0.364065,0.010003,0.010003,0.154741,0.461189,0.051114,0.948886,0.12968,0.127928
5548,36,0.364146,0.009999,0.009999,0.154722,0.461134,0.051617,0.948383,0.112243,0.109492
5549,24,0.363772,0.010002,0.010002,0.15476,0.461462,0.05104,0.94896,0.124233,0.127021
5550,32,0.363774,0.01,0.01,0.154761,0.461465,0.051712,0.948288,0.120523,0.116868
5551,24,0.363569,0.01,0.01,0.154759,0.461673,0.051124,0.948876,0.12279,0.125627
5552,30,0.363566,0.009995,0.009995,0.154679,0.461766,0.051313,0.948687,0.109849,0.108694
5553,30,0.3636,0.009997,0.010141,0.154633,0.461629,0.052057,0.947943,0.119193,0.115148
5554,32,0.363688,0.010001,0.010001,0.154645,0.461666,0.051963,0.948037,0.1262,0.126485
5555,36,0.363536,0.01,0.01,0.154647,0.461817,0.052335,0.947665,0.121646,0.119516
5556,24,0.363772,0.009996,0.009996,0.154589,0.461646,0.053013,0.946987,0.117309,0.113546
5557,32,0.363645,0.009997,0.009997,0.154535,0.461827,0.053361,0.946639,0.121531,0.119478
5558,24,0.364319,0.009989,0.009989,0.15437,0.461333,0.054371,0.945629,0.098069,0.092414
5559,26,0.36442,0.009998,0.009998,0.15434,0.461244,0.054425,0.945575,0.114643,0.114165
5560,32,0.364306,0.009999,0.009999,0.154324,0.461372,0.054759,0.945241,0.123215,0.121183
5561,26,0.364097,0.01,0.01,0.154326,0.461576,0.05442,0.94558,0.11883,0.120486
5562,26,0.363913,0.010016,0.010121,0.154338,0.461613,0.054587,0.945413,0.122305,0.121205
5563,26,0.364176,0.009998,0.009998,0.154307,0.461521,0.054478,0.945522,0.117531,0.117899
5564,26,0.365242,0.009983,0.009983,0.154048,0.460744,0.054566,0.945434,0.091639,0.090904
5565,24,0.36523,0.01,0.01,0.154042,0.460728,0.055825,0.944175,0.115516,0.108336
5566,24,0.365004,0.010004,0.010004,0.154097,0.460892,0.055885,0.944115,0.126285,0.12573
5567,30,0.364747,0.010004,0.010004,0.154161,0.461084,0.055667,0.944333,0.123316,0.124312
5568,32,0.364814,0.009996,0.009996,0.154104,0.46109,0.05603,0.94397,0.119935,0.117684
5569,32,0.364811,0.01,0.01,0.154103,0.461086,0.056125,0.943875,0.120691,0.119932
5570,30,0.364999,0.009997,0.009997,0.154057,0.46095,0.056955,0.943045,0.109591,0.104689
5571,24,0.364624,0.010002,0.010002,0.154095,0.461276,0.056187,0.943813,0.13046,0.134594
5572,30,0.364391,0.010004,0.010004,0.154152,0.461449,0.056061,0.943939,0.139708,0.140188
5573,26,0.364258,0.010002,0.010002,0.154187,0.461551,0.055607,0.944393,0.1282,0.130541
5574,26,0.364259,0.01,0.01,0.154187,0.461553,0.055094,0.944906,0.12609,0.128734
5575,30,0.364448,0.009997,0.009997,0.154142,0.461417,0.056028,0.943972,0.116174,0.110776
5576,32,0.364558,0.009995,0.009995,0.154071,0.461381,0.056078,0.943922,0.118814,0.118316
5577,26,0.364546,0.01,0.01,0.154071,0.461383,0.055543,0.944457,0.121103,0.123897
5578,24,0.364251,0.010005,0.010005,0.154143,0.461597,0.054485,0.945515,0.134416,0.140041
5579,30,0.363951,0.010002,0.010002,0.154172,0.461873,0.054567,0.945433,0.126386,0.125717
5580,32,0.364051,0.00999,0.010359,0.154017,0.461584,0.054287,0.945713,0.119614,0.120928
5581,32,0.364355,0.009991,0.010621,0.153875,0.461158,0.055129,0.944871,0.10867,0.103902
5582,32,0.364869,0.009997,0.009997,0.153826,0.461312,0.05505,0.94495,0.098332,0.098488
5583,30,0.365051,0.009994,0.009994,0.153738,0.461222,0.055236,0.944764,0.114001,0.112756
5584,24,0.364597,0.010042,0.010003,0.153784,0.461574,0.05462,0.94538,0.131834,0.135029
5585,24,0.36477,0.009995,0.009995,0.153701,0.46154,0.054767,0.945233,0.113472,0.112467
5586,32,0.364654,0.009999,0.009999,0.153684,0.461665,0.055039,0.944961,0.107796,0.106088
5587,24,0.365124,0.009989,0.009989,0.153518,0.46138,0.055035,0.944965,0.10332,0.103095
5588,26,0.364899,0.010183,0.01004,0.153513,0.461365,0.05468,0.94532,0.124232,0.125983
5589,24,0.364922,0.01,0.01,0.153509,0.461569,0.054268,0.945732,0.112115,0.114128
5590,24,0.36524,0.009995,0.009995,0.153432,0.461338,0.053707,0.946293,0.113241,0.116032
5591,24,0.365236,0.01,0.01,0.153431,0.461333,0.053133,0.946867,0.123734,0.12658
5592,36,0.364983,0.009997,0.009997,0.153389,0.461633,0.053513,0.946487,0.120573,0.118318
5593,24,0.365038,0.009999,0.009999,0.153375,0.461589,0.053121,0.946879,0.115728,0.117592
5594,26,0.364902,0.010002,0.010002,0.153407,0.461687,0.052777,0.947223,0.124356,0.125999
5595,30,0.364668,0.010004,0.010004,0.153465,0.46186,0.053186,0.946814,0.123235,0.120865
5596,26,0.364462,0.01,0.01,0.153468,0.462069,0.052911,0.947089,0.118902,0.120154
5597,30,0.364549,0.009999,0.009999,0.153448,0.462006,0.052855,0.947145,0.118579,0.118658
5598,24,0.36419,0.010006,0.010006,0.153534,0.462265,0.052442,0.947558,0.129584,0.131582
5599,36,0.364042,0.01,0.01,0.153537,0.462421,0.052646,0.947354,0.120291,0.119028
5600,24,0.364267,0.009996,0.010025,0.153475,0.462237,0.053289,0.946711,0.117232,0.113641
5601,30,0.364173,0.010002,0.010002,0.153503,0.46232,0.053828,0.946172,0.121866,0.11877
5602,26,0.364211,0.009996,0.009996,0.153447,0.46235,0.053883,0.946117,0.111084,0.110602
5603,26,0.364072,0.010002,0.010002,0.153479,0.462445,0.053414,0.946586,0.128127,0.130461
5604,24,0.364388,0.009995,0.009995,0.153403,0.462218,0.052807,0.947193,0.111647,0.114613
5605,24,0.364608,0.009996,0.009996,0.153348,0.462051,0.052186,0.947814,0.114124,0.117152
5606,26,0.364818,0.009997,0.009997,0.153295,0.461893,0.051791,0.948209,0.113648,0.115511
5607,26,0.365351,0.00999,0.010107,0.153137,0.461415,0.051837,0.948163,0.105027,0.104575
5608,30,0.36582,0.009994,0.009994,0.153047,0.461144,0.052192,0.947808,0.1026,0.10051
5609,30,0.366797,0.009984,0.009984,0.152808,0.460425,0.052378,0.947622,0.085109,0.083872
5610,30,0.36726,0.009992,0.009992,0.152689,0.460066,0.052775,0.947225,0.094657,0.09234
5611,24,0.36744,0.009997,0.009997,0.152642,0.459924,0.052757,0.947243,0.114451,0.114269
5612,26,0.367302,0.010002,0.010002,0.152674,0.46002,0.05268,0.94732,0.12813,0.12835
5613,32,0.36748,0.009997,0.009997,0.152632,0.459894,0.052822,0.947178,0.112821,0.111911
5614,38,0.367282,0.009999,0.009999,0.152611,0.46011,0.052988,0.947012,0.127007,0.12592
5615,30,0.367468,0.009997,0.009997,0.152565,0.459972,0.053175,0.946825,0.116212,0.115048
5616,26,0.367172,0.010005,0.010005,0.152635,0.460183,0.052397,0.947603,0.131194,0.135138
5617,32,0.367286,0.009996,0.009996,0.152567,0.460155,0.052434,0.947566,0.1034,0.102988
5618,24,0.367517,0.009996,0.009996,0.15251,0.459981,0.053259,0.946741,0.117301,0.112694
5619,30,0.367413,0.010002,0.010002,0.152533,0.460051,0.053369,0.946631,0.115485,0.114656
5620,24,0.367637,0.009996,0.010026,0.152472,0.459869,0.05399,0.94601,0.117235,0.113713
5621,32,0.367773,0.009998,0.009998,0.152445,0.459786,0.05414,0.94586,0.113784,0.112772
5622,24,0.367049,0.011135,0.010019,0.152337,0.45946,0.053387,0.946613,0.134198,0.138065
5623,26,0.367806,0.010006,0.010006,0.152433,0.459749,0.053267,0.946733,0.108728,0.109168
5624,24,0.368044,0.009996,0.009996,0.152378,0.459585,0.053994,0.946006,0.117266,0.113156
5625,38,0.368041,0.01,0.01,0.152377,0.459582,0.053593,0.946407,0.129277,0.131221
5626,24,0.368041,0.01,0.01,0.152377,0.459581,0.052589,0.947411,0.129924,0.135065
5627,30,0.368578,0.009992,0.009992,0.152248,0.459191,0.053011,0.946989,0.105592,0.103163
5628,24,0.368591,0.01,0.01,0.152241,0.45917,0.052329,0.947671,0.124183,0.127575
5629,26,0.368356,0.010001,0.010001,0.152249,0.459394,0.05185,0.94815,0.111408,0.113695
5630,32,0.368309,0.010001,0.010001,0.152261,0.459429,0.052547,0.947453,0.110869,0.107069
5631,24,0.368747,0.009993,0.009993,0.152156,0.459111,0.053494,0.946506,0.102403,0.097207
5632,32,0.368677,0.01011,0.009999,0.152142,0.459071,0.053382,0.946618,0.125242,0.125605
5633,26,0.369465,0.009989,0.009989,0.151979,0.458578,0.053628,0.946372,0.093823,0.092266
5634,30,0.369457,0.01,0.01,0.151975,0.458568,0.054676,0.945324,0.119697,0.113823
5635,24,0.369085,0.010002,0.010002,0.152013,0.458897,0.054284,0.945716,0.124253,0.126195
5636,24,0.368731,0.010006,0.010006,0.1521,0.459158,0.0542,0.9458,0.129718,0.129961
5637,30,0.368666,0.01002,0.010165,0.152073,0.459076,0.055071,0.944929,0.119478,0.114525
5638,24,0.368441,0.010006,0.010006,0.152171,0.459374,0.054407,0.945593,0.134429,0.137885
5639,24,0.3686,0.009994,0.009994,0.152084,0.459327,0.054374,0.945626,0.113464,0.113426
5640,30,0.368713,0.009995,0.009995,0.152009,0.459287,0.054563,0.945437,0.106179,0.104914
5641,24,0.36938,0.009989,0.009989,0.151846,0.458796,0.055215,0.944785,0.104185,0.100336
5642,36,0.369395,0.009997,0.009997,0.151802,0.458809,0.056343,0.943657,0.110493,0.104001
5643,32,0.369112,0.010002,0.010002,0.151829,0.459056,0.056295,0.943705,0.13727,0.137306
5644,32,0.369078,0.009998,0.009998,0.151795,0.459131,0.056158,0.943842,0.123208,0.123754
5645,36,0.368979,0.010002,0.010002,0.151818,0.4592,0.056218,0.943782,0.126274,0.125731
5646,26,0.368845,0.010002,0.010002,0.151851,0.4593,0.055682,0.944318,0.128257,0.13108
5647,30,0.368673,0.009998,0.009998,0.151813,0.459518,0.055614,0.944386,0.120233,0.120347
5648,24,0.368516,0.010002,0.010002,0.15185,0.45963,0.055583,0.944417,0.124542,0.124476
5649,32,0.368692,0.009997,0.009997,0.151809,0.459504,0.055495,0.944505,0.12193,0.122167
5650,24,0.36869,0.01,0.01,0.151808,0.459502,0.055074,0.944926,0.123709,0.125826
5651,32,0.368643,0.010001,0.010001,0.151819,0.459536,0.055279,0.944721,0.12185,0.120507
5652,32,0.368819,0.009997,0.009997,0.151777,0.45941,0.055994,0.944006,0.112796,0.10861
5653,32,0.368991,0.009997,0.009997,0.151734,0.45928,0.055716,0.944284,0.122057,0.123414
5654,32,0.368709,0.010002,0.010002,0.151761,0.459527,0.056264,0.943736,0.123431,0.120141
5655,24,0.36871,0.01,0.01,0.151762,0.459528,0.055517,0.944483,0.121671,0.125602
5656,30,0.368404,0.010026,0.010002,0.151788,0.459781,0.055331,0.944669,0.126568,0.12738
5657,24,0.368647,0.009997,0.009997,0.151736,0.459623,0.055244,0.944756,0.117337,0.117598
5658,26,0.36851,0.010002,0.010002,0.151768,0.459718,0.055184,0.944816,0.128155,0.12829
5659,24,0.368218,0.010005,0.010005,0.151839,0.459933,0.054866,0.945134,0.128249,0.129796
5660,24,0.368222,0.01,0.01,0.15184,0.459938,0.055751,0.944249,0.121702,0.116536
5661,30,0.367985,0.009999,0.010289,0.151827,0.459899,0.055881,0.944119,0.13626,0.135314
5662,30,0.367995,0.010004,0.010004,0.151894,0.460102,0.055436,0.944564,0.123751,0.126003
5663,24,0.368294,0.009992,0.009992,0.151773,0.459949,0.055354,0.944646,0.108232,0.108411
5664,24,0.368744,0.009993,0.009993,0.151661,0.45961,0.055211,0.944789,0.111058,0.111591
5665,24,0.368386,0.010166,0.010003,0.151704,0.459741,0.054451,0.945549,0.134312,0.138278
5666,26,0.368483,0.009998,0.009998,0.151674,0.459847,0.054675,0.945325,0.110969,0.10956
5667,24,0.368852,0.009994,0.009994,0.151584,0.459575,0.054566,0.945434,0.113627,0.113989
5668,26,0.368848,0.01,0.01,0.151583,0.45957,0.054661,0.945339,0.116646,0.115925
5669,24,0.368768,0.009998,0.009998,0.15155,0.459686,0.05549,0.94451,0.11776,0.112933
5670,30,0.368783,0.009997,0.009997,0.1515,0.459724,0.055519,0.944481,0.108549,0.108148
5671,30,0.368794,0.009994,0.009994,0.151416,0.459801,0.055454,0.944546,0.100243,0.100366
5672,34,0.369038,0.009996,0.009996,0.151355,0.459615,0.055696,0.944304,0.109232,0.107653
5673,30,0.369035,0.01,0.01,0.151354,0.459611,0.055506,0.944494,0.11958,0.12038
5674,24,0.369258,0.009996,0.010024,0.151294,0.459428,0.056144,0.943856,0.117184,0.113409
5675,26,0.36913,0.010002,0.010002,0.151329,0.459536,0.055643,0.944357,0.128139,0.130748
5676,24,0.368839,0.010005,0.010005,0.1514,0.459751,0.055349,0.944651,0.128165,0.129504
5677,26,0.368966,0.009998,0.009998,0.151372,0.459666,0.054743,0.945257,0.118343,0.121476
5678,24,0.368492,0.010461,0.010026,0.151368,0.459653,0.053935,0.946065,0.134261,0.138466
5679,38,0.368256,0.010281,0.010833,0.151271,0.459359,0.054298,0.945702,0.129198,0.127049
5680,36,0.36834,0.010006,0.01048,0.151369,0.459804,0.054694,0.945306,0.120182,0.117801
5681,24,0.368226,0.01001,0.01001,0.151513,0.460242,0.054289,0.945711,0.128176,0.130174
5682,36,0.368037,0.009999,0.009999,0.151499,0.460466,0.054365,0.945635,0.120497,0.119873
5683,26,0.367829,0.01,0.01,0.151501,0.46067,0.054044,0.945956,0.120809,0.122359
5684,26,0.367409,0.010007,0.010007,0.151601,0.460976,0.053334,0.946666,0.134335,0.137968
5685,26,0.366921,0.010005,0.010005,0.151674,0.461395,0.052613,0.947387,0.130673,0.134312
5686,24,0.367147,0.009996,0.010029,0.151614,0.461214,0.052781,0.947219,0.117225,0.11614
5687,24,0.36739,0.009997,0.009997,0.151562,0.461055,0.052739,0.947261,0.117343,0.117364
5688,26,0.367201,0.010091,0.010048,0.151572,0.461086,0.05236,0.94764,0.124241,0.126054
5689,36,0.367612,0.009993,0.009993,0.151472,0.460929,0.052544,0.947456,0.099041,0.097817
5690,24,0.36792,0.009995,0.009995,0.151395,0.460695,0.052005,0.947995,0.119759,0.122368
5691,24,0.36815,0.009996,0.009996,0.151338,0.46052,0.052263,0.947737,0.117395,0.115872
5692,32,0.368542,0.009994,0.009994,0.151242,0.460228,0.053085,0.946915,0.092987,0.088487
5693,38,0.368605,0.00999,0.00999,0.151094,0.46032,0.053637,0.946363,0.102079,0.098944
5694,30,0.368597,0.01,0.01,0.151092,0.460311,0.053995,0.946005,0.126311,0.124156
5695,30,0.368683,0.009999,0.009999,0.151071,0.460249,0.053514,0.946486,0.128302,0.130624
5696,26,0.368401,0.009998,0.009998,0.151043,0.46056,0.0534,0.9466,0.12098,0.121394
5697,24,0.368175,0.010004,0.010004,0.151096,0.460722,0.053278,0.946722,0.126275,0.126728
5698,24,0.367597,0.010198,0.010576,0.151049,0.460579,0.053158,0.946842,0.134262,0.134695
5699,30,0.367813,0.010006,0.010006,0.151138,0.461038,0.053542,0.946458,0.11629,0.11402
5700,24,0.368051,0.009996,0.009996,0.151084,0.460873,0.05472,0.94528,0.111122,0.104528
5701,24,0.368199,0.009998,0.009998,0.151047,0.46076,0.054041,0.945959,0.114736,0.1182
5702,32,0.367851,0.01,0.01,0.151047,0.461102,0.053935,0.946065,0.124861,0.125219
5703,32,0.367801,0.009994,0.010447,0.15095,0.460808,0.054166,0.945834,0.114766,0.113299
5704,30,0.367868,0.009997,0.010552,0.150907,0.460676,0.054989,0.945011,0.116536,0.11185
5705,32,0.367502,0.010247,0.010399,0.150899,0.460953,0.05464,0.94536,0.132991,0.134695
5706,32,0.367803,0.010003,0.010003,0.150939,0.461252,0.054973,0.945027,0.105075,0.103029
5707,24,0.367401,0.010304,0.010002,0.150965,0.461329,0.054519,0.945481,0.128041,0.130317
5708,24,0.367502,0.01,0.01,0.150962,0.461536,0.054376,0.945624,0.117934,0.118482
5709,32,0.367502,0.01,0.01,0.150962,0.461536,0.054008,0.945992,0.125344,0.127104
5710,26,0.367429,0.010001,0.010001,0.150979,0.461589,0.053634,0.946366,0.123585,0.125387
5711,26,0.367295,0.010002,0.010002,0.151012,0.461689,0.053289,0.946711,0.124362,0.126027
5712,24,0.367207,0.010001,0.010037,0.151025,0.46173,0.052535,0.947465,0.125046,0.128844
5713,26,0.367013,0.010001,0.010001,0.151033,0.461953,0.052643,0.947357,0.12457,0.123812
5714,32,0.366656,0.010001,0.010001,0.151045,0.462298,0.052398,0.947602,0.115132,0.116221
5715,36,0.366852,0.009994,0.009994,0.150961,0.462199,0.052608,0.947392,0.114512,0.113211
5716,32,0.366791,0.009996,0.010294,0.150902,0.462017,0.052524,0.947476,0.121471,0.121728
5717,24,0.366709,0.010133,0.010375,0.150868,0.461915,0.051987,0.948013,0.121552,0.124153
5718,36,0.366406,0.009996,0.011065,0.150807,0.461727,0.052286,0.947714,0.130309,0.128589
5719,26,0.366587,0.010011,0.010011,0.150969,0.462423,0.05195,0.94805,0.11884,0.120406
5720,30,0.366297,0.010002,0.010002,0.151002,0.462696,0.052157,0.947843,0.119927,0.11867
5721,32,0.365968,0.010001,0.010001,0.15101,0.463021,0.052638,0.947362,0.11917,0.116459
5722,30,0.365733,0.010004,0.010004,0.151066,0.463193,0.052378,0.947622,0.129721,0.13086
5723,32,0.366107,0.009994,0.009994,0.150979,0.462925,0.052751,0.947249,0.108718,0.106517
5724,24,0.365572,0.010647,0.009998,0.150949,0.462834,0.051747,0.948253,0.134263,0.139329
5725,24,0.365357,0.010007,0.010007,0.151052,0.463578,0.05139,0.94861,0.120356,0.122013
5726,30,0.36526,0.010002,0.010002,0.151078,0.463658,0.052142,0.947858,0.12202,0.117926
5727,24,0.365128,0.010002,0.010017,0.151107,0.463746,0.051494,0.948506,0.124504,0.127666
5728,24,0.365582,0.009993,0.009993,0.151003,0.463429,0.051074,0.948926,0.110351,0.112297
5729,30,0.365694,0.009998,0.009998,0.150973,0.463337,0.051672,0.948328,0.100956,0.097675
5730,24,0.365692,0.01,0.01,0.150973,0.463335,0.0513,0.9487,0.123816,0.125564
5731,24,0.365849,0.009994,0.009994,0.150884,0.463279,0.051558,0.948442,0.113372,0.111847
5732,32,0.365821,0.01,0.01,0.150888,0.463291,0.052002,0.947998,0.109837,0.107363
5733,26,0.366033,0.009997,0.009997,0.150838,0.463136,0.051332,0.948668,0.117471,0.120743
5734,24,0.365737,0.010005,0.010005,0.150907,0.463347,0.050767,0.949233,0.128241,0.130975
5735,24,0.36574,0.01,0.01,0.150908,0.463351,0.051098,0.948902,0.121774,0.119916
5736,30,0.365738,0.009996,0.01024,0.150851,0.463176,0.051612,0.948388,0.118306,0.115479
5737,24,0.36553,0.010007,0.010007,0.150956,0.4635,0.05111,0.94889,0.128129,0.130533
5738,24,0.365245,0.009999,0.010365,0.15094,0.463451,0.050344,0.949656,0.130719,0.134443
5739,30,0.36539,0.009997,0.010076,0.150895,0.463642,0.050791,0.949209,0.106682,0.104224
5740,36,0.365573,0.009996,0.009996,0.150834,0.463602,0.050967,0.949033,0.11007,0.108952
5741,30,0.365686,0.009995,0.010192,0.150758,0.463369,0.051313,0.948687,0.126019,0.124095
5742,24,0.36591,0.009996,0.009996,0.150698,0.4634,0.05128,0.94872,0.113382,0.113342
5743,24,0.365614,0.010005,0.010005,0.150767,0.463611,0.050597,0.949403,0.126113,0.129425
5744,26,0.365617,0.01,0.01,0.150768,0.463615,0.050267,0.949733,0.120425,0.121925
5745,34,0.365525,0.010001,0.010001,0.15079,0.463682,0.050133,0.949867,0.124542,0.125036
5746,26,0.365738,0.009997,0.009997,0.15074,0.463529,0.05,0.95,0.113623,0.115071
5747,24,0.365672,0.010001,0.010001,0.150754,0.463572,0.05,0.95,0.123143,0.125664
5748,32,0.36566,0.009997,0.009997,0.150716,0.46363,0.050696,0.949304,0.106857,0.10321
5749,24,0.365678,0.01,0.01,0.15071,0.463613,0.050056,0.949944,0.115937,0.11895
5750,32,0.364884,0.011113,0.011015,0.150383,0.462606,0.050098,0.949902,0.135913,0.135524
5751,24,0.365298,0.010041,0.010027,0.150786,0.463848,0.05,0.95,0.129691,0.131052
5752,26,0.36525,0.009999,0.009999,0.150767,0.463985,0.05,0.95,0.116781,0.118312
5753,26,0.365041,0.01,0.01,0.150769,0.46419,0.05,0.95,0.124497,0.12465
5754,30,0.36494,0.010002,0.010002,0.150793,0.464264,0.050001,0.949999,0.115362,0.115163
5755,24,0.364941,0.01,0.01,0.150793,0.464266,0.050821,0.949179,0.121583,0.117242
5756,32,0.365117,0.009997,0.009997,0.150752,0.464137,0.05049,0.94951,0.121995,0.123494
5757,24,0.36535,0.009996,0.009996,0.150695,0.463963,0.050515,0.949485,0.117362,0.117068
5758,24,0.365272,0.010001,0.010001,0.150712,0.464014,0.05,0.95,0.116889,0.119908
5759,38,0.364793,0.009991,0.010788,0.150575,0.463854,0.050352,0.949648,0.123059,0.121125
5760,24,0.365019,0.010005,0.010005,0.150655,0.464316,0.05,0.95,0.112108,0.115339
5761,32,0.365199,0.009997,0.009997,0.150615,0.464192,0.05,0.95,0.112845,0.113161
5762,30,0.364899,0.010002,0.010002,0.150644,0.464453,0.050362,0.949638,0.12008,0.118091
5763,26,0.364901,0.01,0.01,0.150644,0.464455,0.05,0.95,0.1261,0.128328
5764,26,0.364856,0.009999,0.010121,0.150626,0.464399,0.050119,0.949881,0.126095,0.125335
5765,24,0.365118,0.009998,0.009998,0.150592,0.464294,0.050133,0.949867,0.112429,0.112136
5766,24,0.364822,0.010005,0.010005,0.150661,0.464507,0.05,0.95,0.128153,0.131446
5767,24,0.364531,0.010005,0.010005,0.150732,0.464727,0.05,0.95,0.128135,0.12993
5768,24,0.364535,0.01,0.01,0.150734,0.464731,0.051248,0.948752,0.113459,0.10696
5769,24,0.364233,0.010026,0.010004,0.1508,0.464937,0.050576,0.949424,0.13432,0.137584
5770,32,0.364883,0.00999,0.00999,0.150653,0.464483,0.050589,0.949411,0.089905,0.089663
5771,26,0.364926,0.009999,0.009999,0.150639,0.464437,0.050787,0.949213,0.115957,0.114796
5772,26,0.364504,0.010007,0.010007,0.150738,0.464745,0.050269,0.949731,0.128592,0.131053
5773,32,0.364397,0.009999,0.009999,0.150725,0.46488,0.050166,0.949834,0.123226,0.12356
5774,26,0.364387,0.01,0.01,0.150727,0.464886,0.05,0.95,0.124846,0.126703
5775,24,0.363716,0.011001,0.010023,0.15064,0.464619,0.05,0.95,0.134188,0.138006
5776,24,0.363722,0.010397,0.01001,0.15079,0.465081,0.05,0.95,0.126286,0.12806
5777,30,0.364291,0.009992,0.009992,0.150673,0.465052,0.050766,0.949234,0.096255,0.092252
5778,24,0.36398,0.010033,0.010004,0.150736,0.465247,0.05,0.95,0.134317,0.138234
5779,30,0.364157,0.009998,0.009998,0.150703,0.465144,0.050567,0.949433,0.116231,0.113224
5780,30,0.364273,0.009998,0.009998,0.150675,0.465057,0.050212,0.949788,0.119189,0.120777
5781,26,0.364271,0.01,0.01,0.150674,0.465055,0.05033,0.94967,0.116576,0.115817
5782,24,0.364409,0.009998,0.009998,0.150641,0.464954,0.050139,0.949861,0.126252,0.127012
5783,24,0.364428,0.01,0.01,0.150636,0.464937,0.05,0.95,0.124214,0.12685
5784,36,0.364464,0.009995,0.009995,0.150564,0.464982,0.050007,0.949993,0.110868,0.110616
5785,36,0.364309,0.01,0.01,0.150564,0.465128,0.050548,0.949452,0.124394,0.121474
5786,24,0.364329,0.01,0.01,0.150559,0.465113,0.05,0.95,0.115909,0.118769
5787,24,0.364564,0.009996,0.009996,0.150503,0.46494,0.051186,0.948814,0.111156,0.104979
5788,24,0.364562,0.01,0.01,0.150502,0.464937,0.052433,0.947567,0.115515,0.108852
5789,26,0.364518,0.009993,0.010454,0.150403,0.464631,0.051969,0.948031,0.118215,0.120441
5790,30,0.363987,0.009996,0.011255,0.150336,0.464426,0.052364,0.947636,0.129602,0.127339
5791,24,0.364374,0.01,0.010834,0.150343,0.464448,0.05307,0.94693,0.117313,0.113395
5792,30,0.364883,0.010002,0.010176,0.15038,0.46456,0.05307,0.94693,0.117078,0.116881
5793,30,0.364541,0.010003,0.010003,0.150424,0.465029,0.052713,0.947287,0.120396,0.122099
5794,26,0.364928,0.009991,0.009991,0.150287,0.464803,0.052764,0.947236,0.100361,0.099879
5795,30,0.36438,0.010625,0.01114,0.149985,0.46387,0.052777,0.947223,0.129041,0.128772
5796,26,0.36487,0.010019,0.010068,0.150275,0.464767,0.052136,0.947864,0.128255,0.131443
5797,36,0.365011,0.009997,0.009997,0.150226,0.46477,0.052166,0.947834,0.115729,0.115392
5798,24,0.364543,0.010082,0.010003,0.150265,0.465107,0.051426,0.948574,0.131817,0.135474
5799,38,0.36432,0.01044,0.009998,0.150233,0.465009,0.051515,0.948485,0.124033,0.123393
5800,24,0.364107,0.010007,0.010007,0.150336,0.465543,0.05137,0.94863,0.122118,0.122639
5801,30,0.364067,0.010209,0.010155,0.150261,0.465309,0.051713,0.948287,0.129117,0.127126
5802,24,0.363905,0.010008,0.010008,0.150385,0.465694,0.051054,0.948946,0.128153,0.131368
5803,32,0.363962,0.009999,0.009999,0.150375,0.465664,0.052047,0.947953,0.109902,0.104649
5804,32,0.364262,0.009995,0.009995,0.150304,0.465443,0.051935,0.948065,0.105707,0.106034
5805,24,0.363964,0.010005,0.010005,0.150372,0.465654,0.051318,0.948682,0.128079,0.131076
5806,32,0.36408,0.009996,0.009996,0.150306,0.465623,0.05151,0.94849,0.118858,0.117692
5807,24,0.364077,0.01,0.01,0.150304,0.465619,0.050985,0.949015,0.12379,0.126274
5808,24,0.36364,0.010003,0.010003,0.150357,0.465996,0.050764,0.949236,0.123636,0.124593
5809,26,0.363435,0.01,0.01,0.15036,0.466205,0.050699,0.949301,0.124563,0.124728
5810,24,0.363075,0.010183,0.010003,0.150402,0.466337,0.050037,0.949963,0.125999,0.129151
5811,24,0.363064,0.01,0.01,0.150398,0.466538,0.050046,0.949954,0.117838,0.117617
5812,32,0.363241,0.009997,0.009997,0.150356,0.466408,0.05,0.95,0.117367,0.118703
5813,24,0.363239,0.01,0.01,0.150355,0.466406,0.05,0.95,0.123852,0.126373
5814,26,0.363006,0.010001,0.010001,0.150364,0.466629,0.05,0.95,0.1208,0.124079
5815,32,0.363047,0.009994,0.009994,0.150281,0.466683,0.050265,0.949735,0.108533,0.10703
5816,26,0.363257,0.009997,0.009997,0.150229,0.466521,0.05,0.95,0.117479,0.119498
5817,26,0.363046,0.01,0.01,0.15023,0.466724,0.05,0.95,0.120781,0.123094
5818,24,0.362673,0.010002,0.010002,0.150268,0.467054,0.05,0.95,0.130371,0.134054
5819,24,0.362834,0.009998,0.009998,0.150231,0.46694,0.05,0.95,0.112349,0.114091
5820,36,0.363265,0.009993,0.009993,0.150128,0.466621,0.050823,0.949177,0.099333,0.095043
5821,30,0.362916,0.01022,0.010013,0.150153,0.466699,0.050427,0.949573,0.139709,0.141534
5822,24,0.362549,0.010003,0.010003,0.150193,0.467252,0.05,0.95,0.120328,0.123317
5823,24,0.362409,0.010388,0.009996,0.150135,0.467071,0.05,0.95,0.123627,0.126969
5824,24,0.362548,0.010004,0.010004,0.150193,0.467251,0.05,0.95,0.123827,0.127157
5825,24,0.362787,0.009996,0.009996,0.150138,0.467082,0.050126,0.949874,0.117339,0.116517
5826,24,0.362938,0.009998,0.009998,0.150101,0.466966,0.05,0.95,0.114745,0.117647
5827,24,0.362958,0.01,0.01,0.150095,0.466948,0.05,0.95,0.124189,0.124548
5828,38,0.36324,0.009991,0.009991,0.149963,0.466815,0.050263,0.949737,0.099351,0.0978
5829,30,0.36321,0.009997,0.009997,0.149921,0.466874,0.050717,0.949283,0.1161,0.11362
5830,36,0.363051,0.009998,0.009998,0.149895,0.467058,0.050881,0.949119,0.116382,0.115377
5831,26,0.362628,0.010007,0.010007,0.149994,0.467366,0.050035,0.949965,0.134287,0.13841
5832,24,0.362505,0.010002,0.010002,0.150026,0.467465,0.05,0.95,0.126734,0.129091
5833,26,0.362298,0.01,0.01,0.150029,0.467673,0.05,0.95,0.124573,0.127867
5834,30,0.361932,0.01,0.01,0.15003,0.468038,0.05,0.95,0.133117,0.13304
5835,32,0.362293,0.009994,0.009994,0.149945,0.467773,0.050391,0.949609,0.114537,0.112419
5836,24,0.362817,0.009989,0.010176,0.149776,0.467243,0.05014,0.94986,0.101636,0.102675
5837,24,0.362953,0.009997,0.009997,0.149732,0.467321,0.05,0.95,0.110837,0.111776
5838,36,0.363202,0.009996,0.010007,0.149669,0.467126,0.050114,0.949886,0.109062,0.108299
5839,24,0.362899,0.010001,0.010001,0.149691,0.467407,0.05,0.95,0.122422,0.124253
5840,36,0.363333,0.009993,0.009993,0.14959,0.467091,0.050424,0.949576,0.099361,0.097051
5841,36,0.363681,0.009994,0.009994,0.149504,0.466826,0.050327,0.949673,0.109011,0.109315
5842,30,0.364113,0.009993,0.009993,0.1494,0.466501,0.050821,0.949179,0.102586,0.099889
5843,36,0.364107,0.01,0.01,0.149398,0.466494,0.051327,0.948673,0.113794,0.111051
5844,30,0.364194,0.009999,0.009999,0.149378,0.466431,0.051108,0.948892,0.11858,0.119506
5845,24,0.36382,0.010002,0.010002,0.149415,0.46676,0.050622,0.949378,0.122099,0.124383
5846,26,0.363429,0.010649,0.010049,0.149342,0.466532,0.050565,0.949435,0.128017,0.128132
5847,24,0.363701,0.010013,0.010007,0.14944,0.466839,0.050291,0.949709,0.124225,0.125392
5848,26,0.363572,0.010002,0.010002,0.149475,0.466948,0.05,0.95,0.122536,0.123938
5849,24,0.363279,0.010005,0.010005,0.149545,0.467167,0.05,0.95,0.13431,0.137585
5850,32,0.363235,0.010001,0.010001,0.149557,0.467206,0.050683,0.949317,0.117024,0.113432
5851,24,0.362862,0.010003,0.010003,0.149595,0.467538,0.050004,0.949996,0.130441,0.133704
5852,30,0.36256,0.010002,0.010002,0.149623,0.467813,0.05,0.95,0.126306,0.127407
5853,36,0.36264,0.009999,0.009999,0.149605,0.467757,0.050519,0.949481,0.112275,0.109514
5854,26,0.362631,0.01,0.01,0.149607,0.467762,0.050104,0.949896,0.124908,0.12684
5855,30,0.362529,0.010002,0.010002,0.149631,0.467838,0.050762,0.949238,0.122047,0.118529
5856,24,0.362235,0.010005,0.010005,0.1497,0.468056,0.05012,0.94988,0.128234,0.131309
5857,24,0.361865,0.010003,0.010003,0.149739,0.468391,0.05,0.95,0.124257,0.12713
5858,24,0.362087,0.009997,0.009997,0.149688,0.468232,0.05,0.95,0.112578,0.115063
5859,36,0.362008,0.009999,0.009999,0.14967,0.468324,0.050437,0.949563,0.128263,0.125879
5860,24,0.362244,0.009996,0.009996,0.149615,0.468149,0.051267,0.948733,0.117347,0.112902
5861,30,0.361817,0.010427,0.011036,0.149362,0.467358,0.051178,0.948822,0.129075,0.129352
5862,26,0.362175,0.010016,0.010115,0.149598,0.468096,0.050765,0.949235,0.128228,0.13017
5863,32,0.362015,0.010105,0.010003,0.149642,0.468235,0.050743,0.949257,0.129526,0.129448
5864,24,0.361681,0.010004,0.010004,0.149695,0.468617,0.050029,0.949971,0.124252,0.127651
5865,24,0.361666,0.009994,0.009994,0.1496,0.468746,0.05,0.95,0.118374,0.118864
5866,36,0.361893,0.009996,0.009996,0.149544,0.46857,0.05,0.95,0.106429,0.108813
5867,26,0.362204,0.009995,0.009995,0.149469,0.468337,0.05011,0.94989,0.114324,0.113601
5868,24,0.361905,0.010005,0.010005,0.149537,0.468549,0.05,0.95,0.134376,0.136226
5869,24,0.361889,0.009997,0.009997,0.149493,0.468625,0.05,0.95,0.111724,0.113605
5870,24,0.362054,0.009994,0.010184,0.149408,0.468359,0.050772,0.949228,0.11723,0.113142
5871,24,0.362355,0.009998,0.009998,0.149379,0.468269,0.051507,0.948493,0.117323,0.113382
5872,32,0.362467,0.009995,0.009995,0.149311,0.468231,0.051396,0.948604,0.109621,0.11002
5873,24,0.361963,0.010351,0.009999,0.149294,0.468393,0.050693,0.949307,0.130299,0.133712
5874,28,0.361824,0.010008,0.010008,0.149408,0.468752,0.050414,0.949586,0.12333,0.124594
5875,26,0.362453,0.00999,0.00999,0.149265,0.468301,0.05,0.95,0.101661,0.103941
5876,30,0.362635,0.009997,0.009997,0.149218,0.468154,0.05,0.95,0.116109,0.117109
5877,24,0.362633,0.01,0.01,0.149217,0.468151,0.050913,0.949087,0.121677,0.116851
5878,30,0.363247,0.00999,0.00999,0.149073,0.467699,0.050387,0.949613,0.097593,0.100007
5879,30,0.363237,0.009995,0.009995,0.148993,0.46778,0.050442,0.949558,0.103203,0.10276
5880,30,0.362977,0.010061,0.010003,0.149038,0.467922,0.050322,0.949678,0.139629,0.140031
5881,32,0.363177,0.009998,0.009998,0.149006,0.467821,0.050726,0.949274,0.10663,0.104442
5882,32,0.362771,0.010502,0.009998,0.148982,0.467746,0.050597,0.949403,0.123817,0.124294
5883,24,0.362474,0.010296,0.010005,0.14905,0.468175,0.050238,0.949762,0.13035,0.131968
5884,32,0.362363,0.010208,0.010003,0.149099,0.468328,0.050383,0.949617,0.129472,0.128558
5885,24,0.362593,0.01,0.01,0.149094,0.468313,0.05,0.95,0.114863,0.117136
5886,24,0.362829,0.009996,0.009996,0.149039,0.468139,0.050831,0.949169,0.117318,0.112916
5887,32,0.362755,0.010001,0.010001,0.149055,0.468189,0.050987,0.949013,0.12635,0.125376
5888,24,0.363126,0.009991,0.009991,0.148918,0.467974,0.050321,0.949679,0.106469,0.10963
5889,24,0.363141,0.009999,0.009999,0.148911,0.46795,0.05,0.95,0.1242,0.127193
5890,38,0.362961,0.010003,0.010003,0.148952,0.468081,0.05,0.95,0.126827,0.127806
5891,30,0.362843,0.009997,0.009997,0.148904,0.46826,0.050882,0.949118,0.110153,0.105545
5892,30,0.36284,0.01,0.01,0.148903,0.468257,0.0509,0.9491,0.129583,0.129283
5893,24,0.363076,0.009996,0.009996,0.148848,0.468084,0.051101,0.948899,0.117418,0.116225
5894,24,0.362779,0.010005,0.010005,0.148915,0.468297,0.050389,0.949611,0.126095,0.129539
5895,24,0.362936,0.009998,0.009998,0.148881,0.468188,0.05,0.95,0.114679,0.117553
5896,24,0.363092,0.009994,0.009994,0.148793,0.468127,0.050755,0.949245,0.113365,0.109348
5897,24,0.363639,0.009991,0.009991,0.148663,0.467716,0.050886,0.949114,0.107288,0.106418
5898,30,0.363505,0.010002,0.010002,0.14869,0.467801,0.051104,0.948896,0.122112,0.1208
5899,24,0.363955,0.009993,0.009993,0.148586,0.467474,0.050742,0.949258,0.110394,0.11203
5900,36,0.363712,0.009999,0.009999,0.148577,0.467712,0.051017,0.948983,0.116587,0.114986
5901,30,0.363609,0.010279,0.009997,0.148535,0.46758,0.050931,0.949069,0.129425,0.129646
5902,24,0.362643,0.011252,0.010844,0.148329,0.466932,0.050757,0.949243,0.134145,0.134828
5903,24,0.362167,0.011176,0.011419,0.148323,0.466915,0.050581,0.949419,0.134241,0.134947
5904,24,0.363027,0.010087,0.010381,0.148577,0.467928,0.050437,0.949563,0.110855,0.111371
5905,32,0.363149,0.010005,0.010005,0.148658,0.468182,0.050963,0.949037,0.126423,0.12357
5906,30,0.362972,0.009987,0.011005,0.148464,0.467572,0.051929,0.948071,0.115966,0.110841
5907,32,0.363272,0.010008,0.010008,0.148587,0.468124,0.051753,0.948247,0.124754,0.125485
5908,24,0.363569,0.009996,0.009996,0.148521,0.467918,0.051343,0.948657,0.111158,0.113057
5909,30,0.36333,0.010004,0.010004,0.148575,0.468087,0.051125,0.948875,0.139705,0.14063
5910,30,0.36301,0.010002,0.010002,0.148611,0.468374,0.050915,0.949085,0.120126,0.120997
5911,24,0.362716,0.010005,0.010005,0.148681,0.468593,0.050069,0.949931,0.134362,0.138461
5912,30,0.363333,0.00999,0.00999,0.148539,0.468147,0.050098,0.949902,0.098551,0.098221
5913,24,0.363479,0.009997,0.009997,0.148501,0.468025,0.05,0.95,0.114713,0.116421
5914,24,0.362955,0.01041,0.009998,0.148476,0.468161,0.05,0.95,0.130334,0.135452
5915,30,0.363136,0.010004,0.010004,0.148529,0.468328,0.050212,0.949788,0.120635,0.119381
5916,24,0.362913,0.010004,0.010004,0.148582,0.468498,0.050094,0.949906,0.12625,0.126673
5917,24,0.362774,0.009999,0.009999,0.148567,0.468662,0.05,0.95,0.127477,0.131083
5918,32,0.362819,0.009999,0.010016,0.148552,0.468615,0.050949,0.949051,0.109878,0.104964
5919,26,0.362329,0.010005,0.010005,0.148623,0.469039,0.05039,0.94961,0.125095,0.12776
5920,30,0.362511,0.009992,0.009992,0.148506,0.468999,0.051204,0.948796,0.10369,0.099387
5921,36,0.362584,0.009999,0.009999,0.148485,0.468934,0.051708,0.948292,0.112358,0.109611
5922,24,0.362742,0.009994,0.009994,0.148398,0.468872,0.052815,0.947185,0.107196,0.101216
5923,24,0.362584,0.010322,0.010147,0.14832,0.468627,0.052239,0.947761,0.124119,0.126938
5924,38,0.362828,0.009995,0.009995,0.148247,0.468935,0.05291,0.94709,0.102054,0.098365
5925,30,0.363196,0.009989,0.009989,0.148082,0.468744,0.05306,0.94694,0.096382,0.09536
5926,24,0.363407,0.009996,0.009996,0.148027,0.468573,0.052289,0.947711,0.120673,0.124526
5927,30,0.363522,0.009998,0.009998,0.147999,0.468483,0.052648,0.947352,0.11266,0.110571
5928,26,0.363649,0.009998,0.009998,0.147969,0.468387,0.051977,0.948023,0.12276,0.126108
5929,24,0.363584,0.010001,0.010001,0.147983,0.468432,0.051547,0.948453,0.125086,0.12712
5930,24,0.363828,0.01019,0.009993,0.147881,0.468108,0.050878,0.949122,0.119715,0.122938
5931,30,0.363659,0.010006,0.010006,0.147963,0.468368,0.050863,0.949137,0.129843,0.129721
5932,32,0.363783,0.01015,0.009996,0.1479,0.468171,0.050601,0.949399,0.12194,0.123104
5933,24,0.364387,0.009993,0.009993,0.147794,0.467834,0.050535,0.949465,0.107284,0.10741
5934,30,0.364294,0.009999,0.009999,0.147772,0.467937,0.050354,0.949646,0.116627,0.117333
5935,26,0.363996,0.010438,0.009998,0.147738,0.467829,0.05,0.95,0.128063,0.131212
5936,24,0.363768,0.010307,0.010798,0.147633,0.467494,0.05,0.95,0.124078,0.124562
5937,26,0.36444,0.010003,0.010224,0.147682,0.467651,0.05,0.95,0.115462,0.118897
5938,30,0.364511,0.009997,0.01033,0.147641,0.467521,0.050591,0.949409,0.116549,0.113401
5939,24,0.364788,0.009997,0.009997,0.147603,0.467615,0.050946,0.949054,0.113344,0.111372
5940,36,0.364823,0.009999,0.009999,0.147593,0.467585,0.051073,0.948927,0.117138,0.116307
5941,32,0.364874,0.009999,0.009999,0.147581,0.467546,0.052198,0.947802,0.110047,0.104084
5942,36,0.364952,0.009999,0.009999,0.147563,0.467488,0.0527,0.9473,0.112275,0.109467
5943,36,0.365205,0.009996,0.009996,0.147503,0.4673,0.052642,0.947358,0.1174,0.117522
5944,24,0.364908,0.010005,0.010005,0.147571,0.467512,0.052155,0.947845,0.128209,0.130598
5945,28,0.364911,0.01,0.01,0.147572,0.467517,0.052353,0.947647,0.117593,0.116374
5946,26,0.364884,0.01,0.010051,0.147566,0.467499,0.051905,0.948095,0.124758,0.126919
5947,32,0.365079,0.009998,0.009998,0.147533,0.467393,0.052253,0.947747,0.117319,0.115327
5948,24,0.365234,0.009994,0.009994,0.147446,0.467332,0.05242,0.94758,0.113455,0.112389
5949,24,0.365161,0.010186,0.009998,0.147416,0.467238,0.052152,0.947848,0.129865,0.131046
5950,32,0.365278,0.010001,0.010001,0.147432,0.467288,0.052284,0.947716,0.116224,0.115291
5951,26,0.364998,0.009998,0.009998,0.147406,0.4676,0.051948,0.948052,0.115255,0.116823
5952,32,0.364418,0.010193,0.010775,0.147312,0.467302,0.05197,0.94803,0.13936,0.139069
5953,32,0.364662,0.010007,0.010007,0.14741,0.467915,0.051857,0.948143,0.115853,0.116258
5954,26,0.364717,0.009999,0.009999,0.1474,0.467884,0.051352,0.948648,0.114902,0.117319
5955,24,0.365089,0.009994,0.009994,0.147314,0.467609,0.052349,0.947651,0.105327,0.099983
5956,24,0.364857,0.009994,0.010618,0.14722,0.467312,0.053271,0.946729,0.121567,0.116491
5957,30,0.364877,0.010004,0.010004,0.14728,0.467834,0.053348,0.946652,0.11249,0.111839
5958,24,0.364508,0.010003,0.010003,0.147318,0.468169,0.052914,0.947086,0.122139,0.124248
5959,24,0.364137,0.010003,0.010003,0.147355,0.468503,0.052502,0.947498,0.124144,0.126116
5960,30,0.364438,0.009991,0.010289,0.147218,0.468065,0.051908,0.948092,0.102686,0.105555
5961,38,0.364875,0.009995,0.009995,0.147147,0.467988,0.051696,0.948304,0.110239,0.111157
5962,32,0.364454,0.009999,0.009999,0.147132,0.468416,0.051564,0.948436,0.128374,0.128855
5963,24,0.364395,0.009998,0.009998,0.147095,0.468515,0.050622,0.949378,0.120273,0.124881
5964,26,0.364607,0.009997,0.009997,0.147045,0.468355,0.05019,0.94981,0.117502,0.119496
5965,24,0.364165,0.010185,0.010001,0.147054,0.468596,0.05,0.95,0.130331,0.131695
5966,24,0.364232,0.010002,0.010002,0.147081,0.468683,0.050914,0.949086,0.121698,0.116871
5967,24,0.364826,0.009991,0.009991,0.146944,0.468248,0.050533,0.949467,0.10166,0.103367
5968,24,0.36484,0.009999,0.009999,0.146937,0.468225,0.05,0.95,0.124187,0.12725
5969,36,0.364687,0.01,0.01,0.146938,0.468375,0.050071,0.949929,0.121542,0.120996
5970,30,0.364289,0.009998,0.009998,0.146914,0.468801,0.05,0.95,0.117014,0.117301
5971,26,0.364152,0.010002,0.010002,0.146945,0.468899,0.05,0.95,0.122451,0.123691
5972,32,0.36433,0.009997,0.009997,0.146904,0.468771,0.05029,0.94971,0.117423,0.115811
5973,24,0.363955,0.010002,0.010002,0.14694,0.4691,0.05,0.95,0.122126,0.125563
5974,24,0.364633,0.009989,0.009989,0.146785,0.468603,0.050588,0.949412,0.104249,0.101119
5975,30,0.364575,0.010001,0.010001,0.146793,0.468631,0.050606,0.949394,0.113127,0.112833
5976,30,0.364433,0.009988,0.010895,0.146617,0.468068,0.051446,0.948554,0.115951,0.111526
5977,24,0.36446,0.010013,0.010013,0.146814,0.468698,0.051083,0.948917,0.128112,0.129792
5978,30,0.364368,0.010002,0.010002,0.146842,0.468786,0.051564,0.948436,0.121965,0.119291
5979,24,0.364075,0.010005,0.010005,0.14691,0.469005,0.051202,0.948798,0.128095,0.129785
5980,24,0.364216,0.009998,0.009998,0.14688,0.468908,0.052261,0.947739,0.109728,0.104065
5981,26,0.364079,0.010002,0.010002,0.146911,0.469006,0.051579,0.948421,0.128181,0.131567
5982,26,0.364341,0.009996,0.009996,0.146851,0.468816,0.051081,0.948919,0.112474,0.114837
5983,26,0.364202,0.010002,0.010002,0.146881,0.468912,0.050554,0.949446,0.124343,0.126861
5984,30,0.364294,0.009999,0.009999,0.146861,0.468847,0.051112,0.948888,0.119255,0.116219
5985,26,0.364255,0.010001,0.010001,0.14687,0.468874,0.050545,0.949455,0.115695,0.118383
5986,26,0.364364,0.009998,0.009998,0.146845,0.468795,0.050583,0.949417,0.114621,0.114255
5987,30,0.364617,0.009996,0.009996,0.146785,0.468606,0.051082,0.948918,0.116004,0.113283
5988,26,0.364347,0.010001,0.010001,0.1468,0.468851,0.050626,0.949374,0.125912,0.128083
5989,30,0.364245,0.010002,0.010002,0.146824,0.468927,0.050754,0.949246,0.121898,0.121037
5990,30,0.364258,0.01,0.01,0.146822,0.468921,0.050872,0.949128,0.126148,0.125324
5991,32,0.36421,0.010001,0.010001,0.146833,0.468956,0.051572,0.948428,0.111012,0.107268
5992,32,0.364163,0.010001,0.010001,0.146844,0.468992,0.051915,0.948085,0.12628,0.124323
5993,24,0.364163,0.01,0.01,0.146844,0.468992,0.052153,0.947847,0.121656,0.12022
5994,30,0.364043,0.009997,0.009997,0.146796,0.469168,0.052986,0.947014,0.110138,0.105584
5995,30,0.364228,0.009997,0.009997,0.146751,0.469026,0.053195,0.946805,0.116076,0.114736
5996,26,0.364595,0.009994,0.009994,0.146665,0.468751,0.053269,0.946731,0.104776,0.104145
5997,32,0.364645,0.009999,0.009999,0.146651,0.468706,0.053024,0.946976,0.121537,0.122643
5998,24,0.364797,0.009998,0.009998,0.146616,0.468593,0.052466,0.947534,0.114722,0.117443
5999,32,0.365089,0.009995,0.009995,0.146547,0.468373,0.052999,0.947001,0.095688,0.092656
6000,24,0.364713,0.010002,0.010002,0.146582,0.4687,0.052377,0.947623,0.124291,0.127378
6001,24,0.364176,0.010637,0.010029,0.146552,0.468605,0.051622,0.948378,0.134214,0.137965
6002,24,0.364125,0.010011,0.010011,0.146718,0.469135,0.051136,0.948864,0.12814,0.130443
6003,30,0.36372,0.010487,0.009999,0.146704,0.46909,0.050913,0.949087,0.129627,0.13056
6004,30,0.364085,0.010002,0.010002,0.146732,0.469179,0.051108,0.948892,0.109679,0.108505
6005,32,0.363973,0.009997,0.009997,0.146687,0.469346,0.051555,0.948445,0.111745,0.10926
6006,32,0.363829,0.009988,0.010863,0.146517,0.468802,0.052018,0.947982,0.121861,0.119294
6007,24,0.363559,0.010102,0.010525,0.146635,0.46918,0.051731,0.948269,0.129492,0.130792
6008,36,0.36459,0.009994,0.009994,0.146542,0.468881,0.051727,0.948273,0.090349,0.090145
6009,24,0.364586,0.01,0.01,0.14654,0.468875,0.051145,0.948855,0.123829,0.126662
6010,26,0.364641,0.009999,0.009999,0.146527,0.468834,0.05127,0.94873,0.117336,0.116539
6011,26,0.364504,0.010002,0.010002,0.146558,0.468933,0.050947,0.949053,0.122461,0.123948
6012,28,0.364359,0.010002,0.010002,0.146592,0.469043,0.050361,0.949639,0.125427,0.128245
6013,30,0.364333,0.009998,0.009998,0.146556,0.469115,0.050345,0.949655,0.116697,0.116549
6014,24,0.364037,0.010005,0.010005,0.146623,0.46933,0.05,0.95,0.126063,0.128298
6015,24,0.363604,0.010004,0.010004,0.146676,0.469713,0.05,0.95,0.125696,0.127119
6016,24,0.364048,0.009993,0.009993,0.146575,0.46939,0.050745,0.949255,0.108644,0.104672
6017,30,0.364061,0.009997,0.009997,0.146525,0.46942,0.050745,0.949255,0.115124,0.114917
6018,32,0.363944,0.009991,0.010347,0.146397,0.46932,0.050508,0.949492,0.121631,0.122646
6019,30,0.363521,0.010532,0.010318,0.146376,0.469252,0.050361,0.949639,0.129617,0.130195
6020,24,0.36382,0.010272,0.010233,0.146387,0.469288,0.050563,0.949437,0.118665,0.117466
6021,30,0.363768,0.010009,0.010009,0.146516,0.469699,0.050816,0.949184,0.129712,0.12825
6022,24,0.363831,0.009999,0.009999,0.146505,0.469665,0.050496,0.949504,0.11574,0.117156
6023,24,0.363316,0.010001,0.010001,0.146524,0.470157,0.05,0.95,0.127919,0.130639
6024,30,0.363176,0.009988,0.010894,0.146349,0.469593,0.050914,0.949086,0.115972,0.111233
6025,24,0.363533,0.010004,0.010283,0.146405,0.469774,0.052027,0.947973,0.111743,0.105841
6026,32,0.36322,0.010002,0.010002,0.146434,0.470342,0.051808,0.948192,0.128389,0.129319
6027,24,0.362771,0.01,0.01,0.146439,0.470789,0.051403,0.948597,0.126462,0.128362
6028,24,0.362398,0.010002,0.010002,0.146476,0.471121,0.050728,0.949272,0.130392,0.133675
6029,30,0.362463,0.009991,0.0105,0.146345,0.470701,0.051648,0.948352,0.110372,0.105513
6030,30,0.363028,0.009999,0.009999,0.146328,0.470646,0.051818,0.948182,0.100637,0.099584
6031,24,0.36318,0.009998,0.009998,0.146293,0.470532,0.051203,0.948797,0.114715,0.117668
6032,24,0.363331,0.009998,0.009998,0.146257,0.470417,0.050597,0.949403,0.114736,0.11762
6033,24,0.363604,0.010102,0.009994,0.146168,0.470132,0.05,0.95,0.11974,0.123056
6034,24,0.363797,0.009995,0.009995,0.146097,0.470116,0.050193,0.949807,0.113451,0.112318
6035,24,0.363312,0.010126,0.010002,0.146128,0.470432,0.05,0.95,0.13178,0.135493
6036,26,0.363619,0.009997,0.009997,0.146087,0.470299,0.05,0.95,0.11635,0.119364
6037,30,0.363734,0.009998,0.009998,0.146059,0.47021,0.05,0.95,0.118163,0.121355
6038,32,0.363994,0.009996,0.009996,0.145999,0.470016,0.050343,0.949657,0.101628,0.099728
6039,30,0.364434,0.009993,0.009993,0.145896,0.469684,0.05048,0.94952,0.098069,0.097103
6040,38,0.364698,0.009996,0.009996,0.145832,0.469478,0.050995,0.949005,0.113192,0.110421
6041,26,0.364487,0.01,0.01,0.145833,0.46968,0.051206,0.948794,0.118866,0.117627
6042,26,0.364351,0.010002,0.010002,0.145864,0.46978,0.051127,0.948873,0.122531,0.122764
6043,36,0.363878,0.009991,0.010869,0.145737,0.469525,0.051556,0.948444,0.127409,0.12505
6044,24,0.363677,0.010333,0.010116,0.145882,0.469993,0.051049,0.948951,0.129488,0.131917
6045,32,0.364549,0.009993,0.009993,0.145785,0.46968,0.05161,0.94839,0.090132,0.087028
6046,24,0.36448,0.010001,0.010001,0.145797,0.469721,0.050867,0.949133,0.131347,0.134979
6047,24,0.364339,0.009999,0.009999,0.145781,0.469882,0.050418,0.949582,0.121309,0.123393
6048,34,0.364245,0.010001,0.010001,0.145802,0.46995,0.051221,0.948779,0.110132,0.105893
6049,24,0.364404,0.009994,0.009994,0.145717,0.469891,0.05139,0.94861,0.113457,0.112403
6050,24,0.363949,0.01,0.01,0.14572,0.47033,0.050834,0.949166,0.120328,0.123001
6051,30,0.363847,0.010002,0.010002,0.145744,0.470406,0.050683,0.949317,0.122099,0.122659
6052,24,0.364084,0.009996,0.009996,0.14569,0.470233,0.050659,0.949341,0.117273,0.117201
6053,24,0.364234,0.009998,0.009998,0.145654,0.470117,0.050301,0.949699,0.114735,0.116357
6054,24,0.364211,0.009997,0.009997,0.145609,0.470186,0.05,0.95,0.11177,0.114812
6055,32,0.364385,0.009997,0.009997,0.145568,0.470053,0.05,0.95,0.108066,0.108074
6056,24,0.364383,0.01,0.01,0.145567,0.47005,0.051248,0.948752,0.113446,0.106948
6057,26,0.363961,0.010007,0.010007,0.145664,0.470362,0.050926,0.949074,0.134319,0.135795
6058,30,0.363612,0.010155,0.010001,0.145672,0.47056,0.050644,0.949356,0.126523,0.127783
6059,26,0.363882,0.009998,0.009998,0.145646,0.470475,0.050004,0.949996,0.117417,0.120459
6060,24,0.363587,0.010005,0.010005,0.145713,0.470692,0.05,0.95,0.128047,0.130113
6061,24,0.36359,0.01,0.01,0.145714,0.470696,0.050059,0.949941,0.121705,0.121228
6062,34,0.363437,0.01,0.01,0.145711,0.470853,0.050131,0.949869,0.121611,0.121076
6063,24,0.363064,0.010002,0.010002,0.145747,0.471184,0.05,0.95,0.130426,0.133707
6064,30,0.363655,0.009991,0.009991,0.145613,0.47075,0.050759,0.949241,0.097461,0.093453
6065,24,0.363243,0.010134,0.010004,0.145674,0.470946,0.050178,0.949822,0.135742,0.138511
6066,30,0.362817,0.010658,0.009998,0.145651,0.470875,0.05,0.95,0.129609,0.130685
6067,24,0.363372,0.010002,0.010002,0.145675,0.47095,0.05,0.95,0.1116,0.113321
6068,26,0.363709,0.009995,0.009995,0.145598,0.470703,0.05,0.95,0.108809,0.109843
6069,24,0.363726,0.01,0.01,0.145592,0.470683,0.05,0.95,0.124232,0.124247
6070,30,0.363369,0.01,0.01,0.145598,0.471032,0.050252,0.949748,0.120245,0.118805
6071,24,0.362933,0.010003,0.010003,0.145649,0.471411,0.05001,0.94999,0.125711,0.126756
6072,38,0.362835,0.009997,0.009997,0.145609,0.471562,0.050003,0.949997,0.125621,0.125475
6073,26,0.363699,0.009986,0.009986,0.14541,0.470918,0.050018,0.949982,0.091991,0.091699
6074,38,0.363764,0.009999,0.009999,0.145389,0.47085,0.050586,0.949414,0.113479,0.110466
6075,30,0.36383,0.009994,0.009994,0.145298,0.470885,0.050728,0.949272,0.116466,0.115536
6076,24,0.363444,0.010219,0.010025,0.145328,0.470984,0.050207,0.949793,0.125955,0.128406
6077,26,0.363452,0.010001,0.010001,0.145337,0.47121,0.05,0.95,0.121232,0.123236
6078,24,0.36359,0.009998,0.009998,0.145306,0.471108,0.051082,0.948918,0.111766,0.106133
6079,30,0.363353,0.010004,0.010004,0.145359,0.471281,0.050925,0.949075,0.12313,0.123716
6080,36,0.363655,0.009993,0.009993,0.145258,0.471101,0.05154,0.94846,0.096602,0.093205
6081,24,0.3632,0.01,0.01,0.145261,0.471539,0.050874,0.949126,0.120305,0.123537
6082,24,0.362994,0.01,0.01,0.145259,0.471747,0.05,0.95,0.128963,0.133966
6083,24,0.362287,0.011102,0.010022,0.145161,0.471429,0.05,0.95,0.134171,0.135404
6084,30,0.362038,0.011162,0.010003,0.14521,0.471587,0.05,0.95,0.12967,0.130227
6085,32,0.362404,0.010342,0.010004,0.145275,0.471975,0.050371,0.949629,0.119911,0.11787
6086,24,0.362234,0.010008,0.010008,0.145392,0.472357,0.050036,0.949964,0.128113,0.12962
6087,30,0.36235,0.009998,0.009998,0.14537,0.472283,0.050406,0.949594,0.116591,0.114502
6088,32,0.362237,0.009997,0.009997,0.145324,0.472446,0.050825,0.949175,0.111717,0.10941
6089,24,0.36269,0.009993,0.009993,0.145219,0.472105,0.051115,0.948885,0.108173,0.106478
6090,24,0.362557,0.010002,0.010002,0.145246,0.472193,0.051172,0.948828,0.12462,0.124126
6091,24,0.36265,0.009999,0.009999,0.145226,0.472127,0.05119,0.94881,0.115317,0.114972
6092,36,0.362674,0.009997,0.009997,0.145186,0.472145,0.051936,0.948064,0.110356,0.106341
6093,36,0.362836,0.009995,0.009995,0.145115,0.472059,0.052079,0.947921,0.107476,0.106483
6094,32,0.362785,0.010001,0.010001,0.145124,0.47209,0.052445,0.947555,0.11087,0.108769
6095,32,0.362738,0.010609,0.009991,0.144994,0.471668,0.052031,0.947969,0.124724,0.126716
6096,24,0.363192,0.010002,0.010002,0.145028,0.471776,0.051949,0.948051,0.117435,0.117637
6097,32,0.362729,0.010369,0.009997,0.144981,0.471924,0.051665,0.948335,0.132897,0.134188
6098,30,0.362823,0.010004,0.010004,0.145043,0.472125,0.051531,0.948469,0.130814,0.131283
6099,26,0.362606,0.010601,0.009994,0.144956,0.471843,0.051155,0.948845,0.125996,0.127722
6100,30,0.362343,0.011003,0.010544,0.144794,0.471316,0.051567,0.948433,0.129069,0.126749
6101,24,0.362827,0.010013,0.010013,0.144987,0.472159,0.051046,0.948954,0.1199,0.122395
6102,26,0.3627,0.010002,0.010002,0.145022,0.472273,0.050395,0.949605,0.128157,0.13131
6103,26,0.362435,0.010001,0.010001,0.145039,0.472524,0.05,0.95,0.125798,0.127705
6104,26,0.362364,0.010001,0.010001,0.145055,0.472578,0.05,0.95,0.123658,0.127475
6105,26,0.362508,0.009995,0.009995,0.144978,0.472525,0.05,0.95,0.113891,0.11606
6106,26,0.362632,0.009998,0.009998,0.144948,0.472425,0.05,0.95,0.12284,0.123443
6107,30,0.363067,0.009993,0.009993,0.144848,0.472099,0.050593,0.949407,0.106947,0.103798
6108,24,0.362836,0.010003,0.010003,0.144897,0.47226,0.050381,0.949619,0.126363,0.127273
6109,36,0.362543,0.009996,0.009996,0.144842,0.472622,0.050661,0.949339,0.116682,0.115084
6110,32,0.36233,0.01,0.01,0.144849,0.472821,0.050911,0.949089,0.126448,0.124981
6111,24,0.362189,0.009999,0.009999,0.144832,0.472981,0.051115,0.948885,0.119239,0.118013
6112,32,0.362219,0.009999,0.009999,0.144825,0.472958,0.051139,0.948861,0.116986,0.11668
6113,24,0.362356,0.009998,0.009998,0.144793,0.472855,0.052185,0.947815,0.109699,0.104116
6114,32,0.362656,0.009995,0.009995,0.144724,0.472629,0.052499,0.947501,0.094914,0.093037
6115,30,0.361555,0.011351,0.010986,0.144432,0.471676,0.052496,0.947504,0.139412,0.139218
6116,28,0.361523,0.011133,0.010581,0.144586,0.472178,0.052048,0.947952,0.128493,0.130668
6117,24,0.361991,0.01022,0.010013,0.144773,0.473004,0.052882,0.947118,0.117715,0.113096
6118,36,0.362109,0.009999,0.009999,0.144766,0.473126,0.052948,0.947052,0.114156,0.113578
6119,30,0.361549,0.010717,0.009995,0.14469,0.473049,0.052725,0.947275,0.136381,0.137345
6120,32,0.361938,0.010005,0.010005,0.144763,0.473289,0.053474,0.946526,0.111218,0.10705
6121,24,0.361707,0.01,0.01,0.144769,0.473523,0.053068,0.946932,0.126806,0.128768
6122,30,0.362146,0.009993,0.009993,0.14467,0.473198,0.052837,0.947163,0.102599,0.103535
6123,28,0.361809,0.010002,0.010002,0.144701,0.473486,0.052223,0.947777,0.12514,0.128195
6124,36,0.362083,0.009993,0.009993,0.144607,0.473323,0.052388,0.947612,0.100652,0.099539
6125,24,0.3621,0.01,0.01,0.1446,0.473301,0.051684,0.948316,0.124197,0.127655
6126,32,0.361978,0.010095,0.010708,0.14444,0.472778,0.052191,0.947809,0.121857,0.119078
6127,32,0.362007,0.010004,0.010528,0.144497,0.472964,0.052377,0.947623,0.126492,0.125344
6128,30,0.362264,0.009999,0.010344,0.144481,0.472912,0.052693,0.947307,0.116163,0.114268
6129,36,0.362042,0.009998,0.01043,0.144449,0.473082,0.052333,0.947667,0.118297,0.119996
6130,32,0.362323,0.01,0.010141,0.14445,0.473086,0.052651,0.947349,0.109399,0.107546
6131,30,0.362272,0.010003,0.010003,0.144494,0.473228,0.052825,0.947175,0.121847,0.120687
6132,32,0.362226,0.010001,0.010001,0.144505,0.473267,0.05307,0.94693,0.117081,0.115588
6133,36,0.361911,0.009996,0.010595,0.144441,0.473057,0.053508,0.946492,0.130312,0.127801
6134,36,0.362669,0.009997,0.010016,0.144399,0.472919,0.053856,0.946144,0.100224,0.098173
6135,24,0.36291,0.009996,0.009996,0.144347,0.47275,0.053977,0.946023,0.117343,0.116446
6136,26,0.362485,0.010007,0.010007,0.144442,0.47306,0.053426,0.946574,0.128626,0.131408
6137,24,0.362582,0.009999,0.009999,0.144423,0.472998,0.053642,0.946358,0.115343,0.113899
6138,26,0.362314,0.010001,0.010001,0.144438,0.473246,0.053248,0.946752,0.125899,0.127836
6139,32,0.362168,0.010002,0.010002,0.144472,0.473356,0.053369,0.946631,0.115824,0.114963
6140,30,0.36191,0.010003,0.010067,0.144517,0.473503,0.053811,0.946189,0.123121,0.12055
6141,30,0.361637,0.010003,0.010003,0.144556,0.473802,0.05371,0.94629,0.119928,0.12025
6142,36,0.361426,0.009997,0.009997,0.144509,0.474072,0.05398,0.94602,0.112115,0.110404
6143,26,0.361415,0.01,0.01,0.14451,0.474075,0.053527,0.946473,0.124808,0.127061
6144,32,0.361484,0.009994,0.009994,0.144427,0.4741,0.053855,0.946145,0.111012,0.109062
6145,30,0.361361,0.009997,0.009997,0.144377,0.474269,0.054246,0.945754,0.116675,0.114325
6146,30,0.360683,0.010196,0.011001,0.144254,0.473865,0.054689,0.945311,0.122931,0.120309
6147,30,0.360674,0.010002,0.010753,0.144282,0.474289,0.054418,0.945582,0.110153,0.111371
6148,38,0.361424,0.009996,0.010284,0.144218,0.474078,0.054287,0.945713,0.099642,0.100101
6149,30,0.36133,0.010003,0.010003,0.14426,0.474404,0.054411,0.945589,0.12847,0.127547
6150,24,0.361254,0.009998,0.009998,0.14423,0.47452,0.053714,0.946286,0.126016,0.129601
6151,26,0.361116,0.010002,0.010002,0.144261,0.474619,0.053059,0.946941,0.128144,0.13148
6152,30,0.360916,0.009998,0.009998,0.144232,0.474856,0.053214,0.946786,0.11236,0.111298
6153,26,0.360843,0.010001,0.010001,0.144247,0.474907,0.052751,0.947249,0.114124,0.116357
6154,24,0.360471,0.010003,0.010003,0.144284,0.47524,0.052347,0.947653,0.124219,0.126147
6155,26,0.360265,0.01,0.01,0.144287,0.475448,0.051869,0.948131,0.124448,0.126764
6156,30,0.359985,0.009987,0.011096,0.1441,0.474833,0.051576,0.948424,0.119193,0.120524
6157,24,0.359954,0.010019,0.010352,0.144273,0.475403,0.050904,0.949096,0.134296,0.13758
6158,26,0.360303,0.01,0.01,0.144278,0.475419,0.050508,0.949492,0.117581,0.119409
6159,32,0.360156,0.010002,0.010002,0.144311,0.475528,0.050679,0.949321,0.115681,0.114622
6160,30,0.360098,0.010164,0.009998,0.144288,0.475451,0.050536,0.949464,0.119526,0.120035
6161,24,0.359861,0.010006,0.010006,0.144378,0.475749,0.050119,0.949881,0.126045,0.127974
6162,24,0.35946,0.010304,0.010002,0.144403,0.475831,0.05,0.95,0.125923,0.128068
6163,24,0.359808,0.009999,0.009999,0.144393,0.4758,0.050026,0.949974,0.117391,0.117089
6164,32,0.359916,0.009998,0.009998,0.144369,0.475719,0.050257,0.949743,0.105236,0.1039
6165,24,0.359914,0.01,0.01,0.144368,0.475717,0.05117,0.94883,0.121687,0.116839
6166,30,0.359267,0.010435,0.010691,0.144257,0.47535,0.051431,0.948569,0.129532,0.128014
6167,24,0.359298,0.010014,0.010014,0.144455,0.476219,0.050816,0.949184,0.124251,0.127227
6168,26,0.3591,0.01,0.01,0.144462,0.476437,0.050427,0.949573,0.124524,0.126337
6169,32,0.359122,0.01,0.01,0.144457,0.476422,0.050314,0.949686,0.114795,0.11515
6170,24,0.359057,0.010001,0.010001,0.144471,0.476469,0.05068,0.94932,0.1232,0.121169
6171,30,0.359248,0.009997,0.009997,0.144429,0.476329,0.050828,0.949172,0.116274,0.115362
6172,24,0.359171,0.010001,0.010001,0.144445,0.476382,0.050109,0.949891,0.125199,0.128659
6173,36,0.359387,0.009997,0.009997,0.144397,0.476223,0.05,0.95,0.113378,0.114172
6174,26,0.359495,0.009998,0.009998,0.144371,0.476138,0.050057,0.949943,0.114736,0.114298
6175,24,0.359455,0.010105,0.009999,0.144355,0.476086,0.05,0.95,0.123629,0.126773
6176,36,0.359723,0.009995,0.009995,0.144283,0.476004,0.050014,0.949986,0.105058,0.104817
6177,30,0.359414,0.010192,0.010002,0.144307,0.476085,0.05,0.95,0.123019,0.124191
6178,26,0.359347,0.010004,0.010004,0.144366,0.476279,0.05,0.95,0.122531,0.124118
6179,30,0.359179,0.010031,0.010105,0.144298,0.476386,0.050084,0.949916,0.116551,0.115953
6180,30,0.3591,0.010003,0.010003,0.144347,0.476547,0.050181,0.949819,0.121946,0.121275
6181,26,0.358965,0.010002,0.010002,0.144379,0.476651,0.05,0.95,0.12245,0.123907
6182,30,0.359073,0.009998,0.009998,0.144355,0.476575,0.050303,0.949697,0.118708,0.116929
6183,24,0.359008,0.010001,0.010001,0.144369,0.476621,0.05,0.95,0.131336,0.135043
6184,30,0.359044,0.009999,0.009999,0.144362,0.476596,0.050037,0.949963,0.110233,0.109825
6185,32,0.358984,0.009998,0.009998,0.144338,0.476682,0.05044,0.94956,0.118525,0.11633
6186,30,0.358821,0.00999,0.010788,0.144194,0.476207,0.050371,0.949629,0.123058,0.123149
6187,24,0.3593,0.010003,0.01011,0.144237,0.47635,0.051556,0.948444,0.111159,0.104934
6188,36,0.359668,0.009996,0.009996,0.14418,0.47616,0.051192,0.948808,0.10905,0.110706
6189,26,0.359665,0.01,0.01,0.144179,0.476156,0.051317,0.948683,0.122347,0.121505
6190,24,0.360221,0.009991,0.009991,0.144054,0.475743,0.051541,0.948459,0.107303,0.105938
6191,30,0.360263,0.009996,0.010192,0.143996,0.475553,0.051749,0.948251,0.112627,0.111341
6192,24,0.360568,0.009998,0.009998,0.14397,0.475466,0.052576,0.947424,0.117318,0.112771
6193,36,0.360735,0.009997,0.009997,0.143931,0.475339,0.052821,0.947179,0.110323,0.108839
6194,36,0.360553,0.009992,0.010708,0.14381,0.474937,0.053863,0.946137,0.112174,0.10648
6195,32,0.360687,0.009996,0.010816,0.143752,0.474748,0.053669,0.946331,0.121913,0.122736
6196,24,0.361328,0.010003,0.010003,0.143791,0.474875,0.054764,0.945236,0.10341,0.097254
6197,24,0.360984,0.010063,0.010083,0.143838,0.475031,0.054645,0.945355,0.134252,0.134691
6198,32,0.360925,0.009998,0.009998,0.143814,0.475264,0.055313,0.944687,0.107033,0.103167
6199,24,0.360628,0.010005,0.010005,0.143881,0.475482,0.054612,0.945388,0.128063,0.131707
6200,36,0.360669,0.01,0.01,0.143873,0.475458,0.054647,0.945353,0.11859,0.118186
6201,32,0.360621,0.010001,0.010001,0.143884,0.475494,0.054835,0.945165,0.126415,0.125182
6202,36,0.360689,0.009997,0.009997,0.143836,0.475482,0.05501,0.94499,0.11571,0.114473
6203,32,0.361108,0.009991,0.009991,0.143703,0.475208,0.055867,0.944133,0.099471,0.094505
6204,24,0.361239,0.009998,0.009998,0.143669,0.475096,0.056946,0.943054,0.111758,0.105453
6205,24,0.360942,0.010005,0.010005,0.143735,0.475314,0.056292,0.943708,0.128199,0.131676
6206,30,0.361137,0.009997,0.009997,0.143693,0.475175,0.056754,0.943246,0.112634,0.109777
6207,32,0.361071,0.009998,0.009998,0.143667,0.475265,0.057255,0.942745,0.117473,0.114381
6208,24,0.360555,0.010001,0.010001,0.143686,0.475756,0.056685,0.943315,0.127891,0.130924
6209,26,0.360662,0.009994,0.010296,0.143595,0.475454,0.056187,0.943813,0.117399,0.11998
6210,26,0.360982,0.01,0.01,0.143588,0.475431,0.055704,0.944296,0.113784,0.116266
6211,32,0.360918,0.009998,0.009998,0.143562,0.475523,0.05564,0.94436,0.122063,0.122185
6212,26,0.360351,0.010003,0.010003,0.1436,0.476044,0.055288,0.944712,0.126936,0.128673
6213,24,0.360224,0.010002,0.010002,0.14363,0.476142,0.054322,0.945678,0.132832,0.137938
6214,24,0.360247,0.01,0.01,0.143626,0.476128,0.053563,0.946437,0.124217,0.128103
6215,26,0.360285,0.009996,0.009996,0.143572,0.47615,0.053606,0.946394,0.111057,0.110646
6216,26,0.360763,0.009992,0.009992,0.143464,0.475789,0.053103,0.946897,0.108407,0.110874
6217,24,0.361234,0.009989,0.009989,0.143306,0.475481,0.053309,0.946691,0.103324,0.101994
6218,24,0.361226,0.01,0.01,0.143303,0.475471,0.052642,0.947358,0.121654,0.125
6219,26,0.361687,0.009993,0.009993,0.1432,0.475128,0.052898,0.947102,0.103972,0.102407
6220,30,0.361803,0.009995,0.009995,0.143128,0.475079,0.053214,0.946786,0.112789,0.110901
6221,36,0.361605,0.009999,0.009999,0.143111,0.475287,0.053347,0.946653,0.12467,0.123761
6222,24,0.361746,0.009994,0.009994,0.143031,0.475234,0.052624,0.947376,0.108589,0.112207
6223,30,0.361622,0.009997,0.009997,0.142982,0.475403,0.052576,0.947424,0.126598,0.126633
6224,30,0.362058,0.009993,0.009993,0.142883,0.475073,0.052863,0.947137,0.095983,0.094244
6225,26,0.361845,0.01,0.01,0.142883,0.475272,0.052822,0.947178,0.124433,0.12446
6226,30,0.361888,0.009996,0.009996,0.142831,0.475288,0.053606,0.946394,0.11328,0.108927
6227,32,0.361837,0.010001,0.010001,0.142841,0.47532,0.053701,0.946299,0.126395,0.125683
6228,24,0.361933,0.009995,0.009995,0.142772,0.475305,0.053624,0.946376,0.114829,0.115018
6229,36,0.362103,0.009997,0.009997,0.142732,0.475171,0.053785,0.946215,0.115765,0.114693
6230,32,0.362254,0.009998,0.009998,0.142697,0.475055,0.054742,0.945258,0.115185,0.10981
6231,30,0.362552,0.009995,0.009995,0.142629,0.474829,0.054991,0.945009,0.113317,0.111726
6232,24,0.362253,0.010005,0.010005,0.142694,0.475044,0.054308,0.945692,0.134382,0.137931
6233,30,0.362343,0.009999,0.009999,0.142675,0.474984,0.054522,0.945478,0.118374,0.116988
6234,36,0.362541,0.009994,0.009994,0.142595,0.474874,0.055089,0.944911,0.10634,0.103011
6235,36,0.362386,0.01,0.01,0.142595,0.475019,0.05536,0.94464,0.128353,0.126626
6236,24,0.362013,0.010002,0.010002,0.14263,0.475352,0.054734,0.945266,0.124237,0.127464
6237,36,0.36182,0.009999,0.009999,0.142615,0.475567,0.055124,0.944876,0.124676,0.122288
6238,26,0.361819,0.01,0.01,0.142615,0.475566,0.054621,0.945379,0.126082,0.128648
6239,24,0.361369,0.01,0.01,0.14262,0.476011,0.054239,0.945761,0.118167,0.120056
6240,30,0.361267,0.010002,0.010002,0.142643,0.476087,0.054704,0.945296,0.122016,0.119257
6241,24,0.360972,0.010005,0.010005,0.142709,0.476309,0.054366,0.945634,0.134335,0.135952
6242,24,0.361529,0.009991,0.009991,0.142587,0.475901,0.054648,0.945352,0.107282,0.105524
6243,30,0.361628,0.009998,0.009998,0.142561,0.475815,0.054596,0.945404,0.108893,0.108873
6244,30,0.361524,0.010002,0.010002,0.142583,0.475889,0.054858,0.945142,0.122033,0.120391
6245,32,0.361341,0.009998,0.009998,0.142556,0.476107,0.054722,0.945278,0.117499,0.11801
6246,30,0.361504,0.009997,0.009997,0.142518,0.475983,0.054657,0.945343,0.116166,0.116307
6247,30,0.361589,0.009999,0.009999,0.142498,0.475916,0.055243,0.944757,0.11859,0.115152
6248,30,0.361486,0.010002,0.010002,0.142521,0.475991,0.055469,0.944531,0.121884,0.120381
6249,24,0.361114,0.010003,0.010003,0.142557,0.476325,0.055118,0.944882,0.122171,0.123905
6250,36,0.361453,0.009992,0.009992,0.142449,0.476113,0.05574,0.94426,0.096221,0.092497
6251,24,0.361904,0.009993,0.009993,0.142345,0.475765,0.055737,0.944263,0.108138,0.107876
6252,30,0.361848,0.010001,0.010001,0.142355,0.475796,0.055868,0.944132,0.119881,0.118909
6253,24,0.361933,0.009999,0.009999,0.142336,0.475734,0.055907,0.944093,0.116514,0.116052
6254,30,0.361932,0.01,0.01,0.142335,0.475733,0.056138,0.943862,0.119734,0.118202
6255,26,0.361594,0.009997,0.010553,0.142287,0.475569,0.056285,0.943715,0.128083,0.127055
6256,26,0.361722,0.010007,0.010007,0.142381,0.475884,0.055817,0.944183,0.114084,0.116452
6257,26,0.362391,0.00999,0.00999,0.142234,0.475395,0.055809,0.944191,0.103769,0.103568
6258,26,0.362349,0.009994,0.009994,0.142151,0.475511,0.055848,0.944152,0.107379,0.106949
6259,32,0.363017,0.009989,0.009989,0.142,0.475005,0.055729,0.944271,0.090617,0.091008
6260,32,0.362961,0.010001,0.010001,0.142007,0.475031,0.055673,0.944327,0.121699,0.121787
6261,30,0.362935,0.009991,0.010584,0.141881,0.474609,0.055836,0.944164,0.125885,0.124727
6262,24,0.362849,0.01001,0.01001,0.142029,0.475102,0.055486,0.944514,0.128202,0.129946
6263,28,0.363045,0.009997,0.009997,0.14199,0.474971,0.055591,0.944409,0.11198,0.111201
6264,26,0.363706,0.00999,0.00999,0.141841,0.474474,0.055583,0.944417,0.103703,0.103507
6265,24,0.363325,0.010002,0.010002,0.141873,0.474797,0.055184,0.944816,0.130388,0.132392
6266,26,0.363296,0.009986,0.010932,0.14167,0.474117,0.055936,0.944064,0.114172,0.109799
6267,24,0.363528,0.010006,0.010285,0.141761,0.47442,0.056837,0.943163,0.121695,0.116328
6268,24,0.363456,0.010483,0.010057,0.14172,0.474284,0.055877,0.944123,0.124104,0.129258
6269,36,0.363847,0.010065,0.010001,0.141739,0.474348,0.055773,0.944227,0.111974,0.112292
6270,30,0.363845,0.010001,0.010001,0.141754,0.474398,0.05575,0.94425,0.119644,0.119511
6271,30,0.363966,0.009995,0.009995,0.141686,0.474358,0.055927,0.944073,0.112723,0.111505
6272,36,0.363823,0.009994,0.009994,0.141595,0.474595,0.056427,0.943573,0.098727,0.095699
6273,26,0.363746,0.010001,0.010001,0.141609,0.474642,0.056056,0.943944,0.123666,0.125498
6274,32,0.363092,0.010456,0.010423,0.141489,0.47454,0.056144,0.943856,0.132845,0.132144
6275,26,0.363058,0.010602,0.010005,0.14156,0.474775,0.055478,0.944522,0.128092,0.131617
6276,24,0.363652,0.01,0.01,0.141562,0.474785,0.056168,0.943832,0.113586,0.109487
6277,26,0.363458,0.010003,0.010003,0.141606,0.47493,0.05599,0.94401,0.129474,0.13028
6278,30,0.363901,0.009993,0.009993,0.141509,0.474605,0.056832,0.943168,0.100503,0.095511
6279,26,0.364156,0.009996,0.009996,0.141449,0.474404,0.056313,0.943687,0.106757,0.109406
6280,24,0.364291,0.009998,0.009998,0.141417,0.474297,0.057054,0.942946,0.117932,0.113464
6281,24,0.364524,0.009996,0.009996,0.141364,0.474119,0.058205,0.941795,0.109081,0.102194
6282,30,0.364115,0.010001,0.010001,0.14138,0.474503,0.05795,0.94205,0.130274,0.131498
6283,24,0.364038,0.009998,0.009998,0.14135,0.474617,0.058772,0.941228,0.117706,0.112604
6284,32,0.363492,0.010583,0.009995,0.141273,0.474657,0.058644,0.941356,0.132857,0.133364
6285,24,0.364023,0.010001,0.010001,0.141283,0.474693,0.058047,0.941953,0.113379,0.116576
6286,24,0.364081,0.009999,0.009999,0.141271,0.47465,0.057397,0.942603,0.115739,0.119235
6287,36,0.364216,0.009995,0.010201,0.141194,0.474394,0.057361,0.942639,0.116025,0.115953
6288,24,0.363915,0.010004,0.010004,0.141257,0.474819,0.056716,0.943284,0.122181,0.125647
6289,34,0.363918,0.01,0.01,0.141258,0.474823,0.05684,0.94316,0.112755,0.111808
6290,30,0.363363,0.01052,0.010788,0.141043,0.474286,0.056727,0.943273,0.132563,0.132958
6291,30,0.364005,0.01001,0.010066,0.141178,0.474741,0.057102,0.942898,0.10615,0.10373
6292,26,0.363897,0.010003,0.010003,0.141219,0.474879,0.056971,0.943029,0.128203,0.128751
6293,30,0.364087,0.009997,0.009997,0.141178,0.474741,0.057266,0.942734,0.116057,0.114108
6294,24,0.364744,0.00999,0.00999,0.141031,0.474246,0.057417,0.942583,0.099447,0.098276
6295,32,0.364788,0.009999,0.009999,0.141016,0.474198,0.057899,0.942101,0.110112,0.107113
6296,26,0.36458,0.01,0.01,0.141018,0.474402,0.057411,0.942589,0.124452,0.127053
6297,26,0.364444,0.010002,0.010002,0.141048,0.474504,0.057021,0.942979,0.124325,0.12636
6298,24,0.363995,0.01,0.01,0.141054,0.474951,0.056302,0.943698,0.12647,0.13034
6299,24,0.363853,0.009999,0.009999,0.141038,0.475111,0.056453,0.943547,0.119236,0.118139
6300,30,0.364535,0.009989,0.009989,0.140886,0.4746,0.056543,0.943457,0.094401,0.093629
6301,26,0.364103,0.010016,0.010006,0.140975,0.4749,0.055833,0.944167,0.13425,0.138041
6302,30,0.363641,0.010641,0.009997,0.14094,0.474781,0.055692,0.944308,0.13957,0.140119
6303,32,0.363727,0.010009,0.010009,0.141062,0.475193,0.056405,0.943595,0.115806,0.11159
6304,30,0.363703,0.010001,0.010001,0.141071,0.475224,0.056268,0.943732,0.126466,0.12694
6305,24,0.363308,0.010281,0.010002,0.141097,0.475312,0.05562,0.94438,0.128055,0.131473
6306,24,0.362949,0.010463,0.010003,0.141138,0.475448,0.054903,0.945097,0.134278,0.138035
6307,24,0.363669,0.009996,0.009996,0.141081,0.475257,0.054846,0.945154,0.107172,0.107219
6308,24,0.363687,0.01,0.01,0.141076,0.475238,0.054161,0.945839,0.116043,0.119527
6309,32,0.363799,0.009995,0.009995,0.141011,0.475198,0.054187,0.945813,0.118793,0.118452
6310,24,0.363796,0.01,0.01,0.14101,0.475194,0.054987,0.945013,0.121616,0.117017
6311,32,0.363945,0.009998,0.009998,0.140977,0.475083,0.055118,0.944882,0.100068,0.099058
6312,32,0.364111,0.009997,0.009997,0.140939,0.474955,0.054871,0.945129,0.111268,0.112371
6313,26,0.364445,0.009995,0.009995,0.140864,0.474702,0.054529,0.945471,0.108797,0.110453
6314,32,0.364738,0.009995,0.009995,0.140797,0.474475,0.054812,0.945188,0.10727,0.10551
6315,24,0.36444,0.010005,0.010005,0.140861,0.47469,0.05433,0.94567,0.126059,0.128488
6316,30,0.364221,0.009998,0.009998,0.140838,0.474944,0.055076,0.944924,0.105808,0.101499
6317,24,0.363925,0.010005,0.010005,0.140903,0.475163,0.054615,0.945385,0.128149,0.130471
6318,36,0.363665,0.009998,0.010119,0.140875,0.475344,0.054587,0.945413,0.118357,0.118263
6319,24,0.36363,0.009999,0.009999,0.140861,0.475512,0.053817,0.946183,0.125902,0.129884
6320,24,0.363864,0.009996,0.009996,0.140808,0.475335,0.053723,0.946277,0.117361,0.117657
6321,24,0.363524,0.010121,0.010003,0.140856,0.475495,0.05331,0.94669,0.134285,0.136299
6322,30,0.364347,0.009988,0.010044,0.140689,0.474932,0.052725,0.947275,0.095156,0.097965
6323,24,0.364496,0.009998,0.009998,0.140663,0.474845,0.053848,0.946152,0.111748,0.105568
6324,32,0.36442,0.009996,0.009996,0.140613,0.474974,0.053829,0.946171,0.105436,0.105276
6325,24,0.364192,0.010003,0.010003,0.140662,0.475139,0.053612,0.946388,0.126369,0.127342
6326,24,0.364182,0.01,0.01,0.140666,0.475152,0.053477,0.946523,0.117427,0.117935
6327,24,0.363888,0.010005,0.010005,0.140731,0.475372,0.053218,0.946782,0.134373,0.135538
6328,28,0.363923,0.01,0.01,0.140725,0.475353,0.052614,0.947386,0.118263,0.121272
6329,30,0.363051,0.010877,0.011761,0.140321,0.473989,0.052664,0.947336,0.132919,0.132462
6330,26,0.363435,0.010016,0.011226,0.140552,0.47477,0.052497,0.947503,0.128241,0.128945
6331,30,0.363463,0.010001,0.010954,0.140572,0.475009,0.052648,0.947352,0.112169,0.111127
6332,24,0.363853,0.010001,0.010533,0.14058,0.475033,0.053415,0.946585,0.117313,0.113054
6333,36,0.363874,0.010006,0.010006,0.140661,0.475453,0.053516,0.946484,0.121689,0.120937
6334,24,0.363584,0.010005,0.010005,0.140727,0.475679,0.052982,0.947018,0.128145,0.130812
6335,28,0.363635,0.009996,0.009996,0.140678,0.475695,0.05288,0.94712,0.114015,0.114345
6336,32,0.363506,0.009999,0.009999,0.140668,0.475827,0.052805,0.947195,0.116067,0.116259
6337,26,0.363298,0.01,0.01,0.14067,0.476032,0.05235,0.94765,0.124557,0.12678
6338,30,0.364242,0.009985,0.009985,0.140461,0.475326,0.052533,0.947467,0.085629,0.084401
6339,36,0.364037,0.009999,0.009999,0.140441,0.475525,0.052927,0.947073,0.124697,0.122387
6340,32,0.364264,0.009996,0.009996,0.140391,0.475353,0.053382,0.946618,0.106677,0.10408
6341,30,0.36421,0.009998,0.009998,0.140363,0.475431,0.053513,0.946487,0.11755,0.116623
6342,24,0.36438,0.009997,0.009997,0.140325,0.4753,0.053451,0.946549,0.118777,0.118918
6343,24,0.364084,0.010005,0.010005,0.140389,0.475518,0.052606,0.947394,0.134393,0.138726
6344,32,0.36404,0.010001,0.010001,0.140401,0.475558,0.052584,0.947416,0.121663,0.121563
6345,24,0.363582,0.010158,0.010078,0.140403,0.475779,0.052332,0.947668,0.130282,0.13141
6346,24,0.363688,0.010002,0.010002,0.140431,0.475876,0.051717,0.948283,0.115956,0.118932
6347,30,0.363707,0.009995,0.009995,0.140355,0.475948,0.051888,0.948112,0.106709,0.10561
6348,30,0.363084,0.010874,0.010169,0.140257,0.475616,0.051573,0.948427,0.129595,0.131046
6349,32,0.363681,0.010007,0.010007,0.140355,0.47595,0.050951,0.949049,0.113709,0.116721
6350,30,0.363558,0.010002,0.010002,0.140386,0.476052,0.050801,0.949199,0.122161,0.122716
6351,30,0.36356,0.01,0.01,0.140386,0.476054,0.051115,0.948885,0.126321,0.124525
6352,32,0.364076,0.009992,0.009992,0.140272,0.475668,0.051088,0.948912,0.105774,0.105712
6353,32,0.364402,0.009995,0.009995,0.140197,0.475412,0.051179,0.948821,0.095925,0.095205
6354,24,0.364009,0.010046,0.010002,0.140224,0.475719,0.050357,0.949643,0.130337,0.134353
6355,26,0.363819,0.010001,0.010001,0.140233,0.475947,0.050271,0.949729,0.124526,0.124797
6356,24,0.363973,0.009998,0.009998,0.140199,0.475833,0.050003,0.949997,0.114794,0.115934
6357,24,0.363893,0.009998,0.009998,0.140169,0.475943,0.05,0.95,0.125913,0.129608
6358,24,0.363596,0.010005,0.010005,0.140233,0.476162,0.05,0.95,0.134464,0.13906
6359,30,0.363301,0.010002,0.010002,0.140262,0.476432,0.050095,0.949905,0.126509,0.125842
6360,24,0.363441,0.009998,0.009998,0.140233,0.476331,0.051294,0.948706,0.111865,0.105596
6361,24,0.363145,0.010005,0.010005,0.140297,0.476549,0.050581,0.949419,0.126005,0.129471
6362,32,0.363353,0.009996,0.010061,0.140239,0.476352,0.051208,0.948792,0.106611,0.103263
6363,32,0.36339,0.009995,0.009995,0.140175,0.476445,0.051827,0.948173,0.104884,0.101514
6364,24,0.363092,0.010005,0.010005,0.140238,0.476661,0.051291,0.948709,0.128131,0.130723
6365,24,0.3628,0.010005,0.010005,0.140305,0.476886,0.050894,0.949106,0.128195,0.130052
6366,24,0.36304,0.009996,0.009996,0.140254,0.476714,0.050804,0.949196,0.117342,0.11759
6367,24,0.363479,0.009993,0.009993,0.140156,0.47638,0.051902,0.948098,0.102454,0.096614
6368,24,0.363632,0.009994,0.009994,0.140072,0.476309,0.051869,0.948131,0.11344,0.113404
6369,30,0.3635,0.010002,0.010002,0.140098,0.476398,0.051842,0.948158,0.131967,0.131899
6370,24,0.363501,0.01,0.01,0.140099,0.4764,0.053107,0.946893,0.115516,0.108677
6371,30,0.363826,0.009995,0.01002,0.140022,0.476138,0.053423,0.946577,0.109256,0.107356
6372,34,0.363905,0.009999,0.009999,0.140007,0.47609,0.053788,0.946212,0.12156,0.119399
6373,24,0.363904,0.01,0.01,0.140007,0.476089,0.054991,0.945009,0.113461,0.106695
6374,30,0.363485,0.009999,0.009999,0.139989,0.476529,0.055286,0.944714,0.11701,0.115153
6375,24,0.36372,0.009996,0.009996,0.139936,0.476351,0.055436,0.944564,0.117363,0.116311
6376,30,0.363717,0.01,0.01,0.139935,0.476347,0.055551,0.944449,0.129432,0.128518
6377,26,0.363581,0.010002,0.010002,0.139965,0.476449,0.055234,0.944766,0.122546,0.12412
6378,24,0.36321,0.010003,0.010003,0.140001,0.476784,0.054546,0.945454,0.130427,0.134014
6379,30,0.363041,0.009998,0.009998,0.139966,0.476997,0.054414,0.945586,0.120111,0.120571
6380,32,0.362992,0.010001,0.010001,0.139976,0.477031,0.054352,0.945648,0.12168,0.121788
6381,32,0.363122,0.009998,0.009998,0.139948,0.476935,0.05418,0.94582,0.123191,0.123917
6382,24,0.362825,0.010005,0.010005,0.140012,0.477154,0.053508,0.946492,0.134361,0.137818
6383,24,0.362783,0.009999,0.010124,0.139996,0.477098,0.054776,0.945224,0.115392,0.108334
6384,30,0.362592,0.010005,0.010005,0.140065,0.477334,0.054645,0.945355,0.129766,0.130283
6385,24,0.362084,0.010487,0.010107,0.140048,0.477274,0.054626,0.945374,0.127972,0.127845
6386,24,0.362243,0.010003,0.010003,0.140096,0.477654,0.054261,0.945739,0.120255,0.122004
6387,26,0.361966,0.009998,0.009998,0.140072,0.477966,0.054158,0.945842,0.120861,0.121219
6388,24,0.362201,0.009996,0.009996,0.140019,0.477787,0.05492,0.94508,0.117325,0.112956
6389,30,0.361832,0.01,0.01,0.14002,0.478148,0.055279,0.944721,0.11655,0.114353
6390,30,0.36227,0.009993,0.009993,0.139923,0.47782,0.055781,0.944219,0.102545,0.099509
6391,24,0.361754,0.010208,0.010001,0.139941,0.478096,0.054998,0.945002,0.131739,0.135882
6392,24,0.361449,0.010241,0.010004,0.140002,0.478304,0.054583,0.945417,0.134276,0.136338
6393,36,0.361705,0.01,0.01,0.14,0.478296,0.055154,0.944846,0.110366,0.107016
6394,36,0.361944,0.009996,0.010041,0.139937,0.478082,0.055439,0.944561,0.110457,0.108672
6395,24,0.362194,0.009997,0.009997,0.139891,0.477922,0.056613,0.943387,0.111144,0.104316
6396,24,0.361896,0.010005,0.010005,0.139954,0.47814,0.056147,0.943853,0.128131,0.130532
6397,24,0.3619,0.01,0.01,0.139956,0.478144,0.057403,0.942597,0.115523,0.10814
6398,30,0.361299,0.010514,0.011224,0.139698,0.477265,0.057262,0.942738,0.129763,0.130303
6399,26,0.362133,0.010009,0.010112,0.139831,0.477915,0.057296,0.942704,0.110771,0.110347
6400,24,0.361844,0.010111,0.010005,0.139897,0.478143,0.056617,0.943383,0.128059,0.131702
6401,30,0.362419,0.009992,0.01002,0.139791,0.477778,0.057258,0.942742,0.105689,0.101839
6402,24,0.362296,0.010002,0.010002,0.13982,0.47788,0.056636,0.943364,0.12672,0.130039
6403,24,0.362002,0.010005,0.010005,0.139886,0.478103,0.05604,0.94396,0.134367,0.13753
6404,32,0.361676,0.010001,0.010001,0.139894,0.478429,0.056126,0.943874,0.132984,0.132272
6405,32,0.361784,0.009993,0.009993,0.139802,0.478427,0.056717,0.943283,0.103622,0.100046
6406,32,0.361644,0.009999,0.009999,0.139791,0.478566,0.057203,0.942797,0.107808,0.104821
6407,32,0.361497,0.010002,0.010002,0.139823,0.478675,0.057796,0.942204,0.115797,0.112154
6408,32,0.361939,0.009993,0.009993,0.139728,0.478347,0.057801,0.942199,0.092036,0.09171
6409,30,0.361927,0.009997,0.009997,0.139686,0.478393,0.058017,0.941983,0.115133,0.11363
6410,30,0.361607,0.010057,0.010001,0.139705,0.47863,0.058057,0.941943,0.126471,0.126013
6411,30,0.361738,0.009999,0.009999,0.139689,0.478575,0.059016,0.940984,0.116747,0.110901
6412,30,0.36177,0.009999,0.009999,0.139682,0.478549,0.058649,0.941351,0.12065,0.122511
6413,24,0.361706,0.010001,0.010001,0.139695,0.478597,0.058106,0.941894,0.1231,0.12604
6414,32,0.36164,0.010048,0.010004,0.139699,0.478609,0.058441,0.941559,0.12625,0.124066
6415,24,0.361363,0.010005,0.010005,0.139771,0.478855,0.0578,0.9422,0.128105,0.131583
6416,36,0.361391,0.009996,0.009996,0.139709,0.478909,0.057721,0.942279,0.107818,0.107981
6417,30,0.36132,0.009998,0.009998,0.139682,0.479003,0.057805,0.942195,0.109692,0.108928
6418,24,0.361023,0.010005,0.010005,0.139746,0.479222,0.057169,0.942831,0.128105,0.131535
6419,24,0.361048,0.01,0.01,0.139742,0.479211,0.056463,0.943537,0.115953,0.119723
6420,24,0.36097,0.009998,0.009998,0.139712,0.479322,0.055909,0.944091,0.117698,0.12057
6421,30,0.361513,0.009991,0.009991,0.139593,0.478912,0.056781,0.943219,0.105853,0.100728
6422,24,0.361743,0.009996,0.009996,0.139538,0.478726,0.057953,0.942047,0.111155,0.104177
6423,26,0.361604,0.010002,0.010002,0.139567,0.478824,0.057449,0.942551,0.124355,0.127057
6424,30,0.361606,0.01,0.01,0.139568,0.478826,0.057763,0.942237,0.129621,0.12752
6425,36,0.361862,0.009996,0.009996,0.139512,0.478634,0.058034,0.941966,0.109263,0.10747
6426,38,0.361571,0.009996,0.009996,0.139456,0.478981,0.058134,0.941866,0.112895,0.112053
6427,32,0.361347,0.010003,0.010003,0.139503,0.479144,0.058209,0.941791,0.125543,0.12489
6428,30,0.361179,0.01,0.01,0.1395,0.479321,0.058187,0.941813,0.118565,0.118385
6429,24,0.361554,0.009994,0.009994,0.139418,0.47904,0.059165,0.940835,0.105338,0.099353
6430,36,0.361341,0.009998,0.009998,0.139396,0.479266,0.059231,0.940769,0.118722,0.118065
6431,26,0.361555,0.009997,0.009997,0.139348,0.479103,0.058677,0.941323,0.113665,0.11668
6432,30,0.36145,0.010002,0.010002,0.13937,0.479177,0.058956,0.941044,0.121827,0.119948
6433,26,0.361611,0.009995,0.010149,0.139302,0.478943,0.058297,0.941703,0.117445,0.121059
6434,30,0.361913,0.009998,0.009998,0.139267,0.478825,0.058816,0.941184,0.10607,0.102693
6435,26,0.361839,0.010001,0.010001,0.139282,0.478876,0.058426,0.941574,0.114152,0.116177
6436,26,0.361704,0.010002,0.010002,0.139312,0.47898,0.058105,0.941895,0.122542,0.124207
6437,26,0.361569,0.010002,0.010002,0.139343,0.479084,0.058014,0.941986,0.122514,0.122836
6438,30,0.361848,0.009996,0.009996,0.139283,0.478878,0.057717,0.942283,0.10999,0.111444
6439,24,0.36155,0.010005,0.010005,0.139346,0.479095,0.05739,0.94261,0.128209,0.129884
6440,24,0.36118,0.010003,0.010003,0.139382,0.479433,0.057026,0.942974,0.122154,0.123999
6441,32,0.361134,0.010001,0.010001,0.139393,0.479471,0.057637,0.942363,0.117016,0.113314
6442,24,0.3607,0.010355,0.010031,0.139404,0.47951,0.05716,0.94284,0.125929,0.128432
6443,34,0.360612,0.010373,0.010002,0.139427,0.479586,0.05746,0.94254,0.12446,0.122512
6444,24,0.360586,0.010098,0.010005,0.139494,0.479817,0.056803,0.943197,0.124498,0.128009
6445,30,0.360813,0.009998,0.009998,0.139467,0.479724,0.057007,0.942993,0.116073,0.114676
6446,32,0.360546,0.009995,0.010598,0.139393,0.479469,0.0575,0.9425,0.126245,0.123202
6447,24,0.360237,0.010292,0.010345,0.139452,0.479674,0.056742,0.943258,0.134249,0.138368
6448,32,0.360497,0.010006,0.010006,0.139534,0.479957,0.056975,0.943025,0.126413,0.124843
6449,24,0.360424,0.009998,0.009998,0.139506,0.480074,0.056923,0.943077,0.119814,0.119847
6450,36,0.360151,0.009998,0.009998,0.139473,0.480381,0.056869,0.943131,0.116382,0.116428
6451,24,0.360149,0.01,0.01,0.139472,0.480379,0.057768,0.942232,0.121694,0.116242
6452,24,0.359776,0.010002,0.010002,0.139507,0.480712,0.057221,0.942779,0.124212,0.127132
6453,30,0.359792,0.01,0.01,0.139504,0.480704,0.056767,0.943233,0.11624,0.118499
6454,30,0.35957,0.009998,0.009998,0.13948,0.480953,0.057399,0.942601,0.112323,0.108464
6455,26,0.359317,0.010301,0.010197,0.139425,0.480761,0.056699,0.943301,0.123476,0.127227
6456,30,0.359454,0.010639,0.009996,0.139363,0.480548,0.056157,0.943843,0.125968,0.128761
6457,24,0.35992,0.010003,0.010003,0.1394,0.480675,0.056337,0.943663,0.117338,0.116093
6458,26,0.360203,0.009993,0.009993,0.139296,0.480515,0.055761,0.944239,0.111855,0.114871
6459,26,0.35999,0.01,0.01,0.139296,0.480713,0.055565,0.944435,0.118756,0.119638
6460,26,0.359853,0.010002,0.010002,0.139326,0.480816,0.054904,0.945096,0.128139,0.131583
6461,32,0.359743,0.009999,0.009999,0.139313,0.480946,0.054983,0.945017,0.12316,0.122513
6462,26,0.359987,0.009993,0.009993,0.139216,0.480811,0.054942,0.945058,0.110737,0.110752
6463,24,0.359728,0.010158,0.010593,0.139103,0.480419,0.054176,0.945824,0.1241,0.128058
6464,26,0.359381,0.010226,0.010129,0.139225,0.481038,0.053809,0.946191,0.130496,0.132271
6465,30,0.359509,0.010004,0.010004,0.139275,0.481209,0.054494,0.945506,0.119735,0.115805
6466,26,0.359303,0.01,0.01,0.139278,0.481418,0.054109,0.945891,0.124538,0.126443
6467,26,0.35952,0.009997,0.009997,0.139231,0.481256,0.053619,0.946381,0.117487,0.119905
6468,32,0.359406,0.009999,0.009999,0.139216,0.48138,0.054114,0.945886,0.118531,0.115651
6469,32,0.359342,0.009998,0.009998,0.139191,0.481471,0.054373,0.945627,0.122057,0.120442
6470,36,0.359242,0.010002,0.010002,0.139212,0.481543,0.054359,0.945641,0.1235,0.123359
6471,26,0.358671,0.010055,0.010005,0.139283,0.481987,0.053561,0.946439,0.131847,0.13598
6472,24,0.358615,0.009997,0.010276,0.139248,0.481864,0.053331,0.946669,0.124147,0.125114
6473,24,0.358479,0.010003,0.010003,0.13929,0.482225,0.052635,0.947365,0.126795,0.130303
6474,26,0.358481,0.01,0.01,0.139291,0.482228,0.052694,0.947306,0.116658,0.116167
6475,36,0.358215,0.010463,0.009997,0.139247,0.482078,0.052678,0.947322,0.123351,0.123226
6476,32,0.358356,0.010005,0.010005,0.139317,0.482318,0.052966,0.947034,0.11,0.108294
6477,24,0.358737,0.009994,0.009994,0.139236,0.482038,0.052856,0.947144,0.113843,0.114219
6478,24,0.358656,0.009998,0.009998,0.139205,0.482144,0.052195,0.947805,0.117755,0.121051
6479,30,0.358878,0.009994,0.010139,0.139124,0.481865,0.052497,0.947503,0.113192,0.111424
6480,30,0.358853,0.009999,0.010032,0.139114,0.482002,0.05269,0.94731,0.116372,0.115159
6481,30,0.358839,0.009998,0.009998,0.139083,0.482082,0.051942,0.948058,0.126518,0.130213
6482,30,0.35932,0.009992,0.009992,0.138978,0.481718,0.052253,0.947747,0.100423,0.098573
6483,32,0.359444,0.009998,0.009998,0.138948,0.481612,0.052661,0.947339,0.107746,0.105451
6484,32,0.359417,0.009998,0.009998,0.138914,0.481673,0.052489,0.947511,0.122904,0.123614
6485,32,0.359522,0.009998,0.009998,0.138891,0.481591,0.052793,0.947207,0.107688,0.105902
6486,24,0.359758,0.009996,0.009996,0.138839,0.481411,0.053557,0.946443,0.117323,0.113058
6487,24,0.359825,0.009999,0.009999,0.138823,0.481355,0.053515,0.946485,0.121964,0.121983
6488,30,0.359844,0.009997,0.009997,0.138777,0.481386,0.054065,0.945935,0.115064,0.111902
6489,24,0.359841,0.01,0.01,0.138776,0.481383,0.054969,0.945031,0.121661,0.116464
6490,26,0.359633,0.01,0.01,0.138779,0.481588,0.054315,0.945685,0.124565,0.127966
6491,32,0.359629,0.009998,0.009998,0.138744,0.481632,0.054195,0.945805,0.119468,0.119889
6492,26,0.35949,0.010002,0.010002,0.138773,0.481733,0.054014,0.945986,0.122332,0.123112
6493,24,0.359428,0.010001,0.010001,0.138787,0.481783,0.054236,0.945764,0.123117,0.121704
6494,36,0.359775,0.009995,0.009995,0.138713,0.481524,0.055089,0.944911,0.100523,0.095693
6495,30,0.359651,0.010078,0.010484,0.138612,0.481175,0.055346,0.944654,0.12823,0.126585
6496,24,0.359557,0.01001,0.01001,0.138754,0.481668,0.054622,0.945378,0.126128,0.129886
6497,24,0.359204,0.010006,0.010006,0.138835,0.481949,0.053894,0.946106,0.13579,0.139569
6498,24,0.358522,0.010903,0.009997,0.138789,0.481789,0.05309,0.94691,0.135637,0.139752
6499,32,0.358782,0.010007,0.010007,0.13889,0.482314,0.053324,0.946676,0.12208,0.12063
6500,26,0.358932,0.009995,0.009995,0.138817,0.482261,0.052829,0.947171,0.110108,0.112531
6501,30,0.359516,0.009991,0.009991,0.138689,0.481814,0.053085,0.946915,0.096817,0.095223
6502,26,0.359723,0.009994,0.010133,0.13861,0.48154,0.052889,0.947111,0.116255,0.117059
6503,24,0.359472,0.010006,0.010006,0.138692,0.481824,0.052257,0.947743,0.128112,0.13124
6504,32,0.359597,0.009997,0.010087,0.138647,0.481671,0.052856,0.947144,0.115067,0.111732
6505,26,0.360411,0.009989,0.009989,0.13849,0.481122,0.052895,0.947105,0.092915,0.092475
6506,24,0.360469,0.009995,0.010239,0.138419,0.480878,0.052404,0.947596,0.114618,0.11698
6507,26,0.360274,0.010001,0.010001,0.138426,0.481298,0.052033,0.947967,0.11515,0.116917
6508,24,0.359902,0.010002,0.010002,0.138461,0.481632,0.051591,0.948409,0.124188,0.126273
6509,26,0.359696,0.01,0.01,0.138464,0.48184,0.051224,0.948776,0.120643,0.122356
6510,26,0.360087,0.009991,0.009991,0.138337,0.481595,0.051244,0.948756,0.100398,0.100088
6511,24,0.360318,0.009996,0.009996,0.138283,0.481407,0.051268,0.948732,0.117385,0.117074
6512,24,0.360315,0.01,0.01,0.138282,0.481404,0.051273,0.948727,0.121707,0.121479
6513,30,0.360402,0.009999,0.009999,0.138263,0.481338,0.051484,0.948516,0.128396,0.127115
6514,38,0.359799,0.010278,0.010001,0.138272,0.48165,0.051535,0.948465,0.135234,0.134765
6515,30,0.359797,0.010004,0.010004,0.138333,0.481861,0.051643,0.948357,0.115329,0.114548
6516,24,0.359884,0.009992,0.009992,0.138224,0.481908,0.051779,0.948221,0.109444,0.108538
6517,24,0.359793,0.009994,0.009994,0.138148,0.48207,0.051608,0.948392,0.113962,0.114638
6518,30,0.360833,0.009984,0.009984,0.137921,0.481279,0.052245,0.947755,0.085094,0.081601
6519,24,0.360213,0.0103,0.010555,0.137861,0.48107,0.05202,0.94798,0.134208,0.135191
6520,26,0.359704,0.011098,0.010004,0.137919,0.481274,0.051144,0.948856,0.134149,0.138508
6521,24,0.359971,0.010216,0.010006,0.138008,0.481799,0.050468,0.949532,0.112038,0.115262
6522,26,0.360677,0.009992,0.009992,0.137904,0.481434,0.05,0.95,0.105538,0.108595
6523,32,0.360703,0.009999,0.009999,0.137895,0.481404,0.050111,0.949889,0.112407,0.111674
6524,32,0.360859,0.009998,0.009998,0.137861,0.481285,0.050079,0.949921,0.114643,0.114557
6525,24,0.361094,0.009996,0.009996,0.137809,0.481104,0.051141,0.948859,0.111156,0.105636
6526,30,0.360989,0.010002,0.010002,0.13783,0.481178,0.051856,0.948144,0.115468,0.111599
6527,24,0.360355,0.010761,0.009998,0.137803,0.481083,0.051062,0.948938,0.135632,0.139559
6528,32,0.360681,0.010007,0.010007,0.137897,0.481409,0.051585,0.948415,0.109967,0.107104
6529,32,0.361167,0.009993,0.009993,0.137795,0.481053,0.051684,0.948316,0.107079,0.106337
6530,30,0.360857,0.010002,0.010002,0.137818,0.481321,0.051715,0.948285,0.136253,0.135893
6531,24,0.360653,0.01,0.01,0.137816,0.48153,0.051717,0.948283,0.120699,0.120488
6532,30,0.360605,0.009998,0.009998,0.13779,0.481609,0.051699,0.948301,0.122964,0.12278
6533,30,0.360536,0.009998,0.009998,0.137763,0.481704,0.052269,0.947731,0.10965,0.106494
6534,24,0.360457,0.009998,0.009998,0.137733,0.481814,0.051668,0.948332,0.119831,0.122774
6535,36,0.359986,0.009991,0.010864,0.137612,0.481546,0.052121,0.947879,0.127375,0.124864
6536,26,0.360421,0.009997,0.010623,0.137568,0.481391,0.052027,0.947973,0.115501,0.115795
6537,30,0.360253,0.010007,0.010007,0.13766,0.482074,0.051747,0.948253,0.116613,0.117872
6538,24,0.360661,0.009992,0.010135,0.137544,0.481668,0.051653,0.948347,0.116141,0.116397
6539,26,0.360411,0.010006,0.010006,0.137625,0.481952,0.051291,0.948709,0.131012,0.132685
6540,24,0.36057,0.009998,0.009998,0.137594,0.481841,0.050948,0.949052,0.114855,0.116401
6541,36,0.360552,0.009996,0.009996,0.137539,0.481916,0.051434,0.948566,0.106659,0.104001
6542,24,0.360152,0.010108,0.010005,0.137602,0.482134,0.051147,0.948853,0.129468,0.130748
6543,24,0.359896,0.010006,0.010006,0.137681,0.482411,0.050479,0.949521,0.134348,0.137599
6544,32,0.360058,0.009998,0.009998,0.137648,0.482298,0.050623,0.949377,0.099244,0.098274
6545,26,0.359985,0.009998,0.009998,0.137621,0.482398,0.050176,0.949824,0.122506,0.124606
6546,38,0.359677,0.01,0.01,0.137626,0.482696,0.050089,0.949911,0.128309,0.128548
6547,26,0.35947,0.01,0.01,0.137629,0.482901,0.050033,0.949967,0.124419,0.124522
6548,26,0.359438,0.009994,0.009994,0.137551,0.483023,0.050043,0.949957,0.107348,0.10712
6549,24,0.359178,0.010162,0.010593,0.137438,0.482628,0.05,0.95,0.124105,0.124548
6550,24,0.359153,0.010012,0.010012,0.137606,0.483217,0.05,0.95,0.128206,0.130865
6551,26,0.359025,0.010002,0.010002,0.137638,0.483331,0.05,0.95,0.128109,0.128163
6552,30,0.358857,0.009998,0.009998,0.137605,0.483543,0.05,0.95,0.110149,0.110288
6553,26,0.359195,0.009995,0.009995,0.137531,0.483284,0.050262,0.949738,0.108879,0.107395
6554,32,0.359143,0.010001,0.010001,0.13754,0.483315,0.05067,0.94933,0.117028,0.114801
6555,32,0.358862,0.010002,0.010002,0.137565,0.483569,0.050622,0.949378,0.121676,0.12173
6556,30,0.35814,0.01,0.010869,0.13746,0.483531,0.050708,0.949292,0.130026,0.129419
6557,24,0.358014,0.010012,0.010012,0.137628,0.484334,0.0505,0.9495,0.125616,0.12651
6558,30,0.358095,0.009994,0.009994,0.137545,0.484372,0.051061,0.948939,0.106524,0.103519
6559,26,0.357953,0.010002,0.010002,0.137573,0.48447,0.050566,0.949434,0.124326,0.126686
6560,32,0.357586,0.01,0.01,0.137579,0.484834,0.050514,0.949486,0.118578,0.118654
6561,24,0.357674,0.009999,0.009999,0.137561,0.484769,0.05,0.95,0.122802,0.12553
6562,24,0.357268,0.010127,0.010004,0.137621,0.484981,0.05,0.95,0.135694,0.137759
6563,26,0.357002,0.010434,0.010055,0.137601,0.484909,0.05,0.95,0.128019,0.130486
6564,32,0.356552,0.010957,0.009997,0.137561,0.484933,0.05,0.95,0.137086,0.137105
6565,24,0.356511,0.010439,0.010009,0.137682,0.48536,0.05,0.95,0.126207,0.126617
6566,24,0.356297,0.010007,0.010007,0.137777,0.485912,0.05,0.95,0.124102,0.126944
6567,26,0.356144,0.010002,0.01006,0.137801,0.485994,0.05,0.95,0.124225,0.125927
6568,24,0.355792,0.010003,0.010003,0.137843,0.486358,0.05,0.95,0.124073,0.126057
6569,24,0.356033,0.009996,0.009996,0.137793,0.486181,0.050758,0.949242,0.117352,0.113347
6570,30,0.35639,0.009994,0.009994,0.137715,0.485906,0.05133,0.94867,0.109253,0.106151
6571,30,0.356516,0.009995,0.009995,0.137649,0.485845,0.052078,0.947922,0.113063,0.109044
6572,32,0.356512,0.01,0.01,0.137648,0.48584,0.052878,0.947122,0.116102,0.111712
6573,26,0.35657,0.009996,0.009996,0.137593,0.485845,0.052266,0.947734,0.114727,0.117752
6574,24,0.356514,0.009997,0.009997,0.137558,0.485933,0.051606,0.948394,0.120284,0.123506
6575,24,0.356215,0.010005,0.010005,0.137621,0.486156,0.050857,0.949143,0.134319,0.137993
6576,24,0.35592,0.010005,0.010005,0.137686,0.486385,0.05045,0.94955,0.126091,0.127982
6577,32,0.355889,0.009998,0.009998,0.137657,0.486458,0.051056,0.948944,0.106887,0.10366
6578,24,0.355888,0.01,0.01,0.137656,0.486456,0.051831,0.948169,0.121671,0.117491
6579,30,0.355795,0.009999,0.009999,0.137636,0.486572,0.052037,0.947963,0.109678,0.108396
6580,26,0.355905,0.009998,0.009998,0.137612,0.486487,0.052275,0.947725,0.11461,0.1132
6581,36,0.356164,0.009996,0.009996,0.137556,0.486289,0.05227,0.94773,0.117539,0.117384
6582,30,0.355889,0.009999,0.009999,0.137542,0.486571,0.052356,0.947644,0.105878,0.105194
6583,24,0.355526,0.010006,0.010006,0.137619,0.486844,0.052157,0.947843,0.127526,0.128395
6584,24,0.355232,0.010005,0.010005,0.137684,0.487074,0.05173,0.94827,0.128149,0.130175
6585,26,0.355454,0.009997,0.009997,0.137639,0.486913,0.051447,0.948553,0.113827,0.115095
6586,30,0.355385,0.009998,0.009998,0.137612,0.487007,0.051192,0.948808,0.122828,0.123946
6587,30,0.355079,0.010002,0.010002,0.137636,0.487281,0.050686,0.949314,0.126217,0.128592
6588,30,0.354731,0.010271,0.010042,0.137645,0.487311,0.050504,0.949496,0.122959,0.123643
6589,24,0.354544,0.010008,0.010008,0.137752,0.487689,0.05,0.95,0.128098,0.131074
6590,24,0.354421,0.010002,0.010002,0.137781,0.487794,0.050023,0.949977,0.124535,0.124219
6591,36,0.353943,0.010005,0.010005,0.137853,0.488194,0.05,0.95,0.12885,0.129383
6592,26,0.354166,0.009997,0.009997,0.137807,0.488033,0.05,0.95,0.117599,0.120368
6593,24,0.35379,0.010002,0.010002,0.137841,0.488364,0.05,0.95,0.130215,0.133549
6594,36,0.353627,0.010184,0.01,0.137837,0.488352,0.050186,0.949814,0.121962,0.120845
6595,32,0.353087,0.010477,0.010425,0.137762,0.488249,0.050356,0.949644,0.137059,0.136025
6596,26,0.353197,0.010209,0.010009,0.137888,0.488696,0.05,0.95,0.128112,0.131214
6597,30,0.352853,0.010045,0.010003,0.137928,0.48917,0.05,0.95,0.120123,0.122811
6598,26,0.352981,0.009999,0.009999,0.137911,0.48911,0.050224,0.949776,0.114625,0.113343
6599,30,0.353026,0.009996,0.009996,0.137861,0.48912,0.050558,0.949442,0.113272,0.111383
6600,32,0.353184,0.009997,0.009997,0.137826,0.488995,0.050461,0.949539,0.114193,0.114464
6601,24,0.352883,0.010005,0.010005,0.137889,0.489218,0.05,0.95,0.126001,0.128213
6602,26,0.352872,0.009997,0.009997,0.137851,0.489282,0.05,0.95,0.111217,0.113887
6603,30,0.353063,0.009997,0.009997,0.13781,0.489134,0.050049,0.949951,0.109714,0.10928
6604,36,0.352706,0.009997,0.009997,0.137769,0.48953,0.050193,0.949807,0.109793,0.108887
6605,24,0.352774,0.009999,0.009999,0.137754,0.489474,0.050084,0.949916,0.121977,0.122342
6606,24,0.352774,0.01,0.01,0.137753,0.489473,0.05,0.95,0.12989,0.133525
6607,24,0.353127,0.009995,0.009995,0.137678,0.489206,0.050764,0.949236,0.10973,0.105662
6608,24,0.353049,0.010001,0.010001,0.137692,0.489257,0.05052,0.94948,0.125155,0.126154
6609,30,0.352795,0.009999,0.010304,0.137682,0.48922,0.05041,0.94959,0.139378,0.139733
6610,32,0.353034,0.010001,0.010001,0.137696,0.489269,0.051206,0.948794,0.107766,0.103561
6611,34,0.352864,0.010079,0.010394,0.13763,0.489034,0.051639,0.948361,0.121405,0.118992
6612,30,0.352928,0.010006,0.010006,0.137717,0.489343,0.052199,0.947801,0.122025,0.118927
6613,32,0.352799,0.009997,0.009997,0.137681,0.489525,0.052017,0.947983,0.113128,0.113879
6614,26,0.352789,0.01,0.01,0.137682,0.489529,0.05147,0.94853,0.124823,0.127493
6615,32,0.352477,0.010135,0.010117,0.137695,0.489576,0.05108,0.94892,0.139371,0.141202
6616,24,0.352191,0.010005,0.010005,0.137764,0.490035,0.05055,0.94945,0.122063,0.124595
6617,24,0.352195,0.01,0.01,0.137765,0.49004,0.051796,0.948204,0.113436,0.10686
6618,24,0.35266,0.009993,0.009993,0.137666,0.489688,0.051733,0.948267,0.108367,0.108472
6619,24,0.352356,0.010004,0.010004,0.137728,0.489907,0.051259,0.948741,0.125987,0.128251
6620,30,0.352552,0.009997,0.009997,0.137688,0.489765,0.051513,0.948487,0.116122,0.114619
6621,26,0.352412,0.010002,0.010002,0.137717,0.489867,0.050909,0.949091,0.128192,0.131141
6622,24,0.352099,0.010048,0.010004,0.137775,0.490074,0.050048,0.949952,0.134236,0.138433
6623,32,0.352379,0.009996,0.009996,0.137726,0.489901,0.050407,0.949593,0.098394,0.09639
6624,24,0.352618,0.009996,0.009996,0.137674,0.489716,0.051238,0.948762,0.117371,0.112928
6625,24,0.352855,0.009996,0.009996,0.137622,0.48953,0.051354,0.948646,0.117317,0.11654
6626,24,0.352723,0.010002,0.010002,0.137649,0.489624,0.050429,0.949571,0.132876,0.137429
6627,30,0.352425,0.010002,0.010002,0.137676,0.489894,0.05,0.95,0.126551,0.12877
6628,24,0.352427,0.01,0.01,0.137677,0.489896,0.051268,0.948732,0.115517,0.108918
6629,24,0.352668,0.009996,0.009996,0.137626,0.489714,0.052283,0.947717,0.109142,0.103728
6630,24,0.352242,0.010171,0.010004,0.137679,0.489904,0.051702,0.948298,0.135641,0.138495
6631,30,0.352065,0.010005,0.010005,0.137754,0.49017,0.05176,0.94824,0.123049,0.122555
6632,24,0.351769,0.010005,0.010005,0.137819,0.490402,0.051132,0.948868,0.128065,0.131122
6633,24,0.350803,0.011026,0.010852,0.137621,0.489698,0.050957,0.949043,0.134054,0.134741
6634,32,0.351081,0.010264,0.01022,0.137866,0.490569,0.050815,0.949185,0.125477,0.126029
6635,30,0.351444,0.010002,0.010002,0.137892,0.49066,0.051172,0.948828,0.116123,0.114099
6636,36,0.351253,0.009999,0.009999,0.137877,0.490873,0.051289,0.948711,0.116222,0.115439
6637,30,0.351053,0.009998,0.009998,0.137849,0.491102,0.051329,0.948671,0.112227,0.111784
6638,32,0.351232,0.009997,0.009997,0.13781,0.490963,0.051695,0.948305,0.117365,0.115313
6639,24,0.350931,0.010005,0.010005,0.137873,0.491187,0.051181,0.948819,0.128125,0.130589
6640,24,0.35057,0.010006,0.010006,0.137951,0.491468,0.050478,0.949522,0.127417,0.130841
6641,36,0.35036,0.009999,0.009999,0.137942,0.4917,0.050393,0.949607,0.120511,0.120769
6642,26,0.349782,0.010423,0.010809,0.137799,0.491187,0.050511,0.949489,0.127949,0.12718
6643,36,0.350039,0.009998,0.010977,0.137766,0.491219,0.050821,0.949179,0.113539,0.111753
6644,24,0.350542,0.010007,0.010007,0.137867,0.491577,0.050225,0.949775,0.114925,0.11775
6645,30,0.350576,0.009995,0.009995,0.137793,0.491643,0.050318,0.949682,0.109685,0.109031
6646,26,0.350931,0.009994,0.009994,0.137715,0.491365,0.05,0.95,0.111824,0.114128
6647,24,0.351748,0.009987,0.009987,0.137539,0.490738,0.05,0.95,0.096474,0.096657
6648,30,0.351332,0.010001,0.010001,0.137552,0.491114,0.05,0.95,0.1135,0.114333
6649,26,0.351375,0.009996,0.009996,0.137502,0.491131,0.050292,0.949708,0.111023,0.109397
6650,24,0.351513,0.009998,0.009998,0.137471,0.491021,0.051361,0.948639,0.111807,0.106203
6651,24,0.351212,0.010005,0.010005,0.137534,0.491245,0.050736,0.949264,0.126072,0.129103
6652,24,0.351075,0.009999,0.009999,0.137519,0.491408,0.05,0.95,0.127327,0.131224
6653,24,0.351435,0.009994,0.009994,0.137442,0.491133,0.05,0.95,0.111464,0.113093
6654,30,0.35104,0.01,0.01,0.137448,0.491511,0.05,0.95,0.123079,0.125307
6655,24,0.351132,0.009992,0.009992,0.137338,0.491546,0.05,0.95,0.109422,0.109846
6656,30,0.350997,0.010002,0.010002,0.137363,0.491636,0.050297,0.949703,0.115516,0.113851
6657,34,0.350903,0.010001,0.010001,0.137384,0.49171,0.050745,0.949255,0.124605,0.122156
6658,24,0.350605,0.010005,0.010005,0.137448,0.491938,0.050054,0.949946,0.128054,0.131365
6659,24,0.35085,0.009996,0.009996,0.137398,0.49176,0.051241,0.948759,0.111219,0.105026
6660,24,0.350881,0.009998,0.010076,0.137373,0.491672,0.050808,0.949192,0.115639,0.117648
6661,30,0.350737,0.01,0.01,0.13738,0.491883,0.051126,0.948874,0.118486,0.11665
6662,38,0.350331,0.010006,0.010006,0.137466,0.492191,0.051206,0.948794,0.124563,0.123985
6663,30,0.350335,0.01,0.01,0.137467,0.492197,0.051131,0.948869,0.119582,0.119764
6664,26,0.350197,0.010002,0.010002,0.137497,0.492302,0.050604,0.949396,0.124316,0.126838
6665,30,0.349959,0.010004,0.010004,0.137548,0.492486,0.051047,0.948953,0.129738,0.127283
6666,24,0.349961,0.01,0.01,0.137549,0.492489,0.050329,0.949671,0.123744,0.127184
6667,26,0.350091,0.009998,0.009998,0.137522,0.492391,0.050225,0.949775,0.118514,0.118851
6668,24,0.349798,0.01011,0.010071,0.137545,0.492475,0.050185,0.949815,0.126097,0.126111
6669,30,0.349663,0.01,0.01,0.137542,0.492795,0.050446,0.949554,0.112229,0.110726
6670,30,0.349663,0.01,0.01,0.137542,0.492795,0.051199,0.948801,0.113125,0.109112
6671,26,0.349455,0.01,0.01,0.137544,0.493,0.050832,0.949168,0.120558,0.122264
6672,26,0.34957,0.009994,0.010302,0.137455,0.492679,0.050373,0.949627,0.117539,0.119675
6673,24,0.349373,0.010008,0.010008,0.137559,0.493053,0.05,0.95,0.127992,0.129788
6674,30,0.349073,0.010002,0.010002,0.137586,0.493337,0.05,0.95,0.126246,0.126201
6675,36,0.34886,0.009999,0.009999,0.137576,0.493565,0.05,0.95,0.120506,0.12082
6676,24,0.349557,0.009989,0.009989,0.137429,0.493036,0.050992,0.949008,0.098403,0.093249
6677,24,0.350571,0.009984,0.009984,0.13721,0.492251,0.050966,0.949034,0.094633,0.09452
6678,24,0.35056,0.01,0.01,0.137205,0.492235,0.051877,0.948123,0.121701,0.116775
6679,36,0.350812,0.009994,0.009994,0.137121,0.492079,0.052927,0.947073,0.098661,0.09297
6680,24,0.350808,0.01,0.01,0.137119,0.492073,0.054189,0.945811,0.115517,0.108539
6681,26,0.350669,0.010002,0.010002,0.137149,0.492178,0.053829,0.946171,0.12233,0.124077
6682,32,0.35079,0.009995,0.009995,0.137087,0.492132,0.05447,0.94553,0.104933,0.101306
6683,26,0.350511,0.009998,0.009998,0.137061,0.492433,0.054132,0.945868,0.115061,0.116698
6684,30,0.350663,0.009998,0.009998,0.137028,0.492314,0.054118,0.945882,0.108581,0.108371
6685,24,0.350361,0.010005,0.010005,0.13709,0.492539,0.053578,0.946422,0.134276,0.137004
6686,26,0.350365,0.01,0.01,0.137092,0.492544,0.053768,0.946232,0.122354,0.121125
6687,24,0.35059,0.009997,0.009997,0.137044,0.492373,0.052969,0.947031,0.120883,0.124941
6688,32,0.350464,0.009999,0.009999,0.137034,0.492503,0.052922,0.947078,0.11758,0.117625
6689,30,0.349178,0.011451,0.011483,0.136675,0.491213,0.053043,0.946957,0.139315,0.138479
6690,32,0.350056,0.010032,0.010032,0.137109,0.492772,0.053678,0.946322,0.114273,0.110688
6691,24,0.35032,0.009997,0.009997,0.137067,0.49262,0.054416,0.945584,0.117395,0.113195
6692,24,0.350318,0.01,0.01,0.137066,0.492617,0.05532,0.94468,0.121694,0.116465
6693,30,0.350317,0.01,0.01,0.137066,0.492616,0.055523,0.944477,0.119736,0.118366
6694,24,0.350771,0.009993,0.009993,0.13697,0.492272,0.056147,0.943853,0.108833,0.105115
6695,30,0.350317,0.010343,0.010377,0.136909,0.492053,0.05614,0.94386,0.129391,0.129202
6696,28,0.350236,0.01001,0.01001,0.13704,0.492705,0.056069,0.943931,0.124938,0.125134
6697,24,0.350858,0.009991,0.009991,0.136913,0.492248,0.0555,0.9445,0.102023,0.104885
6698,26,0.350353,0.010004,0.010004,0.136973,0.492664,0.055062,0.944938,0.120887,0.123095
6699,30,0.350454,0.009999,0.009999,0.136954,0.492595,0.055163,0.944837,0.113019,0.112233
6700,30,0.350576,0.009995,0.010196,0.136885,0.492348,0.055512,0.944488,0.126104,0.123984
6701,26,0.350643,0.010002,0.010002,0.136912,0.492442,0.055068,0.944932,0.120368,0.1226
6702,30,0.35054,0.010002,0.010002,0.136934,0.492522,0.055464,0.944536,0.122043,0.119637
6703,36,0.350349,0.009999,0.009999,0.136919,0.492734,0.055758,0.944242,0.116197,0.11435
6704,28,0.350079,0.010004,0.010004,0.136976,0.492937,0.055442,0.944558,0.123216,0.124782
6705,24,0.350082,0.01,0.01,0.136977,0.492941,0.055003,0.944997,0.123821,0.126021
6706,30,0.34905,0.011231,0.010994,0.136717,0.492007,0.054902,0.945098,0.139353,0.13968
6707,30,0.349069,0.011,0.011484,0.136657,0.49179,0.05586,0.94414,0.116546,0.111023
6708,24,0.350182,0.010007,0.010933,0.136751,0.492127,0.055812,0.944188,0.107444,0.10743
6709,34,0.350444,0.010007,0.010036,0.136853,0.49266,0.056101,0.943899,0.118518,0.116687
6710,30,0.350953,0.009993,0.009993,0.136754,0.492306,0.055913,0.944087,0.102899,0.103658
6711,30,0.350845,0.010001,0.010001,0.136774,0.492378,0.056578,0.943422,0.115255,0.11127
6712,26,0.350888,0.009996,0.009996,0.136724,0.492395,0.056629,0.943371,0.110945,0.110443
6713,24,0.350511,0.010002,0.010002,0.136757,0.492727,0.05586,0.94414,0.130183,0.134294
6714,36,0.350254,0.009998,0.010116,0.13673,0.492903,0.055786,0.944214,0.122269,0.122455
6715,24,0.349831,0.010069,0.010004,0.136784,0.493312,0.054916,0.945084,0.13162,0.13625
6716,30,0.349778,0.010148,0.01,0.136779,0.493295,0.054804,0.945196,0.129515,0.129882
6717,24,0.350041,0.009993,0.010322,0.136686,0.492958,0.054467,0.945533,0.119902,0.12148
6718,30,0.349911,0.010007,0.010007,0.136779,0.493296,0.053911,0.946089,0.129696,0.132517
6719,36,0.349861,0.009999,0.009999,0.13676,0.493382,0.053971,0.946029,0.117745,0.117225
6720,30,0.350269,0.009994,0.009994,0.136673,0.49307,0.05381,0.94619,0.103274,0.103868
6721,24,0.350215,0.009997,0.009997,0.136637,0.493153,0.052945,0.947055,0.120315,0.124716
6722,24,0.350096,0.009995,0.010403,0.136575,0.49293,0.052656,0.947344,0.124204,0.125457
6723,36,0.349947,0.01,0.01,0.136577,0.493476,0.053021,0.946979,0.109556,0.107437
6724,30,0.349707,0.010004,0.010004,0.136628,0.493658,0.053412,0.946588,0.129759,0.127453
6725,32,0.349842,0.009998,0.009998,0.136601,0.493561,0.053569,0.946431,0.114,0.112972
6726,26,0.350523,0.009989,0.009989,0.136457,0.493042,0.053566,0.946434,0.103989,0.103776
6727,24,0.350215,0.010004,0.010004,0.136517,0.493259,0.05321,0.94679,0.128127,0.129845
6728,30,0.350161,0.010001,0.010001,0.13653,0.493307,0.053412,0.946588,0.121899,0.120608
6729,24,0.350223,0.009999,0.009999,0.136518,0.493261,0.052852,0.947148,0.11579,0.118506
6730,26,0.350352,0.009998,0.009998,0.13649,0.493162,0.052206,0.947794,0.118407,0.12161
6731,24,0.350276,0.009998,0.009998,0.13646,0.493268,0.052066,0.947934,0.119666,0.120148
6732,36,0.350616,0.009995,0.009995,0.136388,0.493007,0.052241,0.947759,0.117403,0.116312
6733,26,0.350833,0.009996,0.009996,0.13634,0.492834,0.0518,0.9482,0.1176,0.119708
6734,24,0.350755,0.009998,0.009998,0.13631,0.492939,0.051815,0.948185,0.117673,0.117383
6735,32,0.350681,0.010001,0.010001,0.136325,0.492992,0.051761,0.948239,0.121728,0.121812
6736,26,0.350464,0.010612,0.009996,0.136241,0.492687,0.051542,0.948458,0.125989,0.126937
6737,24,0.350797,0.010003,0.010064,0.136286,0.49285,0.052384,0.947616,0.118032,0.11343
6738,26,0.350323,0.010005,0.010005,0.136358,0.493308,0.051757,0.948243,0.12476,0.127859
6739,24,0.349952,0.010003,0.010003,0.136393,0.493649,0.051086,0.948914,0.130258,0.133543
6740,32,0.350333,0.009989,0.009989,0.136249,0.493438,0.05176,0.94824,0.095231,0.091607
6741,30,0.350326,0.01,0.01,0.136247,0.493428,0.051638,0.948362,0.126291,0.126746
6742,26,0.350672,0.009995,0.009995,0.136174,0.493165,0.051269,0.948731,0.108976,0.110681
6743,32,0.35062,0.010001,0.010001,0.136183,0.493196,0.051523,0.948477,0.111023,0.109536
6744,24,0.35062,0.01,0.01,0.136183,0.493197,0.051719,0.948281,0.121763,0.120562
6745,24,0.350646,0.01,0.01,0.136177,0.493177,0.050868,0.949132,0.124341,0.128499
6746,24,0.351099,0.009993,0.009993,0.136082,0.492833,0.051968,0.948032,0.102685,0.096828
6747,24,0.35118,0.009995,0.009995,0.136018,0.492812,0.051307,0.948693,0.110885,0.114065
6748,26,0.351177,0.01,0.01,0.136016,0.492807,0.051242,0.948758,0.126164,0.126333
6749,24,0.351336,0.009998,0.009998,0.135983,0.492686,0.050782,0.949218,0.114792,0.11692
6750,26,0.350837,0.010005,0.010005,0.136045,0.493109,0.050135,0.949865,0.130481,0.133593
6751,24,0.351001,0.009998,0.009998,0.136012,0.492991,0.05,0.95,0.114872,0.116595
6752,32,0.351043,0.009999,0.009999,0.136003,0.492956,0.050259,0.949741,0.116001,0.114535
6753,30,0.35117,0.009995,0.009995,0.135937,0.492904,0.050471,0.949529,0.112764,0.111475
6754,24,0.35147,0.009988,0.010448,0.135775,0.492318,0.050301,0.949699,0.11631,0.116946
6755,26,0.352094,0.009997,0.009997,0.135736,0.492176,0.050375,0.949625,0.104132,0.103566
6756,32,0.351943,0.010002,0.010002,0.135766,0.492286,0.05052,0.94948,0.129439,0.128514
6757,26,0.351876,0.010001,0.010001,0.135781,0.492341,0.05,0.95,0.123569,0.127849
6758,32,0.351556,0.009994,0.010717,0.135697,0.492036,0.05,0.95,0.133579,0.135455
6759,32,0.351961,0.010005,0.010005,0.135761,0.492268,0.050402,0.949598,0.115084,0.112883
6760,30,0.352157,0.009997,0.009997,0.135722,0.492126,0.050336,0.949664,0.116264,0.1164
6761,26,0.352376,0.009997,0.009997,0.135675,0.491956,0.05,0.95,0.117633,0.119433
6762,24,0.352011,0.010183,0.010003,0.135712,0.492091,0.05,0.95,0.134204,0.13788
6763,24,0.351584,0.010551,0.010001,0.135726,0.492139,0.05,0.95,0.134178,0.137763
6764,26,0.351766,0.010039,0.010005,0.135796,0.492394,0.05,0.95,0.126138,0.129117
6765,24,0.352022,0.009997,0.009997,0.135752,0.492233,0.05,0.95,0.117493,0.117815
6766,26,0.351835,0.010136,0.010001,0.135761,0.492268,0.05,0.95,0.124229,0.126704
6767,24,0.352048,0.009996,0.009996,0.1357,0.49226,0.05,0.95,0.113358,0.113543
6768,24,0.351791,0.010388,0.01032,0.135601,0.4919,0.05,0.95,0.129799,0.133461
6769,30,0.352167,0.010002,0.010002,0.135631,0.492198,0.05,0.95,0.112754,0.114125
6770,24,0.351793,0.010003,0.010003,0.135666,0.492536,0.05,0.95,0.130308,0.134954
6771,24,0.351884,0.009999,0.009999,0.135648,0.492471,0.05,0.95,0.116663,0.117152
6772,24,0.351944,0.009999,0.009999,0.135634,0.492423,0.05,0.95,0.115715,0.116667
6773,32,0.351684,0.009995,0.010595,0.135563,0.492164,0.050489,0.949511,0.126232,0.12361
6774,24,0.351891,0.010006,0.010006,0.135643,0.492454,0.050073,0.949927,0.123812,0.125737
6775,38,0.351301,0.010001,0.010001,0.135657,0.493041,0.050219,0.949781,0.113169,0.112238
6776,32,0.350948,0.010001,0.010001,0.135668,0.493382,0.050077,0.949923,0.118864,0.119405
6777,30,0.350949,0.01,0.01,0.135669,0.493382,0.05,0.95,0.119744,0.120325
6778,32,0.351219,0.009996,0.009996,0.135612,0.493177,0.050015,0.949985,0.106249,0.10596
6779,36,0.351904,0.009989,0.009989,0.135467,0.49265,0.050164,0.949836,0.100503,0.099561
6780,24,0.351535,0.010179,0.010003,0.135503,0.49278,0.05,0.95,0.134227,0.138961
6781,34,0.351505,0.010003,0.010003,0.135547,0.492941,0.050085,0.949915,0.124607,0.124018
6782,24,0.352524,0.009984,0.009984,0.135336,0.492171,0.050236,0.949764,0.094629,0.093645
6783,32,0.352231,0.010002,0.010002,0.135356,0.49241,0.050402,0.949598,0.137202,0.136174
6784,24,0.352232,0.01,0.01,0.135357,0.492411,0.05062,0.94938,0.121751,0.120467
6785,30,0.351993,0.010004,0.010004,0.135407,0.492593,0.050232,0.949768,0.12965,0.131398
6786,24,0.35256,0.009991,0.009991,0.13529,0.492168,0.050182,0.949818,0.107425,0.107435
6787,24,0.352255,0.010004,0.010004,0.13535,0.492387,0.05,0.95,0.128146,0.129544
6788,34,0.352231,0.009996,0.009996,0.135296,0.492481,0.050195,0.949805,0.112965,0.111812
6789,32,0.352391,0.010048,0.009997,0.13525,0.492315,0.05,0.95,0.122003,0.123072
6790,32,0.352234,0.010003,0.010003,0.135292,0.492468,0.05011,0.94989,0.114265,0.113526
6791,32,0.352855,0.009991,0.009991,0.135164,0.492,0.050044,0.949956,0.09218,0.092298
6792,24,0.353177,0.009995,0.009995,0.135092,0.491741,0.050528,0.949472,0.105141,0.102472
6793,38,0.353552,0.009994,0.009994,0.135012,0.491448,0.050499,0.949501,0.107807,0.107787
6794,24,0.353408,0.009999,0.009999,0.134995,0.4916,0.05,0.95,0.119155,0.121625
6795,24,0.353386,0.010128,0.009998,0.134972,0.491516,0.05,0.95,0.124206,0.127793
6796,24,0.353388,0.01,0.010119,0.134973,0.49152,0.051274,0.948726,0.115384,0.108776
6797,24,0.353887,0.009994,0.009994,0.134894,0.491231,0.050856,0.949144,0.110487,0.112411
6798,36,0.354107,0.009992,0.009992,0.13479,0.491118,0.051444,0.948556,0.093955,0.09074
6799,24,0.353944,0.010002,0.010002,0.134821,0.491231,0.051043,0.948957,0.12455,0.126428
6800,24,0.354402,0.009993,0.009993,0.134726,0.490886,0.050345,0.949655,0.110475,0.1138
6801,30,0.354159,0.010004,0.010004,0.134774,0.49106,0.050155,0.949845,0.12965,0.130429
6802,30,0.353706,0.010213,0.010064,0.134742,0.491274,0.050041,0.949959,0.12984,0.130223
6803,24,0.35343,0.010005,0.010005,0.134813,0.491746,0.05,0.95,0.122056,0.123583
6804,30,0.353566,0.009995,0.009995,0.134751,0.491692,0.050308,0.949692,0.113071,0.111342
6805,24,0.353587,0.01,0.01,0.134745,0.491669,0.05,0.95,0.124287,0.125768
6806,30,0.353287,0.010002,0.010002,0.134772,0.491937,0.05,0.95,0.126395,0.126872
6807,30,0.353649,0.009994,0.009994,0.134697,0.491665,0.05,0.95,0.10925,0.110722
6808,26,0.353687,0.009996,0.009996,0.134646,0.491675,0.050022,0.949978,0.11103,0.110756
6809,26,0.354041,0.009994,0.009994,0.13457,0.4914,0.05,0.95,0.106112,0.108318
6810,26,0.353611,0.010006,0.010006,0.134658,0.491719,0.05,0.95,0.134239,0.13812
6811,32,0.353333,0.010002,0.010002,0.134684,0.491979,0.050167,0.949833,0.137185,0.13616
6812,32,0.353519,0.009997,0.009997,0.134646,0.49184,0.050709,0.949291,0.106963,0.104084
6813,30,0.353934,0.009991,0.009991,0.134523,0.491561,0.050857,0.949143,0.102067,0.10111
6814,24,0.353554,0.010002,0.010002,0.134554,0.491888,0.050436,0.949564,0.124028,0.125985
6815,30,0.35286,0.011043,0.01023,0.13443,0.491436,0.050208,0.949792,0.139456,0.140431
6816,36,0.353454,0.010006,0.010006,0.134514,0.492019,0.050084,0.949916,0.102673,0.10311
6817,24,0.353617,0.009998,0.009998,0.134483,0.491904,0.05,0.95,0.114789,0.115571
6818,26,0.353616,0.01,0.01,0.134482,0.491902,0.05,0.95,0.122347,0.123524
6819,32,0.353467,0.010002,0.010003,0.134513,0.492015,0.05,0.95,0.12943,0.129587
6820,30,0.353469,0.01,0.01,0.134514,0.492017,0.05,0.95,0.126246,0.128554
6821,28,0.3532,0.010004,0.010004,0.13457,0.492222,0.05,0.95,0.128414,0.130479
6822,24,0.353427,0.009997,0.009997,0.134524,0.492055,0.05,0.95,0.120898,0.12248
6823,30,0.353932,0.009992,0.009992,0.134418,0.491666,0.050405,0.949595,0.098128,0.095857
6824,24,0.353927,0.01,0.01,0.134416,0.491658,0.051673,0.948327,0.115524,0.108869
6825,24,0.354102,0.009997,0.009997,0.134379,0.491524,0.052084,0.947916,0.118906,0.116608
6826,26,0.354211,0.009998,0.009998,0.134355,0.491437,0.052142,0.947858,0.114571,0.114093
6827,30,0.354378,0.009997,0.009997,0.13432,0.491308,0.051839,0.948161,0.119347,0.120729
6828,38,0.354183,0.009999,0.009999,0.134302,0.491518,0.052116,0.947884,0.119047,0.117411
6829,36,0.354829,0.00999,0.00999,0.134167,0.491024,0.052578,0.947422,0.092473,0.089849
6830,26,0.354762,0.010001,0.010001,0.134177,0.49106,0.052002,0.947998,0.127425,0.130235
6831,24,0.354921,0.009998,0.009998,0.134144,0.49094,0.051439,0.948561,0.114781,0.117485
6832,36,0.354768,0.01,0.01,0.134144,0.491088,0.051774,0.948226,0.120056,0.118124
6833,34,0.355158,0.009994,0.009994,0.134063,0.490791,0.051976,0.948024,0.092274,0.091005
6834,32,0.355043,0.009999,0.009999,0.134048,0.490911,0.052384,0.947616,0.1231,0.120765
6835,26,0.355722,0.009989,0.009989,0.133906,0.490393,0.051917,0.948083,0.104473,0.106698
6836,26,0.355577,0.010002,0.010002,0.133932,0.490487,0.051522,0.948478,0.128122,0.130004
6837,30,0.355279,0.010002,0.010002,0.133959,0.490758,0.051827,0.948173,0.126558,0.124789
6838,24,0.355152,0.010002,0.010002,0.133987,0.490858,0.05119,0.94881,0.12669,0.129783
6839,24,0.354855,0.010005,0.010005,0.134049,0.491087,0.050751,0.949249,0.128081,0.130136
6840,26,0.354571,0.010365,0.010054,0.134022,0.490988,0.050717,0.949283,0.128016,0.128014
6841,26,0.355393,0.009994,0.009994,0.133938,0.490681,0.050949,0.949051,0.103789,0.102415
6842,26,0.355608,0.009996,0.009996,0.133891,0.490508,0.050516,0.949484,0.117596,0.119604
6843,30,0.35573,0.009995,0.009995,0.133825,0.490455,0.051209,0.948791,0.106123,0.102441
6844,30,0.355772,0.009999,0.009999,0.133814,0.490415,0.051616,0.948384,0.119439,0.117147
6845,24,0.355643,0.010002,0.010002,0.133841,0.490512,0.05098,0.94902,0.124665,0.127747
6846,30,0.355796,0.009998,0.009998,0.13381,0.490399,0.051078,0.948922,0.118365,0.1176
6847,32,0.355746,0.010001,0.010001,0.133819,0.490433,0.051132,0.948868,0.12631,0.125847
6848,24,0.355372,0.010002,0.010002,0.133853,0.49077,0.050649,0.949351,0.124059,0.126343
6849,24,0.355549,0.009997,0.009997,0.133817,0.490639,0.050864,0.949136,0.118823,0.117557
6850,38,0.355355,0.009999,0.009999,0.133799,0.490849,0.051225,0.948775,0.126839,0.124802
6851,26,0.354928,0.010007,0.010007,0.133887,0.491172,0.050677,0.949323,0.128539,0.13118
6852,24,0.354868,0.010001,0.010001,0.133902,0.491228,0.050084,0.949916,0.131347,0.134173
6853,30,0.354549,0.009999,0.009999,0.133894,0.491558,0.05,0.95,0.122944,0.12437
6854,26,0.354589,0.009996,0.009996,0.133845,0.491573,0.050029,0.949971,0.11095,0.110633
6855,24,0.354535,0.009997,0.009997,0.13381,0.49166,0.05,0.95,0.120287,0.12431
6856,24,0.354533,0.01,0.01,0.13381,0.491657,0.050914,0.949086,0.121696,0.116868
6857,24,0.354235,0.010005,0.010005,0.133871,0.491884,0.050105,0.949895,0.134269,0.138202
6858,30,0.354178,0.009998,0.009998,0.13385,0.491976,0.05031,0.94969,0.116479,0.115273
6859,26,0.354396,0.009997,0.009997,0.133804,0.491807,0.05,0.95,0.113855,0.116154
6860,24,0.354342,0.009997,0.009997,0.133769,0.491894,0.05,0.95,0.112006,0.11525
6861,30,0.354462,0.009998,0.009998,0.133743,0.491799,0.05,0.95,0.119295,0.119801
6862,26,0.354928,0.009993,0.009993,0.133646,0.491441,0.050069,0.949931,0.104086,0.103547
6863,30,0.355261,0.009995,0.009995,0.133574,0.491176,0.05097,0.94903,0.103536,0.098798
6864,32,0.355062,0.01,0.01,0.133579,0.491358,0.051031,0.948969,0.123094,0.122606
6865,24,0.355302,0.009996,0.009996,0.133529,0.491176,0.052215,0.947785,0.111205,0.104898
6866,30,0.355797,0.009992,0.009992,0.133425,0.490793,0.051657,0.948343,0.09971,0.102326
6867,30,0.355553,0.010004,0.010004,0.133473,0.490967,0.051591,0.948409,0.129754,0.12992
6868,24,0.355252,0.010001,0.010001,0.133492,0.491253,0.051187,0.948813,0.122268,0.124157
6869,32,0.355548,0.009991,0.009991,0.133368,0.491104,0.051343,0.948657,0.103282,0.102293
6870,32,0.355668,0.009997,0.010071,0.133323,0.49094,0.051942,0.948058,0.114988,0.111711
6871,36,0.355541,0.010001,0.010001,0.133333,0.491124,0.051906,0.948094,0.124186,0.124171
6872,38,0.354908,0.010974,0.010773,0.133096,0.490249,0.051966,0.948034,0.129068,0.128545
6873,24,0.355404,0.01042,0.010026,0.133268,0.490883,0.05135,0.94865,0.116005,0.118962
6874,24,0.355725,0.009999,0.009999,0.133249,0.491028,0.051539,0.948461,0.113426,0.112272
6875,32,0.355906,0.009997,0.009997,0.133211,0.490889,0.051756,0.948244,0.115673,0.114378
6876,30,0.355786,0.009997,0.009997,0.133167,0.491054,0.051857,0.948143,0.116583,0.115863
6877,34,0.35569,0.010001,0.010001,0.133185,0.491122,0.05208,0.94792,0.110014,0.108666
6878,24,0.35593,0.009996,0.009996,0.133136,0.490941,0.053262,0.946738,0.11119,0.104759
6879,24,0.35609,0.009997,0.009997,0.133102,0.490813,0.052625,0.947375,0.120677,0.123829
6880,30,0.35596,0.010002,0.010002,0.133128,0.490909,0.053172,0.946828,0.122049,0.118963
6881,26,0.356071,0.009998,0.009998,0.133105,0.490827,0.053393,0.946607,0.11461,0.113249
6882,30,0.355832,0.010004,0.010004,0.133154,0.491006,0.053131,0.946869,0.129655,0.130819
6883,32,0.355966,0.009998,0.009998,0.133128,0.49091,0.053466,0.946534,0.11839,0.116421
6884,24,0.356063,0.009995,0.009995,0.133063,0.490884,0.053634,0.946366,0.114796,0.113701
6885,26,0.356278,0.009997,0.009997,0.133016,0.490713,0.053527,0.946473,0.117572,0.117933
6886,24,0.356572,0.009995,0.009995,0.132954,0.490483,0.052952,0.947048,0.111225,0.11406
6887,26,0.356431,0.010002,0.010002,0.132981,0.490583,0.05243,0.94757,0.124414,0.12701
6888,24,0.356275,0.010002,0.010002,0.133014,0.490706,0.052253,0.947747,0.130744,0.131479
6889,30,0.356272,0.009997,0.009997,0.132977,0.490756,0.052604,0.947396,0.108516,0.106488
6890,26,0.3562,0.009998,0.009998,0.13295,0.490854,0.052169,0.947831,0.122448,0.124558
6891,32,0.356244,0.009994,0.009994,0.132877,0.490891,0.052449,0.947551,0.108394,0.106739
6892,32,0.356191,0.010001,0.010001,0.132885,0.490922,0.052524,0.947476,0.121823,0.121248
6893,32,0.356081,0.009999,0.009999,0.132872,0.491049,0.052763,0.947237,0.107723,0.106265
6894,26,0.355796,0.01036,0.010049,0.132845,0.49095,0.052704,0.947296,0.128009,0.128139
6895,24,0.355644,0.010009,0.010009,0.132961,0.491378,0.052055,0.947945,0.126036,0.129255
6896,24,0.355808,0.009998,0.009998,0.132931,0.491266,0.051714,0.948286,0.114882,0.116433
6897,30,0.355703,0.010002,0.010002,0.132951,0.491343,0.052036,0.947964,0.13187,0.12998
6898,24,0.355331,0.010003,0.010003,0.132985,0.49168,0.051398,0.948602,0.122072,0.125176
6899,24,0.355356,0.01,0.01,0.13298,0.491664,0.050876,0.949124,0.124303,0.126765
6900,30,0.355551,0.009994,0.009994,0.132905,0.491556,0.050737,0.949263,0.10294,0.103381
6901,30,0.355633,0.010096,0.009997,0.132865,0.491409,0.050613,0.949387,0.119266,0.11971
6902,24,0.355466,0.010119,0.010002,0.132895,0.491518,0.05,0.95,0.130655,0.134613
6903,24,0.355039,0.010485,0.010001,0.132908,0.491567,0.05,0.95,0.125928,0.129047
6904,36,0.354941,0.010273,0.010211,0.132871,0.491705,0.050348,0.949652,0.120756,0.118837
6905,30,0.355134,0.010002,0.010002,0.132892,0.491971,0.05073,0.94927,0.115021,0.112892
6906,30,0.354847,0.010145,0.010002,0.132922,0.492084,0.050455,0.949545,0.129692,0.130925
6907,30,0.354729,0.010001,0.010001,0.132938,0.49233,0.050556,0.949444,0.111939,0.11122
6908,32,0.355189,0.009993,0.009993,0.132844,0.491981,0.050444,0.949556,0.106132,0.106492
6909,24,0.355266,0.009995,0.009995,0.132781,0.491962,0.050206,0.949794,0.110816,0.111797
6910,24,0.355823,0.009991,0.009991,0.132665,0.49153,0.050225,0.949775,0.107355,0.107022
6911,24,0.355841,0.009999,0.009999,0.132657,0.491503,0.05,0.95,0.11595,0.119363
6912,30,0.355929,0.009999,0.009999,0.132639,0.491435,0.05077,0.94923,0.111958,0.107897
6913,32,0.355879,0.010001,0.010001,0.132649,0.491471,0.051009,0.948991,0.110968,0.109569
6914,24,0.356101,0.009997,0.009997,0.132603,0.491302,0.050672,0.949328,0.113307,0.114822
6915,32,0.356253,0.009998,0.009998,0.132571,0.491182,0.051378,0.948622,0.115186,0.111437
6916,32,0.357102,0.009987,0.009987,0.132395,0.49053,0.051681,0.948319,0.086918,0.085152
6917,24,0.35725,0.009997,0.009997,0.132359,0.490397,0.051721,0.948279,0.114742,0.114328
6918,32,0.3571,0.010002,0.010002,0.132388,0.490507,0.051404,0.948596,0.129497,0.130919
6919,26,0.356677,0.010007,0.010007,0.132477,0.490833,0.050941,0.949059,0.124752,0.126958
6920,24,0.35692,0.009996,0.009996,0.132429,0.490658,0.052125,0.947875,0.111188,0.104894
6921,32,0.356918,0.01,0.01,0.132428,0.490654,0.052592,0.947408,0.109958,0.107325
6922,24,0.357057,0.009998,0.009998,0.1324,0.490548,0.053649,0.946351,0.109719,0.10391
6923,24,0.357299,0.009993,0.009993,0.132305,0.49041,0.052983,0.947017,0.115886,0.119226
6924,36,0.357143,0.01,0.01,0.132304,0.490553,0.053355,0.946645,0.124196,0.122014
6925,24,0.356769,0.010002,0.010002,0.132337,0.490889,0.052754,0.947246,0.122014,0.125011
6926,32,0.356723,0.010001,0.010001,0.132347,0.490928,0.053031,0.946969,0.110884,0.109222
6927,30,0.356819,0.009999,0.009999,0.132328,0.490856,0.05265,0.94735,0.119495,0.121321
6928,32,0.356735,0.009996,0.009996,0.132281,0.490991,0.053336,0.946664,0.100988,0.097177
6929,24,0.356359,0.010002,0.010002,0.132313,0.491323,0.052767,0.947233,0.130295,0.133144
6930,26,0.356716,0.009995,0.009995,0.13224,0.491054,0.052964,0.947036,0.111778,0.110503
6931,24,0.35666,0.009997,0.009997,0.132206,0.49114,0.052407,0.947593,0.12023,0.122947
6932,30,0.356292,0.01,0.01,0.132207,0.491501,0.052768,0.947232,0.116439,0.114339
6933,38,0.356441,0.009992,0.009992,0.132101,0.491474,0.053041,0.946959,0.107587,0.105923
6934,32,0.356087,0.009998,0.009998,0.132073,0.491844,0.053069,0.946931,0.118698,0.118338
6935,30,0.35614,0.009996,0.009996,0.132023,0.491845,0.052907,0.947093,0.115922,0.116558
6936,30,0.356008,0.010002,0.010002,0.132048,0.49194,0.053051,0.946949,0.12213,0.121164
6937,36,0.355544,0.009992,0.010688,0.131945,0.491831,0.053295,0.946705,0.122225,0.120734
6938,30,0.355683,0.010008,0.010008,0.132056,0.492244,0.053401,0.946599,0.115341,0.114535
6939,34,0.355985,0.009996,0.009996,0.131998,0.492026,0.053291,0.946709,0.113506,0.113905
6940,26,0.356234,0.009996,0.009996,0.131945,0.491829,0.053342,0.946658,0.109665,0.109189
6941,24,0.355933,0.010005,0.010005,0.132005,0.492053,0.05267,0.94733,0.128028,0.1314
6942,26,0.35574,0.010003,0.010003,0.132046,0.492208,0.052212,0.947788,0.129451,0.131689
6943,30,0.356144,0.009994,0.009994,0.131965,0.491904,0.052401,0.947599,0.100399,0.099129
6944,30,0.355901,0.010004,0.010004,0.132012,0.49208,0.052199,0.947801,0.123035,0.123882
6945,26,0.356176,0.009993,0.009993,0.131917,0.491922,0.051936,0.948064,0.105171,0.106309
6946,32,0.35635,0.009997,0.009997,0.131878,0.491778,0.052334,0.947666,0.117491,0.115234
6947,24,0.356348,0.01,0.01,0.131877,0.491775,0.053597,0.946403,0.115507,0.108608
6948,26,0.356277,0.009998,0.009998,0.131851,0.491875,0.053692,0.946308,0.118694,0.117962
6949,24,0.356335,0.009999,0.009999,0.131839,0.491828,0.052981,0.947019,0.115675,0.119244
6950,24,0.35672,0.009991,0.009991,0.131716,0.491583,0.053081,0.946919,0.1043,0.103542
6951,24,0.356416,0.010004,0.010004,0.131774,0.491801,0.052233,0.947767,0.134352,0.138661
6952,32,0.356943,0.009992,0.009992,0.131668,0.491405,0.053113,0.946887,0.101311,0.096487
6953,24,0.356633,0.010001,0.010001,0.131684,0.49168,0.053048,0.946952,0.122184,0.12232
6954,26,0.357265,0.00999,0.00999,0.131556,0.491199,0.052463,0.947537,0.1056,0.10848
6955,36,0.357646,0.009994,0.009994,0.131474,0.490893,0.052813,0.947187,0.101432,0.099343
6956,32,0.357709,0.009996,0.009996,0.131422,0.490876,0.053599,0.946401,0.104428,0.100053
6957,26,0.357569,0.010002,0.010002,0.131449,0.490977,0.053182,0.946818,0.128196,0.130249
6958,32,0.357571,0.01,0.01,0.13145,0.490979,0.0539,0.9461,0.109742,0.105715
6959,24,0.357507,0.010001,0.010001,0.131463,0.491028,0.054093,0.945907,0.123185,0.121934
6960,26,0.357972,0.009993,0.009993,0.131368,0.490675,0.054346,0.945654,0.104124,0.102541
6961,24,0.357967,0.01,0.01,0.131366,0.490668,0.055514,0.944486,0.115462,0.10884
6962,24,0.35767,0.010005,0.010005,0.131427,0.490894,0.055195,0.944805,0.128177,0.129748
6963,30,0.358276,0.009991,0.009991,0.131305,0.490438,0.055586,0.944414,0.097054,0.094637
6964,24,0.358553,0.009992,0.009992,0.1312,0.490262,0.055427,0.944573,0.113038,0.113651
6965,24,0.358687,0.009998,0.009998,0.13117,0.490148,0.056503,0.943497,0.11176,0.105522
6966,24,0.358708,0.01,0.01,0.131165,0.490128,0.056191,0.943809,0.116024,0.117529
6967,26,0.3585,0.01,0.01,0.131167,0.490333,0.056117,0.943883,0.124392,0.124596
6968,34,0.358763,0.009996,0.009996,0.131113,0.490132,0.056573,0.943427,0.105916,0.103154
6969,24,0.359218,0.009993,0.009993,0.131018,0.489778,0.056224,0.943776,0.116257,0.117925
6970,24,0.358819,0.010059,0.010002,0.131041,0.490078,0.055885,0.944115,0.130229,0.131864
6971,36,0.358164,0.010705,0.010881,0.130858,0.489393,0.056198,0.943802,0.130169,0.128205
6972,30,0.357991,0.010517,0.010729,0.13093,0.489833,0.056507,0.943493,0.119815,0.11786
6973,24,0.35846,0.010012,0.010012,0.131089,0.490427,0.056123,0.943877,0.116087,0.118
6974,32,0.358396,0.010001,0.010001,0.131107,0.490494,0.056363,0.943637,0.110951,0.109372
6975,24,0.358397,0.01,0.01,0.131107,0.490496,0.057618,0.942382,0.115519,0.108113
6976,32,0.358576,0.009997,0.009997,0.131071,0.490359,0.057339,0.942661,0.122111,0.123508
6977,24,0.358735,0.009994,0.009994,0.130993,0.490283,0.057443,0.942557,0.113328,0.112489
6978,38,0.359032,0.009995,0.009995,0.13093,0.490047,0.057397,0.942603,0.107809,0.107852
6979,30,0.358859,0.01,0.01,0.130925,0.490217,0.057696,0.942304,0.118547,0.116578
6980,24,0.358556,0.01002,0.010004,0.130984,0.490435,0.057435,0.942565,0.134254,0.135489
6981,30,0.358302,0.010004,0.010004,0.131041,0.490649,0.057491,0.942509,0.129751,0.129176
6982,24,0.358765,0.009993,0.009993,0.130948,0.490302,0.057706,0.942294,0.108209,0.106726
6983,32,0.35809,0.010923,0.010305,0.130828,0.489854,0.057343,0.942657,0.139283,0.141149
6984,30,0.358887,0.010007,0.010007,0.130916,0.490184,0.057538,0.942462,0.10082,0.099338
6985,38,0.358489,0.010006,0.010006,0.131,0.490498,0.05744,0.94256,0.131128,0.131474
6986,26,0.359278,0.009988,0.009988,0.130842,0.489904,0.057445,0.942555,0.092962,0.09261
6987,30,0.359392,0.009995,0.009995,0.130775,0.489843,0.057503,0.942497,0.122626,0.122023
6988,32,0.359455,0.009996,0.009996,0.130724,0.489828,0.057974,0.942026,0.119881,0.116943
6989,26,0.359028,0.010007,0.010007,0.13081,0.490149,0.057588,0.942412,0.134278,0.136288
6990,36,0.359017,0.009996,0.009996,0.130761,0.490229,0.058084,0.941916,0.106493,0.103402
6991,32,0.359193,0.009997,0.009997,0.130723,0.490089,0.057746,0.942254,0.122007,0.123735
6992,24,0.358894,0.010005,0.010005,0.130783,0.490313,0.057344,0.942656,0.128182,0.130276
6993,32,0.35875,0.010002,0.010002,0.130814,0.49043,0.057511,0.942489,0.129474,0.128259
6994,26,0.358545,0.01,0.01,0.130817,0.490638,0.057098,0.942902,0.124422,0.126584
6995,24,0.358317,0.010004,0.010004,0.130863,0.490812,0.057067,0.942933,0.126297,0.126249
6996,26,0.358112,0.01,0.01,0.130866,0.491021,0.056733,0.943267,0.120587,0.122268
6997,24,0.357675,0.010003,0.010003,0.130912,0.491406,0.056215,0.943785,0.123534,0.126247
6998,26,0.357599,0.009998,0.009998,0.130889,0.491516,0.056098,0.943902,0.121139,0.121593
6999,30,0.357927,0.009995,0.009995,0.130821,0.491262,0.056621,0.943379,0.104477,0.101289
7000,30,0.357966,0.009999,0.009999,0.130811,0.491224,0.056784,0.943216,0.120124,0.118988
7001,34,0.357965,0.01,0.01,0.130811,0.491224,0.057003,0.942997,0.121621,0.12016
7002,30,0.358208,0.009996,0.009996,0.130762,0.491038,0.057058,0.942942,0.10441,0.103777
7003,26,0.358197,0.01,0.01,0.130762,0.491041,0.056728,0.943272,0.119213,0.120879
7004,32,0.358681,0.009992,0.009992,0.130664,0.490671,0.056659,0.943341,0.102508,0.102622
7005,28,0.35833,0.01022,0.010002,0.130688,0.49076,0.056038,0.943962,0.128429,0.131738
7006,24,0.358333,0.01,0.01,0.130689,0.490978,0.056863,0.943137,0.11767,0.112737
7007,24,0.35796,0.010002,0.010002,0.130721,0.491314,0.056152,0.943848,0.124101,0.127897
7008,26,0.358212,0.009996,0.009996,0.130671,0.491125,0.055954,0.944046,0.109608,0.110487
7009,26,0.358001,0.01,0.01,0.130672,0.491326,0.055974,0.944026,0.12448,0.124143
7010,30,0.357764,0.010004,0.010004,0.13072,0.491508,0.055724,0.944276,0.12973,0.130914
7011,32,0.357544,0.010004,0.010004,0.130767,0.491682,0.055503,0.944497,0.130107,0.131141
7012,26,0.357405,0.009996,0.009996,0.130716,0.491886,0.055071,0.944929,0.118747,0.120934
7013,30,0.357026,0.01,0.010058,0.130713,0.492203,0.055427,0.944573,0.113348,0.111177
7014,36,0.357464,0.009994,0.009994,0.130635,0.491913,0.055866,0.944134,0.099661,0.097019
7015,24,0.357459,0.01,0.01,0.130634,0.491907,0.056767,0.943233,0.121685,0.116321
7016,24,0.35734,0.01,0.010123,0.130633,0.491904,0.056063,0.943937,0.125034,0.128768
7017,24,0.357761,0.009992,0.009992,0.130529,0.491726,0.055566,0.944434,0.106488,0.109
7018,24,0.357721,0.01016,0.009998,0.130501,0.491621,0.055193,0.944807,0.124131,0.125944
7019,30,0.357799,0.009996,0.009996,0.13045,0.491759,0.055288,0.944712,0.100049,0.099247
7020,30,0.35775,0.009998,0.010168,0.130424,0.49166,0.054602,0.945398,0.126066,0.129544
7021,24,0.357436,0.010004,0.010004,0.130478,0.492077,0.054167,0.945833,0.121971,0.124125
7022,36,0.357288,0.01,0.01,0.13048,0.492232,0.054219,0.945781,0.121482,0.120974
7023,26,0.357128,0.010002,0.010002,0.130513,0.492355,0.053825,0.946175,0.114972,0.116883
7024,24,0.357129,0.01,0.01,0.130513,0.492357,0.05488,0.94512,0.113361,0.107424
7025,36,0.356919,0.009998,0.010153,0.130493,0.492436,0.055055,0.944945,0.127411,0.126214
7026,24,0.356833,0.01,0.010001,0.130498,0.492668,0.054287,0.945713,0.127374,0.131374
7027,38,0.357107,0.009996,0.009996,0.130442,0.492459,0.05412,0.94588,0.113316,0.114031
7028,26,0.357388,0.009992,0.009992,0.130344,0.492284,0.053678,0.946322,0.102307,0.104456
7029,30,0.357494,0.009998,0.009998,0.130319,0.492191,0.054681,0.945319,0.116751,0.111121
7030,30,0.357613,0.009998,0.009998,0.130294,0.492096,0.0543,0.9457,0.118414,0.120283
7031,26,0.357954,0.009995,0.009995,0.130224,0.491832,0.05366,0.94634,0.111654,0.114851
7032,32,0.358109,0.009997,0.009997,0.130191,0.491705,0.053811,0.946189,0.099282,0.098186
7033,24,0.357811,0.010005,0.010005,0.13025,0.49193,0.053415,0.946585,0.134315,0.136249
7034,30,0.358004,0.009997,0.009997,0.130213,0.491789,0.05333,0.94667,0.116143,0.116388
7035,32,0.35792,0.009996,0.009996,0.130166,0.491921,0.053881,0.946119,0.101004,0.097858
7036,24,0.358398,0.009989,0.009989,0.130024,0.491599,0.054121,0.945879,0.103314,0.101773
7037,24,0.358413,0.009999,0.009999,0.130017,0.491571,0.053289,0.946711,0.124274,0.128545
7038,26,0.358658,0.009993,0.009993,0.129927,0.491429,0.053338,0.946662,0.110647,0.110187
7039,36,0.357923,0.010598,0.011398,0.129661,0.490421,0.053798,0.946202,0.128684,0.126034
7040,24,0.358388,0.010013,0.010498,0.129829,0.491273,0.054983,0.945017,0.111518,0.104845
7041,24,0.358274,0.01001,0.01001,0.129955,0.491751,0.053903,0.946097,0.134287,0.139934
7042,24,0.357908,0.010003,0.010003,0.12999,0.492097,0.05352,0.94648,0.124165,0.126027
7043,36,0.357695,0.009999,0.009999,0.129981,0.492326,0.053572,0.946428,0.124634,0.124154
7044,32,0.357928,0.009996,0.009996,0.129933,0.492146,0.054071,0.945929,0.107471,0.104569
7045,30,0.358046,0.009998,0.009998,0.129908,0.49205,0.053923,0.946077,0.119429,0.119999
7046,24,0.357595,0.01,0.01,0.129912,0.492492,0.053183,0.946817,0.118036,0.121797
7047,26,0.357595,0.01,0.01,0.129912,0.492493,0.053437,0.946563,0.116622,0.115078
7048,30,0.357683,0.009999,0.009999,0.129894,0.492425,0.053477,0.946523,0.12845,0.127992
7049,24,0.357385,0.010005,0.010005,0.129954,0.492652,0.052827,0.947173,0.128192,0.131467
7050,26,0.356963,0.010007,0.010007,0.130041,0.492982,0.052173,0.947827,0.134184,0.137459
7051,24,0.356671,0.010005,0.010005,0.130103,0.493217,0.05143,0.94857,0.134347,0.13804
7052,24,0.356674,0.01,0.01,0.130104,0.493221,0.05234,0.94766,0.12168,0.116713
7053,26,0.356238,0.010036,0.010006,0.130187,0.493533,0.051631,0.948369,0.134137,0.137659
7054,24,0.356277,0.01,0.01,0.130187,0.493536,0.050944,0.949056,0.124283,0.12761
7055,26,0.356472,0.009994,0.009994,0.130108,0.493433,0.05041,0.94959,0.108901,0.111419
7056,24,0.356548,0.009995,0.009995,0.130047,0.493414,0.050178,0.949822,0.110811,0.111778
7057,32,0.356259,0.010002,0.010002,0.130068,0.49367,0.050181,0.949819,0.122181,0.122013
7058,24,0.356418,0.009998,0.009998,0.130036,0.49355,0.05,0.95,0.11481,0.116673
7059,24,0.356352,0.010001,0.010001,0.130049,0.493597,0.050227,0.949773,0.123077,0.121755
7060,32,0.356532,0.009997,0.009997,0.130013,0.493461,0.050666,0.949334,0.117371,0.114967
7061,24,0.356606,0.009999,0.009999,0.129997,0.4934,0.050409,0.949591,0.121631,0.122758
7062,24,0.356628,0.01,0.01,0.129992,0.493381,0.05,0.95,0.11593,0.117892
7063,24,0.356767,0.009998,0.009998,0.129964,0.493274,0.05107,0.94893,0.111833,0.10626
7064,30,0.356461,0.010002,0.010002,0.129987,0.493549,0.051,0.949,0.126277,0.126439
7065,24,0.356782,0.009995,0.009995,0.129922,0.493305,0.050492,0.949508,0.111728,0.114112
7066,24,0.356692,0.009998,0.009998,0.129896,0.493417,0.050351,0.949649,0.11353,0.114052
7067,36,0.356437,0.009996,0.009996,0.129837,0.493735,0.050484,0.949516,0.108108,0.107251
7068,30,0.355876,0.010136,0.010751,0.129767,0.493469,0.050469,0.949531,0.13955,0.139438
7069,32,0.356913,0.009998,0.009998,0.129737,0.493354,0.05037,0.94963,0.0903,0.09058
7070,24,0.35715,0.009996,0.009996,0.129688,0.493169,0.051535,0.948465,0.109108,0.102991
7071,26,0.356485,0.010665,0.01,0.129687,0.493163,0.051197,0.948803,0.134073,0.135613
7072,32,0.356853,0.010005,0.010005,0.129747,0.493391,0.051385,0.948615,0.107654,0.106512
7073,30,0.356754,0.010002,0.010002,0.129769,0.493474,0.051491,0.948509,0.115314,0.114537
7074,26,0.357163,0.009991,0.009991,0.129647,0.493209,0.051139,0.948861,0.10319,0.1048
7075,32,0.357088,0.010056,0.01,0.129647,0.493209,0.051522,0.948478,0.126265,0.124103
7076,24,0.357579,0.009993,0.009993,0.12956,0.492875,0.050662,0.949338,0.1113,0.115466
7077,24,0.357277,0.010004,0.010004,0.129618,0.493097,0.050181,0.949819,0.128079,0.130324
7078,26,0.357143,0.010002,0.010002,0.129646,0.493206,0.05,0.95,0.128102,0.130287
7079,24,0.356847,0.010005,0.010005,0.129707,0.493436,0.05,0.95,0.126036,0.128773
7080,30,0.356806,0.009998,0.009998,0.129683,0.493515,0.05,0.95,0.106457,0.107133
7081,32,0.356683,0.009997,0.009997,0.129638,0.493686,0.05,0.95,0.13067,0.131587
7082,24,0.356243,0.010003,0.010003,0.129682,0.494068,0.05,0.95,0.125484,0.127094
7083,32,0.356399,0.009998,0.009998,0.129652,0.493953,0.050406,0.949594,0.115057,0.112823
7084,26,0.356397,0.01,0.01,0.129652,0.493951,0.05,0.95,0.126178,0.130601
7085,36,0.356601,0.009994,0.009994,0.129579,0.493831,0.050298,0.949702,0.114606,0.112947
7086,24,0.356224,0.010002,0.010002,0.12961,0.494162,0.05,0.95,0.124054,0.127406
7087,24,0.357128,0.009986,0.009986,0.129429,0.493471,0.05,0.95,0.097592,0.100552
7088,26,0.357749,0.00999,0.00999,0.129298,0.492973,0.05,0.95,0.105596,0.107318
7089,26,0.357605,0.010002,0.010002,0.129323,0.493068,0.05,0.95,0.128137,0.131224
7090,26,0.357582,0.01,0.010043,0.12932,0.493055,0.05,0.95,0.119077,0.120354
7091,32,0.357607,0.009993,0.009993,0.129228,0.493179,0.050802,0.949198,0.106093,0.101913
7092,26,0.357395,0.01,0.01,0.129228,0.493377,0.05027,0.94973,0.120692,0.123229
7093,24,0.357842,0.009993,0.009993,0.129138,0.493034,0.05137,0.94863,0.102569,0.096791
7094,26,0.357498,0.010515,0.010041,0.129091,0.492854,0.050865,0.949135,0.128004,0.130421
7095,30,0.357381,0.010227,0.010007,0.129183,0.493203,0.050544,0.949456,0.129742,0.131212
7096,24,0.35847,0.009987,0.009987,0.129011,0.492546,0.05077,0.94923,0.094364,0.092993
7097,24,0.358539,0.009995,0.009995,0.128948,0.492522,0.050388,0.949612,0.11074,0.112478
7098,38,0.3585,0.009995,0.009995,0.128881,0.49263,0.050709,0.949291,0.111751,0.10993
7099,32,0.358675,0.009997,0.009997,0.128843,0.492487,0.05106,0.94894,0.117357,0.115398
7100,36,0.358535,0.01,0.010111,0.128848,0.492506,0.05099,0.94901,0.130365,0.130552
7101,32,0.358626,0.01,0.01,0.128852,0.492521,0.051736,0.948264,0.110084,0.106097
7102,32,0.358895,0.009993,0.009993,0.128763,0.492356,0.052148,0.947852,0.108607,0.106286
7103,24,0.358579,0.010857,0.009991,0.12865,0.491922,0.051514,0.948486,0.12979,0.13289
7104,32,0.358648,0.010527,0.010004,0.128701,0.492119,0.051463,0.948537,0.121702,0.121773
7105,32,0.358664,0.009999,0.009999,0.128683,0.492656,0.051282,0.948718,0.11109,0.111838
7106,36,0.358396,0.009997,0.01019,0.128642,0.492775,0.051611,0.948389,0.122187,0.120319
7107,24,0.35809,0.010004,0.010004,0.128698,0.493203,0.051155,0.948845,0.130294,0.132452
7108,26,0.358557,0.009993,0.009993,0.128606,0.492851,0.051197,0.948803,0.1041,0.103705
7109,24,0.358102,0.01,0.01,0.128609,0.493289,0.051116,0.948884,0.126245,0.126467
7110,34,0.358008,0.010001,0.010001,0.128628,0.493361,0.051355,0.948645,0.115984,0.11459
7111,24,0.357713,0.010005,0.010005,0.128688,0.493591,0.051022,0.948978,0.134289,0.13579
7112,24,0.357878,0.009994,0.009994,0.128614,0.49352,0.051689,0.948311,0.113331,0.109721
7113,24,0.357738,0.010374,0.009996,0.128563,0.493328,0.050956,0.949044,0.121572,0.125147
7114,30,0.358314,0.009997,0.009997,0.128522,0.49317,0.051019,0.948981,0.096057,0.095489
7115,26,0.358175,0.010002,0.010002,0.128549,0.493272,0.050707,0.949293,0.122532,0.123961
7116,24,0.35863,0.009993,0.009993,0.128459,0.492926,0.050494,0.949506,0.110365,0.111236
7117,24,0.358943,0.009995,0.009995,0.128393,0.492674,0.050732,0.949268,0.111603,0.110175
7118,30,0.35913,0.009997,0.009997,0.128354,0.492523,0.050435,0.949565,0.116252,0.11758
7119,32,0.359258,0.009998,0.009998,0.128327,0.49242,0.050655,0.949345,0.123146,0.121871
7120,24,0.359857,0.009991,0.009991,0.128206,0.491956,0.050249,0.949751,0.101783,0.103608
7121,24,0.359784,0.010178,0.010061,0.128168,0.491809,0.050176,0.949824,0.124156,0.124291
7122,24,0.359967,0.009998,0.009998,0.128136,0.491902,0.050362,0.949638,0.114852,0.113759
7123,26,0.359965,0.01,0.01,0.128136,0.4919,0.05,0.95,0.126137,0.12837
7124,32,0.360143,0.009997,0.009997,0.1281,0.491763,0.05,0.95,0.117468,0.117704
7125,24,0.359691,0.01,0.01,0.128104,0.492205,0.05,0.95,0.126278,0.129942
7126,26,0.359555,0.010002,0.010002,0.128131,0.49231,0.05,0.95,0.128229,0.131267
7127,26,0.359419,0.010002,0.010002,0.128159,0.492417,0.05,0.95,0.128101,0.128298
7128,32,0.359341,0.009996,0.009996,0.128114,0.492552,0.050112,0.949888,0.117231,0.116493
7129,24,0.359185,0.009996,0.009996,0.128058,0.492766,0.05,0.95,0.113699,0.117238
7130,30,0.359829,0.00999,0.00999,0.127928,0.492264,0.050024,0.949976,0.095022,0.094663
7131,26,0.359398,0.010006,0.010006,0.12801,0.492579,0.05,0.95,0.128593,0.131005
7132,24,0.359757,0.009995,0.009995,0.12794,0.492313,0.05,0.95,0.111389,0.114713
7133,36,0.359978,0.009994,0.009994,0.127865,0.492169,0.050134,0.949866,0.106263,0.105358
7134,26,0.360237,0.009996,0.009996,0.127811,0.491961,0.050333,0.949667,0.112554,0.111336
7135,24,0.360234,0.01,0.01,0.12781,0.491957,0.05,0.95,0.121728,0.123366
7136,38,0.360044,0.009999,0.009999,0.127792,0.492167,0.05,0.95,0.121726,0.122656
7137,32,0.360043,0.01,0.01,0.127792,0.492165,0.050397,0.949603,0.12058,0.118413
7138,26,0.359906,0.010002,0.010002,0.127819,0.49227,0.05,0.95,0.128109,0.13045
7139,26,0.3597,0.01,0.01,0.127822,0.492478,0.05,0.95,0.124463,0.126409
7140,26,0.359571,0.010161,0.009999,0.127815,0.492452,0.05,0.95,0.12351,0.12774
7141,24,0.359708,0.009997,0.009997,0.127778,0.49252,0.05,0.95,0.110813,0.112107
7142,30,0.359721,0.01,0.01,0.127774,0.492506,0.05,0.95,0.116156,0.11822
7143,30,0.359618,0.010002,0.010002,0.127794,0.492585,0.050525,0.949475,0.121829,0.119013
7144,36,0.359578,0.009996,0.009996,0.127748,0.492681,0.050998,0.949002,0.104325,0.101731
7145,24,0.359813,0.009996,0.009996,0.1277,0.492495,0.051669,0.948331,0.117327,0.113689
7146,32,0.359762,0.010001,0.010001,0.127708,0.492528,0.051611,0.948389,0.121676,0.121766
7147,32,0.360205,0.009993,0.009993,0.12762,0.492189,0.052025,0.947975,0.102943,0.10056
7148,36,0.360417,0.009994,0.009994,0.127546,0.492048,0.052146,0.947854,0.105962,0.105057
7149,30,0.360958,0.009991,0.009991,0.127436,0.491623,0.052975,0.947025,0.105868,0.101345
7150,32,0.361129,0.009997,0.009997,0.127398,0.491478,0.053025,0.946975,0.108108,0.107657
7151,30,0.361567,0.009993,0.009993,0.12731,0.491137,0.052811,0.947189,0.102657,0.103511
7152,32,0.361951,0.009994,0.009994,0.127231,0.490831,0.05323,0.94677,0.103373,0.100923
7153,24,0.362321,0.009994,0.009994,0.127154,0.490537,0.053106,0.946894,0.113751,0.114213
7154,28,0.36244,0.009995,0.009995,0.127092,0.490479,0.053228,0.946772,0.108574,0.107738
7155,26,0.362545,0.009998,0.009998,0.127069,0.49039,0.053262,0.946738,0.114638,0.114269
7156,26,0.362758,0.009997,0.009997,0.127025,0.490223,0.052742,0.947258,0.113694,0.116236
7157,24,0.362878,0.009992,0.010401,0.126919,0.489811,0.05197,0.94803,0.112903,0.116724
7158,24,0.362956,0.010005,0.010005,0.126981,0.490053,0.051179,0.948821,0.131455,0.135358
7159,32,0.362912,0.010001,0.010001,0.126992,0.490094,0.051844,0.948156,0.117024,0.113436
7160,26,0.363226,0.009995,0.009995,0.12693,0.489854,0.05185,0.94815,0.114317,0.114092
7161,24,0.362927,0.010005,0.010005,0.126987,0.490076,0.051181,0.948819,0.134371,0.137661
7162,24,0.362263,0.010441,0.010575,0.126917,0.489804,0.051004,0.948996,0.134213,0.134928
7163,24,0.362581,0.010008,0.010205,0.127017,0.490189,0.050695,0.949305,0.124269,0.125612
7164,26,0.362872,0.009999,0.009999,0.127001,0.490129,0.050206,0.949794,0.113681,0.115968
7165,32,0.362937,0.009996,0.009996,0.126953,0.490118,0.050412,0.949588,0.119865,0.118664
7166,24,0.36306,0.00999,0.010513,0.126822,0.489615,0.050092,0.949908,0.119691,0.121079
7167,32,0.362913,0.010006,0.010006,0.126892,0.490183,0.05,0.95,0.123661,0.124309
7168,24,0.363391,0.009989,0.009989,0.126757,0.489874,0.050364,0.949636,0.103259,0.101258
7169,24,0.363099,0.009999,0.010348,0.126741,0.489813,0.05,0.95,0.130695,0.134346
7170,36,0.363306,0.009998,0.009998,0.126716,0.489982,0.050027,0.949973,0.103791,0.103438
7171,24,0.362932,0.010002,0.010002,0.126747,0.490316,0.05,0.95,0.13036,0.132212
7172,24,0.363028,0.009995,0.009995,0.126687,0.490295,0.05037,0.94963,0.114738,0.112719
7173,26,0.363025,0.01,0.01,0.126685,0.49029,0.050446,0.949554,0.116543,0.115988
7174,32,0.362991,0.009998,0.009998,0.126657,0.490356,0.050665,0.949335,0.113858,0.112589
7175,36,0.363156,0.009994,0.010072,0.126579,0.4902,0.051027,0.948973,0.112979,0.110937
7176,28,0.363243,0.009997,0.010136,0.126547,0.490076,0.050542,0.949458,0.117335,0.119611
7177,30,0.363102,0.009988,0.01103,0.126395,0.489486,0.051382,0.948618,0.115947,0.111525
7178,30,0.362724,0.010366,0.011042,0.126392,0.489476,0.051155,0.948845,0.139623,0.140587
7179,24,0.363346,0.010008,0.010093,0.126489,0.490064,0.05033,0.94967,0.116768,0.120751
7180,32,0.363536,0.009999,0.009999,0.126471,0.489996,0.05013,0.94987,0.109507,0.110345
7181,24,0.363555,0.01,0.01,0.126467,0.489979,0.05,0.95,0.1242,0.12751
7182,30,0.363665,0.009998,0.009998,0.126445,0.489894,0.05036,0.94964,0.116726,0.114695
7183,30,0.363409,0.010003,0.010055,0.126485,0.490048,0.05082,0.94918,0.1297,0.127182
7184,32,0.36315,0.010002,0.010002,0.126515,0.490331,0.050701,0.949299,0.137259,0.137685
7185,24,0.362779,0.010003,0.010003,0.126547,0.490669,0.05,0.95,0.12211,0.125596
7186,30,0.362477,0.010002,0.010002,0.126571,0.490949,0.05,0.95,0.119736,0.120373
7187,24,0.362616,0.009998,0.009998,0.126544,0.490844,0.051199,0.948801,0.111814,0.105573
7188,30,0.362736,0.009995,0.009995,0.126482,0.490792,0.051611,0.948389,0.106094,0.103777
7189,30,0.362774,0.009996,0.009996,0.126435,0.490798,0.052513,0.947487,0.113233,0.108361
7190,30,0.363314,0.009991,0.009991,0.126327,0.490377,0.05329,0.94671,0.105787,0.101498
7191,32,0.363087,0.010003,0.010003,0.126368,0.490538,0.053136,0.946864,0.125513,0.126149
7192,36,0.362852,0.01,0.01,0.126364,0.490785,0.053247,0.946753,0.117871,0.117086
7193,24,0.362788,0.010001,0.010001,0.126376,0.490833,0.052855,0.947145,0.125267,0.12716
7194,24,0.362117,0.011005,0.010024,0.126303,0.490551,0.052523,0.947477,0.134183,0.135721
7195,24,0.362486,0.010662,0.01,0.126303,0.490549,0.052452,0.947548,0.117262,0.117423
7196,36,0.362651,0.010006,0.010006,0.126373,0.490966,0.052334,0.947666,0.128247,0.128638
7197,32,0.362607,0.010001,0.010001,0.126383,0.491008,0.052398,0.947602,0.12169,0.121152
7198,24,0.362312,0.010005,0.010005,0.126442,0.491236,0.051772,0.948228,0.128132,0.131226
7199,26,0.362155,0.010003,0.010003,0.126475,0.491365,0.050998,0.949002,0.124492,0.128309
7200,24,0.3626,0.009993,0.009993,0.126388,0.491026,0.052095,0.947905,0.102456,0.096599
7201,24,0.3623,0.010004,0.010004,0.126445,0.491247,0.051716,0.948284,0.134391,0.136176
7202,24,0.361866,0.010004,0.010004,0.12649,0.491636,0.051293,0.948707,0.125529,0.127527
7203,24,0.36189,0.01,0.01,0.126487,0.491623,0.050655,0.949345,0.124222,0.127282
7204,30,0.361592,0.010002,0.010002,0.126512,0.491892,0.050875,0.949125,0.126603,0.125287
7205,24,0.361968,0.009994,0.009994,0.126438,0.491605,0.050848,0.949152,0.113746,0.113682
7206,24,0.361668,0.010005,0.010005,0.126495,0.491827,0.050573,0.949427,0.1282,0.129434
7207,24,0.361283,0.010047,0.010002,0.126522,0.492146,0.050244,0.949756,0.130238,0.131703
7208,26,0.3613,0.01,0.01,0.126528,0.49217,0.05,0.95,0.126137,0.128029
7209,30,0.361224,0.009998,0.009998,0.126507,0.492273,0.05,0.95,0.116791,0.118699
7210,26,0.361503,0.009992,0.009992,0.126412,0.492101,0.05,0.95,0.108036,0.110686
7211,24,0.361124,0.010002,0.010002,0.126441,0.49243,0.05,0.95,0.122109,0.12366
7212,32,0.361054,0.010001,0.010001,0.126456,0.492487,0.050247,0.949753,0.110959,0.109541
7213,24,0.360759,0.010005,0.010005,0.126515,0.492716,0.05,0.95,0.128136,0.131253
7214,24,0.360739,0.010125,0.009998,0.126496,0.492642,0.05,0.95,0.124143,0.125751
7215,32,0.360784,0.010001,0.010001,0.126511,0.492703,0.05,0.95,0.125187,0.125618
7216,30,0.360784,0.01,0.01,0.126512,0.492704,0.05,0.95,0.119602,0.120011
7217,36,0.360616,0.01,0.010194,0.126507,0.492684,0.050678,0.949322,0.123474,0.11989
7218,36,0.360989,0.009995,0.009995,0.126442,0.492579,0.05132,0.94868,0.09657,0.093084
7219,24,0.361261,0.009992,0.009992,0.126344,0.492411,0.051147,0.948853,0.107326,0.107997
7220,30,0.361275,0.009994,0.009994,0.126273,0.492463,0.051319,0.948681,0.106598,0.105507
7221,32,0.361902,0.00999,0.00999,0.126147,0.491971,0.051746,0.948254,0.096873,0.094442
7222,36,0.361701,0.009999,0.009999,0.12613,0.492171,0.051626,0.948374,0.120353,0.120786
7223,30,0.361787,0.009999,0.009999,0.126113,0.492103,0.05179,0.94821,0.128358,0.127302
7224,30,0.361488,0.010002,0.010002,0.126138,0.492371,0.051717,0.948283,0.126587,0.126774
7225,26,0.361294,0.010003,0.010003,0.126177,0.492523,0.05126,0.94874,0.129461,0.131659
7226,36,0.361102,0.009999,0.009999,0.126164,0.492736,0.05126,0.94874,0.117634,0.117444
7227,24,0.361046,0.009998,0.009998,0.126132,0.492827,0.050541,0.949459,0.120176,0.123636
7228,26,0.360908,0.010002,0.010002,0.126158,0.49293,0.050419,0.949581,0.128205,0.128663
7229,24,0.361146,0.009996,0.009996,0.126112,0.492749,0.05038,0.94962,0.117371,0.11739
7230,30,0.360845,0.010002,0.010002,0.126136,0.493015,0.05,0.95,0.126601,0.128815
7231,30,0.361121,0.009996,0.009996,0.126083,0.492805,0.050636,0.949364,0.113336,0.109974
7232,26,0.360866,0.010272,0.010046,0.126068,0.492748,0.050154,0.949846,0.128032,0.130302
7233,26,0.361606,0.009993,0.009993,0.125985,0.492422,0.05,0.95,0.105513,0.108094
7234,26,0.361394,0.01,0.01,0.125985,0.492621,0.05,0.95,0.124373,0.124185
7235,24,0.36171,0.009995,0.009995,0.125923,0.492377,0.05,0.95,0.119873,0.121486
7236,32,0.361686,0.009997,0.009997,0.125891,0.492428,0.050023,0.949977,0.112713,0.112403
7237,26,0.362055,0.009994,0.009994,0.125817,0.49214,0.050069,0.949931,0.104802,0.104376
7238,32,0.36218,0.009998,0.009998,0.12579,0.492034,0.050582,0.949418,0.123145,0.120403
7239,30,0.362342,0.009997,0.009997,0.125757,0.491906,0.050789,0.949211,0.109691,0.108442
7240,24,0.361804,0.010638,0.010024,0.125731,0.491803,0.05,0.95,0.134202,0.13836
7241,32,0.361908,0.010004,0.010004,0.12578,0.492304,0.05,0.95,0.116267,0.116403
7242,36,0.361756,0.01,0.01,0.125781,0.492463,0.050254,0.949746,0.123286,0.121827
7243,24,0.361631,0.010128,0.010269,0.125725,0.492247,0.05,0.95,0.124114,0.125464
7244,32,0.361946,0.010001,0.010017,0.125738,0.492298,0.050367,0.949633,0.117332,0.115327
7245,26,0.361872,0.009998,0.009998,0.125717,0.492413,0.05,0.95,0.121173,0.123158
7246,26,0.3618,0.010001,0.010001,0.125731,0.492467,0.05,0.95,0.123646,0.125302
7247,26,0.361838,0.009996,0.009996,0.125685,0.492484,0.050201,0.949799,0.110889,0.109713
7248,24,0.361836,0.01,0.01,0.125684,0.49248,0.051448,0.948552,0.113437,0.106912
7249,32,0.362416,0.009991,0.009991,0.12557,0.492032,0.051267,0.948733,0.092008,0.092736
7250,32,0.362362,0.010001,0.010001,0.125577,0.49206,0.051594,0.948406,0.126264,0.124395
7251,26,0.361927,0.010043,0.010006,0.125656,0.492369,0.050689,0.949311,0.134257,0.138729
7252,30,0.361918,0.009998,0.009998,0.12563,0.492456,0.050895,0.949105,0.116588,0.115358
7253,32,0.362395,0.009992,0.009992,0.125535,0.492085,0.051774,0.948226,0.101482,0.096814
7254,24,0.362094,0.010004,0.010004,0.125592,0.492305,0.05113,0.94887,0.128244,0.13139
7255,24,0.361802,0.010005,0.010005,0.125651,0.492537,0.05081,0.94919,0.128222,0.129689
7256,24,0.361433,0.010003,0.010003,0.125683,0.492878,0.050331,0.949669,0.13035,0.132601
7257,30,0.361572,0.009998,0.009998,0.125657,0.492775,0.050481,0.949519,0.107914,0.106951
7258,32,0.361571,0.01,0.01,0.125656,0.492773,0.050496,0.949504,0.10993,0.109686
7259,32,0.361622,0.009999,0.009999,0.125646,0.492733,0.051027,0.948973,0.11011,0.107249
7260,24,0.361326,0.010005,0.010005,0.125704,0.49296,0.050364,0.949636,0.128143,0.131314
7261,24,0.361566,0.009996,0.009996,0.125659,0.492782,0.050272,0.949728,0.117436,0.117701
7262,32,0.361729,0.009995,0.009995,0.125591,0.492691,0.051251,0.948749,0.103479,0.098375
7263,26,0.361518,0.01,0.01,0.125591,0.492891,0.050928,0.949072,0.11881,0.120298
7264,32,0.36147,0.010001,0.010001,0.125601,0.492928,0.051177,0.948823,0.110902,0.109452
7265,30,0.36147,0.01,0.01,0.125601,0.492929,0.051245,0.948755,0.119747,0.119179
7266,30,0.361259,0.010221,0.01001,0.125597,0.492913,0.051262,0.948738,0.131752,0.131469
7267,24,0.361342,0.010002,0.010002,0.125626,0.493027,0.050702,0.949298,0.129958,0.132646
7268,24,0.361897,0.009991,0.009991,0.125518,0.492602,0.050648,0.949352,0.10724,0.107255
7269,32,0.36161,0.010002,0.010002,0.125539,0.492848,0.050553,0.949447,0.127861,0.12815
7270,24,0.361217,0.01006,0.010002,0.125563,0.493158,0.05,0.95,0.130265,0.133595
7271,24,0.361931,0.00999,0.00999,0.125435,0.492655,0.05,0.95,0.103634,0.103752
7272,24,0.361238,0.010886,0.010179,0.125355,0.492341,0.05,0.95,0.13417,0.135472
7273,24,0.361645,0.01001,0.01001,0.125485,0.49285,0.05,0.95,0.116029,0.118774
7274,26,0.361653,0.01,0.01,0.125487,0.49286,0.05,0.95,0.126078,0.129562
7275,26,0.361967,0.009995,0.009995,0.125425,0.492618,0.050216,0.949784,0.114401,0.113164
7276,36,0.361811,0.009996,0.009996,0.125371,0.492826,0.050325,0.949675,0.111966,0.111236
7277,26,0.3616,0.01,0.01,0.125372,0.493027,0.05,0.95,0.124428,0.127435
7278,32,0.361552,0.010001,0.010001,0.125382,0.493064,0.05042,0.94958,0.117066,0.11478
7279,26,0.361768,0.009997,0.009997,0.12534,0.492899,0.05,0.95,0.117459,0.120794
7280,24,0.361841,0.009995,0.009995,0.125282,0.492886,0.05,0.95,0.110748,0.112553
7281,26,0.361767,0.009998,0.009998,0.125256,0.492981,0.05,0.95,0.116676,0.117509
7282,34,0.362111,0.009995,0.009995,0.125188,0.492712,0.051014,0.948986,0.097623,0.092355
7283,32,0.362026,0.009998,0.009998,0.125168,0.492809,0.05106,0.94894,0.123197,0.12277
7284,30,0.361822,0.01,0.01,0.125174,0.493004,0.050654,0.949346,0.117076,0.118908
7285,24,0.361745,0.009998,0.009998,0.125147,0.493112,0.051489,0.948511,0.11766,0.113165
7286,26,0.361663,0.009998,0.009998,0.125124,0.493217,0.051355,0.948645,0.121185,0.121691
7287,30,0.36261,0.009985,0.009985,0.124937,0.492482,0.05154,0.94846,0.085711,0.084505
7288,30,0.362575,0.01,0.01,0.124938,0.492487,0.0515,0.9485,0.123456,0.123439
7289,24,0.362651,0.009988,0.01065,0.124794,0.491917,0.051193,0.948807,0.11973,0.121059
7290,24,0.362368,0.010008,0.010008,0.12489,0.492726,0.050662,0.949338,0.119541,0.122079
7291,30,0.362271,0.010002,0.010002,0.124912,0.492813,0.051401,0.948599,0.115446,0.111492
7292,36,0.3621,0.01,0.01,0.124918,0.492981,0.051656,0.948344,0.128498,0.126998
7293,24,0.362101,0.01,0.01,0.124918,0.492981,0.05118,0.94882,0.129989,0.132258
7294,24,0.362101,0.01,0.01,0.124918,0.492981,0.050603,0.949397,0.129961,0.132742
7295,26,0.362502,0.009993,0.010015,0.124835,0.492654,0.050366,0.949634,0.114052,0.115066
7296,26,0.362369,0.010002,0.010002,0.124863,0.492764,0.050044,0.949956,0.122459,0.123913
7297,26,0.362104,0.010001,0.010001,0.124877,0.493017,0.05,0.95,0.125758,0.128312
7298,36,0.362259,0.009995,0.009995,0.124819,0.492932,0.050336,0.949664,0.112495,0.110623
7299,32,0.362283,0.009999,0.009999,0.124812,0.492906,0.050966,0.949034,0.110153,0.10681
7300,32,0.362862,0.009991,0.009991,0.124699,0.492458,0.050967,0.949033,0.090699,0.090455
7301,26,0.362719,0.010002,0.010002,0.124723,0.492554,0.050674,0.949326,0.122449,0.123772
7302,24,0.362657,0.010001,0.010001,0.124736,0.492605,0.050215,0.949785,0.125133,0.127263
7303,24,0.362649,0.009997,0.009997,0.124696,0.492662,0.050064,0.949936,0.117926,0.11851
7304,34,0.362554,0.010001,0.010001,0.124713,0.49273,0.050374,0.949626,0.124511,0.122783
7305,26,0.362418,0.010002,0.010002,0.12474,0.492837,0.05,0.95,0.128163,0.131423
7306,24,0.36242,0.01,0.01,0.124741,0.492839,0.050895,0.949105,0.121717,0.116986
7307,32,0.362792,0.009994,0.009994,0.124668,0.492551,0.051366,0.948634,0.094654,0.092051
7308,24,0.362647,0.009999,0.009999,0.124653,0.492703,0.050606,0.949394,0.127412,0.131113
7309,26,0.362438,0.01,0.01,0.124654,0.492907,0.05019,0.94981,0.124494,0.126433
7310,30,0.362702,0.009993,0.009993,0.124569,0.492742,0.05072,0.94928,0.101156,0.098282
7311,32,0.36285,0.009997,0.009997,0.124538,0.492618,0.051162,0.948838,0.11517,0.112744
7312,24,0.363001,0.009998,0.009998,0.124507,0.492496,0.050645,0.949355,0.114774,0.117172
7313,26,0.362833,0.010379,0.01007,0.124449,0.492268,0.050614,0.949386,0.126001,0.125981
7314,24,0.362701,0.010009,0.010009,0.124563,0.492718,0.050192,0.949808,0.128105,0.130053
7315,24,0.36235,0.010177,0.010003,0.124601,0.492869,0.05,0.95,0.134276,0.137036
7316,32,0.362268,0.010004,0.010004,0.124652,0.493071,0.050172,0.949828,0.115658,0.11462
7317,24,0.362143,0.010002,0.010002,0.124678,0.493174,0.05,0.95,0.126636,0.129718
7318,32,0.362097,0.010001,0.010001,0.124688,0.493213,0.05025,0.94975,0.126285,0.124838
7319,36,0.361986,0.010002,0.010002,0.12471,0.4933,0.050235,0.949765,0.109889,0.109743
7320,24,0.362223,0.009996,0.009996,0.124665,0.493119,0.051302,0.948698,0.109081,0.103504
7321,32,0.362109,0.009999,0.009999,0.124651,0.493242,0.051769,0.948231,0.123146,0.12057
7322,32,0.362496,0.009994,0.009994,0.124575,0.492941,0.05199,0.94801,0.097765,0.096368
7323,36,0.362575,0.009999,0.009999,0.124557,0.49287,0.052011,0.947989,0.11262,0.112272
7324,30,0.362563,0.01,0.01,0.124559,0.492877,0.052662,0.947338,0.121691,0.118092
7325,30,0.362265,0.010002,0.010002,0.124584,0.493147,0.052625,0.947375,0.126463,0.126471
7326,24,0.361998,0.009992,0.01079,0.124481,0.492739,0.052487,0.947513,0.124071,0.124575
7327,36,0.362071,0.010006,0.010169,0.124559,0.493195,0.05245,0.94755,0.124219,0.124201
7328,32,0.362087,0.010002,0.010002,0.12459,0.493318,0.051656,0.948344,0.129392,0.133355
7329,30,0.36232,0.009993,0.009993,0.124509,0.493184,0.05253,0.94747,0.109703,0.104976
7330,26,0.362577,0.009996,0.009996,0.124456,0.492975,0.052414,0.947586,0.116365,0.116761
7331,24,0.362279,0.010005,0.010005,0.124513,0.493199,0.051786,0.948214,0.128148,0.131244
7332,24,0.362548,0.009991,0.01029,0.124404,0.492767,0.052496,0.947504,0.113544,0.109636
7333,24,0.362966,0.009998,0.009998,0.124377,0.492661,0.052001,0.947999,0.111646,0.114003
7334,30,0.362862,0.010002,0.010002,0.124396,0.492738,0.052752,0.947248,0.122016,0.117883
7335,30,0.363052,0.009997,0.009997,0.12436,0.492594,0.053503,0.946497,0.109579,0.105413
7336,24,0.362755,0.010005,0.010005,0.124417,0.492819,0.052937,0.947063,0.128236,0.131081
7337,30,0.362633,0.010002,0.010002,0.124442,0.492921,0.05268,0.94732,0.126798,0.127941
7338,26,0.363256,0.00999,0.00999,0.124322,0.492442,0.05234,0.94766,0.101641,0.103199
7339,26,0.363177,0.009998,0.009998,0.124295,0.492533,0.051749,0.948251,0.122491,0.125412
7340,26,0.363176,0.01,0.01,0.124294,0.49253,0.051537,0.948463,0.120313,0.121225
7341,32,0.363305,0.009998,0.009998,0.124269,0.492431,0.051973,0.948027,0.118528,0.116093
7342,24,0.362931,0.010002,0.010002,0.124299,0.492765,0.051639,0.948361,0.124191,0.125746
7343,32,0.362932,0.01,0.01,0.1243,0.492768,0.051777,0.948223,0.120567,0.119662
7344,24,0.363086,0.009998,0.009998,0.12427,0.492649,0.05108,0.94892,0.114778,0.118133
7345,30,0.363075,0.009995,0.009995,0.124207,0.492728,0.05189,0.94811,0.106972,0.102625
7346,24,0.363071,0.01,0.01,0.124206,0.492723,0.0528,0.9472,0.121685,0.11669
7347,24,0.362738,0.009991,0.010907,0.124092,0.492272,0.053679,0.946321,0.121549,0.116683
7348,30,0.362704,0.010009,0.01035,0.124207,0.492729,0.054217,0.945783,0.123205,0.12009
7349,26,0.36264,0.010007,0.010007,0.12429,0.493057,0.053823,0.946177,0.129474,0.131434
7350,32,0.362592,0.010001,0.010014,0.124299,0.493094,0.053909,0.946091,0.126309,0.125631
7351,26,0.362706,0.009998,0.009998,0.12428,0.493017,0.053972,0.946028,0.114635,0.114105
7352,26,0.362814,0.009998,0.009998,0.124258,0.492931,0.054035,0.945965,0.114555,0.114019
7353,24,0.362518,0.010005,0.010005,0.124315,0.493158,0.053687,0.946313,0.128223,0.12991
7354,24,0.362443,0.009988,0.010853,0.124163,0.492553,0.054469,0.945531,0.117188,0.11277
7355,32,0.363144,0.009997,0.01034,0.124123,0.492397,0.054283,0.945717,0.092871,0.09364
7356,26,0.363266,0.010003,0.010003,0.124165,0.492562,0.053629,0.946371,0.120345,0.123658
7357,24,0.363122,0.010185,0.009996,0.124116,0.492581,0.05325,0.94675,0.125841,0.127646
7358,32,0.363194,0.010002,0.010002,0.124137,0.492665,0.053444,0.946556,0.112453,0.111217
7359,24,0.362823,0.010003,0.010003,0.124168,0.493003,0.052688,0.947312,0.130338,0.13417
7360,24,0.362978,0.009998,0.009998,0.124139,0.492887,0.051966,0.948034,0.114702,0.118228
7361,24,0.362977,0.01,0.01,0.124139,0.492885,0.051366,0.948634,0.121665,0.124587
7362,32,0.362929,0.010001,0.010001,0.124148,0.492922,0.051582,0.948418,0.117098,0.115799
7363,24,0.362289,0.010947,0.009995,0.124087,0.492681,0.051082,0.948918,0.134193,0.13654
7364,24,0.362351,0.010558,0.010002,0.124109,0.49298,0.050689,0.949311,0.119654,0.12145
7365,24,0.361982,0.010769,0.010003,0.124141,0.493106,0.050291,0.949709,0.12801,0.129837
7366,36,0.361705,0.010562,0.010696,0.124098,0.492939,0.050588,0.949412,0.1303,0.128645
7367,26,0.362375,0.010009,0.010009,0.124213,0.493394,0.050188,0.949812,0.117581,0.119414
7368,30,0.362467,0.009999,0.009999,0.124199,0.493337,0.05053,0.94947,0.116879,0.114971
7369,24,0.362093,0.010002,0.010002,0.124229,0.493673,0.05,0.95,0.124179,0.127491
7370,26,0.362343,0.009996,0.009996,0.124182,0.493483,0.05,0.95,0.109574,0.110213
7371,32,0.362371,0.009999,0.009999,0.124175,0.493456,0.05,0.95,0.126351,0.126977
7372,24,0.362359,0.01,0.01,0.124177,0.493464,0.05,0.95,0.123609,0.126532
7373,24,0.362416,0.009999,0.009999,0.124166,0.49342,0.05,0.95,0.115621,0.117353
7374,30,0.361948,0.009999,0.009999,0.124159,0.493894,0.05,0.95,0.110369,0.111338
7375,26,0.361453,0.010005,0.010005,0.124217,0.494321,0.05,0.95,0.124811,0.126699
7376,26,0.361249,0.01,0.01,0.12422,0.494531,0.05,0.95,0.124427,0.127554
7377,32,0.361416,0.009997,0.009997,0.124187,0.494401,0.050243,0.949757,0.098855,0.097419
7378,24,0.361055,0.010006,0.010006,0.124257,0.494677,0.05,0.95,0.129585,0.131144
7379,32,0.361202,0.009996,0.010093,0.124211,0.494497,0.050023,0.949977,0.109302,0.109017
7380,24,0.361471,0.009997,0.009997,0.124176,0.494358,0.050854,0.949146,0.117332,0.112922
7381,24,0.361849,0.009994,0.009994,0.124102,0.494061,0.050795,0.949205,0.11223,0.112315
7382,24,0.361484,0.010185,0.010003,0.124135,0.494194,0.050504,0.949496,0.128015,0.129305
7383,24,0.360859,0.010516,0.010574,0.124079,0.493972,0.050328,0.949672,0.134211,0.134916
7384,26,0.361714,0.010004,0.010004,0.124125,0.494154,0.050579,0.949421,0.103996,0.102535
7385,30,0.361649,0.009998,0.009998,0.124103,0.494252,0.050133,0.949867,0.122762,0.124777
7386,32,0.361366,0.010002,0.010002,0.124125,0.494505,0.050602,0.949398,0.121771,0.119234
7387,32,0.361497,0.009998,0.009998,0.1241,0.494407,0.05138,0.94862,0.107735,0.103602
7388,24,0.361723,0.009996,0.010023,0.12405,0.494208,0.051496,0.948504,0.117266,0.116468
7389,36,0.3611,0.010539,0.010903,0.12389,0.493568,0.051823,0.948177,0.13018,0.128311
7390,32,0.360716,0.010834,0.01076,0.123877,0.493814,0.05171,0.94829,0.132772,0.133159
7391,32,0.361279,0.010013,0.010013,0.124043,0.494651,0.052725,0.947275,0.106801,0.101353
7392,26,0.361153,0.010002,0.010002,0.124072,0.49477,0.052585,0.947415,0.122419,0.122977
7393,26,0.361403,0.009996,0.009996,0.124025,0.49458,0.052475,0.947525,0.109678,0.110057
7394,30,0.361445,0.009996,0.010178,0.12398,0.4944,0.0525,0.9475,0.133231,0.132885
7395,26,0.361372,0.010004,0.010004,0.124028,0.494592,0.052003,0.947997,0.124348,0.126779
7396,24,0.361002,0.010003,0.010003,0.12406,0.494933,0.051592,0.948408,0.130244,0.132175
7397,32,0.360999,0.01,0.01,0.124061,0.49494,0.052037,0.947963,0.11695,0.114458
7398,30,0.360928,0.010365,0.010336,0.123935,0.494436,0.052277,0.947723,0.125877,0.124425
7399,26,0.361717,0.009999,0.009999,0.123918,0.494368,0.051623,0.948377,0.106384,0.109571
7400,26,0.361716,0.01,0.01,0.123918,0.494367,0.051787,0.948213,0.122423,0.121392
7401,24,0.36141,0.010004,0.010033,0.123972,0.494581,0.051316,0.948684,0.12598,0.12822
7402,32,0.361276,0.010003,0.010003,0.124005,0.494713,0.051697,0.948303,0.115797,0.11366
7403,24,0.361278,0.01,0.01,0.124005,0.494716,0.051568,0.948432,0.129946,0.130432
7404,30,0.361456,0.009997,0.010029,0.123965,0.494554,0.052108,0.947892,0.116027,0.113067
7405,24,0.361029,0.010004,0.010004,0.124011,0.494953,0.051785,0.948215,0.125614,0.127097
7406,24,0.360736,0.010005,0.010005,0.124069,0.495186,0.051511,0.948489,0.134332,0.135541
7407,32,0.360855,0.009998,0.009998,0.124048,0.4951,0.051678,0.948322,0.114951,0.113847
7408,24,0.360726,0.010002,0.010002,0.124073,0.495198,0.051037,0.948963,0.126623,0.129728
7409,24,0.360727,0.01,0.01,0.124073,0.4952,0.050276,0.949724,0.129897,0.133584
7410,24,0.360865,0.009998,0.009998,0.124046,0.495093,0.051357,0.948643,0.111761,0.106093
7411,30,0.360975,0.009998,0.009998,0.124024,0.495005,0.051712,0.948288,0.116656,0.114607
7412,26,0.36055,0.010007,0.010007,0.124106,0.495331,0.050923,0.949077,0.13423,0.138134
7413,24,0.361553,0.009985,0.009985,0.123914,0.494565,0.050828,0.949172,0.094315,0.094534
7414,30,0.36149,0.01,0.01,0.12392,0.494589,0.050933,0.949067,0.11316,0.112399
7415,26,0.361491,0.01,0.01,0.12392,0.494589,0.051034,0.948966,0.116643,0.115955
7416,32,0.361491,0.01,0.01,0.12392,0.494589,0.051253,0.948747,0.11592,0.11459
7417,30,0.361431,0.009996,0.009996,0.123868,0.494709,0.05183,0.94817,0.107132,0.103977
7418,30,0.36113,0.010596,0.010213,0.123764,0.494297,0.051503,0.948497,0.126088,0.127593
7419,24,0.362006,0.009998,0.010038,0.123744,0.494215,0.051123,0.948877,0.101714,0.103426
7420,24,0.361801,0.010001,0.010167,0.123758,0.494273,0.050405,0.949595,0.130655,0.134138
7421,30,0.361981,0.01,0.01,0.123756,0.494264,0.05053,0.94947,0.112813,0.112014
7422,24,0.361685,0.010005,0.010005,0.123813,0.494492,0.05,0.95,0.128145,0.130815
7423,24,0.361688,0.01,0.01,0.123814,0.494497,0.05,0.95,0.129967,0.132547
7424,26,0.361457,0.010001,0.010001,0.123821,0.494721,0.05,0.95,0.111282,0.113378
7425,30,0.361389,0.009998,0.009998,0.123798,0.494816,0.050954,0.949046,0.116175,0.111199
7426,24,0.361028,0.010006,0.010006,0.123867,0.495093,0.050461,0.949539,0.12957,0.131909
7427,24,0.360582,0.01,0.01,0.123873,0.495544,0.05,0.95,0.120137,0.122748
7428,32,0.360559,0.01,0.01,0.123878,0.495563,0.050368,0.949632,0.109818,0.107802
7429,26,0.360775,0.009997,0.009997,0.123836,0.495396,0.05,0.95,0.113779,0.116147
7430,30,0.360962,0.009997,0.009997,0.123799,0.495246,0.050742,0.949258,0.116215,0.112306
7431,26,0.361298,0.009995,0.009995,0.123732,0.494981,0.05041,0.94959,0.108859,0.110349
7432,30,0.361124,0.01,0.01,0.123728,0.495149,0.0509,0.9491,0.118514,0.115832
7433,30,0.361124,0.01,0.01,0.123728,0.495149,0.050879,0.949121,0.119641,0.119573
7434,26,0.361052,0.010001,0.010001,0.123741,0.495204,0.050262,0.949738,0.123609,0.126547
7435,24,0.36068,0.010003,0.010003,0.123772,0.495542,0.05,0.95,0.13032,0.132098
7436,24,0.360322,0.010006,0.010006,0.123843,0.495824,0.05,0.95,0.129565,0.132028
7437,32,0.360267,0.009998,0.009998,0.123824,0.495912,0.05,0.95,0.124706,0.124847
7438,24,0.360266,0.01,0.01,0.123823,0.495911,0.05,0.95,0.123804,0.125491
7439,26,0.359822,0.010377,0.010832,0.123671,0.495299,0.050088,0.949912,0.125963,0.125349
7440,30,0.360447,0.010009,0.010009,0.123784,0.495751,0.050168,0.949832,0.116132,0.115547
7441,24,0.360904,0.009993,0.009993,0.123699,0.495411,0.050103,0.949897,0.110408,0.110526
7442,24,0.360526,0.010002,0.010002,0.123728,0.495741,0.05,0.95,0.122067,0.123976
7443,30,0.36101,0.009993,0.009993,0.123635,0.49537,0.050149,0.949851,0.094837,0.093876
7444,24,0.360709,0.010004,0.010004,0.12369,0.495592,0.05,0.95,0.128113,0.130049
7445,24,0.360635,0.009998,0.009998,0.123665,0.495704,0.05,0.95,0.117705,0.120809
7446,30,0.360801,0.009997,0.009997,0.123632,0.495572,0.050356,0.949644,0.112848,0.110813
7447,32,0.361075,0.009996,0.009996,0.123578,0.495355,0.050116,0.949884,0.118209,0.119234
7448,32,0.360862,0.01,0.01,0.123584,0.495553,0.050211,0.949789,0.110928,0.110249
7449,30,0.36076,0.010002,0.010002,0.123604,0.495633,0.050357,0.949643,0.121885,0.120961
7450,30,0.361201,0.009993,0.009993,0.123519,0.495294,0.05049,0.94951,0.096038,0.095097
7451,24,0.361433,0.009996,0.009996,0.123471,0.495104,0.051675,0.948325,0.111156,0.104923
7452,32,0.361559,0.009998,0.009998,0.123445,0.494999,0.052389,0.947611,0.113879,0.110011
7453,24,0.361874,0.009995,0.009995,0.123384,0.494752,0.051749,0.948251,0.119881,0.123008
7454,32,0.361724,0.010002,0.010002,0.123411,0.494861,0.052239,0.947761,0.120243,0.117503
7455,32,0.362113,0.009994,0.009994,0.123337,0.494563,0.052359,0.947641,0.113601,0.112792
7456,24,0.362119,0.01,0.01,0.123333,0.494548,0.051729,0.948271,0.123009,0.126104
7457,32,0.361838,0.010002,0.010002,0.123355,0.494803,0.051639,0.948361,0.127974,0.128251
7458,24,0.361839,0.01,0.01,0.123356,0.494805,0.051583,0.948417,0.123674,0.123754
7459,30,0.362028,0.009997,0.009997,0.12332,0.494659,0.051812,0.948188,0.115983,0.114559
7460,26,0.361849,0.01041,0.010069,0.123259,0.494414,0.051321,0.948679,0.125996,0.128362
7461,36,0.361615,0.010227,0.010475,0.123231,0.494451,0.051786,0.948214,0.128288,0.125704
7462,24,0.362485,0.009997,0.009997,0.123199,0.494321,0.052159,0.947841,0.105865,0.103743
7463,32,0.362262,0.010003,0.010003,0.123241,0.49449,0.052,0.948,0.123976,0.124625
7464,24,0.362501,0.009996,0.009996,0.123196,0.49431,0.053161,0.946839,0.109094,0.102786
7465,36,0.362383,0.010048,0.010001,0.123209,0.49436,0.0533,0.9467,0.122006,0.121074
7466,36,0.362254,0.01,0.01,0.123213,0.494533,0.052787,0.947213,0.119335,0.121873
7467,30,0.362418,0.009997,0.009997,0.123181,0.494406,0.053118,0.946882,0.116327,0.114369
7468,26,0.36228,0.010002,0.010002,0.123207,0.494509,0.05268,0.94732,0.128118,0.130264
7469,32,0.362459,0.009997,0.009997,0.123173,0.494374,0.053046,0.946954,0.106482,0.104371
7470,32,0.362094,0.010225,0.01,0.123167,0.494514,0.053003,0.946997,0.137119,0.137159
7471,24,0.36255,0.009996,0.009996,0.123123,0.494335,0.053172,0.946828,0.113729,0.112641
7472,24,0.362783,0.009996,0.009996,0.123076,0.494148,0.053152,0.946848,0.117425,0.117317
7473,32,0.3625,0.010002,0.010002,0.123098,0.494399,0.053053,0.946947,0.127865,0.128179
7474,36,0.362405,0.009997,0.009997,0.123066,0.494535,0.052838,0.947162,0.123001,0.123916
7475,30,0.362422,0.009997,0.009997,0.123025,0.49456,0.053255,0.946745,0.115042,0.11262
7476,24,0.36206,0.010006,0.010006,0.123094,0.494835,0.052735,0.947265,0.127533,0.130109
7477,24,0.361692,0.010003,0.010003,0.123126,0.495177,0.052208,0.947792,0.124065,0.126654
7478,24,0.361398,0.010005,0.010005,0.123183,0.495409,0.051807,0.948193,0.128118,0.130016
7479,32,0.361472,0.009994,0.009994,0.123114,0.495426,0.052137,0.947863,0.11079,0.108892
7480,26,0.360954,0.010058,0.010004,0.123163,0.495822,0.051275,0.948725,0.130514,0.134816
7481,24,0.360899,0.009998,0.009998,0.123144,0.49596,0.050833,0.949167,0.119703,0.121766
7482,24,0.361071,0.009997,0.009997,0.12311,0.495824,0.051219,0.948781,0.118765,0.116636
7483,24,0.361309,0.009993,0.009993,0.123022,0.495683,0.050963,0.949037,0.115768,0.116825
7484,26,0.361765,0.009993,0.009993,0.122932,0.495318,0.050323,0.949677,0.1029,0.105921
7485,30,0.361372,0.010418,0.009999,0.122924,0.495286,0.050239,0.949761,0.139581,0.139799
7486,24,0.360987,0.010493,0.010005,0.122984,0.495531,0.05,0.95,0.127427,0.129907
7487,24,0.361389,0.010041,0.010001,0.122995,0.495574,0.050117,0.949883,0.117259,0.116499
7488,26,0.360981,0.010007,0.010007,0.123082,0.495923,0.05,0.95,0.134212,0.137669
7489,32,0.359997,0.011101,0.010991,0.122864,0.495047,0.050057,0.949943,0.139207,0.138733
7490,32,0.359761,0.011014,0.01159,0.122809,0.494825,0.05056,0.94944,0.126227,0.123531
7491,26,0.361163,0.010019,0.010019,0.123041,0.495759,0.050591,0.949409,0.104147,0.103798
7492,38,0.360577,0.010183,0.010001,0.123056,0.496183,0.050211,0.949789,0.130466,0.132204
7493,32,0.360532,0.010001,0.010001,0.123066,0.4964,0.050994,0.949006,0.113895,0.109765
7494,32,0.360647,0.009995,0.009995,0.12301,0.496352,0.050926,0.949074,0.118793,0.118974
7495,24,0.360644,0.01,0.01,0.123009,0.496347,0.050885,0.949115,0.123802,0.123825
7496,38,0.360644,0.01,0.01,0.123009,0.496347,0.051237,0.948763,0.108439,0.106439
7497,36,0.360493,0.01,0.01,0.12301,0.496497,0.051278,0.948722,0.128291,0.127889
7498,26,0.360433,0.010001,0.010001,0.123022,0.496543,0.050704,0.949296,0.127426,0.130161
7499,32,0.360549,0.009995,0.009995,0.122966,0.496495,0.050945,0.949055,0.118793,0.1174
7500,24,0.360249,0.010005,0.010005,0.123022,0.49672,0.050299,0.949701,0.12606,0.12917
7501,26,0.360116,0.010002,0.010002,0.123049,0.49683,0.05,0.95,0.128158,0.131257
7502,24,0.360041,0.009998,0.009998,0.123023,0.49694,0.05,0.95,0.119681,0.121692
7503,24,0.359743,0.010005,0.010005,0.12308,0.497168,0.05,0.95,0.128218,0.131461
7504,26,0.359323,0.010007,0.010007,0.123162,0.497502,0.05,0.95,0.128532,0.131376
7505,32,0.359507,0.009997,0.009997,0.12313,0.497369,0.05,0.95,0.109466,0.110102
7506,24,0.35966,0.009998,0.009998,0.123099,0.497246,0.05,0.95,0.11481,0.11583
7507,30,0.359761,0.009996,0.009996,0.123046,0.497202,0.050151,0.949849,0.106713,0.105768
7508,24,0.360134,0.009994,0.009994,0.122973,0.496906,0.050817,0.949183,0.113594,0.110044
7509,26,0.36013,0.01,0.01,0.122971,0.4969,0.050386,0.949614,0.116674,0.118683
7510,26,0.360239,0.009998,0.009998,0.12295,0.496814,0.050421,0.949579,0.114564,0.114217
7511,32,0.360416,0.009997,0.009997,0.122915,0.496675,0.050498,0.949502,0.11732,0.116761
7512,32,0.360267,0.010002,0.010002,0.122943,0.496786,0.050477,0.949523,0.129469,0.129401
7513,36,0.36017,0.010002,0.010002,0.122962,0.496865,0.050336,0.949664,0.126238,0.126771
7514,26,0.360034,0.010002,0.010002,0.122989,0.496972,0.050182,0.949818,0.122312,0.122917
7515,32,0.359878,0.009994,0.01055,0.122913,0.496665,0.05,0.95,0.124769,0.125933
7516,30,0.360412,0.01,0.01,0.122915,0.496673,0.05,0.95,0.10495,0.105323
7517,24,0.360039,0.010002,0.010002,0.122946,0.49701,0.05,0.95,0.130326,0.133649
7518,30,0.359871,0.01,0.01,0.122943,0.497186,0.050356,0.949644,0.118459,0.116439
7519,38,0.359016,0.010632,0.010614,0.122865,0.496872,0.050444,0.949556,0.138872,0.138245
7520,24,0.358369,0.01141,0.010804,0.122802,0.496616,0.05014,0.94986,0.134151,0.135478
7521,30,0.359016,0.01032,0.010239,0.122964,0.49746,0.051048,0.948952,0.113224,0.108468
7522,30,0.358828,0.010005,0.010098,0.123026,0.498042,0.051434,0.948566,0.119926,0.117761
7523,24,0.359317,0.009994,0.009994,0.122952,0.497743,0.051314,0.948686,0.110435,0.11083
7524,32,0.359617,0.009995,0.009995,0.122893,0.4975,0.051657,0.948343,0.094956,0.092979
7525,32,0.359197,0.010052,0.01011,0.122881,0.49776,0.051241,0.948759,0.1303,0.13225
7526,26,0.359472,0.009998,0.009998,0.122859,0.497673,0.050745,0.949255,0.1138,0.116143
7527,26,0.359334,0.010002,0.010002,0.122885,0.497777,0.050542,0.949458,0.128113,0.128948
7528,30,0.360026,0.009989,0.009989,0.122753,0.497243,0.050567,0.949433,0.094543,0.094159
7529,24,0.360178,0.009994,0.009994,0.122678,0.497155,0.050536,0.949464,0.113384,0.11334
7530,26,0.35962,0.010005,0.010005,0.122745,0.497624,0.050057,0.949943,0.122322,0.124555
7531,24,0.359122,0.010182,0.010002,0.122767,0.497927,0.05,0.95,0.13165,0.134485
7532,24,0.358815,0.010004,0.010004,0.12282,0.498356,0.05,0.95,0.12403,0.12631
7533,24,0.358522,0.010005,0.010005,0.122878,0.498591,0.05,0.95,0.125989,0.12756
7534,26,0.358525,0.01,0.01,0.12288,0.498595,0.050126,0.949874,0.122357,0.12153
7535,30,0.358497,0.01,0.01,0.122885,0.498617,0.050163,0.949837,0.126483,0.126037
7536,24,0.359499,0.009984,0.009984,0.122693,0.497839,0.050086,0.949914,0.094324,0.094463
7537,26,0.359726,0.009996,0.009996,0.122644,0.497639,0.050115,0.949885,0.111254,0.110936
7538,26,0.359762,0.009996,0.009996,0.122598,0.497648,0.050345,0.949655,0.110884,0.109567
7539,24,0.359463,0.010005,0.010005,0.122653,0.497875,0.050576,0.949424,0.128082,0.1267
7540,26,0.360455,0.009985,0.009985,0.122465,0.497111,0.050561,0.949439,0.092656,0.092513
7541,24,0.360343,0.010278,0.010054,0.122416,0.496909,0.050422,0.949578,0.124145,0.12463
7542,24,0.360386,0.010001,0.010001,0.12243,0.497182,0.05,0.95,0.119763,0.123188
7543,32,0.360453,0.009996,0.009996,0.122384,0.49717,0.050393,0.949607,0.115216,0.113085
7544,24,0.36045,0.01,0.01,0.122383,0.497167,0.051196,0.948804,0.121688,0.117414
7545,26,0.360699,0.009996,0.009996,0.122335,0.496973,0.05082,0.94918,0.109595,0.111317
7546,26,0.360659,0.010001,0.010001,0.122342,0.496998,0.050221,0.949779,0.115696,0.118535
7547,32,0.361123,0.009993,0.009993,0.122253,0.496639,0.050895,0.949105,0.098287,0.09474
7548,24,0.361272,0.009997,0.009997,0.122222,0.496511,0.05062,0.94938,0.114829,0.116029
7549,24,0.361507,0.009996,0.009996,0.122176,0.496325,0.051804,0.948196,0.111158,0.104907
7550,26,0.361179,0.010519,0.009997,0.122137,0.496168,0.051321,0.948679,0.128042,0.13036
7551,30,0.361098,0.010093,0.010008,0.122235,0.496565,0.05116,0.94884,0.129704,0.130329
7552,30,0.36122,0.01,0.01,0.122231,0.49655,0.051676,0.948324,0.116826,0.114001
7553,26,0.361844,0.00999,0.00999,0.122112,0.496064,0.051149,0.948851,0.101729,0.104222
7554,30,0.361431,0.010001,0.010001,0.122124,0.496443,0.05091,0.94909,0.113598,0.11461
7555,24,0.361432,0.01,0.01,0.122124,0.496444,0.050485,0.949515,0.121644,0.123613
7556,30,0.361195,0.010004,0.010004,0.122169,0.496628,0.050373,0.949627,0.129668,0.130028
7557,30,0.361387,0.009997,0.009997,0.122134,0.496485,0.050651,0.949349,0.109497,0.107918
7558,24,0.361219,0.009995,0.010455,0.122077,0.496253,0.050571,0.949429,0.129869,0.130079
7559,36,0.361829,0.009997,0.009997,0.122047,0.496129,0.051144,0.948856,0.094782,0.09163
7560,32,0.362,0.009997,0.009997,0.122013,0.495993,0.051784,0.948216,0.113771,0.110319
7561,36,0.36183,0.01,0.010191,0.122008,0.495972,0.052262,0.947738,0.130328,0.127654
7562,30,0.361899,0.010002,0.010002,0.122031,0.496066,0.052029,0.947971,0.119579,0.120591
7563,30,0.360764,0.011455,0.010993,0.121773,0.495016,0.051973,0.948027,0.139402,0.139493
7564,32,0.361651,0.010501,0.010017,0.121978,0.495852,0.051935,0.948065,0.106562,0.106572
7565,30,0.362432,0.009996,0.009996,0.121928,0.495648,0.051683,0.948317,0.098971,0.100064
7566,26,0.362293,0.010002,0.010002,0.121953,0.49575,0.051275,0.948725,0.128218,0.130161
7567,24,0.362352,0.009999,0.009999,0.121943,0.495707,0.050721,0.949279,0.115595,0.118187
7568,24,0.36242,0.009999,0.009999,0.121929,0.495652,0.050602,0.949398,0.121883,0.12229
7569,24,0.362125,0.010005,0.010005,0.121985,0.495881,0.05,0.95,0.128157,0.131457
7570,26,0.361992,0.010002,0.010002,0.122013,0.495991,0.050123,0.949877,0.128188,0.127416
7571,26,0.361786,0.01,0.01,0.122015,0.496199,0.05,0.95,0.124495,0.126687
7572,24,0.361779,0.010019,0.010848,0.121846,0.495509,0.05,0.95,0.119677,0.12044
7573,32,0.362136,0.009993,0.010938,0.121762,0.495171,0.05,0.95,0.116343,0.117975
7574,32,0.362295,0.010006,0.010366,0.121841,0.495491,0.050504,0.949496,0.126409,0.12369
7575,24,0.362041,0.010159,0.010954,0.121745,0.4951,0.05,0.95,0.124065,0.127936
7576,24,0.362396,0.01001,0.010144,0.121864,0.495586,0.051229,0.948771,0.113462,0.107056
7577,30,0.362751,0.009997,0.009997,0.121826,0.495429,0.051503,0.948497,0.113304,0.111705
7578,30,0.36231,0.010291,0.010895,0.121678,0.494826,0.051584,0.948416,0.136035,0.135445
7579,30,0.36281,0.010006,0.010335,0.121746,0.495104,0.052481,0.947519,0.116255,0.111424
7580,36,0.362835,0.010005,0.010005,0.121806,0.495349,0.052591,0.947409,0.122024,0.121257
7581,32,0.362899,0.009997,0.009997,0.121764,0.495343,0.052569,0.947431,0.120935,0.120837
7582,30,0.36266,0.010004,0.010004,0.121809,0.495524,0.05267,0.94733,0.129694,0.128905
7583,24,0.363105,0.009993,0.009993,0.121725,0.495183,0.053764,0.946236,0.102452,0.096409
7584,30,0.362865,0.010004,0.010004,0.121768,0.49536,0.054206,0.945794,0.123235,0.120628
7585,24,0.362569,0.010001,0.010001,0.121786,0.495643,0.053637,0.946363,0.128217,0.131096
7586,34,0.362737,0.009997,0.009997,0.121754,0.495515,0.053807,0.946193,0.118461,0.117375
7587,30,0.362733,0.009995,0.009995,0.121691,0.495586,0.053767,0.946233,0.109628,0.109635
7588,32,0.362666,0.009998,0.009998,0.121668,0.49567,0.054541,0.945459,0.106601,0.102223
7589,24,0.362901,0.009996,0.009996,0.121623,0.495484,0.055717,0.944283,0.111152,0.104428
7590,32,0.36281,0.009999,0.009999,0.121605,0.495588,0.055981,0.944019,0.106685,0.104947
7591,32,0.362791,0.009993,0.009993,0.121518,0.495706,0.056304,0.943696,0.10613,0.104094
7592,24,0.362284,0.009999,0.010568,0.121503,0.495646,0.056134,0.943866,0.134249,0.134962
7593,26,0.36233,0.010004,0.010049,0.121556,0.49606,0.055557,0.944443,0.119888,0.122875
7594,36,0.362195,0.010001,0.010001,0.121562,0.496242,0.055621,0.944379,0.119216,0.118657
7595,30,0.36182,0.010201,0.010182,0.121561,0.496236,0.055568,0.944432,0.12301,0.123087
7596,26,0.361959,0.010004,0.010004,0.121607,0.496426,0.055231,0.944769,0.120426,0.122096
7597,26,0.361754,0.01,0.01,0.12161,0.496635,0.054829,0.945171,0.120682,0.122715
7598,24,0.361521,0.01,0.01,0.121614,0.496865,0.054293,0.945707,0.120528,0.12321
7599,24,0.361874,0.009994,0.009994,0.121547,0.49659,0.053631,0.946369,0.111259,0.114575
7600,24,0.362008,0.009998,0.009998,0.12152,0.496477,0.054373,0.945627,0.117905,0.113674
7601,32,0.362048,0.009994,0.009994,0.121452,0.496511,0.054041,0.945959,0.108368,0.109955
7602,32,0.362221,0.009997,0.009997,0.121417,0.496368,0.054261,0.945739,0.112714,0.111298
7603,26,0.362484,0.009993,0.009993,0.121328,0.496202,0.053956,0.946044,0.105074,0.106479
7604,24,0.362415,0.010001,0.010001,0.121339,0.496244,0.053428,0.946572,0.123129,0.125764
7605,32,0.362087,0.010001,0.010001,0.121345,0.496567,0.053227,0.946773,0.132905,0.13379
7606,38,0.362641,0.009991,0.009991,0.12124,0.496136,0.053664,0.946336,0.098433,0.095906
7607,32,0.362278,0.010001,0.010001,0.121247,0.496474,0.053556,0.946444,0.116402,0.116785
7608,26,0.361856,0.010007,0.010007,0.121327,0.496803,0.053133,0.946867,0.124771,0.12684
7609,30,0.361831,0.010001,0.010001,0.121334,0.496833,0.052714,0.947286,0.116654,0.118598
7610,24,0.361969,0.009998,0.009998,0.121308,0.496726,0.05377,0.94623,0.109703,0.103886
7611,30,0.362055,0.009999,0.009999,0.121291,0.496657,0.053787,0.946213,0.111977,0.11165
7612,30,0.361946,0.010034,0.010001,0.121305,0.496714,0.053535,0.946465,0.133544,0.134657
7613,24,0.362195,0.009997,0.009997,0.121265,0.496547,0.054693,0.945307,0.109086,0.102602
7614,30,0.362125,0.009998,0.009998,0.121241,0.496638,0.054824,0.945176,0.126061,0.125113
7615,24,0.361751,0.010002,0.010002,0.121271,0.496974,0.054281,0.945719,0.124162,0.126927
7616,26,0.361426,0.010469,0.010051,0.121234,0.496821,0.054243,0.945757,0.128024,0.128037
7617,24,0.361241,0.010008,0.010008,0.121327,0.497417,0.053503,0.946497,0.122012,0.125782
7618,36,0.360941,0.01057,0.009996,0.121278,0.497216,0.053381,0.946619,0.126117,0.126573
7619,30,0.361161,0.010005,0.010005,0.121343,0.497485,0.05306,0.94694,0.11361,0.115117
7620,24,0.362161,0.009985,0.009985,0.121155,0.496715,0.053141,0.946859,0.094243,0.093564
7621,30,0.362259,0.00999,0.010515,0.121031,0.496205,0.053981,0.946019,0.113052,0.108369
7622,24,0.362146,0.01001,0.01001,0.121148,0.496686,0.053559,0.946441,0.128116,0.130194
7623,32,0.362105,0.010001,0.010001,0.12116,0.496733,0.053963,0.946037,0.121625,0.119258
7624,24,0.362342,0.009996,0.009996,0.121115,0.49655,0.054786,0.945214,0.117342,0.112607
7625,26,0.362132,0.01,0.01,0.121116,0.496751,0.05429,0.94571,0.124422,0.12694
7626,24,0.362132,0.01,0.01,0.121116,0.496752,0.053408,0.946592,0.129911,0.134474
7627,30,0.362367,0.009996,0.009996,0.121072,0.496569,0.053773,0.946227,0.11589,0.113724
7628,24,0.362069,0.010005,0.010005,0.121127,0.496795,0.053331,0.946669,0.128151,0.130313
7629,30,0.362646,0.009991,0.009991,0.121019,0.496353,0.053254,0.946746,0.096229,0.096377
7630,30,0.362403,0.010004,0.010004,0.121062,0.496528,0.053026,0.946974,0.123149,0.124137
7631,38,0.36218,0.010618,0.009994,0.120987,0.496221,0.052936,0.947064,0.129162,0.129445
7632,24,0.361933,0.01027,0.010006,0.121059,0.496732,0.051958,0.948042,0.130329,0.135281
7633,26,0.361896,0.010005,0.010005,0.121119,0.496975,0.051789,0.948211,0.122462,0.123164
7634,30,0.36201,0.009998,0.009998,0.121099,0.496894,0.052218,0.947782,0.116743,0.114308
7635,30,0.362196,0.009994,0.009994,0.121031,0.496784,0.052183,0.947817,0.11933,0.119232
7636,30,0.362167,0.01,0.01,0.121034,0.496798,0.052083,0.947917,0.129654,0.129963
7637,24,0.36261,0.009993,0.009993,0.12095,0.496454,0.053179,0.946821,0.102501,0.096523
7638,24,0.362975,0.009991,0.009991,0.120838,0.496206,0.052747,0.947253,0.106353,0.108403
7639,30,0.362969,0.01,0.01,0.120835,0.496196,0.05335,0.94665,0.119718,0.116306
7640,30,0.363135,0.009996,0.010058,0.120792,0.496019,0.054341,0.945659,0.116139,0.110646
7641,24,0.363155,0.010001,0.010001,0.120799,0.496046,0.053673,0.946327,0.121674,0.125082
7642,24,0.363308,0.009998,0.009998,0.12077,0.495927,0.053117,0.946883,0.114718,0.117423
7643,30,0.363348,0.009999,0.009999,0.120761,0.495892,0.052771,0.947229,0.119959,0.121574
7644,30,0.363177,0.01,0.01,0.120758,0.496066,0.053239,0.946761,0.118521,0.115822
7645,24,0.363402,0.009996,0.010024,0.12071,0.495868,0.053406,0.946594,0.117202,0.116102
7646,32,0.363527,0.009996,0.009996,0.120659,0.495823,0.053828,0.946172,0.115095,0.112626
7647,38,0.363174,0.010001,0.010001,0.120672,0.496153,0.053769,0.946231,0.130427,0.13052
7648,24,0.362802,0.010003,0.010003,0.120702,0.496491,0.05304,0.94696,0.122037,0.125738
7649,30,0.362993,0.009997,0.009997,0.120667,0.496346,0.052959,0.947041,0.116238,0.116474
7650,24,0.362618,0.010002,0.010002,0.120696,0.496681,0.052761,0.947239,0.130307,0.131157
7651,36,0.362602,0.009992,0.010501,0.120604,0.496301,0.0531,0.9469,0.111575,0.109589
7652,26,0.362996,0.010002,0.010002,0.120623,0.496379,0.052711,0.947289,0.113756,0.115621
7653,30,0.362827,0.009998,0.009998,0.120593,0.496585,0.052524,0.947476,0.110079,0.110825
7654,32,0.363535,0.009989,0.009989,0.120458,0.496029,0.052588,0.947412,0.090197,0.089628
7655,24,0.363232,0.010004,0.010004,0.120511,0.496248,0.052161,0.947839,0.128197,0.130236
7656,32,0.36281,0.010397,0.009998,0.120486,0.496309,0.052117,0.947883,0.137107,0.137134
7657,32,0.363189,0.009996,0.010253,0.12044,0.496121,0.052709,0.947291,0.111733,0.108454
7658,38,0.362852,0.01074,0.010171,0.120377,0.49586,0.052624,0.947376,0.130543,0.1308
7659,26,0.363519,0.010004,0.010004,0.120423,0.49605,0.052286,0.947714,0.10883,0.110401
7660,32,0.364,0.009993,0.009993,0.120334,0.495681,0.052433,0.947567,0.106995,0.105988
7661,30,0.364013,0.009997,0.009997,0.120293,0.495701,0.052552,0.947448,0.115031,0.1142
7662,32,0.363766,0.010004,0.010004,0.120338,0.495888,0.052413,0.947587,0.125538,0.126086
7663,24,0.363396,0.010003,0.010003,0.120369,0.49623,0.051678,0.948322,0.122037,0.125657
7664,26,0.363526,0.009998,0.009998,0.120346,0.496132,0.051312,0.948688,0.11715,0.118876
7665,24,0.36376,0.009996,0.009996,0.120301,0.495947,0.052107,0.947893,0.117308,0.113016
7666,24,0.363681,0.009988,0.010845,0.120152,0.495334,0.052943,0.947057,0.117186,0.112624
7667,32,0.363741,0.010004,0.010541,0.120197,0.495518,0.053105,0.946895,0.121661,0.120607
7668,24,0.363635,0.010007,0.010007,0.120279,0.496072,0.052711,0.947289,0.12231,0.124197
7669,24,0.363419,0.010004,0.010004,0.120323,0.496251,0.052309,0.947691,0.126068,0.12801
7670,24,0.363127,0.010005,0.010005,0.120379,0.496484,0.051932,0.948068,0.13431,0.136062
7671,26,0.362474,0.010648,0.01,0.120382,0.496497,0.051008,0.948992,0.134197,0.138794
7672,32,0.362146,0.010943,0.010001,0.120388,0.496523,0.050895,0.949105,0.125374,0.125773
7673,24,0.362033,0.010448,0.01001,0.120505,0.497004,0.050437,0.949563,0.128098,0.130238
7674,24,0.362752,0.009996,0.009996,0.120456,0.496801,0.050387,0.949613,0.10721,0.107223
7675,38,0.362429,0.009995,0.009995,0.120397,0.497184,0.050279,0.949721,0.114475,0.11483
7676,30,0.362544,0.009998,0.009998,0.120374,0.497087,0.050593,0.949407,0.119418,0.117644
7677,32,0.362473,0.009998,0.010188,0.12035,0.49699,0.050879,0.949121,0.125179,0.123556
7678,32,0.362718,0.009999,0.009999,0.120339,0.496945,0.051229,0.948771,0.117322,0.115359
7679,32,0.362479,0.010001,0.010001,0.120353,0.497166,0.051139,0.948861,0.127831,0.128111
7680,24,0.362634,0.009998,0.009998,0.120324,0.497047,0.050779,0.949221,0.114719,0.116346
7681,32,0.36252,0.009999,0.009999,0.120311,0.49717,0.050886,0.949114,0.123138,0.122421
7682,24,0.363513,0.009984,0.009984,0.120124,0.496395,0.050972,0.949028,0.094178,0.093509
7683,26,0.363643,0.009994,0.009994,0.120056,0.496312,0.050664,0.949336,0.110017,0.111396
7684,32,0.363756,0.009995,0.009995,0.120002,0.496251,0.051527,0.948473,0.115079,0.110523
7685,24,0.363911,0.009994,0.009994,0.119931,0.496171,0.051754,0.948246,0.113361,0.112007
7686,24,0.363906,0.01,0.01,0.119929,0.496165,0.052849,0.947151,0.115423,0.109514
7687,24,0.36442,0.00999,0.010088,0.119814,0.495688,0.052976,0.947024,0.107125,0.10622
7688,24,0.364684,0.009997,0.009997,0.119779,0.495543,0.053116,0.946884,0.117326,0.116387
7689,24,0.365142,0.009993,0.009993,0.119691,0.495181,0.052385,0.947615,0.111104,0.114725
7690,24,0.365136,0.01,0.01,0.11969,0.495174,0.051931,0.948069,0.121623,0.123805
7691,24,0.365058,0.009998,0.009998,0.119664,0.495282,0.051309,0.948691,0.119707,0.122732
7692,32,0.365507,0.009993,0.009993,0.119579,0.494929,0.051799,0.948201,0.1001,0.09734
7693,24,0.365658,0.009994,0.009994,0.119507,0.494847,0.052004,0.947996,0.113361,0.112112
7694,24,0.36536,0.010005,0.010005,0.119561,0.49507,0.051651,0.948349,0.128228,0.129882
7695,24,0.365598,0.009996,0.009996,0.119518,0.494891,0.052689,0.947311,0.109079,0.103494
7696,24,0.365747,0.009998,0.009998,0.119489,0.494769,0.052039,0.947961,0.114813,0.117986
7697,30,0.36551,0.010004,0.010004,0.119532,0.49495,0.051689,0.948311,0.129781,0.131398
7698,24,0.365077,0.010004,0.010004,0.119575,0.49534,0.05097,0.94903,0.123505,0.127021
7699,30,0.365011,0.010188,0.009998,0.119553,0.49525,0.051158,0.948842,0.129421,0.128237
7700,32,0.364933,0.010004,0.010004,0.119603,0.495456,0.051464,0.948536,0.11411,0.112353
7701,32,0.363677,0.011257,0.011538,0.119305,0.494222,0.05159,0.94841,0.139183,0.138367
7702,30,0.365226,0.010017,0.01016,0.119513,0.495084,0.051808,0.948192,0.096797,0.095405
7703,30,0.365393,0.01,0.01,0.119515,0.495092,0.051735,0.948265,0.108834,0.108916
7704,26,0.365705,0.009995,0.009995,0.119456,0.494849,0.051775,0.948225,0.11438,0.113997
7705,32,0.365641,0.009998,0.009998,0.119435,0.494927,0.051661,0.948339,0.118481,0.118879
7706,30,0.365336,0.010002,0.010002,0.119457,0.495203,0.051446,0.948554,0.136177,0.137088
7707,24,0.365475,0.009998,0.009998,0.119431,0.495098,0.052165,0.947835,0.117953,0.114021
7708,32,0.365578,0.009998,0.009998,0.119411,0.495014,0.052051,0.947949,0.118583,0.118994
7709,24,0.365577,0.01,0.01,0.119411,0.495012,0.052069,0.947931,0.12161,0.121279
7710,24,0.365283,0.010005,0.010005,0.119466,0.495242,0.051935,0.948065,0.126066,0.126537
7711,32,0.364957,0.010001,0.010001,0.119473,0.495568,0.052171,0.947829,0.123515,0.122105
7712,32,0.364977,0.009997,0.009997,0.119439,0.49559,0.052076,0.947924,0.12218,0.122417
7713,24,0.365146,0.009997,0.009997,0.119406,0.495453,0.052377,0.947623,0.118769,0.117023
7714,24,0.364831,0.010057,0.010004,0.119454,0.495654,0.051626,0.948374,0.134298,0.138036
7715,30,0.365041,0.009998,0.009998,0.119426,0.495537,0.051707,0.948293,0.116081,0.115481
7716,24,0.365177,0.009998,0.009998,0.1194,0.495428,0.052471,0.947529,0.117917,0.113733
7717,26,0.365388,0.009997,0.009997,0.119359,0.49526,0.05184,0.94816,0.11752,0.120624
7718,24,0.365386,0.01,0.01,0.119358,0.495256,0.052098,0.947902,0.12171,0.120171
7719,32,0.365562,0.009997,0.009997,0.119325,0.495119,0.052462,0.947538,0.117294,0.115219
7720,24,0.365794,0.009996,0.009996,0.11928,0.494933,0.052432,0.947568,0.117332,0.117294
7721,24,0.366026,0.009996,0.009996,0.119235,0.494746,0.052619,0.947381,0.117283,0.116108
7722,24,0.366044,0.01,0.01,0.119231,0.494727,0.05199,0.94801,0.124194,0.12727
7723,24,0.365965,0.009998,0.009998,0.119205,0.494834,0.051501,0.948499,0.119658,0.121979
7724,30,0.366089,0.009995,0.009995,0.119149,0.494772,0.052209,0.947791,0.113008,0.109186
7725,26,0.365819,0.010001,0.010001,0.119161,0.495018,0.051768,0.948232,0.125845,0.127977
7726,26,0.36578,0.010106,0.009999,0.119148,0.494966,0.050831,0.949169,0.126093,0.13074
7727,30,0.365717,0.010003,0.010003,0.11918,0.495098,0.051384,0.948616,0.115295,0.112284
7728,24,0.365656,0.010001,0.010001,0.119192,0.49515,0.050621,0.949379,0.131432,0.135166
7729,24,0.365809,0.009998,0.009998,0.119164,0.495032,0.050283,0.949717,0.114775,0.116267
7730,30,0.365807,0.01,0.01,0.119164,0.49503,0.05032,0.94968,0.119696,0.119346
7731,24,0.365921,0.009997,0.01006,0.11913,0.494892,0.051101,0.948899,0.117919,0.113755
7732,24,0.366291,0.00999,0.010292,0.119015,0.494412,0.050452,0.949548,0.111063,0.114131
7733,24,0.366022,0.010005,0.010005,0.119078,0.494889,0.05,0.95,0.13036,0.132726
7734,26,0.36576,0.010001,0.010001,0.119092,0.495145,0.05,0.95,0.125772,0.1266
7735,26,0.365553,0.01,0.01,0.119095,0.495352,0.05,0.95,0.118813,0.120263
7736,26,0.365417,0.010002,0.010002,0.11912,0.495458,0.05,0.95,0.122381,0.123864
7737,24,0.365424,0.009997,0.009997,0.11908,0.495503,0.05,0.95,0.112562,0.113097
7738,24,0.365358,0.010001,0.010001,0.119091,0.49555,0.05,0.95,0.13135,0.134941
7739,30,0.365358,0.01,0.01,0.119091,0.495551,0.05,0.95,0.119583,0.120029
7740,32,0.365138,0.010003,0.010003,0.119132,0.495723,0.050031,0.949969,0.125497,0.125187
7741,30,0.36505,0.010246,0.009998,0.119104,0.495603,0.050221,0.949779,0.129418,0.128255
7742,26,0.364565,0.010225,0.010005,0.119162,0.496043,0.05,0.95,0.130527,0.132153
7743,24,0.364571,0.01,0.01,0.119164,0.496265,0.05,0.95,0.117716,0.1193
7744,24,0.364277,0.010005,0.010005,0.119219,0.496495,0.05,0.95,0.128218,0.131241
7745,32,0.364345,0.009996,0.009996,0.119175,0.496487,0.050501,0.949499,0.115215,0.112523
7746,26,0.364556,0.009997,0.009997,0.119134,0.496317,0.050481,0.949519,0.117418,0.117327
7747,26,0.364766,0.009997,0.009997,0.119094,0.496147,0.050011,0.949989,0.117429,0.119612
7748,30,0.364781,0.009994,0.009994,0.119028,0.496202,0.05,0.95,0.106561,0.107043
7749,30,0.364878,0.009996,0.009996,0.118976,0.496156,0.050222,0.949778,0.113074,0.111789
7750,36,0.364576,0.009996,0.0104,0.118927,0.496101,0.050688,0.949312,0.128289,0.125755
7751,24,0.365384,0.009993,0.010024,0.118844,0.495754,0.051348,0.948652,0.104245,0.100661
7752,24,0.36539,0.01,0.01,0.118846,0.495763,0.052489,0.947511,0.113442,0.107353
7753,24,0.365057,0.010111,0.010004,0.118889,0.495939,0.051687,0.948313,0.134294,0.1383
7754,24,0.365539,0.009994,0.009994,0.11882,0.495652,0.052762,0.947238,0.100387,0.09456
7755,36,0.365862,0.009992,0.009992,0.11873,0.495423,0.052956,0.947044,0.099419,0.098137
7756,30,0.365849,0.009997,0.009997,0.118694,0.495462,0.052817,0.947183,0.1151,0.115616
7757,32,0.365813,0.009998,0.009998,0.118667,0.495525,0.052936,0.947064,0.12309,0.122258
7758,24,0.365459,0.010162,0.010003,0.118703,0.495673,0.052482,0.947518,0.128038,0.130227
7759,36,0.365368,0.010002,0.010002,0.118723,0.495905,0.052693,0.947307,0.12009,0.118775
7760,24,0.365291,0.009998,0.009998,0.118698,0.496014,0.052736,0.947264,0.117673,0.117236
7761,30,0.365335,0.009999,0.009999,0.118689,0.495977,0.053224,0.946776,0.119542,0.116746
7762,30,0.365522,0.009997,0.009997,0.118654,0.495829,0.053199,0.946801,0.109514,0.109446
7763,24,0.36554,0.01,0.01,0.11865,0.495811,0.052478,0.947522,0.124197,0.127805
7764,30,0.3652,0.010289,0.010001,0.118659,0.495851,0.052312,0.947688,0.139633,0.140273
7765,36,0.365637,0.009995,0.009995,0.118603,0.49577,0.052726,0.947274,0.096629,0.094249
7766,36,0.365482,0.01,0.01,0.118602,0.495916,0.052818,0.947182,0.121478,0.120784
7767,38,0.365591,0.00999,0.010353,0.118487,0.49558,0.052739,0.947261,0.111476,0.111708
7768,30,0.365419,0.010005,0.010005,0.118551,0.49602,0.052472,0.947528,0.120011,0.121227
7769,26,0.365414,0.01,0.01,0.118554,0.496032,0.052048,0.947952,0.124892,0.126936
7770,30,0.365414,0.01,0.01,0.118554,0.496032,0.052152,0.947848,0.129439,0.128652
7771,24,0.366173,0.009988,0.009988,0.118412,0.495439,0.051539,0.948461,0.100191,0.103105
7772,30,0.365911,0.010003,0.010053,0.118447,0.495586,0.051851,0.948149,0.129752,0.127927
7773,30,0.366135,0.009997,0.009997,0.118416,0.495454,0.051696,0.948304,0.122899,0.123444
7774,32,0.36653,0.009994,0.009994,0.118341,0.495142,0.052383,0.947617,0.093856,0.090083
7775,24,0.365959,0.010719,0.010019,0.118306,0.494996,0.051577,0.948423,0.134224,0.138241
7776,24,0.366464,0.010004,0.010004,0.11835,0.495178,0.052404,0.947596,0.117319,0.112791
7777,32,0.366182,0.010179,0.010002,0.118371,0.495266,0.052289,0.947711,0.12541,0.125823
7778,24,0.366419,0.009999,0.009999,0.11836,0.495222,0.052414,0.947586,0.118779,0.117939
7779,30,0.366063,0.01,0.01,0.118365,0.495571,0.052407,0.947593,0.120056,0.119892
7780,30,0.366279,0.009997,0.009997,0.118325,0.495403,0.052397,0.947603,0.108418,0.108188
7781,26,0.366416,0.009995,0.009995,0.118261,0.495334,0.051984,0.948016,0.113777,0.115736
7782,24,0.366412,0.01,0.01,0.11826,0.495328,0.053228,0.946772,0.113454,0.106708
7783,32,0.366476,0.009996,0.009996,0.118215,0.495317,0.05385,0.94615,0.104404,0.100895
7784,30,0.366303,0.01,0.01,0.118211,0.495487,0.053967,0.946033,0.128355,0.127474
7785,30,0.36649,0.009997,0.009997,0.118176,0.49534,0.053929,0.946071,0.109487,0.10947
7786,34,0.366561,0.009999,0.009999,0.118162,0.49528,0.054135,0.945865,0.107026,0.105733
7787,32,0.36596,0.010259,0.010765,0.11808,0.494936,0.054094,0.945906,0.139363,0.139405
7788,24,0.365963,0.010013,0.010013,0.11823,0.495782,0.053669,0.946331,0.124183,0.126285
7789,30,0.365998,0.009999,0.010039,0.118221,0.495743,0.053542,0.946458,0.129921,0.130369
7790,26,0.36594,0.009998,0.009998,0.118202,0.495861,0.053208,0.946792,0.116774,0.118372
7791,24,0.36611,0.009997,0.009997,0.11817,0.495726,0.053396,0.946604,0.118703,0.117511
7792,24,0.365814,0.010005,0.010005,0.118224,0.495953,0.053008,0.946992,0.128223,0.130109
7793,26,0.365609,0.01,0.01,0.118227,0.496163,0.052801,0.947199,0.124404,0.125304
7794,24,0.365703,0.009995,0.009995,0.11817,0.496137,0.052905,0.947095,0.114748,0.114008
7795,24,0.365405,0.010005,0.010005,0.118224,0.496362,0.052309,0.947691,0.128172,0.131124
7796,32,0.365496,0.009996,0.009996,0.118176,0.496337,0.053212,0.946788,0.111849,0.106909
7797,24,0.365513,0.01,0.01,0.118171,0.496317,0.0529,0.9471,0.124265,0.125663
7798,24,0.365155,0.010006,0.010006,0.118238,0.496596,0.05257,0.94743,0.12763,0.129182
7799,36,0.365184,0.009997,0.009997,0.118207,0.496614,0.053567,0.946433,0.110299,0.104853
7800,30,0.36566,0.009992,0.009992,0.118117,0.496238,0.053187,0.946813,0.102576,0.10437
7801,30,0.365703,0.009993,0.010186,0.118036,0.496082,0.053501,0.946499,0.122458,0.120608
7802,24,0.365411,0.010007,0.010007,0.118123,0.496451,0.053253,0.946747,0.127519,0.12865
7803,30,0.365836,0.009988,0.009988,0.117986,0.496202,0.053995,0.946005,0.095974,0.091802
7804,36,0.36598,0.009993,0.009993,0.117904,0.49613,0.054137,0.945863,0.109296,0.108306
7805,30,0.366023,0.009996,0.009996,0.117858,0.496126,0.053788,0.946212,0.109247,0.110931
7806,30,0.365709,0.010211,0.010002,0.117876,0.496202,0.05355,0.94645,0.123053,0.124108
7807,26,0.365895,0.01,0.01,0.117881,0.496223,0.053605,0.946395,0.11454,0.114053
7808,26,0.365801,0.009995,0.009995,0.117826,0.496383,0.053766,0.946234,0.10859,0.107542
7809,24,0.365962,0.009994,0.010185,0.117758,0.4961,0.054495,0.945505,0.117203,0.11301
7810,26,0.365883,0.010001,0.010001,0.11777,0.496345,0.054171,0.945829,0.119929,0.12145
7811,24,0.36546,0.010356,0.010001,0.117783,0.4964,0.053526,0.946474,0.128064,0.131345
7812,24,0.365267,0.010088,0.010007,0.11787,0.496768,0.052935,0.947065,0.134329,0.137302
7813,24,0.365008,0.010006,0.010006,0.117936,0.497045,0.052066,0.947934,0.13433,0.138708
7814,32,0.365164,0.009998,0.009998,0.117909,0.496932,0.051863,0.948137,0.109435,0.110313
7815,30,0.36535,0.009997,0.009997,0.117873,0.496782,0.05184,0.94816,0.109495,0.109422
7816,26,0.364927,0.010007,0.010007,0.117951,0.497109,0.050936,0.949064,0.134309,0.138799
7817,24,0.364638,0.010005,0.010005,0.118007,0.497346,0.050333,0.949667,0.128243,0.131141
7818,24,0.364347,0.010005,0.010005,0.118063,0.497581,0.05,0.95,0.126059,0.12809
7819,32,0.36434,0.01,0.010029,0.118061,0.497571,0.050053,0.949947,0.125211,0.12476
7820,36,0.364114,0.009998,0.010221,0.118037,0.49763,0.05053,0.94947,0.123267,0.120699
7821,30,0.364739,0.009994,0.009994,0.117962,0.497312,0.05088,0.94912,0.099717,0.097702
7822,34,0.364734,0.01,0.01,0.117961,0.497306,0.051122,0.948878,0.106986,0.105563
7823,24,0.364273,0.01038,0.010077,0.117961,0.497308,0.051008,0.948992,0.134254,0.13465
7824,30,0.364603,0.010002,0.010002,0.117985,0.497408,0.051601,0.948399,0.116144,0.112923
7825,26,0.364678,0.009997,0.010134,0.117946,0.497245,0.051112,0.948888,0.118218,0.120544
7826,36,0.365078,0.009996,0.009996,0.117896,0.497034,0.050903,0.949097,0.111753,0.112639
7827,24,0.365311,0.009993,0.009993,0.117812,0.496891,0.050049,0.949951,0.115778,0.119906
7828,24,0.365306,0.01,0.01,0.11781,0.496884,0.051317,0.948683,0.115528,0.108916
7829,32,0.365086,0.010003,0.010003,0.117851,0.497057,0.051102,0.948898,0.130161,0.1311
7830,26,0.36488,0.01,0.01,0.117854,0.497265,0.05099,0.94901,0.120599,0.120974
7831,24,0.364586,0.010005,0.010005,0.117908,0.497497,0.050346,0.949654,0.128212,0.131308
7832,24,0.365138,0.009991,0.009991,0.117808,0.497071,0.050295,0.949705,0.107152,0.107184
7833,24,0.364975,0.010002,0.010002,0.117835,0.497186,0.05,0.95,0.124592,0.126293
7834,24,0.365134,0.009994,0.009994,0.117766,0.497111,0.05,0.95,0.113373,0.113336
7835,30,0.365359,0.009996,0.009996,0.117723,0.496926,0.050196,0.949804,0.108511,0.107321
7836,32,0.365004,0.010001,0.010001,0.117732,0.497263,0.05,0.95,0.13296,0.133871
7837,26,0.365113,0.009998,0.009998,0.117712,0.497178,0.050239,0.949761,0.114602,0.113245
7838,26,0.365148,0.009996,0.009996,0.117668,0.497191,0.050261,0.949739,0.110969,0.110696
7839,32,0.365399,0.009996,0.009996,0.11762,0.496989,0.050705,0.949295,0.100607,0.098173
7840,24,0.365549,0.009998,0.009998,0.117591,0.496865,0.050328,0.949672,0.114776,0.116473
7841,24,0.365175,0.010002,0.010002,0.11762,0.4972,0.05,0.95,0.124108,0.126354
7842,36,0.364667,0.010221,0.010886,0.117506,0.496719,0.05053,0.94947,0.123313,0.120485
7843,24,0.365307,0.010007,0.010007,0.117593,0.497086,0.050568,0.949432,0.117341,0.11698
7844,30,0.365142,0.01,0.01,0.117591,0.497267,0.050643,0.949357,0.118544,0.11795
7845,36,0.36511,0.009996,0.009996,0.117541,0.497357,0.051235,0.948765,0.107495,0.104284
7846,24,0.365244,0.009998,0.009998,0.117515,0.497245,0.052411,0.947589,0.109793,0.1035
7847,34,0.365256,0.009997,0.009997,0.117481,0.497269,0.053069,0.946931,0.103914,0.100273
7848,32,0.365405,0.009998,0.009998,0.117453,0.497147,0.053697,0.946303,0.115157,0.111622
7849,36,0.365252,0.01,0.01,0.117453,0.497295,0.05366,0.94634,0.124335,0.124326
7850,26,0.364972,0.009998,0.009998,0.117432,0.497599,0.053323,0.946677,0.115075,0.116695
7851,24,0.365416,0.009983,0.010612,0.117233,0.496756,0.053887,0.946113,0.104176,0.100942
7852,30,0.365155,0.010585,0.010088,0.117268,0.496905,0.053558,0.946442,0.12964,0.131193
7853,26,0.365735,0.010001,0.010001,0.117285,0.496977,0.053212,0.946788,0.108693,0.110326
7854,30,0.365556,0.009999,0.010215,0.117279,0.496951,0.053392,0.946608,0.131718,0.130528
7855,24,0.365869,0.009998,0.009998,0.11726,0.496874,0.053596,0.946404,0.117301,0.116015
7856,24,0.365496,0.010002,0.010002,0.117289,0.49721,0.053217,0.946783,0.124067,0.125888
7857,32,0.365626,0.009998,0.009998,0.117266,0.497112,0.0534,0.9466,0.107615,0.106447
7858,30,0.365841,0.009997,0.009997,0.117226,0.49694,0.05323,0.94677,0.108461,0.109103
7859,30,0.365813,0.01,0.01,0.11723,0.496957,0.053191,0.946809,0.119781,0.11976
7860,36,0.365265,0.010329,0.010883,0.117103,0.496421,0.053512,0.946488,0.130213,0.128315
7861,26,0.365816,0.01001,0.01001,0.117225,0.496938,0.053541,0.946459,0.114741,0.114405
7862,30,0.365835,0.01,0.01,0.117226,0.496939,0.05341,0.94659,0.109588,0.110006
7863,30,0.365766,0.009998,0.009998,0.117204,0.497034,0.053926,0.946074,0.116158,0.113155
7864,24,0.366,0.009996,0.009996,0.11716,0.496848,0.054418,0.945582,0.117396,0.114494
7865,32,0.366077,0.009994,0.009994,0.117087,0.496848,0.05442,0.94558,0.11197,0.111756
7866,24,0.366533,0.009993,0.009993,0.117001,0.496482,0.053876,0.946124,0.111149,0.113819
7867,32,0.366825,0.009995,0.009995,0.116944,0.496241,0.054189,0.945811,0.109418,0.107492
7868,24,0.366762,0.009997,0.009997,0.116914,0.496328,0.053863,0.946137,0.120189,0.121679
7869,24,0.36678,0.01,0.01,0.11691,0.496311,0.053478,0.946522,0.115896,0.11772
7870,26,0.366572,0.01,0.01,0.116912,0.496516,0.052812,0.947188,0.124434,0.127796
7871,30,0.366691,0.009995,0.009995,0.116855,0.496463,0.052965,0.947035,0.11265,0.111638
7872,30,0.366797,0.009998,0.009998,0.116834,0.496373,0.053882,0.946118,0.116748,0.111651
7873,24,0.366502,0.010005,0.010005,0.116888,0.496601,0.05377,0.94623,0.13436,0.134768
7874,32,0.366246,0.009999,0.009999,0.11688,0.496875,0.053954,0.946046,0.120514,0.119307
7875,24,0.366261,0.01,0.01001,0.116875,0.496855,0.053277,0.946723,0.124147,0.127576
7876,30,0.366264,0.01,0.01,0.116876,0.496859,0.053234,0.946766,0.119632,0.119664
7877,26,0.366129,0.010002,0.010002,0.116901,0.496966,0.053065,0.946935,0.122423,0.123138
7878,24,0.366052,0.009998,0.009998,0.116876,0.497075,0.05423,0.94577,0.109405,0.10294
7879,30,0.366348,0.009995,0.009995,0.116821,0.49684,0.054524,0.945476,0.113121,0.11128
7880,30,0.366446,0.009998,0.009998,0.116801,0.496756,0.054815,0.945185,0.118542,0.11665
7881,24,0.366501,0.009999,0.009999,0.116791,0.49671,0.054221,0.945779,0.115663,0.118661
7882,36,0.366227,0.009998,0.009998,0.116763,0.497014,0.054307,0.945693,0.120329,0.119629
7883,30,0.366342,0.009998,0.009998,0.116741,0.49692,0.054322,0.945678,0.119353,0.119004
7884,32,0.366037,0.010231,0.010001,0.116755,0.496977,0.054204,0.945796,0.125409,0.125844
7885,26,0.366577,0.009995,0.009995,0.116698,0.496735,0.054245,0.945755,0.103908,0.103449
7886,30,0.36666,0.009999,0.009999,0.116681,0.496662,0.054514,0.945486,0.118337,0.116657
7887,26,0.366451,0.01,0.01,0.116682,0.496866,0.054091,0.945909,0.124485,0.126592
7888,30,0.366638,0.009997,0.009997,0.116648,0.49672,0.055039,0.944961,0.116175,0.110815
7889,32,0.366636,0.01,0.01,0.116647,0.496717,0.055401,0.944599,0.125285,0.123068
7890,26,0.3665,0.010002,0.010002,0.116672,0.496823,0.055072,0.944928,0.12435,0.125971
7891,24,0.36613,0.010003,0.010003,0.116702,0.497163,0.054703,0.945297,0.124192,0.12602
7892,24,0.366225,0.009995,0.009995,0.116646,0.497139,0.055104,0.944896,0.114808,0.112411
7893,24,0.366221,0.01,0.01,0.116645,0.497134,0.05439,0.94561,0.129914,0.133627
7894,24,0.366358,0.009998,0.009998,0.11662,0.497027,0.055494,0.944506,0.111739,0.105469
7895,30,0.366186,0.01,0.01,0.116616,0.497198,0.055735,0.944265,0.118545,0.116992
7896,30,0.366448,0.009993,0.010176,0.116534,0.49685,0.056638,0.943362,0.103256,0.097977
7897,36,0.366413,0.009999,0.009999,0.116523,0.497066,0.056778,0.943222,0.114759,0.113741
7898,30,0.366428,0.009995,0.009995,0.116459,0.497123,0.05658,0.94342,0.116443,0.117309
7899,30,0.366323,0.010001,0.010001,0.116477,0.497198,0.056797,0.943203,0.131877,0.130379
7900,24,0.366637,0.009995,0.009995,0.116419,0.496953,0.055843,0.944157,0.119819,0.124936
7901,26,0.366808,0.009997,0.009997,0.116386,0.496811,0.055292,0.944708,0.111555,0.114381
7902,32,0.367069,0.00999,0.01004,0.116271,0.49663,0.05515,0.94485,0.112289,0.11288
7903,24,0.36708,0.01,0.01,0.116275,0.496645,0.056053,0.943947,0.121694,0.116399
7904,26,0.367292,0.009997,0.009997,0.116236,0.496479,0.055644,0.944356,0.117468,0.119534
7905,24,0.366908,0.009999,0.009999,0.116227,0.496867,0.05549,0.94451,0.118262,0.118897
7906,32,0.366971,0.009996,0.009996,0.116183,0.496854,0.056141,0.943859,0.110551,0.106739
7907,30,0.367029,0.009999,0.009999,0.116171,0.496803,0.055977,0.944023,0.128337,0.129013
7908,24,0.367003,0.009999,0.010067,0.116163,0.496768,0.055325,0.944675,0.123614,0.127008
7909,24,0.366734,0.010005,0.010005,0.116224,0.497031,0.05466,0.94534,0.128171,0.131627
7910,24,0.366581,0.009996,0.009996,0.116176,0.497252,0.053869,0.946131,0.12188,0.125977
7911,30,0.366408,0.01,0.01,0.116172,0.497421,0.054195,0.945805,0.128358,0.126356
7912,24,0.366751,0.009995,0.009995,0.116108,0.497151,0.055282,0.944718,0.101279,0.095088
7913,36,0.366976,0.009992,0.009992,0.116015,0.497025,0.054728,0.945272,0.103688,0.106502
7914,24,0.367185,0.009996,0.009996,0.115974,0.496849,0.054422,0.945578,0.113284,0.114736
7915,32,0.367164,0.009998,0.009998,0.115946,0.496895,0.054342,0.945658,0.124539,0.124779
7916,24,0.367396,0.009996,0.009996,0.115903,0.496708,0.054493,0.945507,0.117315,0.116283
7917,30,0.367364,0.01,0.010011,0.115905,0.496719,0.054871,0.945129,0.119594,0.117299
7918,24,0.367978,0.00999,0.00999,0.115795,0.496247,0.05523,0.94477,0.10575,0.103559
7919,26,0.367207,0.010776,0.01,0.11579,0.496227,0.054425,0.945575,0.135578,0.139815
7920,24,0.36653,0.011788,0.010022,0.115723,0.495938,0.054133,0.945867,0.134201,0.135565
7921,32,0.366751,0.010823,0.010012,0.115865,0.496549,0.054179,0.945821,0.129691,0.129224
7922,36,0.367253,0.010003,0.010003,0.115898,0.496844,0.054116,0.945884,0.107626,0.107762
7923,36,0.367201,0.009999,0.009999,0.115882,0.49692,0.054699,0.945301,0.11177,0.108387
7924,26,0.367412,0.009997,0.009997,0.115842,0.496752,0.054177,0.945823,0.113598,0.116218
7925,30,0.368087,0.009989,0.009989,0.115718,0.496217,0.054184,0.945816,0.094345,0.094015
7926,24,0.368135,0.009999,0.009999,0.115705,0.496162,0.054133,0.945867,0.115575,0.115627
7927,32,0.367805,0.01,0.01,0.11571,0.496484,0.054208,0.945792,0.118874,0.118278
7928,26,0.36767,0.010002,0.010002,0.115735,0.49659,0.053707,0.946293,0.128132,0.130654
7929,30,0.36757,0.010002,0.010002,0.115754,0.496672,0.054231,0.945769,0.122019,0.118986
7930,24,0.367572,0.01,0.01,0.115755,0.496674,0.05547,0.94453,0.11346,0.106436
7931,30,0.367521,0.010001,0.010001,0.115764,0.496713,0.055704,0.944296,0.113278,0.111743
7932,32,0.367456,0.009992,0.010271,0.115669,0.496613,0.055367,0.944633,0.115651,0.117309
7933,26,0.367345,0.010003,0.010003,0.115701,0.496949,0.05504,0.94496,0.118823,0.120434
7934,24,0.367269,0.009998,0.009998,0.115677,0.497059,0.054529,0.945471,0.117601,0.120178
7935,32,0.367452,0.009991,0.010377,0.115572,0.496609,0.055045,0.944955,0.111654,0.10862
7936,28,0.367323,0.010008,0.010008,0.115663,0.496999,0.054986,0.945014,0.128564,0.12869
7937,24,0.367328,0.01,0.01,0.115665,0.497007,0.054293,0.945707,0.129928,0.133522
7938,26,0.367193,0.010002,0.010002,0.115689,0.497113,0.053769,0.946231,0.124458,0.127124
7939,24,0.366901,0.010005,0.010005,0.115744,0.497346,0.053139,0.946861,0.12818,0.131359
7940,24,0.366611,0.010005,0.010005,0.115798,0.497581,0.052866,0.947134,0.128153,0.129341
7941,24,0.366321,0.010005,0.010005,0.115853,0.497816,0.052446,0.947554,0.12606,0.128084
7942,24,0.366998,0.009989,0.009989,0.115731,0.497292,0.053052,0.946948,0.104194,0.1008
7943,32,0.36671,0.010002,0.010002,0.11575,0.497537,0.053079,0.946921,0.121687,0.121335
7944,30,0.366686,0.01,0.01,0.115755,0.497559,0.052919,0.947081,0.119851,0.120469
7945,32,0.366638,0.010001,0.010001,0.115764,0.497596,0.053319,0.946681,0.11704,0.114721
7946,36,0.366994,0.009994,0.009994,0.115699,0.497318,0.053866,0.946134,0.102442,0.099317
7947,24,0.367127,0.009998,0.009998,0.115673,0.497205,0.054933,0.945067,0.10965,0.103633
7948,36,0.3673,0.009997,0.009997,0.11564,0.497066,0.054926,0.945074,0.1164,0.11619
7949,30,0.367298,0.01,0.01,0.11564,0.497063,0.055647,0.944353,0.119685,0.115496
7950,32,0.366765,0.01055,0.009995,0.115581,0.497109,0.055311,0.944689,0.132756,0.134428
7951,24,0.366535,0.010615,0.010594,0.115499,0.496756,0.055019,0.944981,0.124074,0.125395
7952,30,0.367074,0.010011,0.010011,0.115622,0.497283,0.055201,0.944799,0.113593,0.112336
7953,24,0.367041,0.010162,0.009998,0.115602,0.497197,0.054913,0.945087,0.124107,0.125414
7954,24,0.366722,0.010233,0.010004,0.115647,0.497393,0.054369,0.945631,0.126014,0.128773
7955,36,0.366615,0.010001,0.010001,0.115662,0.497721,0.054254,0.945746,0.120463,0.120884
7956,30,0.367018,0.009994,0.009994,0.115589,0.497406,0.054778,0.945222,0.100261,0.097155
7957,24,0.36713,0.009997,0.010053,0.115556,0.497264,0.055531,0.944469,0.117904,0.113508
7958,24,0.366776,0.010003,0.010003,0.115591,0.497627,0.055225,0.944775,0.12212,0.123609
7959,24,0.366835,0.009999,0.009999,0.115581,0.497586,0.054599,0.945401,0.115599,0.118792
7960,26,0.367046,0.009997,0.009997,0.115542,0.497419,0.053954,0.946046,0.117406,0.120698
7961,24,0.367277,0.009996,0.009996,0.115499,0.497231,0.0545,0.9455,0.117389,0.114236
7962,24,0.367055,0.010003,0.010003,0.115538,0.4974,0.054164,0.945836,0.126104,0.127728
7963,30,0.366823,0.010004,0.010004,0.115582,0.497588,0.054263,0.945737,0.129716,0.128909
7964,36,0.366863,0.009997,0.009997,0.115549,0.497593,0.05409,0.94591,0.107942,0.108611
7965,24,0.367096,0.009996,0.009996,0.115506,0.497406,0.053981,0.946019,0.117324,0.117687
7966,24,0.367327,0.009996,0.009996,0.115462,0.497219,0.054621,0.945379,0.117312,0.113623
7967,36,0.367111,0.010314,0.009998,0.115442,0.497135,0.054509,0.945491,0.126157,0.126568
7968,30,0.367292,0.009997,0.009997,0.115406,0.497308,0.055242,0.944758,0.106447,0.102249
7969,24,0.366918,0.010002,0.010002,0.115434,0.497643,0.054677,0.945323,0.130349,0.133271
7970,24,0.366469,0.01,0.01,0.115439,0.498091,0.054136,0.945864,0.120148,0.122855
7971,24,0.366687,0.009997,0.009997,0.1154,0.49792,0.05334,0.94666,0.120721,0.124783
7972,24,0.367232,0.009991,0.009991,0.115299,0.497487,0.053407,0.946593,0.107156,0.106555
7973,24,0.367362,0.009998,0.009998,0.115272,0.49737,0.054598,0.945402,0.111809,0.105152
7974,30,0.367376,0.01,0.01,0.115269,0.497356,0.054059,0.945941,0.120127,0.122859
7975,32,0.367491,0.009996,0.009996,0.115218,0.4973,0.054692,0.945308,0.11521,0.111605
7976,30,0.367675,0.009997,0.009997,0.115183,0.497149,0.05524,0.94476,0.116075,0.112865
7977,30,0.368513,0.009987,0.009987,0.115029,0.496485,0.055345,0.944655,0.088347,0.087526
7978,28,0.368061,0.010483,0.009999,0.115018,0.496439,0.054726,0.945274,0.128504,0.131723
7979,32,0.368783,0.009996,0.009996,0.114974,0.49625,0.054963,0.945037,0.102832,0.10134
7980,32,0.368935,0.009997,0.009997,0.114945,0.496125,0.054703,0.945297,0.114101,0.115238
7981,32,0.368565,0.01,0.01,0.11495,0.496484,0.054645,0.945355,0.118589,0.118683
7982,24,0.368115,0.01,0.01,0.114954,0.49693,0.053897,0.946103,0.118093,0.12192
7983,30,0.368014,0.010002,0.010002,0.114973,0.49701,0.05426,0.94574,0.115292,0.11311
7984,30,0.367609,0.010001,0.010001,0.114987,0.497401,0.053962,0.946038,0.130094,0.131488
7985,38,0.36807,0.009993,0.009993,0.114904,0.497041,0.05418,0.94582,0.091617,0.090245
7986,30,0.36818,0.009998,0.009998,0.114881,0.496943,0.053933,0.946067,0.119259,0.120372
7987,24,0.368334,0.009994,0.009994,0.114814,0.496864,0.054678,0.945322,0.113246,0.108949
7988,26,0.368136,0.010003,0.010003,0.114847,0.497011,0.05436,0.94564,0.129492,0.131052
7989,26,0.368003,0.010002,0.010002,0.114873,0.49712,0.054214,0.945786,0.12244,0.123039
7990,24,0.367637,0.0106,0.010212,0.11479,0.496761,0.053455,0.946545,0.131253,0.135145
7991,26,0.367936,0.010008,0.010008,0.114883,0.497165,0.052949,0.947051,0.12614,0.128652
7992,24,0.368078,0.009998,0.009998,0.11486,0.497066,0.054064,0.945936,0.11174,0.105578
7993,30,0.367854,0.009998,0.009998,0.11484,0.497309,0.054617,0.945383,0.112251,0.109024
7994,34,0.367947,0.009998,0.009998,0.114823,0.497233,0.055163,0.944837,0.109019,0.105838
7995,32,0.367997,0.009999,0.009999,0.114813,0.497191,0.055648,0.944352,0.109902,0.106987
7996,24,0.367704,0.010005,0.010005,0.114866,0.497421,0.055533,0.944467,0.134368,0.134806
7997,36,0.367477,0.009999,0.009999,0.114854,0.497671,0.055579,0.944421,0.118705,0.118217
7998,24,0.36712,0.010006,0.010006,0.114919,0.49795,0.055362,0.944638,0.129702,0.130701
7999,26,0.366845,0.010233,0.010001,0.114928,0.497993,0.054833,0.945167,0.125604,0.128336
8000,24,0.366588,0.010147,0.010361,0.114925,0.497979,0.05441,0.94559,0.130655,0.132753
8001,24,0.366739,0.0101,0.010004,0.114972,0.498184,0.053697,0.946303,0.129907,0.133579
8002,26,0.366886,0.009999,0.009999,0.114965,0.498151,0.053769,0.946231,0.114634,0.114041
8003,24,0.366885,0.01,0.01,0.114965,0.49815,0.054675,0.945325,0.12171,0.116533
8004,26,0.366754,0.009999,0.009999,0.114953,0.498295,0.054063,0.945937,0.123719,0.126823
8005,30,0.366941,0.009997,0.009997,0.114918,0.498147,0.054979,0.945021,0.116077,0.110894
8006,30,0.366704,0.010004,0.010004,0.11496,0.498328,0.055422,0.944578,0.129855,0.127172
8007,36,0.365993,0.010768,0.010881,0.114786,0.497572,0.055744,0.944256,0.130173,0.128178
8008,30,0.366529,0.010015,0.010015,0.114954,0.498488,0.055599,0.944401,0.116237,0.116777
8009,32,0.36633,0.010001,0.010001,0.114963,0.498705,0.055629,0.944371,0.117146,0.116745
8010,30,0.366095,0.010004,0.010004,0.115006,0.498891,0.055501,0.944499,0.123137,0.123592
8011,30,0.366098,0.01,0.01,0.115007,0.498895,0.055721,0.944279,0.119722,0.118262
8012,32,0.366135,0.009993,0.010198,0.114931,0.498743,0.056625,0.943375,0.114072,0.108831
8013,34,0.366641,0.009995,0.009995,0.114874,0.498495,0.057185,0.942815,0.093537,0.09009
8014,24,0.366638,0.01,0.01,0.114873,0.49849,0.057427,0.942573,0.12177,0.120152
8015,26,0.366362,0.010381,0.009998,0.114854,0.498405,0.056784,0.943216,0.128084,0.131552
8016,30,0.366688,0.010001,0.010001,0.114863,0.498447,0.057115,0.942885,0.126081,0.123961
8017,24,0.366395,0.010005,0.010005,0.114917,0.498679,0.056461,0.943539,0.126117,0.129621
8018,32,0.366582,0.009991,0.010383,0.114813,0.498231,0.057251,0.942749,0.11164,0.10695
8019,26,0.366541,0.010005,0.010119,0.114868,0.498467,0.056957,0.943043,0.122434,0.123876
8020,24,0.366528,0.009999,0.009999,0.114854,0.49862,0.056694,0.943306,0.120161,0.121344
8021,24,0.36617,0.010006,0.010006,0.114918,0.4989,0.056106,0.943894,0.135787,0.138914
8022,24,0.366077,0.010038,0.010274,0.11488,0.498731,0.055339,0.944661,0.1241,0.128127
8023,30,0.366253,0.01,0.010149,0.114877,0.498721,0.055477,0.944523,0.119324,0.118313
8024,24,0.366747,0.009995,0.009995,0.114815,0.498449,0.056565,0.943435,0.102438,0.096085
8025,32,0.367216,0.009992,0.009992,0.114728,0.498071,0.057171,0.942829,0.106961,0.103279
8026,32,0.367211,0.01,0.01,0.114726,0.498064,0.057413,0.942587,0.125357,0.123736
8027,30,0.367226,0.009995,0.009995,0.114663,0.498122,0.057196,0.942804,0.109467,0.110455
8028,26,0.367149,0.010001,0.010001,0.114675,0.498173,0.057122,0.942878,0.120642,0.120848
8029,24,0.367384,0.009996,0.009996,0.114633,0.49799,0.058293,0.941707,0.111134,0.104116
8030,24,0.367518,0.009998,0.009998,0.114607,0.497879,0.059013,0.940987,0.117893,0.113391
8031,30,0.367448,0.009998,0.009998,0.114585,0.497971,0.058745,0.941255,0.116165,0.117481
8032,36,0.367699,0.009996,0.009996,0.114539,0.49777,0.05862,0.94138,0.117285,0.117773
8033,24,0.367715,0.01,0.01,0.114535,0.497751,0.058177,0.941823,0.124206,0.126526
8034,30,0.36828,0.009991,0.009991,0.114432,0.497306,0.058285,0.941715,0.098867,0.09797
8035,24,0.368428,0.009994,0.009994,0.114364,0.49722,0.059377,0.940623,0.107097,0.100395
8036,30,0.368891,0.00999,0.00999,0.114244,0.496886,0.059531,0.940469,0.102178,0.101025
8037,30,0.369469,0.009991,0.009991,0.114135,0.496415,0.059929,0.940071,0.096656,0.093986
8038,26,0.369327,0.010002,0.010002,0.114158,0.496511,0.05984,0.94016,0.122543,0.122861
8039,26,0.368837,0.010005,0.010005,0.114211,0.496942,0.059425,0.940575,0.121198,0.123429
8040,30,0.368926,0.009999,0.009999,0.114197,0.49688,0.059828,0.940172,0.118367,0.115708
8041,36,0.36873,0.009999,0.009999,0.114184,0.497088,0.060126,0.939874,0.124464,0.1224
8042,24,0.368729,0.01,0.01,0.114184,0.497087,0.059325,0.940675,0.130002,0.134553
8043,26,0.368837,0.009998,0.009998,0.114164,0.497002,0.059598,0.940402,0.114698,0.112861
8044,24,0.368911,0.009992,0.009992,0.114073,0.497032,0.05954,0.94046,0.109295,0.109351
8045,24,0.369139,0.009996,0.009996,0.114029,0.49684,0.060351,0.939649,0.117298,0.112114
8046,38,0.369034,0.009997,0.009997,0.113997,0.496975,0.060989,0.939011,0.111176,0.107047
8047,24,0.369051,0.01,0.01,0.113993,0.496958,0.060918,0.939082,0.124213,0.124341
8048,32,0.36905,0.01,0.01,0.113992,0.496957,0.061149,0.938851,0.115974,0.114291
8049,30,0.368816,0.010004,0.010004,0.114035,0.497142,0.060911,0.939089,0.129745,0.130888
8050,30,0.369139,0.009995,0.009995,0.113978,0.496893,0.060836,0.939164,0.104332,0.104448
8051,30,0.369034,0.010002,0.010002,0.113995,0.496968,0.061464,0.938536,0.115319,0.111211
8052,30,0.369277,0.009996,0.009996,0.113952,0.496779,0.062021,0.937979,0.106033,0.102249
8053,30,0.369173,0.010002,0.010002,0.113969,0.496855,0.061873,0.938127,0.121918,0.122513
8054,30,0.369317,0.009998,0.009998,0.113943,0.496744,0.062304,0.937696,0.112754,0.109793
8055,30,0.369362,0.009996,0.009996,0.113901,0.496745,0.061728,0.938272,0.115779,0.119082
8056,32,0.369534,0.009997,0.009997,0.113868,0.496604,0.062093,0.937907,0.122086,0.119533
8057,30,0.369616,0.009993,0.009993,0.113793,0.496604,0.061968,0.938032,0.106358,0.106831
8058,24,0.369844,0.009996,0.009996,0.113749,0.496414,0.06295,0.93705,0.111102,0.104705
8059,26,0.370113,0.009992,0.009992,0.113664,0.496238,0.062509,0.937491,0.111685,0.114149
8060,26,0.369973,0.010002,0.010002,0.113687,0.496337,0.06217,0.93783,0.12247,0.12433
8061,30,0.36974,0.010004,0.010004,0.113729,0.496523,0.062137,0.937863,0.129879,0.129778
8062,30,0.369537,0.010003,0.010003,0.113767,0.496689,0.061628,0.938372,0.120678,0.123533
8063,30,0.369726,0.009997,0.009997,0.113734,0.496546,0.062083,0.937917,0.116208,0.113084
8064,26,0.36953,0.010517,0.009995,0.113674,0.496284,0.061401,0.938599,0.126026,0.129993
8065,30,0.370044,0.009997,0.009997,0.113643,0.496318,0.06174,0.93826,0.099744,0.097305
8066,24,0.36975,0.010005,0.010005,0.113695,0.496546,0.061081,0.938919,0.128264,0.13207
8067,24,0.369461,0.010005,0.010005,0.113749,0.496781,0.060443,0.939557,0.126206,0.129849
8068,30,0.369651,0.009997,0.009997,0.113716,0.496638,0.060676,0.939324,0.116161,0.11449
8069,24,0.370084,0.009993,0.009993,0.113637,0.496292,0.061753,0.938247,0.102378,0.095472
8070,24,0.370747,0.009989,0.009989,0.113515,0.495759,0.062594,0.937406,0.095879,0.090391
8071,24,0.370302,0.010392,0.010001,0.113521,0.495785,0.061768,0.938232,0.134311,0.139193
8072,26,0.370313,0.010006,0.010006,0.11359,0.496085,0.061412,0.938588,0.12434,0.126285
8073,30,0.370357,0.009999,0.009999,0.113584,0.49606,0.061719,0.938281,0.120034,0.117848
8074,30,0.370465,0.009998,0.009998,0.113564,0.495974,0.062449,0.937551,0.116741,0.111956
8075,24,0.370385,0.009998,0.009998,0.11354,0.49608,0.063582,0.936418,0.111489,0.104042
8076,30,0.370383,0.01,0.01,0.113539,0.496078,0.064229,0.935771,0.119696,0.115244
8077,24,0.370402,0.01,0.01,0.113536,0.496063,0.063726,0.936274,0.11589,0.118783
8078,24,0.370322,0.009998,0.009998,0.113512,0.496171,0.063911,0.936089,0.117609,0.116106
8079,32,0.370507,0.009992,0.009992,0.113422,0.496087,0.064172,0.935828,0.102711,0.100732
8080,26,0.370083,0.010006,0.010006,0.113495,0.496409,0.063949,0.936051,0.134332,0.135478
8081,30,0.369988,0.010002,0.010002,0.113515,0.496494,0.063524,0.936476,0.117956,0.120296
8082,30,0.369702,0.010147,0.010002,0.113541,0.496608,0.0632,0.9368,0.123085,0.124841
8083,24,0.369757,0.010001,0.010001,0.113558,0.496682,0.062709,0.937291,0.123721,0.126521
8084,30,0.369844,0.009999,0.009999,0.113543,0.496616,0.062706,0.937294,0.118333,0.118061
8085,32,0.369514,0.01,0.01,0.113548,0.496937,0.062697,0.937303,0.123699,0.123512
8086,30,0.369068,0.010098,0.01001,0.11355,0.497274,0.062423,0.937577,0.130051,0.131425
8087,36,0.369448,0.009996,0.009996,0.113501,0.49706,0.062843,0.937157,0.100435,0.097538
8088,36,0.369235,0.009998,0.009998,0.113483,0.497284,0.063267,0.936733,0.121381,0.118403
8089,36,0.370033,0.009987,0.009987,0.113339,0.496653,0.064041,0.935959,0.082292,0.077072
8090,32,0.369533,0.010565,0.009996,0.113293,0.496613,0.063751,0.936249,0.137114,0.138666
8091,26,0.36974,0.010006,0.010006,0.113356,0.496892,0.063404,0.936596,0.120445,0.122393
8092,26,0.369672,0.009998,0.009998,0.113335,0.496997,0.063045,0.936955,0.116691,0.118688
8093,26,0.369377,0.010005,0.010005,0.113388,0.497226,0.062435,0.937565,0.125523,0.12909
8094,30,0.369146,0.010004,0.010004,0.113431,0.497415,0.062134,0.937866,0.123235,0.124833
8095,30,0.36908,0.009998,0.009998,0.11341,0.497513,0.062249,0.937751,0.126014,0.124972
8096,24,0.369312,0.009996,0.009996,0.113368,0.497328,0.063323,0.936677,0.111129,0.10412
8097,24,0.368606,0.011082,0.010018,0.113293,0.497001,0.062557,0.937443,0.134217,0.138777
8098,24,0.369103,0.010006,0.010006,0.113363,0.497521,0.062896,0.937104,0.114715,0.112327
8099,30,0.368873,0.009996,0.009996,0.113317,0.497818,0.062926,0.937074,0.106825,0.106361
8100,32,0.369045,0.009997,0.009997,0.113285,0.497676,0.062639,0.937361,0.12206,0.12361
8101,24,0.369276,0.009996,0.009996,0.113242,0.497489,0.063597,0.936403,0.111135,0.104829
8102,24,0.369507,0.009993,0.010201,0.113162,0.497137,0.062794,0.937206,0.119663,0.124419
8103,32,0.369469,0.009999,0.009999,0.11315,0.497383,0.062591,0.937409,0.120188,0.121173
8104,30,0.369219,0.010046,0.010003,0.113187,0.497545,0.062137,0.937863,0.129736,0.132262
8105,24,0.369237,0.01,0.01,0.113193,0.49757,0.063359,0.936641,0.11345,0.10545
8106,24,0.368916,0.010004,0.010081,0.113237,0.497762,0.063166,0.936834,0.134318,0.13525
8107,36,0.368615,0.009996,0.010486,0.113192,0.497711,0.063612,0.936388,0.128294,0.125174
8108,24,0.36846,0.010117,0.010008,0.113287,0.498128,0.063053,0.936947,0.12809,0.131349
8109,24,0.36874,0.009998,0.009998,0.113259,0.498006,0.062931,0.937069,0.117318,0.11779
8110,24,0.369053,0.009995,0.009995,0.113202,0.497755,0.063463,0.936537,0.104921,0.101162
8111,30,0.369274,0.009996,0.009996,0.11316,0.497573,0.064034,0.935966,0.099071,0.095084
8112,30,0.369037,0.010004,0.010004,0.113202,0.497754,0.064374,0.935626,0.129848,0.12736
8113,36,0.369185,0.009994,0.009994,0.113129,0.497699,0.064405,0.935595,0.109086,0.108545
8114,24,0.368888,0.010005,0.010005,0.11318,0.497923,0.063755,0.936245,0.128184,0.132048
8115,24,0.36852,0.010003,0.010003,0.113209,0.498266,0.063305,0.936695,0.124072,0.126644
8116,32,0.368649,0.009998,0.009998,0.113187,0.498168,0.063503,0.936497,0.107579,0.106028
8117,26,0.368513,0.010002,0.010002,0.113211,0.498272,0.063052,0.936948,0.128137,0.13074
8118,32,0.369026,0.009992,0.009992,0.11312,0.497871,0.062836,0.937164,0.091194,0.092216
8119,26,0.36923,0.009997,0.009997,0.11308,0.497697,0.06236,0.93764,0.11737,0.120053
8120,30,0.368955,0.009999,0.009999,0.113069,0.497978,0.062615,0.937385,0.122254,0.120369
8121,30,0.368954,0.01,0.01,0.113069,0.497977,0.063096,0.936904,0.119675,0.116336
8122,32,0.369655,0.009989,0.009989,0.112943,0.497424,0.063143,0.936857,0.089986,0.089358
8123,32,0.369696,0.009999,0.009999,0.112932,0.497374,0.062419,0.937581,0.128056,0.132347
8124,24,0.369403,0.010005,0.010005,0.112984,0.497604,0.061751,0.938249,0.126139,0.129997
8125,24,0.369251,0.009999,0.009999,0.112975,0.497776,0.061123,0.938877,0.1129,0.11643
8126,32,0.369661,0.009991,0.009991,0.112872,0.497486,0.061968,0.938032,0.09925,0.093779
8127,32,0.369589,0.009998,0.009998,0.11285,0.497565,0.061968,0.938032,0.10815,0.107884
8128,26,0.369798,0.009997,0.009997,0.112812,0.497397,0.061412,0.938588,0.117483,0.120651
8129,24,0.369617,0.010274,0.009998,0.112793,0.497317,0.060814,0.939186,0.125064,0.128416
8130,30,0.369961,0.009999,0.009999,0.112781,0.497261,0.060986,0.939014,0.099425,0.097958
8131,30,0.369554,0.010001,0.010001,0.112794,0.497649,0.060391,0.939609,0.120168,0.123502
8132,26,0.369347,0.01,0.01,0.112796,0.497856,0.059897,0.940103,0.12453,0.127265
8133,32,0.369652,0.009995,0.009995,0.112742,0.497616,0.06024,0.93976,0.109317,0.106974
8134,24,0.369492,0.010002,0.010002,0.112769,0.497735,0.05976,0.94024,0.124577,0.127193
8135,24,0.369021,0.010487,0.01,0.112767,0.497725,0.059186,0.940814,0.128084,0.13125
8136,24,0.369638,0.009998,0.009998,0.112743,0.497623,0.059911,0.940089,0.108531,0.103883
8137,24,0.36979,0.009994,0.009994,0.112677,0.497544,0.059805,0.940195,0.113279,0.113646
8138,26,0.369798,0.009995,0.010295,0.11262,0.497292,0.05933,0.94067,0.118198,0.120767
8139,24,0.369247,0.010115,0.010868,0.112594,0.497176,0.059142,0.940858,0.134282,0.135147
8140,26,0.369449,0.010009,0.010053,0.11269,0.497799,0.059182,0.940818,0.117086,0.116633
8141,26,0.369682,0.009997,0.009997,0.11266,0.497664,0.059087,0.940913,0.117447,0.117754
8142,32,0.369593,0.009991,0.010698,0.112548,0.497171,0.059343,0.940657,0.121846,0.120096
8143,26,0.369938,0.01,0.010125,0.112552,0.497384,0.059217,0.940783,0.113718,0.114194
8144,32,0.369961,0.010002,0.010002,0.11257,0.497465,0.059306,0.940694,0.11145,0.110634
8145,32,0.369915,0.010001,0.010001,0.112579,0.497504,0.059572,0.940428,0.110869,0.109015
8146,24,0.369986,0.009996,0.009996,0.112528,0.497494,0.05898,0.94102,0.110678,0.113907
8147,30,0.369514,0.009999,0.009999,0.112522,0.497965,0.058769,0.941231,0.12684,0.127815
8148,28,0.369544,0.01,0.01,0.112516,0.497941,0.058183,0.941817,0.118224,0.12143
8149,24,0.369693,0.009998,0.009998,0.112489,0.497822,0.057756,0.942244,0.114629,0.116809
8150,36,0.369972,0.009995,0.009995,0.112439,0.497598,0.058154,0.941846,0.111878,0.10936
8151,32,0.370303,0.009995,0.009995,0.112378,0.49733,0.058523,0.941477,0.108946,0.106535
8152,26,0.370421,0.009998,0.009998,0.112355,0.497228,0.057879,0.942121,0.118322,0.121837
8153,32,0.370209,0.010001,0.010001,0.112361,0.497429,0.058007,0.941993,0.117134,0.116122
8154,26,0.370049,0.010003,0.010003,0.11239,0.497556,0.057658,0.942342,0.124417,0.126168
8155,26,0.370503,0.009993,0.009993,0.112309,0.497202,0.057955,0.942045,0.103917,0.101957
8156,30,0.370264,0.010004,0.010004,0.11235,0.497379,0.057522,0.942478,0.129798,0.132043
8157,30,0.36997,0.010002,0.010002,0.112373,0.497653,0.057232,0.942768,0.126491,0.127895
8158,32,0.370267,0.009995,0.009995,0.112321,0.497422,0.05726,0.94274,0.110234,0.109784
8159,24,0.369892,0.010002,0.010002,0.112348,0.497755,0.056693,0.943307,0.13038,0.133391
8160,24,0.370329,0.009993,0.009993,0.112271,0.497414,0.057423,0.942577,0.108526,0.10406
8161,24,0.370032,0.010005,0.010005,0.112321,0.497638,0.056939,0.943061,0.126109,0.128644
8162,30,0.370096,0.009999,0.009999,0.112311,0.497595,0.056814,0.943186,0.128486,0.128961
8163,32,0.370072,0.01,0.01,0.112315,0.497612,0.056828,0.943172,0.125444,0.125122
8164,24,0.369685,0.010043,0.010002,0.112339,0.49793,0.055951,0.944049,0.130313,0.135065
8165,32,0.36974,0.009994,0.010364,0.112271,0.497631,0.057078,0.942922,0.107981,0.101439
8166,26,0.369737,0.010006,0.010006,0.112336,0.497916,0.056631,0.943369,0.128173,0.130513
8167,24,0.369975,0.009996,0.009996,0.112295,0.497737,0.057354,0.942646,0.117307,0.112943
8168,32,0.370268,0.009995,0.009995,0.112242,0.4975,0.057616,0.942384,0.110238,0.108444
8169,24,0.370497,0.009996,0.009996,0.112199,0.497312,0.057644,0.942356,0.117302,0.116906
8170,30,0.37026,0.010004,0.010004,0.11224,0.497492,0.057508,0.942492,0.129818,0.130395
8171,30,0.369966,0.010002,0.010002,0.112263,0.497766,0.057617,0.942383,0.136527,0.135684
8172,30,0.369611,0.010334,0.01,0.112268,0.497787,0.057328,0.942672,0.139631,0.141048
8173,26,0.369599,0.010005,0.010005,0.11233,0.49806,0.056977,0.943023,0.124356,0.126156
8174,30,0.369368,0.010007,0.010004,0.112372,0.498249,0.056765,0.943235,0.129729,0.130674
8175,26,0.369407,0.009996,0.009996,0.112332,0.498268,0.057029,0.942971,0.110955,0.109253
8176,30,0.369414,0.01,0.01,0.11233,0.498257,0.056951,0.943049,0.109553,0.109654
8177,24,0.369776,0.009988,0.010388,0.112194,0.497655,0.056166,0.943834,0.114579,0.118764
8178,26,0.369707,0.010004,0.010004,0.112238,0.498047,0.055617,0.944383,0.120717,0.123577
8179,26,0.369464,0.010576,0.010074,0.112164,0.497721,0.055554,0.944446,0.125986,0.126119
8180,26,0.369915,0.010003,0.010003,0.1122,0.497879,0.055127,0.944873,0.117455,0.119616
8181,30,0.369695,0.009998,0.009998,0.112182,0.498127,0.055715,0.944285,0.105712,0.102228
8182,30,0.36988,0.009997,0.009997,0.112148,0.497978,0.055684,0.944316,0.109513,0.109447
8183,30,0.370215,0.009995,0.009995,0.112087,0.497709,0.055897,0.944103,0.096397,0.094901
8184,36,0.369885,0.010612,0.009995,0.112034,0.497473,0.055668,0.944332,0.130273,0.131323
8185,30,0.370041,0.010004,0.010004,0.112081,0.49787,0.055999,0.944001,0.116177,0.114099
8186,24,0.369808,0.01,0.01,0.112086,0.498105,0.055542,0.944458,0.118506,0.120844
8187,32,0.369655,0.01,0.010168,0.112084,0.498094,0.055305,0.944695,0.134011,0.135117
8188,24,0.37018,0.009991,0.009991,0.111982,0.497856,0.055456,0.944544,0.10304,0.101961
8189,24,0.370095,0.009998,0.009998,0.111956,0.497954,0.055008,0.944992,0.119659,0.121903
8190,30,0.369796,0.010002,0.010002,0.111978,0.498222,0.055325,0.944675,0.126618,0.12464
8191,26,0.369663,0.010002,0.010002,0.112002,0.498331,0.054668,0.945332,0.128193,0.131622
8192,32,0.369445,0.010004,0.010004,0.112042,0.498506,0.054507,0.945493,0.124019,0.124707
8193,36,0.369787,0.009995,0.009995,0.111982,0.498241,0.055488,0.944512,0.100528,0.094938
8194,30,0.369906,0.009993,0.009993,0.111901,0.498208,0.055763,0.944237,0.103564,0.101777
8195,32,0.369219,0.010257,0.010976,0.111798,0.49775,0.056168,0.943832,0.123781,0.121317
8196,32,0.370005,0.010002,0.010336,0.111818,0.497839,0.057001,0.942999,0.092399,0.087476
8197,24,0.370051,0.010001,0.010001,0.111832,0.498115,0.057823,0.942177,0.117654,0.112635
8198,24,0.370285,0.009996,0.009996,0.111791,0.497932,0.058578,0.941422,0.11727,0.112628
8199,30,0.370296,0.009994,0.009994,0.111729,0.497986,0.05871,0.94129,0.106505,0.105468
8200,30,0.370058,0.010004,0.010004,0.111769,0.498165,0.058273,0.941727,0.12976,0.132025
8201,32,0.370234,0.009997,0.009997,0.111739,0.498032,0.057953,0.942047,0.115507,0.117159
8202,26,0.370442,0.009997,0.009997,0.111702,0.497863,0.057297,0.942703,0.117371,0.120908
8203,32,0.370009,0.010271,0.009998,0.111676,0.498046,0.05717,0.94283,0.132795,0.133295
8204,30,0.369982,0.010005,0.010005,0.111728,0.49828,0.057126,0.942874,0.12215,0.122147
8205,30,0.370002,0.009997,0.009997,0.111693,0.498311,0.057463,0.942537,0.115,0.112826
8206,24,0.370362,0.009991,0.009991,0.111591,0.498066,0.056738,0.943262,0.106238,0.110081
8207,30,0.37047,0.009998,0.009998,0.111568,0.497966,0.056445,0.943555,0.112739,0.114119
8208,30,0.370436,0.01,0.01,0.111574,0.49799,0.056285,0.943715,0.10989,0.11048
8209,24,0.369768,0.010816,0.01019,0.111512,0.497714,0.055972,0.944028,0.134234,0.135743
8210,36,0.370086,0.010009,0.010009,0.111608,0.498289,0.056407,0.943593,0.118745,0.116071
8211,24,0.370402,0.009995,0.009995,0.111555,0.498052,0.055686,0.944314,0.111574,0.115329
8212,30,0.370165,0.010004,0.010004,0.111595,0.498232,0.056166,0.943834,0.129851,0.126914
8213,24,0.370752,0.009991,0.009991,0.111492,0.497774,0.055509,0.944491,0.10156,0.104943
8214,24,0.37054,0.01,0.01,0.111489,0.497972,0.055462,0.944538,0.120553,0.120562
8215,24,0.370479,0.009998,0.009998,0.111462,0.498064,0.054852,0.945148,0.111925,0.11502
8216,32,0.369891,0.009994,0.010984,0.11139,0.497742,0.055259,0.944741,0.123823,0.121392
8217,30,0.370279,0.010002,0.010435,0.111417,0.497866,0.0556,0.9444,0.116089,0.113948
8218,24,0.370149,0.010009,0.010009,0.111518,0.498315,0.05497,0.94503,0.126203,0.129501
8219,30,0.370451,0.009995,0.009995,0.111468,0.49809,0.055216,0.944784,0.113194,0.111599
8220,36,0.370509,0.009997,0.009997,0.11143,0.498068,0.055397,0.944603,0.115574,0.114289
8221,32,0.370125,0.010351,0.010488,0.111346,0.49769,0.055409,0.944591,0.128122,0.127802
8222,30,0.370279,0.010008,0.01016,0.11144,0.498113,0.05553,0.94447,0.121895,0.120998
8223,24,0.370574,0.009998,0.009998,0.111418,0.498013,0.056582,0.943418,0.1111,0.105003
8224,26,0.370709,0.009995,0.009995,0.111358,0.497944,0.05586,0.94414,0.113749,0.117549
8225,24,0.370413,0.010005,0.010005,0.111409,0.49817,0.055595,0.944405,0.128143,0.129329
8226,24,0.370552,0.009998,0.009998,0.111386,0.498066,0.05667,0.94333,0.111731,0.105474
8227,26,0.370673,0.009998,0.009998,0.111363,0.497968,0.056146,0.943854,0.114541,0.117271
8228,24,0.37038,0.010005,0.010005,0.111415,0.498197,0.055956,0.944044,0.128097,0.128944
8229,30,0.370439,0.009994,0.010345,0.111344,0.497879,0.056136,0.943864,0.125883,0.124641
8230,24,0.370718,0.009998,0.009998,0.111316,0.497971,0.057232,0.942768,0.107048,0.100592
8231,32,0.370603,0.009999,0.009999,0.111305,0.498094,0.057473,0.942527,0.123105,0.121449
8232,26,0.370468,0.010002,0.010002,0.111328,0.4982,0.057418,0.942582,0.128159,0.128252
8233,26,0.370331,0.010012,0.010002,0.111351,0.498303,0.056871,0.943129,0.124288,0.127187
8234,30,0.370277,0.010001,0.010001,0.111364,0.498358,0.056306,0.943694,0.120962,0.123926
8235,24,0.370431,0.009994,0.009994,0.111299,0.498282,0.056163,0.943837,0.113329,0.113862
8236,24,0.370659,0.009996,0.009996,0.111257,0.498092,0.057082,0.942918,0.110987,0.10559
8237,38,0.370124,0.010003,0.010003,0.111285,0.498586,0.056713,0.943287,0.130724,0.132608
8238,32,0.370041,0.009999,0.009999,0.111272,0.498689,0.056666,0.943334,0.120083,0.120115
8239,30,0.369635,0.010001,0.010001,0.111285,0.499078,0.056518,0.943482,0.113611,0.114167
8240,24,0.369772,0.009998,0.009998,0.111261,0.498971,0.05722,0.94278,0.11796,0.113696
8241,24,0.370654,0.009986,0.009986,0.111105,0.498269,0.057118,0.942882,0.094928,0.095157
8242,26,0.370693,0.009996,0.009996,0.111058,0.498257,0.056787,0.943213,0.114608,0.116265
8243,36,0.371018,0.009992,0.009992,0.110974,0.498024,0.057389,0.942611,0.096077,0.092327
8244,24,0.371006,0.009999,0.010062,0.110962,0.497971,0.056729,0.943271,0.124129,0.127635
8245,24,0.371165,0.009998,0.009998,0.110944,0.497894,0.057803,0.942197,0.111759,0.105375
8246,26,0.370883,0.009998,0.009998,0.110924,0.498197,0.057844,0.942156,0.115069,0.114602
8247,24,0.37059,0.010005,0.010005,0.110975,0.498426,0.057123,0.942877,0.126144,0.130061
8248,26,0.370385,0.01,0.01,0.110978,0.498636,0.057227,0.942773,0.12446,0.123667
8249,26,0.370716,0.009995,0.009995,0.11092,0.498375,0.057469,0.942531,0.108627,0.107012
8250,32,0.371181,0.009992,0.009992,0.110836,0.497998,0.057447,0.942553,0.106921,0.10677
8251,30,0.370743,0.009993,0.010886,0.110753,0.497625,0.057811,0.942189,0.131706,0.129362
8252,24,0.371006,0.01001,0.01001,0.110862,0.498113,0.058043,0.941957,0.123227,0.121654
8253,32,0.371163,0.009998,0.009998,0.110837,0.498004,0.058156,0.941844,0.099163,0.098173
8254,26,0.370743,0.010007,0.010007,0.110911,0.498333,0.057773,0.942227,0.128744,0.130752
8255,32,0.370748,0.01,0.01,0.110912,0.498339,0.057982,0.942018,0.115935,0.114463
8256,24,0.370457,0.010005,0.010005,0.110964,0.498571,0.05739,0.94261,0.128195,0.131366
8257,24,0.370549,0.009999,0.009999,0.110949,0.498505,0.056731,0.943269,0.115368,0.118855
8258,30,0.370447,0.010002,0.010002,0.110966,0.498583,0.057212,0.942788,0.122056,0.119053
8259,24,0.371032,0.009991,0.009991,0.110864,0.498123,0.056622,0.943378,0.101538,0.104593
8260,26,0.371025,0.01,0.01,0.110862,0.498114,0.05669,0.94331,0.116566,0.115955
8261,24,0.371287,0.009994,0.01012,0.110793,0.497806,0.05631,0.94369,0.119647,0.121519
8262,32,0.37138,0.01,0.01,0.110797,0.497822,0.057195,0.942805,0.10988,0.10467
8263,24,0.371381,0.01,0.01,0.110797,0.497822,0.056642,0.943358,0.121671,0.124582
8264,24,0.370976,0.010139,0.010004,0.110845,0.498036,0.056055,0.943945,0.1358,0.13891
8265,24,0.371261,0.009998,0.009998,0.110819,0.497924,0.056237,0.943763,0.117293,0.116054
8266,24,0.370758,0.010569,0.01035,0.110743,0.497579,0.055468,0.944532,0.130613,0.134706
8267,26,0.371408,0.010004,0.010004,0.11079,0.497793,0.055523,0.944477,0.114186,0.113653
8268,24,0.37104,0.010003,0.010003,0.110819,0.498136,0.054901,0.945099,0.124225,0.127434
8269,30,0.370941,0.010002,0.010002,0.110837,0.498218,0.054739,0.945261,0.111361,0.11196
8270,24,0.370492,0.01,0.01,0.110842,0.498665,0.054039,0.945961,0.126335,0.129944
8271,30,0.370979,0.009992,0.009992,0.110756,0.49828,0.054164,0.945836,0.0978,0.096833
8272,24,0.370991,0.01,0.01,0.110752,0.498259,0.053541,0.946459,0.124248,0.127389
8273,32,0.370963,0.009993,0.010292,0.110673,0.49808,0.053238,0.946762,0.121485,0.122917
8274,24,0.370777,0.010007,0.010007,0.110756,0.498453,0.052606,0.947394,0.12822,0.131366
8275,26,0.370782,0.01,0.01,0.110757,0.49846,0.052286,0.947714,0.1223,0.123803
8276,30,0.370549,0.010004,0.010004,0.110798,0.498645,0.051999,0.948001,0.123206,0.124509
8277,30,0.370666,0.009998,0.009998,0.110779,0.498558,0.052513,0.947487,0.11832,0.115381
8278,26,0.370993,0.009995,0.009995,0.110721,0.498297,0.0517,0.9483,0.111477,0.115501
8279,26,0.370854,0.010002,0.010002,0.110743,0.498398,0.05165,0.94835,0.122549,0.12265
8280,24,0.370857,0.009997,0.009997,0.110706,0.498443,0.051504,0.948496,0.112508,0.113055
8281,30,0.370621,0.010004,0.010004,0.110746,0.498625,0.051892,0.948108,0.129782,0.127588
8282,32,0.370267,0.010001,0.010001,0.110756,0.498976,0.051708,0.948292,0.114886,0.11565
8283,24,0.370421,0.009994,0.009994,0.110691,0.498899,0.051593,0.948407,0.11328,0.113674
8284,36,0.370668,0.009996,0.009996,0.110646,0.498695,0.051486,0.948514,0.110483,0.110851
8285,24,0.370814,0.009998,0.009998,0.110619,0.498572,0.050935,0.949065,0.114652,0.117235
8286,32,0.37128,0.009993,0.009993,0.110536,0.498199,0.051309,0.948691,0.091449,0.089354
8287,24,0.371274,0.01,0.01,0.110534,0.498191,0.052575,0.947425,0.115481,0.108714
8288,24,0.371709,0.009993,0.009993,0.110458,0.497847,0.053313,0.946687,0.108478,0.10432
8289,30,0.371603,0.010001,0.010001,0.110474,0.49792,0.053821,0.946179,0.121845,0.118918
8290,24,0.371604,0.01,0.01,0.110474,0.497922,0.054727,0.945273,0.1217,0.116516
8291,26,0.371531,0.009998,0.009998,0.110453,0.498021,0.054647,0.945353,0.122371,0.122601
8292,36,0.371313,0.009997,0.009997,0.110416,0.498277,0.054982,0.945018,0.111931,0.109836
8293,24,0.37094,0.010002,0.010002,0.110443,0.498612,0.054566,0.945434,0.130307,0.132365
8294,30,0.371475,0.009992,0.009992,0.11035,0.498192,0.05527,0.94473,0.105526,0.101473
8295,24,0.371406,0.010001,0.010001,0.110359,0.498233,0.054755,0.945245,0.125193,0.127829
8296,24,0.371052,0.010006,0.010006,0.110422,0.498515,0.054027,0.945973,0.135895,0.139686
8297,32,0.37123,0.009997,0.009997,0.110392,0.498383,0.053832,0.946168,0.122066,0.122948
8298,24,0.370936,0.010005,0.010005,0.110443,0.498611,0.053722,0.946278,0.134409,0.134815
8299,24,0.370877,0.010001,0.010001,0.110455,0.498666,0.052928,0.947072,0.131393,0.135446
8300,24,0.370895,0.01,0.01,0.110452,0.498653,0.052246,0.947754,0.124149,0.127538
8301,26,0.37076,0.010002,0.010002,0.110476,0.49876,0.051795,0.948205,0.124461,0.126644
8302,32,0.370889,0.009998,0.009998,0.110454,0.498661,0.052305,0.947695,0.123118,0.120295
8303,24,0.370745,0.009999,0.009999,0.110441,0.498816,0.051426,0.948574,0.127314,0.131712
8304,24,0.370762,0.01,0.01,0.110438,0.498801,0.050408,0.949592,0.12419,0.129169
8305,24,0.370932,0.009997,0.009997,0.110408,0.498666,0.050622,0.949378,0.11876,0.117511
8306,32,0.370643,0.01,0.01,0.110406,0.498952,0.050465,0.949535,0.123502,0.124113
8307,30,0.370588,0.009998,0.009998,0.110385,0.499031,0.050078,0.949922,0.112906,0.114592
8308,24,0.371027,0.009993,0.009993,0.110307,0.498679,0.05,0.95,0.110223,0.113346
8309,30,0.371183,0.009997,0.009997,0.110278,0.498545,0.05018,0.94982,0.109656,0.108566
8310,26,0.37069,0.010005,0.010005,0.110329,0.498972,0.05,0.95,0.125017,0.127656
8311,32,0.370115,0.011177,0.010351,0.110158,0.498199,0.05,0.95,0.135971,0.137878
8312,24,0.370682,0.010015,0.010015,0.110326,0.498962,0.050914,0.949086,0.12172,0.116886
8313,24,0.37064,0.009997,0.010286,0.110288,0.498789,0.050491,0.949509,0.115476,0.117417
8314,36,0.370594,0.010003,0.010003,0.11032,0.49908,0.050581,0.949419,0.12159,0.120947
8315,38,0.371232,0.009988,0.010094,0.110191,0.498495,0.050688,0.949312,0.097657,0.096911
8316,38,0.371116,0.010001,0.010001,0.1102,0.498683,0.050862,0.949138,0.120085,0.119045
8317,24,0.370222,0.010751,0.010849,0.110072,0.498105,0.050727,0.949273,0.134208,0.134698
8318,26,0.37085,0.010012,0.010012,0.110208,0.498917,0.051017,0.948983,0.11097,0.10934
8319,24,0.370914,0.009999,0.009999,0.110201,0.498886,0.050626,0.949374,0.115552,0.117317
8320,30,0.370709,0.009999,0.010278,0.110188,0.498827,0.051359,0.948641,0.121835,0.117915
8321,36,0.371114,0.009994,0.009994,0.110117,0.498782,0.05175,0.94825,0.09124,0.089039
8322,28,0.371591,0.009992,0.009992,0.110031,0.498393,0.051647,0.948353,0.10608,0.10639
8323,24,0.371294,0.010004,0.010004,0.110081,0.498617,0.051396,0.948604,0.134346,0.135425
8324,38,0.3711,0.009999,0.009999,0.110068,0.498834,0.051164,0.948836,0.121685,0.122632
8325,30,0.370694,0.010001,0.010001,0.110081,0.499223,0.050672,0.949328,0.120244,0.12255
8326,36,0.370902,0.009997,0.009997,0.110045,0.49906,0.050649,0.949351,0.115948,0.115842
8327,30,0.370602,0.010002,0.010002,0.110066,0.499327,0.050621,0.949379,0.136521,0.136481
8328,30,0.370772,0.00999,0.010474,0.109953,0.498812,0.051165,0.948835,0.109003,0.106066
8329,30,0.371089,0.010002,0.010002,0.109978,0.498928,0.050993,0.949007,0.109793,0.110435
8330,26,0.371018,0.009998,0.009998,0.109957,0.499029,0.050651,0.949349,0.116674,0.118232
8331,36,0.370994,0.009998,0.010157,0.109933,0.498919,0.050853,0.949147,0.125388,0.124178
8332,30,0.371484,0.009995,0.009995,0.109874,0.498653,0.05167,0.94833,0.100329,0.09594
8333,24,0.37131,0.009995,0.010453,0.109823,0.498419,0.052557,0.947443,0.121554,0.116716
8334,36,0.371499,0.010002,0.010002,0.109842,0.498655,0.053116,0.946884,0.110307,0.107157
8335,26,0.371083,0.010007,0.010007,0.109916,0.498988,0.052795,0.947205,0.128601,0.130107
8336,26,0.371015,0.009998,0.009998,0.109896,0.499093,0.052322,0.947678,0.118674,0.12099
8337,32,0.370901,0.009999,0.009999,0.109884,0.499217,0.052375,0.947625,0.118514,0.118042
8338,26,0.370765,0.010002,0.010002,0.109907,0.499323,0.052024,0.947976,0.122563,0.124229
8339,24,0.371202,0.009993,0.009993,0.109832,0.49898,0.053098,0.946902,0.100294,0.09444
8340,24,0.37127,0.009992,0.009992,0.109743,0.499003,0.05299,0.94701,0.109277,0.109651
8341,32,0.371391,0.009998,0.009998,0.109719,0.498894,0.053059,0.946941,0.107604,0.107054
8342,30,0.371575,0.009997,0.009997,0.109686,0.498744,0.053357,0.946643,0.116207,0.114429
8343,38,0.371345,0.009998,0.009998,0.109662,0.498998,0.053622,0.946378,0.122071,0.120456
8344,32,0.371231,0.009999,0.009999,0.10965,0.499121,0.054238,0.945762,0.107699,0.104201
8345,30,0.370562,0.010716,0.01044,0.109562,0.49872,0.054374,0.945626,0.139573,0.138629
8346,30,0.370757,0.010015,0.010015,0.10973,0.499483,0.054656,0.945344,0.12987,0.128134
8347,30,0.370955,0.009997,0.009997,0.1097,0.49935,0.054844,0.945156,0.116175,0.114918
8348,26,0.371604,0.00999,0.00999,0.109586,0.49883,0.054858,0.945142,0.103446,0.103113
8349,36,0.371846,0.009996,0.009996,0.10954,0.498622,0.054767,0.945233,0.110479,0.110766
8350,24,0.371843,0.01,0.01,0.10954,0.498618,0.055986,0.944014,0.11345,0.106459
8351,26,0.371708,0.010002,0.010002,0.109563,0.498724,0.055515,0.944485,0.128175,0.130609
8352,32,0.371744,0.009995,0.009995,0.109504,0.498764,0.055294,0.944706,0.10171,0.102722
8353,30,0.371506,0.010004,0.010004,0.109543,0.498943,0.054864,0.945136,0.129868,0.132006
8354,24,0.371166,0.010142,0.010003,0.10958,0.499109,0.054065,0.945935,0.134361,0.138519
8355,30,0.371056,0.010581,0.010339,0.10946,0.498564,0.054247,0.945753,0.125824,0.124618
8356,32,0.37119,0.010008,0.010008,0.109543,0.499251,0.05412,0.94588,0.109464,0.10994
8357,24,0.371214,0.01,0.01,0.109542,0.499245,0.053816,0.946184,0.115961,0.117374
8358,24,0.37078,0.010004,0.010004,0.10958,0.499633,0.053138,0.946862,0.131846,0.135274
8359,24,0.370434,0.010156,0.010003,0.109615,0.499792,0.052326,0.947674,0.134328,0.138439
8360,24,0.370201,0.010006,0.010006,0.109683,0.500104,0.05168,0.94832,0.128272,0.131462
8361,24,0.37005,0.010003,0.010003,0.109712,0.500233,0.051456,0.948544,0.124598,0.125579
8362,24,0.37007,0.01,0.01,0.109709,0.500221,0.050792,0.949208,0.115976,0.119172
8363,30,0.369837,0.010004,0.010004,0.10975,0.500407,0.05092,0.94908,0.129834,0.128978
8364,36,0.36988,0.009995,0.010291,0.109692,0.500143,0.051228,0.948772,0.116343,0.114585
8365,30,0.369683,0.010005,0.010005,0.109743,0.500565,0.050888,0.949112,0.126249,0.12778
8366,32,0.368659,0.011164,0.010987,0.109542,0.499648,0.050944,0.949056,0.139248,0.138783
8367,30,0.368648,0.010981,0.010452,0.109673,0.500246,0.050511,0.949489,0.12995,0.131976
8368,32,0.369611,0.010007,0.010007,0.109755,0.500619,0.051243,0.948757,0.092622,0.088717
8369,24,0.369324,0.010005,0.010005,0.109808,0.500859,0.050768,0.949232,0.126115,0.128357
8370,30,0.369436,0.009998,0.009998,0.10979,0.500777,0.051113,0.948887,0.116633,0.114655
8371,24,0.369506,0.009995,0.009995,0.10974,0.500763,0.05059,0.94941,0.110696,0.113125
8372,32,0.369212,0.01,0.01,0.109736,0.501053,0.050315,0.949685,0.12086,0.122081
8373,24,0.369006,0.01,0.01,0.109734,0.50126,0.05,0.95,0.128838,0.133182
8374,26,0.369217,0.009997,0.009997,0.109698,0.501092,0.05,0.95,0.117409,0.120405
8375,24,0.369447,0.009996,0.009996,0.109656,0.500904,0.050157,0.949843,0.117286,0.11632
8376,24,0.369152,0.010005,0.010005,0.109706,0.501133,0.05,0.95,0.128171,0.129958
8377,24,0.368832,0.010088,0.010004,0.109749,0.501327,0.05,0.95,0.126042,0.129154
8378,24,0.36902,0.009995,0.009995,0.109695,0.501295,0.050148,0.949852,0.113199,0.112274
8379,36,0.369234,0.009992,0.009992,0.109609,0.501173,0.050568,0.949432,0.092435,0.090147
8380,24,0.369365,0.009998,0.009998,0.109583,0.501057,0.051327,0.948673,0.117887,0.113817
8381,32,0.3693,0.009996,0.009996,0.10954,0.501168,0.052294,0.947706,0.100851,0.095694
8382,36,0.369309,0.009999,0.010065,0.109526,0.501101,0.052648,0.947352,0.117138,0.11506
8383,24,0.369654,0.009994,0.010099,0.109458,0.500794,0.052286,0.947714,0.111953,0.113597
8384,24,0.370138,0.009994,0.009994,0.109391,0.500484,0.052233,0.947767,0.108027,0.108067
8385,32,0.370119,0.009997,0.009997,0.109361,0.500525,0.053296,0.946704,0.106735,0.100968
8386,32,0.370683,0.009991,0.009991,0.109262,0.500073,0.054003,0.945997,0.102708,0.098764
8387,24,0.370597,0.009998,0.009998,0.109237,0.500171,0.054021,0.945979,0.117726,0.117417
8388,24,0.370142,0.010361,0.010075,0.10924,0.500183,0.053843,0.946157,0.134296,0.135053
8389,24,0.370457,0.009999,0.009999,0.109224,0.500322,0.053808,0.946192,0.11334,0.113334
8390,24,0.370609,0.009994,0.009994,0.10916,0.500243,0.053981,0.946019,0.113215,0.112076
8391,24,0.370313,0.010005,0.010005,0.109209,0.500469,0.053631,0.946369,0.134347,0.13602
8392,30,0.37057,0.009996,0.009996,0.109166,0.500272,0.05348,0.94652,0.107954,0.108501
8393,36,0.370761,0.009994,0.010147,0.109105,0.499992,0.053264,0.946736,0.113063,0.114019
8394,24,0.370869,0.010001,0.010001,0.109111,0.500019,0.052636,0.947364,0.115579,0.118689
8395,32,0.371434,0.009991,0.009991,0.109013,0.499571,0.052893,0.947107,0.102624,0.101081
8396,32,0.371282,0.010002,0.010002,0.109036,0.499677,0.052829,0.947171,0.129546,0.129672
8397,30,0.371446,0.009995,0.009995,0.108979,0.499586,0.052993,0.947007,0.10522,0.104123
8398,24,0.370955,0.010311,0.009999,0.108971,0.499764,0.05222,0.94778,0.130288,0.134184
8399,26,0.371521,0.009996,0.009996,0.108927,0.49956,0.052279,0.947721,0.103948,0.10344
8400,26,0.371727,0.009997,0.009997,0.10889,0.49939,0.051788,0.948212,0.113559,0.115915
8401,26,0.371563,0.010002,0.010002,0.108917,0.499515,0.051606,0.948394,0.124411,0.12514
8402,26,0.371947,0.00999,0.010222,0.108811,0.49903,0.051183,0.948817,0.11189,0.113872
8403,32,0.371746,0.010004,0.010004,0.108854,0.499392,0.051105,0.948895,0.128003,0.128211
8404,26,0.371258,0.010005,0.010005,0.108906,0.499826,0.050675,0.949325,0.121118,0.12313
8405,26,0.371127,0.010002,0.010002,0.10893,0.499938,0.050362,0.949638,0.124356,0.12578
8406,30,0.370929,0.01,0.01,0.108933,0.500138,0.050744,0.949256,0.123013,0.12083
8407,26,0.371272,0.009995,0.009995,0.108874,0.499865,0.05041,0.94959,0.115344,0.116852
8408,32,0.371124,0.010002,0.010002,0.108897,0.499974,0.050651,0.949349,0.120335,0.118922
8409,30,0.370803,0.010002,0.010002,0.108924,0.500268,0.050444,0.949556,0.120087,0.120951
8410,24,0.371119,0.009995,0.009995,0.10887,0.50002,0.05,0.95,0.113063,0.1162
8411,24,0.371439,0.009993,0.010113,0.108792,0.499663,0.050711,0.949289,0.113455,0.109687
8412,24,0.371533,0.01,0.01,0.108794,0.499672,0.050106,0.949894,0.115684,0.118543
8413,26,0.371524,0.01,0.01,0.108796,0.499679,0.05,0.95,0.121135,0.123629
8414,32,0.371686,0.009997,0.010024,0.108763,0.499529,0.05,0.95,0.109172,0.110012
8415,24,0.37147,0.010004,0.010004,0.108804,0.499718,0.050054,0.949946,0.1263,0.125865
8416,30,0.37117,0.010002,0.010002,0.108825,0.500001,0.050015,0.949985,0.119663,0.119699
8417,36,0.371074,0.010002,0.010002,0.108842,0.50008,0.05,0.95,0.130381,0.130431
8418,32,0.371064,0.009995,0.009995,0.108791,0.500154,0.05,0.95,0.109434,0.109931
8419,30,0.371272,0.009997,0.009997,0.108754,0.499981,0.05,0.95,0.108226,0.108795
8420,24,0.370969,0.010029,0.010004,0.108801,0.500197,0.05,0.95,0.134358,0.13947
8421,24,0.370905,0.010002,0.010002,0.108818,0.500274,0.05,0.95,0.125051,0.126534
8422,26,0.371214,0.009995,0.009995,0.108765,0.500031,0.050061,0.949939,0.114196,0.11371
8423,36,0.371461,0.009996,0.009996,0.10872,0.499827,0.050612,0.949388,0.109098,0.10615
8424,24,0.371475,0.01,0.01,0.108716,0.499809,0.050232,0.949768,0.115877,0.117587
8425,24,0.371172,0.010035,0.010004,0.108763,0.500025,0.05,0.95,0.134347,0.13647
8426,24,0.370825,0.010191,0.010003,0.108798,0.500183,0.05,0.95,0.128119,0.131121
8427,26,0.370823,0.010003,0.010003,0.108832,0.500339,0.05,0.95,0.123563,0.124245
8428,32,0.370952,0.009998,0.009998,0.10881,0.500242,0.050131,0.949869,0.123144,0.122326
8429,30,0.370607,0.010166,0.010479,0.108756,0.499992,0.050432,0.949568,0.131693,0.129987
8430,30,0.370846,0.010006,0.010006,0.108826,0.500315,0.050457,0.949543,0.119691,0.119401
8431,26,0.370958,0.009998,0.009998,0.108809,0.500236,0.050704,0.949296,0.114493,0.113084
8432,32,0.370812,0.010002,0.010002,0.108834,0.50035,0.051425,0.948575,0.115854,0.111993
8433,30,0.370478,0.01,0.01,0.108836,0.500686,0.05138,0.94862,0.120001,0.119992
8434,24,0.370478,0.01,0.01,0.108836,0.500686,0.051352,0.948648,0.121789,0.121748
8435,24,0.370186,0.010005,0.010005,0.108886,0.500919,0.050393,0.949607,0.134424,0.139148
8436,26,0.369982,0.01,0.01,0.108889,0.501129,0.050242,0.949758,0.118689,0.119284
8437,30,0.370196,0.009997,0.009997,0.108852,0.500959,0.051397,0.948603,0.113644,0.107593
8438,30,0.370092,0.010002,0.010002,0.108869,0.501036,0.051731,0.948269,0.122098,0.120183
8439,24,0.370247,0.009994,0.009994,0.108806,0.500959,0.051901,0.948099,0.11332,0.112267
8440,24,0.370242,0.01,0.01,0.108804,0.500953,0.053009,0.946991,0.113437,0.10745
8441,32,0.370712,0.009993,0.009993,0.108723,0.500579,0.053383,0.946617,0.102249,0.100029
8442,32,0.370792,0.009996,0.009996,0.108676,0.50054,0.053218,0.946782,0.114178,0.114824
8443,24,0.37157,0.009988,0.009988,0.108541,0.499914,0.05254,0.94746,0.097977,0.101298
8444,32,0.371487,0.009991,0.009991,0.108446,0.500084,0.052909,0.947091,0.101702,0.099568
8445,38,0.370884,0.010001,0.010001,0.108455,0.500659,0.052619,0.947381,0.127748,0.129083
8446,30,0.371212,0.009995,0.009995,0.108399,0.5004,0.052392,0.947608,0.104787,0.105683
8447,24,0.371344,0.009998,0.009998,0.108374,0.500287,0.052219,0.947781,0.126265,0.126972
8448,24,0.371137,0.01,0.01,0.108372,0.500492,0.051566,0.948434,0.120668,0.123866
8449,24,0.371369,0.009996,0.009996,0.108332,0.500307,0.051833,0.948167,0.117265,0.115702
8450,24,0.371341,0.009997,0.009997,0.108299,0.500366,0.051392,0.948608,0.111597,0.113663
8451,32,0.371255,0.009999,0.009999,0.108284,0.500464,0.051824,0.948176,0.118552,0.116146
8452,24,0.371423,0.009997,0.009997,0.108255,0.500328,0.052023,0.947977,0.118728,0.117517
8453,32,0.371457,0.009994,0.009994,0.108195,0.500359,0.052045,0.947955,0.097479,0.097166
8454,30,0.371352,0.010001,0.010001,0.108211,0.500434,0.051873,0.948127,0.122053,0.122688
8455,30,0.371252,0.010002,0.010002,0.108229,0.500516,0.052529,0.947471,0.122072,0.118439
8456,26,0.371046,0.01,0.01,0.108231,0.500723,0.052057,0.947943,0.124525,0.126822
8457,36,0.370596,0.010641,0.010293,0.108145,0.500325,0.052009,0.947991,0.130247,0.130314
8458,24,0.370672,0.010565,0.010005,0.108196,0.500563,0.051232,0.948768,0.131355,0.135193
8459,30,0.370624,0.01001,0.01001,0.108302,0.501054,0.051118,0.948882,0.129925,0.130324
8460,32,0.371012,0.009994,0.009994,0.108239,0.500761,0.051399,0.948601,0.10783,0.106177
8461,36,0.370812,0.009999,0.009999,0.108226,0.500964,0.052082,0.947918,0.116324,0.112604
8462,32,0.370986,0.009997,0.009997,0.108196,0.500824,0.051818,0.948182,0.121952,0.123141
8463,38,0.371271,0.009991,0.009991,0.108101,0.500645,0.051872,0.948128,0.097275,0.096802
8464,32,0.371391,0.009998,0.009998,0.108077,0.500536,0.052311,0.947689,0.123117,0.120631
8465,24,0.371098,0.010005,0.010005,0.108127,0.500766,0.051256,0.948744,0.134425,0.139725
8466,26,0.370683,0.010007,0.010007,0.1082,0.501103,0.050708,0.949292,0.128673,0.131302
8467,24,0.370333,0.010006,0.010006,0.108262,0.501393,0.050181,0.949819,0.129644,0.132143
8468,24,0.37057,0.009996,0.009996,0.108224,0.501213,0.050441,0.949559,0.117375,0.115907
8469,24,0.371071,0.00999,0.010094,0.108119,0.500726,0.050371,0.949629,0.107032,0.107151
8470,32,0.37099,0.01,0.01,0.108117,0.500894,0.05087,0.94913,0.118499,0.115786
8471,36,0.370571,0.010007,0.010007,0.108189,0.501227,0.050481,0.949519,0.139404,0.141216
8472,26,0.370503,0.009998,0.009998,0.108169,0.501332,0.05,0.95,0.122415,0.125989
8473,24,0.370422,0.009998,0.009998,0.108145,0.501437,0.051191,0.948809,0.111462,0.105258
8474,26,0.370545,0.009994,0.010026,0.108084,0.501351,0.051281,0.948719,0.113637,0.112986
8475,24,0.370128,0.010359,0.010001,0.108098,0.501414,0.050537,0.949463,0.134309,0.13794
8476,24,0.369969,0.010008,0.010008,0.108187,0.501827,0.05,0.95,0.134405,0.137606
8477,32,0.3703,0.009995,0.009995,0.108133,0.501577,0.050343,0.949657,0.111753,0.109843
8478,24,0.370821,0.009992,0.009992,0.108042,0.501154,0.050375,0.949625,0.102218,0.101802
8479,26,0.370607,0.01,0.01,0.108042,0.501351,0.05,0.95,0.120716,0.123041
8480,24,0.370607,0.01,0.01,0.108042,0.501351,0.05,0.95,0.12373,0.126584
8481,24,0.370236,0.010003,0.010003,0.108069,0.50169,0.05,0.95,0.122162,0.125166
8482,30,0.370432,0.009997,0.009997,0.108036,0.501538,0.05,0.95,0.110589,0.110817
8483,30,0.370467,0.009999,0.009999,0.108029,0.501505,0.050115,0.949885,0.115744,0.11498
8484,24,0.370635,0.009997,0.009997,0.108,0.50137,0.050062,0.949938,0.118684,0.118765
8485,30,0.37107,0.009986,0.010428,0.107849,0.500668,0.05,0.95,0.098312,0.098642
8486,24,0.370868,0.01001,0.01001,0.107954,0.501158,0.05,0.95,0.135913,0.138374
8487,24,0.371108,0.009997,0.009997,0.107917,0.500983,0.05083,0.94917,0.117273,0.112881
8488,30,0.371777,0.009989,0.009989,0.107801,0.500444,0.050768,0.949232,0.094209,0.094283
8489,32,0.371624,0.010002,0.010002,0.107823,0.500549,0.051081,0.948919,0.12968,0.1279
8490,32,0.371818,0.009997,0.009997,0.107791,0.500397,0.051275,0.948725,0.111821,0.110602
8491,32,0.371537,0.010002,0.010002,0.10781,0.50065,0.051134,0.948866,0.137247,0.137786
8492,32,0.371331,0.010083,0.010658,0.107715,0.500212,0.051167,0.948833,0.124262,0.123859
8493,24,0.371607,0.010007,0.010007,0.107795,0.500583,0.052041,0.947959,0.121702,0.116969
8494,36,0.371855,0.009996,0.009996,0.107755,0.500397,0.052163,0.947837,0.104405,0.103556
8495,24,0.37222,0.009991,0.009991,0.107655,0.500144,0.052333,0.947667,0.104013,0.102904
8496,32,0.372366,0.009997,0.009997,0.107627,0.500013,0.052406,0.947594,0.104079,0.103468
8497,32,0.372538,0.009997,0.009997,0.107596,0.499872,0.052882,0.947118,0.108023,0.105337
8498,26,0.372535,0.01,0.01,0.107596,0.499869,0.052736,0.947264,0.120385,0.120977
8499,32,0.372766,0.009996,0.009996,0.107556,0.499685,0.052881,0.947119,0.110639,0.109634
8500,32,0.372195,0.010325,0.0108,0.107402,0.499278,0.052805,0.947195,0.126905,0.127103
8501,24,0.372319,0.01001,0.010384,0.107509,0.499777,0.052629,0.947371,0.130849,0.131586
8502,30,0.372466,0.010004,0.010004,0.107552,0.499974,0.052896,0.947104,0.113112,0.111486
8503,24,0.372469,0.01,0.01,0.107553,0.499978,0.052327,0.947673,0.123712,0.126485
8504,32,0.372936,0.009993,0.009993,0.107473,0.499606,0.052093,0.947907,0.106845,0.107807
8505,32,0.373054,0.009996,0.010128,0.107427,0.499395,0.052233,0.947767,0.121878,0.120961
8506,30,0.373325,0.009998,0.009998,0.107402,0.499278,0.052375,0.947625,0.108322,0.107363
8507,30,0.372987,0.01,0.01,0.107403,0.49961,0.052087,0.947913,0.12005,0.121319
8508,30,0.372651,0.01,0.01,0.107404,0.499945,0.051724,0.948276,0.119988,0.121662
8509,38,0.372529,0.010326,0.009997,0.107368,0.49978,0.051326,0.948674,0.129247,0.131102
8510,26,0.372857,0.01,0.01,0.107367,0.499775,0.050847,0.949153,0.113677,0.115944
8511,36,0.37276,0.010002,0.010002,0.107384,0.499853,0.05089,0.94911,0.126274,0.125891
8512,30,0.372846,0.009999,0.009999,0.10737,0.499787,0.051118,0.948882,0.111969,0.110632
8513,36,0.372824,0.009996,0.009996,0.107328,0.499856,0.051625,0.948375,0.106541,0.103765
8514,24,0.37253,0.010005,0.010005,0.107377,0.500084,0.051148,0.948852,0.126137,0.128411
8515,24,0.372841,0.009995,0.009995,0.107325,0.499843,0.050418,0.949582,0.119698,0.123209
8516,26,0.372234,0.010501,0.010002,0.107342,0.499921,0.05,0.95,0.134336,0.138789
8517,24,0.372342,0.010003,0.010003,0.107373,0.500279,0.050836,0.949164,0.117632,0.113202
8518,32,0.372398,0.009994,0.009994,0.107312,0.500302,0.050997,0.949003,0.104575,0.103575
8519,24,0.372934,0.009991,0.009991,0.107218,0.499866,0.05137,0.94863,0.107055,0.104944
8520,24,0.372463,0.010463,0.01,0.107216,0.499858,0.050556,0.949444,0.134318,0.138298
8521,30,0.372821,0.010002,0.010002,0.107234,0.499941,0.050769,0.949231,0.116058,0.114789
8522,30,0.372526,0.010002,0.010002,0.107256,0.500214,0.051023,0.948977,0.119912,0.118441
8523,24,0.372582,0.009999,0.009999,0.107247,0.500173,0.050436,0.949564,0.115587,0.118362
8524,32,0.372298,0.01,0.01,0.107243,0.50046,0.050415,0.949585,0.120539,0.120447
8525,24,0.372222,0.010001,0.010001,0.107256,0.50052,0.050045,0.949955,0.116861,0.118519
8526,30,0.372223,0.01,0.01,0.107256,0.500521,0.050732,0.949268,0.119708,0.116061
8527,24,0.372191,0.010132,0.009998,0.107239,0.50044,0.05,0.95,0.124078,0.128152
8528,32,0.371936,0.010004,0.010004,0.107276,0.50078,0.05,0.95,0.121889,0.121904
8529,26,0.371731,0.01,0.01,0.107279,0.50099,0.05,0.95,0.124393,0.126601
8530,24,0.371953,0.009996,0.010024,0.107236,0.500791,0.050594,0.949406,0.117191,0.114034
8531,24,0.372109,0.009998,0.009998,0.107213,0.500682,0.050313,0.949687,0.114644,0.115856
8532,30,0.372007,0.010002,0.010002,0.10723,0.50076,0.050159,0.949841,0.111279,0.11181
8533,24,0.372098,0.009995,0.009995,0.107178,0.500733,0.050248,0.949752,0.114768,0.114162
8534,30,0.372308,0.009994,0.010009,0.107109,0.50058,0.050264,0.949736,0.116882,0.116597
8535,24,0.372378,0.009996,0.009996,0.107061,0.50057,0.05,0.95,0.110663,0.111812
8536,24,0.372008,0.010205,0.010003,0.107088,0.500697,0.05,0.95,0.134338,0.136192
8537,26,0.371877,0.010002,0.010002,0.107112,0.501006,0.05,0.95,0.124399,0.126762
8538,36,0.371907,0.010015,0.01056,0.107006,0.500511,0.050295,0.949705,0.117161,0.115516
8539,30,0.372121,0.010006,0.010006,0.107068,0.500799,0.051046,0.948954,0.113152,0.109164
8540,38,0.371926,0.009995,0.009995,0.107012,0.501073,0.050969,0.949031,0.109961,0.110128
8541,26,0.371971,0.009996,0.009996,0.106969,0.501068,0.05107,0.94893,0.11454,0.113824
8542,24,0.371804,0.01025,0.010229,0.106913,0.500805,0.050193,0.949807,0.124084,0.128357
8543,30,0.372095,0.010003,0.010003,0.106945,0.500954,0.05,0.95,0.118157,0.121118
8544,30,0.371769,0.010002,0.010002,0.106969,0.501257,0.05,0.95,0.136291,0.136949
8545,30,0.371538,0.010004,0.010004,0.107009,0.501445,0.05,0.95,0.129834,0.131039
8546,24,0.371249,0.010005,0.010005,0.10706,0.501682,0.05,0.95,0.126221,0.129559
8547,30,0.370949,0.010002,0.010002,0.107081,0.501966,0.050435,0.949565,0.119733,0.117375
8548,24,0.37058,0.010003,0.010003,0.107108,0.502307,0.050072,0.949928,0.12419,0.125837
8549,24,0.370424,0.009996,0.009996,0.107063,0.502522,0.05,0.95,0.12187,0.127107
8550,36,0.370543,0.009993,0.010311,0.106987,0.502167,0.050354,0.949646,0.110679,0.108725
8551,32,0.370656,0.010003,0.010003,0.107019,0.502319,0.050866,0.949134,0.11147,0.108707
8552,32,0.370832,0.009997,0.009997,0.10699,0.502183,0.051173,0.948827,0.117409,0.115678
8553,24,0.371372,0.009991,0.009991,0.106898,0.501748,0.051123,0.948877,0.107064,0.107078
8554,30,0.371709,0.009994,0.009994,0.106837,0.501465,0.051314,0.948686,0.100537,0.099285
8555,24,0.371334,0.010002,0.010002,0.106863,0.501798,0.050617,0.949383,0.124218,0.127597
8556,30,0.37126,0.009979,0.011394,0.106636,0.500731,0.050357,0.949643,0.112208,0.113306
8557,24,0.371579,0.010008,0.010357,0.106719,0.501337,0.05,0.95,0.111954,0.115254
8558,24,0.371416,0.010002,0.010387,0.106744,0.501452,0.05,0.95,0.130746,0.13432
8559,32,0.37171,0.010002,0.010002,0.10676,0.501527,0.050696,0.949304,0.115077,0.11143
8560,30,0.371589,0.009992,0.010638,0.106671,0.50111,0.050619,0.949381,0.127493,0.127698
8561,26,0.371616,0.010006,0.010006,0.10674,0.501632,0.050125,0.949875,0.120719,0.123055
8562,30,0.371635,0.009997,0.009997,0.106707,0.501665,0.050452,0.949548,0.113304,0.111463
8563,24,0.371341,0.010005,0.010005,0.106756,0.501894,0.05,0.95,0.128204,0.130321
8564,24,0.371052,0.010005,0.010005,0.106806,0.502132,0.05,0.95,0.134427,0.135504
8565,32,0.371287,0.009996,0.009996,0.106768,0.501952,0.050414,0.949586,0.106002,0.103728
8566,24,0.371746,0.009989,0.009989,0.106653,0.501623,0.0505,0.9495,0.103108,0.102467
8567,30,0.37173,0.009995,0.009995,0.106596,0.501685,0.05063,0.94937,0.109529,0.108689
8568,24,0.371381,0.010148,0.010003,0.106629,0.501839,0.05,0.95,0.128112,0.131158
8569,30,0.371787,0.009996,0.009996,0.106586,0.501636,0.050382,0.949618,0.103062,0.100896
8570,24,0.371784,0.01,0.01,0.106585,0.501632,0.051295,0.948705,0.121701,0.116836
8571,26,0.371637,0.009996,0.009996,0.106543,0.501828,0.050624,0.949376,0.118713,0.121972
8572,30,0.371813,0.009994,0.010162,0.106483,0.501547,0.051079,0.948921,0.115689,0.11316
8573,30,0.371745,0.010004,0.010004,0.106521,0.501726,0.051297,0.948703,0.122157,0.120836
8574,36,0.371955,0.009994,0.009994,0.106462,0.501594,0.05158,0.94842,0.105718,0.104031
8575,24,0.372183,0.009996,0.009996,0.106422,0.501403,0.052638,0.947362,0.111025,0.105336
8576,24,0.371786,0.010112,0.010004,0.106469,0.501629,0.052106,0.947894,0.127518,0.130117
8577,36,0.371555,0.009999,0.009999,0.106457,0.50199,0.052048,0.947952,0.11622,0.116301
8578,32,0.371652,0.009997,0.010073,0.106427,0.50185,0.052533,0.947467,0.123123,0.120415
8579,24,0.371696,0.01,0.01,0.106432,0.501871,0.051868,0.948132,0.115975,0.119231
8580,26,0.371504,0.010003,0.010003,0.106465,0.502025,0.051708,0.948292,0.125724,0.126391
8581,24,0.371951,0.009993,0.009993,0.10639,0.501673,0.051317,0.948683,0.116025,0.117821
8582,30,0.372169,0.009985,0.010705,0.106228,0.500912,0.051159,0.948841,0.110033,0.110633
8583,30,0.372121,0.010003,0.010552,0.106261,0.501064,0.051286,0.948714,0.121853,0.121003
8584,26,0.37251,0.009999,0.009999,0.106255,0.501235,0.050964,0.949036,0.10869,0.110141
8585,32,0.372439,0.010001,0.010001,0.106267,0.501291,0.05138,0.94862,0.110941,0.108629
8586,30,0.372104,0.01,0.01,0.106268,0.501627,0.051089,0.948911,0.119963,0.121243
8587,26,0.37197,0.010002,0.010002,0.106291,0.501734,0.050625,0.949375,0.128143,0.130344
8588,24,0.371731,0.009997,0.010437,0.106258,0.501577,0.05,0.95,0.12501,0.129094
8589,36,0.372176,0.009998,0.009998,0.106231,0.501597,0.050989,0.949011,0.09639,0.09123
8590,30,0.372189,0.009997,0.009997,0.106197,0.501621,0.051558,0.948442,0.114949,0.111839
8591,26,0.371664,0.010134,0.010006,0.106263,0.501933,0.050775,0.949225,0.135715,0.13957
8592,30,0.371801,0.01,0.01,0.106263,0.501936,0.051197,0.948803,0.118549,0.116196
8593,30,0.371888,0.009999,0.009999,0.106249,0.501866,0.051578,0.948422,0.115564,0.113411
8594,24,0.371516,0.010002,0.010002,0.106275,0.502204,0.051059,0.948941,0.124198,0.126657
8595,24,0.370604,0.0108,0.010851,0.106147,0.501598,0.050887,0.949113,0.134215,0.134894
8596,26,0.371144,0.010015,0.010015,0.106301,0.502526,0.050938,0.949062,0.112933,0.112489
8597,36,0.37108,0.009999,0.009999,0.106292,0.50263,0.050997,0.949003,0.120165,0.119666
8598,30,0.371368,0.009995,0.009995,0.106243,0.502398,0.051521,0.948479,0.101982,0.099074
8599,32,0.371537,0.009997,0.009997,0.106213,0.502256,0.051307,0.948693,0.109192,0.110109
8600,26,0.371878,0.009994,0.009994,0.106155,0.501978,0.051515,0.948485,0.111605,0.110303
8601,24,0.371892,0.01,0.01,0.10615,0.501959,0.051394,0.948606,0.124164,0.124573
8602,30,0.371734,0.010152,0.01,0.106151,0.501963,0.051574,0.948426,0.131757,0.130607
8603,26,0.371583,0.010002,0.010002,0.106169,0.502244,0.050924,0.949076,0.124534,0.127689
8604,24,0.371813,0.009993,0.009993,0.106095,0.502106,0.051156,0.948844,0.107491,0.106089
8605,30,0.3718,0.009995,0.009995,0.106039,0.502171,0.051444,0.948556,0.109474,0.107807
8606,38,0.371505,0.009996,0.009996,0.105997,0.502506,0.051705,0.948295,0.111385,0.109839
8607,30,0.371654,0.009996,0.010086,0.105955,0.502309,0.051881,0.948119,0.125999,0.124901
8608,36,0.371533,0.010001,0.010001,0.105965,0.5025,0.052144,0.947856,0.12144,0.119868
8609,24,0.371455,0.009998,0.009998,0.105942,0.502607,0.051747,0.948253,0.117671,0.119556
8610,24,0.37135,0.010321,0.009996,0.105904,0.502428,0.051028,0.948972,0.124107,0.127591
8611,26,0.371202,0.010004,0.010004,0.10595,0.50284,0.050688,0.949312,0.125781,0.127357
8612,28,0.370875,0.010002,0.010002,0.105976,0.503145,0.050358,0.949642,0.119851,0.121354
8613,26,0.370715,0.010003,0.010003,0.106003,0.503277,0.050189,0.949811,0.124424,0.125085
8614,26,0.370509,0.01,0.01,0.106006,0.503485,0.05,0.95,0.124426,0.127429
8615,30,0.370695,0.009997,0.009997,0.105974,0.503336,0.050306,0.949694,0.116037,0.114303
8616,32,0.370731,0.009999,0.009999,0.105967,0.503303,0.050155,0.949845,0.109294,0.109833
8617,24,0.370748,0.01,0.01,0.105964,0.503288,0.05,0.95,0.124137,0.127718
8618,28,0.370417,0.010002,0.010002,0.105989,0.503589,0.05,0.95,0.125209,0.128011
8619,32,0.370297,0.009989,0.010475,0.105876,0.503362,0.05,0.95,0.115521,0.115832
8620,24,0.370469,0.010005,0.010005,0.105926,0.503596,0.051248,0.948752,0.113443,0.106947
8621,30,0.370649,0.009992,0.009992,0.105842,0.503526,0.05143,0.94857,0.099536,0.098393
8622,30,0.370472,0.01,0.01,0.105837,0.503691,0.051727,0.948273,0.118516,0.116787
8623,36,0.370321,0.01,0.01,0.105838,0.503841,0.051684,0.948316,0.124219,0.124223
8624,24,0.37047,0.009998,0.009998,0.105813,0.503722,0.051046,0.948954,0.1147,0.117772
8625,32,0.370323,0.010002,0.010002,0.105837,0.503835,0.051083,0.948917,0.129568,0.129175
8626,30,0.370341,0.009997,0.009997,0.105803,0.503862,0.051354,0.948646,0.12482,0.123243
8627,24,0.370278,0.009998,0.009998,0.105777,0.503951,0.051173,0.948827,0.120152,0.120822
8628,26,0.370383,0.009998,0.009998,0.105758,0.503862,0.051215,0.948785,0.114526,0.11414
8629,32,0.370382,0.01,0.01,0.105758,0.50386,0.051433,0.948567,0.116111,0.114804
8630,24,0.370303,0.009998,0.009998,0.105735,0.503966,0.052266,0.947734,0.117625,0.113069
8631,24,0.370222,0.009998,0.009998,0.105712,0.50407,0.051571,0.948429,0.125866,0.129298
8632,32,0.370155,0.009998,0.009998,0.105693,0.504155,0.052348,0.947652,0.106581,0.102377
8633,26,0.369946,0.01,0.01,0.105695,0.504359,0.052086,0.947914,0.118718,0.119886
8634,32,0.370056,0.009995,0.009995,0.105647,0.504306,0.052475,0.947525,0.114079,0.111833
8635,26,0.370548,0.009991,0.01007,0.10555,0.503842,0.052055,0.947945,0.106142,0.108123
8636,36,0.370423,0.009994,0.010551,0.105487,0.503544,0.052729,0.947271,0.116748,0.113047
8637,34,0.370732,0.010004,0.010004,0.105527,0.503734,0.052904,0.947096,0.111038,0.109894
8638,32,0.370969,0.009994,0.009994,0.105461,0.503583,0.052869,0.947131,0.118792,0.11872
8639,24,0.370672,0.010005,0.010005,0.105509,0.50381,0.052359,0.947641,0.128254,0.13073
8640,24,0.370383,0.010005,0.010005,0.105559,0.504049,0.051932,0.948068,0.128244,0.13027
8641,32,0.370438,0.009999,0.009999,0.105551,0.504013,0.052421,0.947579,0.110073,0.107348
8642,32,0.37039,0.010001,0.010001,0.105559,0.50405,0.052614,0.947386,0.110874,0.109646
8643,24,0.37033,0.009998,0.009998,0.105533,0.504142,0.052262,0.947738,0.120115,0.121725
8644,24,0.369957,0.010002,0.010002,0.105559,0.504479,0.05156,0.94844,0.124121,0.127585
8645,26,0.369824,0.010002,0.010002,0.105582,0.504589,0.051036,0.948964,0.124449,0.126975
8646,38,0.369901,0.009999,0.009999,0.10557,0.504531,0.051262,0.948738,0.115943,0.114604
8647,30,0.3699,0.01,0.01,0.10557,0.50453,0.051122,0.948878,0.12626,0.126809
8648,36,0.370248,0.009994,0.009994,0.105512,0.504251,0.051017,0.948983,0.115797,0.116154
8649,26,0.370036,0.01,0.01,0.105512,0.504451,0.050693,0.949307,0.118802,0.120287
8650,24,0.370579,0.009991,0.009991,0.105421,0.504017,0.050654,0.949346,0.107116,0.107084
8651,30,0.370709,0.009998,0.009998,0.105397,0.503899,0.050415,0.949585,0.116219,0.11724
8652,30,0.370787,0.009994,0.010093,0.105335,0.503791,0.050649,0.949351,0.122489,0.121123
8653,30,0.370656,0.009989,0.010928,0.105214,0.503213,0.050971,0.949029,0.125867,0.124064
8654,24,0.370735,0.010303,0.010453,0.105228,0.503281,0.05027,0.94973,0.124094,0.127436
8655,24,0.371185,0.010005,0.010005,0.10528,0.503526,0.050547,0.949453,0.118766,0.117199
8656,24,0.371279,0.009995,0.009995,0.10523,0.503501,0.050463,0.949537,0.114771,0.115014
8657,26,0.371128,0.009999,0.009999,0.10522,0.503653,0.05,0.95,0.119879,0.12317
8658,24,0.371711,0.009991,0.009991,0.105123,0.503185,0.05005,0.94995,0.104351,0.1039
8659,26,0.37114,0.010003,0.010003,0.105149,0.503706,0.05,0.95,0.117445,0.119337
8660,30,0.371458,0.010015,0.010056,0.105083,0.503388,0.05,0.95,0.115618,0.116968
8661,24,0.371193,0.010005,0.010005,0.105139,0.503658,0.05,0.95,0.126132,0.129512
8662,34,0.371044,0.01,0.01,0.105138,0.503818,0.050072,0.949928,0.121512,0.120982
8663,30,0.371058,0.009997,0.009997,0.105104,0.503844,0.050413,0.949587,0.113292,0.111377
8664,26,0.371103,0.009999,0.009999,0.105096,0.503803,0.05,0.95,0.114849,0.117867
8665,30,0.371187,0.009999,0.009999,0.105081,0.503734,0.05,0.95,0.118465,0.118425
8666,34,0.371337,0.009998,0.009998,0.105056,0.503612,0.05,0.95,0.121351,0.121919
8667,24,0.37118,0.010002,0.010002,0.105081,0.503734,0.05,0.95,0.124687,0.126133
8668,24,0.3712,0.01,0.01,0.105079,0.503722,0.05,0.95,0.124183,0.127205
8669,24,0.371459,0.009991,0.010284,0.104987,0.50328,0.050677,0.949323,0.11346,0.109862
8670,24,0.371269,0.010007,0.010007,0.105064,0.503652,0.050365,0.949635,0.128261,0.129673
8671,26,0.37114,0.010002,0.010002,0.105088,0.503767,0.050282,0.949718,0.122555,0.122816
8672,24,0.37085,0.010005,0.010005,0.105138,0.504003,0.050104,0.949896,0.128158,0.128878
8673,30,0.37094,0.009999,0.009999,0.105124,0.503938,0.050674,0.949326,0.108993,0.105934
8674,30,0.370584,0.01,0.01,0.105128,0.504287,0.050924,0.949076,0.120037,0.118566
8675,26,0.370794,0.009997,0.009997,0.105093,0.50412,0.050559,0.949441,0.117474,0.119145
8676,24,0.370499,0.010005,0.010005,0.105141,0.50435,0.050214,0.949786,0.134348,0.135905
8677,36,0.370357,0.010388,0.009996,0.105101,0.504157,0.050092,0.949908,0.12467,0.125105
8678,30,0.370475,0.010004,0.010004,0.105146,0.504371,0.050058,0.949942,0.1198,0.119761
8679,30,0.370057,0.010504,0.009999,0.105132,0.504308,0.05,0.95,0.129678,0.131354
8680,30,0.370171,0.010199,0.010003,0.105165,0.504463,0.05,0.95,0.119596,0.120192
8681,24,0.369874,0.010005,0.010005,0.105212,0.504904,0.05,0.95,0.124113,0.127412
8682,32,0.370348,0.009993,0.009993,0.105135,0.504532,0.050108,0.949892,0.091514,0.090771
8683,30,0.37014,0.00999,0.010829,0.105027,0.504014,0.051038,0.948962,0.116499,0.111616
8684,30,0.37022,0.010007,0.010007,0.105095,0.504671,0.051558,0.948442,0.112222,0.109358
8685,24,0.370361,0.009998,0.009998,0.105074,0.504569,0.052268,0.947732,0.117873,0.113974
8686,24,0.370004,0.010006,0.010006,0.105133,0.504852,0.051544,0.948456,0.13591,0.139513
8687,30,0.369646,0.009996,0.010638,0.105087,0.504633,0.051527,0.948473,0.136702,0.136615
8688,24,0.370758,0.009992,0.009992,0.105007,0.50425,0.05089,0.94911,0.097153,0.100174
8689,26,0.370679,0.010001,0.010001,0.105018,0.504301,0.050274,0.949726,0.123607,0.126539
8690,26,0.370261,0.010007,0.010007,0.105088,0.504637,0.05011,0.94989,0.134329,0.134979
8691,24,0.369974,0.010005,0.010005,0.105138,0.504878,0.05,0.95,0.134438,0.13726
8692,26,0.369969,0.01,0.01,0.105141,0.50489,0.05,0.95,0.119111,0.119216
8693,24,0.369619,0.01016,0.010003,0.105173,0.505045,0.05,0.95,0.134324,0.135874
8694,24,0.369603,0.010003,0.010003,0.105203,0.505189,0.05,0.95,0.12507,0.127735
8695,30,0.369371,0.010004,0.010004,0.105242,0.505379,0.050436,0.949564,0.12987,0.127496
8696,38,0.36918,0.009999,0.009999,0.10523,0.505593,0.05055,0.94945,0.126787,0.126019
8697,36,0.36947,0.009995,0.010031,0.105175,0.505329,0.050529,0.949471,0.114516,0.114409
8698,36,0.369169,0.010241,0.010327,0.105133,0.505129,0.050663,0.949337,0.123373,0.122528
8699,26,0.369202,0.010007,0.010121,0.105203,0.505467,0.050352,0.949648,0.124327,0.125734
8700,32,0.369458,0.009994,0.010068,0.105142,0.505337,0.05028,0.94972,0.118709,0.118828
8701,32,0.369892,0.009992,0.009992,0.105053,0.505072,0.051007,0.948993,0.099189,0.095348
8702,30,0.370077,0.010003,0.010212,0.104981,0.504727,0.051235,0.948765,0.125617,0.124253
8703,26,0.370022,0.010004,0.010004,0.105026,0.504943,0.050745,0.949255,0.128142,0.130481
8704,32,0.369826,0.010405,0.009997,0.104992,0.504779,0.051114,0.948886,0.121596,0.11955
8705,24,0.369683,0.010009,0.010009,0.105083,0.505217,0.050429,0.949571,0.128271,0.131587
8706,26,0.369689,0.01,0.01,0.105085,0.505225,0.050007,0.949993,0.126205,0.128175
8707,24,0.36919,0.010532,0.010027,0.105075,0.505176,0.05,0.95,0.134262,0.1357
8708,24,0.368613,0.011326,0.009997,0.105043,0.505021,0.05,0.95,0.13424,0.138041
8709,30,0.369466,0.010002,0.010002,0.105066,0.505464,0.050285,0.949715,0.096044,0.094433
8710,30,0.369468,0.01,0.01,0.105067,0.505466,0.050498,0.949502,0.129439,0.12815
8711,26,0.369678,0.009997,0.009997,0.105032,0.505297,0.050011,0.949989,0.117387,0.119642
8712,24,0.369908,0.009996,0.009996,0.104992,0.505107,0.051175,0.948825,0.109038,0.102965
8713,30,0.369775,0.010001,0.010078,0.105,0.505145,0.05143,0.94857,0.131862,0.130374
8714,26,0.369912,0.009999,0.009999,0.10499,0.505099,0.051488,0.948512,0.114607,0.114135
8715,26,0.369256,0.010577,0.010806,0.104865,0.504495,0.051583,0.948417,0.128002,0.127339
8716,30,0.369432,0.010014,0.010014,0.105011,0.505529,0.051341,0.948659,0.119973,0.120989
8717,32,0.369734,0.009996,0.009996,0.104966,0.505309,0.052069,0.947931,0.096493,0.092551
8718,24,0.369218,0.010001,0.010001,0.104979,0.505801,0.051365,0.948635,0.121558,0.125016
8719,26,0.369194,0.009997,0.009997,0.104951,0.505861,0.05082,0.94918,0.111149,0.113737
8720,36,0.369216,0.009997,0.009997,0.104922,0.505868,0.051784,0.948216,0.110293,0.105203
8721,24,0.369135,0.009998,0.009998,0.104899,0.50597,0.052617,0.947383,0.117623,0.113037
8722,30,0.36932,0.009997,0.009997,0.104867,0.505819,0.05331,0.94669,0.116168,0.112312
8723,24,0.369389,0.009995,0.009995,0.10482,0.505801,0.052914,0.947086,0.110687,0.112573
8724,24,0.369244,0.009999,0.009999,0.104807,0.505952,0.052471,0.947529,0.121105,0.123233
8725,32,0.369184,0.009998,0.009998,0.104787,0.506033,0.052592,0.947408,0.109289,0.108465
8726,26,0.369048,0.010002,0.010002,0.104809,0.506139,0.052066,0.947934,0.124379,0.126968
8727,30,0.369049,0.01,0.01,0.104809,0.506141,0.051935,0.948065,0.126293,0.126772
8728,24,0.369199,0.009998,0.009998,0.104785,0.506021,0.051485,0.948515,0.114632,0.116731
8729,32,0.369213,0.009997,0.009997,0.104752,0.506041,0.051794,0.948206,0.110702,0.108922
8730,32,0.369103,0.009999,0.010163,0.104742,0.505993,0.052082,0.947918,0.126295,0.124626
8731,24,0.369163,0.010002,0.010002,0.104759,0.506075,0.052075,0.947925,0.121706,0.121504
8732,30,0.369351,0.009997,0.009997,0.104729,0.505927,0.052769,0.947231,0.116164,0.112342
8733,30,0.370281,0.009985,0.009985,0.104573,0.505176,0.052928,0.947072,0.085407,0.084294
8734,36,0.370419,0.009993,0.009993,0.1045,0.505095,0.053081,0.946919,0.109153,0.108132
8735,24,0.370414,0.01,0.01,0.104498,0.505088,0.053045,0.946955,0.121704,0.121682
8736,24,0.370414,0.01,0.01,0.104498,0.505088,0.054057,0.945943,0.115411,0.109827
8737,32,0.370844,0.009993,0.009993,0.104427,0.504742,0.054428,0.945572,0.102689,0.100443
8738,26,0.370573,0.010001,0.010001,0.104437,0.504988,0.053957,0.946043,0.125737,0.128114
8739,26,0.370429,0.009999,0.009999,0.104429,0.505144,0.054091,0.945909,0.116955,0.116052
8740,32,0.370411,0.009992,0.010202,0.104345,0.50505,0.054976,0.945024,0.108138,0.103153
8741,36,0.370166,0.009998,0.009998,0.104329,0.505508,0.055005,0.944995,0.116415,0.116031
8742,30,0.370351,0.009997,0.009997,0.104298,0.505357,0.054968,0.945032,0.109441,0.109402
8743,30,0.370178,0.01,0.01,0.104295,0.505528,0.054785,0.945215,0.118522,0.119254
8744,26,0.369973,0.01019,0.01,0.104297,0.50554,0.054242,0.945758,0.124276,0.127026
8745,24,0.369596,0.010208,0.010002,0.104322,0.505872,0.053476,0.946524,0.130257,0.134192
8746,32,0.369946,0.009998,0.009998,0.104298,0.50576,0.053481,0.946519,0.107409,0.107144
8747,26,0.369809,0.010002,0.010002,0.10432,0.505866,0.053365,0.946635,0.128205,0.128643
8748,24,0.369417,0.010062,0.010002,0.10434,0.506178,0.052664,0.947336,0.130258,0.133795
8749,26,0.369441,0.010001,0.010001,0.104347,0.50621,0.05292,0.94708,0.116598,0.115074
8750,26,0.369307,0.010002,0.010002,0.10437,0.506319,0.052778,0.947222,0.12247,0.123044
8751,26,0.369735,0.009993,0.010014,0.104296,0.505962,0.052971,0.947029,0.110759,0.109539
8752,24,0.370405,0.009989,0.009989,0.104186,0.505429,0.05398,0.94602,0.097928,0.092313
8753,24,0.369679,0.011128,0.01001,0.104112,0.505071,0.053168,0.946832,0.134219,0.138377
8754,26,0.369476,0.010371,0.010012,0.104242,0.505898,0.052767,0.947233,0.130649,0.132589
8755,24,0.369539,0.010002,0.010002,0.10426,0.506198,0.05295,0.94705,0.117628,0.116445
8756,26,0.369048,0.010005,0.010005,0.104309,0.506633,0.052307,0.947693,0.124897,0.128091
8757,30,0.369145,0.009999,0.009999,0.104295,0.506563,0.052349,0.947651,0.123375,0.122911
8758,30,0.369331,0.009997,0.009997,0.104263,0.506412,0.05242,0.94758,0.116056,0.115469
8759,26,0.369781,0.009993,0.009993,0.104188,0.506045,0.052677,0.947323,0.103956,0.102403
8760,32,0.370149,0.009994,0.010016,0.104121,0.505721,0.052998,0.947002,0.107795,0.105869
8761,24,0.370301,0.009998,0.009998,0.104098,0.505606,0.052681,0.947319,0.11477,0.11622
8762,24,0.370008,0.010005,0.010005,0.104145,0.505838,0.052219,0.947781,0.128184,0.130416
8763,24,0.369397,0.010867,0.009996,0.104104,0.505636,0.051217,0.948783,0.134271,0.139282
8764,36,0.368565,0.011428,0.011384,0.103913,0.50471,0.051693,0.948307,0.13016,0.127549
8765,36,0.369355,0.01002,0.010529,0.10412,0.505977,0.052216,0.947784,0.106693,0.103784
8766,24,0.369265,0.01001,0.01001,0.104225,0.506489,0.051531,0.948469,0.128263,0.131652
8767,26,0.369138,0.010002,0.010002,0.104249,0.506608,0.051178,0.948822,0.122476,0.124118
8768,24,0.369373,0.009996,0.009996,0.104211,0.506423,0.052005,0.947995,0.117274,0.112774
8769,26,0.369104,0.010001,0.010001,0.104222,0.506672,0.051679,0.948321,0.125724,0.127249
8770,36,0.368953,0.01,0.01,0.104223,0.506823,0.051811,0.948189,0.128411,0.127534
8771,26,0.368389,0.010003,0.010003,0.104251,0.507354,0.051239,0.948761,0.121191,0.123961
8772,32,0.368246,0.010002,0.010002,0.104276,0.507474,0.051213,0.948787,0.129666,0.129616
8773,24,0.367955,0.010005,0.010005,0.104325,0.507711,0.050625,0.949375,0.134414,0.137258
8774,24,0.367647,0.010054,0.010004,0.104369,0.507926,0.05,0.95,0.134318,0.137922
8775,36,0.367498,0.01,0.010198,0.10437,0.507933,0.050531,0.949469,0.126227,0.123385
8776,30,0.367734,0.009996,0.009996,0.104333,0.50794,0.050959,0.949041,0.112446,0.110069
8777,32,0.367981,0.009996,0.009996,0.104291,0.507736,0.051336,0.948664,0.110318,0.108159
8778,30,0.368165,0.009997,0.009997,0.10426,0.507581,0.051347,0.948653,0.116207,0.115969
8779,30,0.368069,0.009998,0.009998,0.104244,0.507691,0.051576,0.948424,0.109628,0.108238
8780,32,0.368607,0.009991,0.01004,0.104146,0.507216,0.051848,0.948152,0.099908,0.098322
8781,32,0.368571,0.010001,0.010001,0.104157,0.50727,0.052689,0.947311,0.11717,0.112588
8782,32,0.368661,0.009994,0.009994,0.104092,0.507259,0.053106,0.946894,0.097613,0.095221
8783,24,0.36889,0.009996,0.009996,0.104052,0.507066,0.053258,0.946742,0.117275,0.116257
8784,24,0.36912,0.009996,0.009996,0.104013,0.506874,0.054436,0.945564,0.111108,0.104545
8785,24,0.368825,0.010005,0.010005,0.10406,0.507106,0.053771,0.946229,0.1282,0.131604
8786,30,0.368595,0.009998,0.010357,0.104041,0.507009,0.054008,0.945992,0.131707,0.130196
8787,24,0.368959,0.01,0.01,0.104039,0.507002,0.053976,0.946024,0.117332,0.117303
8788,30,0.368959,0.01,0.01,0.104039,0.507002,0.054263,0.945737,0.129557,0.127762
8789,36,0.368861,0.010002,0.010002,0.104055,0.50708,0.054314,0.945686,0.126284,0.125817
8790,30,0.368794,0.009998,0.009998,0.104036,0.507174,0.055361,0.944639,0.116157,0.110223
8791,32,0.36877,0.009993,0.009993,0.103962,0.507283,0.055732,0.944268,0.106008,0.103723
8792,30,0.368467,0.010002,0.010002,0.103981,0.507548,0.055789,0.944211,0.119885,0.119351
8793,36,0.368115,0.009995,0.010691,0.103925,0.507275,0.05609,0.94391,0.130302,0.128425
8794,26,0.368056,0.010004,0.010482,0.103969,0.507489,0.055618,0.944382,0.128125,0.130564
8795,30,0.368422,0.010002,0.010002,0.103989,0.507586,0.055535,0.944465,0.116223,0.116474
8796,24,0.369171,0.009988,0.009988,0.103866,0.506987,0.054974,0.945026,0.098404,0.101216
8797,24,0.369162,0.01,0.01,0.103863,0.506975,0.054242,0.945758,0.121739,0.125533
8798,24,0.368791,0.010002,0.010002,0.103889,0.507315,0.053628,0.946372,0.124094,0.127203
8799,24,0.36836,0.01038,0.010001,0.103899,0.50736,0.052901,0.947099,0.126011,0.129684
8800,24,0.368422,0.010002,0.010002,0.103916,0.507659,0.052131,0.947869,0.125932,0.129803
8801,32,0.368286,0.009997,0.009997,0.103888,0.507831,0.052231,0.947769,0.116162,0.115396
8802,24,0.367991,0.010005,0.010005,0.103936,0.508064,0.051626,0.948374,0.128272,0.131249
8803,30,0.368074,0.009994,0.0101,0.103876,0.507956,0.051848,0.948152,0.122457,0.121118
8804,24,0.367737,0.010003,0.010003,0.103912,0.508345,0.051322,0.948678,0.124085,0.126619
8805,32,0.36779,0.009994,0.009994,0.103848,0.508374,0.051712,0.948288,0.111858,0.109668
8806,36,0.368385,0.009985,0.010321,0.103693,0.507616,0.051836,0.948164,0.098812,0.097974
8807,36,0.368586,0.009997,0.009997,0.103666,0.507754,0.051604,0.948396,0.105266,0.106266
8808,24,0.368281,0.010001,0.010001,0.10368,0.508037,0.051224,0.948776,0.122214,0.123973
8809,30,0.368469,0.009997,0.009997,0.103649,0.507888,0.05208,0.94792,0.116061,0.111484
8810,30,0.368264,0.009998,0.009998,0.103628,0.508112,0.052124,0.947876,0.112158,0.111684
8811,32,0.368438,0.009997,0.009997,0.103599,0.507969,0.052429,0.947571,0.117388,0.115621
8812,30,0.368188,0.009999,0.009999,0.103585,0.50823,0.052952,0.947048,0.112237,0.109285
8813,32,0.367739,0.010455,0.009997,0.103556,0.508253,0.052679,0.947321,0.137098,0.138337
8814,32,0.367796,0.010002,0.010002,0.103573,0.508628,0.053078,0.946922,0.114001,0.111698
8815,32,0.367925,0.009998,0.009998,0.103552,0.508527,0.053693,0.946307,0.115036,0.111566
8816,24,0.368061,0.009998,0.009998,0.103529,0.508415,0.053239,0.946761,0.12004,0.122245
8817,32,0.368303,0.009996,0.009996,0.103489,0.508216,0.053168,0.946832,0.117747,0.117905
8818,30,0.368642,0.009992,0.009992,0.103404,0.50797,0.05395,0.94605,0.098491,0.0941
8819,26,0.368356,0.010235,0.010001,0.10341,0.507998,0.053612,0.946388,0.129415,0.131058
8820,24,0.369424,0.009987,0.009987,0.103273,0.507329,0.05353,0.94647,0.093987,0.09416
8821,36,0.368949,0.010655,0.010324,0.103184,0.506889,0.053708,0.946292,0.13024,0.129066
8822,24,0.368904,0.010319,0.010011,0.103301,0.507465,0.053224,0.946776,0.126094,0.12849
8823,24,0.3691,0.010002,0.010002,0.103323,0.507573,0.053443,0.946557,0.119535,0.118157
8824,26,0.368908,0.010003,0.010003,0.103355,0.507731,0.05292,0.94708,0.125704,0.128322
8825,30,0.368809,0.010002,0.010002,0.103372,0.507815,0.053107,0.946893,0.131912,0.130703
8826,30,0.368928,0.009995,0.009995,0.103323,0.507759,0.053207,0.946793,0.112658,0.111952
8827,26,0.368789,0.010002,0.010002,0.103344,0.507863,0.052872,0.947128,0.122375,0.12396
8828,24,0.368809,0.01,0.01,0.103341,0.50785,0.051849,0.948151,0.124203,0.129351
8829,24,0.368746,0.010001,0.010001,0.103352,0.507901,0.051443,0.948557,0.1232,0.125122
8830,24,0.368605,0.009999,0.009999,0.10334,0.508057,0.051003,0.948997,0.121151,0.12321
8831,32,0.368259,0.01,0.01,0.103341,0.5084,0.051366,0.948634,0.118425,0.116403
8832,24,0.368183,0.010001,0.010001,0.103353,0.508461,0.050425,0.949575,0.125161,0.129755
8833,24,0.368057,0.010002,0.010002,0.103374,0.508564,0.05,0.95,0.12468,0.127102
8834,26,0.369117,0.009983,0.009983,0.103202,0.507715,0.050195,0.949805,0.091502,0.090315
8835,26,0.36897,0.010002,0.010002,0.10322,0.507806,0.050151,0.949849,0.128148,0.128206
8836,26,0.368764,0.01,0.01,0.103222,0.508014,0.05,0.95,0.124466,0.12643
8837,32,0.368764,0.01,0.01,0.103222,0.508014,0.050361,0.949639,0.12068,0.118703
8838,24,0.368914,0.009998,0.009998,0.103198,0.507893,0.05,0.95,0.114747,0.117388
8839,24,0.369349,0.009993,0.009993,0.103126,0.507539,0.050744,0.949256,0.10857,0.104596
8840,24,0.369654,0.009995,0.009995,0.103074,0.507283,0.05,0.95,0.119766,0.123368
8841,32,0.369701,0.009999,0.009999,0.103064,0.507236,0.050959,0.949041,0.109915,0.104944
8842,24,0.369408,0.010005,0.010005,0.103112,0.507471,0.050458,0.949542,0.128182,0.130555
8843,32,0.369447,0.009995,0.009995,0.103057,0.507507,0.050264,0.949736,0.100172,0.100979
8844,30,0.369209,0.010004,0.010004,0.103094,0.50769,0.050404,0.949596,0.123251,0.122381
8845,24,0.369133,0.009998,0.009998,0.103073,0.507798,0.05,0.95,0.125807,0.129525
8846,26,0.369342,0.009997,0.009997,0.103038,0.507627,0.05,0.95,0.117374,0.119469
8847,36,0.369242,0.009995,0.009995,0.102985,0.507784,0.050473,0.949527,0.103613,0.101066
8848,26,0.369603,0.009994,0.009994,0.102924,0.507485,0.050779,0.949221,0.104797,0.103078
8849,26,0.370064,0.009993,0.009993,0.102847,0.507104,0.050624,0.949376,0.106664,0.107268
8850,26,0.369968,0.009992,0.010569,0.102766,0.506706,0.050731,0.949269,0.118211,0.117477
8851,36,0.36996,0.010002,0.010002,0.10279,0.507245,0.05091,0.94909,0.111878,0.110773
8852,32,0.369877,0.009996,0.009996,0.102754,0.507375,0.051397,0.948603,0.103292,0.10063
8853,30,0.369572,0.010002,0.010002,0.102772,0.507652,0.051724,0.948276,0.126225,0.124365
8854,32,0.369436,0.009997,0.009997,0.102745,0.507825,0.051854,0.948146,0.116107,0.115245
8855,24,0.369618,0.009997,0.009997,0.102714,0.507673,0.051829,0.948171,0.114392,0.114268
8856,32,0.369743,0.009998,0.009998,0.102693,0.507568,0.051728,0.948272,0.11839,0.118726
8857,32,0.369416,0.010001,0.010113,0.102699,0.507772,0.051324,0.948676,0.136142,0.138055
8858,24,0.369429,0.01,0.010078,0.102702,0.50779,0.052141,0.947859,0.121614,0.117166
8859,32,0.369194,0.010123,0.010003,0.102734,0.507945,0.052026,0.947974,0.125437,0.12584
8860,24,0.369396,0.009995,0.009995,0.102687,0.507927,0.052058,0.947942,0.11332,0.112967
8861,30,0.369099,0.010786,0.009992,0.102604,0.507519,0.051563,0.948437,0.126082,0.128429
8862,24,0.368604,0.011307,0.010019,0.102596,0.507475,0.051042,0.948958,0.125971,0.128452
8863,24,0.368628,0.010267,0.010013,0.102731,0.508361,0.050688,0.949312,0.124171,0.125795
8864,26,0.368596,0.010005,0.010005,0.102782,0.508612,0.050346,0.949654,0.12432,0.125891
8865,30,0.368365,0.010004,0.010004,0.102821,0.508806,0.05,0.95,0.129786,0.131843
8866,26,0.368579,0.009997,0.009997,0.102788,0.50864,0.05,0.95,0.117409,0.117296
8867,24,0.368761,0.009997,0.009997,0.102757,0.508488,0.05,0.95,0.114358,0.117087
8868,24,0.368758,0.01,0.01,0.102757,0.508485,0.05,0.95,0.12166,0.124781
8869,24,0.368834,0.009992,0.009992,0.102675,0.508507,0.05008,0.94992,0.109228,0.108645
8870,24,0.369313,0.009992,0.009992,0.102594,0.508108,0.05,0.95,0.107535,0.108955
8871,26,0.369415,0.009998,0.009998,0.102575,0.508014,0.050063,0.949937,0.114507,0.114025
8872,32,0.369204,0.010001,0.010001,0.10258,0.508215,0.050345,0.949655,0.117079,0.11549
8873,30,0.369297,0.009999,0.009999,0.102565,0.508141,0.050774,0.949226,0.106977,0.104599
8874,30,0.369587,0.009995,0.009995,0.102518,0.507905,0.051242,0.948758,0.116009,0.113357
8875,32,0.36935,0.010001,0.010001,0.102526,0.508122,0.051247,0.948753,0.126433,0.126226
8876,30,0.369484,0.009998,0.009998,0.102505,0.508016,0.051077,0.948923,0.107851,0.108428
8877,30,0.369497,0.009995,0.009995,0.102449,0.508065,0.05122,0.94878,0.106434,0.105506
8878,30,0.369525,0.009999,0.01002,0.102439,0.508017,0.051428,0.948572,0.120035,0.118756
8879,30,0.369827,0.009996,0.009996,0.102393,0.507789,0.051709,0.948291,0.113215,0.111544
8880,24,0.369469,0.010006,0.010006,0.10245,0.508071,0.051512,0.948488,0.127648,0.128495
8881,24,0.369491,0.01,0.01,0.102448,0.508061,0.050806,0.949194,0.124198,0.127604
8882,24,0.368983,0.011193,0.009989,0.102335,0.5075,0.050354,0.949646,0.131227,0.133328
8883,30,0.369789,0.010006,0.010006,0.102396,0.507803,0.0501,0.9499,0.094556,0.095562
8884,24,0.369422,0.010003,0.010003,0.102423,0.50815,0.05,0.95,0.122111,0.124664
8885,26,0.369789,0.009994,0.009994,0.102364,0.507858,0.050077,0.949923,0.104704,0.104131
8886,30,0.369488,0.010002,0.010002,0.102383,0.508125,0.05,0.95,0.126472,0.127313
8887,38,0.368957,0.010003,0.010003,0.102411,0.508626,0.050075,0.949925,0.116197,0.115639
8888,32,0.36863,0.01,0.01,0.102415,0.508954,0.050176,0.949824,0.10678,0.106063
8889,24,0.368259,0.010003,0.010003,0.102441,0.509296,0.05,0.95,0.130238,0.133864
8890,24,0.367889,0.010003,0.010003,0.102467,0.509639,0.05,0.95,0.122117,0.124754
8891,24,0.367891,0.01,0.01,0.102467,0.509642,0.05,0.95,0.129934,0.130031
8892,24,0.36791,0.01,0.01,0.102464,0.509627,0.05,0.95,0.115941,0.117535
8893,24,0.367616,0.010005,0.010005,0.102512,0.509863,0.05,0.95,0.12617,0.128027
8894,24,0.36762,0.01,0.01,0.102513,0.509867,0.051154,0.948846,0.11334,0.107331
8895,26,0.367485,0.010002,0.010002,0.102535,0.509977,0.050743,0.949257,0.128246,0.130192
8896,30,0.3673,0.009987,0.011002,0.102401,0.509311,0.05171,0.94829,0.115972,0.110872
8897,30,0.367679,0.010002,0.010469,0.102424,0.509426,0.05188,0.94812,0.116158,0.115103
8898,32,0.367664,0.01,0.010349,0.10242,0.509568,0.051968,0.948032,0.133871,0.13324
8899,24,0.367275,0.010158,0.010454,0.10244,0.509672,0.052025,0.947975,0.128033,0.127538
8900,32,0.367087,0.01052,0.010014,0.102485,0.509893,0.051831,0.948169,0.130056,0.13088
8901,30,0.367081,0.010003,0.010003,0.102519,0.510393,0.052033,0.947967,0.112112,0.110844
8902,24,0.367005,0.009998,0.009998,0.102498,0.5105,0.052865,0.947135,0.117613,0.113017
8903,32,0.367034,0.009999,0.009999,0.102493,0.510474,0.052953,0.947047,0.117104,0.116428
8904,32,0.366997,0.009998,0.009998,0.10247,0.510537,0.053468,0.946532,0.1068,0.103875
8905,36,0.367515,0.009988,0.010224,0.102347,0.509925,0.053483,0.946517,0.100423,0.100097
8906,24,0.367144,0.010002,0.010002,0.102373,0.510479,0.053061,0.946939,0.126236,0.128275
8907,24,0.367379,0.009996,0.009996,0.102336,0.510292,0.053985,0.946015,0.111028,0.105915
8908,30,0.367486,0.009998,0.009998,0.102317,0.5102,0.054321,0.945679,0.116763,0.114728
8909,30,0.367436,0.010442,0.009994,0.102252,0.509876,0.054023,0.945977,0.129129,0.130513
8910,38,0.367495,0.010002,0.010002,0.102268,0.510233,0.054669,0.945331,0.111114,0.107402
8911,32,0.36735,0.010002,0.010002,0.102292,0.510353,0.054762,0.945238,0.114198,0.113459
8912,24,0.367059,0.010005,0.010005,0.10234,0.510592,0.054131,0.945869,0.128199,0.13144
8913,24,0.367781,0.009989,0.009989,0.102225,0.510017,0.053706,0.946294,0.097931,0.099959
8914,32,0.368664,0.009986,0.009986,0.102079,0.509286,0.054317,0.945683,0.084928,0.081429
8915,32,0.368778,0.009996,0.010132,0.102034,0.509061,0.054542,0.945458,0.121891,0.120479
8916,24,0.368532,0.010006,0.010006,0.102094,0.509362,0.053676,0.946324,0.134357,0.138859
8917,30,0.368896,0.009994,0.009994,0.102037,0.509079,0.054207,0.945793,0.100576,0.097464
8918,24,0.368891,0.01,0.01,0.102036,0.509073,0.055112,0.944888,0.121698,0.116491
8919,32,0.368827,0.009998,0.009998,0.102018,0.509159,0.055342,0.944658,0.106588,0.105097
8920,26,0.368533,0.010005,0.010005,0.102065,0.509393,0.054965,0.945035,0.130968,0.132833
8921,24,0.368165,0.010003,0.010003,0.102091,0.509738,0.054541,0.945459,0.124092,0.126205
8922,30,0.368354,0.009997,0.009997,0.102062,0.50959,0.054505,0.945495,0.109601,0.109588
8923,24,0.368795,0.009993,0.009993,0.101989,0.50923,0.053833,0.946167,0.110223,0.113614
8924,30,0.368844,0.009993,0.009993,0.101921,0.509248,0.054624,0.945376,0.109374,0.104898
8925,30,0.368738,0.010001,0.010001,0.101936,0.509322,0.054728,0.945272,0.11536,0.114538
8926,24,0.368102,0.010901,0.010025,0.101889,0.509084,0.053923,0.946077,0.134223,0.138409
8927,26,0.368435,0.010009,0.010009,0.101984,0.509562,0.053305,0.946695,0.124879,0.128028
8928,30,0.368341,0.009997,0.009997,0.10195,0.509717,0.05324,0.94676,0.116347,0.116437
8929,36,0.368319,0.009996,0.009996,0.101909,0.509779,0.053733,0.946267,0.106401,0.10355
8930,30,0.367753,0.010955,0.010831,0.101705,0.508756,0.05365,0.94635,0.132966,0.133183
8931,32,0.368911,0.01001,0.01001,0.101806,0.509263,0.054256,0.945744,0.094659,0.091171
8932,24,0.368919,0.01,0.01,0.101808,0.509273,0.05516,0.94484,0.121667,0.116453
8933,32,0.368475,0.010492,0.010112,0.101782,0.50914,0.054829,0.945171,0.139416,0.141054
8934,24,0.368697,0.010006,0.010006,0.101843,0.509448,0.055657,0.944343,0.121668,0.116862
8935,26,0.368912,0.009997,0.009997,0.10181,0.509284,0.055009,0.944991,0.117387,0.120757
8936,26,0.368702,0.01,0.01,0.101811,0.509486,0.054639,0.945361,0.12058,0.122411
8937,32,0.368591,0.009999,0.009999,0.101801,0.50961,0.055239,0.944761,0.108243,0.104756
8938,24,0.36859,0.01,0.01,0.101801,0.509609,0.055263,0.944737,0.121721,0.121358
8939,32,0.368541,0.010001,0.010004,0.101808,0.509646,0.055591,0.944409,0.12628,0.124249
8940,24,0.36825,0.010005,0.010005,0.101856,0.509884,0.055081,0.944919,0.128222,0.130823
8941,30,0.368058,0.01,0.01,0.101858,0.510083,0.055279,0.944721,0.111985,0.110651
8942,24,0.368516,0.009993,0.009993,0.101785,0.509714,0.054401,0.945599,0.11111,0.115693
8943,30,0.36834,0.01,0.01,0.10178,0.50988,0.054568,0.945432,0.118506,0.117357
8944,26,0.368721,0.009991,0.009991,0.101687,0.50961,0.05459,0.94541,0.100198,0.099817
8945,24,0.368638,0.010001,0.010001,0.101698,0.509662,0.05392,0.94608,0.12515,0.128558
8946,24,0.368872,0.009996,0.009996,0.10166,0.509475,0.05385,0.94615,0.117306,0.117482
8947,24,0.368471,0.01107,0.009989,0.10155,0.508921,0.05283,0.94717,0.129806,0.135052
8948,32,0.36869,0.010344,0.010008,0.101631,0.509328,0.053044,0.946956,0.117089,0.115743
8949,24,0.369194,0.009998,0.009998,0.101606,0.509205,0.052261,0.947739,0.118328,0.122236
8950,32,0.369047,0.010002,0.010002,0.101629,0.50932,0.052809,0.947191,0.11571,0.112645
8951,24,0.368746,0.010029,0.010004,0.101674,0.509545,0.052336,0.947664,0.128071,0.130361
8952,26,0.368267,0.010005,0.010005,0.101725,0.509998,0.051695,0.948305,0.130628,0.133799
8953,26,0.368136,0.010002,0.010002,0.101748,0.510112,0.051639,0.948361,0.128142,0.128256
8954,24,0.367838,0.010022,0.010005,0.101794,0.510342,0.051056,0.948944,0.12808,0.130868
8955,26,0.367353,0.010209,0.010005,0.101843,0.51059,0.050463,0.949537,0.128545,0.131383
8956,26,0.367345,0.010041,0.010003,0.101873,0.510738,0.05,0.95,0.123539,0.126811
8957,24,0.367068,0.010005,0.010005,0.101925,0.510998,0.05,0.95,0.134429,0.138472
8958,30,0.367088,0.009995,0.009995,0.10187,0.511053,0.050173,0.949827,0.106421,0.105351
8959,24,0.366712,0.010002,0.010002,0.101895,0.511388,0.05,0.95,0.122084,0.124501
8960,24,0.366584,0.009996,0.010404,0.10185,0.511166,0.05,0.95,0.124123,0.125293
8961,32,0.366557,0.009999,0.009999,0.101843,0.511601,0.050035,0.949965,0.124645,0.124281
8962,24,0.366791,0.009996,0.009996,0.101805,0.511411,0.050195,0.949805,0.117316,0.11634
8963,24,0.366974,0.009997,0.009997,0.101775,0.511258,0.050454,0.949546,0.114353,0.112804
8964,24,0.366678,0.010005,0.010005,0.101821,0.511491,0.05,0.95,0.126192,0.129169
8965,30,0.367204,0.009992,0.009992,0.101738,0.511074,0.050297,0.949703,0.112096,0.110378
8966,32,0.366869,0.01,0.01,0.101742,0.511388,0.050116,0.949884,0.117354,0.118103
8967,26,0.366811,0.010001,0.010001,0.101751,0.511436,0.05,0.95,0.12743,0.1301
8968,30,0.367244,0.009993,0.009993,0.101682,0.511088,0.050303,0.949697,0.102541,0.100784
8969,24,0.36663,0.010857,0.009996,0.10164,0.510877,0.05,0.95,0.134223,0.136478
8970,26,0.366735,0.010009,0.010009,0.101729,0.511519,0.05,0.95,0.118772,0.119053
8971,32,0.366628,0.009997,0.009997,0.101699,0.511678,0.050358,0.949642,0.116086,0.114102
8972,30,0.366686,0.009997,0.010094,0.101673,0.511549,0.050423,0.949577,0.123384,0.122843
8973,26,0.366512,0.010001,0.010001,0.101685,0.511802,0.050063,0.949937,0.118765,0.120419
8974,24,0.366219,0.010005,0.010005,0.101732,0.51204,0.05,0.95,0.13432,0.136172
8975,30,0.366341,0.009995,0.009995,0.101684,0.511984,0.050185,0.949815,0.112622,0.111487
8976,30,0.366338,0.01,0.01,0.101683,0.51198,0.050031,0.949969,0.119604,0.120167
8977,30,0.366108,0.009994,0.010621,0.101619,0.511658,0.050269,0.949731,0.129381,0.127975
8978,36,0.366086,0.009999,0.010528,0.101613,0.511773,0.050556,0.949444,0.126804,0.125168
8979,24,0.366417,0.010003,0.010003,0.101645,0.511933,0.051628,0.948372,0.109706,0.104052
8980,36,0.366147,0.009998,0.009998,0.101622,0.512236,0.051705,0.948295,0.113375,0.11276
8981,32,0.365949,0.009996,0.009996,0.101577,0.512483,0.052133,0.947867,0.109259,0.106833
8982,26,0.365525,0.010007,0.010007,0.101644,0.512818,0.051644,0.948356,0.124719,0.127069
8983,32,0.366005,0.009993,0.009993,0.101569,0.512441,0.052065,0.947935,0.102355,0.099959
8984,24,0.365628,0.010002,0.010002,0.101593,0.512774,0.051625,0.948375,0.130307,0.132401
8985,30,0.365395,0.010004,0.010004,0.101631,0.512967,0.051746,0.948254,0.129861,0.129056
8986,24,0.365095,0.010001,0.010001,0.101646,0.513257,0.051631,0.948369,0.122286,0.122698
8987,32,0.364984,0.009999,0.009999,0.101636,0.513382,0.051765,0.948235,0.123084,0.122199
8988,26,0.364776,0.01,0.01,0.101638,0.513586,0.05136,0.94864,0.124441,0.126372
8989,24,0.364776,0.01,0.01,0.101638,0.513587,0.052626,0.947374,0.115534,0.108764
8990,26,0.364568,0.01,0.01,0.101639,0.513792,0.052288,0.947712,0.11868,0.120269
8991,24,0.36474,0.009997,0.009997,0.101612,0.513653,0.0525,0.9475,0.118799,0.1175
8992,30,0.364708,0.01,0.01,0.101616,0.513675,0.052439,0.947561,0.126479,0.126522
8993,36,0.36474,0.009997,0.010125,0.101591,0.513547,0.053089,0.946911,0.112219,0.108626
8994,30,0.364871,0.01,0.01,0.101589,0.51354,0.053242,0.946758,0.118361,0.117328
8995,26,0.364871,0.01,0.01,0.101589,0.51354,0.052881,0.947119,0.120505,0.122244
8996,30,0.364803,0.009998,0.009998,0.10157,0.513631,0.05319,0.94681,0.12274,0.1209
8997,24,0.364121,0.010881,0.009997,0.101537,0.513464,0.052394,0.947606,0.135665,0.1397
8998,24,0.363853,0.010637,0.010008,0.10162,0.513881,0.051628,0.948372,0.135785,0.139604
8999,26,0.36423,0.010001,0.010001,0.101631,0.514136,0.05173,0.94827,0.113752,0.113021
9000,24,0.363795,0.010004,0.010004,0.101667,0.51453,0.051326,0.948674,0.123487,0.125395
9001,24,0.363798,0.01,0.01,0.101668,0.514534,0.052136,0.947864,0.121686,0.117312
9002,24,0.363503,0.010005,0.010005,0.101715,0.514772,0.051735,0.948265,0.128109,0.130004
9003,24,0.363659,0.009998,0.009998,0.101692,0.514654,0.051245,0.948755,0.114703,0.117009
9004,36,0.363954,0.009993,0.009993,0.101619,0.514442,0.051537,0.948463,0.108897,0.107195
9005,24,0.363654,0.010004,0.010004,0.101664,0.514672,0.050827,0.949173,0.126097,0.129562
9006,30,0.363422,0.010004,0.010004,0.101703,0.514868,0.050719,0.949281,0.12976,0.130147
9007,32,0.363313,0.009999,0.009999,0.101694,0.514995,0.051064,0.948936,0.113799,0.111848
9008,30,0.363252,0.009996,0.009996,0.101651,0.515105,0.051389,0.948611,0.106998,0.105111
9009,32,0.363315,0.009996,0.009996,0.101611,0.515082,0.051777,0.948223,0.119819,0.117621
9010,26,0.363176,0.010002,0.010002,0.101632,0.515188,0.05124,0.94876,0.12814,0.130757
9011,24,0.362805,0.010003,0.010003,0.101658,0.515532,0.050829,0.949171,0.13019,0.132104
9012,26,0.363177,0.009994,0.009994,0.101599,0.515235,0.050215,0.949785,0.103706,0.106594
9013,36,0.363022,0.01,0.01,0.101599,0.515379,0.050864,0.949136,0.121523,0.118046
9014,26,0.362886,0.010002,0.010002,0.101621,0.515489,0.05021,0.94979,0.128157,0.131292
9015,30,0.362934,0.009993,0.010384,0.101552,0.515137,0.050939,0.949061,0.116007,0.112148
9016,32,0.362925,0.010006,0.010006,0.101613,0.51545,0.051052,0.948948,0.115661,0.114891
9017,32,0.362822,0.009997,0.009997,0.101584,0.515599,0.050865,0.949135,0.120099,0.120867
9018,24,0.362594,0.010001,0.01019,0.10159,0.515625,0.050104,0.949896,0.130677,0.134354
9019,24,0.362256,0.010315,0.010003,0.101624,0.515802,0.05,0.95,0.134276,0.13936
9020,26,0.36221,0.010006,0.010006,0.101682,0.516096,0.05,0.95,0.115009,0.117063
9021,26,0.361602,0.010525,0.010001,0.101698,0.516173,0.05,0.95,0.134154,0.137966
9022,26,0.361585,0.010005,0.010005,0.101753,0.516651,0.05,0.95,0.120646,0.122955
9023,36,0.361165,0.010007,0.010007,0.101822,0.517,0.05,0.95,0.135125,0.137211
9024,24,0.361042,0.010002,0.010002,0.101843,0.51711,0.05,0.95,0.126625,0.129366
9025,24,0.361102,0.009999,0.009999,0.101835,0.517066,0.05,0.95,0.115735,0.117688
9026,32,0.360796,0.010002,0.010002,0.101857,0.517342,0.05,0.95,0.137204,0.137989
9027,26,0.360591,0.01,0.01,0.101859,0.51755,0.05,0.95,0.124302,0.12446
9028,24,0.360751,0.009994,0.009994,0.1018,0.517461,0.050232,0.949768,0.113326,0.112007
9029,24,0.361213,0.009993,0.009993,0.101724,0.517078,0.05,0.95,0.102982,0.105767
9030,30,0.360971,0.010004,0.010004,0.10176,0.517261,0.05,0.95,0.129705,0.13005
9031,26,0.361083,0.009998,0.009998,0.101744,0.517177,0.050224,0.949776,0.114508,0.113219
9032,24,0.361635,0.009991,0.009991,0.101655,0.516727,0.050508,0.949492,0.107329,0.105698
9033,24,0.362291,0.009989,0.009989,0.101548,0.516182,0.050706,0.949294,0.099476,0.098242
9034,24,0.362284,0.01,0.01,0.101546,0.516171,0.051505,0.948495,0.121628,0.117337
9035,24,0.362283,0.01,0.01,0.101546,0.516171,0.051191,0.948809,0.129903,0.131323
9036,24,0.361847,0.010003,0.010003,0.101581,0.516564,0.050652,0.949348,0.131712,0.134278
9037,38,0.361657,0.009999,0.009999,0.101569,0.516776,0.050819,0.949181,0.126854,0.125822
9038,30,0.3622,0.009991,0.009991,0.101482,0.516335,0.051534,0.948466,0.105666,0.101823
9039,32,0.362371,0.009997,0.009997,0.101452,0.516183,0.051689,0.948311,0.112837,0.111863
9040,24,0.361996,0.010002,0.010002,0.101477,0.516522,0.051076,0.948924,0.130236,0.133219
9041,24,0.361998,0.01,0.01,0.101478,0.516524,0.051987,0.948013,0.121683,0.116757
9042,32,0.362116,0.009996,0.009996,0.101433,0.51646,0.052847,0.947153,0.115056,0.110399
9043,24,0.362036,0.009998,0.009998,0.10141,0.516558,0.052118,0.947882,0.119716,0.123326
9044,32,0.362002,0.009998,0.009998,0.101387,0.516616,0.052638,0.947362,0.107613,0.1047
9045,32,0.361696,0.010002,0.010002,0.101409,0.516891,0.052443,0.947557,0.137213,0.138052
9046,26,0.361977,0.009993,0.009993,0.101334,0.516704,0.051945,0.948055,0.107931,0.110334
9047,26,0.361836,0.010002,0.010002,0.101354,0.516806,0.051505,0.948495,0.128109,0.130228
9048,32,0.361774,0.009998,0.009998,0.101337,0.516893,0.051739,0.948261,0.106561,0.10516
9049,26,0.361773,0.01,0.01,0.101336,0.516891,0.052009,0.947991,0.116615,0.115043
9050,30,0.361536,0.010004,0.010004,0.101374,0.517083,0.052026,0.947974,0.129704,0.129392
9051,32,0.361369,0.009995,0.009995,0.101327,0.517314,0.05293,0.94707,0.109116,0.104207
9052,28,0.361099,0.010004,0.010004,0.101368,0.517524,0.052326,0.947674,0.128532,0.131552
9053,24,0.361338,0.009996,0.009996,0.101332,0.517337,0.052531,0.947469,0.117261,0.115997
9054,34,0.361412,0.009999,0.009999,0.101319,0.517272,0.05276,0.94724,0.119109,0.117702
9055,24,0.361185,0.010004,0.010004,0.101354,0.517454,0.052626,0.947374,0.126272,0.126786
9056,24,0.361631,0.009993,0.009993,0.101285,0.517098,0.053685,0.946315,0.100435,0.094588
9057,24,0.36157,0.009997,0.009997,0.101258,0.517177,0.05306,0.94694,0.12006,0.123191
9058,36,0.361374,0.009999,0.009999,0.101247,0.517381,0.053214,0.946786,0.124461,0.123451
9059,24,0.361049,0.010085,0.010004,0.101285,0.517577,0.052698,0.947302,0.12804,0.130581
9060,34,0.361081,0.010001,0.010001,0.101294,0.517623,0.052997,0.947003,0.121456,0.119678
9061,24,0.360786,0.010005,0.010005,0.101341,0.517864,0.052369,0.947631,0.128121,0.131254
9062,30,0.360668,0.009997,0.010332,0.101308,0.517695,0.053089,0.946911,0.11949,0.115494
9063,24,0.360569,0.01,0.01,0.101309,0.518122,0.052244,0.947756,0.123229,0.127495
9064,24,0.360806,0.009996,0.009996,0.101271,0.51793,0.052175,0.947825,0.117288,0.117419
9065,32,0.360753,0.010137,0.009999,0.101256,0.517855,0.052049,0.947951,0.122096,0.122555
9066,28,0.361374,0.009992,0.009992,0.10118,0.517462,0.052144,0.947856,0.100886,0.10019
9067,26,0.360945,0.010006,0.010006,0.101245,0.517797,0.051833,0.948167,0.134207,0.135635
9068,24,0.360654,0.010005,0.010005,0.101293,0.518043,0.051185,0.948815,0.126045,0.129207
9069,32,0.360973,0.009995,0.009995,0.101244,0.517793,0.050958,0.949042,0.107489,0.108418
9070,32,0.360969,0.01,0.01,0.101243,0.517788,0.051156,0.948844,0.109782,0.108591
9071,26,0.361557,0.009991,0.009991,0.10115,0.517311,0.051398,0.948602,0.100611,0.099195
9072,24,0.361178,0.010002,0.010002,0.101174,0.517644,0.050695,0.949305,0.124011,0.127419
9073,30,0.361298,0.009998,0.009998,0.101155,0.51755,0.050732,0.949268,0.129253,0.128884
9074,26,0.361089,0.01,0.01,0.101156,0.517754,0.050309,0.949691,0.124394,0.126377
9075,32,0.360907,0.009998,0.009998,0.101137,0.51796,0.050364,0.949636,0.112587,0.112113
9076,26,0.361121,0.009997,0.009997,0.101102,0.517784,0.05,0.95,0.117488,0.12006
9077,26,0.361228,0.009998,0.009998,0.101084,0.517692,0.050226,0.949774,0.114598,0.113303
9078,30,0.361159,0.009998,0.009998,0.101065,0.51778,0.050516,0.949484,0.116085,0.114429
9079,30,0.361356,0.009997,0.009997,0.101033,0.517617,0.050985,0.949015,0.106222,0.103582
9080,24,0.361058,0.010005,0.010005,0.101079,0.517854,0.050356,0.949644,0.128122,0.131127
9081,24,0.361083,0.01,0.01,0.101077,0.517841,0.05,0.95,0.115914,0.117876
9082,26,0.361045,0.010001,0.010001,0.101083,0.517871,0.05,0.95,0.115694,0.1186
9083,30,0.361156,0.009998,0.009998,0.101065,0.517782,0.050922,0.949078,0.116766,0.111951
9084,30,0.360985,0.01,0.01,0.101062,0.517953,0.051014,0.948986,0.111871,0.111168
9085,32,0.361107,0.009992,0.010088,0.100981,0.517832,0.050708,0.949292,0.114835,0.116165
9086,38,0.361353,0.009997,0.009997,0.100955,0.517697,0.050644,0.949356,0.117092,0.1172
9087,24,0.361505,0.009998,0.009998,0.10093,0.51757,0.050255,0.949745,0.114744,0.116519
9088,36,0.361395,0.009997,0.009997,0.100899,0.517712,0.05087,0.94913,0.108864,0.105547
9089,32,0.361079,0.01036,0.010965,0.100733,0.516862,0.050434,0.949566,0.12466,0.126698
9090,32,0.360903,0.010683,0.010526,0.100781,0.517107,0.050321,0.949679,0.125367,0.125758
9091,30,0.361273,0.010013,0.01004,0.100909,0.517764,0.050437,0.949563,0.117689,0.116895
9092,24,0.361216,0.009998,0.009998,0.100893,0.517895,0.05,0.95,0.125877,0.129185
9093,24,0.360855,0.010006,0.010006,0.10095,0.518184,0.05,0.95,0.12956,0.131853
9094,24,0.360486,0.010003,0.010003,0.100976,0.518533,0.05,0.95,0.124017,0.124901
9095,24,0.360071,0.010338,0.010001,0.100989,0.518601,0.05,0.95,0.125953,0.129365
9096,32,0.359983,0.010004,0.010004,0.101029,0.51898,0.050438,0.949562,0.112469,0.110103
9097,26,0.359503,0.010008,0.010008,0.101106,0.519376,0.05,0.95,0.135539,0.139
9098,24,0.359135,0.010003,0.010003,0.101133,0.519727,0.05,0.95,0.130226,0.133446
9099,26,0.359805,0.00999,0.00999,0.101028,0.519188,0.05,0.95,0.103821,0.103669
9100,32,0.360221,0.009991,0.009991,0.100933,0.518864,0.05047,0.94953,0.100266,0.097684
9101,30,0.360713,0.009987,0.010282,0.100806,0.518211,0.05048,0.94952,0.112102,0.111785
9102,30,0.361,0.01,0.01,0.100804,0.518197,0.050183,0.949817,0.11606,0.117325
9103,24,0.360992,0.009997,0.009997,0.100771,0.518244,0.050091,0.949909,0.117726,0.117996
9104,30,0.360522,0.009999,0.009999,0.100766,0.518713,0.05,0.95,0.126622,0.130087
9105,24,0.360544,0.01,0.01,0.100762,0.518695,0.05,0.95,0.124295,0.126867
9106,24,0.360699,0.009998,0.009998,0.100738,0.518569,0.05,0.95,0.114817,0.117772
9107,24,0.360852,0.009998,0.009998,0.100713,0.51844,0.05,0.95,0.114713,0.116549
9108,26,0.360779,0.009998,0.009998,0.100692,0.518532,0.05,0.95,0.122283,0.124553
9109,26,0.360993,0.009997,0.009997,0.100658,0.518356,0.05,0.95,0.11747,0.12062
9110,36,0.36084,0.01,0.01,0.100658,0.518502,0.050189,0.949811,0.120162,0.119031
9111,26,0.360949,0.009998,0.009998,0.100641,0.518413,0.050387,0.949613,0.114527,0.113368
9112,24,0.360575,0.010002,0.010002,0.100666,0.518754,0.05,0.95,0.122034,0.124679
9113,30,0.360529,0.009998,0.009998,0.100647,0.518827,0.050124,0.949876,0.1063,0.105476
9114,24,0.360193,0.010112,0.010004,0.100682,0.51901,0.05,0.95,0.134257,0.137829
9115,24,0.360395,0.009995,0.009995,0.100635,0.518979,0.05,0.95,0.113263,0.113579
9116,30,0.360581,0.009997,0.009997,0.100604,0.51882,0.05,0.95,0.116138,0.117444
9117,24,0.360283,0.010005,0.010005,0.10065,0.519057,0.05,0.95,0.134393,0.138426
9118,26,0.360502,0.009997,0.009997,0.100617,0.518887,0.05,0.95,0.1175,0.120504
9119,24,0.360127,0.010002,0.010002,0.100642,0.519226,0.05,0.95,0.130221,0.132809
9120,24,0.360129,0.01,0.01,0.100642,0.519229,0.050914,0.949086,0.121685,0.116859
9121,24,0.360284,0.009998,0.009998,0.100618,0.519103,0.050481,0.949519,0.114835,0.116825
9122,26,0.360116,0.010083,0.010001,0.100631,0.519169,0.05,0.95,0.124258,0.126629
9123,26,0.36041,0.009997,0.009997,0.100598,0.518999,0.05,0.95,0.106796,0.109052
9124,24,0.360429,0.01,0.01,0.100594,0.518978,0.05,0.95,0.124215,0.127106
9125,32,0.360294,0.009997,0.009997,0.100566,0.519145,0.050075,0.949925,0.100727,0.100138
9126,24,0.359996,0.010005,0.010005,0.100612,0.519382,0.05,0.95,0.126119,0.127646
9127,24,0.36,0.01,0.01,0.100613,0.519387,0.050309,0.949691,0.121775,0.120067
9128,34,0.360285,0.009996,0.009996,0.100568,0.519155,0.050113,0.949887,0.10993,0.110722
9129,30,0.360282,0.01,0.01,0.100568,0.519151,0.050593,0.949407,0.119495,0.116892
9130,30,0.360472,0.009997,0.009997,0.100538,0.518997,0.050451,0.949549,0.116255,0.116786
9131,24,0.360097,0.010002,0.010002,0.100562,0.519336,0.05,0.95,0.123988,0.126153
9132,32,0.360284,0.009997,0.009997,0.100534,0.519188,0.050725,0.949275,0.102405,0.098592
9133,26,0.36055,0.009993,0.009993,0.10046,0.519005,0.050382,0.949618,0.105068,0.106611
9134,32,0.360722,0.009997,0.009997,0.100431,0.518853,0.05084,0.94916,0.112651,0.110171
9135,38,0.360992,0.009996,0.009996,0.100387,0.51863,0.050555,0.949445,0.113202,0.114461
9136,30,0.360819,0.01,0.01,0.100384,0.518798,0.050658,0.949342,0.111899,0.111161
9137,24,0.361269,0.009993,0.009993,0.100313,0.518432,0.050301,0.949699,0.110394,0.111981
9138,24,0.3615,0.009996,0.009996,0.100274,0.518233,0.050493,0.949507,0.11735,0.11621
9139,30,0.361395,0.010002,0.010002,0.10029,0.518312,0.05065,0.94935,0.131884,0.130885
9140,36,0.361641,0.009994,0.009994,0.100229,0.518142,0.051238,0.948762,0.097666,0.094452
9141,36,0.361486,0.01,0.01,0.100229,0.518286,0.051513,0.948487,0.128253,0.126641
9142,30,0.361358,0.010002,0.010002,0.100249,0.518389,0.051745,0.948255,0.122086,0.120689
9143,24,0.361304,0.009998,0.009998,0.100224,0.518476,0.051044,0.948956,0.120108,0.123508
9144,26,0.361654,0.009994,0.009994,0.100169,0.518189,0.051209,0.948791,0.10607,0.104994
9145,36,0.361477,0.01,0.01,0.100172,0.51835,0.051311,0.948689,0.121614,0.120889
9146,30,0.361722,0.009994,0.010117,0.100114,0.518052,0.051637,0.948363,0.120252,0.118353
9147,30,0.361849,0.01,0.01,0.100112,0.518039,0.051853,0.948147,0.128443,0.127124
9148,24,0.361486,0.01019,0.010003,0.100139,0.518182,0.051605,0.948395,0.134257,0.135331
9149,30,0.360946,0.010924,0.01105,0.099938,0.517142,0.051389,0.948611,0.12903,0.129936
9150,32,0.361465,0.010018,0.010181,0.100113,0.518223,0.051564,0.948436,0.107725,0.106641
9151,32,0.361489,0.010003,0.010003,0.100141,0.518365,0.051927,0.948073,0.110848,0.108778
9152,26,0.361412,0.009998,0.009998,0.100123,0.518469,0.051498,0.948502,0.121108,0.123153
9153,24,0.361637,0.009996,0.010023,0.100083,0.518261,0.051625,0.948375,0.117236,0.116382
9154,24,0.361721,0.009996,0.009996,0.100039,0.518248,0.051317,0.948683,0.1107,0.112077
9155,24,0.361776,0.009999,0.009999,0.100029,0.518197,0.051114,0.948886,0.115627,0.116461
9156,30,0.36098,0.010429,0.011094,0.099911,0.517586,0.051622,0.948378,0.129526,0.126729
9157,36,0.361451,0.01001,0.010303,0.100007,0.518229,0.052202,0.947798,0.110299,0.107103
9158,30,0.361396,0.009998,0.010462,0.099992,0.518151,0.052838,0.947162,0.119506,0.115966
9159,24,0.361267,0.010009,0.010009,0.100085,0.51863,0.051994,0.948006,0.134375,0.138653
9160,32,0.361827,0.009992,0.009992,0.1,0.51819,0.052237,0.947763,0.10298,0.10154
9161,32,0.361674,0.010002,0.010002,0.100021,0.518301,0.052759,0.947241,0.120434,0.117511
9162,24,0.361597,0.009997,0.010272,0.099991,0.518143,0.052472,0.947528,0.124164,0.125403
9163,32,0.36173,0.009997,0.010015,0.099961,0.518296,0.052936,0.947064,0.108172,0.105554
9164,24,0.36121,0.010043,0.01059,0.099945,0.518213,0.05271,0.94729,0.134234,0.135227
9165,24,0.361577,0.010004,0.010004,0.099987,0.518429,0.053431,0.946569,0.117933,0.113883
9166,30,0.36158,0.01,0.01,0.099987,0.518433,0.05357,0.94643,0.119723,0.118758
9167,32,0.361694,0.009995,0.009995,0.099942,0.518373,0.053543,0.946457,0.109497,0.109467
9168,26,0.361554,0.010002,0.010002,0.099963,0.518479,0.053289,0.946711,0.122427,0.123575
9169,24,0.361877,0.009995,0.009995,0.099913,0.518221,0.052739,0.947261,0.113252,0.115935
9170,24,0.361873,0.01,0.01,0.099912,0.518216,0.052625,0.947375,0.123685,0.124074
9171,24,0.362032,0.009994,0.009994,0.099853,0.518126,0.052524,0.947476,0.113225,0.113531
9172,30,0.361732,0.010182,0.010345,0.099815,0.517926,0.052739,0.947261,0.131677,0.130323
9173,26,0.362189,0.009998,0.009998,0.099795,0.51802,0.05239,0.94761,0.105067,0.106696
9174,24,0.361816,0.010002,0.010002,0.09982,0.51836,0.052186,0.947814,0.124082,0.124931
9175,24,0.362006,0.009997,0.009997,0.09979,0.518209,0.051541,0.948459,0.114537,0.117655
9176,38,0.362182,0.009993,0.009993,0.099719,0.518114,0.051718,0.948282,0.097803,0.096619
9177,36,0.361983,0.009999,0.009999,0.099707,0.518312,0.051821,0.948179,0.116147,0.115428
9178,24,0.362535,0.009991,0.009991,0.09962,0.517862,0.051757,0.948243,0.107318,0.107402
9179,26,0.362742,0.009996,0.009996,0.099585,0.51768,0.051313,0.948687,0.117543,0.119655
9180,32,0.362585,0.009996,0.010225,0.099547,0.517646,0.05118,0.94882,0.128714,0.129195
9181,24,0.362588,0.01,0.01,0.099548,0.517864,0.052013,0.947987,0.117589,0.11306
9182,24,0.362645,0.009999,0.009999,0.099539,0.517817,0.051656,0.948344,0.115629,0.117284
9183,24,0.362194,0.010139,0.010077,0.099543,0.518047,0.051465,0.948535,0.130147,0.130931
9184,30,0.362036,0.010006,0.010006,0.099601,0.518351,0.051067,0.948933,0.129795,0.131646
9185,30,0.362162,0.009995,0.009995,0.099554,0.518294,0.052009,0.947991,0.112656,0.107637
9186,30,0.362217,0.009992,0.010468,0.09947,0.517854,0.052262,0.947738,0.108377,0.106851
9187,32,0.361839,0.010212,0.010678,0.099461,0.51781,0.052428,0.947572,0.139391,0.138336
9188,30,0.362391,0.010005,0.010005,0.099514,0.518084,0.052712,0.947288,0.105766,0.104042
9189,38,0.362264,0.009996,0.009996,0.099479,0.518265,0.052774,0.947226,0.114125,0.113607
9190,26,0.36219,0.009998,0.009998,0.099459,0.518356,0.052413,0.947587,0.118493,0.120201
9191,24,0.362232,0.009998,0.010085,0.099438,0.518248,0.052016,0.947984,0.121507,0.123373
9192,26,0.362125,0.010003,0.010003,0.099467,0.518401,0.051576,0.948424,0.128112,0.13023
9193,30,0.361905,0.009989,0.010928,0.099356,0.517822,0.052051,0.947949,0.118049,0.115373
9194,24,0.361864,0.010012,0.010012,0.099472,0.51864,0.051686,0.948314,0.124103,0.125812
9195,26,0.361264,0.010208,0.01031,0.099489,0.518728,0.051479,0.948521,0.13416,0.135049
9196,32,0.361241,0.010006,0.010006,0.099546,0.519201,0.051552,0.948448,0.117114,0.116546
9197,24,0.361105,0.009994,0.010555,0.099482,0.518864,0.050517,0.949483,0.121405,0.126493
9198,24,0.361278,0.010004,0.010133,0.09952,0.519065,0.05014,0.94986,0.115933,0.117628
9199,30,0.361415,0.01,0.01,0.09952,0.519065,0.05017,0.94983,0.118352,0.118024
9200,30,0.361111,0.010002,0.010002,0.099538,0.519347,0.05,0.95,0.126144,0.128477
9201,24,0.360817,0.010005,0.010005,0.099585,0.519589,0.05,0.95,0.12614,0.129088
9202,38,0.361026,0.009993,0.009993,0.099513,0.519475,0.050079,0.949921,0.106523,0.105959
9203,24,0.361574,0.009991,0.009991,0.099426,0.519018,0.050042,0.949958,0.107283,0.107251
9204,32,0.362009,0.009993,0.009993,0.099355,0.51865,0.050605,0.949395,0.092759,0.089725
9205,24,0.361708,0.010004,0.010004,0.0994,0.518883,0.050131,0.949869,0.128031,0.130241
9206,24,0.361416,0.010005,0.010005,0.099447,0.519128,0.05,0.95,0.126066,0.12948
9207,24,0.361574,0.009998,0.009998,0.099424,0.519007,0.05,0.95,0.114704,0.116558
9208,24,0.361572,0.01,0.01,0.099423,0.519005,0.050914,0.949086,0.12169,0.116862
9209,24,0.361277,0.010005,0.010005,0.099469,0.519245,0.050486,0.949514,0.128089,0.130081
9210,32,0.361229,0.010001,0.01001,0.099477,0.519284,0.05057,0.94943,0.12629,0.125686
9211,24,0.361233,0.01,0.01,0.099478,0.519289,0.050176,0.949824,0.12379,0.125563
9212,24,0.361387,0.009998,0.009998,0.099454,0.519164,0.05,0.95,0.114721,0.117894
9213,32,0.361515,0.009998,0.009998,0.099433,0.519056,0.05007,0.94993,0.123153,0.122639
9214,26,0.361623,0.009998,0.009998,0.099416,0.518965,0.05031,0.94969,0.114613,0.113246
9215,30,0.361452,0.01,0.01,0.099413,0.519136,0.050725,0.949275,0.118475,0.116176
9216,30,0.361995,0.009991,0.009991,0.099328,0.518694,0.051506,0.948494,0.105869,0.101724
9217,32,0.362167,0.009997,0.009997,0.099299,0.518541,0.051996,0.948004,0.1081,0.105393
9218,38,0.362011,0.009996,0.009996,0.099256,0.518741,0.052141,0.947859,0.116132,0.115166
9219,30,0.36171,0.010002,0.010002,0.099275,0.519011,0.051879,0.948121,0.126429,0.127588
9220,30,0.361491,0.009998,0.009998,0.099259,0.519253,0.052434,0.947566,0.112065,0.108973
9221,36,0.361283,0.009999,0.009999,0.099244,0.519476,0.052401,0.947599,0.12128,0.121221
9222,24,0.361168,0.010369,0.009996,0.099203,0.519263,0.052086,0.947914,0.124156,0.125563
9223,26,0.361426,0.010002,0.010002,0.09922,0.519351,0.05183,0.94817,0.114606,0.115744
9224,24,0.361449,0.01,0.01,0.099217,0.519335,0.051119,0.948881,0.115944,0.119398
9225,26,0.361288,0.010003,0.010003,0.099242,0.519465,0.050911,0.949089,0.114993,0.115857
9226,36,0.361486,0.009995,0.009995,0.099189,0.519336,0.051312,0.948688,0.10889,0.106617
9227,32,0.361609,0.009992,0.010205,0.09911,0.519084,0.050991,0.949009,0.119142,0.120551
9228,30,0.361376,0.010004,0.010004,0.099148,0.519468,0.051363,0.948637,0.126211,0.124118
9229,30,0.361277,0.010002,0.010002,0.099164,0.519556,0.05216,0.94784,0.121973,0.117658
9230,24,0.361113,0.009999,0.009999,0.099157,0.519731,0.051995,0.948005,0.118704,0.119385
9231,30,0.36101,0.010002,0.010002,0.099173,0.519814,0.052152,0.947848,0.115265,0.114226
9232,32,0.361106,0.009994,0.009994,0.099111,0.519796,0.052547,0.947453,0.097543,0.095283
9233,24,0.360729,0.010002,0.010002,0.099134,0.520132,0.051811,0.948189,0.121949,0.12558
9234,24,0.360257,0.010107,0.010003,0.099159,0.520475,0.051219,0.948781,0.131586,0.134467
9235,32,0.360161,0.009998,0.009998,0.099143,0.520698,0.051023,0.948977,0.116108,0.116883
9236,32,0.36037,0.009997,0.009997,0.09911,0.520526,0.050913,0.949087,0.112243,0.112563
9237,26,0.360231,0.010002,0.010002,0.099131,0.520633,0.050449,0.949551,0.128127,0.130324
9238,38,0.36027,0.009998,0.010108,0.099108,0.520515,0.050792,0.949208,0.115837,0.113926
9239,24,0.360545,0.009997,0.009997,0.099082,0.520378,0.051621,0.948379,0.117322,0.112853
9240,30,0.360563,0.009997,0.009997,0.09905,0.520393,0.052038,0.947962,0.114943,0.112572
9241,26,0.360823,0.009996,0.009996,0.099008,0.520176,0.051663,0.948337,0.116288,0.117993
9242,26,0.360684,0.010002,0.010002,0.099029,0.520283,0.051197,0.948803,0.128134,0.130367
9243,32,0.360943,0.009996,0.009996,0.098989,0.520076,0.051711,0.948289,0.097867,0.095006
9244,24,0.36094,0.01,0.01,0.098988,0.520072,0.052621,0.947379,0.121683,0.116702
9245,30,0.360653,0.010004,0.010004,0.099033,0.520305,0.052263,0.947737,0.129902,0.131599
9246,32,0.360593,0.009998,0.009998,0.099016,0.520394,0.053071,0.946929,0.106532,0.102088
9247,24,0.360231,0.010006,0.010006,0.099072,0.520685,0.052672,0.947328,0.135743,0.137672
9248,24,0.360258,0.01,0.01,0.09907,0.520673,0.052049,0.947951,0.124187,0.127255
9249,24,0.359885,0.010002,0.010002,0.099094,0.521016,0.051608,0.948392,0.121917,0.124024
9250,36,0.360084,0.009995,0.009995,0.099042,0.520885,0.05192,0.94808,0.113059,0.111219
9251,24,0.359784,0.010005,0.010005,0.099087,0.52112,0.051433,0.948567,0.128096,0.130417
9252,26,0.359354,0.010032,0.010006,0.099151,0.521457,0.05073,0.94927,0.134182,0.137615
9253,32,0.359063,0.010003,0.010003,0.099176,0.521755,0.050777,0.949223,0.121753,0.121352
9254,24,0.358714,0.010156,0.010003,0.099208,0.52192,0.050034,0.949966,0.134271,0.137859
9255,32,0.358851,0.009997,0.010202,0.099179,0.521771,0.050878,0.949122,0.115015,0.110608
9256,24,0.358259,0.010788,0.010228,0.099143,0.521582,0.050075,0.949925,0.134168,0.138058
9257,24,0.358634,0.010361,0.010004,0.099187,0.521813,0.050823,0.949177,0.117916,0.113952
9258,30,0.358426,0.01029,0.010004,0.099232,0.522048,0.050905,0.949095,0.139668,0.139032
9259,30,0.35867,0.010001,0.010001,0.09924,0.522089,0.051385,0.948615,0.108059,0.105361
9260,30,0.35867,0.01,0.01,0.09924,0.52209,0.051411,0.948589,0.113111,0.112788
9261,30,0.358645,0.01,0.01,0.099244,0.522111,0.051301,0.948699,0.119744,0.120118
9262,26,0.358477,0.010003,0.010003,0.09927,0.522248,0.050697,0.949303,0.121904,0.124807
9263,30,0.359164,0.009989,0.009989,0.099164,0.521693,0.050834,0.949166,0.094082,0.093161
9264,26,0.358625,0.010304,0.010003,0.099198,0.52187,0.050033,0.949967,0.134126,0.138008
9265,24,0.358735,0.010003,0.010003,0.099229,0.52203,0.050946,0.949054,0.121683,0.116855
9266,24,0.359294,0.009991,0.009991,0.099143,0.52158,0.051017,0.948983,0.107291,0.106702
9267,30,0.359241,0.009998,0.009998,0.099122,0.521641,0.050939,0.949061,0.10638,0.106507
9268,30,0.359002,0.010004,0.010004,0.099158,0.521832,0.051186,0.948814,0.129777,0.128308
9269,34,0.358912,0.010002,0.010002,0.099174,0.521912,0.05105,0.94895,0.12454,0.125046
9270,34,0.359081,0.009997,0.009997,0.099148,0.521777,0.050801,0.949199,0.118467,0.119565
9271,26,0.359418,0.009995,0.009995,0.099095,0.521498,0.050613,0.949387,0.108772,0.10953
9272,26,0.359278,0.010002,0.010002,0.099115,0.521603,0.050079,0.949921,0.124338,0.126854
9273,32,0.359901,0.00999,0.00999,0.099019,0.521099,0.05095,0.94905,0.089487,0.084924
9274,26,0.359686,0.01,0.01,0.099019,0.521295,0.050599,0.949401,0.120506,0.12212
9275,24,0.359031,0.010798,0.010191,0.098966,0.521014,0.050306,0.949694,0.134167,0.135443
9276,36,0.359334,0.010008,0.010008,0.099049,0.5216,0.050658,0.949342,0.120063,0.118101
9277,32,0.359392,0.009999,0.009999,0.099043,0.521566,0.051178,0.948822,0.109932,0.107111
9278,30,0.359779,0.009994,0.009994,0.098983,0.52125,0.0516,0.9484,0.099812,0.097399
9279,26,0.360236,0.009993,0.009993,0.09891,0.520868,0.051647,0.948353,0.104021,0.103556
9280,32,0.360084,0.010002,0.010002,0.098932,0.52098,0.051768,0.948232,0.120411,0.119592
9281,30,0.359983,0.010002,0.010002,0.098948,0.521066,0.052122,0.947878,0.115268,0.113226
9282,30,0.359984,0.01,0.01,0.098948,0.521068,0.051904,0.948096,0.119605,0.120522
9283,32,0.359936,0.010001,0.010001,0.098956,0.521107,0.0526,0.9474,0.110817,0.107017
9284,24,0.360388,0.009993,0.009993,0.098886,0.52074,0.052444,0.947556,0.110324,0.110909
9285,24,0.360225,0.010002,0.010002,0.098909,0.520861,0.052154,0.947846,0.124669,0.125993
9286,24,0.360312,0.009999,0.009999,0.098896,0.520794,0.051909,0.948091,0.114575,0.11566
9287,30,0.360639,0.009995,0.009995,0.098845,0.520526,0.052258,0.947742,0.104424,0.102345
9288,24,0.360487,0.010201,0.009999,0.098836,0.520476,0.051998,0.948002,0.125062,0.126191
9289,30,0.360609,0.009995,0.010056,0.098788,0.520551,0.052891,0.947109,0.106195,0.101362
9290,26,0.360491,0.010003,0.010003,0.098814,0.520689,0.052393,0.947607,0.124352,0.126804
9291,36,0.360666,0.009997,0.009997,0.098788,0.520551,0.052938,0.947062,0.107702,0.104627
9292,24,0.360808,0.009994,0.009994,0.098733,0.520471,0.052077,0.947923,0.116633,0.120952
9293,30,0.36106,0.009995,0.010056,0.098682,0.520207,0.051911,0.948089,0.126461,0.127108
9294,30,0.360621,0.010609,0.009998,0.098664,0.520108,0.051377,0.948623,0.129622,0.132191
9295,24,0.361077,0.010002,0.010002,0.098687,0.520231,0.05256,0.94744,0.111164,0.104826
9296,26,0.36154,0.009993,0.009993,0.098616,0.519858,0.052624,0.947376,0.104096,0.103552
9297,32,0.361586,0.009999,0.009999,0.098607,0.519809,0.053121,0.946879,0.110004,0.107184
9298,24,0.361586,0.01,0.01,0.098607,0.519808,0.052753,0.947247,0.123806,0.12556
9299,36,0.361258,0.010577,0.010309,0.098518,0.519338,0.052689,0.947311,0.128771,0.128916
9300,26,0.361324,0.01031,0.010207,0.098566,0.519593,0.052343,0.947657,0.123548,0.125145
9301,32,0.361183,0.010006,0.010006,0.098622,0.520184,0.052693,0.947307,0.11728,0.115271
9302,32,0.360779,0.010298,0.010215,0.098606,0.520102,0.052858,0.947142,0.139379,0.138309
9303,24,0.361171,0.009999,0.009999,0.098592,0.520239,0.052385,0.947615,0.10695,0.109234
9304,24,0.360875,0.010005,0.010005,0.098638,0.520479,0.051661,0.948339,0.12607,0.129641
9305,30,0.360853,0.01,0.01,0.098642,0.520504,0.052273,0.947727,0.119745,0.116363
9306,26,0.360646,0.01,0.01,0.098644,0.52071,0.052079,0.947921,0.118642,0.119472
9307,24,0.3612,0.009991,0.009991,0.098559,0.520259,0.0523,0.9477,0.107363,0.105977
9308,24,0.361117,0.009998,0.009998,0.098536,0.520352,0.053387,0.946613,0.109321,0.103389
9309,24,0.361089,0.010071,0.009999,0.098528,0.520312,0.052682,0.947318,0.129875,0.133431
9310,26,0.360691,0.010007,0.010007,0.098601,0.520694,0.052306,0.947694,0.128618,0.130419
9311,36,0.360112,0.010436,0.010889,0.098484,0.52008,0.052607,0.947393,0.130187,0.128429
9312,24,0.360752,0.010007,0.010214,0.098558,0.520468,0.053788,0.946212,0.111178,0.104677
9313,30,0.360874,0.010002,0.010002,0.098573,0.52055,0.054106,0.945894,0.120153,0.118224
9314,24,0.360579,0.010005,0.010005,0.098619,0.520792,0.053753,0.946247,0.134291,0.135976
9315,32,0.360802,0.009997,0.009997,0.098586,0.520618,0.053057,0.946943,0.113664,0.117172
9316,36,0.361327,0.009992,0.009992,0.098504,0.520185,0.053627,0.946373,0.093322,0.090042
9317,26,0.361179,0.009999,0.009999,0.098494,0.520329,0.052927,0.947073,0.119839,0.123348
9318,36,0.360985,0.009999,0.009999,0.098484,0.520534,0.052887,0.947113,0.12435,0.124367
9319,32,0.360837,0.010002,0.010002,0.098506,0.520652,0.053058,0.946942,0.129483,0.12835
9320,30,0.360926,0.009999,0.009999,0.098493,0.520584,0.053212,0.946788,0.118384,0.117339
9321,34,0.360772,0.01,0.01,0.098491,0.520737,0.053384,0.946616,0.121496,0.120381
9322,32,0.360772,0.01,0.01,0.098491,0.520737,0.053833,0.946167,0.120734,0.118117
9323,30,0.360958,0.009989,0.010522,0.09838,0.520152,0.053497,0.946503,0.111197,0.112746
9324,24,0.361037,0.01,0.010452,0.098377,0.520135,0.05313,0.94687,0.115573,0.117303
9325,24,0.360903,0.010009,0.010009,0.098467,0.520612,0.05246,0.94754,0.134414,0.137784
9326,24,0.360537,0.010003,0.010003,0.098493,0.520964,0.051952,0.948048,0.130227,0.132696
9327,24,0.360179,0.010006,0.010006,0.098549,0.52126,0.051186,0.948814,0.135724,0.139522
9328,32,0.360336,0.009998,0.009998,0.098527,0.521141,0.052147,0.947853,0.115178,0.110046
9329,32,0.360623,0.009995,0.010027,0.098477,0.520878,0.052157,0.947843,0.12285,0.122594
9330,24,0.360948,0.009995,0.009995,0.098431,0.520631,0.052323,0.947677,0.111695,0.110615
9331,30,0.361134,0.009997,0.009997,0.0984,0.520472,0.052511,0.947489,0.116242,0.115078
9332,26,0.361183,0.009999,0.009999,0.098392,0.520427,0.051912,0.948088,0.114851,0.117773
9333,24,0.361157,0.010069,0.009999,0.098385,0.520389,0.051442,0.948558,0.123619,0.125847
9334,36,0.361084,0.010002,0.010002,0.098407,0.520505,0.05136,0.94864,0.126229,0.126447
9335,24,0.360864,0.010004,0.010004,0.098441,0.520688,0.050959,0.949041,0.123891,0.125757
9336,32,0.360499,0.010001,0.010001,0.098446,0.521054,0.05087,0.94913,0.133844,0.134098
9337,32,0.360451,0.010001,0.010001,0.098454,0.521093,0.05132,0.94868,0.117067,0.114587
9338,26,0.360789,0.009995,0.009995,0.098402,0.520819,0.05114,0.94886,0.108793,0.109535
9339,32,0.361174,0.009994,0.009994,0.098341,0.520497,0.05137,0.94863,0.097671,0.096276
9340,32,0.361347,0.009997,0.009997,0.098313,0.520346,0.051341,0.948659,0.108111,0.108079
9341,24,0.361281,0.010001,0.010001,0.098322,0.520395,0.050564,0.949436,0.131354,0.135148
9342,32,0.361862,0.009991,0.009991,0.098233,0.519923,0.05059,0.94941,0.090685,0.090327
9343,24,0.361825,0.010082,0.009999,0.098223,0.519871,0.050313,0.949687,0.129871,0.131054
9344,24,0.362298,0.009994,0.009994,0.098163,0.519552,0.051412,0.948588,0.102488,0.096696
9345,24,0.361926,0.010202,0.010003,0.098187,0.519682,0.051202,0.948798,0.13426,0.135117
9346,24,0.362236,0.009998,0.009998,0.098171,0.519596,0.051175,0.948825,0.117385,0.117332
9347,24,0.361807,0.010195,0.010004,0.098207,0.519787,0.05041,0.94959,0.135717,0.139454
9348,24,0.361803,0.010003,0.010003,0.098238,0.519952,0.05,0.95,0.125118,0.128189
9349,30,0.362012,0.009997,0.009997,0.098207,0.519788,0.05002,0.94998,0.10655,0.10622
9350,26,0.362064,0.009996,0.009996,0.098168,0.519776,0.05,0.95,0.114583,0.116463
9351,30,0.362583,0.009992,0.009992,0.098087,0.519347,0.050847,0.949153,0.100081,0.095636
9352,30,0.362273,0.010002,0.010002,0.098103,0.51962,0.050736,0.949264,0.12625,0.12663
9353,24,0.362953,0.009989,0.009989,0.097999,0.519069,0.051662,0.948338,0.098127,0.093217
9354,30,0.362292,0.010525,0.010439,0.097921,0.518823,0.051741,0.948259,0.136254,0.135659
9355,26,0.362751,0.010008,0.010008,0.097998,0.519235,0.052007,0.947993,0.11473,0.113188
9356,26,0.362334,0.010007,0.010007,0.098065,0.519587,0.051731,0.948269,0.12475,0.126003
9357,30,0.362413,0.009998,0.01005,0.098047,0.519492,0.05118,0.94882,0.119423,0.122061
9358,24,0.361948,0.010345,0.010003,0.098073,0.519631,0.050893,0.949107,0.129454,0.130734
9359,32,0.362139,0.01,0.01,0.09807,0.519791,0.051329,0.948671,0.115179,0.112773
9360,30,0.361903,0.010004,0.010004,0.098106,0.519983,0.051173,0.948827,0.123214,0.123805
9361,26,0.362048,0.009995,0.009995,0.098055,0.519907,0.050718,0.949282,0.11371,0.115851
9362,26,0.361908,0.010002,0.010002,0.098075,0.520013,0.050215,0.949785,0.124279,0.12666
9363,24,0.361538,0.010003,0.010003,0.0981,0.520358,0.05,0.95,0.122006,0.124998
9364,38,0.361039,0.010004,0.010004,0.098135,0.520819,0.050019,0.949981,0.135216,0.134938
9365,24,0.361278,0.009996,0.009996,0.098099,0.52063,0.050304,0.949696,0.117346,0.115737
9366,26,0.361216,0.010001,0.010001,0.098108,0.520674,0.0504,0.9496,0.118064,0.11741
9367,30,0.360925,0.010002,0.010157,0.098129,0.520787,0.050414,0.949586,0.12973,0.129459
9368,36,0.360831,0.010002,0.010002,0.098146,0.52102,0.050481,0.949519,0.12139,0.120857
9369,30,0.36092,0.009999,0.009999,0.098132,0.520951,0.050664,0.949336,0.111985,0.110888
9370,36,0.360705,0.010317,0.009998,0.098116,0.520863,0.050657,0.949343,0.123375,0.123231
9371,32,0.360486,0.010762,0.010147,0.098057,0.520548,0.050238,0.949762,0.13608,0.138027
9372,24,0.360374,0.010411,0.01001,0.098152,0.521054,0.050132,0.949868,0.134313,0.134684
9373,32,0.360063,0.010002,0.010002,0.098172,0.521761,0.05,0.95,0.109557,0.11007
9374,26,0.359928,0.010002,0.010002,0.098193,0.521875,0.05,0.95,0.128105,0.128358
9375,30,0.359827,0.010002,0.010002,0.098209,0.521961,0.050554,0.949446,0.115264,0.112302
9376,30,0.359849,0.009995,0.009995,0.098156,0.522006,0.050487,0.949513,0.099829,0.09996
9377,24,0.359549,0.010005,0.010005,0.0982,0.522242,0.05,0.95,0.134311,0.139428
9378,30,0.359315,0.010004,0.010004,0.098238,0.52244,0.05,0.95,0.129721,0.131017
9379,26,0.359533,0.009997,0.009997,0.098205,0.522268,0.05,0.95,0.11745,0.119842
9380,24,0.359228,0.010024,0.010004,0.098248,0.522496,0.05,0.95,0.128046,0.130922
9381,24,0.359793,0.009992,0.009992,0.098166,0.522058,0.050199,0.949801,0.107265,0.10606
9382,24,0.359711,0.010001,0.010001,0.098176,0.522111,0.05,0.95,0.116859,0.118432
9383,30,0.359452,0.010003,0.010066,0.098206,0.522272,0.050233,0.949767,0.129732,0.128381
9384,24,0.358946,0.010653,0.009999,0.098194,0.522208,0.05,0.95,0.134206,0.138388
9385,24,0.358707,0.010285,0.010006,0.098255,0.522746,0.05,0.95,0.123934,0.125776
9386,32,0.358701,0.010002,0.010002,0.098274,0.523021,0.05,0.95,0.118443,0.118369
9387,32,0.358384,0.009998,0.010475,0.09825,0.522894,0.05029,0.94971,0.129417,0.127779
9388,32,0.358686,0.009998,0.010027,0.098226,0.523063,0.050477,0.949523,0.102532,0.101407
9389,30,0.358628,0.009998,0.009998,0.098211,0.523165,0.050742,0.949258,0.109512,0.107997
9390,30,0.358509,0.009999,0.009999,0.0982,0.523294,0.05115,0.94885,0.11622,0.11394
9391,36,0.358722,0.009997,0.009997,0.098167,0.523118,0.05151,0.94849,0.111211,0.109183
9392,36,0.358769,0.009995,0.009995,0.098117,0.523125,0.051582,0.948418,0.110382,0.109814
9393,32,0.358374,0.009999,0.009999,0.098104,0.523525,0.051613,0.948387,0.129351,0.129012
9394,30,0.358136,0.010004,0.010004,0.09814,0.523717,0.051456,0.948544,0.123192,0.123792
9395,34,0.358518,0.009994,0.009994,0.098082,0.523411,0.051665,0.948335,0.092004,0.09071
9396,24,0.35846,0.009997,0.009997,0.098057,0.523488,0.051313,0.948687,0.120125,0.12171
9397,24,0.358459,0.01,0.01,0.098056,0.523485,0.050548,0.949452,0.129929,0.133661
9398,30,0.358221,0.010004,0.010004,0.098093,0.523679,0.050801,0.949199,0.12971,0.128244
9399,24,0.358462,0.009996,0.009996,0.098057,0.523488,0.050987,0.949013,0.117273,0.116148
9400,30,0.358583,0.009995,0.009995,0.098009,0.523418,0.050986,0.949014,0.112667,0.112487
9401,30,0.358462,0.009997,0.009997,0.097976,0.523569,0.051593,0.948407,0.103148,0.099839
9402,36,0.358789,0.009991,0.009991,0.097885,0.523345,0.051857,0.948143,0.095235,0.093615
9403,24,0.358486,0.010004,0.010004,0.097928,0.523577,0.051251,0.948749,0.12823,0.131176
9404,26,0.358281,0.01,0.01,0.097931,0.523787,0.050796,0.949204,0.124374,0.126532
9405,36,0.358569,0.009996,0.009996,0.097887,0.523553,0.051007,0.948993,0.101005,0.099754
9406,30,0.358541,0.01,0.01,0.09789,0.523569,0.051466,0.948534,0.113186,0.110635
9407,26,0.358404,0.010002,0.010002,0.097911,0.523681,0.050844,0.949156,0.128155,0.131186
9408,24,0.358644,0.009996,0.009996,0.097875,0.523489,0.051052,0.948948,0.11737,0.116131
9409,24,0.359325,0.009989,0.009989,0.09777,0.522927,0.051712,0.948288,0.104357,0.100766
9410,32,0.359703,0.009994,0.009994,0.097709,0.5226,0.052529,0.947471,0.106552,0.102121
9411,30,0.359846,0.009998,0.009998,0.097685,0.522473,0.052581,0.947419,0.108404,0.107875
9412,30,0.359712,0.009988,0.010883,0.097568,0.521849,0.053617,0.946383,0.115969,0.110315
9413,36,0.360317,0.01,0.01,0.097569,0.522114,0.05369,0.94631,0.0955,0.094852
9414,26,0.360375,0.009996,0.009996,0.09753,0.522103,0.053579,0.946421,0.119026,0.119421
9415,30,0.360334,0.010001,0.010001,0.097535,0.52213,0.053513,0.946487,0.13084,0.13095
9416,24,0.36027,0.010001,0.010001,0.097545,0.522183,0.053699,0.946301,0.123132,0.121939
9417,24,0.360329,0.009999,0.009999,0.097537,0.522136,0.052977,0.947023,0.115741,0.119338
9418,24,0.360032,0.010005,0.010005,0.097581,0.522377,0.052348,0.947652,0.128104,0.131236
9419,36,0.360645,0.009989,0.010083,0.097475,0.521808,0.052571,0.947429,0.098039,0.096646
9420,32,0.360579,0.010253,0.009998,0.097457,0.521713,0.052435,0.947565,0.122088,0.1226
9421,24,0.360373,0.010007,0.010007,0.097527,0.522085,0.051958,0.948042,0.126016,0.128318
9422,24,0.360696,0.009995,0.009995,0.09748,0.521833,0.051275,0.948725,0.111604,0.11492
9423,24,0.361009,0.009995,0.009995,0.097431,0.52157,0.051849,0.948151,0.103362,0.100143
9424,24,0.360655,0.010155,0.010003,0.09746,0.521726,0.051206,0.948794,0.128046,0.131175
9425,24,0.360712,0.010002,0.010002,0.097475,0.521809,0.052117,0.947883,0.121692,0.116751
9426,32,0.360433,0.010002,0.010002,0.097494,0.52207,0.052177,0.947823,0.137155,0.136658
9427,24,0.359586,0.010659,0.010852,0.09739,0.521513,0.052003,0.947997,0.134147,0.134856
9428,36,0.359836,0.010011,0.010411,0.097499,0.522244,0.052607,0.947393,0.121509,0.118141
9429,38,0.359661,0.010005,0.010005,0.09755,0.522778,0.052509,0.947491,0.116593,0.116923
9430,24,0.359276,0.010047,0.010002,0.097571,0.523103,0.051744,0.948256,0.13013,0.133941
9431,24,0.358933,0.010006,0.010006,0.097631,0.523423,0.051056,0.948944,0.129559,0.13292
9432,36,0.359196,0.009996,0.009996,0.097593,0.523219,0.051539,0.948461,0.11065,0.107979
9433,38,0.359465,0.009996,0.009996,0.097551,0.522993,0.05179,0.94821,0.099019,0.09756
9434,24,0.359623,0.009994,0.009994,0.097493,0.522896,0.05198,0.94802,0.113201,0.11202
9435,24,0.359298,0.010071,0.010004,0.09753,0.523096,0.050994,0.949006,0.13429,0.1392
9436,26,0.359027,0.010394,0.010054,0.097515,0.523011,0.050488,0.949512,0.128024,0.130429
9437,24,0.359425,0.010001,0.010001,0.097522,0.523051,0.051549,0.948451,0.111143,0.105583
9438,24,0.359653,0.009996,0.010026,0.097483,0.522843,0.051663,0.948337,0.117241,0.116454
9439,32,0.36011,0.009986,0.010468,0.097343,0.522093,0.051379,0.948621,0.105528,0.106762
9440,32,0.359975,0.010229,0.010462,0.097327,0.522007,0.051677,0.948323,0.126223,0.124503
9441,24,0.360584,0.010001,0.010001,0.09734,0.522074,0.051124,0.948876,0.108966,0.111609
9442,24,0.360289,0.010005,0.010005,0.097385,0.522317,0.05044,0.94956,0.128196,0.131502
9443,30,0.360267,0.01,0.01,0.09739,0.522342,0.050977,0.949023,0.119752,0.116843
9444,32,0.359938,0.010001,0.010123,0.097395,0.522544,0.050628,0.949372,0.136056,0.137654
9445,26,0.359775,0.010001,0.010001,0.097408,0.522814,0.050152,0.949848,0.124303,0.12654
9446,30,0.359674,0.010002,0.010002,0.097424,0.522899,0.050635,0.949365,0.121845,0.119228
9447,30,0.359753,0.009996,0.009996,0.097387,0.522868,0.051107,0.948893,0.113105,0.11054
9448,24,0.36008,0.009995,0.009995,0.097336,0.522595,0.051199,0.948801,0.111055,0.110328
9449,30,0.35962,0.010518,0.010723,0.097212,0.521927,0.051483,0.948517,0.126017,0.124369
9450,24,0.360067,0.010012,0.010012,0.097332,0.522576,0.052749,0.947251,0.115553,0.108742
9451,24,0.359705,0.010212,0.010003,0.09736,0.522721,0.052003,0.947997,0.134248,0.137984
9452,30,0.359545,0.010006,0.010006,0.097416,0.523027,0.05248,0.94752,0.123188,0.120496
9453,36,0.359576,0.009997,0.009997,0.097391,0.523037,0.053038,0.946962,0.110289,0.107157
9454,26,0.359665,0.009999,0.009999,0.097377,0.522961,0.052666,0.947334,0.112426,0.114187
9455,24,0.359329,0.010293,0.010619,0.097286,0.522473,0.05247,0.94753,0.129821,0.130644
9456,30,0.359261,0.010008,0.010008,0.09736,0.523365,0.052364,0.947636,0.116455,0.116784
9457,26,0.358619,0.010622,0.010001,0.097365,0.523394,0.05144,0.94856,0.134145,0.138782
9458,26,0.358706,0.010008,0.010008,0.097446,0.523831,0.050912,0.949088,0.124344,0.126883
9459,24,0.358647,0.010001,0.010001,0.097458,0.523892,0.051133,0.948867,0.123203,0.121888
9460,26,0.358441,0.01,0.01,0.09746,0.524099,0.050982,0.949018,0.118598,0.119198
9461,24,0.358077,0.010191,0.010003,0.097486,0.524243,0.050481,0.949519,0.127984,0.130344
9462,30,0.358258,0.01,0.01,0.097488,0.524254,0.050831,0.949169,0.11678,0.114791
9463,32,0.358385,0.009996,0.010138,0.097448,0.524033,0.05093,0.94907,0.121929,0.12125
9464,24,0.358071,0.00999,0.011061,0.097353,0.523525,0.050755,0.949245,0.124098,0.124774
9465,36,0.357955,0.010001,0.010955,0.097363,0.523725,0.051031,0.948969,0.128244,0.126651
9466,26,0.358408,0.010008,0.010008,0.09744,0.524137,0.051099,0.948901,0.114567,0.114046
9467,24,0.358117,0.010005,0.010005,0.097486,0.524387,0.050495,0.949505,0.128201,0.131115
9468,32,0.357973,0.010002,0.010002,0.09751,0.524513,0.050887,0.949113,0.115782,0.113621
9469,30,0.358165,0.009997,0.009997,0.097481,0.52436,0.051544,0.948456,0.11624,0.112696
9470,32,0.358515,0.009994,0.009994,0.097427,0.524069,0.052045,0.947955,0.109302,0.106509
9471,24,0.358597,0.009992,0.009992,0.097348,0.524071,0.052004,0.947996,0.109183,0.109183
9472,26,0.358808,0.009996,0.009996,0.097314,0.523885,0.051666,0.948334,0.117595,0.119158
9473,32,0.358548,0.009999,0.009999,0.097306,0.524148,0.052252,0.947748,0.10489,0.101652
9474,24,0.35825,0.010005,0.010005,0.097351,0.52439,0.051538,0.948462,0.126117,0.129639
9475,26,0.358364,0.009998,0.009998,0.097335,0.524305,0.051759,0.948241,0.114511,0.113192
9476,24,0.358066,0.010005,0.010005,0.09738,0.524545,0.051369,0.948631,0.134343,0.13619
9477,32,0.357911,0.009998,0.009998,0.097358,0.524736,0.051737,0.948263,0.112435,0.110354
9478,32,0.358354,0.009993,0.009993,0.09729,0.52437,0.051758,0.948242,0.0921,0.091753
9479,32,0.358998,0.00999,0.00999,0.09719,0.523832,0.052314,0.947686,0.091928,0.088839
9480,30,0.358888,0.010001,0.010001,0.097204,0.523905,0.052422,0.947578,0.115456,0.114652
9481,32,0.359344,0.009993,0.009993,0.097135,0.523535,0.052338,0.947662,0.106141,0.106386
9482,30,0.359426,0.009998,0.009998,0.097121,0.523456,0.052385,0.947615,0.111875,0.111418
9483,26,0.359641,0.009997,0.009997,0.097087,0.523278,0.05191,0.94809,0.113804,0.116094
9484,24,0.359575,0.010001,0.010001,0.097097,0.523327,0.05217,0.94783,0.123193,0.121651
9485,26,0.360243,0.00999,0.00999,0.096995,0.522782,0.05219,0.94781,0.103715,0.103389
9486,34,0.360143,0.010001,0.010001,0.097008,0.522847,0.052457,0.947543,0.110124,0.108552
9487,24,0.359815,0.0109,0.009994,0.096919,0.522372,0.051644,0.948356,0.129788,0.133848
9488,24,0.359883,0.010532,0.010005,0.096965,0.522616,0.051674,0.948326,0.123056,0.122688
9489,24,0.359627,0.010006,0.010006,0.09702,0.523342,0.051271,0.948729,0.119924,0.121775
9490,32,0.36014,0.009992,0.009992,0.096944,0.522931,0.051872,0.948128,0.094759,0.091479
9491,24,0.360135,0.01,0.01,0.096943,0.522923,0.052781,0.947219,0.121679,0.116677
9492,26,0.359927,0.01,0.01,0.096944,0.523128,0.052272,0.947728,0.120536,0.123038
9493,24,0.35961,0.010699,0.009994,0.096886,0.522812,0.051643,0.948357,0.131244,0.13433
9494,24,0.359917,0.010006,0.010006,0.096944,0.523127,0.051276,0.948724,0.115709,0.117404
9495,24,0.35926,0.010976,0.010029,0.096891,0.522843,0.050522,0.949478,0.134161,0.137828
9496,32,0.35945,0.010013,0.010013,0.097015,0.523509,0.050638,0.949362,0.114358,0.113588
9497,24,0.360015,0.009992,0.009992,0.096933,0.523069,0.050655,0.949345,0.107223,0.106914
9498,26,0.359813,0.010122,0.010043,0.096936,0.523086,0.050305,0.949695,0.124215,0.125815
9499,24,0.359744,0.010004,0.010004,0.096972,0.523277,0.05,0.95,0.124555,0.127662
9500,26,0.359676,0.009998,0.009998,0.096953,0.523374,0.05,0.95,0.116682,0.119652
9501,32,0.359357,0.010147,0.01012,0.096961,0.523415,0.050025,0.949975,0.125351,0.125062
9502,32,0.359896,0.009996,0.009996,0.09692,0.523192,0.05,0.95,0.102836,0.103926
9503,26,0.359686,0.01,0.01,0.096921,0.523393,0.05,0.95,0.124294,0.124537
9504,24,0.359847,0.009994,0.009994,0.096864,0.523301,0.05,0.95,0.113314,0.113351
9505,24,0.359469,0.010851,0.009992,0.096789,0.522897,0.05,0.95,0.131237,0.135026
9506,24,0.359137,0.010947,0.010004,0.096825,0.523087,0.05,0.95,0.128018,0.130399
9507,36,0.359,0.010728,0.010001,0.096838,0.523433,0.05,0.95,0.117974,0.118574
9508,32,0.359603,0.010002,0.010002,0.096857,0.523536,0.05,0.95,0.11476,0.114956
9509,24,0.359232,0.010003,0.010003,0.096882,0.523882,0.05,0.95,0.124039,0.125796
9510,32,0.359539,0.009995,0.009995,0.096836,0.523635,0.050313,0.949687,0.110326,0.108532
9511,32,0.360318,0.009988,0.009988,0.096717,0.52299,0.050227,0.949773,0.089231,0.089421
9512,32,0.360162,0.010002,0.010002,0.096737,0.523097,0.050677,0.949323,0.120244,0.117803
9513,24,0.359867,0.010005,0.010005,0.096782,0.523342,0.050342,0.949658,0.128044,0.129566
9514,24,0.359871,0.01,0.01,0.096783,0.523346,0.051255,0.948745,0.121667,0.116808
9515,38,0.359648,0.009999,0.009999,0.096775,0.523579,0.051276,0.948724,0.121846,0.121541
9516,32,0.359589,0.009998,0.009998,0.096759,0.523655,0.051235,0.948765,0.119959,0.119978
9517,30,0.359121,0.009999,0.009999,0.096754,0.524126,0.051042,0.948958,0.126543,0.127308
9518,30,0.35924,0.009998,0.009998,0.096736,0.524028,0.050756,0.949244,0.112711,0.113962
9519,24,0.359044,0.009994,0.010599,0.096673,0.52369,0.050574,0.949426,0.124132,0.124825
9520,24,0.359266,0.010002,0.010002,0.096697,0.524032,0.050429,0.949571,0.112508,0.113045
9521,24,0.358819,0.01,0.01,0.096701,0.524479,0.050374,0.949626,0.119893,0.120005
9522,32,0.358909,0.009996,0.009996,0.096661,0.524438,0.050755,0.949245,0.111781,0.109663
9523,26,0.358571,0.009997,0.010549,0.096628,0.524255,0.050882,0.949118,0.128088,0.127274
9524,32,0.359575,0.009993,0.009993,0.096559,0.52388,0.050591,0.949409,0.094561,0.095825
9525,32,0.359242,0.01,0.01,0.096562,0.524195,0.05049,0.94951,0.118699,0.119033
9526,30,0.359005,0.010004,0.010004,0.096598,0.524389,0.05,0.95,0.129773,0.132374
9527,24,0.359277,0.009991,0.010289,0.096513,0.523929,0.050714,0.949286,0.113549,0.10977
9528,24,0.359526,0.01,0.01002,0.096515,0.523938,0.050052,0.949948,0.114723,0.117832
9529,32,0.359036,0.010762,0.009996,0.096477,0.523729,0.05,0.95,0.129989,0.130775
9530,24,0.358678,0.010935,0.010003,0.096504,0.52388,0.05,0.95,0.134273,0.138049
9531,26,0.359231,0.010006,0.010006,0.096562,0.524195,0.05,0.95,0.11383,0.116257
9532,26,0.359345,0.009998,0.009998,0.096547,0.524111,0.050261,0.949739,0.114515,0.113049
9533,24,0.359581,0.009996,0.009996,0.096511,0.523915,0.051092,0.948908,0.117364,0.112934
9534,24,0.359816,0.009996,0.009996,0.096474,0.523717,0.052276,0.947724,0.111172,0.104865
9535,26,0.359677,0.010002,0.010002,0.096494,0.523825,0.051623,0.948377,0.128151,0.13139
9536,36,0.360184,0.009992,0.009992,0.096418,0.523413,0.05183,0.94817,0.103363,0.102071
9537,24,0.359742,0.010003,0.010003,0.096451,0.523801,0.051628,0.948372,0.125508,0.126384
9538,24,0.359448,0.010005,0.010005,0.096496,0.524047,0.05152,0.94848,0.128059,0.128434
9539,32,0.35963,0.009997,0.009997,0.09647,0.523905,0.051789,0.948211,0.115607,0.114029
9540,24,0.359707,0.009995,0.009995,0.096425,0.523877,0.051347,0.948653,0.110737,0.112778
9541,30,0.359533,0.010001,0.010126,0.096431,0.52391,0.05121,0.94879,0.136691,0.137191
9542,24,0.359739,0.009995,0.009995,0.096387,0.523883,0.051182,0.948818,0.113315,0.113276
9543,24,0.359925,0.009997,0.009997,0.096358,0.523723,0.051396,0.948604,0.11446,0.113096
9544,26,0.360186,0.009996,0.009996,0.096318,0.523505,0.051473,0.948527,0.106836,0.106233
9545,26,0.359904,0.009992,0.010569,0.096242,0.523292,0.051579,0.948421,0.122227,0.121508
9546,24,0.36003,0.010003,0.010003,0.096276,0.523687,0.052411,0.947589,0.117561,0.112999
9547,30,0.36005,0.009995,0.010277,0.096232,0.523446,0.052294,0.947706,0.129247,0.129633
9548,30,0.360449,0.009998,0.009998,0.096213,0.523342,0.053157,0.946843,0.113272,0.108546
9549,26,0.360503,0.009996,0.009996,0.096174,0.523331,0.05251,0.94749,0.114562,0.117782
9550,26,0.360293,0.01,0.01,0.096175,0.523532,0.052174,0.947826,0.118647,0.120221
9551,32,0.360083,0.010001,0.010001,0.09618,0.523736,0.052281,0.947719,0.112435,0.111662
9552,26,0.359942,0.009999,0.009999,0.096172,0.523888,0.051905,0.948095,0.119839,0.121573
9553,30,0.359704,0.010004,0.010004,0.096208,0.524081,0.052386,0.947614,0.129787,0.127055
9554,30,0.359829,0.009995,0.009995,0.096162,0.524018,0.052603,0.947397,0.10604,0.10473
9555,24,0.360161,0.009989,0.010354,0.096056,0.52344,0.051954,0.948046,0.111183,0.114328
9556,24,0.360522,0.01,0.01,0.096053,0.523426,0.052682,0.947318,0.117351,0.113344
9557,26,0.360245,0.010759,0.009992,0.09598,0.523024,0.051897,0.948103,0.125982,0.129903
9558,24,0.360143,0.01001,0.01001,0.096076,0.523761,0.051581,0.948419,0.124102,0.125564
9559,24,0.359508,0.010959,0.009995,0.096029,0.523509,0.050526,0.949474,0.134192,0.139423
9560,30,0.359415,0.011207,0.009997,0.096005,0.523375,0.050681,0.949319,0.129403,0.128399
9561,36,0.360115,0.010008,0.010008,0.096081,0.523788,0.051142,0.948858,0.104925,0.102405
9562,26,0.359697,0.010007,0.010007,0.096146,0.524143,0.050835,0.949165,0.134208,0.135601
9563,24,0.359341,0.010183,0.010003,0.096174,0.524299,0.05,0.95,0.134282,0.138721
9564,24,0.358965,0.010197,0.010002,0.096197,0.524638,0.05,0.95,0.130126,0.133735
9565,24,0.359193,0.01,0.01,0.096193,0.524615,0.05,0.95,0.114742,0.11645
9566,26,0.358698,0.010005,0.010005,0.096238,0.525055,0.05,0.95,0.130467,0.13472
9567,26,0.358811,0.009998,0.009998,0.096222,0.52497,0.050225,0.949775,0.114614,0.113322
9568,32,0.358921,0.009993,0.009993,0.096159,0.524933,0.050311,0.949689,0.103357,0.102764
9569,32,0.358882,0.009997,0.010048,0.096131,0.524941,0.050178,0.949822,0.122517,0.122943
9570,26,0.359025,0.009998,0.009998,0.096116,0.524861,0.05,0.95,0.114534,0.116946
9571,32,0.359092,0.009996,0.009996,0.09608,0.524836,0.050305,0.949695,0.119778,0.118083
9572,30,0.359222,0.009998,0.009998,0.096059,0.524723,0.050844,0.949156,0.118393,0.115488
9573,32,0.35934,0.009996,0.009996,0.096016,0.524652,0.051248,0.948752,0.115184,0.112946
9574,30,0.359234,0.010002,0.010002,0.096031,0.524732,0.051686,0.948314,0.115226,0.112801
9575,24,0.359656,0.009992,0.010062,0.095958,0.524332,0.052428,0.947572,0.108672,0.104571
9576,24,0.359755,0.009996,0.009996,0.095919,0.524334,0.051816,0.948184,0.110714,0.113678
9577,24,0.359989,0.009996,0.009996,0.095883,0.524136,0.051958,0.948042,0.117336,0.116409
9578,26,0.359779,0.01,0.01,0.095884,0.524337,0.05154,0.94846,0.124375,0.126375
9579,26,0.359642,0.010002,0.010002,0.095904,0.524449,0.051186,0.948814,0.122434,0.124081
9580,24,0.359666,0.01,0.01,0.095901,0.524433,0.050841,0.949159,0.124244,0.125801
9581,24,0.359589,0.009998,0.009998,0.095881,0.524534,0.050417,0.949583,0.125835,0.127802
9582,30,0.359588,0.01,0.01,0.09588,0.524532,0.050894,0.949106,0.119549,0.116943
9583,24,0.360067,0.009989,0.009989,0.095777,0.524178,0.050816,0.949184,0.103212,0.103397
9584,26,0.360098,0.009996,0.009996,0.09574,0.52417,0.050895,0.949105,0.110912,0.110347
9585,24,0.360284,0.009997,0.009997,0.095711,0.524012,0.051114,0.948886,0.114433,0.113052
9586,30,0.360471,0.009997,0.009997,0.095682,0.523853,0.051967,0.948033,0.116101,0.111545
9587,32,0.360588,0.009996,0.009996,0.095639,0.523782,0.052539,0.947461,0.115034,0.111871
9588,30,0.360189,0.009998,0.009998,0.095623,0.524191,0.052523,0.947477,0.116467,0.116374
9589,30,0.360091,0.009996,0.009996,0.095588,0.524328,0.05246,0.94754,0.116245,0.116323
9590,26,0.359881,0.01,0.01,0.095589,0.52453,0.051842,0.948158,0.124407,0.127472
9591,24,0.36018,0.009992,0.009992,0.095513,0.524324,0.052003,0.947997,0.10957,0.108539
9592,26,0.360526,0.009994,0.009994,0.095459,0.524027,0.051913,0.948087,0.115541,0.115809
9593,24,0.360544,0.01,0.01,0.095454,0.524003,0.051628,0.948372,0.124252,0.125516
9594,24,0.360699,0.009998,0.009998,0.095431,0.523875,0.050952,0.949048,0.114803,0.118062
9595,24,0.360324,0.010002,0.010002,0.095454,0.524216,0.051021,0.948979,0.123929,0.1234
9596,26,0.360119,0.01,0.01,0.095457,0.524424,0.050688,0.949312,0.12428,0.125793
9597,32,0.36015,0.01,0.01,0.095452,0.524399,0.050689,0.949311,0.126249,0.126054
9598,36,0.359919,0.010365,0.009998,0.095432,0.524287,0.050565,0.949435,0.126131,0.126587
9599,24,0.359753,0.010008,0.010008,0.09551,0.52472,0.050205,0.949795,0.128071,0.129722
9600,24,0.359705,0.010148,0.009999,0.095498,0.52465,0.05,0.95,0.129895,0.133258
9601,36,0.359785,0.009999,0.009999,0.095486,0.524731,0.051079,0.948921,0.110383,0.104789
9602,32,0.359562,0.010003,0.010003,0.095519,0.524912,0.050942,0.949058,0.123957,0.124496
9603,30,0.359828,0.009996,0.009996,0.09548,0.5247,0.050933,0.949067,0.108179,0.107957
9604,32,0.359643,0.009998,0.009998,0.095461,0.5249,0.051144,0.948856,0.117095,0.115827
9605,24,0.359269,0.010002,0.010002,0.095484,0.525242,0.050641,0.949359,0.121908,0.124287
9606,32,0.359271,0.01,0.01,0.095485,0.525244,0.050424,0.949576,0.125376,0.126309
9607,26,0.359063,0.01,0.01,0.095486,0.52545,0.05,0.95,0.1244,0.126622
9608,30,0.359684,0.00999,0.00999,0.095394,0.524942,0.050204,0.949796,0.098747,0.097525
9609,30,0.359345,0.009996,0.010569,0.095356,0.524733,0.050255,0.949745,0.12009,0.119655
9610,24,0.359786,0.010002,0.010002,0.095375,0.524835,0.050239,0.949761,0.117365,0.117242
9611,30,0.359789,0.009995,0.009995,0.095326,0.524895,0.05,0.95,0.108355,0.111089
9612,30,0.359905,0.009998,0.009998,0.095307,0.524791,0.050436,0.949564,0.118435,0.116018
9613,30,0.3602,0.009995,0.010007,0.095261,0.524536,0.051159,0.948841,0.11312,0.109285
9614,26,0.360256,0.009996,0.009996,0.095224,0.524528,0.050739,0.949261,0.114563,0.116527
9615,24,0.360125,0.010002,0.010002,0.095242,0.524629,0.050099,0.949901,0.126541,0.12958
9616,24,0.360727,0.009991,0.009991,0.095153,0.524138,0.05,0.95,0.101823,0.104655
9617,24,0.360957,0.009996,0.009996,0.095116,0.523934,0.050769,0.949231,0.117343,0.113294
9618,26,0.360818,0.010002,0.010002,0.095136,0.524042,0.050907,0.949093,0.128173,0.127308
9619,24,0.36098,0.009994,0.009994,0.095081,0.523951,0.051116,0.948884,0.113289,0.112061
9620,30,0.361419,0.009993,0.009993,0.095013,0.523581,0.051973,0.948027,0.100537,0.095927
9621,32,0.361511,0.009995,0.010239,0.094961,0.523295,0.052618,0.947382,0.108479,0.104946
9622,30,0.361619,0.01003,0.010416,0.094912,0.523023,0.053031,0.946969,0.116003,0.113649
9623,30,0.361691,0.009997,0.010573,0.094882,0.522857,0.053423,0.946577,0.119233,0.116933
9624,30,0.361394,0.010233,0.010508,0.094901,0.522964,0.053205,0.946795,0.123012,0.123949
9625,30,0.362231,0.009996,0.010184,0.094859,0.52273,0.052799,0.947201,0.098573,0.100455
9626,32,0.362296,0.010002,0.010002,0.094876,0.522824,0.053277,0.946723,0.125349,0.122591
9627,24,0.362452,0.009998,0.009998,0.094853,0.5227,0.052647,0.947353,0.114701,0.117806
9628,30,0.36233,0.009997,0.010327,0.094822,0.522525,0.053372,0.946628,0.119484,0.115426
9629,32,0.363118,0.009993,0.009993,0.094753,0.522144,0.053711,0.946289,0.089536,0.0875
9630,26,0.363374,0.009996,0.009996,0.094712,0.521922,0.05345,0.94655,0.112569,0.113759
9631,32,0.363137,0.010001,0.010001,0.09472,0.522141,0.053354,0.946646,0.126353,0.126638
9632,24,0.363214,0.009995,0.009995,0.094677,0.522117,0.052726,0.947274,0.110709,0.113804
9633,24,0.362916,0.010005,0.010005,0.09472,0.522354,0.05208,0.94792,0.128219,0.131437
9634,24,0.362624,0.010005,0.010005,0.094765,0.522601,0.05141,0.94859,0.134354,0.137657
9635,24,0.362256,0.010003,0.010003,0.09479,0.52295,0.050694,0.949306,0.122037,0.125527
9636,26,0.362121,0.010002,0.010002,0.09481,0.523064,0.050245,0.949755,0.128191,0.130308
9637,24,0.362439,0.009995,0.009995,0.094764,0.522807,0.05,0.95,0.119827,0.122826
9638,36,0.361956,0.010005,0.010005,0.094811,0.523223,0.05,0.95,0.121132,0.121301
9639,30,0.361723,0.010004,0.010004,0.094847,0.523422,0.05,0.95,0.129725,0.13196
9640,30,0.362025,0.009995,0.009995,0.094803,0.52318,0.050301,0.949699,0.113112,0.111395
9641,32,0.361872,0.010011,0.010002,0.094823,0.523291,0.050184,0.949816,0.129456,0.129847
9642,24,0.361954,0.009996,0.009996,0.094782,0.523273,0.05,0.95,0.110721,0.113768
9643,30,0.362069,0.009998,0.009998,0.094763,0.523172,0.05,0.95,0.118128,0.121311
9644,24,0.362012,0.009998,0.009998,0.094739,0.523254,0.05,0.95,0.12012,0.122113
9645,26,0.361874,0.010002,0.010002,0.094759,0.523363,0.05,0.95,0.128241,0.131277
9646,30,0.361655,0.009998,0.009998,0.094744,0.523605,0.050214,0.949786,0.121913,0.120644
9647,24,0.361496,0.010002,0.010002,0.094767,0.523732,0.05,0.95,0.122525,0.125637
9648,26,0.361713,0.009997,0.009997,0.094735,0.523558,0.05,0.95,0.117537,0.119325
9649,32,0.361753,0.009999,0.009999,0.094728,0.52352,0.050769,0.949231,0.115948,0.111894
9650,30,0.361286,0.01,0.01,0.094724,0.523992,0.050545,0.949455,0.126562,0.12749
9651,24,0.360836,0.01,0.01,0.094727,0.524436,0.05,0.95,0.119953,0.122946
9652,36,0.360664,0.01,0.01,0.094731,0.524604,0.05,0.95,0.124314,0.124229
9653,36,0.36051,0.01,0.01,0.094731,0.524759,0.05,0.95,0.127364,0.127477
9654,24,0.359813,0.010931,0.009996,0.094696,0.524564,0.05,0.95,0.135638,0.140687
9655,24,0.35999,0.010012,0.010012,0.094807,0.52518,0.05,0.95,0.122604,0.12601
9656,28,0.360189,0.009997,0.009997,0.094781,0.525035,0.050291,0.949709,0.112107,0.110504
9657,24,0.360123,0.010001,0.010001,0.09479,0.525085,0.05,0.95,0.123217,0.125501
9658,26,0.359612,0.010051,0.010004,0.09483,0.525503,0.05,0.95,0.130371,0.131989
9659,32,0.360211,0.009992,0.009992,0.094749,0.525057,0.050297,0.949703,0.102858,0.101205
9660,24,0.360227,0.009999,0.009999,0.094745,0.52503,0.05,0.95,0.124244,0.127345
9661,24,0.36015,0.009998,0.009998,0.094724,0.52513,0.05,0.95,0.117519,0.120708
9662,30,0.360055,0.009998,0.009998,0.09471,0.525238,0.050233,0.949767,0.116171,0.1148
9663,24,0.359682,0.010002,0.010002,0.094733,0.52558,0.05,0.95,0.130205,0.131996
9664,30,0.359683,0.01,0.01,0.094734,0.525583,0.050797,0.949203,0.119664,0.11547
9665,26,0.359683,0.01,0.01,0.094734,0.525583,0.050887,0.949113,0.116632,0.116007
9666,26,0.359547,0.010002,0.010002,0.094754,0.525695,0.050233,0.949767,0.128161,0.1313
9667,24,0.359176,0.010003,0.010003,0.094778,0.526041,0.05,0.95,0.130201,0.131997
9668,32,0.359177,0.01,0.01,0.094779,0.526044,0.050485,0.949515,0.125324,0.122693
9669,30,0.359661,0.009992,0.009992,0.094707,0.525647,0.051339,0.948661,0.100585,0.096059
9670,24,0.359068,0.010786,0.010018,0.094673,0.525456,0.050536,0.949464,0.134175,0.138101
9671,26,0.359819,0.010001,0.010001,0.09468,0.525499,0.050812,0.949188,0.10411,0.102523
9672,30,0.360863,0.009984,0.009984,0.094526,0.524643,0.051416,0.948584,0.085084,0.08182
9673,26,0.360644,0.01,0.01,0.094525,0.524831,0.051129,0.948871,0.120597,0.121906
9674,24,0.360207,0.010003,0.010003,0.094558,0.525228,0.05101,0.94899,0.125509,0.125936
9675,38,0.360305,0.009999,0.009999,0.094544,0.525153,0.051101,0.948899,0.113802,0.113135
9676,36,0.360205,0.010002,0.010002,0.094559,0.525233,0.05096,0.94904,0.126242,0.126798
9677,24,0.359822,0.010002,0.010246,0.09458,0.52535,0.05087,0.94913,0.134377,0.134642
9678,30,0.359814,0.009999,0.009999,0.094569,0.525619,0.050989,0.949011,0.109695,0.108873
9679,24,0.359813,0.01,0.01,0.094569,0.525618,0.051025,0.948975,0.12163,0.121231
9680,24,0.359749,0.010001,0.010001,0.094579,0.52567,0.05059,0.94941,0.125198,0.127227
9681,24,0.35975,0.01,0.01,0.094579,0.525672,0.051502,0.948498,0.121707,0.116823
9682,24,0.359453,0.010005,0.010005,0.094623,0.525915,0.051109,0.948891,0.134329,0.136172
9683,30,0.359333,0.009999,0.009999,0.094614,0.526055,0.051173,0.948827,0.118296,0.117749
9684,30,0.359354,0.009995,0.009995,0.094563,0.526095,0.051394,0.948606,0.106377,0.105028
9685,24,0.359667,0.009995,0.009995,0.094515,0.525828,0.051366,0.948634,0.119851,0.119758
9686,32,0.359995,0.009995,0.009995,0.094465,0.525551,0.052145,0.947855,0.11174,0.107551
9687,24,0.359542,0.01,0.01,0.094467,0.525991,0.051416,0.948584,0.117859,0.12146
9688,24,0.359542,0.01,0.01,0.094467,0.525991,0.051373,0.948627,0.121782,0.121815
9689,36,0.35949,0.009999,0.009999,0.094454,0.526059,0.051659,0.948341,0.126777,0.125109
9690,24,0.359726,0.009996,0.009996,0.094418,0.525863,0.051918,0.948082,0.11727,0.115732
9691,30,0.359503,0.009998,0.009998,0.094402,0.526098,0.052264,0.947736,0.112045,0.110032
9692,32,0.359507,0.009993,0.010405,0.09434,0.525754,0.052846,0.947154,0.114967,0.111721
9693,26,0.359966,0.009999,0.009999,0.094331,0.525705,0.052952,0.947048,0.114263,0.113507
9694,24,0.36012,0.009998,0.009998,0.094308,0.525576,0.052564,0.947436,0.114702,0.11653
9695,32,0.360086,0.009998,0.009998,0.094287,0.525632,0.052548,0.947452,0.123015,0.122913
9696,30,0.360277,0.009996,0.010045,0.094251,0.525431,0.051995,0.948005,0.119113,0.121778
9697,24,0.360737,0.009993,0.009993,0.094189,0.525087,0.053091,0.946909,0.10254,0.096573
9698,24,0.361286,0.009991,0.009991,0.094106,0.524625,0.053329,0.946671,0.107344,0.105845
9699,30,0.361367,0.009998,0.009998,0.094092,0.524545,0.05351,0.94649,0.128404,0.127217
9700,30,0.361092,0.010001,0.010001,0.094104,0.524801,0.05407,0.94593,0.116996,0.113721
9701,26,0.361093,0.01,0.01,0.094105,0.524803,0.053758,0.946242,0.116584,0.118057
9702,30,0.360974,0.009997,0.009997,0.094074,0.524958,0.054005,0.945995,0.116326,0.114782
9703,32,0.360722,0.010061,0.010618,0.094008,0.524591,0.054499,0.945501,0.125136,0.12226
9704,24,0.360153,0.010786,0.010643,0.09398,0.524437,0.053691,0.946309,0.134188,0.138369
9705,24,0.360797,0.010012,0.01004,0.094092,0.525059,0.05477,0.94523,0.111726,0.10568
9706,36,0.360665,0.010001,0.010001,0.094098,0.525236,0.054728,0.945272,0.124134,0.124138
9707,26,0.360909,0.009993,0.009993,0.094033,0.525072,0.05472,0.94528,0.110552,0.110376
9708,30,0.359719,0.011102,0.011482,0.093819,0.523878,0.054838,0.945162,0.13941,0.13855
9709,30,0.360062,0.010423,0.01123,0.093909,0.524376,0.055342,0.944658,0.119525,0.116509
9710,30,0.359986,0.010548,0.010676,0.093985,0.524805,0.055167,0.944833,0.12965,0.130377
9711,32,0.359986,0.01001,0.010323,0.094076,0.525606,0.054891,0.945109,0.132734,0.134052
9712,36,0.359409,0.010596,0.011306,0.093925,0.524764,0.055287,0.944713,0.1287,0.126304
9713,24,0.359326,0.010271,0.01106,0.094024,0.525319,0.054804,0.945196,0.126007,0.12845
9714,24,0.35982,0.010006,0.010445,0.094083,0.525646,0.055185,0.944815,0.118826,0.116533
9715,24,0.360212,0.010001,0.010024,0.094088,0.525675,0.056005,0.943995,0.117336,0.112506
9716,36,0.36007,0.01,0.01,0.094092,0.525838,0.056072,0.943928,0.121373,0.120758
9717,24,0.359697,0.010003,0.010003,0.094115,0.526182,0.05549,0.94451,0.12407,0.127118
9718,24,0.359327,0.010003,0.010003,0.094139,0.526529,0.0554,0.9446,0.124028,0.124308
9719,36,0.359136,0.009999,0.009999,0.094129,0.526737,0.055401,0.944599,0.117426,0.117203
9720,24,0.359581,0.009993,0.009993,0.094064,0.52637,0.056491,0.943509,0.102553,0.096202
9721,24,0.359424,0.009999,0.009999,0.094053,0.526525,0.056142,0.943858,0.112799,0.114514
9722,30,0.359342,0.009997,0.010258,0.094027,0.526376,0.056121,0.943879,0.130595,0.130483
9723,24,0.359137,0.010007,0.010007,0.094094,0.526754,0.05551,0.94449,0.128191,0.131408
9724,36,0.359221,0.009999,0.009999,0.094084,0.526697,0.055991,0.944009,0.112263,0.109381
9725,32,0.359403,0.009997,0.009997,0.094057,0.526545,0.055874,0.944126,0.108024,0.1084
9726,36,0.359153,0.009997,0.009997,0.094032,0.526821,0.056339,0.943661,0.114529,0.111698
9727,30,0.359183,0.010026,0.009999,0.094023,0.526769,0.05579,0.94421,0.119994,0.122829
9728,30,0.359192,0.01,0.01,0.094025,0.526782,0.055511,0.944489,0.119674,0.121001
9729,34,0.35904,0.01,0.01,0.094023,0.526937,0.05575,0.94425,0.121454,0.119921
9730,26,0.358969,0.009998,0.009998,0.094005,0.52703,0.055378,0.944622,0.11668,0.118554
9731,32,0.359093,0.009997,0.010075,0.093974,0.52686,0.056233,0.943767,0.115011,0.110042
9732,32,0.359702,0.009992,0.009992,0.093896,0.526419,0.056241,0.943759,0.090865,0.090536
9733,36,0.359094,0.010349,0.010002,0.09391,0.526645,0.055871,0.944129,0.13293,0.134779
9734,32,0.358871,0.010062,0.010003,0.093943,0.527121,0.055689,0.944311,0.123325,0.124125
9735,30,0.358869,0.010001,0.010001,0.093952,0.527176,0.055926,0.944074,0.113191,0.111614
9736,32,0.35899,0.009996,0.009996,0.093911,0.527108,0.05678,0.94322,0.115017,0.11002
9737,26,0.35866,0.010478,0.010044,0.093881,0.526937,0.056314,0.943686,0.128014,0.130441
9738,28,0.358267,0.010875,0.010001,0.093887,0.526971,0.056267,0.943733,0.128376,0.128434
9739,24,0.358284,0.010013,0.010013,0.094013,0.527677,0.055694,0.944306,0.12821,0.13122
9740,38,0.358518,0.009991,0.009991,0.093929,0.52757,0.056181,0.943819,0.09466,0.0917
9741,24,0.358057,0.011181,0.010062,0.093809,0.526892,0.055404,0.944596,0.129761,0.133888
9742,38,0.358722,0.010007,0.010007,0.093871,0.527393,0.055366,0.944634,0.102713,0.102708
9743,26,0.358288,0.010048,0.010006,0.093931,0.527727,0.054657,0.945343,0.134167,0.13788
9744,26,0.357883,0.010007,0.010007,0.093998,0.528105,0.05419,0.94581,0.12479,0.127146
9745,30,0.357961,0.009994,0.009994,0.093941,0.52811,0.055065,0.944935,0.106244,0.101285
9746,32,0.358073,0.009995,0.009995,0.093897,0.528039,0.055007,0.944993,0.103288,0.103402
9747,26,0.358443,0.009994,0.009994,0.093842,0.527727,0.055078,0.944922,0.104898,0.104248
9748,32,0.358508,0.009994,0.009994,0.093786,0.527718,0.05565,0.94435,0.098798,0.095445
9749,32,0.358223,0.010002,0.010002,0.093802,0.527972,0.055602,0.944398,0.121677,0.121733
9750,32,0.358113,0.009999,0.009999,0.093793,0.528096,0.056344,0.943656,0.113799,0.109441
9751,24,0.358269,0.009998,0.009998,0.09377,0.527966,0.055922,0.944078,0.114692,0.116798
9752,24,0.358238,0.009999,0.01008,0.093762,0.527921,0.056894,0.943106,0.113361,0.10768
9753,32,0.358397,0.009999,0.009999,0.09375,0.527856,0.057063,0.942937,0.107649,0.106447
9754,36,0.358241,0.01,0.01,0.09375,0.528009,0.056901,0.943099,0.123241,0.123948
9755,24,0.358479,0.009996,0.009996,0.093715,0.527813,0.057097,0.942903,0.117373,0.116024
9756,30,0.358122,0.01,0.01,0.093718,0.528159,0.05709,0.94291,0.119769,0.119577
9757,30,0.358122,0.01,0.01,0.093718,0.528159,0.056999,0.943001,0.119717,0.119975
9758,32,0.358167,0.009995,0.009995,0.093667,0.528177,0.056965,0.943035,0.108117,0.108106
9759,26,0.358093,0.009998,0.009998,0.093648,0.528263,0.056663,0.943337,0.118563,0.12008
9760,26,0.357955,0.010002,0.010002,0.093667,0.528374,0.056572,0.943428,0.128121,0.128432
9761,24,0.357902,0.01015,0.009999,0.093653,0.528296,0.056297,0.943703,0.129864,0.131155
9762,32,0.358071,0.009997,0.009997,0.093625,0.52831,0.056643,0.943357,0.11406,0.111907
9763,38,0.357878,0.009995,0.009995,0.093574,0.528558,0.056867,0.943133,0.117504,0.115978
9764,42,0.358018,0.009998,0.009998,0.093552,0.528434,0.056648,0.943352,0.116388,0.117416
9765,30,0.357918,0.010001,0.010001,0.093566,0.528512,0.056293,0.943707,0.118106,0.119789
9766,32,0.357998,0.009994,0.009994,0.093512,0.528501,0.056276,0.943724,0.101454,0.101251
9767,32,0.357983,0.009997,0.009997,0.093487,0.528535,0.056733,0.943267,0.106686,0.103878
9768,36,0.357789,0.009999,0.009999,0.093477,0.528737,0.05661,0.94339,0.120188,0.120654
9769,30,0.357685,0.010002,0.010002,0.093491,0.52882,0.057125,0.942875,0.121843,0.118682
9770,32,0.357405,0.010002,0.010002,0.093509,0.529082,0.057205,0.942795,0.1277,0.127012
9771,32,0.357586,0.009997,0.009997,0.093483,0.528937,0.057143,0.942857,0.122108,0.122262
9772,38,0.357361,0.009998,0.009998,0.093463,0.529181,0.057395,0.942605,0.121819,0.120156
9773,26,0.357222,0.010002,0.010002,0.093482,0.529292,0.056953,0.943047,0.128189,0.130528
9774,32,0.357199,0.009998,0.009998,0.093461,0.529345,0.056849,0.943151,0.122798,0.123146
9775,32,0.357503,0.009995,0.009995,0.093416,0.529091,0.056745,0.943255,0.109615,0.109896
9776,24,0.357499,0.01,0.01,0.093415,0.529086,0.057645,0.942355,0.121719,0.116275
9777,24,0.357499,0.01,0.01,0.093415,0.529086,0.05707,0.94293,0.129936,0.133012
9778,24,0.357202,0.010005,0.010005,0.093458,0.52933,0.05641,0.94359,0.126041,0.129548
9779,24,0.357444,0.009996,0.009996,0.093424,0.529139,0.057467,0.942533,0.109126,0.102889
9780,26,0.357017,0.010007,0.010007,0.093485,0.529485,0.056853,0.943147,0.128517,0.131811
9781,24,0.356794,0.010004,0.010004,0.09352,0.529679,0.056919,0.943081,0.126297,0.125714
9782,30,0.356442,0.010001,0.010001,0.093524,0.530033,0.056882,0.943118,0.119759,0.119742
9783,24,0.356512,0.009999,0.009999,0.093514,0.529976,0.056726,0.943274,0.121917,0.122571
9784,24,0.35674,0.009996,0.010024,0.093477,0.529763,0.056834,0.943166,0.117259,0.116403
9785,32,0.356599,0.010002,0.010002,0.0935,0.529896,0.056905,0.943095,0.129531,0.12888
9786,24,0.356682,0.009995,0.009995,0.093458,0.529869,0.05639,0.94361,0.110689,0.113317
9787,32,0.356398,0.010002,0.010002,0.093474,0.530124,0.056344,0.943656,0.121576,0.121607
9788,24,0.356102,0.010005,0.010005,0.093518,0.530371,0.055857,0.944143,0.126001,0.128509
9789,30,0.355867,0.010004,0.010004,0.093553,0.530572,0.055525,0.944475,0.129717,0.131319
9790,30,0.355887,0.01,0.01,0.093552,0.530562,0.055494,0.944506,0.109641,0.109492
9791,32,0.356106,0.009997,0.009997,0.09352,0.530381,0.055762,0.944238,0.110906,0.109139
9792,24,0.355975,0.010002,0.010002,0.093538,0.530484,0.055132,0.944868,0.12661,0.129875
9793,24,0.356215,0.009996,0.009996,0.093503,0.530289,0.056308,0.943692,0.11118,0.104392
9794,30,0.355975,0.010004,0.010004,0.093537,0.530481,0.056419,0.943581,0.123061,0.122202
9795,26,0.35577,0.01,0.01,0.09354,0.53069,0.056089,0.943911,0.118681,0.120338
9796,32,0.355901,0.009998,0.009998,0.093521,0.530582,0.056269,0.943731,0.10765,0.106421
9797,24,0.355824,0.009998,0.009998,0.0935,0.53068,0.055725,0.944275,0.119637,0.122434
9798,30,0.355719,0.010002,0.010002,0.093515,0.530763,0.056017,0.943983,0.121863,0.12
9799,30,0.356001,0.009996,0.009996,0.093474,0.530533,0.056309,0.943691,0.108231,0.106329
9800,24,0.355987,0.010031,0.01,0.093471,0.530512,0.055471,0.944529,0.12988,0.134357
9801,26,0.35579,0.01,0.01,0.093475,0.530734,0.055101,0.944899,0.1186,0.120438
9802,24,0.355493,0.010005,0.010005,0.093518,0.530979,0.054449,0.945551,0.126043,0.129418
9803,32,0.355348,0.010002,0.010002,0.093541,0.531106,0.054406,0.945594,0.129601,0.129628
9804,30,0.355112,0.010004,0.010004,0.093576,0.531305,0.054158,0.945842,0.129737,0.130879
9805,24,0.35505,0.010001,0.010001,0.093586,0.531362,0.054174,0.945826,0.123109,0.122795
9806,32,0.355205,0.009998,0.009998,0.093564,0.531236,0.05513,0.94487,0.115168,0.109756
9807,26,0.354777,0.010007,0.010007,0.093625,0.531585,0.054691,0.945309,0.128445,0.130658
9808,26,0.354644,0.010002,0.010002,0.093646,0.531705,0.054191,0.945809,0.128088,0.130629
9809,32,0.354498,0.010002,0.010002,0.093668,0.53183,0.054216,0.945784,0.120271,0.119911
9810,24,0.354499,0.01,0.01,0.093669,0.531832,0.054204,0.945796,0.12168,0.121524
9811,32,0.354499,0.01,0.01,0.093669,0.531832,0.054541,0.945459,0.12071,0.118686
9812,30,0.354903,0.009994,0.009994,0.09361,0.5315,0.054845,0.945155,0.103159,0.101212
9813,30,0.354584,0.010334,0.010784,0.093488,0.530809,0.054926,0.945074,0.135786,0.135133
9814,24,0.354607,0.010014,0.010014,0.093616,0.531749,0.054542,0.945458,0.121945,0.123844
9815,30,0.354379,0.010004,0.010004,0.093654,0.53196,0.054711,0.945289,0.12968,0.128518
9816,24,0.354317,0.010001,0.010001,0.093664,0.532017,0.05501,0.94499,0.1232,0.121354
9817,32,0.354714,0.009994,0.009994,0.093606,0.531692,0.05568,0.94432,0.092732,0.088792
9818,24,0.354709,0.01,0.01,0.093605,0.531685,0.056582,0.943418,0.121703,0.116357
9819,24,0.354874,0.009994,0.009994,0.093551,0.531587,0.056848,0.943152,0.11331,0.111588
9820,38,0.354285,0.010001,0.010001,0.093561,0.532152,0.056637,0.943363,0.127329,0.128299
9821,36,0.354311,0.009997,0.009997,0.093535,0.53216,0.057254,0.942746,0.109364,0.105661
9822,32,0.353829,0.010557,0.009996,0.093499,0.532119,0.056905,0.943095,0.136976,0.138736
9823,24,0.353726,0.01001,0.01001,0.093594,0.53266,0.056795,0.943205,0.128143,0.128542
9824,24,0.353973,0.009996,0.009996,0.093561,0.532473,0.057517,0.942483,0.117374,0.112998
9825,24,0.353533,0.010003,0.010003,0.093593,0.532867,0.057125,0.942875,0.125437,0.127469
9826,24,0.3537,0.009994,0.009994,0.093539,0.532772,0.057046,0.942954,0.11325,0.113447
9827,26,0.353807,0.009998,0.009998,0.093522,0.532675,0.057122,0.942878,0.114594,0.113945
9828,32,0.353757,0.010001,0.010001,0.093529,0.532713,0.057405,0.942595,0.11099,0.109149
9829,24,0.35408,0.009995,0.009995,0.093482,0.532448,0.056689,0.943311,0.111758,0.115596
9830,32,0.354016,0.010033,0.01,0.093485,0.532465,0.056998,0.943002,0.126243,0.124258
9831,24,0.35373,0.010005,0.010005,0.093531,0.532729,0.056514,0.943486,0.125978,0.128496
9832,24,0.353456,0.010066,0.010078,0.093552,0.532848,0.056452,0.943548,0.126122,0.126228
9833,30,0.353268,0.010005,0.010005,0.0936,0.533122,0.056291,0.943709,0.123182,0.123853
9834,24,0.35342,0.009995,0.009995,0.093549,0.533042,0.055778,0.944222,0.108451,0.111069
9835,30,0.353315,0.010097,0.010438,0.093483,0.532667,0.056147,0.943853,0.129119,0.126805
9836,32,0.353367,0.010004,0.010253,0.093517,0.53286,0.056165,0.943835,0.126282,0.125959
9837,26,0.353181,0.010001,0.010001,0.093524,0.533293,0.055497,0.944503,0.120517,0.124047
9838,26,0.353817,0.00999,0.00999,0.093433,0.53277,0.054944,0.945056,0.101875,0.104648
9839,24,0.353582,0.010003,0.010003,0.093464,0.532948,0.054898,0.945102,0.126212,0.126243
9840,26,0.353713,0.009998,0.009998,0.093446,0.532845,0.054259,0.945741,0.118463,0.121746
9841,30,0.353712,0.01,0.01,0.093445,0.532843,0.054132,0.945868,0.136164,0.136621
9842,32,0.353712,0.01,0.01,0.093445,0.532843,0.054343,0.945657,0.11599,0.114634
9843,30,0.35326,0.010599,0.009998,0.093424,0.53272,0.053856,0.946144,0.129566,0.131973
9844,36,0.354156,0.009995,0.009995,0.09338,0.532473,0.053953,0.946047,0.10046,0.099714
9845,30,0.353656,0.010725,0.009996,0.093346,0.532277,0.053924,0.946076,0.139502,0.139418
9846,32,0.353763,0.01001,0.01001,0.093435,0.532783,0.054033,0.945967,0.115669,0.114855
9847,24,0.354509,0.009989,0.009989,0.09333,0.532184,0.053471,0.946529,0.098317,0.101069
9848,26,0.354428,0.010001,0.010001,0.093338,0.532232,0.053683,0.946317,0.120785,0.119468
9849,26,0.354896,0.009993,0.009993,0.093271,0.531848,0.053764,0.946236,0.104181,0.103511
9850,26,0.354932,0.009996,0.009996,0.093235,0.531841,0.053998,0.946002,0.110887,0.109452
9851,32,0.354295,0.01035,0.010791,0.093159,0.531406,0.054359,0.945641,0.129908,0.127754
9852,24,0.353806,0.01086,0.010819,0.093152,0.531364,0.053499,0.946501,0.134157,0.138601
9853,24,0.354871,0.010005,0.010265,0.093203,0.531656,0.05349,0.94651,0.107354,0.107158
9854,24,0.354967,0.010003,0.010003,0.093228,0.531799,0.054396,0.945604,0.121673,0.116533
9855,26,0.354543,0.010007,0.010007,0.09329,0.532154,0.054014,0.945986,0.134177,0.136065
9856,36,0.354287,0.009998,0.01012,0.093272,0.532323,0.053943,0.946057,0.12204,0.122218
9857,32,0.354663,0.009996,0.009996,0.093235,0.53211,0.054319,0.945681,0.111939,0.109714
9858,24,0.354362,0.010005,0.010005,0.093277,0.532352,0.05382,0.94618,0.134299,0.136804
9859,26,0.35454,0.009995,0.010119,0.093235,0.532111,0.05392,0.94608,0.117502,0.116756
9860,32,0.35476,0.009998,0.009998,0.09322,0.532023,0.053954,0.946046,0.106583,0.106203
9861,36,0.354414,0.009995,0.010687,0.093169,0.531735,0.05424,0.94576,0.130275,0.128547
9862,24,0.354516,0.010006,0.010006,0.093222,0.532251,0.053871,0.946129,0.121098,0.122889
9863,26,0.354313,0.01,0.01,0.093225,0.532462,0.053783,0.946217,0.124245,0.124516
9864,24,0.35408,0.01,0.01,0.093228,0.532692,0.053354,0.946646,0.120437,0.122509
9865,26,0.353942,0.010002,0.010002,0.093248,0.532806,0.052825,0.947175,0.124322,0.126956
9866,26,0.353771,0.010001,0.0101,0.093259,0.532869,0.052935,0.947065,0.128074,0.127312
9867,24,0.353807,0.010001,0.010001,0.093268,0.532923,0.053842,0.946158,0.121694,0.116605
9868,32,0.353659,0.010002,0.010002,0.09329,0.533046,0.053866,0.946134,0.120287,0.119936
9869,24,0.354223,0.009991,0.009991,0.093209,0.532585,0.054032,0.945968,0.107409,0.106276
9870,26,0.354009,0.01,0.01,0.093209,0.532781,0.053378,0.946622,0.124384,0.127726
9871,26,0.353942,0.010001,0.010001,0.093219,0.532837,0.053091,0.946909,0.122422,0.123786
9872,26,0.353805,0.010002,0.010002,0.093239,0.532952,0.052413,0.947587,0.128221,0.131646
9873,36,0.353615,0.009999,0.009999,0.093229,0.533158,0.052417,0.947583,0.117515,0.117299
9874,32,0.353916,0.009995,0.009995,0.093186,0.532908,0.052619,0.947381,0.095842,0.094538
9875,24,0.354235,0.009995,0.009995,0.093138,0.532637,0.052644,0.947356,0.111673,0.111293
9876,24,0.354554,0.009995,0.009995,0.093091,0.532366,0.052269,0.947731,0.119968,0.121725
9877,24,0.35511,0.009991,0.009991,0.093009,0.531898,0.053099,0.946901,0.107305,0.10274
9878,24,0.355665,0.009991,0.009991,0.092926,0.531426,0.053027,0.946973,0.107454,0.107594
9879,24,0.355594,0.010001,0.010001,0.092934,0.53147,0.053241,0.946759,0.12321,0.121868
9880,36,0.355623,0.009997,0.009997,0.092909,0.531473,0.053802,0.946198,0.110382,0.107183
9881,26,0.355265,0.010446,0.009999,0.092896,0.531394,0.053604,0.946396,0.129343,0.130224
9882,36,0.355154,0.010002,0.010002,0.092916,0.531926,0.053712,0.946288,0.120039,0.119225
9883,24,0.35518,0.01,0.01,0.092913,0.531908,0.053404,0.946596,0.116045,0.117467
9884,26,0.355042,0.010002,0.010002,0.092932,0.532021,0.053025,0.946975,0.128165,0.130022
9885,30,0.354998,0.009996,0.009996,0.092892,0.532118,0.05246,0.94754,0.10956,0.112338
9886,32,0.355175,0.009997,0.009997,0.092866,0.531966,0.052404,0.947596,0.122129,0.122253
9887,30,0.354934,0.010004,0.010004,0.092899,0.532159,0.05288,0.94712,0.123164,0.120451
9888,32,0.355971,0.009984,0.009984,0.092751,0.53131,0.053106,0.946894,0.083848,0.082419
9889,24,0.355831,0.010002,0.010002,0.092767,0.531399,0.052476,0.947524,0.126535,0.129652
9890,24,0.355437,0.010274,0.010002,0.092785,0.531502,0.052158,0.947842,0.134208,0.135678
9891,24,0.355461,0.010004,0.010004,0.092821,0.53171,0.051614,0.948386,0.116902,0.119527
9892,24,0.355259,0.01,0.01,0.092821,0.53192,0.051604,0.948396,0.120448,0.120286
9893,30,0.355451,0.009997,0.009997,0.092793,0.531762,0.051991,0.948009,0.116199,0.113948
9894,24,0.355472,0.01,0.01,0.092789,0.53174,0.051924,0.948076,0.124268,0.124399
9895,24,0.35553,0.009996,0.010226,0.092748,0.531502,0.05273,0.94727,0.117932,0.113499
9896,30,0.356054,0.009995,0.009995,0.092704,0.531251,0.053142,0.946858,0.102801,0.100353
9897,24,0.356051,0.01,0.01,0.092703,0.531246,0.052441,0.947559,0.121709,0.125204
9898,32,0.356214,0.009997,0.009997,0.092679,0.531112,0.052584,0.947416,0.113344,0.112396
9899,32,0.356745,0.009986,0.010348,0.09255,0.530371,0.051501,0.948499,0.10683,0.112234
9900,26,0.357081,0.01,0.01,0.09255,0.530369,0.050982,0.949018,0.113759,0.116217
9901,24,0.357029,0.009998,0.009998,0.092527,0.53045,0.050451,0.949549,0.111877,0.11437
9902,32,0.357678,0.00999,0.00999,0.092433,0.529909,0.050366,0.949634,0.098903,0.099132
9903,26,0.357437,0.010272,0.009999,0.092425,0.529867,0.05,0.95,0.128051,0.131199
9904,26,0.357727,0.009997,0.009997,0.092394,0.529885,0.05,0.95,0.11259,0.113011
9905,26,0.357655,0.010001,0.010001,0.092404,0.52994,0.05,0.95,0.123619,0.12739
9906,26,0.357894,0.009996,0.009996,0.092369,0.529744,0.050059,0.949941,0.111285,0.110821
9907,32,0.357843,0.010001,0.010001,0.092376,0.52978,0.050252,0.949748,0.126474,0.125335
9908,32,0.357889,0.009995,0.009995,0.092325,0.529797,0.050398,0.949602,0.097346,0.096449
9909,30,0.357901,0.01,0.01,0.092322,0.529778,0.050331,0.949669,0.109617,0.10969
9910,30,0.357798,0.010002,0.010002,0.092337,0.529862,0.050785,0.949215,0.122014,0.119514
9911,24,0.357955,0.009998,0.009998,0.092315,0.529735,0.050361,0.949639,0.114723,0.116668
9912,26,0.357528,0.010007,0.010007,0.092375,0.530083,0.05004,0.94996,0.13426,0.135709
9913,32,0.357664,0.009998,0.009998,0.092358,0.529982,0.050447,0.949553,0.123212,0.120977
9914,24,0.357301,0.010006,0.010006,0.092409,0.530279,0.05,0.95,0.135803,0.139282
9915,24,0.357008,0.010005,0.010005,0.092453,0.53053,0.05,0.95,0.126026,0.129418
9916,26,0.356874,0.010002,0.010002,0.092474,0.530648,0.05,0.95,0.122504,0.123637
9917,24,0.356671,0.01,0.01,0.092473,0.530856,0.05,0.95,0.122462,0.125261
9918,24,0.356374,0.010005,0.010005,0.092516,0.531101,0.05,0.95,0.128108,0.130897
9919,24,0.356161,0.009997,0.009997,0.092486,0.531359,0.05,0.95,0.114899,0.117459
9920,26,0.356089,0.010001,0.010001,0.092496,0.531413,0.05,0.95,0.123685,0.127792
9921,30,0.355986,0.010002,0.010002,0.092511,0.531499,0.050596,0.949404,0.12205,0.118874
9922,32,0.355644,0.01,0.01,0.092512,0.531843,0.05044,0.94956,0.133687,0.134296
9923,36,0.355439,0.009999,0.009999,0.092499,0.532066,0.050601,0.949399,0.125335,0.124338
9924,36,0.355741,0.009991,0.009991,0.092417,0.53186,0.051123,0.948877,0.092294,0.089405
9925,30,0.35538,0.01,0.01,0.09242,0.5322,0.051163,0.948837,0.129627,0.129235
9926,36,0.355133,0.009997,0.009997,0.092395,0.532477,0.051558,0.948442,0.113114,0.110901
9927,26,0.355172,0.009996,0.009996,0.092361,0.532474,0.051578,0.948422,0.1109,0.110617
9928,32,0.355711,0.009992,0.009992,0.092283,0.532023,0.051937,0.948063,0.093487,0.091416
9929,26,0.355498,0.01,0.01,0.092283,0.532219,0.051811,0.948189,0.12434,0.124814
9930,30,0.355943,0.009993,0.009993,0.092219,0.531852,0.05176,0.94824,0.112717,0.11272
9931,24,0.356178,0.009996,0.009996,0.092183,0.531647,0.051742,0.948258,0.117403,0.11728
9932,32,0.356302,0.009996,0.010143,0.092143,0.531416,0.052114,0.947886,0.121937,0.119847
9933,36,0.356082,0.009999,0.009999,0.092135,0.531785,0.052329,0.947671,0.120029,0.118692
9934,30,0.355843,0.010004,0.010004,0.092169,0.53198,0.051907,0.948093,0.12978,0.131779
9935,30,0.355432,0.01029,0.010015,0.092158,0.532104,0.051664,0.948336,0.135964,0.137011
9936,24,0.35578,0.009999,0.009999,0.092152,0.532069,0.052496,0.947504,0.117382,0.112824
9937,30,0.355509,0.009999,0.009999,0.092144,0.532349,0.052445,0.947555,0.11216,0.112207
9938,36,0.355769,0.009996,0.009996,0.092106,0.532133,0.052362,0.947638,0.110706,0.110957
9939,26,0.355984,0.009997,0.009997,0.092074,0.531948,0.051874,0.948126,0.113747,0.11609
9940,26,0.356307,0.009994,0.010054,0.092019,0.531626,0.051779,0.948221,0.114236,0.114516
9941,30,0.355882,0.009993,0.010946,0.09195,0.531229,0.052151,0.947849,0.131686,0.129555
9942,30,0.356046,0.010009,0.010009,0.092034,0.531901,0.052852,0.947148,0.118389,0.114503
9943,26,0.356053,0.01,0.01,0.092036,0.531911,0.053042,0.946958,0.122272,0.121048
9944,36,0.356141,0.009995,0.009995,0.091986,0.531884,0.053126,0.946874,0.110487,0.109798
9945,26,0.355642,0.010005,0.010005,0.092028,0.532322,0.052788,0.947212,0.1304,0.132004
9946,30,0.355484,0.010448,0.009996,0.091987,0.532086,0.052757,0.947243,0.136056,0.135987
9947,30,0.355747,0.01,0.01,0.091988,0.532264,0.052978,0.947022,0.113008,0.111663
9948,30,0.35574,0.009995,0.009995,0.091943,0.532327,0.05308,0.94692,0.108434,0.107637
9949,36,0.355685,0.009998,0.009998,0.091928,0.53239,0.053418,0.946582,0.122636,0.120631
9950,30,0.355783,0.009996,0.009996,0.091887,0.532338,0.053655,0.946345,0.112659,0.111189
9951,24,0.355406,0.010002,0.010002,0.09191,0.53268,0.053032,0.946968,0.124053,0.127193
9952,24,0.355408,0.01,0.01,0.09191,0.532682,0.053939,0.946061,0.121678,0.116572
9953,24,0.354959,0.01,0.01,0.091913,0.533127,0.053357,0.946643,0.125983,0.128934
9954,36,0.354767,0.009999,0.009999,0.091904,0.533331,0.053465,0.946535,0.124377,0.123604
9955,24,0.354391,0.01022,0.010002,0.091926,0.53346,0.052935,0.947065,0.127969,0.13057
9956,30,0.354559,0.010001,0.010001,0.091934,0.533506,0.052711,0.947289,0.118582,0.119544
9957,24,0.354799,0.009996,0.009996,0.0919,0.533309,0.053447,0.946553,0.117372,0.113259
9958,30,0.354627,0.01,0.01,0.091897,0.533477,0.053862,0.946138,0.128217,0.125788
9959,32,0.354516,0.009999,0.009999,0.091887,0.533598,0.054585,0.945415,0.107559,0.103449
9960,24,0.354217,0.010005,0.010005,0.09193,0.533844,0.053979,0.946021,0.134302,0.137406
9961,32,0.354338,0.009996,0.009996,0.091889,0.533782,0.053691,0.946309,0.118741,0.120106
9962,32,0.35364,0.011008,0.010303,0.091798,0.533251,0.053289,0.946711,0.139243,0.141216
9963,30,0.353866,0.010017,0.010017,0.091952,0.534149,0.053334,0.946666,0.12319,0.122758
9964,24,0.353504,0.010003,0.010003,0.091978,0.534512,0.052615,0.947385,0.1219,0.125534
9965,24,0.353735,0.009996,0.010028,0.091941,0.5343,0.05273,0.94727,0.117314,0.116502
9966,30,0.353505,0.010004,0.010004,0.091978,0.53451,0.052453,0.947547,0.12301,0.124256
9967,30,0.35406,0.009992,0.009992,0.0919,0.534057,0.053185,0.946815,0.105962,0.101936
9968,30,0.353708,0.010772,0.010519,0.091759,0.533242,0.05304,0.94696,0.129114,0.129665
9969,24,0.353971,0.010164,0.01001,0.091853,0.534001,0.052662,0.947338,0.120992,0.122775
9970,32,0.354188,0.009999,0.009999,0.091847,0.533966,0.052601,0.947399,0.122188,0.12232
9971,24,0.354188,0.01,0.01,0.091847,0.533965,0.053796,0.946204,0.11345,0.106906
9972,36,0.354223,0.009997,0.009997,0.091822,0.533961,0.053883,0.946117,0.110694,0.109943
9973,30,0.35408,0.009997,0.009997,0.091795,0.534131,0.054163,0.945837,0.103118,0.101397
9974,34,0.353984,0.010001,0.010001,0.091808,0.534206,0.054047,0.945953,0.124477,0.124895
9975,24,0.353536,0.01,0.01,0.091811,0.534652,0.053412,0.946588,0.119832,0.123058
9976,30,0.353131,0.010001,0.010001,0.091823,0.535044,0.053047,0.946953,0.113201,0.11493
9977,26,0.352704,0.010007,0.010007,0.091883,0.535399,0.052284,0.947716,0.134113,0.137964
9978,24,0.35241,0.010005,0.010005,0.091927,0.535653,0.051917,0.948083,0.12804,0.12977
9979,26,0.352681,0.009996,0.009996,0.09189,0.535437,0.051307,0.948693,0.11649,0.119456
9980,24,0.352314,0.010006,0.010006,0.091941,0.535734,0.05105,0.94895,0.129472,0.13061
9981,24,0.352019,0.010005,0.010005,0.091984,0.535987,0.050698,0.949302,0.128165,0.12979
9982,24,0.352263,0.009996,0.009996,0.091951,0.535793,0.050826,0.949174,0.11733,0.116468
9983,24,0.352187,0.010025,0.010001,0.091957,0.53583,0.050285,0.949715,0.123024,0.125587
9984,32,0.352167,0.009998,0.009998,0.091939,0.535898,0.050808,0.949192,0.107551,0.104738
9985,30,0.352752,0.009991,0.009991,0.091855,0.535411,0.05096,0.94904,0.096489,0.095513
9986,32,0.352797,0.009994,0.009994,0.091803,0.535412,0.050597,0.949403,0.115569,0.117249
9987,24,0.352344,0.01,0.01,0.091805,0.53585,0.050178,0.949822,0.125937,0.127879
9988,36,0.352513,0.009995,0.009995,0.091761,0.535736,0.050372,0.949628,0.114223,0.113013
9989,24,0.353202,0.009989,0.009989,0.091662,0.535158,0.051284,0.948716,0.096263,0.091463
9990,36,0.353002,0.009999,0.009999,0.09165,0.53535,0.051266,0.948734,0.117504,0.117409
9991,30,0.353198,0.009994,0.009994,0.091598,0.535215,0.050804,0.949196,0.109488,0.111601
9992,24,0.352762,0.010378,0.010001,0.091605,0.535254,0.050087,0.949913,0.125907,0.129354
9993,32,0.352615,0.010006,0.010006,0.091656,0.535718,0.05,0.95,0.127814,0.128091
9994,30,0.352184,0.009997,0.010315,0.091628,0.535876,0.050142,0.949858,0.126889,0.125986
9995,36,0.352462,0.009998,0.009998,0.091612,0.535929,0.050462,0.949538,0.113441,0.11162
9996,30,0.352538,0.009994,0.009994,0.091555,0.53592,0.050809,0.949191,0.106164,0.104236
9997,24,0.352985,0.009993,0.009993,0.09149,0.535539,0.051539,0.948461,0.108822,0.104857
9998,30,0.352613,0.010365,0.01,0.091489,0.535534,0.051244,0.948756,0.129578,0.130902
9999,36,0.35255,0.010003,0.010003,0.091512,0.535933,0.051226,0.948774,0.117507,0.117418
