game_id,n_players,winner,village_win,n_days,n_suspicion_agents,suspicion_agent_id,suspicion_agent_role,suspicion_agent_survived,suspicion_agent_won,n_susp_agents_survived,n_susp_agents_won,total_votes,correct_wolf_votes,false_accusations,wolf_vote_precision,wolf_vote_recall,false_accusation_rate,total_wolves,wolves_executed,day_first_wolf_executed,rnd_votes,heur_votes,bay_votes,mcts_votes,logic_votes,heur_susp_votes,bay_susp_votes,mcts_susp_votes,rnd_correct_pct,heur_correct_pct,bay_correct_pct,mcts_correct_pct,logic_correct_pct,heur_susp_correct_pct,bay_susp_correct_pct,mcts_susp_correct_pct,mean_sigma_wolves,mean_sigma_nonwolves,sigma_gap,mean_combined_wolves,mean_combined_nonwolves,combined_gap,mean_d1,mean_d2,mean_d3,mean_d4,mean_d5,mean_d1_wolves,mean_d1_nonwolves,mean_d2_wolves,mean_d2_nonwolves,mean_d3_wolves,mean_d3_nonwolves,mean_d4_wolves,mean_d4_nonwolves,mean_d5_wolves,mean_d5_nonwolves
0,8,WOLF,False,2,4,P1,VILLAGER,False,False,0,0,14,0,14,0.0,0.0,1.0,2,0,,0,0,8,0,0,0,6,0,,,0.0,,,,0.0,,0.4062,0.4422,-0.036,0.4025,0.3895,0.013,0.0,0.0,0.2812,0.0,0.0,0.0,0.0,0.0,0.0,0.0,0.45,0.0,0.0,0.0,0.0
1,8,WOLF,False,2,4,P1,VILLAGER,False,False,0,1,14,0,14,0.0,0.0,1.0,2,0,,0,0,8,0,0,0,6,0,,,0.0,,,,0.0,,0.4229,0.4322,-0.0093,0.3863,0.3992,-0.0129,0.0,0.0,0.2812,0.0,0.0,0.0,0.0,0.0,0.0,0.2083,0.325,0.0,0.0,0.0,0.0
2,8,WOLF,False,2,4,P1,VILLAGER,False,False,0,1,14,0,14,0.0,0.0,1.0,2,0,,0,0,8,0,0,0,6,0,,,0.0,,,,0.0,,0.4062,0.4422,-0.036,0.4025,0.3894,0.0131,0.0,0.0,0.2812,0.0,0.0,0.0,0.0,0.0,0.0,0.0,0.45,0.0,0.0,0.0,0.0
3,8,WOLF,False,2,4,P1,SEER,False,False,0,1,14,0,14,0.0,0.0,1.0,2,0,,0,0,8,0,0,0,6,0,,,0.0,,,,0.0,,0.4328,0.4262,0.0066,0.4131,0.3831,0.03,0.0,0.0,0.2812,0.0,0.0,0.0,0.0,0.0,0.0,0.3333,0.25,0.0,0.0,0.0,0.0
4,8,WOLF,False,2,4,P1,VILLAGER,False,False,0,1,14,0,14,0.0,0.0,1.0,2,0,,0,0,8,0,0,0,6,0,,,0.0,,,,0.0,,0.4229,0.4322,-0.0093,0.3863,0.3992,-0.0129,0.0,0.0,0.2812,0.0,0.0,0.0,0.0,0.0,0.0,0.2083,0.325,0.0,0.0,0.0,0.0
5,8,WOLF,False,2,4,P1,VILLAGER,False,False,0,0,14,0,14,0.0,0.0,1.0,2,0,,0,0,8,0,0,0,6,0,,,0.0,,,,0.0,,0.4062,0.4421,-0.0359,0.4025,0.3894,0.0131,0.0,0.0,0.2812,0.0,0.0,0.0,0.0,0.0,0.0,0.0,0.45,0.0,0.0,0.0,0.0
6,8,WOLF,False,2,4,P1,SEER,False,False,0,1,14,0,14,0.0,0.0,1.0,2,0,,0,0,8,0,0,0,6,0,,,0.0,,,,0.0,,0.4229,0.4321,-0.0092,0.3863,0.3991,-0.0128,0.0,0.0,0.2812,0.0,0.0,0.0,0.0,0.0,0.0,0.2083,0.325,0.0,0.0,0.0,0.0
7,8,WOLF,False,2,4,P1,SEER,False,False,0,1,14,0,14,0.0,0.0,1.0,2,0,,0,0,8,0,0,0,6,0,,,0.0,,,,0.0,,0.4061,0.442,-0.0359,0.4025,0.3894,0.0131,0.0,0.0,0.2812,0.0,0.0,0.0,0.0,0.0,0.0,0.0,0.45,0.0,0.0,0.0,0.0
8,8,WOLF,False,2,4,P1,VILLAGER,False,False,0,0,14,0,14,0.0,0.0,1.0,2,0,,0,0,8,0,0,0,6,0,,,0.0,,,,0.0,,0.4061,0.442,-0.0359,0.4025,0.3894,0.0131,0.0,0.0,0.2812,0.0,0.0,0.0,0.0,0.0,0.0,0.0,0.45,0.0,0.0,0.0,0.0
9,8,WOLF,False,2,4,P1,VILLAGER,False,False,0,1,14,0,14,0.0,0.0,1.0,2,0,,0,0,8,0,0,0,6,0,,,0.0,,,,0.0,,0.4326,0.4261,0.0065,0.413,0.383,0.03,0.0,0.0,0.2812,0.0,0.0,0.0,0.0,0.0,0.0,0.3333,0.25,0.0,0.0,0.0,0.0
10,8,WOLF,False,2,4,P1,VILLAGER,False,False,0,1,14,0,14,0.0,0.0,1.0,2,0,,0,0,8,0,0,0,6,0,,,0.0,,,,0.0,,0.4326,0.4261,0.0065,0.413,0.383,0.03,0.0,0.0,0.2812,0.0,0.0,0.0,0.0,0.0,0.0,0.3333,0.25,0.0,0.0,0.0,0.0
11,8,WOLF,False,2,4,P1,VILLAGER,False,False,0,1,14,0,14,0.0,0.0,1.0,2,0,,0,0,8,0,0,0,6,0,,,0.0,,,,0.0,,0.4228,0.432,-0.0092,0.3862,0.3991,-0.0129,0.0,0.0,0.2812,0.0,0.0,0.0,0.0,0.0,0.0,0.2083,0.325,0.0,0.0,0.0,0.0
12,8,WOLF,False,2,4,P1,POSSESSED,False,True,0,1,14,0,14,0.0,0.0,1.0,2,0,,0,0,8,0,0,0,6,0,,,0.0,,,,0.0,,0.4228,0.4319,-0.0091,0.3862,0.3991,-0.0129,0.0,0.0,0.2812,0.0,0.0,0.0,0.0,0.0,0.0,0.2083,0.325,0.0,0.0,0.0,0.0
13,8,WOLF,False,2,4,P1,SEER,False,False,0,0,14,0,14,0.0,0.0,1.0,2,0,,0,0,8,0,0,0,6,0,,,0.0,,,,0.0,,0.4061,0.4419,-0.0358,0.4024,0.3893,0.0131,0.0,0.0,0.2812,0.0,0.0,0.0,0.0,0.0,0.0,0.0,0.45,0.0,0.0,0.0,0.0
14,8,WOLF,False,2,4,P1,VILLAGER,False,False,0,1,14,0,14,0.0,0.0,1.0,2,0,,0,0,8,0,0,0,6,0,,,0.0,,,,0.0,,0.4324,0.4261,0.0063,0.413,0.383,0.03,0.0,0.0,0.2812,0.0,0.0,0.0,0.0,0.0,0.0,0.3333,0.25,0.0,0.0,0.0,0.0
15,8,WOLF,False,2,4,P1,VILLAGER,False,False,0,1,14,0,14,0.0,0.0,1.0,2,0,,0,0,8,0,0,0,6,0,,,0.0,,,,0.0,,0.4324,0.4261,0.0063,0.413,0.383,0.03,0.0,0.0,0.2812,0.0,0.0,0.0,0.0,0.0,0.0,0.3333,0.25,0.0,0.0,0.0,0.0
16,8,WOLF,False,2,4,P1,VILLAGER,False,False,0,1,14,0,14,0.0,0.0,1.0,2,0,,0,0,8,0,0,0,6,0,,,0.0,,,,0.0,,0.4227,0.4318,-0.0091,0.3863,0.3991,-0.0128,0.0,0.0,0.2812,0.0,0.0,0.0,0.0,0.0,0.0,0.2083,0.325,0.0,0.0,0.0,0.0
17,8,WOLF,False,2,4,P1,VILLAGER,False,False,0,0,14,0,14,0.0,0.0,1.0,2,0,,0,0,8,0,0,0,6,0,,,0.0,,,,0.0,,0.406,0.4418,-0.0358,0.4024,0.3894,0.013,0.0,0.0,0.2812,0.0,0.0,0.0,0.0,0.0,0.0,0.0,0.45,0.0,0.0,0.0,0.0
18,8,WOLF,False,2,4,P1,SEER,False,False,0,1,14,0,14,0.0,0.0,1.0,2,0,,0,0,8,0,0,0,6,0,,,0.0,,,,0.0,,0.4323,0.426,0.0063,0.4129,0.383,0.0299,0.0,0.0,0.2812,0.0,0.0,0.0,0.0,0.0,0.0,0.3333,0.25,0.0,0.0,0.0,0.0
19,8,WOLF,False,2,4,P1,SEER,False,False,0,0,14,0,14,0.0,0.0,1.0,2,0,,0,0,8,0,0,0,6,0,,,0.0,,,,0.0,,0.406,0.4418,-0.0358,0.4024,0.3894,0.013,0.0,0.0,0.2812,0.0,0.0,0.0,0.0,0.0,0.0,0.0,0.45,0.0,0.0,0.0,0.0
20,8,WOLF,False,2,4,P1,VILLAGER,False,False,0,0,14,0,14,0.0,0.0,1.0,2,0,,0,0,8,0,0,0,6,0,,,0.0,,,,0.0,,0.406,0.4417,-0.0357,0.4024,0.3894,0.013,0.0,0.0,0.2812,0.0,0.0,0.0,0.0,0.0,0.0,0.0,0.45,0.0,0.0,0.0,0.0
21,8,WOLF,False,2,4,P1,VILLAGER,False,False,0,1,14,0,14,0.0,0.0,1.0,2,0,,0,0,8,0,0,0,6,0,,,0.0,,,,0.0,,0.4322,0.426,0.0062,0.4129,0.383,0.0299,0.0,0.0,0.2812,0.0,0.0,0.0,0.0,0.0,0.0,0.3333,0.25,0.0,0.0,0.0,0.0
22,8,WOLF,False,2,4,P1,VILLAGER,False,False,0,1,14,0,14,0.0,0.0,1.0,2,0,,0,0,8,0,0,0,6,0,,,0.0,,,,0.0,,0.4227,0.4317,-0.009,0.3863,0.399,-0.0127,0.0,0.0,0.2812,0.0,0.0,0.0,0.0,0.0,0.0,0.2083,0.325,0.0,0.0,0.0,0.0
23,8,WOLF,False,2,4,P1,VILLAGER,False,False,0,0,14,0,14,0.0,0.0,1.0,2,0,,0,0,8,0,0,0,6,0,,,0.0,,,,0.0,,0.4059,0.4416,-0.0357,0.4024,0.3893,0.0131,0.0,0.0,0.2812,0.0,0.0,0.0,0.0,0.0,0.0,0.0,0.45,0.0,0.0,0.0,0.0
24,8,WOLF,False,2,4,P1,SEER,False,False,0,1,14,0,14,0.0,0.0,1.0,2,0,,0,0,8,0,0,0,6,0,,,0.0,,,,0.0,,0.4321,0.4259,0.0062,0.4129,0.383,0.0299,0.0,0.0,0.2812,0.0,0.0,0.0,0.0,0.0,0.0,0.3333,0.25,0.0,0.0,0.0,0.0
25,8,WOLF,False,2,4,P1,VILLAGER,False,False,0,1,14,0,14,0.0,0.0,1.0,2,0,,0,0,8,0,0,0,6,0,,,0.0,,,,0.0,,0.4321,0.4259,0.0062,0.4129,0.383,0.0299,0.0,0.0,0.2812,0.0,0.0,0.0,0.0,0.0,0.0,0.3333,0.25,0.0,0.0,0.0,0.0
26,8,WOLF,False,2,4,P1,VILLAGER,False,False,0,0,14,0,14,0.0,0.0,1.0,2,0,,0,0,8,0,0,0,6,0,,,0.0,,,,0.0,,0.4059,0.4416,-0.0357,0.4024,0.3893,0.0131,0.0,0.0,0.2812,0.0,0.0,0.0,0.0,0.0,0.0,0.0,0.45,0.0,0.0,0.0,0.0
27,8,WOLF,False,2,4,P1,VILLAGER,False,False,0,0,14,0,14,0.0,0.0,1.0,2,0,,0,0,8,0,0,0,6,0,,,0.0,,,,0.0,,0.4059,0.4416,-0.0357,0.4024,0.3893,0.0131,0.0,0.0,0.2812,0.0,0.0,0.0,0.0,0.0,0.0,0.0,0.45,0.0,0.0,0.0,0.0
28,8,WOLF,False,2,4,P1,POSSESSED,False,True,0,1,14,0,14,0.0,0.0,1.0,2,0,,0,0,8,0,0,0,6,0,,,0.0,,,,0.0,,0.4226,0.4316,-0.009,0.3863,0.399,-0.0127,0.0,0.0,0.2812,0.0,0.0,0.0,0.0,0.0,0.0,0.2083,0.325,0.0,0.0,0.0,0.0
29,8,WOLF,False,2,4,P1,VILLAGER,False,False,0,1,14,0,14,0.0,0.0,1.0,2,0,,0,0,8,0,0,0,6,0,,,0.0,,,,0.0,,0.432,0.4259,0.0061,0.4128,0.383,0.0298,0.0,0.0,0.2812,0.0,0.0,0.0,0.0,0.0,0.0,0.3333,0.25,0.0,0.0,0.0,0.0
30,8,WOLF,False,2,4,P1,VILLAGER,False,False,0,0,14,0,14,0.0,0.0,1.0,2,0,,0,0,8,0,0,0,6,0,,,0.0,,,,0.0,,0.4059,0.4415,-0.0356,0.4024,0.3893,0.0131,0.0,0.0,0.2812,0.0,0.0,0.0,0.0,0.0,0.0,0.0,0.45,0.0,0.0,0.0,0.0
31,8,WOLF,False,2,4,P1,VILLAGER,False,False,0,1,14,0,14,0.0,0.0,1.0,2,0,,0,0,8,0,0,0,6,0,,,0.0,,,,0.0,,0.4319,0.4259,0.006,0.4128,0.383,0.0298,0.0,0.0,0.2812,0.0,0.0,0.0,0.0,0.0,0.0,0.3333,0.25,0.0,0.0,0.0,0.0
32,8,WOLF,False,2,4,P1,SEER,False,False,0,1,14,0,14,0.0,0.0,1.0,2,0,,0,0,8,0,0,0,6,0,,,0.0,,,,0.0,,0.4225,0.4314,-0.0089,0.3862,0.3989,-0.0127,0.0,0.0,0.2812,0.0,0.0,0.0,0.0,0.0,0.0,0.2083,0.325,0.0,0.0,0.0,0.0
33,8,WOLF,False,2,4,P1,VILLAGER,False,False,0,0,14,0,14,0.0,0.0,1.0,2,0,,0,0,8,0,0,0,6,0,,,0.0,,,,0.0,,0.4058,0.4414,-0.0356,0.4023,0.3892,0.0131,0.0,0.0,0.2812,0.0,0.0,0.0,0.0,0.0,0.0,0.0,0.45,0.0,0.0,0.0,0.0
34,8,WOLF,False,2,4,P1,SEER,False,False,0,0,14,0,14,0.0,0.0,1.0,2,0,,0,0,8,0,0,0,6,0,,,0.0,,,,0.0,,0.4058,0.4414,-0.0356,0.4023,0.3892,0.0131,0.0,0.0,0.2812,0.0,0.0,0.0,0.0,0.0,0.0,0.0,0.45,0.0,0.0,0.0,0.0
35,8,WOLF,False,2,4,P1,POSSESSED,False,True,0,1,14,0,14,0.0,0.0,1.0,2,0,,0,0,8,0,0,0,6,0,,,0.0,,,,0.0,,0.4225,0.4314,-0.0089,0.3862,0.3989,-0.0127,0.0,0.0,0.2812,0.0,0.0,0.0,0.0,0.0,0.0,0.2083,0.325,0.0,0.0,0.0,0.0
36,8,WOLF,False,2,4,P1,VILLAGER,False,False,0,1,14,0,14,0.0,0.0,1.0,2,0,,0,0,8,0,0,0,6,0,,,0.0,,,,0.0,,0.4317,0.4258,0.0059,0.4127,0.383,0.0297,0.0,0.0,0.2812,0.0,0.0,0.0,0.0,0.0,0.0,0.3333,0.25,0.0,0.0,0.0,0.0
37,8,WOLF,False,2,4,P1,VILLAGER,False,False,0,1,14,0,14,0.0,0.0,1.0,2,0,,0,0,8,0,0,0,6,0,,,0.0,,,,0.0,,0.4225,0.4313,-0.0088,0.3862,0.3989,-0.0127,0.0,0.0,0.2812,0.0,0.0,0.0,0.0,0.0,0.0,0.2083,0.325,0.0,0.0,0.0,0.0
38,8,WOLF,False,2,4,P1,SEER,False,False,0,0,14,0,14,0.0,0.0,1.0,2,0,,0,0,8,0,0,0,6,0,,,0.0,,,,0.0,,0.4058,0.4413,-0.0355,0.4023,0.3892,0.0131,0.0,0.0,0.2812,0.0,0.0,0.0,0.0,0.0,0.0,0.0,0.45,0.0,0.0,0.0,0.0
39,8,WOLF,False,2,4,P1,VILLAGER,False,False,0,0,14,0,14,0.0,0.0,1.0,2,0,,0,0,8,0,0,0,6,0,,,0.0,,,,0.0,,0.4057,0.4412,-0.0355,0.4023,0.3892,0.0131,0.0,0.0,0.2812,0.0,0.0,0.0,0.0,0.0,0.0,0.0,0.45,0.0,0.0,0.0,0.0
40,8,WOLF,False,2,4,P1,SEER,False,False,0,1,14,0,14,0.0,0.0,1.0,2,0,,0,0,8,0,0,0,6,0,,,0.0,,,,0.0,,0.4224,0.4312,-0.0088,0.3862,0.3989,-0.0127,0.0,0.0,0.2812,0.0,0.0,0.0,0.0,0.0,0.0,0.2083,0.325,0.0,0.0,0.0,0.0
41,8,WOLF,False,2,4,P1,VILLAGER,False,False,0,0,14,0,14,0.0,0.0,1.0,2,0,,0,0,8,0,0,0,6,0,,,0.0,,,,0.0,,0.4057,0.4412,-0.0355,0.4023,0.3892,0.0131,0.0,0.0,0.2812,0.0,0.0,0.0,0.0,0.0,0.0,0.0,0.45,0.0,0.0,0.0,0.0
42,8,WOLF,False,2,4,P1,VILLAGER,False,False,0,1,14,0,14,0.0,0.0,1.0,2,0,,0,0,8,0,0,0,6,0,,,0.0,,,,0.0,,0.4315,0.4257,0.0058,0.4126,0.383,0.0296,0.0,0.0,0.2812,0.0,0.0,0.0,0.0,0.0,0.0,0.3333,0.25,0.0,0.0,0.0,0.0
43,8,WOLF,False,2,4,P1,VILLAGER,False,False,0,1,14,0,14,0.0,0.0,1.0,2,0,,0,0,8,0,0,0,6,0,,,0.0,,,,0.0,,0.4224,0.4312,-0.0088,0.3862,0.3988,-0.0126,0.0,0.0,0.2812,0.0,0.0,0.0,0.0,0.0,0.0,0.2083,0.325,0.0,0.0,0.0,0.0
44,8,WOLF,False,2,4,P1,VILLAGER,False,False,0,0,14,0,14,0.0,0.0,1.0,2,0,,0,0,8,0,0,0,6,0,,,0.0,,,,0.0,,0.4057,0.4411,-0.0354,0.4023,0.3892,0.0131,0.0,0.0,0.2812,0.0,0.0,0.0,0.0,0.0,0.0,0.0,0.45,0.0,0.0,0.0,0.0
45,8,WOLF,False,2,4,P1,POSSESSED,False,True,0,1,14,0,14,0.0,0.0,1.0,2,0,,0,0,8,0,0,0,6,0,,,0.0,,,,0.0,,0.4223,0.431,-0.0087,0.3862,0.3988,-0.0126,0.0,0.0,0.2812,0.0,0.0,0.0,0.0,0.0,0.0,0.2083,0.325,0.0,0.0,0.0,0.0
46,8,WOLF,False,2,4,P1,VILLAGER,False,False,0,1,14,0,14,0.0,0.0,1.0,2,0,,0,0,8,0,0,0,6,0,,,0.0,,,,0.0,,0.4223,0.431,-0.0087,0.3862,0.3988,-0.0126,0.0,0.0,0.2812,0.0,0.0,0.0,0.0,0.0,0.0,0.2083,0.325,0.0,0.0,0.0,0.0
47,8,WOLF,False,2,4,P1,VILLAGER,False,False,0,1,14,0,14,0.0,0.0,1.0,2,0,,0,0,8,0,0,0,6,0,,,0.0,,,,0.0,,0.4223,0.431,-0.0087,0.3862,0.3988,-0.0126,0.0,0.0,0.2812,0.0,0.0,0.0,0.0,0.0,0.0,0.2083,0.325,0.0,0.0,0.0,0.0
48,8,WOLF,False,2,4,P1,SEER,False,False,0,1,14,0,14,0.0,0.0,1.0,2,0,,0,0,8,0,0,0,6,0,,,0.0,,,,0.0,,0.4312,0.4256,0.0056,0.4125,0.3829,0.0296,0.0,0.0,0.2812,0.0,0.0,0.0,0.0,0.0,0.0,0.3333,0.25,0.0,0.0,0.0,0.0
49,8,WOLF,False,2,4,P1,VILLAGER,False,False,0,0,14,0,14,0.0,0.0,1.0,2,0,,0,0,8,0,0,0,6,0,,,0.0,,,,0.0,,0.4056,0.441,-0.0354,0.4022,0.3891,0.0131,0.0,0.0,0.2812,0.0,0.0,0.0,0.0,0.0,0.0,0.0,0.45,0.0,0.0,0.0,0.0
50,8,WOLF,False,2,4,P1,VILLAGER,False,False,0,0,14,0,14,0.0,0.0,1.0,2,0,,0,0,8,0,0,0,6,0,,,0.0,,,,0.0,,0.4056,0.4409,-0.0353,0.4022,0.3891,0.0131,0.0,0.0,0.2812,0.0,0.0,0.0,0.0,0.0,0.0,0.0,0.45,0.0,0.0,0.0,0.0
51,8,WOLF,False,2,4,P1,VILLAGER,False,False,0,0,14,0,14,0.0,0.0,1.0,2,0,,0,0,8,0,0,0,6,0,,,0.0,,,,0.0,,0.4056,0.4409,-0.0353,0.4022,0.3891,0.0131,0.0,0.0,0.2812,0.0,0.0,0.0,0.0,0.0,0.0,0.0,0.45,0.0,0.0,0.0,0.0
52,8,WOLF,False,2,4,P1,VILLAGER,False,False,0,1,14,0,14,0.0,0.0,1.0,2,0,,0,0,8,0,0,0,6,0,,,0.0,,,,0.0,,0.4055,0.4408,-0.0353,0.4022,0.3891,0.0131,0.0,0.0,0.2812,0.0,0.0,0.0,0.0,0.0,0.0,0.0,0.45,0.0,0.0,0.0,0.0
53,8,WOLF,False,2,4,P1,VILLAGER,False,False,0,0,14,0,14,0.0,0.0,1.0,2,0,,0,0,8,0,0,0,6,0,,,0.0,,,,0.0,,0.4055,0.4408,-0.0353,0.4022,0.3891,0.0131,0.0,0.0,0.2812,0.0,0.0,0.0,0.0,0.0,0.0,0.0,0.45,0.0,0.0,0.0,0.0
54,8,WOLF,False,2,4,P1,VILLAGER,False,False,0,1,14,0,14,0.0,0.0,1.0,2,0,,0,0,8,0,0,0,6,0,,,0.0,,,,0.0,,0.431,0.4255,0.0055,0.4125,0.3829,0.0296,0.0,0.0,0.2812,0.0,0.0,0.0,0.0,0.0,0.0,0.3333,0.25,0.0,0.0,0.0,0.0
55,8,WOLF,False,2,4,P1,VILLAGER,False,False,0,1,14,0,14,0.0,0.0,1.0,2,0,,0,0,8,0,0,0,6,0,,,0.0,,,,0.0,,0.4222,0.4308,-0.0086,0.3861,0.3987,-0.0126,0.0,0.0,0.2812,0.0,0.0,0.0,0.0,0.0,0.0,0.2083,0.325,0.0,0.0,0.0,0.0
56,8,WOLF,False,2,4,P1,VILLAGER,False,False,0,0,14,0,14,0.0,0.0,1.0,2,0,,0,0,8,0,0,0,6,0,,,0.0,,,,0.0,,0.4055,0.4408,-0.0353,0.4022,0.3891,0.0131,0.0,0.0,0.2812,0.0,0.0,0.0,0.0,0.0,0.0,0.0,0.45,0.0,0.0,0.0,0.0
57,8,WOLF,False,2,4,P1,VILLAGER,False,False,0,1,14,0,14,0.0,0.0,1.0,2,0,,0,0,8,0,0,0,6,0,,,0.0,,,,0.0,,0.4055,0.4407,-0.0352,0.4022,0.3891,0.0131,0.0,0.0,0.2812,0.0,0.0,0.0,0.0,0.0,0.0,0.0,0.45,0.0,0.0,0.0,0.0
58,8,WOLF,False,2,4,P1,SEER,False,False,0,0,14,0,14,0.0,0.0,1.0,2,0,,0,0,8,0,0,0,6,0,,,0.0,,,,0.0,,0.4055,0.4407,-0.0352,0.4022,0.3891,0.0131,0.0,0.0,0.2812,0.0,0.0,0.0,0.0,0.0,0.0,0.0,0.45,0.0,0.0,0.0,0.0
59,8,WOLF,False,2,4,P1,VILLAGER,False,False,0,0,14,0,14,0.0,0.0,1.0,2,0,,0,0,8,0,0,0,6,0,,,0.0,,,,0.0,,0.4054,0.4406,-0.0352,0.4022,0.389,0.0132,0.0,0.0,0.2812,0.0,0.0,0.0,0.0,0.0,0.0,0.0,0.45,0.0,0.0,0.0,0.0
60,8,WOLF,False,2,4,P1,VILLAGER,False,False,0,0,14,0,14,0.0,0.0,1.0,2,0,,0,0,8,0,0,0,6,0,,,0.0,,,,0.0,,0.4054,0.4406,-0.0352,0.4022,0.389,0.0132,0.0,0.0,0.2812,0.0,0.0,0.0,0.0,0.0,0.0,0.0,0.45,0.0,0.0,0.0,0.0
61,8,WOLF,False,2,4,P1,VILLAGER,False,False,0,1,14,0,14,0.0,0.0,1.0,2,0,,0,0,8,0,0,0,6,0,,,0.0,,,,0.0,,0.4054,0.4406,-0.0352,0.4022,0.389,0.0132,0.0,0.0,0.2812,0.0,0.0,0.0,0.0,0.0,0.0,0.0,0.45,0.0,0.0,0.0,0.0
62,8,WOLF,False,2,4,P1,VILLAGER,False,False,0,0,14,0,14,0.0,0.0,1.0,2,0,,0,0,8,0,0,0,6,0,,,0.0,,,,0.0,,0.4054,0.4406,-0.0352,0.4022,0.389,0.0132,0.0,0.0,0.2812,0.0,0.0,0.0,0.0,0.0,0.0,0.0,0.45,0.0,0.0,0.0,0.0
63,8,WOLF,False,2,4,P1,VILLAGER,False,False,0,1,14,0,14,0.0,0.0,1.0,2,0,,0,0,8,0,0,0,6,0,,,0.0,,,,0.0,,0.4307,0.4254,0.0053,0.4124,0.3829,0.0295,0.0,0.0,0.2812,0.0,0.0,0.0,0.0,0.0,0.0,0.3333,0.25,0.0,0.0,0.0,0.0
64,8,WOLF,False,2,4,P1,VILLAGER,False,False,0,1,14,0,14,0.0,0.0,1.0,2,0,,0,0,8,0,0,0,6,0,,,0.0,,,,0.0,,0.4054,0.4406,-0.0352,0.4022,0.389,0.0132,0.0,0.0,0.2812,0.0,0.0,0.0,0.0,0.0,0.0,0.0,0.45,0.0,0.0,0.0,0.0
65,8,WOLF,False,2,4,P1,POSSESSED,False,True,0,1,14,0,14,0.0,0.0,1.0,2,0,,0,0,8,0,0,0,6,0,,,0.0,,,,0.0,,0.4221,0.4305,-0.0084,0.3861,0.3987,-0.0126,0.0,0.0,0.2812,0.0,0.0,0.0,0.0,0.0,0.0,0.2083,0.325,0.0,0.0,0.0,0.0
66,8,WOLF,False,2,4,P1,VILLAGER,False,False,0,1,14,0,14,0.0,0.0,1.0,2,0,,0,0,8,0,0,0,6,0,,,0.0,,,,0.0,,0.4054,0.4405,-0.0351,0.4022,0.389,0.0132,0.0,0.0,0.2812,0.0,0.0,0.0,0.0,0.0,0.0,0.0,0.45,0.0,0.0,0.0,0.0
67,8,WOLF,False,2,4,P1,VILLAGER,False,False,0,0,14,0,14,0.0,0.0,1.0,2,0,,0,0,8,0,0,0,6,0,,,0.0,,,,0.0,,0.4053,0.4404,-0.0351,0.4022,0.389,0.0132,0.0,0.0,0.2812,0.0,0.0,0.0,0.0,0.0,0.0,0.0,0.45,0.0,0.0,0.0,0.0
68,8,WOLF,False,2,4,P1,SEER,False,False,0,1,14,0,14,0.0,0.0,1.0,2,0,,0,0,8,0,0,0,6,0,,,0.0,,,,0.0,,0.422,0.4304,-0.0084,0.3861,0.3986,-0.0125,0.0,0.0,0.2812,0.0,0.0,0.0,0.0,0.0,0.0,0.2083,0.325,0.0,0.0,0.0,0.0
69,8,WOLF,False,2,4,P1,VILLAGER,False,False,0,0,14,0,14,0.0,0.0,1.0,2,0,,0,0,8,0,0,0,6,0,,,0.0,,,,0.0,,0.4053,0.4404,-0.0351,0.4021,0.3889,0.0132,0.0,0.0,0.2812,0.0,0.0,0.0,0.0,0.0,0.0,0.0,0.45,0.0,0.0,0.0,0.0
70,8,WOLF,False,2,4,P1,SEER,False,False,0,0,14,0,14,0.0,0.0,1.0,2,0,,0,0,8,0,0,0,6,0,,,0.0,,,,0.0,,0.4053,0.4404,-0.0351,0.4021,0.3889,0.0132,0.0,0.0,0.2812,0.0,0.0,0.0,0.0,0.0,0.0,0.0,0.45,0.0,0.0,0.0,0.0
71,8,WOLF,False,2,4,P1,SEER,False,False,0,0,14,0,14,0.0,0.0,1.0,2,0,,0,0,8,0,0,0,6,0,,,0.0,,,,0.0,,0.4053,0.4404,-0.0351,0.4021,0.3889,0.0132,0.0,0.0,0.2812,0.0,0.0,0.0,0.0,0.0,0.0,0.0,0.45,0.0,0.0,0.0,0.0
72,8,WOLF,False,2,4,P1,SEER,False,False,0,1,14,0,14,0.0,0.0,1.0,2,0,,0,0,8,0,0,0,6,0,,,0.0,,,,0.0,,0.4053,0.4403,-0.035,0.4021,0.3889,0.0132,0.0,0.0,0.2812,0.0,0.0,0.0,0.0,0.0,0.0,0.0,0.45,0.0,0.0,0.0,0.0
73,8,WOLF,False,2,4,P1,POSSESSED,False,True,0,1,14,0,14,0.0,0.0,1.0,2,0,,0,0,8,0,0,0,6,0,,,0.0,,,,0.0,,0.4219,0.4302,-0.0083,0.3861,0.3985,-0.0124,0.0,0.0,0.2812,0.0,0.0,0.0,0.0,0.0,0.0,0.2083,0.325,0.0,0.0,0.0,0.0
74,8,WOLF,False,2,4,P1,SEER,False,False,0,0,14,0,14,0.0,0.0,1.0,2,0,,0,0,8,0,0,0,6,0,,,0.0,,,,0.0,,0.4052,0.4402,-0.035,0.4021,0.3889,0.0132,0.0,0.0,0.2812,0.0,0.0,0.0,0.0,0.0,0.0,0.0,0.45,0.0,0.0,0.0,0.0
75,8,WOLF,False,2,4,P1,VILLAGER,False,False,0,1,14,0,14,0.0,0.0,1.0,2,0,,0,0,8,0,0,0,6,0,,,0.0,,,,0.0,,0.4219,0.4302,-0.0083,0.3861,0.3985,-0.0124,0.0,0.0,0.2812,0.0,0.0,0.0,0.0,0.0,0.0,0.2083,0.325,0.0,0.0,0.0,0.0
76,8,WOLF,False,2,4,P1,VILLAGER,False,False,0,1,14,0,14,0.0,0.0,1.0,2,0,,0,0,8,0,0,0,6,0,,,0.0,,,,0.0,,0.4052,0.4402,-0.035,0.4021,0.3889,0.0132,0.0,0.0,0.2812,0.0,0.0,0.0,0.0,0.0,0.0,0.0,0.45,0.0,0.0,0.0,0.0
77,8,WOLF,False,2,4,P1,VILLAGER,False,False,0,0,14,0,14,0.0,0.0,1.0,2,0,,0,0,8,0,0,0,6,0,,,0.0,,,,0.0,,0.4052,0.4402,-0.035,0.4021,0.3889,0.0132,0.0,0.0,0.2812,0.0,0.0,0.0,0.0,0.0,0.0,0.0,0.45,0.0,0.0,0.0,0.0
78,8,WOLF,False,2,4,P1,VILLAGER,False,False,0,1,14,0,14,0.0,0.0,1.0,2,0,,0,0,8,0,0,0,6,0,,,0.0,,,,0.0,,0.4301,0.4252,0.0049,0.4121,0.3829,0.0292,0.0,0.0,0.2812,0.0,0.0,0.0,0.0,0.0,0.0,0.3333,0.25,0.0,0.0,0.0,0.0
79,8,WOLF,False,2,4,P1,VILLAGER,False,False,0,1,14,0,14,0.0,0.0,1.0,2,0,,0,0,8,0,0,0,6,0,,,0.0,,,,0.0,,0.4301,0.4252,0.0049,0.4121,0.3829,0.0292,0.0,0.0,0.2812,0.0,0.0,0.0,0.0,0.0,0.0,0.3333,0.25,0.0,0.0,0.0,0.0
80,8,WOLF,False,2,4,P1,VILLAGER,False,False,0,1,14,0,14,0.0,0.0,1.0,2,0,,0,0,8,0,0,0,6,0,,,0.0,,,,0.0,,0.4301,0.4252,0.0049,0.4121,0.3829,0.0292,0.0,0.0,0.2812,0.0,0.0,0.0,0.0,0.0,0.0,0.3333,0.25,0.0,0.0,0.0,0.0
81,8,WOLF,False,2,4,P1,VILLAGER,False,False,0,0,14,0,14,0.0,0.0,1.0,2,0,,0,0,8,0,0,0,6,0,,,0.0,,,,0.0,,0.4052,0.4401,-0.0349,0.4021,0.3889,0.0132,0.0,0.0,0.2812,0.0,0.0,0.0,0.0,0.0,0.0,0.0,0.45,0.0,0.0,0.0,0.0
82,8,WOLF,False,2,4,P1,VILLAGER,False,False,0,1,14,0,14,0.0,0.0,1.0,2,0,,0,0,8,0,0,0,6,0,,,0.0,,,,0.0,,0.4051,0.44,-0.0349,0.4021,0.3889,0.0132,0.0,0.0,0.2812,0.0,0.0,0.0,0.0,0.0,0.0,0.0,0.45,0.0,0.0,0.0,0.0
83,8,WOLF,False,2,4,P1,VILLAGER,False,False,0,1,14,0,14,0.0,0.0,1.0,2,0,,0,0,8,0,0,0,6,0,,,0.0,,,,0.0,,0.4051,0.44,-0.0349,0.4021,0.3889,0.0132,0.0,0.0,0.2812,0.0,0.0,0.0,0.0,0.0,0.0,0.0,0.45,0.0,0.0,0.0,0.0
84,8,WOLF,False,2,4,P1,SEER,False,False,0,1,14,0,14,0.0,0.0,1.0,2,0,,0,0,8,0,0,0,6,0,,,0.0,,,,0.0,,0.4218,0.43,-0.0082,0.3861,0.3985,-0.0124,0.0,0.0,0.2812,0.0,0.0,0.0,0.0,0.0,0.0,0.2083,0.325,0.0,0.0,0.0,0.0
85,8,WOLF,False,2,4,P1,VILLAGER,False,False,0,1,14,0,14,0.0,0.0,1.0,2,0,,0,0,8,0,0,0,6,0,,,0.0,,,,0.0,,0.4218,0.43,-0.0082,0.3861,0.3985,-0.0124,0.0,0.0,0.2812,0.0,0.0,0.0,0.0,0.0,0.0,0.2083,0.325,0.0,0.0,0.0,0.0
86,8,WOLF,False,2,4,P1,SEER,False,False,0,1,14,0,14,0.0,0.0,1.0,2,0,,0,0,8,0,0,0,6,0,,,0.0,,,,0.0,,0.4051,0.44,-0.0349,0.402,0.3888,0.0132,0.0,0.0,0.2812,0.0,0.0,0.0,0.0,0.0,0.0,0.0,0.45,0.0,0.0,0.0,0.0
87,8,WOLF,False,2,4,P1,VILLAGER,False,False,0,1,14,0,14,0.0,0.0,1.0,2,0,,0,0,8,0,0,0,6,0,,,0.0,,,,0.0,,0.4299,0.4251,0.0048,0.412,0.3828,0.0292,0.0,0.0,0.2812,0.0,0.0,0.0,0.0,0.0,0.0,0.3333,0.25,0.0,0.0,0.0,0.0
88,8,WOLF,False,2,4,P1,SEER,False,False,0,0,14,0,14,0.0,0.0,1.0,2,0,,0,0,8,0,0,0,6,0,,,0.0,,,,0.0,,0.4051,0.44,-0.0349,0.402,0.3888,0.0132,0.0,0.0,0.2812,0.0,0.0,0.0,0.0,0.0,0.0,0.0,0.45,0.0,0.0,0.0,0.0
89,8,WOLF,False,2,4,P1,VILLAGER,False,False,0,1,14,0,14,0.0,0.0,1.0,2,0,,0,0,8,0,0,0,6,0,,,0.0,,,,0.0,,0.4217,0.4299,-0.0082,0.386,0.3984,-0.0124,0.0,0.0,0.2812,0.0,0.0,0.0,0.0,0.0,0.0,0.2083,0.325,0.0,0.0,0.0,0.0
90,8,WOLF,False,2,4,P1,VILLAGER,False,False,0,0,14,0,14,0.0,0.0,1.0,2,0,,0,0,8,0,0,0,6,0,,,0.0,,,,0.0,,0.405,0.4398,-0.0348,0.402,0.3888,0.0132,0.0,0.0,0.2812,0.0,0.0,0.0,0.0,0.0,0.0,0.0,0.45,0.0,0.0,0.0,0.0
91,8,WOLF,False,2,4,P1,SEER,False,False,0,1,14,0,14,0.0,0.0,1.0,2,0,,0,0,8,0,0,0,6,0,,,0.0,,,,0.0,,0.4297,0.425,0.0047,0.412,0.3828,0.0292,0.0,0.0,0.2812,0.0,0.0,0.0,0.0,0.0,0.0,0.3333,0.25,0.0,0.0,0.0,0.0
92,8,WOLF,False,2,4,P1,VILLAGER,False,False,0,0,14,0,14,0.0,0.0,1.0,2,0,,0,0,8,0,0,0,6,0,,,0.0,,,,0.0,,0.405,0.4398,-0.0348,0.402,0.3888,0.0132,0.0,0.0,0.2812,0.0,0.0,0.0,0.0,0.0,0.0,0.0,0.45,0.0,0.0,0.0,0.0
93,8,WOLF,False,2,4,P1,VILLAGER,False,False,0,1,14,0,14,0.0,0.0,1.0,2,0,,0,0,8,0,0,0,6,0,,,0.0,,,,0.0,,0.4296,0.425,0.0046,0.412,0.3828,0.0292,0.0,0.0,0.2812,0.0,0.0,0.0,0.0,0.0,0.0,0.3333,0.25,0.0,0.0,0.0,0.0
94,8,WOLF,False,2,4,P1,VILLAGER,False,False,0,0,14,0,14,0.0,0.0,1.0,2,0,,0,0,8,0,0,0,6,0,,,0.0,,,,0.0,,0.405,0.4398,-0.0348,0.402,0.3888,0.0132,0.0,0.0,0.2812,0.0,0.0,0.0,0.0,0.0,0.0,0.0,0.45,0.0,0.0,0.0,0.0
95,8,WOLF,False,2,4,P1,VILLAGER,False,False,0,1,14,0,14,0.0,0.0,1.0,2,0,,0,0,8,0,0,0,6,0,,,0.0,,,,0.0,,0.405,0.4398,-0.0348,0.402,0.3888,0.0132,0.0,0.0,0.2812,0.0,0.0,0.0,0.0,0.0,0.0,0.0,0.45,0.0,0.0,0.0,0.0
96,8,WOLF,False,2,4,P1,POSSESSED,False,True,0,1,14,0,14,0.0,0.0,1.0,2,0,,0,0,8,0,0,0,6,0,,,0.0,,,,0.0,,0.4217,0.4297,-0.008,0.386,0.3984,-0.0124,0.0,0.0,0.2812,0.0,0.0,0.0,0.0,0.0,0.0,0.2083,0.325,0.0,0.0,0.0,0.0
97,8,WOLF,False,2,4,P1,POSSESSED,False,True,0,1,14,0,14,0.0,0.0,1.0,2,0,,0,0,8,0,0,0,6,0,,,0.0,,,,0.0,,0.4216,0.4297,-0.0081,0.386,0.3984,-0.0124,0.0,0.0,0.2812,0.0,0.0,0.0,0.0,0.0,0.0,0.2083,0.325,0.0,0.0,0.0,0.0
98,8,WOLF,False,2,4,P1,VILLAGER,False,False,0,0,14,0,14,0.0,0.0,1.0,2,0,,0,0,8,0,0,0,6,0,,,0.0,,,,0.0,,0.4049,0.4396,-0.0347,0.402,0.3887,0.0133,0.0,0.0,0.2812,0.0,0.0,0.0,0.0,0.0,0.0,0.0,0.45,0.0,0.0,0.0,0.0
99,8,WOLF,False,2,4,P1,VILLAGER,False,False,0,0,14,0,14,0.0,0.0,1.0,2,0,,0,0,8,0,0,0,6,0,,,0.0,,,,0.0,,0.4049,0.4396,-0.0347,0.402,0.3887,0.0133,0.0,0.0,0.2812,0.0,0.0,0.0,0.0,0.0,0.0,0.0,0.45,0.0,0.0,0.0,0.0
100,8,WOLF,False,2,4,P1,VILLAGER,False,False,0,1,14,0,14,0.0,0.0,1.0,2,0,,0,0,8,0,0,0,6,0,,,0.0,,,,0.0,,0.4294,0.4249,0.0045,0.4119,0.3828,0.0291,0.0,0.0,0.2812,0.0,0.0,0.0,0.0,0.0,0.0,0.3333,0.25,0.0,0.0,0.0,0.0
101,8,WOLF,False,2,4,P1,VILLAGER,False,False,0,1,14,0,14,0.0,0.0,1.0,2,0,,0,0,8,0,0,0,6,0,,,0.0,,,,0.0,,0.4294,0.4249,0.0045,0.4119,0.3828,0.0291,0.0,0.0,0.2812,0.0,0.0,0.0,0.0,0.0,0.0,0.3333,0.25,0.0,0.0,0.0,0.0
102,8,WOLF,False,2,4,P1,POSSESSED,False,True,0,1,14,0,14,0.0,0.0,1.0,2,0,,0,0,8,0,0,0,6,0,,,0.0,,,,0.0,,0.4216,0.4296,-0.008,0.386,0.3983,-0.0123,0.0,0.0,0.2812,0.0,0.0,0.0,0.0,0.0,0.0,0.2083,0.325,0.0,0.0,0.0,0.0
103,8,WOLF,False,2,4,P1,VILLAGER,False,False,0,0,14,0,14,0.0,0.0,1.0,2,0,,0,0,8,0,0,0,6,0,,,0.0,,,,0.0,,0.4049,0.4396,-0.0347,0.402,0.3888,0.0132,0.0,0.0,0.2812,0.0,0.0,0.0,0.0,0.0,0.0,0.0,0.45,0.0,0.0,0.0,0.0
104,8,WOLF,False,2,4,P1,VILLAGER,False,False,0,0,14,0,14,0.0,0.0,1.0,2,0,,0,0,8,0,0,0,6,0,,,0.0,,,,0.0,,0.4049,0.4395,-0.0346,0.402,0.3888,0.0132,0.0,0.0,0.2812,0.0,0.0,0.0,0.0,0.0,0.0,0.0,0.45,0.0,0.0,0.0,0.0
105,8,WOLF,False,2,4,P1,POSSESSED,False,True,0,1,14,0,14,0.0,0.0,1.0,2,0,,0,0,8,0,0,0,6,0,,,0.0,,,,0.0,,0.4215,0.4294,-0.0079,0.386,0.3983,-0.0123,0.0,0.0,0.2812,0.0,0.0,0.0,0.0,0.0,0.0,0.2083,0.325,0.0,0.0,0.0,0.0
106,8,WOLF,False,2,4,P1,SEER,False,False,0,1,14,0,14,0.0,0.0,1.0,2,0,,0,0,8,0,0,0,6,0,,,0.0,,,,0.0,,0.4048,0.4394,-0.0346,0.4019,0.3887,0.0132,0.0,0.0,0.2812,0.0,0.0,0.0,0.0,0.0,0.0,0.0,0.45,0.0,0.0,0.0,0.0
107,8,WOLF,False,2,4,P1,POSSESSED,False,True,0,1,14,0,14,0.0,0.0,1.0,2,0,,0,0,8,0,0,0,6,0,,,0.0,,,,0.0,,0.4215,0.4294,-0.0079,0.386,0.3983,-0.0123,0.0,0.0,0.2812,0.0,0.0,0.0,0.0,0.0,0.0,0.2083,0.325,0.0,0.0,0.0,0.0
108,8,WOLF,False,2,4,P1,VILLAGER,False,False,0,1,14,0,14,0.0,0.0,1.0,2,0,,0,0,8,0,0,0,6,0,,,0.0,,,,0.0,,0.4291,0.4248,0.0043,0.4118,0.3828,0.029,0.0,0.0,0.2812,0.0,0.0,0.0,0.0,0.0,0.0,0.3333,0.25,0.0,0.0,0.0,0.0
109,8,WOLF,False,2,4,P1,VILLAGER,False,False,0,0,14,0,14,0.0,0.0,1.0,2,0,,0,0,8,0,0,0,6,0,,,0.0,,,,0.0,,0.4048,0.4394,-0.0346,0.4019,0.3887,0.0132,0.0,0.0,0.2812,0.0,0.0,0.0,0.0,0.0,0.0,0.0,0.45,0.0,0.0,0.0,0.0
110,8,WOLF,False,2,4,P1,POSSESSED,False,True,0,1,14,0,14,0.0,0.0,1.0,2,0,,0,0,8,0,0,0,6,0,,,0.0,,,,0.0,,0.4215,0.4294,-0.0079,0.386,0.3982,-0.0122,0.0,0.0,0.2812,0.0,0.0,0.0,0.0,0.0,0.0,0.2083,0.325,0.0,0.0,0.0,0.0
111,8,WOLF,False,2,4,P1,VILLAGER,False,False,0,1,14,0,14,0.0,0.0,1.0,2,0,,0,0,8,0,0,0,6,0,,,0.0,,,,0.0,,0.4048,0.4394,-0.0346,0.4019,0.3887,0.0132,0.0,0.0,0.2812,0.0,0.0,0.0,0.0,0.0,0.0,0.0,0.45,0.0,0.0,0.0,0.0
112,8,WOLF,False,2,4,P1,VILLAGER,False,False,0,1,14,0,14,0.0,0.0,1.0,2,0,,0,0,8,0,0,0,6,0,,,0.0,,,,0.0,,0.4214,0.4293,-0.0079,0.386,0.3982,-0.0122,0.0,0.0,0.2812,0.0,0.0,0.0,0.0,0.0,0.0,0.2083,0.325,0.0,0.0,0.0,0.0
113,8,WOLF,False,2,4,P1,POSSESSED,False,True,0,1,14,0,14,0.0,0.0,1.0,2,0,,0,0,8,0,0,0,6,0,,,0.0,,,,0.0,,0.4214,0.4292,-0.0078,0.386,0.3982,-0.0122,0.0,0.0,0.2812,0.0,0.0,0.0,0.0,0.0,0.0,0.2083,0.325,0.0,0.0,0.0,0.0
114,8,WOLF,False,2,4,P1,SEER,False,False,0,0,14,0,14,0.0,0.0,1.0,2,0,,0,0,8,0,0,0,6,0,,,0.0,,,,0.0,,0.4047,0.4392,-0.0345,0.4019,0.3887,0.0132,0.0,0.0,0.2812,0.0,0.0,0.0,0.0,0.0,0.0,0.0,0.45,0.0,0.0,0.0,0.0
115,8,WOLF,False,2,4,P1,VILLAGER,False,False,0,1,14,0,14,0.0,0.0,1.0,2,0,,0,0,8,0,0,0,6,0,,,0.0,,,,0.0,,0.4289,0.4247,0.0042,0.4117,0.3828,0.0289,0.0,0.0,0.2812,0.0,0.0,0.0,0.0,0.0,0.0,0.3333,0.25,0.0,0.0,0.0,0.0
116,8,WOLF,False,2,4,P1,VILLAGER,False,False,0,0,14,0,14,0.0,0.0,1.0,2,0,,0,0,8,0,0,0,6,0,,,0.0,,,,0.0,,0.4047,0.4392,-0.0345,0.4019,0.3886,0.0133,0.0,0.0,0.2812,0.0,0.0,0.0,0.0,0.0,0.0,0.0,0.45,0.0,0.0,0.0,0.0
117,8,WOLF,False,2,4,P1,SEER,False,False,0,0,14,0,14,0.0,0.0,1.0,2,0,,0,0,8,0,0,0,6,0,,,0.0,,,,0.0,,0.4047,0.4262,-0.0215,0.4019,0.3834,0.0185,0.0,0.0,0.2812,0.0,0.0,0.0,0.0,0.0,0.0,0.0,0.45,0.0,0.0,0.0,0.0
118,8,WOLF,False,2,4,P1,POSSESSED,False,True,0,1,14,0,14,0.0,0.0,1.0,2,0,,0,0,8,0,0,0,6,0,,,0.0,,,,0.0,,0.4214,0.4162,0.0052,0.386,0.3929,-0.0069,0.0,0.0,0.2812,0.0,0.0,0.0,0.0,0.0,0.0,0.2083,0.325,0.0,0.0,0.0,0.0
119,8,WOLF,False,2,4,P1,VILLAGER,False,False,0,1,14,0,14,0.0,0.0,1.0,2,0,,0,0,8,0,0,0,6,0,,,0.0,,,,0.0,,0.4071,0.4246,-0.0175,0.4029,0.3828,0.0201,0.0,0.0,0.2812,0.0,0.0,0.0,0.0,0.0,0.0,0.3333,0.25,0.0,0.0,0.0,0.0
120,8,WOLF,False,2,4,P1,SEER,False,False,0,1,14,0,14,0.0,0.0,1.0,2,0,,0,0,8,0,0,0,6,0,,,0.0,,,,0.0,,0.4071,0.4246,-0.0175,0.4029,0.3828,0.0201,0.0,0.0,0.2812,0.0,0.0,0.0,0.0,0.0,0.0,0.3333,0.25,0.0,0.0,0.0,0.0
121,8,WOLF,False,2,4,P1,POSSESSED,False,True,0,1,14,0,14,0.0,0.0,1.0,2,0,,0,0,8,0,0,0,6,0,,,0.0,,,,0.0,,0.4213,0.4161,0.0052,0.386,0.3929,-0.0069,0.0,0.0,0.2812,0.0,0.0,0.0,0.0,0.0,0.0,0.2083,0.325,0.0,0.0,0.0,0.0
122,8,WOLF,False,2,4,P1,VILLAGER,False,False,0,1,14,0,14,0.0,0.0,1.0,2,0,,0,0,8,0,0,0,6,0,,,0.0,,,,0.0,,0.4071,0.4246,-0.0175,0.4029,0.3828,0.0201,0.0,0.0,0.2812,0.0,0.0,0.0,0.0,0.0,0.0,0.3333,0.25,0.0,0.0,0.0,0.0
123,8,WOLF,False,2,4,P1,VILLAGER,False,False,0,1,14,0,14,0.0,0.0,1.0,2,0,,0,0,8,0,0,0,6,0,,,0.0,,,,0.0,,0.4213,0.4161,0.0052,0.386,0.3929,-0.0069,0.0,0.0,0.2812,0.0,0.0,0.0,0.0,0.0,0.0,0.2083,0.325,0.0,0.0,0.0,0.0
124,8,WOLF,False,2,4,P1,VILLAGER,False,False,0,0,14,0,14,0.0,0.0,1.0,2,0,,0,0,8,0,0,0,6,0,,,0.0,,,,0.0,,0.4046,0.4261,-0.0215,0.4019,0.3834,0.0185,0.0,0.0,0.2812,0.0,0.0,0.0,0.0,0.0,0.0,0.0,0.45,0.0,0.0,0.0,0.0
125,8,WOLF,False,2,4,P1,VILLAGER,False,False,0,1,14,0,14,0.0,0.0,1.0,2,0,,0,0,8,0,0,0,6,0,,,0.0,,,,0.0,,0.4046,0.4261,-0.0215,0.4019,0.3834,0.0185,0.0,0.0,0.2812,0.0,0.0,0.0,0.0,0.0,0.0,0.0,0.45,0.0,0.0,0.0,0.0
126,8,WOLF,False,2,4,P1,VILLAGER,False,False,0,1,14,0,14,0.0,0.0,1.0,2,0,,0,0,8,0,0,0,6,0,,,0.0,,,,0.0,,0.4213,0.4161,0.0052,0.386,0.3929,-0.0069,0.0,0.0,0.2812,0.0,0.0,0.0,0.0,0.0,0.0,0.2083,0.325,0.0,0.0,0.0,0.0
127,8,WOLF,False,2,4,P1,VILLAGER,False,False,0,1,14,0,14,0.0,0.0,1.0,2,0,,0,0,8,0,0,0,6,0,,,0.0,,,,0.0,,0.4046,0.4261,-0.0215,0.4018,0.3833,0.0185,0.0,0.0,0.2812,0.0,0.0,0.0,0.0,0.0,0.0,0.0,0.45,0.0,0.0,0.0,0.0
128,8,WOLF,False,2,4,P1,VILLAGER,False,False,0,1,14,0,14,0.0,0.0,1.0,2,0,,0,0,8,0,0,0,6,0,,,0.0,,,,0.0,,0.407,0.4246,-0.0176,0.4028,0.3827,0.0201,0.0,0.0,0.2812,0.0,0.0,0.0,0.0,0.0,0.0,0.3333,0.25,0.0,0.0,0.0,0.0
129,8,WOLF,False,2,4,P1,SEER,False,False,0,1,14,0,14,0.0,0.0,1.0,2,0,,0,0,8,0,0,0,6,0,,,0.0,,,,0.0,,0.4046,0.426,-0.0214,0.4018,0.3833,0.0185,0.0,0.0,0.2812,0.0,0.0,0.0,0.0,0.0,0.0,0.0,0.45,0.0,0.0,0.0,0.0
130,8,WOLF,False,2,4,P1,SEER,False,False,0,1,14,0,14,0.0,0.0,1.0,2,0,,0,0,8,0,0,0,6,0,,,0.0,,,,0.0,,0.4212,0.416,0.0052,0.3859,0.3929,-0.007,0.0,0.0,0.2812,0.0,0.0,0.0,0.0,0.0,0.0,0.2083,0.325,0.0,0.0,0.0,0.0
131,8,WOLF,False,2,4,P1,VILLAGER,False,False,0,1,14,0,14,0.0,0.0,1.0,2,0,,0,0,8,0,0,0,6,0,,,0.0,,,,0.0,,0.4212,0.416,0.0052,0.3859,0.3929,-0.007,0.0,0.0,0.2812,0.0,0.0,0.0,0.0,0.0,0.0,0.2083,0.325,0.0,0.0,0.0,0.0
132,8,WOLF,False,2,4,P1,VILLAGER,False,False,0,0,14,0,14,0.0,0.0,1.0,2,0,,0,0,8,0,0,0,6,0,,,0.0,,,,0.0,,0.4045,0.4259,-0.0214,0.4018,0.3833,0.0185,0.0,0.0,0.2812,0.0,0.0,0.0,0.0,0.0,0.0,0.0,0.45,0.0,0.0,0.0,0.0
133,8,WOLF,False,2,4,P1,VILLAGER,False,False,0,1,14,0,14,0.0,0.0,1.0,2,0,,0,0,8,0,0,0,6,0,,,0.0,,,,0.0,,0.4069,0.4245,-0.0176,0.4028,0.3828,0.02,0.0,0.0,0.2812,0.0,0.0,0.0,0.0,0.0,0.0,0.3333,0.25,0.0,0.0,0.0,0.0
134,8,WOLF,False,2,4,P1,VILLAGER,False,False,0,0,14,0,14,0.0,0.0,1.0,2,0,,0,0,8,0,0,0,6,0,,,0.0,,,,0.0,,0.4045,0.4259,-0.0214,0.4018,0.3833,0.0185,0.0,0.0,0.2812,0.0,0.0,0.0,0.0,0.0,0.0,0.0,0.45,0.0,0.0,0.0,0.0
135,8,WOLF,False,2,4,P1,POSSESSED,False,True,0,1,14,0,14,0.0,0.0,1.0,2,0,,0,0,8,0,0,0,6,0,,,0.0,,,,0.0,,0.4212,0.4159,0.0053,0.3859,0.3929,-0.007,0.0,0.0,0.2812,0.0,0.0,0.0,0.0,0.0,0.0,0.2083,0.325,0.0,0.0,0.0,0.0
136,8,WOLF,False,2,4,P1,VILLAGER,False,False,0,1,14,0,14,0.0,0.0,1.0,2,0,,0,0,8,0,0,0,6,0,,,0.0,,,,0.0,,0.4212,0.4159,0.0053,0.3859,0.3929,-0.007,0.0,0.0,0.2812,0.0,0.0,0.0,0.0,0.0,0.0,0.2083,0.325,0.0,0.0,0.0,0.0
137,8,WOLF,False,2,4,P1,VILLAGER,False,False,0,1,14,0,14,0.0,0.0,1.0,2,0,,0,0,8,0,0,0,6,0,,,0.0,,,,0.0,,0.4068,0.4244,-0.0176,0.4028,0.3828,0.02,0.0,0.0,0.2812,0.0,0.0,0.0,0.0,0.0,0.0,0.3333,0.25,0.0,0.0,0.0,0.0
138,8,WOLF,False,2,4,P1,VILLAGER,False,False,0,0,14,0,14,0.0,0.0,1.0,2,0,,0,0,8,0,0,0,6,0,,,0.0,,,,0.0,,0.4044,0.4258,-0.0214,0.4018,0.3833,0.0185,0.0,0.0,0.2812,0.0,0.0,0.0,0.0,0.0,0.0,0.0,0.45,0.0,0.0,0.0,0.0
139,8,WOLF,False,2,4,P1,VILLAGER,False,False,0,1,14,0,14,0.0,0.0,1.0,2,0,,0,0,8,0,0,0,6,0,,,0.0,,,,0.0,,0.4211,0.4158,0.0053,0.3859,0.3929,-0.007,0.0,0.0,0.2812,0.0,0.0,0.0,0.0,0.0,0.0,0.2083,0.325,0.0,0.0,0.0,0.0
140,8,WOLF,False,2,4,P1,POSSESSED,False,True,0,1,14,0,14,0.0,0.0,1.0,2,0,,0,0,8,0,0,0,6,0,,,0.0,,,,0.0,,0.4211,0.4158,0.0053,0.3859,0.3929,-0.007,0.0,0.0,0.2812,0.0,0.0,0.0,0.0,0.0,0.0,0.2083,0.325,0.0,0.0,0.0,0.0
141,8,WOLF,False,2,4,P1,SEER,False,False,0,1,14,0,14,0.0,0.0,1.0,2,0,,0,0,8,0,0,0,6,0,,,0.0,,,,0.0,,0.4044,0.4258,-0.0214,0.4018,0.3833,0.0185,0.0,0.0,0.2812,0.0,0.0,0.0,0.0,0.0,0.0,0.0,0.45,0.0,0.0,0.0,0.0
142,8,WOLF,False,2,4,P1,VILLAGER,False,False,0,0,14,0,14,0.0,0.0,1.0,2,0,,0,0,8,0,0,0,6,0,,,0.0,,,,0.0,,0.4044,0.4258,-0.0214,0.4018,0.3833,0.0185,0.0,0.0,0.2812,0.0,0.0,0.0,0.0,0.0,0.0,0.0,0.45,0.0,0.0,0.0,0.0
143,8,WOLF,False,2,4,P1,VILLAGER,False,False,0,1,14,0,14,0.0,0.0,1.0,2,0,,0,0,8,0,0,0,6,0,,,0.0,,,,0.0,,0.4211,0.4158,0.0053,0.3859,0.3928,-0.0069,0.0,0.0,0.2812,0.0,0.0,0.0,0.0,0.0,0.0,0.2083,0.325,0.0,0.0,0.0,0.0
144,8,WOLF,False,2,4,P1,VILLAGER,False,False,0,1,14,0,14,0.0,0.0,1.0,2,0,,0,0,8,0,0,0,6,0,,,0.0,,,,0.0,,0.4067,0.4244,-0.0177,0.4027,0.3828,0.0199,0.0,0.0,0.2812,0.0,0.0,0.0,0.0,0.0,0.0,0.3333,0.25,0.0,0.0,0.0,0.0
145,8,WOLF,False,2,4,P1,SEER,False,False,0,1,14,0,14,0.0,0.0,1.0,2,0,,0,0,8,0,0,0,6,0,,,0.0,,,,0.0,,0.4211,0.4158,0.0053,0.3859,0.3928,-0.0069,0.0,0.0,0.2812,0.0,0.0,0.0,0.0,0.0,0.0,0.2083,0.325,0.0,0.0,0.0,0.0
146,8,WOLF,False,2,4,P1,VILLAGER,False,False,0,1,14,0,14,0.0,0.0,1.0,2,0,,0,0,8,0,0,0,6,0,,,0.0,,,,0.0,,0.4043,0.4257,-0.0214,0.4018,0.3833,0.0185,0.0,0.0,0.2812,0.0,0.0,0.0,0.0,0.0,0.0,0.0,0.45,0.0,0.0,0.0,0.0
147,8,WOLF,False,2,4,P1,VILLAGER,False,False,0,1,14,0,14,0.0,0.0,1.0,2,0,,0,0,8,0,0,0,6,0,,,0.0,,,,0.0,,0.4043,0.4257,-0.0214,0.4018,0.3833,0.0185,0.0,0.0,0.2812,0.0,0.0,0.0,0.0,0.0,0.0,0.0,0.45,0.0,0.0,0.0,0.0
148,8,WOLF,False,2,4,P1,VILLAGER,False,False,0,1,14,0,14,0.0,0.0,1.0,2,0,,0,0,8,0,0,0,6,0,,,0.0,,,,0.0,,0.4043,0.4257,-0.0214,0.4018,0.3833,0.0185,0.0,0.0,0.2812,0.0,0.0,0.0,0.0,0.0,0.0,0.0,0.45,0.0,0.0,0.0,0.0
149,8,WOLF,False,2,4,P1,VILLAGER,False,False,0,1,14,0,14,0.0,0.0,1.0,2,0,,0,0,8,0,0,0,6,0,,,0.0,,,,0.0,,0.4043,0.4257,-0.0214,0.4018,0.3833,0.0185,0.0,0.0,0.2812,0.0,0.0,0.0,0.0,0.0,0.0,0.0,0.45,0.0,0.0,0.0,0.0
150,8,WOLF,False,2,4,P1,VILLAGER,False,False,0,1,14,0,14,0.0,0.0,1.0,2,0,,0,0,8,0,0,0,6,0,,,0.0,,,,0.0,,0.421,0.4157,0.0053,0.3859,0.3928,-0.0069,0.0,0.0,0.2812,0.0,0.0,0.0,0.0,0.0,0.0,0.2083,0.325,0.0,0.0,0.0,0.0
151,8,WOLF,False,2,4,P1,VILLAGER,False,False,0,0,14,0,14,0.0,0.0,1.0,2,0,,0,0,8,0,0,0,6,0,,,0.0,,,,0.0,,0.4043,0.4257,-0.0214,0.4017,0.3833,0.0184,0.0,0.0,0.2812,0.0,0.0,0.0,0.0,0.0,0.0,0.0,0.45,0.0,0.0,0.0,0.0
152,8,WOLF,False,2,4,P1,VILLAGER,False,False,0,1,14,0,14,0.0,0.0,1.0,2,0,,0,0,8,0,0,0,6,0,,,0.0,,,,0.0,,0.421,0.4157,0.0053,0.3859,0.3928,-0.0069,0.0,0.0,0.2812,0.0,0.0,0.0,0.0,0.0,0.0,0.2083,0.325,0.0,0.0,0.0,0.0
153,8,WOLF,False,2,4,P1,VILLAGER,False,False,0,0,14,0,14,0.0,0.0,1.0,2,0,,0,0,8,0,0,0,6,0,,,0.0,,,,0.0,,0.4042,0.4256,-0.0214,0.4017,0.3833,0.0184,0.0,0.0,0.2812,0.0,0.0,0.0,0.0,0.0,0.0,0.0,0.45,0.0,0.0,0.0,0.0
154,8,WOLF,False,2,4,P1,VILLAGER,False,False,0,1,14,0,14,0.0,0.0,1.0,2,0,,0,0,8,0,0,0,6,0,,,0.0,,,,0.0,,0.4042,0.4256,-0.0214,0.4017,0.3833,0.0184,0.0,0.0,0.2812,0.0,0.0,0.0,0.0,0.0,0.0,0.0,0.45,0.0,0.0,0.0,0.0
155,8,WOLF,False,2,4,P1,VILLAGER,False,False,0,0,14,0,14,0.0,0.0,1.0,2,0,,0,0,8,0,0,0,6,0,,,0.0,,,,0.0,,0.4042,0.4256,-0.0214,0.4017,0.3833,0.0184,0.0,0.0,0.2812,0.0,0.0,0.0,0.0,0.0,0.0,0.0,0.45,0.0,0.0,0.0,0.0
156,8,WOLF,False,2,4,P1,VILLAGER,False,False,0,0,14,0,14,0.0,0.0,1.0,2,0,,0,0,8,0,0,0,6,0,,,0.0,,,,0.0,,0.4042,0.4255,-0.0213,0.4017,0.3833,0.0184,0.0,0.0,0.2812,0.0,0.0,0.0,0.0,0.0,0.0,0.0,0.45,0.0,0.0,0.0,0.0
157,8,WOLF,False,2,4,P1,VILLAGER,False,False,0,1,14,0,14,0.0,0.0,1.0,2,0,,0,0,8,0,0,0,6,0,,,0.0,,,,0.0,,0.4042,0.4255,-0.0213,0.4017,0.3832,0.0185,0.0,0.0,0.2812,0.0,0.0,0.0,0.0,0.0,0.0,0.0,0.45,0.0,0.0,0.0,0.0
158,8,WOLF,False,2,4,P1,VILLAGER,False,False,0,0,14,0,14,0.0,0.0,1.0,2,0,,0,0,8,0,0,0,6,0,,,0.0,,,,0.0,,0.4042,0.4255,-0.0213,0.4017,0.3832,0.0185,0.0,0.0,0.2812,0.0,0.0,0.0,0.0,0.0,0.0,0.0,0.45,0.0,0.0,0.0,0.0
159,8,WOLF,False,2,4,P1,POSSESSED,False,True,0,1,14,0,14,0.0,0.0,1.0,2,0,,0,0,8,0,0,0,6,0,,,0.0,,,,0.0,,0.4209,0.4155,0.0054,0.3859,0.3928,-0.0069,0.0,0.0,0.2812,0.0,0.0,0.0,0.0,0.0,0.0,0.2083,0.325,0.0,0.0,0.0,0.0
160,8,WOLF,False,2,4,P1,POSSESSED,False,True,0,1,14,0,14,0.0,0.0,1.0,2,0,,0,0,8,0,0,0,6,0,,,0.0,,,,0.0,,0.4209,0.4155,0.0054,0.3859,0.3928,-0.0069,0.0,0.0,0.2812,0.0,0.0,0.0,0.0,0.0,0.0,0.2083,0.325,0.0,0.0,0.0,0.0
161,8,WOLF,False,2,4,P1,VILLAGER,False,False,0,0,14,0,14,0.0,0.0,1.0,2,0,,0,0,8,0,0,0,6,0,,,0.0,,,,0.0,,0.4041,0.4254,-0.0213,0.4017,0.3833,0.0184,0.0,0.0,0.2812,0.0,0.0,0.0,0.0,0.0,0.0,0.0,0.45,0.0,0.0,0.0,0.0
162,8,WOLF,False,2,4,P1,SEER,False,False,0,1,14,0,14,0.0,0.0,1.0,2,0,,0,0,8,0,0,0,6,0,,,0.0,,,,0.0,,0.4063,0.4241,-0.0178,0.4026,0.3827,0.0199,0.0,0.0,0.2812,0.0,0.0,0.0,0.0,0.0,0.0,0.3333,0.25,0.0,0.0,0.0,0.0
163,8,WOLF,False,2,4,P1,VILLAGER,False,False,0,1,14,0,14,0.0,0.0,1.0,2,0,,0,0,8,0,0,0,6,0,,,0.0,,,,0.0,,0.4041,0.4254,-0.0213,0.4017,0.3833,0.0184,0.0,0.0,0.2812,0.0,0.0,0.0,0.0,0.0,0.0,0.0,0.45,0.0,0.0,0.0,0.0
164,8,WOLF,False,2,4,P1,SEER,False,False,0,0,14,0,14,0.0,0.0,1.0,2,0,,0,0,8,0,0,0,6,0,,,0.0,,,,0.0,,0.4041,0.4254,-0.0213,0.4017,0.3833,0.0184,0.0,0.0,0.2812,0.0,0.0,0.0,0.0,0.0,0.0,0.0,0.45,0.0,0.0,0.0,0.0
165,8,WOLF,False,2,4,P1,VILLAGER,False,False,0,1,14,0,14,0.0,0.0,1.0,2,0,,0,0,8,0,0,0,6,0,,,0.0,,,,0.0,,0.4063,0.4241,-0.0178,0.4026,0.3827,0.0199,0.0,0.0,0.2812,0.0,0.0,0.0,0.0,0.0,0.0,0.3333,0.25,0.0,0.0,0.0,0.0
166,8,WOLF,False,2,4,P1,VILLAGER,False,False,0,0,14,0,14,0.0,0.0,1.0,2,0,,0,0,8,0,0,0,6,0,,,0.0,,,,0.0,,0.4041,0.4254,-0.0213,0.4017,0.3833,0.0184,0.0,0.0,0.2812,0.0,0.0,0.0,0.0,0.0,0.0,0.0,0.45,0.0,0.0,0.0,0.0
167,8,WOLF,False,2,4,P1,SEER,False,False,0,1,14,0,14,0.0,0.0,1.0,2,0,,0,0,8,0,0,0,6,0,,,0.0,,,,0.0,,0.4063,0.4241,-0.0178,0.4026,0.3827,0.0199,0.0,0.0,0.2812,0.0,0.0,0.0,0.0,0.0,0.0,0.3333,0.25,0.0,0.0,0.0,0.0
168,8,WOLF,False,2,4,P1,POSSESSED,False,True,0,1,14,0,14,0.0,0.0,1.0,2,0,,0,0,8,0,0,0,6,0,,,0.0,,,,0.0,,0.4208,0.4154,0.0054,0.3859,0.3927,-0.0068,0.0,0.0,0.2812,0.0,0.0,0.0,0.0,0.0,0.0,0.2083,0.325,0.0,0.0,0.0,0.0
169,8,WOLF,False,2,4,P1,VILLAGER,False,False,0,1,14,0,14,0.0,0.0,1.0,2,0,,0,0,8,0,0,0,6,0,,,0.0,,,,0.0,,0.4041,0.4254,-0.0213,0.4017,0.3833,0.0184,0.0,0.0,0.2812,0.0,0.0,0.0,0.0,0.0,0.0,0.0,0.45,0.0,0.0,0.0,0.0
170,8,WOLF,False,2,4,P1,VILLAGER,False,False,0,0,14,0,14,0.0,0.0,1.0,2,0,,0,0,8,0,0,0,6,0,,,0.0,,,,0.0,,0.4041,0.4254,-0.0213,0.4017,0.3833,0.0184,0.0,0.0,0.2812,0.0,0.0,0.0,0.0,0.0,0.0,0.0,0.45,0.0,0.0,0.0,0.0
171,8,WOLF,False,2,4,P1,VILLAGER,False,False,0,1,14,0,14,0.0,0.0,1.0,2,0,,0,0,8,0,0,0,6,0,,,0.0,,,,0.0,,0.4062,0.424,-0.0178,0.4025,0.3827,0.0198,0.0,0.0,0.2812,0.0,0.0,0.0,0.0,0.0,0.0,0.3333,0.25,0.0,0.0,0.0,0.0
172,8,WOLF,False,2,4,P1,VILLAGER,False,False,0,1,14,0,14,0.0,0.0,1.0,2,0,,0,0,8,0,0,0,6,0,,,0.0,,,,0.0,,0.404,0.4253,-0.0213,0.4016,0.3832,0.0184,0.0,0.0,0.2812,0.0,0.0,0.0,0.0,0.0,0.0,0.0,0.45,0.0,0.0,0.0,0.0
173,8,WOLF,False,2,4,P1,VILLAGER,False,False,0,1,14,0,14,0.0,0.0,1.0,2,0,,0,0,8,0,0,0,6,0,,,0.0,,,,0.0,,0.404,0.4253,-0.0213,0.4016,0.3832,0.0184,0.0,0.0,0.2812,0.0,0.0,0.0,0.0,0.0,0.0,0.0,0.45,0.0,0.0,0.0,0.0
174,8,WOLF,False,2,4,P1,SEER,False,False,0,1,14,0,14,0.0,0.0,1.0,2,0,,0,0,8,0,0,0,6,0,,,0.0,,,,0.0,,0.4062,0.424,-0.0178,0.4025,0.3827,0.0198,0.0,0.0,0.2812,0.0,0.0,0.0,0.0,0.0,0.0,0.3333,0.25,0.0,0.0,0.0,0.0
175,8,WOLF,False,2,4,P1,VILLAGER,False,False,0,1,14,0,14,0.0,0.0,1.0,2,0,,0,0,8,0,0,0,6,0,,,0.0,,,,0.0,,0.4207,0.4153,0.0054,0.3858,0.3927,-0.0069,0.0,0.0,0.2812,0.0,0.0,0.0,0.0,0.0,0.0,0.2083,0.325,0.0,0.0,0.0,0.0
176,8,WOLF,False,2,4,P1,VILLAGER,False,False,0,1,14,0,14,0.0,0.0,1.0,2,0,,0,0,8,0,0,0,6,0,,,0.0,,,,0.0,,0.4207,0.4153,0.0054,0.3858,0.3927,-0.0069,0.0,0.0,0.2812,0.0,0.0,0.0,0.0,0.0,0.0,0.2083,0.325,0.0,0.0,0.0,0.0
177,8,WOLF,False,2,4,P1,SEER,False,False,0,0,14,0,14,0.0,0.0,1.0,2,0,,0,0,8,0,0,0,6,0,,,0.0,,,,0.0,,0.404,0.4253,-0.0213,0.4016,0.3832,0.0184,0.0,0.0,0.2812,0.0,0.0,0.0,0.0,0.0,0.0,0.0,0.45,0.0,0.0,0.0,0.0
178,8,WOLF,False,2,4,P1,VILLAGER,False,False,0,1,14,0,14,0.0,0.0,1.0,2,0,,0,0,8,0,0,0,6,0,,,0.0,,,,0.0,,0.4061,0.424,-0.0179,0.4025,0.3827,0.0198,0.0,0.0,0.2812,0.0,0.0,0.0,0.0,0.0,0.0,0.3333,0.25,0.0,0.0,0.0,0.0
179,8,WOLF,False,2,4,P1,SEER,False,False,0,1,14,0,14,0.0,0.0,1.0,2,0,,0,0,8,0,0,0,6,0,,,0.0,,,,0.0,,0.4207,0.4153,0.0054,0.3859,0.3927,-0.0068,0.0,0.0,0.2812,0.0,0.0,0.0,0.0,0.0,0.0,0.2083,0.325,0.0,0.0,0.0,0.0
180,8,WOLF,False,2,4,P1,VILLAGER,False,False,0,0,14,0,14,0.0,0.0,1.0,2,0,,0,0,8,0,0,0,6,0,,,0.0,,,,0.0,,0.404,0.4253,-0.0213,0.4016,0.3832,0.0184,0.0,0.0,0.2812,0.0,0.0,0.0,0.0,0.0,0.0,0.0,0.45,0.0,0.0,0.0,0.0
181,8,WOLF,False,2,4,P1,VILLAGER,False,False,0,1,14,0,14,0.0,0.0,1.0,2,0,,0,0,8,0,0,0,6,0,,,0.0,,,,0.0,,0.406,0.4239,-0.0179,0.4025,0.3827,0.0198,0.0,0.0,0.2812,0.0,0.0,0.0,0.0,0.0,0.0,0.3333,0.25,0.0,0.0,0.0,0.0
182,8,WOLF,False,2,4,P1,VILLAGER,False,False,0,1,14,0,14,0.0,0.0,1.0,2,0,,0,0,8,0,0,0,6,0,,,0.0,,,,0.0,,0.4206,0.4152,0.0054,0.3859,0.3927,-0.0068,0.0,0.0,0.2812,0.0,0.0,0.0,0.0,0.0,0.0,0.2083,0.325,0.0,0.0,0.0,0.0
183,8,WOLF,False,2,4,P1,VILLAGER,False,False,0,1,14,0,14,0.0,0.0,1.0,2,0,,0,0,8,0,0,0,6,0,,,0.0,,,,0.0,,0.4206,0.4152,0.0054,0.3859,0.3927,-0.0068,0.0,0.0,0.2812,0.0,0.0,0.0,0.0,0.0,0.0,0.2083,0.325,0.0,0.0,0.0,0.0
184,8,WOLF,False,2,4,P1,POSSESSED,False,True,0,1,14,0,14,0.0,0.0,1.0,2,0,,0,0,8,0,0,0,6,0,,,0.0,,,,0.0,,0.4206,0.4151,0.0055,0.3859,0.3927,-0.0068,0.0,0.0,0.2812,0.0,0.0,0.0,0.0,0.0,0.0,0.2083,0.325,0.0,0.0,0.0,0.0
185,8,WOLF,False,2,4,P1,VILLAGER,False,False,0,1,14,0,14,0.0,0.0,1.0,2,0,,0,0,8,0,0,0,6,0,,,0.0,,,,0.0,,0.406,0.4239,-0.0179,0.4024,0.3827,0.0197,0.0,0.0,0.2812,0.0,0.0,0.0,0.0,0.0,0.0,0.3333,0.25,0.0,0.0,0.0,0.0
186,8,WOLF,False,2,4,P1,VILLAGER,False,False,0,0,14,0,14,0.0,0.0,1.0,2,0,,0,0,8,0,0,0,6,0,,,0.0,,,,0.0,,0.4039,0.4251,-0.0212,0.4016,0.3832,0.0184,0.0,0.0,0.2812,0.0,0.0,0.0,0.0,0.0,0.0,0.0,0.45,0.0,0.0,0.0,0.0
187,8,WOLF,False,2,4,P1,SEER,False,False,0,1,14,0,14,0.0,0.0,1.0,2,0,,0,0,8,0,0,0,6,0,,,0.0,,,,0.0,,0.4039,0.4251,-0.0212,0.4016,0.3832,0.0184,0.0,0.0,0.2812,0.0,0.0,0.0,0.0,0.0,0.0,0.0,0.45,0.0,0.0,0.0,0.0
188,8,WOLF,False,2,4,P1,VILLAGER,False,False,0,0,14,0,14,0.0,0.0,1.0,2,0,,0,0,8,0,0,0,6,0,,,0.0,,,,0.0,,0.4039,0.4251,-0.0212,0.4016,0.3832,0.0184,0.0,0.0,0.2812,0.0,0.0,0.0,0.0,0.0,0.0,0.0,0.45,0.0,0.0,0.0,0.0
189,8,WOLF,False,2,4,P1,POSSESSED,False,True,0,1,14,0,14,0.0,0.0,1.0,2,0,,0,0,8,0,0,0,6,0,,,0.0,,,,0.0,,0.4205,0.415,0.0055,0.3859,0.3927,-0.0068,0.0,0.0,0.2812,0.0,0.0,0.0,0.0,0.0,0.0,0.2083,0.325,0.0,0.0,0.0,0.0
190,8,WOLF,False,2,4,P1,SEER,False,False,0,1,14,0,14,0.0,0.0,1.0,2,0,,0,0,8,0,0,0,6,0,,,0.0,,,,0.0,,0.4059,0.4238,-0.0179,0.4024,0.3827,0.0197,0.0,0.0,0.2812,0.0,0.0,0.0,0.0,0.0,0.0,0.3333,0.25,0.0,0.0,0.0,0.0
191,8,WOLF,False,2,4,P1,VILLAGER,False,False,0,0,14,0,14,0.0,0.0,1.0,2,0,,0,0,8,0,0,0,6,0,,,0.0,,,,0.0,,0.4038,0.425,-0.0212,0.4016,0.3832,0.0184,0.0,0.0,0.2812,0.0,0.0,0.0,0.0,0.0,0.0,0.0,0.45,0.0,0.0,0.0,0.0
192,8,WOLF,False,2,4,P1,VILLAGER,False,False,0,0,14,0,14,0.0,0.0,1.0,2,0,,0,0,8,0,0,0,6,0,,,0.0,,,,0.0,,0.4038,0.425,-0.0212,0.4016,0.3832,0.0184,0.0,0.0,0.2812,0.0,0.0,0.0,0.0,0.0,0.0,0.0,0.45,0.0,0.0,0.0,0.0
193,8,WOLF,False,2,4,P1,VILLAGER,False,False,0,0,14,0,14,0.0,0.0,1.0,2,0,,0,0,8,0,0,0,6,0,,,0.0,,,,0.0,,0.4038,0.425,-0.0212,0.4016,0.3832,0.0184,0.0,0.0,0.2812,0.0,0.0,0.0,0.0,0.0,0.0,0.0,0.45,0.0,0.0,0.0,0.0
194,8,WOLF,False,2,4,P1,VILLAGER,False,False,0,1,14,0,14,0.0,0.0,1.0,2,0,,0,0,8,0,0,0,6,0,,,0.0,,,,0.0,,0.4058,0.4238,-0.018,0.4023,0.3827,0.0196,0.0,0.0,0.2812,0.0,0.0,0.0,0.0,0.0,0.0,0.3333,0.25,0.0,0.0,0.0,0.0
195,8,WOLF,False,2,4,P1,POSSESSED,False,True,0,1,14,0,14,0.0,0.0,1.0,2,0,,0,0,8,0,0,0,6,0,,,0.0,,,,0.0,,0.4205,0.415,0.0055,0.3858,0.3926,-0.0068,0.0,0.0,0.2812,0.0,0.0,0.0,0.0,0.0,0.0,0.2083,0.325,0.0,0.0,0.0,0.0
196,8,WOLF,False,2,4,P1,VILLAGER,False,False,0,1,14,0,14,0.0,0.0,1.0,2,0,,0,0,8,0,0,0,6,0,,,0.0,,,,0.0,,0.4058,0.4238,-0.018,0.4023,0.3827,0.0196,0.0,0.0,0.2812,0.0,0.0,0.0,0.0,0.0,0.0,0.3333,0.25,0.0,0.0,0.0,0.0
197,8,WOLF,False,2,4,P1,VILLAGER,False,False,0,1,14,0,14,0.0,0.0,1.0,2,0,,0,0,8,0,0,0,6,0,,,0.0,,,,0.0,,0.4205,0.415,0.0055,0.3858,0.3926,-0.0068,0.0,0.0,0.2812,0.0,0.0,0.0,0.0,0.0,0.0,0.2083,0.325,0.0,0.0,0.0,0.0
198,8,WOLF,False,2,4,P1,VILLAGER,False,False,0,0,14,0,14,0.0,0.0,1.0,2,0,,0,0,8,0,0,0,6,0,,,0.0,,,,0.0,,0.4037,0.4249,-0.0212,0.4015,0.3832,0.0183,0.0,0.0,0.2812,0.0,0.0,0.0,0.0,0.0,0.0,0.0,0.45,0.0,0.0,0.0,0.0
199,8,WOLF,False,2,4,P1,POSSESSED,False,True,0,1,14,0,14,0.0,0.0,1.0,2,0,,0,0,8,0,0,0,6,0,,,0.0,,,,0.0,,0.4204,0.4149,0.0055,0.3858,0.3926,-0.0068,0.0,0.0,0.2812,0.0,0.0,0.0,0.0,0.0,0.0,0.2083,0.325,0.0,0.0,0.0,0.0
200,8,WOLF,False,2,4,P1,POSSESSED,False,True,0,1,14,0,14,0.0,0.0,1.0,2,0,,0,0,8,0,0,0,6,0,,,0.0,,,,0.0,,0.4204,0.4149,0.0055,0.3858,0.3926,-0.0068,0.0,0.0,0.2812,0.0,0.0,0.0,0.0,0.0,0.0,0.2083,0.325,0.0,0.0,0.0,0.0
201,8,WOLF,False,2,4,P1,SEER,False,False,0,1,14,0,14,0.0,0.0,1.0,2,0,,0,0,8,0,0,0,6,0,,,0.0,,,,0.0,,0.4057,0.4237,-0.018,0.4023,0.3827,0.0196,0.0,0.0,0.2812,0.0,0.0,0.0,0.0,0.0,0.0,0.3333,0.25,0.0,0.0,0.0,0.0
202,8,WOLF,False,2,4,P1,SEER,False,False,0,1,14,0,14,0.0,0.0,1.0,2,0,,0,0,8,0,0,0,6,0,,,0.0,,,,0.0,,0.4037,0.4249,-0.0212,0.4015,0.3832,0.0183,0.0,0.0,0.2812,0.0,0.0,0.0,0.0,0.0,0.0,0.0,0.45,0.0,0.0,0.0,0.0
203,8,WOLF,False,2,4,P1,VILLAGER,False,False,0,0,14,0,14,0.0,0.0,1.0,2,0,,0,0,8,0,0,0,6,0,,,0.0,,,,0.0,,0.4037,0.4249,-0.0212,0.4015,0.3832,0.0183,0.0,0.0,0.2812,0.0,0.0,0.0,0.0,0.0,0.0,0.0,0.45,0.0,0.0,0.0,0.0
204,8,WOLF,False,2,4,P1,VILLAGER,False,False,0,1,14,0,14,0.0,0.0,1.0,2,0,,0,0,8,0,0,0,6,0,,,0.0,,,,0.0,,0.4204,0.4149,0.0055,0.3858,0.3926,-0.0068,0.0,0.0,0.2812,0.0,0.0,0.0,0.0,0.0,0.0,0.2083,0.325,0.0,0.0,0.0,0.0
205,8,WOLF,False,2,4,P1,POSSESSED,False,True,0,1,14,0,14,0.0,0.0,1.0,2,0,,0,0,8,0,0,0,6,0,,,0.0,,,,0.0,,0.4204,0.4149,0.0055,0.3858,0.3926,-0.0068,0.0,0.0,0.2812,0.0,0.0,0.0,0.0,0.0,0.0,0.2083,0.325,0.0,0.0,0.0,0.0
206,8,WOLF,False,2,4,P1,VILLAGER,False,False,0,0,14,0,14,0.0,0.0,1.0,2,0,,0,0,8,0,0,0,6,0,,,0.0,,,,0.0,,0.4036,0.4248,-0.0212,0.4015,0.3832,0.0183,0.0,0.0,0.2812,0.0,0.0,0.0,0.0,0.0,0.0,0.0,0.45,0.0,0.0,0.0,0.0
207,8,WOLF,False,2,4,P1,SEER,False,False,0,0,14,0,14,0.0,0.0,1.0,2,0,,0,0,8,0,0,0,6,0,,,0.0,,,,0.0,,0.4036,0.4248,-0.0212,0.4015,0.3832,0.0183,0.0,0.0,0.2812,0.0,0.0,0.0,0.0,0.0,0.0,0.0,0.45,0.0,0.0,0.0,0.0
208,8,WOLF,False,2,4,P1,POSSESSED,False,True,0,1,14,0,14,0.0,0.0,1.0,2,0,,0,0,8,0,0,0,6,0,,,0.0,,,,0.0,,0.4203,0.4148,0.0055,0.3858,0.3926,-0.0068,0.0,0.0,0.2812,0.0,0.0,0.0,0.0,0.0,0.0,0.2083,0.325,0.0,0.0,0.0,0.0
209,8,WOLF,False,2,4,P1,VILLAGER,False,False,0,1,14,0,14,0.0,0.0,1.0,2,0,,0,0,8,0,0,0,6,0,,,0.0,,,,0.0,,0.4203,0.4148,0.0055,0.3858,0.3926,-0.0068,0.0,0.0,0.2812,0.0,0.0,0.0,0.0,0.0,0.0,0.2083,0.325,0.0,0.0,0.0,0.0
210,8,WOLF,False,2,4,P1,SEER,False,False,0,0,14,0,14,0.0,0.0,1.0,2,0,,0,0,8,0,0,0,6,0,,,0.0,,,,0.0,,0.4036,0.4247,-0.0211,0.4015,0.3832,0.0183,0.0,0.0,0.2812,0.0,0.0,0.0,0.0,0.0,0.0,0.0,0.45,0.0,0.0,0.0,0.0
211,8,WOLF,False,2,4,P1,VILLAGER,False,False,0,1,14,0,14,0.0,0.0,1.0,2,0,,0,0,8,0,0,0,6,0,,,0.0,,,,0.0,,0.4203,0.4147,0.0056,0.3858,0.3926,-0.0068,0.0,0.0,0.2812,0.0,0.0,0.0,0.0,0.0,0.0,0.2083,0.325,0.0,0.0,0.0,0.0
212,8,WOLF,False,2,4,P1,VILLAGER,False,False,0,1,14,0,14,0.0,0.0,1.0,2,0,,0,0,8,0,0,0,6,0,,,0.0,,,,0.0,,0.4054,0.4235,-0.0181,0.4023,0.3827,0.0196,0.0,0.0,0.2812,0.0,0.0,0.0,0.0,0.0,0.0,0.3333,0.25,0.0,0.0,0.0,0.0
213,8,WOLF,False,2,4,P1,VILLAGER,False,False,0,1,14,0,14,0.0,0.0,1.0,2,0,,0,0,8,0,0,0,6,0,,,0.0,,,,0.0,,0.4202,0.4146,0.0056,0.3858,0.3926,-0.0068,0.0,0.0,0.2812,0.0,0.0,0.0,0.0,0.0,0.0,0.2083,0.325,0.0,0.0,0.0,0.0
214,8,WOLF,False,2,4,P1,VILLAGER,False,False,0,1,14,0,14,0.0,0.0,1.0,2,0,,0,0,8,0,0,0,6,0,,,0.0,,,,0.0,,0.4035,0.4246,-0.0211,0.4014,0.3831,0.0183,0.0,0.0,0.2812,0.0,0.0,0.0,0.0,0.0,0.0,0.0,0.45,0.0,0.0,0.0,0.0
215,8,WOLF,False,2,4,P1,VILLAGER,False,False,0,0,14,0,14,0.0,0.0,1.0,2,0,,0,0,8,0,0,0,6,0,,,0.0,,,,0.0,,0.4035,0.4246,-0.0211,0.4014,0.3831,0.0183,0.0,0.0,0.2812,0.0,0.0,0.0,0.0,0.0,0.0,0.0,0.45,0.0,0.0,0.0,0.0
216,8,WOLF,False,2,4,P1,VILLAGER,False,False,0,1,14,0,14,0.0,0.0,1.0,2,0,,0,0,8,0,0,0,6,0,,,0.0,,,,0.0,,0.4054,0.4235,-0.0181,0.4022,0.3826,0.0196,0.0,0.0,0.2812,0.0,0.0,0.0,0.0,0.0,0.0,0.3333,0.25,0.0,0.0,0.0,0.0
217,8,WOLF,False,2,4,P1,VILLAGER,False,False,0,1,14,0,14,0.0,0.0,1.0,2,0,,0,0,8,0,0,0,6,0,,,0.0,,,,0.0,,0.4202,0.4146,0.0056,0.3858,0.3925,-0.0067,0.0,0.0,0.2812,0.0,0.0,0.0,0.0,0.0,0.0,0.2083,0.325,0.0,0.0,0.0,0.0
218,8,WOLF,False,2,4,P1,SEER,False,False,0,0,14,0,14,0.0,0.0,1.0,2,0,,0,0,8,0,0,0,6,0,,,0.0,,,,0.0,,0.4035,0.4246,-0.0211,0.4014,0.3831,0.0183,0.0,0.0,0.2812,0.0,0.0,0.0,0.0,0.0,0.0,0.0,0.45,0.0,0.0,0.0,0.0
219,8,WOLF,False,2,4,P1,VILLAGER,False,False,0,0,14,0,14,0.0,0.0,1.0,2,0,,0,0,8,0,0,0,6,0,,,0.0,,,,0.0,,0.4035,0.4246,-0.0211,0.4014,0.3831,0.0183,0.0,0.0,0.2812,0.0,0.0,0.0,0.0,0.0,0.0,0.0,0.45,0.0,0.0,0.0,0.0
220,8,WOLF,False,2,4,P1,VILLAGER,False,False,0,0,14,0,14,0.0,0.0,1.0,2,0,,0,0,8,0,0,0,6,0,,,0.0,,,,0.0,,0.4034,0.4245,-0.0211,0.4014,0.3831,0.0183,0.0,0.0,0.2812,0.0,0.0,0.0,0.0,0.0,0.0,0.0,0.45,0.0,0.0,0.0,0.0
221,8,WOLF,False,2,4,P1,VILLAGER,False,False,0,0,14,0,14,0.0,0.0,1.0,2,0,,0,0,8,0,0,0,6,0,,,0.0,,,,0.0,,0.4034,0.4245,-0.0211,0.4014,0.3831,0.0183,0.0,0.0,0.2812,0.0,0.0,0.0,0.0,0.0,0.0,0.0,0.45,0.0,0.0,0.0,0.0
222,8,WOLF,False,2,4,P1,VILLAGER,False,False,0,0,14,0,14,0.0,0.0,1.0,2,0,,0,0,8,0,0,0,6,0,,,0.0,,,,0.0,,0.4034,0.4245,-0.0211,0.4014,0.3831,0.0183,0.0,0.0,0.2812,0.0,0.0,0.0,0.0,0.0,0.0,0.0,0.45,0.0,0.0,0.0,0.0
223,8,WOLF,False,2,4,P1,SEER,False,False,0,1,14,0,14,0.0,0.0,1.0,2,0,,0,0,8,0,0,0,6,0,,,0.0,,,,0.0,,0.4034,0.4245,-0.0211,0.4014,0.3831,0.0183,0.0,0.0,0.2812,0.0,0.0,0.0,0.0,0.0,0.0,0.0,0.45,0.0,0.0,0.0,0.0
224,8,WOLF,False,2,4,P1,VILLAGER,False,False,0,1,14,0,14,0.0,0.0,1.0,2,0,,0,0,8,0,0,0,6,0,,,0.0,,,,0.0,,0.4201,0.4145,0.0056,0.3858,0.3925,-0.0067,0.0,0.0,0.2812,0.0,0.0,0.0,0.0,0.0,0.0,0.2083,0.325,0.0,0.0,0.0,0.0
225,8,WOLF,False,2,4,P1,VILLAGER,False,False,0,0,14,0,14,0.0,0.0,1.0,2,0,,0,0,8,0,0,0,6,0,,,0.0,,,,0.0,,0.4034,0.4245,-0.0211,0.4014,0.3831,0.0183,0.0,0.0,0.2812,0.0,0.0,0.0,0.0,0.0,0.0,0.0,0.45,0.0,0.0,0.0,0.0
226,8,WOLF,False,2,4,P1,VILLAGER,False,False,0,1,14,0,14,0.0,0.0,1.0,2,0,,0,0,8,0,0,0,6,0,,,0.0,,,,0.0,,0.4201,0.4145,0.0056,0.3858,0.3925,-0.0067,0.0,0.0,0.2812,0.0,0.0,0.0,0.0,0.0,0.0,0.2083,0.325,0.0,0.0,0.0,0.0
227,8,WOLF,False,2,4,P1,VILLAGER,False,False,0,1,14,0,14,0.0,0.0,1.0,2,0,,0,0,8,0,0,0,6,0,,,0.0,,,,0.0,,0.4051,0.4233,-0.0182,0.4021,0.3827,0.0194,0.0,0.0,0.2812,0.0,0.0,0.0,0.0,0.0,0.0,0.3333,0.25,0.0,0.0,0.0,0.0
228,8,WOLF,False,2,4,P1,SEER,False,False,0,1,14,0,14,0.0,0.0,1.0,2,0,,0,0,8,0,0,0,6,0,,,0.0,,,,0.0,,0.42,0.4144,0.0056,0.3858,0.3925,-0.0067,0.0,0.0,0.2812,0.0,0.0,0.0,0.0,0.0,0.0,0.2083,0.325,0.0,0.0,0.0,0.0
229,8,WOLF,False,2,4,P1,VILLAGER,False,False,0,1,14,0,14,0.0,0.0,1.0,2,0,,0,0,8,0,0,0,6,0,,,0.0,,,,0.0,,0.4033,0.4244,-0.0211,0.4014,0.3831,0.0183,0.0,0.0,0.2812,0.0,0.0,0.0,0.0,0.0,0.0,0.0,0.45,0.0,0.0,0.0,0.0
230,8,WOLF,False,2,4,P1,VILLAGER,False,False,0,1,14,0,14,0.0,0.0,1.0,2,0,,0,0,8,0,0,0,6,0,,,0.0,,,,0.0,,0.4051,0.4233,-0.0182,0.4021,0.3827,0.0194,0.0,0.0,0.2812,0.0,0.0,0.0,0.0,0.0,0.0,0.3333,0.25,0.0,0.0,0.0,0.0
231,8,WOLF,False,2,4,P1,VILLAGER,False,False,0,1,14,0,14,0.0,0.0,1.0,2,0,,0,0,8,0,0,0,6,0,,,0.0,,,,0.0,,0.4033,0.4244,-0.0211,0.4014,0.3831,0.0183,0.0,0.0,0.2812,0.0,0.0,0.0,0.0,0.0,0.0,0.0,0.45,0.0,0.0,0.0,0.0
232,8,WOLF,False,2,4,P1,VILLAGER,False,False,0,1,14,0,14,0.0,0.0,1.0,2,0,,0,0,8,0,0,0,6,0,,,0.0,,,,0.0,,0.4051,0.4233,-0.0182,0.4021,0.3827,0.0194,0.0,0.0,0.2812,0.0,0.0,0.0,0.0,0.0,0.0,0.3333,0.25,0.0,0.0,0.0,0.0
233,8,WOLF,False,2,4,P1,POSSESSED,False,True,0,1,14,0,14,0.0,0.0,1.0,2,0,,0,0,8,0,0,0,6,0,,,0.0,,,,0.0,,0.42,0.4144,0.0056,0.3858,0.3925,-0.0067,0.0,0.0,0.2812,0.0,0.0,0.0,0.0,0.0,0.0,0.2083,0.325,0.0,0.0,0.0,0.0
234,8,WOLF,False,2,4,P1,VILLAGER,False,False,0,0,14,0,14,0.0,0.0,1.0,2,0,,0,0,8,0,0,0,6,0,,,0.0,,,,0.0,,0.4033,0.4243,-0.021,0.4013,0.3831,0.0182,0.0,0.0,0.2812,0.0,0.0,0.0,0.0,0.0,0.0,0.0,0.45,0.0,0.0,0.0,0.0
235,8,WOLF,False,2,4,P1,VILLAGER,False,False,0,1,14,0,14,0.0,0.0,1.0,2,0,,0,0,8,0,0,0,6,0,,,0.0,,,,0.0,,0.405,0.4233,-0.0183,0.402,0.3826,0.0194,0.0,0.0,0.2812,0.0,0.0,0.0,0.0,0.0,0.0,0.3333,0.25,0.0,0.0,0.0,0.0
236,8,WOLF,False,2,4,P1,VILLAGER,False,False,0,1,14,0,14,0.0,0.0,1.0,2,0,,0,0,8,0,0,0,6,0,,,0.0,,,,0.0,,0.42,0.4143,0.0057,0.3857,0.3924,-0.0067,0.0,0.0,0.2812,0.0,0.0,0.0,0.0,0.0,0.0,0.2083,0.325,0.0,0.0,0.0,0.0
237,8,WOLF,False,2,4,P1,VILLAGER,False,False,0,1,14,0,14,0.0,0.0,1.0,2,0,,0,0,8,0,0,0,6,0,,,0.0,,,,0.0,,0.4032,0.4242,-0.021,0.4013,0.3831,0.0182,0.0,0.0,0.2812,0.0,0.0,0.0,0.0,0.0,0.0,0.0,0.45,0.0,0.0,0.0,0.0
238,8,WOLF,False,2,4,P1,SEER,False,False,0,1,14,0,14,0.0,0.0,1.0,2,0,,0,0,8,0,0,0,6,0,,,0.0,,,,0.0,,0.4049,0.4232,-0.0183,0.402,0.3826,0.0194,0.0,0.0,0.2812,0.0,0.0,0.0,0.0,0.0,0.0,0.3333,0.25,0.0,0.0,0.0,0.0
239,8,WOLF,False,2,4,P1,SEER,False,False,0,1,14,0,14,0.0,0.0,1.0,2,0,,0,0,8,0,0,0,6,0,,,0.0,,,,0.0,,0.4199,0.4142,0.0057,0.3857,0.3924,-0.0067,0.0,0.0,0.2812,0.0,0.0,0.0,0.0,0.0,0.0,0.2083,0.325,0.0,0.0,0.0,0.0
240,8,WOLF,False,2,4,P1,VILLAGER,False,False,0,0,14,0,14,0.0,0.0,1.0,2,0,,0,0,8,0,0,0,6,0,,,0.0,,,,0.0,,0.4032,0.4242,-0.021,0.4013,0.383,0.0183,0.0,0.0,0.2812,0.0,0.0,0.0,0.0,0.0,0.0,0.0,0.45,0.0,0.0,0.0,0.0
241,8,WOLF,False,2,4,P1,VILLAGER,False,False,0,1,14,0,14,0.0,0.0,1.0,2,0,,0,0,8,0,0,0,6,0,,,0.0,,,,0.0,,0.4049,0.4232,-0.0183,0.402,0.3826,0.0194,0.0,0.0,0.2812,0.0,0.0,0.0,0.0,0.0,0.0,0.3333,0.25,0.0,0.0,0.0,0.0
242,8,WOLF,False,2,4,P1,POSSESSED,False,True,0,1,14,0,14,0.0,0.0,1.0,2,0,,0,0,8,0,0,0,6,0,,,0.0,,,,0.0,,0.4199,0.4142,0.0057,0.3857,0.3924,-0.0067,0.0,0.0,0.2812,0.0,0.0,0.0,0.0,0.0,0.0,0.2083,0.325,0.0,0.0,0.0,0.0
243,8,WOLF,False,2,4,P1,VILLAGER,False,False,0,0,14,0,14,0.0,0.0,1.0,2,0,,0,0,8,0,0,0,6,0,,,0.0,,,,0.0,,0.4032,0.4242,-0.021,0.4013,0.383,0.0183,0.0,0.0,0.2812,0.0,0.0,0.0,0.0,0.0,0.0,0.0,0.45,0.0,0.0,0.0,0.0
244,8,WOLF,False,2,4,P1,VILLAGER,False,False,0,1,14,0,14,0.0,0.0,1.0,2,0,,0,0,8,0,0,0,6,0,,,0.0,,,,0.0,,0.4199,0.4142,0.0057,0.3857,0.3924,-0.0067,0.0,0.0,0.2812,0.0,0.0,0.0,0.0,0.0,0.0,0.2083,0.325,0.0,0.0,0.0,0.0
245,8,WOLF,False,2,4,P1,VILLAGER,False,False,0,1,14,0,14,0.0,0.0,1.0,2,0,,0,0,8,0,0,0,6,0,,,0.0,,,,0.0,,0.4199,0.4142,0.0057,0.3857,0.3924,-0.0067,0.0,0.0,0.2812,0.0,0.0,0.0,0.0,0.0,0.0,0.2083,0.325,0.0,0.0,0.0,0.0
246,8,WOLF,False,2,4,P1,VILLAGER,False,False,0,1,14,0,14,0.0,0.0,1.0,2,0,,0,0,8,0,0,0,6,0,,,0.0,,,,0.0,,0.4031,0.4241,-0.021,0.4013,0.383,0.0183,0.0,0.0,0.2812,0.0,0.0,0.0,0.0,0.0,0.0,0.0,0.45,0.0,0.0,0.0,0.0
247,8,WOLF,False,2,4,P1,VILLAGER,False,False,0,1,14,0,14,0.0,0.0,1.0,2,0,,0,0,8,0,0,0,6,0,,,0.0,,,,0.0,,0.4031,0.4241,-0.021,0.4013,0.383,0.0183,0.0,0.0,0.2812,0.0,0.0,0.0,0.0,0.0,0.0,0.0,0.45,0.0,0.0,0.0,0.0
248,8,WOLF,False,2,4,P1,VILLAGER,False,False,0,1,14,0,14,0.0,0.0,1.0,2,0,,0,0,8,0,0,0,6,0,,,0.0,,,,0.0,,0.4198,0.4141,0.0057,0.3857,0.3924,-0.0067,0.0,0.0,0.2812,0.0,0.0,0.0,0.0,0.0,0.0,0.2083,0.325,0.0,0.0,0.0,0.0
249,8,WOLF,False,2,4,P1,VILLAGER,False,False,0,0,14,0,14,0.0,0.0,1.0,2,0,,0,0,8,0,0,0,6,0,,,0.0,,,,0.0,,0.4031,0.4241,-0.021,0.4013,0.383,0.0183,0.0,0.0,0.2812,0.0,0.0,0.0,0.0,0.0,0.0,0.0,0.45,0.0,0.0,0.0,0.0
250,8,WOLF,False,2,4,P1,VILLAGER,False,False,0,1,14,0,14,0.0,0.0,1.0,2,0,,0,0,8,0,0,0,6,0,,,0.0,,,,0.0,,0.4031,0.4241,-0.021,0.4013,0.3831,0.0182,0.0,0.0,0.2812,0.0,0.0,0.0,0.0,0.0,0.0,0.0,0.45,0.0,0.0,0.0,0.0
251,8,WOLF,False,2,4,P1,VILLAGER,False,False,0,0,14,0,14,0.0,0.0,1.0,2,0,,0,0,8,0,0,0,6,0,,,0.0,,,,0.0,,0.4031,0.4241,-0.021,0.4013,0.3831,0.0182,0.0,0.0,0.2812,0.0,0.0,0.0,0.0,0.0,0.0,0.0,0.45,0.0,0.0,0.0,0.0
252,8,WOLF,False,2,4,P1,VILLAGER,False,False,0,1,14,0,14,0.0,0.0,1.0,2,0,,0,0,8,0,0,0,6,0,,,0.0,,,,0.0,,0.4031,0.4241,-0.021,0.4013,0.3831,0.0182,0.0,0.0,0.2812,0.0,0.0,0.0,0.0,0.0,0.0,0.0,0.45,0.0,0.0,0.0,0.0
253,8,WOLF,False,2,4,P1,POSSESSED,False,True,0,1,14,0,14,0.0,0.0,1.0,2,0,,0,0,8,0,0,0,6,0,,,0.0,,,,0.0,,0.4197,0.414,0.0057,0.3858,0.3924,-0.0066,0.0,0.0,0.2812,0.0,0.0,0.0,0.0,0.0,0.0,0.2083,0.325,0.0,0.0,0.0,0.0
254,8,WOLF,False,2,4,P1,VILLAGER,False,False,0,1,14,0,14,0.0,0.0,1.0,2,0,,0,0,8,0,0,0,6,0,,,0.0,,,,0.0,,0.4197,0.414,0.0057,0.3858,0.3924,-0.0066,0.0,0.0,0.2812,0.0,0.0,0.0,0.0,0.0,0.0,0.2083,0.325,0.0,0.0,0.0,0.0
255,8,WOLF,False,2,4,P1,VILLAGER,False,False,0,1,14,0,14,0.0,0.0,1.0,2,0,,0,0,8,0,0,0,6,0,,,0.0,,,,0.0,,0.4046,0.423,-0.0184,0.4019,0.3826,0.0193,0.0,0.0,0.2812,0.0,0.0,0.0,0.0,0.0,0.0,0.3333,0.25,0.0,0.0,0.0,0.0
256,8,WOLF,False,2,4,P1,VILLAGER,False,False,0,1,14,0,14,0.0,0.0,1.0,2,0,,0,0,8,0,0,0,6,0,,,0.0,,,,0.0,,0.403,0.424,-0.021,0.4012,0.383,0.0182,0.0,0.0,0.2812,0.0,0.0,0.0,0.0,0.0,0.0,0.0,0.45,0.0,0.0,0.0,0.0
257,8,WOLF,False,2,4,P1,VILLAGER,False,False,0,1,14,0,14,0.0,0.0,1.0,2,0,,0,0,8,0,0,0,6,0,,,0.0,,,,0.0,,0.4046,0.423,-0.0184,0.4019,0.3826,0.0193,0.0,0.0,0.2812,0.0,0.0,0.0,0.0,0.0,0.0,0.3333,0.25,0.0,0.0,0.0,0.0
258,8,WOLF,False,2,4,P1,VILLAGER,False,False,0,0,14,0,14,0.0,0.0,1.0,2,0,,0,0,8,0,0,0,6,0,,,0.0,,,,0.0,,0.403,0.424,-0.021,0.4012,0.383,0.0182,0.0,0.0,0.2812,0.0,0.0,0.0,0.0,0.0,0.0,0.0,0.45,0.0,0.0,0.0,0.0
259,8,WOLF,False,2,4,P1,VILLAGER,False,False,0,0,14,0,14,0.0,0.0,1.0,2,0,,0,0,8,0,0,0,6,0,,,0.0,,,,0.0,,0.403,0.424,-0.021,0.4012,0.383,0.0182,0.0,0.0,0.2812,0.0,0.0,0.0,0.0,0.0,0.0,0.0,0.45,0.0,0.0,0.0,0.0
260,8,WOLF,False,2,4,P1,SEER,False,False,0,1,14,0,14,0.0,0.0,1.0,2,0,,0,0,8,0,0,0,6,0,,,0.0,,,,0.0,,0.4197,0.4139,0.0058,0.3857,0.3923,-0.0066,0.0,0.0,0.2812,0.0,0.0,0.0,0.0,0.0,0.0,0.2083,0.325,0.0,0.0,0.0,0.0
261,8,WOLF,False,2,4,P1,POSSESSED,False,True,0,1,14,0,14,0.0,0.0,1.0,2,0,,0,0,8,0,0,0,6,0,,,0.0,,,,0.0,,0.4197,0.4139,0.0058,0.3857,0.3923,-0.0066,0.0,0.0,0.2812,0.0,0.0,0.0,0.0,0.0,0.0,0.2083,0.325,0.0,0.0,0.0,0.0
262,8,WOLF,False,2,4,P1,VILLAGER,False,False,0,1,14,0,14,0.0,0.0,1.0,2,0,,0,0,8,0,0,0,6,0,,,0.0,,,,0.0,,0.4045,0.4229,-0.0184,0.4019,0.3826,0.0193,0.0,0.0,0.2812,0.0,0.0,0.0,0.0,0.0,0.0,0.3333,0.25,0.0,0.0,0.0,0.0
263,8,WOLF,False,2,4,P1,SEER,False,False,0,1,14,0,14,0.0,0.0,1.0,2,0,,0,0,8,0,0,0,6,0,,,0.0,,,,0.0,,0.4045,0.4229,-0.0184,0.4018,0.3826,0.0192,0.0,0.0,0.2812,0.0,0.0,0.0,0.0,0.0,0.0,0.3333,0.25,0.0,0.0,0.0,0.0
264,8,WOLF,False,2,4,P1,VILLAGER,False,False,0,0,14,0,14,0.0,0.0,1.0,2,0,,0,0,8,0,0,0,6,0,,,0.0,,,,0.0,,0.4029,0.4238,-0.0209,0.4012,0.383,0.0182,0.0,0.0,0.2812,0.0,0.0,0.0,0.0,0.0,0.0,0.0,0.45,0.0,0.0,0.0,0.0
265,8,WOLF,False,2,4,P1,VILLAGER,False,False,0,1,14,0,14,0.0,0.0,1.0,2,0,,0,0,8,0,0,0,6,0,,,0.0,,,,0.0,,0.4029,0.4238,-0.0209,0.4012,0.383,0.0182,0.0,0.0,0.2812,0.0,0.0,0.0,0.0,0.0,0.0,0.0,0.45,0.0,0.0,0.0,0.0
266,8,WOLF,False,2,4,P1,POSSESSED,False,True,0,1,14,0,14,0.0,0.0,1.0,2,0,,0,0,8,0,0,0,6,0,,,0.0,,,,0.0,,0.4196,0.4138,0.0058,0.3857,0.3923,-0.0066,0.0,0.0,0.2812,0.0,0.0,0.0,0.0,0.0,0.0,0.2083,0.325,0.0,0.0,0.0,0.0
267,8,WOLF,False,2,4,P1,SEER,False,False,0,1,14,0,14,0.0,0.0,1.0,2,0,,0,0,8,0,0,0,6,0,,,0.0,,,,0.0,,0.4196,0.4138,0.0058,0.3857,0.3923,-0.0066,0.0,0.0,0.2812,0.0,0.0,0.0,0.0,0.0,0.0,0.2083,0.325,0.0,0.0,0.0,0.0
268,8,WOLF,False,2,4,P1,VILLAGER,False,False,0,1,14,0,14,0.0,0.0,1.0,2,0,,0,0,8,0,0,0,6,0,,,0.0,,,,0.0,,0.4029,0.4238,-0.0209,0.4012,0.383,0.0182,0.0,0.0,0.2812,0.0,0.0,0.0,0.0,0.0,0.0,0.0,0.45,0.0,0.0,0.0,0.0
269,8,WOLF,False,2,4,P1,SEER,False,False,0,1,14,0,14,0.0,0.0,1.0,2,0,,0,0,8,0,0,0,6,0,,,0.0,,,,0.0,,0.4044,0.4229,-0.0185,0.4018,0.3826,0.0192,0.0,0.0,0.2812,0.0,0.0,0.0,0.0,0.0,0.0,0.3333,0.25,0.0,0.0,0.0,0.0
270,8,WOLF,False,2,4,P1,VILLAGER,False,False,0,0,14,0,14,0.0,0.0,1.0,2,0,,0,0,8,0,0,0,6,0,,,0.0,,,,0.0,,0.4029,0.4238,-0.0209,0.4012,0.383,0.0182,0.0,0.0,0.2812,0.0,0.0,0.0,0.0,0.0,0.0,0.0,0.45,0.0,0.0,0.0,0.0
271,8,WOLF,False,2,4,P1,VILLAGER,False,False,0,1,14,0,14,0.0,0.0,1.0,2,0,,0,0,8,0,0,0,6,0,,,0.0,,,,0.0,,0.4029,0.4238,-0.0209,0.4012,0.383,0.0182,0.0,0.0,0.2812,0.0,0.0,0.0,0.0,0.0,0.0,0.0,0.45,0.0,0.0,0.0,0.0
272,8,WOLF,False,2,4,P1,VILLAGER,False,False,0,0,14,0,14,0.0,0.0,1.0,2,0,,0,0,8,0,0,0,6,0,,,0.0,,,,0.0,,0.4028,0.4237,-0.0209,0.4012,0.383,0.0182,0.0,0.0,0.2812,0.0,0.0,0.0,0.0,0.0,0.0,0.0,0.45,0.0,0.0,0.0,0.0
273,8,WOLF,False,2,4,P1,VILLAGER,False,False,0,1,14,0,14,0.0,0.0,1.0,2,0,,0,0,8,0,0,0,6,0,,,0.0,,,,0.0,,0.4028,0.4237,-0.0209,0.4012,0.383,0.0182,0.0,0.0,0.2812,0.0,0.0,0.0,0.0,0.0,0.0,0.0,0.45,0.0,0.0,0.0,0.0
274,8,WOLF,False,2,4,P1,VILLAGER,False,False,0,1,14,0,14,0.0,0.0,1.0,2,0,,0,0,8,0,0,0,6,0,,,0.0,,,,0.0,,0.4043,0.4228,-0.0185,0.4018,0.3826,0.0192,0.0,0.0,0.2812,0.0,0.0,0.0,0.0,0.0,0.0,0.3333,0.25,0.0,0.0,0.0,0.0
275,8,WOLF,False,2,4,P1,VILLAGER,False,False,0,1,14,0,14,0.0,0.0,1.0,2,0,,0,0,8,0,0,0,6,0,,,0.0,,,,0.0,,0.4028,0.4237,-0.0209,0.4012,0.383,0.0182,0.0,0.0,0.2812,0.0,0.0,0.0,0.0,0.0,0.0,0.0,0.45,0.0,0.0,0.0,0.0
276,8,WOLF,False,2,4,P1,VILLAGER,False,False,0,1,14,0,14,0.0,0.0,1.0,2,0,,0,0,8,0,0,0,6,0,,,0.0,,,,0.0,,0.4028,0.4237,-0.0209,0.4012,0.383,0.0182,0.0,0.0,0.2812,0.0,0.0,0.0,0.0,0.0,0.0,0.0,0.45,0.0,0.0,0.0,0.0
277,8,WOLF,False,2,4,P1,VILLAGER,False,False,0,1,14,0,14,0.0,0.0,1.0,2,0,,0,0,8,0,0,0,6,0,,,0.0,,,,0.0,,0.4195,0.4137,0.0058,0.3857,0.3923,-0.0066,0.0,0.0,0.2812,0.0,0.0,0.0,0.0,0.0,0.0,0.2083,0.325,0.0,0.0,0.0,0.0
278,8,WOLF,False,2,4,P1,VILLAGER,False,False,0,1,14,0,14,0.0,0.0,1.0,2,0,,0,0,8,0,0,0,6,0,,,0.0,,,,0.0,,0.4043,0.4228,-0.0185,0.4017,0.3826,0.0191,0.0,0.0,0.2812,0.0,0.0,0.0,0.0,0.0,0.0,0.3333,0.25,0.0,0.0,0.0,0.0
279,8,WOLF,False,2,4,P1,VILLAGER,False,False,0,1,14,0,14,0.0,0.0,1.0,2,0,,0,0,8,0,0,0,6,0,,,0.0,,,,0.0,,0.4043,0.4228,-0.0185,0.4017,0.3826,0.0191,0.0,0.0,0.2812,0.0,0.0,0.0,0.0,0.0,0.0,0.3333,0.25,0.0,0.0,0.0,0.0
280,8,WOLF,False,2,4,P1,VILLAGER,False,False,0,1,14,0,14,0.0,0.0,1.0,2,0,,0,0,8,0,0,0,6,0,,,0.0,,,,0.0,,0.4195,0.4137,0.0058,0.3857,0.3922,-0.0065,0.0,0.0,0.2812,0.0,0.0,0.0,0.0,0.0,0.0,0.2083,0.325,0.0,0.0,0.0,0.0
281,8,WOLF,False,2,4,P1,VILLAGER,False,False,0,1,14,0,14,0.0,0.0,1.0,2,0,,0,0,8,0,0,0,6,0,,,0.0,,,,0.0,,0.4028,0.4237,-0.0209,0.4011,0.383,0.0181,0.0,0.0,0.2812,0.0,0.0,0.0,0.0,0.0,0.0,0.0,0.45,0.0,0.0,0.0,0.0
282,8,WOLF,False,2,4,P1,VILLAGER,False,False,0,1,14,0,14,0.0,0.0,1.0,2,0,,0,0,8,0,0,0,6,0,,,0.0,,,,0.0,,0.4042,0.4227,-0.0185,0.4017,0.3826,0.0191,0.0,0.0,0.2812,0.0,0.0,0.0,0.0,0.0,0.0,0.3333,0.25,0.0,0.0,0.0,0.0
283,8,WOLF,False,2,4,P1,VILLAGER,False,False,0,1,14,0,14,0.0,0.0,1.0,2,0,,0,0,8,0,0,0,6,0,,,0.0,,,,0.0,,0.4042,0.4227,-0.0185,0.4017,0.3826,0.0191,0.0,0.0,0.2812,0.0,0.0,0.0,0.0,0.0,0.0,0.3333,0.25,0.0,0.0,0.0,0.0
284,8,WOLF,False,2,4,P1,POSSESSED,False,True,0,1,14,0,14,0.0,0.0,1.0,2,0,,0,0,8,0,0,0,6,0,,,0.0,,,,0.0,,0.4194,0.4136,0.0058,0.3857,0.3922,-0.0065,0.0,0.0,0.2812,0.0,0.0,0.0,0.0,0.0,0.0,0.2083,0.325,0.0,0.0,0.0,0.0
285,8,WOLF,False,2,4,P1,POSSESSED,False,True,0,1,14,0,14,0.0,0.0,1.0,2,0,,0,0,8,0,0,0,6,0,,,0.0,,,,0.0,,0.4194,0.4136,0.0058,0.3857,0.3922,-0.0065,0.0,0.0,0.2812,0.0,0.0,0.0,0.0,0.0,0.0,0.2083,0.325,0.0,0.0,0.0,0.0
286,8,WOLF,False,2,4,P1,SEER,False,False,0,1,14,0,14,0.0,0.0,1.0,2,0,,0,0,8,0,0,0,6,0,,,0.0,,,,0.0,,0.4194,0.4136,0.0058,0.3857,0.3922,-0.0065,0.0,0.0,0.2812,0.0,0.0,0.0,0.0,0.0,0.0,0.2083,0.325,0.0,0.0,0.0,0.0
287,8,WOLF,False,2,4,P1,VILLAGER,False,False,0,1,14,0,14,0.0,0.0,1.0,2,0,,0,0,8,0,0,0,6,0,,,0.0,,,,0.0,,0.4027,0.4236,-0.0209,0.4011,0.3829,0.0182,0.0,0.0,0.2812,0.0,0.0,0.0,0.0,0.0,0.0,0.0,0.45,0.0,0.0,0.0,0.0
288,8,WOLF,False,2,4,P1,VILLAGER,False,False,0,0,14,0,14,0.0,0.0,1.0,2,0,,0,0,8,0,0,0,6,0,,,0.0,,,,0.0,,0.4027,0.4236,-0.0209,0.4011,0.3829,0.0182,0.0,0.0,0.2812,0.0,0.0,0.0,0.0,0.0,0.0,0.0,0.45,0.0,0.0,0.0,0.0
289,8,WOLF,False,2,4,P1,VILLAGER,False,False,0,0,14,0,14,0.0,0.0,1.0,2,0,,0,0,8,0,0,0,6,0,,,0.0,,,,0.0,,0.4027,0.4235,-0.0208,0.4011,0.3829,0.0182,0.0,0.0,0.2812,0.0,0.0,0.0,0.0,0.0,0.0,0.0,0.45,0.0,0.0,0.0,0.0
290,8,WOLF,False,2,4,P1,POSSESSED,False,True,0,1,14,0,14,0.0,0.0,1.0,2,0,,0,0,8,0,0,0,6,0,,,0.0,,,,0.0,,0.4194,0.4135,0.0059,0.3857,0.3922,-0.0065,0.0,0.0,0.2812,0.0,0.0,0.0,0.0,0.0,0.0,0.2083,0.325,0.0,0.0,0.0,0.0
291,8,WOLF,False,2,4,P1,VILLAGER,False,False,0,1,14,0,14,0.0,0.0,1.0,2,0,,0,0,8,0,0,0,6,0,,,0.0,,,,0.0,,0.4026,0.4235,-0.0209,0.4011,0.3829,0.0182,0.0,0.0,0.2812,0.0,0.0,0.0,0.0,0.0,0.0,0.0,0.45,0.0,0.0,0.0,0.0
292,8,WOLF,False,2,4,P1,VILLAGER,False,False,0,0,14,0,14,0.0,0.0,1.0,2,0,,0,0,8,0,0,0,6,0,,,0.0,,,,0.0,,0.4026,0.4234,-0.0208,0.4011,0.3829,0.0182,0.0,0.0,0.2812,0.0,0.0,0.0,0.0,0.0,0.0,0.0,0.45,0.0,0.0,0.0,0.0
293,8,WOLF,False,2,4,P1,VILLAGER,False,False,0,1,14,0,14,0.0,0.0,1.0,2,0,,0,0,8,0,0,0,6,0,,,0.0,,,,0.0,,0.4026,0.4234,-0.0208,0.4011,0.3829,0.0182,0.0,0.0,0.2812,0.0,0.0,0.0,0.0,0.0,0.0,0.0,0.45,0.0,0.0,0.0,0.0
294,8,WOLF,False,2,4,P1,SEER,False,False,0,1,14,0,14,0.0,0.0,1.0,2,0,,0,0,8,0,0,0,6,0,,,0.0,,,,0.0,,0.4026,0.4234,-0.0208,0.4011,0.3829,0.0182,0.0,0.0,0.2812,0.0,0.0,0.0,0.0,0.0,0.0,0.0,0.45,0.0,0.0,0.0,0.0
295,8,WOLF,False,2,4,P1,VILLAGER,False,False,0,0,14,0,14,0.0,0.0,1.0,2,0,,0,0,8,0,0,0,6,0,,,0.0,,,,0.0,,0.4026,0.4234,-0.0208,0.4011,0.3829,0.0182,0.0,0.0,0.2812,0.0,0.0,0.0,0.0,0.0,0.0,0.0,0.45,0.0,0.0,0.0,0.0
296,8,WOLF,False,2,4,P1,SEER,False,False,0,0,14,0,14,0.0,0.0,1.0,2,0,,0,0,8,0,0,0,6,0,,,0.0,,,,0.0,,0.4026,0.4234,-0.0208,0.4011,0.3829,0.0182,0.0,0.0,0.2812,0.0,0.0,0.0,0.0,0.0,0.0,0.0,0.45,0.0,0.0,0.0,0.0
297,8,WOLF,False,2,4,P1,VILLAGER,False,False,0,0,14,0,14,0.0,0.0,1.0,2,0,,0,0,8,0,0,0,6,0,,,0.0,,,,0.0,,0.4026,0.4234,-0.0208,0.4011,0.3829,0.0182,0.0,0.0,0.2812,0.0,0.0,0.0,0.0,0.0,0.0,0.0,0.45,0.0,0.0,0.0,0.0
298,8,WOLF,False,2,4,P1,POSSESSED,False,True,0,1,14,0,14,0.0,0.0,1.0,2,0,,0,0,8,0,0,0,6,0,,,0.0,,,,0.0,,0.4193,0.4134,0.0059,0.3857,0.3922,-0.0065,0.0,0.0,0.2812,0.0,0.0,0.0,0.0,0.0,0.0,0.2083,0.325,0.0,0.0,0.0,0.0
299,8,WOLF,False,2,4,P1,VILLAGER,False,False,0,0,14,0,14,0.0,0.0,1.0,2,0,,0,0,8,0,0,0,6,0,,,0.0,,,,0.0,,0.4025,0.4233,-0.0208,0.4011,0.3829,0.0182,0.0,0.0,0.2812,0.0,0.0,0.0,0.0,0.0,0.0,0.0,0.45,0.0,0.0,0.0,0.0
300,8,WOLF,False,2,4,P1,VILLAGER,False,False,0,1,14,0,14,0.0,0.0,1.0,2,0,,0,0,8,0,0,0,6,0,,,0.0,,,,0.0,,0.4039,0.4225,-0.0186,0.4016,0.3826,0.019,0.0,0.0,0.2812,0.0,0.0,0.0,0.0,0.0,0.0,0.3333,0.25,0.0,0.0,0.0,0.0
301,8,WOLF,False,2,4,P1,SEER,False,False,0,0,14,0,14,0.0,0.0,1.0,2,0,,0,0,8,0,0,0,6,0,,,0.0,,,,0.0,,0.4025,0.4233,-0.0208,0.401,0.3829,0.0181,0.0,0.0,0.2812,0.0,0.0,0.0,0.0,0.0,0.0,0.0,0.45,0.0,0.0,0.0,0.0
302,8,WOLF,False,2,4,P1,VILLAGER,False,False,0,0,14,0,14,0.0,0.0,1.0,2,0,,0,0,8,0,0,0,6,0,,,0.0,,,,0.0,,0.4025,0.4233,-0.0208,0.401,0.3829,0.0181,0.0,0.0,0.2812,0.0,0.0,0.0,0.0,0.0,0.0,0.0,0.45,0.0,0.0,0.0,0.0
303,8,WOLF,False,2,4,P1,VILLAGER,False,False,0,0,14,0,14,0.0,0.0,1.0,2,0,,0,0,8,0,0,0,6,0,,,0.0,,,,0.0,,0.4025,0.4233,-0.0208,0.401,0.3829,0.0181,0.0,0.0,0.2812,0.0,0.0,0.0,0.0,0.0,0.0,0.0,0.45,0.0,0.0,0.0,0.0
304,8,WOLF,False,2,4,P1,VILLAGER,False,False,0,1,14,0,14,0.0,0.0,1.0,2,0,,0,0,8,0,0,0,6,0,,,0.0,,,,0.0,,0.4192,0.4133,0.0059,0.3856,0.3921,-0.0065,0.0,0.0,0.2812,0.0,0.0,0.0,0.0,0.0,0.0,0.2083,0.325,0.0,0.0,0.0,0.0
305,8,WOLF,False,2,4,P1,VILLAGER,False,False,0,1,14,0,14,0.0,0.0,1.0,2,0,,0,0,8,0,0,0,6,0,,,0.0,,,,0.0,,0.4038,0.4225,-0.0187,0.4015,0.3826,0.0189,0.0,0.0,0.2812,0.0,0.0,0.0,0.0,0.0,0.0,0.3333,0.25,0.0,0.0,0.0,0.0
306,8,WOLF,False,2,4,P1,SEER,False,False,0,0,14,0,14,0.0,0.0,1.0,2,0,,0,0,8,0,0,0,6,0,,,0.0,,,,0.0,,0.4025,0.4233,-0.0208,0.401,0.3829,0.0181,0.0,0.0,0.2812,0.0,0.0,0.0,0.0,0.0,0.0,0.0,0.45,0.0,0.0,0.0,0.0
307,8,WOLF,False,2,4,P1,VILLAGER,False,False,0,0,14,0,14,0.0,0.0,1.0,2,0,,0,0,8,0,0,0,6,0,,,0.0,,,,0.0,,0.4024,0.4232,-0.0208,0.401,0.3829,0.0181,0.0,0.0,0.2812,0.0,0.0,0.0,0.0,0.0,0.0,0.0,0.45,0.0,0.0,0.0,0.0
308,8,WOLF,False,2,4,P1,VILLAGER,False,False,0,0,14,0,14,0.0,0.0,1.0,2,0,,0,0,8,0,0,0,6,0,,,0.0,,,,0.0,,0.4024,0.4232,-0.0208,0.401,0.3829,0.0181,0.0,0.0,0.2812,0.0,0.0,0.0,0.0,0.0,0.0,0.0,0.45,0.0,0.0,0.0,0.0
309,8,WOLF,False,2,4,P1,SEER,False,False,0,0,14,0,14,0.0,0.0,1.0,2,0,,0,0,8,0,0,0,6,0,,,0.0,,,,0.0,,0.4024,0.4232,-0.0208,0.401,0.3829,0.0181,0.0,0.0,0.2812,0.0,0.0,0.0,0.0,0.0,0.0,0.0,0.45,0.0,0.0,0.0,0.0
310,8,WOLF,False,2,4,P1,VILLAGER,False,False,0,0,14,0,14,0.0,0.0,1.0,2,0,,0,0,8,0,0,0,6,0,,,0.0,,,,0.0,,0.4024,0.4232,-0.0208,0.401,0.3829,0.0181,0.0,0.0,0.2812,0.0,0.0,0.0,0.0,0.0,0.0,0.0,0.45,0.0,0.0,0.0,0.0
311,8,WOLF,False,2,4,P1,VILLAGER,False,False,0,0,14,0,14,0.0,0.0,1.0,2,0,,0,0,8,0,0,0,6,0,,,0.0,,,,0.0,,0.4024,0.4232,-0.0208,0.401,0.3829,0.0181,0.0,0.0,0.2812,0.0,0.0,0.0,0.0,0.0,0.0,0.0,0.45,0.0,0.0,0.0,0.0
312,8,WOLF,False,2,4,P1,VILLAGER,False,False,0,1,14,0,14,0.0,0.0,1.0,2,0,,0,0,8,0,0,0,6,0,,,0.0,,,,0.0,,0.4191,0.4131,0.006,0.3856,0.3921,-0.0065,0.0,0.0,0.2812,0.0,0.0,0.0,0.0,0.0,0.0,0.2083,0.325,0.0,0.0,0.0,0.0
313,8,WOLF,False,2,4,P1,VILLAGER,False,False,0,1,14,0,14,0.0,0.0,1.0,2,0,,0,0,8,0,0,0,6,0,,,0.0,,,,0.0,,0.4036,0.4223,-0.0187,0.4015,0.3826,0.0189,0.0,0.0,0.2812,0.0,0.0,0.0,0.0,0.0,0.0,0.3333,0.25,0.0,0.0,0.0,0.0
314,8,WOLF,False,2,4,P1,SEER,False,False,0,0,14,0,14,0.0,0.0,1.0,2,0,,0,0,8,0,0,0,6,0,,,0.0,,,,0.0,,0.4023,0.4231,-0.0208,0.401,0.3829,0.0181,0.0,0.0,0.2812,0.0,0.0,0.0,0.0,0.0,0.0,0.0,0.45,0.0,0.0,0.0,0.0
315,8,WOLF,False,2,4,P1,VILLAGER,False,False,0,1,14,0,14,0.0,0.0,1.0,2,0,,0,0,8,0,0,0,6,0,,,0.0,,,,0.0,,0.419,0.413,0.006,0.3856,0.3921,-0.0065,0.0,0.0,0.2812,0.0,0.0,0.0,0.0,0.0,0.0,0.2083,0.325,0.0,0.0,0.0,0.0
316,8,WOLF,False,2,4,P1,VILLAGER,False,False,0,0,14,0,14,0.0,0.0,1.0,2,0,,0,0,8,0,0,0,6,0,,,0.0,,,,0.0,,0.4023,0.423,-0.0207,0.401,0.3829,0.0181,0.0,0.0,0.2812,0.0,0.0,0.0,0.0,0.0,0.0,0.0,0.45,0.0,0.0,0.0,0.0
317,8,WOLF,False,2,4,P1,VILLAGER,False,False,0,0,14,0,14,0.0,0.0,1.0,2,0,,0,0,8,0,0,0,6,0,,,0.0,,,,0.0,,0.4023,0.423,-0.0207,0.4009,0.3828,0.0181,0.0,0.0,0.2812,0.0,0.0,0.0,0.0,0.0,0.0,0.0,0.45,0.0,0.0,0.0,0.0
318,8,WOLF,False,2,4,P1,VILLAGER,False,False,0,0,14,0,14,0.0,0.0,1.0,2,0,,0,0,8,0,0,0,6,0,,,0.0,,,,0.0,,0.4023,0.423,-0.0207,0.4009,0.3828,0.0181,0.0,0.0,0.2812,0.0,0.0,0.0,0.0,0.0,0.0,0.0,0.45,0.0,0.0,0.0,0.0
319,8,WOLF,False,2,4,P1,VILLAGER,False,False,0,1,14,0,14,0.0,0.0,1.0,2,0,,0,0,8,0,0,0,6,0,,,0.0,,,,0.0,,0.4035,0.4223,-0.0188,0.4014,0.3825,0.0189,0.0,0.0,0.2812,0.0,0.0,0.0,0.0,0.0,0.0,0.3333,0.25,0.0,0.0,0.0,0.0
320,8,WOLF,False,2,4,P1,VILLAGER,False,False,0,0,14,0,14,0.0,0.0,1.0,2,0,,0,0,8,0,0,0,6,0,,,0.0,,,,0.0,,0.4023,0.423,-0.0207,0.4009,0.3828,0.0181,0.0,0.0,0.2812,0.0,0.0,0.0,0.0,0.0,0.0,0.0,0.45,0.0,0.0,0.0,0.0
321,8,WOLF,False,2,4,P1,VILLAGER,False,False,0,0,14,0,14,0.0,0.0,1.0,2,0,,0,0,8,0,0,0,6,0,,,0.0,,,,0.0,,0.4022,0.4229,-0.0207,0.4009,0.3828,0.0181,0.0,0.0,0.2812,0.0,0.0,0.0,0.0,0.0,0.0,0.0,0.45,0.0,0.0,0.0,0.0
322,8,WOLF,False,2,4,P1,SEER,False,False,0,0,14,0,14,0.0,0.0,1.0,2,0,,0,0,8,0,0,0,6,0,,,0.0,,,,0.0,,0.4022,0.4229,-0.0207,0.4009,0.3828,0.0181,0.0,0.0,0.2812,0.0,0.0,0.0,0.0,0.0,0.0,0.0,0.45,0.0,0.0,0.0,0.0
323,8,WOLF,False,2,4,P1,VILLAGER,False,False,0,1,14,0,14,0.0,0.0,1.0,2,0,,0,0,8,0,0,0,6,0,,,0.0,,,,0.0,,0.4189,0.4129,0.006,0.3856,0.392,-0.0064,0.0,0.0,0.2812,0.0,0.0,0.0,0.0,0.0,0.0,0.2083,0.325,0.0,0.0,0.0,0.0
324,8,WOLF,False,2,4,P1,VILLAGER,False,False,0,1,14,0,14,0.0,0.0,1.0,2,0,,0,0,8,0,0,0,6,0,,,0.0,,,,0.0,,0.4189,0.4129,0.006,0.3856,0.392,-0.0064,0.0,0.0,0.2812,0.0,0.0,0.0,0.0,0.0,0.0,0.2083,0.325,0.0,0.0,0.0,0.0
325,8,WOLF,False,2,4,P1,VILLAGER,False,False,0,0,14,0,14,0.0,0.0,1.0,2,0,,0,0,8,0,0,0,6,0,,,0.0,,,,0.0,,0.4022,0.4229,-0.0207,0.4009,0.3828,0.0181,0.0,0.0,0.2812,0.0,0.0,0.0,0.0,0.0,0.0,0.0,0.45,0.0,0.0,0.0,0.0
326,8,WOLF,False,2,4,P1,VILLAGER,False,False,0,1,14,0,14,0.0,0.0,1.0,2,0,,0,0,8,0,0,0,6,0,,,0.0,,,,0.0,,0.4021,0.4228,-0.0207,0.4009,0.3828,0.0181,0.0,0.0,0.2812,0.0,0.0,0.0,0.0,0.0,0.0,0.0,0.45,0.0,0.0,0.0,0.0
327,8,WOLF,False,2,4,P1,VILLAGER,False,False,0,0,14,0,14,0.0,0.0,1.0,2,0,,0,0,8,0,0,0,6,0,,,0.0,,,,0.0,,0.4021,0.4228,-0.0207,0.4009,0.3828,0.0181,0.0,0.0,0.2812,0.0,0.0,0.0,0.0,0.0,0.0,0.0,0.45,0.0,0.0,0.0,0.0
328,8,WOLF,False,2,4,P1,VILLAGER,False,False,0,1,14,0,14,0.0,0.0,1.0,2,0,,0,0,8,0,0,0,6,0,,,0.0,,,,0.0,,0.4188,0.4128,0.006,0.3856,0.392,-0.0064,0.0,0.0,0.2812,0.0,0.0,0.0,0.0,0.0,0.0,0.2083,0.325,0.0,0.0,0.0,0.0
329,8,WOLF,False,2,4,P1,VILLAGER,False,False,0,0,14,0,14,0.0,0.0,1.0,2,0,,0,0,8,0,0,0,6,0,,,0.0,,,,0.0,,0.4021,0.4228,-0.0207,0.4009,0.3828,0.0181,0.0,0.0,0.2812,0.0,0.0,0.0,0.0,0.0,0.0,0.0,0.45,0.0,0.0,0.0,0.0
330,8,WOLF,False,2,4,P1,VILLAGER,False,False,0,1,14,0,14,0.0,0.0,1.0,2,0,,0,0,8,0,0,0,6,0,,,0.0,,,,0.0,,0.4032,0.4221,-0.0189,0.4014,0.3825,0.0189,0.0,0.0,0.2812,0.0,0.0,0.0,0.0,0.0,0.0,0.3333,0.25,0.0,0.0,0.0,0.0
331,8,WOLF,False,2,4,P1,VILLAGER,False,False,0,1,14,0,14,0.0,0.0,1.0,2,0,,0,0,8,0,0,0,6,0,,,0.0,,,,0.0,,0.4188,0.4128,0.006,0.3856,0.392,-0.0064,0.0,0.0,0.2812,0.0,0.0,0.0,0.0,0.0,0.0,0.2083,0.325,0.0,0.0,0.0,0.0
332,8,WOLF,False,2,4,P1,POSSESSED,False,True,0,1,14,0,14,0.0,0.0,1.0,2,0,,0,0,8,0,0,0,6,0,,,0.0,,,,0.0,,0.4188,0.4128,0.006,0.3856,0.392,-0.0064,0.0,0.0,0.2812,0.0,0.0,0.0,0.0,0.0,0.0,0.2083,0.325,0.0,0.0,0.0,0.0
333,8,WOLF,False,2,4,P1,POSSESSED,False,True,0,1,14,0,14,0.0,0.0,1.0,2,0,,0,0,8,0,0,0,6,0,,,0.0,,,,0.0,,0.4188,0.4127,0.0061,0.3856,0.392,-0.0064,0.0,0.0,0.2812,0.0,0.0,0.0,0.0,0.0,0.0,0.2083,0.325,0.0,0.0,0.0,0.0
334,8,WOLF,False,2,4,P1,VILLAGER,False,False,0,0,14,0,14,0.0,0.0,1.0,2,0,,0,0,8,0,0,0,6,0,,,0.0,,,,0.0,,0.402,0.4227,-0.0207,0.4008,0.3828,0.018,0.0,0.0,0.2812,0.0,0.0,0.0,0.0,0.0,0.0,0.0,0.45,0.0,0.0,0.0,0.0
335,8,WOLF,False,2,4,P1,VILLAGER,False,False,0,1,14,0,14,0.0,0.0,1.0,2,0,,0,0,8,0,0,0,6,0,,,0.0,,,,0.0,,0.4187,0.4127,0.006,0.3855,0.3919,-0.0064,0.0,0.0,0.2812,0.0,0.0,0.0,0.0,0.0,0.0,0.2083,0.325,0.0,0.0,0.0,0.0
336,8,WOLF,False,2,4,P1,POSSESSED,False,True,0,1,14,0,14,0.0,0.0,1.0,2,0,,0,0,8,0,0,0,6,0,,,0.0,,,,0.0,,0.4187,0.4126,0.0061,0.3855,0.3919,-0.0064,0.0,0.0,0.2812,0.0,0.0,0.0,0.0,0.0,0.0,0.2083,0.325,0.0,0.0,0.0,0.0
337,8,WOLF,False,2,4,P1,VILLAGER,False,False,0,0,14,0,14,0.0,0.0,1.0,2,0,,0,0,8,0,0,0,6,0,,,0.0,,,,0.0,,0.402,0.4226,-0.0206,0.4008,0.3828,0.018,0.0,0.0,0.2812,0.0,0.0,0.0,0.0,0.0,0.0,0.0,0.45,0.0,0.0,0.0,0.0
338,8,WOLF,False,2,4,P1,POSSESSED,False,True,0,1,14,0,14,0.0,0.0,1.0,2,0,,0,0,8,0,0,0,6,0,,,0.0,,,,0.0,,0.4187,0.4126,0.0061,0.3855,0.3919,-0.0064,0.0,0.0,0.2812,0.0,0.0,0.0,0.0,0.0,0.0,0.2083,0.325,0.0,0.0,0.0,0.0
339,8,WOLF,False,2,4,P1,SEER,False,False,0,1,14,0,14,0.0,0.0,1.0,2,0,,0,0,8,0,0,0,6,0,,,0.0,,,,0.0,,0.403,0.422,-0.019,0.4012,0.3825,0.0187,0.0,0.0,0.2812,0.0,0.0,0.0,0.0,0.0,0.0,0.3333,0.25,0.0,0.0,0.0,0.0
340,8,WOLF,False,2,4,P1,VILLAGER,False,False,0,0,14,0,14,0.0,0.0,1.0,2,0,,0,0,8,0,0,0,6,0,,,0.0,,,,0.0,,0.402,0.4226,-0.0206,0.4008,0.3827,0.0181,0.0,0.0,0.2812,0.0,0.0,0.0,0.0,0.0,0.0,0.0,0.45,0.0,0.0,0.0,0.0
341,8,WOLF,False,2,4,P1,VILLAGER,False,False,0,0,14,0,14,0.0,0.0,1.0,2,0,,0,0,8,0,0,0,6,0,,,0.0,,,,0.0,,0.4019,0.4225,-0.0206,0.4008,0.3827,0.0181,0.0,0.0,0.2812,0.0,0.0,0.0,0.0,0.0,0.0,0.0,0.45,0.0,0.0,0.0,0.0
342,8,WOLF,False,2,4,P1,VILLAGER,False,False,0,1,14,0,14,0.0,0.0,1.0,2,0,,0,0,8,0,0,0,6,0,,,0.0,,,,0.0,,0.4019,0.4225,-0.0206,0.4008,0.3827,0.0181,0.0,0.0,0.2812,0.0,0.0,0.0,0.0,0.0,0.0,0.0,0.45,0.0,0.0,0.0,0.0
343,8,WOLF,False,2,4,P1,VILLAGER,False,False,0,0,14,0,14,0.0,0.0,1.0,2,0,,0,0,8,0,0,0,6,0,,,0.0,,,,0.0,,0.4019,0.4225,-0.0206,0.4008,0.3828,0.018,0.0,0.0,0.2812,0.0,0.0,0.0,0.0,0.0,0.0,0.0,0.45,0.0,0.0,0.0,0.0
344,8,WOLF,False,2,4,P1,VILLAGER,False,False,0,1,14,0,14,0.0,0.0,1.0,2,0,,0,0,8,0,0,0,6,0,,,0.0,,,,0.0,,0.4029,0.4219,-0.019,0.4012,0.3825,0.0187,0.0,0.0,0.2812,0.0,0.0,0.0,0.0,0.0,0.0,0.3333,0.25,0.0,0.0,0.0,0.0
345,8,WOLF,False,2,4,P1,VILLAGER,False,False,0,1,14,0,14,0.0,0.0,1.0,2,0,,0,0,8,0,0,0,6,0,,,0.0,,,,0.0,,0.4019,0.4225,-0.0206,0.4008,0.3828,0.018,0.0,0.0,0.2812,0.0,0.0,0.0,0.0,0.0,0.0,0.0,0.45,0.0,0.0,0.0,0.0
346,8,WOLF,False,2,4,P1,VILLAGER,False,False,0,0,14,0,14,0.0,0.0,1.0,2,0,,0,0,8,0,0,0,6,0,,,0.0,,,,0.0,,0.4019,0.4225,-0.0206,0.4008,0.3828,0.018,0.0,0.0,0.2812,0.0,0.0,0.0,0.0,0.0,0.0,0.0,0.45,0.0,0.0,0.0,0.0
347,8,WOLF,False,2,4,P1,VILLAGER,False,False,0,0,14,0,14,0.0,0.0,1.0,2,0,,0,0,8,0,0,0,6,0,,,0.0,,,,0.0,,0.4019,0.4225,-0.0206,0.4008,0.3828,0.018,0.0,0.0,0.2812,0.0,0.0,0.0,0.0,0.0,0.0,0.0,0.45,0.0,0.0,0.0,0.0
348,8,WOLF,False,2,4,P1,POSSESSED,False,True,0,1,14,0,14,0.0,0.0,1.0,2,0,,0,0,8,0,0,0,6,0,,,0.0,,,,0.0,,0.4186,0.4125,0.0061,0.3856,0.3919,-0.0063,0.0,0.0,0.2812,0.0,0.0,0.0,0.0,0.0,0.0,0.2083,0.325,0.0,0.0,0.0,0.0
349,8,WOLF,False,2,4,P1,VILLAGER,False,False,0,1,14,0,14,0.0,0.0,1.0,2,0,,0,0,8,0,0,0,6,0,,,0.0,,,,0.0,,0.4028,0.4218,-0.019,0.4012,0.3825,0.0187,0.0,0.0,0.2812,0.0,0.0,0.0,0.0,0.0,0.0,0.3333,0.25,0.0,0.0,0.0,0.0
350,8,WOLF,False,2,4,P1,VILLAGER,False,False,0,0,14,0,14,0.0,0.0,1.0,2,0,,0,0,8,0,0,0,6,0,,,0.0,,,,0.0,,0.4018,0.4224,-0.0206,0.4008,0.3828,0.018,0.0,0.0,0.2812,0.0,0.0,0.0,0.0,0.0,0.0,0.0,0.45,0.0,0.0,0.0,0.0
351,8,WOLF,False,2,4,P1,VILLAGER,False,False,0,1,14,0,14,0.0,0.0,1.0,2,0,,0,0,8,0,0,0,6,0,,,0.0,,,,0.0,,0.4028,0.4218,-0.019,0.4012,0.3825,0.0187,0.0,0.0,0.2812,0.0,0.0,0.0,0.0,0.0,0.0,0.3333,0.25,0.0,0.0,0.0,0.0
352,8,WOLF,False,2,4,P1,VILLAGER,False,False,0,1,14,0,14,0.0,0.0,1.0,2,0,,0,0,8,0,0,0,6,0,,,0.0,,,,0.0,,0.4028,0.4218,-0.019,0.4012,0.3825,0.0187,0.0,0.0,0.2812,0.0,0.0,0.0,0.0,0.0,0.0,0.3333,0.25,0.0,0.0,0.0,0.0
353,8,WOLF,False,2,4,P1,VILLAGER,False,False,0,1,14,0,14,0.0,0.0,1.0,2,0,,0,0,8,0,0,0,6,0,,,0.0,,,,0.0,,0.4185,0.4124,0.0061,0.3856,0.3919,-0.0063,0.0,0.0,0.2812,0.0,0.0,0.0,0.0,0.0,0.0,0.2083,0.325,0.0,0.0,0.0,0.0
354,8,WOLF,False,2,4,P1,SEER,False,False,0,0,14,0,14,0.0,0.0,1.0,2,0,,0,0,8,0,0,0,6,0,,,0.0,,,,0.0,,0.4018,0.4224,-0.0206,0.4008,0.3828,0.018,0.0,0.0,0.2812,0.0,0.0,0.0,0.0,0.0,0.0,0.0,0.45,0.0,0.0,0.0,0.0
355,8,WOLF,False,2,4,P1,VILLAGER,False,False,0,1,14,0,14,0.0,0.0,1.0,2,0,,0,0,8,0,0,0,6,0,,,0.0,,,,0.0,,0.4018,0.4224,-0.0206,0.4007,0.3827,0.018,0.0,0.0,0.2812,0.0,0.0,0.0,0.0,0.0,0.0,0.0,0.45,0.0,0.0,0.0,0.0
356,8,WOLF,False,2,4,P1,VILLAGER,False,False,0,1,14,0,14,0.0,0.0,1.0,2,0,,0,0,8,0,0,0,6,0,,,0.0,,,,0.0,,0.4185,0.4124,0.0061,0.3855,0.3918,-0.0063,0.0,0.0,0.2812,0.0,0.0,0.0,0.0,0.0,0.0,0.2083,0.325,0.0,0.0,0.0,0.0
357,8,WOLF,False,2,4,P1,VILLAGER,False,False,0,1,14,0,14,0.0,0.0,1.0,2,0,,0,0,8,0,0,0,6,0,,,0.0,,,,0.0,,0.4185,0.4124,0.0061,0.3855,0.3918,-0.0063,0.0,0.0,0.2812,0.0,0.0,0.0,0.0,0.0,0.0,0.2083,0.325,0.0,0.0,0.0,0.0
358,8,WOLF,False,2,4,P1,POSSESSED,False,True,0,1,14,0,14,0.0,0.0,1.0,2,0,,0,0,8,0,0,0,6,0,,,0.0,,,,0.0,,0.4184,0.4123,0.0061,0.3855,0.3918,-0.0063,0.0,0.0,0.2812,0.0,0.0,0.0,0.0,0.0,0.0,0.2083,0.325,0.0,0.0,0.0,0.0
359,8,WOLF,False,2,4,P1,SEER,False,False,0,1,14,0,14,0.0,0.0,1.0,2,0,,0,0,8,0,0,0,6,0,,,0.0,,,,0.0,,0.4184,0.4123,0.0061,0.3855,0.3918,-0.0063,0.0,0.0,0.2812,0.0,0.0,0.0,0.0,0.0,0.0,0.2083,0.325,0.0,0.0,0.0,0.0
360,8,WOLF,False,2,4,P1,SEER,False,False,0,1,14,0,14,0.0,0.0,1.0,2,0,,0,0,8,0,0,0,6,0,,,0.0,,,,0.0,,0.4184,0.4122,0.0062,0.3855,0.3918,-0.0063,0.0,0.0,0.2812,0.0,0.0,0.0,0.0,0.0,0.0,0.2083,0.325,0.0,0.0,0.0,0.0
361,8,WOLF,False,2,4,P1,SEER,False,False,0,1,14,0,14,0.0,0.0,1.0,2,0,,0,0,8,0,0,0,6,0,,,0.0,,,,0.0,,0.4026,0.4217,-0.0191,0.4011,0.3825,0.0186,0.0,0.0,0.2812,0.0,0.0,0.0,0.0,0.0,0.0,0.3333,0.25,0.0,0.0,0.0,0.0
362,8,WOLF,False,2,4,P1,VILLAGER,False,False,0,0,14,0,14,0.0,0.0,1.0,2,0,,0,0,8,0,0,0,6,0,,,0.0,,,,0.0,,0.4017,0.4222,-0.0205,0.4007,0.3827,0.018,0.0,0.0,0.2812,0.0,0.0,0.0,0.0,0.0,0.0,0.0,0.45,0.0,0.0,0.0,0.0
363,8,WOLF,False,2,4,P1,VILLAGER,False,False,0,1,14,0,14,0.0,0.0,1.0,2,0,,0,0,8,0,0,0,6,0,,,0.0,,,,0.0,,0.4026,0.4217,-0.0191,0.4011,0.3825,0.0186,0.0,0.0,0.2812,0.0,0.0,0.0,0.0,0.0,0.0,0.3333,0.25,0.0,0.0,0.0,0.0
364,8,WOLF,False,2,4,P1,SEER,False,False,0,0,14,0,14,0.0,0.0,1.0,2,0,,0,0,8,0,0,0,6,0,,,0.0,,,,0.0,,0.4017,0.4222,-0.0205,0.4007,0.3827,0.018,0.0,0.0,0.2812,0.0,0.0,0.0,0.0,0.0,0.0,0.0,0.45,0.0,0.0,0.0,0.0
365,8,WOLF,False,2,4,P1,VILLAGER,False,False,0,1,14,0,14,0.0,0.0,1.0,2,0,,0,0,8,0,0,0,6,0,,,0.0,,,,0.0,,0.4183,0.4121,0.0062,0.3855,0.3918,-0.0063,0.0,0.0,0.2812,0.0,0.0,0.0,0.0,0.0,0.0,0.2083,0.325,0.0,0.0,0.0,0.0
366,8,WOLF,False,2,4,P1,VILLAGER,False,False,0,1,14,0,14,0.0,0.0,1.0,2,0,,0,0,8,0,0,0,6,0,,,0.0,,,,0.0,,0.4183,0.4121,0.0062,0.3855,0.3918,-0.0063,0.0,0.0,0.2812,0.0,0.0,0.0,0.0,0.0,0.0,0.2083,0.325,0.0,0.0,0.0,0.0
367,8,WOLF,False,2,4,P1,POSSESSED,False,True,0,1,14,0,14,0.0,0.0,1.0,2,0,,0,0,8,0,0,0,6,0,,,0.0,,,,0.0,,0.4183,0.4121,0.0062,0.3855,0.3918,-0.0063,0.0,0.0,0.2812,0.0,0.0,0.0,0.0,0.0,0.0,0.2083,0.325,0.0,0.0,0.0,0.0
368,8,WOLF,False,2,4,P1,VILLAGER,False,False,0,1,14,0,14,0.0,0.0,1.0,2,0,,0,0,8,0,0,0,6,0,,,0.0,,,,0.0,,0.4024,0.4216,-0.0192,0.401,0.3825,0.0185,0.0,0.0,0.2812,0.0,0.0,0.0,0.0,0.0,0.0,0.3333,0.25,0.0,0.0,0.0,0.0
369,8,WOLF,False,2,4,P1,SEER,False,False,0,0,14,0,14,0.0,0.0,1.0,2,0,,0,0,8,0,0,0,6,0,,,0.0,,,,0.0,,0.4016,0.4221,-0.0205,0.4007,0.3827,0.018,0.0,0.0,0.2812,0.0,0.0,0.0,0.0,0.0,0.0,0.0,0.45,0.0,0.0,0.0,0.0
370,8,WOLF,False,2,4,P1,VILLAGER,False,False,0,0,14,0,14,0.0,0.0,1.0,2,0,,0,0,8,0,0,0,6,0,,,0.0,,,,0.0,,0.4016,0.4221,-0.0205,0.4007,0.3827,0.018,0.0,0.0,0.2812,0.0,0.0,0.0,0.0,0.0,0.0,0.0,0.45,0.0,0.0,0.0,0.0
371,8,WOLF,False,2,4,P1,POSSESSED,False,True,0,1,14,0,14,0.0,0.0,1.0,2,0,,0,0,8,0,0,0,6,0,,,0.0,,,,0.0,,0.4183,0.4121,0.0062,0.3855,0.3918,-0.0063,0.0,0.0,0.2812,0.0,0.0,0.0,0.0,0.0,0.0,0.2083,0.325,0.0,0.0,0.0,0.0
372,8,WOLF,False,2,4,P1,POSSESSED,False,True,0,1,14,0,14,0.0,0.0,1.0,2,0,,0,0,8,0,0,0,6,0,,,0.0,,,,0.0,,0.4182,0.412,0.0062,0.3855,0.3917,-0.0062,0.0,0.0,0.2812,0.0,0.0,0.0,0.0,0.0,0.0,0.2083,0.325,0.0,0.0,0.0,0.0
373,8,WOLF,False,2,4,P1,POSSESSED,False,True,0,1,14,0,14,0.0,0.0,1.0,2,0,,0,0,8,0,0,0,6,0,,,0.0,,,,0.0,,0.4182,0.412,0.0062,0.3855,0.3917,-0.0062,0.0,0.0,0.2812,0.0,0.0,0.0,0.0,0.0,0.0,0.2083,0.325,0.0,0.0,0.0,0.0
374,8,WOLF,False,2,4,P1,VILLAGER,False,False,0,1,14,0,14,0.0,0.0,1.0,2,0,,0,0,8,0,0,0,6,0,,,0.0,,,,0.0,,0.4182,0.412,0.0062,0.3855,0.3917,-0.0062,0.0,0.0,0.2812,0.0,0.0,0.0,0.0,0.0,0.0,0.2083,0.325,0.0,0.0,0.0,0.0
375,8,WOLF,False,2,4,P1,VILLAGER,False,False,0,0,14,0,14,0.0,0.0,1.0,2,0,,0,0,8,0,0,0,6,0,,,0.0,,,,0.0,,0.4015,0.422,-0.0205,0.4006,0.3826,0.018,0.0,0.0,0.2812,0.0,0.0,0.0,0.0,0.0,0.0,0.0,0.45,0.0,0.0,0.0,0.0
376,8,WOLF,False,2,4,P1,VILLAGER,False,False,0,1,14,0,14,0.0,0.0,1.0,2,0,,0,0,8,0,0,0,6,0,,,0.0,,,,0.0,,0.4023,0.4215,-0.0192,0.4009,0.3824,0.0185,0.0,0.0,0.2812,0.0,0.0,0.0,0.0,0.0,0.0,0.3333,0.25,0.0,0.0,0.0,0.0
377,8,WOLF,False,2,4,P1,VILLAGER,False,False,0,1,14,0,14,0.0,0.0,1.0,2,0,,0,0,8,0,0,0,6,0,,,0.0,,,,0.0,,0.4182,0.412,0.0062,0.3855,0.3917,-0.0062,0.0,0.0,0.2812,0.0,0.0,0.0,0.0,0.0,0.0,0.2083,0.325,0.0,0.0,0.0,0.0
378,8,WOLF,False,2,4,P1,POSSESSED,False,True,0,1,14,0,14,0.0,0.0,1.0,2,0,,0,0,8,0,0,0,6,0,,,0.0,,,,0.0,,0.4182,0.412,0.0062,0.3855,0.3917,-0.0062,0.0,0.0,0.2812,0.0,0.0,0.0,0.0,0.0,0.0,0.2083,0.325,0.0,0.0,0.0,0.0
379,8,WOLF,False,2,4,P1,SEER,False,False,0,1,14,0,14,0.0,0.0,1.0,2,0,,0,0,8,0,0,0,6,0,,,0.0,,,,0.0,,0.4014,0.4219,-0.0205,0.4006,0.3826,0.018,0.0,0.0,0.2812,0.0,0.0,0.0,0.0,0.0,0.0,0.0,0.45,0.0,0.0,0.0,0.0
380,8,WOLF,False,2,4,P1,VILLAGER,False,False,0,1,14,0,14,0.0,0.0,1.0,2,0,,0,0,8,0,0,0,6,0,,,0.0,,,,0.0,,0.4014,0.4219,-0.0205,0.4006,0.3826,0.018,0.0,0.0,0.2812,0.0,0.0,0.0,0.0,0.0,0.0,0.0,0.45,0.0,0.0,0.0,0.0
381,8,WOLF,False,2,4,P1,VILLAGER,False,False,0,1,14,0,14,0.0,0.0,1.0,2,0,,0,0,8,0,0,0,6,0,,,0.0,,,,0.0,,0.4181,0.4119,0.0062,0.3855,0.3917,-0.0062,0.0,0.0,0.2812,0.0,0.0,0.0,0.0,0.0,0.0,0.2083,0.325,0.0,0.0,0.0,0.0
382,8,WOLF,False,2,4,P1,VILLAGER,False,False,0,0,14,0,14,0.0,0.0,1.0,2,0,,0,0,8,0,0,0,6,0,,,0.0,,,,0.0,,0.4014,0.4219,-0.0205,0.4006,0.3826,0.018,0.0,0.0,0.2812,0.0,0.0,0.0,0.0,0.0,0.0,0.0,0.45,0.0,0.0,0.0,0.0
383,8,WOLF,False,2,4,P1,VILLAGER,False,False,0,1,14,0,14,0.0,0.0,1.0,2,0,,0,0,8,0,0,0,6,0,,,0.0,,,,0.0,,0.4021,0.4214,-0.0193,0.4009,0.3824,0.0185,0.0,0.0,0.2812,0.0,0.0,0.0,0.0,0.0,0.0,0.3333,0.25,0.0,0.0,0.0,0.0
384,8,WOLF,False,2,4,P1,VILLAGER,False,False,0,1,14,0,14,0.0,0.0,1.0,2,0,,0,0,8,0,0,0,6,0,,,0.0,,,,0.0,,0.4181,0.4118,0.0063,0.3855,0.3917,-0.0062,0.0,0.0,0.2812,0.0,0.0,0.0,0.0,0.0,0.0,0.2083,0.325,0.0,0.0,0.0,0.0
385,8,WOLF,False,2,4,P1,SEER,False,False,0,1,14,0,14,0.0,0.0,1.0,2,0,,0,0,8,0,0,0,6,0,,,0.0,,,,0.0,,0.4021,0.4214,-0.0193,0.4009,0.3824,0.0185,0.0,0.0,0.2812,0.0,0.0,0.0,0.0,0.0,0.0,0.3333,0.25,0.0,0.0,0.0,0.0
386,8,WOLF,False,2,4,P1,POSSESSED,False,True,0,1,14,0,14,0.0,0.0,1.0,2,0,,0,0,8,0,0,0,6,0,,,0.0,,,,0.0,,0.4181,0.4118,0.0063,0.3855,0.3917,-0.0062,0.0,0.0,0.2812,0.0,0.0,0.0,0.0,0.0,0.0,0.2083,0.325,0.0,0.0,0.0,0.0
387,8,WOLF,False,2,4,P1,POSSESSED,False,True,0,1,14,0,14,0.0,0.0,1.0,2,0,,0,0,8,0,0,0,6,0,,,0.0,,,,0.0,,0.4181,0.4118,0.0063,0.3855,0.3917,-0.0062,0.0,0.0,0.2812,0.0,0.0,0.0,0.0,0.0,0.0,0.2083,0.325,0.0,0.0,0.0,0.0
388,8,WOLF,False,2,4,P1,VILLAGER,False,False,0,0,14,0,14,0.0,0.0,1.0,2,0,,0,0,8,0,0,0,6,0,,,0.0,,,,0.0,,0.4013,0.4217,-0.0204,0.4006,0.3827,0.0179,0.0,0.0,0.2812,0.0,0.0,0.0,0.0,0.0,0.0,0.0,0.45,0.0,0.0,0.0,0.0
389,8,WOLF,False,2,4,P1,VILLAGER,False,False,0,0,14,0,14,0.0,0.0,1.0,2,0,,0,0,8,0,0,0,6,0,,,0.0,,,,0.0,,0.4013,0.4217,-0.0204,0.4006,0.3826,0.018,0.0,0.0,0.2812,0.0,0.0,0.0,0.0,0.0,0.0,0.0,0.45,0.0,0.0,0.0,0.0
390,8,WOLF,False,2,4,P1,VILLAGER,False,False,0,1,14,0,14,0.0,0.0,1.0,2,0,,0,0,8,0,0,0,6,0,,,0.0,,,,0.0,,0.4013,0.4217,-0.0204,0.4005,0.3826,0.0179,0.0,0.0,0.2812,0.0,0.0,0.0,0.0,0.0,0.0,0.0,0.45,0.0,0.0,0.0,0.0
391,8,WOLF,False,2,4,P1,VILLAGER,False,False,0,0,14,0,14,0.0,0.0,1.0,2,0,,0,0,8,0,0,0,6,0,,,0.0,,,,0.0,,0.4013,0.4217,-0.0204,0.4005,0.3826,0.0179,0.0,0.0,0.2812,0.0,0.0,0.0,0.0,0.0,0.0,0.0,0.45,0.0,0.0,0.0,0.0
392,8,WOLF,False,2,4,P1,VILLAGER,False,False,0,0,14,0,14,0.0,0.0,1.0,2,0,,0,0,8,0,0,0,6,0,,,0.0,,,,0.0,,0.4013,0.4217,-0.0204,0.4005,0.3826,0.0179,0.0,0.0,0.2812,0.0,0.0,0.0,0.0,0.0,0.0,0.0,0.45,0.0,0.0,0.0,0.0
393,8,WOLF,False,2,4,P1,POSSESSED,False,True,0,1,14,0,14,0.0,0.0,1.0,2,0,,0,0,8,0,0,0,6,0,,,0.0,,,,0.0,,0.418,0.4117,0.0063,0.3854,0.3916,-0.0062,0.0,0.0,0.2812,0.0,0.0,0.0,0.0,0.0,0.0,0.2083,0.325,0.0,0.0,0.0,0.0
394,8,WOLF,False,2,4,P1,VILLAGER,False,False,0,0,14,0,14,0.0,0.0,1.0,2,0,,0,0,8,0,0,0,6,0,,,0.0,,,,0.0,,0.4013,0.4217,-0.0204,0.4005,0.3826,0.0179,0.0,0.0,0.2812,0.0,0.0,0.0,0.0,0.0,0.0,0.0,0.45,0.0,0.0,0.0,0.0
395,8,WOLF,False,2,4,P1,VILLAGER,False,False,0,1,14,0,14,0.0,0.0,1.0,2,0,,0,0,8,0,0,0,6,0,,,0.0,,,,0.0,,0.4179,0.4116,0.0063,0.3854,0.3916,-0.0062,0.0,0.0,0.2812,0.0,0.0,0.0,0.0,0.0,0.0,0.2083,0.325,0.0,0.0,0.0,0.0
396,8,WOLF,False,2,4,P1,SEER,False,False,0,0,14,0,14,0.0,0.0,1.0,2,0,,0,0,8,0,0,0,6,0,,,0.0,,,,0.0,,0.4012,0.4216,-0.0204,0.4005,0.3826,0.0179,0.0,0.0,0.2812,0.0,0.0,0.0,0.0,0.0,0.0,0.0,0.45,0.0,0.0,0.0,0.0
397,8,WOLF,False,2,4,P1,VILLAGER,False,False,0,1,14,0,14,0.0,0.0,1.0,2,0,,0,0,8,0,0,0,6,0,,,0.0,,,,0.0,,0.4018,0.4212,-0.0194,0.4008,0.3824,0.0184,0.0,0.0,0.2812,0.0,0.0,0.0,0.0,0.0,0.0,0.3333,0.25,0.0,0.0,0.0,0.0
398,8,WOLF,False,2,4,P1,VILLAGER,False,False,0,0,14,0,14,0.0,0.0,1.0,2,0,,0,0,8,0,0,0,6,0,,,0.0,,,,0.0,,0.4012,0.4216,-0.0204,0.4005,0.3826,0.0179,0.0,0.0,0.2812,0.0,0.0,0.0,0.0,0.0,0.0,0.0,0.45,0.0,0.0,0.0,0.0
399,8,WOLF,False,2,4,P1,VILLAGER,False,False,0,1,14,0,14,0.0,0.0,1.0,2,0,,0,0,8,0,0,0,6,0,,,0.0,,,,0.0,,0.4018,0.4212,-0.0194,0.4008,0.3824,0.0184,0.0,0.0,0.2812,0.0,0.0,0.0,0.0,0.0,0.0,0.3333,0.25,0.0,0.0,0.0,0.0
400,8,WOLF,False,2,4,P1,POSSESSED,False,True,0,1,14,0,14,0.0,0.0,1.0,2,0,,0,0,8,0,0,0,6,0,,,0.0,,,,0.0,,0.4179,0.4116,0.0063,0.3854,0.3916,-0.0062,0.0,0.0,0.2812,0.0,0.0,0.0,0.0,0.0,0.0,0.2083,0.325,0.0,0.0,0.0,0.0
401,8,WOLF,False,2,4,P1,VILLAGER,False,False,0,0,14,0,14,0.0,0.0,1.0,2,0,,0,0,8,0,0,0,6,0,,,0.0,,,,0.0,,0.4012,0.4216,-0.0204,0.4005,0.3826,0.0179,0.0,0.0,0.2812,0.0,0.0,0.0,0.0,0.0,0.0,0.0,0.45,0.0,0.0,0.0,0.0
402,8,WOLF,False,2,4,P1,SEER,False,False,0,1,14,0,14,0.0,0.0,1.0,2,0,,0,0,8,0,0,0,6,0,,,0.0,,,,0.0,,0.4017,0.4211,-0.0194,0.4008,0.3824,0.0184,0.0,0.0,0.2812,0.0,0.0,0.0,0.0,0.0,0.0,0.3333,0.25,0.0,0.0,0.0,0.0
403,8,WOLF,False,2,4,P1,VILLAGER,False,False,0,0,14,0,14,0.0,0.0,1.0,2,0,,0,0,8,0,0,0,6,0,,,0.0,,,,0.0,,0.4011,0.4215,-0.0204,0.4005,0.3826,0.0179,0.0,0.0,0.2812,0.0,0.0,0.0,0.0,0.0,0.0,0.0,0.45,0.0,0.0,0.0,0.0
404,8,WOLF,False,2,4,P1,VILLAGER,False,False,0,0,14,0,14,0.0,0.0,1.0,2,0,,0,0,8,0,0,0,6,0,,,0.0,,,,0.0,,0.4011,0.4215,-0.0204,0.4005,0.3826,0.0179,0.0,0.0,0.2812,0.0,0.0,0.0,0.0,0.0,0.0,0.0,0.45,0.0,0.0,0.0,0.0
405,8,WOLF,False,2,4,P1,VILLAGER,False,False,0,1,14,0,14,0.0,0.0,1.0,2,0,,0,0,8,0,0,0,6,0,,,0.0,,,,0.0,,0.4178,0.4115,0.0063,0.3854,0.3916,-0.0062,0.0,0.0,0.2812,0.0,0.0,0.0,0.0,0.0,0.0,0.2083,0.325,0.0,0.0,0.0,0.0
406,8,WOLF,False,2,4,P1,POSSESSED,False,True,0,1,14,0,14,0.0,0.0,1.0,2,0,,0,0,8,0,0,0,6,0,,,0.0,,,,0.0,,0.4178,0.4114,0.0064,0.3854,0.3916,-0.0062,0.0,0.0,0.2812,0.0,0.0,0.0,0.0,0.0,0.0,0.2083,0.325,0.0,0.0,0.0,0.0
407,8,WOLF,False,2,4,P1,VILLAGER,False,False,0,1,14,0,14,0.0,0.0,1.0,2,0,,0,0,8,0,0,0,6,0,,,0.0,,,,0.0,,0.4011,0.4214,-0.0203,0.4005,0.3826,0.0179,0.0,0.0,0.2812,0.0,0.0,0.0,0.0,0.0,0.0,0.0,0.45,0.0,0.0,0.0,0.0
408,8,WOLF,False,2,4,P1,POSSESSED,False,True,0,1,14,0,14,0.0,0.0,1.0,2,0,,0,0,8,0,0,0,6,0,,,0.0,,,,0.0,,0.4178,0.4114,0.0064,0.3854,0.3915,-0.0061,0.0,0.0,0.2812,0.0,0.0,0.0,0.0,0.0,0.0,0.2083,0.325,0.0,0.0,0.0,0.0
409,8,WOLF,False,2,4,P1,VILLAGER,False,False,0,1,14,0,14,0.0,0.0,1.0,2,0,,0,0,8,0,0,0,6,0,,,0.0,,,,0.0,,0.4178,0.4114,0.0064,0.3854,0.3915,-0.0061,0.0,0.0,0.2812,0.0,0.0,0.0,0.0,0.0,0.0,0.2083,0.325,0.0,0.0,0.0,0.0
410,8,WOLF,False,2,4,P1,VILLAGER,False,False,0,0,14,0,14,0.0,0.0,1.0,2,0,,0,0,8,0,0,0,6,0,,,0.0,,,,0.0,,0.401,0.4213,-0.0203,0.4004,0.3825,0.0179,0.0,0.0,0.2812,0.0,0.0,0.0,0.0,0.0,0.0,0.0,0.45,0.0,0.0,0.0,0.0
411,8,WOLF,False,2,4,P1,VILLAGER,False,False,0,1,14,0,14,0.0,0.0,1.0,2,0,,0,0,8,0,0,0,6,0,,,0.0,,,,0.0,,0.4177,0.4113,0.0064,0.3854,0.3915,-0.0061,0.0,0.0,0.2812,0.0,0.0,0.0,0.0,0.0,0.0,0.2083,0.325,0.0,0.0,0.0,0.0
412,8,WOLF,False,2,4,P1,VILLAGER,False,False,0,1,14,0,14,0.0,0.0,1.0,2,0,,0,0,8,0,0,0,6,0,,,0.0,,,,0.0,,0.4015,0.421,-0.0195,0.4006,0.3824,0.0182,0.0,0.0,0.2812,0.0,0.0,0.0,0.0,0.0,0.0,0.3333,0.25,0.0,0.0,0.0,0.0
413,8,WOLF,False,2,4,P1,POSSESSED,False,True,0,1,14,0,14,0.0,0.0,1.0,2,0,,0,0,8,0,0,0,6,0,,,0.0,,,,0.0,,0.4177,0.4113,0.0064,0.3854,0.3915,-0.0061,0.0,0.0,0.2812,0.0,0.0,0.0,0.0,0.0,0.0,0.2083,0.325,0.0,0.0,0.0,0.0
414,8,WOLF,False,2,4,P1,POSSESSED,False,True,0,1,14,0,14,0.0,0.0,1.0,2,0,,0,0,8,0,0,0,6,0,,,0.0,,,,0.0,,0.4177,0.4113,0.0064,0.3854,0.3915,-0.0061,0.0,0.0,0.2812,0.0,0.0,0.0,0.0,0.0,0.0,0.2083,0.325,0.0,0.0,0.0,0.0
415,8,WOLF,False,2,4,P1,VILLAGER,False,False,0,0,14,0,14,0.0,0.0,1.0,2,0,,0,0,8,0,0,0,6,0,,,0.0,,,,0.0,,0.401,0.4213,-0.0203,0.4004,0.3825,0.0179,0.0,0.0,0.2812,0.0,0.0,0.0,0.0,0.0,0.0,0.0,0.45,0.0,0.0,0.0,0.0
416,8,WOLF,False,2,4,P1,VILLAGER,False,False,0,0,14,0,14,0.0,0.0,1.0,2,0,,0,0,8,0,0,0,6,0,,,0.0,,,,0.0,,0.401,0.4213,-0.0203,0.4004,0.3825,0.0179,0.0,0.0,0.2812,0.0,0.0,0.0,0.0,0.0,0.0,0.0,0.45,0.0,0.0,0.0,0.0
417,8,WOLF,False,2,4,P1,SEER,False,False,0,1,14,0,14,0.0,0.0,1.0,2,0,,0,0,8,0,0,0,6,0,,,0.0,,,,0.0,,0.4176,0.4112,0.0064,0.3854,0.3915,-0.0061,0.0,0.0,0.2812,0.0,0.0,0.0,0.0,0.0,0.0,0.2083,0.325,0.0,0.0,0.0,0.0
418,8,WOLF,False,2,4,P1,VILLAGER,False,False,0,1,14,0,14,0.0,0.0,1.0,2,0,,0,0,8,0,0,0,6,0,,,0.0,,,,0.0,,0.4014,0.4209,-0.0195,0.4006,0.3824,0.0182,0.0,0.0,0.2812,0.0,0.0,0.0,0.0,0.0,0.0,0.3333,0.25,0.0,0.0,0.0,0.0
419,8,WOLF,False,2,4,P1,VILLAGER,False,False,0,0,14,0,14,0.0,0.0,1.0,2,0,,0,0,8,0,0,0,6,0,,,0.0,,,,0.0,,0.4009,0.4212,-0.0203,0.4004,0.3825,0.0179,0.0,0.0,0.2812,0.0,0.0,0.0,0.0,0.0,0.0,0.0,0.45,0.0,0.0,0.0,0.0
420,8,WOLF,False,2,4,P1,POSSESSED,False,True,0,1,14,0,14,0.0,0.0,1.0,2,0,,0,0,8,0,0,0,6,0,,,0.0,,,,0.0,,0.4176,0.4112,0.0064,0.3854,0.3915,-0.0061,0.0,0.0,0.2812,0.0,0.0,0.0,0.0,0.0,0.0,0.2083,0.325,0.0,0.0,0.0,0.0
421,8,WOLF,False,2,4,P1,POSSESSED,False,True,0,1,14,0,14,0.0,0.0,1.0,2,0,,0,0,8,0,0,0,6,0,,,0.0,,,,0.0,,0.4176,0.4112,0.0064,0.3854,0.3915,-0.0061,0.0,0.0,0.2812,0.0,0.0,0.0,0.0,0.0,0.0,0.2083,0.325,0.0,0.0,0.0,0.0
422,8,WOLF,False,2,4,P1,VILLAGER,False,False,0,0,14,0,14,0.0,0.0,1.0,2,0,,0,0,8,0,0,0,6,0,,,0.0,,,,0.0,,0.4009,0.4212,-0.0203,0.4004,0.3825,0.0179,0.0,0.0,0.2812,0.0,0.0,0.0,0.0,0.0,0.0,0.0,0.45,0.0,0.0,0.0,0.0
423,8,WOLF,False,2,4,P1,VILLAGER,False,False,0,1,14,0,14,0.0,0.0,1.0,2,0,,0,0,8,0,0,0,6,0,,,0.0,,,,0.0,,0.4013,0.4209,-0.0196,0.4006,0.3824,0.0182,0.0,0.0,0.2812,0.0,0.0,0.0,0.0,0.0,0.0,0.3333,0.25,0.0,0.0,0.0,0.0
424,8,WOLF,False,2,4,P1,VILLAGER,False,False,0,0,14,0,14,0.0,0.0,1.0,2,0,,0,0,8,0,0,0,6,0,,,0.0,,,,0.0,,0.4008,0.4211,-0.0203,0.4004,0.3825,0.0179,0.0,0.0,0.2812,0.0,0.0,0.0,0.0,0.0,0.0,0.0,0.45,0.0,0.0,0.0,0.0
425,8,WOLF,False,2,4,P1,VILLAGER,False,False,0,0,14,0,14,0.0,0.0,1.0,2,0,,0,0,8,0,0,0,6,0,,,0.0,,,,0.0,,0.4008,0.4211,-0.0203,0.4004,0.3825,0.0179,0.0,0.0,0.2812,0.0,0.0,0.0,0.0,0.0,0.0,0.0,0.45,0.0,0.0,0.0,0.0
426,8,WOLF,False,2,4,P1,POSSESSED,False,True,0,1,14,0,14,0.0,0.0,1.0,2,0,,0,0,8,0,0,0,6,0,,,0.0,,,,0.0,,0.4175,0.4111,0.0064,0.3853,0.3914,-0.0061,0.0,0.0,0.2812,0.0,0.0,0.0,0.0,0.0,0.0,0.2083,0.325,0.0,0.0,0.0,0.0
427,8,WOLF,False,2,4,P1,VILLAGER,False,False,0,1,14,0,14,0.0,0.0,1.0,2,0,,0,0,8,0,0,0,6,0,,,0.0,,,,0.0,,0.4008,0.4211,-0.0203,0.4003,0.3825,0.0178,0.0,0.0,0.2812,0.0,0.0,0.0,0.0,0.0,0.0,0.0,0.45,0.0,0.0,0.0,0.0
428,8,WOLF,False,2,4,P1,SEER,False,False,0,0,14,0,14,0.0,0.0,1.0,2,0,,0,0,8,0,0,0,6,0,,,0.0,,,,0.0,,0.4008,0.4211,-0.0203,0.4003,0.3825,0.0178,0.0,0.0,0.2812,0.0,0.0,0.0,0.0,0.0,0.0,0.0,0.45,0.0,0.0,0.0,0.0
429,8,WOLF,False,2,4,P1,VILLAGER,False,False,0,1,14,0,14,0.0,0.0,1.0,2,0,,0,0,8,0,0,0,6,0,,,0.0,,,,0.0,,0.4012,0.4208,-0.0196,0.4005,0.3823,0.0182,0.0,0.0,0.2812,0.0,0.0,0.0,0.0,0.0,0.0,0.3333,0.25,0.0,0.0,0.0,0.0
430,8,WOLF,False,2,4,P1,VILLAGER,False,False,0,1,14,0,14,0.0,0.0,1.0,2,0,,0,0,8,0,0,0,6,0,,,0.0,,,,0.0,,0.4012,0.4208,-0.0196,0.4005,0.3823,0.0182,0.0,0.0,0.2812,0.0,0.0,0.0,0.0,0.0,0.0,0.3333,0.25,0.0,0.0,0.0,0.0
431,8,WOLF,False,2,4,P1,SEER,False,False,0,0,14,0,14,0.0,0.0,1.0,2,0,,0,0,8,0,0,0,6,0,,,0.0,,,,0.0,,0.4008,0.421,-0.0202,0.4003,0.3824,0.0179,0.0,0.0,0.2812,0.0,0.0,0.0,0.0,0.0,0.0,0.0,0.45,0.0,0.0,0.0,0.0
432,8,WOLF,False,2,4,P1,VILLAGER,False,False,0,0,14,0,14,0.0,0.0,1.0,2,0,,0,0,8,0,0,0,6,0,,,0.0,,,,0.0,,0.4008,0.421,-0.0202,0.4003,0.3824,0.0179,0.0,0.0,0.2812,0.0,0.0,0.0,0.0,0.0,0.0,0.0,0.45,0.0,0.0,0.0,0.0
433,8,WOLF,False,2,4,P1,POSSESSED,False,True,0,1,14,0,14,0.0,0.0,1.0,2,0,,0,0,8,0,0,0,6,0,,,0.0,,,,0.0,,0.4174,0.4109,0.0065,0.3853,0.3914,-0.0061,0.0,0.0,0.2812,0.0,0.0,0.0,0.0,0.0,0.0,0.2083,0.325,0.0,0.0,0.0,0.0
434,8,WOLF,False,2,4,P1,VILLAGER,False,False,0,1,14,0,14,0.0,0.0,1.0,2,0,,0,0,8,0,0,0,6,0,,,0.0,,,,0.0,,0.4174,0.4109,0.0065,0.3853,0.3914,-0.0061,0.0,0.0,0.2812,0.0,0.0,0.0,0.0,0.0,0.0,0.2083,0.325,0.0,0.0,0.0,0.0
435,8,WOLF,False,2,4,P1,VILLAGER,False,False,0,1,14,0,14,0.0,0.0,1.0,2,0,,0,0,8,0,0,0,6,0,,,0.0,,,,0.0,,0.4007,0.4209,-0.0202,0.4003,0.3824,0.0179,0.0,0.0,0.2812,0.0,0.0,0.0,0.0,0.0,0.0,0.0,0.45,0.0,0.0,0.0,0.0
436,8,WOLF,False,2,4,P1,VILLAGER,False,False,0,1,14,0,14,0.0,0.0,1.0,2,0,,0,0,8,0,0,0,6,0,,,0.0,,,,0.0,,0.4174,0.4109,0.0065,0.3853,0.3914,-0.0061,0.0,0.0,0.2812,0.0,0.0,0.0,0.0,0.0,0.0,0.2083,0.325,0.0,0.0,0.0,0.0
437,8,WOLF,False,2,4,P1,POSSESSED,False,True,0,1,14,0,14,0.0,0.0,1.0,2,0,,0,0,8,0,0,0,6,0,,,0.0,,,,0.0,,0.4174,0.4109,0.0065,0.3854,0.3914,-0.006,0.0,0.0,0.2812,0.0,0.0,0.0,0.0,0.0,0.0,0.2083,0.325,0.0,0.0,0.0,0.0
438,8,WOLF,False,2,4,P1,SEER,False,False,0,1,14,0,14,0.0,0.0,1.0,2,0,,0,0,8,0,0,0,6,0,,,0.0,,,,0.0,,0.4174,0.4109,0.0065,0.3854,0.3914,-0.006,0.0,0.0,0.2812,0.0,0.0,0.0,0.0,0.0,0.0,0.2083,0.325,0.0,0.0,0.0,0.0
439,8,WOLF,False,2,4,P1,POSSESSED,False,True,0,1,14,0,14,0.0,0.0,1.0,2,0,,0,0,8,0,0,0,6,0,,,0.0,,,,0.0,,0.4173,0.4108,0.0065,0.3854,0.3914,-0.006,0.0,0.0,0.2812,0.0,0.0,0.0,0.0,0.0,0.0,0.2083,0.325,0.0,0.0,0.0,0.0
440,8,WOLF,False,2,4,P1,SEER,False,False,0,0,14,0,14,0.0,0.0,1.0,2,0,,0,0,8,0,0,0,6,0,,,0.0,,,,0.0,,0.4006,0.4208,-0.0202,0.4003,0.3825,0.0178,0.0,0.0,0.2812,0.0,0.0,0.0,0.0,0.0,0.0,0.0,0.45,0.0,0.0,0.0,0.0
441,8,WOLF,False,2,4,P1,VILLAGER,False,False,0,0,14,0,14,0.0,0.0,1.0,2,0,,0,0,8,0,0,0,6,0,,,0.0,,,,0.0,,0.4006,0.4208,-0.0202,0.4003,0.3825,0.0178,0.0,0.0,0.2812,0.0,0.0,0.0,0.0,0.0,0.0,0.0,0.45,0.0,0.0,0.0,0.0
442,8,WOLF,False,2,4,P1,POSSESSED,False,True,0,1,14,0,14,0.0,0.0,1.0,2,0,,0,0,8,0,0,0,6,0,,,0.0,,,,0.0,,0.4173,0.4108,0.0065,0.3854,0.3914,-0.006,0.0,0.0,0.2812,0.0,0.0,0.0,0.0,0.0,0.0,0.2083,0.325,0.0,0.0,0.0,0.0
443,8,WOLF,False,2,4,P1,VILLAGER,False,False,0,1,14,0,14,0.0,0.0,1.0,2,0,,0,0,8,0,0,0,6,0,,,0.0,,,,0.0,,0.4173,0.4108,0.0065,0.3853,0.3913,-0.006,0.0,0.0,0.2812,0.0,0.0,0.0,0.0,0.0,0.0,0.2083,0.325,0.0,0.0,0.0,0.0
444,8,WOLF,False,2,4,P1,VILLAGER,False,False,0,1,14,0,14,0.0,0.0,1.0,2,0,,0,0,8,0,0,0,6,0,,,0.0,,,,0.0,,0.4009,0.4206,-0.0197,0.4003,0.3823,0.018,0.0,0.0,0.2812,0.0,0.0,0.0,0.0,0.0,0.0,0.3333,0.25,0.0,0.0,0.0,0.0
445,8,WOLF,False,2,4,P1,VILLAGER,False,False,0,1,14,0,14,0.0,0.0,1.0,2,0,,0,0,8,0,0,0,6,0,,,0.0,,,,0.0,,0.4009,0.4206,-0.0197,0.4003,0.3823,0.018,0.0,0.0,0.2812,0.0,0.0,0.0,0.0,0.0,0.0,0.3333,0.25,0.0,0.0,0.0,0.0
446,8,WOLF,False,2,4,P1,SEER,False,False,0,1,14,0,14,0.0,0.0,1.0,2,0,,0,0,8,0,0,0,6,0,,,0.0,,,,0.0,,0.4173,0.4108,0.0065,0.3853,0.3913,-0.006,0.0,0.0,0.2812,0.0,0.0,0.0,0.0,0.0,0.0,0.2083,0.325,0.0,0.0,0.0,0.0
447,8,WOLF,False,2,4,P1,VILLAGER,False,False,0,0,14,0,14,0.0,0.0,1.0,2,0,,0,0,8,0,0,0,6,0,,,0.0,,,,0.0,,0.4005,0.4207,-0.0202,0.4002,0.3824,0.0178,0.0,0.0,0.2812,0.0,0.0,0.0,0.0,0.0,0.0,0.0,0.45,0.0,0.0,0.0,0.0
448,8,WOLF,False,2,4,P1,VILLAGER,False,False,0,1,14,0,14,0.0,0.0,1.0,2,0,,0,0,8,0,0,0,6,0,,,0.0,,,,0.0,,0.4005,0.4207,-0.0202,0.4002,0.3824,0.0178,0.0,0.0,0.2812,0.0,0.0,0.0,0.0,0.0,0.0,0.0,0.45,0.0,0.0,0.0,0.0
449,8,WOLF,False,2,4,P1,VILLAGER,False,False,0,0,14,0,14,0.0,0.0,1.0,2,0,,0,0,8,0,0,0,6,0,,,0.0,,,,0.0,,0.4005,0.4207,-0.0202,0.4002,0.3824,0.0178,0.0,0.0,0.2812,0.0,0.0,0.0,0.0,0.0,0.0,0.0,0.45,0.0,0.0,0.0,0.0
450,8,WOLF,False,2,4,P1,POSSESSED,False,True,0,1,14,0,14,0.0,0.0,1.0,2,0,,0,0,8,0,0,0,6,0,,,0.0,,,,0.0,,0.4172,0.4107,0.0065,0.3853,0.3913,-0.006,0.0,0.0,0.2812,0.0,0.0,0.0,0.0,0.0,0.0,0.2083,0.325,0.0,0.0,0.0,0.0
451,8,WOLF,False,2,4,P1,VILLAGER,False,False,0,1,14,0,14,0.0,0.0,1.0,2,0,,0,0,8,0,0,0,6,0,,,0.0,,,,0.0,,0.4172,0.4106,0.0066,0.3853,0.3913,-0.006,0.0,0.0,0.2812,0.0,0.0,0.0,0.0,0.0,0.0,0.2083,0.325,0.0,0.0,0.0,0.0
452,8,WOLF,False,2,4,P1,VILLAGER,False,False,0,1,14,0,14,0.0,0.0,1.0,2,0,,0,0,8,0,0,0,6,0,,,0.0,,,,0.0,,0.4007,0.4205,-0.0198,0.4003,0.3823,0.018,0.0,0.0,0.2812,0.0,0.0,0.0,0.0,0.0,0.0,0.3333,0.25,0.0,0.0,0.0,0.0
453,8,WOLF,False,2,4,P1,POSSESSED,False,True,0,1,14,0,14,0.0,0.0,1.0,2,0,,0,0,8,0,0,0,6,0,,,0.0,,,,0.0,,0.4172,0.4106,0.0066,0.3853,0.3913,-0.006,0.0,0.0,0.2812,0.0,0.0,0.0,0.0,0.0,0.0,0.2083,0.325,0.0,0.0,0.0,0.0
454,8,WOLF,False,2,4,P1,VILLAGER,False,False,0,0,14,0,14,0.0,0.0,1.0,2,0,,0,0,8,0,0,0,6,0,,,0.0,,,,0.0,,0.4004,0.4205,-0.0201,0.4002,0.3824,0.0178,0.0,0.0,0.2812,0.0,0.0,0.0,0.0,0.0,0.0,0.0,0.45,0.0,0.0,0.0,0.0
455,8,WOLF,False,2,4,P1,VILLAGER,False,False,0,1,14,0,14,0.0,0.0,1.0,2,0,,0,0,8,0,0,0,6,0,,,0.0,,,,0.0,,0.4006,0.4204,-0.0198,0.4003,0.3823,0.018,0.0,0.0,0.2812,0.0,0.0,0.0,0.0,0.0,0.0,0.3333,0.25,0.0,0.0,0.0,0.0
456,8,WOLF,False,2,4,P1,VILLAGER,False,False,0,1,14,0,14,0.0,0.0,1.0,2,0,,0,0,8,0,0,0,6,0,,,0.0,,,,0.0,,0.4006,0.4204,-0.0198,0.4003,0.3823,0.018,0.0,0.0,0.2812,0.0,0.0,0.0,0.0,0.0,0.0,0.3333,0.25,0.0,0.0,0.0,0.0
457,8,WOLF,False,2,4,P1,SEER,False,False,0,1,14,0,14,0.0,0.0,1.0,2,0,,0,0,8,0,0,0,6,0,,,0.0,,,,0.0,,0.4171,0.4105,0.0066,0.3853,0.3913,-0.006,0.0,0.0,0.2812,0.0,0.0,0.0,0.0,0.0,0.0,0.2083,0.325,0.0,0.0,0.0,0.0
458,8,WOLF,False,2,4,P1,POSSESSED,False,True,0,1,14,0,14,0.0,0.0,1.0,2,0,,0,0,8,0,0,0,6,0,,,0.0,,,,0.0,,0.4171,0.4105,0.0066,0.3853,0.3913,-0.006,0.0,0.0,0.2812,0.0,0.0,0.0,0.0,0.0,0.0,0.2083,0.325,0.0,0.0,0.0,0.0
459,8,WOLF,False,2,4,P1,VILLAGER,False,False,0,0,14,0,14,0.0,0.0,1.0,2,0,,0,0,8,0,0,0,6,0,,,0.0,,,,0.0,,0.4004,0.4205,-0.0201,0.4002,0.3824,0.0178,0.0,0.0,0.2812,0.0,0.0,0.0,0.0,0.0,0.0,0.0,0.45,0.0,0.0,0.0,0.0
460,8,WOLF,False,2,4,P1,SEER,False,False,0,1,14,0,14,0.0,0.0,1.0,2,0,,0,0,8,0,0,0,6,0,,,0.0,,,,0.0,,0.4004,0.4205,-0.0201,0.4002,0.3824,0.0178,0.0,0.0,0.2812,0.0,0.0,0.0,0.0,0.0,0.0,0.0,0.45,0.0,0.0,0.0,0.0
461,8,WOLF,False,2,4,P1,SEER,False,False,0,0,14,0,14,0.0,0.0,1.0,2,0,,0,0,8,0,0,0,6,0,,,0.0,,,,0.0,,0.4004,0.4205,-0.0201,0.4002,0.3824,0.0178,0.0,0.0,0.2812,0.0,0.0,0.0,0.0,0.0,0.0,0.0,0.45,0.0,0.0,0.0,0.0
462,8,WOLF,False,2,4,P1,VILLAGER,False,False,0,0,14,0,14,0.0,0.0,1.0,2,0,,0,0,8,0,0,0,6,0,,,0.0,,,,0.0,,0.4003,0.4204,-0.0201,0.4001,0.3824,0.0177,0.0,0.0,0.2812,0.0,0.0,0.0,0.0,0.0,0.0,0.0,0.45,0.0,0.0,0.0,0.0
463,8,WOLF,False,2,4,P1,POSSESSED,False,True,0,1,14,0,14,0.0,0.0,1.0,2,0,,0,0,8,0,0,0,6,0,,,0.0,,,,0.0,,0.417,0.4104,0.0066,0.3853,0.3913,-0.006,0.0,0.0,0.2812,0.0,0.0,0.0,0.0,0.0,0.0,0.2083,0.325,0.0,0.0,0.0,0.0
464,8,WOLF,False,2,4,P1,POSSESSED,False,True,0,1,14,0,14,0.0,0.0,1.0,2,0,,0,0,8,0,0,0,6,0,,,0.0,,,,0.0,,0.417,0.4104,0.0066,0.3853,0.3912,-0.0059,0.0,0.0,0.2812,0.0,0.0,0.0,0.0,0.0,0.0,0.2083,0.325,0.0,0.0,0.0,0.0
465,8,WOLF,False,2,4,P1,POSSESSED,False,True,0,1,14,0,14,0.0,0.0,1.0,2,0,,0,0,8,0,0,0,6,0,,,0.0,,,,0.0,,0.417,0.4104,0.0066,0.3853,0.3912,-0.0059,0.0,0.0,0.2812,0.0,0.0,0.0,0.0,0.0,0.0,0.2083,0.325,0.0,0.0,0.0,0.0
466,8,WOLF,False,2,4,P1,VILLAGER,False,False,0,0,14,0,14,0.0,0.0,1.0,2,0,,0,0,8,0,0,0,6,0,,,0.0,,,,0.0,,0.4003,0.4204,-0.0201,0.4001,0.3823,0.0178,0.0,0.0,0.2812,0.0,0.0,0.0,0.0,0.0,0.0,0.0,0.45,0.0,0.0,0.0,0.0
467,8,WOLF,False,2,4,P1,VILLAGER,False,False,0,1,14,0,14,0.0,0.0,1.0,2,0,,0,0,8,0,0,0,6,0,,,0.0,,,,0.0,,0.4005,0.4203,-0.0198,0.4002,0.3823,0.0179,0.0,0.0,0.2812,0.0,0.0,0.0,0.0,0.0,0.0,0.3333,0.25,0.0,0.0,0.0,0.0
468,8,WOLF,False,2,4,P1,SEER,False,False,0,0,14,0,14,0.0,0.0,1.0,2,0,,0,0,8,0,0,0,6,0,,,0.0,,,,0.0,,0.4003,0.4204,-0.0201,0.4001,0.3823,0.0178,0.0,0.0,0.2812,0.0,0.0,0.0,0.0,0.0,0.0,0.0,0.45,0.0,0.0,0.0,0.0
469,8,WOLF,False,2,4,P1,VILLAGER,False,False,0,0,14,0,14,0.0,0.0,1.0,2,0,,0,0,8,0,0,0,6,0,,,0.0,,,,0.0,,0.4003,0.4204,-0.0201,0.4001,0.3823,0.0178,0.0,0.0,0.2812,0.0,0.0,0.0,0.0,0.0,0.0,0.0,0.45,0.0,0.0,0.0,0.0
470,8,WOLF,False,2,4,P1,VILLAGER,False,False,0,1,14,0,14,0.0,0.0,1.0,2,0,,0,0,8,0,0,0,6,0,,,0.0,,,,0.0,,0.4003,0.4204,-0.0201,0.4001,0.3823,0.0178,0.0,0.0,0.2812,0.0,0.0,0.0,0.0,0.0,0.0,0.0,0.45,0.0,0.0,0.0,0.0
471,8,WOLF,False,2,4,P1,VILLAGER,False,False,0,0,14,0,14,0.0,0.0,1.0,2,0,,0,0,8,0,0,0,6,0,,,0.0,,,,0.0,,0.4003,0.4204,-0.0201,0.4001,0.3823,0.0178,0.0,0.0,0.2812,0.0,0.0,0.0,0.0,0.0,0.0,0.0,0.45,0.0,0.0,0.0,0.0
472,8,WOLF,False,2,4,P1,VILLAGER,False,False,0,1,14,0,14,0.0,0.0,1.0,2,0,,0,0,8,0,0,0,6,0,,,0.0,,,,0.0,,0.4005,0.4203,-0.0198,0.4002,0.3823,0.0179,0.0,0.0,0.2812,0.0,0.0,0.0,0.0,0.0,0.0,0.3333,0.25,0.0,0.0,0.0,0.0
473,8,WOLF,False,2,4,P1,VILLAGER,False,False,0,0,14,0,14,0.0,0.0,1.0,2,0,,0,0,8,0,0,0,6,0,,,0.0,,,,0.0,,0.4003,0.4204,-0.0201,0.4001,0.3823,0.0178,0.0,0.0,0.2812,0.0,0.0,0.0,0.0,0.0,0.0,0.0,0.45,0.0,0.0,0.0,0.0
474,8,WOLF,False,2,4,P1,VILLAGER,False,False,0,0,14,0,14,0.0,0.0,1.0,2,0,,0,0,8,0,0,0,6,0,,,0.0,,,,0.0,,0.4003,0.4204,-0.0201,0.4001,0.3824,0.0177,0.0,0.0,0.2812,0.0,0.0,0.0,0.0,0.0,0.0,0.0,0.45,0.0,0.0,0.0,0.0
475,8,WOLF,False,2,4,P1,VILLAGER,False,False,0,0,14,0,14,0.0,0.0,1.0,2,0,,0,0,8,0,0,0,6,0,,,0.0,,,,0.0,,0.4003,0.4204,-0.0201,0.4001,0.3824,0.0177,0.0,0.0,0.2812,0.0,0.0,0.0,0.0,0.0,0.0,0.0,0.45,0.0,0.0,0.0,0.0
476,8,WOLF,False,2,4,P1,POSSESSED,False,True,0,1,14,0,14,0.0,0.0,1.0,2,0,,0,0,8,0,0,0,6,0,,,0.0,,,,0.0,,0.417,0.4104,0.0066,0.3853,0.3913,-0.006,0.0,0.0,0.2812,0.0,0.0,0.0,0.0,0.0,0.0,0.2083,0.325,0.0,0.0,0.0,0.0
477,8,WOLF,False,2,4,P1,VILLAGER,False,False,0,1,14,0,14,0.0,0.0,1.0,2,0,,0,0,8,0,0,0,6,0,,,0.0,,,,0.0,,0.4005,0.4203,-0.0198,0.4002,0.3823,0.0179,0.0,0.0,0.2812,0.0,0.0,0.0,0.0,0.0,0.0,0.3333,0.25,0.0,0.0,0.0,0.0
478,8,WOLF,False,2,4,P1,VILLAGER,False,False,0,1,14,0,14,0.0,0.0,1.0,2,0,,0,0,8,0,0,0,6,0,,,0.0,,,,0.0,,0.417,0.4104,0.0066,0.3853,0.3913,-0.006,0.0,0.0,0.2812,0.0,0.0,0.0,0.0,0.0,0.0,0.2083,0.325,0.0,0.0,0.0,0.0
479,8,WOLF,False,2,4,P1,VILLAGER,False,False,0,1,14,0,14,0.0,0.0,1.0,2,0,,0,0,8,0,0,0,6,0,,,0.0,,,,0.0,,0.4003,0.4204,-0.0201,0.4001,0.3824,0.0177,0.0,0.0,0.2812,0.0,0.0,0.0,0.0,0.0,0.0,0.0,0.45,0.0,0.0,0.0,0.0
480,8,WOLF,False,2,4,P1,VILLAGER,False,False,0,1,14,0,14,0.0,0.0,1.0,2,0,,0,0,8,0,0,0,6,0,,,0.0,,,,0.0,,0.417,0.4104,0.0066,0.3853,0.3913,-0.006,0.0,0.0,0.2812,0.0,0.0,0.0,0.0,0.0,0.0,0.2083,0.325,0.0,0.0,0.0,0.0
481,8,WOLF,False,2,4,P1,VILLAGER,False,False,0,1,14,0,14,0.0,0.0,1.0,2,0,,0,0,8,0,0,0,6,0,,,0.0,,,,0.0,,0.4005,0.4203,-0.0198,0.4002,0.3823,0.0179,0.0,0.0,0.2812,0.0,0.0,0.0,0.0,0.0,0.0,0.3333,0.25,0.0,0.0,0.0,0.0
482,8,WOLF,False,2,4,P1,VILLAGER,False,False,0,1,14,0,14,0.0,0.0,1.0,2,0,,0,0,8,0,0,0,6,0,,,0.0,,,,0.0,,0.417,0.4104,0.0066,0.3853,0.3913,-0.006,0.0,0.0,0.2812,0.0,0.0,0.0,0.0,0.0,0.0,0.2083,0.325,0.0,0.0,0.0,0.0
483,8,WOLF,False,2,4,P1,POSSESSED,False,True,0,1,14,0,14,0.0,0.0,1.0,2,0,,0,0,8,0,0,0,6,0,,,0.0,,,,0.0,,0.417,0.4104,0.0066,0.3853,0.3913,-0.006,0.0,0.0,0.2812,0.0,0.0,0.0,0.0,0.0,0.0,0.2083,0.325,0.0,0.0,0.0,0.0
484,8,WOLF,False,2,4,P1,POSSESSED,False,True,0,1,14,0,14,0.0,0.0,1.0,2,0,,0,0,8,0,0,0,6,0,,,0.0,,,,0.0,,0.417,0.4104,0.0066,0.3853,0.3913,-0.006,0.0,0.0,0.2812,0.0,0.0,0.0,0.0,0.0,0.0,0.2083,0.325,0.0,0.0,0.0,0.0
485,8,WOLF,False,2,4,P1,VILLAGER,False,False,0,1,14,0,14,0.0,0.0,1.0,2,0,,0,0,8,0,0,0,6,0,,,0.0,,,,0.0,,0.4005,0.4203,-0.0198,0.4002,0.3824,0.0178,0.0,0.0,0.2812,0.0,0.0,0.0,0.0,0.0,0.0,0.3333,0.25,0.0,0.0,0.0,0.0
486,8,WOLF,False,2,4,P1,POSSESSED,False,True,0,1,14,0,14,0.0,0.0,1.0,2,0,,0,0,8,0,0,0,6,0,,,0.0,,,,0.0,,0.417,0.4104,0.0066,0.3853,0.3913,-0.006,0.0,0.0,0.2812,0.0,0.0,0.0,0.0,0.0,0.0,0.2083,0.325,0.0,0.0,0.0,0.0
487,8,WOLF,False,2,4,P1,VILLAGER,False,False,0,0,14,0,14,0.0,0.0,1.0,2,0,,0,0,8,0,0,0,6,0,,,0.0,,,,0.0,,0.4003,0.4204,-0.0201,0.4001,0.3824,0.0177,0.0,0.0,0.2812,0.0,0.0,0.0,0.0,0.0,0.0,0.0,0.45,0.0,0.0,0.0,0.0
488,8,WOLF,False,2,4,P1,SEER,False,False,0,1,14,0,14,0.0,0.0,1.0,2,0,,0,0,8,0,0,0,6,0,,,0.0,,,,0.0,,0.4003,0.4204,-0.0201,0.4001,0.3824,0.0177,0.0,0.0,0.2812,0.0,0.0,0.0,0.0,0.0,0.0,0.0,0.45,0.0,0.0,0.0,0.0
489,8,WOLF,False,2,4,P1,VILLAGER,False,False,0,0,14,0,14,0.0,0.0,1.0,2,0,,0,0,8,0,0,0,6,0,,,0.0,,,,0.0,,0.4003,0.4204,-0.0201,0.4001,0.3824,0.0177,0.0,0.0,0.2812,0.0,0.0,0.0,0.0,0.0,0.0,0.0,0.45,0.0,0.0,0.0,0.0
490,8,WOLF,False,2,4,P1,VILLAGER,False,False,0,1,14,0,14,0.0,0.0,1.0,2,0,,0,0,8,0,0,0,6,0,,,0.0,,,,0.0,,0.4003,0.4204,-0.0201,0.4001,0.3824,0.0177,0.0,0.0,0.2812,0.0,0.0,0.0,0.0,0.0,0.0,0.0,0.45,0.0,0.0,0.0,0.0
491,8,WOLF,False,2,4,P1,VILLAGER,False,False,0,0,14,0,14,0.0,0.0,1.0,2,0,,0,0,8,0,0,0,6,0,,,0.0,,,,0.0,,0.4003,0.4204,-0.0201,0.4001,0.3824,0.0177,0.0,0.0,0.2812,0.0,0.0,0.0,0.0,0.0,0.0,0.0,0.45,0.0,0.0,0.0,0.0
492,8,WOLF,False,2,4,P1,VILLAGER,False,False,0,1,14,0,14,0.0,0.0,1.0,2,0,,0,0,8,0,0,0,6,0,,,0.0,,,,0.0,,0.4003,0.4204,-0.0201,0.4001,0.3824,0.0177,0.0,0.0,0.2812,0.0,0.0,0.0,0.0,0.0,0.0,0.0,0.45,0.0,0.0,0.0,0.0
493,8,WOLF,False,2,4,P1,VILLAGER,False,False,0,0,14,0,14,0.0,0.0,1.0,2,0,,0,0,8,0,0,0,6,0,,,0.0,,,,0.0,,0.4003,0.4204,-0.0201,0.4001,0.3824,0.0177,0.0,0.0,0.2812,0.0,0.0,0.0,0.0,0.0,0.0,0.0,0.45,0.0,0.0,0.0,0.0
494,8,WOLF,False,2,4,P1,POSSESSED,False,True,0,1,14,0,14,0.0,0.0,1.0,2,0,,0,0,8,0,0,0,6,0,,,0.0,,,,0.0,,0.417,0.4104,0.0066,0.3853,0.3913,-0.006,0.0,0.0,0.2812,0.0,0.0,0.0,0.0,0.0,0.0,0.2083,0.325,0.0,0.0,0.0,0.0
495,8,WOLF,False,2,4,P1,VILLAGER,False,False,0,1,14,0,14,0.0,0.0,1.0,2,0,,0,0,8,0,0,0,6,0,,,0.0,,,,0.0,,0.4005,0.4203,-0.0198,0.4002,0.3824,0.0178,0.0,0.0,0.2812,0.0,0.0,0.0,0.0,0.0,0.0,0.3333,0.25,0.0,0.0,0.0,0.0
496,8,WOLF,False,2,4,P1,SEER,False,False,0,0,14,0,14,0.0,0.0,1.0,2,0,,0,0,8,0,0,0,6,0,,,0.0,,,,0.0,,0.4003,0.4204,-0.0201,0.4001,0.3824,0.0177,0.0,0.0,0.2812,0.0,0.0,0.0,0.0,0.0,0.0,0.0,0.45,0.0,0.0,0.0,0.0
497,8,WOLF,False,2,4,P1,VILLAGER,False,False,0,1,14,0,14,0.0,0.0,1.0,2,0,,0,0,8,0,0,0,6,0,,,0.0,,,,0.0,,0.4005,0.4203,-0.0198,0.4002,0.3824,0.0178,0.0,0.0,0.2812,0.0,0.0,0.0,0.0,0.0,0.0,0.3333,0.25,0.0,0.0,0.0,0.0
498,8,WOLF,False,2,4,P1,VILLAGER,False,False,0,1,14,0,14,0.0,0.0,1.0,2,0,,0,0,8,0,0,0,6,0,,,0.0,,,,0.0,,0.417,0.4104,0.0066,0.3854,0.3913,-0.0059,0.0,0.0,0.2812,0.0,0.0,0.0,0.0,0.0,0.0,0.2083,0.325,0.0,0.0,0.0,0.0
499,8,WOLF,False,2,4,P1,VILLAGER,False,False,0,1,14,0,14,0.0,0.0,1.0,2,0,,0,0,8,0,0,0,6,0,,,0.0,,,,0.0,,0.4005,0.4203,-0.0198,0.4002,0.3824,0.0178,0.0,0.0,0.2812,0.0,0.0,0.0,0.0,0.0,0.0,0.3333,0.25,0.0,0.0,0.0,0.0
500,8,WOLF,False,2,4,P1,VILLAGER,False,False,0,0,14,0,14,0.0,0.0,1.0,2,0,,0,0,8,0,0,0,6,0,,,0.0,,,,0.0,,0.4003,0.4204,-0.0201,0.4001,0.3825,0.0176,0.0,0.0,0.2812,0.0,0.0,0.0,0.0,0.0,0.0,0.0,0.45,0.0,0.0,0.0,0.0
501,8,WOLF,False,2,4,P1,VILLAGER,False,False,0,0,14,0,14,0.0,0.0,1.0,2,0,,0,0,8,0,0,0,6,0,,,0.0,,,,0.0,,0.4003,0.4204,-0.0201,0.4001,0.3825,0.0176,0.0,0.0,0.2812,0.0,0.0,0.0,0.0,0.0,0.0,0.0,0.45,0.0,0.0,0.0,0.0
502,8,WOLF,False,2,4,P1,VILLAGER,False,False,0,0,14,0,14,0.0,0.0,1.0,2,0,,0,0,8,0,0,0,6,0,,,0.0,,,,0.0,,0.4003,0.4204,-0.0201,0.4001,0.3825,0.0176,0.0,0.0,0.2812,0.0,0.0,0.0,0.0,0.0,0.0,0.0,0.45,0.0,0.0,0.0,0.0
503,8,WOLF,False,2,4,P1,VILLAGER,False,False,0,0,14,0,14,0.0,0.0,1.0,2,0,,0,0,8,0,0,0,6,0,,,0.0,,,,0.0,,0.4003,0.4204,-0.0201,0.4001,0.3825,0.0176,0.0,0.0,0.2812,0.0,0.0,0.0,0.0,0.0,0.0,0.0,0.45,0.0,0.0,0.0,0.0
504,8,WOLF,False,2,4,P1,VILLAGER,False,False,0,1,14,0,14,0.0,0.0,1.0,2,0,,0,0,8,0,0,0,6,0,,,0.0,,,,0.0,,0.417,0.4104,0.0066,0.3854,0.3913,-0.0059,0.0,0.0,0.2812,0.0,0.0,0.0,0.0,0.0,0.0,0.2083,0.325,0.0,0.0,0.0,0.0
505,8,WOLF,False,2,4,P1,VILLAGER,False,False,0,0,14,0,14,0.0,0.0,1.0,2,0,,0,0,8,0,0,0,6,0,,,0.0,,,,0.0,,0.4003,0.4204,-0.0201,0.4001,0.3825,0.0176,0.0,0.0,0.2812,0.0,0.0,0.0,0.0,0.0,0.0,0.0,0.45,0.0,0.0,0.0,0.0
506,8,WOLF,False,2,4,P1,VILLAGER,False,False,0,1,14,0,14,0.0,0.0,1.0,2,0,,0,0,8,0,0,0,6,0,,,0.0,,,,0.0,,0.4005,0.4203,-0.0198,0.4002,0.3824,0.0178,0.0,0.0,0.2812,0.0,0.0,0.0,0.0,0.0,0.0,0.3333,0.25,0.0,0.0,0.0,0.0
507,8,WOLF,False,2,4,P1,VILLAGER,False,False,0,1,14,0,14,0.0,0.0,1.0,2,0,,0,0,8,0,0,0,6,0,,,0.0,,,,0.0,,0.4003,0.4204,-0.0201,0.4001,0.3825,0.0176,0.0,0.0,0.2812,0.0,0.0,0.0,0.0,0.0,0.0,0.0,0.45,0.0,0.0,0.0,0.0
508,8,WOLF,False,2,4,P1,VILLAGER,False,False,0,0,14,0,14,0.0,0.0,1.0,2,0,,0,0,8,0,0,0,6,0,,,0.0,,,,0.0,,0.4003,0.4204,-0.0201,0.4001,0.3825,0.0176,0.0,0.0,0.2812,0.0,0.0,0.0,0.0,0.0,0.0,0.0,0.45,0.0,0.0,0.0,0.0
509,8,WOLF,False,2,4,P1,VILLAGER,False,False,0,0,14,0,14,0.0,0.0,1.0,2,0,,0,0,8,0,0,0,6,0,,,0.0,,,,0.0,,0.4003,0.4204,-0.0201,0.4001,0.3825,0.0176,0.0,0.0,0.2812,0.0,0.0,0.0,0.0,0.0,0.0,0.0,0.45,0.0,0.0,0.0,0.0
510,8,WOLF,False,2,4,P1,VILLAGER,False,False,0,0,14,0,14,0.0,0.0,1.0,2,0,,0,0,8,0,0,0,6,0,,,0.0,,,,0.0,,0.4003,0.4204,-0.0201,0.4001,0.3825,0.0176,0.0,0.0,0.2812,0.0,0.0,0.0,0.0,0.0,0.0,0.0,0.45,0.0,0.0,0.0,0.0
511,8,WOLF,False,2,4,P1,VILLAGER,False,False,0,1,14,0,14,0.0,0.0,1.0,2,0,,0,0,8,0,0,0,6,0,,,0.0,,,,0.0,,0.4003,0.4204,-0.0201,0.4001,0.3825,0.0176,0.0,0.0,0.2812,0.0,0.0,0.0,0.0,0.0,0.0,0.0,0.45,0.0,0.0,0.0,0.0
512,8,WOLF,False,2,4,P1,VILLAGER,False,False,0,1,14,0,14,0.0,0.0,1.0,2,0,,0,0,8,0,0,0,6,0,,,0.0,,,,0.0,,0.4005,0.4203,-0.0198,0.4002,0.3825,0.0177,0.0,0.0,0.2812,0.0,0.0,0.0,0.0,0.0,0.0,0.3333,0.25,0.0,0.0,0.0,0.0
513,8,WOLF,False,2,4,P1,VILLAGER,False,False,0,1,14,0,14,0.0,0.0,1.0,2,0,,0,0,8,0,0,0,6,0,,,0.0,,,,0.0,,0.4003,0.4204,-0.0201,0.4001,0.3825,0.0176,0.0,0.0,0.2812,0.0,0.0,0.0,0.0,0.0,0.0,0.0,0.45,0.0,0.0,0.0,0.0
514,8,WOLF,False,2,4,P1,VILLAGER,False,False,0,0,14,0,14,0.0,0.0,1.0,2,0,,0,0,8,0,0,0,6,0,,,0.0,,,,0.0,,0.4003,0.4204,-0.0201,0.4001,0.3825,0.0176,0.0,0.0,0.2812,0.0,0.0,0.0,0.0,0.0,0.0,0.0,0.45,0.0,0.0,0.0,0.0
515,8,WOLF,False,2,4,P1,POSSESSED,False,True,0,1,14,0,14,0.0,0.0,1.0,2,0,,0,0,8,0,0,0,6,0,,,0.0,,,,0.0,,0.417,0.4104,0.0066,0.3854,0.3913,-0.0059,0.0,0.0,0.2812,0.0,0.0,0.0,0.0,0.0,0.0,0.2083,0.325,0.0,0.0,0.0,0.0
516,8,WOLF,False,2,4,P1,POSSESSED,False,True,0,1,14,0,14,0.0,0.0,1.0,2,0,,0,0,8,0,0,0,6,0,,,0.0,,,,0.0,,0.417,0.4104,0.0066,0.3854,0.3913,-0.0059,0.0,0.0,0.2812,0.0,0.0,0.0,0.0,0.0,0.0,0.2083,0.325,0.0,0.0,0.0,0.0
517,8,WOLF,False,2,4,P1,VILLAGER,False,False,0,0,14,0,14,0.0,0.0,1.0,2,0,,0,0,8,0,0,0,6,0,,,0.0,,,,0.0,,0.4003,0.4204,-0.0201,0.4001,0.3825,0.0176,0.0,0.0,0.2812,0.0,0.0,0.0,0.0,0.0,0.0,0.0,0.45,0.0,0.0,0.0,0.0
518,8,WOLF,False,2,4,P1,VILLAGER,False,False,0,0,14,0,14,0.0,0.0,1.0,2,0,,0,0,8,0,0,0,6,0,,,0.0,,,,0.0,,0.4003,0.4204,-0.0201,0.4001,0.3825,0.0176,0.0,0.0,0.2812,0.0,0.0,0.0,0.0,0.0,0.0,0.0,0.45,0.0,0.0,0.0,0.0
519,8,WOLF,False,2,4,P1,POSSESSED,False,True,0,1,14,0,14,0.0,0.0,1.0,2,0,,0,0,8,0,0,0,6,0,,,0.0,,,,0.0,,0.417,0.4104,0.0066,0.3854,0.3913,-0.0059,0.0,0.0,0.2812,0.0,0.0,0.0,0.0,0.0,0.0,0.2083,0.325,0.0,0.0,0.0,0.0
520,8,WOLF,False,2,4,P1,SEER,False,False,0,1,14,0,14,0.0,0.0,1.0,2,0,,0,0,8,0,0,0,6,0,,,0.0,,,,0.0,,0.4003,0.4204,-0.0201,0.4001,0.3825,0.0176,0.0,0.0,0.2812,0.0,0.0,0.0,0.0,0.0,0.0,0.0,0.45,0.0,0.0,0.0,0.0
521,8,WOLF,False,2,4,P1,VILLAGER,False,False,0,1,14,0,14,0.0,0.0,1.0,2,0,,0,0,8,0,0,0,6,0,,,0.0,,,,0.0,,0.4005,0.4203,-0.0198,0.4002,0.3825,0.0177,0.0,0.0,0.2812,0.0,0.0,0.0,0.0,0.0,0.0,0.3333,0.25,0.0,0.0,0.0,0.0
522,8,WOLF,False,2,4,P1,VILLAGER,False,False,0,1,14,0,14,0.0,0.0,1.0,2,0,,0,0,8,0,0,0,6,0,,,0.0,,,,0.0,,0.417,0.4104,0.0066,0.3854,0.3913,-0.0059,0.0,0.0,0.2812,0.0,0.0,0.0,0.0,0.0,0.0,0.2083,0.325,0.0,0.0,0.0,0.0
523,8,WOLF,False,2,4,P1,SEER,False,False,0,1,14,0,14,0.0,0.0,1.0,2,0,,0,0,8,0,0,0,6,0,,,0.0,,,,0.0,,0.417,0.4104,0.0066,0.3854,0.3913,-0.0059,0.0,0.0,0.2812,0.0,0.0,0.0,0.0,0.0,0.0,0.2083,0.325,0.0,0.0,0.0,0.0
524,8,WOLF,False,2,4,P1,POSSESSED,False,True,0,1,14,0,14,0.0,0.0,1.0,2,0,,0,0,8,0,0,0,6,0,,,0.0,,,,0.0,,0.417,0.4104,0.0066,0.3854,0.3913,-0.0059,0.0,0.0,0.2812,0.0,0.0,0.0,0.0,0.0,0.0,0.2083,0.325,0.0,0.0,0.0,0.0
525,8,WOLF,False,2,4,P1,POSSESSED,False,True,0,1,14,0,14,0.0,0.0,1.0,2,0,,0,0,8,0,0,0,6,0,,,0.0,,,,0.0,,0.417,0.4104,0.0066,0.3854,0.3913,-0.0059,0.0,0.0,0.2812,0.0,0.0,0.0,0.0,0.0,0.0,0.2083,0.325,0.0,0.0,0.0,0.0
526,8,WOLF,False,2,4,P1,VILLAGER,False,False,0,0,14,0,14,0.0,0.0,1.0,2,0,,0,0,8,0,0,0,6,0,,,0.0,,,,0.0,,0.4003,0.4204,-0.0201,0.4001,0.3825,0.0176,0.0,0.0,0.2812,0.0,0.0,0.0,0.0,0.0,0.0,0.0,0.45,0.0,0.0,0.0,0.0
527,8,WOLF,False,2,4,P1,VILLAGER,False,False,0,1,14,0,14,0.0,0.0,1.0,2,0,,0,0,8,0,0,0,6,0,,,0.0,,,,0.0,,0.4005,0.4203,-0.0198,0.4002,0.3825,0.0177,0.0,0.0,0.2812,0.0,0.0,0.0,0.0,0.0,0.0,0.3333,0.25,0.0,0.0,0.0,0.0
528,8,WOLF,False,2,4,P1,VILLAGER,False,False,0,1,14,0,14,0.0,0.0,1.0,2,0,,0,0,8,0,0,0,6,0,,,0.0,,,,0.0,,0.417,0.4104,0.0066,0.3854,0.3913,-0.0059,0.0,0.0,0.2812,0.0,0.0,0.0,0.0,0.0,0.0,0.2083,0.325,0.0,0.0,0.0,0.0
529,8,WOLF,False,2,4,P1,VILLAGER,False,False,0,1,14,0,14,0.0,0.0,1.0,2,0,,0,0,8,0,0,0,6,0,,,0.0,,,,0.0,,0.417,0.4104,0.0066,0.3854,0.3913,-0.0059,0.0,0.0,0.2812,0.0,0.0,0.0,0.0,0.0,0.0,0.2083,0.325,0.0,0.0,0.0,0.0
530,8,WOLF,False,2,4,P1,POSSESSED,False,True,0,1,14,0,14,0.0,0.0,1.0,2,0,,0,0,8,0,0,0,6,0,,,0.0,,,,0.0,,0.417,0.4104,0.0066,0.3854,0.3913,-0.0059,0.0,0.0,0.2812,0.0,0.0,0.0,0.0,0.0,0.0,0.2083,0.325,0.0,0.0,0.0,0.0
531,8,WOLF,False,2,4,P1,POSSESSED,False,True,0,1,14,0,14,0.0,0.0,1.0,2,0,,0,0,8,0,0,0,6,0,,,0.0,,,,0.0,,0.417,0.4104,0.0066,0.3855,0.3914,-0.0059,0.0,0.0,0.2812,0.0,0.0,0.0,0.0,0.0,0.0,0.2083,0.325,0.0,0.0,0.0,0.0
532,8,WOLF,False,2,4,P1,VILLAGER,False,False,0,0,14,0,14,0.0,0.0,1.0,2,0,,0,0,8,0,0,0,6,0,,,0.0,,,,0.0,,0.4003,0.4204,-0.0201,0.4001,0.3826,0.0175,0.0,0.0,0.2812,0.0,0.0,0.0,0.0,0.0,0.0,0.0,0.45,0.0,0.0,0.0,0.0
533,8,WOLF,False,2,4,P1,POSSESSED,False,True,0,1,14,0,14,0.0,0.0,1.0,2,0,,0,0,8,0,0,0,6,0,,,0.0,,,,0.0,,0.417,0.4104,0.0066,0.3855,0.3914,-0.0059,0.0,0.0,0.2812,0.0,0.0,0.0,0.0,0.0,0.0,0.2083,0.325,0.0,0.0,0.0,0.0
534,8,WOLF,False,2,4,P1,SEER,False,False,0,0,14,0,14,0.0,0.0,1.0,2,0,,0,0,8,0,0,0,6,0,,,0.0,,,,0.0,,0.4003,0.4204,-0.0201,0.4001,0.3826,0.0175,0.0,0.0,0.2812,0.0,0.0,0.0,0.0,0.0,0.0,0.0,0.45,0.0,0.0,0.0,0.0
535,8,WOLF,False,2,4,P1,VILLAGER,False,False,0,1,14,0,14,0.0,0.0,1.0,2,0,,0,0,8,0,0,0,6,0,,,0.0,,,,0.0,,0.4003,0.4204,-0.0201,0.4001,0.3826,0.0175,0.0,0.0,0.2812,0.0,0.0,0.0,0.0,0.0,0.0,0.0,0.45,0.0,0.0,0.0,0.0
536,8,WOLF,False,2,4,P1,POSSESSED,False,True,0,1,14,0,14,0.0,0.0,1.0,2,0,,0,0,8,0,0,0,6,0,,,0.0,,,,0.0,,0.417,0.4104,0.0066,0.3855,0.3914,-0.0059,0.0,0.0,0.2812,0.0,0.0,0.0,0.0,0.0,0.0,0.2083,0.325,0.0,0.0,0.0,0.0
537,8,WOLF,False,2,4,P1,VILLAGER,False,False,0,0,14,0,14,0.0,0.0,1.0,2,0,,0,0,8,0,0,0,6,0,,,0.0,,,,0.0,,0.4003,0.4204,-0.0201,0.4001,0.3826,0.0175,0.0,0.0,0.2812,0.0,0.0,0.0,0.0,0.0,0.0,0.0,0.45,0.0,0.0,0.0,0.0
538,8,WOLF,False,2,4,P1,VILLAGER,False,False,0,0,14,0,14,0.0,0.0,1.0,2,0,,0,0,8,0,0,0,6,0,,,0.0,,,,0.0,,0.4003,0.4204,-0.0201,0.4001,0.3826,0.0175,0.0,0.0,0.2812,0.0,0.0,0.0,0.0,0.0,0.0,0.0,0.45,0.0,0.0,0.0,0.0
539,8,WOLF,False,2,4,P1,POSSESSED,False,True,0,1,14,0,14,0.0,0.0,1.0,2,0,,0,0,8,0,0,0,6,0,,,0.0,,,,0.0,,0.417,0.4104,0.0066,0.3855,0.3914,-0.0059,0.0,0.0,0.2812,0.0,0.0,0.0,0.0,0.0,0.0,0.2083,0.325,0.0,0.0,0.0,0.0
540,8,WOLF,False,2,4,P1,POSSESSED,False,True,0,1,14,0,14,0.0,0.0,1.0,2,0,,0,0,8,0,0,0,6,0,,,0.0,,,,0.0,,0.417,0.4104,0.0066,0.3855,0.3914,-0.0059,0.0,0.0,0.2812,0.0,0.0,0.0,0.0,0.0,0.0,0.2083,0.325,0.0,0.0,0.0,0.0
541,8,WOLF,False,2,4,P1,POSSESSED,False,True,0,1,14,0,14,0.0,0.0,1.0,2,0,,0,0,8,0,0,0,6,0,,,0.0,,,,0.0,,0.417,0.4104,0.0066,0.3855,0.3914,-0.0059,0.0,0.0,0.2812,0.0,0.0,0.0,0.0,0.0,0.0,0.2083,0.325,0.0,0.0,0.0,0.0
542,8,WOLF,False,2,4,P1,SEER,False,False,0,1,14,0,14,0.0,0.0,1.0,2,0,,0,0,8,0,0,0,6,0,,,0.0,,,,0.0,,0.417,0.4104,0.0066,0.3855,0.3914,-0.0059,0.0,0.0,0.2812,0.0,0.0,0.0,0.0,0.0,0.0,0.2083,0.325,0.0,0.0,0.0,0.0
543,8,WOLF,False,2,4,P1,VILLAGER,False,False,0,1,14,0,14,0.0,0.0,1.0,2,0,,0,0,8,0,0,0,6,0,,,0.0,,,,0.0,,0.4005,0.4203,-0.0198,0.4002,0.3826,0.0176,0.0,0.0,0.2812,0.0,0.0,0.0,0.0,0.0,0.0,0.3333,0.25,0.0,0.0,0.0,0.0
544,8,WOLF,False,2,4,P1,VILLAGER,False,False,0,1,14,0,14,0.0,0.0,1.0,2,0,,0,0,8,0,0,0,6,0,,,0.0,,,,0.0,,0.417,0.4104,0.0066,0.3855,0.3914,-0.0059,0.0,0.0,0.2812,0.0,0.0,0.0,0.0,0.0,0.0,0.2083,0.325,0.0,0.0,0.0,0.0
545,8,WOLF,False,2,4,P1,VILLAGER,False,False,0,0,14,0,14,0.0,0.0,1.0,2,0,,0,0,8,0,0,0,6,0,,,0.0,,,,0.0,,0.4003,0.4204,-0.0201,0.4001,0.3826,0.0175,0.0,0.0,0.2812,0.0,0.0,0.0,0.0,0.0,0.0,0.0,0.45,0.0,0.0,0.0,0.0
546,8,WOLF,False,2,4,P1,VILLAGER,False,False,0,1,14,0,14,0.0,0.0,1.0,2,0,,0,0,8,0,0,0,6,0,,,0.0,,,,0.0,,0.417,0.4104,0.0066,0.3855,0.3914,-0.0059,0.0,0.0,0.2812,0.0,0.0,0.0,0.0,0.0,0.0,0.2083,0.325,0.0,0.0,0.0,0.0
547,8,WOLF,False,2,4,P1,SEER,False,False,0,0,14,0,14,0.0,0.0,1.0,2,0,,0,0,8,0,0,0,6,0,,,0.0,,,,0.0,,0.4003,0.4204,-0.0201,0.4001,0.3826,0.0175,0.0,0.0,0.2812,0.0,0.0,0.0,0.0,0.0,0.0,0.0,0.45,0.0,0.0,0.0,0.0
548,8,WOLF,False,2,4,P1,SEER,False,False,0,1,14,0,14,0.0,0.0,1.0,2,0,,0,0,8,0,0,0,6,0,,,0.0,,,,0.0,,0.4005,0.4203,-0.0198,0.4002,0.3826,0.0176,0.0,0.0,0.2812,0.0,0.0,0.0,0.0,0.0,0.0,0.3333,0.25,0.0,0.0,0.0,0.0
549,8,WOLF,False,2,4,P1,VILLAGER,False,False,0,1,14,0,14,0.0,0.0,1.0,2,0,,0,0,8,0,0,0,6,0,,,0.0,,,,0.0,,0.4003,0.4204,-0.0201,0.4001,0.3826,0.0175,0.0,0.0,0.2812,0.0,0.0,0.0,0.0,0.0,0.0,0.0,0.45,0.0,0.0,0.0,0.0
550,8,WOLF,False,2,4,P1,SEER,False,False,0,1,14,0,14,0.0,0.0,1.0,2,0,,0,0,8,0,0,0,6,0,,,0.0,,,,0.0,,0.4005,0.4203,-0.0198,0.4002,0.3826,0.0176,0.0,0.0,0.2812,0.0,0.0,0.0,0.0,0.0,0.0,0.3333,0.25,0.0,0.0,0.0,0.0
551,8,WOLF,False,2,4,P1,VILLAGER,False,False,0,0,14,0,14,0.0,0.0,1.0,2,0,,0,0,8,0,0,0,6,0,,,0.0,,,,0.0,,0.4003,0.4204,-0.0201,0.4001,0.3827,0.0174,0.0,0.0,0.2812,0.0,0.0,0.0,0.0,0.0,0.0,0.0,0.45,0.0,0.0,0.0,0.0
552,8,WOLF,False,2,4,P1,VILLAGER,False,False,0,1,14,0,14,0.0,0.0,1.0,2,0,,0,0,8,0,0,0,6,0,,,0.0,,,,0.0,,0.4005,0.4203,-0.0198,0.4002,0.3826,0.0176,0.0,0.0,0.2812,0.0,0.0,0.0,0.0,0.0,0.0,0.3333,0.25,0.0,0.0,0.0,0.0
553,8,WOLF,False,2,4,P1,VILLAGER,False,False,0,1,14,0,14,0.0,0.0,1.0,2,0,,0,0,8,0,0,0,6,0,,,0.0,,,,0.0,,0.417,0.4104,0.0066,0.3855,0.3914,-0.0059,0.0,0.0,0.2812,0.0,0.0,0.0,0.0,0.0,0.0,0.2083,0.325,0.0,0.0,0.0,0.0
554,8,WOLF,False,2,4,P1,POSSESSED,False,True,0,1,14,0,14,0.0,0.0,1.0,2,0,,0,0,8,0,0,0,6,0,,,0.0,,,,0.0,,0.417,0.4104,0.0066,0.3855,0.3914,-0.0059,0.0,0.0,0.2812,0.0,0.0,0.0,0.0,0.0,0.0,0.2083,0.325,0.0,0.0,0.0,0.0
555,8,WOLF,False,2,4,P1,VILLAGER,False,False,0,0,14,0,14,0.0,0.0,1.0,2,0,,0,0,8,0,0,0,6,0,,,0.0,,,,0.0,,0.4003,0.4204,-0.0201,0.4001,0.3827,0.0174,0.0,0.0,0.2812,0.0,0.0,0.0,0.0,0.0,0.0,0.0,0.45,0.0,0.0,0.0,0.0
556,8,WOLF,False,2,4,P1,POSSESSED,False,True,0,1,14,0,14,0.0,0.0,1.0,2,0,,0,0,8,0,0,0,6,0,,,0.0,,,,0.0,,0.417,0.4104,0.0066,0.3855,0.3914,-0.0059,0.0,0.0,0.2812,0.0,0.0,0.0,0.0,0.0,0.0,0.2083,0.325,0.0,0.0,0.0,0.0
557,8,WOLF,False,2,4,P1,SEER,False,False,0,1,14,0,14,0.0,0.0,1.0,2,0,,0,0,8,0,0,0,6,0,,,0.0,,,,0.0,,0.4003,0.4204,-0.0201,0.4001,0.3827,0.0174,0.0,0.0,0.2812,0.0,0.0,0.0,0.0,0.0,0.0,0.0,0.45,0.0,0.0,0.0,0.0
558,8,WOLF,False,2,4,P1,VILLAGER,False,False,0,0,14,0,14,0.0,0.0,1.0,2,0,,0,0,8,0,0,0,6,0,,,0.0,,,,0.0,,0.4003,0.4204,-0.0201,0.4001,0.3827,0.0174,0.0,0.0,0.2812,0.0,0.0,0.0,0.0,0.0,0.0,0.0,0.45,0.0,0.0,0.0,0.0
559,8,WOLF,False,2,4,P1,SEER,False,False,0,1,14,0,14,0.0,0.0,1.0,2,0,,0,0,8,0,0,0,6,0,,,0.0,,,,0.0,,0.4003,0.4204,-0.0201,0.4001,0.3827,0.0174,0.0,0.0,0.2812,0.0,0.0,0.0,0.0,0.0,0.0,0.0,0.45,0.0,0.0,0.0,0.0
560,8,WOLF,False,2,4,P1,VILLAGER,False,False,0,0,14,0,14,0.0,0.0,1.0,2,0,,0,0,8,0,0,0,6,0,,,0.0,,,,0.0,,0.4003,0.4204,-0.0201,0.4001,0.3827,0.0174,0.0,0.0,0.2812,0.0,0.0,0.0,0.0,0.0,0.0,0.0,0.45,0.0,0.0,0.0,0.0
561,8,WOLF,False,2,4,P1,VILLAGER,False,False,0,1,14,0,14,0.0,0.0,1.0,2,0,,0,0,8,0,0,0,6,0,,,0.0,,,,0.0,,0.417,0.4104,0.0066,0.3855,0.3914,-0.0059,0.0,0.0,0.2812,0.0,0.0,0.0,0.0,0.0,0.0,0.2083,0.325,0.0,0.0,0.0,0.0
562,8,WOLF,False,2,4,P1,VILLAGER,False,False,0,0,14,0,14,0.0,0.0,1.0,2,0,,0,0,8,0,0,0,6,0,,,0.0,,,,0.0,,0.4003,0.4204,-0.0201,0.4001,0.3827,0.0174,0.0,0.0,0.2812,0.0,0.0,0.0,0.0,0.0,0.0,0.0,0.45,0.0,0.0,0.0,0.0
563,8,WOLF,False,2,4,P1,SEER,False,False,0,1,14,0,14,0.0,0.0,1.0,2,0,,0,0,8,0,0,0,6,0,,,0.0,,,,0.0,,0.417,0.4104,0.0066,0.3856,0.3914,-0.0058,0.0,0.0,0.2812,0.0,0.0,0.0,0.0,0.0,0.0,0.2083,0.325,0.0,0.0,0.0,0.0
564,8,WOLF,False,2,4,P1,VILLAGER,False,False,0,1,14,0,14,0.0,0.0,1.0,2,0,,0,0,8,0,0,0,6,0,,,0.0,,,,0.0,,0.4005,0.4203,-0.0198,0.4002,0.3827,0.0175,0.0,0.0,0.2812,0.0,0.0,0.0,0.0,0.0,0.0,0.3333,0.25,0.0,0.0,0.0,0.0
565,8,WOLF,False,2,4,P1,POSSESSED,False,True,0,1,14,0,14,0.0,0.0,1.0,2,0,,0,0,8,0,0,0,6,0,,,0.0,,,,0.0,,0.417,0.4104,0.0066,0.3856,0.3914,-0.0058,0.0,0.0,0.2812,0.0,0.0,0.0,0.0,0.0,0.0,0.2083,0.325,0.0,0.0,0.0,0.0
566,8,WOLF,False,2,4,P1,SEER,False,False,0,0,14,0,14,0.0,0.0,1.0,2,0,,0,0,8,0,0,0,6,0,,,0.0,,,,0.0,,0.4003,0.4204,-0.0201,0.4001,0.3827,0.0174,0.0,0.0,0.2812,0.0,0.0,0.0,0.0,0.0,0.0,0.0,0.45,0.0,0.0,0.0,0.0
567,8,WOLF,False,2,4,P1,VILLAGER,False,False,0,0,14,0,14,0.0,0.0,1.0,2,0,,0,0,8,0,0,0,6,0,,,0.0,,,,0.0,,0.4003,0.4204,-0.0201,0.4001,0.3827,0.0174,0.0,0.0,0.2812,0.0,0.0,0.0,0.0,0.0,0.0,0.0,0.45,0.0,0.0,0.0,0.0
568,8,WOLF,False,2,4,P1,POSSESSED,False,True,0,1,14,0,14,0.0,0.0,1.0,2,0,,0,0,8,0,0,0,6,0,,,0.0,,,,0.0,,0.417,0.4104,0.0066,0.3856,0.3914,-0.0058,0.0,0.0,0.2812,0.0,0.0,0.0,0.0,0.0,0.0,0.2083,0.325,0.0,0.0,0.0,0.0
569,8,WOLF,False,2,4,P1,VILLAGER,False,False,0,1,14,0,14,0.0,0.0,1.0,2,0,,0,0,8,0,0,0,6,0,,,0.0,,,,0.0,,0.4005,0.4203,-0.0198,0.4002,0.3827,0.0175,0.0,0.0,0.2812,0.0,0.0,0.0,0.0,0.0,0.0,0.3333,0.25,0.0,0.0,0.0,0.0
570,8,WOLF,False,2,4,P1,VILLAGER,False,False,0,0,14,0,14,0.0,0.0,1.0,2,0,,0,0,8,0,0,0,6,0,,,0.0,,,,0.0,,0.4003,0.4204,-0.0201,0.4001,0.3827,0.0174,0.0,0.0,0.2812,0.0,0.0,0.0,0.0,0.0,0.0,0.0,0.45,0.0,0.0,0.0,0.0
571,8,WOLF,False,2,4,P1,POSSESSED,False,True,0,1,14,0,14,0.0,0.0,1.0,2,0,,0,0,8,0,0,0,6,0,,,0.0,,,,0.0,,0.417,0.4104,0.0066,0.3856,0.3914,-0.0058,0.0,0.0,0.2812,0.0,0.0,0.0,0.0,0.0,0.0,0.2083,0.325,0.0,0.0,0.0,0.0
572,8,WOLF,False,2,4,P1,VILLAGER,False,False,0,1,14,0,14,0.0,0.0,1.0,2,0,,0,0,8,0,0,0,6,0,,,0.0,,,,0.0,,0.4003,0.4204,-0.0201,0.4001,0.3827,0.0174,0.0,0.0,0.2812,0.0,0.0,0.0,0.0,0.0,0.0,0.0,0.45,0.0,0.0,0.0,0.0
573,8,WOLF,False,2,4,P1,VILLAGER,False,False,0,1,14,0,14,0.0,0.0,1.0,2,0,,0,0,8,0,0,0,6,0,,,0.0,,,,0.0,,0.4005,0.4203,-0.0198,0.4002,0.3827,0.0175,0.0,0.0,0.2812,0.0,0.0,0.0,0.0,0.0,0.0,0.3333,0.25,0.0,0.0,0.0,0.0
574,8,WOLF,False,2,4,P1,VILLAGER,False,False,0,1,14,0,14,0.0,0.0,1.0,2,0,,0,0,8,0,0,0,6,0,,,0.0,,,,0.0,,0.417,0.4104,0.0066,0.3856,0.3914,-0.0058,0.0,0.0,0.2812,0.0,0.0,0.0,0.0,0.0,0.0,0.2083,0.325,0.0,0.0,0.0,0.0
575,8,WOLF,False,2,4,P1,VILLAGER,False,False,0,1,14,0,14,0.0,0.0,1.0,2,0,,0,0,8,0,0,0,6,0,,,0.0,,,,0.0,,0.4005,0.4203,-0.0198,0.4002,0.3827,0.0175,0.0,0.0,0.2812,0.0,0.0,0.0,0.0,0.0,0.0,0.3333,0.25,0.0,0.0,0.0,0.0
576,8,WOLF,False,2,4,P1,VILLAGER,False,False,0,1,14,0,14,0.0,0.0,1.0,2,0,,0,0,8,0,0,0,6,0,,,0.0,,,,0.0,,0.4003,0.4204,-0.0201,0.4001,0.3827,0.0174,0.0,0.0,0.2812,0.0,0.0,0.0,0.0,0.0,0.0,0.0,0.45,0.0,0.0,0.0,0.0
577,8,WOLF,False,2,4,P1,VILLAGER,False,False,0,1,14,0,14,0.0,0.0,1.0,2,0,,0,0,8,0,0,0,6,0,,,0.0,,,,0.0,,0.4005,0.4203,-0.0198,0.4002,0.3827,0.0175,0.0,0.0,0.2812,0.0,0.0,0.0,0.0,0.0,0.0,0.3333,0.25,0.0,0.0,0.0,0.0
578,8,WOLF,False,2,4,P1,POSSESSED,False,True,0,1,14,0,14,0.0,0.0,1.0,2,0,,0,0,8,0,0,0,6,0,,,0.0,,,,0.0,,0.417,0.4104,0.0066,0.3856,0.3914,-0.0058,0.0,0.0,0.2812,0.0,0.0,0.0,0.0,0.0,0.0,0.2083,0.325,0.0,0.0,0.0,0.0
579,8,WOLF,False,2,4,P1,VILLAGER,False,False,0,0,14,0,14,0.0,0.0,1.0,2,0,,0,0,8,0,0,0,6,0,,,0.0,,,,0.0,,0.4003,0.4204,-0.0201,0.4001,0.3827,0.0174,0.0,0.0,0.2812,0.0,0.0,0.0,0.0,0.0,0.0,0.0,0.45,0.0,0.0,0.0,0.0
580,8,WOLF,False,2,4,P1,VILLAGER,False,False,0,0,14,0,14,0.0,0.0,1.0,2,0,,0,0,8,0,0,0,6,0,,,0.0,,,,0.0,,0.4003,0.4204,-0.0201,0.4001,0.3827,0.0174,0.0,0.0,0.2812,0.0,0.0,0.0,0.0,0.0,0.0,0.0,0.45,0.0,0.0,0.0,0.0
581,8,WOLF,False,2,4,P1,SEER,False,False,0,0,14,0,14,0.0,0.0,1.0,2,0,,0,0,8,0,0,0,6,0,,,0.0,,,,0.0,,0.4003,0.4204,-0.0201,0.4001,0.3828,0.0173,0.0,0.0,0.2812,0.0,0.0,0.0,0.0,0.0,0.0,0.0,0.45,0.0,0.0,0.0,0.0
582,8,WOLF,False,2,4,P1,VILLAGER,False,False,0,0,14,0,14,0.0,0.0,1.0,2,0,,0,0,8,0,0,0,6,0,,,0.0,,,,0.0,,0.4003,0.4204,-0.0201,0.4001,0.3828,0.0173,0.0,0.0,0.2812,0.0,0.0,0.0,0.0,0.0,0.0,0.0,0.45,0.0,0.0,0.0,0.0
583,8,WOLF,False,2,4,P1,SEER,False,False,0,1,14,0,14,0.0,0.0,1.0,2,0,,0,0,8,0,0,0,6,0,,,0.0,,,,0.0,,0.4005,0.4203,-0.0198,0.4002,0.3827,0.0175,0.0,0.0,0.2812,0.0,0.0,0.0,0.0,0.0,0.0,0.3333,0.25,0.0,0.0,0.0,0.0
584,8,WOLF,False,2,4,P1,VILLAGER,False,False,0,1,14,0,14,0.0,0.0,1.0,2,0,,0,0,8,0,0,0,6,0,,,0.0,,,,0.0,,0.417,0.4104,0.0066,0.3856,0.3915,-0.0059,0.0,0.0,0.2812,0.0,0.0,0.0,0.0,0.0,0.0,0.2083,0.325,0.0,0.0,0.0,0.0
585,8,WOLF,False,2,4,P1,VILLAGER,False,False,0,0,14,0,14,0.0,0.0,1.0,2,0,,0,0,8,0,0,0,6,0,,,0.0,,,,0.0,,0.4003,0.4204,-0.0201,0.4001,0.3828,0.0173,0.0,0.0,0.2812,0.0,0.0,0.0,0.0,0.0,0.0,0.0,0.45,0.0,0.0,0.0,0.0
586,8,WOLF,False,2,4,P1,SEER,False,False,0,0,14,0,14,0.0,0.0,1.0,2,0,,0,0,8,0,0,0,6,0,,,0.0,,,,0.0,,0.4003,0.4204,-0.0201,0.4001,0.3828,0.0173,0.0,0.0,0.2812,0.0,0.0,0.0,0.0,0.0,0.0,0.0,0.45,0.0,0.0,0.0,0.0
587,8,WOLF,False,2,4,P1,VILLAGER,False,False,0,1,14,0,14,0.0,0.0,1.0,2,0,,0,0,8,0,0,0,6,0,,,0.0,,,,0.0,,0.417,0.4104,0.0066,0.3856,0.3915,-0.0059,0.0,0.0,0.2812,0.0,0.0,0.0,0.0,0.0,0.0,0.2083,0.325,0.0,0.0,0.0,0.0
588,8,WOLF,False,2,4,P1,SEER,False,False,0,1,14,0,14,0.0,0.0,1.0,2,0,,0,0,8,0,0,0,6,0,,,0.0,,,,0.0,,0.4005,0.4203,-0.0198,0.4002,0.3827,0.0175,0.0,0.0,0.2812,0.0,0.0,0.0,0.0,0.0,0.0,0.3333,0.25,0.0,0.0,0.0,0.0
589,8,WOLF,False,2,4,P1,VILLAGER,False,False,0,1,14,0,14,0.0,0.0,1.0,2,0,,0,0,8,0,0,0,6,0,,,0.0,,,,0.0,,0.417,0.4104,0.0066,0.3856,0.3915,-0.0059,0.0,0.0,0.2812,0.0,0.0,0.0,0.0,0.0,0.0,0.2083,0.325,0.0,0.0,0.0,0.0
590,8,WOLF,False,2,4,P1,VILLAGER,False,False,0,0,14,0,14,0.0,0.0,1.0,2,0,,0,0,8,0,0,0,6,0,,,0.0,,,,0.0,,0.4003,0.4204,-0.0201,0.4001,0.3828,0.0173,0.0,0.0,0.2812,0.0,0.0,0.0,0.0,0.0,0.0,0.0,0.45,0.0,0.0,0.0,0.0
591,8,WOLF,False,2,4,P1,VILLAGER,False,False,0,0,14,0,14,0.0,0.0,1.0,2,0,,0,0,8,0,0,0,6,0,,,0.0,,,,0.0,,0.4003,0.4204,-0.0201,0.4001,0.3828,0.0173,0.0,0.0,0.2812,0.0,0.0,0.0,0.0,0.0,0.0,0.0,0.45,0.0,0.0,0.0,0.0
592,8,WOLF,False,2,4,P1,SEER,False,False,0,0,14,0,14,0.0,0.0,1.0,2,0,,0,0,8,0,0,0,6,0,,,0.0,,,,0.0,,0.4003,0.4204,-0.0201,0.4001,0.3828,0.0173,0.0,0.0,0.2812,0.0,0.0,0.0,0.0,0.0,0.0,0.0,0.45,0.0,0.0,0.0,0.0
593,8,WOLF,False,2,4,P1,VILLAGER,False,False,0,0,14,0,14,0.0,0.0,1.0,2,0,,0,0,8,0,0,0,6,0,,,0.0,,,,0.0,,0.4003,0.4204,-0.0201,0.4001,0.3828,0.0173,0.0,0.0,0.2812,0.0,0.0,0.0,0.0,0.0,0.0,0.0,0.45,0.0,0.0,0.0,0.0
594,8,WOLF,False,2,4,P1,VILLAGER,False,False,0,0,14,0,14,0.0,0.0,1.0,2,0,,0,0,8,0,0,0,6,0,,,0.0,,,,0.0,,0.4003,0.4204,-0.0201,0.4001,0.3828,0.0173,0.0,0.0,0.2812,0.0,0.0,0.0,0.0,0.0,0.0,0.0,0.45,0.0,0.0,0.0,0.0
595,8,WOLF,False,2,4,P1,VILLAGER,False,False,0,1,14,0,14,0.0,0.0,1.0,2,0,,0,0,8,0,0,0,6,0,,,0.0,,,,0.0,,0.4005,0.4203,-0.0198,0.4002,0.3828,0.0174,0.0,0.0,0.2812,0.0,0.0,0.0,0.0,0.0,0.0,0.3333,0.25,0.0,0.0,0.0,0.0
596,8,WOLF,False,2,4,P1,VILLAGER,False,False,0,1,14,0,14,0.0,0.0,1.0,2,0,,0,0,8,0,0,0,6,0,,,0.0,,,,0.0,,0.4003,0.4204,-0.0201,0.4001,0.3828,0.0173,0.0,0.0,0.2812,0.0,0.0,0.0,0.0,0.0,0.0,0.0,0.45,0.0,0.0,0.0,0.0
597,8,WOLF,False,2,4,P1,POSSESSED,False,True,0,1,14,0,14,0.0,0.0,1.0,2,0,,0,0,8,0,0,0,6,0,,,0.0,,,,0.0,,0.417,0.4104,0.0066,0.3857,0.3915,-0.0058,0.0,0.0,0.2812,0.0,0.0,0.0,0.0,0.0,0.0,0.2083,0.325,0.0,0.0,0.0,0.0
598,8,WOLF,False,2,4,P1,VILLAGER,False,False,0,1,14,0,14,0.0,0.0,1.0,2,0,,0,0,8,0,0,0,6,0,,,0.0,,,,0.0,,0.4003,0.4204,-0.0201,0.4001,0.3828,0.0173,0.0,0.0,0.2812,0.0,0.0,0.0,0.0,0.0,0.0,0.0,0.45,0.0,0.0,0.0,0.0
599,8,WOLF,False,2,4,P1,SEER,False,False,0,0,14,0,14,0.0,0.0,1.0,2,0,,0,0,8,0,0,0,6,0,,,0.0,,,,0.0,,0.4003,0.4204,-0.0201,0.4001,0.3828,0.0173,0.0,0.0,0.2812,0.0,0.0,0.0,0.0,0.0,0.0,0.0,0.45,0.0,0.0,0.0,0.0
600,8,WOLF,False,2,4,P1,SEER,False,False,0,0,14,0,14,0.0,0.0,1.0,2,0,,0,0,8,0,0,0,6,0,,,0.0,,,,0.0,,0.4003,0.4204,-0.0201,0.4001,0.3828,0.0173,0.0,0.0,0.2812,0.0,0.0,0.0,0.0,0.0,0.0,0.0,0.45,0.0,0.0,0.0,0.0
601,8,WOLF,False,2,4,P1,POSSESSED,False,True,0,1,14,0,14,0.0,0.0,1.0,2,0,,0,0,8,0,0,0,6,0,,,0.0,,,,0.0,,0.417,0.4104,0.0066,0.3857,0.3915,-0.0058,0.0,0.0,0.2812,0.0,0.0,0.0,0.0,0.0,0.0,0.2083,0.325,0.0,0.0,0.0,0.0
602,8,WOLF,False,2,4,P1,VILLAGER,False,False,0,0,14,0,14,0.0,0.0,1.0,2,0,,0,0,8,0,0,0,6,0,,,0.0,,,,0.0,,0.4003,0.4204,-0.0201,0.4001,0.3828,0.0173,0.0,0.0,0.2812,0.0,0.0,0.0,0.0,0.0,0.0,0.0,0.45,0.0,0.0,0.0,0.0
603,8,WOLF,False,2,4,P1,VILLAGER,False,False,0,1,14,0,14,0.0,0.0,1.0,2,0,,0,0,8,0,0,0,6,0,,,0.0,,,,0.0,,0.4005,0.4203,-0.0198,0.4002,0.3828,0.0174,0.0,0.0,0.2812,0.0,0.0,0.0,0.0,0.0,0.0,0.3333,0.25,0.0,0.0,0.0,0.0
604,8,WOLF,False,2,4,P1,SEER,False,False,0,1,14,0,14,0.0,0.0,1.0,2,0,,0,0,8,0,0,0,6,0,,,0.0,,,,0.0,,0.4003,0.4204,-0.0201,0.4001,0.3828,0.0173,0.0,0.0,0.2812,0.0,0.0,0.0,0.0,0.0,0.0,0.0,0.45,0.0,0.0,0.0,0.0
605,8,WOLF,False,2,4,P1,VILLAGER,False,False,0,1,14,0,14,0.0,0.0,1.0,2,0,,0,0,8,0,0,0,6,0,,,0.0,,,,0.0,,0.4003,0.4204,-0.0201,0.4001,0.3828,0.0173,0.0,0.0,0.2812,0.0,0.0,0.0,0.0,0.0,0.0,0.0,0.45,0.0,0.0,0.0,0.0
606,8,WOLF,False,2,4,P1,POSSESSED,False,True,0,1,14,0,14,0.0,0.0,1.0,2,0,,0,0,8,0,0,0,6,0,,,0.0,,,,0.0,,0.417,0.4104,0.0066,0.3857,0.3915,-0.0058,0.0,0.0,0.2812,0.0,0.0,0.0,0.0,0.0,0.0,0.2083,0.325,0.0,0.0,0.0,0.0
607,8,WOLF,False,2,4,P1,VILLAGER,False,False,0,1,14,0,14,0.0,0.0,1.0,2,0,,0,0,8,0,0,0,6,0,,,0.0,,,,0.0,,0.4003,0.4204,-0.0201,0.4001,0.3828,0.0173,0.0,0.0,0.2812,0.0,0.0,0.0,0.0,0.0,0.0,0.0,0.45,0.0,0.0,0.0,0.0
608,8,WOLF,False,2,4,P1,POSSESSED,False,True,0,1,14,0,14,0.0,0.0,1.0,2,0,,0,0,8,0,0,0,6,0,,,0.0,,,,0.0,,0.417,0.4104,0.0066,0.3857,0.3915,-0.0058,0.0,0.0,0.2812,0.0,0.0,0.0,0.0,0.0,0.0,0.2083,0.325,0.0,0.0,0.0,0.0
609,8,WOLF,False,2,4,P1,POSSESSED,False,True,0,1,14,0,14,0.0,0.0,1.0,2,0,,0,0,8,0,0,0,6,0,,,0.0,,,,0.0,,0.417,0.4104,0.0066,0.3857,0.3915,-0.0058,0.0,0.0,0.2812,0.0,0.0,0.0,0.0,0.0,0.0,0.2083,0.325,0.0,0.0,0.0,0.0
610,8,WOLF,False,2,4,P1,VILLAGER,False,False,0,1,14,0,14,0.0,0.0,1.0,2,0,,0,0,8,0,0,0,6,0,,,0.0,,,,0.0,,0.4003,0.4204,-0.0201,0.4001,0.3829,0.0172,0.0,0.0,0.2812,0.0,0.0,0.0,0.0,0.0,0.0,0.0,0.45,0.0,0.0,0.0,0.0
611,8,WOLF,False,2,4,P1,POSSESSED,False,True,0,1,14,0,14,0.0,0.0,1.0,2,0,,0,0,8,0,0,0,6,0,,,0.0,,,,0.0,,0.417,0.4104,0.0066,0.3857,0.3915,-0.0058,0.0,0.0,0.2812,0.0,0.0,0.0,0.0,0.0,0.0,0.2083,0.325,0.0,0.0,0.0,0.0
612,8,WOLF,False,2,4,P1,VILLAGER,False,False,0,1,14,0,14,0.0,0.0,1.0,2,0,,0,0,8,0,0,0,6,0,,,0.0,,,,0.0,,0.4003,0.4204,-0.0201,0.4001,0.3829,0.0172,0.0,0.0,0.2812,0.0,0.0,0.0,0.0,0.0,0.0,0.0,0.45,0.0,0.0,0.0,0.0
613,8,WOLF,False,2,4,P1,VILLAGER,False,False,0,0,14,0,14,0.0,0.0,1.0,2,0,,0,0,8,0,0,0,6,0,,,0.0,,,,0.0,,0.4003,0.4204,-0.0201,0.4001,0.3829,0.0172,0.0,0.0,0.2812,0.0,0.0,0.0,0.0,0.0,0.0,0.0,0.45,0.0,0.0,0.0,0.0
614,8,WOLF,False,2,4,P1,VILLAGER,False,False,0,1,14,0,14,0.0,0.0,1.0,2,0,,0,0,8,0,0,0,6,0,,,0.0,,,,0.0,,0.417,0.4104,0.0066,0.3857,0.3915,-0.0058,0.0,0.0,0.2812,0.0,0.0,0.0,0.0,0.0,0.0,0.2083,0.325,0.0,0.0,0.0,0.0
615,8,WOLF,False,2,4,P1,VILLAGER,False,False,0,1,14,0,14,0.0,0.0,1.0,2,0,,0,0,8,0,0,0,6,0,,,0.0,,,,0.0,,0.4003,0.4204,-0.0201,0.4001,0.3829,0.0172,0.0,0.0,0.2812,0.0,0.0,0.0,0.0,0.0,0.0,0.0,0.45,0.0,0.0,0.0,0.0
616,8,WOLF,False,2,4,P1,VILLAGER,False,False,0,1,14,0,14,0.0,0.0,1.0,2,0,,0,0,8,0,0,0,6,0,,,0.0,,,,0.0,,0.4005,0.4203,-0.0198,0.4002,0.3828,0.0174,0.0,0.0,0.2812,0.0,0.0,0.0,0.0,0.0,0.0,0.3333,0.25,0.0,0.0,0.0,0.0
617,8,WOLF,False,2,4,P1,SEER,False,False,0,0,14,0,14,0.0,0.0,1.0,2,0,,0,0,8,0,0,0,6,0,,,0.0,,,,0.0,,0.4003,0.4204,-0.0201,0.4001,0.3829,0.0172,0.0,0.0,0.2812,0.0,0.0,0.0,0.0,0.0,0.0,0.0,0.45,0.0,0.0,0.0,0.0
618,8,WOLF,False,2,4,P1,VILLAGER,False,False,0,1,14,0,14,0.0,0.0,1.0,2,0,,0,0,8,0,0,0,6,0,,,0.0,,,,0.0,,0.417,0.4104,0.0066,0.3857,0.3915,-0.0058,0.0,0.0,0.2812,0.0,0.0,0.0,0.0,0.0,0.0,0.2083,0.325,0.0,0.0,0.0,0.0
619,8,WOLF,False,2,4,P1,VILLAGER,False,False,0,1,14,0,14,0.0,0.0,1.0,2,0,,0,0,8,0,0,0,6,0,,,0.0,,,,0.0,,0.4003,0.4204,-0.0201,0.4001,0.3829,0.0172,0.0,0.0,0.2812,0.0,0.0,0.0,0.0,0.0,0.0,0.0,0.45,0.0,0.0,0.0,0.0
620,8,WOLF,False,2,4,P1,POSSESSED,False,True,0,1,14,0,14,0.0,0.0,1.0,2,0,,0,0,8,0,0,0,6,0,,,0.0,,,,0.0,,0.417,0.4104,0.0066,0.3857,0.3915,-0.0058,0.0,0.0,0.2812,0.0,0.0,0.0,0.0,0.0,0.0,0.2083,0.325,0.0,0.0,0.0,0.0
621,8,WOLF,False,2,4,P1,VILLAGER,False,False,0,1,14,0,14,0.0,0.0,1.0,2,0,,0,0,8,0,0,0,6,0,,,0.0,,,,0.0,,0.417,0.4104,0.0066,0.3857,0.3915,-0.0058,0.0,0.0,0.2812,0.0,0.0,0.0,0.0,0.0,0.0,0.2083,0.325,0.0,0.0,0.0,0.0
622,8,WOLF,False,2,4,P1,VILLAGER,False,False,0,1,14,0,14,0.0,0.0,1.0,2,0,,0,0,8,0,0,0,6,0,,,0.0,,,,0.0,,0.417,0.4104,0.0066,0.3857,0.3915,-0.0058,0.0,0.0,0.2812,0.0,0.0,0.0,0.0,0.0,0.0,0.2083,0.325,0.0,0.0,0.0,0.0
623,8,WOLF,False,2,4,P1,VILLAGER,False,False,0,1,14,0,14,0.0,0.0,1.0,2,0,,0,0,8,0,0,0,6,0,,,0.0,,,,0.0,,0.417,0.4104,0.0066,0.3857,0.3915,-0.0058,0.0,0.0,0.2812,0.0,0.0,0.0,0.0,0.0,0.0,0.2083,0.325,0.0,0.0,0.0,0.0
624,8,WOLF,False,2,4,P1,VILLAGER,False,False,0,1,14,0,14,0.0,0.0,1.0,2,0,,0,0,8,0,0,0,6,0,,,0.0,,,,0.0,,0.4005,0.4203,-0.0198,0.4002,0.3829,0.0173,0.0,0.0,0.2812,0.0,0.0,0.0,0.0,0.0,0.0,0.3333,0.25,0.0,0.0,0.0,0.0
625,8,WOLF,False,2,4,P1,VILLAGER,False,False,0,0,14,0,14,0.0,0.0,1.0,2,0,,0,0,8,0,0,0,6,0,,,0.0,,,,0.0,,0.4003,0.4204,-0.0201,0.4001,0.3829,0.0172,0.0,0.0,0.2812,0.0,0.0,0.0,0.0,0.0,0.0,0.0,0.45,0.0,0.0,0.0,0.0
626,8,WOLF,False,2,4,P1,VILLAGER,False,False,0,0,14,0,14,0.0,0.0,1.0,2,0,,0,0,8,0,0,0,6,0,,,0.0,,,,0.0,,0.4003,0.4204,-0.0201,0.4001,0.3829,0.0172,0.0,0.0,0.2812,0.0,0.0,0.0,0.0,0.0,0.0,0.0,0.45,0.0,0.0,0.0,0.0
627,8,WOLF,False,2,4,P1,VILLAGER,False,False,0,0,14,0,14,0.0,0.0,1.0,2,0,,0,0,8,0,0,0,6,0,,,0.0,,,,0.0,,0.4003,0.4204,-0.0201,0.4001,0.3829,0.0172,0.0,0.0,0.2812,0.0,0.0,0.0,0.0,0.0,0.0,0.0,0.45,0.0,0.0,0.0,0.0
628,8,WOLF,False,2,4,P1,POSSESSED,False,True,0,1,14,0,14,0.0,0.0,1.0,2,0,,0,0,8,0,0,0,6,0,,,0.0,,,,0.0,,0.417,0.4104,0.0066,0.3857,0.3915,-0.0058,0.0,0.0,0.2812,0.0,0.0,0.0,0.0,0.0,0.0,0.2083,0.325,0.0,0.0,0.0,0.0
629,8,WOLF,False,2,4,P1,SEER,False,False,0,0,14,0,14,0.0,0.0,1.0,2,0,,0,0,8,0,0,0,6,0,,,0.0,,,,0.0,,0.4003,0.4204,-0.0201,0.4001,0.3829,0.0172,0.0,0.0,0.2812,0.0,0.0,0.0,0.0,0.0,0.0,0.0,0.45,0.0,0.0,0.0,0.0
630,8,WOLF,False,2,4,P1,VILLAGER,False,False,0,1,14,0,14,0.0,0.0,1.0,2,0,,0,0,8,0,0,0,6,0,,,0.0,,,,0.0,,0.4003,0.4204,-0.0201,0.4001,0.3829,0.0172,0.0,0.0,0.2812,0.0,0.0,0.0,0.0,0.0,0.0,0.0,0.45,0.0,0.0,0.0,0.0
631,8,WOLF,False,2,4,P1,VILLAGER,False,False,0,1,14,0,14,0.0,0.0,1.0,2,0,,0,0,8,0,0,0,6,0,,,0.0,,,,0.0,,0.4003,0.4204,-0.0201,0.4001,0.3829,0.0172,0.0,0.0,0.2812,0.0,0.0,0.0,0.0,0.0,0.0,0.0,0.45,0.0,0.0,0.0,0.0
632,8,WOLF,False,2,4,P1,SEER,False,False,0,0,14,0,14,0.0,0.0,1.0,2,0,,0,0,8,0,0,0,6,0,,,0.0,,,,0.0,,0.4003,0.4204,-0.0201,0.4001,0.3829,0.0172,0.0,0.0,0.2812,0.0,0.0,0.0,0.0,0.0,0.0,0.0,0.45,0.0,0.0,0.0,0.0
633,8,WOLF,False,2,4,P1,VILLAGER,False,False,0,1,14,0,14,0.0,0.0,1.0,2,0,,0,0,8,0,0,0,6,0,,,0.0,,,,0.0,,0.4003,0.4204,-0.0201,0.4001,0.383,0.0171,0.0,0.0,0.2812,0.0,0.0,0.0,0.0,0.0,0.0,0.0,0.45,0.0,0.0,0.0,0.0
634,8,WOLF,False,2,4,P1,VILLAGER,False,False,0,1,14,0,14,0.0,0.0,1.0,2,0,,0,0,8,0,0,0,6,0,,,0.0,,,,0.0,,0.417,0.4104,0.0066,0.3858,0.3916,-0.0058,0.0,0.0,0.2812,0.0,0.0,0.0,0.0,0.0,0.0,0.2083,0.325,0.0,0.0,0.0,0.0
635,8,WOLF,False,2,4,P1,VILLAGER,False,False,0,1,14,0,14,0.0,0.0,1.0,2,0,,0,0,8,0,0,0,6,0,,,0.0,,,,0.0,,0.4003,0.4204,-0.0201,0.4001,0.383,0.0171,0.0,0.0,0.2812,0.0,0.0,0.0,0.0,0.0,0.0,0.0,0.45,0.0,0.0,0.0,0.0
636,8,WOLF,False,2,4,P1,VILLAGER,False,False,0,1,14,0,14,0.0,0.0,1.0,2,0,,0,0,8,0,0,0,6,0,,,0.0,,,,0.0,,0.417,0.4104,0.0066,0.3858,0.3916,-0.0058,0.0,0.0,0.2812,0.0,0.0,0.0,0.0,0.0,0.0,0.2083,0.325,0.0,0.0,0.0,0.0
637,8,WOLF,False,2,4,P1,VILLAGER,False,False,0,0,14,0,14,0.0,0.0,1.0,2,0,,0,0,8,0,0,0,6,0,,,0.0,,,,0.0,,0.4003,0.4204,-0.0201,0.4001,0.383,0.0171,0.0,0.0,0.2812,0.0,0.0,0.0,0.0,0.0,0.0,0.0,0.45,0.0,0.0,0.0,0.0
638,8,WOLF,False,2,4,P1,VILLAGER,False,False,0,1,14,0,14,0.0,0.0,1.0,2,0,,0,0,8,0,0,0,6,0,,,0.0,,,,0.0,,0.417,0.4104,0.0066,0.3858,0.3916,-0.0058,0.0,0.0,0.2812,0.0,0.0,0.0,0.0,0.0,0.0,0.2083,0.325,0.0,0.0,0.0,0.0
639,8,WOLF,False,2,4,P1,POSSESSED,False,True,0,1,14,0,14,0.0,0.0,1.0,2,0,,0,0,8,0,0,0,6,0,,,0.0,,,,0.0,,0.417,0.4104,0.0066,0.3858,0.3916,-0.0058,0.0,0.0,0.2812,0.0,0.0,0.0,0.0,0.0,0.0,0.2083,0.325,0.0,0.0,0.0,0.0
640,8,WOLF,False,2,4,P1,SEER,False,False,0,1,14,0,14,0.0,0.0,1.0,2,0,,0,0,8,0,0,0,6,0,,,0.0,,,,0.0,,0.4005,0.4203,-0.0198,0.4002,0.3829,0.0173,0.0,0.0,0.2812,0.0,0.0,0.0,0.0,0.0,0.0,0.3333,0.25,0.0,0.0,0.0,0.0
641,8,WOLF,False,2,4,P1,POSSESSED,False,True,0,1,14,0,14,0.0,0.0,1.0,2,0,,0,0,8,0,0,0,6,0,,,0.0,,,,0.0,,0.417,0.4104,0.0066,0.3858,0.3916,-0.0058,0.0,0.0,0.2812,0.0,0.0,0.0,0.0,0.0,0.0,0.2083,0.325,0.0,0.0,0.0,0.0
642,8,WOLF,False,2,4,P1,VILLAGER,False,False,0,0,14,0,14,0.0,0.0,1.0,2,0,,0,0,8,0,0,0,6,0,,,0.0,,,,0.0,,0.4003,0.4204,-0.0201,0.4001,0.383,0.0171,0.0,0.0,0.2812,0.0,0.0,0.0,0.0,0.0,0.0,0.0,0.45,0.0,0.0,0.0,0.0
643,8,WOLF,False,2,4,P1,VILLAGER,False,False,0,0,14,0,14,0.0,0.0,1.0,2,0,,0,0,8,0,0,0,6,0,,,0.0,,,,0.0,,0.4003,0.4204,-0.0201,0.4001,0.383,0.0171,0.0,0.0,0.2812,0.0,0.0,0.0,0.0,0.0,0.0,0.0,0.45,0.0,0.0,0.0,0.0
644,8,WOLF,False,2,4,P1,POSSESSED,False,True,0,1,14,0,14,0.0,0.0,1.0,2,0,,0,0,8,0,0,0,6,0,,,0.0,,,,0.0,,0.417,0.4104,0.0066,0.3858,0.3916,-0.0058,0.0,0.0,0.2812,0.0,0.0,0.0,0.0,0.0,0.0,0.2083,0.325,0.0,0.0,0.0,0.0
645,8,WOLF,False,2,4,P1,VILLAGER,False,False,0,1,14,0,14,0.0,0.0,1.0,2,0,,0,0,8,0,0,0,6,0,,,0.0,,,,0.0,,0.4005,0.4203,-0.0198,0.4002,0.3829,0.0173,0.0,0.0,0.2812,0.0,0.0,0.0,0.0,0.0,0.0,0.3333,0.25,0.0,0.0,0.0,0.0
646,8,WOLF,False,2,4,P1,VILLAGER,False,False,0,1,14,0,14,0.0,0.0,1.0,2,0,,0,0,8,0,0,0,6,0,,,0.0,,,,0.0,,0.4003,0.4204,-0.0201,0.4001,0.383,0.0171,0.0,0.0,0.2812,0.0,0.0,0.0,0.0,0.0,0.0,0.0,0.45,0.0,0.0,0.0,0.0
647,8,WOLF,False,2,4,P1,VILLAGER,False,False,0,1,14,0,14,0.0,0.0,1.0,2,0,,0,0,8,0,0,0,6,0,,,0.0,,,,0.0,,0.4005,0.4203,-0.0198,0.4002,0.3829,0.0173,0.0,0.0,0.2812,0.0,0.0,0.0,0.0,0.0,0.0,0.3333,0.25,0.0,0.0,0.0,0.0
648,8,WOLF,False,2,4,P1,VILLAGER,False,False,0,0,14,0,14,0.0,0.0,1.0,2,0,,0,0,8,0,0,0,6,0,,,0.0,,,,0.0,,0.4003,0.4204,-0.0201,0.4001,0.383,0.0171,0.0,0.0,0.2812,0.0,0.0,0.0,0.0,0.0,0.0,0.0,0.45,0.0,0.0,0.0,0.0
649,8,WOLF,False,2,4,P1,VILLAGER,False,False,0,1,14,0,14,0.0,0.0,1.0,2,0,,0,0,8,0,0,0,6,0,,,0.0,,,,0.0,,0.417,0.4104,0.0066,0.3858,0.3916,-0.0058,0.0,0.0,0.2812,0.0,0.0,0.0,0.0,0.0,0.0,0.2083,0.325,0.0,0.0,0.0,0.0
650,8,WOLF,False,2,4,P1,VILLAGER,False,False,0,1,14,0,14,0.0,0.0,1.0,2,0,,0,0,8,0,0,0,6,0,,,0.0,,,,0.0,,0.4003,0.4204,-0.0201,0.4001,0.383,0.0171,0.0,0.0,0.2812,0.0,0.0,0.0,0.0,0.0,0.0,0.0,0.45,0.0,0.0,0.0,0.0
651,8,WOLF,False,2,4,P1,VILLAGER,False,False,0,1,14,0,14,0.0,0.0,1.0,2,0,,0,0,8,0,0,0,6,0,,,0.0,,,,0.0,,0.4003,0.4204,-0.0201,0.4001,0.383,0.0171,0.0,0.0,0.2812,0.0,0.0,0.0,0.0,0.0,0.0,0.0,0.45,0.0,0.0,0.0,0.0
652,8,WOLF,False,2,4,P1,VILLAGER,False,False,0,1,14,0,14,0.0,0.0,1.0,2,0,,0,0,8,0,0,0,6,0,,,0.0,,,,0.0,,0.4003,0.4204,-0.0201,0.4001,0.383,0.0171,0.0,0.0,0.2812,0.0,0.0,0.0,0.0,0.0,0.0,0.0,0.45,0.0,0.0,0.0,0.0
653,8,WOLF,False,2,4,P1,VILLAGER,False,False,0,1,14,0,14,0.0,0.0,1.0,2,0,,0,0,8,0,0,0,6,0,,,0.0,,,,0.0,,0.417,0.4104,0.0066,0.3858,0.3916,-0.0058,0.0,0.0,0.2812,0.0,0.0,0.0,0.0,0.0,0.0,0.2083,0.325,0.0,0.0,0.0,0.0
654,8,WOLF,False,2,4,P1,VILLAGER,False,False,0,1,14,0,14,0.0,0.0,1.0,2,0,,0,0,8,0,0,0,6,0,,,0.0,,,,0.0,,0.4005,0.4203,-0.0198,0.4002,0.3829,0.0173,0.0,0.0,0.2812,0.0,0.0,0.0,0.0,0.0,0.0,0.3333,0.25,0.0,0.0,0.0,0.0
655,8,WOLF,False,2,4,P1,VILLAGER,False,False,0,0,14,0,14,0.0,0.0,1.0,2,0,,0,0,8,0,0,0,6,0,,,0.0,,,,0.0,,0.4003,0.4204,-0.0201,0.4001,0.383,0.0171,0.0,0.0,0.2812,0.0,0.0,0.0,0.0,0.0,0.0,0.0,0.45,0.0,0.0,0.0,0.0
656,8,WOLF,False,2,4,P1,SEER,False,False,0,1,14,0,14,0.0,0.0,1.0,2,0,,0,0,8,0,0,0,6,0,,,0.0,,,,0.0,,0.417,0.4104,0.0066,0.3858,0.3916,-0.0058,0.0,0.0,0.2812,0.0,0.0,0.0,0.0,0.0,0.0,0.2083,0.325,0.0,0.0,0.0,0.0
657,8,WOLF,False,2,4,P1,VILLAGER,False,False,0,0,14,0,14,0.0,0.0,1.0,2,0,,0,0,8,0,0,0,6,0,,,0.0,,,,0.0,,0.4003,0.4204,-0.0201,0.4001,0.383,0.0171,0.0,0.0,0.2812,0.0,0.0,0.0,0.0,0.0,0.0,0.0,0.45,0.0,0.0,0.0,0.0
658,8,WOLF,False,2,4,P1,VILLAGER,False,False,0,1,14,0,14,0.0,0.0,1.0,2,0,,0,0,8,0,0,0,6,0,,,0.0,,,,0.0,,0.4005,0.4203,-0.0198,0.4002,0.383,0.0172,0.0,0.0,0.2812,0.0,0.0,0.0,0.0,0.0,0.0,0.3333,0.25,0.0,0.0,0.0,0.0
659,8,WOLF,False,2,4,P1,POSSESSED,False,True,0,1,14,0,14,0.0,0.0,1.0,2,0,,0,0,8,0,0,0,6,0,,,0.0,,,,0.0,,0.417,0.4104,0.0066,0.3858,0.3916,-0.0058,0.0,0.0,0.2812,0.0,0.0,0.0,0.0,0.0,0.0,0.2083,0.325,0.0,0.0,0.0,0.0
660,8,WOLF,False,2,4,P1,SEER,False,False,0,1,14,0,14,0.0,0.0,1.0,2,0,,0,0,8,0,0,0,6,0,,,0.0,,,,0.0,,0.417,0.4104,0.0066,0.3858,0.3916,-0.0058,0.0,0.0,0.2812,0.0,0.0,0.0,0.0,0.0,0.0,0.2083,0.325,0.0,0.0,0.0,0.0
661,8,WOLF,False,2,4,P1,VILLAGER,False,False,0,1,14,0,14,0.0,0.0,1.0,2,0,,0,0,8,0,0,0,6,0,,,0.0,,,,0.0,,0.417,0.4104,0.0066,0.3858,0.3916,-0.0058,0.0,0.0,0.2812,0.0,0.0,0.0,0.0,0.0,0.0,0.2083,0.325,0.0,0.0,0.0,0.0
662,8,WOLF,False,2,4,P1,SEER,False,False,0,0,14,0,14,0.0,0.0,1.0,2,0,,0,0,8,0,0,0,6,0,,,0.0,,,,0.0,,0.4003,0.4204,-0.0201,0.4001,0.383,0.0171,0.0,0.0,0.2812,0.0,0.0,0.0,0.0,0.0,0.0,0.0,0.45,0.0,0.0,0.0,0.0
663,8,WOLF,False,2,4,P1,VILLAGER,False,False,0,1,14,0,14,0.0,0.0,1.0,2,0,,0,0,8,0,0,0,6,0,,,0.0,,,,0.0,,0.4003,0.4204,-0.0201,0.4001,0.383,0.0171,0.0,0.0,0.2812,0.0,0.0,0.0,0.0,0.0,0.0,0.0,0.45,0.0,0.0,0.0,0.0
664,8,WOLF,False,2,4,P1,VILLAGER,False,False,0,1,14,0,14,0.0,0.0,1.0,2,0,,0,0,8,0,0,0,6,0,,,0.0,,,,0.0,,0.4005,0.4203,-0.0198,0.4002,0.383,0.0172,0.0,0.0,0.2812,0.0,0.0,0.0,0.0,0.0,0.0,0.3333,0.25,0.0,0.0,0.0,0.0
665,8,WOLF,False,2,4,P1,SEER,False,False,0,0,14,0,14,0.0,0.0,1.0,2,0,,0,0,8,0,0,0,6,0,,,0.0,,,,0.0,,0.4003,0.4204,-0.0201,0.4001,0.383,0.0171,0.0,0.0,0.2812,0.0,0.0,0.0,0.0,0.0,0.0,0.0,0.45,0.0,0.0,0.0,0.0
666,8,WOLF,False,2,4,P1,VILLAGER,False,False,0,1,14,0,14,0.0,0.0,1.0,2,0,,0,0,8,0,0,0,6,0,,,0.0,,,,0.0,,0.4005,0.4203,-0.0198,0.4002,0.383,0.0172,0.0,0.0,0.2812,0.0,0.0,0.0,0.0,0.0,0.0,0.3333,0.25,0.0,0.0,0.0,0.0
667,8,WOLF,False,2,4,P1,POSSESSED,False,True,0,1,14,0,14,0.0,0.0,1.0,2,0,,0,0,8,0,0,0,6,0,,,0.0,,,,0.0,,0.417,0.4104,0.0066,0.3859,0.3916,-0.0057,0.0,0.0,0.2812,0.0,0.0,0.0,0.0,0.0,0.0,0.2083,0.325,0.0,0.0,0.0,0.0
668,8,WOLF,False,2,4,P1,POSSESSED,False,True,0,1,14,0,14,0.0,0.0,1.0,2,0,,0,0,8,0,0,0,6,0,,,0.0,,,,0.0,,0.417,0.4104,0.0066,0.3859,0.3916,-0.0057,0.0,0.0,0.2812,0.0,0.0,0.0,0.0,0.0,0.0,0.2083,0.325,0.0,0.0,0.0,0.0
669,8,WOLF,False,2,4,P1,SEER,False,False,0,1,14,0,14,0.0,0.0,1.0,2,0,,0,0,8,0,0,0,6,0,,,0.0,,,,0.0,,0.417,0.4104,0.0066,0.3859,0.3916,-0.0057,0.0,0.0,0.2812,0.0,0.0,0.0,0.0,0.0,0.0,0.2083,0.325,0.0,0.0,0.0,0.0
670,8,WOLF,False,2,4,P1,SEER,False,False,0,1,14,0,14,0.0,0.0,1.0,2,0,,0,0,8,0,0,0,6,0,,,0.0,,,,0.0,,0.4003,0.4204,-0.0201,0.4001,0.3831,0.017,0.0,0.0,0.2812,0.0,0.0,0.0,0.0,0.0,0.0,0.0,0.45,0.0,0.0,0.0,0.0
671,8,WOLF,False,2,4,P1,VILLAGER,False,False,0,0,14,0,14,0.0,0.0,1.0,2,0,,0,0,8,0,0,0,6,0,,,0.0,,,,0.0,,0.4003,0.4204,-0.0201,0.4001,0.3831,0.017,0.0,0.0,0.2812,0.0,0.0,0.0,0.0,0.0,0.0,0.0,0.45,0.0,0.0,0.0,0.0
672,8,WOLF,False,2,4,P1,VILLAGER,False,False,0,1,14,0,14,0.0,0.0,1.0,2,0,,0,0,8,0,0,0,6,0,,,0.0,,,,0.0,,0.4005,0.4203,-0.0198,0.4002,0.383,0.0172,0.0,0.0,0.2812,0.0,0.0,0.0,0.0,0.0,0.0,0.3333,0.25,0.0,0.0,0.0,0.0
673,8,WOLF,False,2,4,P1,SEER,False,False,0,1,14,0,14,0.0,0.0,1.0,2,0,,0,0,8,0,0,0,6,0,,,0.0,,,,0.0,,0.4005,0.4203,-0.0198,0.4002,0.383,0.0172,0.0,0.0,0.2812,0.0,0.0,0.0,0.0,0.0,0.0,0.3333,0.25,0.0,0.0,0.0,0.0
674,8,WOLF,False,2,4,P1,SEER,False,False,0,0,14,0,14,0.0,0.0,1.0,2,0,,0,0,8,0,0,0,6,0,,,0.0,,,,0.0,,0.4003,0.4204,-0.0201,0.4001,0.3831,0.017,0.0,0.0,0.2812,0.0,0.0,0.0,0.0,0.0,0.0,0.0,0.45,0.0,0.0,0.0,0.0
675,8,WOLF,False,2,4,P1,VILLAGER,False,False,0,1,14,0,14,0.0,0.0,1.0,2,0,,0,0,8,0,0,0,6,0,,,0.0,,,,0.0,,0.4005,0.4203,-0.0198,0.4002,0.383,0.0172,0.0,0.0,0.2812,0.0,0.0,0.0,0.0,0.0,0.0,0.3333,0.25,0.0,0.0,0.0,0.0
676,8,WOLF,False,2,4,P1,VILLAGER,False,False,0,1,14,0,14,0.0,0.0,1.0,2,0,,0,0,8,0,0,0,6,0,,,0.0,,,,0.0,,0.4005,0.4203,-0.0198,0.4002,0.383,0.0172,0.0,0.0,0.2812,0.0,0.0,0.0,0.0,0.0,0.0,0.3333,0.25,0.0,0.0,0.0,0.0
677,8,WOLF,False,2,4,P1,POSSESSED,False,True,0,1,14,0,14,0.0,0.0,1.0,2,0,,0,0,8,0,0,0,6,0,,,0.0,,,,0.0,,0.417,0.4104,0.0066,0.3859,0.3916,-0.0057,0.0,0.0,0.2812,0.0,0.0,0.0,0.0,0.0,0.0,0.2083,0.325,0.0,0.0,0.0,0.0
678,8,WOLF,False,2,4,P1,VILLAGER,False,False,0,0,14,0,14,0.0,0.0,1.0,2,0,,0,0,8,0,0,0,6,0,,,0.0,,,,0.0,,0.4003,0.4204,-0.0201,0.4001,0.3831,0.017,0.0,0.0,0.2812,0.0,0.0,0.0,0.0,0.0,0.0,0.0,0.45,0.0,0.0,0.0,0.0
679,8,WOLF,False,2,4,P1,SEER,False,False,0,0,14,0,14,0.0,0.0,1.0,2,0,,0,0,8,0,0,0,6,0,,,0.0,,,,0.0,,0.4003,0.4204,-0.0201,0.4001,0.3831,0.017,0.0,0.0,0.2812,0.0,0.0,0.0,0.0,0.0,0.0,0.0,0.45,0.0,0.0,0.0,0.0
680,8,WOLF,False,2,4,P1,VILLAGER,False,False,0,1,14,0,14,0.0,0.0,1.0,2,0,,0,0,8,0,0,0,6,0,,,0.0,,,,0.0,,0.4005,0.4203,-0.0198,0.4002,0.3831,0.0171,0.0,0.0,0.2812,0.0,0.0,0.0,0.0,0.0,0.0,0.3333,0.25,0.0,0.0,0.0,0.0
681,8,WOLF,False,2,4,P1,VILLAGER,False,False,0,0,14,0,14,0.0,0.0,1.0,2,0,,0,0,8,0,0,0,6,0,,,0.0,,,,0.0,,0.4003,0.4204,-0.0201,0.4001,0.3831,0.017,0.0,0.0,0.2812,0.0,0.0,0.0,0.0,0.0,0.0,0.0,0.45,0.0,0.0,0.0,0.0
682,8,WOLF,False,2,4,P1,VILLAGER,False,False,0,1,14,0,14,0.0,0.0,1.0,2,0,,0,0,8,0,0,0,6,0,,,0.0,,,,0.0,,0.4003,0.4204,-0.0201,0.4001,0.3831,0.017,0.0,0.0,0.2812,0.0,0.0,0.0,0.0,0.0,0.0,0.0,0.45,0.0,0.0,0.0,0.0
683,8,WOLF,False,2,4,P1,VILLAGER,False,False,0,1,14,0,14,0.0,0.0,1.0,2,0,,0,0,8,0,0,0,6,0,,,0.0,,,,0.0,,0.4003,0.4204,-0.0201,0.4001,0.3831,0.017,0.0,0.0,0.2812,0.0,0.0,0.0,0.0,0.0,0.0,0.0,0.45,0.0,0.0,0.0,0.0
684,8,WOLF,False,2,4,P1,VILLAGER,False,False,0,0,14,0,14,0.0,0.0,1.0,2,0,,0,0,8,0,0,0,6,0,,,0.0,,,,0.0,,0.4003,0.4204,-0.0201,0.4001,0.3831,0.017,0.0,0.0,0.2812,0.0,0.0,0.0,0.0,0.0,0.0,0.0,0.45,0.0,0.0,0.0,0.0
685,8,WOLF,False,2,4,P1,VILLAGER,False,False,0,1,14,0,14,0.0,0.0,1.0,2,0,,0,0,8,0,0,0,6,0,,,0.0,,,,0.0,,0.4003,0.4204,-0.0201,0.4001,0.3831,0.017,0.0,0.0,0.2812,0.0,0.0,0.0,0.0,0.0,0.0,0.0,0.45,0.0,0.0,0.0,0.0
686,8,WOLF,False,2,4,P1,VILLAGER,False,False,0,1,14,0,14,0.0,0.0,1.0,2,0,,0,0,8,0,0,0,6,0,,,0.0,,,,0.0,,0.4003,0.4204,-0.0201,0.4001,0.3831,0.017,0.0,0.0,0.2812,0.0,0.0,0.0,0.0,0.0,0.0,0.0,0.45,0.0,0.0,0.0,0.0
687,8,WOLF,False,2,4,P1,POSSESSED,False,True,0,1,14,0,14,0.0,0.0,1.0,2,0,,0,0,8,0,0,0,6,0,,,0.0,,,,0.0,,0.417,0.4104,0.0066,0.3859,0.3916,-0.0057,0.0,0.0,0.2812,0.0,0.0,0.0,0.0,0.0,0.0,0.2083,0.325,0.0,0.0,0.0,0.0
688,8,WOLF,False,2,4,P1,VILLAGER,False,False,0,1,14,0,14,0.0,0.0,1.0,2,0,,0,0,8,0,0,0,6,0,,,0.0,,,,0.0,,0.4005,0.4203,-0.0198,0.4002,0.3831,0.0171,0.0,0.0,0.2812,0.0,0.0,0.0,0.0,0.0,0.0,0.3333,0.25,0.0,0.0,0.0,0.0
689,8,WOLF,False,2,4,P1,VILLAGER,False,False,0,0,14,0,14,0.0,0.0,1.0,2,0,,0,0,8,0,0,0,6,0,,,0.0,,,,0.0,,0.4003,0.4204,-0.0201,0.4001,0.3831,0.017,0.0,0.0,0.2812,0.0,0.0,0.0,0.0,0.0,0.0,0.0,0.45,0.0,0.0,0.0,0.0
690,8,WOLF,False,2,4,P1,VILLAGER,False,False,0,1,14,0,14,0.0,0.0,1.0,2,0,,0,0,8,0,0,0,6,0,,,0.0,,,,0.0,,0.4005,0.4203,-0.0198,0.4002,0.3831,0.0171,0.0,0.0,0.2812,0.0,0.0,0.0,0.0,0.0,0.0,0.3333,0.25,0.0,0.0,0.0,0.0
691,8,WOLF,False,2,4,P1,SEER,False,False,0,0,14,0,14,0.0,0.0,1.0,2,0,,0,0,8,0,0,0,6,0,,,0.0,,,,0.0,,0.4003,0.4204,-0.0201,0.4001,0.3831,0.017,0.0,0.0,0.2812,0.0,0.0,0.0,0.0,0.0,0.0,0.0,0.45,0.0,0.0,0.0,0.0
692,8,WOLF,False,2,4,P1,VILLAGER,False,False,0,1,14,0,14,0.0,0.0,1.0,2,0,,0,0,8,0,0,0,6,0,,,0.0,,,,0.0,,0.4003,0.4204,-0.0201,0.4001,0.3831,0.017,0.0,0.0,0.2812,0.0,0.0,0.0,0.0,0.0,0.0,0.0,0.45,0.0,0.0,0.0,0.0
693,8,WOLF,False,2,4,P1,VILLAGER,False,False,0,1,14,0,14,0.0,0.0,1.0,2,0,,0,0,8,0,0,0,6,0,,,0.0,,,,0.0,,0.417,0.4104,0.0066,0.3859,0.3916,-0.0057,0.0,0.0,0.2812,0.0,0.0,0.0,0.0,0.0,0.0,0.2083,0.325,0.0,0.0,0.0,0.0
694,8,WOLF,False,2,4,P1,VILLAGER,False,False,0,1,14,0,14,0.0,0.0,1.0,2,0,,0,0,8,0,0,0,6,0,,,0.0,,,,0.0,,0.417,0.4104,0.0066,0.3859,0.3917,-0.0058,0.0,0.0,0.2812,0.0,0.0,0.0,0.0,0.0,0.0,0.2083,0.325,0.0,0.0,0.0,0.0
695,8,WOLF,False,2,4,P1,VILLAGER,False,False,0,1,14,0,14,0.0,0.0,1.0,2,0,,0,0,8,0,0,0,6,0,,,0.0,,,,0.0,,0.417,0.4104,0.0066,0.3859,0.3917,-0.0058,0.0,0.0,0.2812,0.0,0.0,0.0,0.0,0.0,0.0,0.2083,0.325,0.0,0.0,0.0,0.0
696,8,WOLF,False,2,4,P1,VILLAGER,False,False,0,0,14,0,14,0.0,0.0,1.0,2,0,,0,0,8,0,0,0,6,0,,,0.0,,,,0.0,,0.4003,0.4204,-0.0201,0.4001,0.3832,0.0169,0.0,0.0,0.2812,0.0,0.0,0.0,0.0,0.0,0.0,0.0,0.45,0.0,0.0,0.0,0.0
697,8,WOLF,False,2,4,P1,VILLAGER,False,False,0,1,14,0,14,0.0,0.0,1.0,2,0,,0,0,8,0,0,0,6,0,,,0.0,,,,0.0,,0.4005,0.4203,-0.0198,0.4002,0.3831,0.0171,0.0,0.0,0.2812,0.0,0.0,0.0,0.0,0.0,0.0,0.3333,0.25,0.0,0.0,0.0,0.0
698,8,WOLF,False,2,4,P1,SEER,False,False,0,0,14,0,14,0.0,0.0,1.0,2,0,,0,0,8,0,0,0,6,0,,,0.0,,,,0.0,,0.4003,0.4204,-0.0201,0.4001,0.3832,0.0169,0.0,0.0,0.2812,0.0,0.0,0.0,0.0,0.0,0.0,0.0,0.45,0.0,0.0,0.0,0.0
699,8,WOLF,False,2,4,P1,VILLAGER,False,False,0,0,14,0,14,0.0,0.0,1.0,2,0,,0,0,8,0,0,0,6,0,,,0.0,,,,0.0,,0.4003,0.4204,-0.0201,0.4001,0.3832,0.0169,0.0,0.0,0.2812,0.0,0.0,0.0,0.0,0.0,0.0,0.0,0.45,0.0,0.0,0.0,0.0
700,8,WOLF,False,2,4,P1,VILLAGER,False,False,0,1,14,0,14,0.0,0.0,1.0,2,0,,0,0,8,0,0,0,6,0,,,0.0,,,,0.0,,0.417,0.4104,0.0066,0.3859,0.3917,-0.0058,0.0,0.0,0.2812,0.0,0.0,0.0,0.0,0.0,0.0,0.2083,0.325,0.0,0.0,0.0,0.0
701,8,WOLF,False,2,4,P1,POSSESSED,False,True,0,1,14,0,14,0.0,0.0,1.0,2,0,,0,0,8,0,0,0,6,0,,,0.0,,,,0.0,,0.417,0.4104,0.0066,0.3859,0.3917,-0.0058,0.0,0.0,0.2812,0.0,0.0,0.0,0.0,0.0,0.0,0.2083,0.325,0.0,0.0,0.0,0.0
702,8,WOLF,False,2,4,P1,VILLAGER,False,False,0,1,14,0,14,0.0,0.0,1.0,2,0,,0,0,8,0,0,0,6,0,,,0.0,,,,0.0,,0.4003,0.4204,-0.0201,0.4001,0.3832,0.0169,0.0,0.0,0.2812,0.0,0.0,0.0,0.0,0.0,0.0,0.0,0.45,0.0,0.0,0.0,0.0
703,8,WOLF,False,2,4,P1,SEER,False,False,0,1,14,0,14,0.0,0.0,1.0,2,0,,0,0,8,0,0,0,6,0,,,0.0,,,,0.0,,0.4005,0.4203,-0.0198,0.4002,0.3831,0.0171,0.0,0.0,0.2812,0.0,0.0,0.0,0.0,0.0,0.0,0.3333,0.25,0.0,0.0,0.0,0.0
704,8,WOLF,False,2,4,P1,VILLAGER,False,False,0,1,14,0,14,0.0,0.0,1.0,2,0,,0,0,8,0,0,0,6,0,,,0.0,,,,0.0,,0.4005,0.4203,-0.0198,0.4002,0.3831,0.0171,0.0,0.0,0.2812,0.0,0.0,0.0,0.0,0.0,0.0,0.3333,0.25,0.0,0.0,0.0,0.0
705,8,WOLF,False,2,4,P1,VILLAGER,False,False,0,0,14,0,14,0.0,0.0,1.0,2,0,,0,0,8,0,0,0,6,0,,,0.0,,,,0.0,,0.4003,0.4204,-0.0201,0.4001,0.3832,0.0169,0.0,0.0,0.2812,0.0,0.0,0.0,0.0,0.0,0.0,0.0,0.45,0.0,0.0,0.0,0.0
706,8,WOLF,False,2,4,P1,VILLAGER,False,False,0,1,14,0,14,0.0,0.0,1.0,2,0,,0,0,8,0,0,0,6,0,,,0.0,,,,0.0,,0.4005,0.4203,-0.0198,0.4002,0.3831,0.0171,0.0,0.0,0.2812,0.0,0.0,0.0,0.0,0.0,0.0,0.3333,0.25,0.0,0.0,0.0,0.0
707,8,WOLF,False,2,4,P1,VILLAGER,False,False,0,0,14,0,14,0.0,0.0,1.0,2,0,,0,0,8,0,0,0,6,0,,,0.0,,,,0.0,,0.4003,0.4204,-0.0201,0.4001,0.3832,0.0169,0.0,0.0,0.2812,0.0,0.0,0.0,0.0,0.0,0.0,0.0,0.45,0.0,0.0,0.0,0.0
708,8,WOLF,False,2,4,P1,VILLAGER,False,False,0,1,14,0,14,0.0,0.0,1.0,2,0,,0,0,8,0,0,0,6,0,,,0.0,,,,0.0,,0.4005,0.4203,-0.0198,0.4002,0.3831,0.0171,0.0,0.0,0.2812,0.0,0.0,0.0,0.0,0.0,0.0,0.3333,0.25,0.0,0.0,0.0,0.0
709,8,WOLF,False,2,4,P1,POSSESSED,False,True,0,1,14,0,14,0.0,0.0,1.0,2,0,,0,0,8,0,0,0,6,0,,,0.0,,,,0.0,,0.417,0.4104,0.0066,0.386,0.3917,-0.0057,0.0,0.0,0.2812,0.0,0.0,0.0,0.0,0.0,0.0,0.2083,0.325,0.0,0.0,0.0,0.0
710,8,WOLF,False,2,4,P1,SEER,False,False,0,1,14,0,14,0.0,0.0,1.0,2,0,,0,0,8,0,0,0,6,0,,,0.0,,,,0.0,,0.417,0.4104,0.0066,0.386,0.3917,-0.0057,0.0,0.0,0.2812,0.0,0.0,0.0,0.0,0.0,0.0,0.2083,0.325,0.0,0.0,0.0,0.0
711,8,WOLF,False,2,4,P1,VILLAGER,False,False,0,1,14,0,14,0.0,0.0,1.0,2,0,,0,0,8,0,0,0,6,0,,,0.0,,,,0.0,,0.4003,0.4204,-0.0201,0.4001,0.3832,0.0169,0.0,0.0,0.2812,0.0,0.0,0.0,0.0,0.0,0.0,0.0,0.45,0.0,0.0,0.0,0.0
712,8,WOLF,False,2,4,P1,SEER,False,False,0,0,14,0,14,0.0,0.0,1.0,2,0,,0,0,8,0,0,0,6,0,,,0.0,,,,0.0,,0.4003,0.4204,-0.0201,0.4001,0.3832,0.0169,0.0,0.0,0.2812,0.0,0.0,0.0,0.0,0.0,0.0,0.0,0.45,0.0,0.0,0.0,0.0
713,8,WOLF,False,2,4,P1,VILLAGER,False,False,0,0,14,0,14,0.0,0.0,1.0,2,0,,0,0,8,0,0,0,6,0,,,0.0,,,,0.0,,0.4003,0.4204,-0.0201,0.4001,0.3832,0.0169,0.0,0.0,0.2812,0.0,0.0,0.0,0.0,0.0,0.0,0.0,0.45,0.0,0.0,0.0,0.0
714,8,WOLF,False,2,4,P1,SEER,False,False,0,1,14,0,14,0.0,0.0,1.0,2,0,,0,0,8,0,0,0,6,0,,,0.0,,,,0.0,,0.4005,0.4203,-0.0198,0.4002,0.3831,0.0171,0.0,0.0,0.2812,0.0,0.0,0.0,0.0,0.0,0.0,0.3333,0.25,0.0,0.0,0.0,0.0
715,8,WOLF,False,2,4,P1,SEER,False,False,0,1,14,0,14,0.0,0.0,1.0,2,0,,0,0,8,0,0,0,6,0,,,0.0,,,,0.0,,0.417,0.4104,0.0066,0.386,0.3917,-0.0057,0.0,0.0,0.2812,0.0,0.0,0.0,0.0,0.0,0.0,0.2083,0.325,0.0,0.0,0.0,0.0
716,8,WOLF,False,2,4,P1,SEER,False,False,0,1,14,0,14,0.0,0.0,1.0,2,0,,0,0,8,0,0,0,6,0,,,0.0,,,,0.0,,0.4003,0.4204,-0.0201,0.4001,0.3832,0.0169,0.0,0.0,0.2812,0.0,0.0,0.0,0.0,0.0,0.0,0.0,0.45,0.0,0.0,0.0,0.0
717,8,WOLF,False,2,4,P1,VILLAGER,False,False,0,1,14,0,14,0.0,0.0,1.0,2,0,,0,0,8,0,0,0,6,0,,,0.0,,,,0.0,,0.4005,0.4203,-0.0198,0.4002,0.3831,0.0171,0.0,0.0,0.2812,0.0,0.0,0.0,0.0,0.0,0.0,0.3333,0.25,0.0,0.0,0.0,0.0
718,8,WOLF,False,2,4,P1,SEER,False,False,0,1,14,0,14,0.0,0.0,1.0,2,0,,0,0,8,0,0,0,6,0,,,0.0,,,,0.0,,0.417,0.4104,0.0066,0.386,0.3917,-0.0057,0.0,0.0,0.2812,0.0,0.0,0.0,0.0,0.0,0.0,0.2083,0.325,0.0,0.0,0.0,0.0
719,8,WOLF,False,2,4,P1,VILLAGER,False,False,0,1,14,0,14,0.0,0.0,1.0,2,0,,0,0,8,0,0,0,6,0,,,0.0,,,,0.0,,0.4003,0.4204,-0.0201,0.4001,0.3832,0.0169,0.0,0.0,0.2812,0.0,0.0,0.0,0.0,0.0,0.0,0.0,0.45,0.0,0.0,0.0,0.0
720,8,WOLF,False,2,4,P1,POSSESSED,False,True,0,1,14,0,14,0.0,0.0,1.0,2,0,,0,0,8,0,0,0,6,0,,,0.0,,,,0.0,,0.417,0.4104,0.0066,0.386,0.3917,-0.0057,0.0,0.0,0.2812,0.0,0.0,0.0,0.0,0.0,0.0,0.2083,0.325,0.0,0.0,0.0,0.0
721,8,WOLF,False,2,4,P1,POSSESSED,False,True,0,1,14,0,14,0.0,0.0,1.0,2,0,,0,0,8,0,0,0,6,0,,,0.0,,,,0.0,,0.417,0.4104,0.0066,0.386,0.3917,-0.0057,0.0,0.0,0.2812,0.0,0.0,0.0,0.0,0.0,0.0,0.2083,0.325,0.0,0.0,0.0,0.0
722,8,WOLF,False,2,4,P1,VILLAGER,False,False,0,1,14,0,14,0.0,0.0,1.0,2,0,,0,0,8,0,0,0,6,0,,,0.0,,,,0.0,,0.4003,0.4204,-0.0201,0.4001,0.3832,0.0169,0.0,0.0,0.2812,0.0,0.0,0.0,0.0,0.0,0.0,0.0,0.45,0.0,0.0,0.0,0.0
723,8,WOLF,False,2,4,P1,VILLAGER,False,False,0,1,14,0,14,0.0,0.0,1.0,2,0,,0,0,8,0,0,0,6,0,,,0.0,,,,0.0,,0.4005,0.4203,-0.0198,0.4002,0.3832,0.017,0.0,0.0,0.2812,0.0,0.0,0.0,0.0,0.0,0.0,0.3333,0.25,0.0,0.0,0.0,0.0
724,8,WOLF,False,2,4,P1,VILLAGER,False,False,0,1,14,0,14,0.0,0.0,1.0,2,0,,0,0,8,0,0,0,6,0,,,0.0,,,,0.0,,0.4003,0.4204,-0.0201,0.4001,0.3832,0.0169,0.0,0.0,0.2812,0.0,0.0,0.0,0.0,0.0,0.0,0.0,0.45,0.0,0.0,0.0,0.0
725,8,WOLF,False,2,4,P1,VILLAGER,False,False,0,0,14,0,14,0.0,0.0,1.0,2,0,,0,0,8,0,0,0,6,0,,,0.0,,,,0.0,,0.4003,0.4204,-0.0201,0.4001,0.3832,0.0169,0.0,0.0,0.2812,0.0,0.0,0.0,0.0,0.0,0.0,0.0,0.45,0.0,0.0,0.0,0.0
726,8,WOLF,False,2,4,P1,VILLAGER,False,False,0,0,14,0,14,0.0,0.0,1.0,2,0,,0,0,8,0,0,0,6,0,,,0.0,,,,0.0,,0.4003,0.4204,-0.0201,0.4001,0.3832,0.0169,0.0,0.0,0.2812,0.0,0.0,0.0,0.0,0.0,0.0,0.0,0.45,0.0,0.0,0.0,0.0
727,8,WOLF,False,2,4,P1,VILLAGER,False,False,0,1,14,0,14,0.0,0.0,1.0,2,0,,0,0,8,0,0,0,6,0,,,0.0,,,,0.0,,0.4003,0.4204,-0.0201,0.4001,0.3832,0.0169,0.0,0.0,0.2812,0.0,0.0,0.0,0.0,0.0,0.0,0.0,0.45,0.0,0.0,0.0,0.0
728,8,WOLF,False,2,4,P1,SEER,False,False,0,0,14,0,14,0.0,0.0,1.0,2,0,,0,0,8,0,0,0,6,0,,,0.0,,,,0.0,,0.4003,0.4204,-0.0201,0.4001,0.3832,0.0169,0.0,0.0,0.2812,0.0,0.0,0.0,0.0,0.0,0.0,0.0,0.45,0.0,0.0,0.0,0.0
729,8,WOLF,False,2,4,P1,SEER,False,False,0,1,14,0,14,0.0,0.0,1.0,2,0,,0,0,8,0,0,0,6,0,,,0.0,,,,0.0,,0.4005,0.4203,-0.0198,0.4002,0.3832,0.017,0.0,0.0,0.2812,0.0,0.0,0.0,0.0,0.0,0.0,0.3333,0.25,0.0,0.0,0.0,0.0
730,8,WOLF,False,2,4,P1,VILLAGER,False,False,0,1,14,0,14,0.0,0.0,1.0,2,0,,0,0,8,0,0,0,6,0,,,0.0,,,,0.0,,0.4003,0.4204,-0.0201,0.4001,0.3832,0.0169,0.0,0.0,0.2812,0.0,0.0,0.0,0.0,0.0,0.0,0.0,0.45,0.0,0.0,0.0,0.0
731,8,WOLF,False,2,4,P1,VILLAGER,False,False,0,1,14,0,14,0.0,0.0,1.0,2,0,,0,0,8,0,0,0,6,0,,,0.0,,,,0.0,,0.4005,0.4203,-0.0198,0.4002,0.3832,0.017,0.0,0.0,0.2812,0.0,0.0,0.0,0.0,0.0,0.0,0.3333,0.25,0.0,0.0,0.0,0.0
732,8,WOLF,False,2,4,P1,VILLAGER,False,False,0,1,14,0,14,0.0,0.0,1.0,2,0,,0,0,8,0,0,0,6,0,,,0.0,,,,0.0,,0.4003,0.4204,-0.0201,0.4001,0.3832,0.0169,0.0,0.0,0.2812,0.0,0.0,0.0,0.0,0.0,0.0,0.0,0.45,0.0,0.0,0.0,0.0
733,8,WOLF,False,2,4,P1,VILLAGER,False,False,0,1,14,0,14,0.0,0.0,1.0,2,0,,0,0,8,0,0,0,6,0,,,0.0,,,,0.0,,0.4003,0.4204,-0.0201,0.4001,0.3832,0.0169,0.0,0.0,0.2812,0.0,0.0,0.0,0.0,0.0,0.0,0.0,0.45,0.0,0.0,0.0,0.0
734,8,WOLF,False,2,4,P1,VILLAGER,False,False,0,0,14,0,14,0.0,0.0,1.0,2,0,,0,0,8,0,0,0,6,0,,,0.0,,,,0.0,,0.4003,0.4204,-0.0201,0.4001,0.3832,0.0169,0.0,0.0,0.2812,0.0,0.0,0.0,0.0,0.0,0.0,0.0,0.45,0.0,0.0,0.0,0.0
735,8,WOLF,False,2,4,P1,SEER,False,False,0,1,14,0,14,0.0,0.0,1.0,2,0,,0,0,8,0,0,0,6,0,,,0.0,,,,0.0,,0.417,0.4104,0.0066,0.386,0.3917,-0.0057,0.0,0.0,0.2812,0.0,0.0,0.0,0.0,0.0,0.0,0.2083,0.325,0.0,0.0,0.0,0.0
736,8,WOLF,False,2,4,P1,SEER,False,False,0,0,14,0,14,0.0,0.0,1.0,2,0,,0,0,8,0,0,0,6,0,,,0.0,,,,0.0,,0.4003,0.4204,-0.0201,0.4001,0.3833,0.0168,0.0,0.0,0.2812,0.0,0.0,0.0,0.0,0.0,0.0,0.0,0.45,0.0,0.0,0.0,0.0
737,8,WOLF,False,2,4,P1,VILLAGER,False,False,0,0,14,0,14,0.0,0.0,1.0,2,0,,0,0,8,0,0,0,6,0,,,0.0,,,,0.0,,0.4003,0.4204,-0.0201,0.4001,0.3833,0.0168,0.0,0.0,0.2812,0.0,0.0,0.0,0.0,0.0,0.0,0.0,0.45,0.0,0.0,0.0,0.0
738,8,WOLF,False,2,4,P1,VILLAGER,False,False,0,0,14,0,14,0.0,0.0,1.0,2,0,,0,0,8,0,0,0,6,0,,,0.0,,,,0.0,,0.4003,0.4204,-0.0201,0.4001,0.3833,0.0168,0.0,0.0,0.2812,0.0,0.0,0.0,0.0,0.0,0.0,0.0,0.45,0.0,0.0,0.0,0.0
739,8,WOLF,False,2,4,P1,SEER,False,False,0,0,14,0,14,0.0,0.0,1.0,2,0,,0,0,8,0,0,0,6,0,,,0.0,,,,0.0,,0.4003,0.4204,-0.0201,0.4001,0.3833,0.0168,0.0,0.0,0.2812,0.0,0.0,0.0,0.0,0.0,0.0,0.0,0.45,0.0,0.0,0.0,0.0
740,8,WOLF,False,2,4,P1,SEER,False,False,0,1,14,0,14,0.0,0.0,1.0,2,0,,0,0,8,0,0,0,6,0,,,0.0,,,,0.0,,0.4005,0.4203,-0.0198,0.4002,0.3832,0.017,0.0,0.0,0.2812,0.0,0.0,0.0,0.0,0.0,0.0,0.3333,0.25,0.0,0.0,0.0,0.0
741,8,WOLF,False,2,4,P1,VILLAGER,False,False,0,0,14,0,14,0.0,0.0,1.0,2,0,,0,0,8,0,0,0,6,0,,,0.0,,,,0.0,,0.4003,0.4204,-0.0201,0.4001,0.3833,0.0168,0.0,0.0,0.2812,0.0,0.0,0.0,0.0,0.0,0.0,0.0,0.45,0.0,0.0,0.0,0.0
742,8,WOLF,False,2,4,P1,VILLAGER,False,False,0,1,14,0,14,0.0,0.0,1.0,2,0,,0,0,8,0,0,0,6,0,,,0.0,,,,0.0,,0.417,0.4104,0.0066,0.386,0.3917,-0.0057,0.0,0.0,0.2812,0.0,0.0,0.0,0.0,0.0,0.0,0.2083,0.325,0.0,0.0,0.0,0.0
743,8,WOLF,False,2,4,P1,VILLAGER,False,False,0,0,14,0,14,0.0,0.0,1.0,2,0,,0,0,8,0,0,0,6,0,,,0.0,,,,0.0,,0.4003,0.4204,-0.0201,0.4001,0.3833,0.0168,0.0,0.0,0.2812,0.0,0.0,0.0,0.0,0.0,0.0,0.0,0.45,0.0,0.0,0.0,0.0
744,8,WOLF,False,2,4,P1,VILLAGER,False,False,0,0,14,0,14,0.0,0.0,1.0,2,0,,0,0,8,0,0,0,6,0,,,0.0,,,,0.0,,0.4003,0.4204,-0.0201,0.4001,0.3833,0.0168,0.0,0.0,0.2812,0.0,0.0,0.0,0.0,0.0,0.0,0.0,0.45,0.0,0.0,0.0,0.0
745,8,WOLF,False,2,4,P1,VILLAGER,False,False,0,1,14,0,14,0.0,0.0,1.0,2,0,,0,0,8,0,0,0,6,0,,,0.0,,,,0.0,,0.4003,0.4204,-0.0201,0.4001,0.3833,0.0168,0.0,0.0,0.2812,0.0,0.0,0.0,0.0,0.0,0.0,0.0,0.45,0.0,0.0,0.0,0.0
746,8,WOLF,False,2,4,P1,VILLAGER,False,False,0,1,14,0,14,0.0,0.0,1.0,2,0,,0,0,8,0,0,0,6,0,,,0.0,,,,0.0,,0.4003,0.4204,-0.0201,0.4001,0.3833,0.0168,0.0,0.0,0.2812,0.0,0.0,0.0,0.0,0.0,0.0,0.0,0.45,0.0,0.0,0.0,0.0
747,8,WOLF,False,2,4,P1,VILLAGER,False,False,0,1,14,0,14,0.0,0.0,1.0,2,0,,0,0,8,0,0,0,6,0,,,0.0,,,,0.0,,0.4005,0.4203,-0.0198,0.4002,0.3832,0.017,0.0,0.0,0.2812,0.0,0.0,0.0,0.0,0.0,0.0,0.3333,0.25,0.0,0.0,0.0,0.0
748,8,WOLF,False,2,4,P1,VILLAGER,False,False,0,1,14,0,14,0.0,0.0,1.0,2,0,,0,0,8,0,0,0,6,0,,,0.0,,,,0.0,,0.417,0.4104,0.0066,0.3861,0.3917,-0.0056,0.0,0.0,0.2812,0.0,0.0,0.0,0.0,0.0,0.0,0.2083,0.325,0.0,0.0,0.0,0.0
749,8,WOLF,False,2,4,P1,SEER,False,False,0,0,14,0,14,0.0,0.0,1.0,2,0,,0,0,8,0,0,0,6,0,,,0.0,,,,0.0,,0.4003,0.4204,-0.0201,0.4001,0.3833,0.0168,0.0,0.0,0.2812,0.0,0.0,0.0,0.0,0.0,0.0,0.0,0.45,0.0,0.0,0.0,0.0
750,8,WOLF,False,2,4,P1,VILLAGER,False,False,0,1,14,0,14,0.0,0.0,1.0,2,0,,0,0,8,0,0,0,6,0,,,0.0,,,,0.0,,0.417,0.4104,0.0066,0.3861,0.3917,-0.0056,0.0,0.0,0.2812,0.0,0.0,0.0,0.0,0.0,0.0,0.2083,0.325,0.0,0.0,0.0,0.0
751,8,WOLF,False,2,4,P1,SEER,False,False,0,0,14,0,14,0.0,0.0,1.0,2,0,,0,0,8,0,0,0,6,0,,,0.0,,,,0.0,,0.4003,0.4204,-0.0201,0.4001,0.3833,0.0168,0.0,0.0,0.2812,0.0,0.0,0.0,0.0,0.0,0.0,0.0,0.45,0.0,0.0,0.0,0.0
752,8,WOLF,False,2,4,P1,SEER,False,False,0,0,14,0,14,0.0,0.0,1.0,2,0,,0,0,8,0,0,0,6,0,,,0.0,,,,0.0,,0.4003,0.4204,-0.0201,0.4001,0.3833,0.0168,0.0,0.0,0.2812,0.0,0.0,0.0,0.0,0.0,0.0,0.0,0.45,0.0,0.0,0.0,0.0
753,8,WOLF,False,2,4,P1,POSSESSED,False,True,0,1,14,0,14,0.0,0.0,1.0,2,0,,0,0,8,0,0,0,6,0,,,0.0,,,,0.0,,0.417,0.4104,0.0066,0.3861,0.3917,-0.0056,0.0,0.0,0.2812,0.0,0.0,0.0,0.0,0.0,0.0,0.2083,0.325,0.0,0.0,0.0,0.0
754,8,WOLF,False,2,4,P1,VILLAGER,False,False,0,0,14,0,14,0.0,0.0,1.0,2,0,,0,0,8,0,0,0,6,0,,,0.0,,,,0.0,,0.4003,0.4204,-0.0201,0.4001,0.3833,0.0168,0.0,0.0,0.2812,0.0,0.0,0.0,0.0,0.0,0.0,0.0,0.45,0.0,0.0,0.0,0.0
755,8,WOLF,False,2,4,P1,SEER,False,False,0,1,14,0,14,0.0,0.0,1.0,2,0,,0,0,8,0,0,0,6,0,,,0.0,,,,0.0,,0.417,0.4104,0.0066,0.3861,0.3917,-0.0056,0.0,0.0,0.2812,0.0,0.0,0.0,0.0,0.0,0.0,0.2083,0.325,0.0,0.0,0.0,0.0
756,8,WOLF,False,2,4,P1,VILLAGER,False,False,0,1,14,0,14,0.0,0.0,1.0,2,0,,0,0,8,0,0,0,6,0,,,0.0,,,,0.0,,0.417,0.4104,0.0066,0.3861,0.3917,-0.0056,0.0,0.0,0.2812,0.0,0.0,0.0,0.0,0.0,0.0,0.2083,0.325,0.0,0.0,0.0,0.0
757,8,WOLF,False,2,4,P1,VILLAGER,False,False,0,1,14,0,14,0.0,0.0,1.0,2,0,,0,0,8,0,0,0,6,0,,,0.0,,,,0.0,,0.4003,0.4204,-0.0201,0.4001,0.3833,0.0168,0.0,0.0,0.2812,0.0,0.0,0.0,0.0,0.0,0.0,0.0,0.45,0.0,0.0,0.0,0.0
758,8,WOLF,False,2,4,P1,POSSESSED,False,True,0,1,14,0,14,0.0,0.0,1.0,2,0,,0,0,8,0,0,0,6,0,,,0.0,,,,0.0,,0.417,0.4104,0.0066,0.3861,0.3918,-0.0057,0.0,0.0,0.2812,0.0,0.0,0.0,0.0,0.0,0.0,0.2083,0.325,0.0,0.0,0.0,0.0
759,8,WOLF,False,2,4,P1,VILLAGER,False,False,0,1,14,0,14,0.0,0.0,1.0,2,0,,0,0,8,0,0,0,6,0,,,0.0,,,,0.0,,0.4003,0.4204,-0.0201,0.4001,0.3834,0.0167,0.0,0.0,0.2812,0.0,0.0,0.0,0.0,0.0,0.0,0.0,0.45,0.0,0.0,0.0,0.0
760,8,WOLF,False,2,4,P1,SEER,False,False,0,0,14,0,14,0.0,0.0,1.0,2,0,,0,0,8,0,0,0,6,0,,,0.0,,,,0.0,,0.4003,0.4204,-0.0201,0.4001,0.3834,0.0167,0.0,0.0,0.2812,0.0,0.0,0.0,0.0,0.0,0.0,0.0,0.45,0.0,0.0,0.0,0.0
761,8,WOLF,False,2,4,P1,POSSESSED,False,True,0,1,14,0,14,0.0,0.0,1.0,2,0,,0,0,8,0,0,0,6,0,,,0.0,,,,0.0,,0.417,0.4104,0.0066,0.3861,0.3918,-0.0057,0.0,0.0,0.2812,0.0,0.0,0.0,0.0,0.0,0.0,0.2083,0.325,0.0,0.0,0.0,0.0
762,8,WOLF,False,2,4,P1,VILLAGER,False,False,0,0,14,0,14,0.0,0.0,1.0,2,0,,0,0,8,0,0,0,6,0,,,0.0,,,,0.0,,0.4003,0.4204,-0.0201,0.4001,0.3834,0.0167,0.0,0.0,0.2812,0.0,0.0,0.0,0.0,0.0,0.0,0.0,0.45,0.0,0.0,0.0,0.0
763,8,WOLF,False,2,4,P1,VILLAGER,False,False,0,1,14,0,14,0.0,0.0,1.0,2,0,,0,0,8,0,0,0,6,0,,,0.0,,,,0.0,,0.417,0.4104,0.0066,0.3861,0.3918,-0.0057,0.0,0.0,0.2812,0.0,0.0,0.0,0.0,0.0,0.0,0.2083,0.325,0.0,0.0,0.0,0.0
764,8,WOLF,False,2,4,P1,VILLAGER,False,False,0,1,14,0,14,0.0,0.0,1.0,2,0,,0,0,8,0,0,0,6,0,,,0.0,,,,0.0,,0.4005,0.4203,-0.0198,0.4002,0.3833,0.0169,0.0,0.0,0.2812,0.0,0.0,0.0,0.0,0.0,0.0,0.3333,0.25,0.0,0.0,0.0,0.0
765,8,WOLF,False,2,4,P1,VILLAGER,False,False,0,1,14,0,14,0.0,0.0,1.0,2,0,,0,0,8,0,0,0,6,0,,,0.0,,,,0.0,,0.4005,0.4203,-0.0198,0.4002,0.3833,0.0169,0.0,0.0,0.2812,0.0,0.0,0.0,0.0,0.0,0.0,0.3333,0.25,0.0,0.0,0.0,0.0
766,8,WOLF,False,2,4,P1,POSSESSED,False,True,0,1,14,0,14,0.0,0.0,1.0,2,0,,0,0,8,0,0,0,6,0,,,0.0,,,,0.0,,0.417,0.4104,0.0066,0.3861,0.3918,-0.0057,0.0,0.0,0.2812,0.0,0.0,0.0,0.0,0.0,0.0,0.2083,0.325,0.0,0.0,0.0,0.0
767,8,WOLF,False,2,4,P1,VILLAGER,False,False,0,0,14,0,14,0.0,0.0,1.0,2,0,,0,0,8,0,0,0,6,0,,,0.0,,,,0.0,,0.4003,0.4204,-0.0201,0.4001,0.3834,0.0167,0.0,0.0,0.2812,0.0,0.0,0.0,0.0,0.0,0.0,0.0,0.45,0.0,0.0,0.0,0.0
768,8,WOLF,False,2,4,P1,POSSESSED,False,True,0,1,14,0,14,0.0,0.0,1.0,2,0,,0,0,8,0,0,0,6,0,,,0.0,,,,0.0,,0.417,0.4104,0.0066,0.3861,0.3918,-0.0057,0.0,0.0,0.2812,0.0,0.0,0.0,0.0,0.0,0.0,0.2083,0.325,0.0,0.0,0.0,0.0
769,8,WOLF,False,2,4,P1,VILLAGER,False,False,0,0,14,0,14,0.0,0.0,1.0,2,0,,0,0,8,0,0,0,6,0,,,0.0,,,,0.0,,0.4003,0.4204,-0.0201,0.4001,0.3834,0.0167,0.0,0.0,0.2812,0.0,0.0,0.0,0.0,0.0,0.0,0.0,0.45,0.0,0.0,0.0,0.0
770,8,WOLF,False,2,4,P1,SEER,False,False,0,1,14,0,14,0.0,0.0,1.0,2,0,,0,0,8,0,0,0,6,0,,,0.0,,,,0.0,,0.4003,0.4204,-0.0201,0.4001,0.3834,0.0167,0.0,0.0,0.2812,0.0,0.0,0.0,0.0,0.0,0.0,0.0,0.45,0.0,0.0,0.0,0.0
771,8,WOLF,False,2,4,P1,VILLAGER,False,False,0,1,14,0,14,0.0,0.0,1.0,2,0,,0,0,8,0,0,0,6,0,,,0.0,,,,0.0,,0.4003,0.4204,-0.0201,0.4001,0.3834,0.0167,0.0,0.0,0.2812,0.0,0.0,0.0,0.0,0.0,0.0,0.0,0.45,0.0,0.0,0.0,0.0
772,8,WOLF,False,2,4,P1,POSSESSED,False,True,0,1,14,0,14,0.0,0.0,1.0,2,0,,0,0,8,0,0,0,6,0,,,0.0,,,,0.0,,0.417,0.4104,0.0066,0.3861,0.3918,-0.0057,0.0,0.0,0.2812,0.0,0.0,0.0,0.0,0.0,0.0,0.2083,0.325,0.0,0.0,0.0,0.0
773,8,WOLF,False,2,4,P1,VILLAGER,False,False,0,1,14,0,14,0.0,0.0,1.0,2,0,,0,0,8,0,0,0,6,0,,,0.0,,,,0.0,,0.417,0.4104,0.0066,0.3861,0.3918,-0.0057,0.0,0.0,0.2812,0.0,0.0,0.0,0.0,0.0,0.0,0.2083,0.325,0.0,0.0,0.0,0.0
774,8,WOLF,False,2,4,P1,VILLAGER,False,False,0,0,14,0,14,0.0,0.0,1.0,2,0,,0,0,8,0,0,0,6,0,,,0.0,,,,0.0,,0.4003,0.4204,-0.0201,0.4001,0.3834,0.0167,0.0,0.0,0.2812,0.0,0.0,0.0,0.0,0.0,0.0,0.0,0.45,0.0,0.0,0.0,0.0
775,8,WOLF,False,2,4,P1,VILLAGER,False,False,0,0,14,0,14,0.0,0.0,1.0,2,0,,0,0,8,0,0,0,6,0,,,0.0,,,,0.0,,0.4003,0.4204,-0.0201,0.4001,0.3834,0.0167,0.0,0.0,0.2812,0.0,0.0,0.0,0.0,0.0,0.0,0.0,0.45,0.0,0.0,0.0,0.0
776,8,WOLF,False,2,4,P1,VILLAGER,False,False,0,0,14,0,14,0.0,0.0,1.0,2,0,,0,0,8,0,0,0,6,0,,,0.0,,,,0.0,,0.4003,0.4204,-0.0201,0.4001,0.3834,0.0167,0.0,0.0,0.2812,0.0,0.0,0.0,0.0,0.0,0.0,0.0,0.45,0.0,0.0,0.0,0.0
777,8,WOLF,False,2,4,P1,SEER,False,False,0,0,14,0,14,0.0,0.0,1.0,2,0,,0,0,8,0,0,0,6,0,,,0.0,,,,0.0,,0.4003,0.4204,-0.0201,0.4001,0.3834,0.0167,0.0,0.0,0.2812,0.0,0.0,0.0,0.0,0.0,0.0,0.0,0.45,0.0,0.0,0.0,0.0
778,8,WOLF,False,2,4,P1,VILLAGER,False,False,0,1,14,0,14,0.0,0.0,1.0,2,0,,0,0,8,0,0,0,6,0,,,0.0,,,,0.0,,0.4003,0.4204,-0.0201,0.4001,0.3834,0.0167,0.0,0.0,0.2812,0.0,0.0,0.0,0.0,0.0,0.0,0.0,0.45,0.0,0.0,0.0,0.0
779,8,WOLF,False,2,4,P1,VILLAGER,False,False,0,1,14,0,14,0.0,0.0,1.0,2,0,,0,0,8,0,0,0,6,0,,,0.0,,,,0.0,,0.4005,0.4203,-0.0198,0.4002,0.3833,0.0169,0.0,0.0,0.2812,0.0,0.0,0.0,0.0,0.0,0.0,0.3333,0.25,0.0,0.0,0.0,0.0
780,8,WOLF,False,2,4,P1,VILLAGER,False,False,0,0,14,0,14,0.0,0.0,1.0,2,0,,0,0,8,0,0,0,6,0,,,0.0,,,,0.0,,0.4003,0.4204,-0.0201,0.4001,0.3834,0.0167,0.0,0.0,0.2812,0.0,0.0,0.0,0.0,0.0,0.0,0.0,0.45,0.0,0.0,0.0,0.0
781,8,WOLF,False,2,4,P1,POSSESSED,False,True,0,1,14,0,14,0.0,0.0,1.0,2,0,,0,0,8,0,0,0,6,0,,,0.0,,,,0.0,,0.417,0.4104,0.0066,0.3862,0.3918,-0.0056,0.0,0.0,0.2812,0.0,0.0,0.0,0.0,0.0,0.0,0.2083,0.325,0.0,0.0,0.0,0.0
782,8,WOLF,False,2,4,P1,POSSESSED,False,True,0,1,14,0,14,0.0,0.0,1.0,2,0,,0,0,8,0,0,0,6,0,,,0.0,,,,0.0,,0.417,0.4104,0.0066,0.3862,0.3918,-0.0056,0.0,0.0,0.2812,0.0,0.0,0.0,0.0,0.0,0.0,0.2083,0.325,0.0,0.0,0.0,0.0
783,8,WOLF,False,2,4,P1,VILLAGER,False,False,0,0,14,0,14,0.0,0.0,1.0,2,0,,0,0,8,0,0,0,6,0,,,0.0,,,,0.0,,0.4003,0.4204,-0.0201,0.4001,0.3834,0.0167,0.0,0.0,0.2812,0.0,0.0,0.0,0.0,0.0,0.0,0.0,0.45,0.0,0.0,0.0,0.0
784,8,WOLF,False,2,4,P1,POSSESSED,False,True,0,1,14,0,14,0.0,0.0,1.0,2,0,,0,0,8,0,0,0,6,0,,,0.0,,,,0.0,,0.417,0.4104,0.0066,0.3862,0.3918,-0.0056,0.0,0.0,0.2812,0.0,0.0,0.0,0.0,0.0,0.0,0.2083,0.325,0.0,0.0,0.0,0.0
785,8,WOLF,False,2,4,P1,POSSESSED,False,True,0,1,14,0,14,0.0,0.0,1.0,2,0,,0,0,8,0,0,0,6,0,,,0.0,,,,0.0,,0.417,0.4104,0.0066,0.3862,0.3918,-0.0056,0.0,0.0,0.2812,0.0,0.0,0.0,0.0,0.0,0.0,0.2083,0.325,0.0,0.0,0.0,0.0
786,8,WOLF,False,2,4,P1,VILLAGER,False,False,0,0,14,0,14,0.0,0.0,1.0,2,0,,0,0,8,0,0,0,6,0,,,0.0,,,,0.0,,0.4003,0.4204,-0.0201,0.4001,0.3834,0.0167,0.0,0.0,0.2812,0.0,0.0,0.0,0.0,0.0,0.0,0.0,0.45,0.0,0.0,0.0,0.0
787,8,WOLF,False,2,4,P1,SEER,False,False,0,1,14,0,14,0.0,0.0,1.0,2,0,,0,0,8,0,0,0,6,0,,,0.0,,,,0.0,,0.417,0.4104,0.0066,0.3862,0.3918,-0.0056,0.0,0.0,0.2812,0.0,0.0,0.0,0.0,0.0,0.0,0.2083,0.325,0.0,0.0,0.0,0.0
788,8,WOLF,False,2,4,P1,VILLAGER,False,False,0,1,14,0,14,0.0,0.0,1.0,2,0,,0,0,8,0,0,0,6,0,,,0.0,,,,0.0,,0.4005,0.4203,-0.0198,0.4002,0.3834,0.0168,0.0,0.0,0.2812,0.0,0.0,0.0,0.0,0.0,0.0,0.3333,0.25,0.0,0.0,0.0,0.0
789,8,WOLF,False,2,4,P1,SEER,False,False,0,1,14,0,14,0.0,0.0,1.0,2,0,,0,0,8,0,0,0,6,0,,,0.0,,,,0.0,,0.4003,0.4204,-0.0201,0.4001,0.3835,0.0166,0.0,0.0,0.2812,0.0,0.0,0.0,0.0,0.0,0.0,0.0,0.45,0.0,0.0,0.0,0.0
790,8,WOLF,False,2,4,P1,VILLAGER,False,False,0,1,14,0,14,0.0,0.0,1.0,2,0,,0,0,8,0,0,0,6,0,,,0.0,,,,0.0,,0.4005,0.4203,-0.0198,0.4002,0.3834,0.0168,0.0,0.0,0.2812,0.0,0.0,0.0,0.0,0.0,0.0,0.3333,0.25,0.0,0.0,0.0,0.0
791,8,WOLF,False,2,4,P1,VILLAGER,False,False,0,1,14,0,14,0.0,0.0,1.0,2,0,,0,0,8,0,0,0,6,0,,,0.0,,,,0.0,,0.4003,0.4204,-0.0201,0.4001,0.3835,0.0166,0.0,0.0,0.2812,0.0,0.0,0.0,0.0,0.0,0.0,0.0,0.45,0.0,0.0,0.0,0.0
792,8,WOLF,False,2,4,P1,VILLAGER,False,False,0,0,14,0,14,0.0,0.0,1.0,2,0,,0,0,8,0,0,0,6,0,,,0.0,,,,0.0,,0.4003,0.4204,-0.0201,0.4001,0.3835,0.0166,0.0,0.0,0.2812,0.0,0.0,0.0,0.0,0.0,0.0,0.0,0.45,0.0,0.0,0.0,0.0
793,8,WOLF,False,2,4,P1,POSSESSED,False,True,0,1,14,0,14,0.0,0.0,1.0,2,0,,0,0,8,0,0,0,6,0,,,0.0,,,,0.0,,0.417,0.4104,0.0066,0.3862,0.3918,-0.0056,0.0,0.0,0.2812,0.0,0.0,0.0,0.0,0.0,0.0,0.2083,0.325,0.0,0.0,0.0,0.0
794,8,WOLF,False,2,4,P1,SEER,False,False,0,1,14,0,14,0.0,0.0,1.0,2,0,,0,0,8,0,0,0,6,0,,,0.0,,,,0.0,,0.417,0.4104,0.0066,0.3862,0.3918,-0.0056,0.0,0.0,0.2812,0.0,0.0,0.0,0.0,0.0,0.0,0.2083,0.325,0.0,0.0,0.0,0.0
795,8,WOLF,False,2,4,P1,POSSESSED,False,True,0,1,14,0,14,0.0,0.0,1.0,2,0,,0,0,8,0,0,0,6,0,,,0.0,,,,0.0,,0.417,0.4104,0.0066,0.3862,0.3918,-0.0056,0.0,0.0,0.2812,0.0,0.0,0.0,0.0,0.0,0.0,0.2083,0.325,0.0,0.0,0.0,0.0
796,8,WOLF,False,2,4,P1,POSSESSED,False,True,0,1,14,0,14,0.0,0.0,1.0,2,0,,0,0,8,0,0,0,6,0,,,0.0,,,,0.0,,0.417,0.4104,0.0066,0.3862,0.3918,-0.0056,0.0,0.0,0.2812,0.0,0.0,0.0,0.0,0.0,0.0,0.2083,0.325,0.0,0.0,0.0,0.0
797,8,WOLF,False,2,4,P1,SEER,False,False,0,1,14,0,14,0.0,0.0,1.0,2,0,,0,0,8,0,0,0,6,0,,,0.0,,,,0.0,,0.4005,0.4203,-0.0198,0.4002,0.3834,0.0168,0.0,0.0,0.2812,0.0,0.0,0.0,0.0,0.0,0.0,0.3333,0.25,0.0,0.0,0.0,0.0
798,8,WOLF,False,2,4,P1,VILLAGER,False,False,0,1,14,0,14,0.0,0.0,1.0,2,0,,0,0,8,0,0,0,6,0,,,0.0,,,,0.0,,0.4005,0.4203,-0.0198,0.4002,0.3834,0.0168,0.0,0.0,0.2812,0.0,0.0,0.0,0.0,0.0,0.0,0.3333,0.25,0.0,0.0,0.0,0.0
799,8,WOLF,False,2,4,P1,VILLAGER,False,False,0,1,14,0,14,0.0,0.0,1.0,2,0,,0,0,8,0,0,0,6,0,,,0.0,,,,0.0,,0.417,0.4104,0.0066,0.3862,0.3918,-0.0056,0.0,0.0,0.2812,0.0,0.0,0.0,0.0,0.0,0.0,0.2083,0.325,0.0,0.0,0.0,0.0
800,8,WOLF,False,2,4,P1,VILLAGER,False,False,0,1,14,0,14,0.0,0.0,1.0,2,0,,0,0,8,0,0,0,6,0,,,0.0,,,,0.0,,0.4003,0.4204,-0.0201,0.4001,0.3835,0.0166,0.0,0.0,0.2812,0.0,0.0,0.0,0.0,0.0,0.0,0.0,0.45,0.0,0.0,0.0,0.0
801,8,WOLF,False,2,4,P1,SEER,False,False,0,1,14,0,14,0.0,0.0,1.0,2,0,,0,0,8,0,0,0,6,0,,,0.0,,,,0.0,,0.4005,0.4203,-0.0198,0.4002,0.3834,0.0168,0.0,0.0,0.2812,0.0,0.0,0.0,0.0,0.0,0.0,0.3333,0.25,0.0,0.0,0.0,0.0
802,8,WOLF,False,2,4,P1,VILLAGER,False,False,0,1,14,0,14,0.0,0.0,1.0,2,0,,0,0,8,0,0,0,6,0,,,0.0,,,,0.0,,0.4003,0.4204,-0.0201,0.4001,0.3835,0.0166,0.0,0.0,0.2812,0.0,0.0,0.0,0.0,0.0,0.0,0.0,0.45,0.0,0.0,0.0,0.0
803,8,WOLF,False,2,4,P1,POSSESSED,False,True,0,1,14,0,14,0.0,0.0,1.0,2,0,,0,0,8,0,0,0,6,0,,,0.0,,,,0.0,,0.417,0.4104,0.0066,0.3862,0.3918,-0.0056,0.0,0.0,0.2812,0.0,0.0,0.0,0.0,0.0,0.0,0.2083,0.325,0.0,0.0,0.0,0.0
804,8,WOLF,False,2,4,P1,POSSESSED,False,True,0,1,14,0,14,0.0,0.0,1.0,2,0,,0,0,8,0,0,0,6,0,,,0.0,,,,0.0,,0.417,0.4104,0.0066,0.3862,0.3918,-0.0056,0.0,0.0,0.2812,0.0,0.0,0.0,0.0,0.0,0.0,0.2083,0.325,0.0,0.0,0.0,0.0
805,8,WOLF,False,2,4,P1,VILLAGER,False,False,0,0,14,0,14,0.0,0.0,1.0,2,0,,0,0,8,0,0,0,6,0,,,0.0,,,,0.0,,0.4003,0.4204,-0.0201,0.4001,0.3835,0.0166,0.0,0.0,0.2812,0.0,0.0,0.0,0.0,0.0,0.0,0.0,0.45,0.0,0.0,0.0,0.0
806,8,WOLF,False,2,4,P1,VILLAGER,False,False,0,1,14,0,14,0.0,0.0,1.0,2,0,,0,0,8,0,0,0,6,0,,,0.0,,,,0.0,,0.417,0.4104,0.0066,0.3862,0.3918,-0.0056,0.0,0.0,0.2812,0.0,0.0,0.0,0.0,0.0,0.0,0.2083,0.325,0.0,0.0,0.0,0.0
807,8,WOLF,False,2,4,P1,SEER,False,False,0,1,14,0,14,0.0,0.0,1.0,2,0,,0,0,8,0,0,0,6,0,,,0.0,,,,0.0,,0.4005,0.4203,-0.0198,0.4002,0.3835,0.0167,0.0,0.0,0.2812,0.0,0.0,0.0,0.0,0.0,0.0,0.3333,0.25,0.0,0.0,0.0,0.0
808,8,WOLF,False,2,4,P1,VILLAGER,False,False,0,1,14,0,14,0.0,0.0,1.0,2,0,,0,0,8,0,0,0,6,0,,,0.0,,,,0.0,,0.4005,0.4203,-0.0198,0.4002,0.3835,0.0167,0.0,0.0,0.2812,0.0,0.0,0.0,0.0,0.0,0.0,0.3333,0.25,0.0,0.0,0.0,0.0
809,8,WOLF,False,2,4,P1,SEER,False,False,0,1,14,0,14,0.0,0.0,1.0,2,0,,0,0,8,0,0,0,6,0,,,0.0,,,,0.0,,0.4005,0.4203,-0.0198,0.4002,0.3835,0.0167,0.0,0.0,0.2812,0.0,0.0,0.0,0.0,0.0,0.0,0.3333,0.25,0.0,0.0,0.0,0.0
810,8,WOLF,False,2,4,P1,SEER,False,False,0,1,14,0,14,0.0,0.0,1.0,2,0,,0,0,8,0,0,0,6,0,,,0.0,,,,0.0,,0.417,0.4104,0.0066,0.3862,0.3918,-0.0056,0.0,0.0,0.2812,0.0,0.0,0.0,0.0,0.0,0.0,0.2083,0.325,0.0,0.0,0.0,0.0
811,8,WOLF,False,2,4,P1,VILLAGER,False,False,0,0,14,0,14,0.0,0.0,1.0,2,0,,0,0,8,0,0,0,6,0,,,0.0,,,,0.0,,0.4003,0.4204,-0.0201,0.4001,0.3835,0.0166,0.0,0.0,0.2812,0.0,0.0,0.0,0.0,0.0,0.0,0.0,0.45,0.0,0.0,0.0,0.0
812,8,WOLF,False,2,4,P1,POSSESSED,False,True,0,1,14,0,14,0.0,0.0,1.0,2,0,,0,0,8,0,0,0,6,0,,,0.0,,,,0.0,,0.417,0.4104,0.0066,0.3862,0.3918,-0.0056,0.0,0.0,0.2812,0.0,0.0,0.0,0.0,0.0,0.0,0.2083,0.325,0.0,0.0,0.0,0.0
813,8,WOLF,False,2,4,P1,VILLAGER,False,False,0,0,14,0,14,0.0,0.0,1.0,2,0,,0,0,8,0,0,0,6,0,,,0.0,,,,0.0,,0.4003,0.4204,-0.0201,0.4001,0.3836,0.0165,0.0,0.0,0.2812,0.0,0.0,0.0,0.0,0.0,0.0,0.0,0.45,0.0,0.0,0.0,0.0
814,8,WOLF,False,2,4,P1,SEER,False,False,0,1,14,0,14,0.0,0.0,1.0,2,0,,0,0,8,0,0,0,6,0,,,0.0,,,,0.0,,0.4003,0.4204,-0.0201,0.4001,0.3836,0.0165,0.0,0.0,0.2812,0.0,0.0,0.0,0.0,0.0,0.0,0.0,0.45,0.0,0.0,0.0,0.0
815,8,WOLF,False,2,4,P1,VILLAGER,False,False,0,1,14,0,14,0.0,0.0,1.0,2,0,,0,0,8,0,0,0,6,0,,,0.0,,,,0.0,,0.4003,0.4204,-0.0201,0.4001,0.3836,0.0165,0.0,0.0,0.2812,0.0,0.0,0.0,0.0,0.0,0.0,0.0,0.45,0.0,0.0,0.0,0.0
816,8,WOLF,False,2,4,P1,VILLAGER,False,False,0,0,14,0,14,0.0,0.0,1.0,2,0,,0,0,8,0,0,0,6,0,,,0.0,,,,0.0,,0.4003,0.4204,-0.0201,0.4001,0.3836,0.0165,0.0,0.0,0.2812,0.0,0.0,0.0,0.0,0.0,0.0,0.0,0.45,0.0,0.0,0.0,0.0
817,8,WOLF,False,2,4,P1,VILLAGER,False,False,0,0,14,0,14,0.0,0.0,1.0,2,0,,0,0,8,0,0,0,6,0,,,0.0,,,,0.0,,0.4003,0.4204,-0.0201,0.4001,0.3836,0.0165,0.0,0.0,0.2812,0.0,0.0,0.0,0.0,0.0,0.0,0.0,0.45,0.0,0.0,0.0,0.0
818,8,WOLF,False,2,4,P1,VILLAGER,False,False,0,1,14,0,14,0.0,0.0,1.0,2,0,,0,0,8,0,0,0,6,0,,,0.0,,,,0.0,,0.417,0.4104,0.0066,0.3863,0.3919,-0.0056,0.0,0.0,0.2812,0.0,0.0,0.0,0.0,0.0,0.0,0.2083,0.325,0.0,0.0,0.0,0.0
819,8,WOLF,False,2,4,P1,VILLAGER,False,False,0,1,14,0,14,0.0,0.0,1.0,2,0,,0,0,8,0,0,0,6,0,,,0.0,,,,0.0,,0.4003,0.4204,-0.0201,0.4001,0.3836,0.0165,0.0,0.0,0.2812,0.0,0.0,0.0,0.0,0.0,0.0,0.0,0.45,0.0,0.0,0.0,0.0
820,8,WOLF,False,2,4,P1,SEER,False,False,0,1,14,0,14,0.0,0.0,1.0,2,0,,0,0,8,0,0,0,6,0,,,0.0,,,,0.0,,0.4003,0.4204,-0.0201,0.4001,0.3836,0.0165,0.0,0.0,0.2812,0.0,0.0,0.0,0.0,0.0,0.0,0.0,0.45,0.0,0.0,0.0,0.0
821,8,WOLF,False,2,4,P1,VILLAGER,False,False,0,0,14,0,14,0.0,0.0,1.0,2,0,,0,0,8,0,0,0,6,0,,,0.0,,,,0.0,,0.4003,0.4204,-0.0201,0.4001,0.3836,0.0165,0.0,0.0,0.2812,0.0,0.0,0.0,0.0,0.0,0.0,0.0,0.45,0.0,0.0,0.0,0.0
822,8,WOLF,False,2,4,P1,VILLAGER,False,False,0,0,14,0,14,0.0,0.0,1.0,2,0,,0,0,8,0,0,0,6,0,,,0.0,,,,0.0,,0.4003,0.4204,-0.0201,0.4001,0.3836,0.0165,0.0,0.0,0.2812,0.0,0.0,0.0,0.0,0.0,0.0,0.0,0.45,0.0,0.0,0.0,0.0
823,8,WOLF,False,2,4,P1,VILLAGER,False,False,0,1,14,0,14,0.0,0.0,1.0,2,0,,0,0,8,0,0,0,6,0,,,0.0,,,,0.0,,0.4005,0.4203,-0.0198,0.4002,0.3835,0.0167,0.0,0.0,0.2812,0.0,0.0,0.0,0.0,0.0,0.0,0.3333,0.25,0.0,0.0,0.0,0.0
824,8,WOLF,False,2,4,P1,VILLAGER,False,False,0,1,14,0,14,0.0,0.0,1.0,2,0,,0,0,8,0,0,0,6,0,,,0.0,,,,0.0,,0.4003,0.4204,-0.0201,0.4001,0.3836,0.0165,0.0,0.0,0.2812,0.0,0.0,0.0,0.0,0.0,0.0,0.0,0.45,0.0,0.0,0.0,0.0
825,8,WOLF,False,2,4,P1,SEER,False,False,0,1,14,0,14,0.0,0.0,1.0,2,0,,0,0,8,0,0,0,6,0,,,0.0,,,,0.0,,0.4003,0.4204,-0.0201,0.4001,0.3836,0.0165,0.0,0.0,0.2812,0.0,0.0,0.0,0.0,0.0,0.0,0.0,0.45,0.0,0.0,0.0,0.0
826,8,WOLF,False,2,4,P1,VILLAGER,False,False,0,0,14,0,14,0.0,0.0,1.0,2,0,,0,0,8,0,0,0,6,0,,,0.0,,,,0.0,,0.4003,0.4204,-0.0201,0.4001,0.3836,0.0165,0.0,0.0,0.2812,0.0,0.0,0.0,0.0,0.0,0.0,0.0,0.45,0.0,0.0,0.0,0.0
827,8,WOLF,False,2,4,P1,VILLAGER,False,False,0,1,14,0,14,0.0,0.0,1.0,2,0,,0,0,8,0,0,0,6,0,,,0.0,,,,0.0,,0.4005,0.4203,-0.0198,0.4002,0.3835,0.0167,0.0,0.0,0.2812,0.0,0.0,0.0,0.0,0.0,0.0,0.3333,0.25,0.0,0.0,0.0,0.0
828,8,WOLF,False,2,4,P1,VILLAGER,False,False,0,0,14,0,14,0.0,0.0,1.0,2,0,,0,0,8,0,0,0,6,0,,,0.0,,,,0.0,,0.4003,0.4204,-0.0201,0.4001,0.3836,0.0165,0.0,0.0,0.2812,0.0,0.0,0.0,0.0,0.0,0.0,0.0,0.45,0.0,0.0,0.0,0.0
829,8,WOLF,False,2,4,P1,VILLAGER,False,False,0,1,14,0,14,0.0,0.0,1.0,2,0,,0,0,8,0,0,0,6,0,,,0.0,,,,0.0,,0.4005,0.4203,-0.0198,0.4002,0.3835,0.0167,0.0,0.0,0.2812,0.0,0.0,0.0,0.0,0.0,0.0,0.3333,0.25,0.0,0.0,0.0,0.0
830,8,WOLF,False,2,4,P1,VILLAGER,False,False,0,1,14,0,14,0.0,0.0,1.0,2,0,,0,0,8,0,0,0,6,0,,,0.0,,,,0.0,,0.4005,0.4203,-0.0198,0.4002,0.3835,0.0167,0.0,0.0,0.2812,0.0,0.0,0.0,0.0,0.0,0.0,0.3333,0.25,0.0,0.0,0.0,0.0
831,8,WOLF,False,2,4,P1,VILLAGER,False,False,0,1,14,0,14,0.0,0.0,1.0,2,0,,0,0,8,0,0,0,6,0,,,0.0,,,,0.0,,0.417,0.4104,0.0066,0.3863,0.3919,-0.0056,0.0,0.0,0.2812,0.0,0.0,0.0,0.0,0.0,0.0,0.2083,0.325,0.0,0.0,0.0,0.0
832,8,WOLF,False,2,4,P1,POSSESSED,False,True,0,1,14,0,14,0.0,0.0,1.0,2,0,,0,0,8,0,0,0,6,0,,,0.0,,,,0.0,,0.417,0.4104,0.0066,0.3863,0.3919,-0.0056,0.0,0.0,0.2812,0.0,0.0,0.0,0.0,0.0,0.0,0.2083,0.325,0.0,0.0,0.0,0.0
833,8,WOLF,False,2,4,P1,POSSESSED,False,True,0,1,14,0,14,0.0,0.0,1.0,2,0,,0,0,8,0,0,0,6,0,,,0.0,,,,0.0,,0.417,0.4104,0.0066,0.3863,0.3919,-0.0056,0.0,0.0,0.2812,0.0,0.0,0.0,0.0,0.0,0.0,0.2083,0.325,0.0,0.0,0.0,0.0
834,8,WOLF,False,2,4,P1,VILLAGER,False,False,0,0,14,0,14,0.0,0.0,1.0,2,0,,0,0,8,0,0,0,6,0,,,0.0,,,,0.0,,0.4003,0.4204,-0.0201,0.4001,0.3836,0.0165,0.0,0.0,0.2812,0.0,0.0,0.0,0.0,0.0,0.0,0.0,0.45,0.0,0.0,0.0,0.0
835,8,WOLF,False,2,4,P1,VILLAGER,False,False,0,1,14,0,14,0.0,0.0,1.0,2,0,,0,0,8,0,0,0,6,0,,,0.0,,,,0.0,,0.417,0.4104,0.0066,0.3863,0.3919,-0.0056,0.0,0.0,0.2812,0.0,0.0,0.0,0.0,0.0,0.0,0.2083,0.325,0.0,0.0,0.0,0.0
836,8,WOLF,False,2,4,P1,VILLAGER,False,False,0,1,14,0,14,0.0,0.0,1.0,2,0,,0,0,8,0,0,0,6,0,,,0.0,,,,0.0,,0.4003,0.4204,-0.0201,0.4001,0.3836,0.0165,0.0,0.0,0.2812,0.0,0.0,0.0,0.0,0.0,0.0,0.0,0.45,0.0,0.0,0.0,0.0
837,8,WOLF,False,2,4,P1,VILLAGER,False,False,0,1,14,0,14,0.0,0.0,1.0,2,0,,0,0,8,0,0,0,6,0,,,0.0,,,,0.0,,0.417,0.4104,0.0066,0.3863,0.3919,-0.0056,0.0,0.0,0.2812,0.0,0.0,0.0,0.0,0.0,0.0,0.2083,0.325,0.0,0.0,0.0,0.0
838,8,WOLF,False,2,4,P1,POSSESSED,False,True,0,1,14,0,14,0.0,0.0,1.0,2,0,,0,0,8,0,0,0,6,0,,,0.0,,,,0.0,,0.417,0.4104,0.0066,0.3863,0.3919,-0.0056,0.0,0.0,0.2812,0.0,0.0,0.0,0.0,0.0,0.0,0.2083,0.325,0.0,0.0,0.0,0.0
839,8,WOLF,False,2,4,P1,VILLAGER,False,False,0,1,14,0,14,0.0,0.0,1.0,2,0,,0,0,8,0,0,0,6,0,,,0.0,,,,0.0,,0.417,0.4104,0.0066,0.3863,0.3919,-0.0056,0.0,0.0,0.2812,0.0,0.0,0.0,0.0,0.0,0.0,0.2083,0.325,0.0,0.0,0.0,0.0
840,8,WOLF,False,2,4,P1,SEER,False,False,0,0,14,0,14,0.0,0.0,1.0,2,0,,0,0,8,0,0,0,6,0,,,0.0,,,,0.0,,0.4003,0.4204,-0.0201,0.4001,0.3836,0.0165,0.0,0.0,0.2812,0.0,0.0,0.0,0.0,0.0,0.0,0.0,0.45,0.0,0.0,0.0,0.0
841,8,WOLF,False,2,4,P1,SEER,False,False,0,0,14,0,14,0.0,0.0,1.0,2,0,,0,0,8,0,0,0,6,0,,,0.0,,,,0.0,,0.4003,0.4204,-0.0201,0.4001,0.3836,0.0165,0.0,0.0,0.2812,0.0,0.0,0.0,0.0,0.0,0.0,0.0,0.45,0.0,0.0,0.0,0.0
842,8,WOLF,False,2,4,P1,VILLAGER,False,False,0,0,14,0,14,0.0,0.0,1.0,2,0,,0,0,8,0,0,0,6,0,,,0.0,,,,0.0,,0.4003,0.4204,-0.0201,0.4001,0.3836,0.0165,0.0,0.0,0.2812,0.0,0.0,0.0,0.0,0.0,0.0,0.0,0.45,0.0,0.0,0.0,0.0
843,8,WOLF,False,2,4,P1,VILLAGER,False,False,0,1,14,0,14,0.0,0.0,1.0,2,0,,0,0,8,0,0,0,6,0,,,0.0,,,,0.0,,0.4005,0.4203,-0.0198,0.4002,0.3836,0.0166,0.0,0.0,0.2812,0.0,0.0,0.0,0.0,0.0,0.0,0.3333,0.25,0.0,0.0,0.0,0.0
844,8,WOLF,False,2,4,P1,SEER,False,False,0,0,14,0,14,0.0,0.0,1.0,2,0,,0,0,8,0,0,0,6,0,,,0.0,,,,0.0,,0.4003,0.4204,-0.0201,0.4001,0.3836,0.0165,0.0,0.0,0.2812,0.0,0.0,0.0,0.0,0.0,0.0,0.0,0.45,0.0,0.0,0.0,0.0
845,8,WOLF,False,2,4,P1,VILLAGER,False,False,0,0,14,0,14,0.0,0.0,1.0,2,0,,0,0,8,0,0,0,6,0,,,0.0,,,,0.0,,0.4003,0.4204,-0.0201,0.4001,0.3836,0.0165,0.0,0.0,0.2812,0.0,0.0,0.0,0.0,0.0,0.0,0.0,0.45,0.0,0.0,0.0,0.0
846,8,WOLF,False,2,4,P1,VILLAGER,False,False,0,1,14,0,14,0.0,0.0,1.0,2,0,,0,0,8,0,0,0,6,0,,,0.0,,,,0.0,,0.417,0.4104,0.0066,0.3863,0.3919,-0.0056,0.0,0.0,0.2812,0.0,0.0,0.0,0.0,0.0,0.0,0.2083,0.325,0.0,0.0,0.0,0.0
847,8,WOLF,False,2,4,P1,VILLAGER,False,False,0,1,14,0,14,0.0,0.0,1.0,2,0,,0,0,8,0,0,0,6,0,,,0.0,,,,0.0,,0.4003,0.4204,-0.0201,0.4001,0.3836,0.0165,0.0,0.0,0.2812,0.0,0.0,0.0,0.0,0.0,0.0,0.0,0.45,0.0,0.0,0.0,0.0
848,8,WOLF,False,2,4,P1,VILLAGER,False,False,0,0,14,0,14,0.0,0.0,1.0,2,0,,0,0,8,0,0,0,6,0,,,0.0,,,,0.0,,0.4003,0.4204,-0.0201,0.4001,0.3836,0.0165,0.0,0.0,0.2812,0.0,0.0,0.0,0.0,0.0,0.0,0.0,0.45,0.0,0.0,0.0,0.0
849,8,WOLF,False,2,4,P1,POSSESSED,False,True,0,1,14,0,14,0.0,0.0,1.0,2,0,,0,0,8,0,0,0,6,0,,,0.0,,,,0.0,,0.417,0.4104,0.0066,0.3863,0.3919,-0.0056,0.0,0.0,0.2812,0.0,0.0,0.0,0.0,0.0,0.0,0.2083,0.325,0.0,0.0,0.0,0.0
850,8,WOLF,False,2,4,P1,VILLAGER,False,False,0,1,14,0,14,0.0,0.0,1.0,2,0,,0,0,8,0,0,0,6,0,,,0.0,,,,0.0,,0.417,0.4104,0.0066,0.3863,0.3919,-0.0056,0.0,0.0,0.2812,0.0,0.0,0.0,0.0,0.0,0.0,0.2083,0.325,0.0,0.0,0.0,0.0
851,8,WOLF,False,2,4,P1,VILLAGER,False,False,0,1,14,0,14,0.0,0.0,1.0,2,0,,0,0,8,0,0,0,6,0,,,0.0,,,,0.0,,0.417,0.4104,0.0066,0.3864,0.3919,-0.0055,0.0,0.0,0.2812,0.0,0.0,0.0,0.0,0.0,0.0,0.2083,0.325,0.0,0.0,0.0,0.0
852,8,WOLF,False,2,4,P1,VILLAGER,False,False,0,0,14,0,14,0.0,0.0,1.0,2,0,,0,0,8,0,0,0,6,0,,,0.0,,,,0.0,,0.4003,0.4204,-0.0201,0.4001,0.3837,0.0164,0.0,0.0,0.2812,0.0,0.0,0.0,0.0,0.0,0.0,0.0,0.45,0.0,0.0,0.0,0.0
853,8,WOLF,False,2,4,P1,VILLAGER,False,False,0,0,14,0,14,0.0,0.0,1.0,2,0,,0,0,8,0,0,0,6,0,,,0.0,,,,0.0,,0.4003,0.4204,-0.0201,0.4001,0.3837,0.0164,0.0,0.0,0.2812,0.0,0.0,0.0,0.0,0.0,0.0,0.0,0.45,0.0,0.0,0.0,0.0
854,8,WOLF,False,2,4,P1,POSSESSED,False,True,0,1,14,0,14,0.0,0.0,1.0,2,0,,0,0,8,0,0,0,6,0,,,0.0,,,,0.0,,0.417,0.4104,0.0066,0.3864,0.3919,-0.0055,0.0,0.0,0.2812,0.0,0.0,0.0,0.0,0.0,0.0,0.2083,0.325,0.0,0.0,0.0,0.0
855,8,WOLF,False,2,4,P1,SEER,False,False,0,0,14,0,14,0.0,0.0,1.0,2,0,,0,0,8,0,0,0,6,0,,,0.0,,,,0.0,,0.4003,0.4204,-0.0201,0.4001,0.3837,0.0164,0.0,0.0,0.2812,0.0,0.0,0.0,0.0,0.0,0.0,0.0,0.45,0.0,0.0,0.0,0.0
856,8,WOLF,False,2,4,P1,VILLAGER,False,False,0,0,14,0,14,0.0,0.0,1.0,2,0,,0,0,8,0,0,0,6,0,,,0.0,,,,0.0,,0.4003,0.4204,-0.0201,0.4001,0.3837,0.0164,0.0,0.0,0.2812,0.0,0.0,0.0,0.0,0.0,0.0,0.0,0.45,0.0,0.0,0.0,0.0
857,8,WOLF,False,2,4,P1,VILLAGER,False,False,0,0,14,0,14,0.0,0.0,1.0,2,0,,0,0,8,0,0,0,6,0,,,0.0,,,,0.0,,0.4003,0.4204,-0.0201,0.4001,0.3837,0.0164,0.0,0.0,0.2812,0.0,0.0,0.0,0.0,0.0,0.0,0.0,0.45,0.0,0.0,0.0,0.0
858,8,WOLF,False,2,4,P1,VILLAGER,False,False,0,0,14,0,14,0.0,0.0,1.0,2,0,,0,0,8,0,0,0,6,0,,,0.0,,,,0.0,,0.4003,0.4204,-0.0201,0.4001,0.3837,0.0164,0.0,0.0,0.2812,0.0,0.0,0.0,0.0,0.0,0.0,0.0,0.45,0.0,0.0,0.0,0.0
859,8,WOLF,False,2,4,P1,SEER,False,False,0,0,14,0,14,0.0,0.0,1.0,2,0,,0,0,8,0,0,0,6,0,,,0.0,,,,0.0,,0.4003,0.4204,-0.0201,0.4001,0.3837,0.0164,0.0,0.0,0.2812,0.0,0.0,0.0,0.0,0.0,0.0,0.0,0.45,0.0,0.0,0.0,0.0
860,8,WOLF,False,2,4,P1,POSSESSED,False,True,0,1,14,0,14,0.0,0.0,1.0,2,0,,0,0,8,0,0,0,6,0,,,0.0,,,,0.0,,0.417,0.4104,0.0066,0.3864,0.3919,-0.0055,0.0,0.0,0.2812,0.0,0.0,0.0,0.0,0.0,0.0,0.2083,0.325,0.0,0.0,0.0,0.0
861,8,WOLF,False,2,4,P1,POSSESSED,False,True,0,1,14,0,14,0.0,0.0,1.0,2,0,,0,0,8,0,0,0,6,0,,,0.0,,,,0.0,,0.417,0.4104,0.0066,0.3864,0.3919,-0.0055,0.0,0.0,0.2812,0.0,0.0,0.0,0.0,0.0,0.0,0.2083,0.325,0.0,0.0,0.0,0.0
862,8,WOLF,False,2,4,P1,VILLAGER,False,False,0,0,14,0,14,0.0,0.0,1.0,2,0,,0,0,8,0,0,0,6,0,,,0.0,,,,0.0,,0.4003,0.4204,-0.0201,0.4001,0.3837,0.0164,0.0,0.0,0.2812,0.0,0.0,0.0,0.0,0.0,0.0,0.0,0.45,0.0,0.0,0.0,0.0
863,8,WOLF,False,2,4,P1,VILLAGER,False,False,0,0,14,0,14,0.0,0.0,1.0,2,0,,0,0,8,0,0,0,6,0,,,0.0,,,,0.0,,0.4003,0.4204,-0.0201,0.4001,0.3837,0.0164,0.0,0.0,0.2812,0.0,0.0,0.0,0.0,0.0,0.0,0.0,0.45,0.0,0.0,0.0,0.0
864,8,WOLF,False,2,4,P1,SEER,False,False,0,1,14,0,14,0.0,0.0,1.0,2,0,,0,0,8,0,0,0,6,0,,,0.0,,,,0.0,,0.417,0.4104,0.0066,0.3864,0.3919,-0.0055,0.0,0.0,0.2812,0.0,0.0,0.0,0.0,0.0,0.0,0.2083,0.325,0.0,0.0,0.0,0.0
865,8,WOLF,False,2,4,P1,VILLAGER,False,False,0,1,14,0,14,0.0,0.0,1.0,2,0,,0,0,8,0,0,0,6,0,,,0.0,,,,0.0,,0.417,0.4104,0.0066,0.3864,0.3919,-0.0055,0.0,0.0,0.2812,0.0,0.0,0.0,0.0,0.0,0.0,0.2083,0.325,0.0,0.0,0.0,0.0
866,8,WOLF,False,2,4,P1,VILLAGER,False,False,0,1,14,0,14,0.0,0.0,1.0,2,0,,0,0,8,0,0,0,6,0,,,0.0,,,,0.0,,0.4003,0.4204,-0.0201,0.4001,0.3837,0.0164,0.0,0.0,0.2812,0.0,0.0,0.0,0.0,0.0,0.0,0.0,0.45,0.0,0.0,0.0,0.0
867,8,WOLF,False,2,4,P1,SEER,False,False,0,0,14,0,14,0.0,0.0,1.0,2,0,,0,0,8,0,0,0,6,0,,,0.0,,,,0.0,,0.4003,0.4204,-0.0201,0.4001,0.3837,0.0164,0.0,0.0,0.2812,0.0,0.0,0.0,0.0,0.0,0.0,0.0,0.45,0.0,0.0,0.0,0.0
868,8,WOLF,False,2,4,P1,VILLAGER,False,False,0,0,14,0,14,0.0,0.0,1.0,2,0,,0,0,8,0,0,0,6,0,,,0.0,,,,0.0,,0.4003,0.4204,-0.0201,0.4001,0.3837,0.0164,0.0,0.0,0.2812,0.0,0.0,0.0,0.0,0.0,0.0,0.0,0.45,0.0,0.0,0.0,0.0
869,8,WOLF,False,2,4,P1,VILLAGER,False,False,0,1,14,0,14,0.0,0.0,1.0,2,0,,0,0,8,0,0,0,6,0,,,0.0,,,,0.0,,0.4003,0.4204,-0.0201,0.4001,0.3837,0.0164,0.0,0.0,0.2812,0.0,0.0,0.0,0.0,0.0,0.0,0.0,0.45,0.0,0.0,0.0,0.0
870,8,WOLF,False,2,4,P1,VILLAGER,False,False,0,1,14,0,14,0.0,0.0,1.0,2,0,,0,0,8,0,0,0,6,0,,,0.0,,,,0.0,,0.4003,0.4204,-0.0201,0.4001,0.3837,0.0164,0.0,0.0,0.2812,0.0,0.0,0.0,0.0,0.0,0.0,0.0,0.45,0.0,0.0,0.0,0.0
871,8,WOLF,False,2,4,P1,VILLAGER,False,False,0,1,14,0,14,0.0,0.0,1.0,2,0,,0,0,8,0,0,0,6,0,,,0.0,,,,0.0,,0.417,0.4104,0.0066,0.3864,0.3919,-0.0055,0.0,0.0,0.2812,0.0,0.0,0.0,0.0,0.0,0.0,0.2083,0.325,0.0,0.0,0.0,0.0
872,8,WOLF,False,2,4,P1,VILLAGER,False,False,0,0,14,0,14,0.0,0.0,1.0,2,0,,0,0,8,0,0,0,6,0,,,0.0,,,,0.0,,0.4003,0.4204,-0.0201,0.4001,0.3837,0.0164,0.0,0.0,0.2812,0.0,0.0,0.0,0.0,0.0,0.0,0.0,0.45,0.0,0.0,0.0,0.0
873,8,WOLF,False,2,4,P1,VILLAGER,False,False,0,0,14,0,14,0.0,0.0,1.0,2,0,,0,0,8,0,0,0,6,0,,,0.0,,,,0.0,,0.4003,0.4204,-0.0201,0.4001,0.3838,0.0163,0.0,0.0,0.2812,0.0,0.0,0.0,0.0,0.0,0.0,0.0,0.45,0.0,0.0,0.0,0.0
874,8,WOLF,False,2,4,P1,VILLAGER,False,False,0,0,14,0,14,0.0,0.0,1.0,2,0,,0,0,8,0,0,0,6,0,,,0.0,,,,0.0,,0.4003,0.4204,-0.0201,0.4001,0.3838,0.0163,0.0,0.0,0.2812,0.0,0.0,0.0,0.0,0.0,0.0,0.0,0.45,0.0,0.0,0.0,0.0
875,8,WOLF,False,2,4,P1,VILLAGER,False,False,0,1,14,0,14,0.0,0.0,1.0,2,0,,0,0,8,0,0,0,6,0,,,0.0,,,,0.0,,0.4005,0.4203,-0.0198,0.4002,0.3837,0.0165,0.0,0.0,0.2812,0.0,0.0,0.0,0.0,0.0,0.0,0.3333,0.25,0.0,0.0,0.0,0.0
876,8,WOLF,False,2,4,P1,POSSESSED,False,True,0,1,14,0,14,0.0,0.0,1.0,2,0,,0,0,8,0,0,0,6,0,,,0.0,,,,0.0,,0.417,0.4104,0.0066,0.3864,0.392,-0.0056,0.0,0.0,0.2812,0.0,0.0,0.0,0.0,0.0,0.0,0.2083,0.325,0.0,0.0,0.0,0.0
877,8,WOLF,False,2,4,P1,VILLAGER,False,False,0,1,14,0,14,0.0,0.0,1.0,2,0,,0,0,8,0,0,0,6,0,,,0.0,,,,0.0,,0.4005,0.4203,-0.0198,0.4002,0.3837,0.0165,0.0,0.0,0.2812,0.0,0.0,0.0,0.0,0.0,0.0,0.3333,0.25,0.0,0.0,0.0,0.0
878,8,WOLF,False,2,4,P1,VILLAGER,False,False,0,1,14,0,14,0.0,0.0,1.0,2,0,,0,0,8,0,0,0,6,0,,,0.0,,,,0.0,,0.4003,0.4204,-0.0201,0.4001,0.3838,0.0163,0.0,0.0,0.2812,0.0,0.0,0.0,0.0,0.0,0.0,0.0,0.45,0.0,0.0,0.0,0.0
879,8,WOLF,False,2,4,P1,SEER,False,False,0,1,14,0,14,0.0,0.0,1.0,2,0,,0,0,8,0,0,0,6,0,,,0.0,,,,0.0,,0.417,0.4104,0.0066,0.3864,0.392,-0.0056,0.0,0.0,0.2812,0.0,0.0,0.0,0.0,0.0,0.0,0.2083,0.325,0.0,0.0,0.0,0.0
880,8,WOLF,False,2,4,P1,VILLAGER,False,False,0,1,14,0,14,0.0,0.0,1.0,2,0,,0,0,8,0,0,0,6,0,,,0.0,,,,0.0,,0.417,0.4104,0.0066,0.3864,0.392,-0.0056,0.0,0.0,0.2812,0.0,0.0,0.0,0.0,0.0,0.0,0.2083,0.325,0.0,0.0,0.0,0.0
881,8,WOLF,False,2,4,P1,VILLAGER,False,False,0,0,14,0,14,0.0,0.0,1.0,2,0,,0,0,8,0,0,0,6,0,,,0.0,,,,0.0,,0.4003,0.4204,-0.0201,0.4001,0.3838,0.0163,0.0,0.0,0.2812,0.0,0.0,0.0,0.0,0.0,0.0,0.0,0.45,0.0,0.0,0.0,0.0
882,8,WOLF,False,2,4,P1,VILLAGER,False,False,0,1,14,0,14,0.0,0.0,1.0,2,0,,0,0,8,0,0,0,6,0,,,0.0,,,,0.0,,0.4005,0.4203,-0.0198,0.4002,0.3837,0.0165,0.0,0.0,0.2812,0.0,0.0,0.0,0.0,0.0,0.0,0.3333,0.25,0.0,0.0,0.0,0.0
883,8,WOLF,False,2,4,P1,VILLAGER,False,False,0,0,14,0,14,0.0,0.0,1.0,2,0,,0,0,8,0,0,0,6,0,,,0.0,,,,0.0,,0.4003,0.4204,-0.0201,0.4001,0.3838,0.0163,0.0,0.0,0.2812,0.0,0.0,0.0,0.0,0.0,0.0,0.0,0.45,0.0,0.0,0.0,0.0
884,8,WOLF,False,2,4,P1,VILLAGER,False,False,0,1,14,0,14,0.0,0.0,1.0,2,0,,0,0,8,0,0,0,6,0,,,0.0,,,,0.0,,0.417,0.4104,0.0066,0.3865,0.392,-0.0055,0.0,0.0,0.2812,0.0,0.0,0.0,0.0,0.0,0.0,0.2083,0.325,0.0,0.0,0.0,0.0
885,8,WOLF,False,2,4,P1,SEER,False,False,0,0,14,0,14,0.0,0.0,1.0,2,0,,0,0,8,0,0,0,6,0,,,0.0,,,,0.0,,0.4003,0.4204,-0.0201,0.4001,0.3838,0.0163,0.0,0.0,0.2812,0.0,0.0,0.0,0.0,0.0,0.0,0.0,0.45,0.0,0.0,0.0,0.0
886,8,WOLF,False,2,4,P1,VILLAGER,False,False,0,1,14,0,14,0.0,0.0,1.0,2,0,,0,0,8,0,0,0,6,0,,,0.0,,,,0.0,,0.4005,0.4203,-0.0198,0.4002,0.3837,0.0165,0.0,0.0,0.2812,0.0,0.0,0.0,0.0,0.0,0.0,0.3333,0.25,0.0,0.0,0.0,0.0
887,8,WOLF,False,2,4,P1,POSSESSED,False,True,0,1,14,0,14,0.0,0.0,1.0,2,0,,0,0,8,0,0,0,6,0,,,0.0,,,,0.0,,0.417,0.4104,0.0066,0.3865,0.392,-0.0055,0.0,0.0,0.2812,0.0,0.0,0.0,0.0,0.0,0.0,0.2083,0.325,0.0,0.0,0.0,0.0
888,8,WOLF,False,2,4,P1,VILLAGER,False,False,0,0,14,0,14,0.0,0.0,1.0,2,0,,0,0,8,0,0,0,6,0,,,0.0,,,,0.0,,0.4003,0.4204,-0.0201,0.4001,0.3838,0.0163,0.0,0.0,0.2812,0.0,0.0,0.0,0.0,0.0,0.0,0.0,0.45,0.0,0.0,0.0,0.0
889,8,WOLF,False,2,4,P1,VILLAGER,False,False,0,0,14,0,14,0.0,0.0,1.0,2,0,,0,0,8,0,0,0,6,0,,,0.0,,,,0.0,,0.4003,0.4204,-0.0201,0.4001,0.3838,0.0163,0.0,0.0,0.2812,0.0,0.0,0.0,0.0,0.0,0.0,0.0,0.45,0.0,0.0,0.0,0.0
890,8,WOLF,False,2,4,P1,VILLAGER,False,False,0,1,14,0,14,0.0,0.0,1.0,2,0,,0,0,8,0,0,0,6,0,,,0.0,,,,0.0,,0.4003,0.4204,-0.0201,0.4001,0.3838,0.0163,0.0,0.0,0.2812,0.0,0.0,0.0,0.0,0.0,0.0,0.0,0.45,0.0,0.0,0.0,0.0
891,8,WOLF,False,2,4,P1,SEER,False,False,0,0,14,0,14,0.0,0.0,1.0,2,0,,0,0,8,0,0,0,6,0,,,0.0,,,,0.0,,0.4003,0.4204,-0.0201,0.4001,0.3838,0.0163,0.0,0.0,0.2812,0.0,0.0,0.0,0.0,0.0,0.0,0.0,0.45,0.0,0.0,0.0,0.0
892,8,WOLF,False,2,4,P1,VILLAGER,False,False,0,1,14,0,14,0.0,0.0,1.0,2,0,,0,0,8,0,0,0,6,0,,,0.0,,,,0.0,,0.4005,0.4203,-0.0198,0.4002,0.3837,0.0165,0.0,0.0,0.2812,0.0,0.0,0.0,0.0,0.0,0.0,0.3333,0.25,0.0,0.0,0.0,0.0
893,8,WOLF,False,2,4,P1,VILLAGER,False,False,0,1,14,0,14,0.0,0.0,1.0,2,0,,0,0,8,0,0,0,6,0,,,0.0,,,,0.0,,0.4003,0.4204,-0.0201,0.4001,0.3838,0.0163,0.0,0.0,0.2812,0.0,0.0,0.0,0.0,0.0,0.0,0.0,0.45,0.0,0.0,0.0,0.0
894,8,WOLF,False,2,4,P1,VILLAGER,False,False,0,0,14,0,14,0.0,0.0,1.0,2,0,,0,0,8,0,0,0,6,0,,,0.0,,,,0.0,,0.4003,0.4204,-0.0201,0.4001,0.3838,0.0163,0.0,0.0,0.2812,0.0,0.0,0.0,0.0,0.0,0.0,0.0,0.45,0.0,0.0,0.0,0.0
895,8,WOLF,False,2,4,P1,VILLAGER,False,False,0,1,14,0,14,0.0,0.0,1.0,2,0,,0,0,8,0,0,0,6,0,,,0.0,,,,0.0,,0.4003,0.4204,-0.0201,0.4001,0.3838,0.0163,0.0,0.0,0.2812,0.0,0.0,0.0,0.0,0.0,0.0,0.0,0.45,0.0,0.0,0.0,0.0
896,8,WOLF,False,2,4,P1,VILLAGER,False,False,0,0,14,0,14,0.0,0.0,1.0,2,0,,0,0,8,0,0,0,6,0,,,0.0,,,,0.0,,0.4003,0.4204,-0.0201,0.4001,0.3838,0.0163,0.0,0.0,0.2812,0.0,0.0,0.0,0.0,0.0,0.0,0.0,0.45,0.0,0.0,0.0,0.0
897,8,WOLF,False,2,4,P1,VILLAGER,False,False,0,1,14,0,14,0.0,0.0,1.0,2,0,,0,0,8,0,0,0,6,0,,,0.0,,,,0.0,,0.4005,0.4203,-0.0198,0.4002,0.3837,0.0165,0.0,0.0,0.2812,0.0,0.0,0.0,0.0,0.0,0.0,0.3333,0.25,0.0,0.0,0.0,0.0
898,8,WOLF,False,2,4,P1,SEER,False,False,0,1,14,0,14,0.0,0.0,1.0,2,0,,0,0,8,0,0,0,6,0,,,0.0,,,,0.0,,0.417,0.4104,0.0066,0.3865,0.392,-0.0055,0.0,0.0,0.2812,0.0,0.0,0.0,0.0,0.0,0.0,0.2083,0.325,0.0,0.0,0.0,0.0
899,8,WOLF,False,2,4,P1,VILLAGER,False,False,0,0,14,0,14,0.0,0.0,1.0,2,0,,0,0,8,0,0,0,6,0,,,0.0,,,,0.0,,0.4003,0.4204,-0.0201,0.4001,0.3838,0.0163,0.0,0.0,0.2812,0.0,0.0,0.0,0.0,0.0,0.0,0.0,0.45,0.0,0.0,0.0,0.0
900,8,WOLF,False,2,4,P1,VILLAGER,False,False,0,1,14,0,14,0.0,0.0,1.0,2,0,,0,0,8,0,0,0,6,0,,,0.0,,,,0.0,,0.4005,0.4203,-0.0198,0.4002,0.3838,0.0164,0.0,0.0,0.2812,0.0,0.0,0.0,0.0,0.0,0.0,0.3333,0.25,0.0,0.0,0.0,0.0
901,8,WOLF,False,2,4,P1,VILLAGER,False,False,0,1,14,0,14,0.0,0.0,1.0,2,0,,0,0,8,0,0,0,6,0,,,0.0,,,,0.0,,0.4005,0.4203,-0.0198,0.4002,0.3838,0.0164,0.0,0.0,0.2812,0.0,0.0,0.0,0.0,0.0,0.0,0.3333,0.25,0.0,0.0,0.0,0.0
902,8,WOLF,False,2,4,P1,VILLAGER,False,False,0,0,14,0,14,0.0,0.0,1.0,2,0,,0,0,8,0,0,0,6,0,,,0.0,,,,0.0,,0.4003,0.4204,-0.0201,0.4001,0.3838,0.0163,0.0,0.0,0.2812,0.0,0.0,0.0,0.0,0.0,0.0,0.0,0.45,0.0,0.0,0.0,0.0
903,8,WOLF,False,2,4,P1,VILLAGER,False,False,0,0,14,0,14,0.0,0.0,1.0,2,0,,0,0,8,0,0,0,6,0,,,0.0,,,,0.0,,0.4003,0.4204,-0.0201,0.4001,0.3838,0.0163,0.0,0.0,0.2812,0.0,0.0,0.0,0.0,0.0,0.0,0.0,0.45,0.0,0.0,0.0,0.0
904,8,WOLF,False,2,4,P1,VILLAGER,False,False,0,1,14,0,14,0.0,0.0,1.0,2,0,,0,0,8,0,0,0,6,0,,,0.0,,,,0.0,,0.4003,0.4204,-0.0201,0.4001,0.3838,0.0163,0.0,0.0,0.2812,0.0,0.0,0.0,0.0,0.0,0.0,0.0,0.45,0.0,0.0,0.0,0.0
905,8,WOLF,False,2,4,P1,VILLAGER,False,False,0,1,14,0,14,0.0,0.0,1.0,2,0,,0,0,8,0,0,0,6,0,,,0.0,,,,0.0,,0.417,0.4104,0.0066,0.3865,0.392,-0.0055,0.0,0.0,0.2812,0.0,0.0,0.0,0.0,0.0,0.0,0.2083,0.325,0.0,0.0,0.0,0.0
906,8,WOLF,False,2,4,P1,SEER,False,False,0,1,14,0,14,0.0,0.0,1.0,2,0,,0,0,8,0,0,0,6,0,,,0.0,,,,0.0,,0.4003,0.4204,-0.0201,0.4001,0.3838,0.0163,0.0,0.0,0.2812,0.0,0.0,0.0,0.0,0.0,0.0,0.0,0.45,0.0,0.0,0.0,0.0
907,8,WOLF,False,2,4,P1,VILLAGER,False,False,0,1,14,0,14,0.0,0.0,1.0,2,0,,0,0,8,0,0,0,6,0,,,0.0,,,,0.0,,0.4003,0.4204,-0.0201,0.4001,0.3838,0.0163,0.0,0.0,0.2812,0.0,0.0,0.0,0.0,0.0,0.0,0.0,0.45,0.0,0.0,0.0,0.0
908,8,WOLF,False,2,4,P1,POSSESSED,False,True,0,1,14,0,14,0.0,0.0,1.0,2,0,,0,0,8,0,0,0,6,0,,,0.0,,,,0.0,,0.417,0.4104,0.0066,0.3865,0.392,-0.0055,0.0,0.0,0.2812,0.0,0.0,0.0,0.0,0.0,0.0,0.2083,0.325,0.0,0.0,0.0,0.0
909,8,WOLF,False,2,4,P1,VILLAGER,False,False,0,1,14,0,14,0.0,0.0,1.0,2,0,,0,0,8,0,0,0,6,0,,,0.0,,,,0.0,,0.417,0.4104,0.0066,0.3865,0.392,-0.0055,0.0,0.0,0.2812,0.0,0.0,0.0,0.0,0.0,0.0,0.2083,0.325,0.0,0.0,0.0,0.0
910,8,WOLF,False,2,4,P1,POSSESSED,False,True,0,1,14,0,14,0.0,0.0,1.0,2,0,,0,0,8,0,0,0,6,0,,,0.0,,,,0.0,,0.417,0.4104,0.0066,0.3865,0.392,-0.0055,0.0,0.0,0.2812,0.0,0.0,0.0,0.0,0.0,0.0,0.2083,0.325,0.0,0.0,0.0,0.0
911,8,WOLF,False,2,4,P1,VILLAGER,False,False,0,0,14,0,14,0.0,0.0,1.0,2,0,,0,0,8,0,0,0,6,0,,,0.0,,,,0.0,,0.4003,0.4204,-0.0201,0.4001,0.3839,0.0162,0.0,0.0,0.2812,0.0,0.0,0.0,0.0,0.0,0.0,0.0,0.45,0.0,0.0,0.0,0.0
912,8,WOLF,False,2,4,P1,POSSESSED,False,True,0,1,14,0,14,0.0,0.0,1.0,2,0,,0,0,8,0,0,0,6,0,,,0.0,,,,0.0,,0.417,0.4104,0.0066,0.3865,0.392,-0.0055,0.0,0.0,0.2812,0.0,0.0,0.0,0.0,0.0,0.0,0.2083,0.325,0.0,0.0,0.0,0.0
913,8,WOLF,False,2,4,P1,VILLAGER,False,False,0,0,14,0,14,0.0,0.0,1.0,2,0,,0,0,8,0,0,0,6,0,,,0.0,,,,0.0,,0.4003,0.4204,-0.0201,0.4001,0.3839,0.0162,0.0,0.0,0.2812,0.0,0.0,0.0,0.0,0.0,0.0,0.0,0.45,0.0,0.0,0.0,0.0
914,8,WOLF,False,2,4,P1,VILLAGER,False,False,0,1,14,0,14,0.0,0.0,1.0,2,0,,0,0,8,0,0,0,6,0,,,0.0,,,,0.0,,0.4005,0.4203,-0.0198,0.4002,0.3838,0.0164,0.0,0.0,0.2812,0.0,0.0,0.0,0.0,0.0,0.0,0.3333,0.25,0.0,0.0,0.0,0.0
915,8,WOLF,False,2,4,P1,VILLAGER,False,False,0,0,14,0,14,0.0,0.0,1.0,2,0,,0,0,8,0,0,0,6,0,,,0.0,,,,0.0,,0.4003,0.4204,-0.0201,0.4001,0.3839,0.0162,0.0,0.0,0.2812,0.0,0.0,0.0,0.0,0.0,0.0,0.0,0.45,0.0,0.0,0.0,0.0
916,8,WOLF,False,2,4,P1,POSSESSED,False,True,0,1,14,0,14,0.0,0.0,1.0,2,0,,0,0,8,0,0,0,6,0,,,0.0,,,,0.0,,0.417,0.4104,0.0066,0.3865,0.392,-0.0055,0.0,0.0,0.2812,0.0,0.0,0.0,0.0,0.0,0.0,0.2083,0.325,0.0,0.0,0.0,0.0
917,8,WOLF,False,2,4,P1,VILLAGER,False,False,0,1,14,0,14,0.0,0.0,1.0,2,0,,0,0,8,0,0,0,6,0,,,0.0,,,,0.0,,0.4003,0.4204,-0.0201,0.4001,0.3839,0.0162,0.0,0.0,0.2812,0.0,0.0,0.0,0.0,0.0,0.0,0.0,0.45,0.0,0.0,0.0,0.0
918,8,WOLF,False,2,4,P1,VILLAGER,False,False,0,1,14,0,14,0.0,0.0,1.0,2,0,,0,0,8,0,0,0,6,0,,,0.0,,,,0.0,,0.4005,0.4203,-0.0198,0.4002,0.3838,0.0164,0.0,0.0,0.2812,0.0,0.0,0.0,0.0,0.0,0.0,0.3333,0.25,0.0,0.0,0.0,0.0
919,8,WOLF,False,2,4,P1,VILLAGER,False,False,0,0,14,0,14,0.0,0.0,1.0,2,0,,0,0,8,0,0,0,6,0,,,0.0,,,,0.0,,0.4003,0.4204,-0.0201,0.4001,0.3839,0.0162,0.0,0.0,0.2812,0.0,0.0,0.0,0.0,0.0,0.0,0.0,0.45,0.0,0.0,0.0,0.0
920,8,WOLF,False,2,4,P1,SEER,False,False,0,0,14,0,14,0.0,0.0,1.0,2,0,,0,0,8,0,0,0,6,0,,,0.0,,,,0.0,,0.4003,0.4204,-0.0201,0.4001,0.3839,0.0162,0.0,0.0,0.2812,0.0,0.0,0.0,0.0,0.0,0.0,0.0,0.45,0.0,0.0,0.0,0.0
921,8,WOLF,False,2,4,P1,VILLAGER,False,False,0,1,14,0,14,0.0,0.0,1.0,2,0,,0,0,8,0,0,0,6,0,,,0.0,,,,0.0,,0.4005,0.4203,-0.0198,0.4002,0.3838,0.0164,0.0,0.0,0.2812,0.0,0.0,0.0,0.0,0.0,0.0,0.3333,0.25,0.0,0.0,0.0,0.0
922,8,WOLF,False,2,4,P1,POSSESSED,False,True,0,1,14,0,14,0.0,0.0,1.0,2,0,,0,0,8,0,0,0,6,0,,,0.0,,,,0.0,,0.417,0.4104,0.0066,0.3865,0.392,-0.0055,0.0,0.0,0.2812,0.0,0.0,0.0,0.0,0.0,0.0,0.2083,0.325,0.0,0.0,0.0,0.0
923,8,WOLF,False,2,4,P1,VILLAGER,False,False,0,1,14,0,14,0.0,0.0,1.0,2,0,,0,0,8,0,0,0,6,0,,,0.0,,,,0.0,,0.417,0.4104,0.0066,0.3866,0.392,-0.0054,0.0,0.0,0.2812,0.0,0.0,0.0,0.0,0.0,0.0,0.2083,0.325,0.0,0.0,0.0,0.0
924,8,WOLF,False,2,4,P1,VILLAGER,False,False,0,1,14,0,14,0.0,0.0,1.0,2,0,,0,0,8,0,0,0,6,0,,,0.0,,,,0.0,,0.4005,0.4203,-0.0198,0.4002,0.3839,0.0163,0.0,0.0,0.2812,0.0,0.0,0.0,0.0,0.0,0.0,0.3333,0.25,0.0,0.0,0.0,0.0
925,8,WOLF,False,2,4,P1,VILLAGER,False,False,0,0,14,0,14,0.0,0.0,1.0,2,0,,0,0,8,0,0,0,6,0,,,0.0,,,,0.0,,0.4003,0.4204,-0.0201,0.4001,0.3839,0.0162,0.0,0.0,0.2812,0.0,0.0,0.0,0.0,0.0,0.0,0.0,0.45,0.0,0.0,0.0,0.0
926,8,WOLF,False,2,4,P1,POSSESSED,False,True,0,1,14,0,14,0.0,0.0,1.0,2,0,,0,0,8,0,0,0,6,0,,,0.0,,,,0.0,,0.417,0.4104,0.0066,0.3866,0.392,-0.0054,0.0,0.0,0.2812,0.0,0.0,0.0,0.0,0.0,0.0,0.2083,0.325,0.0,0.0,0.0,0.0
927,8,WOLF,False,2,4,P1,VILLAGER,False,False,0,1,14,0,14,0.0,0.0,1.0,2,0,,0,0,8,0,0,0,6,0,,,0.0,,,,0.0,,0.417,0.4104,0.0066,0.3866,0.392,-0.0054,0.0,0.0,0.2812,0.0,0.0,0.0,0.0,0.0,0.0,0.2083,0.325,0.0,0.0,0.0,0.0
928,8,WOLF,False,2,4,P1,VILLAGER,False,False,0,0,14,0,14,0.0,0.0,1.0,2,0,,0,0,8,0,0,0,6,0,,,0.0,,,,0.0,,0.4003,0.4204,-0.0201,0.4001,0.3839,0.0162,0.0,0.0,0.2812,0.0,0.0,0.0,0.0,0.0,0.0,0.0,0.45,0.0,0.0,0.0,0.0
929,8,WOLF,False,2,4,P1,VILLAGER,False,False,0,0,14,0,14,0.0,0.0,1.0,2,0,,0,0,8,0,0,0,6,0,,,0.0,,,,0.0,,0.4003,0.4204,-0.0201,0.4001,0.3839,0.0162,0.0,0.0,0.2812,0.0,0.0,0.0,0.0,0.0,0.0,0.0,0.45,0.0,0.0,0.0,0.0
930,8,WOLF,False,2,4,P1,VILLAGER,False,False,0,1,14,0,14,0.0,0.0,1.0,2,0,,0,0,8,0,0,0,6,0,,,0.0,,,,0.0,,0.4003,0.4204,-0.0201,0.4001,0.3839,0.0162,0.0,0.0,0.2812,0.0,0.0,0.0,0.0,0.0,0.0,0.0,0.45,0.0,0.0,0.0,0.0
931,8,WOLF,False,2,4,P1,VILLAGER,False,False,0,1,14,0,14,0.0,0.0,1.0,2,0,,0,0,8,0,0,0,6,0,,,0.0,,,,0.0,,0.417,0.4104,0.0066,0.3866,0.392,-0.0054,0.0,0.0,0.2812,0.0,0.0,0.0,0.0,0.0,0.0,0.2083,0.325,0.0,0.0,0.0,0.0
932,8,WOLF,False,2,4,P1,VILLAGER,False,False,0,1,14,0,14,0.0,0.0,1.0,2,0,,0,0,8,0,0,0,6,0,,,0.0,,,,0.0,,0.4003,0.4204,-0.0201,0.4001,0.3839,0.0162,0.0,0.0,0.2812,0.0,0.0,0.0,0.0,0.0,0.0,0.0,0.45,0.0,0.0,0.0,0.0
933,8,WOLF,False,2,4,P1,VILLAGER,False,False,0,0,14,0,14,0.0,0.0,1.0,2,0,,0,0,8,0,0,0,6,0,,,0.0,,,,0.0,,0.4003,0.4204,-0.0201,0.4001,0.3839,0.0162,0.0,0.0,0.2812,0.0,0.0,0.0,0.0,0.0,0.0,0.0,0.45,0.0,0.0,0.0,0.0
934,8,WOLF,False,2,4,P1,SEER,False,False,0,1,14,0,14,0.0,0.0,1.0,2,0,,0,0,8,0,0,0,6,0,,,0.0,,,,0.0,,0.417,0.4104,0.0066,0.3866,0.3921,-0.0055,0.0,0.0,0.2812,0.0,0.0,0.0,0.0,0.0,0.0,0.2083,0.325,0.0,0.0,0.0,0.0
935,8,WOLF,False,2,4,P1,VILLAGER,False,False,0,1,14,0,14,0.0,0.0,1.0,2,0,,0,0,8,0,0,0,6,0,,,0.0,,,,0.0,,0.417,0.4104,0.0066,0.3866,0.3921,-0.0055,0.0,0.0,0.2812,0.0,0.0,0.0,0.0,0.0,0.0,0.2083,0.325,0.0,0.0,0.0,0.0
936,8,WOLF,False,2,4,P1,VILLAGER,False,False,0,0,14,0,14,0.0,0.0,1.0,2,0,,0,0,8,0,0,0,6,0,,,0.0,,,,0.0,,0.4003,0.4204,-0.0201,0.4001,0.384,0.0161,0.0,0.0,0.2812,0.0,0.0,0.0,0.0,0.0,0.0,0.0,0.45,0.0,0.0,0.0,0.0
937,8,WOLF,False,2,4,P1,VILLAGER,False,False,0,0,14,0,14,0.0,0.0,1.0,2,0,,0,0,8,0,0,0,6,0,,,0.0,,,,0.0,,0.4003,0.4204,-0.0201,0.4001,0.384,0.0161,0.0,0.0,0.2812,0.0,0.0,0.0,0.0,0.0,0.0,0.0,0.45,0.0,0.0,0.0,0.0
938,8,WOLF,False,2,4,P1,SEER,False,False,0,0,14,0,14,0.0,0.0,1.0,2,0,,0,0,8,0,0,0,6,0,,,0.0,,,,0.0,,0.4003,0.4204,-0.0201,0.4001,0.384,0.0161,0.0,0.0,0.2812,0.0,0.0,0.0,0.0,0.0,0.0,0.0,0.45,0.0,0.0,0.0,0.0
939,8,WOLF,False,2,4,P1,VILLAGER,False,False,0,1,14,0,14,0.0,0.0,1.0,2,0,,0,0,8,0,0,0,6,0,,,0.0,,,,0.0,,0.4003,0.4204,-0.0201,0.4001,0.384,0.0161,0.0,0.0,0.2812,0.0,0.0,0.0,0.0,0.0,0.0,0.0,0.45,0.0,0.0,0.0,0.0
940,8,WOLF,False,2,4,P1,VILLAGER,False,False,0,1,14,0,14,0.0,0.0,1.0,2,0,,0,0,8,0,0,0,6,0,,,0.0,,,,0.0,,0.4005,0.4203,-0.0198,0.4002,0.3839,0.0163,0.0,0.0,0.2812,0.0,0.0,0.0,0.0,0.0,0.0,0.3333,0.25,0.0,0.0,0.0,0.0
941,8,WOLF,False,2,4,P1,VILLAGER,False,False,0,1,14,0,14,0.0,0.0,1.0,2,0,,0,0,8,0,0,0,6,0,,,0.0,,,,0.0,,0.417,0.4104,0.0066,0.3866,0.3921,-0.0055,0.0,0.0,0.2812,0.0,0.0,0.0,0.0,0.0,0.0,0.2083,0.325,0.0,0.0,0.0,0.0
942,8,WOLF,False,2,4,P1,POSSESSED,False,True,0,1,14,0,14,0.0,0.0,1.0,2,0,,0,0,8,0,0,0,6,0,,,0.0,,,,0.0,,0.417,0.4104,0.0066,0.3866,0.3921,-0.0055,0.0,0.0,0.2812,0.0,0.0,0.0,0.0,0.0,0.0,0.2083,0.325,0.0,0.0,0.0,0.0
943,8,WOLF,False,2,4,P1,VILLAGER,False,False,0,1,14,0,14,0.0,0.0,1.0,2,0,,0,0,8,0,0,0,6,0,,,0.0,,,,0.0,,0.417,0.4104,0.0066,0.3866,0.3921,-0.0055,0.0,0.0,0.2812,0.0,0.0,0.0,0.0,0.0,0.0,0.2083,0.325,0.0,0.0,0.0,0.0
944,8,WOLF,False,2,4,P1,VILLAGER,False,False,0,1,14,0,14,0.0,0.0,1.0,2,0,,0,0,8,0,0,0,6,0,,,0.0,,,,0.0,,0.4005,0.4203,-0.0198,0.4002,0.3839,0.0163,0.0,0.0,0.2812,0.0,0.0,0.0,0.0,0.0,0.0,0.3333,0.25,0.0,0.0,0.0,0.0
945,8,WOLF,False,2,4,P1,VILLAGER,False,False,0,0,14,0,14,0.0,0.0,1.0,2,0,,0,0,8,0,0,0,6,0,,,0.0,,,,0.0,,0.4003,0.4204,-0.0201,0.4001,0.384,0.0161,0.0,0.0,0.2812,0.0,0.0,0.0,0.0,0.0,0.0,0.0,0.45,0.0,0.0,0.0,0.0
946,8,WOLF,False,2,4,P1,VILLAGER,False,False,0,1,14,0,14,0.0,0.0,1.0,2,0,,0,0,8,0,0,0,6,0,,,0.0,,,,0.0,,0.4005,0.4203,-0.0198,0.4002,0.3839,0.0163,0.0,0.0,0.2812,0.0,0.0,0.0,0.0,0.0,0.0,0.3333,0.25,0.0,0.0,0.0,0.0
947,8,WOLF,False,2,4,P1,VILLAGER,False,False,0,1,14,0,14,0.0,0.0,1.0,2,0,,0,0,8,0,0,0,6,0,,,0.0,,,,0.0,,0.4005,0.4203,-0.0198,0.4002,0.3839,0.0163,0.0,0.0,0.2812,0.0,0.0,0.0,0.0,0.0,0.0,0.3333,0.25,0.0,0.0,0.0,0.0
948,8,WOLF,False,2,4,P1,VILLAGER,False,False,0,1,14,0,14,0.0,0.0,1.0,2,0,,0,0,8,0,0,0,6,0,,,0.0,,,,0.0,,0.4005,0.4203,-0.0198,0.4002,0.3839,0.0163,0.0,0.0,0.2812,0.0,0.0,0.0,0.0,0.0,0.0,0.3333,0.25,0.0,0.0,0.0,0.0
949,8,WOLF,False,2,4,P1,VILLAGER,False,False,0,1,14,0,14,0.0,0.0,1.0,2,0,,0,0,8,0,0,0,6,0,,,0.0,,,,0.0,,0.4003,0.4204,-0.0201,0.4001,0.384,0.0161,0.0,0.0,0.2812,0.0,0.0,0.0,0.0,0.0,0.0,0.0,0.45,0.0,0.0,0.0,0.0
950,8,WOLF,False,2,4,P1,VILLAGER,False,False,0,1,14,0,14,0.0,0.0,1.0,2,0,,0,0,8,0,0,0,6,0,,,0.0,,,,0.0,,0.4003,0.4204,-0.0201,0.4001,0.384,0.0161,0.0,0.0,0.2812,0.0,0.0,0.0,0.0,0.0,0.0,0.0,0.45,0.0,0.0,0.0,0.0
951,8,WOLF,False,2,4,P1,POSSESSED,False,True,0,1,14,0,14,0.0,0.0,1.0,2,0,,0,0,8,0,0,0,6,0,,,0.0,,,,0.0,,0.417,0.4104,0.0066,0.3866,0.3921,-0.0055,0.0,0.0,0.2812,0.0,0.0,0.0,0.0,0.0,0.0,0.2083,0.325,0.0,0.0,0.0,0.0
952,8,WOLF,False,2,4,P1,VILLAGER,False,False,0,0,14,0,14,0.0,0.0,1.0,2,0,,0,0,8,0,0,0,6,0,,,0.0,,,,0.0,,0.4003,0.4204,-0.0201,0.4001,0.384,0.0161,0.0,0.0,0.2812,0.0,0.0,0.0,0.0,0.0,0.0,0.0,0.45,0.0,0.0,0.0,0.0
953,8,WOLF,False,2,4,P1,VILLAGER,False,False,0,0,14,0,14,0.0,0.0,1.0,2,0,,0,0,8,0,0,0,6,0,,,0.0,,,,0.0,,0.4003,0.4204,-0.0201,0.4001,0.384,0.0161,0.0,0.0,0.2812,0.0,0.0,0.0,0.0,0.0,0.0,0.0,0.45,0.0,0.0,0.0,0.0
954,8,WOLF,False,2,4,P1,POSSESSED,False,True,0,1,14,0,14,0.0,0.0,1.0,2,0,,0,0,8,0,0,0,6,0,,,0.0,,,,0.0,,0.417,0.4104,0.0066,0.3866,0.3921,-0.0055,0.0,0.0,0.2812,0.0,0.0,0.0,0.0,0.0,0.0,0.2083,0.325,0.0,0.0,0.0,0.0
955,8,WOLF,False,2,4,P1,VILLAGER,False,False,0,1,14,0,14,0.0,0.0,1.0,2,0,,0,0,8,0,0,0,6,0,,,0.0,,,,0.0,,0.4005,0.4203,-0.0198,0.4002,0.3839,0.0163,0.0,0.0,0.2812,0.0,0.0,0.0,0.0,0.0,0.0,0.3333,0.25,0.0,0.0,0.0,0.0
956,8,WOLF,False,2,4,P1,SEER,False,False,0,1,14,0,14,0.0,0.0,1.0,2,0,,0,0,8,0,0,0,6,0,,,0.0,,,,0.0,,0.4003,0.4204,-0.0201,0.4001,0.384,0.0161,0.0,0.0,0.2812,0.0,0.0,0.0,0.0,0.0,0.0,0.0,0.45,0.0,0.0,0.0,0.0
957,8,WOLF,False,2,4,P1,VILLAGER,False,False,0,1,14,0,14,0.0,0.0,1.0,2,0,,0,0,8,0,0,0,6,0,,,0.0,,,,0.0,,0.417,0.4104,0.0066,0.3866,0.3921,-0.0055,0.0,0.0,0.2812,0.0,0.0,0.0,0.0,0.0,0.0,0.2083,0.325,0.0,0.0,0.0,0.0
958,8,WOLF,False,2,4,P1,VILLAGER,False,False,0,1,14,0,14,0.0,0.0,1.0,2,0,,0,0,8,0,0,0,6,0,,,0.0,,,,0.0,,0.4003,0.4204,-0.0201,0.4001,0.384,0.0161,0.0,0.0,0.2812,0.0,0.0,0.0,0.0,0.0,0.0,0.0,0.45,0.0,0.0,0.0,0.0
959,8,WOLF,False,2,4,P1,VILLAGER,False,False,0,1,14,0,14,0.0,0.0,1.0,2,0,,0,0,8,0,0,0,6,0,,,0.0,,,,0.0,,0.417,0.4104,0.0066,0.3866,0.3921,-0.0055,0.0,0.0,0.2812,0.0,0.0,0.0,0.0,0.0,0.0,0.2083,0.325,0.0,0.0,0.0,0.0
960,8,WOLF,False,2,4,P1,VILLAGER,False,False,0,1,14,0,14,0.0,0.0,1.0,2,0,,0,0,8,0,0,0,6,0,,,0.0,,,,0.0,,0.4005,0.4203,-0.0198,0.4002,0.384,0.0162,0.0,0.0,0.2812,0.0,0.0,0.0,0.0,0.0,0.0,0.3333,0.25,0.0,0.0,0.0,0.0
961,8,WOLF,False,2,4,P1,POSSESSED,False,True,0,1,14,0,14,0.0,0.0,1.0,2,0,,0,0,8,0,0,0,6,0,,,0.0,,,,0.0,,0.417,0.4104,0.0066,0.3867,0.3921,-0.0054,0.0,0.0,0.2812,0.0,0.0,0.0,0.0,0.0,0.0,0.2083,0.325,0.0,0.0,0.0,0.0
962,8,WOLF,False,2,4,P1,POSSESSED,False,True,0,1,14,0,14,0.0,0.0,1.0,2,0,,0,0,8,0,0,0,6,0,,,0.0,,,,0.0,,0.417,0.4104,0.0066,0.3867,0.3921,-0.0054,0.0,0.0,0.2812,0.0,0.0,0.0,0.0,0.0,0.0,0.2083,0.325,0.0,0.0,0.0,0.0
963,8,WOLF,False,2,4,P1,SEER,False,False,0,1,14,0,14,0.0,0.0,1.0,2,0,,0,0,8,0,0,0,6,0,,,0.0,,,,0.0,,0.4003,0.4204,-0.0201,0.4001,0.384,0.0161,0.0,0.0,0.2812,0.0,0.0,0.0,0.0,0.0,0.0,0.0,0.45,0.0,0.0,0.0,0.0
964,8,WOLF,False,2,4,P1,VILLAGER,False,False,0,0,14,0,14,0.0,0.0,1.0,2,0,,0,0,8,0,0,0,6,0,,,0.0,,,,0.0,,0.4003,0.4204,-0.0201,0.4001,0.384,0.0161,0.0,0.0,0.2812,0.0,0.0,0.0,0.0,0.0,0.0,0.0,0.45,0.0,0.0,0.0,0.0
965,8,WOLF,False,2,4,P1,SEER,False,False,0,1,14,0,14,0.0,0.0,1.0,2,0,,0,0,8,0,0,0,6,0,,,0.0,,,,0.0,,0.417,0.4104,0.0066,0.3867,0.3921,-0.0054,0.0,0.0,0.2812,0.0,0.0,0.0,0.0,0.0,0.0,0.2083,0.325,0.0,0.0,0.0,0.0
966,8,WOLF,False,2,4,P1,VILLAGER,False,False,0,1,14,0,14,0.0,0.0,1.0,2,0,,0,0,8,0,0,0,6,0,,,0.0,,,,0.0,,0.4005,0.4203,-0.0198,0.4002,0.384,0.0162,0.0,0.0,0.2812,0.0,0.0,0.0,0.0,0.0,0.0,0.3333,0.25,0.0,0.0,0.0,0.0
967,8,WOLF,False,2,4,P1,VILLAGER,False,False,0,1,14,0,14,0.0,0.0,1.0,2,0,,0,0,8,0,0,0,6,0,,,0.0,,,,0.0,,0.4005,0.4203,-0.0198,0.4002,0.384,0.0162,0.0,0.0,0.2812,0.0,0.0,0.0,0.0,0.0,0.0,0.3333,0.25,0.0,0.0,0.0,0.0
968,8,WOLF,False,2,4,P1,VILLAGER,False,False,0,1,14,0,14,0.0,0.0,1.0,2,0,,0,0,8,0,0,0,6,0,,,0.0,,,,0.0,,0.4003,0.4204,-0.0201,0.4001,0.384,0.0161,0.0,0.0,0.2812,0.0,0.0,0.0,0.0,0.0,0.0,0.0,0.45,0.0,0.0,0.0,0.0
969,8,WOLF,False,2,4,P1,SEER,False,False,0,1,14,0,14,0.0,0.0,1.0,2,0,,0,0,8,0,0,0,6,0,,,0.0,,,,0.0,,0.417,0.4104,0.0066,0.3867,0.3921,-0.0054,0.0,0.0,0.2812,0.0,0.0,0.0,0.0,0.0,0.0,0.2083,0.325,0.0,0.0,0.0,0.0
970,8,WOLF,False,2,4,P1,VILLAGER,False,False,0,1,14,0,14,0.0,0.0,1.0,2,0,,0,0,8,0,0,0,6,0,,,0.0,,,,0.0,,0.417,0.4104,0.0066,0.3867,0.3921,-0.0054,0.0,0.0,0.2812,0.0,0.0,0.0,0.0,0.0,0.0,0.2083,0.325,0.0,0.0,0.0,0.0
971,8,WOLF,False,2,4,P1,SEER,False,False,0,1,14,0,14,0.0,0.0,1.0,2,0,,0,0,8,0,0,0,6,0,,,0.0,,,,0.0,,0.417,0.4104,0.0066,0.3867,0.3921,-0.0054,0.0,0.0,0.2812,0.0,0.0,0.0,0.0,0.0,0.0,0.2083,0.325,0.0,0.0,0.0,0.0
972,8,WOLF,False,2,4,P1,VILLAGER,False,False,0,0,14,0,14,0.0,0.0,1.0,2,0,,0,0,8,0,0,0,6,0,,,0.0,,,,0.0,,0.4003,0.4204,-0.0201,0.4001,0.3841,0.016,0.0,0.0,0.2812,0.0,0.0,0.0,0.0,0.0,0.0,0.0,0.45,0.0,0.0,0.0,0.0
973,8,WOLF,False,2,4,P1,POSSESSED,False,True,0,1,14,0,14,0.0,0.0,1.0,2,0,,0,0,8,0,0,0,6,0,,,0.0,,,,0.0,,0.417,0.4104,0.0066,0.3867,0.3921,-0.0054,0.0,0.0,0.2812,0.0,0.0,0.0,0.0,0.0,0.0,0.2083,0.325,0.0,0.0,0.0,0.0
974,8,WOLF,False,2,4,P1,SEER,False,False,0,0,14,0,14,0.0,0.0,1.0,2,0,,0,0,8,0,0,0,6,0,,,0.0,,,,0.0,,0.4003,0.4204,-0.0201,0.4001,0.3841,0.016,0.0,0.0,0.2812,0.0,0.0,0.0,0.0,0.0,0.0,0.0,0.45,0.0,0.0,0.0,0.0
975,8,WOLF,False,2,4,P1,VILLAGER,False,False,0,1,14,0,14,0.0,0.0,1.0,2,0,,0,0,8,0,0,0,6,0,,,0.0,,,,0.0,,0.4003,0.4204,-0.0201,0.4001,0.3841,0.016,0.0,0.0,0.2812,0.0,0.0,0.0,0.0,0.0,0.0,0.0,0.45,0.0,0.0,0.0,0.0
976,8,WOLF,False,2,4,P1,VILLAGER,False,False,0,1,14,0,14,0.0,0.0,1.0,2,0,,0,0,8,0,0,0,6,0,,,0.0,,,,0.0,,0.4003,0.4204,-0.0201,0.4001,0.3841,0.016,0.0,0.0,0.2812,0.0,0.0,0.0,0.0,0.0,0.0,0.0,0.45,0.0,0.0,0.0,0.0
977,8,WOLF,False,2,4,P1,VILLAGER,False,False,0,0,14,0,14,0.0,0.0,1.0,2,0,,0,0,8,0,0,0,6,0,,,0.0,,,,0.0,,0.4003,0.4204,-0.0201,0.4001,0.3841,0.016,0.0,0.0,0.2812,0.0,0.0,0.0,0.0,0.0,0.0,0.0,0.45,0.0,0.0,0.0,0.0
978,8,WOLF,False,2,4,P1,VILLAGER,False,False,0,0,14,0,14,0.0,0.0,1.0,2,0,,0,0,8,0,0,0,6,0,,,0.0,,,,0.0,,0.4003,0.4204,-0.0201,0.4001,0.3841,0.016,0.0,0.0,0.2812,0.0,0.0,0.0,0.0,0.0,0.0,0.0,0.45,0.0,0.0,0.0,0.0
979,8,WOLF,False,2,4,P1,POSSESSED,False,True,0,1,14,0,14,0.0,0.0,1.0,2,0,,0,0,8,0,0,0,6,0,,,0.0,,,,0.0,,0.417,0.4104,0.0066,0.3867,0.3921,-0.0054,0.0,0.0,0.2812,0.0,0.0,0.0,0.0,0.0,0.0,0.2083,0.325,0.0,0.0,0.0,0.0
980,8,WOLF,False,2,4,P1,VILLAGER,False,False,0,1,14,0,14,0.0,0.0,1.0,2,0,,0,0,8,0,0,0,6,0,,,0.0,,,,0.0,,0.4005,0.4203,-0.0198,0.4002,0.384,0.0162,0.0,0.0,0.2812,0.0,0.0,0.0,0.0,0.0,0.0,0.3333,0.25,0.0,0.0,0.0,0.0
981,8,WOLF,False,2,4,P1,VILLAGER,False,False,0,0,14,0,14,0.0,0.0,1.0,2,0,,0,0,8,0,0,0,6,0,,,0.0,,,,0.0,,0.4003,0.4204,-0.0201,0.4001,0.3841,0.016,0.0,0.0,0.2812,0.0,0.0,0.0,0.0,0.0,0.0,0.0,0.45,0.0,0.0,0.0,0.0
982,8,WOLF,False,2,4,P1,VILLAGER,False,False,0,1,14,0,14,0.0,0.0,1.0,2,0,,0,0,8,0,0,0,6,0,,,0.0,,,,0.0,,0.4003,0.4204,-0.0201,0.4001,0.3841,0.016,0.0,0.0,0.2812,0.0,0.0,0.0,0.0,0.0,0.0,0.0,0.45,0.0,0.0,0.0,0.0
983,8,WOLF,False,2,4,P1,VILLAGER,False,False,0,0,14,0,14,0.0,0.0,1.0,2,0,,0,0,8,0,0,0,6,0,,,0.0,,,,0.0,,0.4003,0.4204,-0.0201,0.4001,0.3841,0.016,0.0,0.0,0.2812,0.0,0.0,0.0,0.0,0.0,0.0,0.0,0.45,0.0,0.0,0.0,0.0
984,8,WOLF,False,2,4,P1,POSSESSED,False,True,0,1,14,0,14,0.0,0.0,1.0,2,0,,0,0,8,0,0,0,6,0,,,0.0,,,,0.0,,0.417,0.4104,0.0066,0.3867,0.3921,-0.0054,0.0,0.0,0.2812,0.0,0.0,0.0,0.0,0.0,0.0,0.2083,0.325,0.0,0.0,0.0,0.0
985,8,WOLF,False,2,4,P1,VILLAGER,False,False,0,1,14,0,14,0.0,0.0,1.0,2,0,,0,0,8,0,0,0,6,0,,,0.0,,,,0.0,,0.417,0.4104,0.0066,0.3867,0.3921,-0.0054,0.0,0.0,0.2812,0.0,0.0,0.0,0.0,0.0,0.0,0.2083,0.325,0.0,0.0,0.0,0.0
986,8,WOLF,False,2,4,P1,VILLAGER,False,False,0,1,14,0,14,0.0,0.0,1.0,2,0,,0,0,8,0,0,0,6,0,,,0.0,,,,0.0,,0.4005,0.4203,-0.0198,0.4002,0.3841,0.0161,0.0,0.0,0.2812,0.0,0.0,0.0,0.0,0.0,0.0,0.3333,0.25,0.0,0.0,0.0,0.0
987,8,WOLF,False,2,4,P1,VILLAGER,False,False,0,0,14,0,14,0.0,0.0,1.0,2,0,,0,0,8,0,0,0,6,0,,,0.0,,,,0.0,,0.4003,0.4204,-0.0201,0.4001,0.3841,0.016,0.0,0.0,0.2812,0.0,0.0,0.0,0.0,0.0,0.0,0.0,0.45,0.0,0.0,0.0,0.0
988,8,WOLF,False,2,4,P1,VILLAGER,False,False,0,1,14,0,14,0.0,0.0,1.0,2,0,,0,0,8,0,0,0,6,0,,,0.0,,,,0.0,,0.4003,0.4204,-0.0201,0.4001,0.3841,0.016,0.0,0.0,0.2812,0.0,0.0,0.0,0.0,0.0,0.0,0.0,0.45,0.0,0.0,0.0,0.0
989,8,WOLF,False,2,4,P1,VILLAGER,False,False,0,1,14,0,14,0.0,0.0,1.0,2,0,,0,0,8,0,0,0,6,0,,,0.0,,,,0.0,,0.4003,0.4204,-0.0201,0.4001,0.3841,0.016,0.0,0.0,0.2812,0.0,0.0,0.0,0.0,0.0,0.0,0.0,0.45,0.0,0.0,0.0,0.0
990,8,WOLF,False,2,4,P1,VILLAGER,False,False,0,0,14,0,14,0.0,0.0,1.0,2,0,,0,0,8,0,0,0,6,0,,,0.0,,,,0.0,,0.4003,0.4204,-0.0201,0.4001,0.3841,0.016,0.0,0.0,0.2812,0.0,0.0,0.0,0.0,0.0,0.0,0.0,0.45,0.0,0.0,0.0,0.0
991,8,WOLF,False,2,4,P1,SEER,False,False,0,1,14,0,14,0.0,0.0,1.0,2,0,,0,0,8,0,0,0,6,0,,,0.0,,,,0.0,,0.4005,0.4203,-0.0198,0.4002,0.3841,0.0161,0.0,0.0,0.2812,0.0,0.0,0.0,0.0,0.0,0.0,0.3333,0.25,0.0,0.0,0.0,0.0
992,8,WOLF,False,2,4,P1,VILLAGER,False,False,0,0,14,0,14,0.0,0.0,1.0,2,0,,0,0,8,0,0,0,6,0,,,0.0,,,,0.0,,0.4003,0.4204,-0.0201,0.4001,0.3841,0.016,0.0,0.0,0.2812,0.0,0.0,0.0,0.0,0.0,0.0,0.0,0.45,0.0,0.0,0.0,0.0
993,8,WOLF,False,2,4,P1,SEER,False,False,0,1,14,0,14,0.0,0.0,1.0,2,0,,0,0,8,0,0,0,6,0,,,0.0,,,,0.0,,0.4003,0.4204,-0.0201,0.4001,0.3841,0.016,0.0,0.0,0.2812,0.0,0.0,0.0,0.0,0.0,0.0,0.0,0.45,0.0,0.0,0.0,0.0
994,8,WOLF,False,2,4,P1,VILLAGER,False,False,0,1,14,0,14,0.0,0.0,1.0,2,0,,0,0,8,0,0,0,6,0,,,0.0,,,,0.0,,0.417,0.4104,0.0066,0.3867,0.3921,-0.0054,0.0,0.0,0.2812,0.0,0.0,0.0,0.0,0.0,0.0,0.2083,0.325,0.0,0.0,0.0,0.0
995,8,WOLF,False,2,4,P1,VILLAGER,False,False,0,1,14,0,14,0.0,0.0,1.0,2,0,,0,0,8,0,0,0,6,0,,,0.0,,,,0.0,,0.417,0.4104,0.0066,0.3867,0.3921,-0.0054,0.0,0.0,0.2812,0.0,0.0,0.0,0.0,0.0,0.0,0.2083,0.325,0.0,0.0,0.0,0.0
996,8,WOLF,False,2,4,P1,VILLAGER,False,False,0,1,14,0,14,0.0,0.0,1.0,2,0,,0,0,8,0,0,0,6,0,,,0.0,,,,0.0,,0.417,0.4104,0.0066,0.3868,0.3922,-0.0054,0.0,0.0,0.2812,0.0,0.0,0.0,0.0,0.0,0.0,0.2083,0.325,0.0,0.0,0.0,0.0
997,8,WOLF,False,2,4,P1,SEER,False,False,0,1,14,0,14,0.0,0.0,1.0,2,0,,0,0,8,0,0,0,6,0,,,0.0,,,,0.0,,0.4005,0.4203,-0.0198,0.4002,0.3841,0.0161,0.0,0.0,0.2812,0.0,0.0,0.0,0.0,0.0,0.0,0.3333,0.25,0.0,0.0,0.0,0.0
998,8,WOLF,False,2,4,P1,SEER,False,False,0,1,14,0,14,0.0,0.0,1.0,2,0,,0,0,8,0,0,0,6,0,,,0.0,,,,0.0,,0.417,0.4104,0.0066,0.3868,0.3922,-0.0054,0.0,0.0,0.2812,0.0,0.0,0.0,0.0,0.0,0.0,0.2083,0.325,0.0,0.0,0.0,0.0
999,8,WOLF,False,2,4,P1,VILLAGER,False,False,0,1,14,0,14,0.0,0.0,1.0,2,0,,0,0,8,0,0,0,6,0,,,0.0,,,,0.0,,0.417,0.4104,0.0066,0.3868,0.3922,-0.0054,0.0,0.0,0.2812,0.0,0.0,0.0,0.0,0.0,0.0,0.2083,0.325,0.0,0.0,0.0,0.0
1000,8,WOLF,False,2,4,P1,VILLAGER,False,False,0,1,14,0,14,0.0,0.0,1.0,2,0,,0,0,8,0,0,0,6,0,,,0.0,,,,0.0,,0.4003,0.4204,-0.0201,0.4001,0.3842,0.0159,0.0,0.0,0.2812,0.0,0.0,0.0,0.0,0.0,0.0,0.0,0.45,0.0,0.0,0.0,0.0
1001,8,WOLF,False,2,4,P1,VILLAGER,False,False,0,1,14,0,14,0.0,0.0,1.0,2,0,,0,0,8,0,0,0,6,0,,,0.0,,,,0.0,,0.4005,0.4203,-0.0198,0.4002,0.3841,0.0161,0.0,0.0,0.2812,0.0,0.0,0.0,0.0,0.0,0.0,0.3333,0.25,0.0,0.0,0.0,0.0
1002,8,WOLF,False,2,4,P1,VILLAGER,False,False,0,1,14,0,14,0.0,0.0,1.0,2,0,,0,0,8,0,0,0,6,0,,,0.0,,,,0.0,,0.4005,0.4203,-0.0198,0.4002,0.3841,0.0161,0.0,0.0,0.2812,0.0,0.0,0.0,0.0,0.0,0.0,0.3333,0.25,0.0,0.0,0.0,0.0
1003,8,WOLF,False,2,4,P1,VILLAGER,False,False,0,0,14,0,14,0.0,0.0,1.0,2,0,,0,0,8,0,0,0,6,0,,,0.0,,,,0.0,,0.4003,0.4204,-0.0201,0.4001,0.3842,0.0159,0.0,0.0,0.2812,0.0,0.0,0.0,0.0,0.0,0.0,0.0,0.45,0.0,0.0,0.0,0.0
1004,8,WOLF,False,2,4,P1,VILLAGER,False,False,0,0,14,0,14,0.0,0.0,1.0,2,0,,0,0,8,0,0,0,6,0,,,0.0,,,,0.0,,0.4003,0.4204,-0.0201,0.4001,0.3842,0.0159,0.0,0.0,0.2812,0.0,0.0,0.0,0.0,0.0,0.0,0.0,0.45,0.0,0.0,0.0,0.0
1005,8,WOLF,False,2,4,P1,VILLAGER,False,False,0,1,14,0,14,0.0,0.0,1.0,2,0,,0,0,8,0,0,0,6,0,,,0.0,,,,0.0,,0.417,0.4104,0.0066,0.3868,0.3922,-0.0054,0.0,0.0,0.2812,0.0,0.0,0.0,0.0,0.0,0.0,0.2083,0.325,0.0,0.0,0.0,0.0
1006,8,WOLF,False,2,4,P1,POSSESSED,False,True,0,1,14,0,14,0.0,0.0,1.0,2,0,,0,0,8,0,0,0,6,0,,,0.0,,,,0.0,,0.417,0.4104,0.0066,0.3868,0.3922,-0.0054,0.0,0.0,0.2812,0.0,0.0,0.0,0.0,0.0,0.0,0.2083,0.325,0.0,0.0,0.0,0.0
1007,8,WOLF,False,2,4,P1,SEER,False,False,0,1,14,0,14,0.0,0.0,1.0,2,0,,0,0,8,0,0,0,6,0,,,0.0,,,,0.0,,0.4005,0.4203,-0.0198,0.4002,0.3841,0.0161,0.0,0.0,0.2812,0.0,0.0,0.0,0.0,0.0,0.0,0.3333,0.25,0.0,0.0,0.0,0.0
1008,8,WOLF,False,2,4,P1,VILLAGER,False,False,0,1,14,0,14,0.0,0.0,1.0,2,0,,0,0,8,0,0,0,6,0,,,0.0,,,,0.0,,0.417,0.4104,0.0066,0.3868,0.3922,-0.0054,0.0,0.0,0.2812,0.0,0.0,0.0,0.0,0.0,0.0,0.2083,0.325,0.0,0.0,0.0,0.0
1009,8,WOLF,False,2,4,P1,SEER,False,False,0,0,14,0,14,0.0,0.0,1.0,2,0,,0,0,8,0,0,0,6,0,,,0.0,,,,0.0,,0.4003,0.4204,-0.0201,0.4001,0.3842,0.0159,0.0,0.0,0.2812,0.0,0.0,0.0,0.0,0.0,0.0,0.0,0.45,0.0,0.0,0.0,0.0
1010,8,WOLF,False,2,4,P1,VILLAGER,False,False,0,0,14,0,14,0.0,0.0,1.0,2,0,,0,0,8,0,0,0,6,0,,,0.0,,,,0.0,,0.4003,0.4204,-0.0201,0.4001,0.3842,0.0159,0.0,0.0,0.2812,0.0,0.0,0.0,0.0,0.0,0.0,0.0,0.45,0.0,0.0,0.0,0.0
1011,8,WOLF,False,2,4,P1,VILLAGER,False,False,0,1,14,0,14,0.0,0.0,1.0,2,0,,0,0,8,0,0,0,6,0,,,0.0,,,,0.0,,0.417,0.4104,0.0066,0.3868,0.3922,-0.0054,0.0,0.0,0.2812,0.0,0.0,0.0,0.0,0.0,0.0,0.2083,0.325,0.0,0.0,0.0,0.0
1012,8,WOLF,False,2,4,P1,SEER,False,False,0,0,14,0,14,0.0,0.0,1.0,2,0,,0,0,8,0,0,0,6,0,,,0.0,,,,0.0,,0.4003,0.4204,-0.0201,0.4001,0.3842,0.0159,0.0,0.0,0.2812,0.0,0.0,0.0,0.0,0.0,0.0,0.0,0.45,0.0,0.0,0.0,0.0
1013,8,WOLF,False,2,4,P1,VILLAGER,False,False,0,0,14,0,14,0.0,0.0,1.0,2,0,,0,0,8,0,0,0,6,0,,,0.0,,,,0.0,,0.4003,0.4204,-0.0201,0.4001,0.3842,0.0159,0.0,0.0,0.2812,0.0,0.0,0.0,0.0,0.0,0.0,0.0,0.45,0.0,0.0,0.0,0.0
1014,8,WOLF,False,2,4,P1,VILLAGER,False,False,0,1,14,0,14,0.0,0.0,1.0,2,0,,0,0,8,0,0,0,6,0,,,0.0,,,,0.0,,0.417,0.4104,0.0066,0.3868,0.3922,-0.0054,0.0,0.0,0.2812,0.0,0.0,0.0,0.0,0.0,0.0,0.2083,0.325,0.0,0.0,0.0,0.0
1015,8,WOLF,False,2,4,P1,VILLAGER,False,False,0,1,14,0,14,0.0,0.0,1.0,2,0,,0,0,8,0,0,0,6,0,,,0.0,,,,0.0,,0.417,0.4104,0.0066,0.3868,0.3922,-0.0054,0.0,0.0,0.2812,0.0,0.0,0.0,0.0,0.0,0.0,0.2083,0.325,0.0,0.0,0.0,0.0
1016,8,WOLF,False,2,4,P1,VILLAGER,False,False,0,0,14,0,14,0.0,0.0,1.0,2,0,,0,0,8,0,0,0,6,0,,,0.0,,,,0.0,,0.4003,0.4204,-0.0201,0.4001,0.3842,0.0159,0.0,0.0,0.2812,0.0,0.0,0.0,0.0,0.0,0.0,0.0,0.45,0.0,0.0,0.0,0.0
1017,8,WOLF,False,2,4,P1,VILLAGER,False,False,0,0,14,0,14,0.0,0.0,1.0,2,0,,0,0,8,0,0,0,6,0,,,0.0,,,,0.0,,0.4003,0.4204,-0.0201,0.4001,0.3842,0.0159,0.0,0.0,0.2812,0.0,0.0,0.0,0.0,0.0,0.0,0.0,0.45,0.0,0.0,0.0,0.0
1018,8,WOLF,False,2,4,P1,VILLAGER,False,False,0,0,14,0,14,0.0,0.0,1.0,2,0,,0,0,8,0,0,0,6,0,,,0.0,,,,0.0,,0.4003,0.4204,-0.0201,0.4001,0.3842,0.0159,0.0,0.0,0.2812,0.0,0.0,0.0,0.0,0.0,0.0,0.0,0.45,0.0,0.0,0.0,0.0
1019,8,WOLF,False,2,4,P1,VILLAGER,False,False,0,0,14,0,14,0.0,0.0,1.0,2,0,,0,0,8,0,0,0,6,0,,,0.0,,,,0.0,,0.4003,0.4204,-0.0201,0.4001,0.3842,0.0159,0.0,0.0,0.2812,0.0,0.0,0.0,0.0,0.0,0.0,0.0,0.45,0.0,0.0,0.0,0.0
1020,8,WOLF,False,2,4,P1,POSSESSED,False,True,0,1,14,0,14,0.0,0.0,1.0,2,0,,0,0,8,0,0,0,6,0,,,0.0,,,,0.0,,0.417,0.4104,0.0066,0.3868,0.3922,-0.0054,0.0,0.0,0.2812,0.0,0.0,0.0,0.0,0.0,0.0,0.2083,0.325,0.0,0.0,0.0,0.0
1021,8,WOLF,False,2,4,P1,SEER,False,False,0,1,14,0,14,0.0,0.0,1.0,2,0,,0,0,8,0,0,0,6,0,,,0.0,,,,0.0,,0.4005,0.4203,-0.0198,0.4002,0.3842,0.016,0.0,0.0,0.2812,0.0,0.0,0.0,0.0,0.0,0.0,0.3333,0.25,0.0,0.0,0.0,0.0
1022,8,WOLF,False,2,4,P1,VILLAGER,False,False,0,1,14,0,14,0.0,0.0,1.0,2,0,,0,0,8,0,0,0,6,0,,,0.0,,,,0.0,,0.417,0.4104,0.0066,0.3868,0.3922,-0.0054,0.0,0.0,0.2812,0.0,0.0,0.0,0.0,0.0,0.0,0.2083,0.325,0.0,0.0,0.0,0.0
1023,8,WOLF,False,2,4,P1,POSSESSED,False,True,0,1,14,0,14,0.0,0.0,1.0,2,0,,0,0,8,0,0,0,6,0,,,0.0,,,,0.0,,0.417,0.4104,0.0066,0.3868,0.3922,-0.0054,0.0,0.0,0.2812,0.0,0.0,0.0,0.0,0.0,0.0,0.2083,0.325,0.0,0.0,0.0,0.0
1024,8,WOLF,False,2,4,P1,VILLAGER,False,False,0,1,14,0,14,0.0,0.0,1.0,2,0,,0,0,8,0,0,0,6,0,,,0.0,,,,0.0,,0.4003,0.4204,-0.0201,0.4001,0.3842,0.0159,0.0,0.0,0.2812,0.0,0.0,0.0,0.0,0.0,0.0,0.0,0.45,0.0,0.0,0.0,0.0
1025,8,WOLF,False,2,4,P1,VILLAGER,False,False,0,0,14,0,14,0.0,0.0,1.0,2,0,,0,0,8,0,0,0,6,0,,,0.0,,,,0.0,,0.4003,0.4204,-0.0201,0.4001,0.3842,0.0159,0.0,0.0,0.2812,0.0,0.0,0.0,0.0,0.0,0.0,0.0,0.45,0.0,0.0,0.0,0.0
1026,8,WOLF,False,2,4,P1,SEER,False,False,0,0,14,0,14,0.0,0.0,1.0,2,0,,0,0,8,0,0,0,6,0,,,0.0,,,,0.0,,0.4003,0.4204,-0.0201,0.4001,0.3842,0.0159,0.0,0.0,0.2812,0.0,0.0,0.0,0.0,0.0,0.0,0.0,0.45,0.0,0.0,0.0,0.0
1027,8,WOLF,False,2,4,P1,VILLAGER,False,False,0,0,14,0,14,0.0,0.0,1.0,2,0,,0,0,8,0,0,0,6,0,,,0.0,,,,0.0,,0.4003,0.4204,-0.0201,0.4001,0.3842,0.0159,0.0,0.0,0.2812,0.0,0.0,0.0,0.0,0.0,0.0,0.0,0.45,0.0,0.0,0.0,0.0
1028,8,WOLF,False,2,4,P1,VILLAGER,False,False,0,1,14,0,14,0.0,0.0,1.0,2,0,,0,0,8,0,0,0,6,0,,,0.0,,,,0.0,,0.417,0.4104,0.0066,0.3868,0.3922,-0.0054,0.0,0.0,0.2812,0.0,0.0,0.0,0.0,0.0,0.0,0.2083,0.325,0.0,0.0,0.0,0.0
1029,8,WOLF,False,2,4,P1,SEER,False,False,0,1,14,0,14,0.0,0.0,1.0,2,0,,0,0,8,0,0,0,6,0,,,0.0,,,,0.0,,0.417,0.4104,0.0066,0.3868,0.3922,-0.0054,0.0,0.0,0.2812,0.0,0.0,0.0,0.0,0.0,0.0,0.2083,0.325,0.0,0.0,0.0,0.0
1030,8,WOLF,False,2,4,P1,VILLAGER,False,False,0,1,14,0,14,0.0,0.0,1.0,2,0,,0,0,8,0,0,0,6,0,,,0.0,,,,0.0,,0.4005,0.4203,-0.0198,0.4002,0.3842,0.016,0.0,0.0,0.2812,0.0,0.0,0.0,0.0,0.0,0.0,0.3333,0.25,0.0,0.0,0.0,0.0
1031,8,WOLF,False,2,4,P1,SEER,False,False,0,1,14,0,14,0.0,0.0,1.0,2,0,,0,0,8,0,0,0,6,0,,,0.0,,,,0.0,,0.4003,0.4204,-0.0201,0.4001,0.3843,0.0158,0.0,0.0,0.2812,0.0,0.0,0.0,0.0,0.0,0.0,0.0,0.45,0.0,0.0,0.0,0.0
1032,8,WOLF,False,2,4,P1,VILLAGER,False,False,0,1,14,0,14,0.0,0.0,1.0,2,0,,0,0,8,0,0,0,6,0,,,0.0,,,,0.0,,0.417,0.4104,0.0066,0.3869,0.3922,-0.0053,0.0,0.0,0.2812,0.0,0.0,0.0,0.0,0.0,0.0,0.2083,0.325,0.0,0.0,0.0,0.0
1033,8,WOLF,False,2,4,P1,SEER,False,False,0,1,14,0,14,0.0,0.0,1.0,2,0,,0,0,8,0,0,0,6,0,,,0.0,,,,0.0,,0.4005,0.4203,-0.0198,0.4002,0.3842,0.016,0.0,0.0,0.2812,0.0,0.0,0.0,0.0,0.0,0.0,0.3333,0.25,0.0,0.0,0.0,0.0
1034,8,WOLF,False,2,4,P1,SEER,False,False,0,0,14,0,14,0.0,0.0,1.0,2,0,,0,0,8,0,0,0,6,0,,,0.0,,,,0.0,,0.4003,0.4204,-0.0201,0.4001,0.3843,0.0158,0.0,0.0,0.2812,0.0,0.0,0.0,0.0,0.0,0.0,0.0,0.45,0.0,0.0,0.0,0.0
1035,8,WOLF,False,2,4,P1,VILLAGER,False,False,0,0,14,0,14,0.0,0.0,1.0,2,0,,0,0,8,0,0,0,6,0,,,0.0,,,,0.0,,0.4003,0.4204,-0.0201,0.4001,0.3843,0.0158,0.0,0.0,0.2812,0.0,0.0,0.0,0.0,0.0,0.0,0.0,0.45,0.0,0.0,0.0,0.0
1036,8,WOLF,False,2,4,P1,VILLAGER,False,False,0,1,14,0,14,0.0,0.0,1.0,2,0,,0,0,8,0,0,0,6,0,,,0.0,,,,0.0,,0.4005,0.4203,-0.0198,0.4002,0.3842,0.016,0.0,0.0,0.2812,0.0,0.0,0.0,0.0,0.0,0.0,0.3333,0.25,0.0,0.0,0.0,0.0
1037,8,WOLF,False,2,4,P1,VILLAGER,False,False,0,1,14,0,14,0.0,0.0,1.0,2,0,,0,0,8,0,0,0,6,0,,,0.0,,,,0.0,,0.4005,0.4203,-0.0198,0.4002,0.3842,0.016,0.0,0.0,0.2812,0.0,0.0,0.0,0.0,0.0,0.0,0.3333,0.25,0.0,0.0,0.0,0.0
1038,8,WOLF,False,2,4,P1,SEER,False,False,0,0,14,0,14,0.0,0.0,1.0,2,0,,0,0,8,0,0,0,6,0,,,0.0,,,,0.0,,0.4003,0.4204,-0.0201,0.4001,0.3843,0.0158,0.0,0.0,0.2812,0.0,0.0,0.0,0.0,0.0,0.0,0.0,0.45,0.0,0.0,0.0,0.0
1039,8,WOLF,False,2,4,P1,VILLAGER,False,False,0,0,14,0,14,0.0,0.0,1.0,2,0,,0,0,8,0,0,0,6,0,,,0.0,,,,0.0,,0.4003,0.4204,-0.0201,0.4001,0.3843,0.0158,0.0,0.0,0.2812,0.0,0.0,0.0,0.0,0.0,0.0,0.0,0.45,0.0,0.0,0.0,0.0
1040,8,WOLF,False,2,4,P1,VILLAGER,False,False,0,1,14,0,14,0.0,0.0,1.0,2,0,,0,0,8,0,0,0,6,0,,,0.0,,,,0.0,,0.4005,0.4203,-0.0198,0.4002,0.3842,0.016,0.0,0.0,0.2812,0.0,0.0,0.0,0.0,0.0,0.0,0.3333,0.25,0.0,0.0,0.0,0.0
1041,8,WOLF,False,2,4,P1,VILLAGER,False,False,0,0,14,0,14,0.0,0.0,1.0,2,0,,0,0,8,0,0,0,6,0,,,0.0,,,,0.0,,0.4003,0.4204,-0.0201,0.4001,0.3843,0.0158,0.0,0.0,0.2812,0.0,0.0,0.0,0.0,0.0,0.0,0.0,0.45,0.0,0.0,0.0,0.0
1042,8,WOLF,False,2,4,P1,VILLAGER,False,False,0,1,14,0,14,0.0,0.0,1.0,2,0,,0,0,8,0,0,0,6,0,,,0.0,,,,0.0,,0.417,0.4104,0.0066,0.3869,0.3922,-0.0053,0.0,0.0,0.2812,0.0,0.0,0.0,0.0,0.0,0.0,0.2083,0.325,0.0,0.0,0.0,0.0
1043,8,WOLF,False,2,4,P1,POSSESSED,False,True,0,1,14,0,14,0.0,0.0,1.0,2,0,,0,0,8,0,0,0,6,0,,,0.0,,,,0.0,,0.417,0.4104,0.0066,0.3869,0.3922,-0.0053,0.0,0.0,0.2812,0.0,0.0,0.0,0.0,0.0,0.0,0.2083,0.325,0.0,0.0,0.0,0.0
1044,8,WOLF,False,2,4,P1,POSSESSED,False,True,0,1,14,0,14,0.0,0.0,1.0,2,0,,0,0,8,0,0,0,6,0,,,0.0,,,,0.0,,0.417,0.4104,0.0066,0.3869,0.3922,-0.0053,0.0,0.0,0.2812,0.0,0.0,0.0,0.0,0.0,0.0,0.2083,0.325,0.0,0.0,0.0,0.0
1045,8,WOLF,False,2,4,P1,SEER,False,False,0,1,14,0,14,0.0,0.0,1.0,2,0,,0,0,8,0,0,0,6,0,,,0.0,,,,0.0,,0.417,0.4104,0.0066,0.3869,0.3922,-0.0053,0.0,0.0,0.2812,0.0,0.0,0.0,0.0,0.0,0.0,0.2083,0.325,0.0,0.0,0.0,0.0
1046,8,WOLF,False,2,4,P1,VILLAGER,False,False,0,1,14,0,14,0.0,0.0,1.0,2,0,,0,0,8,0,0,0,6,0,,,0.0,,,,0.0,,0.417,0.4104,0.0066,0.3869,0.3922,-0.0053,0.0,0.0,0.2812,0.0,0.0,0.0,0.0,0.0,0.0,0.2083,0.325,0.0,0.0,0.0,0.0
1047,8,WOLF,False,2,4,P1,VILLAGER,False,False,0,0,14,0,14,0.0,0.0,1.0,2,0,,0,0,8,0,0,0,6,0,,,0.0,,,,0.0,,0.4003,0.4204,-0.0201,0.4001,0.3843,0.0158,0.0,0.0,0.2812,0.0,0.0,0.0,0.0,0.0,0.0,0.0,0.45,0.0,0.0,0.0,0.0
1048,8,WOLF,False,2,4,P1,POSSESSED,False,True,0,1,14,0,14,0.0,0.0,1.0,2,0,,0,0,8,0,0,0,6,0,,,0.0,,,,0.0,,0.417,0.4104,0.0066,0.3869,0.3922,-0.0053,0.0,0.0,0.2812,0.0,0.0,0.0,0.0,0.0,0.0,0.2083,0.325,0.0,0.0,0.0,0.0
1049,8,WOLF,False,2,4,P1,SEER,False,False,0,1,14,0,14,0.0,0.0,1.0,2,0,,0,0,8,0,0,0,6,0,,,0.0,,,,0.0,,0.417,0.4104,0.0066,0.3869,0.3922,-0.0053,0.0,0.0,0.2812,0.0,0.0,0.0,0.0,0.0,0.0,0.2083,0.325,0.0,0.0,0.0,0.0
1050,8,WOLF,False,2,4,P1,VILLAGER,False,False,0,1,14,0,14,0.0,0.0,1.0,2,0,,0,0,8,0,0,0,6,0,,,0.0,,,,0.0,,0.4005,0.4203,-0.0198,0.4002,0.3843,0.0159,0.0,0.0,0.2812,0.0,0.0,0.0,0.0,0.0,0.0,0.3333,0.25,0.0,0.0,0.0,0.0
1051,8,WOLF,False,2,4,P1,VILLAGER,False,False,0,1,14,0,14,0.0,0.0,1.0,2,0,,0,0,8,0,0,0,6,0,,,0.0,,,,0.0,,0.4003,0.4204,-0.0201,0.4001,0.3843,0.0158,0.0,0.0,0.2812,0.0,0.0,0.0,0.0,0.0,0.0,0.0,0.45,0.0,0.0,0.0,0.0
1052,8,WOLF,False,2,4,P1,VILLAGER,False,False,0,1,14,0,14,0.0,0.0,1.0,2,0,,0,0,8,0,0,0,6,0,,,0.0,,,,0.0,,0.417,0.4104,0.0066,0.3869,0.3922,-0.0053,0.0,0.0,0.2812,0.0,0.0,0.0,0.0,0.0,0.0,0.2083,0.325,0.0,0.0,0.0,0.0
1053,8,WOLF,False,2,4,P1,SEER,False,False,0,1,14,0,14,0.0,0.0,1.0,2,0,,0,0,8,0,0,0,6,0,,,0.0,,,,0.0,,0.4003,0.4204,-0.0201,0.4001,0.3843,0.0158,0.0,0.0,0.2812,0.0,0.0,0.0,0.0,0.0,0.0,0.0,0.45,0.0,0.0,0.0,0.0
1054,8,WOLF,False,2,4,P1,VILLAGER,False,False,0,1,14,0,14,0.0,0.0,1.0,2,0,,0,0,8,0,0,0,6,0,,,0.0,,,,0.0,,0.4005,0.4203,-0.0198,0.4002,0.3843,0.0159,0.0,0.0,0.2812,0.0,0.0,0.0,0.0,0.0,0.0,0.3333,0.25,0.0,0.0,0.0,0.0
1055,8,WOLF,False,2,4,P1,SEER,False,False,0,0,14,0,14,0.0,0.0,1.0,2,0,,0,0,8,0,0,0,6,0,,,0.0,,,,0.0,,0.4003,0.4204,-0.0201,0.4001,0.3844,0.0157,0.0,0.0,0.2812,0.0,0.0,0.0,0.0,0.0,0.0,0.0,0.45,0.0,0.0,0.0,0.0
1056,8,WOLF,False,2,4,P1,SEER,False,False,0,1,14,0,14,0.0,0.0,1.0,2,0,,0,0,8,0,0,0,6,0,,,0.0,,,,0.0,,0.4003,0.4204,-0.0201,0.4001,0.3844,0.0157,0.0,0.0,0.2812,0.0,0.0,0.0,0.0,0.0,0.0,0.0,0.45,0.0,0.0,0.0,0.0
1057,8,WOLF,False,2,4,P1,VILLAGER,False,False,0,1,14,0,14,0.0,0.0,1.0,2,0,,0,0,8,0,0,0,6,0,,,0.0,,,,0.0,,0.4005,0.4203,-0.0198,0.4002,0.3843,0.0159,0.0,0.0,0.2812,0.0,0.0,0.0,0.0,0.0,0.0,0.3333,0.25,0.0,0.0,0.0,0.0
1058,8,WOLF,False,2,4,P1,VILLAGER,False,False,0,0,14,0,14,0.0,0.0,1.0,2,0,,0,0,8,0,0,0,6,0,,,0.0,,,,0.0,,0.4003,0.4204,-0.0201,0.4001,0.3844,0.0157,0.0,0.0,0.2812,0.0,0.0,0.0,0.0,0.0,0.0,0.0,0.45,0.0,0.0,0.0,0.0
1059,8,WOLF,False,2,4,P1,POSSESSED,False,True,0,1,14,0,14,0.0,0.0,1.0,2,0,,0,0,8,0,0,0,6,0,,,0.0,,,,0.0,,0.417,0.4104,0.0066,0.3869,0.3923,-0.0054,0.0,0.0,0.2812,0.0,0.0,0.0,0.0,0.0,0.0,0.2083,0.325,0.0,0.0,0.0,0.0
1060,8,WOLF,False,2,4,P1,VILLAGER,False,False,0,1,14,0,14,0.0,0.0,1.0,2,0,,0,0,8,0,0,0,6,0,,,0.0,,,,0.0,,0.4005,0.4203,-0.0198,0.4002,0.3843,0.0159,0.0,0.0,0.2812,0.0,0.0,0.0,0.0,0.0,0.0,0.3333,0.25,0.0,0.0,0.0,0.0
1061,8,WOLF,False,2,4,P1,SEER,False,False,0,0,14,0,14,0.0,0.0,1.0,2,0,,0,0,8,0,0,0,6,0,,,0.0,,,,0.0,,0.4003,0.4204,-0.0201,0.4001,0.3844,0.0157,0.0,0.0,0.2812,0.0,0.0,0.0,0.0,0.0,0.0,0.0,0.45,0.0,0.0,0.0,0.0
1062,8,WOLF,False,2,4,P1,VILLAGER,False,False,0,0,14,0,14,0.0,0.0,1.0,2,0,,0,0,8,0,0,0,6,0,,,0.0,,,,0.0,,0.4003,0.4204,-0.0201,0.4001,0.3844,0.0157,0.0,0.0,0.2812,0.0,0.0,0.0,0.0,0.0,0.0,0.0,0.45,0.0,0.0,0.0,0.0
1063,8,WOLF,False,2,4,P1,VILLAGER,False,False,0,1,14,0,14,0.0,0.0,1.0,2,0,,0,0,8,0,0,0,6,0,,,0.0,,,,0.0,,0.4003,0.4204,-0.0201,0.4001,0.3844,0.0157,0.0,0.0,0.2812,0.0,0.0,0.0,0.0,0.0,0.0,0.0,0.45,0.0,0.0,0.0,0.0
1064,8,WOLF,False,2,4,P1,POSSESSED,False,True,0,1,14,0,14,0.0,0.0,1.0,2,0,,0,0,8,0,0,0,6,0,,,0.0,,,,0.0,,0.417,0.4104,0.0066,0.3869,0.3923,-0.0054,0.0,0.0,0.2812,0.0,0.0,0.0,0.0,0.0,0.0,0.2083,0.325,0.0,0.0,0.0,0.0
1065,8,WOLF,False,2,4,P1,SEER,False,False,0,1,14,0,14,0.0,0.0,1.0,2,0,,0,0,8,0,0,0,6,0,,,0.0,,,,0.0,,0.417,0.4104,0.0066,0.3869,0.3923,-0.0054,0.0,0.0,0.2812,0.0,0.0,0.0,0.0,0.0,0.0,0.2083,0.325,0.0,0.0,0.0,0.0
1066,8,WOLF,False,2,4,P1,SEER,False,False,0,1,14,0,14,0.0,0.0,1.0,2,0,,0,0,8,0,0,0,6,0,,,0.0,,,,0.0,,0.417,0.4104,0.0066,0.3869,0.3923,-0.0054,0.0,0.0,0.2812,0.0,0.0,0.0,0.0,0.0,0.0,0.2083,0.325,0.0,0.0,0.0,0.0
1067,8,WOLF,False,2,4,P1,VILLAGER,False,False,0,1,14,0,14,0.0,0.0,1.0,2,0,,0,0,8,0,0,0,6,0,,,0.0,,,,0.0,,0.417,0.4104,0.0066,0.387,0.3923,-0.0053,0.0,0.0,0.2812,0.0,0.0,0.0,0.0,0.0,0.0,0.2083,0.325,0.0,0.0,0.0,0.0
1068,8,WOLF,False,2,4,P1,VILLAGER,False,False,0,1,14,0,14,0.0,0.0,1.0,2,0,,0,0,8,0,0,0,6,0,,,0.0,,,,0.0,,0.4003,0.4204,-0.0201,0.4001,0.3844,0.0157,0.0,0.0,0.2812,0.0,0.0,0.0,0.0,0.0,0.0,0.0,0.45,0.0,0.0,0.0,0.0
1069,8,WOLF,False,2,4,P1,POSSESSED,False,True,0,1,14,0,14,0.0,0.0,1.0,2,0,,0,0,8,0,0,0,6,0,,,0.0,,,,0.0,,0.417,0.4104,0.0066,0.387,0.3923,-0.0053,0.0,0.0,0.2812,0.0,0.0,0.0,0.0,0.0,0.0,0.2083,0.325,0.0,0.0,0.0,0.0
1070,8,WOLF,False,2,4,P1,VILLAGER,False,False,0,1,14,0,14,0.0,0.0,1.0,2,0,,0,0,8,0,0,0,6,0,,,0.0,,,,0.0,,0.417,0.4104,0.0066,0.387,0.3923,-0.0053,0.0,0.0,0.2812,0.0,0.0,0.0,0.0,0.0,0.0,0.2083,0.325,0.0,0.0,0.0,0.0
1071,8,WOLF,False,2,4,P1,POSSESSED,False,True,0,1,14,0,14,0.0,0.0,1.0,2,0,,0,0,8,0,0,0,6,0,,,0.0,,,,0.0,,0.417,0.4104,0.0066,0.387,0.3923,-0.0053,0.0,0.0,0.2812,0.0,0.0,0.0,0.0,0.0,0.0,0.2083,0.325,0.0,0.0,0.0,0.0
1072,8,WOLF,False,2,4,P1,VILLAGER,False,False,0,0,14,0,14,0.0,0.0,1.0,2,0,,0,0,8,0,0,0,6,0,,,0.0,,,,0.0,,0.4003,0.4204,-0.0201,0.4001,0.3844,0.0157,0.0,0.0,0.2812,0.0,0.0,0.0,0.0,0.0,0.0,0.0,0.45,0.0,0.0,0.0,0.0
1073,8,WOLF,False,2,4,P1,VILLAGER,False,False,0,1,14,0,14,0.0,0.0,1.0,2,0,,0,0,8,0,0,0,6,0,,,0.0,,,,0.0,,0.4005,0.4203,-0.0198,0.4002,0.3843,0.0159,0.0,0.0,0.2812,0.0,0.0,0.0,0.0,0.0,0.0,0.3333,0.25,0.0,0.0,0.0,0.0
1074,8,WOLF,False,2,4,P1,POSSESSED,False,True,0,1,14,0,14,0.0,0.0,1.0,2,0,,0,0,8,0,0,0,6,0,,,0.0,,,,0.0,,0.417,0.4104,0.0066,0.387,0.3923,-0.0053,0.0,0.0,0.2812,0.0,0.0,0.0,0.0,0.0,0.0,0.2083,0.325,0.0,0.0,0.0,0.0
1075,8,WOLF,False,2,4,P1,VILLAGER,False,False,0,1,14,0,14,0.0,0.0,1.0,2,0,,0,0,8,0,0,0,6,0,,,0.0,,,,0.0,,0.417,0.4104,0.0066,0.387,0.3923,-0.0053,0.0,0.0,0.2812,0.0,0.0,0.0,0.0,0.0,0.0,0.2083,0.325,0.0,0.0,0.0,0.0
1076,8,WOLF,False,2,4,P1,POSSESSED,False,True,0,1,14,0,14,0.0,0.0,1.0,2,0,,0,0,8,0,0,0,6,0,,,0.0,,,,0.0,,0.417,0.4104,0.0066,0.387,0.3923,-0.0053,0.0,0.0,0.2812,0.0,0.0,0.0,0.0,0.0,0.0,0.2083,0.325,0.0,0.0,0.0,0.0
1077,8,WOLF,False,2,4,P1,VILLAGER,False,False,0,1,14,0,14,0.0,0.0,1.0,2,0,,0,0,8,0,0,0,6,0,,,0.0,,,,0.0,,0.417,0.4104,0.0066,0.387,0.3923,-0.0053,0.0,0.0,0.2812,0.0,0.0,0.0,0.0,0.0,0.0,0.2083,0.325,0.0,0.0,0.0,0.0
1078,8,WOLF,False,2,4,P1,VILLAGER,False,False,0,0,14,0,14,0.0,0.0,1.0,2,0,,0,0,8,0,0,0,6,0,,,0.0,,,,0.0,,0.4003,0.4204,-0.0201,0.4001,0.3844,0.0157,0.0,0.0,0.2812,0.0,0.0,0.0,0.0,0.0,0.0,0.0,0.45,0.0,0.0,0.0,0.0
1079,8,WOLF,False,2,4,P1,VILLAGER,False,False,0,1,14,0,14,0.0,0.0,1.0,2,0,,0,0,8,0,0,0,6,0,,,0.0,,,,0.0,,0.4005,0.4203,-0.0198,0.4002,0.3844,0.0158,0.0,0.0,0.2812,0.0,0.0,0.0,0.0,0.0,0.0,0.3333,0.25,0.0,0.0,0.0,0.0
1080,8,WOLF,False,2,4,P1,VILLAGER,False,False,0,1,14,0,14,0.0,0.0,1.0,2,0,,0,0,8,0,0,0,6,0,,,0.0,,,,0.0,,0.4003,0.4204,-0.0201,0.4001,0.3844,0.0157,0.0,0.0,0.2812,0.0,0.0,0.0,0.0,0.0,0.0,0.0,0.45,0.0,0.0,0.0,0.0
1081,8,WOLF,False,2,4,P1,VILLAGER,False,False,0,0,14,0,14,0.0,0.0,1.0,2,0,,0,0,8,0,0,0,6,0,,,0.0,,,,0.0,,0.4003,0.4204,-0.0201,0.4001,0.3844,0.0157,0.0,0.0,0.2812,0.0,0.0,0.0,0.0,0.0,0.0,0.0,0.45,0.0,0.0,0.0,0.0
1082,8,WOLF,False,2,4,P1,POSSESSED,False,True,0,1,14,0,14,0.0,0.0,1.0,2,0,,0,0,8,0,0,0,6,0,,,0.0,,,,0.0,,0.417,0.4104,0.0066,0.387,0.3923,-0.0053,0.0,0.0,0.2812,0.0,0.0,0.0,0.0,0.0,0.0,0.2083,0.325,0.0,0.0,0.0,0.0
1083,8,WOLF,False,2,4,P1,VILLAGER,False,False,0,0,14,0,14,0.0,0.0,1.0,2,0,,0,0,8,0,0,0,6,0,,,0.0,,,,0.0,,0.4003,0.4204,-0.0201,0.4001,0.3844,0.0157,0.0,0.0,0.2812,0.0,0.0,0.0,0.0,0.0,0.0,0.0,0.45,0.0,0.0,0.0,0.0
1084,8,WOLF,False,2,4,P1,POSSESSED,False,True,0,1,14,0,14,0.0,0.0,1.0,2,0,,0,0,8,0,0,0,6,0,,,0.0,,,,0.0,,0.417,0.4104,0.0066,0.387,0.3923,-0.0053,0.0,0.0,0.2812,0.0,0.0,0.0,0.0,0.0,0.0,0.2083,0.325,0.0,0.0,0.0,0.0
1085,8,WOLF,False,2,4,P1,VILLAGER,False,False,0,1,14,0,14,0.0,0.0,1.0,2,0,,0,0,8,0,0,0,6,0,,,0.0,,,,0.0,,0.4005,0.4203,-0.0198,0.4002,0.3844,0.0158,0.0,0.0,0.2812,0.0,0.0,0.0,0.0,0.0,0.0,0.3333,0.25,0.0,0.0,0.0,0.0
1086,8,WOLF,False,2,4,P1,SEER,False,False,0,0,14,0,14,0.0,0.0,1.0,2,0,,0,0,8,0,0,0,6,0,,,0.0,,,,0.0,,0.4003,0.4204,-0.0201,0.4001,0.3844,0.0157,0.0,0.0,0.2812,0.0,0.0,0.0,0.0,0.0,0.0,0.0,0.45,0.0,0.0,0.0,0.0
1087,8,WOLF,False,2,4,P1,VILLAGER,False,False,0,1,14,0,14,0.0,0.0,1.0,2,0,,0,0,8,0,0,0,6,0,,,0.0,,,,0.0,,0.417,0.4104,0.0066,0.387,0.3923,-0.0053,0.0,0.0,0.2812,0.0,0.0,0.0,0.0,0.0,0.0,0.2083,0.325,0.0,0.0,0.0,0.0
1088,8,WOLF,False,2,4,P1,VILLAGER,False,False,0,1,14,0,14,0.0,0.0,1.0,2,0,,0,0,8,0,0,0,6,0,,,0.0,,,,0.0,,0.4005,0.4203,-0.0198,0.4002,0.3844,0.0158,0.0,0.0,0.2812,0.0,0.0,0.0,0.0,0.0,0.0,0.3333,0.25,0.0,0.0,0.0,0.0
1089,8,WOLF,False,2,4,P1,VILLAGER,False,False,0,1,14,0,14,0.0,0.0,1.0,2,0,,0,0,8,0,0,0,6,0,,,0.0,,,,0.0,,0.4005,0.4203,-0.0198,0.4002,0.3844,0.0158,0.0,0.0,0.2812,0.0,0.0,0.0,0.0,0.0,0.0,0.3333,0.25,0.0,0.0,0.0,0.0
1090,8,WOLF,False,2,4,P1,SEER,False,False,0,0,14,0,14,0.0,0.0,1.0,2,0,,0,0,8,0,0,0,6,0,,,0.0,,,,0.0,,0.4003,0.4204,-0.0201,0.4001,0.3845,0.0156,0.0,0.0,0.2812,0.0,0.0,0.0,0.0,0.0,0.0,0.0,0.45,0.0,0.0,0.0,0.0
1091,8,WOLF,False,2,4,P1,VILLAGER,False,False,0,0,14,0,14,0.0,0.0,1.0,2,0,,0,0,8,0,0,0,6,0,,,0.0,,,,0.0,,0.4003,0.4204,-0.0201,0.4001,0.3845,0.0156,0.0,0.0,0.2812,0.0,0.0,0.0,0.0,0.0,0.0,0.0,0.45,0.0,0.0,0.0,0.0
1092,8,WOLF,False,2,4,P1,VILLAGER,False,False,0,1,14,0,14,0.0,0.0,1.0,2,0,,0,0,8,0,0,0,6,0,,,0.0,,,,0.0,,0.417,0.4104,0.0066,0.387,0.3923,-0.0053,0.0,0.0,0.2812,0.0,0.0,0.0,0.0,0.0,0.0,0.2083,0.325,0.0,0.0,0.0,0.0
1093,8,WOLF,False,2,4,P1,SEER,False,False,0,0,14,0,14,0.0,0.0,1.0,2,0,,0,0,8,0,0,0,6,0,,,0.0,,,,0.0,,0.4003,0.4204,-0.0201,0.4001,0.3845,0.0156,0.0,0.0,0.2812,0.0,0.0,0.0,0.0,0.0,0.0,0.0,0.45,0.0,0.0,0.0,0.0
1094,8,WOLF,False,2,4,P1,VILLAGER,False,False,0,1,14,0,14,0.0,0.0,1.0,2,0,,0,0,8,0,0,0,6,0,,,0.0,,,,0.0,,0.417,0.4104,0.0066,0.387,0.3923,-0.0053,0.0,0.0,0.2812,0.0,0.0,0.0,0.0,0.0,0.0,0.2083,0.325,0.0,0.0,0.0,0.0
1095,8,WOLF,False,2,4,P1,SEER,False,False,0,1,14,0,14,0.0,0.0,1.0,2,0,,0,0,8,0,0,0,6,0,,,0.0,,,,0.0,,0.4003,0.4204,-0.0201,0.4001,0.3845,0.0156,0.0,0.0,0.2812,0.0,0.0,0.0,0.0,0.0,0.0,0.0,0.45,0.0,0.0,0.0,0.0
1096,8,WOLF,False,2,4,P1,SEER,False,False,0,0,14,0,14,0.0,0.0,1.0,2,0,,0,0,8,0,0,0,6,0,,,0.0,,,,0.0,,0.4003,0.4204,-0.0201,0.4001,0.3845,0.0156,0.0,0.0,0.2812,0.0,0.0,0.0,0.0,0.0,0.0,0.0,0.45,0.0,0.0,0.0,0.0
1097,8,WOLF,False,2,4,P1,VILLAGER,False,False,0,0,14,0,14,0.0,0.0,1.0,2,0,,0,0,8,0,0,0,6,0,,,0.0,,,,0.0,,0.4003,0.4204,-0.0201,0.4001,0.3845,0.0156,0.0,0.0,0.2812,0.0,0.0,0.0,0.0,0.0,0.0,0.0,0.45,0.0,0.0,0.0,0.0
1098,8,WOLF,False,2,4,P1,VILLAGER,False,False,0,1,14,0,14,0.0,0.0,1.0,2,0,,0,0,8,0,0,0,6,0,,,0.0,,,,0.0,,0.4003,0.4204,-0.0201,0.4001,0.3845,0.0156,0.0,0.0,0.2812,0.0,0.0,0.0,0.0,0.0,0.0,0.0,0.45,0.0,0.0,0.0,0.0
1099,8,WOLF,False,2,4,P1,SEER,False,False,0,1,14,0,14,0.0,0.0,1.0,2,0,,0,0,8,0,0,0,6,0,,,0.0,,,,0.0,,0.4005,0.4203,-0.0198,0.4002,0.3844,0.0158,0.0,0.0,0.2812,0.0,0.0,0.0,0.0,0.0,0.0,0.3333,0.25,0.0,0.0,0.0,0.0
1100,8,WOLF,False,2,4,P1,POSSESSED,False,True,0,1,14,0,14,0.0,0.0,1.0,2,0,,0,0,8,0,0,0,6,0,,,0.0,,,,0.0,,0.417,0.4104,0.0066,0.387,0.3923,-0.0053,0.0,0.0,0.2812,0.0,0.0,0.0,0.0,0.0,0.0,0.2083,0.325,0.0,0.0,0.0,0.0
1101,8,WOLF,False,2,4,P1,VILLAGER,False,False,0,1,14,0,14,0.0,0.0,1.0,2,0,,0,0,8,0,0,0,6,0,,,0.0,,,,0.0,,0.4005,0.4203,-0.0198,0.4002,0.3845,0.0157,0.0,0.0,0.2812,0.0,0.0,0.0,0.0,0.0,0.0,0.3333,0.25,0.0,0.0,0.0,0.0
1102,8,WOLF,False,2,4,P1,VILLAGER,False,False,0,1,14,0,14,0.0,0.0,1.0,2,0,,0,0,8,0,0,0,6,0,,,0.0,,,,0.0,,0.4005,0.4203,-0.0198,0.4002,0.3845,0.0157,0.0,0.0,0.2812,0.0,0.0,0.0,0.0,0.0,0.0,0.3333,0.25,0.0,0.0,0.0,0.0
1103,8,WOLF,False,2,4,P1,VILLAGER,False,False,0,0,14,0,14,0.0,0.0,1.0,2,0,,0,0,8,0,0,0,6,0,,,0.0,,,,0.0,,0.4003,0.4204,-0.0201,0.4001,0.3845,0.0156,0.0,0.0,0.2812,0.0,0.0,0.0,0.0,0.0,0.0,0.0,0.45,0.0,0.0,0.0,0.0
1104,8,WOLF,False,2,4,P1,SEER,False,False,0,1,14,0,14,0.0,0.0,1.0,2,0,,0,0,8,0,0,0,6,0,,,0.0,,,,0.0,,0.4003,0.4204,-0.0201,0.4001,0.3845,0.0156,0.0,0.0,0.2812,0.0,0.0,0.0,0.0,0.0,0.0,0.0,0.45,0.0,0.0,0.0,0.0
1105,8,WOLF,False,2,4,P1,VILLAGER,False,False,0,0,14,0,14,0.0,0.0,1.0,2,0,,0,0,8,0,0,0,6,0,,,0.0,,,,0.0,,0.4003,0.4204,-0.0201,0.4001,0.3845,0.0156,0.0,0.0,0.2812,0.0,0.0,0.0,0.0,0.0,0.0,0.0,0.45,0.0,0.0,0.0,0.0
1106,8,WOLF,False,2,4,P1,VILLAGER,False,False,0,0,14,0,14,0.0,0.0,1.0,2,0,,0,0,8,0,0,0,6,0,,,0.0,,,,0.0,,0.4003,0.4204,-0.0201,0.4001,0.3845,0.0156,0.0,0.0,0.2812,0.0,0.0,0.0,0.0,0.0,0.0,0.0,0.45,0.0,0.0,0.0,0.0
1107,8,WOLF,False,2,4,P1,SEER,False,False,0,1,14,0,14,0.0,0.0,1.0,2,0,,0,0,8,0,0,0,6,0,,,0.0,,,,0.0,,0.4003,0.4204,-0.0201,0.4001,0.3845,0.0156,0.0,0.0,0.2812,0.0,0.0,0.0,0.0,0.0,0.0,0.0,0.45,0.0,0.0,0.0,0.0
1108,8,WOLF,False,2,4,P1,VILLAGER,False,False,0,1,14,0,14,0.0,0.0,1.0,2,0,,0,0,8,0,0,0,6,0,,,0.0,,,,0.0,,0.417,0.4104,0.0066,0.3871,0.3923,-0.0052,0.0,0.0,0.2812,0.0,0.0,0.0,0.0,0.0,0.0,0.2083,0.325,0.0,0.0,0.0,0.0
1109,8,WOLF,False,2,4,P1,SEER,False,False,0,0,14,0,14,0.0,0.0,1.0,2,0,,0,0,8,0,0,0,6,0,,,0.0,,,,0.0,,0.4003,0.4204,-0.0201,0.4001,0.3845,0.0156,0.0,0.0,0.2812,0.0,0.0,0.0,0.0,0.0,0.0,0.0,0.45,0.0,0.0,0.0,0.0
1110,8,WOLF,False,2,4,P1,VILLAGER,False,False,0,0,14,0,14,0.0,0.0,1.0,2,0,,0,0,8,0,0,0,6,0,,,0.0,,,,0.0,,0.4003,0.4204,-0.0201,0.4001,0.3845,0.0156,0.0,0.0,0.2812,0.0,0.0,0.0,0.0,0.0,0.0,0.0,0.45,0.0,0.0,0.0,0.0
1111,8,WOLF,False,2,4,P1,VILLAGER,False,False,0,0,14,0,14,0.0,0.0,1.0,2,0,,0,0,8,0,0,0,6,0,,,0.0,,,,0.0,,0.4003,0.4204,-0.0201,0.4001,0.3845,0.0156,0.0,0.0,0.2812,0.0,0.0,0.0,0.0,0.0,0.0,0.0,0.45,0.0,0.0,0.0,0.0
1112,8,WOLF,False,2,4,P1,POSSESSED,False,True,0,1,14,0,14,0.0,0.0,1.0,2,0,,0,0,8,0,0,0,6,0,,,0.0,,,,0.0,,0.417,0.4104,0.0066,0.3871,0.3923,-0.0052,0.0,0.0,0.2812,0.0,0.0,0.0,0.0,0.0,0.0,0.2083,0.325,0.0,0.0,0.0,0.0
1113,8,WOLF,False,2,4,P1,SEER,False,False,0,1,14,0,14,0.0,0.0,1.0,2,0,,0,0,8,0,0,0,6,0,,,0.0,,,,0.0,,0.4005,0.4203,-0.0198,0.4002,0.3845,0.0157,0.0,0.0,0.2812,0.0,0.0,0.0,0.0,0.0,0.0,0.3333,0.25,0.0,0.0,0.0,0.0
1114,8,WOLF,False,2,4,P1,VILLAGER,False,False,0,0,14,0,14,0.0,0.0,1.0,2,0,,0,0,8,0,0,0,6,0,,,0.0,,,,0.0,,0.4003,0.4204,-0.0201,0.4001,0.3845,0.0156,0.0,0.0,0.2812,0.0,0.0,0.0,0.0,0.0,0.0,0.0,0.45,0.0,0.0,0.0,0.0
1115,8,WOLF,False,2,4,P1,VILLAGER,False,False,0,0,14,0,14,0.0,0.0,1.0,2,0,,0,0,8,0,0,0,6,0,,,0.0,,,,0.0,,0.4003,0.4204,-0.0201,0.4001,0.3845,0.0156,0.0,0.0,0.2812,0.0,0.0,0.0,0.0,0.0,0.0,0.0,0.45,0.0,0.0,0.0,0.0
1116,8,WOLF,False,2,4,P1,VILLAGER,False,False,0,1,14,0,14,0.0,0.0,1.0,2,0,,0,0,8,0,0,0,6,0,,,0.0,,,,0.0,,0.4005,0.4203,-0.0198,0.4002,0.3845,0.0157,0.0,0.0,0.2812,0.0,0.0,0.0,0.0,0.0,0.0,0.3333,0.25,0.0,0.0,0.0,0.0
1117,8,WOLF,False,2,4,P1,POSSESSED,False,True,0,1,14,0,14,0.0,0.0,1.0,2,0,,0,0,8,0,0,0,6,0,,,0.0,,,,0.0,,0.417,0.4104,0.0066,0.3871,0.3924,-0.0053,0.0,0.0,0.2812,0.0,0.0,0.0,0.0,0.0,0.0,0.2083,0.325,0.0,0.0,0.0,0.0
1118,8,WOLF,False,2,4,P1,SEER,False,False,0,1,14,0,14,0.0,0.0,1.0,2,0,,0,0,8,0,0,0,6,0,,,0.0,,,,0.0,,0.417,0.4104,0.0066,0.3871,0.3924,-0.0053,0.0,0.0,0.2812,0.0,0.0,0.0,0.0,0.0,0.0,0.2083,0.325,0.0,0.0,0.0,0.0
1119,8,WOLF,False,2,4,P1,VILLAGER,False,False,0,1,14,0,14,0.0,0.0,1.0,2,0,,0,0,8,0,0,0,6,0,,,0.0,,,,0.0,,0.417,0.4104,0.0066,0.3871,0.3924,-0.0053,0.0,0.0,0.2812,0.0,0.0,0.0,0.0,0.0,0.0,0.2083,0.325,0.0,0.0,0.0,0.0
1120,8,WOLF,False,2,4,P1,POSSESSED,False,True,0,1,14,0,14,0.0,0.0,1.0,2,0,,0,0,8,0,0,0,6,0,,,0.0,,,,0.0,,0.417,0.4104,0.0066,0.3871,0.3924,-0.0053,0.0,0.0,0.2812,0.0,0.0,0.0,0.0,0.0,0.0,0.2083,0.325,0.0,0.0,0.0,0.0
1121,8,WOLF,False,2,4,P1,VILLAGER,False,False,0,1,14,0,14,0.0,0.0,1.0,2,0,,0,0,8,0,0,0,6,0,,,0.0,,,,0.0,,0.417,0.4104,0.0066,0.3871,0.3924,-0.0053,0.0,0.0,0.2812,0.0,0.0,0.0,0.0,0.0,0.0,0.2083,0.325,0.0,0.0,0.0,0.0
1122,8,WOLF,False,2,4,P1,SEER,False,False,0,1,14,0,14,0.0,0.0,1.0,2,0,,0,0,8,0,0,0,6,0,,,0.0,,,,0.0,,0.417,0.4104,0.0066,0.3871,0.3924,-0.0053,0.0,0.0,0.2812,0.0,0.0,0.0,0.0,0.0,0.0,0.2083,0.325,0.0,0.0,0.0,0.0
1123,8,WOLF,False,2,4,P1,VILLAGER,False,False,0,1,14,0,14,0.0,0.0,1.0,2,0,,0,0,8,0,0,0,6,0,,,0.0,,,,0.0,,0.4003,0.4204,-0.0201,0.4001,0.3846,0.0155,0.0,0.0,0.2812,0.0,0.0,0.0,0.0,0.0,0.0,0.0,0.45,0.0,0.0,0.0,0.0
1124,8,WOLF,False,2,4,P1,VILLAGER,False,False,0,1,14,0,14,0.0,0.0,1.0,2,0,,0,0,8,0,0,0,6,0,,,0.0,,,,0.0,,0.4003,0.4204,-0.0201,0.4001,0.3846,0.0155,0.0,0.0,0.2812,0.0,0.0,0.0,0.0,0.0,0.0,0.0,0.45,0.0,0.0,0.0,0.0
1125,8,WOLF,False,2,4,P1,SEER,False,False,0,1,14,0,14,0.0,0.0,1.0,2,0,,0,0,8,0,0,0,6,0,,,0.0,,,,0.0,,0.417,0.4104,0.0066,0.3871,0.3924,-0.0053,0.0,0.0,0.2812,0.0,0.0,0.0,0.0,0.0,0.0,0.2083,0.325,0.0,0.0,0.0,0.0
1126,8,WOLF,False,2,4,P1,SEER,False,False,0,0,14,0,14,0.0,0.0,1.0,2,0,,0,0,8,0,0,0,6,0,,,0.0,,,,0.0,,0.4003,0.4204,-0.0201,0.4001,0.3846,0.0155,0.0,0.0,0.2812,0.0,0.0,0.0,0.0,0.0,0.0,0.0,0.45,0.0,0.0,0.0,0.0
1127,8,WOLF,False,2,4,P1,VILLAGER,False,False,0,0,14,0,14,0.0,0.0,1.0,2,0,,0,0,8,0,0,0,6,0,,,0.0,,,,0.0,,0.4003,0.4204,-0.0201,0.4001,0.3846,0.0155,0.0,0.0,0.2812,0.0,0.0,0.0,0.0,0.0,0.0,0.0,0.45,0.0,0.0,0.0,0.0
1128,8,WOLF,False,2,4,P1,POSSESSED,False,True,0,1,14,0,14,0.0,0.0,1.0,2,0,,0,0,8,0,0,0,6,0,,,0.0,,,,0.0,,0.417,0.4104,0.0066,0.3871,0.3924,-0.0053,0.0,0.0,0.2812,0.0,0.0,0.0,0.0,0.0,0.0,0.2083,0.325,0.0,0.0,0.0,0.0
1129,8,WOLF,False,2,4,P1,VILLAGER,False,False,0,1,14,0,14,0.0,0.0,1.0,2,0,,0,0,8,0,0,0,6,0,,,0.0,,,,0.0,,0.417,0.4104,0.0066,0.3871,0.3924,-0.0053,0.0,0.0,0.2812,0.0,0.0,0.0,0.0,0.0,0.0,0.2083,0.325,0.0,0.0,0.0,0.0
1130,8,WOLF,False,2,4,P1,POSSESSED,False,True,0,1,14,0,14,0.0,0.0,1.0,2,0,,0,0,8,0,0,0,6,0,,,0.0,,,,0.0,,0.417,0.4104,0.0066,0.3871,0.3924,-0.0053,0.0,0.0,0.2812,0.0,0.0,0.0,0.0,0.0,0.0,0.2083,0.325,0.0,0.0,0.0,0.0
1131,8,WOLF,False,2,4,P1,VILLAGER,False,False,0,1,14,0,14,0.0,0.0,1.0,2,0,,0,0,8,0,0,0,6,0,,,0.0,,,,0.0,,0.4003,0.4204,-0.0201,0.4001,0.3846,0.0155,0.0,0.0,0.2812,0.0,0.0,0.0,0.0,0.0,0.0,0.0,0.45,0.0,0.0,0.0,0.0
1132,8,WOLF,False,2,4,P1,VILLAGER,False,False,0,0,14,0,14,0.0,0.0,1.0,2,0,,0,0,8,0,0,0,6,0,,,0.0,,,,0.0,,0.4003,0.4204,-0.0201,0.4001,0.3846,0.0155,0.0,0.0,0.2812,0.0,0.0,0.0,0.0,0.0,0.0,0.0,0.45,0.0,0.0,0.0,0.0
1133,8,WOLF,False,2,4,P1,SEER,False,False,0,1,14,0,14,0.0,0.0,1.0,2,0,,0,0,8,0,0,0,6,0,,,0.0,,,,0.0,,0.4003,0.4204,-0.0201,0.4001,0.3846,0.0155,0.0,0.0,0.2812,0.0,0.0,0.0,0.0,0.0,0.0,0.0,0.45,0.0,0.0,0.0,0.0
1134,8,WOLF,False,2,4,P1,SEER,False,False,0,0,14,0,14,0.0,0.0,1.0,2,0,,0,0,8,0,0,0,6,0,,,0.0,,,,0.0,,0.4003,0.4204,-0.0201,0.4001,0.3846,0.0155,0.0,0.0,0.2812,0.0,0.0,0.0,0.0,0.0,0.0,0.0,0.45,0.0,0.0,0.0,0.0
1135,8,WOLF,False,2,4,P1,VILLAGER,False,False,0,1,14,0,14,0.0,0.0,1.0,2,0,,0,0,8,0,0,0,6,0,,,0.0,,,,0.0,,0.4005,0.4203,-0.0198,0.4002,0.3845,0.0157,0.0,0.0,0.2812,0.0,0.0,0.0,0.0,0.0,0.0,0.3333,0.25,0.0,0.0,0.0,0.0
1136,8,WOLF,False,2,4,P1,VILLAGER,False,False,0,1,14,0,14,0.0,0.0,1.0,2,0,,0,0,8,0,0,0,6,0,,,0.0,,,,0.0,,0.4005,0.4203,-0.0198,0.4002,0.3845,0.0157,0.0,0.0,0.2812,0.0,0.0,0.0,0.0,0.0,0.0,0.3333,0.25,0.0,0.0,0.0,0.0
1137,8,WOLF,False,2,4,P1,VILLAGER,False,False,0,0,14,0,14,0.0,0.0,1.0,2,0,,0,0,8,0,0,0,6,0,,,0.0,,,,0.0,,0.4003,0.4204,-0.0201,0.4001,0.3846,0.0155,0.0,0.0,0.2812,0.0,0.0,0.0,0.0,0.0,0.0,0.0,0.45,0.0,0.0,0.0,0.0
1138,8,WOLF,False,2,4,P1,VILLAGER,False,False,0,0,14,0,14,0.0,0.0,1.0,2,0,,0,0,8,0,0,0,6,0,,,0.0,,,,0.0,,0.4003,0.4204,-0.0201,0.4001,0.3846,0.0155,0.0,0.0,0.2812,0.0,0.0,0.0,0.0,0.0,0.0,0.0,0.45,0.0,0.0,0.0,0.0
1139,8,WOLF,False,2,4,P1,VILLAGER,False,False,0,0,14,0,14,0.0,0.0,1.0,2,0,,0,0,8,0,0,0,6,0,,,0.0,,,,0.0,,0.4003,0.4204,-0.0201,0.4001,0.3846,0.0155,0.0,0.0,0.2812,0.0,0.0,0.0,0.0,0.0,0.0,0.0,0.45,0.0,0.0,0.0,0.0
1140,8,WOLF,False,2,4,P1,VILLAGER,False,False,0,0,14,0,14,0.0,0.0,1.0,2,0,,0,0,8,0,0,0,6,0,,,0.0,,,,0.0,,0.4003,0.4204,-0.0201,0.4001,0.3846,0.0155,0.0,0.0,0.2812,0.0,0.0,0.0,0.0,0.0,0.0,0.0,0.45,0.0,0.0,0.0,0.0
1141,8,WOLF,False,2,4,P1,VILLAGER,False,False,0,1,14,0,14,0.0,0.0,1.0,2,0,,0,0,8,0,0,0,6,0,,,0.0,,,,0.0,,0.4005,0.4203,-0.0198,0.4002,0.3846,0.0156,0.0,0.0,0.2812,0.0,0.0,0.0,0.0,0.0,0.0,0.3333,0.25,0.0,0.0,0.0,0.0
1142,8,WOLF,False,2,4,P1,VILLAGER,False,False,0,0,14,0,14,0.0,0.0,1.0,2,0,,0,0,8,0,0,0,6,0,,,0.0,,,,0.0,,0.4003,0.4204,-0.0201,0.4001,0.3846,0.0155,0.0,0.0,0.2812,0.0,0.0,0.0,0.0,0.0,0.0,0.0,0.45,0.0,0.0,0.0,0.0
1143,8,WOLF,False,2,4,P1,POSSESSED,False,True,0,1,14,0,14,0.0,0.0,1.0,2,0,,0,0,8,0,0,0,6,0,,,0.0,,,,0.0,,0.417,0.4104,0.0066,0.3872,0.3924,-0.0052,0.0,0.0,0.2812,0.0,0.0,0.0,0.0,0.0,0.0,0.2083,0.325,0.0,0.0,0.0,0.0
1144,8,WOLF,False,2,4,P1,VILLAGER,False,False,0,1,14,0,14,0.0,0.0,1.0,2,0,,0,0,8,0,0,0,6,0,,,0.0,,,,0.0,,0.417,0.4104,0.0066,0.3872,0.3924,-0.0052,0.0,0.0,0.2812,0.0,0.0,0.0,0.0,0.0,0.0,0.2083,0.325,0.0,0.0,0.0,0.0
1145,8,WOLF,False,2,4,P1,VILLAGER,False,False,0,1,14,0,14,0.0,0.0,1.0,2,0,,0,0,8,0,0,0,6,0,,,0.0,,,,0.0,,0.4003,0.4204,-0.0201,0.4001,0.3846,0.0155,0.0,0.0,0.2812,0.0,0.0,0.0,0.0,0.0,0.0,0.0,0.45,0.0,0.0,0.0,0.0
1146,8,WOLF,False,2,4,P1,POSSESSED,False,True,0,1,14,0,14,0.0,0.0,1.0,2,0,,0,0,8,0,0,0,6,0,,,0.0,,,,0.0,,0.417,0.4104,0.0066,0.3872,0.3924,-0.0052,0.0,0.0,0.2812,0.0,0.0,0.0,0.0,0.0,0.0,0.2083,0.325,0.0,0.0,0.0,0.0
1147,8,WOLF,False,2,4,P1,SEER,False,False,0,1,14,0,14,0.0,0.0,1.0,2,0,,0,0,8,0,0,0,6,0,,,0.0,,,,0.0,,0.4005,0.4203,-0.0198,0.4002,0.3846,0.0156,0.0,0.0,0.2812,0.0,0.0,0.0,0.0,0.0,0.0,0.3333,0.25,0.0,0.0,0.0,0.0
1148,8,WOLF,False,2,4,P1,VILLAGER,False,False,0,1,14,0,14,0.0,0.0,1.0,2,0,,0,0,8,0,0,0,6,0,,,0.0,,,,0.0,,0.4003,0.4204,-0.0201,0.4001,0.3846,0.0155,0.0,0.0,0.2812,0.0,0.0,0.0,0.0,0.0,0.0,0.0,0.45,0.0,0.0,0.0,0.0
1149,8,WOLF,False,2,4,P1,VILLAGER,False,False,0,1,14,0,14,0.0,0.0,1.0,2,0,,0,0,8,0,0,0,6,0,,,0.0,,,,0.0,,0.417,0.4104,0.0066,0.3872,0.3924,-0.0052,0.0,0.0,0.2812,0.0,0.0,0.0,0.0,0.0,0.0,0.2083,0.325,0.0,0.0,0.0,0.0
1150,8,WOLF,False,2,4,P1,POSSESSED,False,True,0,1,14,0,14,0.0,0.0,1.0,2,0,,0,0,8,0,0,0,6,0,,,0.0,,,,0.0,,0.417,0.4104,0.0066,0.3872,0.3924,-0.0052,0.0,0.0,0.2812,0.0,0.0,0.0,0.0,0.0,0.0,0.2083,0.325,0.0,0.0,0.0,0.0
1151,8,WOLF,False,2,4,P1,VILLAGER,False,False,0,1,14,0,14,0.0,0.0,1.0,2,0,,0,0,8,0,0,0,6,0,,,0.0,,,,0.0,,0.4005,0.4203,-0.0198,0.4002,0.3846,0.0156,0.0,0.0,0.2812,0.0,0.0,0.0,0.0,0.0,0.0,0.3333,0.25,0.0,0.0,0.0,0.0
1152,8,WOLF,False,2,4,P1,POSSESSED,False,True,0,1,14,0,14,0.0,0.0,1.0,2,0,,0,0,8,0,0,0,6,0,,,0.0,,,,0.0,,0.417,0.4104,0.0066,0.3872,0.3924,-0.0052,0.0,0.0,0.2812,0.0,0.0,0.0,0.0,0.0,0.0,0.2083,0.325,0.0,0.0,0.0,0.0
1153,8,WOLF,False,2,4,P1,VILLAGER,False,False,0,1,14,0,14,0.0,0.0,1.0,2,0,,0,0,8,0,0,0,6,0,,,0.0,,,,0.0,,0.4003,0.4204,-0.0201,0.4001,0.3847,0.0154,0.0,0.0,0.2812,0.0,0.0,0.0,0.0,0.0,0.0,0.0,0.45,0.0,0.0,0.0,0.0
1154,8,WOLF,False,2,4,P1,VILLAGER,False,False,0,1,14,0,14,0.0,0.0,1.0,2,0,,0,0,8,0,0,0,6,0,,,0.0,,,,0.0,,0.4005,0.4203,-0.0198,0.4002,0.3846,0.0156,0.0,0.0,0.2812,0.0,0.0,0.0,0.0,0.0,0.0,0.3333,0.25,0.0,0.0,0.0,0.0
1155,8,WOLF,False,2,4,P1,VILLAGER,False,False,0,1,14,0,14,0.0,0.0,1.0,2,0,,0,0,8,0,0,0,6,0,,,0.0,,,,0.0,,0.4003,0.4204,-0.0201,0.4001,0.3847,0.0154,0.0,0.0,0.2812,0.0,0.0,0.0,0.0,0.0,0.0,0.0,0.45,0.0,0.0,0.0,0.0
1156,8,WOLF,False,2,4,P1,POSSESSED,False,True,0,1,14,0,14,0.0,0.0,1.0,2,0,,0,0,8,0,0,0,6,0,,,0.0,,,,0.0,,0.417,0.4104,0.0066,0.3872,0.3924,-0.0052,0.0,0.0,0.2812,0.0,0.0,0.0,0.0,0.0,0.0,0.2083,0.325,0.0,0.0,0.0,0.0
1157,8,WOLF,False,2,4,P1,POSSESSED,False,True,0,1,14,0,14,0.0,0.0,1.0,2,0,,0,0,8,0,0,0,6,0,,,0.0,,,,0.0,,0.417,0.4104,0.0066,0.3872,0.3924,-0.0052,0.0,0.0,0.2812,0.0,0.0,0.0,0.0,0.0,0.0,0.2083,0.325,0.0,0.0,0.0,0.0
1158,8,WOLF,False,2,4,P1,VILLAGER,False,False,0,1,14,0,14,0.0,0.0,1.0,2,0,,0,0,8,0,0,0,6,0,,,0.0,,,,0.0,,0.4005,0.4203,-0.0198,0.4002,0.3846,0.0156,0.0,0.0,0.2812,0.0,0.0,0.0,0.0,0.0,0.0,0.3333,0.25,0.0,0.0,0.0,0.0
1159,8,WOLF,False,2,4,P1,VILLAGER,False,False,0,0,14,0,14,0.0,0.0,1.0,2,0,,0,0,8,0,0,0,6,0,,,0.0,,,,0.0,,0.4003,0.4204,-0.0201,0.4001,0.3847,0.0154,0.0,0.0,0.2812,0.0,0.0,0.0,0.0,0.0,0.0,0.0,0.45,0.0,0.0,0.0,0.0
1160,8,WOLF,False,2,4,P1,VILLAGER,False,False,0,1,14,0,14,0.0,0.0,1.0,2,0,,0,0,8,0,0,0,6,0,,,0.0,,,,0.0,,0.4005,0.4203,-0.0198,0.4002,0.3846,0.0156,0.0,0.0,0.2812,0.0,0.0,0.0,0.0,0.0,0.0,0.3333,0.25,0.0,0.0,0.0,0.0
1161,8,WOLF,False,2,4,P1,VILLAGER,False,False,0,1,14,0,14,0.0,0.0,1.0,2,0,,0,0,8,0,0,0,6,0,,,0.0,,,,0.0,,0.417,0.4104,0.0066,0.3872,0.3924,-0.0052,0.0,0.0,0.2812,0.0,0.0,0.0,0.0,0.0,0.0,0.2083,0.325,0.0,0.0,0.0,0.0
1162,8,WOLF,False,2,4,P1,VILLAGER,False,False,0,0,14,0,14,0.0,0.0,1.0,2,0,,0,0,8,0,0,0,6,0,,,0.0,,,,0.0,,0.4003,0.4204,-0.0201,0.4001,0.3847,0.0154,0.0,0.0,0.2812,0.0,0.0,0.0,0.0,0.0,0.0,0.0,0.45,0.0,0.0,0.0,0.0
1163,8,WOLF,False,2,4,P1,VILLAGER,False,False,0,1,14,0,14,0.0,0.0,1.0,2,0,,0,0,8,0,0,0,6,0,,,0.0,,,,0.0,,0.4003,0.4204,-0.0201,0.4001,0.3847,0.0154,0.0,0.0,0.2812,0.0,0.0,0.0,0.0,0.0,0.0,0.0,0.45,0.0,0.0,0.0,0.0
1164,8,WOLF,False,2,4,P1,VILLAGER,False,False,0,0,14,0,14,0.0,0.0,1.0,2,0,,0,0,8,0,0,0,6,0,,,0.0,,,,0.0,,0.4003,0.4204,-0.0201,0.4001,0.3847,0.0154,0.0,0.0,0.2812,0.0,0.0,0.0,0.0,0.0,0.0,0.0,0.45,0.0,0.0,0.0,0.0
1165,8,WOLF,False,2,4,P1,POSSESSED,False,True,0,1,14,0,14,0.0,0.0,1.0,2,0,,0,0,8,0,0,0,6,0,,,0.0,,,,0.0,,0.417,0.4104,0.0066,0.3872,0.3924,-0.0052,0.0,0.0,0.2812,0.0,0.0,0.0,0.0,0.0,0.0,0.2083,0.325,0.0,0.0,0.0,0.0
1166,8,WOLF,False,2,4,P1,SEER,False,False,0,0,14,0,14,0.0,0.0,1.0,2,0,,0,0,8,0,0,0,6,0,,,0.0,,,,0.0,,0.4003,0.4204,-0.0201,0.4001,0.3847,0.0154,0.0,0.0,0.2812,0.0,0.0,0.0,0.0,0.0,0.0,0.0,0.45,0.0,0.0,0.0,0.0
1167,8,WOLF,False,2,4,P1,VILLAGER,False,False,0,0,14,0,14,0.0,0.0,1.0,2,0,,0,0,8,0,0,0,6,0,,,0.0,,,,0.0,,0.4003,0.4204,-0.0201,0.4001,0.3847,0.0154,0.0,0.0,0.2812,0.0,0.0,0.0,0.0,0.0,0.0,0.0,0.45,0.0,0.0,0.0,0.0
1168,8,WOLF,False,2,4,P1,SEER,False,False,0,0,14,0,14,0.0,0.0,1.0,2,0,,0,0,8,0,0,0,6,0,,,0.0,,,,0.0,,0.4003,0.4204,-0.0201,0.4001,0.3847,0.0154,0.0,0.0,0.2812,0.0,0.0,0.0,0.0,0.0,0.0,0.0,0.45,0.0,0.0,0.0,0.0
1169,8,WOLF,False,2,4,P1,VILLAGER,False,False,0,1,14,0,14,0.0,0.0,1.0,2,0,,0,0,8,0,0,0,6,0,,,0.0,,,,0.0,,0.417,0.4104,0.0066,0.3872,0.3924,-0.0052,0.0,0.0,0.2812,0.0,0.0,0.0,0.0,0.0,0.0,0.2083,0.325,0.0,0.0,0.0,0.0
1170,8,WOLF,False,2,4,P1,VILLAGER,False,False,0,1,14,0,14,0.0,0.0,1.0,2,0,,0,0,8,0,0,0,6,0,,,0.0,,,,0.0,,0.4005,0.4203,-0.0198,0.4002,0.3847,0.0155,0.0,0.0,0.2812,0.0,0.0,0.0,0.0,0.0,0.0,0.3333,0.25,0.0,0.0,0.0,0.0
1171,8,WOLF,False,2,4,P1,VILLAGER,False,False,0,1,14,0,14,0.0,0.0,1.0,2,0,,0,0,8,0,0,0,6,0,,,0.0,,,,0.0,,0.417,0.4104,0.0066,0.3872,0.3924,-0.0052,0.0,0.0,0.2812,0.0,0.0,0.0,0.0,0.0,0.0,0.2083,0.325,0.0,0.0,0.0,0.0
1172,8,WOLF,False,2,4,P1,VILLAGER,False,False,0,0,14,0,14,0.0,0.0,1.0,2,0,,0,0,8,0,0,0,6,0,,,0.0,,,,0.0,,0.4003,0.4204,-0.0201,0.4001,0.3847,0.0154,0.0,0.0,0.2812,0.0,0.0,0.0,0.0,0.0,0.0,0.0,0.45,0.0,0.0,0.0,0.0
1173,8,WOLF,False,2,4,P1,VILLAGER,False,False,0,0,14,0,14,0.0,0.0,1.0,2,0,,0,0,8,0,0,0,6,0,,,0.0,,,,0.0,,0.4003,0.4204,-0.0201,0.4001,0.3847,0.0154,0.0,0.0,0.2812,0.0,0.0,0.0,0.0,0.0,0.0,0.0,0.45,0.0,0.0,0.0,0.0
1174,8,WOLF,False,2,4,P1,VILLAGER,False,False,0,1,14,0,14,0.0,0.0,1.0,2,0,,0,0,8,0,0,0,6,0,,,0.0,,,,0.0,,0.4005,0.4203,-0.0198,0.4002,0.3847,0.0155,0.0,0.0,0.2812,0.0,0.0,0.0,0.0,0.0,0.0,0.3333,0.25,0.0,0.0,0.0,0.0
1175,8,WOLF,False,2,4,P1,VILLAGER,False,False,0,1,14,0,14,0.0,0.0,1.0,2,0,,0,0,8,0,0,0,6,0,,,0.0,,,,0.0,,0.4005,0.4203,-0.0198,0.4002,0.3847,0.0155,0.0,0.0,0.2812,0.0,0.0,0.0,0.0,0.0,0.0,0.3333,0.25,0.0,0.0,0.0,0.0
1176,8,WOLF,False,2,4,P1,VILLAGER,False,False,0,0,14,0,14,0.0,0.0,1.0,2,0,,0,0,8,0,0,0,6,0,,,0.0,,,,0.0,,0.4003,0.4204,-0.0201,0.4001,0.3847,0.0154,0.0,0.0,0.2812,0.0,0.0,0.0,0.0,0.0,0.0,0.0,0.45,0.0,0.0,0.0,0.0
1177,8,WOLF,False,2,4,P1,VILLAGER,False,False,0,1,14,0,14,0.0,0.0,1.0,2,0,,0,0,8,0,0,0,6,0,,,0.0,,,,0.0,,0.4005,0.4203,-0.0198,0.4002,0.3847,0.0155,0.0,0.0,0.2812,0.0,0.0,0.0,0.0,0.0,0.0,0.3333,0.25,0.0,0.0,0.0,0.0
1178,8,WOLF,False,2,4,P1,VILLAGER,False,False,0,1,14,0,14,0.0,0.0,1.0,2,0,,0,0,8,0,0,0,6,0,,,0.0,,,,0.0,,0.4003,0.4204,-0.0201,0.4001,0.3847,0.0154,0.0,0.0,0.2812,0.0,0.0,0.0,0.0,0.0,0.0,0.0,0.45,0.0,0.0,0.0,0.0
1179,8,WOLF,False,2,4,P1,VILLAGER,False,False,0,1,14,0,14,0.0,0.0,1.0,2,0,,0,0,8,0,0,0,6,0,,,0.0,,,,0.0,,0.4005,0.4203,-0.0198,0.4002,0.3847,0.0155,0.0,0.0,0.2812,0.0,0.0,0.0,0.0,0.0,0.0,0.3333,0.25,0.0,0.0,0.0,0.0
1180,8,WOLF,False,2,4,P1,VILLAGER,False,False,0,1,14,0,14,0.0,0.0,1.0,2,0,,0,0,8,0,0,0,6,0,,,0.0,,,,0.0,,0.4003,0.4204,-0.0201,0.4001,0.3847,0.0154,0.0,0.0,0.2812,0.0,0.0,0.0,0.0,0.0,0.0,0.0,0.45,0.0,0.0,0.0,0.0
1181,8,WOLF,False,2,4,P1,VILLAGER,False,False,0,0,14,0,14,0.0,0.0,1.0,2,0,,0,0,8,0,0,0,6,0,,,0.0,,,,0.0,,0.4003,0.4204,-0.0201,0.4001,0.3847,0.0154,0.0,0.0,0.2812,0.0,0.0,0.0,0.0,0.0,0.0,0.0,0.45,0.0,0.0,0.0,0.0
1182,8,WOLF,False,2,4,P1,VILLAGER,False,False,0,1,14,0,14,0.0,0.0,1.0,2,0,,0,0,8,0,0,0,6,0,,,0.0,,,,0.0,,0.4005,0.4203,-0.0198,0.4002,0.3847,0.0155,0.0,0.0,0.2812,0.0,0.0,0.0,0.0,0.0,0.0,0.3333,0.25,0.0,0.0,0.0,0.0
1183,8,WOLF,False,2,4,P1,VILLAGER,False,False,0,1,14,0,14,0.0,0.0,1.0,2,0,,0,0,8,0,0,0,6,0,,,0.0,,,,0.0,,0.417,0.4104,0.0066,0.3873,0.3925,-0.0052,0.0,0.0,0.2812,0.0,0.0,0.0,0.0,0.0,0.0,0.2083,0.325,0.0,0.0,0.0,0.0
1184,8,WOLF,False,2,4,P1,SEER,False,False,0,1,14,0,14,0.0,0.0,1.0,2,0,,0,0,8,0,0,0,6,0,,,0.0,,,,0.0,,0.4005,0.4203,-0.0198,0.4002,0.3847,0.0155,0.0,0.0,0.2812,0.0,0.0,0.0,0.0,0.0,0.0,0.3333,0.25,0.0,0.0,0.0,0.0
1185,8,WOLF,False,2,4,P1,VILLAGER,False,False,0,1,14,0,14,0.0,0.0,1.0,2,0,,0,0,8,0,0,0,6,0,,,0.0,,,,0.0,,0.417,0.4104,0.0066,0.3873,0.3925,-0.0052,0.0,0.0,0.2812,0.0,0.0,0.0,0.0,0.0,0.0,0.2083,0.325,0.0,0.0,0.0,0.0
1186,8,WOLF,False,2,4,P1,VILLAGER,False,False,0,0,14,0,14,0.0,0.0,1.0,2,0,,0,0,8,0,0,0,6,0,,,0.0,,,,0.0,,0.4003,0.4204,-0.0201,0.4001,0.3848,0.0153,0.0,0.0,0.2812,0.0,0.0,0.0,0.0,0.0,0.0,0.0,0.45,0.0,0.0,0.0,0.0
1187,8,WOLF,False,2,4,P1,VILLAGER,False,False,0,1,14,0,14,0.0,0.0,1.0,2,0,,0,0,8,0,0,0,6,0,,,0.0,,,,0.0,,0.417,0.4104,0.0066,0.3873,0.3925,-0.0052,0.0,0.0,0.2812,0.0,0.0,0.0,0.0,0.0,0.0,0.2083,0.325,0.0,0.0,0.0,0.0
1188,8,WOLF,False,2,4,P1,VILLAGER,False,False,0,0,14,0,14,0.0,0.0,1.0,2,0,,0,0,8,0,0,0,6,0,,,0.0,,,,0.0,,0.4003,0.4204,-0.0201,0.4001,0.3848,0.0153,0.0,0.0,0.2812,0.0,0.0,0.0,0.0,0.0,0.0,0.0,0.45,0.0,0.0,0.0,0.0
1189,8,WOLF,False,2,4,P1,SEER,False,False,0,1,14,0,14,0.0,0.0,1.0,2,0,,0,0,8,0,0,0,6,0,,,0.0,,,,0.0,,0.417,0.4104,0.0066,0.3873,0.3925,-0.0052,0.0,0.0,0.2812,0.0,0.0,0.0,0.0,0.0,0.0,0.2083,0.325,0.0,0.0,0.0,0.0
1190,8,WOLF,False,2,4,P1,SEER,False,False,0,1,14,0,14,0.0,0.0,1.0,2,0,,0,0,8,0,0,0,6,0,,,0.0,,,,0.0,,0.4003,0.4204,-0.0201,0.4001,0.3848,0.0153,0.0,0.0,0.2812,0.0,0.0,0.0,0.0,0.0,0.0,0.0,0.45,0.0,0.0,0.0,0.0
1191,8,WOLF,False,2,4,P1,VILLAGER,False,False,0,1,14,0,14,0.0,0.0,1.0,2,0,,0,0,8,0,0,0,6,0,,,0.0,,,,0.0,,0.4005,0.4203,-0.0198,0.4002,0.3847,0.0155,0.0,0.0,0.2812,0.0,0.0,0.0,0.0,0.0,0.0,0.3333,0.25,0.0,0.0,0.0,0.0
1192,8,WOLF,False,2,4,P1,VILLAGER,False,False,0,1,14,0,14,0.0,0.0,1.0,2,0,,0,0,8,0,0,0,6,0,,,0.0,,,,0.0,,0.4005,0.4203,-0.0198,0.4002,0.3847,0.0155,0.0,0.0,0.2812,0.0,0.0,0.0,0.0,0.0,0.0,0.3333,0.25,0.0,0.0,0.0,0.0
1193,8,WOLF,False,2,4,P1,VILLAGER,False,False,0,0,14,0,14,0.0,0.0,1.0,2,0,,0,0,8,0,0,0,6,0,,,0.0,,,,0.0,,0.4003,0.4204,-0.0201,0.4001,0.3848,0.0153,0.0,0.0,0.2812,0.0,0.0,0.0,0.0,0.0,0.0,0.0,0.45,0.0,0.0,0.0,0.0
1194,8,WOLF,False,2,4,P1,SEER,False,False,0,0,14,0,14,0.0,0.0,1.0,2,0,,0,0,8,0,0,0,6,0,,,0.0,,,,0.0,,0.4003,0.4204,-0.0201,0.4001,0.3848,0.0153,0.0,0.0,0.2812,0.0,0.0,0.0,0.0,0.0,0.0,0.0,0.45,0.0,0.0,0.0,0.0
1195,8,WOLF,False,2,4,P1,POSSESSED,False,True,0,1,14,0,14,0.0,0.0,1.0,2,0,,0,0,8,0,0,0,6,0,,,0.0,,,,0.0,,0.417,0.4104,0.0066,0.3873,0.3925,-0.0052,0.0,0.0,0.2812,0.0,0.0,0.0,0.0,0.0,0.0,0.2083,0.325,0.0,0.0,0.0,0.0
1196,8,WOLF,False,2,4,P1,VILLAGER,False,False,0,1,14,0,14,0.0,0.0,1.0,2,0,,0,0,8,0,0,0,6,0,,,0.0,,,,0.0,,0.4005,0.4203,-0.0198,0.4002,0.3847,0.0155,0.0,0.0,0.2812,0.0,0.0,0.0,0.0,0.0,0.0,0.3333,0.25,0.0,0.0,0.0,0.0
1197,8,WOLF,False,2,4,P1,VILLAGER,False,False,0,1,14,0,14,0.0,0.0,1.0,2,0,,0,0,8,0,0,0,6,0,,,0.0,,,,0.0,,0.4003,0.4204,-0.0201,0.4001,0.3848,0.0153,0.0,0.0,0.2812,0.0,0.0,0.0,0.0,0.0,0.0,0.0,0.45,0.0,0.0,0.0,0.0
1198,8,WOLF,False,2,4,P1,SEER,False,False,0,0,14,0,14,0.0,0.0,1.0,2,0,,0,0,8,0,0,0,6,0,,,0.0,,,,0.0,,0.4003,0.4204,-0.0201,0.4001,0.3848,0.0153,0.0,0.0,0.2812,0.0,0.0,0.0,0.0,0.0,0.0,0.0,0.45,0.0,0.0,0.0,0.0
1199,8,WOLF,False,2,4,P1,VILLAGER,False,False,0,0,14,0,14,0.0,0.0,1.0,2,0,,0,0,8,0,0,0,6,0,,,0.0,,,,0.0,,0.4003,0.4204,-0.0201,0.4001,0.3848,0.0153,0.0,0.0,0.2812,0.0,0.0,0.0,0.0,0.0,0.0,0.0,0.45,0.0,0.0,0.0,0.0
1200,8,WOLF,False,2,4,P1,VILLAGER,False,False,0,0,14,0,14,0.0,0.0,1.0,2,0,,0,0,8,0,0,0,6,0,,,0.0,,,,0.0,,0.4003,0.4204,-0.0201,0.4001,0.3848,0.0153,0.0,0.0,0.2812,0.0,0.0,0.0,0.0,0.0,0.0,0.0,0.45,0.0,0.0,0.0,0.0
1201,8,WOLF,False,2,4,P1,VILLAGER,False,False,0,1,14,0,14,0.0,0.0,1.0,2,0,,0,0,8,0,0,0,6,0,,,0.0,,,,0.0,,0.4005,0.4203,-0.0198,0.4002,0.3847,0.0155,0.0,0.0,0.2812,0.0,0.0,0.0,0.0,0.0,0.0,0.3333,0.25,0.0,0.0,0.0,0.0
1202,8,WOLF,False,2,4,P1,SEER,False,False,0,0,14,0,14,0.0,0.0,1.0,2,0,,0,0,8,0,0,0,6,0,,,0.0,,,,0.0,,0.4003,0.4204,-0.0201,0.4001,0.3848,0.0153,0.0,0.0,0.2812,0.0,0.0,0.0,0.0,0.0,0.0,0.0,0.45,0.0,0.0,0.0,0.0
1203,8,WOLF,False,2,4,P1,VILLAGER,False,False,0,1,14,0,14,0.0,0.0,1.0,2,0,,0,0,8,0,0,0,6,0,,,0.0,,,,0.0,,0.4003,0.4204,-0.0201,0.4001,0.3848,0.0153,0.0,0.0,0.2812,0.0,0.0,0.0,0.0,0.0,0.0,0.0,0.45,0.0,0.0,0.0,0.0
1204,8,WOLF,False,2,4,P1,VILLAGER,False,False,0,1,14,0,14,0.0,0.0,1.0,2,0,,0,0,8,0,0,0,6,0,,,0.0,,,,0.0,,0.417,0.4104,0.0066,0.3873,0.3925,-0.0052,0.0,0.0,0.2812,0.0,0.0,0.0,0.0,0.0,0.0,0.2083,0.325,0.0,0.0,0.0,0.0
1205,8,WOLF,False,2,4,P1,VILLAGER,False,False,0,1,14,0,14,0.0,0.0,1.0,2,0,,0,0,8,0,0,0,6,0,,,0.0,,,,0.0,,0.417,0.4104,0.0066,0.3873,0.3925,-0.0052,0.0,0.0,0.2812,0.0,0.0,0.0,0.0,0.0,0.0,0.2083,0.325,0.0,0.0,0.0,0.0
1206,8,WOLF,False,2,4,P1,VILLAGER,False,False,0,1,14,0,14,0.0,0.0,1.0,2,0,,0,0,8,0,0,0,6,0,,,0.0,,,,0.0,,0.4003,0.4204,-0.0201,0.4001,0.3848,0.0153,0.0,0.0,0.2812,0.0,0.0,0.0,0.0,0.0,0.0,0.0,0.45,0.0,0.0,0.0,0.0
1207,8,WOLF,False,2,4,P1,VILLAGER,False,False,0,0,14,0,14,0.0,0.0,1.0,2,0,,0,0,8,0,0,0,6,0,,,0.0,,,,0.0,,0.4003,0.4204,-0.0201,0.4001,0.3848,0.0153,0.0,0.0,0.2812,0.0,0.0,0.0,0.0,0.0,0.0,0.0,0.45,0.0,0.0,0.0,0.0
1208,8,WOLF,False,2,4,P1,SEER,False,False,0,1,14,0,14,0.0,0.0,1.0,2,0,,0,0,8,0,0,0,6,0,,,0.0,,,,0.0,,0.417,0.4104,0.0066,0.3873,0.3925,-0.0052,0.0,0.0,0.2812,0.0,0.0,0.0,0.0,0.0,0.0,0.2083,0.325,0.0,0.0,0.0,0.0
1209,8,WOLF,False,2,4,P1,VILLAGER,False,False,0,0,14,0,14,0.0,0.0,1.0,2,0,,0,0,8,0,0,0,6,0,,,0.0,,,,0.0,,0.4003,0.4204,-0.0201,0.4001,0.3848,0.0153,0.0,0.0,0.2812,0.0,0.0,0.0,0.0,0.0,0.0,0.0,0.45,0.0,0.0,0.0,0.0
1210,8,WOLF,False,2,4,P1,VILLAGER,False,False,0,0,14,0,14,0.0,0.0,1.0,2,0,,0,0,8,0,0,0,6,0,,,0.0,,,,0.0,,0.4003,0.4204,-0.0201,0.4001,0.3848,0.0153,0.0,0.0,0.2812,0.0,0.0,0.0,0.0,0.0,0.0,0.0,0.45,0.0,0.0,0.0,0.0
1211,8,WOLF,False,2,4,P1,POSSESSED,False,True,0,1,14,0,14,0.0,0.0,1.0,2,0,,0,0,8,0,0,0,6,0,,,0.0,,,,0.0,,0.417,0.4104,0.0066,0.3873,0.3925,-0.0052,0.0,0.0,0.2812,0.0,0.0,0.0,0.0,0.0,0.0,0.2083,0.325,0.0,0.0,0.0,0.0
1212,8,WOLF,False,2,4,P1,POSSESSED,False,True,0,1,14,0,14,0.0,0.0,1.0,2,0,,0,0,8,0,0,0,6,0,,,0.0,,,,0.0,,0.417,0.4104,0.0066,0.3873,0.3925,-0.0052,0.0,0.0,0.2812,0.0,0.0,0.0,0.0,0.0,0.0,0.2083,0.325,0.0,0.0,0.0,0.0
1213,8,WOLF,False,2,4,P1,SEER,False,False,0,0,14,0,14,0.0,0.0,1.0,2,0,,0,0,8,0,0,0,6,0,,,0.0,,,,0.0,,0.4003,0.4204,-0.0201,0.4001,0.3848,0.0153,0.0,0.0,0.2812,0.0,0.0,0.0,0.0,0.0,0.0,0.0,0.45,0.0,0.0,0.0,0.0
1214,8,WOLF,False,2,4,P1,SEER,False,False,0,1,14,0,14,0.0,0.0,1.0,2,0,,0,0,8,0,0,0,6,0,,,0.0,,,,0.0,,0.417,0.4104,0.0066,0.3873,0.3925,-0.0052,0.0,0.0,0.2812,0.0,0.0,0.0,0.0,0.0,0.0,0.2083,0.325,0.0,0.0,0.0,0.0
1215,8,WOLF,False,2,4,P1,POSSESSED,False,True,0,1,14,0,14,0.0,0.0,1.0,2,0,,0,0,8,0,0,0,6,0,,,0.0,,,,0.0,,0.417,0.4104,0.0066,0.3873,0.3925,-0.0052,0.0,0.0,0.2812,0.0,0.0,0.0,0.0,0.0,0.0,0.2083,0.325,0.0,0.0,0.0,0.0
1216,8,WOLF,False,2,4,P1,POSSESSED,False,True,0,1,14,0,14,0.0,0.0,1.0,2,0,,0,0,8,0,0,0,6,0,,,0.0,,,,0.0,,0.417,0.4104,0.0066,0.3873,0.3925,-0.0052,0.0,0.0,0.2812,0.0,0.0,0.0,0.0,0.0,0.0,0.2083,0.325,0.0,0.0,0.0,0.0
1217,8,WOLF,False,2,4,P1,VILLAGER,False,False,0,1,14,0,14,0.0,0.0,1.0,2,0,,0,0,8,0,0,0,6,0,,,0.0,,,,0.0,,0.417,0.4104,0.0066,0.3873,0.3925,-0.0052,0.0,0.0,0.2812,0.0,0.0,0.0,0.0,0.0,0.0,0.2083,0.325,0.0,0.0,0.0,0.0
1218,8,WOLF,False,2,4,P1,VILLAGER,False,False,0,0,14,0,14,0.0,0.0,1.0,2,0,,0,0,8,0,0,0,6,0,,,0.0,,,,0.0,,0.4003,0.4204,-0.0201,0.4001,0.3848,0.0153,0.0,0.0,0.2812,0.0,0.0,0.0,0.0,0.0,0.0,0.0,0.45,0.0,0.0,0.0,0.0
1219,8,WOLF,False,2,4,P1,VILLAGER,False,False,0,1,14,0,14,0.0,0.0,1.0,2,0,,0,0,8,0,0,0,6,0,,,0.0,,,,0.0,,0.4005,0.4203,-0.0198,0.4002,0.3848,0.0154,0.0,0.0,0.2812,0.0,0.0,0.0,0.0,0.0,0.0,0.3333,0.25,0.0,0.0,0.0,0.0
1220,8,WOLF,False,2,4,P1,VILLAGER,False,False,0,0,14,0,14,0.0,0.0,1.0,2,0,,0,0,8,0,0,0,6,0,,,0.0,,,,0.0,,0.4003,0.4204,-0.0201,0.4001,0.3849,0.0152,0.0,0.0,0.2812,0.0,0.0,0.0,0.0,0.0,0.0,0.0,0.45,0.0,0.0,0.0,0.0
1221,8,WOLF,False,2,4,P1,VILLAGER,False,False,0,1,14,0,14,0.0,0.0,1.0,2,0,,0,0,8,0,0,0,6,0,,,0.0,,,,0.0,,0.4005,0.4203,-0.0198,0.4002,0.3848,0.0154,0.0,0.0,0.2812,0.0,0.0,0.0,0.0,0.0,0.0,0.3333,0.25,0.0,0.0,0.0,0.0
1222,8,WOLF,False,2,4,P1,VILLAGER,False,False,0,1,14,0,14,0.0,0.0,1.0,2,0,,0,0,8,0,0,0,6,0,,,0.0,,,,0.0,,0.4003,0.4204,-0.0201,0.4001,0.3849,0.0152,0.0,0.0,0.2812,0.0,0.0,0.0,0.0,0.0,0.0,0.0,0.45,0.0,0.0,0.0,0.0
1223,8,WOLF,False,2,4,P1,VILLAGER,False,False,0,0,14,0,14,0.0,0.0,1.0,2,0,,0,0,8,0,0,0,6,0,,,0.0,,,,0.0,,0.4003,0.4204,-0.0201,0.4001,0.3849,0.0152,0.0,0.0,0.2812,0.0,0.0,0.0,0.0,0.0,0.0,0.0,0.45,0.0,0.0,0.0,0.0
1224,8,WOLF,False,2,4,P1,VILLAGER,False,False,0,1,14,0,14,0.0,0.0,1.0,2,0,,0,0,8,0,0,0,6,0,,,0.0,,,,0.0,,0.417,0.4104,0.0066,0.3874,0.3925,-0.0051,0.0,0.0,0.2812,0.0,0.0,0.0,0.0,0.0,0.0,0.2083,0.325,0.0,0.0,0.0,0.0
1225,8,WOLF,False,2,4,P1,VILLAGER,False,False,0,0,14,0,14,0.0,0.0,1.0,2,0,,0,0,8,0,0,0,6,0,,,0.0,,,,0.0,,0.4003,0.4204,-0.0201,0.4001,0.3849,0.0152,0.0,0.0,0.2812,0.0,0.0,0.0,0.0,0.0,0.0,0.0,0.45,0.0,0.0,0.0,0.0
1226,8,WOLF,False,2,4,P1,VILLAGER,False,False,0,0,14,0,14,0.0,0.0,1.0,2,0,,0,0,8,0,0,0,6,0,,,0.0,,,,0.0,,0.4003,0.4204,-0.0201,0.4001,0.3849,0.0152,0.0,0.0,0.2812,0.0,0.0,0.0,0.0,0.0,0.0,0.0,0.45,0.0,0.0,0.0,0.0
1227,8,WOLF,False,2,4,P1,VILLAGER,False,False,0,1,14,0,14,0.0,0.0,1.0,2,0,,0,0,8,0,0,0,6,0,,,0.0,,,,0.0,,0.4003,0.4204,-0.0201,0.4001,0.3849,0.0152,0.0,0.0,0.2812,0.0,0.0,0.0,0.0,0.0,0.0,0.0,0.45,0.0,0.0,0.0,0.0
1228,8,WOLF,False,2,4,P1,VILLAGER,False,False,0,1,14,0,14,0.0,0.0,1.0,2,0,,0,0,8,0,0,0,6,0,,,0.0,,,,0.0,,0.4003,0.4204,-0.0201,0.4001,0.3849,0.0152,0.0,0.0,0.2812,0.0,0.0,0.0,0.0,0.0,0.0,0.0,0.45,0.0,0.0,0.0,0.0
1229,8,WOLF,False,2,4,P1,VILLAGER,False,False,0,1,14,0,14,0.0,0.0,1.0,2,0,,0,0,8,0,0,0,6,0,,,0.0,,,,0.0,,0.4003,0.4204,-0.0201,0.4001,0.3849,0.0152,0.0,0.0,0.2812,0.0,0.0,0.0,0.0,0.0,0.0,0.0,0.45,0.0,0.0,0.0,0.0
1230,8,WOLF,False,2,4,P1,VILLAGER,False,False,0,1,14,0,14,0.0,0.0,1.0,2,0,,0,0,8,0,0,0,6,0,,,0.0,,,,0.0,,0.417,0.4104,0.0066,0.3874,0.3925,-0.0051,0.0,0.0,0.2812,0.0,0.0,0.0,0.0,0.0,0.0,0.2083,0.325,0.0,0.0,0.0,0.0
1231,8,WOLF,False,2,4,P1,SEER,False,False,0,0,14,0,14,0.0,0.0,1.0,2,0,,0,0,8,0,0,0,6,0,,,0.0,,,,0.0,,0.4003,0.4204,-0.0201,0.4001,0.3849,0.0152,0.0,0.0,0.2812,0.0,0.0,0.0,0.0,0.0,0.0,0.0,0.45,0.0,0.0,0.0,0.0
1232,8,WOLF,False,2,4,P1,POSSESSED,False,True,0,1,14,0,14,0.0,0.0,1.0,2,0,,0,0,8,0,0,0,6,0,,,0.0,,,,0.0,,0.417,0.4104,0.0066,0.3874,0.3925,-0.0051,0.0,0.0,0.2812,0.0,0.0,0.0,0.0,0.0,0.0,0.2083,0.325,0.0,0.0,0.0,0.0
1233,8,WOLF,False,2,4,P1,VILLAGER,False,False,0,1,14,0,14,0.0,0.0,1.0,2,0,,0,0,8,0,0,0,6,0,,,0.0,,,,0.0,,0.4003,0.4204,-0.0201,0.4001,0.3849,0.0152,0.0,0.0,0.2812,0.0,0.0,0.0,0.0,0.0,0.0,0.0,0.45,0.0,0.0,0.0,0.0
1234,8,WOLF,False,2,4,P1,SEER,False,False,0,1,14,0,14,0.0,0.0,1.0,2,0,,0,0,8,0,0,0,6,0,,,0.0,,,,0.0,,0.4005,0.4203,-0.0198,0.4002,0.3849,0.0153,0.0,0.0,0.2812,0.0,0.0,0.0,0.0,0.0,0.0,0.3333,0.25,0.0,0.0,0.0,0.0
1235,8,WOLF,False,2,4,P1,VILLAGER,False,False,0,1,14,0,14,0.0,0.0,1.0,2,0,,0,0,8,0,0,0,6,0,,,0.0,,,,0.0,,0.4005,0.4203,-0.0198,0.4002,0.3849,0.0153,0.0,0.0,0.2812,0.0,0.0,0.0,0.0,0.0,0.0,0.3333,0.25,0.0,0.0,0.0,0.0
1236,8,WOLF,False,2,4,P1,VILLAGER,False,False,0,0,14,0,14,0.0,0.0,1.0,2,0,,0,0,8,0,0,0,6,0,,,0.0,,,,0.0,,0.4003,0.4204,-0.0201,0.4001,0.3849,0.0152,0.0,0.0,0.2812,0.0,0.0,0.0,0.0,0.0,0.0,0.0,0.45,0.0,0.0,0.0,0.0
1237,8,WOLF,False,2,4,P1,POSSESSED,False,True,0,1,14,0,14,0.0,0.0,1.0,2,0,,0,0,8,0,0,0,6,0,,,0.0,,,,0.0,,0.417,0.4104,0.0066,0.3874,0.3925,-0.0051,0.0,0.0,0.2812,0.0,0.0,0.0,0.0,0.0,0.0,0.2083,0.325,0.0,0.0,0.0,0.0
1238,8,WOLF,False,2,4,P1,VILLAGER,False,False,0,0,14,0,14,0.0,0.0,1.0,2,0,,0,0,8,0,0,0,6,0,,,0.0,,,,0.0,,0.4003,0.4204,-0.0201,0.4001,0.3849,0.0152,0.0,0.0,0.2812,0.0,0.0,0.0,0.0,0.0,0.0,0.0,0.45,0.0,0.0,0.0,0.0
1239,8,WOLF,False,2,4,P1,VILLAGER,False,False,0,1,14,0,14,0.0,0.0,1.0,2,0,,0,0,8,0,0,0,6,0,,,0.0,,,,0.0,,0.417,0.4104,0.0066,0.3874,0.3925,-0.0051,0.0,0.0,0.2812,0.0,0.0,0.0,0.0,0.0,0.0,0.2083,0.325,0.0,0.0,0.0,0.0
1240,8,WOLF,False,2,4,P1,VILLAGER,False,False,0,1,14,0,14,0.0,0.0,1.0,2,0,,0,0,8,0,0,0,6,0,,,0.0,,,,0.0,,0.4005,0.4203,-0.0198,0.4002,0.3849,0.0153,0.0,0.0,0.2812,0.0,0.0,0.0,0.0,0.0,0.0,0.3333,0.25,0.0,0.0,0.0,0.0
1241,8,WOLF,False,2,4,P1,VILLAGER,False,False,0,1,14,0,14,0.0,0.0,1.0,2,0,,0,0,8,0,0,0,6,0,,,0.0,,,,0.0,,0.4005,0.4203,-0.0198,0.4002,0.3849,0.0153,0.0,0.0,0.2812,0.0,0.0,0.0,0.0,0.0,0.0,0.3333,0.25,0.0,0.0,0.0,0.0
1242,8,WOLF,False,2,4,P1,VILLAGER,False,False,0,1,14,0,14,0.0,0.0,1.0,2,0,,0,0,8,0,0,0,6,0,,,0.0,,,,0.0,,0.4005,0.4203,-0.0198,0.4002,0.3849,0.0153,0.0,0.0,0.2812,0.0,0.0,0.0,0.0,0.0,0.0,0.3333,0.25,0.0,0.0,0.0,0.0
1243,8,WOLF,False,2,4,P1,SEER,False,False,0,1,14,0,14,0.0,0.0,1.0,2,0,,0,0,8,0,0,0,6,0,,,0.0,,,,0.0,,0.4005,0.4203,-0.0198,0.4002,0.3849,0.0153,0.0,0.0,0.2812,0.0,0.0,0.0,0.0,0.0,0.0,0.3333,0.25,0.0,0.0,0.0,0.0
1244,8,WOLF,False,2,4,P1,VILLAGER,False,False,0,1,14,0,14,0.0,0.0,1.0,2,0,,0,0,8,0,0,0,6,0,,,0.0,,,,0.0,,0.417,0.4104,0.0066,0.3874,0.3925,-0.0051,0.0,0.0,0.2812,0.0,0.0,0.0,0.0,0.0,0.0,0.2083,0.325,0.0,0.0,0.0,0.0
1245,8,WOLF,False,2,4,P1,VILLAGER,False,False,0,0,14,0,14,0.0,0.0,1.0,2,0,,0,0,8,0,0,0,6,0,,,0.0,,,,0.0,,0.4003,0.4204,-0.0201,0.4001,0.3849,0.0152,0.0,0.0,0.2812,0.0,0.0,0.0,0.0,0.0,0.0,0.0,0.45,0.0,0.0,0.0,0.0
1246,8,WOLF,False,2,4,P1,SEER,False,False,0,0,14,0,14,0.0,0.0,1.0,2,0,,0,0,8,0,0,0,6,0,,,0.0,,,,0.0,,0.4003,0.4204,-0.0201,0.4001,0.3849,0.0152,0.0,0.0,0.2812,0.0,0.0,0.0,0.0,0.0,0.0,0.0,0.45,0.0,0.0,0.0,0.0
1247,8,WOLF,False,2,4,P1,POSSESSED,False,True,0,1,14,0,14,0.0,0.0,1.0,2,0,,0,0,8,0,0,0,6,0,,,0.0,,,,0.0,,0.417,0.4104,0.0066,0.3874,0.3925,-0.0051,0.0,0.0,0.2812,0.0,0.0,0.0,0.0,0.0,0.0,0.2083,0.325,0.0,0.0,0.0,0.0
1248,8,WOLF,False,2,4,P1,POSSESSED,False,True,0,1,14,0,14,0.0,0.0,1.0,2,0,,0,0,8,0,0,0,6,0,,,0.0,,,,0.0,,0.417,0.4104,0.0066,0.3874,0.3926,-0.0052,0.0,0.0,0.2812,0.0,0.0,0.0,0.0,0.0,0.0,0.2083,0.325,0.0,0.0,0.0,0.0
1249,8,WOLF,False,2,4,P1,POSSESSED,False,True,0,1,14,0,14,0.0,0.0,1.0,2,0,,0,0,8,0,0,0,6,0,,,0.0,,,,0.0,,0.417,0.4104,0.0066,0.3874,0.3926,-0.0052,0.0,0.0,0.2812,0.0,0.0,0.0,0.0,0.0,0.0,0.2083,0.325,0.0,0.0,0.0,0.0
1250,8,WOLF,False,2,4,P1,VILLAGER,False,False,0,0,14,0,14,0.0,0.0,1.0,2,0,,0,0,8,0,0,0,6,0,,,0.0,,,,0.0,,0.4003,0.4204,-0.0201,0.4001,0.385,0.0151,0.0,0.0,0.2812,0.0,0.0,0.0,0.0,0.0,0.0,0.0,0.45,0.0,0.0,0.0,0.0
1251,8,WOLF,False,2,4,P1,VILLAGER,False,False,0,0,14,0,14,0.0,0.0,1.0,2,0,,0,0,8,0,0,0,6,0,,,0.0,,,,0.0,,0.4003,0.4204,-0.0201,0.4001,0.385,0.0151,0.0,0.0,0.2812,0.0,0.0,0.0,0.0,0.0,0.0,0.0,0.45,0.0,0.0,0.0,0.0
1252,8,WOLF,False,2,4,P1,VILLAGER,False,False,0,1,14,0,14,0.0,0.0,1.0,2,0,,0,0,8,0,0,0,6,0,,,0.0,,,,0.0,,0.4003,0.4204,-0.0201,0.4001,0.385,0.0151,0.0,0.0,0.2812,0.0,0.0,0.0,0.0,0.0,0.0,0.0,0.45,0.0,0.0,0.0,0.0
1253,8,WOLF,False,2,4,P1,VILLAGER,False,False,0,0,14,0,14,0.0,0.0,1.0,2,0,,0,0,8,0,0,0,6,0,,,0.0,,,,0.0,,0.4003,0.4204,-0.0201,0.4001,0.385,0.0151,0.0,0.0,0.2812,0.0,0.0,0.0,0.0,0.0,0.0,0.0,0.45,0.0,0.0,0.0,0.0
1254,8,WOLF,False,2,4,P1,VILLAGER,False,False,0,1,14,0,14,0.0,0.0,1.0,2,0,,0,0,8,0,0,0,6,0,,,0.0,,,,0.0,,0.4005,0.4203,-0.0198,0.4002,0.3849,0.0153,0.0,0.0,0.2812,0.0,0.0,0.0,0.0,0.0,0.0,0.3333,0.25,0.0,0.0,0.0,0.0
1255,8,WOLF,False,2,4,P1,VILLAGER,False,False,0,1,14,0,14,0.0,0.0,1.0,2,0,,0,0,8,0,0,0,6,0,,,0.0,,,,0.0,,0.4005,0.4203,-0.0198,0.4002,0.3849,0.0153,0.0,0.0,0.2812,0.0,0.0,0.0,0.0,0.0,0.0,0.3333,0.25,0.0,0.0,0.0,0.0
1256,8,WOLF,False,2,4,P1,POSSESSED,False,True,0,1,14,0,14,0.0,0.0,1.0,2,0,,0,0,8,0,0,0,6,0,,,0.0,,,,0.0,,0.417,0.4104,0.0066,0.3874,0.3926,-0.0052,0.0,0.0,0.2812,0.0,0.0,0.0,0.0,0.0,0.0,0.2083,0.325,0.0,0.0,0.0,0.0
1257,8,WOLF,False,2,4,P1,POSSESSED,False,True,0,1,14,0,14,0.0,0.0,1.0,2,0,,0,0,8,0,0,0,6,0,,,0.0,,,,0.0,,0.417,0.4104,0.0066,0.3874,0.3926,-0.0052,0.0,0.0,0.2812,0.0,0.0,0.0,0.0,0.0,0.0,0.2083,0.325,0.0,0.0,0.0,0.0
1258,8,WOLF,False,2,4,P1,SEER,False,False,0,1,14,0,14,0.0,0.0,1.0,2,0,,0,0,8,0,0,0,6,0,,,0.0,,,,0.0,,0.4005,0.4203,-0.0198,0.4002,0.3849,0.0153,0.0,0.0,0.2812,0.0,0.0,0.0,0.0,0.0,0.0,0.3333,0.25,0.0,0.0,0.0,0.0
1259,8,WOLF,False,2,4,P1,POSSESSED,False,True,0,1,14,0,14,0.0,0.0,1.0,2,0,,0,0,8,0,0,0,6,0,,,0.0,,,,0.0,,0.417,0.4104,0.0066,0.3874,0.3926,-0.0052,0.0,0.0,0.2812,0.0,0.0,0.0,0.0,0.0,0.0,0.2083,0.325,0.0,0.0,0.0,0.0
1260,8,WOLF,False,2,4,P1,VILLAGER,False,False,0,0,14,0,14,0.0,0.0,1.0,2,0,,0,0,8,0,0,0,6,0,,,0.0,,,,0.0,,0.4003,0.4204,-0.0201,0.4001,0.385,0.0151,0.0,0.0,0.2812,0.0,0.0,0.0,0.0,0.0,0.0,0.0,0.45,0.0,0.0,0.0,0.0
1261,8,WOLF,False,2,4,P1,VILLAGER,False,False,0,1,14,0,14,0.0,0.0,1.0,2,0,,0,0,8,0,0,0,6,0,,,0.0,,,,0.0,,0.4005,0.4203,-0.0198,0.4002,0.3849,0.0153,0.0,0.0,0.2812,0.0,0.0,0.0,0.0,0.0,0.0,0.3333,0.25,0.0,0.0,0.0,0.0
1262,8,WOLF,False,2,4,P1,VILLAGER,False,False,0,0,14,0,14,0.0,0.0,1.0,2,0,,0,0,8,0,0,0,6,0,,,0.0,,,,0.0,,0.4003,0.4204,-0.0201,0.4001,0.385,0.0151,0.0,0.0,0.2812,0.0,0.0,0.0,0.0,0.0,0.0,0.0,0.45,0.0,0.0,0.0,0.0
1263,8,WOLF,False,2,4,P1,SEER,False,False,0,1,14,0,14,0.0,0.0,1.0,2,0,,0,0,8,0,0,0,6,0,,,0.0,,,,0.0,,0.4003,0.4204,-0.0201,0.4001,0.385,0.0151,0.0,0.0,0.2812,0.0,0.0,0.0,0.0,0.0,0.0,0.0,0.45,0.0,0.0,0.0,0.0
1264,8,WOLF,False,2,4,P1,VILLAGER,False,False,0,1,14,0,14,0.0,0.0,1.0,2,0,,0,0,8,0,0,0,6,0,,,0.0,,,,0.0,,0.417,0.4104,0.0066,0.3875,0.3926,-0.0051,0.0,0.0,0.2812,0.0,0.0,0.0,0.0,0.0,0.0,0.2083,0.325,0.0,0.0,0.0,0.0
1265,8,WOLF,False,2,4,P1,SEER,False,False,0,0,14,0,14,0.0,0.0,1.0,2,0,,0,0,8,0,0,0,6,0,,,0.0,,,,0.0,,0.4003,0.4204,-0.0201,0.4001,0.385,0.0151,0.0,0.0,0.2812,0.0,0.0,0.0,0.0,0.0,0.0,0.0,0.45,0.0,0.0,0.0,0.0
1266,8,WOLF,False,2,4,P1,VILLAGER,False,False,0,1,14,0,14,0.0,0.0,1.0,2,0,,0,0,8,0,0,0,6,0,,,0.0,,,,0.0,,0.417,0.4104,0.0066,0.3875,0.3926,-0.0051,0.0,0.0,0.2812,0.0,0.0,0.0,0.0,0.0,0.0,0.2083,0.325,0.0,0.0,0.0,0.0
1267,8,WOLF,False,2,4,P1,VILLAGER,False,False,0,1,14,0,14,0.0,0.0,1.0,2,0,,0,0,8,0,0,0,6,0,,,0.0,,,,0.0,,0.4003,0.4204,-0.0201,0.4001,0.385,0.0151,0.0,0.0,0.2812,0.0,0.0,0.0,0.0,0.0,0.0,0.0,0.45,0.0,0.0,0.0,0.0
1268,8,WOLF,False,2,4,P1,VILLAGER,False,False,0,1,14,0,14,0.0,0.0,1.0,2,0,,0,0,8,0,0,0,6,0,,,0.0,,,,0.0,,0.417,0.4104,0.0066,0.3875,0.3926,-0.0051,0.0,0.0,0.2812,0.0,0.0,0.0,0.0,0.0,0.0,0.2083,0.325,0.0,0.0,0.0,0.0
1269,8,WOLF,False,2,4,P1,VILLAGER,False,False,0,0,14,0,14,0.0,0.0,1.0,2,0,,0,0,8,0,0,0,6,0,,,0.0,,,,0.0,,0.4003,0.4204,-0.0201,0.4001,0.385,0.0151,0.0,0.0,0.2812,0.0,0.0,0.0,0.0,0.0,0.0,0.0,0.45,0.0,0.0,0.0,0.0
1270,8,WOLF,False,2,4,P1,VILLAGER,False,False,0,0,14,0,14,0.0,0.0,1.0,2,0,,0,0,8,0,0,0,6,0,,,0.0,,,,0.0,,0.4003,0.4204,-0.0201,0.4001,0.385,0.0151,0.0,0.0,0.2812,0.0,0.0,0.0,0.0,0.0,0.0,0.0,0.45,0.0,0.0,0.0,0.0
1271,8,WOLF,False,2,4,P1,VILLAGER,False,False,0,1,14,0,14,0.0,0.0,1.0,2,0,,0,0,8,0,0,0,6,0,,,0.0,,,,0.0,,0.4005,0.4203,-0.0198,0.4002,0.3849,0.0153,0.0,0.0,0.2812,0.0,0.0,0.0,0.0,0.0,0.0,0.3333,0.25,0.0,0.0,0.0,0.0
1272,8,WOLF,False,2,4,P1,POSSESSED,False,True,0,1,14,0,14,0.0,0.0,1.0,2,0,,0,0,8,0,0,0,6,0,,,0.0,,,,0.0,,0.417,0.4104,0.0066,0.3875,0.3926,-0.0051,0.0,0.0,0.2812,0.0,0.0,0.0,0.0,0.0,0.0,0.2083,0.325,0.0,0.0,0.0,0.0
1273,8,WOLF,False,2,4,P1,VILLAGER,False,False,0,0,14,0,14,0.0,0.0,1.0,2,0,,0,0,8,0,0,0,6,0,,,0.0,,,,0.0,,0.4003,0.4204,-0.0201,0.4001,0.385,0.0151,0.0,0.0,0.2812,0.0,0.0,0.0,0.0,0.0,0.0,0.0,0.45,0.0,0.0,0.0,0.0
1274,8,WOLF,False,2,4,P1,VILLAGER,False,False,0,0,14,0,14,0.0,0.0,1.0,2,0,,0,0,8,0,0,0,6,0,,,0.0,,,,0.0,,0.4003,0.4204,-0.0201,0.4001,0.385,0.0151,0.0,0.0,0.2812,0.0,0.0,0.0,0.0,0.0,0.0,0.0,0.45,0.0,0.0,0.0,0.0
1275,8,WOLF,False,2,4,P1,VILLAGER,False,False,0,0,14,0,14,0.0,0.0,1.0,2,0,,0,0,8,0,0,0,6,0,,,0.0,,,,0.0,,0.4003,0.4204,-0.0201,0.4001,0.385,0.0151,0.0,0.0,0.2812,0.0,0.0,0.0,0.0,0.0,0.0,0.0,0.45,0.0,0.0,0.0,0.0
1276,8,WOLF,False,2,4,P1,SEER,False,False,0,1,14,0,14,0.0,0.0,1.0,2,0,,0,0,8,0,0,0,6,0,,,0.0,,,,0.0,,0.4005,0.4203,-0.0198,0.4002,0.385,0.0152,0.0,0.0,0.2812,0.0,0.0,0.0,0.0,0.0,0.0,0.3333,0.25,0.0,0.0,0.0,0.0
1277,8,WOLF,False,2,4,P1,VILLAGER,False,False,0,1,14,0,14,0.0,0.0,1.0,2,0,,0,0,8,0,0,0,6,0,,,0.0,,,,0.0,,0.417,0.4104,0.0066,0.3875,0.3926,-0.0051,0.0,0.0,0.2812,0.0,0.0,0.0,0.0,0.0,0.0,0.2083,0.325,0.0,0.0,0.0,0.0
1278,8,WOLF,False,2,4,P1,POSSESSED,False,True,0,1,14,0,14,0.0,0.0,1.0,2,0,,0,0,8,0,0,0,6,0,,,0.0,,,,0.0,,0.417,0.4104,0.0066,0.3875,0.3926,-0.0051,0.0,0.0,0.2812,0.0,0.0,0.0,0.0,0.0,0.0,0.2083,0.325,0.0,0.0,0.0,0.0
1279,8,WOLF,False,2,4,P1,SEER,False,False,0,0,14,0,14,0.0,0.0,1.0,2,0,,0,0,8,0,0,0,6,0,,,0.0,,,,0.0,,0.4003,0.4204,-0.0201,0.4001,0.385,0.0151,0.0,0.0,0.2812,0.0,0.0,0.0,0.0,0.0,0.0,0.0,0.45,0.0,0.0,0.0,0.0
1280,8,WOLF,False,2,4,P1,VILLAGER,False,False,0,1,14,0,14,0.0,0.0,1.0,2,0,,0,0,8,0,0,0,6,0,,,0.0,,,,0.0,,0.4003,0.4204,-0.0201,0.4001,0.385,0.0151,0.0,0.0,0.2812,0.0,0.0,0.0,0.0,0.0,0.0,0.0,0.45,0.0,0.0,0.0,0.0
1281,8,WOLF,False,2,4,P1,VILLAGER,False,False,0,0,14,0,14,0.0,0.0,1.0,2,0,,0,0,8,0,0,0,6,0,,,0.0,,,,0.0,,0.4003,0.4204,-0.0201,0.4001,0.385,0.0151,0.0,0.0,0.2812,0.0,0.0,0.0,0.0,0.0,0.0,0.0,0.45,0.0,0.0,0.0,0.0
1282,8,WOLF,False,2,4,P1,VILLAGER,False,False,0,0,14,0,14,0.0,0.0,1.0,2,0,,0,0,8,0,0,0,6,0,,,0.0,,,,0.0,,0.4003,0.4204,-0.0201,0.4001,0.385,0.0151,0.0,0.0,0.2812,0.0,0.0,0.0,0.0,0.0,0.0,0.0,0.45,0.0,0.0,0.0,0.0
1283,8,WOLF,False,2,4,P1,VILLAGER,False,False,0,1,14,0,14,0.0,0.0,1.0,2,0,,0,0,8,0,0,0,6,0,,,0.0,,,,0.0,,0.417,0.4104,0.0066,0.3875,0.3926,-0.0051,0.0,0.0,0.2812,0.0,0.0,0.0,0.0,0.0,0.0,0.2083,0.325,0.0,0.0,0.0,0.0
1284,8,WOLF,False,2,4,P1,VILLAGER,False,False,0,1,14,0,14,0.0,0.0,1.0,2,0,,0,0,8,0,0,0,6,0,,,0.0,,,,0.0,,0.4003,0.4204,-0.0201,0.4001,0.385,0.0151,0.0,0.0,0.2812,0.0,0.0,0.0,0.0,0.0,0.0,0.0,0.45,0.0,0.0,0.0,0.0
1285,8,WOLF,False,2,4,P1,VILLAGER,False,False,0,0,14,0,14,0.0,0.0,1.0,2,0,,0,0,8,0,0,0,6,0,,,0.0,,,,0.0,,0.4003,0.4204,-0.0201,0.4001,0.385,0.0151,0.0,0.0,0.2812,0.0,0.0,0.0,0.0,0.0,0.0,0.0,0.45,0.0,0.0,0.0,0.0
1286,8,WOLF,False,2,4,P1,VILLAGER,False,False,0,1,14,0,14,0.0,0.0,1.0,2,0,,0,0,8,0,0,0,6,0,,,0.0,,,,0.0,,0.417,0.4104,0.0066,0.3875,0.3926,-0.0051,0.0,0.0,0.2812,0.0,0.0,0.0,0.0,0.0,0.0,0.2083,0.325,0.0,0.0,0.0,0.0
1287,8,WOLF,False,2,4,P1,VILLAGER,False,False,0,1,14,0,14,0.0,0.0,1.0,2,0,,0,0,8,0,0,0,6,0,,,0.0,,,,0.0,,0.4005,0.4203,-0.0198,0.4002,0.385,0.0152,0.0,0.0,0.2812,0.0,0.0,0.0,0.0,0.0,0.0,0.3333,0.25,0.0,0.0,0.0,0.0
1288,8,WOLF,False,2,4,P1,VILLAGER,False,False,0,1,14,0,14,0.0,0.0,1.0,2,0,,0,0,8,0,0,0,6,0,,,0.0,,,,0.0,,0.4005,0.4203,-0.0198,0.4002,0.385,0.0152,0.0,0.0,0.2812,0.0,0.0,0.0,0.0,0.0,0.0,0.3333,0.25,0.0,0.0,0.0,0.0
1289,8,WOLF,False,2,4,P1,VILLAGER,False,False,0,0,14,0,14,0.0,0.0,1.0,2,0,,0,0,8,0,0,0,6,0,,,0.0,,,,0.0,,0.4003,0.4204,-0.0201,0.4001,0.385,0.0151,0.0,0.0,0.2812,0.0,0.0,0.0,0.0,0.0,0.0,0.0,0.45,0.0,0.0,0.0,0.0
1290,8,WOLF,False,2,4,P1,VILLAGER,False,False,0,1,14,0,14,0.0,0.0,1.0,2,0,,0,0,8,0,0,0,6,0,,,0.0,,,,0.0,,0.4003,0.4204,-0.0201,0.4001,0.385,0.0151,0.0,0.0,0.2812,0.0,0.0,0.0,0.0,0.0,0.0,0.0,0.45,0.0,0.0,0.0,0.0
1291,8,WOLF,False,2,4,P1,VILLAGER,False,False,0,0,14,0,14,0.0,0.0,1.0,2,0,,0,0,8,0,0,0,6,0,,,0.0,,,,0.0,,0.4003,0.4204,-0.0201,0.4001,0.385,0.0151,0.0,0.0,0.2812,0.0,0.0,0.0,0.0,0.0,0.0,0.0,0.45,0.0,0.0,0.0,0.0
1292,8,WOLF,False,2,4,P1,SEER,False,False,0,1,14,0,14,0.0,0.0,1.0,2,0,,0,0,8,0,0,0,6,0,,,0.0,,,,0.0,,0.4003,0.4204,-0.0201,0.4001,0.3851,0.015,0.0,0.0,0.2812,0.0,0.0,0.0,0.0,0.0,0.0,0.0,0.45,0.0,0.0,0.0,0.0
1293,8,WOLF,False,2,4,P1,VILLAGER,False,False,0,1,14,0,14,0.0,0.0,1.0,2,0,,0,0,8,0,0,0,6,0,,,0.0,,,,0.0,,0.4003,0.4204,-0.0201,0.4001,0.3851,0.015,0.0,0.0,0.2812,0.0,0.0,0.0,0.0,0.0,0.0,0.0,0.45,0.0,0.0,0.0,0.0
1294,8,WOLF,False,2,4,P1,VILLAGER,False,False,0,1,14,0,14,0.0,0.0,1.0,2,0,,0,0,8,0,0,0,6,0,,,0.0,,,,0.0,,0.4005,0.4203,-0.0198,0.4002,0.385,0.0152,0.0,0.0,0.2812,0.0,0.0,0.0,0.0,0.0,0.0,0.3333,0.25,0.0,0.0,0.0,0.0
1295,8,WOLF,False,2,4,P1,VILLAGER,False,False,0,1,14,0,14,0.0,0.0,1.0,2,0,,0,0,8,0,0,0,6,0,,,0.0,,,,0.0,,0.4005,0.4203,-0.0198,0.4002,0.385,0.0152,0.0,0.0,0.2812,0.0,0.0,0.0,0.0,0.0,0.0,0.3333,0.25,0.0,0.0,0.0,0.0
1296,8,WOLF,False,2,4,P1,SEER,False,False,0,1,14,0,14,0.0,0.0,1.0,2,0,,0,0,8,0,0,0,6,0,,,0.0,,,,0.0,,0.417,0.4104,0.0066,0.3875,0.3926,-0.0051,0.0,0.0,0.2812,0.0,0.0,0.0,0.0,0.0,0.0,0.2083,0.325,0.0,0.0,0.0,0.0
1297,8,WOLF,False,2,4,P1,POSSESSED,False,True,0,1,14,0,14,0.0,0.0,1.0,2,0,,0,0,8,0,0,0,6,0,,,0.0,,,,0.0,,0.417,0.4104,0.0066,0.3875,0.3926,-0.0051,0.0,0.0,0.2812,0.0,0.0,0.0,0.0,0.0,0.0,0.2083,0.325,0.0,0.0,0.0,0.0
1298,8,WOLF,False,2,4,P1,VILLAGER,False,False,0,1,14,0,14,0.0,0.0,1.0,2,0,,0,0,8,0,0,0,6,0,,,0.0,,,,0.0,,0.417,0.4104,0.0066,0.3875,0.3926,-0.0051,0.0,0.0,0.2812,0.0,0.0,0.0,0.0,0.0,0.0,0.2083,0.325,0.0,0.0,0.0,0.0
1299,8,WOLF,False,2,4,P1,VILLAGER,False,False,0,1,14,0,14,0.0,0.0,1.0,2,0,,0,0,8,0,0,0,6,0,,,0.0,,,,0.0,,0.4005,0.4203,-0.0198,0.4002,0.385,0.0152,0.0,0.0,0.2812,0.0,0.0,0.0,0.0,0.0,0.0,0.3333,0.25,0.0,0.0,0.0,0.0
1300,8,WOLF,False,2,4,P1,VILLAGER,False,False,0,1,14,0,14,0.0,0.0,1.0,2,0,,0,0,8,0,0,0,6,0,,,0.0,,,,0.0,,0.4003,0.4204,-0.0201,0.4001,0.3851,0.015,0.0,0.0,0.2812,0.0,0.0,0.0,0.0,0.0,0.0,0.0,0.45,0.0,0.0,0.0,0.0
1301,8,WOLF,False,2,4,P1,VILLAGER,False,False,0,1,14,0,14,0.0,0.0,1.0,2,0,,0,0,8,0,0,0,6,0,,,0.0,,,,0.0,,0.4003,0.4204,-0.0201,0.4001,0.3851,0.015,0.0,0.0,0.2812,0.0,0.0,0.0,0.0,0.0,0.0,0.0,0.45,0.0,0.0,0.0,0.0
1302,8,WOLF,False,2,4,P1,VILLAGER,False,False,0,1,14,0,14,0.0,0.0,1.0,2,0,,0,0,8,0,0,0,6,0,,,0.0,,,,0.0,,0.4005,0.4203,-0.0198,0.4002,0.385,0.0152,0.0,0.0,0.2812,0.0,0.0,0.0,0.0,0.0,0.0,0.3333,0.25,0.0,0.0,0.0,0.0
1303,8,WOLF,False,2,4,P1,VILLAGER,False,False,0,1,14,0,14,0.0,0.0,1.0,2,0,,0,0,8,0,0,0,6,0,,,0.0,,,,0.0,,0.417,0.4104,0.0066,0.3875,0.3926,-0.0051,0.0,0.0,0.2812,0.0,0.0,0.0,0.0,0.0,0.0,0.2083,0.325,0.0,0.0,0.0,0.0
1304,8,WOLF,False,2,4,P1,VILLAGER,False,False,0,1,14,0,14,0.0,0.0,1.0,2,0,,0,0,8,0,0,0,6,0,,,0.0,,,,0.0,,0.4005,0.4203,-0.0198,0.4002,0.385,0.0152,0.0,0.0,0.2812,0.0,0.0,0.0,0.0,0.0,0.0,0.3333,0.25,0.0,0.0,0.0,0.0
1305,8,WOLF,False,2,4,P1,SEER,False,False,0,1,14,0,14,0.0,0.0,1.0,2,0,,0,0,8,0,0,0,6,0,,,0.0,,,,0.0,,0.417,0.4104,0.0066,0.3875,0.3926,-0.0051,0.0,0.0,0.2812,0.0,0.0,0.0,0.0,0.0,0.0,0.2083,0.325,0.0,0.0,0.0,0.0
1306,8,WOLF,False,2,4,P1,VILLAGER,False,False,0,1,14,0,14,0.0,0.0,1.0,2,0,,0,0,8,0,0,0,6,0,,,0.0,,,,0.0,,0.417,0.4104,0.0066,0.3875,0.3926,-0.0051,0.0,0.0,0.2812,0.0,0.0,0.0,0.0,0.0,0.0,0.2083,0.325,0.0,0.0,0.0,0.0
1307,8,WOLF,False,2,4,P1,VILLAGER,False,False,0,1,14,0,14,0.0,0.0,1.0,2,0,,0,0,8,0,0,0,6,0,,,0.0,,,,0.0,,0.417,0.4104,0.0066,0.3876,0.3926,-0.005,0.0,0.0,0.2812,0.0,0.0,0.0,0.0,0.0,0.0,0.2083,0.325,0.0,0.0,0.0,0.0
1308,8,WOLF,False,2,4,P1,SEER,False,False,0,0,14,0,14,0.0,0.0,1.0,2,0,,0,0,8,0,0,0,6,0,,,0.0,,,,0.0,,0.4003,0.4204,-0.0201,0.4001,0.3851,0.015,0.0,0.0,0.2812,0.0,0.0,0.0,0.0,0.0,0.0,0.0,0.45,0.0,0.0,0.0,0.0
1309,8,WOLF,False,2,4,P1,VILLAGER,False,False,0,0,14,0,14,0.0,0.0,1.0,2,0,,0,0,8,0,0,0,6,0,,,0.0,,,,0.0,,0.4003,0.4204,-0.0201,0.4001,0.3851,0.015,0.0,0.0,0.2812,0.0,0.0,0.0,0.0,0.0,0.0,0.0,0.45,0.0,0.0,0.0,0.0
1310,8,WOLF,False,2,4,P1,POSSESSED,False,True,0,1,14,0,14,0.0,0.0,1.0,2,0,,0,0,8,0,0,0,6,0,,,0.0,,,,0.0,,0.417,0.4104,0.0066,0.3876,0.3926,-0.005,0.0,0.0,0.2812,0.0,0.0,0.0,0.0,0.0,0.0,0.2083,0.325,0.0,0.0,0.0,0.0
1311,8,WOLF,False,2,4,P1,VILLAGER,False,False,0,1,14,0,14,0.0,0.0,1.0,2,0,,0,0,8,0,0,0,6,0,,,0.0,,,,0.0,,0.4003,0.4204,-0.0201,0.4001,0.3851,0.015,0.0,0.0,0.2812,0.0,0.0,0.0,0.0,0.0,0.0,0.0,0.45,0.0,0.0,0.0,0.0
1312,8,WOLF,False,2,4,P1,VILLAGER,False,False,0,0,14,0,14,0.0,0.0,1.0,2,0,,0,0,8,0,0,0,6,0,,,0.0,,,,0.0,,0.4003,0.4204,-0.0201,0.4001,0.3851,0.015,0.0,0.0,0.2812,0.0,0.0,0.0,0.0,0.0,0.0,0.0,0.45,0.0,0.0,0.0,0.0
1313,8,WOLF,False,2,4,P1,VILLAGER,False,False,0,1,14,0,14,0.0,0.0,1.0,2,0,,0,0,8,0,0,0,6,0,,,0.0,,,,0.0,,0.417,0.4104,0.0066,0.3876,0.3926,-0.005,0.0,0.0,0.2812,0.0,0.0,0.0,0.0,0.0,0.0,0.2083,0.325,0.0,0.0,0.0,0.0
1314,8,WOLF,False,2,4,P1,VILLAGER,False,False,0,1,14,0,14,0.0,0.0,1.0,2,0,,0,0,8,0,0,0,6,0,,,0.0,,,,0.0,,0.417,0.4104,0.0066,0.3876,0.3926,-0.005,0.0,0.0,0.2812,0.0,0.0,0.0,0.0,0.0,0.0,0.2083,0.325,0.0,0.0,0.0,0.0
1315,8,WOLF,False,2,4,P1,VILLAGER,False,False,0,1,14,0,14,0.0,0.0,1.0,2,0,,0,0,8,0,0,0,6,0,,,0.0,,,,0.0,,0.4003,0.4204,-0.0201,0.4001,0.3851,0.015,0.0,0.0,0.2812,0.0,0.0,0.0,0.0,0.0,0.0,0.0,0.45,0.0,0.0,0.0,0.0
1316,8,WOLF,False,2,4,P1,SEER,False,False,0,1,14,0,14,0.0,0.0,1.0,2,0,,0,0,8,0,0,0,6,0,,,0.0,,,,0.0,,0.4003,0.4204,-0.0201,0.4001,0.3851,0.015,0.0,0.0,0.2812,0.0,0.0,0.0,0.0,0.0,0.0,0.0,0.45,0.0,0.0,0.0,0.0
1317,8,WOLF,False,2,4,P1,VILLAGER,False,False,0,1,14,0,14,0.0,0.0,1.0,2,0,,0,0,8,0,0,0,6,0,,,0.0,,,,0.0,,0.417,0.4104,0.0066,0.3876,0.3926,-0.005,0.0,0.0,0.2812,0.0,0.0,0.0,0.0,0.0,0.0,0.2083,0.325,0.0,0.0,0.0,0.0
1318,8,WOLF,False,2,4,P1,SEER,False,False,0,1,14,0,14,0.0,0.0,1.0,2,0,,0,0,8,0,0,0,6,0,,,0.0,,,,0.0,,0.4005,0.4203,-0.0198,0.4002,0.3851,0.0151,0.0,0.0,0.2812,0.0,0.0,0.0,0.0,0.0,0.0,0.3333,0.25,0.0,0.0,0.0,0.0
1319,8,WOLF,False,2,4,P1,POSSESSED,False,True,0,1,14,0,14,0.0,0.0,1.0,2,0,,0,0,8,0,0,0,6,0,,,0.0,,,,0.0,,0.417,0.4104,0.0066,0.3876,0.3926,-0.005,0.0,0.0,0.2812,0.0,0.0,0.0,0.0,0.0,0.0,0.2083,0.325,0.0,0.0,0.0,0.0
1320,8,WOLF,False,2,4,P1,VILLAGER,False,False,0,1,14,0,14,0.0,0.0,1.0,2,0,,0,0,8,0,0,0,6,0,,,0.0,,,,0.0,,0.4003,0.4204,-0.0201,0.4001,0.3851,0.015,0.0,0.0,0.2812,0.0,0.0,0.0,0.0,0.0,0.0,0.0,0.45,0.0,0.0,0.0,0.0
1321,8,WOLF,False,2,4,P1,POSSESSED,False,True,0,1,14,0,14,0.0,0.0,1.0,2,0,,0,0,8,0,0,0,6,0,,,0.0,,,,0.0,,0.417,0.4104,0.0066,0.3876,0.3927,-0.0051,0.0,0.0,0.2812,0.0,0.0,0.0,0.0,0.0,0.0,0.2083,0.325,0.0,0.0,0.0,0.0
1322,8,WOLF,False,2,4,P1,VILLAGER,False,False,0,1,14,0,14,0.0,0.0,1.0,2,0,,0,0,8,0,0,0,6,0,,,0.0,,,,0.0,,0.4003,0.4204,-0.0201,0.4001,0.3852,0.0149,0.0,0.0,0.2812,0.0,0.0,0.0,0.0,0.0,0.0,0.0,0.45,0.0,0.0,0.0,0.0
1323,8,WOLF,False,2,4,P1,VILLAGER,False,False,0,0,14,0,14,0.0,0.0,1.0,2,0,,0,0,8,0,0,0,6,0,,,0.0,,,,0.0,,0.4003,0.4204,-0.0201,0.4001,0.3852,0.0149,0.0,0.0,0.2812,0.0,0.0,0.0,0.0,0.0,0.0,0.0,0.45,0.0,0.0,0.0,0.0
1324,8,WOLF,False,2,4,P1,VILLAGER,False,False,0,0,14,0,14,0.0,0.0,1.0,2,0,,0,0,8,0,0,0,6,0,,,0.0,,,,0.0,,0.4003,0.4204,-0.0201,0.4001,0.3852,0.0149,0.0,0.0,0.2812,0.0,0.0,0.0,0.0,0.0,0.0,0.0,0.45,0.0,0.0,0.0,0.0
1325,8,WOLF,False,2,4,P1,VILLAGER,False,False,0,1,14,0,14,0.0,0.0,1.0,2,0,,0,0,8,0,0,0,6,0,,,0.0,,,,0.0,,0.4003,0.4204,-0.0201,0.4001,0.3852,0.0149,0.0,0.0,0.2812,0.0,0.0,0.0,0.0,0.0,0.0,0.0,0.45,0.0,0.0,0.0,0.0
1326,8,WOLF,False,2,4,P1,VILLAGER,False,False,0,1,14,0,14,0.0,0.0,1.0,2,0,,0,0,8,0,0,0,6,0,,,0.0,,,,0.0,,0.4003,0.4204,-0.0201,0.4001,0.3852,0.0149,0.0,0.0,0.2812,0.0,0.0,0.0,0.0,0.0,0.0,0.0,0.45,0.0,0.0,0.0,0.0
1327,8,WOLF,False,2,4,P1,SEER,False,False,0,0,14,0,14,0.0,0.0,1.0,2,0,,0,0,8,0,0,0,6,0,,,0.0,,,,0.0,,0.4003,0.4204,-0.0201,0.4001,0.3852,0.0149,0.0,0.0,0.2812,0.0,0.0,0.0,0.0,0.0,0.0,0.0,0.45,0.0,0.0,0.0,0.0
1328,8,WOLF,False,2,4,P1,VILLAGER,False,False,0,0,14,0,14,0.0,0.0,1.0,2,0,,0,0,8,0,0,0,6,0,,,0.0,,,,0.0,,0.4003,0.4204,-0.0201,0.4001,0.3852,0.0149,0.0,0.0,0.2812,0.0,0.0,0.0,0.0,0.0,0.0,0.0,0.45,0.0,0.0,0.0,0.0
1329,8,WOLF,False,2,4,P1,VILLAGER,False,False,0,0,14,0,14,0.0,0.0,1.0,2,0,,0,0,8,0,0,0,6,0,,,0.0,,,,0.0,,0.4003,0.4204,-0.0201,0.4001,0.3852,0.0149,0.0,0.0,0.2812,0.0,0.0,0.0,0.0,0.0,0.0,0.0,0.45,0.0,0.0,0.0,0.0
1330,8,WOLF,False,2,4,P1,VILLAGER,False,False,0,1,14,0,14,0.0,0.0,1.0,2,0,,0,0,8,0,0,0,6,0,,,0.0,,,,0.0,,0.4005,0.4203,-0.0198,0.4002,0.3851,0.0151,0.0,0.0,0.2812,0.0,0.0,0.0,0.0,0.0,0.0,0.3333,0.25,0.0,0.0,0.0,0.0
1331,8,WOLF,False,2,4,P1,POSSESSED,False,True,0,1,14,0,14,0.0,0.0,1.0,2,0,,0,0,8,0,0,0,6,0,,,0.0,,,,0.0,,0.417,0.4104,0.0066,0.3876,0.3927,-0.0051,0.0,0.0,0.2812,0.0,0.0,0.0,0.0,0.0,0.0,0.2083,0.325,0.0,0.0,0.0,0.0
1332,8,WOLF,False,2,4,P1,SEER,False,False,0,0,14,0,14,0.0,0.0,1.0,2,0,,0,0,8,0,0,0,6,0,,,0.0,,,,0.0,,0.4003,0.4204,-0.0201,0.4001,0.3852,0.0149,0.0,0.0,0.2812,0.0,0.0,0.0,0.0,0.0,0.0,0.0,0.45,0.0,0.0,0.0,0.0
1333,8,WOLF,False,2,4,P1,VILLAGER,False,False,0,0,14,0,14,0.0,0.0,1.0,2,0,,0,0,8,0,0,0,6,0,,,0.0,,,,0.0,,0.4003,0.4204,-0.0201,0.4001,0.3852,0.0149,0.0,0.0,0.2812,0.0,0.0,0.0,0.0,0.0,0.0,0.0,0.45,0.0,0.0,0.0,0.0
1334,8,WOLF,False,2,4,P1,VILLAGER,False,False,0,0,14,0,14,0.0,0.0,1.0,2,0,,0,0,8,0,0,0,6,0,,,0.0,,,,0.0,,0.4003,0.4204,-0.0201,0.4001,0.3852,0.0149,0.0,0.0,0.2812,0.0,0.0,0.0,0.0,0.0,0.0,0.0,0.45,0.0,0.0,0.0,0.0
1335,8,WOLF,False,2,4,P1,VILLAGER,False,False,0,1,14,0,14,0.0,0.0,1.0,2,0,,0,0,8,0,0,0,6,0,,,0.0,,,,0.0,,0.4005,0.4203,-0.0198,0.4002,0.3851,0.0151,0.0,0.0,0.2812,0.0,0.0,0.0,0.0,0.0,0.0,0.3333,0.25,0.0,0.0,0.0,0.0
1336,8,WOLF,False,2,4,P1,VILLAGER,False,False,0,1,14,0,14,0.0,0.0,1.0,2,0,,0,0,8,0,0,0,6,0,,,0.0,,,,0.0,,0.4005,0.4203,-0.0198,0.4002,0.3851,0.0151,0.0,0.0,0.2812,0.0,0.0,0.0,0.0,0.0,0.0,0.3333,0.25,0.0,0.0,0.0,0.0
1337,8,WOLF,False,2,4,P1,POSSESSED,False,True,0,1,14,0,14,0.0,0.0,1.0,2,0,,0,0,8,0,0,0,6,0,,,0.0,,,,0.0,,0.417,0.4104,0.0066,0.3876,0.3927,-0.0051,0.0,0.0,0.2812,0.0,0.0,0.0,0.0,0.0,0.0,0.2083,0.325,0.0,0.0,0.0,0.0
1338,8,WOLF,False,2,4,P1,VILLAGER,False,False,0,1,14,0,14,0.0,0.0,1.0,2,0,,0,0,8,0,0,0,6,0,,,0.0,,,,0.0,,0.4003,0.4204,-0.0201,0.4001,0.3852,0.0149,0.0,0.0,0.2812,0.0,0.0,0.0,0.0,0.0,0.0,0.0,0.45,0.0,0.0,0.0,0.0
1339,8,WOLF,False,2,4,P1,VILLAGER,False,False,0,0,14,0,14,0.0,0.0,1.0,2,0,,0,0,8,0,0,0,6,0,,,0.0,,,,0.0,,0.4003,0.4204,-0.0201,0.4001,0.3852,0.0149,0.0,0.0,0.2812,0.0,0.0,0.0,0.0,0.0,0.0,0.0,0.45,0.0,0.0,0.0,0.0
1340,8,WOLF,False,2,4,P1,POSSESSED,False,True,0,1,14,0,14,0.0,0.0,1.0,2,0,,0,0,8,0,0,0,6,0,,,0.0,,,,0.0,,0.417,0.4104,0.0066,0.3876,0.3927,-0.0051,0.0,0.0,0.2812,0.0,0.0,0.0,0.0,0.0,0.0,0.2083,0.325,0.0,0.0,0.0,0.0
1341,8,WOLF,False,2,4,P1,VILLAGER,False,False,0,1,14,0,14,0.0,0.0,1.0,2,0,,0,0,8,0,0,0,6,0,,,0.0,,,,0.0,,0.4005,0.4203,-0.0198,0.4002,0.3851,0.0151,0.0,0.0,0.2812,0.0,0.0,0.0,0.0,0.0,0.0,0.3333,0.25,0.0,0.0,0.0,0.0
1342,8,WOLF,False,2,4,P1,VILLAGER,False,False,0,1,14,0,14,0.0,0.0,1.0,2,0,,0,0,8,0,0,0,6,0,,,0.0,,,,0.0,,0.4005,0.4203,-0.0198,0.4002,0.3851,0.0151,0.0,0.0,0.2812,0.0,0.0,0.0,0.0,0.0,0.0,0.3333,0.25,0.0,0.0,0.0,0.0
1343,8,WOLF,False,2,4,P1,SEER,False,False,0,0,14,0,14,0.0,0.0,1.0,2,0,,0,0,8,0,0,0,6,0,,,0.0,,,,0.0,,0.4003,0.4204,-0.0201,0.4001,0.3852,0.0149,0.0,0.0,0.2812,0.0,0.0,0.0,0.0,0.0,0.0,0.0,0.45,0.0,0.0,0.0,0.0
1344,8,WOLF,False,2,4,P1,POSSESSED,False,True,0,1,14,0,14,0.0,0.0,1.0,2,0,,0,0,8,0,0,0,6,0,,,0.0,,,,0.0,,0.417,0.4104,0.0066,0.3876,0.3927,-0.0051,0.0,0.0,0.2812,0.0,0.0,0.0,0.0,0.0,0.0,0.2083,0.325,0.0,0.0,0.0,0.0
1345,8,WOLF,False,2,4,P1,POSSESSED,False,True,0,1,14,0,14,0.0,0.0,1.0,2,0,,0,0,8,0,0,0,6,0,,,0.0,,,,0.0,,0.417,0.4104,0.0066,0.3876,0.3927,-0.0051,0.0,0.0,0.2812,0.0,0.0,0.0,0.0,0.0,0.0,0.2083,0.325,0.0,0.0,0.0,0.0
1346,8,WOLF,False,2,4,P1,VILLAGER,False,False,0,1,14,0,14,0.0,0.0,1.0,2,0,,0,0,8,0,0,0,6,0,,,0.0,,,,0.0,,0.4005,0.4203,-0.0198,0.4002,0.3851,0.0151,0.0,0.0,0.2812,0.0,0.0,0.0,0.0,0.0,0.0,0.3333,0.25,0.0,0.0,0.0,0.0
1347,8,WOLF,False,2,4,P1,POSSESSED,False,True,0,1,14,0,14,0.0,0.0,1.0,2,0,,0,0,8,0,0,0,6,0,,,0.0,,,,0.0,,0.417,0.4104,0.0066,0.3876,0.3927,-0.0051,0.0,0.0,0.2812,0.0,0.0,0.0,0.0,0.0,0.0,0.2083,0.325,0.0,0.0,0.0,0.0
1348,8,WOLF,False,2,4,P1,VILLAGER,False,False,0,0,14,0,14,0.0,0.0,1.0,2,0,,0,0,8,0,0,0,6,0,,,0.0,,,,0.0,,0.4003,0.4204,-0.0201,0.4001,0.3852,0.0149,0.0,0.0,0.2812,0.0,0.0,0.0,0.0,0.0,0.0,0.0,0.45,0.0,0.0,0.0,0.0
1349,8,WOLF,False,2,4,P1,VILLAGER,False,False,0,1,14,0,14,0.0,0.0,1.0,2,0,,0,0,8,0,0,0,6,0,,,0.0,,,,0.0,,0.4003,0.4204,-0.0201,0.4001,0.3852,0.0149,0.0,0.0,0.2812,0.0,0.0,0.0,0.0,0.0,0.0,0.0,0.45,0.0,0.0,0.0,0.0
1350,8,WOLF,False,2,4,P1,VILLAGER,False,False,0,1,14,0,14,0.0,0.0,1.0,2,0,,0,0,8,0,0,0,6,0,,,0.0,,,,0.0,,0.417,0.4104,0.0066,0.3877,0.3927,-0.005,0.0,0.0,0.2812,0.0,0.0,0.0,0.0,0.0,0.0,0.2083,0.325,0.0,0.0,0.0,0.0
1351,8,WOLF,False,2,4,P1,VILLAGER,False,False,0,1,14,0,14,0.0,0.0,1.0,2,0,,0,0,8,0,0,0,6,0,,,0.0,,,,0.0,,0.4005,0.4203,-0.0198,0.4002,0.3852,0.015,0.0,0.0,0.2812,0.0,0.0,0.0,0.0,0.0,0.0,0.3333,0.25,0.0,0.0,0.0,0.0
1352,8,WOLF,False,2,4,P1,VILLAGER,False,False,0,1,14,0,14,0.0,0.0,1.0,2,0,,0,0,8,0,0,0,6,0,,,0.0,,,,0.0,,0.417,0.4104,0.0066,0.3877,0.3927,-0.005,0.0,0.0,0.2812,0.0,0.0,0.0,0.0,0.0,0.0,0.2083,0.325,0.0,0.0,0.0,0.0
1353,8,WOLF,False,2,4,P1,SEER,False,False,0,0,14,0,14,0.0,0.0,1.0,2,0,,0,0,8,0,0,0,6,0,,,0.0,,,,0.0,,0.4003,0.4204,-0.0201,0.4001,0.3852,0.0149,0.0,0.0,0.2812,0.0,0.0,0.0,0.0,0.0,0.0,0.0,0.45,0.0,0.0,0.0,0.0
1354,8,WOLF,False,2,4,P1,POSSESSED,False,True,0,1,14,0,14,0.0,0.0,1.0,2,0,,0,0,8,0,0,0,6,0,,,0.0,,,,0.0,,0.417,0.4104,0.0066,0.3877,0.3927,-0.005,0.0,0.0,0.2812,0.0,0.0,0.0,0.0,0.0,0.0,0.2083,0.325,0.0,0.0,0.0,0.0
1355,8,WOLF,False,2,4,P1,SEER,False,False,0,1,14,0,14,0.0,0.0,1.0,2,0,,0,0,8,0,0,0,6,0,,,0.0,,,,0.0,,0.4003,0.4204,-0.0201,0.4001,0.3852,0.0149,0.0,0.0,0.2812,0.0,0.0,0.0,0.0,0.0,0.0,0.0,0.45,0.0,0.0,0.0,0.0
1356,8,WOLF,False,2,4,P1,VILLAGER,False,False,0,0,14,0,14,0.0,0.0,1.0,2,0,,0,0,8,0,0,0,6,0,,,0.0,,,,0.0,,0.4003,0.4204,-0.0201,0.4001,0.3852,0.0149,0.0,0.0,0.2812,0.0,0.0,0.0,0.0,0.0,0.0,0.0,0.45,0.0,0.0,0.0,0.0
1357,8,WOLF,False,2,4,P1,POSSESSED,False,True,0,1,14,0,14,0.0,0.0,1.0,2,0,,0,0,8,0,0,0,6,0,,,0.0,,,,0.0,,0.417,0.4104,0.0066,0.3877,0.3927,-0.005,0.0,0.0,0.2812,0.0,0.0,0.0,0.0,0.0,0.0,0.2083,0.325,0.0,0.0,0.0,0.0
1358,8,WOLF,False,2,4,P1,VILLAGER,False,False,0,0,14,0,14,0.0,0.0,1.0,2,0,,0,0,8,0,0,0,6,0,,,0.0,,,,0.0,,0.4003,0.4204,-0.0201,0.4001,0.3852,0.0149,0.0,0.0,0.2812,0.0,0.0,0.0,0.0,0.0,0.0,0.0,0.45,0.0,0.0,0.0,0.0
1359,8,WOLF,False,2,4,P1,VILLAGER,False,False,0,0,14,0,14,0.0,0.0,1.0,2,0,,0,0,8,0,0,0,6,0,,,0.0,,,,0.0,,0.4003,0.4204,-0.0201,0.4001,0.3853,0.0148,0.0,0.0,0.2812,0.0,0.0,0.0,0.0,0.0,0.0,0.0,0.45,0.0,0.0,0.0,0.0
1360,8,WOLF,False,2,4,P1,SEER,False,False,0,0,14,0,14,0.0,0.0,1.0,2,0,,0,0,8,0,0,0,6,0,,,0.0,,,,0.0,,0.4003,0.4204,-0.0201,0.4001,0.3853,0.0148,0.0,0.0,0.2812,0.0,0.0,0.0,0.0,0.0,0.0,0.0,0.45,0.0,0.0,0.0,0.0
1361,8,WOLF,False,2,4,P1,VILLAGER,False,False,0,1,14,0,14,0.0,0.0,1.0,2,0,,0,0,8,0,0,0,6,0,,,0.0,,,,0.0,,0.417,0.4104,0.0066,0.3877,0.3927,-0.005,0.0,0.0,0.2812,0.0,0.0,0.0,0.0,0.0,0.0,0.2083,0.325,0.0,0.0,0.0,0.0
1362,8,WOLF,False,2,4,P1,VILLAGER,False,False,0,1,14,0,14,0.0,0.0,1.0,2,0,,0,0,8,0,0,0,6,0,,,0.0,,,,0.0,,0.417,0.4104,0.0066,0.3877,0.3927,-0.005,0.0,0.0,0.2812,0.0,0.0,0.0,0.0,0.0,0.0,0.2083,0.325,0.0,0.0,0.0,0.0
1363,8,WOLF,False,2,4,P1,VILLAGER,False,False,0,1,14,0,14,0.0,0.0,1.0,2,0,,0,0,8,0,0,0,6,0,,,0.0,,,,0.0,,0.417,0.4104,0.0066,0.3877,0.3927,-0.005,0.0,0.0,0.2812,0.0,0.0,0.0,0.0,0.0,0.0,0.2083,0.325,0.0,0.0,0.0,0.0
1364,8,WOLF,False,2,4,P1,VILLAGER,False,False,0,1,14,0,14,0.0,0.0,1.0,2,0,,0,0,8,0,0,0,6,0,,,0.0,,,,0.0,,0.417,0.4104,0.0066,0.3877,0.3927,-0.005,0.0,0.0,0.2812,0.0,0.0,0.0,0.0,0.0,0.0,0.2083,0.325,0.0,0.0,0.0,0.0
1365,8,WOLF,False,2,4,P1,VILLAGER,False,False,0,0,14,0,14,0.0,0.0,1.0,2,0,,0,0,8,0,0,0,6,0,,,0.0,,,,0.0,,0.4003,0.4204,-0.0201,0.4001,0.3853,0.0148,0.0,0.0,0.2812,0.0,0.0,0.0,0.0,0.0,0.0,0.0,0.45,0.0,0.0,0.0,0.0
1366,8,WOLF,False,2,4,P1,VILLAGER,False,False,0,0,14,0,14,0.0,0.0,1.0,2,0,,0,0,8,0,0,0,6,0,,,0.0,,,,0.0,,0.4003,0.4204,-0.0201,0.4001,0.3853,0.0148,0.0,0.0,0.2812,0.0,0.0,0.0,0.0,0.0,0.0,0.0,0.45,0.0,0.0,0.0,0.0
1367,8,WOLF,False,2,4,P1,SEER,False,False,0,1,14,0,14,0.0,0.0,1.0,2,0,,0,0,8,0,0,0,6,0,,,0.0,,,,0.0,,0.4003,0.4204,-0.0201,0.4001,0.3853,0.0148,0.0,0.0,0.2812,0.0,0.0,0.0,0.0,0.0,0.0,0.0,0.45,0.0,0.0,0.0,0.0
1368,8,WOLF,False,2,4,P1,VILLAGER,False,False,0,0,14,0,14,0.0,0.0,1.0,2,0,,0,0,8,0,0,0,6,0,,,0.0,,,,0.0,,0.4003,0.4204,-0.0201,0.4001,0.3853,0.0148,0.0,0.0,0.2812,0.0,0.0,0.0,0.0,0.0,0.0,0.0,0.45,0.0,0.0,0.0,0.0
1369,8,WOLF,False,2,4,P1,SEER,False,False,0,1,14,0,14,0.0,0.0,1.0,2,0,,0,0,8,0,0,0,6,0,,,0.0,,,,0.0,,0.4005,0.4203,-0.0198,0.4002,0.3852,0.015,0.0,0.0,0.2812,0.0,0.0,0.0,0.0,0.0,0.0,0.3333,0.25,0.0,0.0,0.0,0.0
1370,8,WOLF,False,2,4,P1,VILLAGER,False,False,0,1,14,0,14,0.0,0.0,1.0,2,0,,0,0,8,0,0,0,6,0,,,0.0,,,,0.0,,0.4005,0.4203,-0.0198,0.4002,0.3852,0.015,0.0,0.0,0.2812,0.0,0.0,0.0,0.0,0.0,0.0,0.3333,0.25,0.0,0.0,0.0,0.0
1371,8,WOLF,False,2,4,P1,VILLAGER,False,False,0,0,14,0,14,0.0,0.0,1.0,2,0,,0,0,8,0,0,0,6,0,,,0.0,,,,0.0,,0.4003,0.4204,-0.0201,0.4001,0.3853,0.0148,0.0,0.0,0.2812,0.0,0.0,0.0,0.0,0.0,0.0,0.0,0.45,0.0,0.0,0.0,0.0
1372,8,WOLF,False,2,4,P1,VILLAGER,False,False,0,1,14,0,14,0.0,0.0,1.0,2,0,,0,0,8,0,0,0,6,0,,,0.0,,,,0.0,,0.417,0.4104,0.0066,0.3877,0.3927,-0.005,0.0,0.0,0.2812,0.0,0.0,0.0,0.0,0.0,0.0,0.2083,0.325,0.0,0.0,0.0,0.0
1373,8,WOLF,False,2,4,P1,VILLAGER,False,False,0,1,14,0,14,0.0,0.0,1.0,2,0,,0,0,8,0,0,0,6,0,,,0.0,,,,0.0,,0.4005,0.4203,-0.0198,0.4002,0.3853,0.0149,0.0,0.0,0.2812,0.0,0.0,0.0,0.0,0.0,0.0,0.3333,0.25,0.0,0.0,0.0,0.0
1374,8,WOLF,False,2,4,P1,VILLAGER,False,False,0,0,14,0,14,0.0,0.0,1.0,2,0,,0,0,8,0,0,0,6,0,,,0.0,,,,0.0,,0.4003,0.4204,-0.0201,0.4001,0.3853,0.0148,0.0,0.0,0.2812,0.0,0.0,0.0,0.0,0.0,0.0,0.0,0.45,0.0,0.0,0.0,0.0
1375,8,WOLF,False,2,4,P1,VILLAGER,False,False,0,1,14,0,14,0.0,0.0,1.0,2,0,,0,0,8,0,0,0,6,0,,,0.0,,,,0.0,,0.4003,0.4204,-0.0201,0.4001,0.3853,0.0148,0.0,0.0,0.2812,0.0,0.0,0.0,0.0,0.0,0.0,0.0,0.45,0.0,0.0,0.0,0.0
1376,8,WOLF,False,2,4,P1,VILLAGER,False,False,0,0,14,0,14,0.0,0.0,1.0,2,0,,0,0,8,0,0,0,6,0,,,0.0,,,,0.0,,0.4003,0.4204,-0.0201,0.4001,0.3853,0.0148,0.0,0.0,0.2812,0.0,0.0,0.0,0.0,0.0,0.0,0.0,0.45,0.0,0.0,0.0,0.0
1377,8,WOLF,False,2,4,P1,VILLAGER,False,False,0,1,14,0,14,0.0,0.0,1.0,2,0,,0,0,8,0,0,0,6,0,,,0.0,,,,0.0,,0.4005,0.4203,-0.0198,0.4002,0.3853,0.0149,0.0,0.0,0.2812,0.0,0.0,0.0,0.0,0.0,0.0,0.3333,0.25,0.0,0.0,0.0,0.0
1378,8,WOLF,False,2,4,P1,POSSESSED,False,True,0,1,14,0,14,0.0,0.0,1.0,2,0,,0,0,8,0,0,0,6,0,,,0.0,,,,0.0,,0.417,0.4104,0.0066,0.3877,0.3927,-0.005,0.0,0.0,0.2812,0.0,0.0,0.0,0.0,0.0,0.0,0.2083,0.325,0.0,0.0,0.0,0.0
1379,8,WOLF,False,2,4,P1,VILLAGER,False,False,0,1,14,0,14,0.0,0.0,1.0,2,0,,0,0,8,0,0,0,6,0,,,0.0,,,,0.0,,0.417,0.4104,0.0066,0.3877,0.3927,-0.005,0.0,0.0,0.2812,0.0,0.0,0.0,0.0,0.0,0.0,0.2083,0.325,0.0,0.0,0.0,0.0
1380,8,WOLF,False,2,4,P1,VILLAGER,False,False,0,1,14,0,14,0.0,0.0,1.0,2,0,,0,0,8,0,0,0,6,0,,,0.0,,,,0.0,,0.4003,0.4204,-0.0201,0.4001,0.3853,0.0148,0.0,0.0,0.2812,0.0,0.0,0.0,0.0,0.0,0.0,0.0,0.45,0.0,0.0,0.0,0.0
1381,8,WOLF,False,2,4,P1,VILLAGER,False,False,0,1,14,0,14,0.0,0.0,1.0,2,0,,0,0,8,0,0,0,6,0,,,0.0,,,,0.0,,0.417,0.4104,0.0066,0.3877,0.3927,-0.005,0.0,0.0,0.2812,0.0,0.0,0.0,0.0,0.0,0.0,0.2083,0.325,0.0,0.0,0.0,0.0
1382,8,WOLF,False,2,4,P1,VILLAGER,False,False,0,1,14,0,14,0.0,0.0,1.0,2,0,,0,0,8,0,0,0,6,0,,,0.0,,,,0.0,,0.4005,0.4203,-0.0198,0.4002,0.3853,0.0149,0.0,0.0,0.2812,0.0,0.0,0.0,0.0,0.0,0.0,0.3333,0.25,0.0,0.0,0.0,0.0
1383,8,WOLF,False,2,4,P1,VILLAGER,False,False,0,0,14,0,14,0.0,0.0,1.0,2,0,,0,0,8,0,0,0,6,0,,,0.0,,,,0.0,,0.4003,0.4204,-0.0201,0.4001,0.3853,0.0148,0.0,0.0,0.2812,0.0,0.0,0.0,0.0,0.0,0.0,0.0,0.45,0.0,0.0,0.0,0.0
1384,8,WOLF,False,2,4,P1,VILLAGER,False,False,0,0,14,0,14,0.0,0.0,1.0,2,0,,0,0,8,0,0,0,6,0,,,0.0,,,,0.0,,0.4003,0.4204,-0.0201,0.4001,0.3853,0.0148,0.0,0.0,0.2812,0.0,0.0,0.0,0.0,0.0,0.0,0.0,0.45,0.0,0.0,0.0,0.0
1385,8,WOLF,False,2,4,P1,VILLAGER,False,False,0,1,14,0,14,0.0,0.0,1.0,2,0,,0,0,8,0,0,0,6,0,,,0.0,,,,0.0,,0.417,0.4104,0.0066,0.3877,0.3927,-0.005,0.0,0.0,0.2812,0.0,0.0,0.0,0.0,0.0,0.0,0.2083,0.325,0.0,0.0,0.0,0.0
1386,8,WOLF,False,2,4,P1,VILLAGER,False,False,0,0,14,0,14,0.0,0.0,1.0,2,0,,0,0,8,0,0,0,6,0,,,0.0,,,,0.0,,0.4003,0.4204,-0.0201,0.4001,0.3853,0.0148,0.0,0.0,0.2812,0.0,0.0,0.0,0.0,0.0,0.0,0.0,0.45,0.0,0.0,0.0,0.0
1387,8,WOLF,False,2,4,P1,VILLAGER,False,False,0,1,14,0,14,0.0,0.0,1.0,2,0,,0,0,8,0,0,0,6,0,,,0.0,,,,0.0,,0.4005,0.4203,-0.0198,0.4002,0.3853,0.0149,0.0,0.0,0.2812,0.0,0.0,0.0,0.0,0.0,0.0,0.3333,0.25,0.0,0.0,0.0,0.0
1388,8,WOLF,False,2,4,P1,VILLAGER,False,False,0,0,14,0,14,0.0,0.0,1.0,2,0,,0,0,8,0,0,0,6,0,,,0.0,,,,0.0,,0.4003,0.4204,-0.0201,0.4001,0.3854,0.0147,0.0,0.0,0.2812,0.0,0.0,0.0,0.0,0.0,0.0,0.0,0.45,0.0,0.0,0.0,0.0
1389,8,WOLF,False,2,4,P1,VILLAGER,False,False,0,1,14,0,14,0.0,0.0,1.0,2,0,,0,0,8,0,0,0,6,0,,,0.0,,,,0.0,,0.417,0.4104,0.0066,0.3878,0.3928,-0.005,0.0,0.0,0.2812,0.0,0.0,0.0,0.0,0.0,0.0,0.2083,0.325,0.0,0.0,0.0,0.0
1390,8,WOLF,False,2,4,P1,SEER,False,False,0,0,14,0,14,0.0,0.0,1.0,2,0,,0,0,8,0,0,0,6,0,,,0.0,,,,0.0,,0.4003,0.4204,-0.0201,0.4001,0.3854,0.0147,0.0,0.0,0.2812,0.0,0.0,0.0,0.0,0.0,0.0,0.0,0.45,0.0,0.0,0.0,0.0
1391,8,WOLF,False,2,4,P1,VILLAGER,False,False,0,1,14,0,14,0.0,0.0,1.0,2,0,,0,0,8,0,0,0,6,0,,,0.0,,,,0.0,,0.4005,0.4203,-0.0198,0.4002,0.3853,0.0149,0.0,0.0,0.2812,0.0,0.0,0.0,0.0,0.0,0.0,0.3333,0.25,0.0,0.0,0.0,0.0
1392,8,WOLF,False,2,4,P1,POSSESSED,False,True,0,1,14,0,14,0.0,0.0,1.0,2,0,,0,0,8,0,0,0,6,0,,,0.0,,,,0.0,,0.417,0.4104,0.0066,0.3878,0.3928,-0.005,0.0,0.0,0.2812,0.0,0.0,0.0,0.0,0.0,0.0,0.2083,0.325,0.0,0.0,0.0,0.0
1393,8,WOLF,False,2,4,P1,VILLAGER,False,False,0,0,14,0,14,0.0,0.0,1.0,2,0,,0,0,8,0,0,0,6,0,,,0.0,,,,0.0,,0.4003,0.4204,-0.0201,0.4001,0.3854,0.0147,0.0,0.0,0.2812,0.0,0.0,0.0,0.0,0.0,0.0,0.0,0.45,0.0,0.0,0.0,0.0
1394,8,WOLF,False,2,4,P1,VILLAGER,False,False,0,0,14,0,14,0.0,0.0,1.0,2,0,,0,0,8,0,0,0,6,0,,,0.0,,,,0.0,,0.4003,0.4204,-0.0201,0.4001,0.3854,0.0147,0.0,0.0,0.2812,0.0,0.0,0.0,0.0,0.0,0.0,0.0,0.45,0.0,0.0,0.0,0.0
1395,8,WOLF,False,2,4,P1,VILLAGER,False,False,0,0,14,0,14,0.0,0.0,1.0,2,0,,0,0,8,0,0,0,6,0,,,0.0,,,,0.0,,0.4003,0.4204,-0.0201,0.4001,0.3854,0.0147,0.0,0.0,0.2812,0.0,0.0,0.0,0.0,0.0,0.0,0.0,0.45,0.0,0.0,0.0,0.0
1396,8,WOLF,False,2,4,P1,VILLAGER,False,False,0,1,14,0,14,0.0,0.0,1.0,2,0,,0,0,8,0,0,0,6,0,,,0.0,,,,0.0,,0.4005,0.4203,-0.0198,0.4002,0.3853,0.0149,0.0,0.0,0.2812,0.0,0.0,0.0,0.0,0.0,0.0,0.3333,0.25,0.0,0.0,0.0,0.0
1397,8,WOLF,False,2,4,P1,VILLAGER,False,False,0,0,14,0,14,0.0,0.0,1.0,2,0,,0,0,8,0,0,0,6,0,,,0.0,,,,0.0,,0.4003,0.4204,-0.0201,0.4001,0.3854,0.0147,0.0,0.0,0.2812,0.0,0.0,0.0,0.0,0.0,0.0,0.0,0.45,0.0,0.0,0.0,0.0
1398,8,WOLF,False,2,4,P1,VILLAGER,False,False,0,1,14,0,14,0.0,0.0,1.0,2,0,,0,0,8,0,0,0,6,0,,,0.0,,,,0.0,,0.4003,0.4204,-0.0201,0.4001,0.3854,0.0147,0.0,0.0,0.2812,0.0,0.0,0.0,0.0,0.0,0.0,0.0,0.45,0.0,0.0,0.0,0.0
1399,8,WOLF,False,2,4,P1,SEER,False,False,0,0,14,0,14,0.0,0.0,1.0,2,0,,0,0,8,0,0,0,6,0,,,0.0,,,,0.0,,0.4003,0.4204,-0.0201,0.4001,0.3854,0.0147,0.0,0.0,0.2812,0.0,0.0,0.0,0.0,0.0,0.0,0.0,0.45,0.0,0.0,0.0,0.0
1400,8,WOLF,False,2,4,P1,VILLAGER,False,False,0,1,14,0,14,0.0,0.0,1.0,2,0,,0,0,8,0,0,0,6,0,,,0.0,,,,0.0,,0.4003,0.4204,-0.0201,0.4001,0.3854,0.0147,0.0,0.0,0.2812,0.0,0.0,0.0,0.0,0.0,0.0,0.0,0.45,0.0,0.0,0.0,0.0
1401,8,WOLF,False,2,4,P1,VILLAGER,False,False,0,1,14,0,14,0.0,0.0,1.0,2,0,,0,0,8,0,0,0,6,0,,,0.0,,,,0.0,,0.4003,0.4204,-0.0201,0.4001,0.3854,0.0147,0.0,0.0,0.2812,0.0,0.0,0.0,0.0,0.0,0.0,0.0,0.45,0.0,0.0,0.0,0.0
1402,8,WOLF,False,2,4,P1,VILLAGER,False,False,0,1,14,0,14,0.0,0.0,1.0,2,0,,0,0,8,0,0,0,6,0,,,0.0,,,,0.0,,0.417,0.4104,0.0066,0.3878,0.3928,-0.005,0.0,0.0,0.2812,0.0,0.0,0.0,0.0,0.0,0.0,0.2083,0.325,0.0,0.0,0.0,0.0
1403,8,WOLF,False,2,4,P1,SEER,False,False,0,1,14,0,14,0.0,0.0,1.0,2,0,,0,0,8,0,0,0,6,0,,,0.0,,,,0.0,,0.417,0.4104,0.0066,0.3878,0.3928,-0.005,0.0,0.0,0.2812,0.0,0.0,0.0,0.0,0.0,0.0,0.2083,0.325,0.0,0.0,0.0,0.0
1404,8,WOLF,False,2,4,P1,SEER,False,False,0,1,14,0,14,0.0,0.0,1.0,2,0,,0,0,8,0,0,0,6,0,,,0.0,,,,0.0,,0.417,0.4104,0.0066,0.3878,0.3928,-0.005,0.0,0.0,0.2812,0.0,0.0,0.0,0.0,0.0,0.0,0.2083,0.325,0.0,0.0,0.0,0.0
1405,8,WOLF,False,2,4,P1,VILLAGER,False,False,0,0,14,0,14,0.0,0.0,1.0,2,0,,0,0,8,0,0,0,6,0,,,0.0,,,,0.0,,0.4003,0.4204,-0.0201,0.4001,0.3854,0.0147,0.0,0.0,0.2812,0.0,0.0,0.0,0.0,0.0,0.0,0.0,0.45,0.0,0.0,0.0,0.0
1406,8,WOLF,False,2,4,P1,VILLAGER,False,False,0,0,14,0,14,0.0,0.0,1.0,2,0,,0,0,8,0,0,0,6,0,,,0.0,,,,0.0,,0.4003,0.4204,-0.0201,0.4001,0.3854,0.0147,0.0,0.0,0.2812,0.0,0.0,0.0,0.0,0.0,0.0,0.0,0.45,0.0,0.0,0.0,0.0
1407,8,WOLF,False,2,4,P1,VILLAGER,False,False,0,0,14,0,14,0.0,0.0,1.0,2,0,,0,0,8,0,0,0,6,0,,,0.0,,,,0.0,,0.4003,0.4204,-0.0201,0.4001,0.3854,0.0147,0.0,0.0,0.2812,0.0,0.0,0.0,0.0,0.0,0.0,0.0,0.45,0.0,0.0,0.0,0.0
1408,8,WOLF,False,2,4,P1,POSSESSED,False,True,0,1,14,0,14,0.0,0.0,1.0,2,0,,0,0,8,0,0,0,6,0,,,0.0,,,,0.0,,0.417,0.4104,0.0066,0.3878,0.3928,-0.005,0.0,0.0,0.2812,0.0,0.0,0.0,0.0,0.0,0.0,0.2083,0.325,0.0,0.0,0.0,0.0
1409,8,WOLF,False,2,4,P1,VILLAGER,False,False,0,1,14,0,14,0.0,0.0,1.0,2,0,,0,0,8,0,0,0,6,0,,,0.0,,,,0.0,,0.4003,0.4204,-0.0201,0.4001,0.3854,0.0147,0.0,0.0,0.2812,0.0,0.0,0.0,0.0,0.0,0.0,0.0,0.45,0.0,0.0,0.0,0.0
1410,8,WOLF,False,2,4,P1,SEER,False,False,0,0,14,0,14,0.0,0.0,1.0,2,0,,0,0,8,0,0,0,6,0,,,0.0,,,,0.0,,0.4003,0.4204,-0.0201,0.4001,0.3854,0.0147,0.0,0.0,0.2812,0.0,0.0,0.0,0.0,0.0,0.0,0.0,0.45,0.0,0.0,0.0,0.0
1411,8,WOLF,False,2,4,P1,VILLAGER,False,False,0,1,14,0,14,0.0,0.0,1.0,2,0,,0,0,8,0,0,0,6,0,,,0.0,,,,0.0,,0.417,0.4104,0.0066,0.3878,0.3928,-0.005,0.0,0.0,0.2812,0.0,0.0,0.0,0.0,0.0,0.0,0.2083,0.325,0.0,0.0,0.0,0.0
1412,8,WOLF,False,2,4,P1,VILLAGER,False,False,0,1,14,0,14,0.0,0.0,1.0,2,0,,0,0,8,0,0,0,6,0,,,0.0,,,,0.0,,0.417,0.4104,0.0066,0.3878,0.3928,-0.005,0.0,0.0,0.2812,0.0,0.0,0.0,0.0,0.0,0.0,0.2083,0.325,0.0,0.0,0.0,0.0
1413,8,WOLF,False,2,4,P1,VILLAGER,False,False,0,1,14,0,14,0.0,0.0,1.0,2,0,,0,0,8,0,0,0,6,0,,,0.0,,,,0.0,,0.4003,0.4204,-0.0201,0.4001,0.3854,0.0147,0.0,0.0,0.2812,0.0,0.0,0.0,0.0,0.0,0.0,0.0,0.45,0.0,0.0,0.0,0.0
1414,8,WOLF,False,2,4,P1,VILLAGER,False,False,0,1,14,0,14,0.0,0.0,1.0,2,0,,0,0,8,0,0,0,6,0,,,0.0,,,,0.0,,0.417,0.4104,0.0066,0.3878,0.3928,-0.005,0.0,0.0,0.2812,0.0,0.0,0.0,0.0,0.0,0.0,0.2083,0.325,0.0,0.0,0.0,0.0
1415,8,WOLF,False,2,4,P1,VILLAGER,False,False,0,0,14,0,14,0.0,0.0,1.0,2,0,,0,0,8,0,0,0,6,0,,,0.0,,,,0.0,,0.4003,0.4204,-0.0201,0.4001,0.3854,0.0147,0.0,0.0,0.2812,0.0,0.0,0.0,0.0,0.0,0.0,0.0,0.45,0.0,0.0,0.0,0.0
1416,8,WOLF,False,2,4,P1,VILLAGER,False,False,0,1,14,0,14,0.0,0.0,1.0,2,0,,0,0,8,0,0,0,6,0,,,0.0,,,,0.0,,0.4005,0.4203,-0.0198,0.4002,0.3854,0.0148,0.0,0.0,0.2812,0.0,0.0,0.0,0.0,0.0,0.0,0.3333,0.25,0.0,0.0,0.0,0.0
1417,8,WOLF,False,2,4,P1,VILLAGER,False,False,0,0,14,0,14,0.0,0.0,1.0,2,0,,0,0,8,0,0,0,6,0,,,0.0,,,,0.0,,0.4003,0.4204,-0.0201,0.4001,0.3854,0.0147,0.0,0.0,0.2812,0.0,0.0,0.0,0.0,0.0,0.0,0.0,0.45,0.0,0.0,0.0,0.0
1418,8,WOLF,False,2,4,P1,VILLAGER,False,False,0,1,14,0,14,0.0,0.0,1.0,2,0,,0,0,8,0,0,0,6,0,,,0.0,,,,0.0,,0.417,0.4104,0.0066,0.3878,0.3928,-0.005,0.0,0.0,0.2812,0.0,0.0,0.0,0.0,0.0,0.0,0.2083,0.325,0.0,0.0,0.0,0.0
1419,8,WOLF,False,2,4,P1,VILLAGER,False,False,0,1,14,0,14,0.0,0.0,1.0,2,0,,0,0,8,0,0,0,6,0,,,0.0,,,,0.0,,0.4003,0.4204,-0.0201,0.4001,0.3854,0.0147,0.0,0.0,0.2812,0.0,0.0,0.0,0.0,0.0,0.0,0.0,0.45,0.0,0.0,0.0,0.0
1420,8,WOLF,False,2,4,P1,VILLAGER,False,False,0,1,14,0,14,0.0,0.0,1.0,2,0,,0,0,8,0,0,0,6,0,,,0.0,,,,0.0,,0.4003,0.4204,-0.0201,0.4001,0.3854,0.0147,0.0,0.0,0.2812,0.0,0.0,0.0,0.0,0.0,0.0,0.0,0.45,0.0,0.0,0.0,0.0
1421,8,WOLF,False,2,4,P1,VILLAGER,False,False,0,1,14,0,14,0.0,0.0,1.0,2,0,,0,0,8,0,0,0,6,0,,,0.0,,,,0.0,,0.417,0.4104,0.0066,0.3878,0.3928,-0.005,0.0,0.0,0.2812,0.0,0.0,0.0,0.0,0.0,0.0,0.2083,0.325,0.0,0.0,0.0,0.0
1422,8,WOLF,False,2,4,P1,VILLAGER,False,False,0,0,14,0,14,0.0,0.0,1.0,2,0,,0,0,8,0,0,0,6,0,,,0.0,,,,0.0,,0.4003,0.4204,-0.0201,0.4001,0.3854,0.0147,0.0,0.0,0.2812,0.0,0.0,0.0,0.0,0.0,0.0,0.0,0.45,0.0,0.0,0.0,0.0
1423,8,WOLF,False,2,4,P1,VILLAGER,False,False,0,0,14,0,14,0.0,0.0,1.0,2,0,,0,0,8,0,0,0,6,0,,,0.0,,,,0.0,,0.4003,0.4204,-0.0201,0.4001,0.3854,0.0147,0.0,0.0,0.2812,0.0,0.0,0.0,0.0,0.0,0.0,0.0,0.45,0.0,0.0,0.0,0.0
1424,8,WOLF,False,2,4,P1,VILLAGER,False,False,0,1,14,0,14,0.0,0.0,1.0,2,0,,0,0,8,0,0,0,6,0,,,0.0,,,,0.0,,0.4005,0.4203,-0.0198,0.4002,0.3854,0.0148,0.0,0.0,0.2812,0.0,0.0,0.0,0.0,0.0,0.0,0.3333,0.25,0.0,0.0,0.0,0.0
1425,8,WOLF,False,2,4,P1,VILLAGER,False,False,0,1,14,0,14,0.0,0.0,1.0,2,0,,0,0,8,0,0,0,6,0,,,0.0,,,,0.0,,0.417,0.4104,0.0066,0.3878,0.3928,-0.005,0.0,0.0,0.2812,0.0,0.0,0.0,0.0,0.0,0.0,0.2083,0.325,0.0,0.0,0.0,0.0
1426,8,WOLF,False,2,4,P1,SEER,False,False,0,1,14,0,14,0.0,0.0,1.0,2,0,,0,0,8,0,0,0,6,0,,,0.0,,,,0.0,,0.417,0.4104,0.0066,0.3878,0.3928,-0.005,0.0,0.0,0.2812,0.0,0.0,0.0,0.0,0.0,0.0,0.2083,0.325,0.0,0.0,0.0,0.0
1427,8,WOLF,False,2,4,P1,SEER,False,False,0,0,14,0,14,0.0,0.0,1.0,2,0,,0,0,8,0,0,0,6,0,,,0.0,,,,0.0,,0.4003,0.4204,-0.0201,0.4001,0.3854,0.0147,0.0,0.0,0.2812,0.0,0.0,0.0,0.0,0.0,0.0,0.0,0.45,0.0,0.0,0.0,0.0
1428,8,WOLF,False,2,4,P1,SEER,False,False,0,1,14,0,14,0.0,0.0,1.0,2,0,,0,0,8,0,0,0,6,0,,,0.0,,,,0.0,,0.4005,0.4203,-0.0198,0.4002,0.3854,0.0148,0.0,0.0,0.2812,0.0,0.0,0.0,0.0,0.0,0.0,0.3333,0.25,0.0,0.0,0.0,0.0
1429,8,WOLF,False,2,4,P1,VILLAGER,False,False,0,0,14,0,14,0.0,0.0,1.0,2,0,,0,0,8,0,0,0,6,0,,,0.0,,,,0.0,,0.4003,0.4204,-0.0201,0.4001,0.3854,0.0147,0.0,0.0,0.2812,0.0,0.0,0.0,0.0,0.0,0.0,0.0,0.45,0.0,0.0,0.0,0.0
1430,8,WOLF,False,2,4,P1,SEER,False,False,0,0,14,0,14,0.0,0.0,1.0,2,0,,0,0,8,0,0,0,6,0,,,0.0,,,,0.0,,0.4003,0.4204,-0.0201,0.4001,0.3854,0.0147,0.0,0.0,0.2812,0.0,0.0,0.0,0.0,0.0,0.0,0.0,0.45,0.0,0.0,0.0,0.0
1431,8,WOLF,False,2,4,P1,VILLAGER,False,False,0,1,14,0,14,0.0,0.0,1.0,2,0,,0,0,8,0,0,0,6,0,,,0.0,,,,0.0,,0.4003,0.4204,-0.0201,0.4001,0.3855,0.0146,0.0,0.0,0.2812,0.0,0.0,0.0,0.0,0.0,0.0,0.0,0.45,0.0,0.0,0.0,0.0
1432,8,WOLF,False,2,4,P1,VILLAGER,False,False,0,0,14,0,14,0.0,0.0,1.0,2,0,,0,0,8,0,0,0,6,0,,,0.0,,,,0.0,,0.4003,0.4204,-0.0201,0.4001,0.3855,0.0146,0.0,0.0,0.2812,0.0,0.0,0.0,0.0,0.0,0.0,0.0,0.45,0.0,0.0,0.0,0.0
1433,8,WOLF,False,2,4,P1,VILLAGER,False,False,0,1,14,0,14,0.0,0.0,1.0,2,0,,0,0,8,0,0,0,6,0,,,0.0,,,,0.0,,0.417,0.4104,0.0066,0.3879,0.3928,-0.0049,0.0,0.0,0.2812,0.0,0.0,0.0,0.0,0.0,0.0,0.2083,0.325,0.0,0.0,0.0,0.0
1434,8,WOLF,False,2,4,P1,VILLAGER,False,False,0,1,14,0,14,0.0,0.0,1.0,2,0,,0,0,8,0,0,0,6,0,,,0.0,,,,0.0,,0.417,0.4104,0.0066,0.3879,0.3928,-0.0049,0.0,0.0,0.2812,0.0,0.0,0.0,0.0,0.0,0.0,0.2083,0.325,0.0,0.0,0.0,0.0
1435,8,WOLF,False,2,4,P1,VILLAGER,False,False,0,1,14,0,14,0.0,0.0,1.0,2,0,,0,0,8,0,0,0,6,0,,,0.0,,,,0.0,,0.4003,0.4204,-0.0201,0.4001,0.3855,0.0146,0.0,0.0,0.2812,0.0,0.0,0.0,0.0,0.0,0.0,0.0,0.45,0.0,0.0,0.0,0.0
1436,8,WOLF,False,2,4,P1,POSSESSED,False,True,0,1,14,0,14,0.0,0.0,1.0,2,0,,0,0,8,0,0,0,6,0,,,0.0,,,,0.0,,0.417,0.4104,0.0066,0.3879,0.3928,-0.0049,0.0,0.0,0.2812,0.0,0.0,0.0,0.0,0.0,0.0,0.2083,0.325,0.0,0.0,0.0,0.0
1437,8,WOLF,False,2,4,P1,POSSESSED,False,True,0,1,14,0,14,0.0,0.0,1.0,2,0,,0,0,8,0,0,0,6,0,,,0.0,,,,0.0,,0.417,0.4104,0.0066,0.3879,0.3928,-0.0049,0.0,0.0,0.2812,0.0,0.0,0.0,0.0,0.0,0.0,0.2083,0.325,0.0,0.0,0.0,0.0
1438,8,WOLF,False,2,4,P1,VILLAGER,False,False,0,0,14,0,14,0.0,0.0,1.0,2,0,,0,0,8,0,0,0,6,0,,,0.0,,,,0.0,,0.4003,0.4204,-0.0201,0.4001,0.3855,0.0146,0.0,0.0,0.2812,0.0,0.0,0.0,0.0,0.0,0.0,0.0,0.45,0.0,0.0,0.0,0.0
1439,8,WOLF,False,2,4,P1,VILLAGER,False,False,0,1,14,0,14,0.0,0.0,1.0,2,0,,0,0,8,0,0,0,6,0,,,0.0,,,,0.0,,0.4005,0.4203,-0.0198,0.4002,0.3854,0.0148,0.0,0.0,0.2812,0.0,0.0,0.0,0.0,0.0,0.0,0.3333,0.25,0.0,0.0,0.0,0.0
1440,8,WOLF,False,2,4,P1,SEER,False,False,0,0,14,0,14,0.0,0.0,1.0,2,0,,0,0,8,0,0,0,6,0,,,0.0,,,,0.0,,0.4003,0.4204,-0.0201,0.4001,0.3855,0.0146,0.0,0.0,0.2812,0.0,0.0,0.0,0.0,0.0,0.0,0.0,0.45,0.0,0.0,0.0,0.0
1441,8,WOLF,False,2,4,P1,VILLAGER,False,False,0,0,14,0,14,0.0,0.0,1.0,2,0,,0,0,8,0,0,0,6,0,,,0.0,,,,0.0,,0.4003,0.4204,-0.0201,0.4001,0.3855,0.0146,0.0,0.0,0.2812,0.0,0.0,0.0,0.0,0.0,0.0,0.0,0.45,0.0,0.0,0.0,0.0
1442,8,WOLF,False,2,4,P1,SEER,False,False,0,1,14,0,14,0.0,0.0,1.0,2,0,,0,0,8,0,0,0,6,0,,,0.0,,,,0.0,,0.4005,0.4203,-0.0198,0.4002,0.3854,0.0148,0.0,0.0,0.2812,0.0,0.0,0.0,0.0,0.0,0.0,0.3333,0.25,0.0,0.0,0.0,0.0
1443,8,WOLF,False,2,4,P1,VILLAGER,False,False,0,1,14,0,14,0.0,0.0,1.0,2,0,,0,0,8,0,0,0,6,0,,,0.0,,,,0.0,,0.417,0.4104,0.0066,0.3879,0.3928,-0.0049,0.0,0.0,0.2812,0.0,0.0,0.0,0.0,0.0,0.0,0.2083,0.325,0.0,0.0,0.0,0.0
1444,8,WOLF,False,2,4,P1,SEER,False,False,0,0,14,0,14,0.0,0.0,1.0,2,0,,0,0,8,0,0,0,6,0,,,0.0,,,,0.0,,0.4003,0.4204,-0.0201,0.4001,0.3855,0.0146,0.0,0.0,0.2812,0.0,0.0,0.0,0.0,0.0,0.0,0.0,0.45,0.0,0.0,0.0,0.0
1445,8,WOLF,False,2,4,P1,VILLAGER,False,False,0,0,14,0,14,0.0,0.0,1.0,2,0,,0,0,8,0,0,0,6,0,,,0.0,,,,0.0,,0.4003,0.4204,-0.0201,0.4001,0.3855,0.0146,0.0,0.0,0.2812,0.0,0.0,0.0,0.0,0.0,0.0,0.0,0.45,0.0,0.0,0.0,0.0
1446,8,WOLF,False,2,4,P1,POSSESSED,False,True,0,1,14,0,14,0.0,0.0,1.0,2,0,,0,0,8,0,0,0,6,0,,,0.0,,,,0.0,,0.417,0.4104,0.0066,0.3879,0.3928,-0.0049,0.0,0.0,0.2812,0.0,0.0,0.0,0.0,0.0,0.0,0.2083,0.325,0.0,0.0,0.0,0.0
1447,8,WOLF,False,2,4,P1,VILLAGER,False,False,0,0,14,0,14,0.0,0.0,1.0,2,0,,0,0,8,0,0,0,6,0,,,0.0,,,,0.0,,0.4003,0.4204,-0.0201,0.4001,0.3855,0.0146,0.0,0.0,0.2812,0.0,0.0,0.0,0.0,0.0,0.0,0.0,0.45,0.0,0.0,0.0,0.0
1448,8,WOLF,False,2,4,P1,VILLAGER,False,False,0,0,14,0,14,0.0,0.0,1.0,2,0,,0,0,8,0,0,0,6,0,,,0.0,,,,0.0,,0.4003,0.4204,-0.0201,0.4001,0.3855,0.0146,0.0,0.0,0.2812,0.0,0.0,0.0,0.0,0.0,0.0,0.0,0.45,0.0,0.0,0.0,0.0
1449,8,WOLF,False,2,4,P1,POSSESSED,False,True,0,1,14,0,14,0.0,0.0,1.0,2,0,,0,0,8,0,0,0,6,0,,,0.0,,,,0.0,,0.417,0.4104,0.0066,0.3879,0.3928,-0.0049,0.0,0.0,0.2812,0.0,0.0,0.0,0.0,0.0,0.0,0.2083,0.325,0.0,0.0,0.0,0.0
1450,8,WOLF,False,2,4,P1,POSSESSED,False,True,0,1,14,0,14,0.0,0.0,1.0,2,0,,0,0,8,0,0,0,6,0,,,0.0,,,,0.0,,0.417,0.4104,0.0066,0.3879,0.3928,-0.0049,0.0,0.0,0.2812,0.0,0.0,0.0,0.0,0.0,0.0,0.2083,0.325,0.0,0.0,0.0,0.0
1451,8,WOLF,False,2,4,P1,VILLAGER,False,False,0,0,14,0,14,0.0,0.0,1.0,2,0,,0,0,8,0,0,0,6,0,,,0.0,,,,0.0,,0.4003,0.4204,-0.0201,0.4001,0.3855,0.0146,0.0,0.0,0.2812,0.0,0.0,0.0,0.0,0.0,0.0,0.0,0.45,0.0,0.0,0.0,0.0
1452,8,WOLF,False,2,4,P1,VILLAGER,False,False,0,1,14,0,14,0.0,0.0,1.0,2,0,,0,0,8,0,0,0,6,0,,,0.0,,,,0.0,,0.4003,0.4204,-0.0201,0.4001,0.3855,0.0146,0.0,0.0,0.2812,0.0,0.0,0.0,0.0,0.0,0.0,0.0,0.45,0.0,0.0,0.0,0.0
1453,8,WOLF,False,2,4,P1,POSSESSED,False,True,0,1,14,0,14,0.0,0.0,1.0,2,0,,0,0,8,0,0,0,6,0,,,0.0,,,,0.0,,0.417,0.4104,0.0066,0.3879,0.3928,-0.0049,0.0,0.0,0.2812,0.0,0.0,0.0,0.0,0.0,0.0,0.2083,0.325,0.0,0.0,0.0,0.0
1454,8,WOLF,False,2,4,P1,VILLAGER,False,False,0,1,14,0,14,0.0,0.0,1.0,2,0,,0,0,8,0,0,0,6,0,,,0.0,,,,0.0,,0.417,0.4104,0.0066,0.3879,0.3928,-0.0049,0.0,0.0,0.2812,0.0,0.0,0.0,0.0,0.0,0.0,0.2083,0.325,0.0,0.0,0.0,0.0
1455,8,WOLF,False,2,4,P1,VILLAGER,False,False,0,1,14,0,14,0.0,0.0,1.0,2,0,,0,0,8,0,0,0,6,0,,,0.0,,,,0.0,,0.4005,0.4203,-0.0198,0.4002,0.3855,0.0147,0.0,0.0,0.2812,0.0,0.0,0.0,0.0,0.0,0.0,0.3333,0.25,0.0,0.0,0.0,0.0
1456,8,WOLF,False,2,4,P1,VILLAGER,False,False,0,1,14,0,14,0.0,0.0,1.0,2,0,,0,0,8,0,0,0,6,0,,,0.0,,,,0.0,,0.4005,0.4203,-0.0198,0.4002,0.3855,0.0147,0.0,0.0,0.2812,0.0,0.0,0.0,0.0,0.0,0.0,0.3333,0.25,0.0,0.0,0.0,0.0
1457,8,WOLF,False,2,4,P1,VILLAGER,False,False,0,1,14,0,14,0.0,0.0,1.0,2,0,,0,0,8,0,0,0,6,0,,,0.0,,,,0.0,,0.4005,0.4203,-0.0198,0.4002,0.3855,0.0147,0.0,0.0,0.2812,0.0,0.0,0.0,0.0,0.0,0.0,0.3333,0.25,0.0,0.0,0.0,0.0
1458,8,WOLF,False,2,4,P1,POSSESSED,False,True,0,1,14,0,14,0.0,0.0,1.0,2,0,,0,0,8,0,0,0,6,0,,,0.0,,,,0.0,,0.417,0.4104,0.0066,0.3879,0.3929,-0.005,0.0,0.0,0.2812,0.0,0.0,0.0,0.0,0.0,0.0,0.2083,0.325,0.0,0.0,0.0,0.0
1459,8,WOLF,False,2,4,P1,VILLAGER,False,False,0,1,14,0,14,0.0,0.0,1.0,2,0,,0,0,8,0,0,0,6,0,,,0.0,,,,0.0,,0.4005,0.4203,-0.0198,0.4002,0.3855,0.0147,0.0,0.0,0.2812,0.0,0.0,0.0,0.0,0.0,0.0,0.3333,0.25,0.0,0.0,0.0,0.0
1460,8,WOLF,False,2,4,P1,VILLAGER,False,False,0,0,14,0,14,0.0,0.0,1.0,2,0,,0,0,8,0,0,0,6,0,,,0.0,,,,0.0,,0.4003,0.4204,-0.0201,0.4001,0.3856,0.0145,0.0,0.0,0.2812,0.0,0.0,0.0,0.0,0.0,0.0,0.0,0.45,0.0,0.0,0.0,0.0
1461,8,WOLF,False,2,4,P1,VILLAGER,False,False,0,1,14,0,14,0.0,0.0,1.0,2,0,,0,0,8,0,0,0,6,0,,,0.0,,,,0.0,,0.4003,0.4204,-0.0201,0.4001,0.3856,0.0145,0.0,0.0,0.2812,0.0,0.0,0.0,0.0,0.0,0.0,0.0,0.45,0.0,0.0,0.0,0.0
1462,8,WOLF,False,2,4,P1,SEER,False,False,0,0,14,0,14,0.0,0.0,1.0,2,0,,0,0,8,0,0,0,6,0,,,0.0,,,,0.0,,0.4003,0.4204,-0.0201,0.4001,0.3856,0.0145,0.0,0.0,0.2812,0.0,0.0,0.0,0.0,0.0,0.0,0.0,0.45,0.0,0.0,0.0,0.0
1463,8,WOLF,False,2,4,P1,VILLAGER,False,False,0,0,14,0,14,0.0,0.0,1.0,2,0,,0,0,8,0,0,0,6,0,,,0.0,,,,0.0,,0.4003,0.4204,-0.0201,0.4001,0.3856,0.0145,0.0,0.0,0.2812,0.0,0.0,0.0,0.0,0.0,0.0,0.0,0.45,0.0,0.0,0.0,0.0
1464,8,WOLF,False,2,4,P1,VILLAGER,False,False,0,0,14,0,14,0.0,0.0,1.0,2,0,,0,0,8,0,0,0,6,0,,,0.0,,,,0.0,,0.4003,0.4204,-0.0201,0.4001,0.3856,0.0145,0.0,0.0,0.2812,0.0,0.0,0.0,0.0,0.0,0.0,0.0,0.45,0.0,0.0,0.0,0.0
1465,8,WOLF,False,2,4,P1,SEER,False,False,0,1,14,0,14,0.0,0.0,1.0,2,0,,0,0,8,0,0,0,6,0,,,0.0,,,,0.0,,0.4003,0.4204,-0.0201,0.4001,0.3856,0.0145,0.0,0.0,0.2812,0.0,0.0,0.0,0.0,0.0,0.0,0.0,0.45,0.0,0.0,0.0,0.0
1466,8,WOLF,False,2,4,P1,VILLAGER,False,False,0,1,14,0,14,0.0,0.0,1.0,2,0,,0,0,8,0,0,0,6,0,,,0.0,,,,0.0,,0.417,0.4104,0.0066,0.3879,0.3929,-0.005,0.0,0.0,0.2812,0.0,0.0,0.0,0.0,0.0,0.0,0.2083,0.325,0.0,0.0,0.0,0.0
1467,8,WOLF,False,2,4,P1,VILLAGER,False,False,0,1,14,0,14,0.0,0.0,1.0,2,0,,0,0,8,0,0,0,6,0,,,0.0,,,,0.0,,0.4005,0.4203,-0.0198,0.4002,0.3855,0.0147,0.0,0.0,0.2812,0.0,0.0,0.0,0.0,0.0,0.0,0.3333,0.25,0.0,0.0,0.0,0.0
1468,8,WOLF,False,2,4,P1,SEER,False,False,0,0,14,0,14,0.0,0.0,1.0,2,0,,0,0,8,0,0,0,6,0,,,0.0,,,,0.0,,0.4003,0.4204,-0.0201,0.4001,0.3856,0.0145,0.0,0.0,0.2812,0.0,0.0,0.0,0.0,0.0,0.0,0.0,0.45,0.0,0.0,0.0,0.0
1469,8,WOLF,False,2,4,P1,VILLAGER,False,False,0,0,14,0,14,0.0,0.0,1.0,2,0,,0,0,8,0,0,0,6,0,,,0.0,,,,0.0,,0.4003,0.4204,-0.0201,0.4001,0.3856,0.0145,0.0,0.0,0.2812,0.0,0.0,0.0,0.0,0.0,0.0,0.0,0.45,0.0,0.0,0.0,0.0
1470,8,WOLF,False,2,4,P1,VILLAGER,False,False,0,0,14,0,14,0.0,0.0,1.0,2,0,,0,0,8,0,0,0,6,0,,,0.0,,,,0.0,,0.4003,0.4204,-0.0201,0.4001,0.3856,0.0145,0.0,0.0,0.2812,0.0,0.0,0.0,0.0,0.0,0.0,0.0,0.45,0.0,0.0,0.0,0.0
1471,8,WOLF,False,2,4,P1,SEER,False,False,0,0,14,0,14,0.0,0.0,1.0,2,0,,0,0,8,0,0,0,6,0,,,0.0,,,,0.0,,0.4003,0.4204,-0.0201,0.4001,0.3856,0.0145,0.0,0.0,0.2812,0.0,0.0,0.0,0.0,0.0,0.0,0.0,0.45,0.0,0.0,0.0,0.0
1472,8,WOLF,False,2,4,P1,VILLAGER,False,False,0,1,14,0,14,0.0,0.0,1.0,2,0,,0,0,8,0,0,0,6,0,,,0.0,,,,0.0,,0.4005,0.4203,-0.0198,0.4002,0.3855,0.0147,0.0,0.0,0.2812,0.0,0.0,0.0,0.0,0.0,0.0,0.3333,0.25,0.0,0.0,0.0,0.0
1473,8,WOLF,False,2,4,P1,VILLAGER,False,False,0,1,14,0,14,0.0,0.0,1.0,2,0,,0,0,8,0,0,0,6,0,,,0.0,,,,0.0,,0.4005,0.4203,-0.0198,0.4002,0.3855,0.0147,0.0,0.0,0.2812,0.0,0.0,0.0,0.0,0.0,0.0,0.3333,0.25,0.0,0.0,0.0,0.0
1474,8,WOLF,False,2,4,P1,SEER,False,False,0,1,14,0,14,0.0,0.0,1.0,2,0,,0,0,8,0,0,0,6,0,,,0.0,,,,0.0,,0.4005,0.4203,-0.0198,0.4002,0.3855,0.0147,0.0,0.0,0.2812,0.0,0.0,0.0,0.0,0.0,0.0,0.3333,0.25,0.0,0.0,0.0,0.0
1475,8,WOLF,False,2,4,P1,VILLAGER,False,False,0,0,14,0,14,0.0,0.0,1.0,2,0,,0,0,8,0,0,0,6,0,,,0.0,,,,0.0,,0.4003,0.4204,-0.0201,0.4001,0.3856,0.0145,0.0,0.0,0.2812,0.0,0.0,0.0,0.0,0.0,0.0,0.0,0.45,0.0,0.0,0.0,0.0
1476,8,WOLF,False,2,4,P1,SEER,False,False,0,0,14,0,14,0.0,0.0,1.0,2,0,,0,0,8,0,0,0,6,0,,,0.0,,,,0.0,,0.4003,0.4204,-0.0201,0.4001,0.3856,0.0145,0.0,0.0,0.2812,0.0,0.0,0.0,0.0,0.0,0.0,0.0,0.45,0.0,0.0,0.0,0.0
1477,8,WOLF,False,2,4,P1,VILLAGER,False,False,0,1,14,0,14,0.0,0.0,1.0,2,0,,0,0,8,0,0,0,6,0,,,0.0,,,,0.0,,0.4003,0.4204,-0.0201,0.4001,0.3856,0.0145,0.0,0.0,0.2812,0.0,0.0,0.0,0.0,0.0,0.0,0.0,0.45,0.0,0.0,0.0,0.0
1478,8,WOLF,False,2,4,P1,VILLAGER,False,False,0,1,14,0,14,0.0,0.0,1.0,2,0,,0,0,8,0,0,0,6,0,,,0.0,,,,0.0,,0.4003,0.4204,-0.0201,0.4001,0.3856,0.0145,0.0,0.0,0.2812,0.0,0.0,0.0,0.0,0.0,0.0,0.0,0.45,0.0,0.0,0.0,0.0
1479,8,WOLF,False,2,4,P1,VILLAGER,False,False,0,1,14,0,14,0.0,0.0,1.0,2,0,,0,0,8,0,0,0,6,0,,,0.0,,,,0.0,,0.4005,0.4203,-0.0198,0.4002,0.3855,0.0147,0.0,0.0,0.2812,0.0,0.0,0.0,0.0,0.0,0.0,0.3333,0.25,0.0,0.0,0.0,0.0
1480,8,WOLF,False,2,4,P1,SEER,False,False,0,1,14,0,14,0.0,0.0,1.0,2,0,,0,0,8,0,0,0,6,0,,,0.0,,,,0.0,,0.4005,0.4203,-0.0198,0.4002,0.3855,0.0147,0.0,0.0,0.2812,0.0,0.0,0.0,0.0,0.0,0.0,0.3333,0.25,0.0,0.0,0.0,0.0
1481,8,WOLF,False,2,4,P1,VILLAGER,False,False,0,1,14,0,14,0.0,0.0,1.0,2,0,,0,0,8,0,0,0,6,0,,,0.0,,,,0.0,,0.4005,0.4203,-0.0198,0.4002,0.3855,0.0147,0.0,0.0,0.2812,0.0,0.0,0.0,0.0,0.0,0.0,0.3333,0.25,0.0,0.0,0.0,0.0
1482,8,WOLF,False,2,4,P1,VILLAGER,False,False,0,1,14,0,14,0.0,0.0,1.0,2,0,,0,0,8,0,0,0,6,0,,,0.0,,,,0.0,,0.4005,0.4203,-0.0198,0.4002,0.3855,0.0147,0.0,0.0,0.2812,0.0,0.0,0.0,0.0,0.0,0.0,0.3333,0.25,0.0,0.0,0.0,0.0
1483,8,WOLF,False,2,4,P1,SEER,False,False,0,1,14,0,14,0.0,0.0,1.0,2,0,,0,0,8,0,0,0,6,0,,,0.0,,,,0.0,,0.417,0.4104,0.0066,0.388,0.3929,-0.0049,0.0,0.0,0.2812,0.0,0.0,0.0,0.0,0.0,0.0,0.2083,0.325,0.0,0.0,0.0,0.0
1484,8,WOLF,False,2,4,P1,VILLAGER,False,False,0,1,14,0,14,0.0,0.0,1.0,2,0,,0,0,8,0,0,0,6,0,,,0.0,,,,0.0,,0.417,0.4104,0.0066,0.388,0.3929,-0.0049,0.0,0.0,0.2812,0.0,0.0,0.0,0.0,0.0,0.0,0.2083,0.325,0.0,0.0,0.0,0.0
1485,8,WOLF,False,2,4,P1,VILLAGER,False,False,0,1,14,0,14,0.0,0.0,1.0,2,0,,0,0,8,0,0,0,6,0,,,0.0,,,,0.0,,0.417,0.4104,0.0066,0.388,0.3929,-0.0049,0.0,0.0,0.2812,0.0,0.0,0.0,0.0,0.0,0.0,0.2083,0.325,0.0,0.0,0.0,0.0
1486,8,WOLF,False,2,4,P1,VILLAGER,False,False,0,0,14,0,14,0.0,0.0,1.0,2,0,,0,0,8,0,0,0,6,0,,,0.0,,,,0.0,,0.4003,0.4204,-0.0201,0.4001,0.3856,0.0145,0.0,0.0,0.2812,0.0,0.0,0.0,0.0,0.0,0.0,0.0,0.45,0.0,0.0,0.0,0.0
1487,8,WOLF,False,2,4,P1,VILLAGER,False,False,0,0,14,0,14,0.0,0.0,1.0,2,0,,0,0,8,0,0,0,6,0,,,0.0,,,,0.0,,0.4003,0.4204,-0.0201,0.4001,0.3856,0.0145,0.0,0.0,0.2812,0.0,0.0,0.0,0.0,0.0,0.0,0.0,0.45,0.0,0.0,0.0,0.0
1488,8,WOLF,False,2,4,P1,VILLAGER,False,False,0,1,14,0,14,0.0,0.0,1.0,2,0,,0,0,8,0,0,0,6,0,,,0.0,,,,0.0,,0.417,0.4104,0.0066,0.388,0.3929,-0.0049,0.0,0.0,0.2812,0.0,0.0,0.0,0.0,0.0,0.0,0.2083,0.325,0.0,0.0,0.0,0.0
1489,8,WOLF,False,2,4,P1,VILLAGER,False,False,0,1,14,0,14,0.0,0.0,1.0,2,0,,0,0,8,0,0,0,6,0,,,0.0,,,,0.0,,0.4003,0.4204,-0.0201,0.4001,0.3856,0.0145,0.0,0.0,0.2812,0.0,0.0,0.0,0.0,0.0,0.0,0.0,0.45,0.0,0.0,0.0,0.0
1490,8,WOLF,False,2,4,P1,VILLAGER,False,False,0,1,14,0,14,0.0,0.0,1.0,2,0,,0,0,8,0,0,0,6,0,,,0.0,,,,0.0,,0.4005,0.4203,-0.0198,0.4002,0.3855,0.0147,0.0,0.0,0.2812,0.0,0.0,0.0,0.0,0.0,0.0,0.3333,0.25,0.0,0.0,0.0,0.0
1491,8,WOLF,False,2,4,P1,VILLAGER,False,False,0,0,14,0,14,0.0,0.0,1.0,2,0,,0,0,8,0,0,0,6,0,,,0.0,,,,0.0,,0.4003,0.4204,-0.0201,0.4001,0.3856,0.0145,0.0,0.0,0.2812,0.0,0.0,0.0,0.0,0.0,0.0,0.0,0.45,0.0,0.0,0.0,0.0
1492,8,WOLF,False,2,4,P1,VILLAGER,False,False,0,0,14,0,14,0.0,0.0,1.0,2,0,,0,0,8,0,0,0,6,0,,,0.0,,,,0.0,,0.4003,0.4204,-0.0201,0.4001,0.3856,0.0145,0.0,0.0,0.2812,0.0,0.0,0.0,0.0,0.0,0.0,0.0,0.45,0.0,0.0,0.0,0.0
1493,8,WOLF,False,2,4,P1,SEER,False,False,0,0,14,0,14,0.0,0.0,1.0,2,0,,0,0,8,0,0,0,6,0,,,0.0,,,,0.0,,0.4003,0.4204,-0.0201,0.4001,0.3856,0.0145,0.0,0.0,0.2812,0.0,0.0,0.0,0.0,0.0,0.0,0.0,0.45,0.0,0.0,0.0,0.0
1494,8,WOLF,False,2,4,P1,VILLAGER,False,False,0,0,14,0,14,0.0,0.0,1.0,2,0,,0,0,8,0,0,0,6,0,,,0.0,,,,0.0,,0.4003,0.4204,-0.0201,0.4001,0.3856,0.0145,0.0,0.0,0.2812,0.0,0.0,0.0,0.0,0.0,0.0,0.0,0.45,0.0,0.0,0.0,0.0
1495,8,WOLF,False,2,4,P1,POSSESSED,False,True,0,1,14,0,14,0.0,0.0,1.0,2,0,,0,0,8,0,0,0,6,0,,,0.0,,,,0.0,,0.417,0.4104,0.0066,0.388,0.3929,-0.0049,0.0,0.0,0.2812,0.0,0.0,0.0,0.0,0.0,0.0,0.2083,0.325,0.0,0.0,0.0,0.0
1496,8,WOLF,False,2,4,P1,VILLAGER,False,False,0,0,14,0,14,0.0,0.0,1.0,2,0,,0,0,8,0,0,0,6,0,,,0.0,,,,0.0,,0.4003,0.4204,-0.0201,0.4001,0.3856,0.0145,0.0,0.0,0.2812,0.0,0.0,0.0,0.0,0.0,0.0,0.0,0.45,0.0,0.0,0.0,0.0
1497,8,WOLF,False,2,4,P1,VILLAGER,False,False,0,1,14,0,14,0.0,0.0,1.0,2,0,,0,0,8,0,0,0,6,0,,,0.0,,,,0.0,,0.4003,0.4204,-0.0201,0.4001,0.3856,0.0145,0.0,0.0,0.2812,0.0,0.0,0.0,0.0,0.0,0.0,0.0,0.45,0.0,0.0,0.0,0.0
1498,8,WOLF,False,2,4,P1,VILLAGER,False,False,0,0,14,0,14,0.0,0.0,1.0,2,0,,0,0,8,0,0,0,6,0,,,0.0,,,,0.0,,0.4003,0.4204,-0.0201,0.4001,0.3856,0.0145,0.0,0.0,0.2812,0.0,0.0,0.0,0.0,0.0,0.0,0.0,0.45,0.0,0.0,0.0,0.0
1499,8,WOLF,False,2,4,P1,VILLAGER,False,False,0,1,14,0,14,0.0,0.0,1.0,2,0,,0,0,8,0,0,0,6,0,,,0.0,,,,0.0,,0.4003,0.4204,-0.0201,0.4001,0.3856,0.0145,0.0,0.0,0.2812,0.0,0.0,0.0,0.0,0.0,0.0,0.0,0.45,0.0,0.0,0.0,0.0
1500,8,WOLF,False,2,4,P1,POSSESSED,False,True,0,1,14,0,14,0.0,0.0,1.0,2,0,,0,0,8,0,0,0,6,0,,,0.0,,,,0.0,,0.417,0.4104,0.0066,0.388,0.3929,-0.0049,0.0,0.0,0.2812,0.0,0.0,0.0,0.0,0.0,0.0,0.2083,0.325,0.0,0.0,0.0,0.0
1501,8,WOLF,False,2,4,P1,VILLAGER,False,False,0,1,14,0,14,0.0,0.0,1.0,2,0,,0,0,8,0,0,0,6,0,,,0.0,,,,0.0,,0.4005,0.4203,-0.0198,0.4002,0.3856,0.0146,0.0,0.0,0.2812,0.0,0.0,0.0,0.0,0.0,0.0,0.3333,0.25,0.0,0.0,0.0,0.0
1502,8,WOLF,False,2,4,P1,VILLAGER,False,False,0,1,14,0,14,0.0,0.0,1.0,2,0,,0,0,8,0,0,0,6,0,,,0.0,,,,0.0,,0.4003,0.4204,-0.0201,0.4001,0.3856,0.0145,0.0,0.0,0.2812,0.0,0.0,0.0,0.0,0.0,0.0,0.0,0.45,0.0,0.0,0.0,0.0
1503,8,WOLF,False,2,4,P1,VILLAGER,False,False,0,0,14,0,14,0.0,0.0,1.0,2,0,,0,0,8,0,0,0,6,0,,,0.0,,,,0.0,,0.4003,0.4204,-0.0201,0.4001,0.3856,0.0145,0.0,0.0,0.2812,0.0,0.0,0.0,0.0,0.0,0.0,0.0,0.45,0.0,0.0,0.0,0.0
1504,8,WOLF,False,2,4,P1,VILLAGER,False,False,0,0,14,0,14,0.0,0.0,1.0,2,0,,0,0,8,0,0,0,6,0,,,0.0,,,,0.0,,0.4003,0.4204,-0.0201,0.4001,0.3856,0.0145,0.0,0.0,0.2812,0.0,0.0,0.0,0.0,0.0,0.0,0.0,0.45,0.0,0.0,0.0,0.0
1505,8,WOLF,False,2,4,P1,VILLAGER,False,False,0,1,14,0,14,0.0,0.0,1.0,2,0,,0,0,8,0,0,0,6,0,,,0.0,,,,0.0,,0.417,0.4104,0.0066,0.388,0.3929,-0.0049,0.0,0.0,0.2812,0.0,0.0,0.0,0.0,0.0,0.0,0.2083,0.325,0.0,0.0,0.0,0.0
1506,8,WOLF,False,2,4,P1,SEER,False,False,0,0,14,0,14,0.0,0.0,1.0,2,0,,0,0,8,0,0,0,6,0,,,0.0,,,,0.0,,0.4003,0.4204,-0.0201,0.4001,0.3856,0.0145,0.0,0.0,0.2812,0.0,0.0,0.0,0.0,0.0,0.0,0.0,0.45,0.0,0.0,0.0,0.0
1507,8,WOLF,False,2,4,P1,VILLAGER,False,False,0,1,14,0,14,0.0,0.0,1.0,2,0,,0,0,8,0,0,0,6,0,,,0.0,,,,0.0,,0.4003,0.4204,-0.0201,0.4001,0.3857,0.0144,0.0,0.0,0.2812,0.0,0.0,0.0,0.0,0.0,0.0,0.0,0.45,0.0,0.0,0.0,0.0
1508,8,WOLF,False,2,4,P1,VILLAGER,False,False,0,0,14,0,14,0.0,0.0,1.0,2,0,,0,0,8,0,0,0,6,0,,,0.0,,,,0.0,,0.4003,0.4204,-0.0201,0.4001,0.3857,0.0144,0.0,0.0,0.2812,0.0,0.0,0.0,0.0,0.0,0.0,0.0,0.45,0.0,0.0,0.0,0.0
1509,8,WOLF,False,2,4,P1,VILLAGER,False,False,0,1,14,0,14,0.0,0.0,1.0,2,0,,0,0,8,0,0,0,6,0,,,0.0,,,,0.0,,0.417,0.4104,0.0066,0.388,0.3929,-0.0049,0.0,0.0,0.2812,0.0,0.0,0.0,0.0,0.0,0.0,0.2083,0.325,0.0,0.0,0.0,0.0
1510,8,WOLF,False,2,4,P1,SEER,False,False,0,1,14,0,14,0.0,0.0,1.0,2,0,,0,0,8,0,0,0,6,0,,,0.0,,,,0.0,,0.4005,0.4203,-0.0198,0.4002,0.3856,0.0146,0.0,0.0,0.2812,0.0,0.0,0.0,0.0,0.0,0.0,0.3333,0.25,0.0,0.0,0.0,0.0
1511,8,WOLF,False,2,4,P1,VILLAGER,False,False,0,0,14,0,14,0.0,0.0,1.0,2,0,,0,0,8,0,0,0,6,0,,,0.0,,,,0.0,,0.4003,0.4204,-0.0201,0.4001,0.3857,0.0144,0.0,0.0,0.2812,0.0,0.0,0.0,0.0,0.0,0.0,0.0,0.45,0.0,0.0,0.0,0.0
1512,8,WOLF,False,2,4,P1,VILLAGER,False,False,0,1,14,0,14,0.0,0.0,1.0,2,0,,0,0,8,0,0,0,6,0,,,0.0,,,,0.0,,0.4005,0.4203,-0.0198,0.4002,0.3856,0.0146,0.0,0.0,0.2812,0.0,0.0,0.0,0.0,0.0,0.0,0.3333,0.25,0.0,0.0,0.0,0.0
1513,8,WOLF,False,2,4,P1,VILLAGER,False,False,0,0,14,0,14,0.0,0.0,1.0,2,0,,0,0,8,0,0,0,6,0,,,0.0,,,,0.0,,0.4003,0.4204,-0.0201,0.4001,0.3857,0.0144,0.0,0.0,0.2812,0.0,0.0,0.0,0.0,0.0,0.0,0.0,0.45,0.0,0.0,0.0,0.0
1514,8,WOLF,False,2,4,P1,VILLAGER,False,False,0,1,14,0,14,0.0,0.0,1.0,2,0,,0,0,8,0,0,0,6,0,,,0.0,,,,0.0,,0.4003,0.4204,-0.0201,0.4001,0.3857,0.0144,0.0,0.0,0.2812,0.0,0.0,0.0,0.0,0.0,0.0,0.0,0.45,0.0,0.0,0.0,0.0
1515,8,WOLF,False,2,4,P1,POSSESSED,False,True,0,1,14,0,14,0.0,0.0,1.0,2,0,,0,0,8,0,0,0,6,0,,,0.0,,,,0.0,,0.417,0.4104,0.0066,0.388,0.3929,-0.0049,0.0,0.0,0.2812,0.0,0.0,0.0,0.0,0.0,0.0,0.2083,0.325,0.0,0.0,0.0,0.0
1516,8,WOLF,False,2,4,P1,VILLAGER,False,False,0,1,14,0,14,0.0,0.0,1.0,2,0,,0,0,8,0,0,0,6,0,,,0.0,,,,0.0,,0.4003,0.4204,-0.0201,0.4001,0.3857,0.0144,0.0,0.0,0.2812,0.0,0.0,0.0,0.0,0.0,0.0,0.0,0.45,0.0,0.0,0.0,0.0
1517,8,WOLF,False,2,4,P1,SEER,False,False,0,1,14,0,14,0.0,0.0,1.0,2,0,,0,0,8,0,0,0,6,0,,,0.0,,,,0.0,,0.4005,0.4203,-0.0198,0.4002,0.3856,0.0146,0.0,0.0,0.2812,0.0,0.0,0.0,0.0,0.0,0.0,0.3333,0.25,0.0,0.0,0.0,0.0
1518,8,WOLF,False,2,4,P1,VILLAGER,False,False,0,1,14,0,14,0.0,0.0,1.0,2,0,,0,0,8,0,0,0,6,0,,,0.0,,,,0.0,,0.4005,0.4203,-0.0198,0.4002,0.3856,0.0146,0.0,0.0,0.2812,0.0,0.0,0.0,0.0,0.0,0.0,0.3333,0.25,0.0,0.0,0.0,0.0
1519,8,WOLF,False,2,4,P1,POSSESSED,False,True,0,1,14,0,14,0.0,0.0,1.0,2,0,,0,0,8,0,0,0,6,0,,,0.0,,,,0.0,,0.417,0.4104,0.0066,0.388,0.3929,-0.0049,0.0,0.0,0.2812,0.0,0.0,0.0,0.0,0.0,0.0,0.2083,0.325,0.0,0.0,0.0,0.0
1520,8,WOLF,False,2,4,P1,VILLAGER,False,False,0,1,14,0,14,0.0,0.0,1.0,2,0,,0,0,8,0,0,0,6,0,,,0.0,,,,0.0,,0.4003,0.4204,-0.0201,0.4001,0.3857,0.0144,0.0,0.0,0.2812,0.0,0.0,0.0,0.0,0.0,0.0,0.0,0.45,0.0,0.0,0.0,0.0
1521,8,WOLF,False,2,4,P1,VILLAGER,False,False,0,0,14,0,14,0.0,0.0,1.0,2,0,,0,0,8,0,0,0,6,0,,,0.0,,,,0.0,,0.4003,0.4204,-0.0201,0.4001,0.3857,0.0144,0.0,0.0,0.2812,0.0,0.0,0.0,0.0,0.0,0.0,0.0,0.45,0.0,0.0,0.0,0.0
1522,8,WOLF,False,2,4,P1,POSSESSED,False,True,0,1,14,0,14,0.0,0.0,1.0,2,0,,0,0,8,0,0,0,6,0,,,0.0,,,,0.0,,0.417,0.4104,0.0066,0.388,0.3929,-0.0049,0.0,0.0,0.2812,0.0,0.0,0.0,0.0,0.0,0.0,0.2083,0.325,0.0,0.0,0.0,0.0
1523,8,WOLF,False,2,4,P1,VILLAGER,False,False,0,1,14,0,14,0.0,0.0,1.0,2,0,,0,0,8,0,0,0,6,0,,,0.0,,,,0.0,,0.4005,0.4203,-0.0198,0.4002,0.3856,0.0146,0.0,0.0,0.2812,0.0,0.0,0.0,0.0,0.0,0.0,0.3333,0.25,0.0,0.0,0.0,0.0
1524,8,WOLF,False,2,4,P1,VILLAGER,False,False,0,0,14,0,14,0.0,0.0,1.0,2,0,,0,0,8,0,0,0,6,0,,,0.0,,,,0.0,,0.4003,0.4204,-0.0201,0.4001,0.3857,0.0144,0.0,0.0,0.2812,0.0,0.0,0.0,0.0,0.0,0.0,0.0,0.45,0.0,0.0,0.0,0.0
1525,8,WOLF,False,2,4,P1,VILLAGER,False,False,0,1,14,0,14,0.0,0.0,1.0,2,0,,0,0,8,0,0,0,6,0,,,0.0,,,,0.0,,0.4005,0.4203,-0.0198,0.4002,0.3857,0.0145,0.0,0.0,0.2812,0.0,0.0,0.0,0.0,0.0,0.0,0.3333,0.25,0.0,0.0,0.0,0.0
1526,8,WOLF,False,2,4,P1,SEER,False,False,0,0,14,0,14,0.0,0.0,1.0,2,0,,0,0,8,0,0,0,6,0,,,0.0,,,,0.0,,0.4003,0.4204,-0.0201,0.4001,0.3857,0.0144,0.0,0.0,0.2812,0.0,0.0,0.0,0.0,0.0,0.0,0.0,0.45,0.0,0.0,0.0,0.0
1527,8,WOLF,False,2,4,P1,VILLAGER,False,False,0,0,14,0,14,0.0,0.0,1.0,2,0,,0,0,8,0,0,0,6,0,,,0.0,,,,0.0,,0.4003,0.4204,-0.0201,0.4001,0.3857,0.0144,0.0,0.0,0.2812,0.0,0.0,0.0,0.0,0.0,0.0,0.0,0.45,0.0,0.0,0.0,0.0
1528,8,WOLF,False,2,4,P1,VILLAGER,False,False,0,0,14,0,14,0.0,0.0,1.0,2,0,,0,0,8,0,0,0,6,0,,,0.0,,,,0.0,,0.4003,0.4204,-0.0201,0.4001,0.3857,0.0144,0.0,0.0,0.2812,0.0,0.0,0.0,0.0,0.0,0.0,0.0,0.45,0.0,0.0,0.0,0.0
1529,8,WOLF,False,2,4,P1,VILLAGER,False,False,0,1,14,0,14,0.0,0.0,1.0,2,0,,0,0,8,0,0,0,6,0,,,0.0,,,,0.0,,0.417,0.4104,0.0066,0.3881,0.3929,-0.0048,0.0,0.0,0.2812,0.0,0.0,0.0,0.0,0.0,0.0,0.2083,0.325,0.0,0.0,0.0,0.0
1530,8,WOLF,False,2,4,P1,VILLAGER,False,False,0,0,14,0,14,0.0,0.0,1.0,2,0,,0,0,8,0,0,0,6,0,,,0.0,,,,0.0,,0.4003,0.4204,-0.0201,0.4001,0.3857,0.0144,0.0,0.0,0.2812,0.0,0.0,0.0,0.0,0.0,0.0,0.0,0.45,0.0,0.0,0.0,0.0
1531,8,WOLF,False,2,4,P1,VILLAGER,False,False,0,0,14,0,14,0.0,0.0,1.0,2,0,,0,0,8,0,0,0,6,0,,,0.0,,,,0.0,,0.4003,0.4204,-0.0201,0.4001,0.3857,0.0144,0.0,0.0,0.2812,0.0,0.0,0.0,0.0,0.0,0.0,0.0,0.45,0.0,0.0,0.0,0.0
1532,8,WOLF,False,2,4,P1,SEER,False,False,0,0,14,0,14,0.0,0.0,1.0,2,0,,0,0,8,0,0,0,6,0,,,0.0,,,,0.0,,0.4003,0.4204,-0.0201,0.4001,0.3857,0.0144,0.0,0.0,0.2812,0.0,0.0,0.0,0.0,0.0,0.0,0.0,0.45,0.0,0.0,0.0,0.0
1533,8,WOLF,False,2,4,P1,POSSESSED,False,True,0,1,14,0,14,0.0,0.0,1.0,2,0,,0,0,8,0,0,0,6,0,,,0.0,,,,0.0,,0.417,0.4104,0.0066,0.3881,0.3929,-0.0048,0.0,0.0,0.2812,0.0,0.0,0.0,0.0,0.0,0.0,0.2083,0.325,0.0,0.0,0.0,0.0
1534,8,WOLF,False,2,4,P1,POSSESSED,False,True,0,1,14,0,14,0.0,0.0,1.0,2,0,,0,0,8,0,0,0,6,0,,,0.0,,,,0.0,,0.417,0.4104,0.0066,0.3881,0.3929,-0.0048,0.0,0.0,0.2812,0.0,0.0,0.0,0.0,0.0,0.0,0.2083,0.325,0.0,0.0,0.0,0.0
1535,8,WOLF,False,2,4,P1,POSSESSED,False,True,0,1,14,0,14,0.0,0.0,1.0,2,0,,0,0,8,0,0,0,6,0,,,0.0,,,,0.0,,0.417,0.4104,0.0066,0.3881,0.3929,-0.0048,0.0,0.0,0.2812,0.0,0.0,0.0,0.0,0.0,0.0,0.2083,0.325,0.0,0.0,0.0,0.0
1536,8,WOLF,False,2,4,P1,VILLAGER,False,False,0,0,14,0,14,0.0,0.0,1.0,2,0,,0,0,8,0,0,0,6,0,,,0.0,,,,0.0,,0.4003,0.4204,-0.0201,0.4001,0.3858,0.0143,0.0,0.0,0.2812,0.0,0.0,0.0,0.0,0.0,0.0,0.0,0.45,0.0,0.0,0.0,0.0
1537,8,WOLF,False,2,4,P1,VILLAGER,False,False,0,1,14,0,14,0.0,0.0,1.0,2,0,,0,0,8,0,0,0,6,0,,,0.0,,,,0.0,,0.4003,0.4204,-0.0201,0.4001,0.3858,0.0143,0.0,0.0,0.2812,0.0,0.0,0.0,0.0,0.0,0.0,0.0,0.45,0.0,0.0,0.0,0.0
1538,8,WOLF,False,2,4,P1,VILLAGER,False,False,0,1,14,0,14,0.0,0.0,1.0,2,0,,0,0,8,0,0,0,6,0,,,0.0,,,,0.0,,0.4003,0.4204,-0.0201,0.4001,0.3858,0.0143,0.0,0.0,0.2812,0.0,0.0,0.0,0.0,0.0,0.0,0.0,0.45,0.0,0.0,0.0,0.0
1539,8,WOLF,False,2,4,P1,POSSESSED,False,True,0,1,14,0,14,0.0,0.0,1.0,2,0,,0,0,8,0,0,0,6,0,,,0.0,,,,0.0,,0.417,0.4104,0.0066,0.3881,0.393,-0.0049,0.0,0.0,0.2812,0.0,0.0,0.0,0.0,0.0,0.0,0.2083,0.325,0.0,0.0,0.0,0.0
1540,8,WOLF,False,2,4,P1,POSSESSED,False,True,0,1,14,0,14,0.0,0.0,1.0,2,0,,0,0,8,0,0,0,6,0,,,0.0,,,,0.0,,0.417,0.4104,0.0066,0.3881,0.393,-0.0049,0.0,0.0,0.2812,0.0,0.0,0.0,0.0,0.0,0.0,0.2083,0.325,0.0,0.0,0.0,0.0
1541,8,WOLF,False,2,4,P1,POSSESSED,False,True,0,1,14,0,14,0.0,0.0,1.0,2,0,,0,0,8,0,0,0,6,0,,,0.0,,,,0.0,,0.417,0.4104,0.0066,0.3881,0.393,-0.0049,0.0,0.0,0.2812,0.0,0.0,0.0,0.0,0.0,0.0,0.2083,0.325,0.0,0.0,0.0,0.0
1542,8,WOLF,False,2,4,P1,SEER,False,False,0,1,14,0,14,0.0,0.0,1.0,2,0,,0,0,8,0,0,0,6,0,,,0.0,,,,0.0,,0.4003,0.4204,-0.0201,0.4001,0.3858,0.0143,0.0,0.0,0.2812,0.0,0.0,0.0,0.0,0.0,0.0,0.0,0.45,0.0,0.0,0.0,0.0
1543,8,WOLF,False,2,4,P1,SEER,False,False,0,1,14,0,14,0.0,0.0,1.0,2,0,,0,0,8,0,0,0,6,0,,,0.0,,,,0.0,,0.417,0.4104,0.0066,0.3881,0.393,-0.0049,0.0,0.0,0.2812,0.0,0.0,0.0,0.0,0.0,0.0,0.2083,0.325,0.0,0.0,0.0,0.0
1544,8,WOLF,False,2,4,P1,VILLAGER,False,False,0,1,14,0,14,0.0,0.0,1.0,2,0,,0,0,8,0,0,0,6,0,,,0.0,,,,0.0,,0.4005,0.4203,-0.0198,0.4002,0.3857,0.0145,0.0,0.0,0.2812,0.0,0.0,0.0,0.0,0.0,0.0,0.3333,0.25,0.0,0.0,0.0,0.0
1545,8,WOLF,False,2,4,P1,SEER,False,False,0,1,14,0,14,0.0,0.0,1.0,2,0,,0,0,8,0,0,0,6,0,,,0.0,,,,0.0,,0.417,0.4104,0.0066,0.3881,0.393,-0.0049,0.0,0.0,0.2812,0.0,0.0,0.0,0.0,0.0,0.0,0.2083,0.325,0.0,0.0,0.0,0.0
1546,8,WOLF,False,2,4,P1,VILLAGER,False,False,0,1,14,0,14,0.0,0.0,1.0,2,0,,0,0,8,0,0,0,6,0,,,0.0,,,,0.0,,0.417,0.4104,0.0066,0.3881,0.393,-0.0049,0.0,0.0,0.2812,0.0,0.0,0.0,0.0,0.0,0.0,0.2083,0.325,0.0,0.0,0.0,0.0
1547,8,WOLF,False,2,4,P1,VILLAGER,False,False,0,1,14,0,14,0.0,0.0,1.0,2,0,,0,0,8,0,0,0,6,0,,,0.0,,,,0.0,,0.4005,0.4203,-0.0198,0.4002,0.3857,0.0145,0.0,0.0,0.2812,0.0,0.0,0.0,0.0,0.0,0.0,0.3333,0.25,0.0,0.0,0.0,0.0
1548,8,WOLF,False,2,4,P1,VILLAGER,False,False,0,1,14,0,14,0.0,0.0,1.0,2,0,,0,0,8,0,0,0,6,0,,,0.0,,,,0.0,,0.4005,0.4203,-0.0198,0.4002,0.3857,0.0145,0.0,0.0,0.2812,0.0,0.0,0.0,0.0,0.0,0.0,0.3333,0.25,0.0,0.0,0.0,0.0
1549,8,WOLF,False,2,4,P1,SEER,False,False,0,1,14,0,14,0.0,0.0,1.0,2,0,,0,0,8,0,0,0,6,0,,,0.0,,,,0.0,,0.4003,0.4204,-0.0201,0.4001,0.3858,0.0143,0.0,0.0,0.2812,0.0,0.0,0.0,0.0,0.0,0.0,0.0,0.45,0.0,0.0,0.0,0.0
1550,8,WOLF,False,2,4,P1,VILLAGER,False,False,0,1,14,0,14,0.0,0.0,1.0,2,0,,0,0,8,0,0,0,6,0,,,0.0,,,,0.0,,0.4003,0.4204,-0.0201,0.4001,0.3858,0.0143,0.0,0.0,0.2812,0.0,0.0,0.0,0.0,0.0,0.0,0.0,0.45,0.0,0.0,0.0,0.0
1551,8,WOLF,False,2,4,P1,VILLAGER,False,False,0,0,14,0,14,0.0,0.0,1.0,2,0,,0,0,8,0,0,0,6,0,,,0.0,,,,0.0,,0.4003,0.4204,-0.0201,0.4001,0.3858,0.0143,0.0,0.0,0.2812,0.0,0.0,0.0,0.0,0.0,0.0,0.0,0.45,0.0,0.0,0.0,0.0
1552,8,WOLF,False,2,4,P1,VILLAGER,False,False,0,0,14,0,14,0.0,0.0,1.0,2,0,,0,0,8,0,0,0,6,0,,,0.0,,,,0.0,,0.4003,0.4204,-0.0201,0.4001,0.3858,0.0143,0.0,0.0,0.2812,0.0,0.0,0.0,0.0,0.0,0.0,0.0,0.45,0.0,0.0,0.0,0.0
1553,8,WOLF,False,2,4,P1,VILLAGER,False,False,0,0,14,0,14,0.0,0.0,1.0,2,0,,0,0,8,0,0,0,6,0,,,0.0,,,,0.0,,0.4003,0.4204,-0.0201,0.4001,0.3858,0.0143,0.0,0.0,0.2812,0.0,0.0,0.0,0.0,0.0,0.0,0.0,0.45,0.0,0.0,0.0,0.0
1554,8,WOLF,False,2,4,P1,POSSESSED,False,True,0,1,14,0,14,0.0,0.0,1.0,2,0,,0,0,8,0,0,0,6,0,,,0.0,,,,0.0,,0.417,0.4104,0.0066,0.3881,0.393,-0.0049,0.0,0.0,0.2812,0.0,0.0,0.0,0.0,0.0,0.0,0.2083,0.325,0.0,0.0,0.0,0.0
1555,8,WOLF,False,2,4,P1,VILLAGER,False,False,0,1,14,0,14,0.0,0.0,1.0,2,0,,0,0,8,0,0,0,6,0,,,0.0,,,,0.0,,0.417,0.4104,0.0066,0.3881,0.393,-0.0049,0.0,0.0,0.2812,0.0,0.0,0.0,0.0,0.0,0.0,0.2083,0.325,0.0,0.0,0.0,0.0
1556,8,WOLF,False,2,4,P1,VILLAGER,False,False,0,0,14,0,14,0.0,0.0,1.0,2,0,,0,0,8,0,0,0,6,0,,,0.0,,,,0.0,,0.4003,0.4204,-0.0201,0.4001,0.3858,0.0143,0.0,0.0,0.2812,0.0,0.0,0.0,0.0,0.0,0.0,0.0,0.45,0.0,0.0,0.0,0.0
1557,8,WOLF,False,2,4,P1,VILLAGER,False,False,0,1,14,0,14,0.0,0.0,1.0,2,0,,0,0,8,0,0,0,6,0,,,0.0,,,,0.0,,0.4003,0.4204,-0.0201,0.4001,0.3858,0.0143,0.0,0.0,0.2812,0.0,0.0,0.0,0.0,0.0,0.0,0.0,0.45,0.0,0.0,0.0,0.0
1558,8,WOLF,False,2,4,P1,VILLAGER,False,False,0,1,14,0,14,0.0,0.0,1.0,2,0,,0,0,8,0,0,0,6,0,,,0.0,,,,0.0,,0.417,0.4104,0.0066,0.3881,0.393,-0.0049,0.0,0.0,0.2812,0.0,0.0,0.0,0.0,0.0,0.0,0.2083,0.325,0.0,0.0,0.0,0.0
1559,8,WOLF,False,2,4,P1,VILLAGER,False,False,0,1,14,0,14,0.0,0.0,1.0,2,0,,0,0,8,0,0,0,6,0,,,0.0,,,,0.0,,0.4003,0.4204,-0.0201,0.4001,0.3858,0.0143,0.0,0.0,0.2812,0.0,0.0,0.0,0.0,0.0,0.0,0.0,0.45,0.0,0.0,0.0,0.0
1560,8,WOLF,False,2,4,P1,VILLAGER,False,False,0,1,14,0,14,0.0,0.0,1.0,2,0,,0,0,8,0,0,0,6,0,,,0.0,,,,0.0,,0.4003,0.4204,-0.0201,0.4001,0.3858,0.0143,0.0,0.0,0.2812,0.0,0.0,0.0,0.0,0.0,0.0,0.0,0.45,0.0,0.0,0.0,0.0
1561,8,WOLF,False,2,4,P1,VILLAGER,False,False,0,0,14,0,14,0.0,0.0,1.0,2,0,,0,0,8,0,0,0,6,0,,,0.0,,,,0.0,,0.4003,0.4204,-0.0201,0.4001,0.3858,0.0143,0.0,0.0,0.2812,0.0,0.0,0.0,0.0,0.0,0.0,0.0,0.45,0.0,0.0,0.0,0.0
1562,8,WOLF,False,2,4,P1,SEER,False,False,0,1,14,0,14,0.0,0.0,1.0,2,0,,0,0,8,0,0,0,6,0,,,0.0,,,,0.0,,0.4003,0.4204,-0.0201,0.4001,0.3858,0.0143,0.0,0.0,0.2812,0.0,0.0,0.0,0.0,0.0,0.0,0.0,0.45,0.0,0.0,0.0,0.0
1563,8,WOLF,False,2,4,P1,VILLAGER,False,False,0,0,14,0,14,0.0,0.0,1.0,2,0,,0,0,8,0,0,0,6,0,,,0.0,,,,0.0,,0.4003,0.4204,-0.0201,0.4001,0.3858,0.0143,0.0,0.0,0.2812,0.0,0.0,0.0,0.0,0.0,0.0,0.0,0.45,0.0,0.0,0.0,0.0
1564,8,WOLF,False,2,4,P1,POSSESSED,False,True,0,1,14,0,14,0.0,0.0,1.0,2,0,,0,0,8,0,0,0,6,0,,,0.0,,,,0.0,,0.417,0.4104,0.0066,0.3882,0.393,-0.0048,0.0,0.0,0.2812,0.0,0.0,0.0,0.0,0.0,0.0,0.2083,0.325,0.0,0.0,0.0,0.0
1565,8,WOLF,False,2,4,P1,POSSESSED,False,True,0,1,14,0,14,0.0,0.0,1.0,2,0,,0,0,8,0,0,0,6,0,,,0.0,,,,0.0,,0.417,0.4104,0.0066,0.3882,0.393,-0.0048,0.0,0.0,0.2812,0.0,0.0,0.0,0.0,0.0,0.0,0.2083,0.325,0.0,0.0,0.0,0.0
1566,8,WOLF,False,2,4,P1,SEER,False,False,0,1,14,0,14,0.0,0.0,1.0,2,0,,0,0,8,0,0,0,6,0,,,0.0,,,,0.0,,0.417,0.4104,0.0066,0.3882,0.393,-0.0048,0.0,0.0,0.2812,0.0,0.0,0.0,0.0,0.0,0.0,0.2083,0.325,0.0,0.0,0.0,0.0
1567,8,WOLF,False,2,4,P1,VILLAGER,False,False,0,1,14,0,14,0.0,0.0,1.0,2,0,,0,0,8,0,0,0,6,0,,,0.0,,,,0.0,,0.417,0.4104,0.0066,0.3882,0.393,-0.0048,0.0,0.0,0.2812,0.0,0.0,0.0,0.0,0.0,0.0,0.2083,0.325,0.0,0.0,0.0,0.0
1568,8,WOLF,False,2,4,P1,VILLAGER,False,False,0,1,14,0,14,0.0,0.0,1.0,2,0,,0,0,8,0,0,0,6,0,,,0.0,,,,0.0,,0.4005,0.4203,-0.0198,0.4002,0.3858,0.0144,0.0,0.0,0.2812,0.0,0.0,0.0,0.0,0.0,0.0,0.3333,0.25,0.0,0.0,0.0,0.0
1569,8,WOLF,False,2,4,P1,VILLAGER,False,False,0,0,14,0,14,0.0,0.0,1.0,2,0,,0,0,8,0,0,0,6,0,,,0.0,,,,0.0,,0.4003,0.4204,-0.0201,0.4001,0.3858,0.0143,0.0,0.0,0.2812,0.0,0.0,0.0,0.0,0.0,0.0,0.0,0.45,0.0,0.0,0.0,0.0
1570,8,WOLF,False,2,4,P1,POSSESSED,False,True,0,1,14,0,14,0.0,0.0,1.0,2,0,,0,0,8,0,0,0,6,0,,,0.0,,,,0.0,,0.417,0.4104,0.0066,0.3882,0.393,-0.0048,0.0,0.0,0.2812,0.0,0.0,0.0,0.0,0.0,0.0,0.2083,0.325,0.0,0.0,0.0,0.0
1571,8,WOLF,False,2,4,P1,POSSESSED,False,True,0,1,14,0,14,0.0,0.0,1.0,2,0,,0,0,8,0,0,0,6,0,,,0.0,,,,0.0,,0.417,0.4104,0.0066,0.3882,0.393,-0.0048,0.0,0.0,0.2812,0.0,0.0,0.0,0.0,0.0,0.0,0.2083,0.325,0.0,0.0,0.0,0.0
1572,8,WOLF,False,2,4,P1,VILLAGER,False,False,0,1,14,0,14,0.0,0.0,1.0,2,0,,0,0,8,0,0,0,6,0,,,0.0,,,,0.0,,0.417,0.4104,0.0066,0.3882,0.393,-0.0048,0.0,0.0,0.2812,0.0,0.0,0.0,0.0,0.0,0.0,0.2083,0.325,0.0,0.0,0.0,0.0
1573,8,WOLF,False,2,4,P1,VILLAGER,False,False,0,1,14,0,14,0.0,0.0,1.0,2,0,,0,0,8,0,0,0,6,0,,,0.0,,,,0.0,,0.4005,0.4203,-0.0198,0.4002,0.3858,0.0144,0.0,0.0,0.2812,0.0,0.0,0.0,0.0,0.0,0.0,0.3333,0.25,0.0,0.0,0.0,0.0
1574,8,WOLF,False,2,4,P1,POSSESSED,False,True,0,1,14,0,14,0.0,0.0,1.0,2,0,,0,0,8,0,0,0,6,0,,,0.0,,,,0.0,,0.417,0.4104,0.0066,0.3882,0.393,-0.0048,0.0,0.0,0.2812,0.0,0.0,0.0,0.0,0.0,0.0,0.2083,0.325,0.0,0.0,0.0,0.0
1575,8,WOLF,False,2,4,P1,VILLAGER,False,False,0,0,14,0,14,0.0,0.0,1.0,2,0,,0,0,8,0,0,0,6,0,,,0.0,,,,0.0,,0.4003,0.4204,-0.0201,0.4001,0.3859,0.0142,0.0,0.0,0.2812,0.0,0.0,0.0,0.0,0.0,0.0,0.0,0.45,0.0,0.0,0.0,0.0
1576,8,WOLF,False,2,4,P1,VILLAGER,False,False,0,1,14,0,14,0.0,0.0,1.0,2,0,,0,0,8,0,0,0,6,0,,,0.0,,,,0.0,,0.4003,0.4204,-0.0201,0.4001,0.3859,0.0142,0.0,0.0,0.2812,0.0,0.0,0.0,0.0,0.0,0.0,0.0,0.45,0.0,0.0,0.0,0.0
1577,8,WOLF,False,2,4,P1,VILLAGER,False,False,0,1,14,0,14,0.0,0.0,1.0,2,0,,0,0,8,0,0,0,6,0,,,0.0,,,,0.0,,0.4005,0.4203,-0.0198,0.4002,0.3858,0.0144,0.0,0.0,0.2812,0.0,0.0,0.0,0.0,0.0,0.0,0.3333,0.25,0.0,0.0,0.0,0.0
1578,8,WOLF,False,2,4,P1,VILLAGER,False,False,0,1,14,0,14,0.0,0.0,1.0,2,0,,0,0,8,0,0,0,6,0,,,0.0,,,,0.0,,0.4005,0.4203,-0.0198,0.4002,0.3858,0.0144,0.0,0.0,0.2812,0.0,0.0,0.0,0.0,0.0,0.0,0.3333,0.25,0.0,0.0,0.0,0.0
1579,8,WOLF,False,2,4,P1,VILLAGER,False,False,0,0,14,0,14,0.0,0.0,1.0,2,0,,0,0,8,0,0,0,6,0,,,0.0,,,,0.0,,0.4003,0.4204,-0.0201,0.4001,0.3859,0.0142,0.0,0.0,0.2812,0.0,0.0,0.0,0.0,0.0,0.0,0.0,0.45,0.0,0.0,0.0,0.0
1580,8,WOLF,False,2,4,P1,SEER,False,False,0,1,14,0,14,0.0,0.0,1.0,2,0,,0,0,8,0,0,0,6,0,,,0.0,,,,0.0,,0.4005,0.4203,-0.0198,0.4002,0.3858,0.0144,0.0,0.0,0.2812,0.0,0.0,0.0,0.0,0.0,0.0,0.3333,0.25,0.0,0.0,0.0,0.0
1581,8,WOLF,False,2,4,P1,SEER,False,False,0,1,14,0,14,0.0,0.0,1.0,2,0,,0,0,8,0,0,0,6,0,,,0.0,,,,0.0,,0.4003,0.4204,-0.0201,0.4001,0.3859,0.0142,0.0,0.0,0.2812,0.0,0.0,0.0,0.0,0.0,0.0,0.0,0.45,0.0,0.0,0.0,0.0
1582,8,WOLF,False,2,4,P1,POSSESSED,False,True,0,1,14,0,14,0.0,0.0,1.0,2,0,,0,0,8,0,0,0,6,0,,,0.0,,,,0.0,,0.417,0.4104,0.0066,0.3882,0.393,-0.0048,0.0,0.0,0.2812,0.0,0.0,0.0,0.0,0.0,0.0,0.2083,0.325,0.0,0.0,0.0,0.0
1583,8,WOLF,False,2,4,P1,VILLAGER,False,False,0,1,14,0,14,0.0,0.0,1.0,2,0,,0,0,8,0,0,0,6,0,,,0.0,,,,0.0,,0.417,0.4104,0.0066,0.3882,0.393,-0.0048,0.0,0.0,0.2812,0.0,0.0,0.0,0.0,0.0,0.0,0.2083,0.325,0.0,0.0,0.0,0.0
1584,8,WOLF,False,2,4,P1,VILLAGER,False,False,0,1,14,0,14,0.0,0.0,1.0,2,0,,0,0,8,0,0,0,6,0,,,0.0,,,,0.0,,0.4003,0.4204,-0.0201,0.4001,0.3859,0.0142,0.0,0.0,0.2812,0.0,0.0,0.0,0.0,0.0,0.0,0.0,0.45,0.0,0.0,0.0,0.0
1585,8,WOLF,False,2,4,P1,VILLAGER,False,False,0,1,14,0,14,0.0,0.0,1.0,2,0,,0,0,8,0,0,0,6,0,,,0.0,,,,0.0,,0.4005,0.4203,-0.0198,0.4002,0.3858,0.0144,0.0,0.0,0.2812,0.0,0.0,0.0,0.0,0.0,0.0,0.3333,0.25,0.0,0.0,0.0,0.0
1586,8,WOLF,False,2,4,P1,SEER,False,False,0,1,14,0,14,0.0,0.0,1.0,2,0,,0,0,8,0,0,0,6,0,,,0.0,,,,0.0,,0.4005,0.4203,-0.0198,0.4002,0.3858,0.0144,0.0,0.0,0.2812,0.0,0.0,0.0,0.0,0.0,0.0,0.3333,0.25,0.0,0.0,0.0,0.0
1587,8,WOLF,False,2,4,P1,VILLAGER,False,False,0,1,14,0,14,0.0,0.0,1.0,2,0,,0,0,8,0,0,0,6,0,,,0.0,,,,0.0,,0.417,0.4104,0.0066,0.3882,0.393,-0.0048,0.0,0.0,0.2812,0.0,0.0,0.0,0.0,0.0,0.0,0.2083,0.325,0.0,0.0,0.0,0.0
1588,8,WOLF,False,2,4,P1,VILLAGER,False,False,0,0,14,0,14,0.0,0.0,1.0,2,0,,0,0,8,0,0,0,6,0,,,0.0,,,,0.0,,0.4003,0.4204,-0.0201,0.4001,0.3859,0.0142,0.0,0.0,0.2812,0.0,0.0,0.0,0.0,0.0,0.0,0.0,0.45,0.0,0.0,0.0,0.0
1589,8,WOLF,False,2,4,P1,POSSESSED,False,True,0,1,14,0,14,0.0,0.0,1.0,2,0,,0,0,8,0,0,0,6,0,,,0.0,,,,0.0,,0.417,0.4104,0.0066,0.3882,0.393,-0.0048,0.0,0.0,0.2812,0.0,0.0,0.0,0.0,0.0,0.0,0.2083,0.325,0.0,0.0,0.0,0.0
1590,8,WOLF,False,2,4,P1,POSSESSED,False,True,0,1,14,0,14,0.0,0.0,1.0,2,0,,0,0,8,0,0,0,6,0,,,0.0,,,,0.0,,0.417,0.4104,0.0066,0.3882,0.393,-0.0048,0.0,0.0,0.2812,0.0,0.0,0.0,0.0,0.0,0.0,0.2083,0.325,0.0,0.0,0.0,0.0
1591,8,WOLF,False,2,4,P1,VILLAGER,False,False,0,0,14,0,14,0.0,0.0,1.0,2,0,,0,0,8,0,0,0,6,0,,,0.0,,,,0.0,,0.4003,0.4204,-0.0201,0.4001,0.3859,0.0142,0.0,0.0,0.2812,0.0,0.0,0.0,0.0,0.0,0.0,0.0,0.45,0.0,0.0,0.0,0.0
1592,8,WOLF,False,2,4,P1,SEER,False,False,0,1,14,0,14,0.0,0.0,1.0,2,0,,0,0,8,0,0,0,6,0,,,0.0,,,,0.0,,0.417,0.4104,0.0066,0.3882,0.393,-0.0048,0.0,0.0,0.2812,0.0,0.0,0.0,0.0,0.0,0.0,0.2083,0.325,0.0,0.0,0.0,0.0
1593,8,WOLF,False,2,4,P1,VILLAGER,False,False,0,0,14,0,14,0.0,0.0,1.0,2,0,,0,0,8,0,0,0,6,0,,,0.0,,,,0.0,,0.4003,0.4204,-0.0201,0.4001,0.3859,0.0142,0.0,0.0,0.2812,0.0,0.0,0.0,0.0,0.0,0.0,0.0,0.45,0.0,0.0,0.0,0.0
1594,8,WOLF,False,2,4,P1,VILLAGER,False,False,0,0,14,0,14,0.0,0.0,1.0,2,0,,0,0,8,0,0,0,6,0,,,0.0,,,,0.0,,0.4003,0.4204,-0.0201,0.4001,0.3859,0.0142,0.0,0.0,0.2812,0.0,0.0,0.0,0.0,0.0,0.0,0.0,0.45,0.0,0.0,0.0,0.0
1595,8,WOLF,False,2,4,P1,VILLAGER,False,False,0,1,14,0,14,0.0,0.0,1.0,2,0,,0,0,8,0,0,0,6,0,,,0.0,,,,0.0,,0.417,0.4104,0.0066,0.3882,0.393,-0.0048,0.0,0.0,0.2812,0.0,0.0,0.0,0.0,0.0,0.0,0.2083,0.325,0.0,0.0,0.0,0.0
1596,8,WOLF,False,2,4,P1,SEER,False,False,0,1,14,0,14,0.0,0.0,1.0,2,0,,0,0,8,0,0,0,6,0,,,0.0,,,,0.0,,0.4003,0.4204,-0.0201,0.4001,0.3859,0.0142,0.0,0.0,0.2812,0.0,0.0,0.0,0.0,0.0,0.0,0.0,0.45,0.0,0.0,0.0,0.0
1597,8,WOLF,False,2,4,P1,VILLAGER,False,False,0,1,14,0,14,0.0,0.0,1.0,2,0,,0,0,8,0,0,0,6,0,,,0.0,,,,0.0,,0.4003,0.4204,-0.0201,0.4001,0.3859,0.0142,0.0,0.0,0.2812,0.0,0.0,0.0,0.0,0.0,0.0,0.0,0.45,0.0,0.0,0.0,0.0
1598,8,WOLF,False,2,4,P1,VILLAGER,False,False,0,1,14,0,14,0.0,0.0,1.0,2,0,,0,0,8,0,0,0,6,0,,,0.0,,,,0.0,,0.4005,0.4203,-0.0198,0.4002,0.3859,0.0143,0.0,0.0,0.2812,0.0,0.0,0.0,0.0,0.0,0.0,0.3333,0.25,0.0,0.0,0.0,0.0
1599,8,WOLF,False,2,4,P1,VILLAGER,False,False,0,0,14,0,14,0.0,0.0,1.0,2,0,,0,0,8,0,0,0,6,0,,,0.0,,,,0.0,,0.4003,0.4204,-0.0201,0.4001,0.3859,0.0142,0.0,0.0,0.2812,0.0,0.0,0.0,0.0,0.0,0.0,0.0,0.45,0.0,0.0,0.0,0.0
1600,8,WOLF,False,2,4,P1,VILLAGER,False,False,0,0,14,0,14,0.0,0.0,1.0,2,0,,0,0,8,0,0,0,6,0,,,0.0,,,,0.0,,0.4003,0.4204,-0.0201,0.4001,0.3859,0.0142,0.0,0.0,0.2812,0.0,0.0,0.0,0.0,0.0,0.0,0.0,0.45,0.0,0.0,0.0,0.0
1601,8,WOLF,False,2,4,P1,VILLAGER,False,False,0,1,14,0,14,0.0,0.0,1.0,2,0,,0,0,8,0,0,0,6,0,,,0.0,,,,0.0,,0.4005,0.4203,-0.0198,0.4002,0.3859,0.0143,0.0,0.0,0.2812,0.0,0.0,0.0,0.0,0.0,0.0,0.3333,0.25,0.0,0.0,0.0,0.0
1602,8,WOLF,False,2,4,P1,VILLAGER,False,False,0,1,14,0,14,0.0,0.0,1.0,2,0,,0,0,8,0,0,0,6,0,,,0.0,,,,0.0,,0.4003,0.4204,-0.0201,0.4001,0.3859,0.0142,0.0,0.0,0.2812,0.0,0.0,0.0,0.0,0.0,0.0,0.0,0.45,0.0,0.0,0.0,0.0
1603,8,WOLF,False,2,4,P1,VILLAGER,False,False,0,1,14,0,14,0.0,0.0,1.0,2,0,,0,0,8,0,0,0,6,0,,,0.0,,,,0.0,,0.4005,0.4203,-0.0198,0.4002,0.3859,0.0143,0.0,0.0,0.2812,0.0,0.0,0.0,0.0,0.0,0.0,0.3333,0.25,0.0,0.0,0.0,0.0
1604,8,WOLF,False,2,4,P1,POSSESSED,False,True,0,1,14,0,14,0.0,0.0,1.0,2,0,,0,0,8,0,0,0,6,0,,,0.0,,,,0.0,,0.417,0.4104,0.0066,0.3883,0.3931,-0.0048,0.0,0.0,0.2812,0.0,0.0,0.0,0.0,0.0,0.0,0.2083,0.325,0.0,0.0,0.0,0.0
1605,8,WOLF,False,2,4,P1,VILLAGER,False,False,0,1,14,0,14,0.0,0.0,1.0,2,0,,0,0,8,0,0,0,6,0,,,0.0,,,,0.0,,0.4005,0.4203,-0.0198,0.4002,0.3859,0.0143,0.0,0.0,0.2812,0.0,0.0,0.0,0.0,0.0,0.0,0.3333,0.25,0.0,0.0,0.0,0.0
1606,8,WOLF,False,2,4,P1,POSSESSED,False,True,0,1,14,0,14,0.0,0.0,1.0,2,0,,0,0,8,0,0,0,6,0,,,0.0,,,,0.0,,0.417,0.4104,0.0066,0.3883,0.3931,-0.0048,0.0,0.0,0.2812,0.0,0.0,0.0,0.0,0.0,0.0,0.2083,0.325,0.0,0.0,0.0,0.0
1607,8,WOLF,False,2,4,P1,VILLAGER,False,False,0,1,14,0,14,0.0,0.0,1.0,2,0,,0,0,8,0,0,0,6,0,,,0.0,,,,0.0,,0.4003,0.4204,-0.0201,0.4001,0.386,0.0141,0.0,0.0,0.2812,0.0,0.0,0.0,0.0,0.0,0.0,0.0,0.45,0.0,0.0,0.0,0.0
1608,8,WOLF,False,2,4,P1,VILLAGER,False,False,0,1,14,0,14,0.0,0.0,1.0,2,0,,0,0,8,0,0,0,6,0,,,0.0,,,,0.0,,0.4005,0.4203,-0.0198,0.4002,0.3859,0.0143,0.0,0.0,0.2812,0.0,0.0,0.0,0.0,0.0,0.0,0.3333,0.25,0.0,0.0,0.0,0.0
1609,8,WOLF,False,2,4,P1,VILLAGER,False,False,0,0,14,0,14,0.0,0.0,1.0,2,0,,0,0,8,0,0,0,6,0,,,0.0,,,,0.0,,0.4003,0.4204,-0.0201,0.4001,0.386,0.0141,0.0,0.0,0.2812,0.0,0.0,0.0,0.0,0.0,0.0,0.0,0.45,0.0,0.0,0.0,0.0
1610,8,WOLF,False,2,4,P1,VILLAGER,False,False,0,1,14,0,14,0.0,0.0,1.0,2,0,,0,0,8,0,0,0,6,0,,,0.0,,,,0.0,,0.417,0.4104,0.0066,0.3883,0.3931,-0.0048,0.0,0.0,0.2812,0.0,0.0,0.0,0.0,0.0,0.0,0.2083,0.325,0.0,0.0,0.0,0.0
1611,8,WOLF,False,2,4,P1,VILLAGER,False,False,0,0,14,0,14,0.0,0.0,1.0,2,0,,0,0,8,0,0,0,6,0,,,0.0,,,,0.0,,0.4003,0.4204,-0.0201,0.4001,0.386,0.0141,0.0,0.0,0.2812,0.0,0.0,0.0,0.0,0.0,0.0,0.0,0.45,0.0,0.0,0.0,0.0
1612,8,WOLF,False,2,4,P1,VILLAGER,False,False,0,1,14,0,14,0.0,0.0,1.0,2,0,,0,0,8,0,0,0,6,0,,,0.0,,,,0.0,,0.4005,0.4203,-0.0198,0.4002,0.3859,0.0143,0.0,0.0,0.2812,0.0,0.0,0.0,0.0,0.0,0.0,0.3333,0.25,0.0,0.0,0.0,0.0
1613,8,WOLF,False,2,4,P1,VILLAGER,False,False,0,1,14,0,14,0.0,0.0,1.0,2,0,,0,0,8,0,0,0,6,0,,,0.0,,,,0.0,,0.4003,0.4204,-0.0201,0.4001,0.386,0.0141,0.0,0.0,0.2812,0.0,0.0,0.0,0.0,0.0,0.0,0.0,0.45,0.0,0.0,0.0,0.0
1614,8,WOLF,False,2,4,P1,VILLAGER,False,False,0,0,14,0,14,0.0,0.0,1.0,2,0,,0,0,8,0,0,0,6,0,,,0.0,,,,0.0,,0.4003,0.4204,-0.0201,0.4001,0.386,0.0141,0.0,0.0,0.2812,0.0,0.0,0.0,0.0,0.0,0.0,0.0,0.45,0.0,0.0,0.0,0.0
1615,8,WOLF,False,2,4,P1,SEER,False,False,0,1,14,0,14,0.0,0.0,1.0,2,0,,0,0,8,0,0,0,6,0,,,0.0,,,,0.0,,0.4005,0.4203,-0.0198,0.4002,0.3859,0.0143,0.0,0.0,0.2812,0.0,0.0,0.0,0.0,0.0,0.0,0.3333,0.25,0.0,0.0,0.0,0.0
1616,8,WOLF,False,2,4,P1,VILLAGER,False,False,0,1,14,0,14,0.0,0.0,1.0,2,0,,0,0,8,0,0,0,6,0,,,0.0,,,,0.0,,0.4005,0.4203,-0.0198,0.4002,0.3859,0.0143,0.0,0.0,0.2812,0.0,0.0,0.0,0.0,0.0,0.0,0.3333,0.25,0.0,0.0,0.0,0.0
1617,8,WOLF,False,2,4,P1,POSSESSED,False,True,0,1,14,0,14,0.0,0.0,1.0,2,0,,0,0,8,0,0,0,6,0,,,0.0,,,,0.0,,0.417,0.4104,0.0066,0.3883,0.3931,-0.0048,0.0,0.0,0.2812,0.0,0.0,0.0,0.0,0.0,0.0,0.2083,0.325,0.0,0.0,0.0,0.0
1618,8,WOLF,False,2,4,P1,POSSESSED,False,True,0,1,14,0,14,0.0,0.0,1.0,2,0,,0,0,8,0,0,0,6,0,,,0.0,,,,0.0,,0.417,0.4104,0.0066,0.3883,0.3931,-0.0048,0.0,0.0,0.2812,0.0,0.0,0.0,0.0,0.0,0.0,0.2083,0.325,0.0,0.0,0.0,0.0
1619,8,WOLF,False,2,4,P1,VILLAGER,False,False,0,0,14,0,14,0.0,0.0,1.0,2,0,,0,0,8,0,0,0,6,0,,,0.0,,,,0.0,,0.4003,0.4204,-0.0201,0.4001,0.386,0.0141,0.0,0.0,0.2812,0.0,0.0,0.0,0.0,0.0,0.0,0.0,0.45,0.0,0.0,0.0,0.0
1620,8,WOLF,False,2,4,P1,POSSESSED,False,True,0,1,14,0,14,0.0,0.0,1.0,2,0,,0,0,8,0,0,0,6,0,,,0.0,,,,0.0,,0.417,0.4104,0.0066,0.3883,0.3931,-0.0048,0.0,0.0,0.2812,0.0,0.0,0.0,0.0,0.0,0.0,0.2083,0.325,0.0,0.0,0.0,0.0
1621,8,WOLF,False,2,4,P1,VILLAGER,False,False,0,1,14,0,14,0.0,0.0,1.0,2,0,,0,0,8,0,0,0,6,0,,,0.0,,,,0.0,,0.4003,0.4204,-0.0201,0.4001,0.386,0.0141,0.0,0.0,0.2812,0.0,0.0,0.0,0.0,0.0,0.0,0.0,0.45,0.0,0.0,0.0,0.0
1622,8,WOLF,False,2,4,P1,VILLAGER,False,False,0,0,14,0,14,0.0,0.0,1.0,2,0,,0,0,8,0,0,0,6,0,,,0.0,,,,0.0,,0.4003,0.4204,-0.0201,0.4001,0.386,0.0141,0.0,0.0,0.2812,0.0,0.0,0.0,0.0,0.0,0.0,0.0,0.45,0.0,0.0,0.0,0.0
1623,8,WOLF,False,2,4,P1,VILLAGER,False,False,0,1,14,0,14,0.0,0.0,1.0,2,0,,0,0,8,0,0,0,6,0,,,0.0,,,,0.0,,0.4005,0.4203,-0.0198,0.4002,0.3859,0.0143,0.0,0.0,0.2812,0.0,0.0,0.0,0.0,0.0,0.0,0.3333,0.25,0.0,0.0,0.0,0.0
1624,8,WOLF,False,2,4,P1,VILLAGER,False,False,0,1,14,0,14,0.0,0.0,1.0,2,0,,0,0,8,0,0,0,6,0,,,0.0,,,,0.0,,0.4005,0.4203,-0.0198,0.4002,0.3859,0.0143,0.0,0.0,0.2812,0.0,0.0,0.0,0.0,0.0,0.0,0.3333,0.25,0.0,0.0,0.0,0.0
1625,8,WOLF,False,2,4,P1,SEER,False,False,0,1,14,0,14,0.0,0.0,1.0,2,0,,0,0,8,0,0,0,6,0,,,0.0,,,,0.0,,0.4005,0.4203,-0.0198,0.4002,0.3859,0.0143,0.0,0.0,0.2812,0.0,0.0,0.0,0.0,0.0,0.0,0.3333,0.25,0.0,0.0,0.0,0.0
1626,8,WOLF,False,2,4,P1,VILLAGER,False,False,0,1,14,0,14,0.0,0.0,1.0,2,0,,0,0,8,0,0,0,6,0,,,0.0,,,,0.0,,0.417,0.4104,0.0066,0.3883,0.3931,-0.0048,0.0,0.0,0.2812,0.0,0.0,0.0,0.0,0.0,0.0,0.2083,0.325,0.0,0.0,0.0,0.0
1627,8,WOLF,False,2,4,P1,VILLAGER,False,False,0,0,14,0,14,0.0,0.0,1.0,2,0,,0,0,8,0,0,0,6,0,,,0.0,,,,0.0,,0.4003,0.4204,-0.0201,0.4001,0.386,0.0141,0.0,0.0,0.2812,0.0,0.0,0.0,0.0,0.0,0.0,0.0,0.45,0.0,0.0,0.0,0.0
1628,8,WOLF,False,2,4,P1,VILLAGER,False,False,0,0,14,0,14,0.0,0.0,1.0,2,0,,0,0,8,0,0,0,6,0,,,0.0,,,,0.0,,0.4003,0.4204,-0.0201,0.4001,0.386,0.0141,0.0,0.0,0.2812,0.0,0.0,0.0,0.0,0.0,0.0,0.0,0.45,0.0,0.0,0.0,0.0
1629,8,WOLF,False,2,4,P1,VILLAGER,False,False,0,0,14,0,14,0.0,0.0,1.0,2,0,,0,0,8,0,0,0,6,0,,,0.0,,,,0.0,,0.4003,0.4204,-0.0201,0.4001,0.386,0.0141,0.0,0.0,0.2812,0.0,0.0,0.0,0.0,0.0,0.0,0.0,0.45,0.0,0.0,0.0,0.0
1630,8,WOLF,False,2,4,P1,VILLAGER,False,False,0,1,14,0,14,0.0,0.0,1.0,2,0,,0,0,8,0,0,0,6,0,,,0.0,,,,0.0,,0.417,0.4104,0.0066,0.3883,0.3931,-0.0048,0.0,0.0,0.2812,0.0,0.0,0.0,0.0,0.0,0.0,0.2083,0.325,0.0,0.0,0.0,0.0
1631,8,WOLF,False,2,4,P1,VILLAGER,False,False,0,1,14,0,14,0.0,0.0,1.0,2,0,,0,0,8,0,0,0,6,0,,,0.0,,,,0.0,,0.4005,0.4203,-0.0198,0.4003,0.386,0.0143,0.0,0.0,0.2812,0.0,0.0,0.0,0.0,0.0,0.0,0.3333,0.25,0.0,0.0,0.0,0.0
1632,8,WOLF,False,2,4,P1,VILLAGER,False,False,0,1,14,0,14,0.0,0.0,1.0,2,0,,0,0,8,0,0,0,6,0,,,0.0,,,,0.0,,0.4005,0.4203,-0.0198,0.4003,0.386,0.0143,0.0,0.0,0.2812,0.0,0.0,0.0,0.0,0.0,0.0,0.3333,0.25,0.0,0.0,0.0,0.0
1633,8,WOLF,False,2,4,P1,VILLAGER,False,False,0,0,14,0,14,0.0,0.0,1.0,2,0,,0,0,8,0,0,0,6,0,,,0.0,,,,0.0,,0.4003,0.4204,-0.0201,0.4002,0.386,0.0142,0.0,0.0,0.2812,0.0,0.0,0.0,0.0,0.0,0.0,0.0,0.45,0.0,0.0,0.0,0.0
1634,8,WOLF,False,2,4,P1,POSSESSED,False,True,0,1,14,0,14,0.0,0.0,1.0,2,0,,0,0,8,0,0,0,6,0,,,0.0,,,,0.0,,0.417,0.4104,0.0066,0.3884,0.3931,-0.0047,0.0,0.0,0.2812,0.0,0.0,0.0,0.0,0.0,0.0,0.2083,0.325,0.0,0.0,0.0,0.0
1635,8,WOLF,False,2,4,P1,VILLAGER,False,False,0,1,14,0,14,0.0,0.0,1.0,2,0,,0,0,8,0,0,0,6,0,,,0.0,,,,0.0,,0.4005,0.4203,-0.0198,0.4003,0.386,0.0143,0.0,0.0,0.2812,0.0,0.0,0.0,0.0,0.0,0.0,0.3333,0.25,0.0,0.0,0.0,0.0
1636,8,WOLF,False,2,4,P1,VILLAGER,False,False,0,1,14,0,14,0.0,0.0,1.0,2,0,,0,0,8,0,0,0,6,0,,,0.0,,,,0.0,,0.4005,0.4203,-0.0198,0.4003,0.386,0.0143,0.0,0.0,0.2812,0.0,0.0,0.0,0.0,0.0,0.0,0.3333,0.25,0.0,0.0,0.0,0.0
1637,8,WOLF,False,2,4,P1,SEER,False,False,0,1,14,0,14,0.0,0.0,1.0,2,0,,0,0,8,0,0,0,6,0,,,0.0,,,,0.0,,0.417,0.4104,0.0066,0.3884,0.3932,-0.0048,0.0,0.0,0.2812,0.0,0.0,0.0,0.0,0.0,0.0,0.2083,0.325,0.0,0.0,0.0,0.0
1638,8,WOLF,False,2,4,P1,VILLAGER,False,False,0,1,14,0,14,0.0,0.0,1.0,2,0,,0,0,8,0,0,0,6,0,,,0.0,,,,0.0,,0.4003,0.4204,-0.0201,0.4002,0.3861,0.0141,0.0,0.0,0.2812,0.0,0.0,0.0,0.0,0.0,0.0,0.0,0.45,0.0,0.0,0.0,0.0
1639,8,WOLF,False,2,4,P1,VILLAGER,False,False,0,1,14,0,14,0.0,0.0,1.0,2,0,,0,0,8,0,0,0,6,0,,,0.0,,,,0.0,,0.417,0.4104,0.0066,0.3884,0.3932,-0.0048,0.0,0.0,0.2812,0.0,0.0,0.0,0.0,0.0,0.0,0.2083,0.325,0.0,0.0,0.0,0.0
1640,8,WOLF,False,2,4,P1,POSSESSED,False,True,0,1,14,0,14,0.0,0.0,1.0,2,0,,0,0,8,0,0,0,6,0,,,0.0,,,,0.0,,0.417,0.4104,0.0066,0.3884,0.3932,-0.0048,0.0,0.0,0.2812,0.0,0.0,0.0,0.0,0.0,0.0,0.2083,0.325,0.0,0.0,0.0,0.0
1641,8,WOLF,False,2,4,P1,VILLAGER,False,False,0,0,14,0,14,0.0,0.0,1.0,2,0,,0,0,8,0,0,0,6,0,,,0.0,,,,0.0,,0.4003,0.4204,-0.0201,0.4002,0.3861,0.0141,0.0,0.0,0.2812,0.0,0.0,0.0,0.0,0.0,0.0,0.0,0.45,0.0,0.0,0.0,0.0
1642,8,WOLF,False,2,4,P1,VILLAGER,False,False,0,0,14,0,14,0.0,0.0,1.0,2,0,,0,0,8,0,0,0,6,0,,,0.0,,,,0.0,,0.4003,0.4204,-0.0201,0.4002,0.3861,0.0141,0.0,0.0,0.2812,0.0,0.0,0.0,0.0,0.0,0.0,0.0,0.45,0.0,0.0,0.0,0.0
1643,8,WOLF,False,2,4,P1,VILLAGER,False,False,0,1,14,0,14,0.0,0.0,1.0,2,0,,0,0,8,0,0,0,6,0,,,0.0,,,,0.0,,0.4005,0.4203,-0.0198,0.4003,0.386,0.0143,0.0,0.0,0.2812,0.0,0.0,0.0,0.0,0.0,0.0,0.3333,0.25,0.0,0.0,0.0,0.0
1644,8,WOLF,False,2,4,P1,POSSESSED,False,True,0,1,14,0,14,0.0,0.0,1.0,2,0,,0,0,8,0,0,0,6,0,,,0.0,,,,0.0,,0.417,0.4104,0.0066,0.3884,0.3932,-0.0048,0.0,0.0,0.2812,0.0,0.0,0.0,0.0,0.0,0.0,0.2083,0.325,0.0,0.0,0.0,0.0
1645,8,WOLF,False,2,4,P1,VILLAGER,False,False,0,1,14,0,14,0.0,0.0,1.0,2,0,,0,0,8,0,0,0,6,0,,,0.0,,,,0.0,,0.4003,0.4204,-0.0201,0.4002,0.3861,0.0141,0.0,0.0,0.2812,0.0,0.0,0.0,0.0,0.0,0.0,0.0,0.45,0.0,0.0,0.0,0.0
1646,8,WOLF,False,2,4,P1,VILLAGER,False,False,0,0,14,0,14,0.0,0.0,1.0,2,0,,0,0,8,0,0,0,6,0,,,0.0,,,,0.0,,0.4003,0.4204,-0.0201,0.4002,0.3861,0.0141,0.0,0.0,0.2812,0.0,0.0,0.0,0.0,0.0,0.0,0.0,0.45,0.0,0.0,0.0,0.0
1647,8,WOLF,False,2,4,P1,VILLAGER,False,False,0,0,14,0,14,0.0,0.0,1.0,2,0,,0,0,8,0,0,0,6,0,,,0.0,,,,0.0,,0.4003,0.4204,-0.0201,0.4002,0.3861,0.0141,0.0,0.0,0.2812,0.0,0.0,0.0,0.0,0.0,0.0,0.0,0.45,0.0,0.0,0.0,0.0
1648,8,WOLF,False,2,4,P1,VILLAGER,False,False,0,0,14,0,14,0.0,0.0,1.0,2,0,,0,0,8,0,0,0,6,0,,,0.0,,,,0.0,,0.4003,0.4204,-0.0201,0.4002,0.3861,0.0141,0.0,0.0,0.2812,0.0,0.0,0.0,0.0,0.0,0.0,0.0,0.45,0.0,0.0,0.0,0.0
1649,8,WOLF,False,2,4,P1,VILLAGER,False,False,0,0,14,0,14,0.0,0.0,1.0,2,0,,0,0,8,0,0,0,6,0,,,0.0,,,,0.0,,0.4003,0.4204,-0.0201,0.4002,0.3861,0.0141,0.0,0.0,0.2812,0.0,0.0,0.0,0.0,0.0,0.0,0.0,0.45,0.0,0.0,0.0,0.0
1650,8,WOLF,False,2,4,P1,VILLAGER,False,False,0,0,14,0,14,0.0,0.0,1.0,2,0,,0,0,8,0,0,0,6,0,,,0.0,,,,0.0,,0.4003,0.4204,-0.0201,0.4002,0.3861,0.0141,0.0,0.0,0.2812,0.0,0.0,0.0,0.0,0.0,0.0,0.0,0.45,0.0,0.0,0.0,0.0
1651,8,WOLF,False,2,4,P1,VILLAGER,False,False,0,1,14,0,14,0.0,0.0,1.0,2,0,,0,0,8,0,0,0,6,0,,,0.0,,,,0.0,,0.417,0.4104,0.0066,0.3884,0.3932,-0.0048,0.0,0.0,0.2812,0.0,0.0,0.0,0.0,0.0,0.0,0.2083,0.325,0.0,0.0,0.0,0.0
1652,8,WOLF,False,2,4,P1,VILLAGER,False,False,0,0,14,0,14,0.0,0.0,1.0,2,0,,0,0,8,0,0,0,6,0,,,0.0,,,,0.0,,0.4003,0.4204,-0.0201,0.4002,0.3861,0.0141,0.0,0.0,0.2812,0.0,0.0,0.0,0.0,0.0,0.0,0.0,0.45,0.0,0.0,0.0,0.0
1653,8,WOLF,False,2,4,P1,SEER,False,False,0,1,14,0,14,0.0,0.0,1.0,2,0,,0,0,8,0,0,0,6,0,,,0.0,,,,0.0,,0.417,0.4104,0.0066,0.3884,0.3932,-0.0048,0.0,0.0,0.2812,0.0,0.0,0.0,0.0,0.0,0.0,0.2083,0.325,0.0,0.0,0.0,0.0
1654,8,WOLF,False,2,4,P1,SEER,False,False,0,0,14,0,14,0.0,0.0,1.0,2,0,,0,0,8,0,0,0,6,0,,,0.0,,,,0.0,,0.4003,0.4204,-0.0201,0.4002,0.3861,0.0141,0.0,0.0,0.2812,0.0,0.0,0.0,0.0,0.0,0.0,0.0,0.45,0.0,0.0,0.0,0.0
1655,8,WOLF,False,2,4,P1,VILLAGER,False,False,0,0,14,0,14,0.0,0.0,1.0,2,0,,0,0,8,0,0,0,6,0,,,0.0,,,,0.0,,0.4003,0.4204,-0.0201,0.4002,0.3861,0.0141,0.0,0.0,0.2812,0.0,0.0,0.0,0.0,0.0,0.0,0.0,0.45,0.0,0.0,0.0,0.0
1656,8,WOLF,False,2,4,P1,SEER,False,False,0,1,14,0,14,0.0,0.0,1.0,2,0,,0,0,8,0,0,0,6,0,,,0.0,,,,0.0,,0.4003,0.4204,-0.0201,0.4002,0.3861,0.0141,0.0,0.0,0.2812,0.0,0.0,0.0,0.0,0.0,0.0,0.0,0.45,0.0,0.0,0.0,0.0
1657,8,WOLF,False,2,4,P1,SEER,False,False,0,1,14,0,14,0.0,0.0,1.0,2,0,,0,0,8,0,0,0,6,0,,,0.0,,,,0.0,,0.4003,0.4204,-0.0201,0.4002,0.3861,0.0141,0.0,0.0,0.2812,0.0,0.0,0.0,0.0,0.0,0.0,0.0,0.45,0.0,0.0,0.0,0.0
1658,8,WOLF,False,2,4,P1,VILLAGER,False,False,0,0,14,0,14,0.0,0.0,1.0,2,0,,0,0,8,0,0,0,6,0,,,0.0,,,,0.0,,0.4003,0.4204,-0.0201,0.4002,0.3861,0.0141,0.0,0.0,0.2812,0.0,0.0,0.0,0.0,0.0,0.0,0.0,0.45,0.0,0.0,0.0,0.0
1659,8,WOLF,False,2,4,P1,VILLAGER,False,False,0,1,14,0,14,0.0,0.0,1.0,2,0,,0,0,8,0,0,0,6,0,,,0.0,,,,0.0,,0.4003,0.4204,-0.0201,0.4002,0.3861,0.0141,0.0,0.0,0.2812,0.0,0.0,0.0,0.0,0.0,0.0,0.0,0.45,0.0,0.0,0.0,0.0
1660,8,WOLF,False,2,4,P1,VILLAGER,False,False,0,0,14,0,14,0.0,0.0,1.0,2,0,,0,0,8,0,0,0,6,0,,,0.0,,,,0.0,,0.4003,0.4204,-0.0201,0.4002,0.3861,0.0141,0.0,0.0,0.2812,0.0,0.0,0.0,0.0,0.0,0.0,0.0,0.45,0.0,0.0,0.0,0.0
1661,8,WOLF,False,2,4,P1,VILLAGER,False,False,0,1,14,0,14,0.0,0.0,1.0,2,0,,0,0,8,0,0,0,6,0,,,0.0,,,,0.0,,0.4005,0.4203,-0.0198,0.4003,0.3861,0.0142,0.0,0.0,0.2812,0.0,0.0,0.0,0.0,0.0,0.0,0.3333,0.25,0.0,0.0,0.0,0.0
1662,8,WOLF,False,2,4,P1,SEER,False,False,0,0,14,0,14,0.0,0.0,1.0,2,0,,0,0,8,0,0,0,6,0,,,0.0,,,,0.0,,0.4003,0.4204,-0.0201,0.4002,0.3861,0.0141,0.0,0.0,0.2812,0.0,0.0,0.0,0.0,0.0,0.0,0.0,0.45,0.0,0.0,0.0,0.0
1663,8,WOLF,False,2,4,P1,SEER,False,False,0,0,14,0,14,0.0,0.0,1.0,2,0,,0,0,8,0,0,0,6,0,,,0.0,,,,0.0,,0.4003,0.4204,-0.0201,0.4002,0.3861,0.0141,0.0,0.0,0.2812,0.0,0.0,0.0,0.0,0.0,0.0,0.0,0.45,0.0,0.0,0.0,0.0
1664,8,WOLF,False,2,4,P1,VILLAGER,False,False,0,0,14,0,14,0.0,0.0,1.0,2,0,,0,0,8,0,0,0,6,0,,,0.0,,,,0.0,,0.4003,0.4204,-0.0201,0.4002,0.3861,0.0141,0.0,0.0,0.2812,0.0,0.0,0.0,0.0,0.0,0.0,0.0,0.45,0.0,0.0,0.0,0.0
1665,8,WOLF,False,2,4,P1,VILLAGER,False,False,0,0,14,0,14,0.0,0.0,1.0,2,0,,0,0,8,0,0,0,6,0,,,0.0,,,,0.0,,0.4003,0.4204,-0.0201,0.4002,0.3861,0.0141,0.0,0.0,0.2812,0.0,0.0,0.0,0.0,0.0,0.0,0.0,0.45,0.0,0.0,0.0,0.0
1666,8,WOLF,False,2,4,P1,POSSESSED,False,True,0,1,14,0,14,0.0,0.0,1.0,2,0,,0,0,8,0,0,0,6,0,,,0.0,,,,0.0,,0.417,0.4104,0.0066,0.3884,0.3932,-0.0048,0.0,0.0,0.2812,0.0,0.0,0.0,0.0,0.0,0.0,0.2083,0.325,0.0,0.0,0.0,0.0
1667,8,WOLF,False,2,4,P1,VILLAGER,False,False,0,1,14,0,14,0.0,0.0,1.0,2,0,,0,0,8,0,0,0,6,0,,,0.0,,,,0.0,,0.417,0.4104,0.0066,0.3884,0.3932,-0.0048,0.0,0.0,0.2812,0.0,0.0,0.0,0.0,0.0,0.0,0.2083,0.325,0.0,0.0,0.0,0.0
1668,8,WOLF,False,2,4,P1,VILLAGER,False,False,0,1,14,0,14,0.0,0.0,1.0,2,0,,0,0,8,0,0,0,6,0,,,0.0,,,,0.0,,0.417,0.4104,0.0066,0.3884,0.3932,-0.0048,0.0,0.0,0.2812,0.0,0.0,0.0,0.0,0.0,0.0,0.2083,0.325,0.0,0.0,0.0,0.0
1669,8,WOLF,False,2,4,P1,POSSESSED,False,True,0,1,14,0,14,0.0,0.0,1.0,2,0,,0,0,8,0,0,0,6,0,,,0.0,,,,0.0,,0.417,0.4104,0.0066,0.3885,0.3932,-0.0047,0.0,0.0,0.2812,0.0,0.0,0.0,0.0,0.0,0.0,0.2083,0.325,0.0,0.0,0.0,0.0
1670,8,WOLF,False,2,4,P1,VILLAGER,False,False,0,1,14,0,14,0.0,0.0,1.0,2,0,,0,0,8,0,0,0,6,0,,,0.0,,,,0.0,,0.417,0.4104,0.0066,0.3885,0.3932,-0.0047,0.0,0.0,0.2812,0.0,0.0,0.0,0.0,0.0,0.0,0.2083,0.325,0.0,0.0,0.0,0.0
1671,8,WOLF,False,2,4,P1,VILLAGER,False,False,0,0,14,0,14,0.0,0.0,1.0,2,0,,0,0,8,0,0,0,6,0,,,0.0,,,,0.0,,0.4003,0.4204,-0.0201,0.4002,0.3862,0.014,0.0,0.0,0.2812,0.0,0.0,0.0,0.0,0.0,0.0,0.0,0.45,0.0,0.0,0.0,0.0
1672,8,WOLF,False,2,4,P1,VILLAGER,False,False,0,0,14,0,14,0.0,0.0,1.0,2,0,,0,0,8,0,0,0,6,0,,,0.0,,,,0.0,,0.4003,0.4204,-0.0201,0.4002,0.3862,0.014,0.0,0.0,0.2812,0.0,0.0,0.0,0.0,0.0,0.0,0.0,0.45,0.0,0.0,0.0,0.0
1673,8,WOLF,False,2,4,P1,VILLAGER,False,False,0,1,14,0,14,0.0,0.0,1.0,2,0,,0,0,8,0,0,0,6,0,,,0.0,,,,0.0,,0.4005,0.4203,-0.0198,0.4003,0.3861,0.0142,0.0,0.0,0.2812,0.0,0.0,0.0,0.0,0.0,0.0,0.3333,0.25,0.0,0.0,0.0,0.0
1674,8,WOLF,False,2,4,P1,VILLAGER,False,False,0,0,14,0,14,0.0,0.0,1.0,2,0,,0,0,8,0,0,0,6,0,,,0.0,,,,0.0,,0.4003,0.4204,-0.0201,0.4002,0.3862,0.014,0.0,0.0,0.2812,0.0,0.0,0.0,0.0,0.0,0.0,0.0,0.45,0.0,0.0,0.0,0.0
1675,8,WOLF,False,2,4,P1,VILLAGER,False,False,0,1,14,0,14,0.0,0.0,1.0,2,0,,0,0,8,0,0,0,6,0,,,0.0,,,,0.0,,0.417,0.4104,0.0066,0.3885,0.3932,-0.0047,0.0,0.0,0.2812,0.0,0.0,0.0,0.0,0.0,0.0,0.2083,0.325,0.0,0.0,0.0,0.0
1676,8,WOLF,False,2,4,P1,VILLAGER,False,False,0,0,14,0,14,0.0,0.0,1.0,2,0,,0,0,8,0,0,0,6,0,,,0.0,,,,0.0,,0.4003,0.4204,-0.0201,0.4002,0.3862,0.014,0.0,0.0,0.2812,0.0,0.0,0.0,0.0,0.0,0.0,0.0,0.45,0.0,0.0,0.0,0.0
1677,8,WOLF,False,2,4,P1,VILLAGER,False,False,0,1,14,0,14,0.0,0.0,1.0,2,0,,0,0,8,0,0,0,6,0,,,0.0,,,,0.0,,0.417,0.4104,0.0066,0.3885,0.3932,-0.0047,0.0,0.0,0.2812,0.0,0.0,0.0,0.0,0.0,0.0,0.2083,0.325,0.0,0.0,0.0,0.0
1678,8,WOLF,False,2,4,P1,VILLAGER,False,False,0,0,14,0,14,0.0,0.0,1.0,2,0,,0,0,8,0,0,0,6,0,,,0.0,,,,0.0,,0.4003,0.4204,-0.0201,0.4002,0.3862,0.014,0.0,0.0,0.2812,0.0,0.0,0.0,0.0,0.0,0.0,0.0,0.45,0.0,0.0,0.0,0.0
1679,8,WOLF,False,2,4,P1,POSSESSED,False,True,0,1,14,0,14,0.0,0.0,1.0,2,0,,0,0,8,0,0,0,6,0,,,0.0,,,,0.0,,0.417,0.4104,0.0066,0.3885,0.3932,-0.0047,0.0,0.0,0.2812,0.0,0.0,0.0,0.0,0.0,0.0,0.2083,0.325,0.0,0.0,0.0,0.0
1680,8,WOLF,False,2,4,P1,SEER,False,False,0,1,14,0,14,0.0,0.0,1.0,2,0,,0,0,8,0,0,0,6,0,,,0.0,,,,0.0,,0.4005,0.4203,-0.0198,0.4003,0.3861,0.0142,0.0,0.0,0.2812,0.0,0.0,0.0,0.0,0.0,0.0,0.3333,0.25,0.0,0.0,0.0,0.0
1681,8,WOLF,False,2,4,P1,POSSESSED,False,True,0,1,14,0,14,0.0,0.0,1.0,2,0,,0,0,8,0,0,0,6,0,,,0.0,,,,0.0,,0.417,0.4104,0.0066,0.3885,0.3932,-0.0047,0.0,0.0,0.2812,0.0,0.0,0.0,0.0,0.0,0.0,0.2083,0.325,0.0,0.0,0.0,0.0
1682,8,WOLF,False,2,4,P1,VILLAGER,False,False,0,1,14,0,14,0.0,0.0,1.0,2,0,,0,0,8,0,0,0,6,0,,,0.0,,,,0.0,,0.417,0.4104,0.0066,0.3885,0.3932,-0.0047,0.0,0.0,0.2812,0.0,0.0,0.0,0.0,0.0,0.0,0.2083,0.325,0.0,0.0,0.0,0.0
1683,8,WOLF,False,2,4,P1,VILLAGER,False,False,0,1,14,0,14,0.0,0.0,1.0,2,0,,0,0,8,0,0,0,6,0,,,0.0,,,,0.0,,0.417,0.4104,0.0066,0.3885,0.3932,-0.0047,0.0,0.0,0.2812,0.0,0.0,0.0,0.0,0.0,0.0,0.2083,0.325,0.0,0.0,0.0,0.0
1684,8,WOLF,False,2,4,P1,SEER,False,False,0,0,14,0,14,0.0,0.0,1.0,2,0,,0,0,8,0,0,0,6,0,,,0.0,,,,0.0,,0.4003,0.4204,-0.0201,0.4002,0.3862,0.014,0.0,0.0,0.2812,0.0,0.0,0.0,0.0,0.0,0.0,0.0,0.45,0.0,0.0,0.0,0.0
1685,8,WOLF,False,2,4,P1,VILLAGER,False,False,0,0,14,0,14,0.0,0.0,1.0,2,0,,0,0,8,0,0,0,6,0,,,0.0,,,,0.0,,0.4003,0.4204,-0.0201,0.4002,0.3862,0.014,0.0,0.0,0.2812,0.0,0.0,0.0,0.0,0.0,0.0,0.0,0.45,0.0,0.0,0.0,0.0
1686,8,WOLF,False,2,4,P1,VILLAGER,False,False,0,1,14,0,14,0.0,0.0,1.0,2,0,,0,0,8,0,0,0,6,0,,,0.0,,,,0.0,,0.417,0.4104,0.0066,0.3885,0.3932,-0.0047,0.0,0.0,0.2812,0.0,0.0,0.0,0.0,0.0,0.0,0.2083,0.325,0.0,0.0,0.0,0.0
1687,8,WOLF,False,2,4,P1,VILLAGER,False,False,0,0,14,0,14,0.0,0.0,1.0,2,0,,0,0,8,0,0,0,6,0,,,0.0,,,,0.0,,0.4003,0.4204,-0.0201,0.4002,0.3862,0.014,0.0,0.0,0.2812,0.0,0.0,0.0,0.0,0.0,0.0,0.0,0.45,0.0,0.0,0.0,0.0
1688,8,WOLF,False,2,4,P1,SEER,False,False,0,0,14,0,14,0.0,0.0,1.0,2,0,,0,0,8,0,0,0,6,0,,,0.0,,,,0.0,,0.4003,0.4204,-0.0201,0.4002,0.3862,0.014,0.0,0.0,0.2812,0.0,0.0,0.0,0.0,0.0,0.0,0.0,0.45,0.0,0.0,0.0,0.0
1689,8,WOLF,False,2,4,P1,SEER,False,False,0,1,14,0,14,0.0,0.0,1.0,2,0,,0,0,8,0,0,0,6,0,,,0.0,,,,0.0,,0.4005,0.4203,-0.0198,0.4003,0.3862,0.0141,0.0,0.0,0.2812,0.0,0.0,0.0,0.0,0.0,0.0,0.3333,0.25,0.0,0.0,0.0,0.0
1690,8,WOLF,False,2,4,P1,VILLAGER,False,False,0,1,14,0,14,0.0,0.0,1.0,2,0,,0,0,8,0,0,0,6,0,,,0.0,,,,0.0,,0.4003,0.4204,-0.0201,0.4002,0.3862,0.014,0.0,0.0,0.2812,0.0,0.0,0.0,0.0,0.0,0.0,0.0,0.45,0.0,0.0,0.0,0.0
1691,8,WOLF,False,2,4,P1,VILLAGER,False,False,0,1,14,0,14,0.0,0.0,1.0,2,0,,0,0,8,0,0,0,6,0,,,0.0,,,,0.0,,0.4005,0.4203,-0.0198,0.4003,0.3862,0.0141,0.0,0.0,0.2812,0.0,0.0,0.0,0.0,0.0,0.0,0.3333,0.25,0.0,0.0,0.0,0.0
1692,8,WOLF,False,2,4,P1,VILLAGER,False,False,0,1,14,0,14,0.0,0.0,1.0,2,0,,0,0,8,0,0,0,6,0,,,0.0,,,,0.0,,0.4003,0.4204,-0.0201,0.4002,0.3862,0.014,0.0,0.0,0.2812,0.0,0.0,0.0,0.0,0.0,0.0,0.0,0.45,0.0,0.0,0.0,0.0
1693,8,WOLF,False,2,4,P1,VILLAGER,False,False,0,1,14,0,14,0.0,0.0,1.0,2,0,,0,0,8,0,0,0,6,0,,,0.0,,,,0.0,,0.4003,0.4204,-0.0201,0.4002,0.3862,0.014,0.0,0.0,0.2812,0.0,0.0,0.0,0.0,0.0,0.0,0.0,0.45,0.0,0.0,0.0,0.0
1694,8,WOLF,False,2,4,P1,SEER,False,False,0,1,14,0,14,0.0,0.0,1.0,2,0,,0,0,8,0,0,0,6,0,,,0.0,,,,0.0,,0.417,0.4104,0.0066,0.3885,0.3932,-0.0047,0.0,0.0,0.2812,0.0,0.0,0.0,0.0,0.0,0.0,0.2083,0.325,0.0,0.0,0.0,0.0
1695,8,WOLF,False,2,4,P1,VILLAGER,False,False,0,0,14,0,14,0.0,0.0,1.0,2,0,,0,0,8,0,0,0,6,0,,,0.0,,,,0.0,,0.4003,0.4204,-0.0201,0.4002,0.3862,0.014,0.0,0.0,0.2812,0.0,0.0,0.0,0.0,0.0,0.0,0.0,0.45,0.0,0.0,0.0,0.0
1696,8,WOLF,False,2,4,P1,VILLAGER,False,False,0,1,14,0,14,0.0,0.0,1.0,2,0,,0,0,8,0,0,0,6,0,,,0.0,,,,0.0,,0.4003,0.4204,-0.0201,0.4002,0.3862,0.014,0.0,0.0,0.2812,0.0,0.0,0.0,0.0,0.0,0.0,0.0,0.45,0.0,0.0,0.0,0.0
1697,8,WOLF,False,2,4,P1,VILLAGER,False,False,0,1,14,0,14,0.0,0.0,1.0,2,0,,0,0,8,0,0,0,6,0,,,0.0,,,,0.0,,0.4005,0.4203,-0.0198,0.4003,0.3862,0.0141,0.0,0.0,0.2812,0.0,0.0,0.0,0.0,0.0,0.0,0.3333,0.25,0.0,0.0,0.0,0.0
1698,8,WOLF,False,2,4,P1,VILLAGER,False,False,0,1,14,0,14,0.0,0.0,1.0,2,0,,0,0,8,0,0,0,6,0,,,0.0,,,,0.0,,0.417,0.4104,0.0066,0.3885,0.3932,-0.0047,0.0,0.0,0.2812,0.0,0.0,0.0,0.0,0.0,0.0,0.2083,0.325,0.0,0.0,0.0,0.0
1699,8,WOLF,False,2,4,P1,SEER,False,False,0,0,14,0,14,0.0,0.0,1.0,2,0,,0,0,8,0,0,0,6,0,,,0.0,,,,0.0,,0.4003,0.4204,-0.0201,0.4002,0.3862,0.014,0.0,0.0,0.2812,0.0,0.0,0.0,0.0,0.0,0.0,0.0,0.45,0.0,0.0,0.0,0.0
1700,8,WOLF,False,2,4,P1,VILLAGER,False,False,0,1,14,0,14,0.0,0.0,1.0,2,0,,0,0,8,0,0,0,6,0,,,0.0,,,,0.0,,0.4003,0.4204,-0.0201,0.4002,0.3862,0.014,0.0,0.0,0.2812,0.0,0.0,0.0,0.0,0.0,0.0,0.0,0.45,0.0,0.0,0.0,0.0
1701,8,WOLF,False,2,4,P1,VILLAGER,False,False,0,1,14,0,14,0.0,0.0,1.0,2,0,,0,0,8,0,0,0,6,0,,,0.0,,,,0.0,,0.4005,0.4203,-0.0198,0.4003,0.3862,0.0141,0.0,0.0,0.2812,0.0,0.0,0.0,0.0,0.0,0.0,0.3333,0.25,0.0,0.0,0.0,0.0
1702,8,WOLF,False,2,4,P1,VILLAGER,False,False,0,1,14,0,14,0.0,0.0,1.0,2,0,,0,0,8,0,0,0,6,0,,,0.0,,,,0.0,,0.417,0.4104,0.0066,0.3885,0.3932,-0.0047,0.0,0.0,0.2812,0.0,0.0,0.0,0.0,0.0,0.0,0.2083,0.325,0.0,0.0,0.0,0.0
1703,8,WOLF,False,2,4,P1,POSSESSED,False,True,0,1,14,0,14,0.0,0.0,1.0,2,0,,0,0,8,0,0,0,6,0,,,0.0,,,,0.0,,0.417,0.4104,0.0066,0.3885,0.3932,-0.0047,0.0,0.0,0.2812,0.0,0.0,0.0,0.0,0.0,0.0,0.2083,0.325,0.0,0.0,0.0,0.0
1704,8,WOLF,False,2,4,P1,VILLAGER,False,False,0,1,14,0,14,0.0,0.0,1.0,2,0,,0,0,8,0,0,0,6,0,,,0.0,,,,0.0,,0.417,0.4104,0.0066,0.3885,0.3932,-0.0047,0.0,0.0,0.2812,0.0,0.0,0.0,0.0,0.0,0.0,0.2083,0.325,0.0,0.0,0.0,0.0
1705,8,WOLF,False,2,4,P1,POSSESSED,False,True,0,1,14,0,14,0.0,0.0,1.0,2,0,,0,0,8,0,0,0,6,0,,,0.0,,,,0.0,,0.417,0.4104,0.0066,0.3885,0.3932,-0.0047,0.0,0.0,0.2812,0.0,0.0,0.0,0.0,0.0,0.0,0.2083,0.325,0.0,0.0,0.0,0.0
1706,8,WOLF,False,2,4,P1,VILLAGER,False,False,0,0,14,0,14,0.0,0.0,1.0,2,0,,0,0,8,0,0,0,6,0,,,0.0,,,,0.0,,0.4003,0.4204,-0.0201,0.4002,0.3862,0.014,0.0,0.0,0.2812,0.0,0.0,0.0,0.0,0.0,0.0,0.0,0.45,0.0,0.0,0.0,0.0
1707,8,WOLF,False,2,4,P1,SEER,False,False,0,1,14,0,14,0.0,0.0,1.0,2,0,,0,0,8,0,0,0,6,0,,,0.0,,,,0.0,,0.4005,0.4203,-0.0198,0.4003,0.3862,0.0141,0.0,0.0,0.2812,0.0,0.0,0.0,0.0,0.0,0.0,0.3333,0.25,0.0,0.0,0.0,0.0
1708,8,WOLF,False,2,4,P1,SEER,False,False,0,1,14,0,14,0.0,0.0,1.0,2,0,,0,0,8,0,0,0,6,0,,,0.0,,,,0.0,,0.417,0.4104,0.0066,0.3885,0.3932,-0.0047,0.0,0.0,0.2812,0.0,0.0,0.0,0.0,0.0,0.0,0.2083,0.325,0.0,0.0,0.0,0.0
1709,8,WOLF,False,2,4,P1,VILLAGER,False,False,0,1,14,0,14,0.0,0.0,1.0,2,0,,0,0,8,0,0,0,6,0,,,0.0,,,,0.0,,0.417,0.4104,0.0066,0.3885,0.3932,-0.0047,0.0,0.0,0.2812,0.0,0.0,0.0,0.0,0.0,0.0,0.2083,0.325,0.0,0.0,0.0,0.0
1710,8,WOLF,False,2,4,P1,SEER,False,False,0,0,14,0,14,0.0,0.0,1.0,2,0,,0,0,8,0,0,0,6,0,,,0.0,,,,0.0,,0.4003,0.4204,-0.0201,0.4002,0.3863,0.0139,0.0,0.0,0.2812,0.0,0.0,0.0,0.0,0.0,0.0,0.0,0.45,0.0,0.0,0.0,0.0
1711,8,WOLF,False,2,4,P1,VILLAGER,False,False,0,1,14,0,14,0.0,0.0,1.0,2,0,,0,0,8,0,0,0,6,0,,,0.0,,,,0.0,,0.4003,0.4204,-0.0201,0.4002,0.3863,0.0139,0.0,0.0,0.2812,0.0,0.0,0.0,0.0,0.0,0.0,0.0,0.45,0.0,0.0,0.0,0.0
1712,8,WOLF,False,2,4,P1,POSSESSED,False,True,0,1,14,0,14,0.0,0.0,1.0,2,0,,0,0,8,0,0,0,6,0,,,0.0,,,,0.0,,0.417,0.4104,0.0066,0.3886,0.3933,-0.0047,0.0,0.0,0.2812,0.0,0.0,0.0,0.0,0.0,0.0,0.2083,0.325,0.0,0.0,0.0,0.0
1713,8,WOLF,False,2,4,P1,VILLAGER,False,False,0,1,14,0,14,0.0,0.0,1.0,2,0,,0,0,8,0,0,0,6,0,,,0.0,,,,0.0,,0.417,0.4104,0.0066,0.3886,0.3933,-0.0047,0.0,0.0,0.2812,0.0,0.0,0.0,0.0,0.0,0.0,0.2083,0.325,0.0,0.0,0.0,0.0
1714,8,WOLF,False,2,4,P1,SEER,False,False,0,1,14,0,14,0.0,0.0,1.0,2,0,,0,0,8,0,0,0,6,0,,,0.0,,,,0.0,,0.4003,0.4204,-0.0201,0.4002,0.3863,0.0139,0.0,0.0,0.2812,0.0,0.0,0.0,0.0,0.0,0.0,0.0,0.45,0.0,0.0,0.0,0.0
1715,8,WOLF,False,2,4,P1,VILLAGER,False,False,0,0,14,0,14,0.0,0.0,1.0,2,0,,0,0,8,0,0,0,6,0,,,0.0,,,,0.0,,0.4003,0.4204,-0.0201,0.4002,0.3863,0.0139,0.0,0.0,0.2812,0.0,0.0,0.0,0.0,0.0,0.0,0.0,0.45,0.0,0.0,0.0,0.0
1716,8,WOLF,False,2,4,P1,VILLAGER,False,False,0,1,14,0,14,0.0,0.0,1.0,2,0,,0,0,8,0,0,0,6,0,,,0.0,,,,0.0,,0.417,0.4104,0.0066,0.3886,0.3933,-0.0047,0.0,0.0,0.2812,0.0,0.0,0.0,0.0,0.0,0.0,0.2083,0.325,0.0,0.0,0.0,0.0
1717,8,WOLF,False,2,4,P1,VILLAGER,False,False,0,1,14,0,14,0.0,0.0,1.0,2,0,,0,0,8,0,0,0,6,0,,,0.0,,,,0.0,,0.4005,0.4203,-0.0198,0.4003,0.3862,0.0141,0.0,0.0,0.2812,0.0,0.0,0.0,0.0,0.0,0.0,0.3333,0.25,0.0,0.0,0.0,0.0
1718,8,WOLF,False,2,4,P1,POSSESSED,False,True,0,1,14,0,14,0.0,0.0,1.0,2,0,,0,0,8,0,0,0,6,0,,,0.0,,,,0.0,,0.417,0.4104,0.0066,0.3886,0.3933,-0.0047,0.0,0.0,0.2812,0.0,0.0,0.0,0.0,0.0,0.0,0.2083,0.325,0.0,0.0,0.0,0.0
1719,8,WOLF,False,2,4,P1,VILLAGER,False,False,0,0,14,0,14,0.0,0.0,1.0,2,0,,0,0,8,0,0,0,6,0,,,0.0,,,,0.0,,0.4003,0.4204,-0.0201,0.4002,0.3863,0.0139,0.0,0.0,0.2812,0.0,0.0,0.0,0.0,0.0,0.0,0.0,0.45,0.0,0.0,0.0,0.0
1720,8,WOLF,False,2,4,P1,VILLAGER,False,False,0,1,14,0,14,0.0,0.0,1.0,2,0,,0,0,8,0,0,0,6,0,,,0.0,,,,0.0,,0.4003,0.4204,-0.0201,0.4002,0.3863,0.0139,0.0,0.0,0.2812,0.0,0.0,0.0,0.0,0.0,0.0,0.0,0.45,0.0,0.0,0.0,0.0
1721,8,WOLF,False,2,4,P1,SEER,False,False,0,1,14,0,14,0.0,0.0,1.0,2,0,,0,0,8,0,0,0,6,0,,,0.0,,,,0.0,,0.4005,0.4203,-0.0198,0.4003,0.3862,0.0141,0.0,0.0,0.2812,0.0,0.0,0.0,0.0,0.0,0.0,0.3333,0.25,0.0,0.0,0.0,0.0
1722,8,WOLF,False,2,4,P1,VILLAGER,False,False,0,1,14,0,14,0.0,0.0,1.0,2,0,,0,0,8,0,0,0,6,0,,,0.0,,,,0.0,,0.417,0.4104,0.0066,0.3886,0.3933,-0.0047,0.0,0.0,0.2812,0.0,0.0,0.0,0.0,0.0,0.0,0.2083,0.325,0.0,0.0,0.0,0.0
1723,8,WOLF,False,2,4,P1,VILLAGER,False,False,0,1,14,0,14,0.0,0.0,1.0,2,0,,0,0,8,0,0,0,6,0,,,0.0,,,,0.0,,0.4005,0.4203,-0.0198,0.4003,0.3862,0.0141,0.0,0.0,0.2812,0.0,0.0,0.0,0.0,0.0,0.0,0.3333,0.25,0.0,0.0,0.0,0.0
1724,8,WOLF,False,2,4,P1,VILLAGER,False,False,0,0,14,0,14,0.0,0.0,1.0,2,0,,0,0,8,0,0,0,6,0,,,0.0,,,,0.0,,0.4003,0.4204,-0.0201,0.4002,0.3863,0.0139,0.0,0.0,0.2812,0.0,0.0,0.0,0.0,0.0,0.0,0.0,0.45,0.0,0.0,0.0,0.0
1725,8,WOLF,False,2,4,P1,VILLAGER,False,False,0,1,14,0,14,0.0,0.0,1.0,2,0,,0,0,8,0,0,0,6,0,,,0.0,,,,0.0,,0.4005,0.4203,-0.0198,0.4003,0.3863,0.014,0.0,0.0,0.2812,0.0,0.0,0.0,0.0,0.0,0.0,0.3333,0.25,0.0,0.0,0.0,0.0
1726,8,WOLF,False,2,4,P1,VILLAGER,False,False,0,1,14,0,14,0.0,0.0,1.0,2,0,,0,0,8,0,0,0,6,0,,,0.0,,,,0.0,,0.4005,0.4203,-0.0198,0.4003,0.3863,0.014,0.0,0.0,0.2812,0.0,0.0,0.0,0.0,0.0,0.0,0.3333,0.25,0.0,0.0,0.0,0.0
1727,8,WOLF,False,2,4,P1,POSSESSED,False,True,0,1,14,0,14,0.0,0.0,1.0,2,0,,0,0,8,0,0,0,6,0,,,0.0,,,,0.0,,0.417,0.4104,0.0066,0.3886,0.3933,-0.0047,0.0,0.0,0.2812,0.0,0.0,0.0,0.0,0.0,0.0,0.2083,0.325,0.0,0.0,0.0,0.0
1728,8,WOLF,False,2,4,P1,VILLAGER,False,False,0,0,14,0,14,0.0,0.0,1.0,2,0,,0,0,8,0,0,0,6,0,,,0.0,,,,0.0,,0.4003,0.4204,-0.0201,0.4002,0.3863,0.0139,0.0,0.0,0.2812,0.0,0.0,0.0,0.0,0.0,0.0,0.0,0.45,0.0,0.0,0.0,0.0
1729,8,WOLF,False,2,4,P1,VILLAGER,False,False,0,1,14,0,14,0.0,0.0,1.0,2,0,,0,0,8,0,0,0,6,0,,,0.0,,,,0.0,,0.417,0.4104,0.0066,0.3886,0.3933,-0.0047,0.0,0.0,0.2812,0.0,0.0,0.0,0.0,0.0,0.0,0.2083,0.325,0.0,0.0,0.0,0.0
1730,8,WOLF,False,2,4,P1,VILLAGER,False,False,0,1,14,0,14,0.0,0.0,1.0,2,0,,0,0,8,0,0,0,6,0,,,0.0,,,,0.0,,0.4003,0.4204,-0.0201,0.4002,0.3863,0.0139,0.0,0.0,0.2812,0.0,0.0,0.0,0.0,0.0,0.0,0.0,0.45,0.0,0.0,0.0,0.0
1731,8,WOLF,False,2,4,P1,VILLAGER,False,False,0,0,14,0,14,0.0,0.0,1.0,2,0,,0,0,8,0,0,0,6,0,,,0.0,,,,0.0,,0.4003,0.4204,-0.0201,0.4002,0.3863,0.0139,0.0,0.0,0.2812,0.0,0.0,0.0,0.0,0.0,0.0,0.0,0.45,0.0,0.0,0.0,0.0
1732,8,WOLF,False,2,4,P1,VILLAGER,False,False,0,0,14,0,14,0.0,0.0,1.0,2,0,,0,0,8,0,0,0,6,0,,,0.0,,,,0.0,,0.4003,0.4204,-0.0201,0.4002,0.3863,0.0139,0.0,0.0,0.2812,0.0,0.0,0.0,0.0,0.0,0.0,0.0,0.45,0.0,0.0,0.0,0.0
1733,8,WOLF,False,2,4,P1,POSSESSED,False,True,0,1,14,0,14,0.0,0.0,1.0,2,0,,0,0,8,0,0,0,6,0,,,0.0,,,,0.0,,0.417,0.4104,0.0066,0.3886,0.3933,-0.0047,0.0,0.0,0.2812,0.0,0.0,0.0,0.0,0.0,0.0,0.2083,0.325,0.0,0.0,0.0,0.0
1734,8,WOLF,False,2,4,P1,VILLAGER,False,False,0,0,14,0,14,0.0,0.0,1.0,2,0,,0,0,8,0,0,0,6,0,,,0.0,,,,0.0,,0.4003,0.4204,-0.0201,0.4002,0.3863,0.0139,0.0,0.0,0.2812,0.0,0.0,0.0,0.0,0.0,0.0,0.0,0.45,0.0,0.0,0.0,0.0
1735,8,WOLF,False,2,4,P1,SEER,False,False,0,1,14,0,14,0.0,0.0,1.0,2,0,,0,0,8,0,0,0,6,0,,,0.0,,,,0.0,,0.417,0.4104,0.0066,0.3886,0.3933,-0.0047,0.0,0.0,0.2812,0.0,0.0,0.0,0.0,0.0,0.0,0.2083,0.325,0.0,0.0,0.0,0.0
1736,8,WOLF,False,2,4,P1,POSSESSED,False,True,0,1,14,0,14,0.0,0.0,1.0,2,0,,0,0,8,0,0,0,6,0,,,0.0,,,,0.0,,0.417,0.4104,0.0066,0.3886,0.3933,-0.0047,0.0,0.0,0.2812,0.0,0.0,0.0,0.0,0.0,0.0,0.2083,0.325,0.0,0.0,0.0,0.0
1737,8,WOLF,False,2,4,P1,SEER,False,False,0,1,14,0,14,0.0,0.0,1.0,2,0,,0,0,8,0,0,0,6,0,,,0.0,,,,0.0,,0.4005,0.4203,-0.0198,0.4003,0.3863,0.014,0.0,0.0,0.2812,0.0,0.0,0.0,0.0,0.0,0.0,0.3333,0.25,0.0,0.0,0.0,0.0
1738,8,WOLF,False,2,4,P1,SEER,False,False,0,0,14,0,14,0.0,0.0,1.0,2,0,,0,0,8,0,0,0,6,0,,,0.0,,,,0.0,,0.4003,0.4204,-0.0201,0.4002,0.3863,0.0139,0.0,0.0,0.2812,0.0,0.0,0.0,0.0,0.0,0.0,0.0,0.45,0.0,0.0,0.0,0.0
1739,8,WOLF,False,2,4,P1,VILLAGER,False,False,0,1,14,0,14,0.0,0.0,1.0,2,0,,0,0,8,0,0,0,6,0,,,0.0,,,,0.0,,0.417,0.4104,0.0066,0.3886,0.3933,-0.0047,0.0,0.0,0.2812,0.0,0.0,0.0,0.0,0.0,0.0,0.2083,0.325,0.0,0.0,0.0,0.0
1740,8,WOLF,False,2,4,P1,VILLAGER,False,False,0,0,14,0,14,0.0,0.0,1.0,2,0,,0,0,8,0,0,0,6,0,,,0.0,,,,0.0,,0.4003,0.4204,-0.0201,0.4002,0.3864,0.0138,0.0,0.0,0.2812,0.0,0.0,0.0,0.0,0.0,0.0,0.0,0.45,0.0,0.0,0.0,0.0
1741,8,WOLF,False,2,4,P1,VILLAGER,False,False,0,0,14,0,14,0.0,0.0,1.0,2,0,,0,0,8,0,0,0,6,0,,,0.0,,,,0.0,,0.4003,0.4204,-0.0201,0.4002,0.3864,0.0138,0.0,0.0,0.2812,0.0,0.0,0.0,0.0,0.0,0.0,0.0,0.45,0.0,0.0,0.0,0.0
1742,8,WOLF,False,2,4,P1,POSSESSED,False,True,0,1,14,0,14,0.0,0.0,1.0,2,0,,0,0,8,0,0,0,6,0,,,0.0,,,,0.0,,0.417,0.4104,0.0066,0.3886,0.3933,-0.0047,0.0,0.0,0.2812,0.0,0.0,0.0,0.0,0.0,0.0,0.2083,0.325,0.0,0.0,0.0,0.0
1743,8,WOLF,False,2,4,P1,SEER,False,False,0,0,14,0,14,0.0,0.0,1.0,2,0,,0,0,8,0,0,0,6,0,,,0.0,,,,0.0,,0.4003,0.4204,-0.0201,0.4002,0.3864,0.0138,0.0,0.0,0.2812,0.0,0.0,0.0,0.0,0.0,0.0,0.0,0.45,0.0,0.0,0.0,0.0
1744,8,WOLF,False,2,4,P1,SEER,False,False,0,1,14,0,14,0.0,0.0,1.0,2,0,,0,0,8,0,0,0,6,0,,,0.0,,,,0.0,,0.4005,0.4203,-0.0198,0.4003,0.3863,0.014,0.0,0.0,0.2812,0.0,0.0,0.0,0.0,0.0,0.0,0.3333,0.25,0.0,0.0,0.0,0.0
1745,8,WOLF,False,2,4,P1,SEER,False,False,0,1,14,0,14,0.0,0.0,1.0,2,0,,0,0,8,0,0,0,6,0,,,0.0,,,,0.0,,0.4005,0.4203,-0.0198,0.4003,0.3863,0.014,0.0,0.0,0.2812,0.0,0.0,0.0,0.0,0.0,0.0,0.3333,0.25,0.0,0.0,0.0,0.0
1746,8,WOLF,False,2,4,P1,VILLAGER,False,False,0,1,14,0,14,0.0,0.0,1.0,2,0,,0,0,8,0,0,0,6,0,,,0.0,,,,0.0,,0.417,0.4104,0.0066,0.3886,0.3933,-0.0047,0.0,0.0,0.2812,0.0,0.0,0.0,0.0,0.0,0.0,0.2083,0.325,0.0,0.0,0.0,0.0
1747,8,WOLF,False,2,4,P1,VILLAGER,False,False,0,0,14,0,14,0.0,0.0,1.0,2,0,,0,0,8,0,0,0,6,0,,,0.0,,,,0.0,,0.4003,0.4204,-0.0201,0.4002,0.3864,0.0138,0.0,0.0,0.2812,0.0,0.0,0.0,0.0,0.0,0.0,0.0,0.45,0.0,0.0,0.0,0.0
1748,8,WOLF,False,2,4,P1,VILLAGER,False,False,0,1,14,0,14,0.0,0.0,1.0,2,0,,0,0,8,0,0,0,6,0,,,0.0,,,,0.0,,0.4003,0.4204,-0.0201,0.4002,0.3864,0.0138,0.0,0.0,0.2812,0.0,0.0,0.0,0.0,0.0,0.0,0.0,0.45,0.0,0.0,0.0,0.0
1749,8,WOLF,False,2,4,P1,VILLAGER,False,False,0,0,14,0,14,0.0,0.0,1.0,2,0,,0,0,8,0,0,0,6,0,,,0.0,,,,0.0,,0.4003,0.4204,-0.0201,0.4002,0.3864,0.0138,0.0,0.0,0.2812,0.0,0.0,0.0,0.0,0.0,0.0,0.0,0.45,0.0,0.0,0.0,0.0
1750,8,WOLF,False,2,4,P1,POSSESSED,False,True,0,1,14,0,14,0.0,0.0,1.0,2,0,,0,0,8,0,0,0,6,0,,,0.0,,,,0.0,,0.417,0.4104,0.0066,0.3886,0.3933,-0.0047,0.0,0.0,0.2812,0.0,0.0,0.0,0.0,0.0,0.0,0.2083,0.325,0.0,0.0,0.0,0.0
1751,8,WOLF,False,2,4,P1,SEER,False,False,0,0,14,0,14,0.0,0.0,1.0,2,0,,0,0,8,0,0,0,6,0,,,0.0,,,,0.0,,0.4003,0.4204,-0.0201,0.4002,0.3864,0.0138,0.0,0.0,0.2812,0.0,0.0,0.0,0.0,0.0,0.0,0.0,0.45,0.0,0.0,0.0,0.0
1752,8,WOLF,False,2,4,P1,VILLAGER,False,False,0,0,14,0,14,0.0,0.0,1.0,2,0,,0,0,8,0,0,0,6,0,,,0.0,,,,0.0,,0.4003,0.4204,-0.0201,0.4002,0.3864,0.0138,0.0,0.0,0.2812,0.0,0.0,0.0,0.0,0.0,0.0,0.0,0.45,0.0,0.0,0.0,0.0
1753,8,WOLF,False,2,4,P1,VILLAGER,False,False,0,1,14,0,14,0.0,0.0,1.0,2,0,,0,0,8,0,0,0,6,0,,,0.0,,,,0.0,,0.417,0.4104,0.0066,0.3887,0.3933,-0.0046,0.0,0.0,0.2812,0.0,0.0,0.0,0.0,0.0,0.0,0.2083,0.325,0.0,0.0,0.0,0.0
1754,8,WOLF,False,2,4,P1,VILLAGER,False,False,0,0,14,0,14,0.0,0.0,1.0,2,0,,0,0,8,0,0,0,6,0,,,0.0,,,,0.0,,0.4003,0.4204,-0.0201,0.4002,0.3864,0.0138,0.0,0.0,0.2812,0.0,0.0,0.0,0.0,0.0,0.0,0.0,0.45,0.0,0.0,0.0,0.0
1755,8,WOLF,False,2,4,P1,SEER,False,False,0,0,14,0,14,0.0,0.0,1.0,2,0,,0,0,8,0,0,0,6,0,,,0.0,,,,0.0,,0.4003,0.4204,-0.0201,0.4002,0.3864,0.0138,0.0,0.0,0.2812,0.0,0.0,0.0,0.0,0.0,0.0,0.0,0.45,0.0,0.0,0.0,0.0
1756,8,WOLF,False,2,4,P1,POSSESSED,False,True,0,1,14,0,14,0.0,0.0,1.0,2,0,,0,0,8,0,0,0,6,0,,,0.0,,,,0.0,,0.417,0.4104,0.0066,0.3887,0.3933,-0.0046,0.0,0.0,0.2812,0.0,0.0,0.0,0.0,0.0,0.0,0.2083,0.325,0.0,0.0,0.0,0.0
1757,8,WOLF,False,2,4,P1,SEER,False,False,0,0,14,0,14,0.0,0.0,1.0,2,0,,0,0,8,0,0,0,6,0,,,0.0,,,,0.0,,0.4003,0.4204,-0.0201,0.4002,0.3864,0.0138,0.0,0.0,0.2812,0.0,0.0,0.0,0.0,0.0,0.0,0.0,0.45,0.0,0.0,0.0,0.0
1758,8,WOLF,False,2,4,P1,VILLAGER,False,False,0,1,14,0,14,0.0,0.0,1.0,2,0,,0,0,8,0,0,0,6,0,,,0.0,,,,0.0,,0.4005,0.4203,-0.0198,0.4003,0.3864,0.0139,0.0,0.0,0.2812,0.0,0.0,0.0,0.0,0.0,0.0,0.3333,0.25,0.0,0.0,0.0,0.0
1759,8,WOLF,False,2,4,P1,VILLAGER,False,False,0,1,14,0,14,0.0,0.0,1.0,2,0,,0,0,8,0,0,0,6,0,,,0.0,,,,0.0,,0.4005,0.4203,-0.0198,0.4003,0.3864,0.0139,0.0,0.0,0.2812,0.0,0.0,0.0,0.0,0.0,0.0,0.3333,0.25,0.0,0.0,0.0,0.0
1760,8,WOLF,False,2,4,P1,POSSESSED,False,True,0,1,14,0,14,0.0,0.0,1.0,2,0,,0,0,8,0,0,0,6,0,,,0.0,,,,0.0,,0.417,0.4104,0.0066,0.3887,0.3933,-0.0046,0.0,0.0,0.2812,0.0,0.0,0.0,0.0,0.0,0.0,0.2083,0.325,0.0,0.0,0.0,0.0
1761,8,WOLF,False,2,4,P1,VILLAGER,False,False,0,0,14,0,14,0.0,0.0,1.0,2,0,,0,0,8,0,0,0,6,0,,,0.0,,,,0.0,,0.4003,0.4204,-0.0201,0.4002,0.3864,0.0138,0.0,0.0,0.2812,0.0,0.0,0.0,0.0,0.0,0.0,0.0,0.45,0.0,0.0,0.0,0.0
1762,8,WOLF,False,2,4,P1,POSSESSED,False,True,0,1,14,0,14,0.0,0.0,1.0,2,0,,0,0,8,0,0,0,6,0,,,0.0,,,,0.0,,0.417,0.4104,0.0066,0.3887,0.3933,-0.0046,0.0,0.0,0.2812,0.0,0.0,0.0,0.0,0.0,0.0,0.2083,0.325,0.0,0.0,0.0,0.0
1763,8,WOLF,False,2,4,P1,VILLAGER,False,False,0,1,14,0,14,0.0,0.0,1.0,2,0,,0,0,8,0,0,0,6,0,,,0.0,,,,0.0,,0.417,0.4104,0.0066,0.3887,0.3933,-0.0046,0.0,0.0,0.2812,0.0,0.0,0.0,0.0,0.0,0.0,0.2083,0.325,0.0,0.0,0.0,0.0
1764,8,WOLF,False,2,4,P1,VILLAGER,False,False,0,1,14,0,14,0.0,0.0,1.0,2,0,,0,0,8,0,0,0,6,0,,,0.0,,,,0.0,,0.4003,0.4204,-0.0201,0.4002,0.3864,0.0138,0.0,0.0,0.2812,0.0,0.0,0.0,0.0,0.0,0.0,0.0,0.45,0.0,0.0,0.0,0.0
1765,8,WOLF,False,2,4,P1,SEER,False,False,0,0,14,0,14,0.0,0.0,1.0,2,0,,0,0,8,0,0,0,6,0,,,0.0,,,,0.0,,0.4003,0.4204,-0.0201,0.4002,0.3864,0.0138,0.0,0.0,0.2812,0.0,0.0,0.0,0.0,0.0,0.0,0.0,0.45,0.0,0.0,0.0,0.0
1766,8,WOLF,False,2,4,P1,VILLAGER,False,False,0,1,14,0,14,0.0,0.0,1.0,2,0,,0,0,8,0,0,0,6,0,,,0.0,,,,0.0,,0.417,0.4104,0.0066,0.3887,0.3933,-0.0046,0.0,0.0,0.2812,0.0,0.0,0.0,0.0,0.0,0.0,0.2083,0.325,0.0,0.0,0.0,0.0
1767,8,WOLF,False,2,4,P1,VILLAGER,False,False,0,1,14,0,14,0.0,0.0,1.0,2,0,,0,0,8,0,0,0,6,0,,,0.0,,,,0.0,,0.417,0.4104,0.0066,0.3887,0.3933,-0.0046,0.0,0.0,0.2812,0.0,0.0,0.0,0.0,0.0,0.0,0.2083,0.325,0.0,0.0,0.0,0.0
1768,8,WOLF,False,2,4,P1,POSSESSED,False,True,0,1,14,0,14,0.0,0.0,1.0,2,0,,0,0,8,0,0,0,6,0,,,0.0,,,,0.0,,0.417,0.4104,0.0066,0.3887,0.3933,-0.0046,0.0,0.0,0.2812,0.0,0.0,0.0,0.0,0.0,0.0,0.2083,0.325,0.0,0.0,0.0,0.0
1769,8,WOLF,False,2,4,P1,POSSESSED,False,True,0,1,14,0,14,0.0,0.0,1.0,2,0,,0,0,8,0,0,0,6,0,,,0.0,,,,0.0,,0.417,0.4104,0.0066,0.3887,0.3933,-0.0046,0.0,0.0,0.2812,0.0,0.0,0.0,0.0,0.0,0.0,0.2083,0.325,0.0,0.0,0.0,0.0
1770,8,WOLF,False,2,4,P1,POSSESSED,False,True,0,1,14,0,14,0.0,0.0,1.0,2,0,,0,0,8,0,0,0,6,0,,,0.0,,,,0.0,,0.417,0.4104,0.0066,0.3887,0.3933,-0.0046,0.0,0.0,0.2812,0.0,0.0,0.0,0.0,0.0,0.0,0.2083,0.325,0.0,0.0,0.0,0.0
1771,8,WOLF,False,2,4,P1,SEER,False,False,0,1,14,0,14,0.0,0.0,1.0,2,0,,0,0,8,0,0,0,6,0,,,0.0,,,,0.0,,0.4005,0.4203,-0.0198,0.4003,0.3864,0.0139,0.0,0.0,0.2812,0.0,0.0,0.0,0.0,0.0,0.0,0.3333,0.25,0.0,0.0,0.0,0.0
1772,8,WOLF,False,2,4,P1,VILLAGER,False,False,0,1,14,0,14,0.0,0.0,1.0,2,0,,0,0,8,0,0,0,6,0,,,0.0,,,,0.0,,0.4005,0.4203,-0.0198,0.4003,0.3864,0.0139,0.0,0.0,0.2812,0.0,0.0,0.0,0.0,0.0,0.0,0.3333,0.25,0.0,0.0,0.0,0.0
1773,8,WOLF,False,2,4,P1,POSSESSED,False,True,0,1,14,0,14,0.0,0.0,1.0,2,0,,0,0,8,0,0,0,6,0,,,0.0,,,,0.0,,0.417,0.4104,0.0066,0.3887,0.3933,-0.0046,0.0,0.0,0.2812,0.0,0.0,0.0,0.0,0.0,0.0,0.2083,0.325,0.0,0.0,0.0,0.0
1774,8,WOLF,False,2,4,P1,VILLAGER,False,False,0,0,14,0,14,0.0,0.0,1.0,2,0,,0,0,8,0,0,0,6,0,,,0.0,,,,0.0,,0.4003,0.4204,-0.0201,0.4002,0.3864,0.0138,0.0,0.0,0.2812,0.0,0.0,0.0,0.0,0.0,0.0,0.0,0.45,0.0,0.0,0.0,0.0
1775,8,WOLF,False,2,4,P1,VILLAGER,False,False,0,1,14,0,14,0.0,0.0,1.0,2,0,,0,0,8,0,0,0,6,0,,,0.0,,,,0.0,,0.4003,0.4204,-0.0201,0.4002,0.3864,0.0138,0.0,0.0,0.2812,0.0,0.0,0.0,0.0,0.0,0.0,0.0,0.45,0.0,0.0,0.0,0.0
1776,8,WOLF,False,2,4,P1,VILLAGER,False,False,0,0,14,0,14,0.0,0.0,1.0,2,0,,0,0,8,0,0,0,6,0,,,0.0,,,,0.0,,0.4003,0.4204,-0.0201,0.4002,0.3864,0.0138,0.0,0.0,0.2812,0.0,0.0,0.0,0.0,0.0,0.0,0.0,0.45,0.0,0.0,0.0,0.0
1777,8,WOLF,False,2,4,P1,VILLAGER,False,False,0,1,14,0,14,0.0,0.0,1.0,2,0,,0,0,8,0,0,0,6,0,,,0.0,,,,0.0,,0.4003,0.4204,-0.0201,0.4002,0.3864,0.0138,0.0,0.0,0.2812,0.0,0.0,0.0,0.0,0.0,0.0,0.0,0.45,0.0,0.0,0.0,0.0
1778,8,WOLF,False,2,4,P1,SEER,False,False,0,1,14,0,14,0.0,0.0,1.0,2,0,,0,0,8,0,0,0,6,0,,,0.0,,,,0.0,,0.4003,0.4204,-0.0201,0.4002,0.3864,0.0138,0.0,0.0,0.2812,0.0,0.0,0.0,0.0,0.0,0.0,0.0,0.45,0.0,0.0,0.0,0.0
1779,8,WOLF,False,2,4,P1,VILLAGER,False,False,0,1,14,0,14,0.0,0.0,1.0,2,0,,0,0,8,0,0,0,6,0,,,0.0,,,,0.0,,0.4005,0.4203,-0.0198,0.4003,0.3864,0.0139,0.0,0.0,0.2812,0.0,0.0,0.0,0.0,0.0,0.0,0.3333,0.25,0.0,0.0,0.0,0.0
1780,8,WOLF,False,2,4,P1,POSSESSED,False,True,0,1,14,0,14,0.0,0.0,1.0,2,0,,0,0,8,0,0,0,6,0,,,0.0,,,,0.0,,0.417,0.4104,0.0066,0.3887,0.3933,-0.0046,0.0,0.0,0.2812,0.0,0.0,0.0,0.0,0.0,0.0,0.2083,0.325,0.0,0.0,0.0,0.0
1781,8,WOLF,False,2,4,P1,VILLAGER,False,False,0,1,14,0,14,0.0,0.0,1.0,2,0,,0,0,8,0,0,0,6,0,,,0.0,,,,0.0,,0.4003,0.4204,-0.0201,0.4002,0.3865,0.0137,0.0,0.0,0.2812,0.0,0.0,0.0,0.0,0.0,0.0,0.0,0.45,0.0,0.0,0.0,0.0
1782,8,WOLF,False,2,4,P1,VILLAGER,False,False,0,0,14,0,14,0.0,0.0,1.0,2,0,,0,0,8,0,0,0,6,0,,,0.0,,,,0.0,,0.4003,0.4204,-0.0201,0.4002,0.3865,0.0137,0.0,0.0,0.2812,0.0,0.0,0.0,0.0,0.0,0.0,0.0,0.45,0.0,0.0,0.0,0.0
1783,8,WOLF,False,2,4,P1,VILLAGER,False,False,0,0,14,0,14,0.0,0.0,1.0,2,0,,0,0,8,0,0,0,6,0,,,0.0,,,,0.0,,0.4003,0.4204,-0.0201,0.4002,0.3865,0.0137,0.0,0.0,0.2812,0.0,0.0,0.0,0.0,0.0,0.0,0.0,0.45,0.0,0.0,0.0,0.0
1784,8,WOLF,False,2,4,P1,VILLAGER,False,False,0,1,14,0,14,0.0,0.0,1.0,2,0,,0,0,8,0,0,0,6,0,,,0.0,,,,0.0,,0.4005,0.4203,-0.0198,0.4003,0.3864,0.0139,0.0,0.0,0.2812,0.0,0.0,0.0,0.0,0.0,0.0,0.3333,0.25,0.0,0.0,0.0,0.0
1785,8,WOLF,False,2,4,P1,VILLAGER,False,False,0,1,14,0,14,0.0,0.0,1.0,2,0,,0,0,8,0,0,0,6,0,,,0.0,,,,0.0,,0.4003,0.4204,-0.0201,0.4002,0.3865,0.0137,0.0,0.0,0.2812,0.0,0.0,0.0,0.0,0.0,0.0,0.0,0.45,0.0,0.0,0.0,0.0
1786,8,WOLF,False,2,4,P1,VILLAGER,False,False,0,0,14,0,14,0.0,0.0,1.0,2,0,,0,0,8,0,0,0,6,0,,,0.0,,,,0.0,,0.4003,0.4204,-0.0201,0.4002,0.3865,0.0137,0.0,0.0,0.2812,0.0,0.0,0.0,0.0,0.0,0.0,0.0,0.45,0.0,0.0,0.0,0.0
1787,8,WOLF,False,2,4,P1,VILLAGER,False,False,0,0,14,0,14,0.0,0.0,1.0,2,0,,0,0,8,0,0,0,6,0,,,0.0,,,,0.0,,0.4003,0.4204,-0.0201,0.4002,0.3865,0.0137,0.0,0.0,0.2812,0.0,0.0,0.0,0.0,0.0,0.0,0.0,0.45,0.0,0.0,0.0,0.0
1788,8,WOLF,False,2,4,P1,VILLAGER,False,False,0,1,14,0,14,0.0,0.0,1.0,2,0,,0,0,8,0,0,0,6,0,,,0.0,,,,0.0,,0.417,0.4104,0.0066,0.3887,0.3934,-0.0047,0.0,0.0,0.2812,0.0,0.0,0.0,0.0,0.0,0.0,0.2083,0.325,0.0,0.0,0.0,0.0
1789,8,WOLF,False,2,4,P1,VILLAGER,False,False,0,1,14,0,14,0.0,0.0,1.0,2,0,,0,0,8,0,0,0,6,0,,,0.0,,,,0.0,,0.417,0.4104,0.0066,0.3887,0.3934,-0.0047,0.0,0.0,0.2812,0.0,0.0,0.0,0.0,0.0,0.0,0.2083,0.325,0.0,0.0,0.0,0.0
1790,8,WOLF,False,2,4,P1,SEER,False,False,0,0,14,0,14,0.0,0.0,1.0,2,0,,0,0,8,0,0,0,6,0,,,0.0,,,,0.0,,0.4003,0.4204,-0.0201,0.4002,0.3865,0.0137,0.0,0.0,0.2812,0.0,0.0,0.0,0.0,0.0,0.0,0.0,0.45,0.0,0.0,0.0,0.0
1791,8,WOLF,False,2,4,P1,VILLAGER,False,False,0,1,14,0,14,0.0,0.0,1.0,2,0,,0,0,8,0,0,0,6,0,,,0.0,,,,0.0,,0.4003,0.4204,-0.0201,0.4002,0.3865,0.0137,0.0,0.0,0.2812,0.0,0.0,0.0,0.0,0.0,0.0,0.0,0.45,0.0,0.0,0.0,0.0
1792,8,WOLF,False,2,4,P1,SEER,False,False,0,0,14,0,14,0.0,0.0,1.0,2,0,,0,0,8,0,0,0,6,0,,,0.0,,,,0.0,,0.4003,0.4204,-0.0201,0.4002,0.3865,0.0137,0.0,0.0,0.2812,0.0,0.0,0.0,0.0,0.0,0.0,0.0,0.45,0.0,0.0,0.0,0.0
1793,8,WOLF,False,2,4,P1,VILLAGER,False,False,0,1,14,0,14,0.0,0.0,1.0,2,0,,0,0,8,0,0,0,6,0,,,0.0,,,,0.0,,0.4003,0.4204,-0.0201,0.4002,0.3865,0.0137,0.0,0.0,0.2812,0.0,0.0,0.0,0.0,0.0,0.0,0.0,0.45,0.0,0.0,0.0,0.0
1794,8,WOLF,False,2,4,P1,VILLAGER,False,False,0,1,14,0,14,0.0,0.0,1.0,2,0,,0,0,8,0,0,0,6,0,,,0.0,,,,0.0,,0.4003,0.4204,-0.0201,0.4002,0.3865,0.0137,0.0,0.0,0.2812,0.0,0.0,0.0,0.0,0.0,0.0,0.0,0.45,0.0,0.0,0.0,0.0
1795,8,WOLF,False,2,4,P1,VILLAGER,False,False,0,1,14,0,14,0.0,0.0,1.0,2,0,,0,0,8,0,0,0,6,0,,,0.0,,,,0.0,,0.417,0.4104,0.0066,0.3887,0.3934,-0.0047,0.0,0.0,0.2812,0.0,0.0,0.0,0.0,0.0,0.0,0.2083,0.325,0.0,0.0,0.0,0.0
1796,8,WOLF,False,2,4,P1,VILLAGER,False,False,0,1,14,0,14,0.0,0.0,1.0,2,0,,0,0,8,0,0,0,6,0,,,0.0,,,,0.0,,0.4005,0.4203,-0.0198,0.4003,0.3864,0.0139,0.0,0.0,0.2812,0.0,0.0,0.0,0.0,0.0,0.0,0.3333,0.25,0.0,0.0,0.0,0.0
1797,8,WOLF,False,2,4,P1,VILLAGER,False,False,0,0,14,0,14,0.0,0.0,1.0,2,0,,0,0,8,0,0,0,6,0,,,0.0,,,,0.0,,0.4003,0.4204,-0.0201,0.4002,0.3865,0.0137,0.0,0.0,0.2812,0.0,0.0,0.0,0.0,0.0,0.0,0.0,0.45,0.0,0.0,0.0,0.0
1798,8,WOLF,False,2,4,P1,SEER,False,False,0,1,14,0,14,0.0,0.0,1.0,2,0,,0,0,8,0,0,0,6,0,,,0.0,,,,0.0,,0.4005,0.4203,-0.0198,0.4003,0.3864,0.0139,0.0,0.0,0.2812,0.0,0.0,0.0,0.0,0.0,0.0,0.3333,0.25,0.0,0.0,0.0,0.0
1799,8,WOLF,False,2,4,P1,VILLAGER,False,False,0,0,14,0,14,0.0,0.0,1.0,2,0,,0,0,8,0,0,0,6,0,,,0.0,,,,0.0,,0.4003,0.4204,-0.0201,0.4002,0.3865,0.0137,0.0,0.0,0.2812,0.0,0.0,0.0,0.0,0.0,0.0,0.0,0.45,0.0,0.0,0.0,0.0
1800,8,WOLF,False,2,4,P1,VILLAGER,False,False,0,1,14,0,14,0.0,0.0,1.0,2,0,,0,0,8,0,0,0,6,0,,,0.0,,,,0.0,,0.4003,0.4204,-0.0201,0.4002,0.3865,0.0137,0.0,0.0,0.2812,0.0,0.0,0.0,0.0,0.0,0.0,0.0,0.45,0.0,0.0,0.0,0.0
1801,8,WOLF,False,2,4,P1,VILLAGER,False,False,0,1,14,0,14,0.0,0.0,1.0,2,0,,0,0,8,0,0,0,6,0,,,0.0,,,,0.0,,0.4003,0.4204,-0.0201,0.4002,0.3865,0.0137,0.0,0.0,0.2812,0.0,0.0,0.0,0.0,0.0,0.0,0.0,0.45,0.0,0.0,0.0,0.0
1802,8,WOLF,False,2,4,P1,VILLAGER,False,False,0,1,14,0,14,0.0,0.0,1.0,2,0,,0,0,8,0,0,0,6,0,,,0.0,,,,0.0,,0.4003,0.4204,-0.0201,0.4002,0.3865,0.0137,0.0,0.0,0.2812,0.0,0.0,0.0,0.0,0.0,0.0,0.0,0.45,0.0,0.0,0.0,0.0
1803,8,WOLF,False,2,4,P1,POSSESSED,False,True,0,1,14,0,14,0.0,0.0,1.0,2,0,,0,0,8,0,0,0,6,0,,,0.0,,,,0.0,,0.417,0.4104,0.0066,0.3888,0.3934,-0.0046,0.0,0.0,0.2812,0.0,0.0,0.0,0.0,0.0,0.0,0.2083,0.325,0.0,0.0,0.0,0.0
1804,8,WOLF,False,2,4,P1,POSSESSED,False,True,0,1,14,0,14,0.0,0.0,1.0,2,0,,0,0,8,0,0,0,6,0,,,0.0,,,,0.0,,0.417,0.4104,0.0066,0.3888,0.3934,-0.0046,0.0,0.0,0.2812,0.0,0.0,0.0,0.0,0.0,0.0,0.2083,0.325,0.0,0.0,0.0,0.0
1805,8,WOLF,False,2,4,P1,VILLAGER,False,False,0,1,14,0,14,0.0,0.0,1.0,2,0,,0,0,8,0,0,0,6,0,,,0.0,,,,0.0,,0.4005,0.4203,-0.0198,0.4003,0.3865,0.0138,0.0,0.0,0.2812,0.0,0.0,0.0,0.0,0.0,0.0,0.3333,0.25,0.0,0.0,0.0,0.0
1806,8,WOLF,False,2,4,P1,SEER,False,False,0,1,14,0,14,0.0,0.0,1.0,2,0,,0,0,8,0,0,0,6,0,,,0.0,,,,0.0,,0.417,0.4104,0.0066,0.3888,0.3934,-0.0046,0.0,0.0,0.2812,0.0,0.0,0.0,0.0,0.0,0.0,0.2083,0.325,0.0,0.0,0.0,0.0
1807,8,WOLF,False,2,4,P1,VILLAGER,False,False,0,1,14,0,14,0.0,0.0,1.0,2,0,,0,0,8,0,0,0,6,0,,,0.0,,,,0.0,,0.4003,0.4204,-0.0201,0.4002,0.3865,0.0137,0.0,0.0,0.2812,0.0,0.0,0.0,0.0,0.0,0.0,0.0,0.45,0.0,0.0,0.0,0.0
1808,8,WOLF,False,2,4,P1,VILLAGER,False,False,0,0,14,0,14,0.0,0.0,1.0,2,0,,0,0,8,0,0,0,6,0,,,0.0,,,,0.0,,0.4003,0.4204,-0.0201,0.4002,0.3865,0.0137,0.0,0.0,0.2812,0.0,0.0,0.0,0.0,0.0,0.0,0.0,0.45,0.0,0.0,0.0,0.0
1809,8,WOLF,False,2,4,P1,VILLAGER,False,False,0,1,14,0,14,0.0,0.0,1.0,2,0,,0,0,8,0,0,0,6,0,,,0.0,,,,0.0,,0.4005,0.4203,-0.0198,0.4003,0.3865,0.0138,0.0,0.0,0.2812,0.0,0.0,0.0,0.0,0.0,0.0,0.3333,0.25,0.0,0.0,0.0,0.0
1810,8,WOLF,False,2,4,P1,VILLAGER,False,False,0,1,14,0,14,0.0,0.0,1.0,2,0,,0,0,8,0,0,0,6,0,,,0.0,,,,0.0,,0.4003,0.4204,-0.0201,0.4002,0.3865,0.0137,0.0,0.0,0.2812,0.0,0.0,0.0,0.0,0.0,0.0,0.0,0.45,0.0,0.0,0.0,0.0
1811,8,WOLF,False,2,4,P1,VILLAGER,False,False,0,1,14,0,14,0.0,0.0,1.0,2,0,,0,0,8,0,0,0,6,0,,,0.0,,,,0.0,,0.4005,0.4203,-0.0198,0.4003,0.3865,0.0138,0.0,0.0,0.2812,0.0,0.0,0.0,0.0,0.0,0.0,0.3333,0.25,0.0,0.0,0.0,0.0
1812,8,WOLF,False,2,4,P1,VILLAGER,False,False,0,1,14,0,14,0.0,0.0,1.0,2,0,,0,0,8,0,0,0,6,0,,,0.0,,,,0.0,,0.417,0.4104,0.0066,0.3888,0.3934,-0.0046,0.0,0.0,0.2812,0.0,0.0,0.0,0.0,0.0,0.0,0.2083,0.325,0.0,0.0,0.0,0.0
1813,8,WOLF,False,2,4,P1,VILLAGER,False,False,0,1,14,0,14,0.0,0.0,1.0,2,0,,0,0,8,0,0,0,6,0,,,0.0,,,,0.0,,0.417,0.4104,0.0066,0.3888,0.3934,-0.0046,0.0,0.0,0.2812,0.0,0.0,0.0,0.0,0.0,0.0,0.2083,0.325,0.0,0.0,0.0,0.0
1814,8,WOLF,False,2,4,P1,SEER,False,False,0,1,14,0,14,0.0,0.0,1.0,2,0,,0,0,8,0,0,0,6,0,,,0.0,,,,0.0,,0.4005,0.4203,-0.0198,0.4003,0.3865,0.0138,0.0,0.0,0.2812,0.0,0.0,0.0,0.0,0.0,0.0,0.3333,0.25,0.0,0.0,0.0,0.0
1815,8,WOLF,False,2,4,P1,SEER,False,False,0,0,14,0,14,0.0,0.0,1.0,2,0,,0,0,8,0,0,0,6,0,,,0.0,,,,0.0,,0.4003,0.4204,-0.0201,0.4002,0.3865,0.0137,0.0,0.0,0.2812,0.0,0.0,0.0,0.0,0.0,0.0,0.0,0.45,0.0,0.0,0.0,0.0
1816,8,WOLF,False,2,4,P1,SEER,False,False,0,0,14,0,14,0.0,0.0,1.0,2,0,,0,0,8,0,0,0,6,0,,,0.0,,,,0.0,,0.4003,0.4204,-0.0201,0.4002,0.3865,0.0137,0.0,0.0,0.2812,0.0,0.0,0.0,0.0,0.0,0.0,0.0,0.45,0.0,0.0,0.0,0.0
1817,8,WOLF,False,2,4,P1,POSSESSED,False,True,0,1,14,0,14,0.0,0.0,1.0,2,0,,0,0,8,0,0,0,6,0,,,0.0,,,,0.0,,0.417,0.4104,0.0066,0.3888,0.3934,-0.0046,0.0,0.0,0.2812,0.0,0.0,0.0,0.0,0.0,0.0,0.2083,0.325,0.0,0.0,0.0,0.0
1818,8,WOLF,False,2,4,P1,VILLAGER,False,False,0,0,14,0,14,0.0,0.0,1.0,2,0,,0,0,8,0,0,0,6,0,,,0.0,,,,0.0,,0.4003,0.4204,-0.0201,0.4002,0.3866,0.0136,0.0,0.0,0.2812,0.0,0.0,0.0,0.0,0.0,0.0,0.0,0.45,0.0,0.0,0.0,0.0
1819,8,WOLF,False,2,4,P1,VILLAGER,False,False,0,1,14,0,14,0.0,0.0,1.0,2,0,,0,0,8,0,0,0,6,0,,,0.0,,,,0.0,,0.4005,0.4203,-0.0198,0.4003,0.3865,0.0138,0.0,0.0,0.2812,0.0,0.0,0.0,0.0,0.0,0.0,0.3333,0.25,0.0,0.0,0.0,0.0
1820,8,WOLF,False,2,4,P1,POSSESSED,False,True,0,1,14,0,14,0.0,0.0,1.0,2,0,,0,0,8,0,0,0,6,0,,,0.0,,,,0.0,,0.417,0.4104,0.0066,0.3888,0.3934,-0.0046,0.0,0.0,0.2812,0.0,0.0,0.0,0.0,0.0,0.0,0.2083,0.325,0.0,0.0,0.0,0.0
1821,8,WOLF,False,2,4,P1,VILLAGER,False,False,0,0,14,0,14,0.0,0.0,1.0,2,0,,0,0,8,0,0,0,6,0,,,0.0,,,,0.0,,0.4003,0.4204,-0.0201,0.4002,0.3866,0.0136,0.0,0.0,0.2812,0.0,0.0,0.0,0.0,0.0,0.0,0.0,0.45,0.0,0.0,0.0,0.0
1822,8,WOLF,False,2,4,P1,VILLAGER,False,False,0,1,14,0,14,0.0,0.0,1.0,2,0,,0,0,8,0,0,0,6,0,,,0.0,,,,0.0,,0.4003,0.4204,-0.0201,0.4002,0.3866,0.0136,0.0,0.0,0.2812,0.0,0.0,0.0,0.0,0.0,0.0,0.0,0.45,0.0,0.0,0.0,0.0
1823,8,WOLF,False,2,4,P1,VILLAGER,False,False,0,1,14,0,14,0.0,0.0,1.0,2,0,,0,0,8,0,0,0,6,0,,,0.0,,,,0.0,,0.4003,0.4204,-0.0201,0.4002,0.3866,0.0136,0.0,0.0,0.2812,0.0,0.0,0.0,0.0,0.0,0.0,0.0,0.45,0.0,0.0,0.0,0.0
1824,8,WOLF,False,2,4,P1,POSSESSED,False,True,0,1,14,0,14,0.0,0.0,1.0,2,0,,0,0,8,0,0,0,6,0,,,0.0,,,,0.0,,0.417,0.4104,0.0066,0.3888,0.3934,-0.0046,0.0,0.0,0.2812,0.0,0.0,0.0,0.0,0.0,0.0,0.2083,0.325,0.0,0.0,0.0,0.0
1825,8,WOLF,False,2,4,P1,VILLAGER,False,False,0,0,14,0,14,0.0,0.0,1.0,2,0,,0,0,8,0,0,0,6,0,,,0.0,,,,0.0,,0.4003,0.4204,-0.0201,0.4002,0.3866,0.0136,0.0,0.0,0.2812,0.0,0.0,0.0,0.0,0.0,0.0,0.0,0.45,0.0,0.0,0.0,0.0
1826,8,WOLF,False,2,4,P1,SEER,False,False,0,1,14,0,14,0.0,0.0,1.0,2,0,,0,0,8,0,0,0,6,0,,,0.0,,,,0.0,,0.4003,0.4204,-0.0201,0.4002,0.3866,0.0136,0.0,0.0,0.2812,0.0,0.0,0.0,0.0,0.0,0.0,0.0,0.45,0.0,0.0,0.0,0.0
1827,8,WOLF,False,2,4,P1,VILLAGER,False,False,0,1,14,0,14,0.0,0.0,1.0,2,0,,0,0,8,0,0,0,6,0,,,0.0,,,,0.0,,0.417,0.4104,0.0066,0.3888,0.3934,-0.0046,0.0,0.0,0.2812,0.0,0.0,0.0,0.0,0.0,0.0,0.2083,0.325,0.0,0.0,0.0,0.0
1828,8,WOLF,False,2,4,P1,VILLAGER,False,False,0,0,14,0,14,0.0,0.0,1.0,2,0,,0,0,8,0,0,0,6,0,,,0.0,,,,0.0,,0.4003,0.4204,-0.0201,0.4002,0.3866,0.0136,0.0,0.0,0.2812,0.0,0.0,0.0,0.0,0.0,0.0,0.0,0.45,0.0,0.0,0.0,0.0
1829,8,WOLF,False,2,4,P1,POSSESSED,False,True,0,1,14,0,14,0.0,0.0,1.0,2,0,,0,0,8,0,0,0,6,0,,,0.0,,,,0.0,,0.417,0.4104,0.0066,0.3888,0.3934,-0.0046,0.0,0.0,0.2812,0.0,0.0,0.0,0.0,0.0,0.0,0.2083,0.325,0.0,0.0,0.0,0.0
1830,8,WOLF,False,2,4,P1,POSSESSED,False,True,0,1,14,0,14,0.0,0.0,1.0,2,0,,0,0,8,0,0,0,6,0,,,0.0,,,,0.0,,0.417,0.4104,0.0066,0.3888,0.3934,-0.0046,0.0,0.0,0.2812,0.0,0.0,0.0,0.0,0.0,0.0,0.2083,0.325,0.0,0.0,0.0,0.0
1831,8,WOLF,False,2,4,P1,POSSESSED,False,True,0,1,14,0,14,0.0,0.0,1.0,2,0,,0,0,8,0,0,0,6,0,,,0.0,,,,0.0,,0.417,0.4104,0.0066,0.3888,0.3934,-0.0046,0.0,0.0,0.2812,0.0,0.0,0.0,0.0,0.0,0.0,0.2083,0.325,0.0,0.0,0.0,0.0
1832,8,WOLF,False,2,4,P1,POSSESSED,False,True,0,1,14,0,14,0.0,0.0,1.0,2,0,,0,0,8,0,0,0,6,0,,,0.0,,,,0.0,,0.417,0.4104,0.0066,0.3888,0.3934,-0.0046,0.0,0.0,0.2812,0.0,0.0,0.0,0.0,0.0,0.0,0.2083,0.325,0.0,0.0,0.0,0.0
1833,8,WOLF,False,2,4,P1,POSSESSED,False,True,0,1,14,0,14,0.0,0.0,1.0,2,0,,0,0,8,0,0,0,6,0,,,0.0,,,,0.0,,0.417,0.4104,0.0066,0.3888,0.3934,-0.0046,0.0,0.0,0.2812,0.0,0.0,0.0,0.0,0.0,0.0,0.2083,0.325,0.0,0.0,0.0,0.0
1834,8,WOLF,False,2,4,P1,VILLAGER,False,False,0,1,14,0,14,0.0,0.0,1.0,2,0,,0,0,8,0,0,0,6,0,,,0.0,,,,0.0,,0.4003,0.4204,-0.0201,0.4002,0.3866,0.0136,0.0,0.0,0.2812,0.0,0.0,0.0,0.0,0.0,0.0,0.0,0.45,0.0,0.0,0.0,0.0
1835,8,WOLF,False,2,4,P1,POSSESSED,False,True,0,1,14,0,14,0.0,0.0,1.0,2,0,,0,0,8,0,0,0,6,0,,,0.0,,,,0.0,,0.417,0.4104,0.0066,0.3888,0.3934,-0.0046,0.0,0.0,0.2812,0.0,0.0,0.0,0.0,0.0,0.0,0.2083,0.325,0.0,0.0,0.0,0.0
1836,8,WOLF,False,2,4,P1,POSSESSED,False,True,0,1,14,0,14,0.0,0.0,1.0,2,0,,0,0,8,0,0,0,6,0,,,0.0,,,,0.0,,0.417,0.4104,0.0066,0.3888,0.3934,-0.0046,0.0,0.0,0.2812,0.0,0.0,0.0,0.0,0.0,0.0,0.2083,0.325,0.0,0.0,0.0,0.0
1837,8,WOLF,False,2,4,P1,VILLAGER,False,False,0,0,14,0,14,0.0,0.0,1.0,2,0,,0,0,8,0,0,0,6,0,,,0.0,,,,0.0,,0.4003,0.4204,-0.0201,0.4002,0.3866,0.0136,0.0,0.0,0.2812,0.0,0.0,0.0,0.0,0.0,0.0,0.0,0.45,0.0,0.0,0.0,0.0
1838,8,WOLF,False,2,4,P1,POSSESSED,False,True,0,1,14,0,14,0.0,0.0,1.0,2,0,,0,0,8,0,0,0,6,0,,,0.0,,,,0.0,,0.417,0.4104,0.0066,0.3888,0.3934,-0.0046,0.0,0.0,0.2812,0.0,0.0,0.0,0.0,0.0,0.0,0.2083,0.325,0.0,0.0,0.0,0.0
1839,8,WOLF,False,2,4,P1,VILLAGER,False,False,0,0,14,0,14,0.0,0.0,1.0,2,0,,0,0,8,0,0,0,6,0,,,0.0,,,,0.0,,0.4003,0.4204,-0.0201,0.4002,0.3866,0.0136,0.0,0.0,0.2812,0.0,0.0,0.0,0.0,0.0,0.0,0.0,0.45,0.0,0.0,0.0,0.0
1840,8,WOLF,False,2,4,P1,SEER,False,False,0,1,14,0,14,0.0,0.0,1.0,2,0,,0,0,8,0,0,0,6,0,,,0.0,,,,0.0,,0.4003,0.4204,-0.0201,0.4002,0.3866,0.0136,0.0,0.0,0.2812,0.0,0.0,0.0,0.0,0.0,0.0,0.0,0.45,0.0,0.0,0.0,0.0
1841,8,WOLF,False,2,4,P1,POSSESSED,False,True,0,1,14,0,14,0.0,0.0,1.0,2,0,,0,0,8,0,0,0,6,0,,,0.0,,,,0.0,,0.417,0.4104,0.0066,0.3888,0.3934,-0.0046,0.0,0.0,0.2812,0.0,0.0,0.0,0.0,0.0,0.0,0.2083,0.325,0.0,0.0,0.0,0.0
1842,8,WOLF,False,2,4,P1,POSSESSED,False,True,0,1,14,0,14,0.0,0.0,1.0,2,0,,0,0,8,0,0,0,6,0,,,0.0,,,,0.0,,0.417,0.4104,0.0066,0.3888,0.3934,-0.0046,0.0,0.0,0.2812,0.0,0.0,0.0,0.0,0.0,0.0,0.2083,0.325,0.0,0.0,0.0,0.0
1843,8,WOLF,False,2,4,P1,VILLAGER,False,False,0,0,14,0,14,0.0,0.0,1.0,2,0,,0,0,8,0,0,0,6,0,,,0.0,,,,0.0,,0.4003,0.4204,-0.0201,0.4002,0.3866,0.0136,0.0,0.0,0.2812,0.0,0.0,0.0,0.0,0.0,0.0,0.0,0.45,0.0,0.0,0.0,0.0
1844,8,WOLF,False,2,4,P1,SEER,False,False,0,0,14,0,14,0.0,0.0,1.0,2,0,,0,0,8,0,0,0,6,0,,,0.0,,,,0.0,,0.4003,0.4204,-0.0201,0.4002,0.3866,0.0136,0.0,0.0,0.2812,0.0,0.0,0.0,0.0,0.0,0.0,0.0,0.45,0.0,0.0,0.0,0.0
1845,8,WOLF,False,2,4,P1,POSSESSED,False,True,0,1,14,0,14,0.0,0.0,1.0,2,0,,0,0,8,0,0,0,6,0,,,0.0,,,,0.0,,0.417,0.4104,0.0066,0.3888,0.3934,-0.0046,0.0,0.0,0.2812,0.0,0.0,0.0,0.0,0.0,0.0,0.2083,0.325,0.0,0.0,0.0,0.0
1846,8,WOLF,False,2,4,P1,VILLAGER,False,False,0,1,14,0,14,0.0,0.0,1.0,2,0,,0,0,8,0,0,0,6,0,,,0.0,,,,0.0,,0.4003,0.4204,-0.0201,0.4002,0.3866,0.0136,0.0,0.0,0.2812,0.0,0.0,0.0,0.0,0.0,0.0,0.0,0.45,0.0,0.0,0.0,0.0
1847,8,WOLF,False,2,4,P1,VILLAGER,False,False,0,0,14,0,14,0.0,0.0,1.0,2,0,,0,0,8,0,0,0,6,0,,,0.0,,,,0.0,,0.4003,0.4204,-0.0201,0.4002,0.3866,0.0136,0.0,0.0,0.2812,0.0,0.0,0.0,0.0,0.0,0.0,0.0,0.45,0.0,0.0,0.0,0.0
1848,8,WOLF,False,2,4,P1,VILLAGER,False,False,0,0,14,0,14,0.0,0.0,1.0,2,0,,0,0,8,0,0,0,6,0,,,0.0,,,,0.0,,0.4003,0.4204,-0.0201,0.4002,0.3866,0.0136,0.0,0.0,0.2812,0.0,0.0,0.0,0.0,0.0,0.0,0.0,0.45,0.0,0.0,0.0,0.0
1849,8,WOLF,False,2,4,P1,POSSESSED,False,True,0,1,14,0,14,0.0,0.0,1.0,2,0,,0,0,8,0,0,0,6,0,,,0.0,,,,0.0,,0.417,0.4104,0.0066,0.3889,0.3934,-0.0045,0.0,0.0,0.2812,0.0,0.0,0.0,0.0,0.0,0.0,0.2083,0.325,0.0,0.0,0.0,0.0
1850,8,WOLF,False,2,4,P1,VILLAGER,False,False,0,0,14,0,14,0.0,0.0,1.0,2,0,,0,0,8,0,0,0,6,0,,,0.0,,,,0.0,,0.4003,0.4204,-0.0201,0.4002,0.3866,0.0136,0.0,0.0,0.2812,0.0,0.0,0.0,0.0,0.0,0.0,0.0,0.45,0.0,0.0,0.0,0.0
1851,8,WOLF,False,2,4,P1,VILLAGER,False,False,0,1,14,0,14,0.0,0.0,1.0,2,0,,0,0,8,0,0,0,6,0,,,0.0,,,,0.0,,0.417,0.4104,0.0066,0.3889,0.3934,-0.0045,0.0,0.0,0.2812,0.0,0.0,0.0,0.0,0.0,0.0,0.2083,0.325,0.0,0.0,0.0,0.0
1852,8,WOLF,False,2,4,P1,POSSESSED,False,True,0,1,14,0,14,0.0,0.0,1.0,2,0,,0,0,8,0,0,0,6,0,,,0.0,,,,0.0,,0.417,0.4104,0.0066,0.3889,0.3934,-0.0045,0.0,0.0,0.2812,0.0,0.0,0.0,0.0,0.0,0.0,0.2083,0.325,0.0,0.0,0.0,0.0
1853,8,WOLF,False,2,4,P1,VILLAGER,False,False,0,1,14,0,14,0.0,0.0,1.0,2,0,,0,0,8,0,0,0,6,0,,,0.0,,,,0.0,,0.4003,0.4204,-0.0201,0.4002,0.3866,0.0136,0.0,0.0,0.2812,0.0,0.0,0.0,0.0,0.0,0.0,0.0,0.45,0.0,0.0,0.0,0.0
1854,8,WOLF,False,2,4,P1,VILLAGER,False,False,0,1,14,0,14,0.0,0.0,1.0,2,0,,0,0,8,0,0,0,6,0,,,0.0,,,,0.0,,0.4005,0.4203,-0.0198,0.4003,0.3866,0.0137,0.0,0.0,0.2812,0.0,0.0,0.0,0.0,0.0,0.0,0.3333,0.25,0.0,0.0,0.0,0.0
1855,8,WOLF,False,2,4,P1,VILLAGER,False,False,0,1,14,0,14,0.0,0.0,1.0,2,0,,0,0,8,0,0,0,6,0,,,0.0,,,,0.0,,0.4003,0.4204,-0.0201,0.4002,0.3866,0.0136,0.0,0.0,0.2812,0.0,0.0,0.0,0.0,0.0,0.0,0.0,0.45,0.0,0.0,0.0,0.0
1856,8,WOLF,False,2,4,P1,VILLAGER,False,False,0,1,14,0,14,0.0,0.0,1.0,2,0,,0,0,8,0,0,0,6,0,,,0.0,,,,0.0,,0.417,0.4104,0.0066,0.3889,0.3934,-0.0045,0.0,0.0,0.2812,0.0,0.0,0.0,0.0,0.0,0.0,0.2083,0.325,0.0,0.0,0.0,0.0
1857,8,WOLF,False,2,4,P1,VILLAGER,False,False,0,1,14,0,14,0.0,0.0,1.0,2,0,,0,0,8,0,0,0,6,0,,,0.0,,,,0.0,,0.4005,0.4203,-0.0198,0.4003,0.3866,0.0137,0.0,0.0,0.2812,0.0,0.0,0.0,0.0,0.0,0.0,0.3333,0.25,0.0,0.0,0.0,0.0
1858,8,WOLF,False,2,4,P1,VILLAGER,False,False,0,0,14,0,14,0.0,0.0,1.0,2,0,,0,0,8,0,0,0,6,0,,,0.0,,,,0.0,,0.4003,0.4204,-0.0201,0.4002,0.3866,0.0136,0.0,0.0,0.2812,0.0,0.0,0.0,0.0,0.0,0.0,0.0,0.45,0.0,0.0,0.0,0.0
1859,8,WOLF,False,2,4,P1,VILLAGER,False,False,0,0,14,0,14,0.0,0.0,1.0,2,0,,0,0,8,0,0,0,6,0,,,0.0,,,,0.0,,0.4003,0.4204,-0.0201,0.4002,0.3866,0.0136,0.0,0.0,0.2812,0.0,0.0,0.0,0.0,0.0,0.0,0.0,0.45,0.0,0.0,0.0,0.0
1860,8,WOLF,False,2,4,P1,POSSESSED,False,True,0,1,14,0,14,0.0,0.0,1.0,2,0,,0,0,8,0,0,0,6,0,,,0.0,,,,0.0,,0.417,0.4104,0.0066,0.3889,0.3935,-0.0046,0.0,0.0,0.2812,0.0,0.0,0.0,0.0,0.0,0.0,0.2083,0.325,0.0,0.0,0.0,0.0
1861,8,WOLF,False,2,4,P1,VILLAGER,False,False,0,0,14,0,14,0.0,0.0,1.0,2,0,,0,0,8,0,0,0,6,0,,,0.0,,,,0.0,,0.4003,0.4204,-0.0201,0.4002,0.3867,0.0135,0.0,0.0,0.2812,0.0,0.0,0.0,0.0,0.0,0.0,0.0,0.45,0.0,0.0,0.0,0.0
1862,8,WOLF,False,2,4,P1,VILLAGER,False,False,0,1,14,0,14,0.0,0.0,1.0,2,0,,0,0,8,0,0,0,6,0,,,0.0,,,,0.0,,0.4003,0.4204,-0.0201,0.4002,0.3867,0.0135,0.0,0.0,0.2812,0.0,0.0,0.0,0.0,0.0,0.0,0.0,0.45,0.0,0.0,0.0,0.0
1863,8,WOLF,False,2,4,P1,VILLAGER,False,False,0,1,14,0,14,0.0,0.0,1.0,2,0,,0,0,8,0,0,0,6,0,,,0.0,,,,0.0,,0.417,0.4104,0.0066,0.3889,0.3935,-0.0046,0.0,0.0,0.2812,0.0,0.0,0.0,0.0,0.0,0.0,0.2083,0.325,0.0,0.0,0.0,0.0
1864,8,WOLF,False,2,4,P1,VILLAGER,False,False,0,1,14,0,14,0.0,0.0,1.0,2,0,,0,0,8,0,0,0,6,0,,,0.0,,,,0.0,,0.4003,0.4204,-0.0201,0.4002,0.3867,0.0135,0.0,0.0,0.2812,0.0,0.0,0.0,0.0,0.0,0.0,0.0,0.45,0.0,0.0,0.0,0.0
1865,8,WOLF,False,2,4,P1,SEER,False,False,0,0,14,0,14,0.0,0.0,1.0,2,0,,0,0,8,0,0,0,6,0,,,0.0,,,,0.0,,0.4003,0.4204,-0.0201,0.4002,0.3867,0.0135,0.0,0.0,0.2812,0.0,0.0,0.0,0.0,0.0,0.0,0.0,0.45,0.0,0.0,0.0,0.0
1866,8,WOLF,False,2,4,P1,SEER,False,False,0,0,14,0,14,0.0,0.0,1.0,2,0,,0,0,8,0,0,0,6,0,,,0.0,,,,0.0,,0.4003,0.4204,-0.0201,0.4002,0.3867,0.0135,0.0,0.0,0.2812,0.0,0.0,0.0,0.0,0.0,0.0,0.0,0.45,0.0,0.0,0.0,0.0
1867,8,WOLF,False,2,4,P1,VILLAGER,False,False,0,0,14,0,14,0.0,0.0,1.0,2,0,,0,0,8,0,0,0,6,0,,,0.0,,,,0.0,,0.4003,0.4204,-0.0201,0.4002,0.3867,0.0135,0.0,0.0,0.2812,0.0,0.0,0.0,0.0,0.0,0.0,0.0,0.45,0.0,0.0,0.0,0.0
1868,8,WOLF,False,2,4,P1,SEER,False,False,0,1,14,0,14,0.0,0.0,1.0,2,0,,0,0,8,0,0,0,6,0,,,0.0,,,,0.0,,0.4003,0.4204,-0.0201,0.4002,0.3867,0.0135,0.0,0.0,0.2812,0.0,0.0,0.0,0.0,0.0,0.0,0.0,0.45,0.0,0.0,0.0,0.0
1869,8,WOLF,False,2,4,P1,POSSESSED,False,True,0,1,14,0,14,0.0,0.0,1.0,2,0,,0,0,8,0,0,0,6,0,,,0.0,,,,0.0,,0.417,0.4104,0.0066,0.3889,0.3935,-0.0046,0.0,0.0,0.2812,0.0,0.0,0.0,0.0,0.0,0.0,0.2083,0.325,0.0,0.0,0.0,0.0
1870,8,WOLF,False,2,4,P1,VILLAGER,False,False,0,1,14,0,14,0.0,0.0,1.0,2,0,,0,0,8,0,0,0,6,0,,,0.0,,,,0.0,,0.417,0.4104,0.0066,0.3889,0.3935,-0.0046,0.0,0.0,0.2812,0.0,0.0,0.0,0.0,0.0,0.0,0.2083,0.325,0.0,0.0,0.0,0.0
1871,8,WOLF,False,2,4,P1,VILLAGER,False,False,0,1,14,0,14,0.0,0.0,1.0,2,0,,0,0,8,0,0,0,6,0,,,0.0,,,,0.0,,0.4003,0.4204,-0.0201,0.4002,0.3867,0.0135,0.0,0.0,0.2812,0.0,0.0,0.0,0.0,0.0,0.0,0.0,0.45,0.0,0.0,0.0,0.0
1872,8,WOLF,False,2,4,P1,POSSESSED,False,True,0,1,14,0,14,0.0,0.0,1.0,2,0,,0,0,8,0,0,0,6,0,,,0.0,,,,0.0,,0.417,0.4104,0.0066,0.3889,0.3935,-0.0046,0.0,0.0,0.2812,0.0,0.0,0.0,0.0,0.0,0.0,0.2083,0.325,0.0,0.0,0.0,0.0
1873,8,WOLF,False,2,4,P1,SEER,False,False,0,1,14,0,14,0.0,0.0,1.0,2,0,,0,0,8,0,0,0,6,0,,,0.0,,,,0.0,,0.417,0.4104,0.0066,0.3889,0.3935,-0.0046,0.0,0.0,0.2812,0.0,0.0,0.0,0.0,0.0,0.0,0.2083,0.325,0.0,0.0,0.0,0.0
1874,8,WOLF,False,2,4,P1,VILLAGER,False,False,0,0,14,0,14,0.0,0.0,1.0,2,0,,0,0,8,0,0,0,6,0,,,0.0,,,,0.0,,0.4003,0.4204,-0.0201,0.4002,0.3867,0.0135,0.0,0.0,0.2812,0.0,0.0,0.0,0.0,0.0,0.0,0.0,0.45,0.0,0.0,0.0,0.0
1875,8,WOLF,False,2,4,P1,SEER,False,False,0,0,14,0,14,0.0,0.0,1.0,2,0,,0,0,8,0,0,0,6,0,,,0.0,,,,0.0,,0.4003,0.4204,-0.0201,0.4002,0.3867,0.0135,0.0,0.0,0.2812,0.0,0.0,0.0,0.0,0.0,0.0,0.0,0.45,0.0,0.0,0.0,0.0
1876,8,WOLF,False,2,4,P1,VILLAGER,False,False,0,1,14,0,14,0.0,0.0,1.0,2,0,,0,0,8,0,0,0,6,0,,,0.0,,,,0.0,,0.4003,0.4204,-0.0201,0.4002,0.3867,0.0135,0.0,0.0,0.2812,0.0,0.0,0.0,0.0,0.0,0.0,0.0,0.45,0.0,0.0,0.0,0.0
1877,8,WOLF,False,2,4,P1,VILLAGER,False,False,0,1,14,0,14,0.0,0.0,1.0,2,0,,0,0,8,0,0,0,6,0,,,0.0,,,,0.0,,0.4005,0.4203,-0.0198,0.4003,0.3867,0.0136,0.0,0.0,0.2812,0.0,0.0,0.0,0.0,0.0,0.0,0.3333,0.25,0.0,0.0,0.0,0.0
1878,8,WOLF,False,2,4,P1,SEER,False,False,0,0,14,0,14,0.0,0.0,1.0,2,0,,0,0,8,0,0,0,6,0,,,0.0,,,,0.0,,0.4003,0.4204,-0.0201,0.4002,0.3867,0.0135,0.0,0.0,0.2812,0.0,0.0,0.0,0.0,0.0,0.0,0.0,0.45,0.0,0.0,0.0,0.0
1879,8,WOLF,False,2,4,P1,POSSESSED,False,True,0,1,14,0,14,0.0,0.0,1.0,2,0,,0,0,8,0,0,0,6,0,,,0.0,,,,0.0,,0.417,0.4104,0.0066,0.3889,0.3935,-0.0046,0.0,0.0,0.2812,0.0,0.0,0.0,0.0,0.0,0.0,0.2083,0.325,0.0,0.0,0.0,0.0
1880,8,WOLF,False,2,4,P1,VILLAGER,False,False,0,1,14,0,14,0.0,0.0,1.0,2,0,,0,0,8,0,0,0,6,0,,,0.0,,,,0.0,,0.417,0.4104,0.0066,0.3889,0.3935,-0.0046,0.0,0.0,0.2812,0.0,0.0,0.0,0.0,0.0,0.0,0.2083,0.325,0.0,0.0,0.0,0.0
1881,8,WOLF,False,2,4,P1,SEER,False,False,0,0,14,0,14,0.0,0.0,1.0,2,0,,0,0,8,0,0,0,6,0,,,0.0,,,,0.0,,0.4003,0.4204,-0.0201,0.4002,0.3867,0.0135,0.0,0.0,0.2812,0.0,0.0,0.0,0.0,0.0,0.0,0.0,0.45,0.0,0.0,0.0,0.0
1882,8,WOLF,False,2,4,P1,VILLAGER,False,False,0,0,14,0,14,0.0,0.0,1.0,2,0,,0,0,8,0,0,0,6,0,,,0.0,,,,0.0,,0.4003,0.4204,-0.0201,0.4002,0.3867,0.0135,0.0,0.0,0.2812,0.0,0.0,0.0,0.0,0.0,0.0,0.0,0.45,0.0,0.0,0.0,0.0
1883,8,WOLF,False,2,4,P1,SEER,False,False,0,1,14,0,14,0.0,0.0,1.0,2,0,,0,0,8,0,0,0,6,0,,,0.0,,,,0.0,,0.4003,0.4204,-0.0201,0.4002,0.3867,0.0135,0.0,0.0,0.2812,0.0,0.0,0.0,0.0,0.0,0.0,0.0,0.45,0.0,0.0,0.0,0.0
1884,8,WOLF,False,2,4,P1,VILLAGER,False,False,0,1,14,0,14,0.0,0.0,1.0,2,0,,0,0,8,0,0,0,6,0,,,0.0,,,,0.0,,0.4005,0.4203,-0.0198,0.4003,0.3867,0.0136,0.0,0.0,0.2812,0.0,0.0,0.0,0.0,0.0,0.0,0.3333,0.25,0.0,0.0,0.0,0.0
1885,8,WOLF,False,2,4,P1,VILLAGER,False,False,0,1,14,0,14,0.0,0.0,1.0,2,0,,0,0,8,0,0,0,6,0,,,0.0,,,,0.0,,0.417,0.4104,0.0066,0.3889,0.3935,-0.0046,0.0,0.0,0.2812,0.0,0.0,0.0,0.0,0.0,0.0,0.2083,0.325,0.0,0.0,0.0,0.0
1886,8,WOLF,False,2,4,P1,VILLAGER,False,False,0,1,14,0,14,0.0,0.0,1.0,2,0,,0,0,8,0,0,0,6,0,,,0.0,,,,0.0,,0.417,0.4104,0.0066,0.3889,0.3935,-0.0046,0.0,0.0,0.2812,0.0,0.0,0.0,0.0,0.0,0.0,0.2083,0.325,0.0,0.0,0.0,0.0
1887,8,WOLF,False,2,4,P1,VILLAGER,False,False,0,1,14,0,14,0.0,0.0,1.0,2,0,,0,0,8,0,0,0,6,0,,,0.0,,,,0.0,,0.4005,0.4203,-0.0198,0.4003,0.3867,0.0136,0.0,0.0,0.2812,0.0,0.0,0.0,0.0,0.0,0.0,0.3333,0.25,0.0,0.0,0.0,0.0
1888,8,WOLF,False,2,4,P1,SEER,False,False,0,1,14,0,14,0.0,0.0,1.0,2,0,,0,0,8,0,0,0,6,0,,,0.0,,,,0.0,,0.417,0.4104,0.0066,0.3889,0.3935,-0.0046,0.0,0.0,0.2812,0.0,0.0,0.0,0.0,0.0,0.0,0.2083,0.325,0.0,0.0,0.0,0.0
1889,8,WOLF,False,2,4,P1,VILLAGER,False,False,0,0,14,0,14,0.0,0.0,1.0,2,0,,0,0,8,0,0,0,6,0,,,0.0,,,,0.0,,0.4003,0.4204,-0.0201,0.4002,0.3868,0.0134,0.0,0.0,0.2812,0.0,0.0,0.0,0.0,0.0,0.0,0.0,0.45,0.0,0.0,0.0,0.0
1890,8,WOLF,False,2,4,P1,VILLAGER,False,False,0,1,14,0,14,0.0,0.0,1.0,2,0,,0,0,8,0,0,0,6,0,,,0.0,,,,0.0,,0.4005,0.4203,-0.0198,0.4003,0.3867,0.0136,0.0,0.0,0.2812,0.0,0.0,0.0,0.0,0.0,0.0,0.3333,0.25,0.0,0.0,0.0,0.0
1891,8,WOLF,False,2,4,P1,VILLAGER,False,False,0,1,14,0,14,0.0,0.0,1.0,2,0,,0,0,8,0,0,0,6,0,,,0.0,,,,0.0,,0.417,0.4104,0.0066,0.389,0.3935,-0.0045,0.0,0.0,0.2812,0.0,0.0,0.0,0.0,0.0,0.0,0.2083,0.325,0.0,0.0,0.0,0.0
1892,8,WOLF,False,2,4,P1,POSSESSED,False,True,0,1,14,0,14,0.0,0.0,1.0,2,0,,0,0,8,0,0,0,6,0,,,0.0,,,,0.0,,0.417,0.4104,0.0066,0.389,0.3935,-0.0045,0.0,0.0,0.2812,0.0,0.0,0.0,0.0,0.0,0.0,0.2083,0.325,0.0,0.0,0.0,0.0
1893,8,WOLF,False,2,4,P1,POSSESSED,False,True,0,1,14,0,14,0.0,0.0,1.0,2,0,,0,0,8,0,0,0,6,0,,,0.0,,,,0.0,,0.417,0.4104,0.0066,0.389,0.3935,-0.0045,0.0,0.0,0.2812,0.0,0.0,0.0,0.0,0.0,0.0,0.2083,0.325,0.0,0.0,0.0,0.0
1894,8,WOLF,False,2,4,P1,VILLAGER,False,False,0,0,14,0,14,0.0,0.0,1.0,2,0,,0,0,8,0,0,0,6,0,,,0.0,,,,0.0,,0.4003,0.4204,-0.0201,0.4002,0.3868,0.0134,0.0,0.0,0.2812,0.0,0.0,0.0,0.0,0.0,0.0,0.0,0.45,0.0,0.0,0.0,0.0
1895,8,WOLF,False,2,4,P1,SEER,False,False,0,0,14,0,14,0.0,0.0,1.0,2,0,,0,0,8,0,0,0,6,0,,,0.0,,,,0.0,,0.4003,0.4204,-0.0201,0.4002,0.3868,0.0134,0.0,0.0,0.2812,0.0,0.0,0.0,0.0,0.0,0.0,0.0,0.45,0.0,0.0,0.0,0.0
1896,8,WOLF,False,2,4,P1,VILLAGER,False,False,0,1,14,0,14,0.0,0.0,1.0,2,0,,0,0,8,0,0,0,6,0,,,0.0,,,,0.0,,0.4005,0.4203,-0.0198,0.4003,0.3867,0.0136,0.0,0.0,0.2812,0.0,0.0,0.0,0.0,0.0,0.0,0.3333,0.25,0.0,0.0,0.0,0.0
1897,8,WOLF,False,2,4,P1,SEER,False,False,0,1,14,0,14,0.0,0.0,1.0,2,0,,0,0,8,0,0,0,6,0,,,0.0,,,,0.0,,0.417,0.4104,0.0066,0.389,0.3935,-0.0045,0.0,0.0,0.2812,0.0,0.0,0.0,0.0,0.0,0.0,0.2083,0.325,0.0,0.0,0.0,0.0
1898,8,WOLF,False,2,4,P1,VILLAGER,False,False,0,1,14,0,14,0.0,0.0,1.0,2,0,,0,0,8,0,0,0,6,0,,,0.0,,,,0.0,,0.417,0.4104,0.0066,0.389,0.3935,-0.0045,0.0,0.0,0.2812,0.0,0.0,0.0,0.0,0.0,0.0,0.2083,0.325,0.0,0.0,0.0,0.0
1899,8,WOLF,False,2,4,P1,SEER,False,False,0,1,14,0,14,0.0,0.0,1.0,2,0,,0,0,8,0,0,0,6,0,,,0.0,,,,0.0,,0.4005,0.4203,-0.0198,0.4003,0.3867,0.0136,0.0,0.0,0.2812,0.0,0.0,0.0,0.0,0.0,0.0,0.3333,0.25,0.0,0.0,0.0,0.0
1900,8,WOLF,False,2,4,P1,VILLAGER,False,False,0,1,14,0,14,0.0,0.0,1.0,2,0,,0,0,8,0,0,0,6,0,,,0.0,,,,0.0,,0.4005,0.4203,-0.0198,0.4003,0.3867,0.0136,0.0,0.0,0.2812,0.0,0.0,0.0,0.0,0.0,0.0,0.3333,0.25,0.0,0.0,0.0,0.0
1901,8,WOLF,False,2,4,P1,VILLAGER,False,False,0,0,14,0,14,0.0,0.0,1.0,2,0,,0,0,8,0,0,0,6,0,,,0.0,,,,0.0,,0.4003,0.4204,-0.0201,0.4002,0.3868,0.0134,0.0,0.0,0.2812,0.0,0.0,0.0,0.0,0.0,0.0,0.0,0.45,0.0,0.0,0.0,0.0
1902,8,WOLF,False,2,4,P1,SEER,False,False,0,1,14,0,14,0.0,0.0,1.0,2,0,,0,0,8,0,0,0,6,0,,,0.0,,,,0.0,,0.4005,0.4203,-0.0198,0.4003,0.3868,0.0135,0.0,0.0,0.2812,0.0,0.0,0.0,0.0,0.0,0.0,0.3333,0.25,0.0,0.0,0.0,0.0
1903,8,WOLF,False,2,4,P1,VILLAGER,False,False,0,0,14,0,14,0.0,0.0,1.0,2,0,,0,0,8,0,0,0,6,0,,,0.0,,,,0.0,,0.4003,0.4204,-0.0201,0.4002,0.3868,0.0134,0.0,0.0,0.2812,0.0,0.0,0.0,0.0,0.0,0.0,0.0,0.45,0.0,0.0,0.0,0.0
1904,8,WOLF,False,2,4,P1,VILLAGER,False,False,0,0,14,0,14,0.0,0.0,1.0,2,0,,0,0,8,0,0,0,6,0,,,0.0,,,,0.0,,0.4003,0.4204,-0.0201,0.4002,0.3868,0.0134,0.0,0.0,0.2812,0.0,0.0,0.0,0.0,0.0,0.0,0.0,0.45,0.0,0.0,0.0,0.0
1905,8,WOLF,False,2,4,P1,VILLAGER,False,False,0,0,14,0,14,0.0,0.0,1.0,2,0,,0,0,8,0,0,0,6,0,,,0.0,,,,0.0,,0.4003,0.4204,-0.0201,0.4002,0.3868,0.0134,0.0,0.0,0.2812,0.0,0.0,0.0,0.0,0.0,0.0,0.0,0.45,0.0,0.0,0.0,0.0
1906,8,WOLF,False,2,4,P1,POSSESSED,False,True,0,1,14,0,14,0.0,0.0,1.0,2,0,,0,0,8,0,0,0,6,0,,,0.0,,,,0.0,,0.417,0.4104,0.0066,0.389,0.3935,-0.0045,0.0,0.0,0.2812,0.0,0.0,0.0,0.0,0.0,0.0,0.2083,0.325,0.0,0.0,0.0,0.0
1907,8,WOLF,False,2,4,P1,VILLAGER,False,False,0,1,14,0,14,0.0,0.0,1.0,2,0,,0,0,8,0,0,0,6,0,,,0.0,,,,0.0,,0.4003,0.4204,-0.0201,0.4002,0.3868,0.0134,0.0,0.0,0.2812,0.0,0.0,0.0,0.0,0.0,0.0,0.0,0.45,0.0,0.0,0.0,0.0
1908,8,WOLF,False,2,4,P1,POSSESSED,False,True,0,1,14,0,14,0.0,0.0,1.0,2,0,,0,0,8,0,0,0,6,0,,,0.0,,,,0.0,,0.417,0.4104,0.0066,0.389,0.3935,-0.0045,0.0,0.0,0.2812,0.0,0.0,0.0,0.0,0.0,0.0,0.2083,0.325,0.0,0.0,0.0,0.0
1909,8,WOLF,False,2,4,P1,VILLAGER,False,False,0,1,14,0,14,0.0,0.0,1.0,2,0,,0,0,8,0,0,0,6,0,,,0.0,,,,0.0,,0.417,0.4104,0.0066,0.389,0.3935,-0.0045,0.0,0.0,0.2812,0.0,0.0,0.0,0.0,0.0,0.0,0.2083,0.325,0.0,0.0,0.0,0.0
1910,8,WOLF,False,2,4,P1,VILLAGER,False,False,0,0,14,0,14,0.0,0.0,1.0,2,0,,0,0,8,0,0,0,6,0,,,0.0,,,,0.0,,0.4003,0.4204,-0.0201,0.4002,0.3868,0.0134,0.0,0.0,0.2812,0.0,0.0,0.0,0.0,0.0,0.0,0.0,0.45,0.0,0.0,0.0,0.0
1911,8,WOLF,False,2,4,P1,VILLAGER,False,False,0,1,14,0,14,0.0,0.0,1.0,2,0,,0,0,8,0,0,0,6,0,,,0.0,,,,0.0,,0.4003,0.4204,-0.0201,0.4002,0.3868,0.0134,0.0,0.0,0.2812,0.0,0.0,0.0,0.0,0.0,0.0,0.0,0.45,0.0,0.0,0.0,0.0
1912,8,WOLF,False,2,4,P1,VILLAGER,False,False,0,0,14,0,14,0.0,0.0,1.0,2,0,,0,0,8,0,0,0,6,0,,,0.0,,,,0.0,,0.4003,0.4204,-0.0201,0.4002,0.3868,0.0134,0.0,0.0,0.2812,0.0,0.0,0.0,0.0,0.0,0.0,0.0,0.45,0.0,0.0,0.0,0.0
1913,8,WOLF,False,2,4,P1,VILLAGER,False,False,0,1,14,0,14,0.0,0.0,1.0,2,0,,0,0,8,0,0,0,6,0,,,0.0,,,,0.0,,0.417,0.4104,0.0066,0.389,0.3935,-0.0045,0.0,0.0,0.2812,0.0,0.0,0.0,0.0,0.0,0.0,0.2083,0.325,0.0,0.0,0.0,0.0
1914,8,WOLF,False,2,4,P1,VILLAGER,False,False,0,1,14,0,14,0.0,0.0,1.0,2,0,,0,0,8,0,0,0,6,0,,,0.0,,,,0.0,,0.417,0.4104,0.0066,0.389,0.3935,-0.0045,0.0,0.0,0.2812,0.0,0.0,0.0,0.0,0.0,0.0,0.2083,0.325,0.0,0.0,0.0,0.0
1915,8,WOLF,False,2,4,P1,VILLAGER,False,False,0,0,14,0,14,0.0,0.0,1.0,2,0,,0,0,8,0,0,0,6,0,,,0.0,,,,0.0,,0.4003,0.4204,-0.0201,0.4002,0.3868,0.0134,0.0,0.0,0.2812,0.0,0.0,0.0,0.0,0.0,0.0,0.0,0.45,0.0,0.0,0.0,0.0
1916,8,WOLF,False,2,4,P1,POSSESSED,False,True,0,1,14,0,14,0.0,0.0,1.0,2,0,,0,0,8,0,0,0,6,0,,,0.0,,,,0.0,,0.417,0.4104,0.0066,0.389,0.3935,-0.0045,0.0,0.0,0.2812,0.0,0.0,0.0,0.0,0.0,0.0,0.2083,0.325,0.0,0.0,0.0,0.0
1917,8,WOLF,False,2,4,P1,VILLAGER,False,False,0,1,14,0,14,0.0,0.0,1.0,2,0,,0,0,8,0,0,0,6,0,,,0.0,,,,0.0,,0.417,0.4104,0.0066,0.389,0.3935,-0.0045,0.0,0.0,0.2812,0.0,0.0,0.0,0.0,0.0,0.0,0.2083,0.325,0.0,0.0,0.0,0.0
1918,8,WOLF,False,2,4,P1,VILLAGER,False,False,0,0,14,0,14,0.0,0.0,1.0,2,0,,0,0,8,0,0,0,6,0,,,0.0,,,,0.0,,0.4003,0.4204,-0.0201,0.4002,0.3868,0.0134,0.0,0.0,0.2812,0.0,0.0,0.0,0.0,0.0,0.0,0.0,0.45,0.0,0.0,0.0,0.0
1919,8,WOLF,False,2,4,P1,VILLAGER,False,False,0,1,14,0,14,0.0,0.0,1.0,2,0,,0,0,8,0,0,0,6,0,,,0.0,,,,0.0,,0.417,0.4104,0.0066,0.389,0.3935,-0.0045,0.0,0.0,0.2812,0.0,0.0,0.0,0.0,0.0,0.0,0.2083,0.325,0.0,0.0,0.0,0.0
1920,8,WOLF,False,2,4,P1,VILLAGER,False,False,0,1,14,0,14,0.0,0.0,1.0,2,0,,0,0,8,0,0,0,6,0,,,0.0,,,,0.0,,0.417,0.4104,0.0066,0.389,0.3935,-0.0045,0.0,0.0,0.2812,0.0,0.0,0.0,0.0,0.0,0.0,0.2083,0.325,0.0,0.0,0.0,0.0
1921,8,WOLF,False,2,4,P1,VILLAGER,False,False,0,1,14,0,14,0.0,0.0,1.0,2,0,,0,0,8,0,0,0,6,0,,,0.0,,,,0.0,,0.4003,0.4204,-0.0201,0.4002,0.3868,0.0134,0.0,0.0,0.2812,0.0,0.0,0.0,0.0,0.0,0.0,0.0,0.45,0.0,0.0,0.0,0.0
1922,8,WOLF,False,2,4,P1,VILLAGER,False,False,0,1,14,0,14,0.0,0.0,1.0,2,0,,0,0,8,0,0,0,6,0,,,0.0,,,,0.0,,0.4003,0.4204,-0.0201,0.4002,0.3868,0.0134,0.0,0.0,0.2812,0.0,0.0,0.0,0.0,0.0,0.0,0.0,0.45,0.0,0.0,0.0,0.0
1923,8,WOLF,False,2,4,P1,SEER,False,False,0,0,14,0,14,0.0,0.0,1.0,2,0,,0,0,8,0,0,0,6,0,,,0.0,,,,0.0,,0.4003,0.4204,-0.0201,0.4002,0.3868,0.0134,0.0,0.0,0.2812,0.0,0.0,0.0,0.0,0.0,0.0,0.0,0.45,0.0,0.0,0.0,0.0
1924,8,WOLF,False,2,4,P1,POSSESSED,False,True,0,1,14,0,14,0.0,0.0,1.0,2,0,,0,0,8,0,0,0,6,0,,,0.0,,,,0.0,,0.417,0.4104,0.0066,0.389,0.3935,-0.0045,0.0,0.0,0.2812,0.0,0.0,0.0,0.0,0.0,0.0,0.2083,0.325,0.0,0.0,0.0,0.0
1925,8,WOLF,False,2,4,P1,VILLAGER,False,False,0,1,14,0,14,0.0,0.0,1.0,2,0,,0,0,8,0,0,0,6,0,,,0.0,,,,0.0,,0.4005,0.4203,-0.0198,0.4003,0.3868,0.0135,0.0,0.0,0.2812,0.0,0.0,0.0,0.0,0.0,0.0,0.3333,0.25,0.0,0.0,0.0,0.0
1926,8,WOLF,False,2,4,P1,SEER,False,False,0,1,14,0,14,0.0,0.0,1.0,2,0,,0,0,8,0,0,0,6,0,,,0.0,,,,0.0,,0.4003,0.4204,-0.0201,0.4002,0.3868,0.0134,0.0,0.0,0.2812,0.0,0.0,0.0,0.0,0.0,0.0,0.0,0.45,0.0,0.0,0.0,0.0
1927,8,WOLF,False,2,4,P1,SEER,False,False,0,0,14,0,14,0.0,0.0,1.0,2,0,,0,0,8,0,0,0,6,0,,,0.0,,,,0.0,,0.4003,0.4204,-0.0201,0.4002,0.3868,0.0134,0.0,0.0,0.2812,0.0,0.0,0.0,0.0,0.0,0.0,0.0,0.45,0.0,0.0,0.0,0.0
1928,8,WOLF,False,2,4,P1,VILLAGER,False,False,0,1,14,0,14,0.0,0.0,1.0,2,0,,0,0,8,0,0,0,6,0,,,0.0,,,,0.0,,0.4005,0.4203,-0.0198,0.4003,0.3868,0.0135,0.0,0.0,0.2812,0.0,0.0,0.0,0.0,0.0,0.0,0.3333,0.25,0.0,0.0,0.0,0.0
1929,8,WOLF,False,2,4,P1,POSSESSED,False,True,0,1,14,0,14,0.0,0.0,1.0,2,0,,0,0,8,0,0,0,6,0,,,0.0,,,,0.0,,0.417,0.4104,0.0066,0.389,0.3935,-0.0045,0.0,0.0,0.2812,0.0,0.0,0.0,0.0,0.0,0.0,0.2083,0.325,0.0,0.0,0.0,0.0
1930,8,WOLF,False,2,4,P1,VILLAGER,False,False,0,1,14,0,14,0.0,0.0,1.0,2,0,,0,0,8,0,0,0,6,0,,,0.0,,,,0.0,,0.417,0.4104,0.0066,0.389,0.3935,-0.0045,0.0,0.0,0.2812,0.0,0.0,0.0,0.0,0.0,0.0,0.2083,0.325,0.0,0.0,0.0,0.0
1931,8,WOLF,False,2,4,P1,VILLAGER,False,False,0,1,14,0,14,0.0,0.0,1.0,2,0,,0,0,8,0,0,0,6,0,,,0.0,,,,0.0,,0.417,0.4104,0.0066,0.3891,0.3936,-0.0045,0.0,0.0,0.2812,0.0,0.0,0.0,0.0,0.0,0.0,0.2083,0.325,0.0,0.0,0.0,0.0
1932,8,WOLF,False,2,4,P1,VILLAGER,False,False,0,0,14,0,14,0.0,0.0,1.0,2,0,,0,0,8,0,0,0,6,0,,,0.0,,,,0.0,,0.4003,0.4204,-0.0201,0.4002,0.3869,0.0133,0.0,0.0,0.2812,0.0,0.0,0.0,0.0,0.0,0.0,0.0,0.45,0.0,0.0,0.0,0.0
1933,8,WOLF,False,2,4,P1,SEER,False,False,0,1,14,0,14,0.0,0.0,1.0,2,0,,0,0,8,0,0,0,6,0,,,0.0,,,,0.0,,0.417,0.4104,0.0066,0.3891,0.3936,-0.0045,0.0,0.0,0.2812,0.0,0.0,0.0,0.0,0.0,0.0,0.2083,0.325,0.0,0.0,0.0,0.0
1934,8,WOLF,False,2,4,P1,POSSESSED,False,True,0,1,14,0,14,0.0,0.0,1.0,2,0,,0,0,8,0,0,0,6,0,,,0.0,,,,0.0,,0.417,0.4104,0.0066,0.3891,0.3936,-0.0045,0.0,0.0,0.2812,0.0,0.0,0.0,0.0,0.0,0.0,0.2083,0.325,0.0,0.0,0.0,0.0
1935,8,WOLF,False,2,4,P1,VILLAGER,False,False,0,1,14,0,14,0.0,0.0,1.0,2,0,,0,0,8,0,0,0,6,0,,,0.0,,,,0.0,,0.4003,0.4204,-0.0201,0.4002,0.3869,0.0133,0.0,0.0,0.2812,0.0,0.0,0.0,0.0,0.0,0.0,0.0,0.45,0.0,0.0,0.0,0.0
1936,8,WOLF,False,2,4,P1,VILLAGER,False,False,0,1,14,0,14,0.0,0.0,1.0,2,0,,0,0,8,0,0,0,6,0,,,0.0,,,,0.0,,0.4005,0.4203,-0.0198,0.4003,0.3868,0.0135,0.0,0.0,0.2812,0.0,0.0,0.0,0.0,0.0,0.0,0.3333,0.25,0.0,0.0,0.0,0.0
1937,8,WOLF,False,2,4,P1,SEER,False,False,0,0,14,0,14,0.0,0.0,1.0,2,0,,0,0,8,0,0,0,6,0,,,0.0,,,,0.0,,0.4003,0.4204,-0.0201,0.4002,0.3869,0.0133,0.0,0.0,0.2812,0.0,0.0,0.0,0.0,0.0,0.0,0.0,0.45,0.0,0.0,0.0,0.0
1938,8,WOLF,False,2,4,P1,VILLAGER,False,False,0,1,14,0,14,0.0,0.0,1.0,2,0,,0,0,8,0,0,0,6,0,,,0.0,,,,0.0,,0.4005,0.4203,-0.0198,0.4003,0.3868,0.0135,0.0,0.0,0.2812,0.0,0.0,0.0,0.0,0.0,0.0,0.3333,0.25,0.0,0.0,0.0,0.0
1939,8,WOLF,False,2,4,P1,VILLAGER,False,False,0,1,14,0,14,0.0,0.0,1.0,2,0,,0,0,8,0,0,0,6,0,,,0.0,,,,0.0,,0.417,0.4104,0.0066,0.3891,0.3936,-0.0045,0.0,0.0,0.2812,0.0,0.0,0.0,0.0,0.0,0.0,0.2083,0.325,0.0,0.0,0.0,0.0
1940,8,WOLF,False,2,4,P1,VILLAGER,False,False,0,0,14,0,14,0.0,0.0,1.0,2,0,,0,0,8,0,0,0,6,0,,,0.0,,,,0.0,,0.4003,0.4204,-0.0201,0.4002,0.3869,0.0133,0.0,0.0,0.2812,0.0,0.0,0.0,0.0,0.0,0.0,0.0,0.45,0.0,0.0,0.0,0.0
1941,8,WOLF,False,2,4,P1,POSSESSED,False,True,0,1,14,0,14,0.0,0.0,1.0,2,0,,0,0,8,0,0,0,6,0,,,0.0,,,,0.0,,0.417,0.4104,0.0066,0.3891,0.3936,-0.0045,0.0,0.0,0.2812,0.0,0.0,0.0,0.0,0.0,0.0,0.2083,0.325,0.0,0.0,0.0,0.0
1942,8,WOLF,False,2,4,P1,POSSESSED,False,True,0,1,14,0,14,0.0,0.0,1.0,2,0,,0,0,8,0,0,0,6,0,,,0.0,,,,0.0,,0.417,0.4104,0.0066,0.3891,0.3936,-0.0045,0.0,0.0,0.2812,0.0,0.0,0.0,0.0,0.0,0.0,0.2083,0.325,0.0,0.0,0.0,0.0
1943,8,WOLF,False,2,4,P1,POSSESSED,False,True,0,1,14,0,14,0.0,0.0,1.0,2,0,,0,0,8,0,0,0,6,0,,,0.0,,,,0.0,,0.417,0.4104,0.0066,0.3891,0.3936,-0.0045,0.0,0.0,0.2812,0.0,0.0,0.0,0.0,0.0,0.0,0.2083,0.325,0.0,0.0,0.0,0.0
1944,8,WOLF,False,2,4,P1,VILLAGER,False,False,0,1,14,0,14,0.0,0.0,1.0,2,0,,0,0,8,0,0,0,6,0,,,0.0,,,,0.0,,0.417,0.4104,0.0066,0.3891,0.3936,-0.0045,0.0,0.0,0.2812,0.0,0.0,0.0,0.0,0.0,0.0,0.2083,0.325,0.0,0.0,0.0,0.0
1945,8,WOLF,False,2,4,P1,POSSESSED,False,True,0,1,14,0,14,0.0,0.0,1.0,2,0,,0,0,8,0,0,0,6,0,,,0.0,,,,0.0,,0.417,0.4104,0.0066,0.3891,0.3936,-0.0045,0.0,0.0,0.2812,0.0,0.0,0.0,0.0,0.0,0.0,0.2083,0.325,0.0,0.0,0.0,0.0
1946,8,WOLF,False,2,4,P1,VILLAGER,False,False,0,0,14,0,14,0.0,0.0,1.0,2,0,,0,0,8,0,0,0,6,0,,,0.0,,,,0.0,,0.4003,0.4204,-0.0201,0.4002,0.3869,0.0133,0.0,0.0,0.2812,0.0,0.0,0.0,0.0,0.0,0.0,0.0,0.45,0.0,0.0,0.0,0.0
1947,8,WOLF,False,2,4,P1,VILLAGER,False,False,0,0,14,0,14,0.0,0.0,1.0,2,0,,0,0,8,0,0,0,6,0,,,0.0,,,,0.0,,0.4003,0.4204,-0.0201,0.4002,0.3869,0.0133,0.0,0.0,0.2812,0.0,0.0,0.0,0.0,0.0,0.0,0.0,0.45,0.0,0.0,0.0,0.0
1948,8,WOLF,False,2,4,P1,VILLAGER,False,False,0,0,14,0,14,0.0,0.0,1.0,2,0,,0,0,8,0,0,0,6,0,,,0.0,,,,0.0,,0.4003,0.4204,-0.0201,0.4002,0.3869,0.0133,0.0,0.0,0.2812,0.0,0.0,0.0,0.0,0.0,0.0,0.0,0.45,0.0,0.0,0.0,0.0
1949,8,WOLF,False,2,4,P1,VILLAGER,False,False,0,1,14,0,14,0.0,0.0,1.0,2,0,,0,0,8,0,0,0,6,0,,,0.0,,,,0.0,,0.4005,0.4203,-0.0198,0.4003,0.3869,0.0134,0.0,0.0,0.2812,0.0,0.0,0.0,0.0,0.0,0.0,0.3333,0.25,0.0,0.0,0.0,0.0
1950,8,WOLF,False,2,4,P1,VILLAGER,False,False,0,1,14,0,14,0.0,0.0,1.0,2,0,,0,0,8,0,0,0,6,0,,,0.0,,,,0.0,,0.417,0.4104,0.0066,0.3891,0.3936,-0.0045,0.0,0.0,0.2812,0.0,0.0,0.0,0.0,0.0,0.0,0.2083,0.325,0.0,0.0,0.0,0.0
1951,8,WOLF,False,2,4,P1,POSSESSED,False,True,0,1,14,0,14,0.0,0.0,1.0,2,0,,0,0,8,0,0,0,6,0,,,0.0,,,,0.0,,0.417,0.4104,0.0066,0.3891,0.3936,-0.0045,0.0,0.0,0.2812,0.0,0.0,0.0,0.0,0.0,0.0,0.2083,0.325,0.0,0.0,0.0,0.0
1952,8,WOLF,False,2,4,P1,SEER,False,False,0,1,14,0,14,0.0,0.0,1.0,2,0,,0,0,8,0,0,0,6,0,,,0.0,,,,0.0,,0.4005,0.4203,-0.0198,0.4003,0.3869,0.0134,0.0,0.0,0.2812,0.0,0.0,0.0,0.0,0.0,0.0,0.3333,0.25,0.0,0.0,0.0,0.0
1953,8,WOLF,False,2,4,P1,VILLAGER,False,False,0,1,14,0,14,0.0,0.0,1.0,2,0,,0,0,8,0,0,0,6,0,,,0.0,,,,0.0,,0.417,0.4104,0.0066,0.3891,0.3936,-0.0045,0.0,0.0,0.2812,0.0,0.0,0.0,0.0,0.0,0.0,0.2083,0.325,0.0,0.0,0.0,0.0
1954,8,WOLF,False,2,4,P1,VILLAGER,False,False,0,0,14,0,14,0.0,0.0,1.0,2,0,,0,0,8,0,0,0,6,0,,,0.0,,,,0.0,,0.4003,0.4204,-0.0201,0.4002,0.3869,0.0133,0.0,0.0,0.2812,0.0,0.0,0.0,0.0,0.0,0.0,0.0,0.45,0.0,0.0,0.0,0.0
1955,8,WOLF,False,2,4,P1,VILLAGER,False,False,0,0,14,0,14,0.0,0.0,1.0,2,0,,0,0,8,0,0,0,6,0,,,0.0,,,,0.0,,0.4003,0.4204,-0.0201,0.4002,0.3869,0.0133,0.0,0.0,0.2812,0.0,0.0,0.0,0.0,0.0,0.0,0.0,0.45,0.0,0.0,0.0,0.0
1956,8,WOLF,False,2,4,P1,VILLAGER,False,False,0,0,14,0,14,0.0,0.0,1.0,2,0,,0,0,8,0,0,0,6,0,,,0.0,,,,0.0,,0.4003,0.4204,-0.0201,0.4002,0.387,0.0132,0.0,0.0,0.2812,0.0,0.0,0.0,0.0,0.0,0.0,0.0,0.45,0.0,0.0,0.0,0.0
1957,8,WOLF,False,2,4,P1,VILLAGER,False,False,0,1,14,0,14,0.0,0.0,1.0,2,0,,0,0,8,0,0,0,6,0,,,0.0,,,,0.0,,0.4005,0.4203,-0.0198,0.4003,0.3869,0.0134,0.0,0.0,0.2812,0.0,0.0,0.0,0.0,0.0,0.0,0.3333,0.25,0.0,0.0,0.0,0.0
1958,8,WOLF,False,2,4,P1,VILLAGER,False,False,0,0,14,0,14,0.0,0.0,1.0,2,0,,0,0,8,0,0,0,6,0,,,0.0,,,,0.0,,0.4003,0.4204,-0.0201,0.4002,0.387,0.0132,0.0,0.0,0.2812,0.0,0.0,0.0,0.0,0.0,0.0,0.0,0.45,0.0,0.0,0.0,0.0
1959,8,WOLF,False,2,4,P1,POSSESSED,False,True,0,1,14,0,14,0.0,0.0,1.0,2,0,,0,0,8,0,0,0,6,0,,,0.0,,,,0.0,,0.417,0.4104,0.0066,0.3891,0.3936,-0.0045,0.0,0.0,0.2812,0.0,0.0,0.0,0.0,0.0,0.0,0.2083,0.325,0.0,0.0,0.0,0.0
1960,8,WOLF,False,2,4,P1,VILLAGER,False,False,0,1,14,0,14,0.0,0.0,1.0,2,0,,0,0,8,0,0,0,6,0,,,0.0,,,,0.0,,0.417,0.4104,0.0066,0.3891,0.3936,-0.0045,0.0,0.0,0.2812,0.0,0.0,0.0,0.0,0.0,0.0,0.2083,0.325,0.0,0.0,0.0,0.0
1961,8,WOLF,False,2,4,P1,VILLAGER,False,False,0,0,14,0,14,0.0,0.0,1.0,2,0,,0,0,8,0,0,0,6,0,,,0.0,,,,0.0,,0.4003,0.4204,-0.0201,0.4002,0.387,0.0132,0.0,0.0,0.2812,0.0,0.0,0.0,0.0,0.0,0.0,0.0,0.45,0.0,0.0,0.0,0.0
1962,8,WOLF,False,2,4,P1,VILLAGER,False,False,0,1,14,0,14,0.0,0.0,1.0,2,0,,0,0,8,0,0,0,6,0,,,0.0,,,,0.0,,0.4003,0.4204,-0.0201,0.4002,0.387,0.0132,0.0,0.0,0.2812,0.0,0.0,0.0,0.0,0.0,0.0,0.0,0.45,0.0,0.0,0.0,0.0
1963,8,WOLF,False,2,4,P1,POSSESSED,False,True,0,1,14,0,14,0.0,0.0,1.0,2,0,,0,0,8,0,0,0,6,0,,,0.0,,,,0.0,,0.417,0.4104,0.0066,0.3891,0.3936,-0.0045,0.0,0.0,0.2812,0.0,0.0,0.0,0.0,0.0,0.0,0.2083,0.325,0.0,0.0,0.0,0.0
1964,8,WOLF,False,2,4,P1,VILLAGER,False,False,0,1,14,0,14,0.0,0.0,1.0,2,0,,0,0,8,0,0,0,6,0,,,0.0,,,,0.0,,0.4003,0.4204,-0.0201,0.4002,0.387,0.0132,0.0,0.0,0.2812,0.0,0.0,0.0,0.0,0.0,0.0,0.0,0.45,0.0,0.0,0.0,0.0
1965,8,WOLF,False,2,4,P1,SEER,False,False,0,0,14,0,14,0.0,0.0,1.0,2,0,,0,0,8,0,0,0,6,0,,,0.0,,,,0.0,,0.4003,0.4204,-0.0201,0.4002,0.387,0.0132,0.0,0.0,0.2812,0.0,0.0,0.0,0.0,0.0,0.0,0.0,0.45,0.0,0.0,0.0,0.0
1966,8,WOLF,False,2,4,P1,VILLAGER,False,False,0,0,14,0,14,0.0,0.0,1.0,2,0,,0,0,8,0,0,0,6,0,,,0.0,,,,0.0,,0.4003,0.4204,-0.0201,0.4002,0.387,0.0132,0.0,0.0,0.2812,0.0,0.0,0.0,0.0,0.0,0.0,0.0,0.45,0.0,0.0,0.0,0.0
1967,8,WOLF,False,2,4,P1,VILLAGER,False,False,0,1,14,0,14,0.0,0.0,1.0,2,0,,0,0,8,0,0,0,6,0,,,0.0,,,,0.0,,0.417,0.4104,0.0066,0.3891,0.3936,-0.0045,0.0,0.0,0.2812,0.0,0.0,0.0,0.0,0.0,0.0,0.2083,0.325,0.0,0.0,0.0,0.0
1968,8,WOLF,False,2,4,P1,VILLAGER,False,False,0,0,14,0,14,0.0,0.0,1.0,2,0,,0,0,8,0,0,0,6,0,,,0.0,,,,0.0,,0.4003,0.4204,-0.0201,0.4002,0.387,0.0132,0.0,0.0,0.2812,0.0,0.0,0.0,0.0,0.0,0.0,0.0,0.45,0.0,0.0,0.0,0.0
1969,8,WOLF,False,2,4,P1,POSSESSED,False,True,0,1,14,0,14,0.0,0.0,1.0,2,0,,0,0,8,0,0,0,6,0,,,0.0,,,,0.0,,0.417,0.4104,0.0066,0.3891,0.3936,-0.0045,0.0,0.0,0.2812,0.0,0.0,0.0,0.0,0.0,0.0,0.2083,0.325,0.0,0.0,0.0,0.0
1970,8,WOLF,False,2,4,P1,VILLAGER,False,False,0,1,14,0,14,0.0,0.0,1.0,2,0,,0,0,8,0,0,0,6,0,,,0.0,,,,0.0,,0.417,0.4104,0.0066,0.3892,0.3936,-0.0044,0.0,0.0,0.2812,0.0,0.0,0.0,0.0,0.0,0.0,0.2083,0.325,0.0,0.0,0.0,0.0
1971,8,WOLF,False,2,4,P1,VILLAGER,False,False,0,0,14,0,14,0.0,0.0,1.0,2,0,,0,0,8,0,0,0,6,0,,,0.0,,,,0.0,,0.4003,0.4204,-0.0201,0.4002,0.387,0.0132,0.0,0.0,0.2812,0.0,0.0,0.0,0.0,0.0,0.0,0.0,0.45,0.0,0.0,0.0,0.0
1972,8,WOLF,False,2,4,P1,SEER,False,False,0,1,14,0,14,0.0,0.0,1.0,2,0,,0,0,8,0,0,0,6,0,,,0.0,,,,0.0,,0.4005,0.4203,-0.0198,0.4003,0.387,0.0133,0.0,0.0,0.2812,0.0,0.0,0.0,0.0,0.0,0.0,0.3333,0.25,0.0,0.0,0.0,0.0
1973,8,WOLF,False,2,4,P1,VILLAGER,False,False,0,0,14,0,14,0.0,0.0,1.0,2,0,,0,0,8,0,0,0,6,0,,,0.0,,,,0.0,,0.4003,0.4204,-0.0201,0.4002,0.387,0.0132,0.0,0.0,0.2812,0.0,0.0,0.0,0.0,0.0,0.0,0.0,0.45,0.0,0.0,0.0,0.0
1974,8,WOLF,False,2,4,P1,VILLAGER,False,False,0,1,14,0,14,0.0,0.0,1.0,2,0,,0,0,8,0,0,0,6,0,,,0.0,,,,0.0,,0.417,0.4104,0.0066,0.3892,0.3936,-0.0044,0.0,0.0,0.2812,0.0,0.0,0.0,0.0,0.0,0.0,0.2083,0.325,0.0,0.0,0.0,0.0
1975,8,WOLF,False,2,4,P1,VILLAGER,False,False,0,1,14,0,14,0.0,0.0,1.0,2,0,,0,0,8,0,0,0,6,0,,,0.0,,,,0.0,,0.417,0.4104,0.0066,0.3892,0.3936,-0.0044,0.0,0.0,0.2812,0.0,0.0,0.0,0.0,0.0,0.0,0.2083,0.325,0.0,0.0,0.0,0.0
1976,8,WOLF,False,2,4,P1,VILLAGER,False,False,0,1,14,0,14,0.0,0.0,1.0,2,0,,0,0,8,0,0,0,6,0,,,0.0,,,,0.0,,0.4005,0.4203,-0.0198,0.4003,0.387,0.0133,0.0,0.0,0.2812,0.0,0.0,0.0,0.0,0.0,0.0,0.3333,0.25,0.0,0.0,0.0,0.0
1977,8,WOLF,False,2,4,P1,VILLAGER,False,False,0,0,14,0,14,0.0,0.0,1.0,2,0,,0,0,8,0,0,0,6,0,,,0.0,,,,0.0,,0.4003,0.4204,-0.0201,0.4002,0.387,0.0132,0.0,0.0,0.2812,0.0,0.0,0.0,0.0,0.0,0.0,0.0,0.45,0.0,0.0,0.0,0.0
1978,8,WOLF,False,2,4,P1,POSSESSED,False,True,0,1,14,0,14,0.0,0.0,1.0,2,0,,0,0,8,0,0,0,6,0,,,0.0,,,,0.0,,0.417,0.4104,0.0066,0.3892,0.3936,-0.0044,0.0,0.0,0.2812,0.0,0.0,0.0,0.0,0.0,0.0,0.2083,0.325,0.0,0.0,0.0,0.0
1979,8,WOLF,False,2,4,P1,VILLAGER,False,False,0,1,14,0,14,0.0,0.0,1.0,2,0,,0,0,8,0,0,0,6,0,,,0.0,,,,0.0,,0.417,0.4104,0.0066,0.3892,0.3936,-0.0044,0.0,0.0,0.2812,0.0,0.0,0.0,0.0,0.0,0.0,0.2083,0.325,0.0,0.0,0.0,0.0
1980,8,WOLF,False,2,4,P1,VILLAGER,False,False,0,1,14,0,14,0.0,0.0,1.0,2,0,,0,0,8,0,0,0,6,0,,,0.0,,,,0.0,,0.417,0.4104,0.0066,0.3892,0.3936,-0.0044,0.0,0.0,0.2812,0.0,0.0,0.0,0.0,0.0,0.0,0.2083,0.325,0.0,0.0,0.0,0.0
1981,8,WOLF,False,2,4,P1,VILLAGER,False,False,0,1,14,0,14,0.0,0.0,1.0,2,0,,0,0,8,0,0,0,6,0,,,0.0,,,,0.0,,0.417,0.4104,0.0066,0.3892,0.3936,-0.0044,0.0,0.0,0.2812,0.0,0.0,0.0,0.0,0.0,0.0,0.2083,0.325,0.0,0.0,0.0,0.0
1982,8,WOLF,False,2,4,P1,VILLAGER,False,False,0,1,14,0,14,0.0,0.0,1.0,2,0,,0,0,8,0,0,0,6,0,,,0.0,,,,0.0,,0.417,0.4104,0.0066,0.3892,0.3936,-0.0044,0.0,0.0,0.2812,0.0,0.0,0.0,0.0,0.0,0.0,0.2083,0.325,0.0,0.0,0.0,0.0
1983,8,WOLF,False,2,4,P1,VILLAGER,False,False,0,1,14,0,14,0.0,0.0,1.0,2,0,,0,0,8,0,0,0,6,0,,,0.0,,,,0.0,,0.417,0.4104,0.0066,0.3892,0.3936,-0.0044,0.0,0.0,0.2812,0.0,0.0,0.0,0.0,0.0,0.0,0.2083,0.325,0.0,0.0,0.0,0.0
1984,8,WOLF,False,2,4,P1,VILLAGER,False,False,0,0,14,0,14,0.0,0.0,1.0,2,0,,0,0,8,0,0,0,6,0,,,0.0,,,,0.0,,0.4003,0.4204,-0.0201,0.4002,0.387,0.0132,0.0,0.0,0.2812,0.0,0.0,0.0,0.0,0.0,0.0,0.0,0.45,0.0,0.0,0.0,0.0
1985,8,WOLF,False,2,4,P1,VILLAGER,False,False,0,0,14,0,14,0.0,0.0,1.0,2,0,,0,0,8,0,0,0,6,0,,,0.0,,,,0.0,,0.4003,0.4204,-0.0201,0.4002,0.387,0.0132,0.0,0.0,0.2812,0.0,0.0,0.0,0.0,0.0,0.0,0.0,0.45,0.0,0.0,0.0,0.0
1986,8,WOLF,False,2,4,P1,VILLAGER,False,False,0,1,14,0,14,0.0,0.0,1.0,2,0,,0,0,8,0,0,0,6,0,,,0.0,,,,0.0,,0.417,0.4104,0.0066,0.3892,0.3936,-0.0044,0.0,0.0,0.2812,0.0,0.0,0.0,0.0,0.0,0.0,0.2083,0.325,0.0,0.0,0.0,0.0
1987,8,WOLF,False,2,4,P1,VILLAGER,False,False,0,1,14,0,14,0.0,0.0,1.0,2,0,,0,0,8,0,0,0,6,0,,,0.0,,,,0.0,,0.4005,0.4203,-0.0198,0.4003,0.387,0.0133,0.0,0.0,0.2812,0.0,0.0,0.0,0.0,0.0,0.0,0.3333,0.25,0.0,0.0,0.0,0.0
1988,8,WOLF,False,2,4,P1,VILLAGER,False,False,0,0,14,0,14,0.0,0.0,1.0,2,0,,0,0,8,0,0,0,6,0,,,0.0,,,,0.0,,0.4003,0.4204,-0.0201,0.4002,0.387,0.0132,0.0,0.0,0.2812,0.0,0.0,0.0,0.0,0.0,0.0,0.0,0.45,0.0,0.0,0.0,0.0
1989,8,WOLF,False,2,4,P1,VILLAGER,False,False,0,0,14,0,14,0.0,0.0,1.0,2,0,,0,0,8,0,0,0,6,0,,,0.0,,,,0.0,,0.4003,0.4204,-0.0201,0.4002,0.387,0.0132,0.0,0.0,0.2812,0.0,0.0,0.0,0.0,0.0,0.0,0.0,0.45,0.0,0.0,0.0,0.0
1990,8,WOLF,False,2,4,P1,VILLAGER,False,False,0,1,14,0,14,0.0,0.0,1.0,2,0,,0,0,8,0,0,0,6,0,,,0.0,,,,0.0,,0.4003,0.4204,-0.0201,0.4002,0.387,0.0132,0.0,0.0,0.2812,0.0,0.0,0.0,0.0,0.0,0.0,0.0,0.45,0.0,0.0,0.0,0.0
1991,8,WOLF,False,2,4,P1,VILLAGER,False,False,0,1,14,0,14,0.0,0.0,1.0,2,0,,0,0,8,0,0,0,6,0,,,0.0,,,,0.0,,0.4005,0.4203,-0.0198,0.4003,0.387,0.0133,0.0,0.0,0.2812,0.0,0.0,0.0,0.0,0.0,0.0,0.3333,0.25,0.0,0.0,0.0,0.0
1992,8,WOLF,False,2,4,P1,VILLAGER,False,False,0,1,14,0,14,0.0,0.0,1.0,2,0,,0,0,8,0,0,0,6,0,,,0.0,,,,0.0,,0.417,0.4104,0.0066,0.3892,0.3936,-0.0044,0.0,0.0,0.2812,0.0,0.0,0.0,0.0,0.0,0.0,0.2083,0.325,0.0,0.0,0.0,0.0
1993,8,WOLF,False,2,4,P1,SEER,False,False,0,0,14,0,14,0.0,0.0,1.0,2,0,,0,0,8,0,0,0,6,0,,,0.0,,,,0.0,,0.4003,0.4204,-0.0201,0.4002,0.387,0.0132,0.0,0.0,0.2812,0.0,0.0,0.0,0.0,0.0,0.0,0.0,0.45,0.0,0.0,0.0,0.0
1994,8,WOLF,False,2,4,P1,VILLAGER,False,False,0,1,14,0,14,0.0,0.0,1.0,2,0,,0,0,8,0,0,0,6,0,,,0.0,,,,0.0,,0.4005,0.4203,-0.0198,0.4003,0.387,0.0133,0.0,0.0,0.2812,0.0,0.0,0.0,0.0,0.0,0.0,0.3333,0.25,0.0,0.0,0.0,0.0
1995,8,WOLF,False,2,4,P1,VILLAGER,False,False,0,1,14,0,14,0.0,0.0,1.0,2,0,,0,0,8,0,0,0,6,0,,,0.0,,,,0.0,,0.4003,0.4204,-0.0201,0.4002,0.387,0.0132,0.0,0.0,0.2812,0.0,0.0,0.0,0.0,0.0,0.0,0.0,0.45,0.0,0.0,0.0,0.0
1996,8,WOLF,False,2,4,P1,VILLAGER,False,False,0,1,14,0,14,0.0,0.0,1.0,2,0,,0,0,8,0,0,0,6,0,,,0.0,,,,0.0,,0.4003,0.4204,-0.0201,0.4002,0.387,0.0132,0.0,0.0,0.2812,0.0,0.0,0.0,0.0,0.0,0.0,0.0,0.45,0.0,0.0,0.0,0.0
1997,8,WOLF,False,2,4,P1,SEER,False,False,0,0,14,0,14,0.0,0.0,1.0,2,0,,0,0,8,0,0,0,6,0,,,0.0,,,,0.0,,0.4003,0.4204,-0.0201,0.4002,0.387,0.0132,0.0,0.0,0.2812,0.0,0.0,0.0,0.0,0.0,0.0,0.0,0.45,0.0,0.0,0.0,0.0
1998,8,WOLF,False,2,4,P1,VILLAGER,False,False,0,0,14,0,14,0.0,0.0,1.0,2,0,,0,0,8,0,0,0,6,0,,,0.0,,,,0.0,,0.4003,0.4204,-0.0201,0.4002,0.387,0.0132,0.0,0.0,0.2812,0.0,0.0,0.0,0.0,0.0,0.0,0.0,0.45,0.0,0.0,0.0,0.0
1999,8,WOLF,False,2,4,P1,VILLAGER,False,False,0,0,14,0,14,0.0,0.0,1.0,2,0,,0,0,8,0,0,0,6,0,,,0.0,,,,0.0,,0.4003,0.4204,-0.0201,0.4002,0.3871,0.0131,0.0,0.0,0.2812,0.0,0.0,0.0,0.0,0.0,0.0,0.0,0.45,0.0,0.0,0.0,0.0
