game_id,n_rows,a1,a2,a3,a4,a5,w1,w2,avg_loss_sigma,avg_loss_combined
0,30,0.300062,0.150031,0.199835,0.200041,0.150031,0.599839,0.400161,0.118163,0.121632
1,24,0.30051,0.150255,0.198392,0.20034,0.150504,0.599902,0.400098,0.130684,0.123707
2,30,0.301067,0.150316,0.19763,0.200422,0.150565,0.599831,0.400169,0.119553,0.119212
3,24,0.30109,0.150328,0.197568,0.200437,0.150577,0.599642,0.400358,0.120943,0.12486
4,30,0.301156,0.150361,0.197391,0.200481,0.15061,0.599567,0.400433,0.115302,0.113336
5,30,0.301172,0.150433,0.196937,0.200577,0.150881,0.59968,0.40032,0.123293,0.108557
6,30,0.301429,0.150561,0.196251,0.200749,0.15101,0.599688,0.400312,0.123447,0.116785
7,30,0.302348,0.150478,0.19561,0.200638,0.150926,0.599542,0.400458,0.097991,0.097779
8,30,0.302346,0.150477,0.195615,0.200636,0.150925,0.599465,0.400535,0.117984,0.119752
9,24,0.302455,0.150531,0.195326,0.200709,0.15098,0.599389,0.400611,0.121522,0.122873
10,24,0.302442,0.150625,0.194779,0.200833,0.151322,0.599417,0.400583,0.117183,0.108855
11,30,0.303186,0.150623,0.19384,0.200831,0.151519,0.599234,0.400766,0.110982,0.115842
12,30,0.303413,0.150735,0.193241,0.20098,0.151631,0.599208,0.400792,0.119788,0.115622
13,30,0.303379,0.150758,0.192984,0.20101,0.15187,0.599149,0.400851,0.119698,0.120613
14,30,0.303284,0.150751,0.192688,0.201001,0.152276,0.599087,0.400913,0.119383,0.120483
15,30,0.303356,0.150786,0.192498,0.201048,0.152311,0.599117,0.400883,0.109065,0.099466
16,30,0.303514,0.150864,0.192082,0.201151,0.152389,0.599089,0.400911,0.119546,0.115518
17,30,0.303762,0.150882,0.191773,0.201176,0.152408,0.598909,0.401091,0.116349,0.120694
18,30,0.303833,0.150917,0.191583,0.201223,0.152444,0.598939,0.401061,0.109072,0.099469
19,30,0.303894,0.150948,0.19142,0.201263,0.152474,0.598779,0.401221,0.118159,0.121635
20,24,0.303917,0.150959,0.19136,0.201278,0.152486,0.598692,0.401308,0.128772,0.130754
21,24,0.303903,0.150952,0.191397,0.201269,0.152479,0.598582,0.401418,0.126423,0.129902
22,30,0.304391,0.150951,0.190912,0.201268,0.152478,0.598492,0.401508,0.119108,0.120487
23,30,0.304423,0.151006,0.190695,0.201342,0.152534,0.598435,0.401565,0.119861,0.120677
24,30,0.304279,0.150955,0.191011,0.201273,0.152482,0.598409,0.401591,0.120828,0.114862
25,24,0.304586,0.150847,0.191065,0.201129,0.152373,0.598077,0.401923,0.108022,0.117877
26,30,0.305067,0.150822,0.190666,0.201096,0.152348,0.597922,0.402078,0.111292,0.115742
27,30,0.304925,0.150835,0.190767,0.201113,0.15236,0.597838,0.402162,0.134198,0.133402
28,30,0.305258,0.151,0.189881,0.201333,0.152527,0.597849,0.402151,0.123644,0.116896
29,24,0.305499,0.151119,0.189244,0.201492,0.152647,0.59781,0.40219,0.125128,0.12439
30,30,0.305543,0.151141,0.188713,0.201521,0.153082,0.597767,0.402233,0.121267,0.121167
31,24,0.30546,0.151149,0.18877,0.201532,0.15309,0.597681,0.402319,0.12778,0.126023
32,24,0.305656,0.151192,0.18818,0.201589,0.153383,0.597763,0.402237,0.114575,0.100457
33,24,0.305758,0.151341,0.187579,0.201788,0.153534,0.597745,0.402255,0.135645,0.133538
34,30,0.305712,0.151218,0.188037,0.201624,0.153409,0.597514,0.402486,0.12141,0.130495
35,30,0.306146,0.151162,0.187376,0.20155,0.153766,0.597399,0.402601,0.11658,0.119459
36,24,0.306212,0.151293,0.186871,0.201725,0.153899,0.597358,0.402642,0.133308,0.132682
37,24,0.306982,0.151343,0.185934,0.201791,0.153949,0.59723,0.40277,0.107363,0.104191
38,30,0.307609,0.151411,0.185081,0.201881,0.154018,0.596979,0.403021,0.111735,0.115683
39,30,0.307644,0.151468,0.18464,0.201957,0.154292,0.596838,0.403162,0.119878,0.122501
40,30,0.308021,0.151618,0.183758,0.202158,0.154445,0.596894,0.403106,0.122886,0.111595
41,30,0.307851,0.151725,0.183355,0.2023,0.154769,0.596962,0.403038,0.12062,0.110953
42,30,0.307649,0.151625,0.183893,0.202167,0.154667,0.596815,0.403185,0.128781,0.134723
43,30,0.307755,0.151662,0.183446,0.202216,0.154921,0.596802,0.403198,0.125958,0.124177
44,24,0.307608,0.15159,0.183837,0.20212,0.154846,0.596553,0.403447,0.114734,0.122366
45,30,0.307983,0.15163,0.183326,0.202173,0.154887,0.596487,0.403513,0.115969,0.113689
46,24,0.308306,0.151789,0.182472,0.202385,0.15505,0.596516,0.403484,0.127147,0.122367
47,30,0.308412,0.151826,0.182025,0.202434,0.155303,0.596503,0.403497,0.125959,0.124178
48,30,0.308378,0.151848,0.181768,0.202464,0.155541,0.59636,0.40364,0.119653,0.122394
49,24,0.308368,0.151942,0.181214,0.202589,0.155886,0.596322,0.403678,0.125237,0.124461
50,30,0.308165,0.151842,0.181754,0.202456,0.155783,0.59624,0.40376,0.128812,0.12659
51,30,0.308406,0.151961,0.181114,0.202614,0.155905,0.596119,0.403881,0.121894,0.123236
52,24,0.308582,0.152047,0.180149,0.20273,0.156491,0.596081,0.403919,0.125203,0.124438
53,24,0.30929,0.152157,0.178825,0.202876,0.156853,0.595964,0.404036,0.11818,0.120503
54,30,0.309289,0.152157,0.178825,0.202876,0.156853,0.595994,0.404006,0.108885,0.09942
55,30,0.309766,0.152248,0.178043,0.202997,0.156946,0.595964,0.404036,0.119733,0.114953
56,30,0.309742,0.152236,0.178106,0.202982,0.156934,0.595856,0.404144,0.132564,0.136331
57,30,0.309989,0.152143,0.178172,0.202858,0.156838,0.595668,0.404332,0.125291,0.132394
58,30,0.309979,0.152221,0.177722,0.202961,0.157117,0.595703,0.404297,0.123233,0.11542
59,30,0.310197,0.152185,0.177626,0.202913,0.15708,0.59549,0.40451,0.12417,0.130277
60,24,0.310265,0.152317,0.177113,0.203089,0.157216,0.595449,0.404551,0.13328,0.132673
61,30,0.31051,0.152292,0.176952,0.203056,0.15719,0.595302,0.404698,0.111661,0.116322
62,30,0.311137,0.152429,0.175862,0.203239,0.157332,0.595077,0.404923,0.114329,0.116474
63,24,0.311206,0.152561,0.175348,0.203415,0.157469,0.595041,0.404959,0.125396,0.12453
64,24,0.311534,0.152496,0.175242,0.203328,0.157401,0.594847,0.405153,0.110561,0.117277
65,24,0.311637,0.152546,0.174971,0.203394,0.157452,0.594834,0.405166,0.123013,0.120618
66,24,0.311398,0.152429,0.175602,0.203239,0.157332,0.594684,0.405316,0.122455,0.128181
67,30,0.310991,0.152419,0.175631,0.203225,0.157734,0.594659,0.405341,0.129838,0.128433
68,30,0.311267,0.152411,0.175381,0.203215,0.157726,0.594604,0.405396,0.111831,0.106888
69,30,0.31131,0.152432,0.174853,0.203243,0.158161,0.59456,0.40544,0.121136,0.121113
70,24,0.311371,0.152511,0.174278,0.203348,0.158491,0.594584,0.405416,0.123847,0.11595
71,30,0.311672,0.152574,0.173767,0.203431,0.158556,0.594427,0.405573,0.119201,0.120905
72,24,0.312041,0.152754,0.172788,0.203673,0.158744,0.594414,0.405586,0.127784,0.125409
73,24,0.312143,0.152804,0.172517,0.203739,0.158796,0.594401,0.405599,0.123011,0.120619
74,24,0.312253,0.152858,0.172227,0.203811,0.158852,0.59432,0.40568,0.129326,0.130985
75,24,0.312548,0.152998,0.171459,0.203998,0.158997,0.594322,0.405678,0.124404,0.121282
76,30,0.312185,0.152978,0.171477,0.203971,0.159389,0.594362,0.405638,0.128658,0.120834
77,24,0.312487,0.152889,0.171477,0.203852,0.159296,0.594137,0.405863,0.115749,0.124379
78,30,0.312911,0.152854,0.17117,0.203805,0.15926,0.593995,0.406005,0.112047,0.116503
79,30,0.313596,0.153079,0.169725,0.204106,0.159494,0.593932,0.406068,0.109718,0.103696
80,30,0.313499,0.153221,0.169345,0.204294,0.159642,0.593952,0.406048,0.127791,0.123507
81,30,0.313563,0.153252,0.169173,0.204336,0.159675,0.593794,0.406206,0.11818,0.121629
82,24,0.313672,0.153403,0.168557,0.204537,0.159832,0.593776,0.406224,0.135531,0.133514
83,24,0.313665,0.153497,0.167996,0.204663,0.160179,0.593738,0.406262,0.125162,0.124421
84,24,0.314468,0.153551,0.166763,0.204735,0.160483,0.593646,0.406354,0.115881,0.116739
85,24,0.315255,0.153597,0.165821,0.204796,0.160531,0.593526,0.406474,0.113125,0.115538
86,24,0.31525,0.153691,0.165259,0.204922,0.160878,0.593488,0.406512,0.125145,0.124421
87,30,0.315388,0.153545,0.165615,0.204727,0.160725,0.593244,0.406756,0.11978,0.129915
88,24,0.315645,0.153671,0.164685,0.204894,0.161105,0.593202,0.406798,0.133093,0.132597
89,30,0.316181,0.153671,0.163736,0.204895,0.161518,0.593131,0.406869,0.120947,0.121026
90,24,0.316428,0.153791,0.163083,0.205055,0.161644,0.59309,0.40691,0.124876,0.124292
91,30,0.316968,0.153813,0.162468,0.205084,0.161667,0.593138,0.406862,0.116499,0.105957
92,24,0.317041,0.153848,0.162275,0.205131,0.161704,0.593036,0.406964,0.127067,0.130142
93,24,0.317116,0.153981,0.16175,0.205309,0.161844,0.592995,0.407005,0.133235,0.132652
94,24,0.31719,0.154115,0.161225,0.205486,0.161984,0.592954,0.407046,0.133235,0.132652
95,24,0.317222,0.154227,0.160563,0.205636,0.162351,0.592937,0.407063,0.127367,0.125247
96,30,0.317559,0.154391,0.159672,0.205855,0.162523,0.592946,0.407054,0.123242,0.116828
97,30,0.318288,0.154457,0.158719,0.205943,0.162593,0.592781,0.407219,0.107925,0.107813
98,30,0.318665,0.15464,0.157507,0.206187,0.163001,0.592827,0.407173,0.118376,0.110029
99,24,0.318583,0.154697,0.156901,0.206262,0.163558,0.592782,0.407218,0.132808,0.132483
100,24,0.318579,0.154792,0.156333,0.206389,0.163907,0.592739,0.407261,0.133013,0.132568
101,30,0.319311,0.154726,0.155826,0.206301,0.163837,0.592442,0.407558,0.0981,0.108768
102,24,0.319533,0.154829,0.155005,0.206439,0.164195,0.592441,0.407559,0.124092,0.121172
103,30,0.319835,0.154763,0.154516,0.20635,0.164537,0.592292,0.407708,0.12902,0.134084
104,30,0.320171,0.154862,0.153628,0.206482,0.164857,0.592225,0.407775,0.119686,0.119433
105,30,0.320773,0.154997,0.152567,0.206662,0.165001,0.592211,0.407789,0.121029,0.115715
106,24,0.320955,0.155133,0.151923,0.206844,0.165146,0.592257,0.407743,0.126135,0.116716
107,30,0.322121,0.155099,0.150872,0.206798,0.16511,0.591989,0.408011,0.102551,0.111864
108,30,0.322582,0.155105,0.149978,0.206806,0.165529,0.591898,0.408102,0.117067,0.118596
109,24,0.322577,0.155102,0.149743,0.206803,0.165774,0.591823,0.408177,0.129704,0.131258
110,30,0.323334,0.155126,0.148905,0.206835,0.1658,0.591611,0.408389,0.10737,0.114794
111,30,0.323832,0.155108,0.148469,0.206811,0.16578,0.591445,0.408555,0.10937,0.11564
112,24,0.324751,0.155214,0.147188,0.206953,0.165894,0.59131,0.40869,0.111415,0.115048
113,30,0.324952,0.155309,0.146665,0.207079,0.165995,0.591292,0.408708,0.125516,0.123807
114,24,0.324871,0.155366,0.146056,0.207155,0.166553,0.591247,0.408753,0.132789,0.132466
115,30,0.324881,0.155409,0.145683,0.207212,0.166814,0.591115,0.408885,0.120148,0.123118
116,24,0.324962,0.155543,0.145145,0.207391,0.166958,0.591074,0.408926,0.133194,0.132636
117,24,0.324945,0.155535,0.14519,0.20738,0.16695,0.591,0.409,0.121517,0.122974
118,30,0.325233,0.155673,0.144432,0.207564,0.167098,0.590984,0.409016,0.120151,0.116247
119,24,0.325486,0.155715,0.144036,0.20762,0.167143,0.590794,0.409206,0.120381,0.124518
120,30,0.325205,0.155619,0.144429,0.207492,0.167255,0.590744,0.409256,0.125854,0.1239
121,30,0.32522,0.155611,0.144028,0.207482,0.167659,0.590733,0.409267,0.125956,0.124297
122,24,0.325049,0.155625,0.144152,0.2075,0.167674,0.590684,0.409316,0.1324,0.132298
123,30,0.325128,0.155648,0.14378,0.20753,0.167914,0.590676,0.409324,0.126304,0.124435
124,30,0.326164,0.155619,0.142842,0.207492,0.167883,0.590313,0.409687,0.090899,0.106397
125,30,0.326508,0.155483,0.142964,0.20731,0.167735,0.590051,0.409949,0.117408,0.124804
126,24,0.326815,0.155625,0.142171,0.2075,0.167889,0.590035,0.409965,0.116027,0.110559
127,30,0.327304,0.155794,0.141105,0.207726,0.168072,0.589954,0.410046,0.118129,0.11883
128,24,0.327372,0.155874,0.140514,0.207833,0.168406,0.589911,0.410089,0.131598,0.127797
129,30,0.328042,0.155694,0.140461,0.207592,0.168211,0.589587,0.410413,0.106272,0.119498
130,30,0.328416,0.155778,0.139799,0.207705,0.168303,0.5896,0.4104,0.122588,0.113806
131,30,0.328795,0.155819,0.139279,0.207759,0.168347,0.589534,0.410466,0.11571,0.11356
132,30,0.329057,0.155517,0.140051,0.207355,0.16802,0.58923,0.41077,0.113712,0.127408
133,24,0.329079,0.155621,0.139424,0.207495,0.168381,0.589189,0.410811,0.124826,0.124274
134,30,0.329164,0.155595,0.139015,0.20746,0.168766,0.589088,0.410912,0.122767,0.124706
135,30,0.329669,0.155634,0.137966,0.207512,0.16922,0.588977,0.411023,0.116541,0.119689
136,30,0.330654,0.155741,0.136612,0.207655,0.169337,0.588728,0.411272,0.098965,0.104527
137,30,0.330495,0.155849,0.136404,0.207799,0.169454,0.58866,0.41134,0.126841,0.125344
138,24,0.330903,0.156042,0.135336,0.208055,0.169663,0.588598,0.411402,0.122614,0.123425
139,24,0.33112,0.15614,0.134783,0.208186,0.16977,0.58858,0.41142,0.115761,0.110447
140,24,0.331806,0.156147,0.134074,0.208195,0.169778,0.588418,0.411582,0.102549,0.103313
141,30,0.331592,0.156084,0.134503,0.208112,0.169709,0.588371,0.411629,0.126055,0.123981
142,24,0.331392,0.155989,0.135026,0.207986,0.169607,0.588195,0.411805,0.121154,0.125577
143,30,0.331974,0.156111,0.134027,0.208148,0.169739,0.588146,0.411854,0.116977,0.114579
144,30,0.332288,0.156007,0.134071,0.208009,0.169626,0.587972,0.412028,0.108551,0.115256
145,30,0.332871,0.156129,0.133071,0.208171,0.169758,0.587923,0.412077,0.116972,0.114575
146,30,0.333012,0.156195,0.132704,0.20826,0.16983,0.587871,0.412129,0.120143,0.120876
147,30,0.333019,0.156198,0.132686,0.208264,0.169833,0.587734,0.412266,0.11952,0.122812
148,30,0.333018,0.156198,0.132276,0.208263,0.170245,0.587598,0.412402,0.119587,0.122862
149,24,0.333125,0.156341,0.131677,0.208455,0.170402,0.587559,0.412441,0.124998,0.124341
150,24,0.333438,0.156484,0.130875,0.208646,0.170558,0.587559,0.412441,0.124124,0.121201
151,30,0.333434,0.156482,0.130885,0.208643,0.170556,0.587633,0.412367,0.112828,0.101289
152,30,0.334054,0.156498,0.130212,0.208663,0.170572,0.587408,0.412592,0.105815,0.114209
153,24,0.334162,0.156642,0.129612,0.208855,0.170729,0.587369,0.412631,0.124994,0.124341
154,24,0.334155,0.156638,0.129381,0.208851,0.170974,0.587294,0.412706,0.129692,0.131235
155,30,0.334749,0.156707,0.128355,0.208942,0.171247,0.587138,0.412862,0.104889,0.106409
156,24,0.334547,0.156612,0.128882,0.208816,0.171144,0.58706,0.41294,0.12937,0.131109
157,24,0.334571,0.156717,0.128249,0.208956,0.171507,0.587016,0.412984,0.132772,0.132437
158,30,0.334497,0.156682,0.128442,0.20891,0.171469,0.586957,0.413043,0.119366,0.120543
159,30,0.335096,0.156697,0.127794,0.208929,0.171485,0.58684,0.41316,0.11589,0.119317
160,30,0.335736,0.156859,0.126596,0.209146,0.171663,0.586793,0.413207,0.117115,0.114635
161,30,0.336161,0.156912,0.125791,0.209216,0.171919,0.586609,0.413391,0.10814,0.114141
162,30,0.336086,0.156877,0.125985,0.20917,0.171881,0.58669,0.41331,0.119367,0.107307
163,30,0.336094,0.156919,0.125836,0.209225,0.171926,0.586638,0.413362,0.120081,0.120853
164,30,0.336482,0.15681,0.12582,0.20908,0.171807,0.586494,0.413506,0.10901,0.109186
165,30,0.336938,0.156791,0.12543,0.209054,0.171786,0.586384,0.413616,0.125686,0.125125
166,30,0.337434,0.156854,0.124718,0.209139,0.171856,0.586186,0.413814,0.113613,0.119944
167,24,0.337806,0.15681,0.124498,0.209079,0.171807,0.585895,0.414105,0.111258,0.119077
168,24,0.338039,0.156914,0.123659,0.209218,0.172169,0.585893,0.414107,0.123866,0.121103
169,30,0.338516,0.156907,0.123205,0.20921,0.172162,0.585581,0.414419,0.104121,0.113415
170,24,0.338986,0.156903,0.122503,0.209203,0.172405,0.585404,0.414596,0.120203,0.126253
171,24,0.339145,0.156976,0.121842,0.209302,0.172735,0.585336,0.414664,0.121976,0.123151
172,30,0.33918,0.157011,0.121688,0.209348,0.172773,0.585424,0.414576,0.120004,0.107555
173,30,0.339189,0.157052,0.121539,0.209403,0.172818,0.585372,0.414628,0.120072,0.120848
174,24,0.339347,0.157172,0.12097,0.209562,0.172949,0.585333,0.414667,0.131747,0.127829
175,30,0.3395,0.157228,0.120624,0.209637,0.173011,0.585327,0.414673,0.126424,0.124501
176,24,0.339845,0.157387,0.119482,0.20985,0.173436,0.585331,0.414669,0.124416,0.121392
177,30,0.339769,0.157352,0.119679,0.209803,0.173397,0.585272,0.414728,0.119373,0.120541
178,30,0.339686,0.157314,0.119894,0.209752,0.173354,0.585346,0.414654,0.112685,0.101248
179,24,0.339851,0.15739,0.119466,0.209854,0.173439,0.585332,0.414668,0.11575,0.110762
180,24,0.339928,0.157426,0.119267,0.209901,0.173478,0.58526,0.41474,0.129901,0.131319
181,24,0.339885,0.157237,0.119959,0.20965,0.17327,0.585036,0.414964,0.116573,0.123139
182,24,0.34005,0.157314,0.119531,0.209751,0.173354,0.585022,0.414978,0.11575,0.110757
183,30,0.340367,0.157446,0.118348,0.209927,0.173912,0.585006,0.414994,0.119983,0.1162
184,24,0.340695,0.157429,0.118078,0.209905,0.173894,0.584942,0.415058,0.111133,0.108343
185,24,0.341634,0.157384,0.117293,0.209845,0.173844,0.584749,0.415251,0.09605,0.098027
186,24,0.341711,0.157419,0.117095,0.209892,0.173883,0.584677,0.415323,0.129904,0.131315
187,30,0.341712,0.15742,0.117092,0.209893,0.173883,0.584541,0.415459,0.119514,0.12279
188,30,0.341781,0.157275,0.11752,0.2097,0.173724,0.58436,0.41564,0.125413,0.13271
189,30,0.342148,0.157429,0.116624,0.209905,0.173894,0.584349,0.415651,0.12036,0.116406
190,24,0.342145,0.15752,0.116315,0.210026,0.173994,0.584208,0.415792,0.124743,0.126719
191,24,0.342234,0.157561,0.115836,0.210081,0.174288,0.584137,0.415863,0.130029,0.131377
192,30,0.34236,0.157485,0.115972,0.209979,0.174203,0.583961,0.416039,0.115806,0.120843
193,24,0.342703,0.157642,0.115086,0.21019,0.174378,0.583899,0.416101,0.122498,0.123374
194,30,0.342852,0.157747,0.114361,0.21033,0.17471,0.583757,0.416243,0.129979,0.133663
195,30,0.343367,0.157723,0.113929,0.210298,0.174683,0.583636,0.416364,0.115445,0.119092
196,30,0.343152,0.157803,0.113458,0.210404,0.175183,0.583552,0.416448,0.13618,0.135693
197,30,0.343665,0.157778,0.113032,0.21037,0.175155,0.583431,0.416569,0.115439,0.119083
198,30,0.343814,0.157923,0.112381,0.210564,0.175317,0.583466,0.416534,0.122623,0.115538
199,24,0.344268,0.158132,0.11121,0.210842,0.175548,0.58347,0.41653,0.124409,0.12138
200,24,0.344591,0.158276,0.11039,0.211035,0.175709,0.58347,0.41653,0.123994,0.121157
201,30,0.34451,0.158239,0.110185,0.210985,0.17608,0.583459,0.416541,0.135547,0.129007
202,30,0.344938,0.158225,0.109805,0.210967,0.176065,0.583314,0.416686,0.11595,0.120011
203,30,0.345619,0.158214,0.109163,0.210952,0.176052,0.583068,0.416932,0.101306,0.111968
204,30,0.346059,0.158167,0.108886,0.210889,0.175999,0.582931,0.417069,0.114032,0.118212
205,30,0.346625,0.158199,0.108209,0.210932,0.176035,0.58289,0.41711,0.116455,0.111876
206,30,0.346544,0.158162,0.108418,0.210882,0.175994,0.582886,0.417114,0.11271,0.108268
207,24,0.34647,0.158219,0.107797,0.210959,0.176554,0.582842,0.417158,0.132668,0.132418
208,24,0.346552,0.158257,0.107339,0.211009,0.176844,0.582839,0.417161,0.123715,0.121097
209,24,0.346719,0.158333,0.106907,0.211111,0.17693,0.582825,0.417175,0.115716,0.110756
210,24,0.347032,0.158471,0.105871,0.211295,0.177332,0.582755,0.417245,0.121798,0.122912
211,30,0.347357,0.158495,0.105463,0.211326,0.177359,0.582637,0.417363,0.110185,0.111424
212,24,0.347357,0.158586,0.105149,0.211448,0.177461,0.582497,0.417503,0.124719,0.126692
213,24,0.347682,0.158731,0.104324,0.211641,0.177623,0.582497,0.417503,0.123951,0.121145
214,30,0.348348,0.158862,0.103204,0.211816,0.17777,0.582432,0.417568,0.104943,0.100783
215,30,0.348247,0.158963,0.102742,0.211951,0.178098,0.582567,0.417433,0.119051,0.103393
216,24,0.348365,0.159109,0.10212,0.212145,0.178261,0.582528,0.417472,0.124884,0.124296
217,30,0.34953,0.159065,0.101107,0.212086,0.178212,0.582204,0.417796,0.096246,0.109398
218,24,0.349521,0.15906,0.100883,0.212081,0.178455,0.582133,0.417867,0.121611,0.122984
219,24,0.349349,0.159073,0.10101,0.212098,0.17847,0.582087,0.417913,0.132535,0.132342
220,24,0.349427,0.159109,0.10081,0.212145,0.178509,0.582018,0.417982,0.121835,0.123078
221,24,0.349547,0.159254,0.100187,0.212339,0.178673,0.581979,0.418021,0.124885,0.124292
222,30,0.349703,0.159312,0.099832,0.212416,0.178737,0.58189,0.41811,0.11706,0.118497
223,30,0.34939,0.159169,0.100639,0.212225,0.178577,0.581918,0.418082,0.125519,0.116713
224,24,0.349617,0.159269,0.100067,0.212358,0.178689,0.581901,0.418099,0.115537,0.11038
225,30,0.350099,0.158973,0.100608,0.211964,0.178357,0.581497,0.418503,0.10438,0.121964
226,24,0.350722,0.15895,0.100062,0.211934,0.178332,0.581336,0.418664,0.102239,0.103169
227,30,0.350671,0.159103,0.099586,0.212137,0.178503,0.581352,0.418648,0.126965,0.123411
228,24,0.350839,0.15918,0.099153,0.212239,0.178589,0.581338,0.418662,0.115677,0.110757
229,30,0.350772,0.159149,0.099327,0.212198,0.178554,0.581189,0.418811,0.129206,0.133277
230,30,0.350548,0.159084,0.099776,0.212111,0.178481,0.581132,0.418868,0.126121,0.127243
231,24,0.351102,0.159117,0.099107,0.212156,0.178519,0.580957,0.419043,0.120194,0.126183
232,30,0.350955,0.159226,0.098875,0.212302,0.178642,0.581027,0.418973,0.120369,0.11099
233,24,0.351284,0.159372,0.098045,0.212495,0.178804,0.581011,0.418989,0.115679,0.110448
234,24,0.351261,0.159361,0.098103,0.212482,0.178793,0.580937,0.419063,0.129604,0.131166
235,30,0.35121,0.159514,0.097625,0.212686,0.178965,0.580953,0.419047,0.126962,0.123407
236,30,0.351594,0.159556,0.097097,0.212741,0.179011,0.580887,0.419113,0.11544,0.113413
237,24,0.351584,0.159552,0.096874,0.212736,0.179255,0.580813,0.419187,0.129673,0.1312
238,30,0.351417,0.159534,0.097102,0.212712,0.179235,0.580825,0.419175,0.137982,0.129764
239,30,0.352019,0.159496,0.096632,0.212661,0.179192,0.580616,0.419384,0.096375,0.09948
240,30,0.351943,0.159461,0.096829,0.212615,0.179153,0.580558,0.419442,0.119399,0.120541
241,30,0.352666,0.159597,0.095635,0.212796,0.179306,0.58036,0.41964,0.106683,0.113249
242,24,0.353354,0.159597,0.094949,0.212796,0.179305,0.580218,0.419782,0.110446,0.114486
243,24,0.353331,0.159586,0.095007,0.212782,0.179294,0.580144,0.419856,0.129614,0.13117
244,30,0.353327,0.159585,0.095016,0.21278,0.179292,0.580134,0.419866,0.12597,0.124311
245,24,0.353672,0.15974,0.094134,0.212987,0.179467,0.580136,0.419864,0.124133,0.121273
246,24,0.353924,0.159854,0.093487,0.213139,0.179595,0.580067,0.419933,0.130131,0.131394
247,24,0.353901,0.159844,0.093547,0.213125,0.179583,0.579898,0.420102,0.121529,0.125643
248,30,0.3545,0.159857,0.092903,0.213143,0.179598,0.57978,0.42022,0.1157,0.119193
249,24,0.354983,0.159857,0.092421,0.213142,0.179597,0.579602,0.420398,0.11984,0.126027
250,24,0.354959,0.159846,0.09248,0.213128,0.179586,0.579528,0.420472,0.129622,0.131166
251,30,0.354765,0.159934,0.09196,0.213245,0.180096,0.579523,0.420477,0.14267,0.140317
252,24,0.35487,0.160071,0.09138,0.213428,0.180251,0.579483,0.420517,0.133065,0.132567
253,24,0.355202,0.160217,0.090543,0.213623,0.180415,0.579482,0.420518,0.123865,0.121109
254,24,0.355682,0.160434,0.089066,0.213911,0.180908,0.579486,0.420514,0.124307,0.121363
255,24,0.355699,0.160532,0.088461,0.214042,0.181266,0.579444,0.420556,0.132832,0.132472
256,24,0.355703,0.160624,0.088139,0.214165,0.18137,0.579305,0.420695,0.124685,0.12665
257,30,0.355687,0.16066,0.087814,0.214213,0.181626,0.5792,0.4208,0.123052,0.12333
258,24,0.355644,0.16064,0.087925,0.214187,0.181604,0.579128,0.420872,0.129748,0.131233
259,30,0.3557,0.160608,0.087981,0.214143,0.181567,0.579041,0.420959,0.123147,0.125918
260,24,0.356097,0.160738,0.087133,0.214317,0.181715,0.579042,0.420958,0.122413,0.116312
261,30,0.356686,0.160759,0.086058,0.214346,0.182151,0.578922,0.421078,0.115453,0.119079
262,30,0.356742,0.160843,0.085713,0.214457,0.182246,0.579031,0.420969,0.121997,0.108243
263,30,0.35726,0.160796,0.085357,0.214395,0.182193,0.578847,0.421153,0.118571,0.121161
264,24,0.357646,0.160819,0.08489,0.214426,0.182219,0.578678,0.421322,0.120703,0.126493
265,24,0.358147,0.160827,0.084361,0.214436,0.182228,0.5785,0.4215,0.111584,0.117703
266,24,0.358482,0.160974,0.083518,0.214632,0.182394,0.578499,0.421501,0.123801,0.12109
267,30,0.358893,0.161144,0.082104,0.214859,0.183,0.578483,0.421517,0.11972,0.116137
268,24,0.359021,0.161291,0.081466,0.215055,0.183167,0.578442,0.421558,0.132928,0.132499
269,30,0.359374,0.161225,0.080931,0.214967,0.183503,0.578421,0.421579,0.108682,0.103161
270,24,0.359452,0.16126,0.080732,0.215013,0.183543,0.57835,0.42165,0.129896,0.131287
271,24,0.359579,0.161407,0.080094,0.215209,0.18371,0.578311,0.421689,0.124804,0.124257
272,24,0.359972,0.161366,0.079596,0.215155,0.183912,0.57813,0.42187,0.119554,0.125892
273,30,0.359735,0.16126,0.080201,0.215013,0.183791,0.577979,0.422021,0.128912,0.133139
274,24,0.359754,0.161358,0.079592,0.215144,0.184151,0.577937,0.422063,0.132801,0.132462
275,30,0.359669,0.16132,0.07981,0.215093,0.184108,0.577802,0.422198,0.119414,0.122703
276,30,0.359823,0.161425,0.079292,0.215233,0.184227,0.577661,0.422339,0.129919,0.133587
277,24,0.360159,0.161572,0.078445,0.215429,0.184395,0.57766,0.42234,0.12378,0.121072
278,24,0.359834,0.161426,0.079276,0.215235,0.184229,0.577489,0.422511,0.12121,0.12549
279,30,0.359697,0.161539,0.078805,0.215386,0.184573,0.577411,0.422589,0.136538,0.135837
280,24,0.360047,0.161696,0.077909,0.215595,0.184752,0.577413,0.422587,0.124051,0.121256
281,30,0.360044,0.161695,0.077917,0.215593,0.184751,0.577279,0.422721,0.119501,0.122744
282,30,0.360183,0.161757,0.07715,0.215676,0.185234,0.577132,0.422868,0.129276,0.133295
283,24,0.360356,0.16188,0.076551,0.215839,0.185375,0.577282,0.422718,0.115216,0.098161
284,24,0.360527,0.161957,0.076111,0.215942,0.185463,0.577269,0.422731,0.115595,0.110754
285,24,0.360864,0.162104,0.075262,0.216139,0.185632,0.577268,0.422732,0.123759,0.121072
286,30,0.361021,0.162161,0.074907,0.216214,0.185696,0.577276,0.422724,0.126304,0.121211
287,24,0.361131,0.1623,0.074314,0.2164,0.185856,0.577236,0.422764,0.133008,0.132547
288,30,0.361478,0.162283,0.074024,0.216378,0.185837,0.577087,0.422913,0.11048,0.116413
289,24,0.361453,0.162272,0.074089,0.216363,0.185824,0.577014,0.422986,0.129676,0.131182
290,24,0.362187,0.162358,0.073055,0.216478,0.185923,0.576882,0.423118,0.111233,0.114895
291,24,0.362117,0.162417,0.072424,0.216556,0.186486,0.57684,0.42316,0.124408,0.124098
292,30,0.362848,0.162526,0.071315,0.216701,0.186611,0.576635,0.423365,0.105935,0.112785
293,30,0.36279,0.162674,0.070854,0.216899,0.186782,0.576572,0.423428,0.126874,0.12533
294,30,0.363259,0.162885,0.069653,0.21718,0.187023,0.57658,0.42342,0.11363,0.10873
295,30,0.363549,0.162948,0.068929,0.217264,0.187311,0.576484,0.423516,0.116287,0.11807
296,30,0.36351,0.163006,0.068568,0.217341,0.187576,0.576514,0.423486,0.121841,0.115266
297,30,0.363345,0.162967,0.068651,0.21729,0.187747,0.576382,0.423618,0.119584,0.122796
298,24,0.363807,0.162962,0.067961,0.217282,0.187988,0.576419,0.423581,0.109207,0.098021
299,30,0.364301,0.163049,0.067163,0.217399,0.188089,0.576141,0.423859,0.106874,0.114385
300,30,0.364069,0.162981,0.06763,0.217308,0.188011,0.576085,0.423915,0.126183,0.127262
301,24,0.364619,0.163078,0.066496,0.217437,0.188371,0.575918,0.424082,0.120771,0.126484
302,24,0.364891,0.1632,0.06555,0.217599,0.188759,0.575851,0.424149,0.12187,0.123086
303,30,0.36515,0.163184,0.064932,0.217579,0.189154,0.575665,0.424335,0.125549,0.131317
304,30,0.365433,0.163311,0.064207,0.217748,0.189301,0.575649,0.424351,0.125429,0.123787
305,30,0.366356,0.163225,0.063584,0.217634,0.189201,0.57527,0.42473,0.088728,0.105072
306,30,0.366055,0.163127,0.063818,0.217502,0.189498,0.575223,0.424777,0.125666,0.123767
307,24,0.366747,0.163285,0.062572,0.217713,0.189683,0.575059,0.424941,0.112716,0.118259
308,24,0.36688,0.163433,0.06192,0.217911,0.189855,0.575018,0.424982,0.132898,0.132497
309,30,0.36727,0.163607,0.060925,0.218143,0.190056,0.575025,0.424975,0.113452,0.108671
310,30,0.367013,0.163597,0.060803,0.21813,0.190457,0.575,0.425,0.139176,0.135629
311,30,0.367258,0.163706,0.060177,0.218275,0.190584,0.575004,0.424996,0.113164,0.108545
312,24,0.3676,0.163855,0.059314,0.218473,0.190757,0.575002,0.424998,0.123652,0.121036
313,30,0.367931,0.16376,0.059315,0.218347,0.190647,0.574904,0.425096,0.108723,0.110118
314,24,0.368411,0.163758,0.058842,0.218344,0.190645,0.574725,0.425275,0.119686,0.1259
315,30,0.368696,0.163885,0.058113,0.218514,0.190792,0.574709,0.425291,0.125398,0.123775
316,24,0.369415,0.163903,0.05733,0.218538,0.190813,0.574399,0.425601,0.108335,0.118103
317,24,0.369151,0.163875,0.057446,0.2185,0.191028,0.574354,0.425646,0.132412,0.132285
318,30,0.36917,0.163825,0.057601,0.218434,0.19097,0.574322,0.425678,0.132953,0.128204
319,24,0.369286,0.163965,0.056994,0.218621,0.191134,0.574185,0.425815,0.124694,0.126628
320,24,0.369402,0.164106,0.056387,0.218808,0.191298,0.574145,0.425855,0.132968,0.132517
321,30,0.370065,0.164159,0.055538,0.218878,0.191359,0.573981,0.426019,0.109209,0.115396
322,24,0.370853,0.164294,0.054279,0.219058,0.191516,0.573806,0.426194,0.111697,0.117698
323,30,0.37114,0.164421,0.053546,0.219228,0.191665,0.57379,0.42621,0.125378,0.123771
324,24,0.371486,0.16457,0.052678,0.219427,0.191839,0.573788,0.426212,0.123609,0.121018
325,24,0.371148,0.164421,0.053539,0.219228,0.191665,0.573714,0.426286,0.129515,0.131113
326,24,0.371692,0.16445,0.052894,0.219266,0.191698,0.573535,0.426465,0.111334,0.117511
327,24,0.371625,0.164509,0.052257,0.219345,0.192263,0.573491,0.426509,0.132481,0.132319
328,24,0.371898,0.164626,0.051327,0.219501,0.192648,0.573486,0.426514,0.123283,0.120878
329,24,0.371924,0.164726,0.050703,0.219634,0.193013,0.573444,0.426556,0.132711,0.132413
330,24,0.372537,0.164696,0.050193,0.219595,0.192979,0.573263,0.426737,0.108243,0.110501
331,24,0.372884,0.164846,0.049322,0.219794,0.193154,0.573247,0.426753,0.115308,0.110324
332,30,0.373055,0.164681,0.049728,0.219575,0.192961,0.573124,0.426876,0.115029,0.118869
333,30,0.373242,0.164764,0.049249,0.219686,0.193059,0.573096,0.426904,0.118734,0.115199
334,30,0.37304,0.164847,0.048749,0.219796,0.193568,0.573162,0.426838,0.119659,0.110766
335,24,0.373406,0.165005,0.047829,0.220007,0.193753,0.573159,0.426841,0.123506,0.120979
336,24,0.373781,0.165171,0.046623,0.220228,0.194196,0.573159,0.426841,0.123794,0.121173
337,30,0.373509,0.165125,0.04686,0.220166,0.19434,0.573125,0.426875,0.138103,0.135296
338,30,0.373933,0.165298,0.045414,0.220398,0.194957,0.573107,0.426893,0.119309,0.116001
339,24,0.373883,0.165128,0.046061,0.220171,0.194756,0.572932,0.427068,0.119963,0.126086
340,24,0.373869,0.165122,0.045851,0.220162,0.194996,0.572861,0.427139,0.121434,0.122885
341,30,0.373658,0.164953,0.046653,0.219938,0.194797,0.572771,0.427229,0.122788,0.125734
342,24,0.374434,0.164783,0.046477,0.21971,0.194596,0.572451,0.427549,0.106116,0.119057
343,30,0.374909,0.164788,0.045984,0.219717,0.194602,0.572288,0.427712,0.109212,0.115368
344,30,0.374817,0.164747,0.046219,0.219663,0.194554,0.572232,0.427768,0.119446,0.120548
345,30,0.375052,0.164611,0.046461,0.219482,0.194394,0.572084,0.427916,0.115324,0.119613
346,24,0.375065,0.164705,0.046118,0.219607,0.194504,0.571947,0.428053,0.124593,0.126548
347,24,0.375205,0.164854,0.045454,0.219806,0.194681,0.571907,0.428093,0.132879,0.132485
348,24,0.375381,0.164932,0.045006,0.219909,0.194772,0.571895,0.428105,0.115474,0.110756
349,30,0.375743,0.164997,0.044414,0.219996,0.194849,0.571717,0.428283,0.126211,0.131556
350,30,0.37599,0.165105,0.043788,0.22014,0.194977,0.571576,0.428424,0.129673,0.133426
351,30,0.376234,0.165212,0.043168,0.220283,0.195103,0.57158,0.42842,0.113076,0.108528
352,24,0.376312,0.165247,0.042969,0.220329,0.195144,0.571415,0.428585,0.121603,0.125629
353,24,0.37638,0.165277,0.042794,0.220369,0.19518,0.571403,0.428597,0.115402,0.110721
354,24,0.376459,0.165311,0.042595,0.220415,0.19522,0.571334,0.428666,0.121668,0.122983
355,24,0.376581,0.165453,0.041977,0.220603,0.195387,0.571294,0.428706,0.132927,0.132508
356,24,0.376931,0.165603,0.041099,0.220803,0.195564,0.571291,0.428709,0.123523,0.121
357,30,0.377334,0.165541,0.040912,0.220721,0.195491,0.571172,0.428828,0.115336,0.118982
358,30,0.377666,0.165672,0.039903,0.220897,0.195862,0.571157,0.428843,0.119552,0.116112
359,30,0.378415,0.165712,0.038816,0.22095,0.196107,0.570983,0.429017,0.102983,0.105401
360,30,0.37911,0.165682,0.038226,0.22091,0.196072,0.570799,0.429201,0.098253,0.100335
361,30,0.379094,0.165675,0.038266,0.2209,0.196064,0.570881,0.429119,0.112828,0.1015
362,30,0.379247,0.165742,0.037665,0.220989,0.196358,0.570749,0.429251,0.11951,0.12272
363,24,0.379743,0.165747,0.03715,0.220996,0.196364,0.570571,0.429429,0.111268,0.117464
364,24,0.380491,0.165865,0.035988,0.221153,0.196503,0.570394,0.429606,0.111401,0.117491
365,24,0.380844,0.166015,0.035106,0.221353,0.196681,0.570378,0.429622,0.115184,0.110284
366,24,0.381104,0.166124,0.034214,0.221499,0.197059,0.570373,0.429627,0.123236,0.120877
367,30,0.381819,0.166175,0.03332,0.221567,0.197119,0.570153,0.429847,0.105722,0.113942
368,30,0.381782,0.166215,0.032805,0.22162,0.197578,0.57026,0.42974,0.12136,0.108129
369,30,0.381765,0.166208,0.032847,0.22161,0.19757,0.570208,0.429792,0.119423,0.115748
370,24,0.38203,0.166251,0.032431,0.221667,0.197621,0.570023,0.429977,0.120057,0.124102
371,24,0.382752,0.166328,0.031438,0.22177,0.197712,0.56989,0.43011,0.110995,0.114738
372,24,0.38293,0.166405,0.030987,0.221874,0.197804,0.56989,0.43011,0.123728,0.121144
373,30,0.383541,0.166547,0.029876,0.222063,0.197973,0.569786,0.430214,0.11098,0.111886
374,24,0.383966,0.166634,0.029143,0.222179,0.198077,0.569744,0.430256,0.119629,0.119252
375,30,0.38387,0.166593,0.029387,0.222124,0.198027,0.569612,0.430388,0.119465,0.122691
376,24,0.384486,0.16665,0.028569,0.2222,0.198095,0.569435,0.430565,0.111349,0.117485
377,30,0.384608,0.166704,0.027847,0.222271,0.198571,0.569401,0.430599,0.118015,0.114881
378,30,0.385012,0.166865,0.026874,0.222487,0.198763,0.569387,0.430613,0.119659,0.116179
379,30,0.38523,0.166724,0.027154,0.222298,0.198595,0.56924,0.43076,0.115331,0.119592
380,30,0.385431,0.166575,0.027477,0.2221,0.198417,0.569072,0.430928,0.108622,0.115086
381,24,0.385817,0.166742,0.026254,0.222322,0.198864,0.569071,0.430929,0.123624,0.121112
382,24,0.385896,0.166776,0.026055,0.222368,0.198905,0.568907,0.431093,0.121588,0.125611
383,30,0.386218,0.166776,0.025733,0.222368,0.198905,0.568715,0.431285,0.106717,0.11336
384,24,0.386595,0.166935,0.024794,0.22258,0.199095,0.568711,0.431289,0.123383,0.120935
385,30,0.387247,0.166814,0.024569,0.222419,0.198951,0.568449,0.431551,0.09944,0.110774
386,24,0.38751,0.166924,0.023671,0.222566,0.19933,0.568443,0.431557,0.123167,0.120841
387,30,0.387833,0.167035,0.022955,0.222714,0.199463,0.568455,0.431545,0.117286,0.109206
388,24,0.388613,0.167163,0.021475,0.222884,0.199864,0.568275,0.431725,0.111091,0.117351
389,30,0.389241,0.167175,0.020806,0.2229,0.199878,0.567954,0.432046,0.102374,0.111926
390,30,0.389343,0.167094,0.020992,0.222791,0.19978,0.567785,0.432215,0.115868,0.120731
391,30,0.389464,0.16702,0.021132,0.222693,0.199692,0.567604,0.432396,0.125822,0.131346
392,24,0.389655,0.167102,0.020154,0.222802,0.200286,0.567532,0.432468,0.121241,0.122768
393,24,0.390035,0.167261,0.019211,0.223015,0.200477,0.567528,0.432472,0.12335,0.120922
394,30,0.390026,0.167257,0.019236,0.223009,0.200472,0.567397,0.432603,0.119499,0.12269
395,30,0.390417,0.1673,0.018693,0.223066,0.200524,0.567331,0.432669,0.114935,0.113166
396,24,0.390059,0.167146,0.019593,0.222862,0.20034,0.567261,0.432739,0.129764,0.131191
397,24,0.39054,0.167146,0.019112,0.222862,0.20034,0.56698,0.43302,0.111051,0.118729
398,24,0.390507,0.167132,0.019194,0.222843,0.200323,0.566816,0.433184,0.121554,0.125569
399,30,0.390418,0.167128,0.0193,0.222837,0.200318,0.566687,0.433313,0.119694,0.122771
400,30,0.390566,0.167192,0.018725,0.222923,0.200593,0.566668,0.433332,0.124963,0.123583
401,24,0.3907,0.167335,0.018088,0.223113,0.200764,0.566629,0.433371,0.124594,0.12417
402,30,0.39109,0.167303,0.017596,0.22307,0.200941,0.566533,0.433467,0.108745,0.110092
403,24,0.3913,0.167248,0.017331,0.222998,0.201123,0.566361,0.433639,0.120075,0.126068
404,24,0.391336,0.167349,0.016689,0.223132,0.201493,0.566319,0.433681,0.13262,0.132359
405,24,0.391699,0.167501,0.015791,0.223334,0.201675,0.566316,0.433684,0.123352,0.120927
406,30,0.392116,0.167496,0.01498,0.223328,0.20208,0.566201,0.433799,0.115596,0.119153
407,30,0.392378,0.167641,0.014203,0.223522,0.202256,0.566062,0.433938,0.129724,0.133406
408,24,0.39276,0.167801,0.013255,0.223735,0.202449,0.566058,0.433942,0.123319,0.120916
409,24,0.393706,0.167909,0.011926,0.223879,0.20258,0.565914,0.434086,0.109875,0.114098
410,24,0.393744,0.168011,0.011281,0.224015,0.20295,0.565872,0.434128,0.132606,0.132363
411,30,0.394078,0.168154,0.010442,0.224205,0.203122,0.565858,0.434142,0.11955,0.116147
412,24,0.393828,0.168047,0.011068,0.224063,0.202994,0.565695,0.434305,0.12153,0.125561
413,30,0.39413,0.168177,0.010308,0.224235,0.20315,0.565678,0.434322,0.12516,0.123668
414,24,0.394153,0.168187,0.010001,0.224249,0.20341,0.565676,0.434324,0.12347,0.121048
415,24,0.39398,0.168198,0.010135,0.224264,0.203424,0.565636,0.434364,0.132798,0.132438
416,24,0.394237,0.168164,0.009998,0.224218,0.203383,0.565467,0.434533,0.112033,0.117843
417,30,0.394218,0.168156,0.010046,0.224208,0.203373,0.565514,0.434486,0.126144,0.119091
418,30,0.393865,0.168172,0.010342,0.224229,0.203392,0.56553,0.43447,0.133378,0.130021
419,24,0.393683,0.16818,0.01,0.224239,0.203897,0.565486,0.434514,0.132344,0.132244
420,24,0.393683,0.16818,0.01,0.224239,0.203897,0.565486,0.434514,0.12367,0.121132
421,30,0.393599,0.168143,0.009998,0.224191,0.204069,0.565471,0.434529,0.119368,0.11607
422,30,0.39353,0.168048,0.009994,0.224064,0.204364,0.565369,0.434631,0.122058,0.124297
423,30,0.393167,0.167893,0.010908,0.223857,0.204175,0.565314,0.434686,0.126101,0.127188
424,30,0.393527,0.167814,0.010417,0.223752,0.204491,0.56513,0.43487,0.124747,0.132098
425,24,0.393567,0.167687,0.010826,0.223583,0.204336,0.56496,0.43504,0.120252,0.126112
426,24,0.394302,0.167706,0.010026,0.223607,0.204359,0.564816,0.435184,0.109799,0.114046
427,24,0.394215,0.167668,0.009998,0.223558,0.204561,0.564745,0.435255,0.121358,0.122821
428,24,0.394507,0.167587,0.009995,0.223449,0.204462,0.564566,0.435434,0.111084,0.117295
429,30,0.394106,0.167583,0.01,0.223444,0.204868,0.564488,0.435512,0.136127,0.135579
430,30,0.393858,0.167511,0.010502,0.223348,0.204781,0.564435,0.435565,0.126302,0.127267
431,24,0.393942,0.167589,0.010139,0.223453,0.204876,0.5644,0.4356,0.131363,0.127648
432,24,0.393902,0.167367,0.010969,0.223156,0.204605,0.56422,0.43578,0.119246,0.125538
433,30,0.394284,0.16753,0.01001,0.223373,0.204803,0.564207,0.435793,0.119607,0.116177
434,24,0.394609,0.167374,0.009991,0.223165,0.204861,0.564061,0.435939,0.109541,0.113923
435,30,0.394415,0.167325,0.010358,0.2231,0.204801,0.564008,0.435992,0.126307,0.127274
436,24,0.395191,0.16721,0.009993,0.222946,0.20466,0.563805,0.436195,0.097314,0.100487
437,24,0.395096,0.167166,0.009997,0.222888,0.204854,0.563799,0.436201,0.123056,0.120798
438,30,0.395095,0.167165,0.01,0.222887,0.204853,0.563794,0.436206,0.126202,0.124452
439,30,0.395272,0.167116,0.009997,0.222822,0.204793,0.563742,0.436258,0.115906,0.114166
440,24,0.395238,0.167102,0.010082,0.222802,0.204775,0.563673,0.436327,0.129866,0.131222
441,24,0.395149,0.167149,0.010003,0.222865,0.204833,0.563634,0.436366,0.132855,0.132458
442,24,0.395151,0.16715,0.01,0.222866,0.204834,0.563624,0.436376,0.115333,0.11074
443,30,0.39517,0.167144,0.01,0.222859,0.204827,0.563618,0.436382,0.126126,0.124417
444,24,0.395049,0.167178,0.010002,0.222903,0.204868,0.563579,0.436421,0.124535,0.124133
445,24,0.395342,0.167097,0.009995,0.222796,0.20477,0.5634,0.4366,0.111071,0.117263
446,30,0.39534,0.167096,0.01,0.222795,0.204769,0.563395,0.436605,0.126202,0.124459
447,30,0.395562,0.167035,0.009996,0.222713,0.204693,0.563189,0.436811,0.112068,0.118932
448,30,0.395859,0.166952,0.009995,0.222602,0.204591,0.562886,0.437114,0.103716,0.112719
449,24,0.395699,0.166926,0.009998,0.222568,0.204808,0.562855,0.437145,0.122803,0.116636
450,24,0.395698,0.166926,0.01,0.222568,0.204808,0.562856,0.437144,0.123712,0.121163
451,24,0.395605,0.166883,0.009997,0.222511,0.205003,0.56285,0.43715,0.123056,0.120809
452,30,0.395613,0.166821,0.009996,0.222428,0.205142,0.562753,0.437247,0.122499,0.124473
453,24,0.395513,0.166779,0.009997,0.222372,0.205338,0.562751,0.437249,0.123416,0.121028
454,24,0.395293,0.166771,0.009999,0.222361,0.205575,0.56271,0.43729,0.132602,0.132355
455,24,0.395285,0.166676,0.010345,0.222235,0.205459,0.562508,0.437492,0.117783,0.123466
456,24,0.3953,0.166767,0.010005,0.222356,0.205571,0.562469,0.437531,0.124547,0.124129
457,30,0.395322,0.166763,0.01,0.22235,0.205565,0.562456,0.437544,0.119512,0.116131
458,30,0.395303,0.166755,0.010048,0.222339,0.205556,0.562451,0.437549,0.126144,0.124428
459,30,0.396024,0.166569,0.009989,0.222092,0.205327,0.562067,0.437933,0.094462,0.110857
460,30,0.395658,0.166415,0.010902,0.221887,0.205137,0.562012,0.437988,0.126101,0.127171
461,24,0.395851,0.166496,0.010421,0.221995,0.205237,0.561944,0.438056,0.129922,0.13123
462,30,0.395854,0.166498,0.010412,0.221997,0.205239,0.561804,0.438196,0.129478,0.133245
463,30,0.395835,0.16649,0.01046,0.221986,0.205229,0.561799,0.438201,0.126144,0.124428
464,30,0.396277,0.166495,0.01,0.221993,0.205235,0.561691,0.438309,0.116182,0.119363
465,24,0.396277,0.166495,0.01,0.221993,0.205235,0.561692,0.438308,0.123724,0.121168
466,30,0.396277,0.166495,0.01,0.221993,0.205235,0.561552,0.438448,0.129478,0.133246
467,24,0.3966,0.166406,0.009995,0.221874,0.205125,0.561257,0.438743,0.109015,0.118348
468,30,0.396727,0.166369,0.009998,0.221825,0.20508,0.561092,0.438908,0.116058,0.120724
469,24,0.396726,0.166369,0.01,0.221825,0.20508,0.561025,0.438975,0.12164,0.122923
470,24,0.396507,0.166361,0.01,0.221814,0.205318,0.560984,0.439016,0.124297,0.124016
471,30,0.396327,0.166339,0.010256,0.221786,0.205291,0.56101,0.43899,0.138428,0.130025
472,24,0.396537,0.166274,0.010281,0.221698,0.20521,0.560801,0.439199,0.11702,0.123002
473,30,0.396266,0.166088,0.011001,0.22145,0.205195,0.560703,0.439297,0.132866,0.136314
474,24,0.396305,0.166188,0.010355,0.221584,0.205567,0.560662,0.439338,0.124297,0.124015
475,30,0.39651,0.16623,0.010003,0.221639,0.205619,0.560645,0.439355,0.115549,0.110863
476,24,0.396516,0.166229,0.01,0.221638,0.205618,0.560642,0.439358,0.123297,0.120906
477,30,0.396164,0.166081,0.010877,0.221442,0.205436,0.560576,0.439424,0.136081,0.137784
478,30,0.396678,0.166068,0.009999,0.221424,0.205831,0.560453,0.439547,0.114769,0.118629
479,24,0.397089,0.165955,0.009993,0.221273,0.20569,0.560147,0.439853,0.108029,0.117629
480,24,0.397091,0.165952,0.01,0.22127,0.205687,0.560132,0.439868,0.114972,0.110187
481,24,0.3973,0.165887,0.010025,0.221182,0.205606,0.56009,0.43991,0.108708,0.105324
482,24,0.39731,0.165891,0.01,0.221188,0.205611,0.560081,0.439919,0.115333,0.110737
483,30,0.397329,0.165886,0.01,0.221181,0.205605,0.560076,0.439924,0.126126,0.124414
484,24,0.397745,0.165771,0.009993,0.221028,0.205463,0.559933,0.440067,0.109798,0.113972
485,24,0.397622,0.165803,0.010002,0.221071,0.205502,0.5598,0.4402,0.124522,0.126393
486,24,0.397524,0.165762,0.009998,0.221016,0.2057,0.559799,0.440201,0.123441,0.121038
487,30,0.397282,0.165715,0.009997,0.220953,0.206052,0.559859,0.440141,0.127869,0.117649
488,30,0.397623,0.165621,0.009994,0.220827,0.205935,0.559613,0.440387,0.117446,0.124209
489,24,0.397402,0.165612,0.009999,0.220816,0.206172,0.559572,0.440428,0.132606,0.132329
490,24,0.397313,0.165568,0.009997,0.220757,0.206365,0.559494,0.440506,0.120618,0.122317
491,30,0.39724,0.165474,0.009994,0.220632,0.206659,0.559394,0.440606,0.115413,0.117575
492,24,0.397238,0.165473,0.01,0.220631,0.206658,0.559327,0.440673,0.121657,0.122914
493,30,0.397043,0.165446,0.010293,0.220594,0.206624,0.559393,0.440607,0.128448,0.117858
494,30,0.397423,0.165363,0.010209,0.220484,0.206521,0.559275,0.440725,0.115242,0.118821
495,30,0.397708,0.165342,0.009999,0.220457,0.206495,0.558987,0.441013,0.10468,0.113611
496,30,0.397987,0.165265,0.009995,0.220354,0.206399,0.558757,0.441243,0.118958,0.125143
497,30,0.398363,0.165161,0.009994,0.220214,0.206268,0.558658,0.441342,0.100413,0.098718
498,24,0.39877,0.165047,0.009993,0.220063,0.206126,0.558505,0.441495,0.101815,0.102856
499,30,0.398931,0.164888,0.00999,0.219851,0.206339,0.558333,0.441667,0.108058,0.11467
500,24,0.398927,0.164887,0.01,0.219849,0.206337,0.558266,0.441734,0.121628,0.122895
501,30,0.398841,0.164851,0.009998,0.219802,0.206507,0.558125,0.441875,0.129301,0.133121
502,24,0.398621,0.164843,0.01,0.219791,0.206745,0.558084,0.441916,0.132605,0.132325
503,24,0.398781,0.16471,0.010318,0.219613,0.206578,0.557905,0.442095,0.119269,0.125429
504,24,0.398809,0.164722,0.010001,0.219629,0.20684,0.557904,0.442096,0.123482,0.121064
505,30,0.398461,0.164739,0.010284,0.219653,0.206863,0.557921,0.442079,0.133415,0.130055
506,24,0.398454,0.164819,0.010005,0.219759,0.206963,0.557883,0.442117,0.124555,0.124125
507,30,0.398356,0.164779,0.010247,0.219705,0.206912,0.557829,0.442171,0.119487,0.12051
508,24,0.398236,0.164812,0.010002,0.219749,0.207202,0.557788,0.442212,0.132605,0.132324
509,24,0.398017,0.164804,0.01,0.219739,0.20744,0.557747,0.442253,0.132605,0.132324
510,30,0.398017,0.164804,0.01,0.219739,0.20744,0.55762,0.44238,0.119556,0.122604
511,30,0.39806,0.164734,0.009996,0.219645,0.207566,0.557442,0.442558,0.125841,0.131179
512,30,0.397925,0.164711,0.009999,0.219614,0.207752,0.557388,0.442612,0.119465,0.120494
513,30,0.397919,0.164708,0.010014,0.219611,0.207748,0.55726,0.44274,0.119498,0.122574
514,24,0.398215,0.164631,0.009995,0.219508,0.207651,0.557083,0.442917,0.11108,0.117152
515,24,0.398213,0.16463,0.01,0.219507,0.20765,0.557075,0.442925,0.115347,0.11074
516,24,0.398119,0.164588,0.009997,0.219451,0.207845,0.55707,0.44293,0.12305,0.120791
517,24,0.398408,0.164508,0.009995,0.219344,0.207744,0.556893,0.443107,0.111059,0.11714
518,30,0.398686,0.164431,0.009995,0.219241,0.207647,0.55673,0.44327,0.108884,0.114997
519,24,0.398684,0.16443,0.01,0.21924,0.207646,0.556722,0.443278,0.115333,0.110734
520,30,0.39852,0.164363,0.009996,0.21915,0.207971,0.556745,0.443255,0.118879,0.113447
521,30,0.398647,0.164327,0.009998,0.219102,0.207926,0.556581,0.443419,0.116052,0.120643
522,24,0.398646,0.164326,0.01,0.219102,0.207926,0.556582,0.443418,0.123641,0.121123
523,30,0.398603,0.164279,0.009997,0.219039,0.208081,0.556622,0.443378,0.119206,0.110713
524,30,0.398621,0.164274,0.01,0.219032,0.208074,0.556617,0.443383,0.126125,0.124416
525,30,0.398968,0.164179,0.009994,0.218905,0.207954,0.5565,0.4435,0.115284,0.118804
526,24,0.398647,0.16413,0.009997,0.218839,0.208387,0.556457,0.443543,0.124037,0.12388
527,24,0.398646,0.164129,0.01,0.218839,0.208386,0.556297,0.443703,0.121572,0.125423
528,24,0.399061,0.164016,0.009993,0.218688,0.208242,0.556155,0.443845,0.109749,0.113891
529,24,0.399058,0.164015,0.01,0.218686,0.208241,0.556147,0.443853,0.115347,0.110744
530,30,0.399058,0.164015,0.01,0.218686,0.208241,0.556136,0.443864,0.119542,0.116136
531,30,0.399101,0.164003,0.009999,0.218671,0.208226,0.556201,0.443799,0.126046,0.115847
532,24,0.398881,0.163995,0.01,0.21866,0.208464,0.556161,0.443839,0.124296,0.124001
533,24,0.398787,0.163953,0.009997,0.218604,0.208658,0.556156,0.443844,0.12305,0.120801
534,24,0.398627,0.163928,0.009998,0.218571,0.208875,0.556129,0.443871,0.122816,0.116627
535,30,0.398923,0.163847,0.009995,0.218463,0.208771,0.555963,0.444037,0.09703,0.098397
536,24,0.398823,0.163806,0.009997,0.218408,0.208966,0.555963,0.444037,0.123465,0.121044
537,24,0.398723,0.163765,0.009997,0.218353,0.209162,0.555894,0.444106,0.121353,0.122754
538,24,0.399011,0.163686,0.009995,0.218247,0.20906,0.555717,0.444283,0.110999,0.117089
539,24,0.399424,0.163572,0.009993,0.218096,0.208915,0.555575,0.444425,0.109771,0.113893
540,30,0.399335,0.163536,0.009998,0.218048,0.209084,0.555586,0.444414,0.125977,0.12111
541,30,0.399334,0.163535,0.01,0.218047,0.209083,0.555629,0.444371,0.119487,0.11083
542,30,0.399704,0.163435,0.009994,0.217913,0.208955,0.555533,0.444467,0.115217,0.116623
543,24,0.399542,0.163409,0.009998,0.217879,0.20917,0.555561,0.444439,0.122833,0.115726
544,24,0.399547,0.163408,0.01,0.217877,0.209168,0.555548,0.444452,0.114972,0.110184
545,24,0.399448,0.163367,0.009998,0.217823,0.209364,0.555479,0.444521,0.129648,0.131071
546,30,0.399282,0.1633,0.009996,0.217733,0.209689,0.555461,0.444539,0.118905,0.115837
547,24,0.399161,0.163332,0.010002,0.217776,0.20973,0.555423,0.444577,0.132867,0.13244
548,30,0.399361,0.163224,0.009993,0.217632,0.20979,0.555292,0.444708,0.108702,0.109005
549,30,0.399655,0.162871,0.010975,0.217162,0.209337,0.554897,0.445103,0.104211,0.12106
550,30,0.399343,0.16276,0.011474,0.217014,0.209409,0.554924,0.445076,0.125993,0.120288
551,24,0.399871,0.162976,0.010167,0.217301,0.209686,0.554858,0.445142,0.121678,0.122895
552,24,0.400276,0.162863,0.010169,0.217151,0.209541,0.554554,0.445446,0.107974,0.117423
553,24,0.400348,0.162889,0.010002,0.217186,0.209575,0.554541,0.445459,0.114972,0.110177
554,24,0.400349,0.16289,0.01,0.217186,0.209575,0.554543,0.445457,0.12367,0.121133
555,24,0.400031,0.162842,0.009997,0.217122,0.210009,0.5545,0.4455,0.13235,0.1322
556,24,0.400029,0.162841,0.01,0.217122,0.210008,0.554493,0.445507,0.115347,0.110734
557,30,0.399927,0.162799,0.010254,0.217066,0.209954,0.554366,0.445634,0.119487,0.122534
558,30,0.400761,0.162642,0.00999,0.216856,0.209751,0.553979,0.446021,0.087312,0.103541
559,24,0.400658,0.1626,0.009997,0.2168,0.209945,0.55391,0.44609,0.129648,0.131052
560,30,0.400523,0.162578,0.009999,0.21677,0.210131,0.553857,0.446143,0.119467,0.120473
561,24,0.400522,0.162577,0.01,0.21677,0.21013,0.55385,0.44615,0.115347,0.110737
562,24,0.400522,0.162577,0.01,0.21677,0.21013,0.553784,0.446216,0.1216,0.122856
563,30,0.400503,0.162569,0.010048,0.216759,0.21012,0.553835,0.446165,0.126144,0.119148
564,30,0.400809,0.16244,0.010212,0.216586,0.209953,0.553509,0.446491,0.10082,0.111315
565,24,0.4008,0.162433,0.01,0.216577,0.210191,0.553505,0.446495,0.12305,0.120789
566,30,0.400619,0.162428,0.01,0.21657,0.210383,0.55354,0.44646,0.121713,0.115331
567,24,0.400808,0.162309,0.009993,0.216413,0.210477,0.553361,0.446639,0.11077,0.116945
568,24,0.401624,0.162086,0.009986,0.216115,0.210188,0.553078,0.446922,0.096047,0.106702
569,24,0.401498,0.162117,0.010002,0.216156,0.210228,0.553041,0.446959,0.124551,0.124101
570,30,0.40176,0.162046,0.009996,0.216062,0.210136,0.552816,0.447184,0.103116,0.111331
571,24,0.401764,0.162044,0.01,0.216059,0.210134,0.552814,0.447186,0.123309,0.120904
572,30,0.401529,0.162108,0.010004,0.216144,0.210216,0.552892,0.447108,0.120189,0.111173
573,30,0.401426,0.162066,0.010258,0.216088,0.210162,0.552839,0.447161,0.119487,0.120482
574,30,0.401407,0.162058,0.010306,0.216078,0.210152,0.552835,0.447165,0.126144,0.124426
575,24,0.401878,0.161908,0.010381,0.215877,0.209957,0.552512,0.447488,0.106334,0.115718
576,30,0.401984,0.161982,0.010005,0.215976,0.210053,0.552376,0.447624,0.129716,0.133232
577,30,0.401881,0.161941,0.010259,0.215921,0.209999,0.552323,0.447677,0.119487,0.120479
578,30,0.402525,0.161836,0.009994,0.215782,0.209864,0.552059,0.447941,0.095381,0.102424
579,24,0.402522,0.161835,0.01,0.21578,0.209862,0.551993,0.448007,0.121612,0.122844
580,24,0.402403,0.161867,0.010002,0.215823,0.209904,0.551956,0.448044,0.132875,0.132431
581,30,0.40221,0.16192,0.010003,0.215894,0.209973,0.551931,0.448069,0.1355,0.129929
582,24,0.402211,0.161921,0.01,0.215894,0.209974,0.551773,0.448227,0.121572,0.125354
583,30,0.402094,0.161953,0.010002,0.215937,0.210015,0.551816,0.448184,0.139841,0.130514
584,24,0.4021,0.161952,0.01,0.215935,0.210013,0.551804,0.448196,0.114972,0.110185
585,30,0.402052,0.161964,0.010001,0.215953,0.21003,0.55168,0.44832,0.119702,0.122602
586,24,0.402153,0.16187,0.009994,0.215827,0.210156,0.551511,0.448489,0.120008,0.125768
587,30,0.40217,0.161864,0.01,0.215819,0.210148,0.551507,0.448493,0.126125,0.12441
588,30,0.402271,0.161837,0.009998,0.215782,0.210112,0.551513,0.448487,0.12201,0.11526
589,24,0.402682,0.161725,0.009993,0.215633,0.209967,0.551371,0.448629,0.109657,0.113769
590,24,0.402559,0.161756,0.010002,0.215675,0.210008,0.551408,0.448592,0.116244,0.108787
591,24,0.402441,0.161789,0.010002,0.215719,0.21005,0.551371,0.448629,0.132875,0.132427
592,24,0.402441,0.161789,0.01,0.215719,0.21005,0.551305,0.448695,0.129895,0.131152
593,24,0.402322,0.161822,0.010002,0.215762,0.210093,0.551268,0.448732,0.132875,0.132427
594,30,0.4026,0.161747,0.009995,0.215662,0.209995,0.551105,0.448895,0.108839,0.114888
595,30,0.402858,0.161676,0.009996,0.215568,0.209903,0.550802,0.449198,0.103012,0.112229
596,30,0.402856,0.161675,0.01,0.215567,0.209902,0.550664,0.449336,0.129478,0.133093
597,24,0.402856,0.161675,0.01,0.215567,0.209902,0.550667,0.449333,0.12374,0.12118
598,30,0.402856,0.161675,0.01,0.215567,0.209902,0.550675,0.449325,0.112885,0.108506
599,30,0.402755,0.161702,0.010002,0.215603,0.209938,0.550714,0.449286,0.121972,0.115436
600,30,0.403147,0.161597,0.009993,0.215462,0.2098,0.550395,0.449605,0.101633,0.110897
601,24,0.403149,0.161594,0.01,0.215459,0.209797,0.550394,0.449606,0.123309,0.120903
602,30,0.403149,0.161594,0.01,0.215459,0.209797,0.550257,0.449743,0.129478,0.133085
603,30,0.40319,0.161525,0.009996,0.215367,0.209922,0.550092,0.449908,0.115807,0.12042
604,30,0.403086,0.161484,0.01025,0.215312,0.209869,0.549966,0.450034,0.119487,0.122478
605,30,0.403163,0.16153,0.010003,0.215374,0.209929,0.549924,0.450076,0.119643,0.115764
606,30,0.403626,0.161406,0.009992,0.215208,0.209768,0.549677,0.450323,0.096964,0.102983
607,24,0.403832,0.161343,0.010017,0.215124,0.209685,0.549638,0.450362,0.108671,0.105261
608,30,0.403837,0.161346,0.01,0.215128,0.209689,0.549623,0.450377,0.125136,0.123628
609,24,0.403737,0.161306,0.009998,0.215074,0.209885,0.549623,0.450377,0.123436,0.121029
610,30,0.403817,0.161284,0.009999,0.215045,0.209856,0.549388,0.450612,0.109544,0.115657
611,24,0.403721,0.161242,0.009997,0.214989,0.21005,0.549384,0.450616,0.12305,0.120794
612,30,0.403715,0.16124,0.010013,0.214986,0.210047,0.549258,0.450742,0.119498,0.122476
613,30,0.404134,0.160921,0.010752,0.214562,0.209632,0.548859,0.451141,0.103696,0.120468
614,24,0.404848,0.160931,0.010001,0.214575,0.209645,0.548718,0.451282,0.109675,0.113736
615,30,0.405107,0.160861,0.009996,0.214482,0.209554,0.548416,0.451584,0.10302,0.11217
616,30,0.405261,0.160707,0.00999,0.214277,0.209765,0.548245,0.451755,0.107963,0.114432
617,24,0.405138,0.160738,0.010002,0.214317,0.209805,0.548209,0.451791,0.124563,0.124091
618,24,0.405144,0.160737,0.01,0.214316,0.209803,0.548208,0.451792,0.123296,0.120907
619,24,0.405428,0.16066,0.009995,0.214214,0.209703,0.548032,0.451968,0.111007,0.116946
620,30,0.405409,0.160652,0.010043,0.214203,0.209693,0.548029,0.451971,0.126144,0.124423
621,24,0.405431,0.160658,0.01,0.214211,0.2097,0.548028,0.451972,0.123296,0.120902
622,24,0.405331,0.160618,0.009998,0.214158,0.209896,0.548028,0.451972,0.123411,0.121015
623,30,0.40533,0.160618,0.01,0.214157,0.209895,0.548025,0.451975,0.126202,0.124445
624,24,0.40533,0.160618,0.01,0.214157,0.209895,0.548035,0.451965,0.113263,0.107831
625,30,0.405605,0.160543,0.009995,0.214058,0.209798,0.547872,0.452128,0.115415,0.121443
626,24,0.405443,0.160519,0.009998,0.214025,0.210014,0.54784,0.45216,0.131137,0.127523
627,30,0.405129,0.160426,0.010241,0.213901,0.210303,0.547789,0.452211,0.135636,0.134262
628,24,0.40519,0.160407,0.009999,0.213877,0.210527,0.547793,0.452207,0.121569,0.115994
629,30,0.405113,0.160428,0.010001,0.213904,0.210554,0.547914,0.452086,0.121856,0.108564
630,24,0.405114,0.160428,0.01,0.213904,0.210554,0.547848,0.452152,0.129887,0.131121
631,24,0.405114,0.160428,0.01,0.213904,0.210554,0.547782,0.452218,0.129895,0.131126
632,30,0.404742,0.160281,0.010497,0.213708,0.210772,0.547806,0.452194,0.125484,0.120101
633,24,0.404823,0.160313,0.010299,0.213751,0.210814,0.547649,0.452351,0.12157,0.125289
634,30,0.404944,0.160361,0.010003,0.213815,0.210877,0.54764,0.45236,0.119531,0.11612
635,24,0.404909,0.160347,0.010088,0.213796,0.210859,0.54765,0.45235,0.11325,0.107828
636,24,0.404945,0.160361,0.010001,0.213815,0.210878,0.547654,0.452346,0.123724,0.121171
637,24,0.404845,0.160322,0.009998,0.213762,0.211073,0.547586,0.452414,0.121323,0.122683
638,30,0.404863,0.160316,0.01,0.213755,0.211066,0.547577,0.452423,0.11951,0.116113
639,24,0.404767,0.160275,0.009997,0.2137,0.21126,0.547573,0.452427,0.123033,0.120788
640,30,0.404893,0.160241,0.009998,0.213654,0.211214,0.547545,0.452455,0.109412,0.106531
641,30,0.404979,0.160159,0.009995,0.213545,0.211322,0.547496,0.452504,0.115691,0.11398
642,30,0.404875,0.160118,0.010249,0.213491,0.211267,0.547444,0.452556,0.119487,0.120453
643,24,0.404956,0.16015,0.010051,0.213533,0.21131,0.547287,0.452713,0.121572,0.125279
644,24,0.405285,0.160008,0.009991,0.213345,0.21137,0.547143,0.452857,0.109419,0.113599
645,30,0.405557,0.159933,0.009995,0.213244,0.211271,0.54698,0.45302,0.108746,0.114772
646,30,0.405508,0.159945,0.010001,0.21326,0.211286,0.546857,0.453143,0.119705,0.122538
647,24,0.405793,0.159868,0.009995,0.213158,0.211185,0.546682,0.453318,0.110983,0.116905
648,30,0.406113,0.159781,0.009995,0.213041,0.21107,0.546518,0.453482,0.108637,0.114709
649,24,0.406111,0.15978,0.01,0.21304,0.211069,0.546521,0.453479,0.123641,0.121125
650,24,0.406347,0.159663,0.010192,0.212884,0.210914,0.546359,0.453641,0.108863,0.110376
651,30,0.4067,0.15962,0.009997,0.212826,0.210857,0.546197,0.453803,0.108777,0.114768
652,24,0.406479,0.159612,0.009999,0.212816,0.211094,0.546159,0.453841,0.124303,0.123961
653,30,0.406477,0.159612,0.01,0.212816,0.211094,0.546144,0.453856,0.125136,0.12362
654,30,0.40631,0.159546,0.009996,0.212729,0.211419,0.546237,0.453763,0.118867,0.107501
655,30,0.406308,0.159546,0.01,0.212728,0.211418,0.546112,0.453888,0.119545,0.122454
656,24,0.406341,0.159471,0.009995,0.212627,0.211566,0.546071,0.453929,0.119277,0.119005
657,30,0.406281,0.159296,0.010692,0.212395,0.211335,0.545911,0.454089,0.126616,0.133038
658,24,0.406444,0.159439,0.010009,0.212585,0.211524,0.545875,0.454125,0.12457,0.12408
659,24,0.406447,0.15944,0.01,0.212587,0.211526,0.545871,0.454129,0.115333,0.110727
660,30,0.406447,0.15944,0.01,0.212587,0.211526,0.545863,0.454137,0.119588,0.116153
661,24,0.406447,0.15944,0.01,0.212587,0.211526,0.545866,0.454134,0.12367,0.121141
662,24,0.406447,0.15944,0.01,0.212587,0.211526,0.545801,0.454199,0.12164,0.122821
663,24,0.406329,0.159472,0.010002,0.212629,0.211568,0.545765,0.454235,0.132887,0.132413
664,30,0.406086,0.159427,0.009997,0.21257,0.21192,0.545792,0.454208,0.137852,0.129851
665,24,0.405984,0.159387,0.009997,0.212517,0.212115,0.545725,0.454275,0.121377,0.122702
666,30,0.406451,0.159262,0.009992,0.212349,0.211947,0.545381,0.454619,0.098886,0.109678
667,30,0.406454,0.159148,0.009993,0.212198,0.212207,0.545328,0.454672,0.115235,0.113739
668,24,0.406451,0.159147,0.01,0.212196,0.212206,0.545332,0.454668,0.123724,0.121172
669,30,0.406493,0.159136,0.009999,0.212181,0.212191,0.545384,0.454616,0.126044,0.11914
670,24,0.406279,0.159091,0.01013,0.212121,0.212379,0.545353,0.454647,0.131092,0.127496
671,24,0.406112,0.159104,0.010001,0.212139,0.212644,0.545315,0.454685,0.124315,0.123964
672,30,0.406267,0.158953,0.00999,0.211937,0.212853,0.545217,0.454783,0.107953,0.109533
673,30,0.405983,0.158969,0.010001,0.211958,0.213089,0.545232,0.454768,0.125308,0.117721
674,24,0.405883,0.158929,0.009998,0.211906,0.213284,0.545165,0.454835,0.121393,0.122708
675,24,0.40571,0.15894,0.010132,0.21192,0.213298,0.545129,0.454871,0.132834,0.132378
676,24,0.405763,0.158961,0.010001,0.211948,0.213326,0.545064,0.454936,0.129907,0.131117
677,24,0.405668,0.158921,0.009997,0.211894,0.21352,0.545061,0.454939,0.123045,0.120782
678,30,0.405963,0.158824,0.010058,0.211765,0.21339,0.544897,0.455103,0.108554,0.114646
679,30,0.40591,0.158853,0.010002,0.211805,0.21343,0.54502,0.45498,0.121858,0.108599
680,24,0.405792,0.158886,0.010002,0.211847,0.213473,0.544892,0.455108,0.124564,0.126207
681,30,0.405781,0.158881,0.01003,0.211841,0.213467,0.544767,0.455233,0.119498,0.122417
682,24,0.405674,0.158918,0.010002,0.21189,0.213516,0.544731,0.455269,0.132883,0.132402
683,24,0.405301,0.158772,0.010912,0.211696,0.21332,0.544575,0.455425,0.121516,0.125215
684,24,0.405446,0.158907,0.010269,0.211876,0.213502,0.544539,0.455461,0.132883,0.132407
685,30,0.405358,0.158949,0.010003,0.211933,0.213757,0.544584,0.455416,0.139643,0.13049
686,30,0.405319,0.158851,0.009994,0.211801,0.214035,0.54455,0.45545,0.108752,0.106203
687,24,0.405317,0.15885,0.01,0.2118,0.214034,0.544554,0.455446,0.123695,0.121156
688,24,0.405317,0.15885,0.01,0.2118,0.214034,0.544398,0.455602,0.121572,0.125239
689,24,0.405257,0.158866,0.010001,0.211821,0.214055,0.544379,0.455621,0.123084,0.116691
690,30,0.405032,0.158816,0.009997,0.211755,0.2144,0.544281,0.455719,0.122522,0.122753
691,24,0.40493,0.158776,0.009997,0.211702,0.214594,0.544214,0.455786,0.12968,0.131008
692,30,0.404715,0.158723,0.009997,0.211631,0.214933,0.544157,0.455843,0.119031,0.120222
693,30,0.405124,0.158613,0.009993,0.211485,0.214785,0.543916,0.456084,0.097396,0.102951
694,30,0.404955,0.158547,0.009996,0.211396,0.215106,0.543901,0.456099,0.118889,0.11581
695,30,0.404935,0.158539,0.010044,0.211386,0.215096,0.543898,0.456102,0.126144,0.124421
696,30,0.405043,0.158523,0.009999,0.211363,0.215073,0.543807,0.456193,0.115992,0.117675
697,24,0.405456,0.158355,0.010204,0.21114,0.214845,0.543488,0.456512,0.106287,0.115391
698,30,0.405228,0.158281,0.010705,0.211041,0.214745,0.543521,0.456479,0.126227,0.120393
699,30,0.405589,0.158308,0.010244,0.211077,0.214782,0.543492,0.456508,0.109208,0.106428
700,24,0.405688,0.158347,0.010002,0.211129,0.214834,0.543496,0.456504,0.123724,0.121172
701,30,0.405659,0.158335,0.010074,0.211114,0.214819,0.543487,0.456513,0.119476,0.116091
702,24,0.405689,0.158347,0.010001,0.211129,0.214834,0.543422,0.456578,0.121612,0.12279
703,24,0.405469,0.15834,0.01,0.211119,0.215072,0.543384,0.456616,0.124306,0.123954
704,24,0.405743,0.158259,0.010022,0.211012,0.214963,0.543208,0.456792,0.110869,0.116795
705,24,0.405976,0.158164,0.010142,0.210885,0.214833,0.543032,0.456968,0.11921,0.125126
706,24,0.406218,0.158071,0.009994,0.210762,0.214955,0.542855,0.457145,0.110702,0.116705
707,24,0.406096,0.158102,0.010002,0.210803,0.214997,0.542728,0.457272,0.124564,0.126192
708,24,0.405997,0.158063,0.009998,0.210751,0.215192,0.54266,0.45734,0.129638,0.130977
709,30,0.406038,0.158051,0.009999,0.210735,0.215176,0.542707,0.457293,0.119417,0.110843
710,30,0.40608,0.15804,0.009999,0.21072,0.21516,0.542759,0.457241,0.126044,0.119151
711,24,0.405961,0.158072,0.010002,0.210762,0.215203,0.542724,0.457276,0.132887,0.1324
712,30,0.405708,0.158004,0.010504,0.210672,0.215112,0.542692,0.457308,0.126307,0.123945
713,30,0.405819,0.158078,0.010119,0.210771,0.215212,0.54257,0.45743,0.119703,0.122484
714,30,0.405808,0.158074,0.010147,0.210765,0.215206,0.542446,0.457554,0.119498,0.122387
715,30,0.405788,0.158066,0.010195,0.210755,0.215196,0.542518,0.457482,0.126144,0.11599
716,30,0.406162,0.158019,0.009997,0.210692,0.215131,0.542214,0.457786,0.102557,0.111646
717,24,0.406041,0.15805,0.010002,0.210733,0.215174,0.542087,0.457913,0.124564,0.126178
718,30,0.406674,0.157882,0.009989,0.210509,0.214945,0.541806,0.458194,0.093326,0.10072
719,24,0.406608,0.157772,0.010214,0.210363,0.215044,0.5417,0.4583,0.125809,0.129141
720,24,0.406658,0.15775,0.009999,0.210333,0.215261,0.541706,0.458294,0.121562,0.115991
721,24,0.406964,0.157602,0.009991,0.210136,0.215307,0.541563,0.458437,0.109342,0.113474
722,30,0.406881,0.157513,0.009994,0.210017,0.215595,0.541454,0.458546,0.131975,0.134602
723,30,0.407076,0.157459,0.009997,0.209946,0.215522,0.541247,0.458753,0.104537,0.111966
724,24,0.406956,0.15749,0.010002,0.209987,0.215565,0.541212,0.458788,0.124567,0.124063
725,30,0.406866,0.157456,0.01022,0.209941,0.215517,0.541077,0.458923,0.129467,0.132961
726,24,0.406736,0.157483,0.010002,0.209977,0.215802,0.540948,0.459052,0.124295,0.12602
727,24,0.406576,0.15746,0.009999,0.209947,0.216019,0.540982,0.459018,0.122821,0.115802
728,24,0.406956,0.157345,0.010046,0.209793,0.21586,0.540684,0.459316,0.107872,0.116937
729,30,0.407182,0.157238,0.010216,0.20965,0.215714,0.540628,0.459372,0.115294,0.112455
730,24,0.407151,0.157303,0.010004,0.209738,0.215804,0.540502,0.459498,0.124554,0.126147
731,24,0.406933,0.157296,0.01,0.209729,0.216042,0.540373,0.459627,0.124295,0.126005
732,24,0.406933,0.157296,0.01,0.209728,0.216042,0.540309,0.459691,0.121612,0.12277
733,24,0.406933,0.157296,0.01,0.209728,0.216042,0.540245,0.459755,0.121587,0.122755
734,30,0.406728,0.157282,0.010257,0.20971,0.216023,0.540225,0.459775,0.138532,0.135391
735,24,0.406732,0.157284,0.01,0.209712,0.216272,0.540227,0.459773,0.123426,0.121033
736,30,0.406631,0.157245,0.010246,0.209659,0.216219,0.540164,0.459836,0.136138,0.137677
737,24,0.406512,0.157276,0.010002,0.209701,0.216509,0.540126,0.459874,0.132619,0.13226
738,30,0.406378,0.157255,0.009999,0.209673,0.216695,0.539991,0.460009,0.129474,0.132942
739,30,0.406384,0.157144,0.009993,0.209526,0.216954,0.539869,0.460131,0.12518,0.125396
740,24,0.406589,0.157082,0.010017,0.209443,0.216868,0.539971,0.460029,0.108656,0.095521
741,24,0.406215,0.156938,0.010926,0.209251,0.216669,0.539906,0.460094,0.129825,0.13104
742,30,0.40656,0.157071,0.010088,0.209428,0.216853,0.539899,0.460101,0.119545,0.11612
743,24,0.406595,0.157085,0.010001,0.209447,0.216872,0.539835,0.460165,0.129924,0.131085
744,30,0.406375,0.157091,0.01,0.209455,0.217079,0.539838,0.460162,0.129745,0.125277
745,30,0.406241,0.15707,0.009999,0.209426,0.217264,0.539848,0.460152,0.112834,0.108494
746,30,0.406452,0.156957,0.009993,0.209276,0.217323,0.539706,0.460294,0.1151,0.119075
747,30,0.406724,0.156883,0.009995,0.209178,0.217221,0.539545,0.460455,0.108766,0.114657
748,24,0.406626,0.156842,0.009997,0.209123,0.217412,0.539543,0.460457,0.12304,0.120777
749,24,0.406364,0.15678,0.009996,0.20904,0.21782,0.539575,0.460425,0.122564,0.115672
750,30,0.406635,0.156707,0.009995,0.208943,0.21772,0.539469,0.460531,0.116016,0.119037
751,30,0.406609,0.156713,0.01,0.20895,0.217727,0.539432,0.460568,0.119634,0.11571
752,24,0.40655,0.156729,0.010001,0.208971,0.217749,0.539416,0.460584,0.123086,0.116683
753,24,0.406454,0.156689,0.009997,0.208918,0.217941,0.539414,0.460586,0.12304,0.120777
754,30,0.406453,0.156688,0.01,0.208918,0.217941,0.539432,0.460568,0.119545,0.114533
755,30,0.406294,0.15657,0.009992,0.208759,0.218385,0.539464,0.460536,0.122056,0.113966
756,24,0.406291,0.156568,0.01,0.208758,0.218383,0.539468,0.460532,0.12367,0.121138
757,30,0.405835,0.156326,0.011358,0.208435,0.218045,0.539374,0.460626,0.132988,0.136165
758,30,0.406954,0.156356,0.010129,0.208475,0.218087,0.539092,0.460908,0.093193,0.100373
759,30,0.407123,0.156345,0.009999,0.20846,0.218072,0.538971,0.461029,0.100579,0.100124
760,24,0.407123,0.156345,0.01,0.20846,0.218072,0.538907,0.461093,0.129907,0.131067
761,30,0.406956,0.156281,0.009996,0.208374,0.218393,0.538894,0.461106,0.118887,0.115801
762,30,0.407061,0.156144,0.009991,0.208192,0.218612,0.538799,0.461201,0.108085,0.10952
763,24,0.407062,0.156141,0.01,0.208188,0.218609,0.5388,0.4612,0.123308,0.120901
764,30,0.406795,0.156103,0.009998,0.208138,0.218967,0.538835,0.461165,0.121284,0.115146
765,24,0.407196,0.155997,0.009993,0.207996,0.218818,0.538538,0.461462,0.107909,0.116882
766,24,0.407515,0.155911,0.009995,0.207882,0.218698,0.538408,0.461592,0.11056,0.11413
767,30,0.407421,0.155818,0.010435,0.207758,0.218567,0.538317,0.461683,0.122594,0.124252
768,30,0.407939,0.155797,0.009999,0.207729,0.218537,0.538203,0.461797,0.115172,0.118526
769,30,0.407891,0.155809,0.010001,0.207745,0.218554,0.538071,0.461929,0.129718,0.133028
770,30,0.407623,0.155771,0.009998,0.207695,0.218914,0.538109,0.461891,0.12153,0.115298
771,30,0.407776,0.155622,0.00999,0.207496,0.219115,0.538024,0.461976,0.114576,0.114267
772,24,0.407776,0.15562,0.01,0.207493,0.219112,0.538025,0.461975,0.123296,0.120906
773,24,0.407675,0.155581,0.009998,0.207441,0.219305,0.538027,0.461973,0.123438,0.121044
774,30,0.407627,0.155593,0.010001,0.207457,0.219322,0.537978,0.462022,0.119694,0.1205
775,30,0.407296,0.155497,0.01028,0.207329,0.219597,0.537922,0.462078,0.125627,0.126821
776,30,0.407402,0.155524,0.010075,0.207365,0.219635,0.537828,0.462172,0.133348,0.135317
777,30,0.407385,0.155548,0.010002,0.207397,0.219669,0.537707,0.462293,0.119705,0.122435
778,24,0.407669,0.155473,0.009995,0.207298,0.219564,0.537533,0.462467,0.110952,0.116724
779,24,0.407634,0.15546,0.01008,0.20728,0.219545,0.537469,0.462531,0.121558,0.122724
780,24,0.407447,0.155465,0.01,0.207287,0.2198,0.537432,0.462568,0.124297,0.123926
781,24,0.408065,0.155303,0.00999,0.207071,0.219571,0.537369,0.462631,0.097028,0.092735
782,24,0.408461,0.155197,0.009993,0.206929,0.21942,0.537225,0.462775,0.101674,0.102443
783,30,0.408058,0.155193,0.01,0.206923,0.219826,0.53724,0.46276,0.126215,0.123172
784,24,0.408085,0.155121,0.009995,0.206827,0.219971,0.537205,0.462795,0.119681,0.119238
785,24,0.408083,0.15512,0.01,0.206826,0.21997,0.53721,0.46279,0.12367,0.121144
786,24,0.407763,0.155074,0.009997,0.206765,0.220401,0.53717,0.46283,0.132344,0.132133
787,24,0.407665,0.155034,0.009997,0.206712,0.220591,0.537168,0.462832,0.123034,0.120772
788,30,0.407431,0.154739,0.011338,0.206319,0.220172,0.537049,0.462951,0.125057,0.12652
789,30,0.407327,0.1547,0.011591,0.206266,0.220116,0.537067,0.462933,0.119489,0.114509
790,24,0.407409,0.154731,0.011393,0.206308,0.22016,0.537081,0.462919,0.113278,0.107851
791,24,0.407811,0.154883,0.010417,0.206511,0.220377,0.537018,0.462982,0.129961,0.131079
792,30,0.407742,0.154887,0.010257,0.206516,0.220598,0.536967,0.463033,0.119456,0.120384
793,24,0.407745,0.154889,0.01,0.206518,0.220847,0.536969,0.463031,0.12345,0.121034
794,30,0.408281,0.154749,0.009991,0.206332,0.220648,0.536716,0.463284,0.099823,0.106622
795,24,0.408176,0.154709,0.009997,0.206279,0.220839,0.536719,0.463281,0.12345,0.121045
796,24,0.408391,0.154652,0.009996,0.206203,0.220758,0.53667,0.46333,0.110729,0.108083
797,30,0.408518,0.154618,0.009998,0.206157,0.220709,0.536651,0.463349,0.114576,0.110267
798,24,0.408517,0.154618,0.01,0.206157,0.220708,0.536588,0.463412,0.12164,0.122762
799,24,0.40832,0.15454,0.009995,0.206053,0.221092,0.536583,0.463417,0.122761,0.120652
800,30,0.40822,0.154502,0.010237,0.206003,0.221038,0.536532,0.463468,0.119487,0.120397
801,30,0.407966,0.154436,0.010739,0.205915,0.220944,0.536502,0.463498,0.126307,0.123926
802,24,0.408114,0.154568,0.010096,0.20609,0.221132,0.536468,0.463532,0.132891,0.13237
803,24,0.408158,0.154581,0.010001,0.206108,0.221152,0.536469,0.463531,0.123308,0.120901
804,24,0.408564,0.154475,0.009993,0.205967,0.221,0.53633,0.46367,0.109577,0.113511
805,30,0.408189,0.154334,0.01049,0.205778,0.221209,0.536291,0.463709,0.125451,0.12352
806,24,0.408394,0.154408,0.010005,0.205878,0.221315,0.536292,0.463708,0.123299,0.120899
807,24,0.408337,0.154425,0.010001,0.205899,0.221338,0.536458,0.463542,0.11478,0.098676
808,30,0.408682,0.154111,0.010838,0.205481,0.220889,0.536152,0.463848,0.10411,0.114372
809,24,0.408713,0.154198,0.010479,0.205597,0.221014,0.536028,0.463972,0.124558,0.126095
810,24,0.408908,0.154272,0.010005,0.205696,0.22112,0.536033,0.463967,0.123727,0.121178
811,30,0.408639,0.154114,0.010869,0.205485,0.220893,0.535931,0.464069,0.13253,0.1348
812,24,0.408898,0.154208,0.010006,0.205611,0.221277,0.535929,0.464071,0.123026,0.120769
813,24,0.408799,0.154171,0.009998,0.205562,0.221471,0.535862,0.464138,0.129621,0.130918
814,30,0.408751,0.154183,0.010001,0.205577,0.221488,0.53573,0.46427,0.12967,0.132976
815,30,0.408596,0.15414,0.010105,0.205519,0.22164,0.535691,0.464309,0.119363,0.115598
816,24,0.40852,0.154187,0.010003,0.205582,0.221708,0.535657,0.464343,0.132883,0.132372
817,30,0.40843,0.154153,0.010221,0.205537,0.221659,0.535523,0.464477,0.129467,0.132887
818,30,0.408691,0.154142,0.009999,0.205523,0.221644,0.535467,0.464533,0.114816,0.112905
819,24,0.408572,0.154173,0.010002,0.205564,0.221688,0.535433,0.464567,0.132883,0.132373
820,30,0.408526,0.154186,0.010001,0.205581,0.221706,0.535313,0.464687,0.119694,0.122394
821,30,0.408661,0.154032,0.010034,0.205376,0.221896,0.535143,0.464857,0.114512,0.120811
822,24,0.408556,0.154068,0.010002,0.205424,0.221949,0.535109,0.464891,0.132883,0.132368
823,24,0.408439,0.1541,0.010002,0.205466,0.221994,0.535152,0.464848,0.116264,0.108844
824,30,0.408393,0.154112,0.010001,0.205483,0.222012,0.535103,0.464897,0.119694,0.120481
825,30,0.408698,0.154033,0.009995,0.205377,0.221897,0.534887,0.465113,0.108317,0.113145
826,24,0.408663,0.15402,0.01008,0.205359,0.221878,0.534734,0.465266,0.121558,0.125079
827,24,0.408476,0.154025,0.01,0.205366,0.222133,0.534697,0.465303,0.132622,0.132238
828,30,0.408222,0.153959,0.010502,0.205279,0.222038,0.534648,0.465352,0.126307,0.127118
829,24,0.408167,0.153938,0.010635,0.205251,0.222009,0.534584,0.465416,0.129873,0.131032
830,30,0.408054,0.154044,0.010349,0.205392,0.222161,0.534534,0.465466,0.126893,0.12512
831,24,0.408417,0.153976,0.009996,0.205301,0.222311,0.534403,0.465597,0.110354,0.113981
832,24,0.408319,0.153936,0.009997,0.205248,0.2225,0.534402,0.465598,0.123029,0.120782
833,24,0.408221,0.153896,0.009997,0.205195,0.222691,0.534401,0.465599,0.123029,0.120782
834,24,0.407899,0.15385,0.009997,0.205134,0.223119,0.534362,0.465638,0.124026,0.12379
835,30,0.407898,0.15385,0.01,0.205133,0.223119,0.534356,0.465644,0.119531,0.116109
836,30,0.407887,0.153846,0.010028,0.205127,0.223113,0.534234,0.465766,0.119498,0.122287
837,24,0.407797,0.153812,0.009998,0.205082,0.223311,0.534237,0.465763,0.123433,0.121041
838,24,0.407759,0.153757,0.009996,0.205009,0.223479,0.534245,0.465755,0.12155,0.115991
839,30,0.408179,0.153647,0.009993,0.204862,0.223319,0.534017,0.465983,0.104017,0.112238
840,24,0.408075,0.153608,0.009997,0.20481,0.22351,0.533951,0.466049,0.129641,0.130921
841,24,0.408356,0.153534,0.009995,0.204712,0.223403,0.533685,0.466315,0.110868,0.117708
842,24,0.40851,0.153493,0.009997,0.204657,0.223343,0.533624,0.466376,0.118471,0.114016
843,30,0.408277,0.153553,0.010004,0.204737,0.22343,0.533563,0.466437,0.136887,0.135708
844,24,0.408961,0.153376,0.009989,0.204501,0.223173,0.53325,0.46675,0.097196,0.1092
845,30,0.408992,0.153332,0.010125,0.204443,0.223108,0.533161,0.466839,0.115937,0.117536
846,30,0.409693,0.153182,0.00999,0.204243,0.222891,0.532869,0.467131,0.097656,0.109189
847,24,0.409704,0.153008,0.010638,0.204011,0.222638,0.532695,0.467305,0.119119,0.124888
848,30,0.409723,0.153045,0.01048,0.20406,0.222691,0.532635,0.467365,0.136321,0.137712
849,30,0.410023,0.153036,0.009999,0.204048,0.222893,0.532589,0.467411,0.115568,0.113845
850,30,0.410252,0.152921,0.009992,0.203895,0.22294,0.532462,0.467538,0.113906,0.117514
851,30,0.410519,0.15285,0.009995,0.2038,0.222836,0.532357,0.467643,0.115931,0.118924
852,24,0.410297,0.152842,0.009999,0.203789,0.223072,0.532321,0.467679,0.132609,0.132235
853,24,0.410179,0.152872,0.010002,0.20383,0.223117,0.532288,0.467712,0.132899,0.13237
854,30,0.41033,0.152727,0.009991,0.203636,0.223316,0.532168,0.467832,0.114538,0.118156
855,24,0.410352,0.152655,0.009995,0.20354,0.223457,0.532065,0.467935,0.1176,0.120775
856,24,0.41035,0.152654,0.01,0.203539,0.223456,0.532003,0.467997,0.121657,0.122735
857,30,0.410522,0.15261,0.009997,0.20348,0.223391,0.531833,0.468167,0.125833,0.130729
858,30,0.410306,0.152559,0.009997,0.203412,0.223727,0.531841,0.468159,0.112401,0.108281
859,24,0.410084,0.152551,0.009999,0.203401,0.223964,0.531805,0.468195,0.124312,0.123915
860,24,0.410089,0.15255,0.01,0.2034,0.223962,0.531801,0.468199,0.114984,0.110175
861,24,0.410391,0.152407,0.009991,0.20321,0.224001,0.53166,0.46834,0.109275,0.113306
862,30,0.410286,0.152368,0.010245,0.203158,0.223943,0.53161,0.46839,0.119487,0.120373
863,24,0.409909,0.152228,0.011154,0.202971,0.223737,0.531546,0.468454,0.129825,0.130985
864,30,0.40988,0.152217,0.011225,0.202957,0.223721,0.531598,0.468402,0.119468,0.110935
865,30,0.410294,0.152371,0.01001,0.203162,0.224163,0.531591,0.468409,0.119364,0.116022
866,30,0.410067,0.152433,0.010004,0.203244,0.224253,0.531542,0.468458,0.126921,0.12512
867,30,0.409789,0.15245,0.010001,0.203267,0.224493,0.531524,0.468476,0.135301,0.129806
868,30,0.409521,0.152413,0.009998,0.203218,0.22485,0.5315,0.4685,0.137902,0.135064
869,24,0.409402,0.152444,0.010002,0.203258,0.224895,0.531467,0.468533,0.124587,0.124034
870,24,0.409685,0.152371,0.009995,0.203161,0.224788,0.531294,0.468706,0.110879,0.116584
871,30,0.409843,0.152322,0.010025,0.203095,0.224715,0.531251,0.468749,0.115787,0.113943
872,24,0.409634,0.152318,0.01,0.203091,0.224957,0.531215,0.468785,0.132621,0.132236
873,24,0.409782,0.152196,0.010318,0.202928,0.224777,0.531042,0.468958,0.119135,0.124874
874,30,0.409953,0.152073,0.010614,0.202764,0.224595,0.530989,0.469011,0.11524,0.112378
875,24,0.409918,0.15206,0.010699,0.202747,0.224576,0.530837,0.469163,0.121556,0.12502
876,24,0.410209,0.152165,0.010007,0.202887,0.224731,0.530839,0.469161,0.123308,0.120908
877,30,0.410043,0.152104,0.009996,0.202805,0.225052,0.530782,0.469218,0.118829,0.120055
878,24,0.409822,0.152096,0.009999,0.202795,0.225288,0.530746,0.469254,0.124312,0.123901
879,30,0.409653,0.152033,0.009996,0.202711,0.225606,0.530738,0.469262,0.125482,0.12411
880,30,0.409582,0.151995,0.009997,0.202661,0.225764,0.530731,0.469269,0.11928,0.11599
881,24,0.409463,0.152025,0.010002,0.202701,0.225809,0.530698,0.469302,0.132895,0.132362
882,30,0.409542,0.152006,0.009999,0.202674,0.225779,0.530776,0.469224,0.116564,0.106876
883,24,0.40944,0.151968,0.009998,0.202624,0.225971,0.530711,0.469289,0.121333,0.122577
884,30,0.409691,0.151903,0.009996,0.202537,0.225874,0.530606,0.469394,0.115986,0.118935
885,30,0.409555,0.151881,0.009999,0.202508,0.226057,0.530619,0.469381,0.11285,0.108511
886,30,0.409543,0.151877,0.010026,0.202503,0.226051,0.530498,0.469502,0.119498,0.122243
887,24,0.409453,0.151843,0.009998,0.202458,0.226248,0.530501,0.469499,0.12344,0.121043
888,24,0.409734,0.151771,0.009995,0.202361,0.22614,0.530329,0.469671,0.110922,0.116588
889,30,0.410051,0.151688,0.009995,0.20225,0.226016,0.530168,0.469832,0.115249,0.121079
890,24,0.410049,0.151687,0.01,0.202249,0.226015,0.530106,0.469894,0.129949,0.131038
891,30,0.4099,0.15162,0.009996,0.202159,0.226325,0.530019,0.469981,0.122735,0.124339
892,24,0.410297,0.151516,0.009993,0.202022,0.226171,0.529726,0.470274,0.107864,0.116602
893,30,0.410271,0.151521,0.01,0.202028,0.226179,0.529834,0.470166,0.119615,0.107961
894,24,0.410236,0.151508,0.010086,0.202011,0.226159,0.529771,0.470229,0.129866,0.130999
895,24,0.410271,0.151521,0.010001,0.202028,0.226179,0.529708,0.470292,0.129895,0.131009
896,24,0.410399,0.151489,0.009998,0.201985,0.22613,0.529607,0.470393,0.126109,0.129164
897,30,0.410144,0.151424,0.0105,0.201899,0.226033,0.529558,0.470442,0.126309,0.127093
898,30,0.410521,0.151456,0.010002,0.201941,0.22608,0.529516,0.470484,0.115902,0.113996
899,24,0.410404,0.151486,0.010002,0.201982,0.226126,0.529483,0.470517,0.124591,0.124037
900,30,0.410735,0.151402,0.009994,0.201869,0.226,0.52926,0.47074,0.107282,0.11276
901,24,0.410615,0.151431,0.010002,0.201908,0.226044,0.529227,0.470773,0.124591,0.124026
902,24,0.410743,0.151399,0.009998,0.201865,0.225996,0.529126,0.470874,0.126129,0.129161
903,30,0.410825,0.151272,0.009992,0.201695,0.226217,0.529125,0.470875,0.108673,0.103106
904,30,0.41095,0.151237,0.009998,0.20165,0.226165,0.52894,0.47106,0.11311,0.118799
905,30,0.410949,0.151237,0.01,0.201649,0.226165,0.528935,0.471065,0.119487,0.116087
906,30,0.410837,0.15121,0.009998,0.201614,0.22634,0.52886,0.47114,0.129369,0.127637
907,30,0.410668,0.151148,0.009996,0.201531,0.226657,0.528733,0.471267,0.118832,0.121891
908,24,0.410671,0.151146,0.01,0.201528,0.226655,0.528735,0.471265,0.123296,0.120907
909,30,0.410853,0.151045,0.009993,0.201393,0.226717,0.528628,0.471372,0.115715,0.118776
910,24,0.41085,0.151044,0.01,0.201391,0.226715,0.528629,0.471371,0.115347,0.110727
911,30,0.41085,0.151044,0.01,0.201391,0.226715,0.528498,0.471502,0.129536,0.13282
912,30,0.411101,0.150979,0.009996,0.201305,0.226619,0.528394,0.471606,0.115993,0.118912
913,24,0.410981,0.151009,0.010002,0.201345,0.226663,0.528361,0.471639,0.132887,0.132351
914,30,0.41113,0.150971,0.009998,0.201295,0.226606,0.528251,0.471749,0.12592,0.125562
915,24,0.411129,0.150971,0.01,0.201294,0.226606,0.528189,0.471811,0.121612,0.122693
916,24,0.411448,0.150889,0.009995,0.201185,0.226483,0.528062,0.471938,0.110599,0.114007
917,30,0.411311,0.150868,0.009999,0.201157,0.226666,0.528012,0.471988,0.11945,0.120332
918,30,0.411195,0.150825,0.010279,0.2011,0.226602,0.527891,0.472109,0.119466,0.122194
919,24,0.411021,0.150835,0.010413,0.201113,0.226617,0.527858,0.472142,0.13285,0.13232
920,30,0.410987,0.150895,0.010004,0.201193,0.226921,0.527999,0.472001,0.123007,0.109224
921,30,0.410854,0.150875,0.009999,0.201166,0.227106,0.527879,0.472121,0.119481,0.122198
922,30,0.411191,0.150788,0.009994,0.201051,0.226976,0.527767,0.472233,0.115167,0.118399
923,30,0.411207,0.150783,0.01,0.201043,0.226967,0.527766,0.472234,0.126123,0.124406
924,24,0.411068,0.150598,0.010847,0.200797,0.22669,0.527568,0.472432,0.116898,0.122259
925,24,0.41115,0.150628,0.010649,0.200838,0.226735,0.527505,0.472495,0.129893,0.130998
926,24,0.411718,0.150585,0.009997,0.200781,0.226918,0.527365,0.472635,0.109341,0.113269
927,24,0.411722,0.150584,0.01,0.200778,0.226916,0.527362,0.472638,0.114971,0.110156
928,30,0.411587,0.150563,0.009999,0.200751,0.2271,0.527375,0.472625,0.112835,0.108506
929,24,0.411366,0.150556,0.01,0.200742,0.227336,0.52734,0.47266,0.124312,0.123888
930,30,0.411231,0.150536,0.009999,0.200714,0.22752,0.527208,0.472792,0.129461,0.132766
931,24,0.411129,0.150498,0.009998,0.200664,0.227711,0.527212,0.472788,0.123411,0.121024
932,30,0.411204,0.150419,0.010225,0.200559,0.227592,0.527187,0.472813,0.109124,0.106343
933,30,0.411147,0.150242,0.010963,0.200323,0.227324,0.527033,0.472967,0.115901,0.121443
934,30,0.411766,0.150119,0.010819,0.200159,0.227137,0.526824,0.473176,0.105565,0.113496
935,24,0.412001,0.150205,0.010006,0.200273,0.227515,0.526828,0.473172,0.123443,0.121037
936,24,0.412003,0.150206,0.01,0.200274,0.227516,0.526766,0.473234,0.121587,0.12267
937,24,0.411901,0.150169,0.009998,0.200225,0.227708,0.526701,0.473299,0.129665,0.130881
938,30,0.41168,0.150174,0.01,0.200232,0.227914,0.526758,0.473242,0.123109,0.11599
939,30,0.411906,0.150011,0.010403,0.200014,0.227666,0.526503,0.473497,0.106184,0.114849
940,24,0.411871,0.149998,0.010488,0.199997,0.227646,0.526353,0.473647,0.121558,0.12495
941,24,0.412061,0.150067,0.010032,0.200089,0.227751,0.526359,0.473641,0.123668,0.121152
942,24,0.412788,0.149889,0.009988,0.199852,0.227482,0.526092,0.473908,0.096751,0.106377
943,24,0.413394,0.149732,0.009989,0.199642,0.227243,0.525905,0.474095,0.096949,0.099506
944,30,0.413254,0.14971,0.009999,0.199613,0.227424,0.525785,0.474215,0.119461,0.122167
945,30,0.413148,0.149671,0.010253,0.199562,0.227366,0.525806,0.474194,0.119487,0.114531
946,24,0.413032,0.149702,0.010002,0.199603,0.22766,0.525682,0.474318,0.124287,0.125819
947,30,0.413033,0.149703,0.01,0.199603,0.227661,0.525696,0.474304,0.112874,0.108525
948,30,0.412917,0.149661,0.010277,0.199548,0.227597,0.525796,0.474204,0.112819,0.101925
949,24,0.412914,0.149732,0.010005,0.199643,0.227706,0.525764,0.474236,0.124599,0.124032
950,30,0.412618,0.149625,0.010715,0.1995,0.227543,0.525644,0.474356,0.119443,0.12216
951,24,0.412913,0.149732,0.010007,0.199642,0.227705,0.525651,0.474349,0.123698,0.121163
952,24,0.412814,0.149696,0.009998,0.199594,0.227898,0.525587,0.474413,0.121374,0.122569
953,30,0.412597,0.149646,0.009997,0.199528,0.228233,0.525532,0.474468,0.118991,0.1201
954,30,0.412577,0.149639,0.010045,0.199518,0.228222,0.525531,0.474469,0.126144,0.124419
955,24,0.412273,0.149601,0.009998,0.199468,0.22866,0.525493,0.474507,0.13234,0.132074
956,24,0.412865,0.14945,0.00999,0.199267,0.228429,0.525192,0.474808,0.098078,0.109485
957,24,0.412861,0.149448,0.01,0.199265,0.228427,0.525199,0.474801,0.12367,0.121151
958,30,0.412814,0.14946,0.010001,0.19928,0.228445,0.525082,0.474918,0.119727,0.122291
959,30,0.412645,0.149399,0.009996,0.199199,0.228762,0.525075,0.474925,0.125473,0.124096
960,30,0.412412,0.149457,0.010004,0.199276,0.228851,0.525162,0.474838,0.120284,0.111435
961,30,0.412397,0.149452,0.01004,0.199269,0.228842,0.525162,0.474838,0.126144,0.124419
962,30,0.412445,0.149399,0.009996,0.199199,0.22896,0.525192,0.474808,0.12125,0.113431
963,30,0.412726,0.149276,0.009992,0.199035,0.22897,0.525103,0.474897,0.099869,0.098152
964,30,0.412676,0.149287,0.010001,0.199049,0.228986,0.525056,0.474944,0.119696,0.12044
965,30,0.41282,0.149251,0.009998,0.199001,0.228931,0.525104,0.474896,0.122948,0.114953
966,24,0.413215,0.14915,0.009993,0.198866,0.228776,0.524813,0.475187,0.107804,0.116421
967,30,0.413416,0.149097,0.009996,0.198796,0.228695,0.524662,0.475338,0.109506,0.114859
968,30,0.413305,0.149024,0.010176,0.198698,0.228797,0.52457,0.47543,0.132996,0.136023
969,30,0.413416,0.14904,0.010001,0.19872,0.228823,0.524604,0.475396,0.123809,0.117829
970,30,0.413435,0.149036,0.01,0.198714,0.228816,0.524603,0.475397,0.126123,0.124406
971,24,0.413337,0.148998,0.009997,0.198664,0.229005,0.524603,0.475397,0.123024,0.120778
972,24,0.413336,0.148997,0.01,0.198663,0.229004,0.524542,0.475458,0.121657,0.122696
973,30,0.413247,0.148965,0.009998,0.19862,0.22917,0.524537,0.475463,0.119354,0.116026
974,30,0.413563,0.148885,0.009995,0.198513,0.229045,0.524449,0.475551,0.108493,0.109594
975,24,0.413561,0.148884,0.01,0.198512,0.229044,0.524467,0.475533,0.113263,0.107874
976,24,0.413341,0.148877,0.01,0.198502,0.229281,0.524432,0.475568,0.132612,0.13221
977,24,0.41334,0.148877,0.01,0.198502,0.229281,0.52437,0.47563,0.129907,0.130986
978,24,0.413223,0.148906,0.010002,0.198542,0.229327,0.524338,0.475662,0.124587,0.124014
979,30,0.413073,0.148841,0.009996,0.198455,0.229636,0.52433,0.47567,0.125414,0.124063
980,30,0.413047,0.148846,0.01,0.198462,0.229645,0.524351,0.475649,0.136241,0.129326
981,24,0.412874,0.148856,0.010135,0.198475,0.22966,0.524318,0.475682,0.132854,0.132314
982,30,0.412795,0.148856,0.01,0.198475,0.229875,0.524332,0.475668,0.112824,0.108504
983,30,0.41266,0.148836,0.009999,0.198448,0.230058,0.524346,0.475654,0.112837,0.108508
984,30,0.412995,0.148751,0.009994,0.198334,0.229926,0.524234,0.475766,0.115116,0.118329
985,30,0.41299,0.14875,0.01,0.198334,0.229926,0.524223,0.475777,0.12516,0.123598
986,30,0.412855,0.14873,0.009999,0.198307,0.230109,0.524237,0.475763,0.112837,0.108503
987,30,0.412965,0.148604,0.010166,0.198138,0.230128,0.524063,0.475937,0.125013,0.131439
988,24,0.413042,0.148626,0.010002,0.198168,0.230163,0.523993,0.476007,0.129126,0.130471
989,30,0.413337,0.148538,0.01005,0.19805,0.230026,0.523832,0.476168,0.108464,0.114248
990,24,0.413636,0.148474,0.009996,0.197966,0.229928,0.523661,0.476339,0.110883,0.116443
991,24,0.413414,0.148467,0.009999,0.197956,0.230164,0.523538,0.476462,0.124287,0.125786
992,24,0.413692,0.148396,0.009995,0.197862,0.230055,0.523366,0.476634,0.119095,0.124709
993,30,0.413838,0.148358,0.009997,0.197811,0.229996,0.523431,0.476569,0.109281,0.099843
994,24,0.413841,0.148357,0.01,0.197809,0.229993,0.523434,0.476566,0.123295,0.120907
995,24,0.413841,0.148357,0.01,0.197809,0.229993,0.523441,0.476559,0.123641,0.121136
996,30,0.413942,0.148277,0.009995,0.197702,0.230084,0.523398,0.476602,0.115557,0.113799
997,30,0.414086,0.148135,0.00999,0.197514,0.230275,0.523304,0.476696,0.107781,0.109233
998,24,0.414082,0.148134,0.01,0.197512,0.230273,0.523311,0.476689,0.123641,0.121136
999,30,0.414082,0.148134,0.01,0.197512,0.230273,0.523308,0.476692,0.119542,0.116112
1000,30,0.414035,0.148145,0.010001,0.197527,0.230291,0.523191,0.476809,0.119727,0.122269
1001,30,0.414182,0.148005,0.009991,0.19734,0.230483,0.523023,0.476977,0.107794,0.113912
1002,30,0.413866,0.148032,0.010002,0.197376,0.230724,0.523045,0.476955,0.126703,0.123422
1003,24,0.41383,0.14802,0.010087,0.197359,0.230704,0.522983,0.477017,0.129866,0.130957
1004,24,0.413764,0.147996,0.009998,0.197328,0.230914,0.522919,0.477081,0.121352,0.122535
1005,24,0.413763,0.147996,0.01,0.197327,0.230914,0.522926,0.477074,0.123641,0.121136
1006,24,0.414164,0.147894,0.009993,0.197192,0.230756,0.52279,0.47721,0.10958,0.11331
1007,24,0.414161,0.147893,0.01,0.197191,0.230754,0.522641,0.477359,0.121572,0.124908
1008,30,0.414161,0.147893,0.01,0.197191,0.230754,0.522638,0.477362,0.119531,0.116107
1009,30,0.414261,0.147765,0.009991,0.197019,0.230964,0.522472,0.477528,0.107962,0.11398
1010,30,0.414087,0.147703,0.009996,0.196937,0.231278,0.522346,0.477654,0.118809,0.121789
1011,24,0.413987,0.147664,0.009997,0.196886,0.231465,0.522346,0.477654,0.123019,0.120762
1012,30,0.4141,0.147635,0.009998,0.196847,0.23142,0.522087,0.477913,0.117091,0.124027
1013,24,0.414099,0.147635,0.01,0.196847,0.231419,0.521938,0.478062,0.121572,0.124896
1014,30,0.414375,0.147529,0.010135,0.196706,0.231254,0.521825,0.478175,0.115015,0.118256
1015,30,0.414347,0.147521,0.009999,0.196694,0.231439,0.521812,0.478188,0.124907,0.123472
1016,24,0.414311,0.147508,0.010085,0.196677,0.231419,0.52175,0.47825,0.129866,0.13095
1017,24,0.414275,0.147495,0.01017,0.196661,0.231399,0.521601,0.478399,0.121558,0.124885
1018,24,0.414521,0.147414,0.009994,0.196552,0.231518,0.521428,0.478572,0.118902,0.124583
1019,24,0.414486,0.147401,0.01008,0.196535,0.231498,0.521279,0.478721,0.121558,0.124877
1020,24,0.414914,0.147314,0.009994,0.196418,0.231361,0.521142,0.478858,0.101595,0.102147
1021,30,0.414592,0.147213,0.010493,0.196284,0.231418,0.5212,0.4788,0.125978,0.117213
1022,24,0.414595,0.147212,0.01,0.196282,0.231911,0.521198,0.478802,0.12273,0.12063
1023,30,0.414593,0.147212,0.01,0.196283,0.231912,0.521187,0.478813,0.125138,0.123584
1024,24,0.414988,0.147113,0.009993,0.196151,0.231755,0.520897,0.479103,0.107778,0.116276
1025,30,0.415464,0.146827,0.010637,0.195769,0.231304,0.520502,0.479498,0.103108,0.118982
1026,24,0.415428,0.146814,0.010722,0.195752,0.231284,0.520354,0.479646,0.121556,0.124864
1027,24,0.415372,0.146794,0.010855,0.195726,0.231253,0.520292,0.479708,0.129873,0.130946
1028,24,0.415629,0.146882,0.010006,0.195843,0.231639,0.520293,0.479707,0.123019,0.12078
1029,30,0.416044,0.146779,0.009993,0.195706,0.231477,0.520067,0.479933,0.103808,0.111782
1030,24,0.416245,0.146722,0.010016,0.195629,0.231387,0.519998,0.480002,0.116914,0.113406
1031,30,0.416449,0.146644,0.010119,0.195525,0.231263,0.519869,0.480131,0.11591,0.119137
1032,24,0.416503,0.14666,0.010001,0.195547,0.231289,0.519872,0.480128,0.123295,0.1209
1033,30,0.416483,0.146665,0.01,0.195554,0.231297,0.519863,0.480137,0.121888,0.115681
1034,30,0.416942,0.146521,0.010106,0.195362,0.23107,0.519536,0.480464,0.109883,0.122448
1035,24,0.416765,0.14653,0.010001,0.195373,0.231331,0.519502,0.480498,0.124311,0.123866
1036,30,0.416875,0.146351,0.010589,0.195135,0.231049,0.519327,0.480673,0.116531,0.119342
1037,24,0.417202,0.146391,0.010108,0.195188,0.231111,0.51914,0.48086,0.11776,0.122599
1038,24,0.417524,0.146337,0.009996,0.195116,0.231027,0.51897,0.48103,0.110834,0.116335
1039,30,0.417623,0.146311,0.009998,0.195082,0.230986,0.518891,0.481109,0.123154,0.125475
1040,24,0.417505,0.14634,0.010002,0.195121,0.231032,0.51886,0.48114,0.13292,0.132326
1041,24,0.417506,0.146341,0.01,0.195121,0.231033,0.518799,0.481201,0.121628,0.12264
1042,30,0.417486,0.146334,0.010048,0.195112,0.231021,0.518799,0.481201,0.126144,0.124417
1043,30,0.417524,0.146336,0.01,0.195115,0.231025,0.518799,0.481201,0.126122,0.124403
1044,24,0.417421,0.1463,0.009998,0.195066,0.231215,0.518804,0.481196,0.123435,0.121038
1045,24,0.41742,0.146299,0.01,0.195066,0.231215,0.518811,0.481189,0.123641,0.121137
1046,24,0.417816,0.1462,0.009993,0.194933,0.231057,0.518674,0.481326,0.109414,0.113165
1047,24,0.418006,0.14615,0.009997,0.194867,0.230979,0.518514,0.481486,0.120135,0.125251
1048,24,0.418005,0.14615,0.01,0.194867,0.230979,0.518522,0.481478,0.123695,0.121168
1049,24,0.418005,0.14615,0.01,0.194867,0.230979,0.518527,0.481473,0.115347,0.110735
1050,24,0.418095,0.146065,0.009994,0.194754,0.231092,0.518363,0.481637,0.119792,0.125091
1051,30,0.417895,0.146064,0.01,0.194752,0.231289,0.518509,0.481491,0.123051,0.109383
1052,30,0.417721,0.146005,0.009996,0.194673,0.231605,0.518492,0.481508,0.124432,0.12324
1053,24,0.417616,0.145968,0.009997,0.194624,0.231795,0.518429,0.481571,0.121369,0.122522
1054,30,0.417479,0.145948,0.009999,0.194597,0.231977,0.51838,0.48162,0.119448,0.120288
1055,24,0.417316,0.145926,0.009999,0.194568,0.23219,0.518359,0.481641,0.131137,0.127414
1056,24,0.417212,0.14589,0.009998,0.19452,0.23238,0.518296,0.481704,0.121352,0.122515
1057,30,0.417309,0.145865,0.009998,0.194487,0.23234,0.518366,0.481634,0.115328,0.106033
1058,30,0.417052,0.145803,0.0105,0.194404,0.232241,0.518319,0.481681,0.126312,0.127051
1059,30,0.417224,0.145852,0.010135,0.194469,0.232319,0.518319,0.481681,0.126121,0.124407
1060,24,0.417188,0.145839,0.01022,0.194452,0.232299,0.518171,0.481829,0.121558,0.124832
1061,30,0.417081,0.145802,0.010475,0.194403,0.23224,0.518122,0.481878,0.119487,0.120306
1062,30,0.417252,0.145862,0.010069,0.194482,0.232335,0.518138,0.481862,0.112879,0.108539
1063,24,0.417164,0.145901,0.010003,0.194535,0.232398,0.518107,0.481893,0.13292,0.132322
1064,24,0.41717,0.1459,0.01,0.194534,0.232397,0.518111,0.481889,0.123295,0.120901
1065,24,0.417071,0.145863,0.009997,0.194484,0.232585,0.518112,0.481888,0.123018,0.12077
1066,30,0.417156,0.145841,0.009998,0.194455,0.23255,0.518162,0.481838,0.122892,0.114372
1067,24,0.416954,0.145767,0.009995,0.194357,0.232927,0.51816,0.48184,0.12273,0.12063
1068,30,0.416985,0.145705,0.009996,0.194273,0.233041,0.518138,0.481862,0.1091,0.106296
1069,24,0.416988,0.145703,0.01,0.19427,0.233039,0.518142,0.481858,0.123307,0.12091
1070,30,0.416896,0.145672,0.009998,0.19423,0.233204,0.518127,0.481873,0.118262,0.114865
1071,30,0.417213,0.145592,0.009995,0.194123,0.233077,0.517937,0.482063,0.100992,0.104979
1072,24,0.417332,0.145559,0.010008,0.194078,0.233023,0.517838,0.482162,0.117731,0.120682
1073,24,0.417115,0.145553,0.01,0.194071,0.233261,0.517884,0.482116,0.115999,0.108783
1074,30,0.417095,0.145546,0.010048,0.194061,0.23325,0.517884,0.482116,0.126144,0.124418
1075,30,0.417044,0.145517,0.009998,0.194023,0.233418,0.517882,0.482118,0.125872,0.124285
1076,30,0.416872,0.145457,0.009996,0.193943,0.233733,0.517876,0.482124,0.125457,0.124087
1077,30,0.417094,0.145401,0.009996,0.193868,0.233642,0.517781,0.482219,0.116602,0.119462
1078,24,0.416975,0.145429,0.010002,0.193906,0.233688,0.51775,0.48225,0.124599,0.123999
1079,24,0.417169,0.145381,0.009997,0.193842,0.233611,0.51759,0.48241,0.111755,0.116881
1080,30,0.41695,0.145333,0.009997,0.193777,0.233944,0.517467,0.482533,0.118988,0.121812
1081,30,0.416791,0.145322,0.009999,0.193763,0.234125,0.5176,0.4824,0.121654,0.10888
1082,30,0.417144,0.145234,0.009994,0.193646,0.233983,0.51739,0.48261,0.105326,0.112725
1083,30,0.41697,0.145174,0.009996,0.193565,0.234296,0.517354,0.482646,0.118831,0.115302
1084,24,0.416865,0.145137,0.009997,0.193516,0.234484,0.517359,0.482641,0.123402,0.121029
1085,30,0.416634,0.145194,0.010004,0.193592,0.234576,0.517304,0.482696,0.136948,0.135636
1086,24,0.416474,0.145173,0.009999,0.193564,0.23479,0.517283,0.482717,0.131132,0.127454
1087,30,0.416651,0.145075,0.009993,0.193434,0.234846,0.517177,0.482823,0.115623,0.118605
1088,30,0.416544,0.145038,0.010248,0.193384,0.234786,0.517289,0.482711,0.119487,0.108047
1089,30,0.416932,0.145003,0.009998,0.193337,0.23473,0.517067,0.482933,0.102427,0.110024
1090,30,0.416796,0.144983,0.009999,0.193311,0.234912,0.517083,0.482917,0.112842,0.108518
1091,30,0.41702,0.144874,0.009992,0.193165,0.234949,0.516921,0.483079,0.108264,0.114034
1092,30,0.417035,0.144868,0.01,0.193157,0.23494,0.51692,0.48308,0.11952,0.116095
1093,24,0.417093,0.144773,0.010318,0.193031,0.234786,0.516759,0.483241,0.120063,0.125192
1094,30,0.417226,0.144819,0.010003,0.193092,0.23486,0.516758,0.483242,0.119542,0.116115
1095,30,0.417475,0.144758,0.009996,0.19301,0.234761,0.516606,0.483394,0.115939,0.121292
1096,24,0.417473,0.144757,0.01,0.19301,0.23476,0.516546,0.483454,0.121612,0.122623
1097,24,0.417749,0.144689,0.009995,0.192918,0.234649,0.516376,0.483624,0.110751,0.116247
1098,30,0.417723,0.144694,0.01,0.192925,0.234657,0.516489,0.483511,0.119616,0.108111
1099,30,0.417848,0.144663,0.009998,0.192884,0.234607,0.516477,0.483523,0.114556,0.110203
1100,30,0.418179,0.14458,0.009994,0.192773,0.234473,0.516365,0.483635,0.115038,0.118198
1101,30,0.418857,0.14441,0.009988,0.192547,0.234198,0.515979,0.484021,0.103884,0.119278
1102,24,0.418735,0.144438,0.010002,0.192583,0.234242,0.515948,0.484052,0.132924,0.132329
1103,24,0.419127,0.144341,0.009993,0.192454,0.234085,0.51566,0.48434,0.107699,0.116081
1104,30,0.419124,0.14434,0.01,0.192453,0.234083,0.515532,0.484468,0.129536,0.132656
1105,30,0.419124,0.14434,0.01,0.192453,0.234083,0.515549,0.484451,0.112943,0.108582
1106,30,0.419017,0.144303,0.010254,0.192404,0.234023,0.515501,0.484499,0.119487,0.120293
1107,24,0.419007,0.144368,0.010005,0.192491,0.234129,0.515471,0.484529,0.124615,0.124009
1108,24,0.419013,0.144368,0.01,0.19249,0.234129,0.515475,0.484525,0.123307,0.120921
1109,30,0.418824,0.144415,0.010003,0.192553,0.234205,0.515467,0.484533,0.135611,0.129903
1110,24,0.41931,0.144295,0.009992,0.192393,0.23401,0.515162,0.484838,0.106063,0.114339
1111,30,0.419307,0.144294,0.01,0.192391,0.234008,0.515034,0.484966,0.129478,0.132623
1112,24,0.419207,0.144257,0.009997,0.192342,0.234196,0.515035,0.484965,0.123013,0.12077
1113,24,0.419171,0.144244,0.010083,0.192326,0.234176,0.515016,0.484984,0.121558,0.116148
1114,30,0.419034,0.144197,0.009997,0.192263,0.23451,0.515026,0.484974,0.112183,0.108188
1115,24,0.418916,0.144226,0.010002,0.192301,0.234556,0.514996,0.485004,0.124615,0.123998
1116,30,0.418808,0.144188,0.010256,0.192251,0.234496,0.514948,0.485052,0.119487,0.120293
1117,30,0.41936,0.144115,0.009995,0.192154,0.234377,0.514718,0.485282,0.103265,0.11127
1118,30,0.419421,0.144099,0.009999,0.192132,0.23435,0.51471,0.48529,0.122965,0.119543
1119,24,0.419321,0.144062,0.009997,0.192082,0.234537,0.514711,0.485289,0.123001,0.120768
1120,30,0.419301,0.144055,0.010045,0.192073,0.234526,0.514772,0.485228,0.126144,0.119365
1121,30,0.419438,0.144032,0.009998,0.192043,0.234489,0.514742,0.485258,0.123024,0.122845
1122,24,0.419437,0.144032,0.01,0.192042,0.234488,0.51475,0.48525,0.123683,0.121157
1123,24,0.419321,0.144061,0.010002,0.192081,0.234536,0.51472,0.48528,0.124607,0.123995
1124,24,0.419712,0.143964,0.009993,0.191952,0.234378,0.5146,0.4854,0.099429,0.099159
1125,30,0.419728,0.143959,0.01,0.191945,0.234369,0.514599,0.485401,0.11952,0.116097
1126,30,0.419728,0.143958,0.01,0.191945,0.234369,0.514471,0.485529,0.129478,0.132617
1127,30,0.41985,0.143928,0.009998,0.191904,0.23432,0.514307,0.485693,0.125979,0.13049
1128,30,0.419913,0.143912,0.009999,0.191883,0.234294,0.514299,0.485701,0.122965,0.11954
1129,30,0.419931,0.143907,0.01,0.191876,0.234286,0.514298,0.485702,0.119509,0.116098
1130,24,0.419935,0.143906,0.01,0.191875,0.234284,0.514303,0.485697,0.123307,0.120922
1131,30,0.419707,0.143963,0.010004,0.19195,0.234376,0.514394,0.485606,0.120356,0.111565
1132,24,0.419714,0.143804,0.010627,0.191738,0.234117,0.514223,0.485777,0.118969,0.12447
1133,24,0.419919,0.143908,0.010007,0.191878,0.234287,0.514269,0.485731,0.123113,0.116009
1134,30,0.419922,0.143909,0.01,0.191879,0.234289,0.514153,0.485847,0.119545,0.122078
1135,30,0.420045,0.143879,0.009998,0.191839,0.23424,0.514134,0.485866,0.109339,0.106412
1136,30,0.420128,0.143858,0.009999,0.19181,0.234205,0.514037,0.485963,0.132557,0.134576
1137,30,0.420082,0.143869,0.010001,0.191825,0.234223,0.513991,0.486009,0.119699,0.12039
1138,30,0.420082,0.143869,0.01,0.191825,0.234224,0.513864,0.486136,0.129536,0.132634
1139,24,0.419816,0.143778,0.010626,0.191704,0.234075,0.513803,0.486197,0.129853,0.130893
1140,24,0.41988,0.1438,0.010475,0.191733,0.234111,0.513743,0.486257,0.129902,0.130926
1141,24,0.42008,0.143744,0.010498,0.191659,0.23402,0.51355,0.48645,0.116887,0.12197
1142,30,0.420479,0.143768,0.010002,0.191691,0.23406,0.513348,0.486652,0.104322,0.111248
1143,24,0.420484,0.143768,0.01,0.19169,0.234058,0.513353,0.486647,0.123307,0.120911
1144,30,0.420412,0.143732,0.009998,0.191643,0.234215,0.51335,0.48665,0.119265,0.115971
1145,24,0.420191,0.143725,0.01,0.191633,0.234451,0.513317,0.486683,0.132634,0.132171
1146,24,0.420195,0.143724,0.01,0.191632,0.234449,0.513322,0.486678,0.123295,0.120902
1147,30,0.420149,0.143735,0.010001,0.191647,0.234468,0.513349,0.486651,0.119699,0.114666
1148,30,0.420286,0.143625,0.010299,0.191501,0.234289,0.51319,0.48681,0.1152,0.120763
1149,24,0.420412,0.143668,0.010003,0.191558,0.234359,0.513199,0.486801,0.123683,0.121158
1150,30,0.420856,0.143559,0.009992,0.191412,0.234181,0.513031,0.486969,0.103228,0.107983
1151,24,0.420644,0.143487,0.009995,0.191316,0.234558,0.512966,0.487034,0.121053,0.122333
1152,24,0.421032,0.14339,0.009993,0.191186,0.234399,0.512961,0.487039,0.101463,0.09524
1153,30,0.421294,0.143323,0.009995,0.191097,0.23429,0.512803,0.487197,0.108599,0.114125
1154,30,0.421111,0.143305,0.010252,0.191073,0.23426,0.512851,0.487149,0.138489,0.13022
1155,30,0.421217,0.143341,0.010003,0.191121,0.234319,0.512869,0.487131,0.112885,0.108557
1156,30,0.421925,0.143166,0.009988,0.190888,0.234033,0.512541,0.487459,0.093535,0.105883
1157,24,0.421925,0.143163,0.01,0.190884,0.234028,0.512546,0.487454,0.123306,0.120911
1158,24,0.421808,0.143192,0.010002,0.190922,0.234075,0.512516,0.487484,0.132936,0.132315
1159,30,0.421435,0.143065,0.010879,0.190753,0.233868,0.512456,0.487544,0.136081,0.137479
1160,24,0.421262,0.143075,0.011014,0.190766,0.233884,0.512426,0.487574,0.132873,0.132291
1161,30,0.421555,0.142992,0.010639,0.190655,0.234159,0.512308,0.487692,0.114324,0.117796
1162,30,0.421505,0.143032,0.010529,0.190709,0.234224,0.512297,0.487703,0.138618,0.135385
1163,30,0.421638,0.143028,0.01,0.190704,0.234629,0.512206,0.487794,0.115262,0.116992
1164,24,0.421429,0.142958,0.009995,0.19061,0.235008,0.51214,0.48786,0.129337,0.130625
1165,24,0.422026,0.142809,0.00999,0.190412,0.234764,0.511958,0.488042,0.096745,0.099112
1166,24,0.421963,0.142822,0.010001,0.190429,0.234785,0.511942,0.488058,0.131422,0.127533
1167,30,0.421964,0.142822,0.01,0.190429,0.234785,0.51196,0.48804,0.112874,0.108548
1168,24,0.421847,0.142851,0.010002,0.190467,0.234832,0.51193,0.48807,0.124627,0.123994
1169,24,0.421853,0.14285,0.01,0.190466,0.234831,0.511935,0.488065,0.123294,0.120902
1170,24,0.421816,0.142838,0.010085,0.19045,0.234811,0.51179,0.48821,0.121558,0.12474
1171,24,0.421748,0.142814,0.009998,0.190419,0.23502,0.511796,0.488204,0.123418,0.121035
1172,30,0.421359,0.142683,0.010912,0.190243,0.234803,0.511748,0.488252,0.126101,0.126914
1173,24,0.421413,0.142769,0.010266,0.190359,0.235193,0.511715,0.488285,0.132638,0.132173
1174,30,0.42103,0.142639,0.011166,0.190185,0.234979,0.511587,0.488413,0.129412,0.13254
1175,30,0.421316,0.142763,0.010387,0.190351,0.235184,0.511462,0.488538,0.129715,0.132686
1176,30,0.421582,0.142709,0.010337,0.190278,0.235094,0.511164,0.488836,0.112672,0.121382
1177,30,0.421996,0.14269,0.009999,0.190253,0.235063,0.510964,0.489036,0.104425,0.110685
1178,24,0.422269,0.142622,0.009995,0.190163,0.234951,0.510795,0.489205,0.110728,0.116125
1179,30,0.422009,0.142561,0.010497,0.190082,0.234851,0.510749,0.489251,0.126314,0.127014
1180,24,0.421973,0.142549,0.010582,0.190065,0.234831,0.510604,0.489396,0.121556,0.124717
1181,24,0.422122,0.142595,0.010003,0.190126,0.235154,0.510534,0.489466,0.120605,0.121947
1182,24,0.422008,0.142624,0.010002,0.190165,0.235202,0.510419,0.489581,0.124612,0.125814
1183,24,0.422402,0.142527,0.009993,0.190036,0.235042,0.510284,0.489716,0.109407,0.11304
1184,30,0.42221,0.142572,0.010003,0.190097,0.235117,0.510279,0.489721,0.135635,0.129906
1185,30,0.422367,0.142433,0.00999,0.189911,0.235298,0.510161,0.489839,0.114269,0.117737
1186,30,0.422495,0.142347,0.009994,0.189795,0.235369,0.510082,0.489918,0.125689,0.124458
1187,24,0.422496,0.142345,0.01,0.189793,0.235366,0.510087,0.489913,0.123306,0.120923
1188,30,0.42245,0.142356,0.010001,0.189808,0.235385,0.510107,0.489893,0.113099,0.108665
1189,30,0.422927,0.142239,0.009992,0.189651,0.235191,0.509932,0.490068,0.100148,0.102833
1190,30,0.422916,0.142235,0.010019,0.189646,0.235184,0.509816,0.490184,0.119498,0.122
1191,24,0.422527,0.142104,0.010929,0.189472,0.234968,0.509671,0.490329,0.121516,0.124692
1192,24,0.422582,0.14219,0.010283,0.189587,0.235358,0.509639,0.490361,0.124334,0.123843
1193,30,0.422627,0.142147,0.009997,0.18953,0.235698,0.509542,0.490458,0.132365,0.135572
1194,24,0.422622,0.141987,0.010644,0.189316,0.235432,0.509372,0.490628,0.118968,0.124387
1195,30,0.4228,0.142048,0.010004,0.189398,0.235749,0.50936,0.49064,0.118259,0.114863
1196,24,0.422628,0.14188,0.010851,0.189173,0.235469,0.5092,0.4908,0.119956,0.125014
1197,24,0.422682,0.141965,0.010206,0.189287,0.235859,0.509168,0.490832,0.124334,0.123853
1198,30,0.422577,0.14193,0.010452,0.18924,0.2358,0.509109,0.490891,0.136138,0.137487
1199,30,0.422318,0.14187,0.010954,0.189159,0.2357,0.509063,0.490937,0.126314,0.127007
1200,30,0.422696,0.141892,0.010486,0.189189,0.235737,0.508814,0.491186,0.106326,0.112773
1201,30,0.422788,0.141989,0.010007,0.189319,0.235898,0.508967,0.491033,0.123301,0.109615
1202,24,0.422628,0.141969,0.009999,0.189292,0.236112,0.509012,0.490988,0.122832,0.115883
1203,24,0.422628,0.141969,0.01,0.189292,0.236112,0.508953,0.491047,0.121628,0.122581
1204,30,0.422555,0.141934,0.009998,0.189245,0.236268,0.508951,0.491049,0.11924,0.115962
1205,24,0.422554,0.141933,0.01,0.189245,0.236268,0.508959,0.491041,0.115333,0.110734
1206,30,0.422812,0.14187,0.009996,0.18916,0.236162,0.508807,0.491193,0.101821,0.103523
1207,24,0.422706,0.141834,0.009997,0.189112,0.23635,0.508745,0.491255,0.129602,0.130738
1208,30,0.422746,0.141824,0.009999,0.189098,0.236333,0.508806,0.491194,0.119421,0.111035
1209,24,0.422525,0.141817,0.01,0.189089,0.236569,0.508774,0.491226,0.132642,0.132166
1210,24,0.42242,0.141782,0.009998,0.189042,0.236758,0.508712,0.491288,0.129655,0.130769
1211,24,0.422319,0.141745,0.009997,0.188994,0.236944,0.508714,0.491286,0.123001,0.120765
1212,24,0.422711,0.141649,0.009993,0.188865,0.236783,0.50858,0.49142,0.109422,0.113028
1213,24,0.422708,0.141648,0.01,0.188864,0.236781,0.508521,0.491479,0.129907,0.130896
1214,30,0.422708,0.141648,0.01,0.188864,0.236781,0.508583,0.491417,0.119487,0.111067
1215,30,0.422614,0.141618,0.009998,0.188824,0.236946,0.508571,0.491429,0.118259,0.114857
1216,24,0.422618,0.141617,0.01,0.188822,0.236944,0.508576,0.491424,0.123294,0.120909
1217,30,0.423145,0.141487,0.009991,0.18865,0.236727,0.508358,0.491642,0.104274,0.112087
1218,24,0.423528,0.141391,0.009993,0.188521,0.236566,0.508073,0.491927,0.107642,0.115814
1219,30,0.423434,0.141312,0.009994,0.188416,0.236844,0.507983,0.492017,0.115281,0.116967
1220,30,0.423432,0.141311,0.01,0.188414,0.236843,0.507857,0.492143,0.129536,0.132567
1221,24,0.423316,0.141339,0.010002,0.188452,0.23689,0.507828,0.492172,0.124619,0.123975
1222,30,0.423371,0.141274,0.009995,0.188365,0.236995,0.507763,0.492237,0.115635,0.11325
1223,24,0.423148,0.141267,0.009999,0.188355,0.237231,0.507731,0.492269,0.132634,0.132147
1224,24,0.423148,0.141266,0.01,0.188355,0.23723,0.50774,0.49226,0.123683,0.121163
1225,24,0.422975,0.141276,0.010134,0.188368,0.237246,0.50771,0.49229,0.132882,0.132275
1226,24,0.422708,0.141187,0.010761,0.188249,0.237096,0.507566,0.492434,0.12153,0.124657
1227,30,0.422502,0.141118,0.011028,0.188157,0.237195,0.507516,0.492484,0.125898,0.1268
1228,24,0.422835,0.141224,0.010267,0.188299,0.237374,0.50745,0.49255,0.120862,0.122057
1229,30,0.422914,0.141154,0.010472,0.188205,0.237256,0.507297,0.492703,0.11574,0.119696
1230,30,0.422889,0.141145,0.01053,0.188194,0.237242,0.507298,0.492702,0.11947,0.116076
1231,30,0.422599,0.141105,0.010785,0.18814,0.237372,0.507285,0.492715,0.138345,0.135259
1232,24,0.422931,0.141216,0.010008,0.188288,0.237558,0.507295,0.492705,0.123728,0.121182
1233,30,0.423671,0.141036,0.009987,0.188049,0.237257,0.506914,0.493086,0.086328,0.101116
1234,30,0.423492,0.140977,0.009996,0.187969,0.237567,0.506926,0.493074,0.112185,0.108203
1235,30,0.423383,0.140941,0.01025,0.187921,0.237506,0.506879,0.493121,0.119487,0.120253
1236,30,0.423468,0.140938,0.010176,0.187917,0.237501,0.506792,0.493208,0.133252,0.13599
1237,24,0.423829,0.140832,0.009992,0.187776,0.23757,0.506655,0.493345,0.109124,0.112857
1238,24,0.42344,0.140703,0.010902,0.187604,0.237352,0.506511,0.493489,0.121516,0.124636
1239,30,0.423574,0.140558,0.011348,0.187411,0.237109,0.5064,0.4936,0.11486,0.117991
1240,30,0.424002,0.140564,0.010896,0.187419,0.237118,0.506205,0.493795,0.104769,0.110871
1241,24,0.423966,0.140552,0.010981,0.187403,0.237098,0.506228,0.493772,0.113248,0.107895
1242,30,0.423869,0.140651,0.010467,0.187534,0.237479,0.506186,0.493814,0.126782,0.124924
1243,24,0.423951,0.140745,0.010007,0.18766,0.237638,0.50624,0.49376,0.116308,0.109007
1244,30,0.424282,0.140666,0.009994,0.187554,0.237504,0.50613,0.49387,0.114966,0.11804
1245,30,0.424275,0.140663,0.01001,0.187551,0.237501,0.506015,0.493985,0.119498,0.12195
1246,30,0.423886,0.140535,0.010506,0.187379,0.237693,0.50596,0.49404,0.125401,0.126541
1247,24,0.424163,0.140591,0.010004,0.187454,0.237788,0.505981,0.494019,0.121794,0.116142
1248,24,0.424169,0.14059,0.01,0.187453,0.237787,0.505987,0.494013,0.123306,0.120914
1249,24,0.424169,0.14059,0.01,0.187453,0.237787,0.505996,0.494004,0.115347,0.110741
1250,24,0.424053,0.140618,0.010002,0.187491,0.237835,0.505967,0.494033,0.13294,0.132297
1251,24,0.423834,0.140612,0.01,0.187483,0.238072,0.505935,0.494065,0.132646,0.132152
1252,24,0.423717,0.14064,0.010002,0.18752,0.23812,0.505907,0.494093,0.124696,0.124004
1253,24,0.423449,0.140551,0.010628,0.187402,0.237969,0.505763,0.494237,0.12153,0.124641
1254,30,0.42379,0.140616,0.010026,0.187489,0.238079,0.50568,0.49432,0.122573,0.123931
1255,30,0.424467,0.140437,0.010071,0.187249,0.237776,0.505304,0.494696,0.093353,0.108019
1256,30,0.424497,0.140447,0.010001,0.187263,0.237792,0.505306,0.494694,0.119588,0.116133
1257,30,0.42466,0.140407,0.009997,0.18721,0.237726,0.50528,0.49472,0.110527,0.10693
1258,30,0.424461,0.140407,0.01,0.187209,0.237923,0.505432,0.494568,0.123074,0.10958
1259,30,0.424542,0.140307,0.010322,0.187076,0.237753,0.505337,0.494663,0.116507,0.119294
1260,30,0.424919,0.140177,0.010468,0.186903,0.237533,0.504999,0.495001,0.108378,0.118491
1261,30,0.425073,0.140254,0.010005,0.187005,0.237663,0.504876,0.495124,0.129715,0.132615
1262,24,0.425346,0.140188,0.009995,0.186918,0.237552,0.504708,0.495292,0.11899,0.124318
1263,30,0.425944,0.140041,0.00999,0.186722,0.237303,0.504443,0.495557,0.088733,0.097817
1264,30,0.426247,0.139965,0.009995,0.18662,0.237174,0.504333,0.495667,0.114959,0.118014
1265,24,0.426514,0.139898,0.009995,0.186531,0.237061,0.504165,0.495835,0.110653,0.115955
1266,24,0.426516,0.139897,0.01,0.186529,0.237058,0.504171,0.495829,0.123294,0.120906
1267,24,0.426401,0.139925,0.010002,0.186566,0.237106,0.504143,0.495857,0.124627,0.123968
1268,24,0.42679,0.13983,0.009993,0.18644,0.236946,0.504008,0.495992,0.100976,0.101158
1269,24,0.426682,0.139795,0.009997,0.186393,0.237133,0.503946,0.496054,0.129614,0.130723
1270,24,0.426813,0.139684,0.010313,0.186245,0.236945,0.503777,0.496223,0.118938,0.124269
1271,24,0.426899,0.139712,0.010115,0.186282,0.236992,0.503801,0.496199,0.113263,0.107912
1272,30,0.426772,0.13967,0.009997,0.186227,0.237333,0.503796,0.496204,0.118833,0.11574
1273,24,0.426736,0.139658,0.010082,0.186211,0.237312,0.503737,0.496263,0.129866,0.130833
1274,24,0.426656,0.139698,0.010003,0.186264,0.23738,0.503709,0.496291,0.124639,0.123987
1275,24,0.426483,0.139707,0.010137,0.186277,0.237395,0.50368,0.49632,0.132894,0.132274
1276,30,0.426515,0.139733,0.010002,0.186311,0.237439,0.503807,0.496193,0.120468,0.108605
1277,30,0.4267,0.139688,0.009997,0.186251,0.237363,0.503771,0.496229,0.115732,0.113801
1278,24,0.427088,0.139593,0.009993,0.186124,0.237202,0.503638,0.496362,0.109363,0.112915
1279,30,0.427039,0.139603,0.010001,0.186138,0.237219,0.50366,0.49634,0.113088,0.108669
1280,30,0.427147,0.139577,0.009998,0.186103,0.237174,0.503421,0.496579,0.107075,0.112916
1281,30,0.427055,0.139547,0.009998,0.186063,0.237338,0.503439,0.496561,0.112688,0.108475
1282,30,0.426666,0.13942,0.010899,0.185893,0.237122,0.503392,0.496608,0.126101,0.126879
1283,30,0.426899,0.139498,0.010137,0.185997,0.237469,0.503382,0.496618,0.124911,0.123446
1284,24,0.42735,0.139422,0.009995,0.185895,0.237339,0.503175,0.496825,0.106758,0.113938
1285,30,0.427347,0.139421,0.01,0.185894,0.237338,0.50305,0.49695,0.129478,0.132475
1286,30,0.427479,0.139289,0.009991,0.185719,0.237523,0.502933,0.497067,0.114263,0.117646
1287,24,0.427359,0.139316,0.010002,0.185754,0.237569,0.502905,0.497095,0.124643,0.123973
1288,24,0.427255,0.139281,0.009998,0.185708,0.237758,0.502844,0.497156,0.129614,0.130704
1289,24,0.427138,0.139309,0.010002,0.185745,0.237805,0.502816,0.497184,0.132952,0.13229
1290,30,0.426796,0.139223,0.010281,0.185631,0.238069,0.502763,0.497237,0.12558,0.126608
1291,30,0.426695,0.139216,0.009999,0.185622,0.238468,0.502644,0.497356,0.118974,0.121634
1292,24,0.426845,0.13918,0.009997,0.185573,0.238405,0.502599,0.497401,0.1184,0.113794
1293,30,0.426735,0.139144,0.010252,0.185525,0.238344,0.502552,0.497448,0.119487,0.120233
1294,30,0.426797,0.13919,0.010003,0.185587,0.238423,0.502574,0.497426,0.113085,0.108676
1295,24,0.426799,0.13919,0.01,0.185587,0.238424,0.502432,0.497568,0.121572,0.124613
1296,24,0.427186,0.139096,0.009993,0.185462,0.238262,0.502298,0.497702,0.10929,0.112853
1297,30,0.42711,0.139061,0.009997,0.185415,0.238417,0.502298,0.497702,0.125862,0.124277
1298,30,0.427194,0.13894,0.009991,0.185254,0.23862,0.502189,0.497811,0.115003,0.118111
1299,30,0.426994,0.138917,0.010285,0.185223,0.238581,0.502281,0.497719,0.128526,0.118338
1300,24,0.42701,0.138922,0.01,0.18523,0.238837,0.50222,0.49778,0.121342,0.1224
1301,30,0.426936,0.13894,0.010001,0.185254,0.238868,0.502362,0.497638,0.121911,0.109186
1302,30,0.427225,0.13886,0.010039,0.185147,0.238729,0.502203,0.497797,0.108302,0.113797
1303,24,0.427242,0.138865,0.01,0.185154,0.238739,0.502214,0.497786,0.12374,0.12121
1304,24,0.427127,0.138893,0.010002,0.185191,0.238787,0.502102,0.497898,0.124615,0.125711
1305,30,0.427127,0.138894,0.01,0.185191,0.238787,0.502105,0.497895,0.119531,0.116108
1306,24,0.427145,0.138829,0.009995,0.185106,0.238924,0.502074,0.497926,0.119591,0.119068
1307,30,0.427162,0.138824,0.01,0.185099,0.238916,0.502076,0.497924,0.126121,0.124413
1308,30,0.427428,0.13876,0.009995,0.185013,0.238804,0.5019,0.4981,0.104276,0.106454
1309,24,0.42715,0.138735,0.010127,0.18498,0.239009,0.501869,0.498131,0.132599,0.132117
1310,24,0.427592,0.138658,0.009995,0.184878,0.238877,0.501735,0.498265,0.109244,0.112822
1311,24,0.427532,0.138672,0.010001,0.184895,0.2389,0.501786,0.498214,0.123122,0.116069
1312,30,0.427532,0.138672,0.01,0.184896,0.2389,0.501806,0.498194,0.112885,0.108571
1313,30,0.427698,0.138632,0.009997,0.184842,0.238831,0.501771,0.498229,0.115763,0.113802
1314,30,0.427539,0.13857,0.009996,0.18476,0.239135,0.501766,0.498234,0.11877,0.115701
1315,30,0.427446,0.138539,0.009998,0.184719,0.239298,0.501784,0.498216,0.112673,0.108471
1316,30,0.427445,0.138539,0.01,0.184719,0.239297,0.501659,0.498341,0.129478,0.132451
1317,30,0.428042,0.138395,0.00999,0.184526,0.239047,0.501353,0.498647,0.095305,0.106738
1318,30,0.427663,0.138272,0.010867,0.184363,0.238836,0.501382,0.498618,0.136081,0.129314
1319,30,0.428319,0.138244,0.010322,0.184326,0.238788,0.501152,0.498848,0.096309,0.101215
1320,30,0.427977,0.137961,0.011813,0.183949,0.238299,0.500981,0.499019,0.124793,0.130916
1321,30,0.427957,0.137955,0.011861,0.18394,0.238288,0.500984,0.499016,0.126141,0.124418
1322,30,0.428282,0.13765,0.012772,0.183534,0.237762,0.500591,0.499409,0.102621,0.117872
1323,24,0.428368,0.137678,0.012574,0.183571,0.237809,0.500533,0.499467,0.121596,0.122514
1324,24,0.428611,0.137788,0.011883,0.183718,0.238,0.500521,0.499479,0.131436,0.127526
1325,30,0.429186,0.137898,0.010864,0.183864,0.238189,0.500348,0.499652,0.106837,0.112161
1326,24,0.429487,0.137994,0.010171,0.183992,0.238356,0.50029,0.49971,0.121615,0.122526
1327,30,0.42956,0.138018,0.010002,0.184024,0.238397,0.500166,0.499834,0.129536,0.132468
1328,24,0.429234,0.137978,0.009997,0.18397,0.238822,0.500132,0.499868,0.132359,0.131998
1329,30,0.429663,0.137873,0.009992,0.183831,0.238641,0.499818,0.500182,0.110469,0.119193
1330,30,0.42992,0.137809,0.009995,0.183745,0.23853,0.499662,0.500338,0.108482,0.113836
1331,24,0.429922,0.137807,0.01,0.183743,0.238527,0.499669,0.500331,0.123294,0.120913
1332,24,0.429527,0.137681,0.010909,0.183574,0.238308,0.49961,0.50039,0.129825,0.130792
1333,30,0.429813,0.13765,0.01075,0.183533,0.238254,0.499389,0.500611,0.119814,0.126943
1334,30,0.429708,0.137616,0.010991,0.183488,0.238196,0.499276,0.500724,0.119488,0.121868
1335,30,0.429976,0.137567,0.010513,0.183422,0.238521,0.499107,0.500893,0.12503,0.131101
1336,24,0.429976,0.137631,0.010005,0.183508,0.23888,0.499077,0.500923,0.132661,0.132144
1337,24,0.430185,0.137582,0.009996,0.183442,0.238795,0.499041,0.500959,0.110612,0.107846
1338,30,0.429958,0.137636,0.010004,0.183514,0.238888,0.499071,0.500929,0.127071,0.123652
1339,30,0.430038,0.137568,0.010197,0.183425,0.238772,0.49892,0.50108,0.115711,0.11955
1340,24,0.430016,0.137562,0.009999,0.183415,0.239007,0.498928,0.501072,0.123425,0.121056
1341,30,0.429855,0.137523,0.010104,0.183364,0.239154,0.498904,0.501096,0.119346,0.115484
1342,24,0.429461,0.137396,0.011013,0.183195,0.238935,0.498762,0.501238,0.121516,0.124535
1343,24,0.429927,0.137395,0.010551,0.183194,0.238933,0.498595,0.501405,0.118951,0.124183
1344,24,0.430168,0.13747,0.010005,0.183294,0.239063,0.498602,0.501398,0.123297,0.120914
1345,30,0.43017,0.137471,0.01,0.183295,0.239064,0.498605,0.501395,0.119487,0.116084
1346,30,0.429773,0.137344,0.010914,0.183125,0.238844,0.498558,0.501442,0.126101,0.126854
1347,30,0.430166,0.13747,0.010009,0.183293,0.239062,0.498562,0.501438,0.119596,0.116139
1348,30,0.430327,0.13735,0.010335,0.183133,0.238854,0.498392,0.501608,0.124888,0.130917
1349,30,0.429895,0.137338,0.010617,0.183118,0.239032,0.498419,0.501581,0.133445,0.130175
1350,24,0.430546,0.13733,0.009999,0.183107,0.239017,0.498286,0.501714,0.109263,0.112789
1351,24,0.430489,0.137344,0.010001,0.183125,0.239041,0.498471,0.501529,0.114801,0.099351
1352,30,0.430794,0.137271,0.009995,0.183027,0.238914,0.498363,0.501637,0.115003,0.117968
1353,30,0.430791,0.13727,0.01,0.183026,0.238912,0.498251,0.501749,0.119545,0.121896
1354,24,0.431176,0.137177,0.009993,0.182903,0.238751,0.498118,0.501882,0.10091,0.10103
1355,24,0.431066,0.137142,0.009997,0.182856,0.238938,0.498057,0.501943,0.129625,0.130682
1356,30,0.43102,0.137153,0.010001,0.18287,0.238956,0.498013,0.501987,0.119703,0.120321
1357,30,0.431342,0.137075,0.009994,0.182767,0.238821,0.497904,0.502096,0.114895,0.117897
1358,24,0.431285,0.137057,0.010127,0.182742,0.238789,0.497846,0.502154,0.129878,0.130812
1359,24,0.431606,0.13701,0.009997,0.18268,0.238708,0.497679,0.502321,0.110619,0.115826
1360,30,0.431765,0.136971,0.009997,0.182628,0.238639,0.497634,0.502366,0.110554,0.109952
1361,30,0.432189,0.136868,0.009992,0.182491,0.23846,0.497395,0.502605,0.101906,0.110046
1362,30,0.432008,0.136811,0.009996,0.182414,0.238771,0.497392,0.502608,0.118814,0.115725
1363,30,0.432024,0.136806,0.01,0.182408,0.238762,0.497395,0.502605,0.12612,0.124408
1364,30,0.432042,0.136801,0.01,0.182402,0.238755,0.497399,0.502601,0.119493,0.116089
1365,30,0.432236,0.136755,0.009997,0.18234,0.238673,0.49713,0.50287,0.114883,0.121668
1366,30,0.43202,0.136686,0.010277,0.182248,0.238768,0.497107,0.502893,0.1259,0.123635
1367,30,0.432047,0.136695,0.010001,0.18226,0.238998,0.496981,0.503019,0.129266,0.132292
1368,30,0.43173,0.136719,0.010002,0.182293,0.239256,0.496942,0.503058,0.126835,0.124905
1369,24,0.431693,0.136708,0.010087,0.182277,0.239235,0.496968,0.503032,0.11325,0.107925
1370,24,0.431656,0.136696,0.010172,0.182261,0.239214,0.49691,0.50309,0.121558,0.122478
1371,24,0.431509,0.136713,0.010001,0.182284,0.239492,0.49688,0.50312,0.124357,0.123814
1372,24,0.431403,0.13668,0.009998,0.182239,0.239681,0.496889,0.503111,0.123425,0.121048
1373,30,0.431275,0.13671,0.010002,0.18228,0.239734,0.49689,0.50311,0.124149,0.122122
1374,30,0.431493,0.136658,0.009996,0.18221,0.239642,0.496816,0.503184,0.103263,0.103095
1375,30,0.431396,0.13668,0.010002,0.18224,0.239682,0.496871,0.503129,0.122052,0.115713
1376,30,0.431215,0.136677,0.01,0.182235,0.239873,0.496923,0.503077,0.121769,0.115602
1377,30,0.431849,0.136524,0.009989,0.182032,0.239606,0.496563,0.503437,0.088031,0.101952
1378,24,0.431844,0.136523,0.01,0.18203,0.239603,0.496575,0.503425,0.123724,0.121209
1379,24,0.431848,0.136522,0.01,0.182029,0.239601,0.496583,0.503417,0.114982,0.110162
1380,24,0.431741,0.136488,0.009998,0.181984,0.23979,0.496522,0.503478,0.129609,0.130676
1381,30,0.43174,0.136487,0.01,0.181983,0.239789,0.496526,0.503474,0.119542,0.116114
1382,30,0.431867,0.136359,0.009991,0.181811,0.239973,0.496361,0.503639,0.114224,0.119981
1383,30,0.431728,0.13639,0.010002,0.181853,0.240027,0.49638,0.50362,0.130072,0.12544
1384,30,0.431332,0.136265,0.010499,0.181686,0.240218,0.496443,0.503557,0.125393,0.117104
1385,30,0.431473,0.136299,0.010003,0.181732,0.240493,0.496444,0.503556,0.119253,0.115963
1386,24,0.431093,0.136179,0.010626,0.181572,0.240529,0.496383,0.503617,0.129555,0.130645
1387,24,0.431306,0.136278,0.010007,0.181704,0.240704,0.496436,0.503564,0.12314,0.116108
1388,30,0.431578,0.136215,0.009995,0.18162,0.240592,0.496162,0.503838,0.103192,0.110391
1389,30,0.431576,0.136214,0.01,0.181619,0.240591,0.496166,0.503834,0.126202,0.124451
1390,24,0.431576,0.136214,0.01,0.181619,0.240591,0.496108,0.503892,0.129895,0.130806
1391,24,0.431735,0.136117,0.009993,0.181489,0.240666,0.495939,0.504061,0.110337,0.115665
1392,30,0.431973,0.136058,0.009996,0.181411,0.240563,0.495839,0.504161,0.115809,0.118461
1393,30,0.432211,0.136,0.009996,0.181333,0.24046,0.49569,0.50431,0.109148,0.114236
1394,24,0.432209,0.136,0.01,0.181333,0.240459,0.495633,0.504367,0.12164,0.122511
1395,24,0.432095,0.136027,0.010002,0.181369,0.240507,0.495606,0.504394,0.132964,0.132277
1396,24,0.431981,0.136055,0.010002,0.181406,0.240556,0.495497,0.504503,0.12464,0.125648
1397,24,0.431982,0.136055,0.01,0.181406,0.240556,0.495441,0.504559,0.121657,0.122525
1398,24,0.432248,0.135991,0.009995,0.181322,0.240444,0.495275,0.504725,0.110659,0.115815
1399,30,0.432504,0.135929,0.009995,0.181238,0.240333,0.495195,0.504805,0.108463,0.10932
1400,24,0.432502,0.135928,0.01,0.181237,0.240332,0.495138,0.504862,0.12992,0.130814
1401,24,0.432465,0.135916,0.010085,0.181222,0.240312,0.495081,0.504919,0.121558,0.122467
1402,30,0.432502,0.135928,0.010001,0.181237,0.240332,0.495085,0.504915,0.119487,0.116084
1403,24,0.432779,0.135803,0.009991,0.18107,0.240358,0.49495,0.50505,0.108955,0.112583
1404,24,0.433279,0.135681,0.009991,0.180907,0.240142,0.494915,0.505085,0.097586,0.092743
1405,24,0.433054,0.135673,0.009999,0.180897,0.240376,0.494886,0.505114,0.124361,0.123818
1406,30,0.433009,0.135684,0.010001,0.180912,0.240395,0.494776,0.505224,0.119703,0.121932
1407,30,0.432609,0.135559,0.010914,0.180745,0.240173,0.494821,0.505179,0.126101,0.120532
1408,30,0.433148,0.13555,0.009999,0.180733,0.240569,0.494705,0.505295,0.114139,0.117476
1409,30,0.433037,0.135515,0.010254,0.180687,0.240507,0.494659,0.505341,0.119487,0.120194
1410,24,0.43379,0.135396,0.009991,0.180528,0.240295,0.494353,0.505647,0.096555,0.107568
1411,30,0.433786,0.135395,0.01,0.180526,0.240293,0.494358,0.505642,0.119542,0.116109
1412,24,0.433786,0.135395,0.01,0.180526,0.240293,0.49437,0.50563,0.123712,0.121192
1413,30,0.43347,0.135419,0.010002,0.180559,0.240551,0.494398,0.505602,0.126862,0.123557
1414,30,0.433289,0.135364,0.009996,0.180486,0.240865,0.494384,0.505616,0.12441,0.123177
1415,30,0.433355,0.135243,0.01043,0.180324,0.240648,0.494228,0.505772,0.115041,0.120358
1416,30,0.433258,0.135336,0.010145,0.180448,0.240814,0.494182,0.505818,0.137088,0.13557
1417,30,0.433275,0.135366,0.010002,0.180488,0.240868,0.494073,0.505927,0.119734,0.121941
1418,24,0.433398,0.135338,0.009998,0.18045,0.240817,0.494047,0.505953,0.111483,0.108374
1419,30,0.433014,0.135218,0.010875,0.18029,0.240603,0.49399,0.50601,0.136081,0.137365
1420,24,0.433075,0.1353,0.010229,0.180399,0.240997,0.493961,0.506039,0.124361,0.123818
1421,24,0.43296,0.135264,0.009997,0.180351,0.241428,0.493967,0.506033,0.123143,0.120919
1422,24,0.432738,0.135257,0.01,0.180343,0.241663,0.493938,0.506062,0.132669,0.13213
1423,24,0.43268,0.135271,0.010001,0.180361,0.241687,0.494125,0.505875,0.114805,0.099428
1424,30,0.432898,0.135219,0.009996,0.180292,0.241595,0.493983,0.506017,0.109855,0.114951
1425,30,0.433196,0.135147,0.009995,0.180196,0.241467,0.493864,0.506136,0.113872,0.116967
1426,24,0.433193,0.135146,0.01,0.180195,0.241465,0.493876,0.506124,0.123712,0.121192
1427,24,0.433094,0.135111,0.009997,0.180148,0.24165,0.493808,0.506192,0.128848,0.130114
1428,30,0.432783,0.135014,0.010708,0.180019,0.241476,0.493787,0.506213,0.119443,0.1155
1429,30,0.432672,0.134979,0.010962,0.179972,0.241414,0.493676,0.506324,0.119486,0.121807
1430,24,0.433089,0.135109,0.01001,0.180146,0.241647,0.49362,0.50638,0.121644,0.122511
1431,24,0.432986,0.135077,0.009998,0.180103,0.241837,0.49356,0.50644,0.12965,0.13067
1432,24,0.432871,0.135104,0.010002,0.180139,0.241885,0.493534,0.506466,0.132968,0.132281
1433,30,0.432868,0.135105,0.01,0.18014,0.241887,0.493529,0.506471,0.118515,0.114967
1434,30,0.433096,0.135,0.009992,0.18,0.241912,0.493418,0.506582,0.114634,0.117715
1435,30,0.433048,0.135009,0.010001,0.180012,0.24193,0.493375,0.506625,0.119703,0.120301
1436,30,0.43287,0.134954,0.009996,0.179939,0.242241,0.493371,0.506629,0.125432,0.124059
1437,30,0.433189,0.134877,0.009994,0.179836,0.242103,0.493262,0.506738,0.114814,0.117803
1438,30,0.432806,0.134758,0.010871,0.179677,0.241889,0.493205,0.506795,0.136081,0.137362
1439,24,0.433183,0.134875,0.010009,0.179834,0.2421,0.493149,0.506851,0.121644,0.122497
1440,30,0.433009,0.134821,0.009996,0.179761,0.242413,0.493264,0.506736,0.118771,0.108016
1441,30,0.43306,0.134671,0.010155,0.179561,0.242553,0.493099,0.506901,0.114145,0.119887
1442,30,0.432942,0.134736,0.010005,0.179648,0.24267,0.493103,0.506897,0.135709,0.129935
1443,30,0.433154,0.134635,0.009993,0.179514,0.242704,0.492992,0.507008,0.114677,0.117726
1444,24,0.433151,0.134634,0.01,0.179513,0.242702,0.492935,0.507065,0.129949,0.130821
1445,30,0.43326,0.134502,0.010027,0.179336,0.242874,0.492847,0.507153,0.124113,0.123607
1446,24,0.433276,0.134505,0.01,0.17934,0.242879,0.492855,0.507145,0.123293,0.120917
1447,24,0.433055,0.134499,0.01,0.179332,0.243115,0.492826,0.507174,0.124356,0.12381
1448,30,0.432832,0.134454,0.009997,0.179272,0.243445,0.492775,0.507225,0.118948,0.11991
1449,30,0.433151,0.134378,0.009994,0.17917,0.243306,0.492666,0.507334,0.114871,0.11783
1450,24,0.433532,0.134286,0.009993,0.179048,0.243141,0.492534,0.507466,0.109207,0.112674
1451,30,0.433639,0.13423,0.01012,0.178973,0.243038,0.492374,0.507626,0.125678,0.129973
1452,24,0.433619,0.134079,0.010765,0.178772,0.242765,0.492207,0.507793,0.118839,0.12401
1453,30,0.434017,0.134115,0.010219,0.178819,0.24283,0.492165,0.507835,0.114708,0.112597
1454,24,0.43413,0.134081,0.009997,0.178775,0.243016,0.492132,0.507868,0.119144,0.118738
1455,24,0.434016,0.134108,0.010002,0.17881,0.243065,0.492024,0.507976,0.124635,0.125612
1456,24,0.433617,0.133984,0.010911,0.178646,0.242841,0.491966,0.508034,0.129825,0.13075
1457,30,0.434148,0.134008,0.010283,0.178677,0.242884,0.491811,0.508189,0.108483,0.11372
1458,24,0.434223,0.134031,0.01011,0.178708,0.242926,0.491824,0.508176,0.115333,0.110749
1459,24,0.434157,0.134073,0.010003,0.178764,0.243002,0.491716,0.508284,0.124648,0.125621
1460,24,0.434051,0.13404,0.009998,0.17872,0.24319,0.491656,0.508344,0.129604,0.130643
1461,30,0.434005,0.134051,0.010001,0.178734,0.243209,0.491536,0.508464,0.129714,0.132449
1462,30,0.433961,0.134061,0.010001,0.178749,0.243228,0.491481,0.508519,0.13633,0.137481
1463,24,0.43374,0.134055,0.01,0.17874,0.243465,0.491452,0.508548,0.12436,0.123796
1464,24,0.434004,0.133993,0.009995,0.178657,0.243351,0.491286,0.508714,0.118858,0.123991
1465,24,0.433894,0.133959,0.009997,0.178612,0.243537,0.491226,0.508774,0.12962,0.130639
1466,30,0.434035,0.133828,0.00999,0.178437,0.243709,0.49111,0.50889,0.114115,0.117423
1467,30,0.433986,0.133837,0.010001,0.17845,0.243726,0.491135,0.508865,0.113088,0.108705
1468,24,0.433604,0.13372,0.010624,0.178293,0.243759,0.491075,0.508925,0.12955,0.130609
1469,24,0.433875,0.133803,0.010006,0.178404,0.243911,0.491019,0.508981,0.129952,0.130811
1470,30,0.433657,0.133683,0.010314,0.178244,0.244102,0.490924,0.509076,0.132245,0.135346
1471,24,0.433629,0.133705,0.010002,0.178274,0.244391,0.490913,0.509087,0.131146,0.127415
1472,24,0.433408,0.133699,0.01,0.178266,0.244627,0.490803,0.509197,0.124341,0.12542
1473,24,0.433673,0.133637,0.009995,0.178182,0.244513,0.490638,0.509362,0.110627,0.115711
1474,24,0.433614,0.13365,0.010001,0.178199,0.244536,0.49063,0.50937,0.13145,0.127531
1475,30,0.433447,0.133382,0.011283,0.177842,0.244046,0.490467,0.509533,0.116535,0.120082
1476,24,0.433718,0.133321,0.011017,0.177761,0.244183,0.490298,0.509702,0.11858,0.123842
1477,30,0.434001,0.133408,0.010372,0.177877,0.244342,0.490321,0.509679,0.112888,0.108598
1478,30,0.433799,0.133446,0.010003,0.177929,0.244823,0.490383,0.509617,0.1416,0.134938
1479,24,0.434064,0.133385,0.009995,0.177846,0.244709,0.490218,0.509782,0.110591,0.115681
1480,30,0.43404,0.133389,0.01,0.177852,0.244718,0.490253,0.509747,0.136245,0.129426
1481,30,0.434256,0.133339,0.009996,0.177785,0.244625,0.490046,0.509954,0.109751,0.116145
1482,24,0.43409,0.133288,0.010126,0.177717,0.244779,0.489986,0.510014,0.129575,0.130612
1483,24,0.434145,0.133305,0.010001,0.177739,0.24481,0.489998,0.510002,0.12367,0.121186
1484,30,0.434163,0.1333,0.01,0.177734,0.244803,0.490004,0.509996,0.119504,0.116106
1485,24,0.434163,0.1333,0.01,0.177734,0.244802,0.490018,0.509982,0.115347,0.110765
1486,24,0.434163,0.1333,0.01,0.177734,0.244802,0.489962,0.510038,0.121628,0.122473
1487,24,0.433888,0.133216,0.010626,0.177621,0.244648,0.489905,0.510095,0.129853,0.130757
1488,24,0.433964,0.133239,0.010454,0.177652,0.24469,0.489919,0.510081,0.115331,0.110751
1489,30,0.433853,0.133205,0.010708,0.177607,0.244627,0.489874,0.510126,0.119487,0.120172
1490,30,0.433958,0.133262,0.010153,0.177682,0.244946,0.489897,0.510103,0.112819,0.108566
1491,24,0.433786,0.133271,0.010287,0.177694,0.244963,0.489871,0.510129,0.132918,0.132245
1492,30,0.43381,0.133303,0.010129,0.177737,0.245021,0.489828,0.510172,0.119706,0.120289
1493,30,0.433866,0.13332,0.010001,0.17776,0.245053,0.489783,0.510217,0.119545,0.120208
1494,30,0.433755,0.133286,0.010256,0.177714,0.24499,0.489738,0.510262,0.119487,0.120174
1495,30,0.433684,0.133266,0.009999,0.177688,0.245364,0.489725,0.510275,0.124398,0.123165
1496,30,0.43342,0.133209,0.010501,0.177612,0.245259,0.489682,0.510318,0.126317,0.126929
1497,30,0.433756,0.133148,0.010417,0.177531,0.245148,0.489525,0.510475,0.108238,0.113552
1498,24,0.433808,0.132998,0.010992,0.177331,0.244871,0.48933,0.51067,0.115964,0.122554
1499,30,0.434378,0.132989,0.01046,0.177319,0.244854,0.489266,0.510734,0.100706,0.098081
1500,24,0.434475,0.133016,0.010002,0.177355,0.245152,0.489271,0.510729,0.12299,0.120766
1501,30,0.43443,0.133027,0.010001,0.177369,0.245172,0.489297,0.510703,0.11309,0.108715
1502,30,0.434332,0.132954,0.009995,0.177272,0.245448,0.489209,0.510791,0.115129,0.116706
1503,24,0.434108,0.132947,0.009999,0.177263,0.245682,0.48918,0.51082,0.132668,0.132117
1504,24,0.434375,0.132867,0.010066,0.177156,0.245535,0.489043,0.510957,0.108504,0.109324
1505,30,0.434422,0.132872,0.01,0.177162,0.245543,0.489049,0.510951,0.119517,0.116102
1506,24,0.434385,0.13286,0.010086,0.177147,0.245522,0.488992,0.511008,0.121558,0.122433
1507,30,0.434078,0.132767,0.010784,0.177022,0.245349,0.488881,0.511119,0.119443,0.121737
1508,30,0.434425,0.132784,0.010363,0.177046,0.245382,0.488734,0.511266,0.115747,0.119418
1509,24,0.434965,0.132743,0.009997,0.176991,0.245305,0.488603,0.511397,0.109187,0.112609
1510,24,0.434799,0.132723,0.009999,0.176964,0.245516,0.488593,0.511407,0.131149,0.127367
1511,30,0.434575,0.132679,0.009997,0.176905,0.245844,0.488619,0.511381,0.118947,0.114344
1512,30,0.43431,0.132622,0.010499,0.17683,0.245739,0.488576,0.511424,0.126319,0.126919
1513,24,0.434355,0.132536,0.010815,0.176715,0.24558,0.48842,0.51158,0.119886,0.12463
1514,24,0.434865,0.132549,0.010001,0.176732,0.245852,0.488253,0.511747,0.110345,0.115522
1515,30,0.434862,0.13255,0.01,0.176734,0.245854,0.48825,0.51175,0.118505,0.114949
1516,30,0.434461,0.132428,0.010914,0.176571,0.245627,0.488205,0.511795,0.126101,0.126807
1517,24,0.434794,0.13245,0.010489,0.1766,0.245667,0.488168,0.511832,0.118365,0.113706
1518,30,0.434408,0.132333,0.011366,0.176443,0.24545,0.488202,0.511798,0.136079,0.129356
1519,30,0.43535,0.132243,0.0108,0.176324,0.245283,0.487864,0.512136,0.091689,0.104022
1520,30,0.435354,0.132244,0.010791,0.176325,0.245286,0.487743,0.512257,0.129484,0.132278
1521,24,0.435524,0.132357,0.010148,0.176476,0.245495,0.487718,0.512282,0.132976,0.132262
1522,30,0.435585,0.132377,0.010002,0.176503,0.245533,0.487715,0.512285,0.118516,0.114948
1523,24,0.435548,0.132366,0.010087,0.176488,0.245512,0.487577,0.512423,0.121558,0.124396
1524,30,0.435767,0.13227,0.010267,0.176361,0.245335,0.487512,0.512488,0.108188,0.107256
1525,30,0.435704,0.132263,0.010145,0.176351,0.245536,0.487493,0.512507,0.119354,0.115465
1526,24,0.43566,0.13225,0.009999,0.176333,0.245758,0.487435,0.512565,0.121337,0.122319
1527,24,0.436035,0.132162,0.009993,0.176215,0.245594,0.487159,0.512841,0.107451,0.115094
1528,24,0.435925,0.132128,0.009997,0.176171,0.245779,0.4871,0.5129,0.121283,0.122283
1529,24,0.43582,0.132094,0.009997,0.176125,0.245964,0.487106,0.512894,0.123002,0.120765
1530,24,0.435974,0.131999,0.009993,0.175999,0.246035,0.486938,0.513062,0.110296,0.115472
1531,24,0.436234,0.131937,0.009995,0.175916,0.245918,0.486773,0.513227,0.110587,0.115618
1532,24,0.436124,0.131904,0.009997,0.175871,0.246104,0.486715,0.513285,0.121337,0.12231
1533,30,0.436033,0.131878,0.009998,0.175837,0.246254,0.486707,0.513293,0.124895,0.123419
1534,30,0.436016,0.131786,0.009993,0.175714,0.246491,0.486669,0.513331,0.115,0.113336
1535,24,0.436013,0.131785,0.01,0.175713,0.246489,0.486684,0.513316,0.115333,0.110756
1536,30,0.436626,0.131587,0.010217,0.17545,0.24612,0.486306,0.513694,0.092498,0.106663
1537,24,0.436605,0.131581,0.010016,0.175441,0.246356,0.486247,0.513753,0.121278,0.122277
1538,24,0.436499,0.13161,0.010002,0.17548,0.24641,0.486222,0.513778,0.13298,0.132269
1539,24,0.436504,0.131609,0.01,0.175479,0.246409,0.486234,0.513766,0.114968,0.11016
1540,24,0.436883,0.13152,0.009993,0.17536,0.246242,0.486103,0.513897,0.109141,0.112555
1541,30,0.437299,0.131422,0.009992,0.175229,0.246058,0.485869,0.514131,0.095106,0.100273
1542,30,0.437296,0.131421,0.01,0.175228,0.246056,0.485749,0.514251,0.129536,0.132286
1543,24,0.437567,0.1313,0.009991,0.175066,0.246076,0.485615,0.514385,0.108893,0.112416
1544,24,0.437653,0.131277,0.009998,0.175037,0.246035,0.485629,0.514371,0.11157,0.106138
1545,24,0.437652,0.131277,0.01,0.175036,0.246034,0.485642,0.514358,0.123724,0.121222
1546,24,0.43744,0.131211,0.009995,0.174948,0.246406,0.485645,0.514355,0.122688,0.120617
1547,24,0.437699,0.13115,0.009995,0.174866,0.24629,0.485481,0.514519,0.110577,0.115597
1548,24,0.437368,0.13111,0.009997,0.174814,0.246711,0.48545,0.51455,0.124055,0.123634
1549,24,0.437634,0.131028,0.010077,0.174704,0.246556,0.485256,0.514744,0.107639,0.114146
1550,24,0.437675,0.131037,0.010001,0.174715,0.246572,0.485193,0.514807,0.120837,0.121895
1551,30,0.437631,0.131047,0.010001,0.174729,0.246592,0.485139,0.514861,0.136332,0.137447
1552,24,0.437415,0.130982,0.009995,0.174643,0.246964,0.485077,0.514923,0.129307,0.130447
1553,30,0.437474,0.130967,0.009999,0.174623,0.246936,0.484851,0.515149,0.107503,0.112766
1554,24,0.437478,0.130966,0.01,0.174622,0.246934,0.484863,0.515137,0.114968,0.110166
1555,24,0.437779,0.130896,0.009995,0.174528,0.246802,0.484743,0.515257,0.110261,0.11326
1556,30,0.437875,0.130823,0.009994,0.17443,0.246878,0.484595,0.515405,0.108994,0.113972
1557,30,0.437762,0.130789,0.010249,0.174386,0.246814,0.484551,0.515449,0.119487,0.120153
1558,24,0.437871,0.130822,0.010002,0.174429,0.246876,0.484564,0.515436,0.123683,0.121189
1559,30,0.437872,0.130822,0.01,0.174429,0.246876,0.484589,0.515411,0.112885,0.108615
1560,30,0.437751,0.13065,0.010435,0.174201,0.246963,0.484415,0.515585,0.124185,0.130293
1561,24,0.437349,0.13053,0.011344,0.174041,0.246736,0.484278,0.515722,0.121516,0.124322
1562,30,0.437728,0.130496,0.011109,0.173995,0.246672,0.484202,0.515798,0.124921,0.123881
1563,30,0.438338,0.130578,0.010156,0.174103,0.246825,0.484015,0.515985,0.104894,0.110257
1564,24,0.438407,0.130598,0.010002,0.174131,0.246863,0.484028,0.515972,0.123683,0.121189
1565,30,0.43913,0.13043,0.009987,0.173907,0.246546,0.483685,0.516315,0.091022,0.103368
1566,24,0.439129,0.130427,0.01,0.173903,0.246541,0.483698,0.516302,0.114981,0.110172
1567,30,0.439052,0.130395,0.009998,0.17386,0.246695,0.4837,0.5163,0.125852,0.124277
1568,24,0.438938,0.130421,0.010002,0.173895,0.246744,0.483595,0.516405,0.124661,0.125535
1569,24,0.438826,0.130448,0.010002,0.17393,0.246794,0.483571,0.516429,0.124676,0.12394
1570,30,0.438827,0.130448,0.01,0.173931,0.246795,0.483578,0.516422,0.119531,0.116117
1571,30,0.439115,0.130335,0.009991,0.17378,0.246778,0.483353,0.516647,0.102914,0.110189
1572,30,0.439035,0.130302,0.009997,0.173736,0.24693,0.483358,0.516642,0.119225,0.115961
1573,30,0.439111,0.130284,0.009999,0.173711,0.246896,0.48328,0.51672,0.115899,0.117038
1574,24,0.439379,0.130163,0.009991,0.173551,0.246915,0.483147,0.516853,0.108847,0.112358
1575,24,0.439636,0.130102,0.009995,0.173469,0.246798,0.482983,0.517017,0.110578,0.115541
1576,24,0.439521,0.130127,0.010002,0.173503,0.246847,0.482959,0.517041,0.124668,0.123931
1577,30,0.439254,0.130072,0.010504,0.173429,0.246742,0.482916,0.517084,0.126319,0.126893
1578,30,0.439231,0.130065,0.010555,0.17342,0.246729,0.4829,0.5171,0.119471,0.115487
1579,30,0.439257,0.130096,0.010397,0.173462,0.246788,0.482858,0.517142,0.119707,0.120253
1580,24,0.439318,0.130174,0.010006,0.173566,0.246936,0.482834,0.517166,0.12468,0.12394
1581,30,0.439395,0.130111,0.010195,0.173482,0.246817,0.482688,0.517312,0.115671,0.119278
1582,30,0.439386,0.130109,0.01,0.173479,0.247026,0.482694,0.517306,0.119332,0.11602
1583,24,0.439282,0.130076,0.009997,0.173434,0.247211,0.482701,0.517299,0.122996,0.120779
1584,30,0.439348,0.13001,0.009995,0.173347,0.2473,0.482553,0.517447,0.115461,0.11917
1585,30,0.43948,0.129978,0.009998,0.173304,0.24724,0.482444,0.517556,0.09904,0.098815
1586,30,0.439316,0.129942,0.010102,0.173255,0.247385,0.482427,0.517573,0.119339,0.115447
1587,24,0.439361,0.129955,0.010001,0.173273,0.24741,0.482441,0.517559,0.123695,0.121205
1588,24,0.439361,0.129955,0.01,0.173273,0.24741,0.482386,0.517614,0.121587,0.122416
1589,30,0.43971,0.129845,0.010116,0.173127,0.247201,0.482173,0.517827,0.10126,0.106389
1590,24,0.439761,0.12986,0.010001,0.173147,0.24723,0.482186,0.517814,0.12367,0.12119
1591,24,0.439649,0.129887,0.010002,0.173182,0.24728,0.482082,0.517918,0.124651,0.125507
1592,24,0.43965,0.129887,0.01,0.173183,0.247281,0.482096,0.517904,0.123695,0.121206
1593,30,0.439425,0.129844,0.009997,0.173125,0.247609,0.482046,0.517954,0.118938,0.119851
1594,24,0.439498,0.129769,0.009994,0.173025,0.247714,0.48189,0.51811,0.11132,0.116064
1595,24,0.439495,0.129768,0.01,0.173024,0.247712,0.481904,0.518096,0.123712,0.121212
1596,30,0.439495,0.129768,0.01,0.173024,0.247712,0.48193,0.51807,0.112874,0.10861
1597,24,0.439439,0.129781,0.010001,0.173042,0.247737,0.481943,0.518057,0.123137,0.116696
1598,30,0.439212,0.129714,0.010102,0.172953,0.24802,0.481945,0.518055,0.135352,0.13214
1599,30,0.439463,0.12968,0.009997,0.172906,0.247953,0.48191,0.51809,0.103291,0.099506
1600,24,0.439425,0.129669,0.010083,0.172891,0.247932,0.481854,0.518146,0.129866,0.130709
1601,24,0.439462,0.129679,0.010001,0.172906,0.247953,0.481799,0.518201,0.12164,0.122443
1602,30,0.439368,0.129652,0.009998,0.172869,0.248114,0.481677,0.518323,0.129258,0.132096
1603,24,0.439254,0.129677,0.010002,0.172903,0.248164,0.481653,0.518347,0.124668,0.123928
1604,30,0.439255,0.129678,0.01,0.172904,0.248164,0.481661,0.518339,0.119487,0.116089
1605,24,0.439142,0.129704,0.010002,0.172938,0.248214,0.481724,0.518276,0.116342,0.10915
1606,24,0.439718,0.129571,0.00999,0.172761,0.24796,0.481555,0.518445,0.096414,0.098337
1607,24,0.439601,0.129596,0.010002,0.172794,0.248007,0.481531,0.518469,0.124668,0.123928
1608,24,0.439489,0.129622,0.010002,0.17283,0.248058,0.481507,0.518493,0.12468,0.123944
1609,24,0.43921,0.12954,0.010628,0.17272,0.247901,0.481371,0.518629,0.12153,0.124303
1610,30,0.439772,0.129556,0.010001,0.172741,0.24793,0.481174,0.518826,0.098636,0.10257
1611,30,0.439592,0.129503,0.009996,0.17267,0.248239,0.481192,0.518808,0.112141,0.108211
1612,30,0.439844,0.129443,0.009995,0.172591,0.248126,0.481038,0.518962,0.108355,0.113464
1613,30,0.440096,0.129384,0.009995,0.172512,0.248012,0.480884,0.519116,0.115044,0.120142
1614,30,0.440308,0.129334,0.009996,0.172446,0.247916,0.480738,0.519262,0.109144,0.113999
1615,30,0.440211,0.129356,0.010002,0.172474,0.247957,0.480798,0.519202,0.122032,0.115796
1616,30,0.440373,0.129319,0.009997,0.172425,0.247886,0.480786,0.519214,0.109049,0.106202
1617,24,0.440748,0.129231,0.009993,0.172308,0.247719,0.480656,0.519344,0.109102,0.112446
1618,24,0.440749,0.129229,0.01,0.172306,0.247716,0.480666,0.519334,0.123277,0.120914
1619,24,0.440749,0.129229,0.01,0.172306,0.247716,0.480531,0.519469,0.121572,0.124309
1620,30,0.441284,0.129106,0.00999,0.172141,0.247479,0.480277,0.519723,0.092706,0.098441
1621,30,0.441454,0.129064,0.009997,0.172086,0.247399,0.48003,0.51997,0.105096,0.111428
1622,30,0.441053,0.128947,0.010896,0.171929,0.247174,0.47991,0.52009,0.129412,0.132152
1623,24,0.440882,0.128956,0.01103,0.171941,0.247191,0.479885,0.520115,0.132933,0.132221
1624,24,0.441078,0.129072,0.01034,0.172096,0.247414,0.479861,0.520139,0.124675,0.123929
1625,30,0.441183,0.129126,0.010004,0.172168,0.247518,0.479889,0.520111,0.113095,0.108736
1626,30,0.441206,0.12901,0.010477,0.172013,0.247294,0.47979,0.52021,0.115576,0.11816
1627,24,0.441598,0.129029,0.010002,0.172039,0.247332,0.479637,0.520363,0.111593,0.116161
1628,30,0.441489,0.128997,0.010248,0.171996,0.24727,0.479582,0.520418,0.136138,0.137323
1629,30,0.441431,0.128973,0.009998,0.171964,0.247634,0.479505,0.520495,0.115944,0.117139
1630,30,0.44143,0.128973,0.01,0.171964,0.247634,0.479511,0.520489,0.126202,0.124463
1631,24,0.441636,0.128897,0.010115,0.171863,0.247489,0.479347,0.520653,0.118791,0.123753
1632,24,0.441577,0.12888,0.009999,0.17184,0.247704,0.479289,0.520711,0.121278,0.122234
1633,24,0.441411,0.128861,0.009999,0.171815,0.247914,0.4793,0.5207,0.12283,0.116555
1634,24,0.441414,0.12886,0.01,0.171813,0.247912,0.47931,0.52069,0.123292,0.120922
1635,30,0.441193,0.128911,0.010004,0.171881,0.24801,0.47928,0.52072,0.127187,0.125019
1636,30,0.440879,0.128935,0.010002,0.171913,0.248271,0.479248,0.520752,0.126916,0.124879
1637,24,0.440771,0.128903,0.009998,0.171871,0.248457,0.479259,0.520741,0.123403,0.121051
1638,24,0.440548,0.128897,0.01,0.171863,0.248693,0.479232,0.520768,0.124363,0.123763
1639,24,0.440548,0.128897,0.01,0.171863,0.248693,0.479246,0.520754,0.12367,0.121194
1640,24,0.440443,0.128864,0.009997,0.171819,0.248877,0.479253,0.520747,0.122996,0.120771
1641,30,0.44022,0.128915,0.010004,0.171886,0.248975,0.479357,0.520643,0.120519,0.111965
1642,30,0.440299,0.128898,0.009999,0.171864,0.248941,0.47928,0.52072,0.115971,0.117042
1643,30,0.439982,0.128921,0.010002,0.171894,0.249201,0.479248,0.520752,0.126899,0.124865
1644,24,0.439983,0.128921,0.01,0.171895,0.249201,0.479265,0.520735,0.115347,0.110773
1645,24,0.43987,0.128947,0.010002,0.171929,0.249251,0.479241,0.520759,0.12468,0.123931
1646,24,0.440131,0.128887,0.009995,0.17185,0.249136,0.479078,0.520922,0.11057,0.115471
1647,30,0.439886,0.128827,0.010497,0.17177,0.24902,0.479157,0.520843,0.126233,0.117602
1648,30,0.439619,0.128772,0.010999,0.171696,0.248914,0.479115,0.520885,0.126313,0.126883
1649,24,0.43956,0.128755,0.011131,0.171673,0.24888,0.47906,0.52094,0.129873,0.130701
1650,30,0.439569,0.128781,0.011011,0.171708,0.24893,0.478955,0.521045,0.119702,0.121764
1651,30,0.439543,0.128773,0.01107,0.171698,0.248916,0.478963,0.521037,0.119473,0.116086
1652,24,0.439608,0.128851,0.010424,0.171802,0.249314,0.478936,0.521064,0.124371,0.123778
1653,30,0.439908,0.128786,0.009995,0.171714,0.249597,0.478813,0.521187,0.113043,0.116342
1654,24,0.439797,0.128753,0.009997,0.171671,0.249781,0.478756,0.521244,0.12132,0.122248
1655,24,0.439759,0.128742,0.010083,0.171656,0.24976,0.478701,0.521299,0.129866,0.130692
1656,30,0.439984,0.128709,0.009997,0.171612,0.249697,0.478587,0.521413,0.098259,0.097572
1657,30,0.440198,0.128614,0.009993,0.171486,0.24971,0.47853,0.52147,0.100882,0.098118
1658,30,0.44065,0.128509,0.009992,0.171345,0.249505,0.478284,0.521716,0.099069,0.108269
1659,24,0.440533,0.128534,0.010002,0.171378,0.249553,0.47826,0.52174,0.124672,0.123925
1660,24,0.440685,0.128442,0.009993,0.171256,0.249623,0.478094,0.521906,0.110256,0.115293
1661,24,0.441054,0.128356,0.009993,0.171141,0.249456,0.477989,0.522011,0.099091,0.098499
1662,24,0.441051,0.128355,0.01,0.17114,0.249454,0.477935,0.522065,0.121628,0.122404
1663,30,0.441006,0.128365,0.010001,0.171154,0.249474,0.477894,0.522106,0.119708,0.120236
1664,24,0.441007,0.128365,0.01,0.171154,0.249474,0.47784,0.52216,0.1216,0.122385
1665,24,0.441007,0.128365,0.01,0.171154,0.249474,0.477786,0.522214,0.12992,0.130716
1666,30,0.441412,0.128272,0.009993,0.17103,0.249293,0.477561,0.522439,0.102682,0.109794
1667,24,0.441194,0.128207,0.009995,0.170943,0.249661,0.477565,0.522435,0.122688,0.120614
1668,30,0.441209,0.128203,0.01,0.170937,0.249652,0.47757,0.52243,0.126118,0.124421
1669,30,0.441323,0.128176,0.009998,0.170902,0.249601,0.477545,0.522455,0.123032,0.122745
1670,24,0.441588,0.128058,0.009991,0.170744,0.249618,0.477413,0.522587,0.108804,0.112248
1671,24,0.441584,0.128057,0.01,0.170743,0.249616,0.477359,0.522641,0.121657,0.122416
1672,30,0.441572,0.128054,0.010027,0.170738,0.249609,0.477252,0.522748,0.119498,0.121631
1673,30,0.441617,0.127968,0.01035,0.170624,0.249441,0.477106,0.522894,0.115802,0.120597
1674,24,0.441706,0.127993,0.010152,0.170658,0.249491,0.477051,0.522949,0.129895,0.130702
1675,24,0.441777,0.128012,0.010001,0.170682,0.249528,0.477062,0.522938,0.123292,0.12093
1676,30,0.442053,0.127938,0.010042,0.170584,0.249383,0.476907,0.523093,0.108128,0.113284
1677,24,0.44226,0.127843,0.009993,0.170458,0.249446,0.476785,0.523215,0.109881,0.112943
1678,24,0.441925,0.127805,0.009997,0.170407,0.249866,0.476756,0.523244,0.124071,0.1236
1679,24,0.441984,0.127791,0.009999,0.170388,0.249839,0.476889,0.523111,0.113449,0.101408
1680,24,0.441983,0.127791,0.01,0.170388,0.249838,0.476755,0.523245,0.121572,0.124255
1681,30,0.442397,0.127696,0.009993,0.170261,0.249653,0.476525,0.523475,0.09501,0.099988
1682,30,0.442317,0.127663,0.009997,0.170218,0.249804,0.476532,0.523468,0.119248,0.115974
1683,30,0.442134,0.127611,0.009996,0.170148,0.250111,0.476534,0.523466,0.11878,0.115706
1684,24,0.442133,0.12761,0.01,0.170147,0.25011,0.47648,0.52352,0.129895,0.130699
1685,30,0.441993,0.127593,0.009999,0.170124,0.250291,0.476362,0.523638,0.129461,0.132138
1686,24,0.441993,0.127593,0.01,0.170124,0.250291,0.476376,0.523624,0.123695,0.121213
1687,30,0.441887,0.127523,0.009995,0.170031,0.250564,0.47628,0.52372,0.131743,0.133734
1688,30,0.441768,0.1275,0.009998,0.17,0.250734,0.476227,0.523773,0.129349,0.127293
1689,24,0.441602,0.127481,0.009999,0.169975,0.250944,0.476284,0.523716,0.12284,0.116053
1690,30,0.441492,0.12745,0.010245,0.169933,0.250881,0.476258,0.523742,0.136138,0.134237
1691,30,0.441198,0.127479,0.010002,0.169972,0.251349,0.476273,0.523727,0.143029,0.140533
1692,30,0.441179,0.12739,0.009993,0.169853,0.251585,0.476255,0.523745,0.108303,0.105779
1693,24,0.440954,0.127383,0.009999,0.169845,0.251819,0.476229,0.523771,0.12437,0.123761
1694,30,0.440856,0.127312,0.009994,0.16975,0.252088,0.476289,0.523711,0.122061,0.114229
1695,30,0.440455,0.127196,0.010896,0.169595,0.251859,0.476245,0.523755,0.126101,0.126753
1696,30,0.440545,0.127253,0.010559,0.169671,0.251971,0.476312,0.523688,0.116697,0.10955
1697,24,0.440507,0.127242,0.010644,0.169657,0.25195,0.476178,0.523822,0.121556,0.12424
1698,30,0.440577,0.127263,0.010488,0.169683,0.25199,0.476187,0.523813,0.119481,0.116093
1699,30,0.440637,0.127241,0.010522,0.169654,0.251946,0.476109,0.523891,0.115806,0.116918
1700,24,0.440867,0.127307,0.010005,0.169743,0.252078,0.476055,0.523945,0.121635,0.122396
1701,30,0.440754,0.127274,0.010259,0.169699,0.252013,0.476012,0.523988,0.119487,0.120111
1702,24,0.440868,0.127307,0.010003,0.169743,0.252079,0.476027,0.523973,0.123695,0.121214
1703,24,0.441071,0.127262,0.009996,0.169682,0.251988,0.475999,0.524001,0.110551,0.107735
1704,24,0.440964,0.127229,0.009997,0.169639,0.252171,0.476007,0.523993,0.122979,0.120767
1705,30,0.440963,0.127229,0.01,0.169638,0.25217,0.476041,0.523959,0.126151,0.121371
1706,24,0.441223,0.12717,0.009995,0.169559,0.252053,0.475878,0.524122,0.110504,0.11539
1707,24,0.440999,0.127163,0.009999,0.169551,0.252287,0.475773,0.524227,0.124355,0.125268
1708,30,0.441016,0.127159,0.01,0.169545,0.252279,0.475807,0.524193,0.126118,0.121361
1709,30,0.441593,0.127028,0.00999,0.16937,0.252019,0.475563,0.524437,0.09342,0.098715
1710,30,0.441611,0.126962,0.010043,0.169282,0.252102,0.475511,0.524489,0.115507,0.11299
1711,30,0.441498,0.126929,0.010297,0.169239,0.252037,0.475468,0.524532,0.119487,0.120111
1712,30,0.441808,0.126926,0.01,0.169235,0.252031,0.47544,0.52456,0.115663,0.113663
1713,30,0.441786,0.12692,0.010048,0.169227,0.252019,0.475446,0.524554,0.126144,0.124431
1714,30,0.441874,0.126847,0.010274,0.16913,0.251875,0.475301,0.524699,0.109132,0.113902
1715,30,0.441996,0.126882,0.010003,0.169176,0.251944,0.475195,0.524805,0.119556,0.121648
1716,30,0.442375,0.126796,0.009993,0.169062,0.251774,0.474975,0.525025,0.103143,0.110167
1717,30,0.442448,0.126778,0.009999,0.169037,0.251738,0.474899,0.525101,0.115914,0.116965
1718,30,0.442744,0.126711,0.009995,0.168947,0.251603,0.474793,0.525207,0.114823,0.117586
1719,24,0.44252,0.126704,0.009999,0.168939,0.251838,0.474767,0.525233,0.124362,0.123755
1720,30,0.44252,0.126704,0.01,0.168939,0.251838,0.474649,0.525351,0.129478,0.132129
1721,24,0.442463,0.126717,0.010001,0.168956,0.251863,0.474666,0.525334,0.123141,0.116706
1722,24,0.442358,0.126685,0.009997,0.168913,0.252047,0.474674,0.525326,0.122991,0.120781
1723,30,0.442631,0.126622,0.009995,0.168829,0.251922,0.474691,0.525309,0.108272,0.10294
1724,30,0.442403,0.12658,0.009997,0.168773,0.252248,0.474568,0.525432,0.128919,0.131806
1725,24,0.442772,0.126495,0.009993,0.16866,0.252079,0.474297,0.525703,0.107376,0.114677
1726,30,0.44276,0.126492,0.010021,0.168655,0.252072,0.474191,0.525809,0.119498,0.121601
1727,24,0.443143,0.126409,0.009993,0.168546,0.251908,0.474062,0.525938,0.109086,0.112356
1728,24,0.443031,0.126377,0.009997,0.168503,0.252092,0.474006,0.525994,0.121344,0.122242
1729,24,0.442815,0.126313,0.009995,0.168418,0.252459,0.474011,0.525989,0.122678,0.120618
1730,30,0.442701,0.126281,0.010249,0.168375,0.252394,0.474062,0.525938,0.119487,0.113994
1731,30,0.442928,0.126286,0.01,0.168381,0.252405,0.474054,0.525946,0.10926,0.106304
1732,24,0.442872,0.126299,0.010001,0.168398,0.25243,0.474115,0.525885,0.123144,0.116234
1733,30,0.442872,0.126299,0.01,0.168399,0.25243,0.474125,0.525875,0.119531,0.116125
1734,30,0.443058,0.126257,0.009997,0.168342,0.252346,0.473867,0.526133,0.114752,0.120929
1735,24,0.443007,0.126212,0.009996,0.168282,0.252503,0.473896,0.526104,0.121459,0.116042
1736,30,0.442907,0.126185,0.009998,0.168246,0.252664,0.473895,0.526105,0.118246,0.114812
1737,24,0.44285,0.126197,0.010001,0.168263,0.252689,0.473912,0.526088,0.123127,0.116701
1738,30,0.442576,0.126156,0.010256,0.168208,0.252804,0.473975,0.526025,0.138293,0.130361
1739,24,0.442474,0.126125,0.009998,0.168167,0.253237,0.47398,0.52602,0.122678,0.120618
1740,30,0.442467,0.126123,0.010013,0.168164,0.253233,0.473874,0.526126,0.119498,0.121602
1741,24,0.442251,0.126119,0.01,0.168159,0.253472,0.473848,0.526152,0.132683,0.132082
1742,30,0.442334,0.126052,0.009995,0.168069,0.253551,0.473818,0.526182,0.115402,0.113516
1743,30,0.442106,0.126009,0.009997,0.168012,0.253876,0.47384,0.52616,0.112311,0.108307
1744,30,0.442243,0.125977,0.009997,0.16797,0.253812,0.473753,0.526247,0.125789,0.12494
1745,30,0.442024,0.125833,0.010846,0.167777,0.25352,0.473664,0.526336,0.125581,0.124838
1746,30,0.442414,0.125826,0.010487,0.167768,0.253506,0.473557,0.526443,0.114608,0.117227
1747,30,0.442062,0.125748,0.010766,0.167664,0.25376,0.473508,0.526492,0.125529,0.126442
1748,24,0.442659,0.125786,0.010003,0.167715,0.253837,0.473346,0.526654,0.110531,0.115362
1749,24,0.442379,0.125707,0.010629,0.167609,0.253676,0.473213,0.526787,0.12153,0.124185
1750,30,0.442697,0.125766,0.010054,0.167688,0.253796,0.473216,0.526784,0.122904,0.119488
1751,24,0.442637,0.125749,0.010187,0.167665,0.253762,0.473162,0.526838,0.129878,0.130671
1752,30,0.442369,0.125695,0.010689,0.167594,0.253653,0.473121,0.526879,0.126321,0.126857
1753,24,0.443341,0.125631,0.009995,0.167509,0.253524,0.472863,0.527137,0.095921,0.104427
1754,30,0.442932,0.125515,0.010908,0.167354,0.25329,0.47282,0.52718,0.126101,0.12674
1755,24,0.443108,0.125623,0.010265,0.167497,0.253507,0.472798,0.527202,0.124692,0.123931
1756,24,0.44312,0.125624,0.01,0.167499,0.253757,0.472806,0.527194,0.122991,0.120783
1757,30,0.443034,0.125551,0.009994,0.167401,0.254019,0.47278,0.52722,0.132262,0.130452
1758,30,0.443211,0.125473,0.010156,0.167298,0.253862,0.472627,0.527373,0.114965,0.119975
1759,30,0.443236,0.125503,0.010002,0.167337,0.253922,0.472512,0.527488,0.129719,0.132223
1760,30,0.443524,0.125438,0.009995,0.167251,0.253791,0.472332,0.527668,0.099862,0.103097
1761,30,0.443121,0.125324,0.010895,0.167099,0.253561,0.472281,0.527719,0.129412,0.127279
1762,30,0.443223,0.125344,0.010295,0.167126,0.254012,0.472279,0.527721,0.125335,0.124004
1763,30,0.443584,0.125329,0.009999,0.167106,0.253982,0.472172,0.527828,0.114595,0.117195
1764,30,0.443512,0.125346,0.010001,0.167127,0.254014,0.472328,0.527672,0.121954,0.109652
1765,24,0.44377,0.125288,0.009995,0.16705,0.253897,0.472166,0.527834,0.118793,0.123634
1766,24,0.443658,0.125256,0.009997,0.167008,0.25408,0.472178,0.527822,0.123427,0.121077
1767,30,0.443562,0.125229,0.009998,0.166972,0.254239,0.472186,0.527814,0.119323,0.116018
1768,24,0.443561,0.125229,0.01,0.166972,0.254239,0.472201,0.527799,0.12367,0.121209
1769,24,0.443455,0.125197,0.009997,0.166929,0.254422,0.472209,0.527791,0.122986,0.120779
1770,30,0.443434,0.125191,0.010046,0.166921,0.254409,0.472215,0.527785,0.126144,0.124434
1771,30,0.44362,0.125115,0.009994,0.166819,0.254452,0.47202,0.52798,0.103794,0.109491
1772,24,0.443505,0.125139,0.010002,0.166852,0.254502,0.471998,0.528002,0.124692,0.123917
1773,30,0.443506,0.125139,0.01,0.166852,0.254502,0.472009,0.527991,0.119542,0.116128
1774,24,0.443506,0.125139,0.01,0.166852,0.254502,0.471956,0.528044,0.121612,0.122364
1775,24,0.443284,0.125133,0.01,0.166845,0.254738,0.471931,0.528069,0.124373,0.123748
1776,24,0.443175,0.125102,0.009998,0.166803,0.254922,0.471874,0.528126,0.121268,0.122185
1777,24,0.442952,0.125096,0.01,0.166795,0.255157,0.471848,0.528152,0.132682,0.132064
1778,24,0.442895,0.125109,0.010001,0.166812,0.255183,0.471866,0.528134,0.123127,0.1167
1779,30,0.442714,0.125058,0.009996,0.166744,0.255488,0.471816,0.528184,0.11873,0.11969
1780,24,0.442603,0.125026,0.009997,0.166702,0.255671,0.471828,0.528172,0.123406,0.121071
1781,24,0.442808,0.124953,0.010112,0.166605,0.255522,0.471666,0.528334,0.118782,0.123619
1782,24,0.443006,0.124879,0.009994,0.166505,0.255616,0.471501,0.528499,0.118511,0.123476
1783,24,0.443004,0.124878,0.01,0.166504,0.255615,0.471447,0.528553,0.129907,0.130687
1784,30,0.442944,0.124891,0.010001,0.166522,0.255642,0.471383,0.528617,0.123352,0.122538
1785,30,0.442535,0.124776,0.010915,0.166368,0.255406,0.471369,0.528631,0.126101,0.123686
1786,30,0.442857,0.124889,0.010097,0.166519,0.255638,0.471255,0.528745,0.129727,0.132215
1787,30,0.442465,0.124779,0.010974,0.166371,0.255412,0.47123,0.52877,0.136081,0.134193
1788,24,0.443161,0.124785,0.010001,0.16638,0.255673,0.471099,0.528901,0.108805,0.112167
1789,30,0.443178,0.124781,0.01,0.166375,0.255665,0.471109,0.528891,0.119502,0.116117
1790,30,0.442541,0.124554,0.011636,0.166072,0.255198,0.471051,0.528949,0.132867,0.132859
1791,30,0.44255,0.124579,0.011516,0.166105,0.25525,0.470948,0.529052,0.11972,0.121682
1792,24,0.442617,0.124654,0.01087,0.166206,0.255652,0.470923,0.529077,0.12439,0.123755
1793,24,0.442784,0.124701,0.010004,0.166268,0.256243,0.470864,0.529136,0.129316,0.130364
1794,24,0.442785,0.124702,0.01,0.166269,0.256244,0.47081,0.52919,0.129895,0.13067
1795,30,0.443099,0.124632,0.009994,0.166175,0.2561,0.470704,0.529296,0.11474,0.117501
1796,30,0.443052,0.124641,0.010001,0.166188,0.256119,0.470601,0.529399,0.119708,0.121667
1797,24,0.443242,0.124593,0.010022,0.166124,0.25602,0.470422,0.529578,0.116765,0.121089
1798,30,0.443954,0.124438,0.009988,0.165918,0.255703,0.470048,0.529952,0.092343,0.105939
1799,24,0.444096,0.124348,0.009993,0.165798,0.255765,0.469884,0.530116,0.110236,0.11513
1800,30,0.443982,0.124316,0.010247,0.165755,0.255699,0.470016,0.529984,0.119487,0.108622
1801,30,0.444252,0.124311,0.01,0.165748,0.255689,0.469874,0.530126,0.115705,0.119117
1802,24,0.44403,0.124306,0.01,0.165741,0.255924,0.469849,0.530151,0.132682,0.132069
1803,24,0.444033,0.124305,0.01,0.16574,0.255923,0.469867,0.530133,0.114981,0.110196
1804,30,0.444051,0.124301,0.01,0.165734,0.255914,0.469878,0.530122,0.119502,0.116118
1805,30,0.444666,0.124163,0.009989,0.165551,0.255631,0.469523,0.530477,0.087678,0.100731
1806,24,0.444721,0.124148,0.009999,0.165531,0.255601,0.469557,0.530443,0.121756,0.11622
1807,24,0.44472,0.124148,0.01,0.165531,0.2556,0.469505,0.530495,0.121657,0.122373
1808,24,0.44472,0.124148,0.01,0.165531,0.2556,0.469452,0.530548,0.129895,0.130658
1809,30,0.444405,0.124171,0.010002,0.165561,0.255861,0.469423,0.530577,0.126939,0.124849
1810,24,0.444294,0.124196,0.010002,0.165595,0.255913,0.469401,0.530599,0.133,0.132232
1811,24,0.444073,0.124191,0.01,0.165587,0.256149,0.469376,0.530624,0.124373,0.123746
1812,24,0.443857,0.124128,0.009995,0.165504,0.256515,0.469382,0.530618,0.122668,0.120613
1813,24,0.443859,0.124127,0.01,0.165502,0.256512,0.469394,0.530606,0.123292,0.120938
1814,24,0.44382,0.124116,0.010085,0.165488,0.25649,0.469262,0.530738,0.121558,0.124145
1815,24,0.443802,0.124139,0.010002,0.165519,0.256538,0.469324,0.530676,0.123146,0.116263
1816,24,0.443747,0.124152,0.010001,0.165536,0.256564,0.469343,0.530657,0.123129,0.116708
1817,24,0.443747,0.124152,0.01,0.165536,0.256565,0.469359,0.530641,0.123712,0.121231
1818,24,0.443357,0.124043,0.010624,0.16539,0.256586,0.469302,0.530698,0.129535,0.130474
1819,24,0.443336,0.124037,0.010423,0.165383,0.256821,0.469246,0.530754,0.121267,0.122172
1820,30,0.443318,0.124032,0.010054,0.165376,0.257221,0.469245,0.530755,0.125386,0.124031
1821,30,0.44346,0.123887,0.010548,0.165183,0.256921,0.469088,0.530912,0.111751,0.116273
1822,30,0.443635,0.123936,0.010158,0.165248,0.257023,0.468984,0.531016,0.119546,0.121577
1823,24,0.443245,0.123827,0.010782,0.165103,0.257044,0.468927,0.531073,0.129535,0.130468
1824,30,0.443331,0.123842,0.010414,0.165123,0.25729,0.468931,0.531069,0.125841,0.124269
1825,30,0.443628,0.123777,0.009995,0.165036,0.257564,0.46877,0.53123,0.107373,0.11275
1826,30,0.443516,0.123801,0.010002,0.165068,0.257614,0.468942,0.531058,0.12339,0.110301
1827,24,0.443813,0.123735,0.009995,0.16498,0.257477,0.468824,0.531176,0.11011,0.112971
1828,24,0.443699,0.123759,0.010002,0.165013,0.257527,0.468725,0.531275,0.124677,0.125383
1829,30,0.443717,0.123756,0.01,0.165008,0.25752,0.468731,0.531269,0.126118,0.124424
1830,24,0.444086,0.123674,0.009993,0.164898,0.257349,0.468615,0.531385,0.101165,0.101174
1831,30,0.443984,0.123647,0.009998,0.164863,0.257508,0.468615,0.531385,0.118231,0.114794
1832,24,0.443877,0.123615,0.009997,0.164821,0.257689,0.468624,0.531376,0.122974,0.120769
1833,24,0.44377,0.123584,0.009997,0.164778,0.257871,0.468633,0.531367,0.122986,0.120783
1834,24,0.443657,0.123608,0.010002,0.164811,0.257922,0.468611,0.531389,0.124692,0.123919
1835,30,0.443933,0.123547,0.009995,0.16473,0.257794,0.468421,0.531579,0.098654,0.10224
1836,24,0.443935,0.123546,0.01,0.164728,0.257791,0.468433,0.531567,0.123292,0.120939
1837,24,0.443823,0.123571,0.010002,0.164761,0.257843,0.468334,0.531666,0.124677,0.12539
1838,30,0.444008,0.123496,0.010145,0.164662,0.257688,0.468236,0.531764,0.11551,0.118004
1839,24,0.444073,0.123514,0.010001,0.164686,0.257726,0.468105,0.531895,0.121572,0.12414
1840,30,0.443959,0.123483,0.010256,0.164643,0.25766,0.468237,0.531763,0.119487,0.108647
1841,24,0.444076,0.123513,0.010002,0.164684,0.257724,0.468249,0.531751,0.123292,0.120933
1842,24,0.443971,0.123482,0.009997,0.164643,0.257906,0.468258,0.531742,0.122974,0.120764
1843,24,0.44397,0.123482,0.01,0.164643,0.257905,0.468205,0.531795,0.129907,0.13066
1844,24,0.443932,0.123471,0.010085,0.164628,0.257883,0.468152,0.531848,0.129866,0.130636
1845,30,0.44397,0.123482,0.010001,0.164642,0.257905,0.468164,0.531836,0.119599,0.11617
1846,24,0.444041,0.123411,0.009994,0.164548,0.258005,0.468011,0.531989,0.111267,0.115811
1847,30,0.444113,0.123394,0.009999,0.164525,0.257969,0.467935,0.532065,0.1225,0.123535
1848,30,0.443892,0.123443,0.010004,0.16459,0.258071,0.467909,0.532091,0.127197,0.124992
1849,30,0.443817,0.123413,0.009998,0.16455,0.258223,0.467913,0.532087,0.125838,0.124276
1850,24,0.443703,0.123437,0.010002,0.164583,0.258274,0.467891,0.532109,0.132988,0.132223
1851,30,0.443609,0.123411,0.009998,0.164548,0.258434,0.467896,0.532104,0.125921,0.124321
1852,30,0.443608,0.123411,0.01,0.164548,0.258433,0.467908,0.532092,0.119599,0.116175
1853,30,0.443513,0.123384,0.009998,0.164513,0.258592,0.467801,0.532199,0.119265,0.121415
1854,24,0.443805,0.123319,0.009995,0.164426,0.258456,0.467543,0.532457,0.108409,0.115322
1855,30,0.443691,0.123288,0.010249,0.164383,0.258389,0.467438,0.532562,0.119487,0.121525
1856,24,0.444175,0.123236,0.009996,0.164314,0.25828,0.467311,0.532689,0.109075,0.11225
1857,30,0.444503,0.123162,0.009994,0.164216,0.258126,0.467256,0.532744,0.100529,0.097825
1858,30,0.444612,0.123045,0.009991,0.16406,0.258291,0.467095,0.532905,0.113998,0.119366
1859,24,0.444386,0.123039,0.009999,0.164051,0.258524,0.46707,0.53293,0.132681,0.132057
1860,24,0.444386,0.123038,0.01,0.164051,0.258524,0.467086,0.532914,0.12367,0.121212
1861,30,0.444262,0.123004,0.010277,0.164005,0.258452,0.467076,0.532924,0.119466,0.115467
1862,30,0.444151,0.122973,0.010115,0.163964,0.258797,0.467026,0.532974,0.118721,0.119665
1863,24,0.444095,0.122956,0.009999,0.163941,0.259008,0.467035,0.532965,0.122969,0.120765
1864,24,0.444095,0.122956,0.01,0.163941,0.259008,0.467071,0.532929,0.113263,0.108025
1865,24,0.443873,0.12295,0.01,0.163934,0.259243,0.467046,0.532954,0.132677,0.132052
1866,24,0.443707,0.122932,0.009999,0.16391,0.259453,0.467106,0.532894,0.122834,0.1161
1867,24,0.443597,0.122902,0.009998,0.163869,0.259635,0.46705,0.53295,0.129572,0.13047
1868,24,0.443744,0.122814,0.009993,0.163752,0.259697,0.466886,0.533114,0.110187,0.11506
1869,30,0.443559,0.122763,0.009996,0.163684,0.259999,0.466982,0.533018,0.125374,0.116308
1870,30,0.443557,0.122762,0.01,0.163683,0.259998,0.466993,0.533007,0.119487,0.116106
1871,30,0.443164,0.122654,0.010877,0.163538,0.259768,0.467036,0.532964,0.136081,0.129444
1872,24,0.44385,0.122696,0.010003,0.163594,0.259857,0.46692,0.53308,0.110175,0.112992
1873,30,0.44452,0.122549,0.009988,0.163398,0.259545,0.46669,0.53331,0.092686,0.098739
1874,30,0.444515,0.122547,0.01,0.163396,0.259542,0.466574,0.533426,0.129478,0.132038
1875,30,0.444543,0.122499,0.010187,0.163332,0.25944,0.46658,0.53342,0.121094,0.116715
1876,30,0.445276,0.122378,0.00999,0.163171,0.259184,0.466217,0.533783,0.086645,0.099582
1877,30,0.445162,0.122347,0.010244,0.163129,0.259118,0.466175,0.533825,0.119487,0.120072
1878,30,0.445048,0.122315,0.010499,0.163087,0.259051,0.466071,0.533929,0.119487,0.121509
1879,30,0.445255,0.122257,0.010141,0.163009,0.259337,0.465967,0.534033,0.114802,0.117608
1880,30,0.445318,0.122274,0.010001,0.163032,0.259374,0.465979,0.534021,0.119531,0.116128
1881,24,0.445097,0.122269,0.01,0.163025,0.25961,0.465954,0.534046,0.124372,0.123743
1882,24,0.445243,0.122182,0.009993,0.162909,0.259673,0.46579,0.53421,0.110123,0.115001
1883,30,0.445299,0.122168,0.009999,0.162891,0.259643,0.465561,0.534439,0.11734,0.12274
1884,24,0.445187,0.122193,0.010002,0.162923,0.259695,0.46563,0.53437,0.116372,0.109284
1885,24,0.445192,0.122192,0.01,0.162923,0.259694,0.465642,0.534358,0.123304,0.120956
1886,24,0.445192,0.122192,0.01,0.162923,0.259694,0.465658,0.534342,0.123641,0.121199
1887,30,0.445009,0.122142,0.009996,0.162856,0.259997,0.465546,0.534454,0.118717,0.121069
1888,30,0.444929,0.122111,0.009997,0.162815,0.260147,0.46555,0.53445,0.125838,0.124274
1889,30,0.444616,0.122072,0.010289,0.162762,0.26026,0.465561,0.534439,0.128399,0.124754
1890,24,0.444335,0.121995,0.010915,0.162659,0.260096,0.46543,0.53457,0.12153,0.124092
1891,24,0.444524,0.122045,0.010007,0.162726,0.260697,0.465436,0.534564,0.122658,0.120607
1892,30,0.444818,0.121982,0.009995,0.162642,0.260563,0.465322,0.534678,0.113699,0.116514
1893,30,0.444833,0.121977,0.01,0.162636,0.260554,0.465329,0.534671,0.126118,0.124423
1894,30,0.444619,0.121803,0.010992,0.162404,0.260182,0.465306,0.534694,0.115528,0.112228
1895,30,0.444864,0.121845,0.010149,0.16246,0.260682,0.465307,0.534693,0.115815,0.113092
1896,24,0.444708,0.121858,0.010001,0.162477,0.260956,0.465283,0.534717,0.124372,0.123729
1897,30,0.444869,0.121823,0.009997,0.16243,0.260881,0.465258,0.534742,0.115691,0.113643
1898,24,0.44524,0.121741,0.009993,0.162321,0.260705,0.465131,0.534869,0.109034,0.112201
1899,24,0.445804,0.121615,0.00999,0.162154,0.260437,0.465128,0.534872,0.094203,0.088513
1900,24,0.445744,0.121626,0.010001,0.162169,0.260461,0.46533,0.53467,0.114823,0.099994
1901,30,0.44563,0.121473,0.010803,0.161963,0.260131,0.465166,0.534834,0.124837,0.130299
1902,30,0.445355,0.121433,0.011057,0.161911,0.260244,0.465233,0.534767,0.138297,0.130416
1903,30,0.444905,0.121418,0.011163,0.161891,0.260622,0.465261,0.534739,0.133017,0.130026
1904,24,0.445182,0.121405,0.010698,0.161873,0.260842,0.465107,0.534893,0.119511,0.124052
1905,24,0.44525,0.121479,0.010052,0.161972,0.261247,0.465082,0.534918,0.132681,0.132057
1906,30,0.445195,0.121455,0.009998,0.16194,0.261411,0.465091,0.534909,0.119224,0.115969
1907,30,0.445306,0.121341,0.009991,0.161788,0.261575,0.465025,0.534975,0.107343,0.106713
1908,24,0.44567,0.121259,0.009993,0.161679,0.261399,0.46491,0.53509,0.101094,0.10108
1909,30,0.445654,0.121255,0.010029,0.161673,0.261389,0.464917,0.535083,0.126144,0.124438
1910,30,0.445656,0.121219,0.010188,0.161625,0.261312,0.464842,0.535158,0.115818,0.116827
1911,30,0.44599,0.121187,0.009997,0.161583,0.261243,0.464593,0.535407,0.104018,0.109805
1912,30,0.445784,0.121131,0.010241,0.161508,0.261336,0.464537,0.535463,0.135858,0.137081
1913,24,0.445861,0.121152,0.010069,0.161536,0.261382,0.464559,0.535441,0.115333,0.110801
1914,30,0.445892,0.12116,0.010001,0.161547,0.2614,0.464572,0.535428,0.119599,0.116166
1915,30,0.446076,0.12112,0.009997,0.161494,0.261313,0.46432,0.53568,0.1148,0.120672
1916,30,0.446069,0.121078,0.009997,0.161437,0.26142,0.46439,0.53561,0.122545,0.114546
1917,30,0.446063,0.121078,0.01,0.161438,0.261421,0.464394,0.535606,0.118518,0.114953
1918,30,0.446041,0.121083,0.01,0.161444,0.261431,0.46444,0.53556,0.136247,0.129533
1919,30,0.445946,0.121057,0.009998,0.16141,0.26159,0.464445,0.535555,0.125921,0.124319
1920,24,0.445948,0.121056,0.01,0.161408,0.261587,0.464458,0.535542,0.123304,0.120957
1921,30,0.446533,0.120928,0.009989,0.161238,0.261311,0.464113,0.535887,0.08836,0.100528
1922,24,0.446647,0.120901,0.009998,0.161202,0.261253,0.464021,0.535979,0.125965,0.128448
1923,24,0.44648,0.120883,0.009999,0.161178,0.261461,0.46402,0.53598,0.131147,0.127337
1924,30,0.446768,0.12082,0.009995,0.161093,0.261324,0.463907,0.536093,0.113775,0.116532
1925,24,0.44671,0.120831,0.010001,0.161109,0.261349,0.46411,0.53589,0.114825,0.100025
1926,30,0.446711,0.120832,0.01,0.161109,0.261349,0.464149,0.535851,0.119545,0.114747
1927,30,0.446894,0.120791,0.009997,0.161055,0.261262,0.464042,0.535958,0.098124,0.097301
1928,24,0.446856,0.120781,0.010082,0.161041,0.26124,0.464079,0.535921,0.11325,0.10803
1929,30,0.44691,0.120787,0.010001,0.161049,0.261253,0.464091,0.535909,0.11949,0.11611
1930,24,0.4468,0.120757,0.009998,0.16101,0.261436,0.464104,0.535896,0.123401,0.121067
1931,30,0.446703,0.120731,0.009998,0.160975,0.261594,0.464114,0.535886,0.119319,0.116013
1932,24,0.446702,0.120731,0.01,0.160974,0.261593,0.464062,0.535938,0.12164,0.122337
1933,24,0.446702,0.120731,0.01,0.160974,0.261593,0.464084,0.535916,0.115347,0.110806
1934,30,0.446702,0.120731,0.01,0.160974,0.261593,0.464096,0.535904,0.119487,0.116109
1935,24,0.446702,0.120731,0.01,0.160974,0.261593,0.464044,0.535956,0.12164,0.122337
1936,30,0.446483,0.120779,0.010004,0.161038,0.261697,0.46402,0.53598,0.127221,0.124984
1937,30,0.446775,0.120716,0.009995,0.160954,0.26156,0.463881,0.536119,0.095035,0.096014
1938,24,0.446551,0.12071,0.009999,0.160946,0.261794,0.463857,0.536143,0.124376,0.123738
1939,30,0.446761,0.120664,0.009996,0.160885,0.261695,0.463773,0.536227,0.109647,0.11017
1940,30,0.446715,0.120673,0.010001,0.160897,0.261714,0.463805,0.536195,0.113095,0.108786
1941,30,0.446699,0.120668,0.010036,0.160891,0.261705,0.463812,0.536188,0.126144,0.124439
1942,24,0.446605,0.120643,0.009998,0.160857,0.261897,0.463825,0.536175,0.123372,0.121058
1943,24,0.446497,0.120612,0.009997,0.160816,0.262077,0.463835,0.536165,0.122981,0.120783
1944,24,0.446386,0.120582,0.009998,0.160776,0.262259,0.463848,0.536152,0.123342,0.121048
1945,24,0.446278,0.120551,0.009997,0.160735,0.262439,0.463857,0.536143,0.122948,0.120758
1946,30,0.446217,0.120564,0.010001,0.160752,0.262467,0.463795,0.536205,0.123369,0.122489
1947,30,0.446315,0.120513,0.010134,0.160683,0.262355,0.463643,0.536357,0.125623,0.129493
1948,24,0.446265,0.120499,0.009999,0.160665,0.262573,0.463588,0.536412,0.121312,0.12217
1949,24,0.446152,0.120523,0.010002,0.160697,0.262625,0.463491,0.536509,0.124685,0.125341
1950,30,0.446563,0.120434,0.009993,0.160579,0.262431,0.46329,0.53671,0.097137,0.10081
1951,30,0.446464,0.120407,0.009998,0.160543,0.262588,0.463295,0.536705,0.125917,0.124321
1952,30,0.446041,0.120247,0.011144,0.160329,0.262238,0.463346,0.536654,0.122932,0.116328
1953,30,0.446304,0.120318,0.010561,0.160424,0.262393,0.463354,0.536646,0.126203,0.124472
1954,30,0.446612,0.120327,0.010214,0.160436,0.262412,0.463106,0.536894,0.11517,0.120983
1955,24,0.446375,0.120317,0.009999,0.160423,0.262885,0.463079,0.536921,0.124043,0.123564
1956,24,0.446153,0.120312,0.01,0.160415,0.26312,0.463055,0.536945,0.132668,0.132041
1957,30,0.446081,0.120327,0.010001,0.160436,0.263154,0.463215,0.536785,0.12196,0.109798
1958,30,0.446316,0.120269,0.01003,0.160359,0.263027,0.463052,0.536948,0.1249,0.130301
1959,30,0.446623,0.120209,0.009995,0.160278,0.262895,0.462948,0.537052,0.114774,0.117433
1960,30,0.446607,0.120204,0.010031,0.160272,0.262886,0.462955,0.537045,0.126144,0.124439
1961,30,0.446576,0.120218,0.010001,0.16029,0.262915,0.462916,0.537084,0.11971,0.120178
1962,30,0.446203,0.119975,0.011473,0.159966,0.262383,0.46275,0.53725,0.124588,0.130126
1963,24,0.446525,0.120059,0.01052,0.160079,0.262816,0.46276,0.53724,0.122975,0.120774
1964,24,0.446765,0.12012,0.010005,0.16016,0.26295,0.462701,0.537299,0.120821,0.12175
1965,30,0.446369,0.120014,0.010882,0.160018,0.262717,0.462648,0.537352,0.136081,0.137196
1966,24,0.446331,0.120004,0.010967,0.160005,0.262694,0.462596,0.537404,0.121556,0.122286
1967,24,0.44686,0.119966,0.010608,0.159954,0.262611,0.462469,0.537531,0.108975,0.112133
1968,24,0.446967,0.119994,0.010124,0.159993,0.262921,0.462414,0.537586,0.129594,0.130469
1969,30,0.447344,0.11994,0.009995,0.15992,0.262801,0.462221,0.537779,0.09802,0.101739
1970,24,0.447342,0.119939,0.01,0.159919,0.2628,0.462238,0.537762,0.123724,0.121245
1971,30,0.44732,0.119897,0.009997,0.159863,0.262923,0.462162,0.537838,0.115657,0.116708
1972,30,0.447274,0.119907,0.010001,0.159875,0.262943,0.462123,0.537877,0.11971,0.120173
1973,24,0.447163,0.119931,0.010002,0.159908,0.262996,0.462026,0.537974,0.124689,0.12532
1974,24,0.447057,0.119901,0.009997,0.159867,0.263177,0.462036,0.537964,0.122964,0.120772
1975,30,0.447073,0.119897,0.01,0.159862,0.263168,0.462049,0.537951,0.11949,0.11612
1976,30,0.446832,0.119755,0.010884,0.159673,0.262857,0.461908,0.538092,0.115581,0.118935
1977,30,0.44707,0.119864,0.010151,0.159818,0.263097,0.461924,0.538076,0.128745,0.124916
1978,24,0.447137,0.119882,0.010002,0.159843,0.263136,0.461941,0.538059,0.12367,0.121226
1979,24,0.447142,0.119881,0.01,0.159842,0.263135,0.461954,0.538046,0.123304,0.12096
1980,24,0.447146,0.119881,0.01,0.159841,0.263133,0.461967,0.538033,0.123304,0.12096
1981,30,0.447146,0.119881,0.01,0.159841,0.263133,0.46198,0.53802,0.119531,0.116135
1982,24,0.447149,0.11988,0.01,0.15984,0.263131,0.461993,0.538007,0.123304,0.12096
1983,30,0.447128,0.119874,0.010048,0.159832,0.263119,0.462001,0.537999,0.126144,0.124441
1984,30,0.446809,0.11981,0.010657,0.159746,0.262978,0.46195,0.53805,0.136283,0.137296
1985,30,0.447323,0.119841,0.010003,0.159788,0.263046,0.46184,0.53816,0.097774,0.097287
1986,30,0.447613,0.119778,0.009995,0.159705,0.262909,0.461727,0.538273,0.113689,0.116468
1987,24,0.447499,0.119802,0.010002,0.159736,0.262961,0.461706,0.538294,0.124704,0.123914
1988,30,0.447385,0.119771,0.010256,0.159695,0.262893,0.46176,0.53824,0.119487,0.11406
1989,30,0.447657,0.119744,0.010107,0.159659,0.262834,0.461672,0.538328,0.108672,0.107839
1990,30,0.448307,0.119626,0.00999,0.159502,0.262575,0.461312,0.538688,0.086801,0.099764
1991,30,0.447899,0.119517,0.010891,0.159357,0.262336,0.461197,0.538803,0.129412,0.131934
1992,30,0.44856,0.119374,0.01088,0.159165,0.262021,0.460877,0.539123,0.092544,0.103526
1993,24,0.448741,0.119476,0.010237,0.159301,0.262245,0.460856,0.539144,0.133016,0.132228
1994,30,0.448956,0.119392,0.009993,0.159189,0.26247,0.460695,0.539305,0.107282,0.112567
1995,24,0.449156,0.119323,0.010107,0.159097,0.262318,0.460535,0.539465,0.118709,0.123385
1996,30,0.449149,0.119321,0.010122,0.159094,0.262314,0.460432,0.539568,0.119498,0.12146
1997,24,0.449093,0.119306,0.009999,0.159074,0.262528,0.460377,0.539623,0.1213,0.122135
1998,30,0.449111,0.119302,0.01,0.159069,0.262519,0.460326,0.539674,0.118439,0.119344
1999,24,0.449365,0.119247,0.009995,0.158995,0.262398,0.460167,0.539833,0.110434,0.115071
2000,24,0.449251,0.119217,0.009997,0.158955,0.262579,0.460181,0.539819,0.123342,0.121054
2001,30,0.449022,0.119177,0.009997,0.158902,0.262902,0.460073,0.539927,0.118909,0.121111
2002,30,0.449021,0.119176,0.01,0.158902,0.262901,0.460087,0.539913,0.119531,0.116136
2003,24,0.448982,0.119166,0.010085,0.158888,0.262878,0.460125,0.539875,0.11325,0.108044
2004,24,0.449389,0.119097,0.009994,0.158795,0.262725,0.459999,0.540001,0.109007,0.112115
2005,24,0.449164,0.11909,0.009999,0.158787,0.262958,0.459976,0.540024,0.124415,0.123745
2006,24,0.449053,0.119114,0.010002,0.158819,0.263011,0.45988,0.54012,0.124679,0.125302
2007,30,0.449236,0.119075,0.009997,0.158767,0.262925,0.459699,0.540301,0.104733,0.109668
2008,24,0.449603,0.118995,0.009993,0.15866,0.262748,0.459572,0.540428,0.108942,0.112066
2009,24,0.44919,0.118886,0.010903,0.158515,0.262507,0.45952,0.54048,0.129825,0.130572
2010,24,0.449393,0.118993,0.010212,0.158658,0.262744,0.4595,0.5405,0.124699,0.123898
2011,24,0.449267,0.119013,0.010002,0.158684,0.263035,0.459477,0.540523,0.12438,0.123729
2012,30,0.449151,0.118982,0.010256,0.158643,0.262967,0.459375,0.540625,0.119487,0.121441
2013,30,0.449041,0.118953,0.010498,0.158605,0.262903,0.459334,0.540666,0.119487,0.12004
2014,24,0.449634,0.11884,0.010421,0.158453,0.262652,0.459023,0.540977,0.102422,0.111021
2015,24,0.449938,0.118825,0.010184,0.158434,0.26262,0.459136,0.540864,0.110504,0.099754
2016,30,0.449836,0.118798,0.009998,0.158398,0.26297,0.459136,0.540864,0.125366,0.124016
2017,30,0.449874,0.11879,0.009999,0.158386,0.262951,0.459242,0.540758,0.126029,0.11667
2018,30,0.450275,0.118703,0.009993,0.15827,0.262759,0.45903,0.54097,0.095827,0.099915
2019,24,0.45064,0.118623,0.009993,0.158163,0.262581,0.458904,0.541096,0.108993,0.112091
2020,24,0.450526,0.118646,0.010002,0.158194,0.262632,0.458884,0.541116,0.1247,0.123895
2021,24,0.450416,0.11867,0.010002,0.158226,0.262686,0.458864,0.541136,0.124712,0.123909
2022,30,0.450496,0.118653,0.009999,0.158204,0.262648,0.458837,0.541163,0.122633,0.12241
2023,30,0.450442,0.118618,0.009997,0.158157,0.262786,0.458781,0.541219,0.117984,0.119103
2024,30,0.450679,0.118566,0.009996,0.158088,0.262671,0.458648,0.541352,0.109971,0.113919
2025,30,0.45082,0.118489,0.009993,0.157985,0.262713,0.458512,0.541488,0.1097,0.11377
2026,30,0.450633,0.118528,0.010003,0.158037,0.2628,0.458643,0.541357,0.12688,0.11761
2027,30,0.450611,0.118522,0.010051,0.158029,0.262787,0.458651,0.541349,0.126144,0.124443
2028,30,0.450588,0.118516,0.010102,0.158021,0.262773,0.458778,0.541222,0.11283,0.10269
2029,30,0.450643,0.11848,0.009997,0.157973,0.262907,0.458655,0.541345,0.117251,0.119726
2030,30,0.450642,0.118479,0.01,0.157972,0.262907,0.458541,0.541459,0.129478,0.131941
2031,24,0.450642,0.118479,0.01,0.157972,0.262907,0.458558,0.541442,0.123641,0.12121
2032,30,0.45059,0.11849,0.010001,0.157987,0.262931,0.458525,0.541475,0.138028,0.138164
2033,30,0.451193,0.118361,0.009989,0.157814,0.262643,0.458213,0.541787,0.093167,0.103705
2034,30,0.451465,0.118299,0.009995,0.157733,0.262508,0.458025,0.541975,0.09843,0.101953
2035,30,0.451168,0.118257,0.010286,0.157676,0.262612,0.458145,0.541855,0.129352,0.119135
2036,30,0.451796,0.118184,0.009994,0.157578,0.262449,0.457896,0.542104,0.098247,0.107247
2037,30,0.45167,0.118163,0.009998,0.157551,0.262617,0.457898,0.542102,0.120215,0.115813
2038,30,0.45222,0.118044,0.00999,0.157392,0.262353,0.457651,0.542349,0.092039,0.097316
2039,24,0.452163,0.118001,0.009996,0.157335,0.262505,0.457685,0.542315,0.121429,0.116135
2040,30,0.452365,0.117957,0.009996,0.157276,0.262406,0.457647,0.542353,0.109874,0.107999
2041,24,0.452255,0.117927,0.009997,0.157235,0.262586,0.457658,0.542342,0.122975,0.120785
2042,30,0.452553,0.117862,0.009995,0.157149,0.262442,0.45755,0.54245,0.114189,0.116991
2043,24,0.45255,0.117861,0.01,0.157148,0.26244,0.457567,0.542433,0.123641,0.121212
2044,30,0.452365,0.117813,0.009996,0.157084,0.262743,0.457687,0.542313,0.112082,0.10235
2045,30,0.452588,0.117764,0.009996,0.157019,0.262634,0.457582,0.542418,0.114486,0.116967
2046,24,0.452589,0.117763,0.01,0.157017,0.262631,0.457596,0.542404,0.123291,0.120951
2047,24,0.452418,0.117771,0.010134,0.157028,0.262649,0.457576,0.542424,0.132974,0.132196
2048,24,0.452479,0.117787,0.010001,0.157049,0.262684,0.4576,0.5424,0.115347,0.110827
2049,30,0.452428,0.117798,0.010001,0.157064,0.262709,0.457578,0.542422,0.121405,0.121013
2050,24,0.45272,0.117735,0.009995,0.156981,0.26257,0.457463,0.542537,0.110057,0.112795
2051,30,0.453351,0.117598,0.009988,0.156798,0.262264,0.457111,0.542889,0.087324,0.09956
2052,30,0.453197,0.117583,0.009999,0.156777,0.262444,0.457026,0.542974,0.12112,0.122245
2053,24,0.453088,0.117553,0.009997,0.156737,0.262624,0.457037,0.542963,0.122975,0.120785
2054,24,0.453091,0.117552,0.01,0.156736,0.262622,0.457051,0.542949,0.123303,0.120965
2055,30,0.452994,0.117484,0.009994,0.156646,0.262881,0.457012,0.542988,0.121235,0.121333
2056,24,0.452991,0.117484,0.01,0.156645,0.26288,0.457021,0.542979,0.121572,0.116128
2057,30,0.453183,0.117397,0.009993,0.156529,0.262899,0.456915,0.543085,0.114449,0.117183
2058,24,0.453183,0.117395,0.01,0.156527,0.262895,0.456929,0.543071,0.123303,0.120965
2059,30,0.4532,0.117291,0.010459,0.156388,0.262662,0.456833,0.543167,0.115453,0.117856
2060,24,0.453161,0.117281,0.010544,0.156374,0.262639,0.456781,0.543219,0.129866,0.130574
2061,30,0.453149,0.117277,0.010572,0.15637,0.262632,0.456679,0.543321,0.119497,0.121419
2062,24,0.453536,0.117294,0.010108,0.156392,0.26267,0.45653,0.54347,0.119757,0.124037
2063,24,0.453475,0.117331,0.010003,0.156441,0.262751,0.45651,0.54349,0.124708,0.123894
2064,24,0.453726,0.117277,0.009995,0.156369,0.262631,0.45635,0.54365,0.118631,0.12326
2065,30,0.454008,0.117216,0.009995,0.156287,0.262494,0.456237,0.543763,0.113609,0.116347
2066,30,0.453857,0.117201,0.009999,0.156268,0.262675,0.456141,0.543859,0.131136,0.132746
2067,24,0.453818,0.117191,0.010084,0.156254,0.262653,0.456089,0.543911,0.129866,0.130573
2068,24,0.45386,0.1172,0.010001,0.156266,0.262673,0.456103,0.543897,0.123291,0.120947
2069,24,0.45375,0.117224,0.010002,0.156298,0.262726,0.456084,0.543916,0.124724,0.123901
2070,30,0.454042,0.117161,0.009995,0.156215,0.262587,0.456037,0.543963,0.100808,0.097908
2071,24,0.453817,0.117156,0.009999,0.156207,0.262821,0.456014,0.543986,0.124396,0.123721
2072,24,0.453817,0.117155,0.01,0.156207,0.262821,0.456032,0.543968,0.12367,0.121236
2073,24,0.453708,0.117126,0.009997,0.156168,0.263001,0.456043,0.543957,0.122975,0.120787
2074,24,0.454071,0.117047,0.009993,0.156063,0.262825,0.455917,0.544083,0.108944,0.112011
2075,24,0.453956,0.117018,0.009997,0.156023,0.263005,0.455932,0.544068,0.123396,0.121087
2076,24,0.454206,0.11691,0.009991,0.155881,0.263012,0.455803,0.544197,0.108568,0.111803
2077,24,0.453919,0.116837,0.010617,0.155782,0.262845,0.455676,0.544324,0.12153,0.123957
2078,30,0.453517,0.116733,0.011494,0.155644,0.262613,0.455655,0.544345,0.136079,0.134156
2079,30,0.453102,0.116626,0.011989,0.155502,0.262782,0.455606,0.544394,0.125329,0.126233
2080,30,0.453388,0.116683,0.011226,0.155578,0.263125,0.455673,0.544327,0.117814,0.110487
2081,24,0.453105,0.116662,0.011357,0.15555,0.263325,0.45565,0.54435,0.13265,0.13201
2082,24,0.453233,0.116721,0.010711,0.155629,0.263706,0.455714,0.544286,0.122862,0.116233
2083,24,0.453328,0.116798,0.010018,0.155731,0.264126,0.455691,0.544309,0.132691,0.132035
2084,30,0.453336,0.1168,0.01,0.155733,0.264131,0.455705,0.544295,0.119487,0.116123
2085,24,0.453512,0.116762,0.009997,0.155683,0.264046,0.455556,0.544444,0.11976,0.124021
2086,24,0.453401,0.116785,0.010002,0.155714,0.264098,0.455537,0.544463,0.124708,0.123889
2087,30,0.454056,0.116646,0.009988,0.155528,0.263782,0.455219,0.544781,0.092488,0.103295
2088,30,0.453822,0.116512,0.010836,0.15535,0.26348,0.455138,0.544862,0.125532,0.124645
2089,30,0.454686,0.116451,0.010252,0.155268,0.263342,0.454868,0.545132,0.087662,0.095385
2090,30,0.454664,0.116446,0.0103,0.155261,0.26333,0.454876,0.545124,0.126144,0.124443
2091,24,0.454571,0.116305,0.01104,0.155073,0.263011,0.454716,0.545284,0.11858,0.123197
2092,24,0.45499,0.11641,0.010137,0.155214,0.26325,0.45473,0.54527,0.123303,0.120968
2093,30,0.454755,0.116397,0.010431,0.155197,0.26322,0.454766,0.545234,0.130565,0.125807
2094,24,0.454846,0.116421,0.010232,0.155228,0.263273,0.454715,0.545285,0.129895,0.130582
2095,30,0.454735,0.116494,0.010006,0.155325,0.263439,0.454742,0.545258,0.14393,0.141058
2096,30,0.455369,0.11636,0.009988,0.155147,0.263136,0.454422,0.545578,0.092203,0.103018
2097,30,0.455992,0.116224,0.009988,0.154966,0.262829,0.454069,0.545931,0.087153,0.099322
2098,24,0.45599,0.116222,0.01,0.154963,0.262824,0.454083,0.545917,0.123303,0.120969
2099,24,0.455951,0.116212,0.010085,0.15495,0.262802,0.454032,0.545968,0.129866,0.13056
2100,24,0.456353,0.116145,0.009994,0.15486,0.262649,0.453906,0.546094,0.108877,0.111947
2101,30,0.456738,0.116061,0.009993,0.154748,0.26246,0.453697,0.546303,0.095808,0.099691
2102,30,0.456806,0.116005,0.010181,0.154674,0.262334,0.453559,0.546441,0.115596,0.118814
2103,30,0.457171,0.115966,0.009997,0.154621,0.262245,0.453448,0.546552,0.113693,0.116363
2104,24,0.457173,0.115965,0.01,0.15462,0.262242,0.453462,0.546538,0.123303,0.120969
2105,30,0.457055,0.115935,0.010254,0.15458,0.262175,0.453422,0.546578,0.119487,0.120017
2106,24,0.457533,0.115887,0.009996,0.154516,0.262067,0.453297,0.546703,0.108895,0.111959
2107,30,0.45748,0.115898,0.010001,0.15453,0.262091,0.453264,0.546736,0.13804,0.138159
2108,24,0.457481,0.115898,0.01,0.154531,0.262091,0.453213,0.546787,0.12992,0.130588
2109,24,0.457764,0.115837,0.009995,0.15445,0.261954,0.453112,0.546888,0.101993,0.101694
2110,24,0.457762,0.115837,0.01,0.154449,0.261952,0.453061,0.546939,0.129924,0.130588
2111,30,0.457584,0.115787,0.009996,0.154383,0.26225,0.453057,0.546943,0.124831,0.123658
2112,30,0.457816,0.115737,0.009996,0.154315,0.262136,0.452912,0.547088,0.126487,0.130916
2113,30,0.457912,0.115628,0.009991,0.15417,0.262299,0.45283,0.54717,0.107193,0.108296
2114,30,0.457976,0.115571,0.010186,0.154095,0.262171,0.452692,0.547308,0.11559,0.118796
2115,24,0.458061,0.115593,0.010002,0.154124,0.26222,0.452711,0.547289,0.12374,0.121285
2116,24,0.457949,0.115565,0.009998,0.154086,0.262403,0.452658,0.547342,0.121329,0.122116
2117,30,0.45776,0.115517,0.009996,0.154023,0.262705,0.45261,0.54739,0.118709,0.119588
2118,30,0.45746,0.115476,0.010287,0.153968,0.262809,0.452732,0.547268,0.129372,0.119213
2119,24,0.45765,0.115497,0.010002,0.153995,0.262856,0.452772,0.547228,0.121749,0.116288
2120,30,0.457435,0.115543,0.010004,0.154057,0.262961,0.452752,0.547248,0.127314,0.125008
2121,24,0.457437,0.115543,0.01,0.154058,0.262962,0.452702,0.547298,0.121612,0.122268
2122,24,0.457437,0.115543,0.01,0.154058,0.262962,0.452652,0.547348,0.121628,0.122275
2123,30,0.457433,0.115544,0.01,0.154059,0.262964,0.452652,0.547348,0.125147,0.123526
2124,30,0.457433,0.115544,0.01,0.154059,0.262964,0.45254,0.54746,0.129478,0.131873
2125,24,0.457323,0.115567,0.010002,0.15409,0.263017,0.452521,0.547479,0.124732,0.123897
2126,30,0.457136,0.11552,0.009996,0.154027,0.26332,0.452473,0.547527,0.118705,0.11958
2127,30,0.457395,0.115464,0.009995,0.153953,0.263193,0.452506,0.547494,0.108978,0.103282
2128,30,0.457137,0.115327,0.010887,0.153769,0.262879,0.452368,0.547632,0.115538,0.118769
2129,24,0.457326,0.115426,0.010244,0.153901,0.263104,0.452349,0.547651,0.124732,0.123905
2130,30,0.457698,0.115398,0.009998,0.153864,0.263042,0.452265,0.547735,0.125588,0.125749
2131,24,0.457697,0.115398,0.01,0.153864,0.263041,0.452284,0.547716,0.123724,0.121273
2132,24,0.457697,0.115398,0.01,0.153864,0.263041,0.452303,0.547697,0.12374,0.121279
2133,24,0.4577,0.115397,0.01,0.153863,0.26304,0.452318,0.547682,0.123291,0.120957
2134,30,0.457281,0.115292,0.010497,0.153722,0.263208,0.452269,0.547731,0.125318,0.126222
2135,30,0.457377,0.11535,0.01013,0.1538,0.263342,0.452445,0.547555,0.123024,0.110429
2136,30,0.45737,0.115349,0.010145,0.153798,0.263338,0.452344,0.547656,0.119498,0.121373
2137,30,0.457612,0.115328,0.009998,0.153771,0.263291,0.452165,0.547835,0.104629,0.109426
2138,24,0.457611,0.115328,0.01,0.15377,0.263291,0.452184,0.547816,0.12374,0.121279
2139,30,0.457208,0.115326,0.01,0.153768,0.263697,0.45229,0.54771,0.119849,0.111844
2140,30,0.457215,0.115279,0.009996,0.153706,0.263804,0.452303,0.547697,0.11062,0.10696
2141,30,0.457193,0.115274,0.010044,0.153698,0.263792,0.452312,0.547688,0.126144,0.124449
2142,24,0.457298,0.115261,0.009999,0.153681,0.263762,0.452172,0.547828,0.119835,0.122021
2143,24,0.457184,0.115232,0.009998,0.153643,0.263944,0.452118,0.547882,0.121259,0.122075
2144,24,0.457431,0.115179,0.009995,0.153572,0.263822,0.45189,0.54811,0.110341,0.115224
2145,24,0.457429,0.115179,0.01,0.153571,0.263821,0.451764,0.548236,0.121572,0.123928
2146,24,0.457712,0.115118,0.009995,0.153491,0.263683,0.451795,0.548205,0.102015,0.095592
2147,30,0.457621,0.115091,0.009998,0.153455,0.263835,0.451803,0.548197,0.118742,0.115653
2148,30,0.457504,0.115062,0.010252,0.153415,0.263768,0.451763,0.548237,0.119487,0.120012
2149,30,0.457795,0.115053,0.009999,0.153404,0.263748,0.451639,0.548361,0.110763,0.114381
2150,30,0.457804,0.115051,0.01,0.153402,0.263744,0.45165,0.54835,0.119037,0.11582
2151,30,0.457781,0.115046,0.010048,0.153394,0.263731,0.451728,0.548272,0.126144,0.119807
2152,30,0.457359,0.114939,0.010961,0.153253,0.263488,0.451817,0.548183,0.126101,0.117765
2153,30,0.457981,0.114963,0.010229,0.153284,0.263542,0.451666,0.548334,0.108034,0.112819
2154,30,0.458359,0.114932,0.009997,0.153242,0.26347,0.451482,0.548518,0.098441,0.101825
2155,24,0.458358,0.114931,0.01,0.153242,0.263469,0.451431,0.548569,0.129895,0.130568
2156,24,0.458248,0.114902,0.009997,0.153203,0.263649,0.451443,0.548557,0.122975,0.120792
2157,30,0.458473,0.114854,0.009996,0.153138,0.263538,0.4513,0.5487,0.115523,0.12005
2158,30,0.458857,0.114772,0.009993,0.153029,0.26335,0.451093,0.548907,0.095852,0.099636
2159,24,0.458518,0.114737,0.009997,0.152983,0.263765,0.451068,0.548932,0.12408,0.123547
2160,30,0.458465,0.114748,0.010001,0.152997,0.263789,0.450987,0.549013,0.121413,0.122355
2161,30,0.459004,0.114571,0.010282,0.152761,0.263383,0.450615,0.549385,0.091771,0.104794
2162,30,0.459418,0.114543,0.009998,0.152724,0.263318,0.450512,0.549488,0.114605,0.117191
2163,30,0.460091,0.1144,0.009988,0.152533,0.262989,0.450141,0.549859,0.09182,0.104815
2164,30,0.460365,0.114339,0.009995,0.152452,0.26285,0.450031,0.549969,0.113697,0.11631
2165,24,0.46072,0.114263,0.009993,0.15235,0.262674,0.449906,0.550094,0.108802,0.11183
2166,30,0.461181,0.114163,0.009991,0.152218,0.262446,0.449685,0.550315,0.098823,0.103805
2167,24,0.46118,0.114162,0.01,0.152216,0.262442,0.4497,0.5503,0.12329,0.12096
2168,30,0.461391,0.114117,0.009996,0.152156,0.26234,0.449461,0.550539,0.10425,0.109628
2169,30,0.461398,0.114115,0.01,0.152153,0.262334,0.449465,0.550535,0.125639,0.124109
2170,24,0.461456,0.114102,0.009999,0.152137,0.262306,0.449506,0.550494,0.121742,0.116285
2171,30,0.461405,0.114113,0.010001,0.152151,0.26233,0.449426,0.550574,0.12143,0.122346
2172,30,0.461415,0.114111,0.01,0.152148,0.262326,0.449437,0.550563,0.119012,0.11581
2173,24,0.461772,0.114035,0.009993,0.152047,0.262152,0.449312,0.550688,0.108797,0.111831
2174,24,0.461769,0.114035,0.01,0.152046,0.26215,0.449263,0.550737,0.121657,0.122277
2175,24,0.461661,0.114058,0.010002,0.152077,0.262203,0.449245,0.550755,0.133052,0.132224
2176,30,0.461235,0.113952,0.010915,0.151937,0.261961,0.449205,0.550795,0.126101,0.126642
2177,30,0.461467,0.114022,0.010362,0.152029,0.26212,0.449213,0.550787,0.120499,0.115937
2178,30,0.461485,0.114049,0.010002,0.152066,0.262398,0.449264,0.550736,0.114532,0.109561
2179,24,0.46184,0.113975,0.009993,0.151966,0.262226,0.449003,0.550997,0.107069,0.113765
2180,24,0.461728,0.113997,0.010002,0.151996,0.262277,0.448985,0.551015,0.124748,0.123908
2181,30,0.461704,0.114002,0.01,0.152003,0.26229,0.448994,0.551006,0.120507,0.115949
2182,24,0.461595,0.114025,0.010002,0.152034,0.262343,0.448902,0.551098,0.124715,0.125213
2183,24,0.461373,0.114021,0.01,0.152027,0.262579,0.448881,0.551119,0.124416,0.123718
2184,24,0.461373,0.114021,0.01,0.152027,0.262579,0.448908,0.551092,0.115333,0.110836
2185,24,0.461145,0.113964,0.009995,0.151952,0.262944,0.448852,0.551148,0.120984,0.121901
2186,24,0.4612,0.113951,0.009999,0.151935,0.262914,0.448999,0.551001,0.113419,0.101774
2187,24,0.461558,0.113876,0.009993,0.151834,0.262739,0.448874,0.551126,0.108835,0.111849
2188,30,0.461374,0.113913,0.010003,0.151884,0.262826,0.44895,0.55105,0.126959,0.118833
2189,24,0.461379,0.113913,0.01,0.151884,0.262825,0.448965,0.551035,0.123302,0.120974
2190,30,0.461293,0.113844,0.009994,0.151792,0.263077,0.44884,0.55116,0.116694,0.119263
2191,30,0.460977,0.113864,0.010002,0.151819,0.263338,0.448819,0.551181,0.127071,0.124859
2192,24,0.46075,0.113808,0.009995,0.151744,0.263702,0.448832,0.551168,0.123084,0.120916
2193,24,0.460751,0.113807,0.01,0.151743,0.263699,0.448847,0.551153,0.123302,0.120964
2194,30,0.460925,0.11377,0.009997,0.151694,0.263615,0.448613,0.551387,0.104592,0.109586
2195,30,0.460823,0.113745,0.010215,0.15166,0.263557,0.448502,0.551498,0.129467,0.131817
2196,30,0.461542,0.113639,0.009991,0.151519,0.26331,0.44815,0.55185,0.087,0.099004
2197,30,0.461348,0.113591,0.009996,0.151455,0.26361,0.44814,0.55186,0.118702,0.115072
2198,30,0.461936,0.113466,0.009989,0.151289,0.26332,0.447792,0.552208,0.087429,0.099351
2199,30,0.46208,0.113434,0.009997,0.151245,0.263244,0.447764,0.552236,0.114597,0.112341
2200,24,0.462082,0.113433,0.01,0.151244,0.263241,0.447779,0.552221,0.12329,0.120963
2201,24,0.461974,0.113456,0.010002,0.151274,0.263295,0.447761,0.552239,0.133056,0.132222
2202,30,0.461825,0.113442,0.009999,0.151256,0.263478,0.447678,0.552322,0.121134,0.122171
2203,30,0.461824,0.113442,0.01,0.151256,0.263478,0.447695,0.552305,0.119542,0.116163
2204,24,0.461716,0.113465,0.010002,0.151287,0.263531,0.447677,0.552323,0.124744,0.123895
2205,30,0.461781,0.113406,0.009995,0.151209,0.263609,0.447649,0.552351,0.114813,0.11304
2206,24,0.461779,0.113406,0.01,0.151208,0.263608,0.447599,0.552401,0.129907,0.130553
2207,24,0.461664,0.113378,0.009998,0.15117,0.26379,0.447547,0.552453,0.121312,0.122074
2208,24,0.461625,0.113368,0.010083,0.151157,0.263767,0.447497,0.552503,0.129866,0.13053
2209,24,0.4621,0.113285,0.009993,0.151047,0.263575,0.447391,0.552609,0.097057,0.096024
2210,30,0.462093,0.113284,0.010008,0.151045,0.263571,0.447292,0.552708,0.119498,0.121325
2211,30,0.46241,0.113219,0.009994,0.150958,0.263419,0.447244,0.552756,0.100243,0.097515
2212,30,0.462449,0.113123,0.009992,0.15083,0.263606,0.447104,0.552896,0.109021,0.113222
2213,24,0.462391,0.113133,0.010001,0.150844,0.263631,0.447135,0.552865,0.123171,0.116785
2214,30,0.462202,0.113087,0.009996,0.150783,0.263933,0.447179,0.552821,0.135331,0.12918
2215,24,0.462392,0.113046,0.009996,0.150728,0.263837,0.44716,0.55284,0.110436,0.10758
2216,24,0.462394,0.113045,0.01,0.150727,0.263835,0.447175,0.552825,0.12329,0.120963
2217,24,0.462394,0.113045,0.01,0.150727,0.263835,0.447126,0.552874,0.121628,0.122247
2218,30,0.462024,0.113037,0.009999,0.150715,0.264225,0.447213,0.552787,0.142766,0.135798
2219,30,0.461973,0.113047,0.010001,0.150729,0.26425,0.447181,0.552819,0.138045,0.138142
2220,30,0.46196,0.113044,0.010028,0.150725,0.264242,0.447082,0.552918,0.119498,0.121325
2221,30,0.462642,0.112907,0.009988,0.150542,0.263922,0.446711,0.553289,0.091699,0.104584
2222,24,0.462639,0.112905,0.01,0.15054,0.263917,0.446727,0.553273,0.123302,0.120978
2223,24,0.462643,0.112904,0.01,0.150539,0.263915,0.446743,0.553257,0.123302,0.120978
2224,24,0.463351,0.112755,0.009987,0.15034,0.263567,0.446478,0.553522,0.09421,0.102556
2225,24,0.463345,0.112754,0.01,0.150338,0.263564,0.446497,0.553503,0.12367,0.121247
2226,24,0.463234,0.112725,0.009997,0.1503,0.263744,0.446509,0.553491,0.122974,0.120798
2227,30,0.463142,0.112699,0.009998,0.150265,0.263897,0.446544,0.553456,0.125354,0.120986
2228,30,0.463027,0.112543,0.010841,0.150057,0.263532,0.446392,0.553608,0.114482,0.119273
2229,24,0.46342,0.112637,0.010008,0.150183,0.263752,0.446408,0.553592,0.123302,0.120979
2230,30,0.463233,0.112636,0.01,0.150182,0.263949,0.446433,0.553567,0.14036,0.136246
2231,24,0.463477,0.112585,0.009995,0.150114,0.263829,0.446374,0.553626,0.101939,0.09926
2232,30,0.463039,0.112479,0.010932,0.149972,0.263579,0.446274,0.553726,0.119432,0.121275
2233,30,0.463822,0.11238,0.010608,0.149841,0.263349,0.445956,0.554044,0.092089,0.102708
2234,30,0.463809,0.112377,0.010635,0.149836,0.263342,0.445857,0.554143,0.119497,0.121314
2235,24,0.463992,0.11242,0.010004,0.149894,0.26369,0.445869,0.554131,0.122974,0.120789
2236,24,0.463994,0.112421,0.01,0.149894,0.263691,0.44582,0.55418,0.1216,0.122227
2237,24,0.463771,0.112416,0.01,0.149888,0.263926,0.445727,0.554273,0.124409,0.124978
2238,24,0.463663,0.112438,0.010002,0.149918,0.263979,0.44571,0.55429,0.124752,0.123897
2239,24,0.463832,0.112351,0.009992,0.149802,0.264022,0.445593,0.554407,0.109594,0.112375
2240,30,0.463869,0.112256,0.009992,0.149675,0.264208,0.445481,0.554519,0.115661,0.118058
2241,30,0.463607,0.112123,0.010875,0.149498,0.263896,0.445344,0.554656,0.115509,0.118646
2242,24,0.463878,0.112213,0.010184,0.149618,0.264107,0.445415,0.554585,0.123179,0.11644
2243,30,0.464116,0.112202,0.009999,0.149603,0.264081,0.44524,0.55476,0.111519,0.116147
2244,30,0.464138,0.112103,0.010028,0.149471,0.264259,0.445088,0.554912,0.125597,0.130292
2245,24,0.464043,0.112129,0.010002,0.149506,0.264319,0.44507,0.55493,0.133061,0.132218
2246,24,0.464288,0.112079,0.009995,0.149438,0.2642,0.444913,0.555087,0.118572,0.123025
2247,24,0.464244,0.111958,0.010603,0.149278,0.263917,0.444755,0.555245,0.118457,0.12295
2248,24,0.464639,0.112002,0.010004,0.149336,0.264019,0.444736,0.555264,0.119765,0.11901
2249,24,0.46489,0.11195,0.009995,0.149267,0.263898,0.444838,0.555162,0.108491,0.09855
2250,30,0.464765,0.11192,0.010261,0.149227,0.263827,0.444873,0.555127,0.112819,0.108695
2251,30,0.464472,0.111909,0.009999,0.149212,0.264408,0.444957,0.555043,0.123348,0.11663
2252,30,0.464372,0.111885,0.009998,0.14918,0.264565,0.444964,0.555036,0.125917,0.124326
2253,24,0.464428,0.111873,0.009999,0.149164,0.264536,0.445113,0.554887,0.113415,0.101841
2254,24,0.464543,0.111849,0.009998,0.149131,0.264479,0.445024,0.554976,0.125965,0.128279
2255,24,0.464433,0.111871,0.010002,0.149161,0.264532,0.445007,0.554993,0.133065,0.132222
2256,30,0.464421,0.111868,0.01003,0.149157,0.264525,0.444908,0.555092,0.119498,0.121306
2257,24,0.464381,0.111858,0.010115,0.149144,0.264502,0.444858,0.555142,0.129866,0.130513
2258,30,0.464605,0.111821,0.010064,0.149095,0.264415,0.444662,0.555338,0.109486,0.115065
2259,30,0.464644,0.111826,0.01,0.149102,0.264427,0.444675,0.555325,0.119022,0.115822
2260,30,0.464544,0.111803,0.009998,0.14907,0.264585,0.444574,0.555426,0.119272,0.121172
2261,24,0.464429,0.111775,0.009998,0.149033,0.264766,0.444522,0.555478,0.129596,0.130359
2262,24,0.464431,0.111774,0.01,0.149032,0.264764,0.444538,0.555462,0.12329,0.120965
2263,24,0.464391,0.111764,0.010085,0.149019,0.264741,0.444488,0.555512,0.121558,0.122196
2264,30,0.463979,0.111665,0.010962,0.148887,0.264507,0.444437,0.555563,0.136081,0.137102
2265,24,0.464193,0.111717,0.010506,0.148955,0.264629,0.444466,0.555534,0.115345,0.110859
2266,30,0.464704,0.111716,0.01,0.148954,0.264626,0.444356,0.555644,0.113581,0.116168
2267,24,0.464832,0.111637,0.009993,0.14885,0.264688,0.444196,0.555804,0.109992,0.114548
2268,30,0.464426,0.111635,0.01,0.148847,0.265093,0.444305,0.555695,0.119915,0.11196
2269,30,0.464379,0.111498,0.010693,0.148664,0.264767,0.44428,0.55572,0.114479,0.11164
2270,24,0.464472,0.11152,0.010495,0.148694,0.26482,0.444157,0.555843,0.12157,0.123838
2271,24,0.46449,0.111522,0.010223,0.148695,0.265071,0.444097,0.555903,0.128796,0.129771
2272,24,0.464482,0.111518,0.01,0.148691,0.26531,0.444121,0.555879,0.114637,0.110021
2273,30,0.464332,0.111464,0.009995,0.148618,0.26559,0.444062,0.555938,0.124104,0.125376
2274,30,0.46428,0.111474,0.010001,0.148632,0.265614,0.443983,0.556017,0.121421,0.122305
2275,30,0.464451,0.111438,0.009997,0.148584,0.265529,0.443751,0.556249,0.10456,0.10943
2276,30,0.464459,0.111436,0.01,0.148581,0.265524,0.443764,0.556236,0.119025,0.115826
2277,24,0.464351,0.111459,0.010002,0.148611,0.265578,0.443747,0.556253,0.12474,0.123893
2278,30,0.464111,0.111424,0.009997,0.148565,0.265904,0.44366,0.55634,0.120611,0.121821
2279,24,0.464304,0.111383,0.009996,0.14851,0.265807,0.44364,0.55636,0.110057,0.106942
2280,24,0.464303,0.111382,0.01,0.14851,0.265806,0.443591,0.556409,0.129895,0.130527
2281,24,0.464311,0.111308,0.010344,0.14841,0.265627,0.443375,0.556625,0.111232,0.115811
2282,30,0.463882,0.111205,0.011257,0.148273,0.265382,0.443467,0.556533,0.126101,0.117838
2283,24,0.464194,0.111278,0.010352,0.148371,0.265805,0.44348,0.55652,0.122995,0.120798
2284,30,0.463766,0.111176,0.011265,0.148234,0.26556,0.443572,0.556428,0.126101,0.117838
2285,30,0.463637,0.111145,0.01154,0.148193,0.265486,0.443607,0.556393,0.112823,0.108699
2286,24,0.463716,0.111212,0.010895,0.148283,0.265894,0.443586,0.556414,0.132741,0.132035
2287,30,0.464141,0.11131,0.010009,0.148413,0.266128,0.443599,0.556401,0.11903,0.115827
2288,24,0.464145,0.111311,0.01,0.148414,0.26613,0.443619,0.556381,0.123695,0.121272
2289,24,0.464502,0.111236,0.009993,0.148315,0.265952,0.443422,0.556578,0.106212,0.112348
2290,24,0.46444,0.111222,0.010126,0.148295,0.265917,0.443373,0.556627,0.129878,0.130512
2291,30,0.464589,0.111132,0.009992,0.148176,0.266112,0.443263,0.556737,0.113731,0.116613
2292,24,0.464531,0.111142,0.010001,0.148189,0.266136,0.443272,0.556728,0.131498,0.127552
2293,24,0.46442,0.111114,0.009997,0.148152,0.266316,0.443285,0.556715,0.122969,0.120799
2294,24,0.464662,0.111063,0.009995,0.148084,0.266195,0.44306,0.55694,0.110217,0.114922
2295,30,0.464469,0.111017,0.009996,0.148023,0.266494,0.44307,0.55693,0.11874,0.115703
2296,24,0.464244,0.111012,0.01,0.148016,0.266728,0.443049,0.556951,0.132727,0.132032
2297,30,0.464244,0.111012,0.01,0.148016,0.266728,0.443067,0.556933,0.119542,0.116171
2298,24,0.464359,0.110988,0.009998,0.147984,0.266671,0.44298,0.55702,0.117699,0.119971
2299,30,0.464358,0.110988,0.01,0.147984,0.266671,0.442999,0.557001,0.119599,0.116215
2300,24,0.464355,0.110936,0.010249,0.147914,0.266546,0.442979,0.557021,0.119639,0.11893
2301,24,0.464244,0.110908,0.009997,0.147877,0.266973,0.442989,0.557011,0.122636,0.120614
2302,24,0.464243,0.110908,0.01,0.147877,0.266972,0.44294,0.55706,0.121628,0.122233
2303,24,0.464128,0.11088,0.009998,0.14784,0.267154,0.442887,0.557113,0.129562,0.13034
2304,30,0.464266,0.11081,0.009994,0.147747,0.267183,0.442851,0.557149,0.114549,0.113557
2305,24,0.464263,0.11081,0.01,0.147746,0.267181,0.442871,0.557129,0.123695,0.121273
2306,30,0.464133,0.110779,0.010276,0.147705,0.267107,0.442773,0.557227,0.119466,0.121265
2307,24,0.464506,0.110759,0.009998,0.147679,0.267059,0.442616,0.557384,0.110237,0.114653
2308,24,0.464396,0.110781,0.010002,0.147708,0.267112,0.442694,0.557306,0.116433,0.109473
2309,24,0.464286,0.110753,0.009997,0.147671,0.267292,0.442707,0.557293,0.122969,0.120788
2310,30,0.464285,0.110753,0.01,0.147671,0.267292,0.442725,0.557275,0.119542,0.116171
2311,30,0.464413,0.110726,0.009998,0.147635,0.267228,0.44266,0.55734,0.126551,0.125016
2312,24,0.464415,0.110726,0.01,0.147634,0.267226,0.442688,0.557312,0.114979,0.11024
2313,30,0.464308,0.110748,0.010002,0.147663,0.267279,0.442873,0.557127,0.123479,0.110795
2314,24,0.464661,0.110675,0.009993,0.147567,0.267104,0.442782,0.557218,0.098739,0.097881
2315,30,0.464829,0.110639,0.009997,0.147519,0.267017,0.442605,0.557395,0.111186,0.115815
2316,24,0.464827,0.110639,0.01,0.147518,0.267016,0.442625,0.557375,0.123712,0.121284
2317,30,0.464637,0.110593,0.009996,0.147458,0.267316,0.442635,0.557365,0.118733,0.115702
2318,24,0.464526,0.110615,0.010002,0.147487,0.267369,0.442546,0.557454,0.124727,0.125155
2319,24,0.464304,0.110611,0.01,0.147481,0.267605,0.442526,0.557474,0.124423,0.123716
2320,24,0.464659,0.110537,0.009993,0.147383,0.267428,0.442402,0.557598,0.108736,0.111708
2321,24,0.464659,0.110536,0.01,0.147381,0.267424,0.442418,0.557582,0.123302,0.120984
2322,24,0.464659,0.110536,0.01,0.147381,0.267424,0.442447,0.557553,0.115347,0.110865
2323,30,0.464374,0.11049,0.010502,0.14732,0.267314,0.442427,0.557573,0.128035,0.127625
2324,30,0.464708,0.110441,0.010402,0.147254,0.267194,0.44232,0.55768,0.113968,0.116675
2325,24,0.464668,0.110431,0.010488,0.147242,0.267171,0.442271,0.557729,0.129866,0.130501
2326,30,0.464509,0.110269,0.011417,0.147025,0.266779,0.442108,0.557892,0.124424,0.129664
2327,24,0.465112,0.110412,0.010136,0.147216,0.267125,0.442128,0.557872,0.123723,0.121285
2328,30,0.464992,0.110384,0.01039,0.147178,0.267056,0.442271,0.557729,0.119487,0.109006
2329,30,0.46477,0.110425,0.010004,0.147234,0.267567,0.442293,0.557707,0.143178,0.140665
2330,24,0.464657,0.110399,0.009998,0.147198,0.267749,0.44231,0.55769,0.123362,0.121089
2331,24,0.464547,0.110421,0.010002,0.147227,0.267803,0.442293,0.557707,0.124744,0.12389
2332,24,0.465142,0.110298,0.009989,0.147064,0.267506,0.441997,0.558003,0.095728,0.105395
2333,24,0.465083,0.110308,0.010001,0.147078,0.26753,0.44203,0.55797,0.123175,0.116801
2334,30,0.464893,0.110263,0.009996,0.147017,0.267831,0.441972,0.558028,0.135319,0.13666
2335,24,0.464779,0.110235,0.009997,0.14698,0.268009,0.441985,0.558015,0.122957,0.12079
2336,30,0.464588,0.110189,0.009996,0.146919,0.268308,0.441927,0.558073,0.135319,0.13666
2337,24,0.464356,0.110134,0.009995,0.146846,0.268669,0.441872,0.558128,0.120974,0.121868
2338,24,0.464354,0.110134,0.01,0.146845,0.268667,0.441823,0.558177,0.129895,0.130518
2339,30,0.464041,0.110154,0.010002,0.146872,0.268931,0.441938,0.558062,0.120437,0.112305
2340,24,0.463927,0.110127,0.009998,0.146836,0.269112,0.441886,0.558114,0.129562,0.130329
2341,30,0.463901,0.110132,0.01,0.146843,0.269124,0.441858,0.558142,0.130488,0.127663
2342,24,0.463901,0.110132,0.01,0.146843,0.269124,0.44181,0.55819,0.12164,0.122237
2343,24,0.463901,0.110132,0.01,0.146843,0.269124,0.441762,0.558238,0.12164,0.122237
2344,24,0.463793,0.110154,0.010002,0.146872,0.269179,0.441745,0.558255,0.12474,0.123887
2345,24,0.463685,0.110177,0.010002,0.146902,0.269234,0.441728,0.558272,0.12474,0.123887
2346,24,0.463578,0.110199,0.010002,0.146932,0.269289,0.441711,0.558289,0.124752,0.123898
2347,30,0.46381,0.110152,0.009996,0.146869,0.269173,0.44158,0.55842,0.109853,0.113613
2348,30,0.463911,0.11013,0.009998,0.14684,0.26912,0.441465,0.558535,0.117498,0.119647
2349,30,0.46391,0.11013,0.01,0.14684,0.26912,0.441368,0.558632,0.119545,0.121295
2350,30,0.464148,0.110081,0.009996,0.146775,0.269001,0.441183,0.558817,0.103783,0.108794
2351,30,0.464018,0.11005,0.010273,0.146734,0.268925,0.441318,0.558682,0.112819,0.102914
2352,24,0.464036,0.110103,0.010005,0.146804,0.269053,0.441301,0.558699,0.133061,0.132215
2353,30,0.463635,0.110102,0.01,0.146803,0.269461,0.441277,0.558723,0.126523,0.12451
2354,24,0.463884,0.110037,0.010059,0.146717,0.269303,0.44116,0.55884,0.108125,0.108485
2355,30,0.463721,0.109999,0.009996,0.146665,0.269618,0.441162,0.558838,0.125345,0.124006
2356,24,0.463605,0.109971,0.009997,0.146628,0.269798,0.44111,0.55889,0.121295,0.122034
2357,30,0.463758,0.109939,0.009997,0.146586,0.26972,0.441092,0.558908,0.115665,0.113569
2358,30,0.463741,0.109935,0.010033,0.146581,0.26971,0.441102,0.558898,0.126144,0.124458
2359,24,0.463648,0.109961,0.010002,0.146615,0.269774,0.441085,0.558915,0.124752,0.123899
2360,30,0.463624,0.109967,0.01,0.146622,0.269787,0.441239,0.558761,0.120477,0.109493
2361,24,0.463624,0.109967,0.01,0.146622,0.269787,0.441259,0.558741,0.123695,0.121276
2362,30,0.463756,0.109896,0.009994,0.146528,0.269827,0.441125,0.558875,0.109539,0.113428
2363,24,0.463993,0.109795,0.009991,0.146394,0.269827,0.440999,0.559001,0.10848,0.111546
2364,24,0.463874,0.109767,0.009997,0.146356,0.270005,0.441016,0.558984,0.123391,0.121097
2365,30,0.463446,0.109666,0.010911,0.146221,0.269756,0.440977,0.559023,0.126101,0.126601
2366,30,0.463658,0.109716,0.01046,0.146288,0.269879,0.441013,0.558987,0.112882,0.108741
2367,24,0.46376,0.109738,0.010002,0.146318,0.270182,0.441026,0.558974,0.122957,0.120786
2368,30,0.46377,0.109737,0.01,0.146316,0.270178,0.441031,0.558969,0.125638,0.124116
2369,30,0.463752,0.109733,0.010038,0.14631,0.270167,0.440933,0.559067,0.119477,0.121252
2370,24,0.46377,0.109737,0.01,0.146316,0.270178,0.440953,0.559047,0.123724,0.121286
2371,24,0.464125,0.109664,0.009993,0.146219,0.269999,0.44083,0.55917,0.108845,0.111749
2372,30,0.464388,0.109568,0.009991,0.146091,0.269961,0.440615,0.559385,0.102484,0.108967
2373,30,0.464822,0.109379,0.010467,0.145838,0.269493,0.440245,0.559755,0.091567,0.104259
2374,24,0.464817,0.109425,0.010004,0.1459,0.269855,0.440225,0.559775,0.124414,0.123697
2375,30,0.465208,0.109346,0.009993,0.145794,0.269659,0.43995,0.56005,0.099804,0.106315
2376,24,0.46532,0.109321,0.009998,0.145762,0.269599,0.439931,0.560069,0.119757,0.119001
2377,24,0.465096,0.109316,0.01,0.145755,0.269834,0.439911,0.560089,0.132731,0.132024
2378,30,0.465266,0.109281,0.009997,0.145708,0.269747,0.439669,0.560331,0.114419,0.119753
2379,30,0.465265,0.109281,0.01,0.145708,0.269747,0.439689,0.560311,0.119588,0.1162
2380,30,0.465242,0.109276,0.010048,0.145701,0.269733,0.439699,0.560301,0.126144,0.12446
2381,24,0.465042,0.109276,0.01,0.145701,0.269981,0.439679,0.560321,0.132731,0.132013
2382,30,0.46507,0.109226,0.009995,0.145635,0.270073,0.439651,0.560349,0.116281,0.113167
2383,24,0.46503,0.109217,0.010081,0.145623,0.27005,0.439602,0.560398,0.121558,0.122172
2384,30,0.464697,0.109218,0.01,0.145624,0.270462,0.439674,0.560326,0.126126,0.118485
2385,30,0.464268,0.109117,0.010914,0.145489,0.270212,0.439635,0.560365,0.126101,0.126596
2386,30,0.464451,0.10916,0.010524,0.145547,0.270319,0.439538,0.560462,0.119546,0.121278
2387,24,0.46464,0.109228,0.010006,0.145638,0.270488,0.439573,0.560427,0.123175,0.11681
2388,24,0.464531,0.109201,0.009998,0.145602,0.270668,0.439586,0.560414,0.122952,0.120789
2389,24,0.464882,0.109129,0.009993,0.145506,0.27049,0.439482,0.560518,0.10085,0.100601
2390,24,0.464655,0.109124,0.009999,0.145498,0.270723,0.439462,0.560538,0.124418,0.123704
2391,30,0.465319,0.108988,0.009988,0.145318,0.270387,0.439142,0.560858,0.091598,0.10207
2392,24,0.465668,0.108915,0.009993,0.14522,0.270205,0.439019,0.560981,0.10871,0.111644
2393,24,0.465441,0.108909,0.009999,0.145212,0.270438,0.438999,0.561001,0.124406,0.123694
2394,30,0.46522,0.10891,0.01,0.145214,0.270656,0.439008,0.560992,0.124025,0.122064
2395,24,0.465469,0.108847,0.010059,0.145129,0.270497,0.438761,0.561239,0.108108,0.114377
2396,24,0.465327,0.108837,0.009999,0.145116,0.270721,0.438769,0.561231,0.13116,0.127357
2397,24,0.46557,0.108788,0.009995,0.14505,0.270597,0.438613,0.561387,0.110226,0.114582
2398,30,0.465659,0.108742,0.010127,0.144989,0.270483,0.438468,0.561532,0.12554,0.129058
2399,30,0.465406,0.108653,0.010807,0.144871,0.270263,0.438398,0.561602,0.122347,0.123174
2400,24,0.465486,0.108719,0.010161,0.144959,0.270675,0.438379,0.561621,0.124418,0.123706
2401,24,0.4658,0.108638,0.009993,0.14485,0.270719,0.438253,0.561747,0.108449,0.111501
2402,30,0.465647,0.108624,0.009999,0.144832,0.270899,0.43822,0.56178,0.137758,0.137944
2403,24,0.465416,0.10857,0.009995,0.14476,0.271259,0.438166,0.561834,0.120964,0.121841
2404,30,0.465646,0.108522,0.009996,0.144697,0.27114,0.438068,0.561932,0.114878,0.117274
2405,24,0.465886,0.108473,0.009995,0.14463,0.271015,0.437912,0.562088,0.11854,0.122896
2406,30,0.465451,0.108371,0.01092,0.144495,0.270762,0.437815,0.562185,0.119432,0.121197
2407,24,0.465701,0.108453,0.010276,0.144604,0.270966,0.43785,0.56215,0.123177,0.116816
2408,30,0.465829,0.108483,0.010003,0.144644,0.271041,0.43787,0.56213,0.119599,0.116215
2409,24,0.465831,0.108483,0.01,0.144644,0.271042,0.437822,0.562178,0.121628,0.122204
2410,30,0.46598,0.108451,0.010005,0.144602,0.270962,0.437804,0.562196,0.115544,0.11349
2411,24,0.465982,0.108452,0.01,0.144603,0.270963,0.437756,0.562244,0.121612,0.122196
2412,24,0.465985,0.108451,0.01,0.144602,0.270962,0.437773,0.562227,0.123302,0.120992
2413,30,0.465935,0.108461,0.010001,0.144615,0.270987,0.43783,0.56217,0.114811,0.109781
2414,30,0.465754,0.108415,0.009996,0.144554,0.271282,0.437837,0.562163,0.118198,0.115333
2415,30,0.465727,0.10842,0.01,0.14456,0.271293,0.437993,0.562007,0.120479,0.109539
2416,24,0.466081,0.108348,0.009993,0.144464,0.271114,0.437871,0.562129,0.108784,0.111678
2417,24,0.466077,0.108347,0.01,0.144463,0.271112,0.437823,0.562177,0.121628,0.122204
2418,24,0.466135,0.108336,0.009999,0.144448,0.271083,0.437975,0.562025,0.113397,0.101929
2419,24,0.466134,0.10823,0.010511,0.144307,0.270818,0.437818,0.562182,0.11845,0.122837
2420,30,0.466158,0.108258,0.010354,0.144343,0.270887,0.437741,0.562259,0.121423,0.122254
2421,24,0.465985,0.108264,0.010001,0.144352,0.271398,0.437718,0.562282,0.132392,0.131834
2422,24,0.465816,0.108249,0.009999,0.144331,0.271606,0.437789,0.562211,0.122854,0.11636
2423,30,0.465883,0.108235,0.009999,0.144313,0.271571,0.43772,0.56228,0.115745,0.116549
2424,30,0.465732,0.108221,0.009999,0.144295,0.271752,0.437698,0.562302,0.121131,0.120817
2425,24,0.465732,0.108221,0.01,0.144295,0.271752,0.437577,0.562423,0.121572,0.123758
2426,30,0.465616,0.108194,0.010246,0.144259,0.271684,0.437562,0.562438,0.136138,0.134165
2427,30,0.465892,0.108188,0.009999,0.144251,0.271669,0.43754,0.56246,0.115079,0.113171
2428,24,0.465777,0.108161,0.009998,0.144215,0.271849,0.437558,0.562442,0.123386,0.121115
2429,30,0.465844,0.108147,0.009999,0.144197,0.271813,0.43749,0.56251,0.11583,0.116599
2430,24,0.465843,0.108147,0.01,0.144196,0.271813,0.437511,0.562489,0.123695,0.121284
2431,24,0.46562,0.108142,0.01,0.14419,0.272048,0.437491,0.562509,0.132731,0.132023
2432,24,0.465512,0.108164,0.010002,0.144219,0.272103,0.437475,0.562525,0.124744,0.123882
2433,30,0.465272,0.10813,0.009997,0.144174,0.272427,0.437448,0.562552,0.120582,0.120503
2434,30,0.465162,0.107983,0.010822,0.143977,0.272056,0.437297,0.562703,0.114459,0.119119
2435,30,0.465686,0.108043,0.010006,0.144058,0.272208,0.437126,0.562874,0.105068,0.109498
2436,30,0.466029,0.107972,0.01001,0.143962,0.272027,0.436995,0.563005,0.111461,0.115207
2437,30,0.465868,0.107956,0.010247,0.143941,0.271988,0.436964,0.563036,0.138009,0.138085
2438,30,0.465933,0.107993,0.010003,0.14399,0.272081,0.436887,0.563113,0.121455,0.122271
2439,24,0.46588,0.108004,0.010001,0.144005,0.272109,0.436923,0.563077,0.123177,0.116822
2440,24,0.465766,0.107978,0.009998,0.14397,0.272289,0.436941,0.563059,0.123386,0.121116
2441,30,0.465652,0.107951,0.010239,0.143935,0.272223,0.436903,0.563097,0.119487,0.119951
2442,24,0.465655,0.107999,0.010004,0.143998,0.272343,0.436816,0.563184,0.124727,0.12511
2443,30,0.465657,0.107999,0.01,0.143999,0.272344,0.43672,0.56328,0.119556,0.121263
2444,30,0.465467,0.107955,0.009996,0.14394,0.272642,0.436662,0.563338,0.135306,0.136618
2445,30,0.465609,0.107886,0.009994,0.143847,0.272665,0.436566,0.563434,0.110156,0.111313
2446,30,0.465456,0.107872,0.009999,0.143829,0.272844,0.436475,0.563525,0.131156,0.13257
2447,30,0.465464,0.10787,0.01,0.143827,0.272839,0.43649,0.56351,0.119035,0.115845
2448,30,0.465446,0.107791,0.009993,0.143721,0.273049,0.436359,0.563641,0.116478,0.120307
2449,30,0.465017,0.107691,0.010906,0.143589,0.272797,0.43642,0.56358,0.126101,0.120836
2450,30,0.464964,0.107772,0.010354,0.143695,0.273215,0.43646,0.56354,0.127102,0.123858
2451,30,0.465299,0.107775,0.01,0.1437,0.273224,0.436221,0.563779,0.114508,0.119718
2452,24,0.4653,0.107775,0.01,0.143701,0.273224,0.436174,0.563826,0.121628,0.1222
2453,24,0.465303,0.107775,0.01,0.1437,0.273223,0.436191,0.563809,0.123302,0.120994
2454,24,0.465431,0.107699,0.009993,0.143599,0.273278,0.436033,0.563967,0.109925,0.114374
2455,24,0.465428,0.107698,0.01,0.143598,0.273276,0.435985,0.564015,0.121612,0.122185
2456,30,0.465423,0.107699,0.01,0.143599,0.273279,0.435998,0.564002,0.118524,0.114966
2457,30,0.465595,0.107665,0.009997,0.143553,0.27319,0.435876,0.564124,0.110706,0.114139
2458,30,0.465693,0.107644,0.009998,0.143526,0.273139,0.435711,0.564289,0.112274,0.116476
2459,30,0.465724,0.107555,0.009992,0.143407,0.273322,0.43561,0.56439,0.114567,0.117135
2460,24,0.465667,0.107565,0.010001,0.14342,0.273347,0.435827,0.564173,0.114867,0.100641
2461,30,0.465378,0.107541,0.009998,0.143388,0.273696,0.43585,0.56415,0.139795,0.135919
2462,24,0.465083,0.107473,0.010624,0.143297,0.273523,0.435802,0.564198,0.129853,0.130464
2463,24,0.465884,0.107401,0.010172,0.143202,0.27334,0.435508,0.564492,0.104032,0.113532
2464,30,0.465782,0.107378,0.01039,0.14317,0.27328,0.4354,0.5646,0.129467,0.131675
2465,24,0.466555,0.107301,0.009993,0.143067,0.273084,0.435106,0.564894,0.09566,0.105144
2466,24,0.46644,0.107273,0.009997,0.14303,0.27326,0.43512,0.56488,0.122964,0.120801
2467,24,0.466442,0.107272,0.01,0.143029,0.273258,0.435137,0.564863,0.123302,0.120996
2468,24,0.466211,0.107219,0.009995,0.142958,0.273617,0.435082,0.564918,0.129231,0.130108
2469,24,0.466379,0.107184,0.009997,0.142912,0.273528,0.434937,0.565063,0.119604,0.123603
2470,24,0.466378,0.107184,0.01,0.142911,0.273527,0.434817,0.565183,0.121572,0.123725
2471,30,0.466387,0.107182,0.01,0.142909,0.273522,0.434823,0.565177,0.125638,0.12411
2472,24,0.466578,0.107143,0.009996,0.142858,0.273425,0.434808,0.565192,0.110415,0.10754
2473,30,0.466643,0.10713,0.009999,0.142839,0.273389,0.434741,0.565259,0.115884,0.116595
2474,30,0.466923,0.107073,0.009995,0.142764,0.273245,0.434612,0.565388,0.100615,0.101662
2475,30,0.466921,0.107029,0.009996,0.142706,0.273348,0.434584,0.565416,0.122161,0.122088
2476,30,0.467154,0.106982,0.009996,0.142642,0.273226,0.434348,0.565652,0.103682,0.108782
2477,24,0.467322,0.106947,0.009997,0.142596,0.273138,0.434203,0.565797,0.119606,0.123594
2478,24,0.467598,0.106891,0.009995,0.142521,0.272995,0.43411,0.56589,0.101908,0.101435
2479,30,0.467545,0.106759,0.010691,0.142346,0.272658,0.43396,0.56604,0.114444,0.119051
2480,30,0.46747,0.106833,0.010406,0.142444,0.272847,0.433947,0.566053,0.127403,0.125014
2481,24,0.467059,0.106739,0.011029,0.142319,0.272854,0.433895,0.566105,0.129515,0.130261
2482,30,0.466924,0.106708,0.010904,0.142278,0.273185,0.433891,0.566109,0.118673,0.115055
2483,30,0.466886,0.106791,0.010541,0.142388,0.273396,0.433934,0.566066,0.127391,0.124032
2484,24,0.467252,0.106826,0.010003,0.142434,0.273485,0.433916,0.566084,0.119782,0.118998
2485,30,0.467254,0.106826,0.01,0.142435,0.273486,0.433928,0.566072,0.126202,0.1245
2486,24,0.467085,0.10681,0.009999,0.142414,0.273693,0.433962,0.566038,0.122827,0.116656
2487,30,0.466654,0.106712,0.010912,0.142282,0.27344,0.433958,0.566042,0.126101,0.123649
2488,30,0.466438,0.106564,0.01185,0.142086,0.273062,0.433816,0.566184,0.126288,0.13051
2489,24,0.466992,0.106587,0.011183,0.142116,0.273121,0.433662,0.566338,0.118571,0.122834
2490,24,0.467,0.10654,0.011405,0.142054,0.273001,0.433575,0.566425,0.12587,0.128124
2491,24,0.467899,0.106642,0.01001,0.142189,0.273261,0.433421,0.566579,0.110308,0.114536
2492,30,0.468132,0.106597,0.009996,0.142129,0.273146,0.43332,0.56668,0.116424,0.118365
2493,30,0.467818,0.106616,0.010002,0.142155,0.27341,0.433293,0.566707,0.13709,0.135315
2494,30,0.467819,0.106616,0.01,0.142155,0.27341,0.433198,0.566802,0.119545,0.121218
2495,30,0.468172,0.106545,0.009993,0.142061,0.273228,0.433085,0.566915,0.105602,0.107178
2496,30,0.468828,0.106413,0.009988,0.141884,0.272888,0.432887,0.567113,0.084912,0.089383
2497,30,0.468822,0.106411,0.01,0.141882,0.272885,0.432908,0.567092,0.119588,0.116223
2498,24,0.468782,0.106402,0.010085,0.14187,0.272861,0.43286,0.56714,0.129866,0.130454
2499,24,0.468946,0.106337,0.009994,0.141783,0.272941,0.432703,0.567297,0.10993,0.114315
2500,24,0.46948,0.106229,0.00999,0.141638,0.272663,0.43257,0.56743,0.093757,0.094386
2501,30,0.469707,0.106181,0.009996,0.141575,0.272541,0.432335,0.567665,0.103597,0.108649
2502,30,0.469591,0.106155,0.010242,0.14154,0.272473,0.432286,0.567714,0.136138,0.137075
2503,24,0.469891,0.106142,0.010003,0.141523,0.272441,0.432272,0.567728,0.110397,0.107529
2504,24,0.469896,0.106142,0.01,0.141522,0.27244,0.43229,0.56771,0.12329,0.12099
2505,30,0.46977,0.106085,0.009995,0.141447,0.272703,0.432202,0.567798,0.131503,0.133129
2506,30,0.469575,0.106041,0.009996,0.141388,0.273,0.432205,0.567795,0.125336,0.124007
2507,30,0.469423,0.106028,0.009999,0.14137,0.27318,0.432116,0.567884,0.131161,0.132535
2508,30,0.469422,0.106028,0.01,0.14137,0.27318,0.432137,0.567863,0.119531,0.116186
2509,24,0.469199,0.106023,0.01,0.141364,0.273415,0.432118,0.567882,0.132739,0.132014
2510,24,0.469083,0.105997,0.009998,0.141329,0.273594,0.432068,0.567932,0.121302,0.121996
2511,30,0.469334,0.105946,0.009995,0.141261,0.273463,0.432019,0.567981,0.125464,0.123764
2512,24,0.469683,0.105875,0.009993,0.141167,0.273281,0.431898,0.568102,0.108736,0.11157
2513,30,0.469579,0.105852,0.009998,0.141136,0.273435,0.4318,0.5682,0.119252,0.121035
2514,30,0.469957,0.105776,0.009993,0.141035,0.273239,0.4316,0.5684,0.095499,0.099018
2515,30,0.470484,0.105669,0.00999,0.140893,0.272964,0.431424,0.568576,0.091397,0.093621
2516,30,0.470095,0.105603,0.01049,0.140804,0.273007,0.431438,0.568562,0.12775,0.124526
2517,30,0.470121,0.10563,0.010332,0.14084,0.273077,0.43142,0.56858,0.121429,0.120976
2518,30,0.470731,0.105575,0.009995,0.140766,0.272933,0.431202,0.568798,0.093711,0.098151
2519,24,0.470615,0.105547,0.009997,0.14073,0.27311,0.431217,0.568783,0.122964,0.120796
2520,30,0.470421,0.105504,0.009996,0.140672,0.273407,0.431114,0.568886,0.118707,0.120691
2521,24,0.470423,0.105503,0.01,0.14067,0.273404,0.431132,0.568868,0.12329,0.120992
2522,24,0.470199,0.105498,0.01,0.140664,0.273639,0.431114,0.568886,0.124434,0.123688
2523,24,0.470083,0.105472,0.009998,0.140629,0.273818,0.431132,0.568868,0.123357,0.121103
2524,24,0.469921,0.105388,0.010575,0.140517,0.2736,0.431045,0.568955,0.125882,0.128107
2525,24,0.470191,0.105448,0.010006,0.140598,0.273757,0.430998,0.569002,0.129952,0.130501
2526,30,0.469882,0.105468,0.010002,0.140624,0.274023,0.430983,0.569017,0.127142,0.124859
2527,30,0.470055,0.105392,0.009993,0.140522,0.274038,0.430873,0.569127,0.113239,0.115828
2528,24,0.470175,0.105317,0.009993,0.140423,0.274092,0.430716,0.569284,0.109914,0.114279
2529,30,0.470162,0.105314,0.01002,0.140419,0.274084,0.430621,0.569379,0.119498,0.121166
2530,24,0.470172,0.105316,0.01,0.140422,0.27409,0.430643,0.569357,0.123724,0.121307
2531,30,0.470172,0.105316,0.01,0.140422,0.27409,0.430682,0.569318,0.112885,0.108782
2532,30,0.470051,0.105289,0.010254,0.140386,0.274019,0.430587,0.569413,0.119487,0.121158
2533,30,0.469814,0.10514,0.010818,0.140187,0.274041,0.430437,0.569563,0.125448,0.129976
2534,24,0.469897,0.105204,0.010172,0.140272,0.274455,0.430419,0.569581,0.124429,0.123693
2535,30,0.469827,0.10521,0.010001,0.140279,0.274683,0.430475,0.569525,0.11453,0.109666
2536,24,0.469711,0.105184,0.009998,0.140245,0.274862,0.430424,0.569576,0.129552,0.130269
2537,24,0.469425,0.105165,0.01013,0.14022,0.27506,0.430405,0.569595,0.13268,0.131974
2538,24,0.469379,0.1052,0.010003,0.140266,0.275152,0.430487,0.569513,0.116445,0.109576
2539,30,0.469197,0.105155,0.009996,0.140207,0.275445,0.430485,0.569515,0.124782,0.123629
2540,24,0.469088,0.105176,0.010002,0.140235,0.275499,0.43047,0.56953,0.133077,0.132204
2541,24,0.469035,0.105187,0.010001,0.140249,0.275528,0.430547,0.569453,0.123196,0.116562
2542,24,0.469035,0.105187,0.01,0.140249,0.275528,0.430569,0.569431,0.123724,0.121307
2543,24,0.469199,0.105106,0.009992,0.140141,0.275562,0.430455,0.569545,0.109479,0.11213
2544,30,0.469105,0.105042,0.009994,0.140056,0.275804,0.430335,0.569665,0.116629,0.118992
2545,24,0.469102,0.105041,0.01,0.140055,0.275802,0.430288,0.569712,0.129907,0.130473
2546,30,0.469102,0.105041,0.01,0.140055,0.275802,0.430327,0.569673,0.112885,0.108787
2547,24,0.469449,0.104972,0.009993,0.139963,0.275622,0.430227,0.569773,0.100783,0.100454
2548,24,0.46933,0.104946,0.009997,0.139928,0.275799,0.430177,0.569823,0.129564,0.130279
2549,24,0.469275,0.104956,0.010001,0.139942,0.275826,0.430254,0.569746,0.123184,0.116554
2550,30,0.469184,0.104932,0.009998,0.139909,0.275977,0.430258,0.569742,0.125339,0.123946
2551,30,0.468971,0.104974,0.010004,0.139965,0.276086,0.43038,0.56962,0.120767,0.112628
2552,30,0.468539,0.104877,0.010917,0.139836,0.275832,0.430478,0.569522,0.126101,0.117961
2553,30,0.468969,0.104696,0.011382,0.139595,0.275357,0.4302,0.5698,0.091418,0.100065
2554,30,0.469458,0.104707,0.010839,0.13961,0.275386,0.429955,0.570045,0.113643,0.119105
2555,24,0.469852,0.104795,0.010008,0.139727,0.275618,0.429977,0.570023,0.123747,0.12133
2556,30,0.469818,0.104788,0.01008,0.139717,0.275598,0.430071,0.569929,0.119476,0.111675
2557,30,0.469484,0.104788,0.01,0.139718,0.276009,0.430281,0.569719,0.119511,0.106186
2558,30,0.469165,0.104717,0.010674,0.139623,0.275821,0.430174,0.569826,0.129423,0.131594
2559,24,0.469363,0.104807,0.010031,0.139742,0.276057,0.430159,0.569841,0.124768,0.123887
2560,24,0.469381,0.104809,0.01,0.139746,0.276064,0.430177,0.569823,0.123302,0.121004
2561,30,0.46939,0.104808,0.01,0.139743,0.276059,0.430194,0.569806,0.119034,0.115849
2562,24,0.46963,0.10476,0.009995,0.13968,0.275934,0.43004,0.56996,0.118498,0.122737
2563,24,0.469631,0.104759,0.01,0.139679,0.275931,0.430072,0.569928,0.114978,0.110271
2564,30,0.469511,0.104732,0.010254,0.139643,0.275861,0.430034,0.569966,0.119487,0.119926
2565,24,0.469744,0.104736,0.01,0.139648,0.275872,0.430017,0.569983,0.119744,0.118965
2566,30,0.469328,0.104643,0.010878,0.139524,0.275627,0.429968,0.570032,0.136081,0.137026
2567,30,0.469879,0.104708,0.010006,0.13961,0.275797,0.429799,0.570201,0.105011,0.109326
2568,24,0.470229,0.10464,0.009994,0.13952,0.275618,0.429547,0.570453,0.106952,0.113171
2569,30,0.4701,0.104622,0.009998,0.139496,0.275784,0.429694,0.570306,0.113569,0.10346
2570,24,0.470102,0.104621,0.01,0.139495,0.275782,0.429726,0.570274,0.114978,0.110275
2571,30,0.46991,0.104578,0.009996,0.139437,0.276079,0.429729,0.570271,0.125324,0.124002
2572,24,0.470142,0.104483,0.009991,0.13931,0.276074,0.429605,0.570395,0.108367,0.111331
2573,24,0.470137,0.104482,0.01,0.139309,0.276072,0.429558,0.570442,0.129949,0.130495
2574,24,0.470021,0.104456,0.009998,0.139275,0.276251,0.429576,0.570424,0.123352,0.121106
2575,24,0.469904,0.10443,0.009998,0.13924,0.276429,0.429595,0.570405,0.123381,0.121126
2576,24,0.469903,0.10443,0.01,0.13924,0.276428,0.429549,0.570451,0.12164,0.122179
2577,24,0.469903,0.10443,0.01,0.13924,0.276428,0.429503,0.570497,0.121628,0.122168
2578,30,0.47013,0.104385,0.009996,0.13918,0.276309,0.429374,0.570626,0.116424,0.120048
2579,24,0.470075,0.104395,0.010001,0.139193,0.276336,0.429451,0.570549,0.123198,0.116564
2580,24,0.469959,0.104369,0.009998,0.139159,0.276515,0.429401,0.570599,0.121244,0.121949
2581,24,0.470015,0.104358,0.009999,0.139144,0.276485,0.429449,0.570551,0.121715,0.116358
2582,30,0.470272,0.104299,0.010035,0.139065,0.276329,0.429379,0.570621,0.107805,0.10846
2583,30,0.470298,0.104301,0.01,0.139068,0.276334,0.429396,0.570604,0.119034,0.115846
2584,30,0.470197,0.104278,0.009998,0.139038,0.276489,0.429288,0.570712,0.129239,0.131476
2585,30,0.470196,0.104278,0.01,0.139038,0.276488,0.42931,0.57069,0.119542,0.116204
2586,30,0.470547,0.104209,0.009993,0.138946,0.276305,0.429114,0.570886,0.095814,0.099288
2587,24,0.47089,0.10414,0.009993,0.138854,0.276123,0.429172,0.570828,0.098664,0.0916
2588,30,0.470837,0.10415,0.010001,0.138866,0.276147,0.429154,0.570846,0.121433,0.120972
2589,24,0.470721,0.104124,0.009998,0.138832,0.276326,0.429104,0.570896,0.121297,0.121982
2590,30,0.470606,0.104098,0.010239,0.138798,0.276259,0.429067,0.570933,0.119487,0.119921
2591,30,0.470718,0.104123,0.010002,0.138831,0.276325,0.429089,0.570911,0.119599,0.116244
2592,24,0.470953,0.104029,0.009991,0.138706,0.276322,0.428965,0.571035,0.10834,0.111311
2593,30,0.470949,0.104028,0.01,0.138704,0.276319,0.429004,0.570996,0.112874,0.108786
2594,24,0.470769,0.103989,0.01013,0.138651,0.276461,0.428953,0.571047,0.129535,0.130253
2595,30,0.470481,0.103946,0.010632,0.138594,0.276347,0.428935,0.571065,0.128046,0.127601
2596,24,0.470662,0.103986,0.010004,0.138648,0.276701,0.428954,0.571046,0.123404,0.121137
2597,30,0.470896,0.103941,0.009996,0.138587,0.27658,0.428773,0.571227,0.103678,0.108472
2598,30,0.470775,0.103914,0.01025,0.138552,0.276509,0.428736,0.571264,0.119487,0.119921
2599,30,0.470843,0.10395,0.010003,0.138599,0.276604,0.42865,0.57135,0.131446,0.132664
2600,30,0.47084,0.103951,0.01,0.138601,0.276608,0.428654,0.571346,0.125151,0.123527
2601,24,0.471186,0.103883,0.009993,0.138511,0.276427,0.428554,0.571446,0.100715,0.100392
2602,30,0.471167,0.103764,0.010609,0.138352,0.27611,0.428429,0.571571,0.117116,0.118009
2603,24,0.471337,0.103801,0.010004,0.138402,0.276457,0.428379,0.571621,0.121301,0.121979
2604,30,0.471216,0.103774,0.010258,0.138366,0.276386,0.428427,0.571573,0.119487,0.114872
2605,24,0.471224,0.103775,0.01,0.138367,0.276634,0.428442,0.571558,0.122958,0.120812
2606,30,0.471224,0.103775,0.01,0.138367,0.276634,0.428405,0.571595,0.119545,0.119953
2607,30,0.471224,0.103775,0.01,0.138367,0.276634,0.4283,0.5717,0.129525,0.131636
2608,30,0.471224,0.103775,0.01,0.138367,0.276634,0.428322,0.571678,0.119588,0.116232
2609,30,0.47151,0.10368,0.009991,0.13824,0.276579,0.428104,0.571896,0.101748,0.108103
2610,24,0.471506,0.103679,0.01,0.138239,0.276576,0.428126,0.571874,0.123724,0.121313
2611,30,0.471456,0.103689,0.010001,0.138252,0.276602,0.428109,0.571891,0.121433,0.120964
2612,30,0.471456,0.103689,0.01,0.138252,0.276603,0.428149,0.571851,0.112885,0.108791
2613,24,0.471233,0.103684,0.01,0.138246,0.276837,0.428062,0.571938,0.124405,0.124815
2614,24,0.471236,0.103684,0.01,0.138245,0.276836,0.428081,0.571919,0.123301,0.121008
2615,24,0.471236,0.103684,0.01,0.138245,0.276836,0.428035,0.571965,0.12164,0.12217
2616,30,0.471115,0.103657,0.010254,0.13821,0.276764,0.427941,0.572059,0.119487,0.121129
2617,30,0.471593,0.103575,0.009992,0.138099,0.276741,0.427725,0.572275,0.098268,0.102986
2618,24,0.471365,0.103569,0.009999,0.138092,0.276974,0.427707,0.572293,0.132742,0.132004
2619,24,0.471368,0.103568,0.01,0.138091,0.276972,0.427726,0.572274,0.123301,0.121008
2620,30,0.471251,0.103449,0.010308,0.137931,0.277061,0.427577,0.572423,0.12545,0.129933
2621,30,0.471484,0.103395,0.010342,0.13786,0.276918,0.427487,0.572513,0.115374,0.117344
2622,24,0.471186,0.10333,0.010968,0.137773,0.276743,0.42744,0.57256,0.129853,0.130424
2623,24,0.47127,0.103393,0.010322,0.137857,0.277159,0.427422,0.572578,0.124433,0.123688
2624,30,0.471653,0.103381,0.009999,0.137841,0.277126,0.427242,0.572758,0.103733,0.108471
2625,30,0.471653,0.103381,0.01,0.137841,0.277126,0.427264,0.572736,0.119542,0.116208
2626,30,0.471692,0.103327,0.010232,0.137769,0.276981,0.427367,0.572633,0.108862,0.100395
2627,30,0.472179,0.103277,0.009995,0.137702,0.276847,0.427169,0.572831,0.0954,0.098886
2628,24,0.47206,0.103251,0.009997,0.137667,0.277025,0.427188,0.572812,0.123381,0.121126
2629,24,0.472059,0.10325,0.01,0.137667,0.277024,0.42721,0.57279,0.123683,0.121295
2630,30,0.472009,0.10326,0.010001,0.13768,0.27705,0.427125,0.572875,0.131433,0.132648
2631,30,0.471755,0.103142,0.010848,0.137523,0.276733,0.427055,0.572945,0.125455,0.124379
2632,30,0.471986,0.103195,0.010352,0.137593,0.276874,0.427071,0.572929,0.118515,0.114964
2633,24,0.471929,0.103226,0.010003,0.137635,0.277207,0.427151,0.572849,0.116096,0.109372
2634,30,0.47187,0.103238,0.010001,0.137651,0.277239,0.427237,0.572763,0.116834,0.109956
2635,30,0.47158,0.103215,0.009998,0.13762,0.277587,0.427325,0.572675,0.123181,0.116691
2636,30,0.471148,0.103121,0.010495,0.137494,0.277742,0.427279,0.572721,0.125276,0.126076
2637,24,0.471231,0.103139,0.010322,0.137518,0.27779,0.427313,0.572687,0.115331,0.110902
2638,30,0.471632,0.103115,0.010037,0.137487,0.277728,0.427067,0.572933,0.10235,0.108071
2639,24,0.471543,0.10314,0.010002,0.13752,0.277794,0.427053,0.572947,0.124776,0.123888
2640,30,0.471411,0.103111,0.010279,0.137482,0.277717,0.427092,0.572908,0.112819,0.108764
2641,24,0.471203,0.10311,0.01,0.13748,0.278207,0.427071,0.572929,0.12409,0.123489
2642,30,0.471354,0.103081,0.009997,0.137441,0.278128,0.427056,0.572944,0.115576,0.113488
2643,24,0.471698,0.103013,0.009993,0.137351,0.277945,0.426805,0.573195,0.106949,0.113097
2644,24,0.471578,0.102987,0.009997,0.137316,0.278122,0.426755,0.573245,0.129581,0.130267
2645,24,0.471577,0.102987,0.01,0.137315,0.278121,0.426709,0.573291,0.121628,0.122154
2646,30,0.471514,0.102936,0.010319,0.137247,0.277984,0.42664,0.57336,0.116268,0.118008
2647,24,0.471787,0.102896,0.009996,0.137195,0.278125,0.426484,0.573516,0.109834,0.114157
2648,30,0.471526,0.102926,0.010106,0.137235,0.278206,0.426528,0.573472,0.134065,0.130734
2649,24,0.471356,0.102934,0.010241,0.137245,0.278225,0.426513,0.573487,0.133031,0.132166
2650,30,0.471271,0.102917,0.009998,0.137223,0.27859,0.426521,0.573479,0.11764,0.114436
2651,24,0.471383,0.102895,0.009998,0.137193,0.27853,0.426435,0.573565,0.125884,0.12807
2652,24,0.471731,0.102827,0.009993,0.137103,0.278346,0.426335,0.573665,0.100371,0.099741
2653,24,0.471621,0.102847,0.010002,0.137129,0.278401,0.426321,0.573679,0.133085,0.132195
2654,24,0.471568,0.102858,0.010001,0.137144,0.27843,0.426362,0.573638,0.123185,0.116856
2655,30,0.471519,0.102868,0.010001,0.137157,0.278456,0.426288,0.573712,0.121453,0.122183
2656,30,0.472144,0.102746,0.009988,0.136995,0.278127,0.425975,0.574025,0.09189,0.101922
2657,30,0.471945,0.102703,0.009996,0.136937,0.278419,0.426108,0.573892,0.112032,0.102723
2658,24,0.471943,0.102702,0.01,0.136936,0.278418,0.426158,0.573842,0.113263,0.108204
2659,30,0.471759,0.102658,0.009996,0.136878,0.278709,0.426157,0.573843,0.124774,0.12362
2660,30,0.471606,0.102646,0.009999,0.136861,0.278889,0.42608,0.57392,0.121131,0.121992
2661,24,0.471606,0.102646,0.01,0.136861,0.278888,0.426034,0.573966,0.129895,0.130443
2662,30,0.471556,0.102655,0.010001,0.136874,0.278914,0.425949,0.574051,0.131433,0.132642
2663,30,0.472133,0.102543,0.009989,0.136724,0.27861,0.425693,0.574307,0.086914,0.094658
2664,24,0.472014,0.102516,0.009997,0.136688,0.278784,0.425708,0.574292,0.122941,0.120796
2665,30,0.471596,0.102425,0.010875,0.136567,0.278537,0.425659,0.574341,0.136081,0.137004
2666,24,0.472131,0.102443,0.010002,0.136591,0.278833,0.425503,0.574497,0.109842,0.114149
2667,30,0.472358,0.1024,0.009996,0.136533,0.278714,0.425374,0.574626,0.109708,0.113301
2668,30,0.472383,0.102394,0.009999,0.136525,0.278698,0.42546,0.57454,0.118105,0.110185
2669,30,0.472609,0.10235,0.009996,0.136467,0.278579,0.425332,0.574668,0.109736,0.113316
2670,24,0.472955,0.102282,0.009993,0.136376,0.278394,0.425211,0.574789,0.108604,0.111402
2671,24,0.472838,0.102255,0.009997,0.136341,0.278568,0.425227,0.574773,0.122953,0.120812
2672,24,0.47284,0.102255,0.01,0.136339,0.278566,0.425261,0.574739,0.114964,0.110277
2673,30,0.47284,0.102255,0.01,0.136339,0.278566,0.425284,0.574716,0.119542,0.116211
2674,30,0.473217,0.102181,0.009993,0.136242,0.278367,0.42507,0.57493,0.102085,0.108222
2675,30,0.473589,0.102108,0.009993,0.136144,0.278167,0.424873,0.575127,0.095369,0.098784
2676,30,0.473555,0.102101,0.010064,0.136134,0.278147,0.424895,0.575105,0.119476,0.116171
2677,24,0.473585,0.102107,0.010001,0.136143,0.278164,0.425071,0.574929,0.115333,0.103486
2678,24,0.473585,0.102107,0.01,0.136143,0.278165,0.425121,0.574879,0.113263,0.108202
2679,30,0.473456,0.102053,0.009995,0.13607,0.278426,0.425034,0.574966,0.131485,0.133031
2680,24,0.473453,0.102052,0.01,0.13607,0.278425,0.425057,0.574943,0.123712,0.121321
2681,24,0.473453,0.102052,0.01,0.13607,0.278425,0.425011,0.574989,0.129924,0.13045
2682,24,0.47323,0.102048,0.01,0.136064,0.278659,0.424925,0.575075,0.124418,0.124798
2683,30,0.473217,0.102045,0.010027,0.13606,0.278651,0.424832,0.575168,0.119498,0.121109
2684,30,0.472797,0.101954,0.010904,0.135939,0.278405,0.424893,0.575107,0.136081,0.129655
2685,30,0.472379,0.101864,0.01178,0.135819,0.278158,0.424844,0.575156,0.136071,0.136999
2686,30,0.472966,0.101868,0.011174,0.135824,0.278168,0.424648,0.575352,0.104146,0.109856
2687,24,0.473168,0.101955,0.010532,0.13594,0.278406,0.424634,0.575366,0.124781,0.123888
2688,24,0.473263,0.101975,0.010333,0.135967,0.278461,0.424588,0.575412,0.129893,0.130437
2689,30,0.473603,0.101932,0.009996,0.13591,0.278559,0.424481,0.575519,0.113624,0.116279
2690,30,0.473601,0.101932,0.01,0.135909,0.278558,0.424505,0.575495,0.119588,0.11624
2691,30,0.473153,0.101836,0.010937,0.135781,0.278294,0.424512,0.575488,0.119432,0.11544
2692,30,0.473134,0.101831,0.010568,0.135775,0.278692,0.424516,0.575484,0.125314,0.124
2693,30,0.473526,0.101834,0.010164,0.135778,0.278698,0.424289,0.575711,0.104031,0.108822
2694,24,0.473497,0.101871,0.010004,0.135828,0.2788,0.424275,0.575725,0.133077,0.132191
2695,30,0.473245,0.101755,0.010842,0.135674,0.278484,0.424133,0.575867,0.125446,0.128795
2696,30,0.473605,0.101764,0.010226,0.135685,0.278721,0.42401,0.57599,0.110326,0.113764
2697,24,0.473583,0.101759,0.010025,0.135678,0.278955,0.423961,0.576039,0.121239,0.121919
2698,30,0.47339,0.101605,0.010996,0.135474,0.278534,0.423812,0.576188,0.11435,0.118834
2699,24,0.473848,0.101702,0.010046,0.135603,0.2788,0.423831,0.576169,0.123293,0.121005
2700,30,0.474139,0.101655,0.009995,0.13554,0.27867,0.423725,0.576275,0.113519,0.115892
2701,24,0.474211,0.101625,0.010078,0.1355,0.278587,0.423708,0.576292,0.119613,0.118879
2702,24,0.474141,0.101653,0.010003,0.135538,0.278665,0.423694,0.576306,0.133093,0.132203
2703,24,0.474143,0.101653,0.01,0.135538,0.278666,0.423719,0.576281,0.121572,0.116183
2704,24,0.474091,0.101597,0.010341,0.135462,0.27851,0.423633,0.576367,0.125838,0.128012
2705,30,0.474407,0.101553,0.010247,0.135403,0.278389,0.423485,0.576515,0.107767,0.112211
2706,30,0.474289,0.101527,0.010493,0.13537,0.27832,0.423437,0.576563,0.136138,0.137033
2707,30,0.474532,0.101576,0.010005,0.135434,0.278453,0.423456,0.576544,0.119023,0.115858
2708,30,0.474165,0.101385,0.011338,0.135181,0.277931,0.423295,0.576705,0.124279,0.129257
2709,30,0.474093,0.101456,0.011053,0.135274,0.278124,0.423286,0.576714,0.127467,0.125033
2710,30,0.474229,0.101505,0.010669,0.13534,0.278258,0.423213,0.576787,0.121448,0.122159
2711,24,0.474188,0.101496,0.010754,0.135328,0.278234,0.423167,0.576833,0.129865,0.130409
2712,30,0.474125,0.101503,0.010373,0.135337,0.278662,0.423142,0.576858,0.120572,0.12046
2713,30,0.474723,0.101459,0.009996,0.135279,0.278543,0.422941,0.577059,0.099494,0.103615
2714,24,0.474682,0.10145,0.010081,0.135267,0.278519,0.422825,0.577175,0.121558,0.123572
2715,24,0.474996,0.101405,0.009996,0.135207,0.278396,0.422715,0.577285,0.109754,0.112194
2716,24,0.474888,0.101426,0.010002,0.135234,0.278451,0.422702,0.577298,0.124785,0.123876
2717,24,0.474782,0.101446,0.010002,0.135262,0.278508,0.42262,0.57738,0.124756,0.124996
2718,24,0.474443,0.101417,0.009997,0.135223,0.278921,0.4226,0.5774,0.132397,0.131802
2719,24,0.474335,0.101437,0.010002,0.135249,0.278977,0.422518,0.577482,0.12477,0.125008
2720,24,0.474218,0.101412,0.009998,0.135216,0.279155,0.422469,0.577531,0.129547,0.130227
2721,24,0.474337,0.101341,0.009993,0.135122,0.279207,0.422313,0.577687,0.118105,0.122384
2722,24,0.474217,0.101316,0.009997,0.135087,0.279383,0.422264,0.577736,0.121239,0.12191
2723,30,0.474384,0.101283,0.009997,0.135044,0.279292,0.422144,0.577856,0.110631,0.113915
2724,30,0.47429,0.101259,0.009998,0.135012,0.279441,0.42216,0.57784,0.118718,0.11568
2725,24,0.474183,0.101279,0.010002,0.135039,0.279497,0.422147,0.577853,0.124785,0.123884
2726,30,0.474348,0.101248,0.009997,0.134997,0.27941,0.421915,0.578085,0.114388,0.119246
2727,30,0.474355,0.101246,0.01,0.134994,0.279405,0.421923,0.578077,0.125636,0.124122
2728,30,0.474161,0.101204,0.009996,0.134939,0.2797,0.421811,0.578189,0.128679,0.131054
2729,30,0.474029,0.10115,0.009995,0.134867,0.279959,0.421737,0.578263,0.114895,0.11592
2730,24,0.473803,0.101145,0.01,0.13486,0.280192,0.42172,0.57828,0.132745,0.132002
2731,30,0.47373,0.101159,0.010001,0.134878,0.280231,0.42191,0.57809,0.123074,0.111015
2732,24,0.473624,0.101179,0.010002,0.134906,0.280288,0.421996,0.578004,0.116457,0.109652
2733,30,0.473573,0.101149,0.009997,0.134865,0.280417,0.422008,0.577992,0.122268,0.119066
2734,30,0.473378,0.101107,0.009996,0.134809,0.280711,0.422023,0.577977,0.118685,0.115695
2735,30,0.473182,0.101065,0.009996,0.134753,0.281004,0.421978,0.578022,0.118655,0.119404
2736,30,0.473277,0.101046,0.009998,0.134728,0.280951,0.421951,0.578049,0.105632,0.103966
2737,30,0.473092,0.101003,0.009996,0.13467,0.28124,0.421962,0.578038,0.118166,0.115332
2738,30,0.473069,0.100998,0.010044,0.134664,0.281226,0.421975,0.578025,0.126144,0.124481
2739,30,0.473098,0.101,0.01,0.134667,0.281234,0.421983,0.578017,0.125636,0.124123
2740,24,0.473448,0.100933,0.009993,0.134578,0.281047,0.421791,0.578209,0.106098,0.11184
2741,30,0.473251,0.100891,0.009996,0.134522,0.28134,0.421808,0.578192,0.135277,0.132162
2742,24,0.473249,0.100891,0.01,0.134521,0.281339,0.421763,0.578237,0.129949,0.130459
2743,24,0.473593,0.100825,0.009993,0.134434,0.281155,0.421514,0.578486,0.10691,0.112932
2744,24,0.473366,0.10082,0.009999,0.134427,0.281388,0.421497,0.578503,0.124433,0.12367
2745,30,0.473346,0.100715,0.010559,0.134286,0.281094,0.421359,0.578641,0.115348,0.119344
2746,30,0.472915,0.100623,0.01146,0.134164,0.280838,0.421322,0.578678,0.126095,0.126526
2747,30,0.473713,0.100643,0.010559,0.134191,0.280894,0.421111,0.578889,0.102136,0.108085
2748,30,0.474206,0.100633,0.010116,0.134178,0.280867,0.421008,0.578992,0.113896,0.11639
2749,24,0.474154,0.100665,0.010003,0.134221,0.280956,0.420927,0.579073,0.124756,0.124986
2750,30,0.474373,0.100601,0.010115,0.134135,0.280776,0.420828,0.579172,0.114386,0.116741
2751,24,0.474321,0.100633,0.010003,0.134177,0.280866,0.420815,0.579185,0.124773,0.123867
2752,30,0.474216,0.100611,0.010221,0.134148,0.280804,0.420711,0.579289,0.129467,0.131527
2753,30,0.474379,0.100583,0.0102,0.134111,0.280727,0.420538,0.579462,0.122364,0.127069
2754,30,0.474436,0.10057,0.009999,0.134093,0.280903,0.420471,0.579529,0.115561,0.116292
2755,24,0.474329,0.10059,0.010002,0.13412,0.280959,0.420458,0.579542,0.124785,0.123883
2756,30,0.47433,0.10059,0.01,0.13412,0.28096,0.420354,0.579646,0.129478,0.131531
2757,24,0.474112,0.100468,0.010843,0.133958,0.28062,0.420192,0.579808,0.116555,0.120085
2758,30,0.473955,0.10052,0.010327,0.134026,0.281173,0.420164,0.579836,0.136571,0.134952
2759,24,0.474003,0.100573,0.010005,0.134097,0.281322,0.420151,0.579849,0.124785,0.12388
2760,30,0.473714,0.100531,0.010507,0.134042,0.281206,0.420134,0.579866,0.128049,0.127591
2761,30,0.473844,0.100561,0.01001,0.134081,0.281504,0.420149,0.579851,0.118213,0.114797
2762,24,0.473614,0.100512,0.009995,0.134017,0.281861,0.420097,0.579903,0.129211,0.130017
2763,30,0.473177,0.10042,0.010909,0.133893,0.281601,0.42006,0.57994,0.126101,0.126522
2764,24,0.473455,0.1005,0.010217,0.134,0.281827,0.420078,0.579922,0.131502,0.127579
2765,30,0.473482,0.100526,0.01006,0.134034,0.281899,0.420062,0.579938,0.121436,0.120957
2766,30,0.473818,0.100473,0.009995,0.133964,0.28175,0.420054,0.579946,0.113001,0.109749
2767,30,0.473701,0.100448,0.010241,0.13393,0.28168,0.420006,0.579994,0.136138,0.137013
2768,30,0.473969,0.100443,0.009999,0.133924,0.281666,0.419846,0.580154,0.105852,0.110021
2769,30,0.474136,0.10037,0.009993,0.133826,0.281676,0.419738,0.580262,0.113169,0.115636
2770,30,0.47448,0.100303,0.009993,0.133737,0.281487,0.41953,0.58047,0.102544,0.108506
2771,24,0.474306,0.100287,0.009998,0.133716,0.281691,0.419544,0.580456,0.131165,0.127428
2772,30,0.474878,0.100178,0.009989,0.133571,0.281384,0.41937,0.58063,0.086776,0.090366
2773,30,0.474938,0.100165,0.009999,0.133553,0.281346,0.419294,0.580706,0.132381,0.133525
2774,24,0.474937,0.100164,0.01,0.133553,0.281346,0.419249,0.580751,0.121628,0.122121
2775,24,0.474501,0.100072,0.010909,0.13343,0.281088,0.419203,0.580797,0.129825,0.130367
2776,30,0.474875,0.10014,0.010187,0.13352,0.281278,0.419293,0.580707,0.118114,0.110244
2777,30,0.474753,0.100199,0.010006,0.133599,0.281443,0.419339,0.580661,0.127453,0.124131
2778,24,0.474993,0.100154,0.009996,0.133539,0.281318,0.419188,0.580812,0.110139,0.114218
2779,30,0.474991,0.100154,0.01,0.133539,0.281317,0.419212,0.580788,0.119542,0.116225
2780,30,0.474968,0.100149,0.010048,0.133532,0.281303,0.419225,0.580775,0.126144,0.124483
2781,30,0.475337,0.100088,0.009994,0.13345,0.281131,0.419017,0.580983,0.102527,0.108481
2782,24,0.475217,0.100062,0.009997,0.133417,0.281306,0.419037,0.580963,0.123376,0.121129
2783,24,0.475216,0.100062,0.01,0.133416,0.281306,0.418922,0.581078,0.121572,0.123532
2784,24,0.475099,0.100037,0.009998,0.133383,0.281483,0.418874,0.581126,0.12128,0.121914
2785,30,0.475366,0.099986,0.009995,0.133315,0.281338,0.418768,0.581232,0.113415,0.11578
2786,24,0.475592,0.099895,0.009991,0.133193,0.281329,0.418646,0.581354,0.108334,0.111154
2787,24,0.475587,0.099894,0.01,0.133192,0.281327,0.418601,0.581399,0.129895,0.13041
2788,24,0.475364,0.09989,0.01,0.133186,0.281561,0.418585,0.581415,0.124441,0.123678
2789,30,0.47601,0.099766,0.009988,0.133022,0.281214,0.418221,0.581779,0.08469,0.096605
2790,24,0.47624,0.09972,0.009995,0.13296,0.281084,0.418069,0.581931,0.118435,0.122501
2791,30,0.476583,0.099654,0.009993,0.132872,0.280897,0.417942,0.582058,0.095828,0.096403
2792,24,0.476356,0.099649,0.009999,0.132865,0.28113,0.417926,0.582074,0.124445,0.123679
2793,24,0.476238,0.099624,0.009998,0.132832,0.281308,0.417877,0.582123,0.129547,0.130203
2794,30,0.476237,0.099624,0.01,0.132832,0.281307,0.417786,0.582214,0.119545,0.121077
2795,24,0.476131,0.099644,0.010002,0.132859,0.281364,0.417774,0.582226,0.124789,0.123873
2796,24,0.476132,0.099644,0.01,0.132859,0.281364,0.417729,0.582271,0.129907,0.130407
2797,24,0.476132,0.099644,0.01,0.132859,0.281364,0.417753,0.582247,0.123695,0.121327
2798,24,0.476026,0.099665,0.010002,0.132886,0.281421,0.417741,0.582259,0.124789,0.123881
2799,30,0.476027,0.099665,0.01,0.132886,0.281422,0.417766,0.582234,0.119588,0.116257
2800,30,0.476027,0.099665,0.01,0.132886,0.281422,0.417791,0.582209,0.119531,0.116221
2801,24,0.476643,0.099548,0.009988,0.13273,0.281091,0.417543,0.582457,0.095012,0.102377
2802,30,0.476916,0.099456,0.009991,0.132608,0.281029,0.417329,0.582671,0.101764,0.107858
2803,24,0.476915,0.099454,0.01,0.132606,0.281025,0.417349,0.582651,0.123301,0.121026
2804,24,0.476915,0.099454,0.01,0.132606,0.281025,0.417305,0.582695,0.121657,0.122133
2805,24,0.477259,0.099389,0.009993,0.132519,0.28084,0.417186,0.582814,0.10854,0.111257
2806,30,0.476836,0.099301,0.010871,0.132401,0.280591,0.417138,0.582862,0.136081,0.136966
2807,30,0.476956,0.099377,0.010357,0.132503,0.280807,0.417242,0.582758,0.124488,0.117518
2808,30,0.477135,0.099411,0.010003,0.132548,0.280903,0.417251,0.582749,0.125635,0.124125
2809,30,0.477363,0.099368,0.009996,0.132491,0.280782,0.417024,0.582976,0.103547,0.108204
2810,24,0.477322,0.09936,0.010081,0.13248,0.280758,0.416979,0.583021,0.129866,0.130381
2811,24,0.477254,0.099388,0.010003,0.132517,0.280837,0.416966,0.583034,0.133089,0.132188
2812,24,0.476816,0.099297,0.010912,0.132396,0.28058,0.416851,0.583149,0.121516,0.123477
2813,30,0.476797,0.099321,0.010393,0.132429,0.281059,0.416985,0.583015,0.128887,0.119418
2814,24,0.476988,0.09936,0.010004,0.13248,0.281168,0.417022,0.582978,0.114978,0.110322
2815,24,0.477224,0.099316,0.009996,0.132421,0.281043,0.416871,0.583129,0.110117,0.114156
2816,30,0.476951,0.099329,0.010001,0.132439,0.281279,0.417014,0.582986,0.126781,0.118112
2817,30,0.476999,0.09928,0.009995,0.132373,0.281353,0.417,0.583,0.115306,0.113319
2818,24,0.477012,0.09923,0.009995,0.132306,0.281458,0.416996,0.583004,0.117856,0.113264
2819,30,0.476814,0.099188,0.009996,0.132251,0.28175,0.417001,0.582999,0.125307,0.123994
2820,24,0.476694,0.099163,0.009997,0.132218,0.281927,0.417022,0.582978,0.123364,0.121135
2821,24,0.476575,0.099139,0.009998,0.132185,0.282103,0.416974,0.583026,0.121264,0.121895
2822,24,0.476574,0.099138,0.01,0.132185,0.282103,0.416998,0.583002,0.123683,0.121319
2823,30,0.476481,0.099116,0.009998,0.132154,0.282252,0.417004,0.582996,0.125329,0.123946
2824,30,0.476475,0.099116,0.01,0.132155,0.282254,0.417023,0.582977,0.118516,0.11498
2825,24,0.476254,0.098996,0.010843,0.131995,0.281912,0.416862,0.583138,0.116544,0.12002
2826,24,0.476322,0.099053,0.010483,0.13207,0.282072,0.416782,0.583218,0.124764,0.124957
2827,24,0.476277,0.099043,0.01033,0.132058,0.282293,0.416733,0.583267,0.129549,0.130207
2828,30,0.476434,0.099076,0.010003,0.132101,0.282386,0.416758,0.583242,0.119542,0.116232
2829,30,0.476435,0.099076,0.01,0.132102,0.282387,0.416723,0.583277,0.119545,0.119911
2830,24,0.476438,0.099076,0.01,0.132101,0.282385,0.416743,0.583257,0.123301,0.121027
2831,30,0.476171,0.099049,0.009997,0.132065,0.282718,0.416927,0.583073,0.12223,0.110678
2832,30,0.475969,0.099009,0.009996,0.132012,0.283014,0.416938,0.583062,0.117629,0.114433
2833,24,0.47585,0.098984,0.009997,0.131979,0.28319,0.416889,0.583111,0.129542,0.130197
2834,24,0.476015,0.098952,0.009997,0.131937,0.283099,0.416748,0.583252,0.111244,0.114979
2835,30,0.476528,0.098855,0.00999,0.131807,0.28282,0.416411,0.583589,0.094327,0.105535
2836,24,0.476527,0.098853,0.01,0.131804,0.282816,0.416431,0.583569,0.123289,0.121019
2837,24,0.47641,0.09885,0.010133,0.1318,0.282807,0.41645,0.58355,0.131463,0.127564
2838,24,0.47625,0.098859,0.010001,0.131812,0.283079,0.416434,0.583566,0.132744,0.131991
2839,24,0.476594,0.098794,0.009993,0.131725,0.282893,0.416315,0.583685,0.108561,0.111252
2840,24,0.476473,0.098769,0.009997,0.131692,0.283068,0.416336,0.583664,0.123359,0.121136
2841,30,0.476286,0.098727,0.009996,0.131636,0.283356,0.416336,0.583664,0.124756,0.123613
2842,30,0.476284,0.098726,0.01,0.131635,0.283355,0.416234,0.583766,0.129478,0.131484
2843,30,0.476296,0.09864,0.010026,0.13152,0.283518,0.416087,0.583913,0.125415,0.129737
2844,24,0.475858,0.09855,0.010936,0.1314,0.283257,0.415972,0.584028,0.121516,0.123468
2845,30,0.475736,0.098524,0.011189,0.131366,0.283184,0.415936,0.584064,0.119484,0.119873
2846,24,0.476228,0.098626,0.010166,0.131502,0.283477,0.415892,0.584108,0.121635,0.122104
2847,30,0.476341,0.098636,0.010001,0.131515,0.283506,0.416004,0.583996,0.124683,0.11631
2848,24,0.476235,0.098656,0.010002,0.131542,0.283564,0.415992,0.584008,0.133097,0.132185
2849,30,0.476454,0.098594,0.010109,0.131458,0.283384,0.415894,0.584106,0.114363,0.116674
2850,24,0.476506,0.098605,0.010001,0.131473,0.283415,0.415932,0.584068,0.115347,0.110954
2851,30,0.476355,0.098593,0.009999,0.131457,0.283596,0.415992,0.584008,0.114519,0.10974
2852,24,0.47663,0.098541,0.009995,0.131388,0.283446,0.415883,0.584117,0.109662,0.112061
2853,30,0.476851,0.098498,0.009996,0.131331,0.283324,0.415756,0.584244,0.109691,0.113155
2854,30,0.477147,0.098413,0.010147,0.131217,0.283077,0.415544,0.584456,0.101892,0.107885
2855,30,0.47671,0.098322,0.010644,0.131097,0.283227,0.415639,0.584361,0.125256,0.117684
2856,24,0.47702,0.098385,0.010006,0.13118,0.283408,0.41566,0.58434,0.123301,0.12103
2857,24,0.477023,0.098386,0.01,0.131181,0.28341,0.415616,0.584384,0.121612,0.122094
2858,24,0.477367,0.098321,0.009993,0.131095,0.283223,0.415498,0.584502,0.108594,0.111271
2859,24,0.477364,0.098321,0.01,0.131094,0.283221,0.415522,0.584478,0.123641,0.121296
2860,30,0.477359,0.098322,0.01,0.131095,0.283224,0.415542,0.584458,0.118516,0.114981
2861,24,0.477241,0.098297,0.009998,0.131063,0.283401,0.415563,0.584437,0.123388,0.121158
2862,30,0.477539,0.098241,0.009994,0.130988,0.283238,0.415439,0.584561,0.099998,0.100868
2863,30,0.47749,0.098172,0.009993,0.130896,0.283449,0.415366,0.584634,0.124659,0.123874
2864,30,0.477367,0.098147,0.010247,0.130862,0.283377,0.415521,0.584479,0.119487,0.109406
2865,30,0.477298,0.098129,0.009998,0.130839,0.283735,0.415533,0.584467,0.118153,0.115335
2866,30,0.477596,0.098073,0.009994,0.130764,0.283573,0.415347,0.584653,0.116614,0.120033
2867,24,0.477541,0.098082,0.010001,0.130776,0.2836,0.415367,0.584633,0.131505,0.127588
2868,30,0.477418,0.098057,0.010255,0.130743,0.283527,0.415276,0.584724,0.119487,0.121017
2869,30,0.47775,0.098015,0.010145,0.130686,0.283404,0.415173,0.584827,0.113816,0.116285
2870,30,0.477309,0.097924,0.011058,0.130566,0.283143,0.415277,0.584723,0.126101,0.118117
2871,30,0.477359,0.097976,0.010542,0.130634,0.283489,0.415472,0.584528,0.123254,0.111223
2872,30,0.47724,0.097951,0.010379,0.130602,0.283828,0.415428,0.584572,0.118641,0.11938
2873,30,0.47711,0.098006,0.010006,0.130675,0.284202,0.415407,0.584593,0.137168,0.135304
2874,24,0.477119,0.098006,0.01,0.130675,0.284201,0.415356,0.584644,0.120813,0.121472
2875,24,0.476777,0.097977,0.009997,0.130636,0.284612,0.415337,0.584663,0.132395,0.131768
2876,30,0.476754,0.097973,0.010045,0.13063,0.284598,0.41535,0.58465,0.126144,0.124488
2877,24,0.476661,0.097952,0.009998,0.130603,0.284786,0.415367,0.584633,0.122936,0.120805
2878,30,0.476538,0.097927,0.010252,0.130569,0.284713,0.415276,0.584724,0.119487,0.121017
2879,30,0.476597,0.097855,0.010573,0.130473,0.284502,0.415108,0.584892,0.118395,0.121159
2880,30,0.47646,0.097864,0.010053,0.130486,0.285138,0.415135,0.584865,0.139526,0.13584
2881,24,0.476485,0.097869,0.010001,0.130493,0.285153,0.415091,0.584909,0.121657,0.122122
2882,24,0.476826,0.097806,0.009993,0.130408,0.284967,0.414997,0.585003,0.10065,0.100207
2883,30,0.476608,0.097732,0.009992,0.130309,0.285359,0.414999,0.585001,0.121007,0.118318
2884,30,0.476585,0.097727,0.01004,0.130303,0.285345,0.415012,0.584988,0.126144,0.12449
2885,24,0.476604,0.097731,0.01,0.130308,0.285356,0.414968,0.585032,0.129924,0.130413
2886,30,0.476613,0.09773,0.01,0.130306,0.285352,0.414977,0.585023,0.125635,0.12413
2887,30,0.476491,0.097676,0.009995,0.130234,0.285604,0.415051,0.584949,0.1207,0.113768
2888,30,0.476395,0.097653,0.009998,0.130204,0.285751,0.415057,0.584943,0.125343,0.123955
2889,24,0.47617,0.097648,0.01,0.130198,0.285984,0.415041,0.584959,0.124436,0.123668
2890,30,0.476125,0.09758,0.009993,0.130107,0.286195,0.415021,0.584979,0.114704,0.112936
2891,24,0.476466,0.097515,0.009993,0.13002,0.286005,0.414903,0.585097,0.108582,0.111258
2892,30,0.476443,0.097511,0.010041,0.130014,0.285991,0.414916,0.585084,0.126144,0.12449
2893,24,0.476466,0.097514,0.01,0.130019,0.286001,0.414937,0.585063,0.123301,0.121031
2894,24,0.476469,0.097514,0.01,0.130018,0.285999,0.414958,0.585042,0.123301,0.121031
2895,24,0.476351,0.097489,0.009998,0.129986,0.286176,0.41491,0.58509,0.121288,0.121903
2896,24,0.476585,0.097445,0.009995,0.129927,0.286046,0.414759,0.585241,0.118375,0.122414
2897,30,0.476808,0.097403,0.009996,0.129871,0.285922,0.414653,0.585347,0.102155,0.102634
2898,30,0.476445,0.097348,0.010239,0.129798,0.28617,0.414655,0.585345,0.137151,0.134646
2899,30,0.477023,0.097285,0.009994,0.129713,0.285985,0.414338,0.585662,0.089529,0.099821
2900,24,0.476914,0.097304,0.010002,0.129739,0.286041,0.414326,0.585674,0.133089,0.132185
2901,30,0.476463,0.097212,0.010939,0.129616,0.28577,0.414235,0.585765,0.119432,0.120972
2902,30,0.476817,0.097281,0.010007,0.129708,0.286187,0.414253,0.585747,0.118732,0.115697
2903,30,0.47712,0.097226,0.009994,0.129635,0.286025,0.414129,0.585871,0.116578,0.117496
2904,24,0.477079,0.097218,0.01008,0.129623,0.286,0.414084,0.585916,0.129866,0.13037
2905,30,0.477266,0.097198,0.009998,0.129597,0.285942,0.414074,0.585926,0.115608,0.113489
2906,30,0.477144,0.097173,0.010252,0.129563,0.285868,0.413983,0.586017,0.119487,0.121
2907,30,0.477042,0.097127,0.010595,0.129503,0.285734,0.413919,0.586081,0.122358,0.122996
2908,24,0.477669,0.097121,0.009999,0.129495,0.285716,0.413801,0.586199,0.108595,0.111241
2909,30,0.477821,0.097093,0.009997,0.129457,0.285633,0.413593,0.586407,0.105718,0.110013
2910,24,0.478163,0.097028,0.009993,0.129371,0.285444,0.413475,0.586525,0.108573,0.111227
2911,24,0.477936,0.097023,0.009999,0.129365,0.285676,0.41346,0.58654,0.132752,0.131984
2912,24,0.477712,0.097019,0.01,0.129359,0.285911,0.413445,0.586555,0.124432,0.123657
2913,24,0.477712,0.097019,0.01,0.129359,0.28591,0.41347,0.58653,0.123712,0.121348
2914,24,0.478055,0.096955,0.009993,0.129274,0.285723,0.413352,0.586648,0.108552,0.111218
2915,30,0.477856,0.096915,0.009996,0.12922,0.286013,0.413387,0.586613,0.112025,0.108325
2916,30,0.477609,0.096865,0.010098,0.129153,0.286275,0.413288,0.586712,0.118621,0.120465
2917,24,0.477656,0.096874,0.010001,0.129166,0.286303,0.413244,0.586756,0.129924,0.130405
2918,30,0.477522,0.096847,0.010278,0.12913,0.286223,0.413287,0.586713,0.112819,0.108816
2919,30,0.477493,0.096865,0.010002,0.129153,0.286488,0.413242,0.586758,0.123193,0.122073
2920,30,0.477468,0.09686,0.010053,0.129146,0.286473,0.413388,0.586612,0.11283,0.103314
2921,30,0.477838,0.096801,0.009994,0.129068,0.286299,0.413201,0.586799,0.095889,0.099007
2922,30,0.47764,0.096761,0.009996,0.129014,0.28659,0.413091,0.586909,0.128645,0.130936
2923,24,0.47775,0.096739,0.009998,0.128986,0.286527,0.413008,0.586992,0.11761,0.119655
2924,30,0.477553,0.0967,0.009996,0.128933,0.286819,0.413026,0.586974,0.118675,0.115711
2925,30,0.477116,0.096611,0.010493,0.128815,0.286965,0.412982,0.587018,0.125248,0.125996
2926,24,0.477236,0.096634,0.010002,0.128846,0.287281,0.413017,0.586983,0.114606,0.110082
2927,30,0.477213,0.096639,0.01,0.128852,0.287295,0.413095,0.586905,0.120487,0.114859
2928,24,0.477095,0.096615,0.009998,0.12882,0.287472,0.413116,0.586884,0.123312,0.121113
2929,24,0.476976,0.096591,0.009998,0.128788,0.287647,0.413069,0.586931,0.121271,0.121884
2930,30,0.476926,0.0966,0.010001,0.1288,0.287673,0.412999,0.587001,0.121441,0.122079
2931,24,0.476926,0.0966,0.01,0.1288,0.287673,0.412955,0.587045,0.121612,0.122078
2932,24,0.477161,0.096557,0.009996,0.128742,0.287544,0.412805,0.587195,0.118414,0.122403
2933,30,0.477039,0.096532,0.01025,0.128709,0.28747,0.41277,0.58723,0.119487,0.119862
2934,30,0.477016,0.096527,0.010298,0.128703,0.287456,0.412897,0.587103,0.126144,0.117283
2935,24,0.477105,0.096566,0.010004,0.128754,0.287571,0.412918,0.587082,0.131517,0.127604
2936,30,0.477058,0.096575,0.010001,0.128767,0.287599,0.412848,0.587152,0.121472,0.122095
2937,24,0.476834,0.096571,0.01,0.128761,0.287834,0.412833,0.587167,0.132743,0.131981
2938,24,0.476837,0.09657,0.01,0.128761,0.287832,0.412854,0.587146,0.123289,0.121026
2939,30,0.47682,0.096567,0.010036,0.128756,0.287822,0.412868,0.587132,0.126144,0.124492
2940,24,0.477003,0.09654,0.009997,0.12872,0.287741,0.412727,0.587273,0.111179,0.114881
2941,30,0.476898,0.096519,0.010215,0.128691,0.287677,0.412625,0.587375,0.129467,0.131437
2942,30,0.476902,0.096519,0.010206,0.128693,0.28768,0.412524,0.587476,0.129478,0.131443
2943,24,0.476894,0.096559,0.010004,0.128745,0.287798,0.412512,0.587488,0.124781,0.123867
2944,30,0.476958,0.096514,0.010178,0.128685,0.287664,0.412385,0.587615,0.115507,0.118203
2945,24,0.476819,0.096527,0.010001,0.128703,0.28795,0.41237,0.58763,0.124423,0.123653
2946,24,0.477054,0.096484,0.009996,0.128645,0.287821,0.41222,0.58778,0.110088,0.114063
2947,30,0.477003,0.096493,0.010001,0.128657,0.287847,0.412193,0.587807,0.138068,0.138047
2948,30,0.476563,0.096404,0.010914,0.128538,0.287581,0.412195,0.587805,0.126101,0.123649
2949,30,0.47654,0.096399,0.010962,0.128532,0.287567,0.412209,0.587791,0.126141,0.124493
2950,30,0.476851,0.096462,0.010317,0.128616,0.287755,0.412253,0.587747,0.112888,0.108867
2951,30,0.47647,0.096404,0.010596,0.128538,0.287991,0.412228,0.587772,0.127163,0.12705
2952,30,0.476238,0.096425,0.010306,0.128567,0.288464,0.412274,0.587726,0.136142,0.1303
2953,30,0.476315,0.096428,0.01,0.12857,0.288687,0.412358,0.587642,0.117757,0.110794
2954,30,0.476164,0.096416,0.009999,0.128555,0.288866,0.412419,0.587581,0.114526,0.109755
2955,30,0.475969,0.096405,0.010256,0.128539,0.288831,0.412524,0.587476,0.139676,0.131486
2956,30,0.476002,0.096421,0.010136,0.128561,0.28888,0.412547,0.587453,0.120484,0.115991
2957,24,0.47607,0.096433,0.010001,0.128578,0.288918,0.412568,0.587432,0.123301,0.121036
2958,30,0.476065,0.096435,0.01,0.128579,0.288921,0.412589,0.587411,0.118516,0.114989
2959,30,0.476411,0.096371,0.009993,0.128494,0.28873,0.412403,0.587597,0.095863,0.098978
2960,24,0.476293,0.096346,0.009997,0.128461,0.288902,0.412421,0.587579,0.122943,0.120827
2961,24,0.476174,0.096322,0.009998,0.128429,0.289077,0.412442,0.587558,0.123312,0.121115
2962,24,0.476173,0.096322,0.01,0.128429,0.289077,0.412398,0.587602,0.121628,0.122091
2963,30,0.476051,0.096297,0.010254,0.128396,0.289002,0.412363,0.587637,0.119487,0.119862
2964,24,0.476119,0.096331,0.010004,0.128441,0.289105,0.412384,0.587616,0.131502,0.127594
2965,30,0.476075,0.096265,0.009993,0.128353,0.289315,0.412238,0.587762,0.124662,0.128137
2966,24,0.476072,0.096264,0.01,0.128352,0.289313,0.412195,0.587805,0.121657,0.122108
2967,24,0.475965,0.096283,0.010002,0.128378,0.289371,0.412184,0.587816,0.124789,0.123875
2968,30,0.475843,0.096259,0.010256,0.128345,0.289297,0.412149,0.587851,0.119487,0.11986
2969,30,0.475721,0.096253,0.009999,0.128337,0.289689,0.412125,0.587875,0.120543,0.120413
2970,24,0.475721,0.096253,0.01,0.128337,0.289689,0.412081,0.587919,0.129895,0.13038
2971,24,0.47538,0.096225,0.009997,0.1283,0.290099,0.412062,0.587938,0.132381,0.131763
2972,30,0.475169,0.096263,0.010004,0.128351,0.290214,0.41219,0.58781,0.120822,0.112877
2973,24,0.475406,0.09622,0.009996,0.128294,0.290084,0.41204,0.58796,0.110071,0.114056
2974,30,0.475404,0.09622,0.01,0.128293,0.290083,0.412066,0.587934,0.119487,0.116211
2975,24,0.47564,0.096176,0.009995,0.128235,0.289952,0.411916,0.588084,0.118447,0.122415
2976,30,0.475375,0.096132,0.010497,0.128176,0.289819,0.411994,0.588006,0.127099,0.121501
2977,30,0.475775,0.09615,0.010002,0.1282,0.289873,0.41178,0.58822,0.104468,0.108592
2978,30,0.475823,0.096102,0.01021,0.128136,0.289729,0.411787,0.588213,0.108844,0.106039
2979,24,0.475805,0.096099,0.01,0.128132,0.289965,0.411808,0.588192,0.123366,0.121147
2980,30,0.475372,0.096011,0.010901,0.128015,0.289701,0.411772,0.588228,0.126101,0.126493
2981,30,0.475672,0.095976,0.010789,0.127968,0.289595,0.41173,0.58827,0.125333,0.123592
2982,24,0.475631,0.095968,0.010874,0.127957,0.28957,0.411686,0.588314,0.121556,0.12204
2983,30,0.475429,0.095946,0.010978,0.127928,0.289719,0.411613,0.588387,0.121111,0.121872
2984,30,0.475631,0.095987,0.010558,0.127982,0.289842,0.411657,0.588343,0.112882,0.108858
2985,30,0.475622,0.095985,0.010168,0.12798,0.290245,0.411559,0.588441,0.118635,0.120454
2986,24,0.475185,0.095897,0.011078,0.127862,0.289979,0.411446,0.588554,0.121516,0.123415
2987,30,0.47565,0.095904,0.010572,0.127872,0.290002,0.41132,0.58868,0.109705,0.113108
2988,24,0.475816,0.095979,0.010008,0.127971,0.290226,0.411308,0.588692,0.133097,0.132189
2989,24,0.476161,0.095917,0.009994,0.127889,0.29004,0.411193,0.588807,0.106872,0.107386
2990,30,0.476359,0.095879,0.009996,0.127839,0.289927,0.411111,0.588889,0.104028,0.10472
2991,24,0.476698,0.095817,0.009993,0.127755,0.289737,0.410867,0.589133,0.106865,0.112629
2992,24,0.476462,0.095768,0.009995,0.127691,0.290084,0.410881,0.589119,0.122585,0.120612
2993,30,0.476362,0.095767,0.010102,0.127689,0.29008,0.410811,0.589189,0.121425,0.122053
2994,30,0.476201,0.095815,0.010005,0.127753,0.290225,0.410806,0.589194,0.127487,0.125036
2995,30,0.476097,0.095794,0.010223,0.127725,0.290162,0.410705,0.589295,0.129467,0.13142
2996,24,0.476547,0.095752,0.009996,0.12767,0.290035,0.410588,0.589412,0.108623,0.111225
2997,24,0.476492,0.095762,0.010001,0.127682,0.290064,0.410637,0.589363,0.123179,0.116927
2998,30,0.476837,0.095699,0.009993,0.127598,0.289873,0.410451,0.589549,0.095797,0.098883
2999,30,0.476767,0.09566,0.01027,0.127547,0.289756,0.410376,0.589624,0.132331,0.133408
3000,30,0.477484,0.095578,0.009991,0.127438,0.289509,0.410072,0.589928,0.092181,0.10157
3001,30,0.47748,0.095577,0.01,0.127437,0.289506,0.410099,0.589901,0.119542,0.11625
3002,24,0.47748,0.095577,0.01,0.127437,0.289506,0.410154,0.589846,0.113263,0.108285
3003,24,0.477362,0.095554,0.009998,0.127405,0.289681,0.410107,0.589893,0.121299,0.121886
3004,30,0.477267,0.095532,0.009998,0.127375,0.289828,0.410126,0.589874,0.118698,0.115688
3005,24,0.477607,0.095469,0.009993,0.127292,0.289639,0.41005,0.58995,0.098595,0.097477
3006,24,0.477604,0.095468,0.01,0.127291,0.289637,0.410006,0.589994,0.1216,0.12206
3007,24,0.47738,0.095464,0.01,0.127286,0.289871,0.409991,0.590009,0.132743,0.131977
3008,30,0.477257,0.09544,0.010254,0.127253,0.289796,0.41006,0.58994,0.119487,0.114377
3009,30,0.477378,0.095464,0.010003,0.127285,0.28987,0.410026,0.589974,0.119545,0.11989
3010,30,0.47733,0.095473,0.010001,0.127298,0.289898,0.409957,0.590043,0.121452,0.122065
3011,30,0.477135,0.095434,0.009996,0.127246,0.290189,0.409913,0.590087,0.118626,0.119344
3012,24,0.477405,0.095384,0.009995,0.127179,0.290037,0.409831,0.590169,0.10175,0.101109
3013,30,0.47733,0.095397,0.010001,0.127196,0.290076,0.410027,0.589973,0.123088,0.111246
3014,30,0.477331,0.095397,0.01,0.127196,0.290076,0.410054,0.589946,0.119599,0.116284
3015,30,0.477223,0.095378,0.009998,0.12717,0.290231,0.410072,0.589928,0.118213,0.114816
3016,30,0.477222,0.095377,0.01,0.12717,0.290231,0.409983,0.590017,0.119556,0.121009
3017,24,0.47699,0.09533,0.009995,0.127106,0.290579,0.409997,0.590003,0.122575,0.120613
3018,24,0.476987,0.095329,0.01,0.127106,0.290578,0.409953,0.590047,0.121612,0.12207
3019,30,0.476987,0.095329,0.01,0.127106,0.290578,0.409979,0.590021,0.119487,0.116212
3020,30,0.476987,0.095329,0.01,0.127106,0.290578,0.410006,0.589994,0.119531,0.116241
3021,30,0.476987,0.095329,0.01,0.127106,0.290578,0.409905,0.590095,0.129478,0.131423
3022,24,0.476987,0.095329,0.01,0.127106,0.290578,0.40996,0.59004,0.113263,0.10828
3023,30,0.476708,0.095341,0.010001,0.127121,0.290828,0.410105,0.589895,0.126766,0.118236
3024,30,0.476774,0.09525,0.010017,0.127,0.290959,0.409939,0.590061,0.12345,0.128548
3025,30,0.477155,0.095184,0.009993,0.126912,0.290757,0.40975,0.59025,0.095405,0.098512
3026,30,0.477092,0.095194,0.010001,0.126925,0.290788,0.409698,0.590302,0.133482,0.132677
3027,24,0.477095,0.095194,0.01,0.126925,0.290787,0.40972,0.59028,0.123289,0.121032
3028,30,0.477001,0.095172,0.009998,0.126895,0.290934,0.409662,0.590338,0.116288,0.116787
3029,30,0.476871,0.095156,0.009998,0.126875,0.2911,0.409718,0.590282,0.122772,0.116276
3030,24,0.476646,0.095152,0.01,0.126869,0.291334,0.409703,0.590297,0.132738,0.131974
3031,24,0.476528,0.095128,0.009998,0.126837,0.291509,0.409656,0.590344,0.129586,0.13019
3032,24,0.47653,0.095127,0.01,0.126836,0.291506,0.409678,0.590322,0.123289,0.121032
3033,30,0.476539,0.095126,0.01,0.126834,0.291501,0.4097,0.5903,0.119033,0.115885
3034,30,0.476689,0.09507,0.010148,0.126761,0.291332,0.409604,0.590396,0.116304,0.118054
3035,30,0.476608,0.095073,0.01,0.126764,0.291554,0.409665,0.590335,0.114524,0.109782
3036,24,0.47672,0.095053,0.009998,0.126737,0.291492,0.409668,0.590332,0.111339,0.10818
3037,24,0.47694,0.095007,0.010025,0.126676,0.291352,0.409518,0.590482,0.118343,0.122312
3038,30,0.476917,0.095003,0.010073,0.12667,0.291338,0.409532,0.590468,0.126144,0.124497
3039,24,0.476845,0.095029,0.010003,0.126705,0.291418,0.409455,0.590545,0.124778,0.124908
3040,30,0.477072,0.094988,0.009996,0.126651,0.291294,0.409351,0.590649,0.102111,0.102554
3041,30,0.477341,0.094903,0.009991,0.126537,0.291229,0.40914,0.59086,0.1017,0.107565
3042,30,0.477287,0.094911,0.010001,0.126547,0.291254,0.409125,0.590875,0.121441,0.120942
3043,24,0.477288,0.094911,0.01,0.126548,0.291254,0.40915,0.59085,0.12367,0.121333
3044,30,0.477093,0.094872,0.009996,0.126496,0.291544,0.409107,0.590893,0.118618,0.119335
3045,30,0.477372,0.09482,0.009995,0.126427,0.291386,0.409006,0.590994,0.113879,0.11626
3046,24,0.477263,0.094839,0.010002,0.126452,0.291443,0.408995,0.591005,0.133089,0.132179
3047,30,0.477055,0.094877,0.010004,0.126503,0.29156,0.408991,0.591009,0.127494,0.125039
3048,24,0.476754,0.094817,0.01063,0.126423,0.291376,0.408879,0.591121,0.12153,0.123398
3049,30,0.477048,0.094876,0.010018,0.126501,0.291556,0.408906,0.591094,0.119536,0.116243
3050,30,0.476955,0.094857,0.009998,0.126476,0.291713,0.408803,0.591197,0.129222,0.13126
3051,24,0.476848,0.094876,0.010002,0.126502,0.291772,0.408792,0.591208,0.124781,0.123863
3052,24,0.476625,0.094872,0.01,0.126496,0.292006,0.408777,0.591223,0.132726,0.131965
3053,30,0.476774,0.094845,0.009997,0.12646,0.291923,0.408612,0.591388,0.111416,0.115461
3054,30,0.476678,0.094823,0.009998,0.126431,0.29207,0.408555,0.591445,0.116403,0.116852
3055,30,0.476491,0.094783,0.009996,0.126377,0.292354,0.408569,0.591431,0.118118,0.115323
3056,24,0.476374,0.094758,0.009997,0.126344,0.292526,0.408587,0.591413,0.122938,0.120831
3057,24,0.476376,0.094758,0.01,0.126343,0.292523,0.408609,0.591391,0.123301,0.121045
3058,30,0.476045,0.094728,0.010292,0.126304,0.292631,0.408657,0.591343,0.13036,0.12591
3059,30,0.476408,0.094716,0.009999,0.126287,0.292591,0.40852,0.59148,0.126341,0.130175
3060,24,0.476289,0.094692,0.009998,0.126256,0.292765,0.408542,0.591458,0.123349,0.121145
3061,30,0.475965,0.094628,0.010672,0.12617,0.292566,0.408441,0.591559,0.129423,0.131366
3062,30,0.476661,0.094623,0.01,0.126164,0.292552,0.408406,0.591594,0.092937,0.089532
3063,30,0.476415,0.094574,0.010101,0.126099,0.29281,0.408308,0.591692,0.118604,0.120408
3064,24,0.476349,0.09456,0.009998,0.12608,0.293013,0.408326,0.591674,0.122926,0.120821
3065,30,0.476474,0.094481,0.010301,0.125975,0.292769,0.40818,0.59182,0.107706,0.111949
3066,30,0.476514,0.094452,0.010204,0.125936,0.292893,0.408155,0.591845,0.122085,0.121974
3067,24,0.476777,0.094442,0.009999,0.125922,0.29286,0.408016,0.591984,0.111267,0.11487
3068,24,0.476659,0.094418,0.009998,0.125891,0.293034,0.407969,0.592031,0.121266,0.121855
3069,24,0.476434,0.094414,0.01,0.125885,0.293268,0.407889,0.592111,0.124415,0.124654
3070,30,0.476417,0.09441,0.010035,0.12588,0.293257,0.407903,0.592097,0.126144,0.124499
3071,24,0.476778,0.094352,0.009994,0.125802,0.293074,0.407786,0.592214,0.10856,0.111158
3072,24,0.476658,0.094328,0.009997,0.12577,0.293247,0.407739,0.592261,0.129561,0.130167
3073,30,0.477028,0.09426,0.009993,0.125681,0.293038,0.40755,0.59245,0.095266,0.098371
3074,30,0.477025,0.09426,0.01,0.12568,0.293036,0.407595,0.592405,0.112874,0.108877
3075,24,0.476907,0.094236,0.009998,0.125649,0.293211,0.407548,0.592452,0.121224,0.12183
3076,30,0.477129,0.094196,0.009996,0.125595,0.293085,0.407423,0.592577,0.109705,0.113056
3077,30,0.477492,0.09413,0.009993,0.125506,0.292879,0.407237,0.592763,0.095437,0.098419
3078,24,0.477489,0.094129,0.01,0.125505,0.292877,0.407422,0.592578,0.115347,0.103815
3079,24,0.477594,0.094048,0.010338,0.125397,0.292623,0.407189,0.592811,0.107935,0.113483
3080,30,0.477157,0.093962,0.010835,0.125282,0.292764,0.407288,0.592712,0.125231,0.117748
3081,30,0.47702,0.094013,0.010281,0.125351,0.293335,0.407327,0.592673,0.126583,0.123663
3082,24,0.477115,0.094032,0.010083,0.125376,0.293394,0.407216,0.592784,0.121572,0.123405
3083,24,0.477199,0.09396,0.010394,0.12528,0.293168,0.407067,0.592933,0.118358,0.122287
3084,24,0.477458,0.09394,0.009998,0.125253,0.293352,0.407058,0.592942,0.109622,0.106599
3085,24,0.477457,0.093939,0.01,0.125253,0.293351,0.407084,0.592916,0.123724,0.121373
3086,30,0.477457,0.093939,0.01,0.125253,0.293351,0.406996,0.593004,0.119545,0.120978
3087,30,0.477349,0.09392,0.009998,0.125227,0.293506,0.407015,0.592985,0.118213,0.114814
3088,24,0.477465,0.093855,0.009993,0.12514,0.293548,0.406863,0.593137,0.118049,0.122098
3089,30,0.477413,0.093863,0.010001,0.12515,0.293573,0.406783,0.593217,0.131455,0.132494
3090,30,0.477378,0.093856,0.010072,0.125141,0.293552,0.406886,0.593114,0.119476,0.111904
3091,24,0.477413,0.093863,0.010001,0.12515,0.293573,0.406842,0.593158,0.129895,0.130353
3092,24,0.477756,0.093801,0.009993,0.125068,0.293381,0.406726,0.593274,0.108543,0.11112
3093,24,0.477839,0.093729,0.010304,0.124972,0.293156,0.406577,0.593423,0.118348,0.122276
3094,24,0.477866,0.093735,0.010001,0.12498,0.293419,0.40653,0.59347,0.129561,0.130162
3095,24,0.477789,0.093631,0.010641,0.124842,0.293096,0.406381,0.593619,0.118336,0.122258
3096,30,0.477452,0.093565,0.011339,0.124754,0.29289,0.406292,0.593708,0.119434,0.120905
3097,24,0.477778,0.0935,0.011373,0.124666,0.292683,0.406103,0.593897,0.114358,0.119819
3098,24,0.477756,0.093495,0.011172,0.12466,0.292917,0.406056,0.593944,0.121235,0.121822
3099,24,0.477454,0.093436,0.011797,0.124581,0.292732,0.405945,0.594055,0.12152,0.123364
3100,30,0.477332,0.093412,0.01205,0.12455,0.292657,0.406,0.594,0.119488,0.114988
3101,30,0.477807,0.093369,0.011812,0.124491,0.29252,0.405792,0.594208,0.101945,0.107628
3102,24,0.478129,0.09343,0.010907,0.124574,0.29296,0.405811,0.594189,0.122959,0.120848
3103,30,0.478648,0.093495,0.010036,0.124659,0.293162,0.405695,0.594305,0.127474,0.129682
3104,30,0.478572,0.093476,0.009998,0.124635,0.293319,0.405715,0.594285,0.118707,0.115689
3105,24,0.478465,0.093495,0.010002,0.12466,0.293378,0.405704,0.594296,0.124785,0.123861
3106,24,0.478413,0.093505,0.010001,0.124673,0.293408,0.40579,0.59421,0.12321,0.116773
3107,30,0.478758,0.093443,0.009993,0.124591,0.293215,0.405649,0.594351,0.102486,0.105588
3108,24,0.478636,0.093419,0.009997,0.124559,0.293388,0.405671,0.594329,0.123349,0.121141
3109,30,0.478635,0.093419,0.01,0.124559,0.293387,0.405717,0.594283,0.112932,0.108917
3110,24,0.478529,0.093438,0.010002,0.124584,0.293446,0.405706,0.594294,0.133105,0.132188
3111,30,0.478708,0.093368,0.009993,0.124491,0.29344,0.405602,0.594398,0.113536,0.11601
3112,24,0.478707,0.093367,0.01,0.124489,0.293437,0.405624,0.594376,0.123301,0.121052
3113,30,0.479076,0.093301,0.009993,0.124401,0.293229,0.405502,0.594498,0.100487,0.101496
3114,24,0.478654,0.093219,0.010617,0.124292,0.293218,0.405455,0.594545,0.129491,0.130106
3115,24,0.478887,0.093264,0.010135,0.124352,0.293361,0.405412,0.594588,0.129922,0.130371
3116,30,0.478764,0.09324,0.010389,0.12432,0.293286,0.405324,0.594676,0.119487,0.120924
3117,24,0.478727,0.093273,0.010003,0.124363,0.293634,0.40531,0.59469,0.124434,0.123653
3118,30,0.478545,0.093136,0.010935,0.124181,0.293203,0.405153,0.594847,0.124272,0.128959
3119,30,0.478898,0.093214,0.010155,0.124285,0.293448,0.405141,0.594859,0.130502,0.127594
3120,24,0.478857,0.093206,0.01024,0.124274,0.293423,0.405098,0.594902,0.121558,0.122013
3121,30,0.478763,0.093164,0.010564,0.124218,0.293291,0.405036,0.594964,0.122353,0.122928
3122,24,0.479033,0.093216,0.010006,0.124288,0.293457,0.404993,0.595007,0.129923,0.130363
3123,24,0.479378,0.093156,0.009993,0.124208,0.293266,0.404904,0.595096,0.100277,0.099457
3124,30,0.479302,0.09315,0.0101,0.1242,0.293248,0.404931,0.595069,0.120475,0.116
3125,30,0.47935,0.093159,0.010001,0.124213,0.293278,0.404946,0.595054,0.126202,0.124539
3126,30,0.47935,0.093159,0.01,0.124213,0.293278,0.404975,0.595025,0.119588,0.116291
3127,24,0.479584,0.093118,0.009996,0.124157,0.293146,0.404827,0.595173,0.110071,0.113942
3128,30,0.47978,0.093082,0.009996,0.124109,0.293033,0.404611,0.595389,0.104072,0.108395
3129,24,0.480301,0.092988,0.00999,0.123984,0.292738,0.404325,0.595675,0.101845,0.108918
3130,30,0.480494,0.092951,0.009996,0.123935,0.292623,0.404109,0.595891,0.104011,0.108348
3131,30,0.480788,0.092898,0.009994,0.123864,0.292455,0.40399,0.59601,0.099979,0.100698
3132,30,0.480665,0.092874,0.010248,0.123832,0.29238,0.403956,0.596044,0.119487,0.119835
3133,30,0.480596,0.092858,0.009998,0.12381,0.292737,0.403957,0.596043,0.124729,0.12359
3134,24,0.480253,0.092831,0.009997,0.123774,0.293145,0.403939,0.596061,0.132388,0.131753
3135,24,0.480146,0.092849,0.010002,0.123799,0.293204,0.403864,0.596136,0.124772,0.124863
3136,30,0.480382,0.092807,0.009996,0.123743,0.293072,0.403633,0.596367,0.102471,0.107349
3137,24,0.480261,0.092784,0.009997,0.123712,0.293245,0.403587,0.596413,0.121224,0.121807
3138,24,0.48026,0.092784,0.01,0.123712,0.293245,0.403629,0.596371,0.115333,0.110993
3139,24,0.48034,0.092713,0.01031,0.123617,0.29302,0.40348,0.59652,0.118321,0.122209
3140,24,0.480299,0.092705,0.010396,0.123606,0.292995,0.403437,0.596563,0.121558,0.122006
3141,24,0.480252,0.092696,0.009999,0.123594,0.29346,0.403456,0.596544,0.123015,0.120954
3142,24,0.480133,0.092673,0.009998,0.123563,0.293634,0.403478,0.596522,0.123332,0.121143
3143,24,0.480013,0.092649,0.009998,0.123533,0.293807,0.403432,0.596568,0.129586,0.130159
3144,24,0.480353,0.092588,0.009993,0.123451,0.293614,0.403316,0.596684,0.108529,0.111075
3145,30,0.480004,0.092598,0.01029,0.123464,0.293645,0.403365,0.596635,0.134114,0.130867
3146,24,0.480024,0.092602,0.01,0.123469,0.293904,0.403319,0.596681,0.121278,0.121842
3147,24,0.480024,0.092602,0.01,0.123469,0.293904,0.403277,0.596723,0.12164,0.122061
3148,30,0.480087,0.092514,0.010015,0.123352,0.294033,0.403112,0.596888,0.123406,0.128399
3149,30,0.480094,0.092515,0.01,0.123354,0.294037,0.403141,0.596859,0.119531,0.116264
3150,30,0.480157,0.092504,0.009999,0.123339,0.294002,0.40308,0.59692,0.115783,0.116307
3151,24,0.480156,0.092504,0.01,0.123339,0.294002,0.403037,0.596963,0.129895,0.13034
3152,30,0.479959,0.092466,0.009996,0.123288,0.29429,0.403057,0.596943,0.118653,0.11571
3153,30,0.479935,0.092461,0.010047,0.123282,0.294275,0.403207,0.596793,0.11283,0.103468
3154,24,0.479839,0.092443,0.009998,0.123257,0.294463,0.40323,0.59677,0.123344,0.121147
3155,24,0.479838,0.092443,0.01,0.123257,0.294463,0.403187,0.596813,0.129895,0.130337
3156,24,0.480023,0.09241,0.009996,0.123213,0.294358,0.403183,0.596817,0.110343,0.107458
3157,30,0.479776,0.09238,0.009997,0.123174,0.294673,0.403249,0.596751,0.120532,0.115544
3158,30,0.479935,0.092352,0.009997,0.123135,0.294581,0.403026,0.596974,0.11427,0.118709
3159,30,0.479732,0.092314,0.009996,0.123086,0.294872,0.403025,0.596975,0.124253,0.122993
3160,30,0.479414,0.092318,0.010291,0.123091,0.294885,0.403175,0.596825,0.133693,0.125122
3161,30,0.479825,0.092297,0.009998,0.123063,0.294817,0.403081,0.596919,0.11445,0.116602
3162,30,0.479799,0.092301,0.01,0.123068,0.29483,0.403123,0.596877,0.137115,0.133144
3163,30,0.479808,0.0923,0.01,0.123066,0.294826,0.403133,0.596867,0.125634,0.124141
3164,30,0.479621,0.09226,0.009996,0.123014,0.295109,0.403148,0.596852,0.118108,0.115319
3165,30,0.480136,0.092168,0.00999,0.122891,0.294814,0.402926,0.597074,0.091316,0.095497
3166,24,0.480132,0.092167,0.01,0.12289,0.294811,0.402884,0.597116,0.121612,0.122038
3167,24,0.479895,0.092122,0.009995,0.122829,0.295159,0.402834,0.597166,0.129188,0.129922
3168,30,0.479789,0.092102,0.009998,0.122802,0.295309,0.402744,0.597256,0.119237,0.120758
3169,24,0.479673,0.092078,0.009997,0.122771,0.29548,0.402763,0.597237,0.122933,0.120837
3170,24,0.479556,0.092055,0.009997,0.12274,0.295652,0.402782,0.597218,0.122921,0.120827
3171,30,0.479777,0.092015,0.009996,0.122687,0.295525,0.402646,0.597354,0.126309,0.130069
3172,30,0.479941,0.091985,0.009997,0.122647,0.295429,0.402529,0.597471,0.110523,0.113608
3173,30,0.479649,0.091948,0.010499,0.122597,0.295308,0.402515,0.597485,0.128057,0.127569
3174,24,0.48,0.091974,0.010003,0.122632,0.295392,0.402434,0.597566,0.117655,0.119592
3175,24,0.480001,0.091974,0.01,0.122632,0.295393,0.40265,0.59735,0.113263,0.100664
3176,24,0.480001,0.091974,0.01,0.122632,0.295393,0.402608,0.597392,0.121612,0.122033
3177,30,0.480223,0.091935,0.009996,0.12258,0.295267,0.402483,0.597517,0.109634,0.112949
3178,24,0.479997,0.09193,0.01,0.122574,0.295499,0.402469,0.597531,0.132741,0.131968
3179,30,0.480164,0.091863,0.009993,0.122484,0.295496,0.402371,0.597629,0.114115,0.116391
3180,24,0.480042,0.091839,0.009997,0.122453,0.295668,0.402325,0.597675,0.129556,0.130138
3181,30,0.480019,0.091835,0.010046,0.122447,0.295654,0.40234,0.59766,0.126144,0.124507
3182,30,0.480023,0.091836,0.010037,0.122448,0.295656,0.402241,0.597759,0.129478,0.13134
3183,30,0.48041,0.091774,0.009993,0.122365,0.295457,0.402056,0.597944,0.095299,0.098278
3184,24,0.480302,0.091792,0.010002,0.122389,0.295515,0.402046,0.597954,0.133109,0.132187
3185,30,0.480664,0.091728,0.009993,0.122304,0.29531,0.401862,0.598138,0.095327,0.098223
3186,24,0.480664,0.091727,0.01,0.122303,0.295306,0.401885,0.598115,0.123301,0.121059
3187,30,0.480737,0.091642,0.009991,0.122189,0.295441,0.401732,0.598268,0.106842,0.111331
3188,24,0.480733,0.091641,0.01,0.122188,0.295438,0.40169,0.59831,0.12164,0.122053
3189,30,0.480912,0.091576,0.010181,0.122102,0.295229,0.401546,0.598454,0.107669,0.111823
3190,30,0.481238,0.091551,0.009997,0.122067,0.295146,0.401393,0.598607,0.108018,0.110089
3191,24,0.481121,0.091527,0.009997,0.122036,0.295318,0.401412,0.598588,0.122933,0.120829
3192,30,0.481012,0.091474,0.009994,0.121965,0.295555,0.401424,0.598576,0.11539,0.112907
3193,24,0.481054,0.091422,0.009994,0.121896,0.295634,0.401283,0.598717,0.110823,0.114503
3194,30,0.480957,0.0914,0.009998,0.121867,0.295778,0.40133,0.59867,0.125315,0.121149
3195,30,0.481152,0.091365,0.009996,0.121821,0.295665,0.401115,0.598885,0.103914,0.1082
3196,24,0.481154,0.091365,0.01,0.121819,0.295662,0.401138,0.598862,0.123301,0.12106
3197,24,0.481112,0.091357,0.010085,0.121809,0.295637,0.401196,0.598804,0.11325,0.108325
3198,24,0.481516,0.091225,0.010414,0.121634,0.295212,0.400909,0.599091,0.10351,0.112125
3199,24,0.481474,0.091217,0.010499,0.121623,0.295186,0.4008,0.5992,0.121558,0.123325
3200,24,0.482054,0.091203,0.009998,0.121604,0.29514,0.400685,0.599315,0.108484,0.111014
3201,30,0.482331,0.091154,0.009995,0.121539,0.294981,0.400585,0.599415,0.113809,0.116126
3202,24,0.48248,0.091084,0.009992,0.121445,0.295,0.400476,0.599524,0.109301,0.111671
3203,30,0.482318,0.091039,0.009995,0.121385,0.295263,0.400508,0.599492,0.117344,0.114011
3204,30,0.481873,0.090955,0.010909,0.121273,0.294991,0.400474,0.599526,0.126101,0.126454
3205,30,0.482282,0.091032,0.01007,0.121376,0.295241,0.400503,0.599497,0.119545,0.116276
3206,30,0.48236,0.090993,0.009996,0.121324,0.295328,0.400511,0.599489,0.10861,0.105911
3207,24,0.482133,0.090988,0.01,0.121318,0.295561,0.400498,0.599502,0.124441,0.123651
3208,24,0.482136,0.090988,0.01,0.121317,0.295559,0.400521,0.599479,0.123301,0.121062
3209,24,0.481912,0.090984,0.01,0.121312,0.295793,0.400508,0.599492,0.124441,0.123651
3210,30,0.481715,0.090946,0.009996,0.121262,0.296081,0.400529,0.599471,0.11866,0.115723
3211,30,0.481594,0.090924,0.010244,0.121232,0.296007,0.400442,0.599558,0.119487,0.120881
3212,24,0.481714,0.090945,0.010002,0.12126,0.296077,0.400465,0.599535,0.123301,0.121062
3213,24,0.481663,0.090955,0.010001,0.121273,0.296108,0.4007,0.5993,0.114891,0.101444
3214,30,0.481634,0.090949,0.01006,0.121266,0.29609,0.400729,0.599271,0.119476,0.116234
3215,24,0.481666,0.090954,0.010001,0.121272,0.296107,0.400752,0.599248,0.123301,0.121062
3216,24,0.481667,0.090954,0.01,0.121272,0.296107,0.400778,0.599222,0.123641,0.121333
3217,30,0.481222,0.09087,0.010913,0.121161,0.295833,0.400744,0.599256,0.126101,0.126456
3218,24,0.481543,0.090931,0.010007,0.121241,0.296278,0.400767,0.599233,0.123379,0.121181
3219,30,0.481555,0.09093,0.01,0.12124,0.296275,0.400778,0.599222,0.125634,0.124139
3220,24,0.48145,0.090949,0.010002,0.121265,0.296335,0.400768,0.599232,0.133113,0.132179
3221,24,0.481451,0.090949,0.01,0.121265,0.296335,0.400811,0.599189,0.115347,0.111009
3222,30,0.481254,0.090912,0.009996,0.121215,0.296623,0.400963,0.599037,0.118605,0.109166
3223,30,0.481252,0.090911,0.01,0.121215,0.296622,0.400876,0.599124,0.119545,0.120925
3224,30,0.481475,0.090872,0.009996,0.121163,0.296495,0.400646,0.599354,0.113442,0.118208
3225,30,0.481559,0.090857,0.009998,0.121142,0.296444,0.400588,0.599412,0.099897,0.098159
3226,24,0.481505,0.090866,0.010001,0.121154,0.296474,0.400676,0.599324,0.123214,0.116816
3227,24,0.482074,0.090766,0.009989,0.121022,0.296149,0.40039,0.59961,0.095244,0.103819
3228,30,0.48229,0.090726,0.009996,0.120968,0.296019,0.400289,0.599711,0.10203,0.102398
3229,30,0.482136,0.090715,0.009999,0.120953,0.296197,0.400219,0.599781,0.121139,0.12181
3230,30,0.482121,0.09068,0.009996,0.120907,0.296296,0.4002,0.5998,0.12267,0.122363
3231,24,0.482199,0.090611,0.010306,0.120814,0.29607,0.400052,0.599948,0.118301,0.122137
3232,24,0.482135,0.090599,0.010437,0.120798,0.296031,0.400009,0.599991,0.129878,0.130317
3233,30,0.482509,0.090517,0.010519,0.12069,0.295765,0.399742,0.600258,0.100427,0.108136
3234,30,0.483245,0.090435,0.010243,0.12058,0.295497,0.399559,0.600441,0.084866,0.088672
3235,24,0.483417,0.090448,0.010001,0.120597,0.295537,0.39973,0.60027,0.113369,0.102537
3236,24,0.483421,0.090447,0.01,0.120596,0.295536,0.399773,0.600227,0.114963,0.110369
3237,30,0.482975,0.090364,0.010913,0.120485,0.295263,0.399884,0.600116,0.126101,0.118283
3238,24,0.48335,0.090413,0.010016,0.120551,0.295671,0.39993,0.60007,0.118872,0.114048
3239,24,0.483358,0.090414,0.01,0.120552,0.295675,0.399821,0.600179,0.121572,0.123323
3240,30,0.48342,0.090373,0.010171,0.120497,0.295539,0.399698,0.600302,0.115486,0.118026
3241,30,0.483765,0.090308,0.009993,0.12041,0.295524,0.399489,0.600511,0.101639,0.107287
3242,30,0.48413,0.090243,0.009993,0.120324,0.295311,0.399324,0.600676,0.09941,0.101351
3243,24,0.484129,0.090242,0.01,0.120322,0.295308,0.399347,0.600653,0.123288,0.121054
3244,30,0.484734,0.090136,0.009988,0.120181,0.294961,0.399041,0.600959,0.09152,0.100802
3245,30,0.48471,0.090131,0.010036,0.120175,0.294947,0.399134,0.600866,0.126144,0.120257
3246,24,0.484728,0.090135,0.01,0.120179,0.294957,0.399161,0.600839,0.123712,0.121383
3247,30,0.484624,0.090115,0.009998,0.120154,0.295109,0.399125,0.600875,0.119226,0.119658
3248,30,0.484844,0.090077,0.009996,0.120102,0.294982,0.399117,0.600883,0.102001,0.098532
3249,30,0.484719,0.090054,0.01025,0.120071,0.294906,0.399279,0.600721,0.119487,0.109661
3250,30,0.484712,0.090061,0.010001,0.120081,0.295145,0.399438,0.600562,0.113547,0.103906
3251,30,0.484506,0.090097,0.010004,0.120129,0.295263,0.399426,0.600574,0.13754,0.135503
3252,24,0.484404,0.090116,0.010002,0.120154,0.295324,0.399417,0.600583,0.124805,0.123862
3253,30,0.484399,0.090117,0.01,0.120156,0.295328,0.399442,0.600558,0.118519,0.115012
3254,24,0.484402,0.090116,0.01,0.120155,0.295327,0.399485,0.600515,0.114977,0.110388
3255,24,0.484282,0.090094,0.009998,0.120126,0.2955,0.399508,0.600492,0.123356,0.121174
3256,30,0.484646,0.09003,0.009993,0.12004,0.295291,0.399323,0.600677,0.095183,0.098142
3257,24,0.484523,0.090007,0.009997,0.12001,0.295463,0.399277,0.600723,0.129556,0.130126
3258,30,0.484473,0.090016,0.010001,0.120021,0.29549,0.399264,0.600736,0.12145,0.120935
3259,24,0.484369,0.090034,0.010002,0.120045,0.29555,0.399358,0.600642,0.11649,0.10987
3260,24,0.48437,0.090034,0.01,0.120046,0.29555,0.399547,0.600453,0.115333,0.103952
3261,24,0.48437,0.090034,0.01,0.120046,0.29555,0.399505,0.600495,0.129895,0.130322
3262,30,0.483941,0.089954,0.010877,0.119939,0.295289,0.39946,0.60054,0.136081,0.136883
3263,24,0.484358,0.089949,0.010491,0.119932,0.29527,0.399313,0.600687,0.11003,0.113824
3264,24,0.484599,0.089993,0.010005,0.11999,0.295414,0.399356,0.600644,0.114977,0.110387
3265,24,0.484496,0.090011,0.010002,0.120015,0.295475,0.399347,0.600653,0.124817,0.123876
3266,30,0.484514,0.089971,0.009996,0.119961,0.295557,0.399427,0.600573,0.121112,0.114749
3267,24,0.484069,0.089888,0.010905,0.119851,0.295286,0.399384,0.600616,0.129825,0.130279
3268,30,0.484647,0.08989,0.010121,0.119854,0.295489,0.399354,0.600646,0.099626,0.096937
3269,30,0.485336,0.089791,0.009989,0.119721,0.295163,0.399116,0.600884,0.091048,0.097024
3270,30,0.485407,0.089705,0.00999,0.119607,0.29529,0.399007,0.600993,0.112869,0.115531
3271,24,0.485632,0.089664,0.009995,0.119552,0.295155,0.39886,0.60114,0.109999,0.113797
3272,24,0.485406,0.08966,0.01,0.119547,0.295388,0.398847,0.601153,0.124437,0.123644
3273,24,0.485222,0.089626,0.010128,0.119501,0.295523,0.398801,0.601199,0.129511,0.130093
3274,24,0.485164,0.089615,0.009999,0.119487,0.295735,0.398824,0.601176,0.123356,0.121175
3275,30,0.484965,0.089579,0.009996,0.119438,0.296022,0.398729,0.601271,0.118605,0.120309
3276,24,0.485073,0.089559,0.009998,0.119412,0.295958,0.398584,0.601416,0.117518,0.12044
3277,30,0.485066,0.08956,0.01,0.119413,0.295961,0.398593,0.601407,0.125156,0.123539
3278,24,0.485304,0.089508,0.010054,0.119344,0.29579,0.398363,0.601637,0.107854,0.113213
3279,30,0.485344,0.089439,0.009992,0.119253,0.295972,0.398218,0.601782,0.107675,0.111897
3280,30,0.485697,0.089377,0.009993,0.119169,0.295764,0.398036,0.601964,0.095284,0.098098
3281,24,0.485251,0.089295,0.010902,0.11906,0.295493,0.397927,0.602073,0.121516,0.123267
3282,30,0.485547,0.089349,0.010298,0.119132,0.295673,0.397841,0.602159,0.119557,0.120907
3283,24,0.485922,0.089336,0.009999,0.119115,0.295629,0.397694,0.602306,0.110051,0.113814
3284,30,0.485674,0.089308,0.009997,0.119077,0.295945,0.397619,0.602381,0.120536,0.121393
3285,30,0.485893,0.089269,0.009996,0.119026,0.295817,0.397403,0.602597,0.103522,0.107728
3286,24,0.485773,0.089246,0.009997,0.118995,0.295988,0.397423,0.602577,0.12292,0.120833
3287,30,0.485833,0.089235,0.009999,0.11898,0.295952,0.397364,0.602636,0.122414,0.12291
3288,24,0.486062,0.089195,0.009996,0.118927,0.29582,0.397217,0.602783,0.110023,0.113788
3289,30,0.486128,0.08913,0.010301,0.11884,0.295602,0.397093,0.602907,0.109516,0.112796
3290,24,0.48617,0.089175,0.010005,0.1189,0.295751,0.397188,0.602812,0.116484,0.109883
3291,30,0.486068,0.089156,0.009998,0.118875,0.295903,0.397233,0.602767,0.112613,0.108773
3292,24,0.485963,0.089174,0.010002,0.118899,0.295962,0.397161,0.602839,0.124792,0.124819
3293,30,0.485939,0.08917,0.01005,0.118893,0.295948,0.397217,0.602783,0.126144,0.121727
3294,30,0.485811,0.089163,0.009999,0.118885,0.296142,0.397148,0.602852,0.121134,0.121784
3295,30,0.485853,0.089119,0.009995,0.118825,0.296208,0.397012,0.602988,0.125189,0.128252
3296,24,0.485788,0.089107,0.010127,0.118809,0.296168,0.39697,0.60303,0.129878,0.130304
3297,30,0.485918,0.089036,0.009992,0.118714,0.29634,0.396898,0.603102,0.106783,0.107615
3298,24,0.486089,0.089002,0.01001,0.11867,0.296229,0.396912,0.603088,0.108228,0.10476
3299,24,0.486048,0.088995,0.010095,0.118659,0.296203,0.39687,0.60313,0.129866,0.130294
3300,30,0.486088,0.089004,0.010001,0.118672,0.296235,0.396879,0.603121,0.125156,0.123539
3301,30,0.486253,0.088976,0.009997,0.118634,0.296141,0.396763,0.603237,0.110469,0.113501
3302,30,0.486052,0.088976,0.01,0.118634,0.296338,0.396967,0.603033,0.12328,0.111601
3303,24,0.48643,0.08891,0.009993,0.118547,0.29612,0.396822,0.603178,0.105472,0.109231
3304,30,0.486645,0.088872,0.009996,0.118496,0.295992,0.396828,0.603172,0.096759,0.092207
3305,30,0.486789,0.088846,0.009997,0.118461,0.295907,0.39684,0.60316,0.108911,0.106088
3306,30,0.487008,0.088808,0.009996,0.11841,0.295779,0.396749,0.603251,0.114665,0.116728
3307,30,0.486984,0.088803,0.010044,0.118404,0.295764,0.396765,0.603235,0.126144,0.124515
3308,30,0.487616,0.088696,0.010022,0.118261,0.295406,0.396455,0.603545,0.090923,0.1002
3309,24,0.487958,0.08864,0.009994,0.118187,0.295221,0.396218,0.603782,0.106724,0.112157
3310,30,0.487833,0.088617,0.010248,0.118157,0.295145,0.396185,0.603815,0.119487,0.119806
3311,30,0.487948,0.08864,0.010003,0.118187,0.295222,0.396211,0.603789,0.11852,0.115018
3312,30,0.487901,0.088649,0.010001,0.118199,0.29525,0.396134,0.603866,0.131466,0.132418
3313,24,0.488192,0.088599,0.009994,0.118132,0.295083,0.396096,0.603904,0.106267,0.104558
3314,30,0.488071,0.088577,0.010241,0.118102,0.29501,0.396051,0.603949,0.136138,0.136904
3315,24,0.487947,0.088554,0.009997,0.118072,0.295429,0.396003,0.603997,0.120922,0.121592
3316,30,0.487944,0.088523,0.010178,0.118031,0.295324,0.395987,0.604013,0.122876,0.12248
3317,24,0.487759,0.088489,0.010308,0.117986,0.295458,0.395941,0.604059,0.129511,0.130078
3318,30,0.487805,0.088498,0.010001,0.117997,0.2957,0.395853,0.604147,0.119237,0.120686
3319,30,0.487533,0.088457,0.010503,0.117943,0.295564,0.395936,0.604064,0.127108,0.121633
3320,30,0.48751,0.088453,0.010551,0.117937,0.29555,0.39607,0.60393,0.126143,0.117504
3321,30,0.487373,0.088428,0.010828,0.117904,0.295467,0.396089,0.603911,0.11946,0.1155
3322,30,0.487776,0.088424,0.010447,0.117899,0.295455,0.395965,0.604035,0.109572,0.112808
3323,30,0.488499,0.088376,0.009995,0.117835,0.295295,0.395644,0.604356,0.088419,0.098379
3324,30,0.488497,0.088376,0.01,0.117834,0.295293,0.395559,0.604441,0.119556,0.120886
3325,24,0.488272,0.088372,0.01,0.117829,0.295527,0.395547,0.604453,0.124457,0.123656
3326,24,0.48823,0.088364,0.010085,0.117819,0.295502,0.395505,0.604495,0.129866,0.130289
3327,24,0.488263,0.088331,0.009996,0.117774,0.295636,0.395486,0.604514,0.118919,0.118339
3328,24,0.488592,0.088273,0.009993,0.117697,0.295444,0.395249,0.604751,0.10672,0.112131
3329,24,0.489147,0.088176,0.009989,0.117568,0.29512,0.394964,0.605036,0.095091,0.103535
3330,30,0.488695,0.088095,0.010902,0.11746,0.294847,0.39493,0.60507,0.126101,0.126436
3331,24,0.488789,0.088149,0.010257,0.117531,0.295274,0.394918,0.605082,0.13277,0.13197
3332,30,0.488356,0.08807,0.011134,0.117427,0.295012,0.394914,0.605086,0.136081,0.134083
3333,30,0.488282,0.088074,0.010974,0.117432,0.295238,0.394845,0.605155,0.121138,0.121768
3334,24,0.48824,0.088066,0.011059,0.117422,0.295213,0.394738,0.605262,0.121556,0.123256
3335,24,0.488634,0.088099,0.010481,0.117465,0.295322,0.394657,0.605343,0.117577,0.119482
3336,30,0.488687,0.088034,0.010386,0.117379,0.295514,0.39461,0.60539,0.124205,0.122942
3337,24,0.489103,0.088029,0.009999,0.117372,0.295496,0.394464,0.605536,0.110014,0.11374
3338,30,0.48908,0.088025,0.010047,0.117366,0.295482,0.39448,0.60552,0.126144,0.12452
3339,30,0.489111,0.088027,0.01,0.11737,0.295491,0.394506,0.605494,0.119029,0.115924
3340,30,0.489384,0.08798,0.009995,0.117307,0.295333,0.394407,0.605593,0.113693,0.115975
3341,24,0.489385,0.087979,0.01,0.117306,0.29533,0.394452,0.605548,0.114977,0.110407
3342,30,0.489212,0.088009,0.010003,0.117346,0.29543,0.394556,0.605444,0.127163,0.119417
3343,30,0.489009,0.088045,0.010004,0.117393,0.295549,0.394557,0.605443,0.127598,0.125089
3344,24,0.488907,0.088063,0.010002,0.117417,0.29561,0.394549,0.605451,0.133137,0.132195
3345,30,0.488717,0.088026,0.009996,0.117368,0.295894,0.394551,0.605449,0.124715,0.123585
3346,30,0.48886,0.088,0.009997,0.117334,0.295809,0.394545,0.605455,0.1155,0.113401
3347,24,0.488738,0.087978,0.009998,0.117305,0.295982,0.3945,0.6055,0.129527,0.13008
3348,30,0.488736,0.087978,0.01,0.117304,0.295981,0.394549,0.605451,0.112943,0.108983
3349,30,0.488966,0.087935,0.010017,0.117246,0.295836,0.394513,0.605487,0.1252,0.123439
3350,30,0.489149,0.087875,0.010176,0.117166,0.295634,0.39445,0.60555,0.107576,0.108086
3351,24,0.489396,0.087863,0.009999,0.11715,0.295593,0.394313,0.605687,0.119381,0.122859
3352,30,0.489549,0.087836,0.009997,0.117115,0.295503,0.394107,0.605893,0.104244,0.108001
3353,24,0.489548,0.087836,0.01,0.117114,0.295502,0.394066,0.605934,0.121628,0.122007
3354,24,0.489506,0.087828,0.010085,0.117104,0.295477,0.393959,0.606041,0.121558,0.12325
3355,24,0.489774,0.087797,0.009996,0.117062,0.295371,0.393813,0.606187,0.109981,0.113703
3356,30,0.489676,0.087776,0.009998,0.117035,0.295515,0.393836,0.606164,0.11871,0.115729
3357,24,0.489675,0.087776,0.01,0.117034,0.295515,0.393795,0.606205,0.121628,0.12201
3358,24,0.489571,0.087794,0.010002,0.117058,0.295575,0.393724,0.606276,0.1248,0.124802
3359,24,0.489902,0.087737,0.009994,0.116983,0.295384,0.39364,0.60636,0.100467,0.099852
3360,30,0.490044,0.087712,0.009997,0.116949,0.295299,0.393508,0.606492,0.125491,0.128392
3361,30,0.490209,0.087649,0.009993,0.116865,0.295285,0.393491,0.606509,0.111036,0.108525
3362,24,0.48986,0.087623,0.009997,0.11683,0.29569,0.393476,0.606524,0.124098,0.123421
3363,30,0.489658,0.087587,0.009996,0.116782,0.295978,0.393498,0.606502,0.118635,0.115716
3364,30,0.489888,0.087546,0.009995,0.116729,0.295842,0.393348,0.606652,0.107903,0.109842
3365,30,0.489886,0.087546,0.01,0.116728,0.29584,0.393379,0.606621,0.119487,0.116265
3366,24,0.489963,0.087533,0.009998,0.11671,0.295796,0.393263,0.606737,0.119761,0.121182
3367,24,0.489841,0.087511,0.009998,0.116681,0.295969,0.393218,0.606782,0.121219,0.121758
3368,30,0.489648,0.087474,0.009996,0.116631,0.296251,0.393236,0.606764,0.118113,0.11534
3369,30,0.489624,0.087469,0.010044,0.116626,0.296237,0.393252,0.606748,0.126144,0.124523
3370,30,0.489318,0.087459,0.009999,0.116612,0.296613,0.393307,0.606693,0.130584,0.126086
3371,30,0.489464,0.087434,0.009997,0.116578,0.296527,0.393109,0.606891,0.105602,0.109472
3372,30,0.489463,0.087433,0.01,0.116578,0.296527,0.393158,0.606842,0.112874,0.108944
3373,30,0.489609,0.087408,0.009997,0.116544,0.296441,0.39296,0.60704,0.105586,0.109459
3374,24,0.489791,0.087376,0.009996,0.116502,0.296334,0.39296,0.60704,0.10992,0.106783
3375,24,0.489896,0.087316,0.009993,0.116421,0.296375,0.392811,0.607189,0.109634,0.113477
3376,30,0.489892,0.087315,0.01,0.11642,0.296373,0.39286,0.60714,0.112885,0.10895
3377,30,0.489901,0.087314,0.01,0.116418,0.296368,0.392872,0.607128,0.125632,0.124142
3378,30,0.489852,0.087322,0.010001,0.116429,0.296396,0.392807,0.607193,0.121469,0.121951
3379,30,0.489805,0.087262,0.010389,0.11635,0.296193,0.392652,0.607348,0.112156,0.115995
3380,24,0.490223,0.087257,0.009999,0.116343,0.296177,0.392506,0.607494,0.109952,0.113662
3381,24,0.490448,0.087219,0.009996,0.116292,0.296046,0.39236,0.60764,0.118278,0.121983
3382,30,0.490686,0.087177,0.009995,0.116237,0.295905,0.392364,0.607636,0.115235,0.111925
3383,24,0.490254,0.087101,0.010619,0.116134,0.295892,0.392319,0.607681,0.129486,0.130047
3384,24,0.490352,0.087118,0.010421,0.116158,0.295951,0.392278,0.607722,0.121585,0.12198
3385,24,0.490451,0.087136,0.010223,0.116181,0.29601,0.392318,0.607682,0.121572,0.116283
3386,30,0.49056,0.087155,0.010002,0.116207,0.296076,0.392335,0.607665,0.126202,0.124557
3387,30,0.490818,0.087111,0.009995,0.116148,0.295927,0.392235,0.607765,0.113346,0.115421
3388,24,0.491145,0.087054,0.009993,0.116073,0.295734,0.392166,0.607834,0.098391,0.097173
3389,24,0.491473,0.086997,0.009993,0.115996,0.29554,0.392082,0.607918,0.100041,0.09916
3390,30,0.491681,0.086943,0.010095,0.115924,0.295357,0.391909,0.608091,0.116829,0.119817
3391,24,0.491382,0.086926,0.009998,0.115902,0.295793,0.391894,0.608106,0.13241,0.131748
3392,30,0.491224,0.086877,0.01044,0.115835,0.295624,0.391944,0.608056,0.133815,0.128779
3393,24,0.491216,0.086911,0.010004,0.115881,0.295988,0.391932,0.608068,0.132778,0.131972
3394,24,0.491114,0.086929,0.010002,0.115905,0.296049,0.391862,0.608138,0.124822,0.1248
3395,30,0.49133,0.086892,0.009996,0.115857,0.295925,0.391739,0.608261,0.109566,0.112753
3396,24,0.491277,0.086901,0.010001,0.115868,0.295953,0.391798,0.608202,0.123216,0.117049
3397,30,0.491277,0.086901,0.01,0.115868,0.295954,0.39183,0.60817,0.119542,0.116302
3398,30,0.491286,0.0869,0.01,0.115866,0.295949,0.391857,0.608143,0.119029,0.115929
3399,24,0.491286,0.0869,0.01,0.115866,0.295949,0.391816,0.608184,0.129924,0.130314
3400,24,0.491286,0.0869,0.01,0.115866,0.295949,0.391844,0.608156,0.123695,0.121392
3401,24,0.491164,0.086878,0.009998,0.115837,0.296123,0.391869,0.608131,0.123373,0.121198
3402,30,0.491139,0.086882,0.01,0.115843,0.296136,0.392035,0.607965,0.113882,0.104194
3403,30,0.491322,0.086817,0.009993,0.115756,0.296112,0.391846,0.608154,0.103705,0.108832
3404,24,0.490871,0.086737,0.010902,0.11565,0.29584,0.391739,0.608261,0.121516,0.123202
3405,30,0.490745,0.086715,0.011156,0.11562,0.295764,0.391706,0.608294,0.119484,0.11979
3406,30,0.490992,0.086761,0.010431,0.115681,0.296134,0.39173,0.60827,0.118213,0.114847
3407,30,0.490836,0.086758,0.01,0.115677,0.29673,0.391922,0.608078,0.121945,0.111009
3408,30,0.491052,0.086721,0.009996,0.115628,0.296604,0.391697,0.608303,0.11341,0.117943
3409,24,0.490929,0.086699,0.009997,0.115599,0.296776,0.391653,0.608347,0.121244,0.121768
3410,24,0.491257,0.086643,0.009994,0.115524,0.296584,0.391417,0.608583,0.106658,0.111988
3411,30,0.4911,0.086632,0.009999,0.115509,0.29676,0.391483,0.608517,0.11454,0.109901
3412,30,0.491075,0.086627,0.01005,0.115503,0.296745,0.391504,0.608496,0.119477,0.115516
3413,24,0.491099,0.086632,0.01,0.115509,0.29676,0.391463,0.608537,0.121612,0.12199
3414,30,0.49145,0.086572,0.009993,0.115429,0.296556,0.391283,0.608717,0.095055,0.097797
3415,24,0.491447,0.086571,0.01,0.115428,0.296554,0.391311,0.608689,0.123683,0.121384
3416,24,0.491555,0.086553,0.009998,0.115404,0.29649,0.391299,0.608701,0.119626,0.118839
3417,30,0.492173,0.086447,0.009988,0.115263,0.296129,0.39099,0.60901,0.090817,0.099937
3418,30,0.492156,0.086444,0.010024,0.115259,0.296118,0.391007,0.608993,0.126144,0.124525
3419,30,0.491769,0.086346,0.010973,0.115128,0.295783,0.39093,0.60907,0.13281,0.134789
3420,30,0.492059,0.086397,0.01039,0.115196,0.295957,0.390989,0.609011,0.126203,0.121801
3421,30,0.492251,0.086431,0.010004,0.115241,0.296073,0.391021,0.608979,0.119542,0.116304
3422,30,0.491815,0.086354,0.010881,0.115139,0.29581,0.390977,0.609023,0.136081,0.136842
3423,24,0.492033,0.086428,0.010238,0.115238,0.296063,0.391074,0.608926,0.116514,0.109959
3424,30,0.492233,0.08643,0.010026,0.11524,0.29607,0.390973,0.609027,0.117415,0.119027
3425,24,0.492124,0.086411,0.009998,0.115215,0.296252,0.390998,0.609002,0.123344,0.121182
3426,24,0.492094,0.086328,0.010508,0.115104,0.295966,0.390851,0.609149,0.118158,0.121895
3427,24,0.492347,0.086371,0.010005,0.115162,0.296115,0.390876,0.609124,0.1233,0.121083
3428,30,0.492252,0.086352,0.009998,0.115136,0.296262,0.3909,0.6091,0.11871,0.115736
3429,30,0.492842,0.086242,0.01004,0.11499,0.295886,0.390591,0.609409,0.090697,0.099836
3430,24,0.492759,0.086263,0.010002,0.115018,0.295958,0.390583,0.609417,0.13315,0.132199
3431,24,0.49276,0.086263,0.01,0.115018,0.295959,0.390543,0.609457,0.121612,0.121987
3432,30,0.492558,0.086228,0.009996,0.114971,0.296247,0.390566,0.609434,0.118646,0.115737
3433,30,0.492355,0.086192,0.009996,0.114923,0.296534,0.390589,0.609411,0.118646,0.115737
3434,24,0.492512,0.086165,0.009997,0.114887,0.29644,0.390453,0.609547,0.119404,0.122816
3435,24,0.492469,0.086158,0.010082,0.114877,0.296414,0.390412,0.609588,0.129866,0.130269
3436,24,0.492336,0.086152,0.009999,0.11487,0.296642,0.390468,0.609532,0.12285,0.116861
3437,30,0.492336,0.086152,0.01,0.11487,0.296642,0.3905,0.6095,0.119588,0.116332
3438,24,0.492233,0.08617,0.010002,0.114893,0.296702,0.390431,0.609569,0.124822,0.124793
3439,30,0.49214,0.086186,0.010002,0.114914,0.296758,0.390539,0.609461,0.1241,0.117591
3440,30,0.491828,0.086155,0.010293,0.114874,0.29685,0.39069,0.60931,0.129455,0.120102
3441,30,0.491612,0.086142,0.010587,0.114856,0.296804,0.390845,0.609155,0.12975,0.120241
3442,24,0.492114,0.086117,0.01023,0.114822,0.296717,0.390739,0.609261,0.106659,0.107011
3443,24,0.492072,0.086109,0.010315,0.114812,0.296691,0.390698,0.609302,0.121558,0.121952
3444,24,0.492558,0.08608,0.009997,0.114774,0.296591,0.390585,0.609415,0.108407,0.110835
3445,30,0.492557,0.08608,0.01,0.114773,0.29659,0.390553,0.609447,0.119545,0.119827
3446,30,0.49246,0.08606,0.009998,0.114747,0.296736,0.390577,0.609423,0.11871,0.115736
3447,30,0.492271,0.085953,0.010803,0.114604,0.296368,0.390442,0.609558,0.126059,0.129724
3448,30,0.492465,0.085987,0.010004,0.11465,0.296894,0.390465,0.609535,0.118649,0.115738
3449,30,0.49237,0.085968,0.009998,0.114624,0.297041,0.390489,0.609511,0.11871,0.115728
3450,30,0.492625,0.085924,0.009995,0.114565,0.29689,0.390388,0.609612,0.113206,0.115314
3451,30,0.492703,0.085874,0.009994,0.114498,0.296931,0.390327,0.609673,0.12579,0.125524
3452,24,0.492597,0.085891,0.010002,0.114521,0.29699,0.39032,0.60968,0.124841,0.12388
3453,30,0.492836,0.085851,0.009995,0.114468,0.296851,0.390325,0.609675,0.115214,0.11191
3454,30,0.492833,0.08585,0.01,0.114467,0.296849,0.390293,0.609707,0.119545,0.119825
3455,30,0.493005,0.08579,0.010176,0.114387,0.296642,0.39015,0.60985,0.107531,0.111554
3456,24,0.492552,0.085711,0.011085,0.114282,0.296369,0.390044,0.609956,0.121516,0.123182
3457,24,0.492649,0.085764,0.010439,0.114351,0.296797,0.390033,0.609967,0.124474,0.123656
3458,30,0.49268,0.085785,0.010282,0.114381,0.296872,0.389969,0.610031,0.121464,0.121936
3459,24,0.493027,0.085733,0.009994,0.11431,0.296936,0.389852,0.610148,0.108012,0.110578
3460,30,0.493184,0.085696,0.010047,0.114262,0.296811,0.389776,0.610224,0.116054,0.117525
3461,24,0.493415,0.085623,0.009991,0.114165,0.296805,0.389659,0.610341,0.108026,0.110587
3462,24,0.493373,0.085616,0.010077,0.114155,0.296779,0.389618,0.610382,0.129866,0.130264
3463,30,0.493314,0.085603,0.009998,0.114137,0.296948,0.389642,0.610358,0.118709,0.115739
3464,30,0.493094,0.085545,0.010556,0.11406,0.296746,0.389572,0.610428,0.132269,0.133187
3465,30,0.493867,0.085508,0.009996,0.114011,0.296619,0.389355,0.610645,0.09094,0.094865
3466,30,0.49374,0.085486,0.01025,0.113981,0.296542,0.389323,0.610677,0.119487,0.119785
3467,30,0.493285,0.085407,0.011163,0.113876,0.296269,0.38929,0.61071,0.126101,0.126418
3468,30,0.493369,0.085419,0.010796,0.113892,0.296524,0.389299,0.610701,0.12531,0.123961
3469,30,0.49384,0.085413,0.010146,0.113884,0.296718,0.389195,0.610805,0.112879,0.115096
3470,30,0.493763,0.085408,0.010252,0.113877,0.2967,0.389228,0.610772,0.120485,0.116053
3471,24,0.493721,0.0854,0.010337,0.113867,0.296674,0.389187,0.610813,0.129866,0.130261
3472,30,0.493839,0.085437,0.010004,0.113917,0.296802,0.389257,0.610743,0.114837,0.110103
3473,30,0.494005,0.085374,0.009993,0.113832,0.296796,0.389155,0.610845,0.113367,0.115711
3474,30,0.494153,0.08523,0.010681,0.11364,0.296296,0.388822,0.611178,0.104714,0.114991
3475,24,0.494493,0.085288,0.010007,0.113717,0.296496,0.388847,0.611153,0.1233,0.121087
3476,30,0.494851,0.085228,0.009993,0.113638,0.29629,0.388667,0.611333,0.095033,0.097797
3477,24,0.494728,0.085206,0.009997,0.113608,0.29646,0.388688,0.611312,0.122932,0.120862
3478,24,0.494607,0.085185,0.009997,0.11358,0.296632,0.388709,0.611291,0.122932,0.120862
3479,24,0.494606,0.085184,0.01,0.113579,0.296631,0.388669,0.611331,0.121587,0.121965
3480,24,0.494606,0.085184,0.01,0.113579,0.296631,0.388629,0.611371,0.121612,0.12198
3481,24,0.494606,0.085184,0.01,0.113579,0.296631,0.388589,0.611411,0.129949,0.130307
3482,30,0.4942,0.085184,0.01,0.113578,0.297038,0.388572,0.611428,0.136688,0.134926
3483,24,0.494424,0.085146,0.009996,0.113528,0.296906,0.388427,0.611573,0.118236,0.121899
3484,30,0.494548,0.085124,0.009997,0.113499,0.296831,0.388361,0.611639,0.098036,0.096433
3485,30,0.494751,0.085066,0.010136,0.113421,0.296626,0.388198,0.611802,0.105982,0.111059
3486,30,0.494771,0.085085,0.010002,0.113447,0.296694,0.388268,0.611732,0.114851,0.11012
3487,30,0.494618,0.085075,0.009999,0.113434,0.296874,0.388241,0.611759,0.137775,0.137801
3488,30,0.49478,0.08504,0.01004,0.113387,0.296752,0.388223,0.611777,0.116089,0.114146
3489,30,0.494653,0.085019,0.010294,0.113358,0.296676,0.388191,0.611809,0.119487,0.119781
3490,30,0.49453,0.084997,0.010132,0.11333,0.297011,0.388138,0.611862,0.135232,0.13631
3491,24,0.494217,0.084944,0.010758,0.113258,0.296823,0.388097,0.611903,0.129853,0.130254
3492,30,0.494897,0.084907,0.010291,0.11321,0.296696,0.387857,0.612143,0.097408,0.104927
3493,24,0.495369,0.084877,0.009996,0.113169,0.296589,0.387776,0.612224,0.100035,0.099094
3494,24,0.495589,0.084839,0.009996,0.113119,0.296457,0.387631,0.612369,0.109886,0.113532
3495,24,0.49497,0.084733,0.011233,0.112977,0.296087,0.38759,0.61241,0.129808,0.130222
3496,30,0.495189,0.084707,0.011168,0.112942,0.295995,0.387369,0.612631,0.113694,0.118138
3497,24,0.495165,0.084737,0.01052,0.112983,0.296596,0.387355,0.612645,0.124114,0.123434
3498,24,0.495496,0.084741,0.010169,0.112987,0.296608,0.387166,0.612834,0.111005,0.114431
3499,24,0.495355,0.084751,0.010001,0.113002,0.296892,0.387155,0.612845,0.13279,0.131975
3500,30,0.495341,0.084749,0.010029,0.112998,0.296883,0.387072,0.612928,0.119498,0.120775
3501,24,0.495252,0.084768,0.010002,0.113025,0.296952,0.387065,0.612935,0.133146,0.132189
3502,30,0.49549,0.084729,0.009995,0.112972,0.296814,0.387013,0.612987,0.108543,0.108599
3503,30,0.495511,0.084684,0.010236,0.112912,0.296657,0.387133,0.612867,0.108757,0.100767
3504,24,0.495403,0.0847,0.010002,0.112934,0.296961,0.387122,0.612878,0.13279,0.131975
3505,24,0.495666,0.084657,0.009995,0.112875,0.296807,0.387019,0.612981,0.109452,0.111587
3506,24,0.495804,0.084591,0.009992,0.112788,0.296825,0.386912,0.613088,0.109101,0.111381
3507,24,0.495802,0.08459,0.01,0.112787,0.296821,0.386937,0.613063,0.123287,0.121081
3508,24,0.495578,0.084586,0.01,0.112782,0.297055,0.386927,0.613073,0.124482,0.123658
3509,30,0.495354,0.084591,0.01,0.112787,0.297267,0.387038,0.612962,0.124287,0.117743
3510,30,0.495152,0.084625,0.010004,0.112833,0.297386,0.38708,0.61292,0.144283,0.141473
3511,30,0.495751,0.084519,0.01002,0.112693,0.297017,0.386723,0.613277,0.090687,0.101601
3512,24,0.495582,0.084525,0.010154,0.1127,0.297037,0.386716,0.613284,0.133104,0.132165
3513,30,0.495505,0.084528,0.01,0.112704,0.297262,0.386701,0.613299,0.121162,0.120735
3514,30,0.495505,0.084528,0.01,0.112704,0.297262,0.386734,0.613266,0.119542,0.11632
3515,24,0.495505,0.084528,0.01,0.112704,0.297262,0.386763,0.613237,0.123724,0.121428
3516,30,0.495066,0.084453,0.010877,0.112604,0.296999,0.386719,0.613281,0.136081,0.136828
3517,24,0.495413,0.084512,0.010185,0.112683,0.297207,0.386679,0.613321,0.129923,0.130287
3518,30,0.495551,0.08452,0.010001,0.112694,0.297234,0.386705,0.613295,0.122512,0.11927
3519,30,0.495584,0.084515,0.009999,0.112687,0.297215,0.386829,0.613171,0.124663,0.116637
3520,30,0.495628,0.084471,0.009995,0.112629,0.297277,0.386818,0.613182,0.114625,0.112787
3521,30,0.495626,0.084471,0.01,0.112628,0.297275,0.386836,0.613164,0.126202,0.124563
3522,30,0.495894,0.084426,0.009995,0.112568,0.297117,0.386737,0.613263,0.113619,0.11584
3523,30,0.496237,0.084368,0.009993,0.11249,0.296912,0.386534,0.613466,0.101652,0.106967
3524,30,0.496132,0.084384,0.010002,0.112512,0.296969,0.386657,0.613343,0.140245,0.132058
3525,30,0.495759,0.084337,0.010245,0.112449,0.297211,0.386667,0.613333,0.137144,0.134653
3526,30,0.495843,0.084351,0.010077,0.112468,0.297261,0.386699,0.613301,0.119487,0.116284
3527,24,0.495387,0.084273,0.010987,0.112365,0.296988,0.386658,0.613342,0.129825,0.130227
3528,30,0.495264,0.084252,0.010824,0.112337,0.297324,0.386816,0.613184,0.118604,0.109383
3529,30,0.495652,0.08427,0.01033,0.112361,0.297387,0.38683,0.61317,0.108819,0.106044
3530,30,0.495873,0.084289,0.010002,0.112385,0.297451,0.386774,0.613226,0.115794,0.116172
3531,30,0.496078,0.084236,0.010107,0.112314,0.297265,0.38668,0.61332,0.114142,0.116228
3532,24,0.496354,0.084208,0.009997,0.112277,0.297165,0.386535,0.613465,0.109877,0.113519
3533,30,0.49589,0.084129,0.010921,0.112172,0.296888,0.386451,0.613549,0.119432,0.120727
3534,24,0.496151,0.084155,0.010012,0.112207,0.297474,0.386506,0.613494,0.120951,0.116156
3535,24,0.496157,0.084156,0.01,0.112208,0.297478,0.386402,0.613598,0.121572,0.12318
3536,30,0.495955,0.084122,0.009996,0.112162,0.297765,0.38641,0.61359,0.125258,0.123984
3537,24,0.495708,0.08408,0.009995,0.112107,0.298111,0.386363,0.613637,0.129213,0.129849
3538,24,0.49597,0.084035,0.009995,0.112047,0.297953,0.386188,0.613812,0.11526,0.120123
3539,30,0.496135,0.084007,0.009997,0.112009,0.297852,0.386257,0.613743,0.114029,0.107581
3540,30,0.49593,0.083972,0.009996,0.111963,0.298138,0.386281,0.613719,0.118642,0.115741
3541,30,0.496398,0.083894,0.009991,0.111858,0.297859,0.38607,0.61393,0.091404,0.095198
3542,30,0.496653,0.08385,0.009995,0.1118,0.297703,0.385977,0.614023,0.114225,0.116271
3543,30,0.49665,0.083849,0.01,0.111799,0.297701,0.386038,0.613962,0.119545,0.115138
3544,24,0.496405,0.083808,0.009995,0.111744,0.298048,0.385991,0.614009,0.129213,0.129846
3545,30,0.496381,0.083804,0.010043,0.111738,0.298034,0.386008,0.613992,0.126144,0.124535
3546,30,0.496447,0.083764,0.009995,0.111686,0.298107,0.385997,0.614003,0.114631,0.112797
3547,30,0.496339,0.083746,0.009998,0.111661,0.298256,0.386027,0.613973,0.119276,0.11616
3548,24,0.496337,0.083746,0.01,0.111661,0.298256,0.386056,0.613944,0.12367,0.121394
3549,24,0.496504,0.083699,0.010107,0.111599,0.29809,0.385911,0.614089,0.118175,0.121817
3550,30,0.496238,0.083693,0.009999,0.111591,0.298478,0.385924,0.614076,0.123557,0.121819
3551,30,0.496114,0.083673,0.010246,0.111564,0.298404,0.385881,0.614119,0.136138,0.136862
3552,24,0.496114,0.083673,0.01,0.111563,0.29865,0.385837,0.614163,0.129547,0.130055
3553,30,0.496301,0.083641,0.009996,0.111522,0.298539,0.38563,0.61437,0.103874,0.107777
3554,30,0.496299,0.083641,0.01,0.111522,0.298538,0.385663,0.614337,0.119542,0.11632
3555,30,0.495971,0.083628,0.009998,0.111504,0.298899,0.385768,0.614232,0.12366,0.117328
3556,24,0.496476,0.083544,0.00999,0.111392,0.298599,0.385642,0.614358,0.094918,0.095368
3557,30,0.496373,0.083524,0.009998,0.111365,0.298741,0.385651,0.614349,0.125307,0.123956
3558,30,0.496372,0.083523,0.01,0.111364,0.298741,0.385568,0.614432,0.119556,0.120803
3559,30,0.49616,0.083417,0.010841,0.111223,0.29836,0.385445,0.614555,0.116042,0.119211
3560,30,0.496192,0.083438,0.010683,0.111251,0.298436,0.385422,0.614578,0.138092,0.137994
3561,24,0.496286,0.083454,0.010002,0.111272,0.298986,0.385444,0.614556,0.123002,0.120983
3562,24,0.496164,0.083434,0.009998,0.111245,0.29916,0.3854,0.6146,0.129522,0.130038
3563,24,0.496163,0.083433,0.01,0.111244,0.299159,0.385448,0.614552,0.115351,0.111085
3564,30,0.495712,0.083357,0.0109,0.111143,0.298887,0.385353,0.614647,0.129412,0.131134
3565,24,0.496259,0.083375,0.010002,0.111167,0.299197,0.385205,0.614795,0.117895,0.121632
3566,24,0.496035,0.083372,0.01,0.111162,0.299432,0.385195,0.614805,0.132785,0.13197
3567,24,0.496035,0.083372,0.01,0.111162,0.299432,0.385243,0.614757,0.115347,0.111086
3568,24,0.49624,0.083297,0.009991,0.111062,0.29941,0.385127,0.614873,0.107966,0.110487
3569,30,0.495782,0.08322,0.010904,0.11096,0.299134,0.385137,0.614863,0.126101,0.123668
3570,24,0.496233,0.083295,0.010009,0.11106,0.299403,0.385185,0.614815,0.114976,0.110446
3571,24,0.496238,0.083296,0.01,0.111061,0.299406,0.385214,0.614786,0.12367,0.121396
3572,30,0.49645,0.083261,0.009996,0.111014,0.29928,0.385092,0.614908,0.116155,0.119281
3573,30,0.496436,0.083258,0.010023,0.111011,0.299271,0.385009,0.614991,0.119498,0.120759
3574,24,0.496345,0.083277,0.010002,0.111036,0.299339,0.384942,0.615058,0.124834,0.124759
3575,24,0.496346,0.083277,0.01,0.111036,0.29934,0.384971,0.615029,0.123712,0.121423
3576,30,0.496299,0.083285,0.010001,0.111047,0.299368,0.384948,0.615052,0.138093,0.13799
3577,30,0.496252,0.083293,0.010001,0.111058,0.299397,0.384885,0.615115,0.121464,0.121908
3578,30,0.496098,0.083283,0.009999,0.111044,0.299575,0.384819,0.615181,0.121155,0.121714
3579,30,0.496155,0.083206,0.009991,0.110942,0.299707,0.384717,0.615283,0.113297,0.115686
3580,30,0.496692,0.083116,0.009989,0.110821,0.299382,0.384552,0.615448,0.086164,0.089363
3581,24,0.496564,0.083095,0.009997,0.110793,0.299552,0.384509,0.615491,0.121268,0.121754
3582,24,0.496337,0.083091,0.01,0.110788,0.299785,0.384499,0.615501,0.124481,0.123655
3583,24,0.495901,0.083018,0.010623,0.11069,0.299768,0.384455,0.615545,0.129481,0.13001
3584,30,0.496423,0.083034,0.010002,0.110712,0.299828,0.384453,0.615547,0.101916,0.098442
3585,30,0.496482,0.083025,0.009999,0.1107,0.299794,0.384397,0.615603,0.115787,0.11616
3586,24,0.49643,0.083033,0.010001,0.110711,0.299824,0.38446,0.61554,0.123222,0.117099
3587,24,0.496588,0.083008,0.009997,0.110677,0.299731,0.384326,0.615674,0.111074,0.114394
3588,30,0.497172,0.082911,0.009988,0.110548,0.299381,0.383973,0.616027,0.084495,0.095272
3589,30,0.496889,0.08292,0.010001,0.11056,0.299629,0.384079,0.615921,0.12691,0.119406
3590,24,0.497112,0.082884,0.009996,0.110511,0.299497,0.383935,0.616065,0.109926,0.113508
3591,30,0.497086,0.082887,0.01,0.110516,0.29951,0.383932,0.616068,0.130501,0.127574
3592,24,0.497089,0.082887,0.01,0.110516,0.299509,0.383981,0.616019,0.114976,0.110451
3593,24,0.496987,0.082904,0.010002,0.110538,0.29957,0.383975,0.616025,0.124854,0.123885
3594,30,0.496902,0.082821,0.01017,0.110428,0.299679,0.383831,0.616169,0.114144,0.118225
3595,24,0.497313,0.082781,0.009995,0.110375,0.299536,0.383719,0.616281,0.108311,0.110674
3596,24,0.497086,0.082777,0.01,0.110369,0.299768,0.383649,0.616351,0.124466,0.124488
3597,30,0.49706,0.082773,0.01005,0.110364,0.299753,0.383674,0.616326,0.119477,0.115533
3598,30,0.496933,0.082752,0.010305,0.110335,0.299676,0.383642,0.616358,0.119487,0.119765
3599,30,0.49693,0.082767,0.010002,0.110356,0.299945,0.38371,0.61629,0.114533,0.10995
3600,24,0.496934,0.082767,0.01,0.110356,0.299944,0.383736,0.616264,0.123299,0.1211
3601,30,0.49673,0.082733,0.009996,0.11031,0.300231,0.383745,0.616255,0.125249,0.123987
3602,24,0.496728,0.082732,0.01,0.11031,0.300229,0.383706,0.616294,0.1216,0.12195
3603,24,0.49651,0.082696,0.009996,0.110261,0.300537,0.383668,0.616332,0.116912,0.117133
3604,24,0.496474,0.082617,0.010506,0.110155,0.300248,0.383523,0.616477,0.118115,0.121748
3605,24,0.496432,0.082609,0.010591,0.110146,0.300222,0.383483,0.616517,0.129865,0.130239
3606,24,0.496673,0.08265,0.010109,0.1102,0.300368,0.383443,0.616557,0.129922,0.13028
3607,24,0.496625,0.082675,0.010003,0.110234,0.300462,0.383437,0.616563,0.13315,0.13219
3608,30,0.496715,0.08263,0.009994,0.110173,0.300488,0.383382,0.616618,0.123105,0.122385
3609,24,0.496715,0.082629,0.01,0.110172,0.300485,0.383431,0.616569,0.114962,0.110444
3610,30,0.496274,0.082556,0.010877,0.110074,0.300219,0.383388,0.616612,0.136081,0.136812
3611,24,0.496442,0.082525,0.010894,0.110033,0.300106,0.383406,0.616594,0.108166,0.104733
3612,30,0.496858,0.082547,0.010003,0.110062,0.300531,0.383326,0.616674,0.107209,0.107806
3613,30,0.49673,0.082526,0.010257,0.110034,0.300453,0.383243,0.616757,0.119487,0.120737
3614,24,0.496697,0.08252,0.010104,0.110027,0.300653,0.38317,0.61683,0.126501,0.128118
3615,24,0.496654,0.082513,0.010189,0.110017,0.300627,0.38313,0.61687,0.121558,0.121923
3616,24,0.496587,0.082519,0.010001,0.110025,0.300868,0.383124,0.616876,0.128141,0.125971
3617,30,0.496148,0.082446,0.010878,0.109927,0.300602,0.383081,0.616919,0.136081,0.13681
3618,24,0.496639,0.082475,0.010208,0.109967,0.30071,0.382947,0.617053,0.119375,0.122684
3619,24,0.497069,0.082439,0.009996,0.109919,0.300577,0.382835,0.617165,0.108344,0.110699
3620,30,0.497349,0.082392,0.009994,0.109857,0.300408,0.382764,0.617236,0.106355,0.105436
3621,30,0.497298,0.0824,0.010001,0.109866,0.300435,0.382753,0.617247,0.12147,0.120924
3622,30,0.497251,0.082408,0.010001,0.109877,0.300463,0.382691,0.617309,0.12147,0.121893
3623,24,0.497254,0.082407,0.01,0.109876,0.300462,0.382717,0.617283,0.123299,0.121101
3624,30,0.497263,0.082406,0.01,0.109875,0.300457,0.382746,0.617254,0.119016,0.115945
3625,24,0.497161,0.082423,0.010002,0.109897,0.300518,0.38274,0.61726,0.133162,0.132201
3626,24,0.497164,0.082422,0.01,0.109897,0.300517,0.382766,0.617234,0.123287,0.121091
3627,30,0.497164,0.082422,0.01,0.109897,0.300517,0.382672,0.617328,0.129478,0.131155
3628,24,0.497057,0.082404,0.009998,0.109872,0.300669,0.382665,0.617335,0.119893,0.118945
3629,30,0.497243,0.082373,0.009996,0.109831,0.300557,0.382593,0.617407,0.097189,0.095934
3630,24,0.497242,0.082373,0.01,0.10983,0.300555,0.382642,0.617358,0.115347,0.111098
3631,24,0.497244,0.082372,0.01,0.10983,0.300554,0.382668,0.617332,0.123287,0.121091
3632,24,0.496923,0.082353,0.009998,0.109804,0.300922,0.382595,0.617405,0.12635,0.127888
3633,24,0.496881,0.082346,0.010083,0.109794,0.300896,0.38264,0.61736,0.121558,0.116316
3634,24,0.496923,0.082316,0.009996,0.109755,0.301009,0.382592,0.617408,0.1158,0.116341
3635,24,0.496865,0.082289,0.009997,0.109719,0.30113,0.382735,0.617265,0.109951,0.100951
3636,24,0.496864,0.082289,0.01,0.109719,0.301129,0.382696,0.617304,0.121628,0.121966
3637,30,0.496441,0.082219,0.010498,0.109625,0.301216,0.382584,0.617416,0.117829,0.121049
3638,30,0.496412,0.08223,0.010118,0.10964,0.3016,0.382492,0.617508,0.113162,0.115549
3639,24,0.496368,0.082256,0.010003,0.109675,0.301697,0.382486,0.617514,0.133146,0.132188
3640,30,0.496699,0.082203,0.009993,0.109604,0.301501,0.382243,0.617757,0.099644,0.104633
3641,30,0.496908,0.082168,0.009996,0.109557,0.301372,0.382034,0.617966,0.103333,0.107217
3642,30,0.497121,0.082132,0.009996,0.109509,0.301241,0.381945,0.618055,0.114563,0.116511
3643,24,0.497119,0.082132,0.01,0.109509,0.30124,0.381974,0.618026,0.123683,0.12141
3644,24,0.497276,0.082106,0.009997,0.109475,0.301146,0.38184,0.61816,0.119337,0.122645
3645,24,0.497274,0.082106,0.01,0.109475,0.301145,0.381889,0.618111,0.115333,0.111092
3646,30,0.49725,0.08211,0.01,0.10948,0.30116,0.381886,0.618114,0.130501,0.127575
3647,24,0.497473,0.082074,0.009996,0.109431,0.301027,0.381742,0.618258,0.118191,0.121764
3648,30,0.49747,0.082073,0.01,0.109431,0.301026,0.38176,0.61824,0.126202,0.124581
3649,30,0.49759,0.082025,0.010169,0.109367,0.300849,0.381675,0.618325,0.115026,0.116864
3650,30,0.497965,0.081991,0.009996,0.109322,0.300726,0.38144,0.61856,0.100118,0.104689
3651,24,0.497752,0.08199,0.01,0.10932,0.300939,0.3814,0.6186,0.129743,0.130029
3652,24,0.497649,0.082006,0.010002,0.109342,0.301,0.381394,0.618606,0.13315,0.13219
3653,24,0.497777,0.081986,0.009998,0.109315,0.300925,0.381594,0.618406,0.109816,0.098199
3654,30,0.497324,0.081911,0.010898,0.109215,0.300651,0.3815,0.6185,0.129412,0.131097
3655,24,0.497546,0.081981,0.010255,0.109309,0.300909,0.381494,0.618506,0.124854,0.123883
3656,24,0.497676,0.082002,0.010002,0.109336,0.300984,0.381543,0.618457,0.114962,0.110453
3657,24,0.497677,0.082002,0.01,0.109336,0.300985,0.381504,0.618496,0.129907,0.130263
3658,24,0.497575,0.082019,0.010002,0.109358,0.301046,0.381498,0.618502,0.133162,0.1322
3659,30,0.497557,0.082016,0.010038,0.109354,0.301035,0.381516,0.618484,0.126144,0.124543
3660,30,0.497419,0.082016,0.01,0.109354,0.301211,0.381695,0.618305,0.120426,0.110468
3661,24,0.49731,0.081998,0.009998,0.10933,0.301364,0.381622,0.618378,0.126497,0.128102
3662,30,0.497208,0.082014,0.010002,0.109352,0.301424,0.381837,0.618163,0.123621,0.112082
3663,24,0.497107,0.082031,0.010002,0.109375,0.301486,0.381831,0.618169,0.124841,0.123873
3664,30,0.497361,0.08199,0.009995,0.10932,0.301335,0.381733,0.618267,0.113262,0.115256
3665,24,0.497358,0.081989,0.01,0.109319,0.301333,0.381763,0.618237,0.12374,0.121452
3666,30,0.497396,0.081983,0.009999,0.109311,0.301311,0.38172,0.61828,0.118241,0.118863
3667,24,0.497396,0.081983,0.01,0.109311,0.30131,0.381784,0.618216,0.113263,0.108445
3668,24,0.497294,0.082,0.010002,0.109333,0.301372,0.381778,0.618222,0.124854,0.123883
3669,30,0.496853,0.081927,0.010879,0.109236,0.301104,0.381777,0.618223,0.136081,0.134083
3670,30,0.497061,0.081961,0.010465,0.109282,0.30123,0.381684,0.618316,0.129526,0.131174
3671,30,0.497176,0.082003,0.010099,0.109338,0.301384,0.381893,0.618107,0.123157,0.11185
3672,30,0.497374,0.081987,0.009998,0.109316,0.301325,0.381695,0.618305,0.104254,0.107699
3673,24,0.497162,0.081986,0.01,0.109314,0.301539,0.381656,0.618344,0.121443,0.121722
3674,30,0.49699,0.081957,0.009997,0.109276,0.301779,0.381533,0.618467,0.127843,0.131468
3675,30,0.496818,0.081929,0.009997,0.109239,0.302018,0.381507,0.618493,0.104599,0.103412
3676,30,0.496723,0.081944,0.010002,0.109258,0.302073,0.381618,0.618382,0.124121,0.117703
3677,30,0.496637,0.081927,0.009998,0.109236,0.302203,0.381618,0.618382,0.11604,0.11405
3678,24,0.496635,0.081927,0.01,0.109236,0.302202,0.381682,0.618318,0.11328,0.108462
3679,30,0.496962,0.081873,0.009994,0.109165,0.302006,0.381509,0.618491,0.095416,0.098037
3680,24,0.496962,0.081872,0.01,0.109163,0.302003,0.381535,0.618465,0.123299,0.121104
3681,24,0.49675,0.081871,0.01,0.109162,0.302217,0.381495,0.618505,0.129735,0.130029
3682,24,0.49675,0.081871,0.01,0.109161,0.302217,0.381456,0.618544,0.121587,0.121936
3683,30,0.49643,0.081766,0.010953,0.109021,0.301829,0.381363,0.618637,0.126917,0.12855
3684,24,0.49633,0.081714,0.011364,0.108953,0.301639,0.381283,0.618717,0.125799,0.127637
3685,30,0.49637,0.081636,0.011796,0.108848,0.30135,0.38113,0.61887,0.124122,0.128456
3686,30,0.496122,0.081577,0.012402,0.108769,0.301131,0.381073,0.618927,0.122272,0.122691
3687,30,0.496104,0.081574,0.012436,0.108765,0.30112,0.381091,0.618909,0.126139,0.124538
3688,24,0.496475,0.081634,0.011485,0.108845,0.301562,0.381084,0.618916,0.119892,0.118938
3689,30,0.496682,0.081668,0.010878,0.108891,0.30188,0.380974,0.619026,0.116603,0.118865
3690,24,0.496904,0.081738,0.010235,0.108984,0.302139,0.380968,0.619032,0.124854,0.123881
3691,30,0.497026,0.081756,0.010002,0.109008,0.302206,0.380908,0.619092,0.13324,0.133856
3692,30,0.496655,0.081761,0.010001,0.109015,0.302569,0.380825,0.619175,0.129323,0.129913
3693,24,0.496731,0.081749,0.009998,0.108999,0.302523,0.380714,0.619286,0.119746,0.121021
3694,30,0.496528,0.081782,0.010004,0.109042,0.302644,0.380854,0.619146,0.121017,0.113388
3695,30,0.496881,0.081725,0.009993,0.108967,0.302434,0.380677,0.619323,0.094851,0.097502
3696,24,0.496557,0.081705,0.009998,0.10894,0.3028,0.380604,0.619396,0.126332,0.127864
3697,30,0.49646,0.081689,0.009998,0.108919,0.302933,0.380482,0.619518,0.126551,0.129262
3698,30,0.496922,0.081614,0.009991,0.108819,0.302655,0.380276,0.619724,0.091514,0.095083
3699,30,0.496774,0.081605,0.009999,0.108807,0.302815,0.380174,0.619826,0.128509,0.130403
3700,24,0.496671,0.081622,0.010002,0.108829,0.302876,0.380168,0.619832,0.133162,0.132199
3701,30,0.496672,0.081622,0.01,0.108829,0.302876,0.38022,0.61978,0.112885,0.109019
3702,30,0.496529,0.081614,0.009999,0.108819,0.303039,0.38018,0.61982,0.118493,0.119019
3703,30,0.496231,0.081631,0.010002,0.108841,0.303295,0.380205,0.619795,0.124692,0.12254
3704,24,0.496454,0.081595,0.009996,0.108793,0.303162,0.380062,0.619938,0.109901,0.113434
3705,30,0.496281,0.081567,0.009997,0.108756,0.3034,0.38,0.62,0.117859,0.119164
3706,24,0.496607,0.081513,0.009993,0.108685,0.303202,0.379889,0.620111,0.108349,0.110667
3707,30,0.496629,0.081509,0.009999,0.108678,0.303185,0.379997,0.620003,0.1181,0.110602
3708,30,0.496615,0.081506,0.010027,0.108675,0.303176,0.379915,0.620085,0.119498,0.120717
3709,30,0.496628,0.081509,0.01,0.108678,0.303184,0.37995,0.62005,0.119542,0.11634
3710,30,0.496527,0.081494,0.009998,0.108659,0.303322,0.379933,0.620067,0.122209,0.121661
3711,24,0.496526,0.081494,0.01,0.108659,0.303322,0.379894,0.620106,0.129895,0.130245
3712,24,0.496417,0.081476,0.009998,0.108635,0.303475,0.37989,0.62011,0.12028,0.119257
3713,24,0.496418,0.081475,0.01,0.108634,0.303472,0.379916,0.620084,0.123287,0.121099
3714,24,0.496418,0.081475,0.01,0.108634,0.303472,0.379878,0.620122,0.12164,0.121964
3715,30,0.49663,0.081441,0.009996,0.108588,0.303345,0.379758,0.620242,0.109525,0.112571
3716,24,0.496851,0.081405,0.009996,0.10854,0.303209,0.379615,0.620385,0.109878,0.113415
3717,30,0.496919,0.081393,0.009999,0.108524,0.303166,0.379713,0.620287,0.121496,0.114479
3718,24,0.497179,0.081351,0.009995,0.108468,0.303008,0.379612,0.620388,0.109486,0.111533
3719,24,0.496856,0.081331,0.009998,0.108441,0.303374,0.379539,0.620461,0.126332,0.127856
3720,30,0.496768,0.081314,0.009998,0.108418,0.303502,0.379523,0.620477,0.122652,0.122258
3721,24,0.496657,0.081296,0.009998,0.108394,0.303655,0.379519,0.620481,0.120293,0.119267
3722,24,0.496656,0.081296,0.01,0.108394,0.303654,0.37948,0.62052,0.121628,0.121949
3723,24,0.49655,0.081277,0.009998,0.10837,0.303805,0.379473,0.620527,0.11988,0.118936
3724,30,0.497159,0.081179,0.009988,0.108238,0.303437,0.379206,0.620794,0.083983,0.091437
3725,30,0.497114,0.081153,0.009997,0.108204,0.303532,0.379122,0.620878,0.112782,0.11421
3726,30,0.497101,0.081151,0.010024,0.108201,0.303524,0.379041,0.620959,0.119498,0.12071
3727,30,0.497065,0.081145,0.010096,0.108193,0.303502,0.379075,0.620925,0.119476,0.116302
3728,30,0.496941,0.081125,0.009998,0.108166,0.30377,0.379013,0.620987,0.117855,0.119157
3729,30,0.496917,0.081121,0.010046,0.108161,0.303756,0.379031,0.620969,0.126144,0.124545
3730,30,0.49647,0.081048,0.010937,0.108064,0.303482,0.378938,0.621062,0.129412,0.131075
3731,30,0.496585,0.081089,0.01057,0.108119,0.303637,0.379149,0.620851,0.123154,0.111911
3732,24,0.496759,0.081117,0.010004,0.108157,0.303963,0.379146,0.620854,0.120328,0.119284
3733,30,0.496849,0.081048,0.009991,0.108064,0.304047,0.378974,0.621026,0.105879,0.11078
3734,30,0.496845,0.081047,0.01,0.108063,0.304044,0.379089,0.620911,0.119487,0.112216
3735,30,0.496749,0.081032,0.009998,0.108042,0.304178,0.379095,0.620905,0.116621,0.114473
3736,30,0.496897,0.081008,0.009997,0.10801,0.304088,0.378938,0.621062,0.104275,0.107769
3737,30,0.497171,0.080963,0.009994,0.107951,0.30392,0.378754,0.621246,0.103869,0.108662
3738,30,0.497002,0.080934,0.009996,0.107912,0.304155,0.378615,0.621385,0.124945,0.128435
3739,24,0.497108,0.080917,0.009998,0.107889,0.304089,0.378536,0.621464,0.117519,0.119317
3740,30,0.496918,0.080918,0.01,0.107891,0.304272,0.378671,0.621329,0.127533,0.119302
3741,30,0.496748,0.080891,0.009997,0.107854,0.304511,0.378548,0.621452,0.127822,0.131415
3742,30,0.496724,0.080887,0.010045,0.107849,0.304496,0.378566,0.621434,0.126144,0.124547
3743,30,0.497073,0.080838,0.009994,0.107784,0.304312,0.378394,0.621606,0.095397,0.097978
3744,24,0.49696,0.080819,0.009998,0.107759,0.304463,0.37839,0.62161,0.120276,0.119251
3745,30,0.496953,0.08082,0.01,0.10776,0.304466,0.378402,0.621598,0.12516,0.123553
3746,30,0.496858,0.080805,0.009998,0.10774,0.3046,0.378292,0.621708,0.116578,0.118831
3747,30,0.49673,0.080784,0.010252,0.107712,0.304522,0.378261,0.621739,0.119487,0.11975
3748,30,0.496816,0.080779,0.010194,0.107706,0.304504,0.378206,0.621794,0.115666,0.116053
3749,30,0.496848,0.0808,0.010037,0.107733,0.304582,0.378184,0.621816,0.138096,0.137978
3750,24,0.496757,0.080785,0.009998,0.107714,0.304746,0.378181,0.621819,0.120321,0.119283
3751,30,0.496968,0.080751,0.009996,0.107668,0.304617,0.378002,0.621998,0.119943,0.124296
3752,24,0.496751,0.080715,0.009996,0.10762,0.304919,0.377962,0.622038,0.116461,0.116755
3753,30,0.49696,0.08068,0.009996,0.107574,0.30479,0.37789,0.62211,0.096755,0.095476
3754,24,0.496856,0.080696,0.010002,0.107595,0.30485,0.377885,0.622115,0.133162,0.132197
3755,24,0.496646,0.080695,0.01,0.107594,0.305065,0.377846,0.622154,0.12143,0.121701
3756,24,0.496864,0.080625,0.009991,0.1075,0.305019,0.377702,0.622298,0.104924,0.108457
3757,24,0.496753,0.080606,0.009998,0.107475,0.305168,0.377695,0.622305,0.119876,0.11893
3758,24,0.496701,0.080614,0.010001,0.107486,0.305198,0.377791,0.622209,0.123239,0.117029
3759,30,0.49671,0.080613,0.01,0.107484,0.305193,0.377805,0.622195,0.12563,0.124167
3760,24,0.496498,0.080612,0.01,0.107482,0.305408,0.377766,0.622234,0.129738,0.130013
3761,24,0.496501,0.080611,0.01,0.107482,0.305406,0.377793,0.622207,0.123299,0.121114
3762,24,0.49629,0.08061,0.01,0.10748,0.305621,0.377754,0.622246,0.12143,0.121696
3763,24,0.496187,0.080626,0.010002,0.107502,0.305683,0.377749,0.622251,0.124849,0.12388
3764,24,0.496086,0.080643,0.010002,0.107524,0.305746,0.377744,0.622256,0.124837,0.12387
3765,30,0.496299,0.080609,0.009996,0.107479,0.305618,0.377624,0.622376,0.109489,0.112525
3766,24,0.496194,0.080625,0.010002,0.1075,0.305678,0.377619,0.622381,0.124837,0.123868
3767,30,0.496204,0.080624,0.01,0.107499,0.305674,0.377633,0.622367,0.12563,0.124168
3768,24,0.496204,0.080624,0.01,0.107499,0.305674,0.377663,0.622337,0.12367,0.121419
3769,30,0.496204,0.080624,0.01,0.107499,0.305674,0.377582,0.622418,0.119545,0.120725
3770,30,0.496117,0.080607,0.009998,0.107476,0.305802,0.377584,0.622416,0.116046,0.114052
3771,30,0.496124,0.080606,0.01,0.107474,0.305797,0.377598,0.622402,0.12563,0.124168
3772,24,0.496124,0.080606,0.01,0.107474,0.305797,0.377628,0.622372,0.123695,0.121434
3773,30,0.496469,0.08055,0.009993,0.1074,0.305587,0.377427,0.622573,0.101622,0.106757
3774,30,0.496295,0.080522,0.009996,0.107363,0.305824,0.377365,0.622635,0.117842,0.119136
3775,30,0.496271,0.080518,0.010045,0.107358,0.305809,0.377427,0.622573,0.126144,0.121846
3776,30,0.496247,0.080514,0.010093,0.107352,0.305794,0.377489,0.622511,0.126144,0.121845
3777,24,0.496515,0.080486,0.009997,0.107315,0.305687,0.377347,0.622653,0.109962,0.11344
3778,24,0.496238,0.080474,0.010129,0.107299,0.305861,0.377307,0.622693,0.129685,0.129975
3779,30,0.496269,0.080433,0.010348,0.107244,0.305706,0.377298,0.622702,0.115403,0.112568
3780,30,0.496909,0.08034,0.010277,0.107121,0.305353,0.377088,0.622912,0.090644,0.09542
3781,24,0.496887,0.080353,0.010002,0.107138,0.305621,0.377146,0.622854,0.119803,0.115279
3782,24,0.497054,0.080323,0.010019,0.107097,0.305507,0.376999,0.623001,0.116476,0.11935
3783,24,0.496961,0.080341,0.010002,0.107121,0.305574,0.376994,0.623006,0.124854,0.12388
3784,24,0.496747,0.080305,0.009996,0.107074,0.305878,0.376954,0.623046,0.116452,0.116749
3785,30,0.496745,0.080305,0.01,0.107073,0.305877,0.376989,0.623011,0.119542,0.116352
3786,24,0.496636,0.080287,0.009998,0.10705,0.306029,0.376917,0.623083,0.118163,0.119733
3787,30,0.496723,0.080218,0.009991,0.106958,0.306109,0.376696,0.623304,0.105849,0.112575
3788,24,0.496721,0.080217,0.01,0.106956,0.306105,0.376723,0.623277,0.123299,0.121117
3789,24,0.497202,0.080141,0.00999,0.106854,0.305813,0.376452,0.623548,0.095995,0.103707
3790,24,0.497513,0.080087,0.010009,0.106783,0.305609,0.376223,0.623777,0.106562,0.111553
3791,30,0.497861,0.080033,0.009993,0.106711,0.305402,0.376051,0.623949,0.095019,0.097464
3792,24,0.497751,0.080014,0.009998,0.106686,0.305551,0.376044,0.623956,0.119876,0.11893
3793,30,0.497838,0.08,0.009998,0.106667,0.305496,0.376094,0.623906,0.115226,0.110557
3794,30,0.497846,0.079999,0.01,0.106665,0.305491,0.376125,0.623875,0.119014,0.115967
3795,24,0.497846,0.079999,0.01,0.106665,0.305491,0.376024,0.623976,0.121572,0.123073
3796,30,0.497507,0.079944,0.010674,0.106592,0.305283,0.376012,0.623988,0.129423,0.126984
3797,30,0.497882,0.079937,0.009999,0.106583,0.305599,0.375812,0.624188,0.101183,0.107066
3798,24,0.498208,0.079885,0.009993,0.106513,0.3054,0.375702,0.624298,0.108289,0.110578
3799,24,0.498205,0.079884,0.01,0.106513,0.305398,0.375664,0.624336,0.121587,0.121912
3800,30,0.498157,0.079892,0.010001,0.106523,0.305427,0.375604,0.624396,0.12149,0.121864
3801,24,0.497989,0.079898,0.010135,0.10653,0.305448,0.375598,0.624402,0.133112,0.13216
3802,24,0.49782,0.079903,0.01027,0.106537,0.305469,0.375592,0.624408,0.133112,0.13216
3803,24,0.497852,0.079941,0.010005,0.106588,0.305614,0.375528,0.624472,0.124829,0.124687
3804,24,0.497804,0.079949,0.010001,0.106599,0.305647,0.375562,0.624438,0.131549,0.127723
3805,30,0.49779,0.079947,0.010029,0.106596,0.305638,0.375482,0.624518,0.119498,0.120681
3806,30,0.49778,0.079918,0.010218,0.106558,0.305527,0.375549,0.624451,0.122848,0.118363
3807,24,0.497893,0.079935,0.010002,0.10658,0.305591,0.375505,0.624495,0.120857,0.121306
3808,30,0.497806,0.079918,0.009998,0.106558,0.30572,0.37549,0.62451,0.122648,0.122245
3809,24,0.497528,0.079906,0.01013,0.106542,0.305893,0.375451,0.624549,0.129685,0.129971
3810,30,0.497564,0.079867,0.009995,0.106489,0.306085,0.375373,0.624627,0.107157,0.107701
3811,24,0.497735,0.079812,0.010163,0.106415,0.305874,0.375153,0.624847,0.107691,0.112552
3812,24,0.497656,0.079815,0.01,0.10642,0.306108,0.375212,0.624788,0.119803,0.115286
3813,24,0.497982,0.079763,0.009994,0.106351,0.305909,0.375102,0.624898,0.108288,0.110568
3814,24,0.498305,0.079711,0.009993,0.106281,0.305709,0.374992,0.625008,0.108305,0.110579
3815,24,0.498305,0.07971,0.01,0.10628,0.305705,0.375019,0.624981,0.123287,0.121112
3816,24,0.497984,0.079691,0.009998,0.106255,0.306072,0.374947,0.625053,0.11801,0.119493
3817,24,0.497983,0.079691,0.01,0.106255,0.306071,0.374977,0.625023,0.12367,0.121426
3818,30,0.498179,0.07966,0.009996,0.106213,0.305952,0.374833,0.625167,0.10636,0.109887
3819,24,0.498067,0.079642,0.009998,0.10619,0.306103,0.37483,0.62517,0.120317,0.119278
3820,24,0.497957,0.079625,0.009998,0.106166,0.306255,0.374827,0.625173,0.120284,0.119258
3821,30,0.498048,0.07961,0.009998,0.106146,0.306198,0.374668,0.625332,0.122009,0.125756
3822,24,0.498047,0.07961,0.01,0.106146,0.306197,0.374719,0.625281,0.115347,0.111138
3823,30,0.498247,0.079578,0.009996,0.106104,0.306075,0.374629,0.625371,0.114032,0.11579
3824,30,0.498542,0.079447,0.010513,0.105929,0.30557,0.374284,0.625716,0.102467,0.11261
3825,30,0.498517,0.079443,0.010561,0.105924,0.305555,0.374303,0.625697,0.126143,0.124554
3826,30,0.498905,0.07947,0.010003,0.10596,0.305661,0.374119,0.625881,0.106083,0.109488
3827,24,0.498586,0.079452,0.009998,0.105936,0.306029,0.374047,0.625953,0.11801,0.119495
3828,30,0.499192,0.079355,0.009988,0.105807,0.305658,0.373736,0.626264,0.089571,0.098264
3829,24,0.499084,0.079371,0.010002,0.105827,0.305716,0.373673,0.626327,0.124847,0.124686
3830,24,0.499088,0.07937,0.01,0.105827,0.305715,0.373701,0.626299,0.123299,0.121125
3831,30,0.498992,0.079355,0.009998,0.105807,0.305849,0.373592,0.626408,0.116563,0.118771
3832,24,0.499212,0.07932,0.009996,0.10576,0.305713,0.37345,0.62655,0.109871,0.113324
3833,24,0.499263,0.079311,0.009999,0.105748,0.305679,0.373634,0.626366,0.113357,0.102987
3834,30,0.499611,0.079256,0.009993,0.105674,0.305466,0.373462,0.626538,0.094868,0.097374
3835,24,0.499607,0.079255,0.01,0.105674,0.305464,0.373692,0.626308,0.113263,0.101312
3836,30,0.499865,0.079214,0.009995,0.105619,0.305307,0.373601,0.626399,0.114125,0.116088
3837,24,0.499688,0.079186,0.010125,0.105582,0.305419,0.373529,0.626471,0.126455,0.128014
3838,24,0.499645,0.07918,0.01021,0.105573,0.305392,0.373491,0.626509,0.121558,0.121885
3839,30,0.499338,0.079057,0.011277,0.105409,0.304919,0.373461,0.626539,0.124991,0.123233
3840,24,0.499309,0.079085,0.010915,0.105446,0.305246,0.373367,0.626633,0.121417,0.1222
3841,24,0.499656,0.07914,0.010007,0.105519,0.305678,0.373364,0.626636,0.120275,0.119252
3842,24,0.49966,0.07914,0.01,0.10552,0.30568,0.373326,0.626674,0.129895,0.130219
3843,24,0.499558,0.079156,0.010002,0.105542,0.305742,0.37343,0.62657,0.116538,0.110145
3844,30,0.499732,0.079129,0.009997,0.105505,0.305637,0.373497,0.626503,0.113956,0.108282
3845,30,0.499731,0.079129,0.01,0.105505,0.305636,0.373418,0.626582,0.119556,0.120705
3846,24,0.499731,0.079129,0.01,0.105505,0.305636,0.373381,0.626619,0.121657,0.12194
3847,30,0.499611,0.079117,0.009999,0.10549,0.305784,0.373521,0.626479,0.110905,0.102959
3848,24,0.499674,0.079057,0.010307,0.10541,0.305552,0.373378,0.626622,0.118109,0.121589
3849,24,0.499615,0.07908,0.010003,0.10544,0.305861,0.37334,0.62666,0.121438,0.121683
3850,30,0.499493,0.079061,0.010245,0.105415,0.305786,0.37331,0.62669,0.119487,0.119733
3851,30,0.49973,0.079032,0.009996,0.105376,0.305866,0.373161,0.626839,0.106475,0.110516
3852,30,0.499736,0.07903,0.01,0.105374,0.30586,0.373193,0.626807,0.119013,0.115975
3853,30,0.499564,0.079003,0.009997,0.105338,0.306098,0.373152,0.626848,0.111236,0.110691
3854,30,0.499787,0.078968,0.009995,0.10529,0.30596,0.373062,0.626938,0.101069,0.100869
3855,24,0.500013,0.078902,0.010178,0.105202,0.305705,0.372835,0.627165,0.106517,0.111449
3856,30,0.500161,0.078859,0.010297,0.105145,0.305538,0.372657,0.627343,0.119804,0.124106
3857,24,0.500151,0.078857,0.010097,0.105143,0.305752,0.372585,0.627415,0.126472,0.128019
3858,30,0.500465,0.078823,0.009996,0.105097,0.305619,0.37249,0.62751,0.113612,0.115694
3859,30,0.500336,0.078803,0.01025,0.10507,0.305541,0.372569,0.627431,0.119487,0.114651
3860,30,0.500369,0.078823,0.010092,0.105097,0.305619,0.372559,0.627441,0.121472,0.120917
3861,24,0.500326,0.078816,0.010178,0.105088,0.305592,0.372459,0.627541,0.121558,0.123027
3862,24,0.500307,0.078812,0.01,0.105083,0.305798,0.372453,0.627547,0.119876,0.118925
3863,30,0.500429,0.078793,0.009998,0.105057,0.305723,0.372252,0.627748,0.11467,0.118315
3864,30,0.500484,0.078784,0.009999,0.105045,0.305688,0.372187,0.627813,0.132366,0.13311
3865,30,0.500054,0.078779,0.010281,0.105039,0.305846,0.372215,0.627785,0.131549,0.129362
3866,30,0.500342,0.078778,0.01,0.105038,0.305842,0.372021,0.627979,0.104131,0.107419
3867,30,0.500489,0.078755,0.009997,0.105007,0.305752,0.371866,0.628134,0.104229,0.107609
3868,30,0.501066,0.078664,0.009988,0.104885,0.305397,0.371517,0.628483,0.084313,0.094678
3869,30,0.501154,0.078648,0.009998,0.104864,0.305336,0.371556,0.628444,0.110779,0.107233
3870,30,0.501161,0.078647,0.01,0.104862,0.30533,0.371588,0.628412,0.119026,0.115987
3871,30,0.50086,0.078614,0.010502,0.104819,0.305204,0.371578,0.628422,0.128089,0.127547
3872,24,0.500961,0.07863,0.010304,0.10484,0.305266,0.37154,0.62846,0.129893,0.130213
3873,30,0.500832,0.07861,0.010558,0.104813,0.305187,0.371461,0.628539,0.119487,0.12064
3874,24,0.501112,0.078654,0.010006,0.104872,0.305358,0.371492,0.628508,0.123727,0.121473
3875,30,0.500942,0.078627,0.009997,0.104836,0.305598,0.371431,0.628569,0.117842,0.119103
3876,24,0.500839,0.078643,0.010002,0.104857,0.305659,0.371369,0.628631,0.124851,0.124679
3877,30,0.500696,0.078635,0.009999,0.104847,0.305822,0.371281,0.628719,0.118493,0.119891
3878,30,0.500905,0.078602,0.009996,0.104803,0.305694,0.371078,0.628922,0.103284,0.106934
3879,30,0.501251,0.078547,0.009993,0.10473,0.305479,0.370908,0.629092,0.094906,0.097361
3880,24,0.50189,0.078445,0.009987,0.104594,0.305084,0.37066,0.62934,0.093126,0.099796
3881,30,0.501767,0.078409,0.009995,0.104545,0.305284,0.370526,0.629474,0.107363,0.11053
3882,24,0.501547,0.078373,0.009996,0.104498,0.305586,0.370487,0.629513,0.116452,0.116718
3883,30,0.501102,0.078304,0.010873,0.104405,0.305316,0.370571,0.629429,0.136081,0.130057
3884,30,0.500882,0.078269,0.011116,0.104359,0.305373,0.370501,0.629499,0.133151,0.134854
3885,24,0.500982,0.078285,0.010918,0.10438,0.305434,0.370402,0.629598,0.12157,0.123018
3886,24,0.501043,0.078226,0.011225,0.104301,0.305204,0.37026,0.62974,0.118086,0.121527
3887,30,0.501192,0.078251,0.010728,0.104335,0.305494,0.370265,0.629735,0.115561,0.113154
3888,30,0.501225,0.078271,0.01057,0.104362,0.305572,0.370289,0.629711,0.138101,0.135294
3889,30,0.501655,0.07826,0.01021,0.104347,0.305529,0.370193,0.629807,0.113106,0.11503
3890,24,0.50176,0.078276,0.010002,0.104369,0.305593,0.370246,0.629754,0.115372,0.111175
3891,30,0.501661,0.078292,0.010002,0.10439,0.305655,0.370416,0.629584,0.130287,0.120845
3892,24,0.501552,0.078275,0.009998,0.104367,0.305808,0.370345,0.629655,0.118217,0.119722
3893,30,0.501629,0.078263,0.009998,0.10435,0.305759,0.370167,0.629833,0.106322,0.109362
3894,24,0.501527,0.078279,0.010002,0.104372,0.305821,0.370163,0.629837,0.133174,0.132201
3895,24,0.501209,0.078229,0.010628,0.104305,0.305628,0.370063,0.629937,0.12153,0.122987
3896,24,0.501364,0.078269,0.010005,0.104359,0.306003,0.370061,0.629939,0.12813,0.125962
3897,24,0.501366,0.078269,0.01,0.104359,0.306005,0.369962,0.630038,0.121572,0.123012
3898,30,0.501194,0.078243,0.009997,0.104323,0.306243,0.369939,0.630061,0.104576,0.103364
3899,30,0.50072,0.078169,0.010933,0.104225,0.305954,0.369859,0.630141,0.119432,0.120592
3900,30,0.500595,0.078149,0.011179,0.104199,0.305878,0.369818,0.630182,0.136133,0.136794
3901,30,0.500868,0.078174,0.010407,0.104232,0.306319,0.369685,0.630315,0.107411,0.110551
3902,30,0.50123,0.078181,0.010001,0.104242,0.306347,0.369574,0.630426,0.110399,0.113127
3903,24,0.501129,0.078197,0.010002,0.104263,0.306409,0.36957,0.63043,0.124854,0.123872
3904,24,0.501022,0.07818,0.009998,0.10424,0.306561,0.369565,0.630435,0.119871,0.118924
3905,30,0.501015,0.078181,0.01,0.104241,0.306564,0.3696,0.6304,0.118525,0.115089
3906,30,0.501023,0.078179,0.01,0.104239,0.306559,0.369633,0.630367,0.119013,0.115988
3907,24,0.501023,0.078179,0.01,0.104239,0.306559,0.369665,0.630335,0.123712,0.121468
3908,30,0.501256,0.078143,0.009995,0.10419,0.306416,0.369678,0.630322,0.115159,0.111894
3909,24,0.501256,0.078142,0.01,0.104189,0.306413,0.369706,0.630294,0.123299,0.121136
3910,30,0.501253,0.078112,0.009996,0.10415,0.306489,0.369572,0.630428,0.12442,0.127276
3911,30,0.501293,0.078038,0.010418,0.104051,0.306199,0.369421,0.630579,0.124076,0.128247
3912,30,0.50168,0.078026,0.010108,0.104035,0.306151,0.369239,0.630761,0.107959,0.112255
3913,24,0.501737,0.078034,0.010001,0.104046,0.306182,0.369267,0.630733,0.123299,0.121136
3914,30,0.501669,0.078045,0.010001,0.10406,0.306225,0.369482,0.630518,0.123168,0.112121
3915,30,0.501158,0.077964,0.011018,0.103952,0.305908,0.369424,0.630576,0.133126,0.133701
3916,30,0.501464,0.077932,0.010914,0.103909,0.305781,0.369284,0.630716,0.10746,0.111195
3917,24,0.501564,0.077948,0.010715,0.10393,0.305842,0.369185,0.630815,0.12157,0.123004
3918,30,0.501832,0.07796,0.010002,0.103947,0.306259,0.369221,0.630779,0.115395,0.111305
3919,24,0.501732,0.077976,0.010002,0.103968,0.306322,0.369217,0.630783,0.133174,0.132203
3920,24,0.501515,0.077942,0.009996,0.103922,0.306626,0.369178,0.630822,0.116443,0.116712
3921,30,0.501583,0.07793,0.009999,0.103907,0.306582,0.369281,0.630719,0.121482,0.114573
3922,30,0.501723,0.077908,0.009997,0.103878,0.306494,0.3693,0.6307,0.108789,0.106048
3923,30,0.501823,0.077862,0.009994,0.103816,0.306505,0.369182,0.630818,0.111047,0.113794
3924,30,0.502159,0.077809,0.009993,0.103745,0.306294,0.369013,0.630987,0.094859,0.09722
3925,30,0.502409,0.077768,0.009995,0.103691,0.306137,0.368952,0.631048,0.106722,0.105584
3926,24,0.502727,0.077718,0.009993,0.103624,0.305938,0.368842,0.631158,0.108173,0.110407
3927,30,0.502598,0.077698,0.010248,0.103597,0.305859,0.368763,0.631237,0.119487,0.12062
3928,30,0.502469,0.077678,0.010502,0.103571,0.30578,0.368937,0.631063,0.119487,0.110171
3929,24,0.502671,0.077725,0.010006,0.103633,0.305965,0.368974,0.631026,0.131555,0.127748
3930,24,0.502513,0.077716,0.009999,0.103622,0.30615,0.369035,0.630965,0.119811,0.115329
3931,24,0.502411,0.077732,0.010002,0.103642,0.306212,0.369031,0.630969,0.133178,0.1322
3932,24,0.502624,0.077665,0.009991,0.103553,0.306167,0.368888,0.631112,0.10476,0.10821
3933,24,0.502455,0.07767,0.010126,0.10356,0.306189,0.368884,0.631116,0.133124,0.132165
3934,24,0.502521,0.07768,0.010001,0.103573,0.306226,0.368912,0.631088,0.123287,0.121128
3935,24,0.502464,0.077654,0.009997,0.103539,0.306346,0.368948,0.631052,0.118248,0.11437
3936,24,0.502785,0.077604,0.009993,0.103472,0.306146,0.368839,0.631161,0.108262,0.110474
3937,30,0.502986,0.077571,0.009996,0.103429,0.306019,0.368757,0.631243,0.115085,0.116777
3938,24,0.502882,0.077587,0.010002,0.103449,0.30608,0.368753,0.631247,0.133178,0.132204
3939,24,0.502936,0.077579,0.009999,0.103438,0.306048,0.368822,0.631178,0.121664,0.116674
3940,30,0.502792,0.077571,0.009999,0.103428,0.30621,0.368735,0.631265,0.118492,0.119874
3941,30,0.502853,0.077561,0.009999,0.103415,0.306172,0.368794,0.631206,0.117276,0.113138
3942,24,0.503107,0.077522,0.009995,0.103362,0.306014,0.368708,0.631292,0.107638,0.107419
3943,24,0.50321,0.077505,0.009998,0.10334,0.305948,0.368699,0.631301,0.119604,0.118799
3944,30,0.503081,0.077485,0.010252,0.103313,0.305869,0.368669,0.631331,0.119487,0.119721
3945,30,0.502706,0.077434,0.010752,0.103246,0.305862,0.368771,0.631229,0.124137,0.117645
3946,24,0.503161,0.077437,0.010282,0.103249,0.305871,0.36863,0.63137,0.118127,0.121525
3947,30,0.503303,0.077459,0.010003,0.103278,0.305958,0.368668,0.631332,0.119542,0.11638
3948,24,0.503626,0.077409,0.009994,0.103212,0.305761,0.368558,0.631442,0.108156,0.110389
3949,24,0.503512,0.077391,0.009998,0.103188,0.305911,0.368488,0.631512,0.118205,0.11969
3950,24,0.503299,0.07739,0.01,0.103186,0.306125,0.368451,0.631549,0.121438,0.121658
3951,30,0.503058,0.077381,0.010294,0.103175,0.306092,0.368515,0.631485,0.130761,0.126337
3952,30,0.503088,0.077307,0.010732,0.103076,0.305797,0.368424,0.631576,0.114027,0.115974
3953,30,0.503385,0.077352,0.010148,0.103137,0.305978,0.368444,0.631556,0.1262,0.124602
3954,30,0.503428,0.077316,0.010336,0.103088,0.305833,0.368329,0.631671,0.115394,0.117589
3955,24,0.503597,0.077342,0.010003,0.103122,0.305935,0.36836,0.63164,0.12367,0.121447
3956,24,0.503387,0.077341,0.01,0.103121,0.306151,0.368323,0.631677,0.129759,0.129985
3957,24,0.503337,0.077349,0.010001,0.103131,0.306182,0.368423,0.631577,0.123249,0.117132
3958,30,0.50324,0.077334,0.009998,0.103112,0.306316,0.368316,0.631684,0.116559,0.118714
3959,24,0.503239,0.077334,0.01,0.103112,0.306315,0.368279,0.631721,0.12164,0.12192
3960,30,0.503239,0.077334,0.01,0.103112,0.306315,0.368189,0.631811,0.129478,0.131022
3961,30,0.503221,0.077331,0.010036,0.103108,0.306304,0.368208,0.631792,0.126144,0.124566
3962,30,0.502871,0.077339,0.010144,0.103118,0.306528,0.368235,0.631765,0.131353,0.129226
3963,30,0.502846,0.077335,0.010192,0.103113,0.306513,0.368254,0.631746,0.126144,0.124566
3964,30,0.503151,0.077318,0.009998,0.10309,0.306444,0.368135,0.631865,0.116098,0.119028
3965,24,0.503049,0.077333,0.010002,0.103111,0.306505,0.368132,0.631868,0.12487,0.123885
3966,30,0.502771,0.077298,0.010504,0.103063,0.306365,0.368223,0.631777,0.127119,0.121881
3967,24,0.502974,0.077344,0.010006,0.103126,0.30655,0.36826,0.63174,0.131546,0.127742
3968,24,0.502876,0.077361,0.010002,0.103147,0.306614,0.368256,0.631744,0.133178,0.132202
3969,24,0.502985,0.07731,0.009993,0.10308,0.306632,0.368082,0.631918,0.10643,0.111013
3970,24,0.502871,0.077292,0.009998,0.103056,0.306783,0.36808,0.63192,0.120242,0.119231
3971,30,0.502697,0.077273,0.010102,0.10303,0.306898,0.368089,0.631911,0.117507,0.114569
3972,30,0.502804,0.077272,0.01,0.103029,0.306894,0.368036,0.631964,0.122319,0.12264
3973,30,0.502798,0.077273,0.01,0.103031,0.306898,0.36805,0.63195,0.125162,0.123563
3974,24,0.502637,0.077264,0.009999,0.103019,0.307082,0.368117,0.631883,0.119819,0.114816
3975,30,0.502715,0.077252,0.009998,0.103002,0.307033,0.368074,0.631926,0.099656,0.097741
3976,30,0.502617,0.077237,0.009998,0.102982,0.307166,0.368101,0.631899,0.109957,0.107176
3977,30,0.502893,0.077194,0.009994,0.102925,0.306994,0.367998,0.632002,0.099597,0.099942
3978,30,0.503447,0.077107,0.009989,0.102809,0.306648,0.367698,0.632302,0.090798,0.099211
3979,30,0.503786,0.077052,0.009993,0.102736,0.306433,0.367589,0.632411,0.094731,0.095011
3980,24,0.503844,0.076994,0.010301,0.102659,0.306201,0.367448,0.632552,0.118063,0.121468
3981,30,0.50382,0.07699,0.010349,0.102654,0.306187,0.367468,0.632532,0.126144,0.124567
3982,24,0.503592,0.076971,0.01048,0.102628,0.306329,0.367466,0.632534,0.128075,0.125925
3983,30,0.503564,0.076981,0.0101,0.102642,0.306713,0.367376,0.632624,0.113133,0.11539
3984,24,0.503614,0.076989,0.010001,0.102652,0.306744,0.367339,0.632661,0.129895,0.130199
3985,24,0.503504,0.076972,0.009998,0.10263,0.306897,0.367337,0.632663,0.120267,0.119238
3986,30,0.50349,0.07697,0.010025,0.102627,0.306888,0.367259,0.632741,0.119498,0.120614
3987,30,0.503044,0.076902,0.010902,0.102536,0.306616,0.367218,0.632782,0.136081,0.136742
3988,30,0.503261,0.076925,0.010537,0.102567,0.30671,0.367351,0.632649,0.124654,0.116886
3989,30,0.503452,0.076926,0.01,0.102568,0.307055,0.367313,0.632687,0.102429,0.101497
3990,24,0.503454,0.076925,0.01,0.102567,0.307053,0.367342,0.632658,0.123287,0.121133
3991,24,0.50356,0.076909,0.009998,0.102545,0.306988,0.367334,0.632666,0.119612,0.118805
3992,30,0.503559,0.076909,0.01,0.102545,0.306987,0.367354,0.632646,0.126202,0.124601
3993,30,0.503339,0.07689,0.009998,0.102519,0.307254,0.367207,0.632793,0.123122,0.126455
3994,30,0.503346,0.076888,0.01,0.102517,0.307249,0.367222,0.632778,0.125628,0.124181
3995,24,0.503346,0.076888,0.01,0.102517,0.307249,0.367254,0.632746,0.123695,0.121466
3996,24,0.503601,0.076849,0.009995,0.102465,0.307091,0.367038,0.632962,0.107643,0.112328
3997,30,0.503717,0.076803,0.009994,0.102404,0.307083,0.366848,0.633152,0.100574,0.105237
3998,30,0.50391,0.076772,0.009996,0.102363,0.30696,0.36676,0.63324,0.114039,0.115711
3999,24,0.504228,0.076722,0.009994,0.102296,0.30676,0.366688,0.633312,0.099832,0.098772
4000,30,0.5043,0.076657,0.009991,0.102209,0.306843,0.366512,0.633488,0.1048,0.109492
4001,24,0.504195,0.076672,0.010002,0.102229,0.306902,0.366452,0.633548,0.124859,0.124651
4002,24,0.504196,0.076672,0.01,0.102229,0.306903,0.366484,0.633516,0.12374,0.121498
4003,24,0.504198,0.076671,0.01,0.102229,0.306902,0.366513,0.633487,0.123299,0.121144
4004,24,0.504155,0.076665,0.010085,0.10222,0.306875,0.366415,0.633585,0.121558,0.122967
4005,30,0.504542,0.076618,0.009994,0.102158,0.306688,0.366215,0.633785,0.101375,0.106412
4006,30,0.50462,0.076552,0.009991,0.102069,0.306767,0.365995,0.634005,0.105756,0.112263
4007,30,0.504704,0.076485,0.009991,0.10198,0.30684,0.36582,0.63418,0.105218,0.110052
4008,24,0.504425,0.076473,0.010123,0.101964,0.307014,0.365783,0.634217,0.129705,0.129943
4009,30,0.504572,0.07647,0.01,0.101959,0.306999,0.365771,0.634229,0.122914,0.122462
4010,24,0.504572,0.07647,0.01,0.101959,0.306999,0.365734,0.634266,0.129895,0.130192
4011,30,0.504484,0.07643,0.009995,0.101907,0.307184,0.3657,0.6343,0.106969,0.105861
4012,30,0.504621,0.076408,0.009997,0.101877,0.307096,0.365553,0.634447,0.105396,0.108808
4013,30,0.50476,0.076386,0.009997,0.101848,0.307008,0.365555,0.634445,0.115432,0.113338
4014,30,0.50436,0.07634,0.010497,0.101787,0.307015,0.365517,0.634483,0.125109,0.125593
4015,24,0.50451,0.076394,0.010007,0.101858,0.30723,0.365514,0.634486,0.133186,0.132202
4016,24,0.504402,0.07633,0.010518,0.101774,0.306976,0.365382,0.634618,0.119182,0.122312
4017,24,0.504452,0.076369,0.010005,0.101825,0.30735,0.365345,0.634655,0.12145,0.12166
4018,30,0.504636,0.076341,0.009996,0.101788,0.307238,0.365185,0.634815,0.103773,0.107423
4019,30,0.504513,0.076322,0.010238,0.101763,0.307163,0.365156,0.634844,0.119487,0.11971
4020,30,0.504454,0.076321,0.010116,0.101761,0.307348,0.365166,0.634834,0.117518,0.114577
4021,24,0.504513,0.076329,0.010001,0.101773,0.307384,0.365198,0.634802,0.123724,0.121492
4022,24,0.504518,0.076329,0.01,0.101772,0.307381,0.365155,0.634845,0.129092,0.129528
4023,30,0.504486,0.076324,0.010062,0.101765,0.307362,0.365193,0.634807,0.119476,0.116354
4024,30,0.504724,0.076297,0.009996,0.101729,0.307253,0.364982,0.635018,0.11321,0.117143
4025,30,0.504523,0.076327,0.010004,0.10177,0.307376,0.36504,0.63496,0.127736,0.124566
4026,30,0.504388,0.076307,0.010269,0.101743,0.307293,0.364962,0.635038,0.119466,0.120577
4027,30,0.504457,0.076254,0.010536,0.101672,0.307081,0.364843,0.635157,0.116016,0.11893
4028,30,0.504638,0.076279,0.010003,0.101706,0.307374,0.364848,0.635152,0.116034,0.114047
4029,24,0.504529,0.076263,0.009998,0.101684,0.307527,0.364846,0.635154,0.120238,0.119228
4030,30,0.504103,0.076259,0.010104,0.101679,0.307855,0.364822,0.635178,0.125984,0.125641
4031,24,0.504055,0.076282,0.010003,0.10171,0.30795,0.364819,0.635181,0.13317,0.132193
4032,24,0.504162,0.076233,0.009993,0.101643,0.307968,0.364645,0.635355,0.106371,0.110907
4033,24,0.504101,0.076207,0.009997,0.10161,0.308085,0.364683,0.635317,0.118241,0.114378
4034,24,0.5041,0.076207,0.01,0.101609,0.308084,0.364715,0.635285,0.123683,0.121463
4035,24,0.50442,0.076158,0.009994,0.101544,0.307885,0.364607,0.635393,0.108208,0.110388
4036,30,0.50374,0.076029,0.011493,0.101372,0.307366,0.364533,0.635467,0.132726,0.13454
4037,30,0.504349,0.076037,0.010833,0.101383,0.307398,0.364432,0.635568,0.099606,0.099899
4038,30,0.503987,0.075983,0.011542,0.10131,0.307178,0.364464,0.635536,0.119434,0.115561
4039,30,0.505042,0.076058,0.01001,0.10141,0.30748,0.364312,0.635688,0.097108,0.099238
4040,30,0.504879,0.076084,0.010003,0.101445,0.307588,0.364565,0.635435,0.120636,0.108302
4041,24,0.504609,0.076059,0.009997,0.101412,0.307924,0.364532,0.635468,0.124694,0.123625
4042,24,0.504607,0.076058,0.01,0.101411,0.307923,0.364495,0.635505,0.121587,0.121871
4043,24,0.504507,0.076074,0.010002,0.101432,0.307986,0.364492,0.635508,0.133186,0.132203
4044,30,0.504361,0.076035,0.010051,0.10138,0.308172,0.364359,0.635641,0.113926,0.117041
4045,24,0.504858,0.075967,0.009991,0.101289,0.307895,0.364092,0.635908,0.095883,0.103278
4046,24,0.504815,0.07596,0.010076,0.10128,0.307868,0.364162,0.635838,0.11325,0.10856
4047,30,0.504588,0.075977,0.010002,0.101303,0.308129,0.364209,0.635791,0.134273,0.129628
4048,30,0.504353,0.075942,0.010271,0.101256,0.308178,0.364151,0.635849,0.123169,0.124416
4049,30,0.504393,0.075948,0.010001,0.101264,0.308395,0.364045,0.635955,0.116556,0.118659
4050,24,0.504283,0.075931,0.009998,0.101242,0.308547,0.363975,0.636025,0.118179,0.119649
4051,24,0.504538,0.075892,0.009995,0.101189,0.308386,0.363913,0.636087,0.101024,0.099832
4052,30,0.504535,0.075891,0.01,0.101188,0.308385,0.363952,0.636048,0.119542,0.1164
4053,30,0.504412,0.075873,0.010242,0.101164,0.308309,0.363923,0.636077,0.119487,0.119709
4054,24,0.504577,0.075845,0.010258,0.101126,0.308194,0.363781,0.636219,0.116437,0.119128
4055,30,0.504741,0.075813,0.010296,0.101084,0.308066,0.363742,0.636258,0.102513,0.101836
4056,30,0.504801,0.07582,0.010001,0.101093,0.308286,0.363728,0.636272,0.122638,0.12222
4057,30,0.504658,0.075812,0.009999,0.101083,0.308448,0.363642,0.636358,0.118489,0.119823
4058,30,0.504458,0.075843,0.010004,0.101124,0.308572,0.363643,0.636357,0.137703,0.135564
4059,30,0.504413,0.07585,0.010001,0.101134,0.308602,0.363635,0.636365,0.121478,0.120911
4060,24,0.504734,0.075801,0.009994,0.101068,0.308403,0.363527,0.636473,0.10816,0.110344
4061,30,0.50473,0.075801,0.01,0.101068,0.308401,0.363567,0.636433,0.119599,0.116442
4062,24,0.504519,0.0758,0.01,0.101066,0.308616,0.363531,0.636469,0.121434,0.121641
4063,30,0.504527,0.075798,0.01,0.101064,0.308611,0.363566,0.636434,0.119026,0.116013
4064,30,0.504198,0.075777,0.010292,0.101036,0.308698,0.363601,0.636399,0.12802,0.124921
4065,24,0.504285,0.07579,0.010119,0.101053,0.308752,0.363633,0.636367,0.123641,0.121442
4066,30,0.504273,0.075781,0.009999,0.101041,0.308907,0.363715,0.636285,0.115091,0.109178
4067,24,0.503994,0.075769,0.010131,0.101026,0.30908,0.363678,0.636322,0.129692,0.12993
4068,24,0.503959,0.075795,0.010003,0.101059,0.309183,0.363675,0.636325,0.124874,0.123886
4069,24,0.503853,0.075778,0.009998,0.101037,0.309334,0.36367,0.63633,0.11985,0.118903
4070,30,0.503903,0.075743,0.009995,0.100991,0.309368,0.363497,0.636503,0.102704,0.107019
4071,30,0.503701,0.075773,0.010004,0.101031,0.309491,0.363643,0.636357,0.121069,0.113668
4072,24,0.503703,0.075773,0.01,0.101031,0.309492,0.363607,0.636393,0.12992,0.130198
4073,24,0.503703,0.075773,0.01,0.101031,0.309492,0.36364,0.63636,0.12374,0.121507
4074,24,0.503602,0.075789,0.010002,0.101052,0.309555,0.363637,0.636363,0.133182,0.132203
4075,24,0.503502,0.075804,0.010002,0.101073,0.309618,0.363578,0.636422,0.124859,0.124631
4076,24,0.503403,0.07582,0.010002,0.101093,0.309682,0.363519,0.636481,0.124859,0.124631
4077,30,0.503458,0.075812,0.009999,0.101082,0.309649,0.363468,0.636532,0.115776,0.116018
4078,24,0.503458,0.075812,0.01,0.101082,0.309648,0.363371,0.636629,0.121572,0.122948
4079,30,0.503354,0.075798,0.009998,0.101064,0.309785,0.363378,0.636622,0.115543,0.113146
4080,24,0.503076,0.075787,0.010131,0.101049,0.309958,0.363341,0.636659,0.129692,0.129928
4081,24,0.503031,0.07578,0.009999,0.10104,0.31015,0.363271,0.636729,0.126458,0.127944
4082,24,0.502819,0.075779,0.01,0.101038,0.310364,0.363234,0.636766,0.121417,0.121636
4083,24,0.502501,0.075731,0.010626,0.100974,0.310168,0.363137,0.636863,0.12153,0.12292
4084,30,0.502463,0.075708,0.010808,0.100945,0.310076,0.363086,0.636914,0.122341,0.122628
4085,24,0.502805,0.075722,0.010378,0.100963,0.310132,0.363115,0.636885,0.118104,0.113429
4086,24,0.502637,0.075727,0.010513,0.10097,0.310153,0.363112,0.636888,0.133124,0.13217
4087,30,0.502173,0.075657,0.011426,0.100877,0.309867,0.363082,0.636918,0.126093,0.126336
4088,30,0.50282,0.075699,0.010509,0.100932,0.310039,0.362888,0.637112,0.103803,0.107225
4089,30,0.503014,0.075726,0.010144,0.100968,0.310148,0.362904,0.637096,0.125627,0.124187
4090,30,0.502568,0.075659,0.011021,0.100879,0.309873,0.362863,0.637137,0.136081,0.136723
4091,30,0.502871,0.075705,0.010425,0.100939,0.31006,0.362884,0.637116,0.126203,0.124613
4092,30,0.502845,0.075701,0.010476,0.100934,0.310044,0.363051,0.636949,0.112826,0.1041
4093,30,0.502835,0.075652,0.010802,0.100869,0.309843,0.36294,0.63706,0.110264,0.112966
4094,30,0.50307,0.075632,0.010696,0.100842,0.309761,0.362769,0.637231,0.120338,0.124395
4095,24,0.502962,0.075549,0.011333,0.100732,0.309424,0.362629,0.637371,0.118044,0.121384
4096,24,0.503373,0.075545,0.010946,0.100727,0.309408,0.36249,0.63751,0.118118,0.12142
4097,30,0.50385,0.075617,0.010009,0.100823,0.309701,0.36253,0.63747,0.119607,0.116456
4098,24,0.503634,0.075584,0.009996,0.100779,0.310007,0.362495,0.637505,0.11685,0.117011
4099,30,0.503511,0.075566,0.010238,0.100755,0.309931,0.362466,0.637534,0.119487,0.119703
4100,24,0.503951,0.075535,0.009996,0.100713,0.309805,0.362397,0.637603,0.099848,0.098758
4101,24,0.504023,0.075523,0.009998,0.100698,0.309757,0.362293,0.637707,0.119728,0.120804
4102,30,0.503919,0.07551,0.009998,0.10068,0.309893,0.362301,0.637699,0.115532,0.11314
4103,24,0.504024,0.075494,0.009998,0.100658,0.309827,0.362294,0.637706,0.119612,0.1188
4104,24,0.503912,0.075477,0.009998,0.100636,0.309978,0.362224,0.637776,0.126512,0.12797
4105,30,0.503783,0.075458,0.010252,0.10061,0.309898,0.362195,0.637805,0.119487,0.119701
4106,24,0.50391,0.075477,0.010003,0.100635,0.309976,0.362251,0.637749,0.115347,0.111205
4107,30,0.503919,0.075475,0.01,0.100634,0.309972,0.362286,0.637714,0.119015,0.116012
4108,30,0.504059,0.075454,0.009997,0.100606,0.309884,0.362174,0.637826,0.115451,0.117552
4109,30,0.504011,0.075461,0.010001,0.100615,0.309913,0.362166,0.637834,0.121478,0.120908
4110,30,0.503964,0.075468,0.010001,0.100624,0.309942,0.362243,0.637757,0.114862,0.110316
4111,24,0.503854,0.075452,0.009998,0.100602,0.310094,0.362242,0.637758,0.120258,0.119237
4112,30,0.503668,0.075407,0.010278,0.100543,0.310103,0.36215,0.63785,0.129265,0.130994
4113,24,0.504019,0.075396,0.009999,0.100528,0.310058,0.362102,0.637898,0.115482,0.116087
4114,24,0.504019,0.075396,0.01,0.100528,0.310057,0.362134,0.637866,0.12367,0.121466
4115,30,0.503994,0.075392,0.010048,0.100523,0.310042,0.362154,0.637846,0.126144,0.124578
4116,24,0.504018,0.075396,0.01,0.100528,0.310057,0.362186,0.637814,0.123641,0.121446
4117,30,0.503915,0.075383,0.009998,0.10051,0.310194,0.362194,0.637806,0.115529,0.113142
4118,30,0.504205,0.075253,0.010545,0.100337,0.30966,0.361836,0.638164,0.100821,0.111306
4119,30,0.504584,0.075273,0.010035,0.100364,0.309744,0.361687,0.638313,0.104584,0.107814
4120,24,0.504501,0.075291,0.010002,0.100388,0.309818,0.361684,0.638316,0.133174,0.132194
4121,30,0.504455,0.075298,0.010001,0.100398,0.309848,0.361762,0.638238,0.114876,0.110328
4122,24,0.50499,0.075217,0.009989,0.10029,0.309514,0.361486,0.638514,0.102997,0.110594
4123,30,0.504785,0.075247,0.010004,0.100329,0.309635,0.361499,0.638501,0.127726,0.125176
4124,24,0.504718,0.075237,0.010136,0.100316,0.309593,0.361463,0.638537,0.129878,0.130167
4125,30,0.504588,0.075217,0.010391,0.10029,0.309514,0.361434,0.638566,0.119487,0.1197
4126,30,0.50444,0.075255,0.010103,0.10034,0.309862,0.361552,0.638448,0.118083,0.11173
4127,24,0.504669,0.075236,0.009997,0.100315,0.309783,0.361564,0.638436,0.109841,0.106734
4128,24,0.504446,0.075203,0.009996,0.10027,0.310085,0.361529,0.638471,0.11685,0.117006
4129,24,0.504608,0.075131,0.010295,0.100175,0.309791,0.361435,0.638565,0.106446,0.106573
4130,30,0.504584,0.075128,0.010343,0.10017,0.309776,0.361455,0.638545,0.126144,0.12458
4131,30,0.504765,0.075152,0.010003,0.100203,0.309877,0.36149,0.63851,0.119012,0.116012
4132,24,0.504658,0.075136,0.009998,0.100181,0.310028,0.361486,0.638514,0.119862,0.118909
4133,30,0.504689,0.075131,0.009999,0.100174,0.310007,0.361594,0.638406,0.118029,0.111407
4134,24,0.504688,0.075131,0.01,0.100174,0.310007,0.361498,0.638502,0.121572,0.122929
4135,24,0.504527,0.075122,0.009999,0.100162,0.31019,0.361716,0.638284,0.111473,0.100437
4136,30,0.504601,0.075058,0.009992,0.100078,0.310271,0.361542,0.638458,0.104808,0.1094
4137,30,0.504668,0.075026,0.010131,0.100035,0.310139,0.361418,0.638582,0.125371,0.127893
4138,30,0.504728,0.075037,0.010001,0.10005,0.310184,0.361455,0.638545,0.118526,0.115113
4139,24,0.504618,0.075021,0.009998,0.100028,0.310336,0.361386,0.638614,0.118187,0.119636
4140,24,0.504617,0.075021,0.01,0.100028,0.310335,0.36135,0.63865,0.121587,0.12186
4141,24,0.504619,0.07502,0.01,0.100027,0.310333,0.361379,0.638621,0.123287,0.121148
4142,24,0.504939,0.074972,0.009994,0.099962,0.310133,0.361272,0.638728,0.108217,0.110355
4143,24,0.504828,0.074955,0.009998,0.099939,0.310281,0.361298,0.638702,0.111521,0.108023
4144,30,0.504767,0.074963,0.010001,0.099951,0.310317,0.361409,0.638591,0.11698,0.110645
4145,30,0.504768,0.074963,0.01,0.099951,0.310317,0.361449,0.638551,0.119599,0.116447
4146,30,0.504833,0.074945,0.010052,0.099927,0.310242,0.361357,0.638643,0.117368,0.118706
4147,30,0.504812,0.074873,0.010541,0.099831,0.309943,0.361249,0.638751,0.124992,0.127201
4148,24,0.505085,0.074914,0.010005,0.099885,0.310111,0.361282,0.638718,0.12369,0.121475
4149,30,0.505088,0.074914,0.01,0.099885,0.310113,0.36134,0.63866,0.112932,0.109153
4150,24,0.505083,0.074882,0.009996,0.099842,0.310198,0.36123,0.63877,0.122375,0.12525
4151,24,0.505234,0.074858,0.009997,0.099811,0.310101,0.3611,0.6389,0.119229,0.12229
4152,30,0.505117,0.074875,0.010002,0.099834,0.310172,0.361127,0.638873,0.131219,0.12915
4153,24,0.505121,0.074875,0.01,0.099833,0.310171,0.361157,0.638843,0.123299,0.12116
4154,30,0.505095,0.074871,0.01005,0.099828,0.310155,0.361214,0.638786,0.11283,0.109087
4155,30,0.504854,0.074863,0.010344,0.099818,0.310121,0.361281,0.638719,0.130769,0.126392
4156,30,0.505028,0.074889,0.010003,0.099852,0.310228,0.361205,0.638795,0.119556,0.120619
4157,24,0.505204,0.074863,0.009997,0.099817,0.31012,0.361216,0.638784,0.110209,0.107377
4158,24,0.505522,0.074814,0.009993,0.099752,0.309918,0.361108,0.638892,0.108123,0.110296
4159,24,0.505196,0.074796,0.009998,0.099728,0.310282,0.361038,0.638962,0.126313,0.127708
4160,24,0.505095,0.074811,0.010002,0.099748,0.310344,0.361036,0.638964,0.133186,0.132205
4161,30,0.505439,0.074759,0.009993,0.099679,0.31013,0.360871,0.639129,0.094901,0.097168
4162,30,0.505338,0.074744,0.009998,0.099659,0.31026,0.360754,0.639246,0.126528,0.129011
4163,24,0.50591,0.074658,0.009988,0.099544,0.309901,0.360519,0.639481,0.094183,0.100353
4164,24,0.506331,0.074592,0.009991,0.099456,0.309629,0.360413,0.639587,0.096285,0.096634
4165,24,0.506163,0.074598,0.010126,0.099463,0.309651,0.36041,0.63959,0.133137,0.132172
4166,30,0.506137,0.074591,0.009999,0.099455,0.309817,0.360397,0.639603,0.122634,0.122217
4167,30,0.506093,0.074569,0.009997,0.099425,0.309916,0.360306,0.639694,0.129355,0.13103
4168,30,0.506311,0.074535,0.009996,0.099381,0.309777,0.360171,0.639829,0.107595,0.109097
4169,30,0.505982,0.074546,0.010255,0.099395,0.309822,0.360218,0.639782,0.14432,0.141607
4170,24,0.505838,0.07454,0.009999,0.099387,0.310236,0.360187,0.639813,0.124688,0.123598
4171,24,0.505838,0.07454,0.01,0.099387,0.310235,0.360091,0.639909,0.121572,0.122916
4172,30,0.505831,0.074541,0.01,0.099388,0.310239,0.360106,0.639894,0.125163,0.123574
4173,30,0.506173,0.07449,0.009993,0.099319,0.310025,0.360002,0.639998,0.094775,0.094949
4174,30,0.506165,0.074461,0.009996,0.099281,0.310097,0.359881,0.640119,0.114378,0.116723
4175,30,0.505942,0.074442,0.009997,0.099256,0.310362,0.359736,0.640264,0.123087,0.126323
4176,30,0.50584,0.074386,0.010464,0.099181,0.310129,0.359605,0.640395,0.126613,0.130342
4177,30,0.505696,0.074365,0.010746,0.099153,0.31004,0.359622,0.640378,0.12615,0.12374
4178,24,0.506076,0.07442,0.010007,0.099227,0.31027,0.359652,0.640348,0.12329,0.121156
4179,24,0.505969,0.074404,0.009998,0.099205,0.310424,0.359651,0.640349,0.120283,0.119256
4180,24,0.505867,0.074419,0.010002,0.099225,0.310487,0.359649,0.640351,0.13319,0.132205
4181,24,0.505767,0.074434,0.010002,0.099246,0.31055,0.359647,0.640353,0.124882,0.123888
4182,24,0.505557,0.074433,0.01,0.099244,0.310765,0.359611,0.640389,0.121437,0.121635
4183,24,0.505234,0.074416,0.009998,0.099221,0.311131,0.359541,0.640459,0.126304,0.127698
4184,24,0.505553,0.074368,0.009994,0.099157,0.310929,0.359434,0.640566,0.108207,0.110327
4185,30,0.505423,0.074348,0.010248,0.099131,0.310849,0.359613,0.640387,0.119487,0.110336
4186,24,0.505354,0.074307,0.010586,0.099076,0.310676,0.359481,0.640519,0.117427,0.119834
4187,30,0.505262,0.074293,0.010424,0.099058,0.310963,0.359327,0.640673,0.111143,0.114736
4188,30,0.505723,0.074288,0.009999,0.09905,0.310939,0.359234,0.640766,0.113185,0.114972
4189,24,0.505886,0.074248,0.010098,0.098997,0.310771,0.359095,0.640905,0.11802,0.121311
4190,24,0.505827,0.074238,0.009999,0.098984,0.310951,0.359091,0.640909,0.119858,0.118907
4191,30,0.506032,0.074207,0.009996,0.098943,0.310822,0.358895,0.641105,0.103276,0.106655
4192,30,0.506085,0.074199,0.009999,0.098932,0.310786,0.358845,0.641155,0.115757,0.115979
4193,24,0.506084,0.074199,0.01,0.098932,0.310785,0.358809,0.641191,0.121587,0.121851
4194,30,0.506289,0.074168,0.009996,0.09889,0.310656,0.358747,0.641253,0.096634,0.095215
4195,24,0.506603,0.07412,0.009994,0.098827,0.310456,0.358679,0.641321,0.100263,0.099407
4196,30,0.5066,0.07412,0.01,0.098826,0.310454,0.358719,0.641281,0.119487,0.116384
4197,30,0.506853,0.074082,0.009995,0.098776,0.310295,0.358664,0.641336,0.107491,0.107811
4198,24,0.506739,0.074065,0.009998,0.098753,0.310445,0.358595,0.641405,0.118199,0.119626
4199,24,0.506738,0.074065,0.01,0.098753,0.310444,0.35856,0.64144,0.121628,0.121874
4200,30,0.507124,0.074007,0.009992,0.098676,0.310201,0.358386,0.641614,0.098809,0.101819
4201,24,0.506956,0.074012,0.010127,0.098683,0.310222,0.358383,0.641617,0.133137,0.132173
4202,24,0.507173,0.073998,0.009998,0.098665,0.310166,0.358255,0.641745,0.110979,0.113964
4203,24,0.507061,0.073982,0.009998,0.098643,0.310317,0.358255,0.641745,0.120271,0.119245
4204,30,0.506861,0.074012,0.010004,0.098682,0.310441,0.358314,0.641686,0.127731,0.1246
4205,24,0.506865,0.074012,0.01,0.098682,0.310441,0.358344,0.641656,0.123287,0.121156
4206,30,0.507045,0.073985,0.009996,0.098646,0.310327,0.358151,0.641849,0.103622,0.106992
4207,30,0.5067,0.073934,0.01067,0.098579,0.310116,0.358063,0.641937,0.129423,0.130893
4208,24,0.506819,0.073981,0.010025,0.098642,0.310533,0.358027,0.641973,0.129749,0.129948
4209,24,0.506353,0.073913,0.010934,0.098551,0.310248,0.357931,0.642069,0.121516,0.12286
4210,24,0.506707,0.073964,0.010029,0.098619,0.310681,0.357927,0.642073,0.119858,0.11891
4211,30,0.506675,0.073973,0.010001,0.098631,0.310719,0.358006,0.641994,0.114865,0.110351
4212,30,0.50665,0.07397,0.010049,0.098626,0.310704,0.358156,0.641844,0.126144,0.118045
4213,30,0.506304,0.073903,0.010489,0.098537,0.310767,0.358012,0.641988,0.123816,0.127275
4214,30,0.505855,0.073838,0.011365,0.09845,0.310492,0.357972,0.642028,0.136079,0.1367
4215,24,0.506344,0.073908,0.010415,0.098544,0.310789,0.358002,0.641998,0.123298,0.121162
4216,30,0.506539,0.073934,0.01005,0.098579,0.310898,0.358018,0.641982,0.125628,0.124196
4217,30,0.506656,0.073924,0.009999,0.098565,0.310856,0.357927,0.642073,0.117376,0.118678
4218,30,0.506609,0.073931,0.010001,0.098575,0.310884,0.357919,0.642081,0.121481,0.120909
4219,30,0.506927,0.073883,0.009994,0.098511,0.310684,0.357727,0.642273,0.101993,0.10678
4220,30,0.506598,0.073894,0.010253,0.098525,0.310729,0.357774,0.642226,0.144324,0.141622
4221,30,0.506726,0.073913,0.010003,0.09855,0.310808,0.357815,0.642185,0.119588,0.116463
4222,24,0.506728,0.073913,0.01,0.098551,0.310809,0.357848,0.642152,0.123683,0.121485
4223,24,0.506728,0.073913,0.01,0.098551,0.310809,0.357812,0.642188,0.129895,0.130163
4224,24,0.506516,0.073912,0.01,0.098549,0.311023,0.357776,0.642224,0.129749,0.129943
4225,24,0.506516,0.073912,0.01,0.098549,0.311023,0.357741,0.642259,0.121657,0.121892
4226,30,0.506703,0.073855,0.009992,0.098473,0.310976,0.357688,0.642312,0.109589,0.109326
4227,30,0.50704,0.073803,0.009993,0.098405,0.310759,0.357584,0.642416,0.094703,0.094863
4228,30,0.506962,0.073767,0.010307,0.098356,0.310607,0.357523,0.642477,0.11618,0.1175
4229,30,0.507028,0.073775,0.010001,0.098366,0.31083,0.35751,0.64249,0.12263,0.122211
4230,24,0.506928,0.07379,0.010002,0.098386,0.310894,0.357508,0.642492,0.124882,0.123891
4231,30,0.506883,0.073797,0.010001,0.098396,0.310924,0.357453,0.642547,0.121484,0.121755
4232,24,0.506815,0.073787,0.010133,0.098383,0.310882,0.357417,0.642583,0.129878,0.130151
4233,30,0.507135,0.073759,0.009996,0.098345,0.310764,0.357328,0.642672,0.114043,0.115877
4234,30,0.507005,0.07374,0.01025,0.09832,0.310685,0.3573,0.6427,0.119487,0.119687
4235,24,0.507132,0.073759,0.010003,0.098345,0.310762,0.357357,0.642643,0.115347,0.111229
4236,30,0.507107,0.073755,0.010051,0.09834,0.310747,0.357378,0.642622,0.126144,0.124591
4237,30,0.507035,0.073744,0.009999,0.098326,0.310896,0.357321,0.642679,0.116548,0.117738
4238,30,0.506562,0.073676,0.010923,0.098234,0.310605,0.357245,0.642755,0.119432,0.120488
4239,30,0.506561,0.073725,0.010408,0.0983,0.311005,0.357295,0.642705,0.13429,0.129671
4240,24,0.506972,0.073721,0.010021,0.098295,0.31099,0.357157,0.642843,0.118072,0.121314
4241,30,0.506598,0.073703,0.009998,0.098271,0.311431,0.35717,0.64283,0.113508,0.11109
4242,30,0.506468,0.073684,0.010252,0.098245,0.311351,0.357142,0.642858,0.119487,0.119685
4243,30,0.506337,0.073665,0.010506,0.09822,0.311271,0.357066,0.642934,0.119487,0.12053
4244,24,0.506738,0.073648,0.009998,0.098197,0.311419,0.356936,0.643064,0.105964,0.108974
4245,30,0.5066,0.073554,0.010754,0.098072,0.31102,0.356787,0.643213,0.123974,0.127981
4246,24,0.506719,0.0736,0.010109,0.098134,0.311437,0.3567,0.6433,0.121426,0.122054
4247,30,0.506354,0.073561,0.010389,0.098082,0.311614,0.356611,0.643389,0.119713,0.121905
4248,24,0.506759,0.073526,0.009995,0.098035,0.311685,0.356471,0.643529,0.104727,0.108005
4249,24,0.507072,0.073479,0.009994,0.097972,0.311484,0.356419,0.643581,0.098175,0.096767
4250,30,0.507052,0.073476,0.010032,0.097968,0.311472,0.356343,0.643657,0.119477,0.120521
4251,30,0.50691,0.073455,0.01031,0.09794,0.311385,0.356512,0.643488,0.112819,0.104202
4252,30,0.506871,0.073456,0.01015,0.097942,0.311582,0.356669,0.643331,0.117507,0.10935
4253,24,0.506949,0.073467,0.010001,0.097956,0.311627,0.356699,0.643301,0.123299,0.121172
4254,24,0.50695,0.073467,0.01,0.097956,0.311627,0.356663,0.643337,0.129895,0.130159
4255,30,0.506943,0.073468,0.01,0.097957,0.311631,0.356679,0.643321,0.125164,0.123579
4256,30,0.506918,0.073465,0.010048,0.097953,0.311616,0.35683,0.64317,0.126144,0.118066
4257,24,0.506834,0.073452,0.009998,0.097935,0.311781,0.356827,0.643173,0.119853,0.118905
4258,24,0.506722,0.073435,0.009998,0.097914,0.311931,0.356758,0.643242,0.118141,0.119575
4259,30,0.506794,0.073396,0.009995,0.097861,0.311955,0.356799,0.643201,0.110921,0.106763
4260,30,0.506786,0.073367,0.009996,0.097823,0.312027,0.356679,0.643321,0.114375,0.116676
4261,24,0.506321,0.0733,0.010906,0.097733,0.31174,0.356584,0.643416,0.121516,0.122847
4262,30,0.506345,0.07325,0.011214,0.097666,0.311525,0.356473,0.643527,0.119078,0.120614
4263,30,0.506425,0.073261,0.011058,0.097681,0.311574,0.356513,0.643487,0.119491,0.116393
4264,24,0.506658,0.073295,0.010602,0.097726,0.311718,0.356546,0.643454,0.123668,0.12149
4265,30,0.506619,0.073296,0.010442,0.097728,0.311915,0.356614,0.643386,0.134133,0.129154
4266,24,0.50662,0.073296,0.01,0.097728,0.312355,0.35658,0.64342,0.116849,0.116995
4267,24,0.506362,0.073208,0.01084,0.097611,0.311979,0.35644,0.64356,0.116385,0.118992
4268,30,0.506344,0.073205,0.010876,0.097607,0.311968,0.356461,0.643539,0.126141,0.124589
4269,24,0.506463,0.073252,0.010231,0.097669,0.312386,0.356426,0.643574,0.129745,0.129946
4270,30,0.506814,0.073234,0.009998,0.097645,0.312309,0.356283,0.643717,0.097618,0.099483
4271,24,0.506601,0.073233,0.01,0.097644,0.312523,0.356248,0.643752,0.121436,0.121618
4272,24,0.506603,0.073232,0.01,0.097643,0.312521,0.356278,0.643722,0.123287,0.121164
4273,30,0.506231,0.073237,0.010001,0.097649,0.312883,0.356256,0.643744,0.119351,0.11897
4274,30,0.505764,0.073169,0.010914,0.097559,0.312594,0.356385,0.643615,0.126101,0.118806
4275,30,0.506081,0.073115,0.010956,0.097486,0.312362,0.356188,0.643812,0.101306,0.106165
4276,30,0.506329,0.073124,0.01065,0.097498,0.3124,0.356214,0.643786,0.122324,0.119809
4277,24,0.506658,0.073171,0.010007,0.097561,0.312603,0.356247,0.643753,0.123693,0.121501
4278,24,0.50645,0.07317,0.01,0.09756,0.312819,0.356212,0.643788,0.121424,0.121608
4279,24,0.506614,0.073143,0.010016,0.097524,0.312703,0.356073,0.643927,0.116426,0.119012
4280,30,0.506589,0.07314,0.010064,0.097519,0.312688,0.356094,0.643906,0.126144,0.124591
4281,24,0.506511,0.073128,0.009998,0.097504,0.312859,0.356025,0.643975,0.118191,0.119604
4282,24,0.506401,0.073112,0.009998,0.097482,0.313007,0.356021,0.643979,0.119837,0.118892
4283,30,0.506646,0.073075,0.009995,0.097433,0.31285,0.355928,0.644072,0.113086,0.114872
4284,24,0.506644,0.073075,0.01,0.097433,0.312849,0.356138,0.643862,0.115333,0.104816
4285,24,0.506535,0.073058,0.009998,0.097411,0.312998,0.356134,0.643866,0.119837,0.118892
4286,24,0.506434,0.073073,0.010002,0.097431,0.313061,0.356077,0.643923,0.124867,0.124592
4287,24,0.506223,0.073072,0.01,0.097429,0.313276,0.356042,0.643958,0.121432,0.121618
4288,24,0.506225,0.073072,0.01,0.097429,0.313274,0.356101,0.643899,0.114962,0.110586
4289,30,0.506201,0.073068,0.010048,0.097424,0.313259,0.356122,0.643878,0.126144,0.124591
4290,30,0.506181,0.073065,0.010086,0.09742,0.313247,0.356046,0.643954,0.119477,0.120516
4291,24,0.506227,0.073071,0.010001,0.097428,0.313272,0.356076,0.643924,0.123299,0.121174
4292,24,0.506117,0.073055,0.009998,0.097407,0.313423,0.356076,0.643924,0.120274,0.119249
4293,30,0.505687,0.072993,0.010495,0.097324,0.3135,0.355967,0.644033,0.117737,0.120693
4294,30,0.505981,0.073023,0.010004,0.097364,0.313628,0.355837,0.644163,0.106872,0.109654
4295,24,0.505874,0.073007,0.009998,0.097343,0.313778,0.355834,0.644166,0.119849,0.118897
4296,24,0.5063,0.072944,0.009991,0.097258,0.313506,0.35571,0.64429,0.102501,0.103454
4297,24,0.506196,0.072958,0.010002,0.097277,0.313567,0.355709,0.644291,0.13319,0.132205
4298,24,0.506189,0.072912,0.010311,0.097216,0.313372,0.35558,0.64442,0.119196,0.122196
4299,30,0.506059,0.072894,0.010565,0.097191,0.313291,0.355505,0.644495,0.119487,0.120517
4300,24,0.506244,0.07295,0.010008,0.097266,0.313532,0.355504,0.644496,0.124882,0.123888
4301,24,0.506037,0.072949,0.01,0.097265,0.313749,0.355469,0.644531,0.12974,0.129928
4302,30,0.505956,0.07291,0.009995,0.097214,0.313925,0.355301,0.644699,0.108977,0.11277
4303,24,0.505742,0.072909,0.01,0.097212,0.314138,0.355266,0.644734,0.12974,0.129928
4304,30,0.505717,0.072905,0.010048,0.097207,0.314123,0.355287,0.644713,0.126144,0.124592
4305,24,0.505744,0.072908,0.01,0.097211,0.314136,0.355317,0.644683,0.123287,0.121165
4306,24,0.505801,0.072853,0.010308,0.097138,0.3139,0.355179,0.644821,0.118039,0.121276
4307,24,0.505757,0.072847,0.010393,0.09713,0.313873,0.355085,0.644915,0.121558,0.122857
4308,24,0.505856,0.072891,0.010006,0.097188,0.31406,0.355029,0.644971,0.124867,0.124586
4309,24,0.505637,0.072859,0.009996,0.097146,0.314363,0.354927,0.645073,0.114732,0.117318
4310,24,0.505584,0.072866,0.010001,0.097155,0.314393,0.355005,0.644995,0.123236,0.117309
4311,24,0.505587,0.072866,0.01,0.097155,0.314392,0.355036,0.644964,0.123299,0.121178
4312,30,0.505561,0.072862,0.010051,0.09715,0.314376,0.355072,0.644928,0.119477,0.115623
4313,30,0.505483,0.072853,0.009999,0.097137,0.314528,0.355082,0.644918,0.115529,0.113148
4314,30,0.505139,0.072803,0.010673,0.097071,0.314314,0.355079,0.644921,0.129423,0.126969
4315,24,0.50524,0.072818,0.010474,0.097091,0.314377,0.355044,0.644956,0.129893,0.130151
4316,24,0.505324,0.072859,0.010115,0.097146,0.314556,0.355155,0.644845,0.116541,0.110343
4317,24,0.505382,0.072868,0.010001,0.097157,0.314592,0.355189,0.644811,0.123695,0.121505
4318,24,0.505385,0.072867,0.01,0.097157,0.314591,0.355248,0.644752,0.114962,0.110591
4319,30,0.505583,0.072836,0.010013,0.097114,0.314454,0.355131,0.644869,0.11604,0.118829
4320,30,0.505453,0.072817,0.010268,0.097089,0.314373,0.355056,0.644944,0.119487,0.120513
4321,24,0.505488,0.072851,0.010005,0.097135,0.314521,0.355055,0.644945,0.124878,0.123886
4322,30,0.505422,0.072862,0.010001,0.097149,0.314566,0.355277,0.644723,0.123182,0.112437
4323,24,0.505417,0.07283,0.009996,0.097107,0.31465,0.355237,0.644763,0.116195,0.116542
4324,30,0.505454,0.072795,0.010195,0.09706,0.314497,0.355126,0.644874,0.115388,0.117428
4325,30,0.505734,0.072782,0.009998,0.097043,0.314442,0.354968,0.645032,0.103637,0.107179
4326,24,0.505683,0.07279,0.010001,0.097053,0.314474,0.355227,0.644773,0.114928,0.102584
4327,30,0.505715,0.072754,0.010208,0.097005,0.314318,0.355116,0.644884,0.115385,0.117428
4328,30,0.50603,0.072654,0.010554,0.096872,0.313889,0.354785,0.645215,0.103149,0.112458
4329,30,0.506439,0.072653,0.010154,0.096871,0.313883,0.354669,0.645331,0.109392,0.112171
4330,24,0.506356,0.072656,0.01,0.096874,0.314114,0.354672,0.645328,0.128111,0.125951
4331,24,0.506245,0.07264,0.009998,0.096853,0.314265,0.354672,0.645328,0.120286,0.119254
4332,30,0.506063,0.072616,0.009997,0.096821,0.314504,0.354633,0.645367,0.110121,0.109252
4333,24,0.50579,0.072591,0.009997,0.096788,0.314835,0.354603,0.645397,0.124653,0.123565
4334,24,0.505687,0.072605,0.010002,0.096807,0.314898,0.354602,0.645398,0.124866,0.12388
4335,30,0.505515,0.072581,0.009997,0.096774,0.315134,0.354685,0.645315,0.104498,0.099143
4336,24,0.505513,0.07258,0.01,0.096774,0.315133,0.35465,0.64535,0.121587,0.121836
4337,24,0.50573,0.072549,0.009996,0.096732,0.314995,0.354513,0.645487,0.118126,0.121325
4338,30,0.505727,0.072548,0.01,0.096731,0.314993,0.354427,0.645573,0.129525,0.130928
4339,24,0.505566,0.07254,0.009999,0.09672,0.315175,0.354648,0.645352,0.111473,0.100597
4340,30,0.505542,0.072536,0.010047,0.096715,0.31516,0.354669,0.645331,0.126144,0.124594
4341,24,0.505455,0.072524,0.009998,0.096698,0.315325,0.3546,0.6454,0.126441,0.127872
4342,30,0.505429,0.07252,0.010049,0.096693,0.315309,0.354636,0.645364,0.119477,0.115625
4343,24,0.50577,0.072477,0.009994,0.096636,0.315122,0.354418,0.645582,0.106461,0.110981
4344,30,0.50575,0.072429,0.009993,0.096572,0.315256,0.354229,0.645771,0.101962,0.10726
4345,30,0.505573,0.072404,0.009997,0.096538,0.315489,0.354157,0.645843,0.127737,0.128375
4346,30,0.505833,0.072365,0.009995,0.096487,0.315321,0.354065,0.645935,0.113551,0.115468
4347,24,0.505719,0.072349,0.009998,0.096465,0.315469,0.354065,0.645935,0.120216,0.119207
4348,24,0.505718,0.072349,0.01,0.096465,0.315469,0.35403,0.64597,0.121628,0.121859
4349,30,0.505805,0.072335,0.010006,0.096447,0.315408,0.35398,0.64602,0.118681,0.118443
4350,24,0.505912,0.07232,0.009998,0.096427,0.315343,0.353905,0.646095,0.117457,0.119084
4351,24,0.505911,0.07232,0.01,0.096426,0.315342,0.353811,0.646189,0.121575,0.122855
4352,30,0.505911,0.07232,0.01,0.096426,0.315342,0.353871,0.646129,0.112943,0.109203
4353,30,0.505843,0.07233,0.010001,0.09644,0.315386,0.354093,0.645907,0.123185,0.112464
4354,30,0.505898,0.072322,0.009999,0.096429,0.315352,0.354045,0.645955,0.122438,0.122633
4355,30,0.505851,0.072329,0.010001,0.096438,0.315381,0.354026,0.645974,0.138108,0.137938
4356,24,0.50574,0.072313,0.009998,0.096417,0.315532,0.354026,0.645974,0.120265,0.119242
4357,30,0.505431,0.072304,0.009999,0.096406,0.315861,0.35409,0.64591,0.118852,0.114815
4358,30,0.505273,0.072301,0.01,0.096402,0.316024,0.354281,0.645719,0.120415,0.110967
4359,30,0.505074,0.07233,0.010004,0.096441,0.316151,0.35443,0.64557,0.121091,0.113818
4360,30,0.505419,0.072281,0.009993,0.096374,0.315933,0.354268,0.645732,0.094775,0.096972
4361,24,0.505305,0.072264,0.009998,0.096352,0.316081,0.354268,0.645732,0.120236,0.119222
4362,30,0.505304,0.072264,0.01,0.096352,0.31608,0.354393,0.645607,0.119487,0.112509
4363,30,0.50516,0.072257,0.009999,0.096343,0.316242,0.354309,0.645691,0.118479,0.119738
4364,30,0.505421,0.072219,0.009995,0.096292,0.316074,0.354217,0.645783,0.113524,0.115452
4365,24,0.505308,0.072202,0.009998,0.09627,0.316222,0.354148,0.645852,0.118153,0.119563
4366,24,0.50524,0.072193,0.01013,0.096257,0.31618,0.354113,0.645887,0.129878,0.13014
4367,30,0.50501,0.072217,0.010003,0.09629,0.31648,0.354099,0.645901,0.124725,0.12319
4368,30,0.504965,0.072224,0.010001,0.096299,0.316511,0.354092,0.645908,0.121481,0.120904
4369,30,0.505056,0.072211,0.009998,0.096282,0.316453,0.353951,0.646049,0.112049,0.11506
4370,24,0.505005,0.072219,0.010001,0.096291,0.316485,0.354056,0.645944,0.123251,0.117282
4371,30,0.505144,0.072198,0.009997,0.096265,0.316396,0.353908,0.646092,0.111283,0.114485
4372,30,0.505142,0.072198,0.01,0.096264,0.316395,0.353949,0.646051,0.119542,0.11644
4373,24,0.505195,0.07219,0.009999,0.096254,0.316362,0.354023,0.645977,0.12166,0.116779
4374,24,0.505194,0.07219,0.01,0.096254,0.316361,0.353988,0.646012,0.129924,0.130171
4375,24,0.505094,0.072205,0.010002,0.096273,0.316426,0.353987,0.646013,0.133186,0.132204
4376,24,0.504984,0.072189,0.009998,0.096253,0.316576,0.353987,0.646013,0.120265,0.119242
4377,24,0.504983,0.072189,0.01,0.096252,0.316575,0.353952,0.646048,0.121612,0.121849
4378,30,0.505327,0.072139,0.009993,0.096186,0.316356,0.35379,0.64621,0.094743,0.096949
4379,24,0.505577,0.072102,0.009995,0.096136,0.316191,0.353864,0.646136,0.101431,0.095702
4380,24,0.505574,0.072101,0.01,0.096135,0.31619,0.353829,0.646171,0.129895,0.130148
4381,30,0.505574,0.072101,0.01,0.096135,0.31619,0.35387,0.64613,0.119531,0.116436
4382,24,0.505362,0.0721,0.01,0.096134,0.316404,0.353835,0.646165,0.129728,0.129917
4383,30,0.505316,0.072107,0.010001,0.096143,0.316434,0.35377,0.64623,0.131492,0.132135
4384,30,0.505174,0.072087,0.010278,0.096116,0.316345,0.353807,0.646193,0.119466,0.115615
4385,30,0.505424,0.072082,0.010058,0.09611,0.316326,0.353652,0.646348,0.12202,0.125656
4386,30,0.505295,0.072064,0.010312,0.096085,0.316245,0.353721,0.646279,0.119487,0.115313
4387,24,0.505383,0.072076,0.010139,0.096102,0.3163,0.353754,0.646246,0.123641,0.121474
4388,30,0.505334,0.072054,0.009997,0.096072,0.316543,0.353625,0.646375,0.107335,0.110274
4389,30,0.505439,0.072009,0.010191,0.096012,0.316348,0.353454,0.646546,0.11979,0.12373
4390,24,0.505752,0.071992,0.009998,0.095989,0.31627,0.353318,0.646682,0.109847,0.113005
4391,24,0.506067,0.071945,0.009994,0.095927,0.316067,0.353268,0.646732,0.098191,0.096769
4392,30,0.506207,0.071924,0.009997,0.095899,0.315973,0.353219,0.646781,0.097518,0.095681
4393,30,0.506387,0.071897,0.009996,0.095863,0.315856,0.353063,0.646937,0.103679,0.10717
4394,24,0.506285,0.071912,0.010002,0.095882,0.315919,0.353062,0.646938,0.13319,0.132204
4395,24,0.506286,0.071912,0.01,0.095882,0.31592,0.353027,0.646973,0.121587,0.12183
4396,30,0.506239,0.071919,0.010001,0.095892,0.31595,0.352973,0.647027,0.121479,0.121729
4397,24,0.506196,0.071912,0.010086,0.095883,0.315923,0.352938,0.647062,0.121558,0.121809
4398,24,0.506242,0.071918,0.010001,0.095891,0.315948,0.352969,0.647031,0.123299,0.121183
4399,30,0.506112,0.0719,0.010255,0.095866,0.315867,0.352894,0.647106,0.119487,0.120499
4400,24,0.506241,0.071918,0.010003,0.095891,0.315948,0.352952,0.647048,0.115347,0.111254
4401,30,0.50604,0.071898,0.009997,0.095864,0.316201,0.352953,0.647047,0.114758,0.111684
4402,30,0.505592,0.071834,0.010874,0.095779,0.315921,0.352913,0.647087,0.136081,0.136689
4403,30,0.505907,0.071841,0.010322,0.095788,0.316142,0.352888,0.647112,0.111409,0.110041
4404,24,0.50607,0.071864,0.010003,0.095819,0.316244,0.352853,0.647147,0.12992,0.130161
4405,30,0.506003,0.071874,0.010001,0.095832,0.316289,0.353076,0.646924,0.123185,0.112488
4406,30,0.506541,0.071796,0.009989,0.095728,0.315946,0.35279,0.64721,0.092,0.099878
4407,24,0.506535,0.071795,0.01,0.095727,0.315942,0.352823,0.647177,0.123641,0.121476
4408,30,0.506765,0.071762,0.009995,0.095683,0.315795,0.35277,0.64723,0.125013,0.124628
4409,24,0.507081,0.071715,0.009993,0.09562,0.31559,0.352664,0.647336,0.108145,0.110213
4410,24,0.50708,0.071714,0.01,0.095619,0.315587,0.352695,0.647305,0.123299,0.121185
4411,30,0.507014,0.071696,0.009997,0.095595,0.315698,0.352773,0.647227,0.115024,0.109876
4412,24,0.507015,0.071696,0.01,0.095594,0.315696,0.352804,0.647196,0.123287,0.121173
4413,30,0.506566,0.071632,0.010877,0.095509,0.315416,0.352764,0.647236,0.136081,0.136689
4414,24,0.507013,0.071695,0.010009,0.095593,0.315691,0.352795,0.647205,0.123299,0.121195
4415,24,0.50702,0.071695,0.01,0.095593,0.315692,0.352826,0.647174,0.123299,0.121183
4416,24,0.507022,0.071695,0.01,0.095593,0.315691,0.352857,0.647143,0.123287,0.121173
4417,24,0.507237,0.071663,0.009996,0.095551,0.315553,0.35272,0.64728,0.109754,0.11293
4418,24,0.507235,0.071663,0.01,0.095551,0.315552,0.352755,0.647245,0.12374,0.121543
4419,24,0.507191,0.071657,0.010085,0.095542,0.315525,0.352814,0.647186,0.121558,0.116471
4420,24,0.507237,0.071663,0.010001,0.09555,0.31555,0.352845,0.647155,0.123286,0.121173
4421,30,0.507286,0.07163,0.009995,0.095507,0.315582,0.352675,0.647325,0.102715,0.106825
4422,24,0.507175,0.071614,0.009998,0.095485,0.315729,0.352672,0.647328,0.119828,0.118884
4423,30,0.507174,0.071613,0.01,0.095485,0.315728,0.352714,0.647286,0.119588,0.116477
4424,30,0.50725,0.071602,0.009998,0.09547,0.315679,0.352546,0.647454,0.106295,0.109005
4425,30,0.507639,0.071487,0.010385,0.095316,0.315172,0.352188,0.647812,0.100257,0.110435
4426,24,0.507734,0.071529,0.010006,0.095373,0.315358,0.352187,0.647813,0.124886,0.123901
4427,30,0.507997,0.071492,0.009995,0.095323,0.315193,0.352095,0.647905,0.11348,0.1154
4428,30,0.508003,0.071491,0.01,0.095321,0.315186,0.352133,0.647867,0.119014,0.116045
4429,24,0.508005,0.07149,0.01,0.09532,0.315185,0.352164,0.647836,0.123286,0.121181
4430,24,0.507725,0.071479,0.010132,0.095306,0.315357,0.352129,0.647871,0.129686,0.129884
4431,30,0.507934,0.071468,0.009998,0.095291,0.315308,0.351981,0.648019,0.104155,0.107223
4432,24,0.507936,0.071468,0.01,0.09529,0.315306,0.352012,0.647988,0.123286,0.121176
4433,24,0.507656,0.071457,0.010132,0.095276,0.315478,0.351977,0.648023,0.129686,0.129882
4434,30,0.50763,0.071452,0.009999,0.09527,0.315649,0.351907,0.648093,0.11364,0.114652
4435,30,0.507629,0.071452,0.01,0.09527,0.315649,0.351948,0.648052,0.119487,0.116411
4436,24,0.507518,0.071437,0.009998,0.095249,0.315799,0.35188,0.64812,0.126461,0.127867
4437,24,0.507406,0.071421,0.009998,0.095228,0.315948,0.35188,0.64812,0.120211,0.119206
4438,24,0.507404,0.071421,0.01,0.095228,0.315947,0.351939,0.648061,0.115347,0.111261
4439,24,0.507407,0.07142,0.01,0.095227,0.315946,0.35197,0.64803,0.123286,0.121176
4440,30,0.50736,0.071427,0.010001,0.095236,0.315976,0.351952,0.648048,0.13811,0.137939
4441,30,0.507644,0.071386,0.009994,0.095181,0.315794,0.351967,0.648033,0.112544,0.109471
4442,30,0.507901,0.071348,0.009995,0.095131,0.315625,0.351875,0.648125,0.113515,0.115424
4443,24,0.507849,0.071355,0.010001,0.09514,0.315656,0.351954,0.648046,0.12324,0.117336
4444,24,0.507852,0.071355,0.01,0.095139,0.315655,0.351985,0.648015,0.123299,0.121186
4445,30,0.507845,0.071355,0.01,0.095141,0.315659,0.352002,0.647998,0.125187,0.123603
4446,30,0.507879,0.071323,0.009995,0.095097,0.315706,0.351977,0.648023,0.111404,0.110034
4447,24,0.507877,0.071322,0.01,0.095096,0.315704,0.351943,0.648057,0.12164,0.12186
4448,30,0.507788,0.071307,0.009998,0.095077,0.31583,0.351931,0.648069,0.122614,0.122191
4449,30,0.507338,0.071244,0.010875,0.094992,0.315551,0.352023,0.647977,0.136081,0.13022
4450,30,0.507312,0.071241,0.010924,0.094988,0.315535,0.352082,0.647918,0.112827,0.109133
4451,30,0.507207,0.071211,0.011041,0.094948,0.315594,0.352004,0.647996,0.119285,0.120516
4452,30,0.507077,0.071192,0.011294,0.094923,0.315513,0.352074,0.647926,0.119484,0.115322
4453,24,0.507687,0.071187,0.010719,0.094916,0.31549,0.351969,0.648031,0.108149,0.110207
4454,24,0.507695,0.071217,0.010071,0.094956,0.316061,0.3519,0.6481,0.126277,0.127627
4455,24,0.507374,0.071172,0.010697,0.094896,0.315861,0.351806,0.648194,0.12153,0.122802
4456,24,0.507628,0.071236,0.010009,0.094981,0.316145,0.351805,0.648195,0.133186,0.1322
4457,30,0.507694,0.071201,0.01018,0.094935,0.31599,0.351731,0.648269,0.116929,0.117899
4458,30,0.507785,0.071214,0.010002,0.094952,0.316047,0.351773,0.648227,0.119542,0.116448
4459,30,0.507794,0.071213,0.01,0.094951,0.316042,0.351837,0.648163,0.125627,0.121619
4460,24,0.507847,0.071205,0.009999,0.09494,0.316009,0.351912,0.648088,0.121667,0.116803
4461,30,0.508388,0.071127,0.009989,0.094836,0.315661,0.351622,0.648378,0.091241,0.099055
4462,24,0.508387,0.071125,0.01,0.094834,0.315654,0.351582,0.648418,0.120856,0.1212
4463,24,0.508701,0.07108,0.009994,0.094773,0.315452,0.351365,0.648635,0.106449,0.11089
4464,30,0.509264,0.070998,0.009988,0.094663,0.315087,0.35107,0.64893,0.090699,0.098686
4465,30,0.509212,0.071003,0.010001,0.094671,0.315113,0.351006,0.648994,0.131511,0.132125
4466,30,0.508779,0.070943,0.010498,0.094591,0.315188,0.350897,0.649103,0.117724,0.120628
4467,24,0.508924,0.070963,0.010003,0.094617,0.315494,0.350894,0.649106,0.119844,0.118895
4468,24,0.508714,0.070962,0.01,0.094616,0.315709,0.350809,0.649191,0.121416,0.121996
4469,24,0.508621,0.070888,0.010591,0.094517,0.315382,0.350671,0.649329,0.117968,0.12115
4470,24,0.509239,0.070884,0.009999,0.094512,0.315365,0.350567,0.649433,0.108211,0.110233
4471,30,0.509393,0.070862,0.009997,0.094483,0.315265,0.350459,0.649541,0.110331,0.11286
4472,30,0.509392,0.070862,0.01,0.094482,0.315264,0.350519,0.649481,0.112885,0.109182
4473,30,0.509447,0.070817,0.010246,0.094423,0.315067,0.350443,0.649557,0.115826,0.11752
4474,30,0.510114,0.070756,0.009991,0.094342,0.314796,0.350118,0.649882,0.085565,0.094479
4475,24,0.510112,0.070756,0.01,0.094341,0.314792,0.350149,0.649851,0.123286,0.121181
4476,24,0.510112,0.070756,0.01,0.094341,0.314792,0.350183,0.649817,0.12367,0.121507
4477,24,0.509891,0.070724,0.009996,0.094299,0.315091,0.350147,0.649853,0.11639,0.116602
4478,24,0.509565,0.070707,0.009998,0.094276,0.315454,0.350079,0.649921,0.126294,0.127619
4479,24,0.509514,0.070714,0.010001,0.094286,0.315485,0.350123,0.649877,0.131565,0.127831
4480,30,0.509822,0.07067,0.009994,0.094227,0.315287,0.349933,0.650067,0.101812,0.106429
4481,30,0.509956,0.07065,0.009997,0.0942,0.315197,0.349791,0.650209,0.105426,0.108575
4482,24,0.510057,0.070603,0.009993,0.094138,0.315209,0.349621,0.650379,0.106332,0.110606
4483,24,0.509897,0.070521,0.010713,0.094028,0.314841,0.349484,0.650516,0.117967,0.121133
4484,30,0.510296,0.070519,0.010329,0.094025,0.314831,0.349369,0.650631,0.116017,0.118741
4485,24,0.510385,0.070531,0.010157,0.094041,0.314886,0.349429,0.650571,0.115333,0.111265
4486,24,0.510465,0.070542,0.010002,0.094056,0.314935,0.349395,0.650605,0.121587,0.121817
4487,30,0.510338,0.070524,0.010248,0.094032,0.314857,0.349356,0.650644,0.136138,0.13671
4488,30,0.510465,0.070542,0.010002,0.094056,0.314935,0.349329,0.650671,0.119545,0.119704
4489,30,0.510465,0.070502,0.010272,0.094003,0.314758,0.34918,0.65082,0.110633,0.113717
4490,30,0.510309,0.070536,0.010005,0.094048,0.315102,0.349157,0.650843,0.134757,0.133582
4491,24,0.510311,0.070537,0.01,0.094049,0.315104,0.349065,0.650935,0.121572,0.122813
4492,24,0.510313,0.070536,0.01,0.094048,0.315102,0.349097,0.650903,0.123298,0.121195
4493,30,0.510116,0.070565,0.010004,0.094086,0.315229,0.349115,0.650885,0.127772,0.12522
4494,24,0.510018,0.070579,0.010002,0.094106,0.315294,0.349061,0.650939,0.124865,0.12455
4495,24,0.50997,0.070587,0.010001,0.094115,0.315327,0.349323,0.650677,0.114922,0.102732
4496,30,0.510309,0.070538,0.009993,0.094051,0.31511,0.349129,0.650871,0.101339,0.106029
4497,24,0.510519,0.070507,0.009996,0.094009,0.31497,0.348993,0.651007,0.109794,0.112901
4498,24,0.510509,0.070476,0.009996,0.093968,0.315052,0.348954,0.651046,0.116165,0.116498
4499,30,0.510734,0.070443,0.009995,0.093924,0.314904,0.348942,0.651058,0.108398,0.106608
4500,30,0.51054,0.070415,0.010033,0.093887,0.315124,0.34882,0.65118,0.114776,0.117508
4501,30,0.510646,0.070357,0.010323,0.09381,0.314864,0.348728,0.651272,0.113397,0.115313
4502,24,0.510649,0.070372,0.010002,0.093829,0.315148,0.348796,0.651204,0.119805,0.11546
4503,30,0.510697,0.070321,0.010301,0.093761,0.31492,0.348762,0.651238,0.109276,0.108858
4504,30,0.510777,0.070332,0.010146,0.093776,0.31497,0.348889,0.651111,0.119482,0.11258
4505,30,0.510676,0.070318,0.009998,0.093757,0.315251,0.34877,0.65123,0.12774,0.130996
4506,30,0.510493,0.070295,0.009997,0.093726,0.315489,0.348733,0.651267,0.110116,0.109213
4507,24,0.510392,0.070309,0.010002,0.093745,0.315552,0.348679,0.651321,0.124879,0.124559
4508,30,0.510386,0.07031,0.01,0.093747,0.315557,0.348696,0.651304,0.125188,0.123606
4509,24,0.510537,0.070288,0.009997,0.093718,0.31546,0.348569,0.651431,0.119203,0.122102
4510,30,0.510391,0.070281,0.009999,0.093708,0.315621,0.348621,0.651379,0.111872,0.108415
4511,24,0.510291,0.070295,0.010002,0.093727,0.315684,0.348621,0.651379,0.124894,0.123895
4512,24,0.510467,0.07027,0.009996,0.093694,0.315573,0.348638,0.651362,0.109809,0.10672
4513,24,0.510355,0.070254,0.009998,0.093673,0.31572,0.348636,0.651364,0.11984,0.118891
4514,24,0.51008,0.070231,0.009997,0.093641,0.316051,0.348671,0.651329,0.116342,0.113049
4515,30,0.510079,0.07023,0.01,0.093641,0.31605,0.348586,0.651414,0.129478,0.130848
4516,24,0.509979,0.070245,0.010002,0.09366,0.316115,0.348586,0.651414,0.133203,0.132212
4517,30,0.50998,0.070245,0.01,0.09366,0.316115,0.348647,0.651353,0.112943,0.109233
4518,24,0.509868,0.070229,0.009998,0.093639,0.316265,0.34858,0.65142,0.118198,0.119556
4519,24,0.509758,0.070214,0.009998,0.093618,0.316413,0.348578,0.651422,0.11984,0.118891
4520,24,0.509657,0.070228,0.010002,0.093637,0.316477,0.348578,0.651422,0.124878,0.123885
4521,30,0.509812,0.070206,0.009997,0.093608,0.316378,0.348555,0.651445,0.110325,0.109502
4522,24,0.509813,0.070205,0.01,0.093607,0.316375,0.348587,0.651413,0.123298,0.121195
4523,30,0.509447,0.070155,0.01071,0.09354,0.316148,0.348513,0.651487,0.119443,0.120441
4524,30,0.509482,0.070173,0.010553,0.093564,0.316229,0.348604,0.651396,0.121485,0.116592
4525,24,0.509584,0.070187,0.010354,0.093582,0.316292,0.34857,0.65143,0.129893,0.13013
4526,30,0.509797,0.070184,0.010162,0.093578,0.316279,0.348492,0.651508,0.112553,0.11376
4527,30,0.509842,0.070138,0.010427,0.093518,0.316074,0.348313,0.651687,0.119148,0.123461
4528,30,0.510129,0.070109,0.009996,0.093479,0.316287,0.348141,0.651859,0.104656,0.109054
4529,30,0.510267,0.070089,0.009997,0.093452,0.316194,0.34796,0.65204,0.10402,0.106832
4530,24,0.510268,0.070089,0.01,0.093451,0.316192,0.347992,0.652008,0.123298,0.121197
4531,30,0.509816,0.070026,0.010877,0.093369,0.315912,0.347953,0.652047,0.136081,0.136669
4532,24,0.510051,0.070059,0.010421,0.093412,0.316057,0.347988,0.652012,0.123668,0.121518
4533,30,0.510182,0.070027,0.010508,0.093369,0.315914,0.34789,0.65211,0.103561,0.103613
4534,30,0.510387,0.069934,0.010941,0.093245,0.315494,0.347704,0.652296,0.103586,0.108578
4535,30,0.510323,0.069869,0.011106,0.093159,0.315544,0.347633,0.652367,0.106515,0.106749
4536,24,0.510425,0.069883,0.010908,0.093177,0.315607,0.347599,0.652401,0.129893,0.130126
4537,30,0.511321,0.069862,0.010157,0.093149,0.315511,0.347442,0.652558,0.085018,0.087774
4538,24,0.511801,0.069815,0.009993,0.093087,0.315303,0.347189,0.652811,0.096886,0.103629
4539,30,0.511361,0.069686,0.011321,0.092914,0.314717,0.347041,0.652959,0.123859,0.12775
4540,24,0.511595,0.069746,0.010678,0.092994,0.314987,0.347041,0.652959,0.133215,0.132213
4541,24,0.512047,0.069778,0.010005,0.093037,0.315133,0.346968,0.653032,0.117533,0.119088
4542,30,0.511951,0.069765,0.009998,0.09302,0.315266,0.347,0.653,0.109934,0.107216
4543,30,0.511826,0.069748,0.01024,0.092997,0.315189,0.346973,0.653027,0.119487,0.119659
4544,24,0.511624,0.069748,0.01,0.092998,0.31563,0.346905,0.653095,0.126298,0.127596
4545,24,0.511525,0.069762,0.010002,0.093017,0.315694,0.346905,0.653095,0.133207,0.132213
4546,30,0.511329,0.069679,0.010429,0.092905,0.315659,0.346697,0.653303,0.117474,0.123274
4547,30,0.511302,0.069688,0.010049,0.092918,0.316044,0.346567,0.653433,0.113074,0.115741
4548,30,0.511327,0.069692,0.01,0.092922,0.316059,0.346495,0.653505,0.119556,0.120497
4549,24,0.511228,0.069706,0.010002,0.092941,0.316124,0.346495,0.653505,0.124898,0.123895
4550,30,0.511205,0.069709,0.01,0.092946,0.316139,0.346592,0.653408,0.120511,0.115454
4551,24,0.511156,0.069716,0.010001,0.092955,0.316171,0.346674,0.653326,0.123232,0.11737
4552,24,0.511156,0.069716,0.01,0.092955,0.316172,0.346709,0.653291,0.123695,0.121539
4553,24,0.511044,0.069701,0.009998,0.092935,0.316322,0.346641,0.653359,0.126436,0.127812
4554,24,0.510819,0.06967,0.009996,0.092894,0.316621,0.34654,0.65346,0.123006,0.125517
4555,24,0.51103,0.06964,0.009996,0.092853,0.316481,0.346404,0.653596,0.109717,0.112819
4556,24,0.510561,0.069576,0.010905,0.092768,0.316191,0.346312,0.653688,0.121516,0.122742
4557,24,0.510911,0.069624,0.010007,0.092831,0.316627,0.346314,0.653686,0.120288,0.119258
4558,30,0.510718,0.069625,0.01,0.092833,0.316824,0.346461,0.653539,0.127315,0.119628
4559,30,0.510521,0.069653,0.010004,0.09287,0.316952,0.346511,0.653489,0.144415,0.141731
4560,24,0.510523,0.069653,0.01,0.092871,0.316953,0.346478,0.653522,0.12164,0.121842
4561,30,0.510766,0.069618,0.009995,0.092825,0.316796,0.346387,0.653613,0.113011,0.11472
4562,24,0.510664,0.069632,0.010002,0.092843,0.316859,0.346387,0.653613,0.133203,0.132211
4563,24,0.510566,0.069647,0.010002,0.092862,0.316924,0.346387,0.653613,0.124882,0.123885
4564,24,0.510879,0.069602,0.009994,0.092803,0.316722,0.3463,0.6537,0.106404,0.106403
4565,30,0.510942,0.069572,0.010135,0.092763,0.316587,0.34618,0.65382,0.125343,0.127694
4566,30,0.51069,0.069515,0.01044,0.092687,0.316668,0.346028,0.653972,0.124379,0.128707
4567,24,0.510915,0.069546,0.010004,0.092728,0.316807,0.346089,0.653911,0.115347,0.1113
4568,30,0.51076,0.069541,0.009999,0.092721,0.316978,0.346043,0.653957,0.120634,0.120056
4569,30,0.51101,0.069505,0.009995,0.092674,0.316816,0.345908,0.654092,0.107429,0.110841
4570,30,0.511228,0.069472,0.010006,0.092629,0.316664,0.345896,0.654104,0.115009,0.113237
4571,24,0.511231,0.069473,0.01,0.09263,0.316666,0.345862,0.654138,0.12992,0.130136
4572,24,0.511393,0.069447,0.010016,0.092596,0.316548,0.345727,0.654273,0.116402,0.118848
4573,30,0.511409,0.069447,0.01,0.092596,0.316548,0.345745,0.654255,0.125626,0.124215
4574,24,0.511198,0.069446,0.01,0.092594,0.316763,0.345711,0.654289,0.129748,0.1299
4575,24,0.511086,0.06943,0.009998,0.092574,0.316912,0.345643,0.654357,0.126432,0.127803
4576,24,0.511257,0.069406,0.009996,0.092541,0.3168,0.34566,0.65434,0.110177,0.107369
4577,24,0.511359,0.069391,0.009998,0.092521,0.316732,0.345587,0.654413,0.117499,0.119055
4578,30,0.511161,0.069419,0.010004,0.092558,0.316859,0.345606,0.654394,0.127793,0.125238
4579,24,0.511267,0.069404,0.009998,0.092539,0.316793,0.345646,0.654354,0.109149,0.105596
4580,30,0.511334,0.069394,0.009999,0.092526,0.316748,0.34576,0.65424,0.121448,0.1148
4581,30,0.511575,0.06936,0.009995,0.09248,0.31659,0.34567,0.65433,0.113088,0.114758
4582,30,0.511309,0.06937,0.010001,0.092493,0.316827,0.345725,0.654275,0.134312,0.129748
4583,30,0.511502,0.069342,0.009996,0.092457,0.316703,0.345641,0.654359,0.113942,0.115453
4584,30,0.510971,0.069256,0.011124,0.092341,0.316308,0.345581,0.654419,0.132194,0.132796
4585,24,0.510648,0.069212,0.011749,0.092283,0.316108,0.345643,0.654357,0.12152,0.116495
4586,24,0.510769,0.069256,0.011104,0.092342,0.316529,0.34561,0.65439,0.129757,0.129908
4587,30,0.510317,0.069195,0.01198,0.09226,0.316248,0.345705,0.654295,0.136071,0.130273
4588,24,0.510438,0.069239,0.011335,0.092319,0.316669,0.345671,0.654329,0.129753,0.129908
4589,30,0.510345,0.069226,0.011173,0.092302,0.316954,0.345564,0.654436,0.11111,0.113924
4590,24,0.510466,0.06927,0.010528,0.09236,0.317375,0.34553,0.65447,0.129739,0.129903
4591,30,0.510662,0.069295,0.010163,0.092393,0.317487,0.345548,0.654452,0.125625,0.124216
4592,24,0.510534,0.069305,0.010001,0.092407,0.317753,0.345514,0.654486,0.129739,0.129895
4593,30,0.510672,0.069286,0.009997,0.092381,0.317664,0.345522,0.654478,0.115409,0.113328
4594,30,0.510496,0.069262,0.009997,0.092349,0.317897,0.345464,0.654536,0.11775,0.118877
4595,24,0.510395,0.069275,0.010002,0.092367,0.317961,0.345464,0.654536,0.133203,0.132213
4596,30,0.510508,0.069235,0.009994,0.092313,0.31795,0.345269,0.654731,0.117022,0.121709
4597,24,0.510405,0.069249,0.010002,0.092331,0.318013,0.345269,0.654731,0.13319,0.132201
4598,30,0.51065,0.069214,0.009995,0.092286,0.317855,0.345179,0.654821,0.11313,0.114795
4599,30,0.510978,0.069167,0.009993,0.092223,0.317639,0.344988,0.655012,0.101429,0.105932
4600,24,0.511287,0.069122,0.009994,0.092163,0.317434,0.344941,0.655059,0.098103,0.09665
4601,24,0.511284,0.069122,0.01,0.092163,0.317432,0.34485,0.65515,0.121572,0.122775
4602,24,0.511174,0.069107,0.009998,0.092142,0.31758,0.344848,0.655152,0.119835,0.118896
4603,24,0.511425,0.069071,0.009995,0.092094,0.317415,0.344753,0.655247,0.109245,0.11101
4604,24,0.511423,0.06907,0.01,0.092094,0.317413,0.344816,0.655184,0.121572,0.116529
4605,24,0.511354,0.069061,0.010132,0.092081,0.317371,0.344782,0.655218,0.129878,0.130107
4606,30,0.511376,0.069077,0.010002,0.092102,0.317443,0.344864,0.655136,0.114874,0.110466
4607,30,0.511624,0.069017,0.009991,0.092023,0.317345,0.344644,0.655356,0.098544,0.104054
4608,24,0.511692,0.069006,0.009998,0.092009,0.317295,0.344548,0.655452,0.11971,0.120599
4609,30,0.511471,0.06901,0.010001,0.092014,0.317504,0.344585,0.655415,0.138274,0.135156
4610,30,0.511608,0.068991,0.009997,0.091988,0.317416,0.344444,0.655556,0.10541,0.108478
4611,24,0.511494,0.068976,0.009998,0.091968,0.317565,0.344377,0.655623,0.118124,0.119478
4612,30,0.511501,0.068974,0.01,0.091966,0.317559,0.344417,0.655583,0.119024,0.116083
4613,30,0.511701,0.068946,0.009996,0.091928,0.317429,0.344277,0.655723,0.11306,0.114565
4614,24,0.511378,0.068902,0.010622,0.09187,0.317228,0.344186,0.655814,0.12153,0.122734
4615,30,0.512217,0.068872,0.009996,0.091829,0.317086,0.344006,0.655994,0.092422,0.096083
4616,30,0.512169,0.068878,0.010001,0.091837,0.317115,0.343944,0.656056,0.131514,0.132081
4617,30,0.512505,0.068831,0.009993,0.091774,0.316897,0.343752,0.656248,0.101288,0.105878
4618,24,0.512389,0.068815,0.009998,0.091753,0.317044,0.343685,0.656315,0.118149,0.119491
4619,24,0.512701,0.068771,0.009994,0.091694,0.31684,0.343581,0.656419,0.10808,0.110056
4620,30,0.512739,0.068765,0.009999,0.091686,0.316811,0.34341,0.65659,0.116826,0.119676
4621,30,0.512495,0.068745,0.010382,0.091659,0.316719,0.343404,0.656596,0.128126,0.127546
4622,30,0.512932,0.068737,0.009999,0.091649,0.316683,0.343313,0.656687,0.112983,0.114668
4623,24,0.513144,0.068707,0.009996,0.091609,0.316545,0.343179,0.656821,0.109751,0.112789
4624,30,0.513361,0.068674,0.010007,0.091565,0.316393,0.343161,0.656839,0.124945,0.123124
4625,30,0.513196,0.06865,0.009996,0.091533,0.316625,0.343098,0.656902,0.117204,0.118447
4626,24,0.51297,0.068619,0.009996,0.091492,0.316923,0.342997,0.657003,0.12299,0.125478
4627,30,0.512883,0.068583,0.009995,0.091443,0.317097,0.342833,0.657167,0.108934,0.112529
4628,30,0.512995,0.068566,0.009998,0.091421,0.31702,0.342689,0.657311,0.111131,0.114084
4629,30,0.512971,0.068563,0.010046,0.091417,0.317004,0.342712,0.657288,0.126144,0.124621
4630,24,0.513205,0.068536,0.009996,0.091381,0.316881,0.342577,0.657423,0.109654,0.112707
4631,30,0.512738,0.068474,0.010897,0.091298,0.316593,0.34255,0.65745,0.126101,0.126281
4632,24,0.512816,0.068484,0.010746,0.091312,0.316641,0.342517,0.657483,0.129902,0.130116
4633,30,0.512685,0.068466,0.011,0.091289,0.31656,0.342445,0.657555,0.119486,0.120419
4634,30,0.512822,0.068442,0.011034,0.091256,0.316446,0.342281,0.657719,0.109499,0.113282
4635,30,0.512843,0.068407,0.011255,0.091209,0.316285,0.342287,0.657713,0.115326,0.112507
4636,30,0.512917,0.068362,0.011148,0.09115,0.316422,0.342128,0.657872,0.106501,0.110653
4637,30,0.513118,0.068391,0.010573,0.091188,0.31673,0.342119,0.657881,0.1224,0.121741
4638,24,0.513207,0.06843,0.010213,0.09124,0.31691,0.342068,0.657932,0.124874,0.124518
4639,24,0.513163,0.068424,0.010298,0.091232,0.316883,0.342034,0.657966,0.129866,0.130089
4640,24,0.513205,0.068429,0.010001,0.091239,0.317126,0.342033,0.657967,0.119835,0.118889
4641,30,0.51318,0.068426,0.010049,0.091235,0.31711,0.342056,0.657944,0.126144,0.124623
4642,30,0.513272,0.068372,0.009992,0.091162,0.317202,0.341885,0.658115,0.104609,0.108911
4643,24,0.513272,0.068371,0.01,0.091161,0.317197,0.341846,0.658154,0.129147,0.129466
4644,30,0.51331,0.068338,0.010187,0.091118,0.317047,0.341739,0.658261,0.115354,0.117258
4645,30,0.513608,0.068323,0.009998,0.091097,0.316974,0.341625,0.658375,0.115968,0.118617
4646,24,0.513497,0.068307,0.009998,0.091076,0.317122,0.341624,0.658376,0.119835,0.118886
4647,24,0.513496,0.068307,0.01,0.091076,0.317121,0.341686,0.658314,0.115347,0.111326
4648,24,0.513809,0.068263,0.009994,0.091018,0.316917,0.341583,0.658417,0.108084,0.110044
4649,30,0.514019,0.068233,0.009996,0.090977,0.316776,0.341445,0.658555,0.1174,0.119066
4650,30,0.514005,0.068231,0.010023,0.090974,0.316767,0.341373,0.658627,0.119498,0.120423
4651,30,0.514024,0.068231,0.01,0.090975,0.316769,0.341413,0.658587,0.11901,0.116086
4652,30,0.514115,0.068219,0.009998,0.090958,0.31671,0.341327,0.658673,0.117356,0.118512
4653,24,0.514424,0.068175,0.009994,0.0909,0.316508,0.341115,0.658885,0.106332,0.110575
4654,30,0.514315,0.068162,0.009998,0.090883,0.316641,0.34113,0.65887,0.115528,0.113154
4655,30,0.514314,0.068162,0.01,0.090883,0.316641,0.341153,0.658847,0.126202,0.124664
4656,30,0.513794,0.068026,0.011471,0.090701,0.316007,0.341005,0.658995,0.123819,0.127632
4657,30,0.513367,0.068023,0.011577,0.090697,0.316336,0.340986,0.659014,0.126005,0.125588
4658,24,0.513529,0.067998,0.011592,0.090663,0.316218,0.341019,0.658981,0.10809,0.10477
4659,24,0.513839,0.068052,0.010901,0.090736,0.316472,0.341129,0.658871,0.123262,0.11742
4660,30,0.514101,0.068032,0.010779,0.090709,0.316378,0.341003,0.658997,0.125907,0.128945
4661,24,0.514504,0.068085,0.010008,0.09078,0.316624,0.341036,0.658964,0.123298,0.12122
4662,24,0.514398,0.06807,0.009998,0.09076,0.316774,0.341035,0.658965,0.119839,0.118888
4663,30,0.514351,0.068076,0.010001,0.090768,0.316804,0.341129,0.658871,0.121492,0.116664
4664,30,0.514344,0.068077,0.01,0.09077,0.316808,0.341173,0.658827,0.118541,0.115199
4665,30,0.514544,0.068049,0.009996,0.090732,0.316678,0.341105,0.658895,0.109751,0.110149
4666,24,0.514431,0.068034,0.009998,0.090712,0.316825,0.341104,0.658896,0.119835,0.118888
4667,30,0.514285,0.068027,0.009999,0.090703,0.316986,0.341058,0.658942,0.135102,0.135877
4668,30,0.514487,0.067999,0.009996,0.090665,0.316853,0.341075,0.658925,0.101629,0.09826
4669,24,0.514386,0.068012,0.010002,0.090683,0.316917,0.341076,0.658924,0.133203,0.13221
4670,30,0.514458,0.067955,0.010328,0.090607,0.316652,0.340988,0.659012,0.116414,0.116523
4671,30,0.514796,0.067952,0.01001,0.090603,0.316638,0.340804,0.659196,0.103505,0.106538
4672,30,0.51468,0.067943,0.009999,0.090591,0.316787,0.340957,0.659043,0.110886,0.103426
4673,30,0.515013,0.067896,0.009993,0.090529,0.316569,0.340765,0.659235,0.101227,0.105767
4674,24,0.515009,0.067896,0.01,0.090528,0.316567,0.340733,0.659267,0.121628,0.121813
4675,30,0.51525,0.067862,0.009995,0.090483,0.31641,0.340643,0.659357,0.112961,0.114629
4676,24,0.515036,0.067861,0.01,0.090481,0.316623,0.34061,0.65939,0.12144,0.121565
4677,24,0.515028,0.067831,0.009996,0.090442,0.316704,0.340569,0.659431,0.115711,0.116089
4678,30,0.515225,0.067803,0.009996,0.090404,0.316572,0.340413,0.659587,0.103038,0.106363
4679,24,0.515112,0.067788,0.009998,0.090384,0.316719,0.340412,0.659588,0.119839,0.11889
4680,24,0.515592,0.06772,0.00999,0.090294,0.316404,0.34031,0.65969,0.094513,0.094517
4681,24,0.515547,0.067714,0.010075,0.090286,0.316377,0.340277,0.659723,0.129866,0.130083
4682,24,0.516043,0.067656,0.009991,0.090207,0.316102,0.340016,0.659984,0.0956,0.102414
4683,30,0.515894,0.067648,0.009999,0.090198,0.316261,0.34007,0.65993,0.111867,0.108456
4684,30,0.515909,0.067646,0.01,0.090195,0.31625,0.340134,0.659866,0.11839,0.114554
4685,30,0.516173,0.067578,0.010214,0.090104,0.315931,0.339884,0.660116,0.099669,0.105937
4686,30,0.516283,0.067592,0.010002,0.090123,0.315999,0.33993,0.66007,0.119588,0.116539
4687,24,0.516592,0.06755,0.009994,0.090066,0.315798,0.339719,0.660281,0.106324,0.110538
4688,30,0.516415,0.067533,0.010098,0.090043,0.315911,0.339738,0.660262,0.117488,0.114595
4689,24,0.516774,0.067496,0.009995,0.089995,0.315741,0.339527,0.660473,0.106343,0.110541
4690,30,0.516606,0.067519,0.010003,0.090025,0.315847,0.339659,0.660341,0.127385,0.12018
4691,24,0.516495,0.067504,0.009998,0.090006,0.315998,0.339593,0.660407,0.12649,0.1278
4692,30,0.516396,0.067493,0.009998,0.089991,0.316122,0.339585,0.660415,0.122401,0.121735
4693,24,0.516297,0.067507,0.010002,0.090009,0.316185,0.339586,0.660414,0.133219,0.132223
4694,24,0.516344,0.067456,0.010309,0.089942,0.315949,0.339451,0.660549,0.117926,0.120961
4695,30,0.516651,0.06743,0.009996,0.089906,0.316017,0.339337,0.660663,0.111024,0.113651
4696,24,0.51655,0.067443,0.010002,0.089924,0.31608,0.339339,0.660661,0.133223,0.132221
4697,30,0.516198,0.067397,0.010676,0.089863,0.315865,0.339256,0.660744,0.129423,0.130732
4698,24,0.516129,0.067388,0.010808,0.089851,0.315823,0.339223,0.660777,0.129873,0.130084
4699,24,0.516085,0.067383,0.010893,0.089843,0.315796,0.33919,0.66081,0.129865,0.130077
4700,30,0.516878,0.067397,0.010002,0.089862,0.315861,0.339095,0.660905,0.094518,0.094526
4701,24,0.516554,0.067381,0.009998,0.089841,0.316226,0.339029,0.660971,0.117997,0.119236
4702,24,0.516552,0.067381,0.01,0.089841,0.316226,0.338996,0.661004,0.129907,0.130109
4703,30,0.516453,0.067368,0.009998,0.089824,0.316357,0.338885,0.661115,0.126512,0.128747
4704,24,0.516452,0.067368,0.01,0.089824,0.316356,0.338852,0.661148,0.129895,0.130099
4705,30,0.516339,0.067353,0.010218,0.089804,0.316287,0.33877,0.66123,0.129467,0.130762
4706,24,0.516839,0.067279,0.01024,0.089705,0.315938,0.3385,0.6615,0.102671,0.109699
4707,30,0.516474,0.067231,0.010938,0.089642,0.315715,0.338429,0.661571,0.119443,0.12036
4708,24,0.517156,0.067236,0.010001,0.089648,0.315958,0.338293,0.661707,0.104608,0.107659
4709,24,0.517156,0.067236,0.01,0.089648,0.315959,0.338329,0.661671,0.12367,0.121547
4710,24,0.517159,0.067236,0.01,0.089648,0.315957,0.338362,0.661638,0.123298,0.121227
4711,30,0.517167,0.067235,0.01,0.089647,0.315952,0.338403,0.661597,0.119009,0.116096
4712,30,0.517302,0.067216,0.009997,0.089621,0.315863,0.338413,0.661587,0.115381,0.113318
4713,24,0.517608,0.067173,0.009994,0.089564,0.315661,0.338203,0.661797,0.106334,0.110509
4714,30,0.517481,0.067157,0.010236,0.089542,0.315584,0.338177,0.661823,0.119487,0.119637
4715,24,0.517471,0.067155,0.010035,0.089541,0.315798,0.338111,0.661889,0.118128,0.119441
4716,24,0.51749,0.067158,0.01,0.089544,0.315809,0.338079,0.661921,0.121628,0.121803
4717,24,0.517391,0.067171,0.010002,0.089562,0.315873,0.338081,0.661919,0.124903,0.123898
4718,30,0.517482,0.067159,0.009998,0.089545,0.315815,0.337996,0.662004,0.117348,0.118477
4719,30,0.517745,0.067122,0.009995,0.089496,0.315642,0.337907,0.662093,0.099374,0.099434
4720,24,0.517631,0.067107,0.009998,0.089476,0.315788,0.337907,0.662093,0.119827,0.118878
4721,24,0.517939,0.067064,0.009994,0.089418,0.315586,0.337804,0.662196,0.107968,0.109914
4722,24,0.517837,0.067077,0.010002,0.089436,0.315648,0.337806,0.662194,0.124919,0.123908
4723,30,0.51758,0.066978,0.010958,0.089304,0.315181,0.337817,0.662183,0.113854,0.11116
4724,24,0.517559,0.066919,0.011391,0.089225,0.314905,0.337683,0.662317,0.117917,0.120925
4725,24,0.517903,0.066931,0.010961,0.089242,0.314963,0.337726,0.662274,0.118061,0.113469
4726,24,0.517859,0.066926,0.011046,0.089234,0.314936,0.337973,0.662027,0.113248,0.102154
4727,24,0.518334,0.066986,0.010142,0.089315,0.315222,0.338006,0.661994,0.123298,0.121229
4728,24,0.518296,0.066981,0.009999,0.089308,0.315416,0.338006,0.661994,0.119831,0.118878
4729,24,0.518504,0.066952,0.009996,0.089269,0.315279,0.337873,0.662127,0.109707,0.112671
4730,24,0.518388,0.066937,0.009998,0.089249,0.315428,0.337807,0.662193,0.118174,0.119463
4731,30,0.518209,0.066914,0.009997,0.089219,0.315662,0.337876,0.662124,0.117763,0.113219
4732,24,0.517983,0.066884,0.009996,0.089179,0.315959,0.337842,0.662158,0.11638,0.116548
4733,30,0.518226,0.06685,0.009995,0.089133,0.315797,0.337791,0.662209,0.107365,0.107612
4734,30,0.518123,0.066837,0.009998,0.089115,0.315927,0.337808,0.662192,0.116587,0.114498
4735,24,0.518009,0.066822,0.009998,0.089096,0.316076,0.337742,0.662258,0.11817,0.119463
4736,30,0.518533,0.066749,0.009989,0.088998,0.315731,0.337407,0.662593,0.08426,0.093357
4737,24,0.518834,0.066706,0.009994,0.088941,0.315526,0.337324,0.662676,0.106274,0.106228
4738,30,0.518633,0.066692,0.010099,0.088922,0.315654,0.337245,0.662755,0.118475,0.119593
4739,24,0.518472,0.066697,0.010001,0.08893,0.3159,0.337213,0.662787,0.121448,0.121559
4740,24,0.518424,0.066704,0.010001,0.088939,0.315932,0.3373,0.6627,0.123256,0.117465
4741,24,0.518583,0.06668,0.010017,0.088906,0.315815,0.337334,0.662666,0.108055,0.104762
4742,30,0.518675,0.066638,0.010025,0.088851,0.315811,0.33718,0.66282,0.122859,0.12681
4743,24,0.518834,0.066614,0.01004,0.088818,0.315694,0.337047,0.662953,0.116363,0.118704
4744,30,0.51872,0.066599,0.010258,0.088799,0.315625,0.336965,0.663035,0.129467,0.130744
4745,30,0.518481,0.06662,0.010003,0.088827,0.316068,0.336899,0.663101,0.12941,0.129613
4746,30,0.518355,0.066604,0.010245,0.088805,0.315991,0.336873,0.663127,0.119487,0.119632
4747,30,0.518482,0.06662,0.010002,0.088827,0.316069,0.336937,0.663063,0.112932,0.109299
4748,30,0.518683,0.066593,0.009996,0.08879,0.315938,0.336905,0.663095,0.108165,0.106528
4749,24,0.518469,0.066591,0.01,0.088788,0.316151,0.336873,0.663127,0.12146,0.121567
4750,24,0.518469,0.066591,0.01,0.088788,0.316151,0.336909,0.663091,0.123641,0.121533
4751,30,0.518299,0.066567,0.009996,0.088757,0.31638,0.336873,0.663127,0.110593,0.110064
4752,30,0.518297,0.066567,0.01,0.088756,0.316379,0.336848,0.663152,0.119545,0.11967
4753,24,0.518184,0.066553,0.009998,0.088737,0.316529,0.336783,0.663217,0.118182,0.119464
4754,24,0.518069,0.066538,0.009998,0.088717,0.316678,0.336786,0.663214,0.120253,0.119233
4755,30,0.518068,0.066538,0.01,0.088717,0.316678,0.33685,0.66315,0.112885,0.109268
4756,30,0.517696,0.066542,0.010001,0.088722,0.31704,0.336783,0.663217,0.129396,0.129598
4757,30,0.517173,0.066409,0.011463,0.088546,0.316409,0.336723,0.663277,0.123782,0.123792
4758,24,0.517412,0.066466,0.01082,0.088622,0.31668,0.336725,0.663275,0.124932,0.123908
4759,24,0.517378,0.066462,0.010667,0.088616,0.316878,0.336659,0.663341,0.126439,0.127751
4760,30,0.518291,0.066426,0.010011,0.088567,0.316705,0.336366,0.663634,0.090048,0.097631
4761,24,0.518198,0.06644,0.010002,0.088586,0.316773,0.336368,0.663632,0.124907,0.123902
4762,30,0.517739,0.066381,0.010879,0.088508,0.316493,0.33633,0.66367,0.136081,0.136625
4763,30,0.518051,0.066405,0.010396,0.08854,0.316608,0.336492,0.663508,0.117239,0.109526
4764,24,0.518068,0.066407,0.010363,0.088543,0.316619,0.33646,0.66354,0.129887,0.130083
4765,24,0.517947,0.066353,0.010872,0.08847,0.316358,0.336335,0.663665,0.119052,0.121831
4766,24,0.518399,0.066411,0.010009,0.088547,0.316634,0.336303,0.663697,0.121635,0.121809
4767,30,0.518426,0.066361,0.009993,0.088481,0.31674,0.336109,0.663891,0.100876,0.106047
4768,24,0.518424,0.06636,0.01,0.08848,0.316736,0.336143,0.663857,0.123298,0.121235
4769,24,0.518312,0.066345,0.009998,0.08846,0.316884,0.336143,0.663857,0.119823,0.118875
4770,30,0.518215,0.066311,0.009995,0.088415,0.317064,0.336054,0.663946,0.114435,0.116563
4771,24,0.518114,0.066324,0.010002,0.088432,0.317127,0.336005,0.663995,0.124904,0.124506
4772,30,0.518024,0.066311,0.009998,0.088414,0.317253,0.335995,0.664005,0.122608,0.122169
4773,30,0.518023,0.06631,0.01,0.088414,0.317253,0.336041,0.663959,0.119542,0.116517
4774,30,0.517651,0.066263,0.01071,0.088351,0.317025,0.33597,0.66403,0.119443,0.120347
4775,30,0.517318,0.066244,0.011002,0.088325,0.31711,0.336013,0.663987,0.128045,0.125043
4776,30,0.517521,0.06626,0.010686,0.088347,0.317186,0.335923,0.664077,0.117386,0.118884
4777,24,0.517828,0.066234,0.010565,0.088312,0.317062,0.33572,0.66428,0.107452,0.111507
4778,24,0.517918,0.066245,0.010393,0.088327,0.317117,0.335784,0.664216,0.115331,0.111354
4779,24,0.517909,0.06627,0.010004,0.088361,0.317456,0.335752,0.664248,0.129764,0.129885
4780,30,0.51815,0.066238,0.009995,0.088317,0.3173,0.335663,0.664337,0.112951,0.114563
4781,30,0.518123,0.066217,0.009997,0.088289,0.317374,0.335749,0.664251,0.118655,0.113351
4782,30,0.51775,0.066221,0.010001,0.088294,0.317735,0.335694,0.664306,0.119401,0.119218
4783,30,0.517278,0.06616,0.010902,0.088214,0.317446,0.335668,0.664332,0.126101,0.126262
4784,24,0.517517,0.066191,0.010446,0.088254,0.317592,0.335732,0.664268,0.115345,0.111362
4785,24,0.517748,0.06622,0.010004,0.088294,0.317734,0.3357,0.6643,0.1216,0.121782
4786,30,0.517947,0.066194,0.009996,0.088258,0.317606,0.335547,0.664453,0.103122,0.106331
4787,24,0.517896,0.0662,0.010001,0.088267,0.317637,0.335815,0.664185,0.114934,0.103094
4788,24,0.517684,0.066199,0.01,0.088265,0.317851,0.335783,0.664217,0.129764,0.129877
4789,24,0.517684,0.066199,0.01,0.088265,0.317851,0.335751,0.664249,0.129924,0.130109
4790,30,0.517416,0.066106,0.010934,0.088141,0.317403,0.335735,0.664265,0.124819,0.123024
4791,30,0.517736,0.066147,0.010322,0.088196,0.3176,0.335781,0.664219,0.119534,0.11651
4792,24,0.51815,0.066134,0.009998,0.088179,0.317539,0.335733,0.664267,0.100836,0.099512
4793,30,0.518104,0.06614,0.010001,0.088187,0.317568,0.335717,0.664283,0.138125,0.13792
4794,30,0.51791,0.066167,0.010004,0.088222,0.317697,0.33578,0.66422,0.127832,0.124797
4795,30,0.51822,0.066125,0.009994,0.088167,0.317495,0.33563,0.66437,0.095083,0.096959
4796,24,0.518216,0.066124,0.01,0.088166,0.317493,0.335667,0.664333,0.123712,0.121583
4797,24,0.517989,0.066095,0.009996,0.088127,0.317793,0.335567,0.664433,0.122998,0.125407
4798,24,0.517513,0.066035,0.010905,0.088046,0.317501,0.335534,0.664466,0.129825,0.130042
4799,30,0.517712,0.066058,0.01054,0.088077,0.317612,0.335603,0.664397,0.125623,0.121722
4800,30,0.518053,0.066038,0.010339,0.088051,0.317518,0.335513,0.664487,0.112879,0.114522
4801,24,0.518231,0.066061,0.010003,0.088081,0.317624,0.335547,0.664453,0.123298,0.121237
4802,30,0.518432,0.066033,0.009996,0.088045,0.317494,0.335434,0.664566,0.109289,0.111859
4803,30,0.518449,0.065984,0.009992,0.087978,0.317597,0.335418,0.664582,0.099843,0.098307
4804,24,0.518445,0.065983,0.01,0.087977,0.317595,0.335455,0.664545,0.123683,0.121563
4805,24,0.518653,0.065955,0.009996,0.087939,0.317457,0.335321,0.664679,0.117928,0.120906
4806,24,0.518746,0.065911,0.009993,0.087882,0.317468,0.335154,0.664846,0.114494,0.118564
4807,24,0.518644,0.065924,0.010002,0.087899,0.317531,0.335105,0.664895,0.124904,0.124503
4808,30,0.5186,0.065931,0.010001,0.087907,0.317561,0.335101,0.664899,0.121498,0.120908
4809,30,0.5187,0.065891,0.009994,0.087854,0.317561,0.334959,0.665041,0.106296,0.109808
4810,24,0.518534,0.065883,0.009999,0.087843,0.317741,0.334976,0.665024,0.128116,0.125452
4811,24,0.518681,0.065862,0.009997,0.087816,0.317644,0.334852,0.665148,0.119134,0.121868
4812,24,0.518467,0.065861,0.01,0.087815,0.317857,0.334821,0.665179,0.121444,0.121545
4813,30,0.518334,0.065844,0.010254,0.087792,0.317775,0.33491,0.66509,0.119487,0.114967
4814,30,0.518466,0.065861,0.010003,0.087815,0.317856,0.334885,0.665115,0.119545,0.119666
4815,30,0.518557,0.065849,0.009998,0.087798,0.317798,0.33479,0.66521,0.127342,0.128821
4816,30,0.518691,0.06583,0.009997,0.087774,0.317708,0.334801,0.665199,0.115375,0.113319
4817,24,0.518478,0.065829,0.01,0.087772,0.317921,0.33477,0.66523,0.121456,0.121556
4818,24,0.518266,0.065828,0.01,0.087771,0.318136,0.334739,0.665261,0.121444,0.121545
4819,30,0.517826,0.065772,0.010497,0.087696,0.318208,0.334633,0.665367,0.1177,0.120434
4820,30,0.518258,0.065781,0.010001,0.087708,0.318252,0.334453,0.665547,0.103573,0.106467
4821,24,0.518427,0.065758,0.009997,0.087678,0.31814,0.334474,0.665526,0.110138,0.107359
4822,30,0.518561,0.065739,0.009997,0.087653,0.31805,0.334331,0.665669,0.110688,0.113489
4823,24,0.518347,0.065738,0.01,0.087651,0.318263,0.3343,0.6657,0.121451,0.121553
4824,30,0.518202,0.065732,0.009999,0.087642,0.318424,0.334356,0.665644,0.111864,0.108486
4825,30,0.518371,0.065684,0.010175,0.087578,0.318192,0.334266,0.665734,0.115871,0.116074
4826,30,0.518462,0.065695,0.010002,0.087594,0.318248,0.33433,0.66567,0.112885,0.109282
4827,24,0.518349,0.065681,0.009998,0.087575,0.318398,0.334265,0.665735,0.118173,0.119442
4828,30,0.518041,0.065654,0.0105,0.087539,0.318266,0.33426,0.66574,0.128111,0.127538
4829,30,0.518308,0.065686,0.010005,0.087581,0.31842,0.334302,0.665698,0.119028,0.116125
4830,24,0.518263,0.06568,0.01009,0.087574,0.318393,0.334381,0.665619,0.11325,0.108776
4831,30,0.518237,0.065677,0.01014,0.087569,0.318377,0.334445,0.665555,0.11283,0.109242
4832,24,0.518211,0.065699,0.010003,0.087599,0.318486,0.334397,0.665603,0.12489,0.12449
4833,30,0.518114,0.065687,0.009998,0.087583,0.318618,0.334432,0.665568,0.109922,0.107255
4834,24,0.517901,0.065686,0.01,0.087581,0.318832,0.334401,0.665599,0.121451,0.121549
4835,24,0.51811,0.065657,0.009996,0.087543,0.318694,0.334268,0.665732,0.109615,0.112566
4836,24,0.518108,0.065657,0.01,0.087543,0.318692,0.334237,0.665763,0.12164,0.121802
4837,30,0.517774,0.065638,0.010292,0.087518,0.318777,0.33428,0.66572,0.128047,0.125053
4838,24,0.517865,0.06565,0.01012,0.087533,0.318833,0.334316,0.665684,0.123641,0.121541
4839,30,0.517814,0.065673,0.010004,0.087564,0.318945,0.334348,0.665652,0.131252,0.129251
4840,30,0.517728,0.065639,0.009995,0.087518,0.319121,0.33432,0.66568,0.102293,0.10128
4841,24,0.517513,0.065637,0.01,0.087516,0.319333,0.334242,0.665758,0.121432,0.121861
4842,24,0.517722,0.065609,0.009996,0.087478,0.319195,0.334109,0.665891,0.117979,0.120921
4843,24,0.517823,0.065595,0.009998,0.087459,0.319125,0.334106,0.665894,0.119561,0.118747
4844,24,0.517382,0.065539,0.010622,0.087385,0.319073,0.33404,0.66596,0.126386,0.127699
4845,30,0.517603,0.065559,0.010256,0.087412,0.31917,0.334187,0.665813,0.124641,0.11734
4846,30,0.517525,0.065555,0.010363,0.087406,0.319151,0.334243,0.665757,0.120502,0.116309
4847,24,0.517713,0.065579,0.010004,0.087438,0.319267,0.334211,0.665789,0.12992,0.130102
4848,24,0.517717,0.065579,0.01,0.087438,0.319267,0.334245,0.665755,0.123286,0.121231
4849,24,0.517241,0.065518,0.010909,0.087358,0.318973,0.334313,0.665687,0.121516,0.11656
4850,30,0.517109,0.065501,0.011163,0.087335,0.318891,0.334387,0.665613,0.119484,0.11545
4851,30,0.51744,0.065463,0.011111,0.087284,0.318702,0.334199,0.665801,0.101614,0.106036
4852,30,0.51756,0.065493,0.01077,0.087324,0.318852,0.334176,0.665824,0.133662,0.132436
4853,24,0.517686,0.065535,0.010125,0.08738,0.319274,0.334145,0.665855,0.121451,0.121553
4854,30,0.517924,0.06552,0.009998,0.087359,0.319199,0.333955,0.666045,0.113599,0.116842
4855,24,0.518232,0.065477,0.009994,0.087303,0.318993,0.333853,0.666147,0.107994,0.109891
4856,24,0.51828,0.06547,0.009999,0.087293,0.318957,0.334057,0.665943,0.113327,0.103728
4857,24,0.518382,0.065456,0.009998,0.087275,0.318889,0.333985,0.666015,0.11746,0.118939
4858,30,0.518281,0.065443,0.009998,0.087258,0.31902,0.33402,0.66598,0.109922,0.107251
4859,24,0.518231,0.06545,0.010001,0.087267,0.319051,0.33407,0.66593,0.13158,0.127914
4860,24,0.518232,0.06545,0.01,0.087267,0.319052,0.334039,0.665961,0.121628,0.121792
4861,24,0.518707,0.065385,0.00999,0.087181,0.318737,0.333914,0.666086,0.101101,0.102213
4862,24,0.518797,0.065342,0.009993,0.087123,0.318745,0.333747,0.666253,0.114459,0.118526
4863,30,0.518786,0.065343,0.01,0.087124,0.318748,0.333793,0.666207,0.118543,0.11523
4864,30,0.519337,0.065268,0.009989,0.087024,0.318383,0.333454,0.666546,0.083768,0.092919
4865,24,0.519331,0.065267,0.01,0.087023,0.318379,0.333519,0.666481,0.115347,0.111374
4866,24,0.519525,0.065211,0.009991,0.086948,0.318325,0.333383,0.666617,0.104514,0.107514
4867,30,0.519653,0.065159,0.010067,0.086878,0.318244,0.333262,0.666738,0.113088,0.114495
4868,24,0.519576,0.065148,0.009998,0.086864,0.318413,0.333262,0.666738,0.11983,0.118892
4869,30,0.51953,0.065154,0.010001,0.086873,0.318442,0.333258,0.666742,0.121501,0.120911
4870,30,0.519385,0.065148,0.009999,0.086864,0.318604,0.33318,0.66682,0.118491,0.119578
4871,30,0.519246,0.065131,0.010264,0.086841,0.318518,0.333244,0.666756,0.112819,0.109249
4872,24,0.519485,0.065134,0.010001,0.086845,0.318535,0.333274,0.666726,0.111185,0.108194
4873,24,0.519374,0.06512,0.009998,0.086826,0.318683,0.333274,0.666726,0.11983,0.118892
4874,30,0.519327,0.065126,0.010001,0.086834,0.318713,0.333226,0.666774,0.121532,0.121673
4875,30,0.519564,0.065094,0.009995,0.086791,0.318556,0.333138,0.666862,0.11298,0.114552
4876,24,0.519448,0.065079,0.009998,0.086772,0.318704,0.333073,0.666927,0.118161,0.119424
4877,30,0.519539,0.065039,0.010006,0.086718,0.318698,0.332931,0.667069,0.112881,0.116393
4878,30,0.519067,0.064979,0.010906,0.086639,0.318408,0.332937,0.667063,0.129412,0.126963
4879,30,0.51928,0.065006,0.010308,0.086675,0.318731,0.332932,0.667068,0.123182,0.12261
4880,24,0.519391,0.065033,0.010004,0.08671,0.318862,0.333202,0.666798,0.114936,0.103165
4881,30,0.519404,0.064999,0.010233,0.086666,0.318698,0.333231,0.666769,0.10866,0.10604
4882,24,0.519525,0.065014,0.010002,0.086686,0.318772,0.3332,0.6668,0.121628,0.121794
4883,24,0.519734,0.064987,0.009996,0.086649,0.318635,0.333067,0.666933,0.117917,0.120856
4884,24,0.519633,0.065,0.010002,0.086666,0.318699,0.33307,0.66693,0.133231,0.132232
4885,30,0.519716,0.064989,0.009998,0.086652,0.318646,0.333063,0.666937,0.122914,0.12243
4886,30,0.519612,0.0649,0.010741,0.086534,0.318212,0.332973,0.667027,0.120892,0.121997
4887,30,0.52017,0.064925,0.010004,0.086567,0.318334,0.332928,0.667072,0.096961,0.095352
4888,30,0.5205,0.064881,0.009993,0.086508,0.318117,0.332738,0.667262,0.101136,0.105532
4889,30,0.520518,0.064848,0.010213,0.086464,0.317957,0.332767,0.667233,0.108655,0.106037
4890,24,0.520629,0.064862,0.010002,0.086483,0.318024,0.332832,0.667168,0.115347,0.111382
4891,30,0.520428,0.064849,0.010107,0.086465,0.318151,0.332754,0.667246,0.118467,0.119557
4892,30,0.520413,0.064847,0.010135,0.086463,0.318143,0.332685,0.667315,0.119498,0.120361
4893,24,0.52032,0.064848,0.01,0.086464,0.318367,0.332736,0.667264,0.119791,0.115425
4894,24,0.52032,0.064848,0.01,0.086464,0.318367,0.332773,0.667227,0.123695,0.121582
4895,30,0.519947,0.064802,0.01071,0.086402,0.318139,0.332703,0.667297,0.119443,0.120328
4896,30,0.520217,0.064835,0.010005,0.086447,0.318496,0.332721,0.667279,0.116573,0.114498
4897,24,0.520388,0.064813,0.009997,0.086417,0.318386,0.332742,0.667258,0.110128,0.107352
4898,30,0.520208,0.06479,0.009997,0.086387,0.318618,0.332788,0.667212,0.111113,0.107476
4899,30,0.520351,0.064676,0.01068,0.086235,0.318058,0.332549,0.667451,0.10201,0.107585
4900,24,0.52083,0.064666,0.010277,0.086221,0.318006,0.332535,0.667465,0.105968,0.104168
4901,24,0.520762,0.064683,0.010003,0.086244,0.318309,0.332504,0.667496,0.121459,0.121554
4902,24,0.52097,0.064655,0.009996,0.086207,0.318173,0.332372,0.667628,0.109624,0.112535
4903,30,0.520797,0.064632,0.009996,0.086175,0.3184,0.332337,0.667663,0.110586,0.110043
4904,24,0.520795,0.064631,0.01,0.086175,0.318398,0.332306,0.667694,0.121612,0.121776
4905,24,0.520681,0.064617,0.009998,0.086156,0.318548,0.332241,0.667759,0.126456,0.127734
4906,24,0.520799,0.064601,0.009997,0.086135,0.318468,0.332287,0.667713,0.118041,0.113479
4907,24,0.5208,0.064601,0.01,0.086134,0.318466,0.332321,0.667679,0.123298,0.121247
4908,24,0.520802,0.0646,0.01,0.086134,0.318464,0.332355,0.667645,0.123298,0.121247
4909,24,0.521046,0.064567,0.009995,0.08609,0.318302,0.332286,0.667714,0.107449,0.106999
4910,30,0.52096,0.064489,0.010473,0.085986,0.318092,0.332165,0.667835,0.113032,0.114444
4911,24,0.521109,0.064533,0.010007,0.086044,0.318307,0.332285,0.667715,0.116603,0.110643
4912,24,0.521319,0.064505,0.009996,0.086007,0.318172,0.332153,0.667847,0.109645,0.112553
4913,24,0.521203,0.064491,0.009998,0.085988,0.31832,0.332157,0.667843,0.120273,0.11925
4914,30,0.521202,0.064491,0.01,0.085988,0.31832,0.332204,0.667796,0.119531,0.116526
4915,30,0.521596,0.064438,0.009992,0.085917,0.318058,0.332038,0.667962,0.097974,0.100608
4916,30,0.521592,0.064437,0.01,0.085916,0.318055,0.331969,0.668031,0.119556,0.120395
4917,30,0.521918,0.064393,0.009993,0.085858,0.317838,0.331819,0.668181,0.09457,0.096389
4918,24,0.521966,0.064386,0.009999,0.085848,0.317802,0.332023,0.667977,0.113307,0.103755
4919,24,0.521965,0.064386,0.01,0.085848,0.317801,0.332061,0.667939,0.123712,0.121596
4920,24,0.521851,0.064372,0.009998,0.085829,0.317951,0.331996,0.668004,0.126444,0.127732
4921,30,0.521717,0.064355,0.010252,0.085807,0.317869,0.331971,0.668029,0.119487,0.11962
4922,24,0.521796,0.064365,0.010101,0.08582,0.317918,0.331939,0.668061,0.129907,0.130081
4923,30,0.521708,0.064345,0.010144,0.085793,0.31801,0.331873,0.668127,0.121807,0.123198
4924,24,0.52162,0.064347,0.01,0.085796,0.318238,0.331925,0.668075,0.119793,0.11542
4925,30,0.52162,0.064347,0.01,0.085796,0.318238,0.33195,0.66805,0.126202,0.124685
4926,30,0.521441,0.064325,0.009997,0.085766,0.318472,0.331845,0.668155,0.111086,0.113771
4927,30,0.521675,0.064293,0.009995,0.085724,0.318313,0.331756,0.668244,0.112841,0.114449
4928,24,0.52163,0.064287,0.01008,0.085716,0.318286,0.331724,0.668276,0.129866,0.130055
4929,30,0.521785,0.064277,0.009998,0.085703,0.318236,0.331672,0.668328,0.103615,0.102784
4930,30,0.521692,0.064264,0.009998,0.085685,0.318362,0.331686,0.668314,0.115988,0.114049
4931,24,0.521691,0.064263,0.01,0.085685,0.318361,0.331655,0.668345,0.12164,0.121794
4932,30,0.521885,0.064237,0.009996,0.08565,0.318232,0.331502,0.668498,0.109687,0.11284
4933,24,0.521883,0.064237,0.01,0.08565,0.318231,0.331539,0.668461,0.12367,0.121571
4934,24,0.522014,0.06419,0.009993,0.085587,0.318216,0.331413,0.668587,0.105688,0.108437
4935,30,0.522052,0.064158,0.009995,0.085544,0.318251,0.331392,0.668608,0.11182,0.110824
4936,24,0.521837,0.064157,0.01,0.085543,0.318463,0.331361,0.668639,0.121463,0.121549
4937,30,0.521792,0.064163,0.010001,0.085551,0.318493,0.331447,0.668553,0.114888,0.110582
4938,30,0.521482,0.064137,0.010503,0.085515,0.318362,0.331443,0.668557,0.128117,0.127543
4939,30,0.521021,0.06408,0.01138,0.08544,0.31808,0.331406,0.668594,0.136079,0.136604
4940,30,0.520996,0.064077,0.011427,0.085436,0.318065,0.33148,0.66852,0.126142,0.122156
4941,30,0.521034,0.064093,0.011269,0.085457,0.318146,0.331465,0.668535,0.138128,0.137915
4942,24,0.521012,0.064116,0.010907,0.085487,0.318477,0.331388,0.668612,0.121438,0.121843
4943,30,0.521486,0.064174,0.010009,0.085565,0.318766,0.331436,0.668564,0.119596,0.116575
4944,30,0.521227,0.064184,0.010002,0.085579,0.319009,0.331498,0.668502,0.134381,0.129876
4945,24,0.52113,0.064197,0.010002,0.085596,0.319074,0.331451,0.668549,0.124898,0.124482
4946,24,0.521425,0.064155,0.010013,0.08554,0.318866,0.331243,0.668757,0.106229,0.110282
4947,24,0.521638,0.064128,0.009996,0.085505,0.318733,0.33111,0.66889,0.117879,0.120801
4948,24,0.521638,0.064128,0.01,0.085504,0.31873,0.331145,0.668855,0.123298,0.121251
4949,30,0.52168,0.064097,0.009995,0.085462,0.318767,0.331124,0.668876,0.111807,0.110814
4950,30,0.521727,0.06409,0.009999,0.085453,0.318732,0.331082,0.668918,0.115753,0.115807
4951,30,0.521548,0.064068,0.009997,0.085423,0.318965,0.33107,0.66893,0.104481,0.103226
4952,24,0.521815,0.064031,0.009994,0.085375,0.318784,0.331056,0.668944,0.105972,0.104163
4953,30,0.521873,0.064004,0.010135,0.085339,0.318649,0.330941,0.669059,0.125298,0.127471
4954,30,0.522046,0.063976,0.009996,0.085301,0.318682,0.330762,0.669238,0.106959,0.110966
4955,30,0.521951,0.063962,0.009998,0.085283,0.318806,0.330753,0.669247,0.122603,0.122163
4956,24,0.521767,0.063939,0.010128,0.085252,0.318913,0.330688,0.669312,0.126411,0.127689
4957,24,0.521508,0.063933,0.009999,0.085243,0.319317,0.330624,0.669376,0.117992,0.119174
4958,30,0.521532,0.063879,0.010367,0.085172,0.31905,0.330611,0.669389,0.124833,0.123032
4959,30,0.52168,0.063835,0.01054,0.085114,0.318831,0.330676,0.669324,0.107209,0.102861
4960,24,0.521962,0.06387,0.010005,0.08516,0.319003,0.330645,0.669355,0.121615,0.121773
4961,24,0.521921,0.063847,0.009996,0.085129,0.319107,0.330525,0.669475,0.116222,0.117797
4962,24,0.521921,0.063846,0.01,0.085128,0.319105,0.33056,0.66944,0.123298,0.121253
4963,24,0.522127,0.063819,0.009996,0.085091,0.318967,0.330428,0.669572,0.109628,0.112513
4964,30,0.522672,0.063745,0.009989,0.084994,0.318601,0.33009,0.66991,0.083742,0.092771
4965,24,0.522553,0.06373,0.009998,0.084974,0.318745,0.330091,0.669909,0.119818,0.118872
4966,30,0.522552,0.06373,0.01,0.084974,0.318744,0.330139,0.669861,0.119531,0.116538
4967,30,0.522507,0.063736,0.010001,0.084982,0.318775,0.330135,0.669865,0.121504,0.120905
4968,30,0.522362,0.06373,0.009999,0.084973,0.318936,0.330058,0.669942,0.118494,0.119551
4969,30,0.522369,0.063729,0.01,0.084972,0.31893,0.330101,0.669899,0.11901,0.116128
4970,30,0.522611,0.063697,0.009995,0.084929,0.318768,0.330018,0.669982,0.113938,0.115544
4971,30,0.522609,0.063696,0.01,0.084928,0.318767,0.330066,0.669934,0.119542,0.116546
4972,24,0.522814,0.063669,0.009996,0.084892,0.318629,0.329934,0.670066,0.109624,0.112505
4973,30,0.522371,0.063615,0.010493,0.08482,0.318702,0.329984,0.670016,0.117696,0.113935
4974,24,0.522361,0.063614,0.010293,0.084818,0.318915,0.329919,0.670081,0.118118,0.119379
4975,24,0.522516,0.063632,0.010003,0.084843,0.319007,0.329954,0.670046,0.123298,0.121255
4976,30,0.522845,0.063589,0.009993,0.084785,0.318789,0.329738,0.670262,0.098776,0.102568
4977,30,0.522841,0.063588,0.01,0.084784,0.318787,0.329786,0.670214,0.119599,0.116586
4978,30,0.522841,0.063588,0.01,0.084784,0.318787,0.329851,0.670149,0.112885,0.109314
4979,30,0.522796,0.063594,0.010001,0.084792,0.318817,0.329836,0.670164,0.138133,0.137912
4980,30,0.522503,0.063608,0.010002,0.08481,0.319077,0.329965,0.670035,0.118224,0.112195
4981,30,0.522504,0.063608,0.01,0.08481,0.319078,0.329941,0.670059,0.119545,0.119653
4982,30,0.52305,0.063535,0.009989,0.084713,0.318713,0.329652,0.670348,0.090347,0.097759
4983,24,0.52293,0.06352,0.009998,0.084694,0.318858,0.329587,0.670413,0.126456,0.127725
4984,24,0.522602,0.063505,0.009998,0.084674,0.319221,0.329523,0.670477,0.126304,0.127481
4985,24,0.522271,0.063465,0.010624,0.08462,0.319019,0.329491,0.670509,0.129853,0.130043
4986,24,0.522689,0.063464,0.01,0.084618,0.31923,0.329326,0.670674,0.106181,0.110137
4987,30,0.522643,0.06347,0.010001,0.084626,0.31926,0.329322,0.670678,0.121504,0.120906
4988,24,0.522598,0.063464,0.010086,0.084619,0.319233,0.329291,0.670709,0.121558,0.121731
4989,30,0.522598,0.06343,0.009995,0.084573,0.319404,0.329244,0.670756,0.100294,0.099985
4990,30,0.522603,0.063429,0.01,0.084571,0.319397,0.329264,0.670736,0.125624,0.124243
4991,24,0.522489,0.063415,0.009998,0.084553,0.319546,0.329268,0.670732,0.120252,0.119238
4992,24,0.522275,0.063414,0.01,0.084551,0.31976,0.329237,0.670763,0.129767,0.129859
4993,30,0.522096,0.063392,0.009997,0.084522,0.319993,0.329091,0.670909,0.111073,0.11423
4994,30,0.522103,0.063391,0.01,0.084521,0.319986,0.329111,0.670889,0.125624,0.124243
4995,24,0.522308,0.063363,0.009996,0.084484,0.319848,0.328979,0.671021,0.117919,0.120802
4996,30,0.522566,0.063329,0.009995,0.084438,0.319673,0.328894,0.671106,0.099309,0.099284
4997,30,0.522418,0.063322,0.009999,0.084429,0.319832,0.328818,0.671182,0.11851,0.119554
4998,24,0.522723,0.063281,0.009994,0.084375,0.319627,0.328718,0.671282,0.10796,0.109809
4999,30,0.522768,0.063275,0.009999,0.084366,0.319592,0.328675,0.671325,0.122304,0.122389
5000,24,0.522768,0.063274,0.01,0.084366,0.319592,0.328713,0.671287,0.123724,0.121618
5001,30,0.522621,0.063257,0.010277,0.084342,0.319502,0.32876,0.67124,0.119466,0.115723
5002,24,0.522554,0.063273,0.010003,0.084364,0.319805,0.32873,0.67127,0.121459,0.121544
5003,30,0.522408,0.063256,0.010279,0.084341,0.319716,0.328795,0.671205,0.112819,0.109274
5004,30,0.52259,0.063269,0.010002,0.084358,0.319781,0.328759,0.671241,0.118181,0.118614
5005,30,0.522895,0.063228,0.009994,0.084305,0.319579,0.328573,0.671427,0.101523,0.105846
5006,30,0.523002,0.063213,0.009998,0.084285,0.319503,0.328407,0.671593,0.104447,0.106839
5007,24,0.522788,0.063212,0.01,0.084283,0.319716,0.328377,0.671623,0.129767,0.129864
5008,24,0.522994,0.063185,0.009996,0.084247,0.319578,0.328245,0.671755,0.117908,0.12079
5009,30,0.522969,0.063182,0.010044,0.084243,0.319563,0.32827,0.67173,0.126144,0.124655
5010,24,0.522992,0.063185,0.01,0.084246,0.319577,0.328239,0.671761,0.121587,0.121747
5011,30,0.523102,0.06317,0.009998,0.084227,0.319503,0.3281,0.6719,0.104408,0.107124
5012,24,0.523004,0.063183,0.010002,0.084244,0.319567,0.328104,0.671896,0.124931,0.123923
5013,24,0.523307,0.063143,0.009994,0.084191,0.319365,0.327898,0.672102,0.106232,0.110205
5014,30,0.523282,0.06314,0.010042,0.084187,0.31935,0.327923,0.672077,0.126144,0.124655
5015,24,0.523092,0.063142,0.01,0.084189,0.319578,0.327893,0.672107,0.121451,0.121531
5016,24,0.523394,0.063102,0.009994,0.084135,0.319375,0.327687,0.672313,0.106209,0.110184
5017,30,0.523399,0.0631,0.01,0.084134,0.319368,0.327731,0.672269,0.11901,0.116139
5018,24,0.523187,0.063099,0.01,0.084132,0.319582,0.327701,0.672299,0.121463,0.121539
5019,30,0.522962,0.063084,0.009998,0.084111,0.319845,0.327617,0.672383,0.113061,0.114992
5020,30,0.52322,0.063049,0.009995,0.084065,0.319671,0.327534,0.672466,0.099337,0.099287
5021,24,0.523362,0.06303,0.009997,0.084039,0.319572,0.327542,0.672458,0.102436,0.099366
5022,24,0.523479,0.063014,0.009997,0.084018,0.319491,0.32759,0.67241,0.118031,0.113493
5023,30,0.522838,0.062924,0.011301,0.083899,0.319038,0.327534,0.672466,0.132115,0.132618
5024,30,0.523029,0.062938,0.010816,0.083917,0.3193,0.327564,0.672436,0.115201,0.112831
5025,24,0.523758,0.06295,0.010002,0.083933,0.319358,0.327511,0.672489,0.100024,0.098998
5026,24,0.523547,0.062949,0.01,0.083932,0.319573,0.327481,0.672519,0.121463,0.121543
5027,30,0.523564,0.062901,0.009992,0.083868,0.319674,0.327277,0.672723,0.1174,0.122798
5028,24,0.523661,0.062887,0.009998,0.08385,0.319604,0.327206,0.672794,0.117461,0.118892
5029,30,0.523673,0.062795,0.010672,0.083726,0.319134,0.326944,0.673056,0.108092,0.114316
5030,30,0.524239,0.062781,0.010207,0.083708,0.319065,0.326795,0.673205,0.094359,0.096138
5031,24,0.524815,0.062732,0.009992,0.083643,0.318817,0.326698,0.673302,0.09473,0.094884
5032,24,0.524696,0.062718,0.009998,0.083624,0.318964,0.326703,0.673297,0.120273,0.119248
5033,30,0.524561,0.062702,0.010252,0.083603,0.318882,0.326635,0.673365,0.119487,0.120312
5034,24,0.524596,0.062731,0.010005,0.083641,0.319027,0.326639,0.673361,0.124927,0.123924
5035,24,0.525144,0.062659,0.009989,0.083545,0.318663,0.326413,0.673587,0.093794,0.099256
5036,24,0.525282,0.062639,0.009997,0.083519,0.318562,0.32629,0.67371,0.119024,0.121673
5037,24,0.525167,0.062625,0.009998,0.0835,0.31871,0.326291,0.673709,0.119803,0.118858
5038,30,0.525073,0.062612,0.009998,0.083483,0.318834,0.326306,0.673694,0.115987,0.114056
5039,30,0.525072,0.062612,0.01,0.083482,0.318834,0.326227,0.673773,0.129478,0.130669
5040,24,0.52486,0.062611,0.01,0.083481,0.319048,0.326197,0.673803,0.12978,0.129856
5041,30,0.525096,0.06258,0.009995,0.08344,0.31889,0.326116,0.673884,0.099752,0.099697
5042,30,0.525,0.062566,0.009998,0.083422,0.319014,0.326131,0.673869,0.115976,0.114043
5043,30,0.524865,0.06255,0.010252,0.083401,0.318932,0.326063,0.673937,0.119487,0.120308
5044,30,0.524997,0.062566,0.010003,0.083422,0.319012,0.32613,0.67387,0.112943,0.109375
5045,30,0.524999,0.062566,0.01,0.083422,0.319013,0.326196,0.673804,0.112885,0.109336
5046,30,0.52514,0.062548,0.009997,0.083397,0.318919,0.326205,0.673795,0.114812,0.112882
5047,30,0.524823,0.062532,0.010253,0.083376,0.319015,0.32624,0.67376,0.138056,0.135454
5048,24,0.524859,0.062561,0.010005,0.083415,0.319161,0.326362,0.673638,0.116602,0.11071
5049,24,0.524797,0.062541,0.009997,0.083388,0.319278,0.326414,0.673586,0.118172,0.114494
5050,30,0.524407,0.062535,0.010254,0.08338,0.319423,0.326525,0.673475,0.141247,0.135912
5051,24,0.524426,0.062537,0.01,0.083383,0.319654,0.32653,0.67347,0.120252,0.119244
5052,24,0.524263,0.06253,0.009999,0.083373,0.319835,0.32655,0.67345,0.128116,0.125469
5053,24,0.524262,0.06253,0.01,0.083373,0.319835,0.326519,0.673481,0.129895,0.130058
5054,24,0.524147,0.062516,0.009998,0.083355,0.319984,0.326454,0.673546,0.126435,0.127682
5055,24,0.524146,0.062516,0.01,0.083355,0.319983,0.326369,0.673631,0.121572,0.122609
5056,30,0.523682,0.062461,0.010877,0.083281,0.3197,0.326333,0.673667,0.136081,0.136587
5057,24,0.524141,0.062515,0.010009,0.083354,0.319981,0.326372,0.673628,0.123727,0.12163
5058,30,0.524101,0.062522,0.010001,0.083363,0.320014,0.326369,0.673631,0.121506,0.120904
5059,30,0.524644,0.062451,0.009989,0.083268,0.319649,0.326207,0.673793,0.083618,0.086495
5060,24,0.524827,0.062396,0.009991,0.083195,0.31959,0.326073,0.673927,0.104452,0.107358
5061,24,0.525026,0.062369,0.009996,0.083159,0.31945,0.325942,0.674058,0.10955,0.112389
5062,30,0.525264,0.062337,0.009995,0.083116,0.319287,0.325859,0.674141,0.113865,0.115453
5063,24,0.525465,0.06231,0.009996,0.08308,0.319149,0.325694,0.674306,0.109536,0.111974
5064,30,0.525734,0.062274,0.009994,0.083033,0.318965,0.325718,0.674282,0.112323,0.10936
5065,24,0.525519,0.062273,0.01,0.083031,0.319178,0.325688,0.674312,0.121472,0.121541
5066,24,0.525405,0.062259,0.009998,0.083012,0.319326,0.32569,0.67431,0.11983,0.118878
5067,30,0.525258,0.062253,0.009999,0.083004,0.319486,0.325603,0.674397,0.128502,0.129879
5068,30,0.525264,0.062229,0.009996,0.082972,0.319539,0.325444,0.674556,0.103043,0.106665
5069,30,0.525129,0.062213,0.01025,0.082951,0.319457,0.325637,0.674363,0.119487,0.110968
5070,30,0.524919,0.062229,0.010002,0.082971,0.319879,0.325648,0.674352,0.128962,0.126218
5071,24,0.524873,0.062223,0.010088,0.082964,0.319851,0.32573,0.67427,0.11325,0.108852
5072,30,0.525373,0.062157,0.010083,0.082876,0.319511,0.325405,0.674595,0.092033,0.100709
5073,24,0.525467,0.062156,0.01,0.082874,0.319503,0.325613,0.674387,0.113316,0.103904
5074,24,0.525469,0.062155,0.01,0.082874,0.319502,0.325683,0.674317,0.114974,0.110781
5075,30,0.525373,0.062168,0.010002,0.08289,0.319566,0.325925,0.674075,0.123745,0.113426
5076,30,0.525348,0.062165,0.01005,0.082886,0.319551,0.32595,0.67405,0.126144,0.124662
5077,24,0.525677,0.062128,0.009994,0.082838,0.319363,0.32585,0.67415,0.107945,0.109766
5078,24,0.525676,0.062128,0.01,0.082837,0.31936,0.32592,0.67408,0.11496,0.110769
5079,30,0.52565,0.062125,0.010048,0.082833,0.319344,0.326033,0.673967,0.126144,0.121011
5080,30,0.525771,0.062106,0.010068,0.082808,0.319248,0.326046,0.673954,0.115289,0.11326
5081,24,0.525595,0.062109,0.010001,0.082812,0.319484,0.326016,0.673984,0.121472,0.121543
5082,24,0.525595,0.062109,0.01,0.082812,0.319484,0.325985,0.674015,0.129907,0.130077
5083,30,0.525218,0.062065,0.01071,0.082753,0.319255,0.325917,0.674083,0.119443,0.120272
5084,24,0.525736,0.06209,0.010004,0.082786,0.319384,0.325796,0.674204,0.110807,0.113422
5085,30,0.525546,0.062115,0.010004,0.08282,0.319515,0.325956,0.674044,0.121269,0.11436
5086,30,0.52611,0.062042,0.009988,0.082722,0.319137,0.325761,0.674239,0.089732,0.093697
5087,24,0.526008,0.062054,0.010002,0.082738,0.319199,0.325765,0.674235,0.124943,0.123927
5088,30,0.525541,0.061999,0.010879,0.082665,0.318916,0.325729,0.674271,0.136081,0.136585
5089,24,0.525685,0.062028,0.010518,0.082704,0.319065,0.326003,0.673997,0.114946,0.103368
5090,24,0.525725,0.061982,0.010823,0.082642,0.318828,0.325871,0.674129,0.11782,0.120684
5091,30,0.525609,0.061968,0.011041,0.082624,0.318758,0.325792,0.674208,0.129473,0.130651
5092,30,0.526141,0.062029,0.010054,0.082705,0.319071,0.325836,0.674164,0.11901,0.116152
5093,24,0.526073,0.062045,0.010003,0.082726,0.319153,0.32584,0.67416,0.124943,0.123927
5094,30,0.526084,0.062019,0.009996,0.082692,0.31921,0.325964,0.674036,0.106688,0.100394
5095,24,0.526269,0.061965,0.009991,0.08262,0.319154,0.32583,0.67417,0.104467,0.107373
5096,24,0.526564,0.061925,0.009994,0.082567,0.31895,0.325625,0.674375,0.106186,0.110122
5097,24,0.526862,0.061886,0.009994,0.082514,0.318745,0.325525,0.674475,0.107855,0.109685
5098,30,0.526988,0.061868,0.010003,0.08249,0.318652,0.325538,0.674462,0.115283,0.113256
5099,30,0.526888,0.061856,0.009998,0.082475,0.318783,0.32543,0.67457,0.126505,0.128597
5100,24,0.526791,0.061868,0.010002,0.082491,0.318848,0.325434,0.674566,0.133251,0.132248
5101,24,0.526792,0.061869,0.01,0.082491,0.318849,0.325501,0.674499,0.115347,0.111426
5102,30,0.5266,0.061894,0.010004,0.082525,0.318978,0.325567,0.674433,0.127929,0.12492
5103,30,0.526557,0.0619,0.010001,0.082533,0.319009,0.325604,0.674396,0.138136,0.135448
5104,30,0.526617,0.061885,0.010052,0.082513,0.318933,0.325522,0.674478,0.117306,0.118341
5105,30,0.526482,0.061869,0.010306,0.082492,0.318851,0.325599,0.674401,0.119487,0.115517
5106,24,0.526645,0.061888,0.010003,0.082517,0.318947,0.325634,0.674366,0.123285,0.121262
5107,24,0.52655,0.061901,0.010002,0.082534,0.319013,0.325638,0.674362,0.133251,0.132248
5108,30,0.52636,0.061926,0.010004,0.082568,0.319143,0.325665,0.674335,0.127915,0.12535
5109,30,0.526138,0.061916,0.010297,0.082555,0.319093,0.32585,0.67415,0.129866,0.121408
5110,30,0.526426,0.061917,0.01,0.082556,0.3191,0.32571,0.67429,0.103914,0.1066
5111,24,0.526476,0.061888,0.010173,0.082517,0.318947,0.325587,0.674413,0.118995,0.121643
5112,30,0.526481,0.061888,0.010164,0.082518,0.31895,0.325508,0.674492,0.129478,0.130659
5113,30,0.526736,0.061876,0.009998,0.082502,0.318888,0.325359,0.674641,0.103417,0.106478
5114,30,0.526442,0.061889,0.010002,0.082519,0.319147,0.325396,0.674604,0.124908,0.122829
5115,30,0.526399,0.061895,0.010001,0.082527,0.319178,0.32535,0.67465,0.12152,0.121621
5116,30,0.526399,0.061895,0.01,0.082527,0.319179,0.325283,0.674717,0.119545,0.120344
5117,30,0.526038,0.061875,0.009997,0.0825,0.319591,0.325239,0.674761,0.129672,0.129482
5118,30,0.526358,0.061833,0.009993,0.082444,0.319373,0.325151,0.674849,0.094368,0.094261
5119,30,0.526174,0.061811,0.009997,0.082415,0.319604,0.325007,0.674993,0.111074,0.114176
5120,30,0.525992,0.06179,0.009997,0.082386,0.319836,0.324996,0.675004,0.104449,0.103201
5121,30,0.52581,0.061768,0.009997,0.082358,0.320068,0.324891,0.675109,0.111073,0.113689
5122,30,0.525808,0.061768,0.01,0.082357,0.320067,0.324824,0.675176,0.119556,0.120345
5123,30,0.525583,0.061753,0.009998,0.082337,0.32033,0.32474,0.67526,0.11306,0.114965
5124,30,0.525537,0.061758,0.010001,0.082345,0.32036,0.324694,0.675306,0.121507,0.121611
5125,30,0.525402,0.061743,0.010255,0.082323,0.320277,0.324627,0.675373,0.119487,0.120297
5126,24,0.525356,0.061737,0.01034,0.082316,0.32025,0.324881,0.675119,0.11325,0.102482
5127,30,0.525759,0.061706,0.009995,0.082275,0.320265,0.324668,0.675332,0.098331,0.103346
5128,24,0.525641,0.061693,0.009998,0.082257,0.320412,0.324604,0.675396,0.126477,0.127692
5129,24,0.525543,0.061705,0.010002,0.082273,0.320477,0.324608,0.675392,0.124939,0.123928
5130,24,0.525262,0.061631,0.010841,0.082175,0.320092,0.324479,0.675521,0.116283,0.118486
5131,24,0.525632,0.061624,0.010524,0.082165,0.320055,0.324348,0.675652,0.10953,0.112362
5132,30,0.525497,0.061608,0.010778,0.082144,0.319973,0.32444,0.67556,0.119486,0.115061
5133,24,0.525975,0.061614,0.010259,0.082151,0.320002,0.324309,0.675691,0.109562,0.112383
5134,24,0.526111,0.061629,0.010003,0.082173,0.320085,0.324279,0.675721,0.121657,0.121788
5135,30,0.526011,0.061618,0.009998,0.082157,0.320216,0.324299,0.675701,0.116575,0.114515
5136,30,0.525545,0.061563,0.010875,0.082084,0.319932,0.324263,0.675737,0.136081,0.136582
5137,24,0.526193,0.061564,0.01,0.082086,0.320157,0.32413,0.67587,0.104447,0.10734
5138,24,0.526077,0.061551,0.009998,0.082068,0.320306,0.324066,0.675934,0.118169,0.119374
5139,24,0.526076,0.061551,0.01,0.082068,0.320306,0.324134,0.675866,0.115333,0.11143
5140,30,0.526535,0.061471,0.010141,0.081962,0.319892,0.323846,0.676154,0.090155,0.09743
5141,24,0.526282,0.061465,0.009999,0.081954,0.3203,0.323783,0.676217,0.117999,0.119138
5142,30,0.526604,0.061424,0.009993,0.081898,0.320082,0.323637,0.676363,0.094426,0.096149
5143,30,0.526408,0.061448,0.010004,0.081931,0.320209,0.323798,0.676202,0.121269,0.11439
5144,24,0.526314,0.061461,0.010002,0.081948,0.320276,0.323802,0.676198,0.133251,0.132246
5145,30,0.526505,0.061436,0.009996,0.081915,0.320148,0.323673,0.676327,0.112901,0.114125
5146,24,0.526454,0.061442,0.010001,0.081923,0.32018,0.323726,0.676274,0.131592,0.127975
5147,24,0.526339,0.061429,0.009998,0.081905,0.320329,0.323662,0.676338,0.126477,0.127686
5148,30,0.526338,0.061429,0.01,0.081905,0.320328,0.323639,0.676361,0.119545,0.119641
5149,24,0.526338,0.061429,0.01,0.081905,0.320328,0.323609,0.676391,0.12164,0.121769
5150,24,0.526805,0.061368,0.00999,0.081824,0.320012,0.323515,0.676485,0.094266,0.094122
5151,24,0.526636,0.06136,0.009999,0.081814,0.320191,0.323571,0.676429,0.119783,0.115455
5152,30,0.52666,0.061332,0.009995,0.081776,0.320236,0.323556,0.676444,0.111322,0.109899
5153,24,0.526657,0.061332,0.01,0.081776,0.320235,0.323526,0.676474,0.129949,0.130094
5154,30,0.526477,0.061311,0.009997,0.081748,0.320467,0.323382,0.676618,0.111093,0.114163
5155,30,0.526284,0.061336,0.010004,0.081781,0.320596,0.32341,0.67659,0.127923,0.125366
5156,30,0.526848,0.061263,0.009988,0.081684,0.320217,0.323245,0.676755,0.083149,0.086111
5157,30,0.526888,0.061232,0.009995,0.081642,0.320244,0.323112,0.676888,0.113768,0.116975
5158,24,0.527088,0.061205,0.009996,0.081607,0.320105,0.322981,0.677019,0.109528,0.112341
5159,30,0.526913,0.061183,0.009996,0.081577,0.320331,0.322949,0.677051,0.110571,0.110007
5160,30,0.526778,0.061167,0.010251,0.081556,0.320249,0.322925,0.677075,0.119487,0.119598
5161,30,0.52673,0.061161,0.009999,0.081548,0.320561,0.32281,0.67719,0.108139,0.110526
5162,24,0.526916,0.061109,0.009991,0.081478,0.320505,0.322677,0.677323,0.104484,0.107338
5163,24,0.526796,0.061095,0.009998,0.08146,0.320651,0.322614,0.677386,0.118157,0.119355
5164,30,0.526803,0.061094,0.01,0.081458,0.320645,0.322635,0.677365,0.125622,0.124255
5165,30,0.526842,0.061064,0.009995,0.081419,0.320681,0.322616,0.677384,0.111779,0.110773
5166,30,0.526738,0.061052,0.009998,0.081402,0.320809,0.32252,0.67748,0.116517,0.118216
5167,30,0.526713,0.061049,0.010046,0.081399,0.320794,0.322634,0.677366,0.126144,0.121045
5168,30,0.526868,0.06101,0.009994,0.081347,0.320782,0.322519,0.677481,0.109881,0.112295
5169,30,0.526568,0.060943,0.0108,0.081258,0.320431,0.322445,0.677555,0.126467,0.127209
5170,30,0.526778,0.060968,0.010214,0.08129,0.32075,0.322442,0.677558,0.123176,0.122605
5171,30,0.526899,0.06098,0.010002,0.081306,0.320814,0.322463,0.677537,0.125622,0.124254
5172,24,0.526803,0.060992,0.010002,0.081323,0.32088,0.322468,0.677532,0.124931,0.123927
5173,30,0.526607,0.060911,0.010815,0.081215,0.320452,0.322335,0.677665,0.113766,0.116937
5174,30,0.526876,0.060953,0.010034,0.081271,0.320866,0.322249,0.677751,0.128502,0.129859
5175,30,0.526953,0.060903,0.009992,0.081205,0.320947,0.322086,0.677914,0.105383,0.109439
5176,30,0.526702,0.060891,0.009998,0.081187,0.321222,0.322143,0.677857,0.131446,0.127417
5177,30,0.526949,0.060859,0.009995,0.081145,0.321053,0.322056,0.677944,0.113258,0.114946
5178,24,0.527351,0.060806,0.009991,0.081075,0.320776,0.321816,0.678184,0.102111,0.107052
5179,24,0.527646,0.060767,0.009994,0.081023,0.320571,0.321892,0.678108,0.09995,0.094906
5180,24,0.52743,0.060766,0.01,0.081021,0.320783,0.321863,0.678137,0.121475,0.121531
5181,30,0.527797,0.060719,0.009992,0.080958,0.320534,0.321684,0.678316,0.10326,0.107677
5182,30,0.527793,0.060718,0.01,0.080958,0.320531,0.321752,0.678248,0.112932,0.1094
5183,30,0.527851,0.060667,0.009992,0.080889,0.320602,0.32154,0.67846,0.105412,0.111036
5184,30,0.527979,0.060649,0.009997,0.080866,0.320509,0.321555,0.678445,0.115333,0.113294
5185,24,0.527748,0.060622,0.009996,0.08083,0.320805,0.321523,0.678477,0.116354,0.116474
5186,24,0.528044,0.060584,0.009994,0.080778,0.320601,0.321487,0.678513,0.097865,0.09634
5187,24,0.527944,0.060596,0.010002,0.080794,0.320664,0.321444,0.678556,0.124932,0.124455
5188,24,0.527947,0.060595,0.01,0.080794,0.320663,0.32148,0.67852,0.123297,0.121284
5189,30,0.527903,0.060601,0.010001,0.080802,0.320694,0.321424,0.678576,0.131525,0.131958
5190,30,0.527795,0.060571,0.009995,0.080762,0.320878,0.321333,0.678667,0.113442,0.115386
5191,24,0.52758,0.06057,0.01,0.08076,0.32109,0.32126,0.67874,0.121442,0.121766
5192,24,0.52758,0.06057,0.01,0.08076,0.32109,0.32123,0.67877,0.129895,0.130042
5193,30,0.527842,0.060536,0.009994,0.080715,0.320912,0.32103,0.67897,0.099675,0.102877
5194,24,0.527743,0.060548,0.010002,0.080731,0.320976,0.321035,0.678965,0.133256,0.132249
5195,24,0.527983,0.060518,0.009995,0.08069,0.320814,0.320839,0.679161,0.107338,0.111111
5196,24,0.527865,0.060504,0.009998,0.080672,0.320961,0.320775,0.679225,0.126448,0.127651
5197,30,0.527974,0.060468,0.009994,0.080623,0.320941,0.320678,0.679322,0.097938,0.098473
5198,30,0.527947,0.060464,0.010045,0.080619,0.320925,0.320728,0.679272,0.119477,0.115772
5199,24,0.527971,0.060467,0.01,0.080623,0.320939,0.320797,0.679203,0.115333,0.111453
5200,30,0.527978,0.060466,0.01,0.080622,0.320934,0.320818,0.679182,0.125622,0.124256
5201,24,0.527766,0.060465,0.01,0.08062,0.321148,0.320789,0.679211,0.121471,0.121526
5202,30,0.527586,0.060445,0.009997,0.080593,0.321381,0.320839,0.679161,0.111093,0.107515
5203,30,0.527403,0.060424,0.009997,0.080565,0.321612,0.320943,0.679057,0.111063,0.105734
5204,24,0.527401,0.060423,0.01,0.080565,0.321611,0.320982,0.679018,0.123641,0.121591
5205,30,0.527401,0.060423,0.01,0.080565,0.321611,0.321032,0.678968,0.119542,0.116593
5206,30,0.527534,0.060406,0.009997,0.080542,0.321521,0.321047,0.678953,0.115338,0.1133
5207,30,0.527378,0.060353,0.010563,0.080471,0.321236,0.321004,0.678996,0.119014,0.119645
5208,30,0.527088,0.060325,0.011064,0.080434,0.321088,0.32116,0.67884,0.127128,0.119912
5209,30,0.527104,0.060348,0.010697,0.080464,0.321387,0.321258,0.678742,0.121465,0.116898
5210,30,0.526847,0.06031,0.011244,0.080414,0.321185,0.321211,0.678789,0.134744,0.135537
5211,24,0.526979,0.060349,0.010599,0.080465,0.321609,0.321182,0.678818,0.129788,0.129849
5212,24,0.527294,0.060385,0.010006,0.080513,0.321801,0.321221,0.678779,0.123698,0.121636
5213,30,0.527166,0.06037,0.010248,0.080494,0.321723,0.321197,0.678803,0.119487,0.119594
5214,30,0.527464,0.060364,0.009999,0.080485,0.321689,0.321113,0.678887,0.103417,0.103213
5215,30,0.527418,0.06037,0.010001,0.080493,0.321719,0.321099,0.678901,0.138139,0.137905
5216,30,0.527417,0.060329,0.010316,0.080438,0.321501,0.320951,0.679049,0.110007,0.113024
5217,24,0.527487,0.06036,0.010005,0.08048,0.321668,0.320956,0.679044,0.133256,0.132249
5218,24,0.527374,0.060347,0.009998,0.080463,0.321818,0.320892,0.679108,0.126444,0.127651
5219,24,0.527373,0.060347,0.01,0.080463,0.321818,0.320961,0.679039,0.115347,0.111458
5220,24,0.527257,0.060334,0.009998,0.080445,0.321966,0.320897,0.679103,0.126419,0.127631
5221,30,0.527537,0.060293,0.010028,0.080391,0.32175,0.320735,0.679265,0.104023,0.108099
5222,30,0.527575,0.060268,0.009996,0.080357,0.321805,0.320721,0.679279,0.111312,0.10988
5223,30,0.527703,0.060251,0.009997,0.080334,0.321715,0.320583,0.679417,0.103975,0.106552
5224,24,0.527858,0.060229,0.010012,0.080305,0.321597,0.320456,0.679544,0.116314,0.118448
5225,24,0.527827,0.060176,0.010445,0.080235,0.321317,0.320326,0.679674,0.117817,0.120599
5226,24,0.527966,0.060215,0.010006,0.080287,0.321525,0.320283,0.679717,0.124932,0.12445
5227,24,0.527856,0.060202,0.009998,0.08027,0.321675,0.320285,0.679715,0.119821,0.118874
5228,24,0.528153,0.060164,0.009994,0.080219,0.321471,0.320083,0.679917,0.10614,0.109967
5229,30,0.528188,0.060134,0.009995,0.080179,0.321504,0.320065,0.679935,0.111783,0.110766
5230,24,0.528185,0.060134,0.01,0.080179,0.321502,0.320134,0.679866,0.115347,0.111467
5231,24,0.528089,0.060146,0.010002,0.080195,0.321568,0.320139,0.679861,0.133256,0.132251
5232,30,0.528045,0.060152,0.010001,0.080203,0.321599,0.320228,0.679772,0.114896,0.110684
5233,30,0.528566,0.060086,0.009989,0.080114,0.321245,0.319942,0.680058,0.09012,0.097217
5234,30,0.528515,0.060091,0.010001,0.080121,0.321272,0.319897,0.680103,0.121512,0.121586
5235,24,0.52803,0.060036,0.01091,0.080048,0.320977,0.319867,0.680133,0.129825,0.129983
5236,30,0.528455,0.060075,0.010007,0.0801,0.321363,0.31972,0.68028,0.103978,0.107124
5237,30,0.528313,0.06007,0.009999,0.080093,0.321526,0.31978,0.68022,0.111858,0.108565
5238,30,0.528324,0.060039,0.010223,0.080052,0.321362,0.319813,0.680187,0.108621,0.106048
5239,24,0.528606,0.060031,0.009999,0.080042,0.321321,0.319839,0.680161,0.110086,0.107353
5240,30,0.529117,0.059966,0.009989,0.079955,0.320972,0.319656,0.680344,0.09063,0.094153
5241,30,0.529208,0.059953,0.009998,0.079938,0.320903,0.319526,0.680474,0.105875,0.108527
5242,30,0.529335,0.059937,0.009997,0.079916,0.320815,0.319352,0.680648,0.115103,0.117976
5243,24,0.529333,0.059937,0.01,0.079916,0.320814,0.319323,0.680677,0.121628,0.121753
5244,24,0.529217,0.059924,0.009998,0.079898,0.320963,0.31926,0.68074,0.126473,0.127671
5245,30,0.528729,0.059868,0.010911,0.079824,0.320667,0.319236,0.680764,0.126101,0.126215
5246,24,0.529412,0.059897,0.010005,0.079863,0.320822,0.319107,0.680893,0.109543,0.112286
5247,30,0.529291,0.059889,0.009999,0.079852,0.32097,0.31919,0.68081,0.134123,0.129433
5248,24,0.529174,0.059876,0.009998,0.079834,0.321118,0.319127,0.680873,0.118111,0.119304
5249,30,0.529128,0.059881,0.010001,0.079842,0.321148,0.319125,0.680875,0.121515,0.120907
5250,30,0.528968,0.059902,0.010003,0.079869,0.321258,0.319268,0.680732,0.127481,0.120513
5251,24,0.528874,0.059914,0.010002,0.079886,0.321324,0.319225,0.680775,0.124923,0.124444
5252,30,0.528875,0.059914,0.01,0.079886,0.321325,0.319148,0.680852,0.129536,0.130648
5253,30,0.528739,0.059899,0.010254,0.079865,0.321242,0.319227,0.680773,0.119487,0.115567
5254,30,0.528874,0.059914,0.010003,0.079886,0.321324,0.319295,0.680705,0.112885,0.109382
5255,24,0.529175,0.059876,0.009994,0.079835,0.32112,0.319196,0.680804,0.107839,0.109621
5256,24,0.529173,0.059876,0.01,0.079834,0.321117,0.319232,0.680768,0.123285,0.121286
5257,30,0.52926,0.059865,0.009998,0.079819,0.321058,0.319153,0.680847,0.117314,0.118287
5258,24,0.529145,0.059851,0.009998,0.079801,0.321204,0.319156,0.680844,0.119821,0.118878
5259,24,0.528932,0.05985,0.01,0.0798,0.321418,0.319084,0.680916,0.121446,0.121751
5260,30,0.529012,0.05984,0.009998,0.079786,0.321363,0.319078,0.680922,0.122837,0.122368
5261,30,0.52883,0.059819,0.009997,0.079759,0.321595,0.319023,0.680977,0.117719,0.118705
5262,30,0.528682,0.059813,0.009999,0.079751,0.321755,0.318992,0.681008,0.118487,0.118786
5263,30,0.528546,0.059798,0.010253,0.079731,0.321672,0.318969,0.681031,0.119487,0.119588
5264,24,0.52868,0.059813,0.010003,0.079751,0.321754,0.319039,0.680961,0.115347,0.111472
5265,24,0.528634,0.059808,0.010088,0.079744,0.321726,0.318956,0.681044,0.121558,0.122539
5266,24,0.528798,0.059798,0.009998,0.079731,0.321675,0.319189,0.680811,0.109703,0.099439
5267,24,0.529094,0.05976,0.009994,0.079681,0.321471,0.319154,0.680846,0.097855,0.096327
5268,24,0.529245,0.059729,0.010084,0.079639,0.321303,0.319024,0.680976,0.117771,0.12055
5269,24,0.529788,0.059671,0.00999,0.079561,0.32099,0.318759,0.681241,0.094051,0.100582
5270,30,0.529306,0.059617,0.010891,0.079489,0.320697,0.318735,0.681265,0.126101,0.126215
5271,24,0.529783,0.059622,0.010372,0.079496,0.320727,0.318606,0.681394,0.109522,0.112273
5272,24,0.52976,0.059585,0.010678,0.079447,0.320529,0.318485,0.681515,0.118975,0.121538
5273,24,0.529715,0.05958,0.010763,0.07944,0.320502,0.318455,0.681545,0.121556,0.121696
5274,24,0.529669,0.059575,0.010848,0.079434,0.320474,0.318531,0.681469,0.121556,0.116701
5275,24,0.529888,0.059599,0.010004,0.079466,0.321043,0.3185,0.6815,0.116353,0.116457
5276,30,0.530209,0.059559,0.009993,0.079412,0.320827,0.318314,0.681686,0.100932,0.105069
5277,30,0.530232,0.059531,0.010191,0.079374,0.320672,0.318214,0.681786,0.115281,0.116957
5278,30,0.53003,0.059523,0.010448,0.079365,0.320634,0.318364,0.681636,0.139859,0.132781
5279,24,0.530035,0.059524,0.01,0.079365,0.321075,0.318267,0.681733,0.114697,0.116919
5280,30,0.530043,0.059523,0.01,0.079364,0.32107,0.318313,0.681687,0.118995,0.116176
5281,24,0.529831,0.059522,0.01,0.079363,0.321284,0.318284,0.681716,0.129787,0.129838
5282,24,0.529503,0.059508,0.009998,0.079344,0.321647,0.318222,0.681778,0.117999,0.119103
5283,30,0.529501,0.059508,0.01,0.079344,0.321646,0.318273,0.681727,0.119542,0.116603
5284,30,0.529141,0.059468,0.010674,0.07929,0.321427,0.318285,0.681715,0.129423,0.126985
5285,24,0.529384,0.059494,0.010005,0.079326,0.321792,0.318288,0.681712,0.119812,0.118869
5286,30,0.52933,0.059458,0.010342,0.079277,0.321594,0.318153,0.681847,0.111766,0.114513
5287,24,0.529513,0.059478,0.010003,0.079304,0.321702,0.31819,0.68181,0.123297,0.121307
5288,30,0.529571,0.059428,0.009992,0.079237,0.321773,0.317978,0.682022,0.098723,0.104272
5289,30,0.529376,0.059451,0.010004,0.079268,0.3219,0.318008,0.681992,0.127951,0.125395
5290,24,0.529478,0.059439,0.009998,0.079252,0.321834,0.318043,0.681957,0.111164,0.108225
5291,24,0.529477,0.059439,0.01,0.079252,0.321833,0.318083,0.681917,0.123695,0.121643
5292,24,0.529678,0.059413,0.009996,0.079218,0.321695,0.317954,0.682046,0.109529,0.112269
5293,24,0.529347,0.059399,0.009998,0.079199,0.322057,0.317892,0.682108,0.126307,0.127408
5294,30,0.529354,0.059398,0.01,0.079197,0.322051,0.317939,0.682061,0.119019,0.116192
5295,30,0.529354,0.059398,0.01,0.079197,0.322051,0.31799,0.68201,0.119542,0.116612
5296,24,0.529356,0.059398,0.01,0.079197,0.32205,0.318027,0.681973,0.123285,0.12129
5297,24,0.529655,0.05936,0.009994,0.079147,0.321844,0.317928,0.682072,0.107805,0.109585
5298,30,0.529506,0.059335,0.009996,0.079113,0.322051,0.317813,0.682187,0.109729,0.112576
5299,24,0.52965,0.059303,0.010098,0.079071,0.321878,0.317683,0.682317,0.117813,0.120563
5300,30,0.529353,0.059308,0.010358,0.079077,0.321905,0.317825,0.682175,0.144056,0.13797
5301,24,0.529459,0.05932,0.010159,0.079093,0.321969,0.317743,0.682257,0.121572,0.122538
5302,24,0.529447,0.059341,0.010004,0.079122,0.322086,0.317748,0.682252,0.13326,0.132255
5303,24,0.529549,0.059329,0.009998,0.079105,0.322019,0.317679,0.682321,0.117489,0.118852
5304,24,0.529548,0.059329,0.01,0.079105,0.322018,0.31765,0.68235,0.121628,0.121748
5305,24,0.529434,0.059316,0.009998,0.079088,0.322165,0.317653,0.682347,0.119817,0.118873
5306,30,0.529061,0.059319,0.010001,0.079092,0.322527,0.31764,0.68236,0.119476,0.118971
5307,30,0.529047,0.059297,0.009996,0.079062,0.322597,0.317728,0.682272,0.117976,0.113005
5308,24,0.528949,0.059309,0.010002,0.079078,0.322662,0.317686,0.682314,0.124936,0.12444
5309,30,0.528923,0.059306,0.01005,0.079074,0.322646,0.317712,0.682288,0.126144,0.124682
5310,24,0.52895,0.059309,0.010001,0.079078,0.322662,0.317751,0.682249,0.12367,0.121623
5311,24,0.52895,0.059309,0.01,0.079078,0.322663,0.317723,0.682277,0.121657,0.121768
5312,30,0.528729,0.0593,0.010293,0.079066,0.322612,0.317912,0.682088,0.129874,0.12156
5313,30,0.528931,0.059311,0.010002,0.079081,0.322675,0.317872,0.682128,0.115647,0.115668
5314,30,0.529384,0.059254,0.00999,0.079006,0.322366,0.317658,0.682342,0.087267,0.091872
5315,24,0.529379,0.059254,0.01,0.079005,0.322363,0.317728,0.682272,0.115347,0.111484
5316,30,0.529647,0.05922,0.009994,0.07896,0.322179,0.317754,0.682246,0.112258,0.10934
5317,30,0.529517,0.059205,0.010236,0.078941,0.3221,0.317731,0.682269,0.119487,0.119587
5318,24,0.529644,0.059219,0.010002,0.078959,0.322175,0.317768,0.682232,0.123297,0.121297
5319,30,0.529601,0.059225,0.010001,0.078967,0.322207,0.317858,0.682142,0.114913,0.11072
5320,30,0.529428,0.059204,0.009996,0.078938,0.322434,0.317799,0.682201,0.117156,0.118252
5321,24,0.52933,0.059216,0.010002,0.078954,0.322498,0.317804,0.682196,0.13326,0.132255
5322,24,0.529331,0.059216,0.01,0.078954,0.322499,0.317874,0.682126,0.115347,0.111484
5323,30,0.529461,0.059199,0.009997,0.078932,0.32241,0.317722,0.682278,0.10991,0.113156
5324,24,0.529661,0.059174,0.009996,0.078898,0.322271,0.317593,0.682407,0.10953,0.112266
5325,30,0.529513,0.059168,0.009999,0.07889,0.32243,0.31755,0.68245,0.13511,0.135775
5326,30,0.529498,0.059166,0.010027,0.078888,0.322421,0.317485,0.682515,0.119498,0.12026
5327,30,0.529467,0.059173,0.010001,0.078898,0.32246,0.317575,0.682425,0.114902,0.110715
5328,30,0.529374,0.059161,0.009998,0.078882,0.322585,0.317592,0.682408,0.115963,0.114049
5329,30,0.529351,0.059164,0.01,0.078885,0.3226,0.317711,0.682289,0.137151,0.131208
5330,30,0.529351,0.059164,0.01,0.078885,0.3226,0.317762,0.682238,0.119531,0.116601
5331,24,0.529648,0.059126,0.009994,0.078835,0.322396,0.317728,0.682272,0.097846,0.096308
5332,30,0.529645,0.059126,0.01,0.078835,0.322394,0.317779,0.682221,0.119599,0.116645
5333,30,0.529701,0.059076,0.009992,0.078768,0.322463,0.317556,0.682444,0.115343,0.121254
5334,24,0.529935,0.059046,0.009995,0.078727,0.322297,0.317361,0.682639,0.107323,0.111028
5335,24,0.530231,0.059008,0.009994,0.078677,0.322091,0.317263,0.682737,0.10787,0.109612
5336,24,0.530466,0.058977,0.009995,0.078637,0.321925,0.317221,0.682779,0.101108,0.099983
5337,30,0.530664,0.058924,0.010212,0.078566,0.321634,0.31706,0.68294,0.108521,0.110613
5338,30,0.530776,0.058937,0.010002,0.078582,0.321703,0.317111,0.682889,0.119542,0.116612
5339,24,0.530978,0.058912,0.009996,0.078549,0.321566,0.316982,0.683018,0.117861,0.120586
5340,24,0.530862,0.058898,0.009998,0.078531,0.321712,0.316985,0.683015,0.119821,0.118875
5341,24,0.530862,0.058898,0.01,0.07853,0.32171,0.317022,0.682978,0.123297,0.121298
5342,24,0.531161,0.05886,0.009994,0.07848,0.321505,0.316924,0.683076,0.107848,0.109595
5343,24,0.531157,0.05886,0.01,0.07848,0.321503,0.317153,0.682847,0.115347,0.105679
5344,30,0.531165,0.058859,0.01,0.078479,0.321498,0.317175,0.682825,0.125621,0.124265
5345,30,0.53112,0.058865,0.010001,0.078486,0.321528,0.317173,0.682827,0.121518,0.120908
5346,30,0.531207,0.058854,0.009998,0.078472,0.321469,0.317094,0.682906,0.117309,0.118266
5347,24,0.53129,0.058816,0.009994,0.078421,0.32148,0.316932,0.683068,0.106094,0.109856
5348,30,0.531141,0.05881,0.009999,0.078413,0.321638,0.316993,0.683007,0.111888,0.108601
5349,24,0.530928,0.058809,0.01,0.078411,0.321852,0.316965,0.683035,0.121479,0.121521
5350,24,0.53088,0.058815,0.010001,0.078419,0.321885,0.317243,0.682757,0.114966,0.103624
5351,24,0.530882,0.058814,0.01,0.078419,0.321884,0.31728,0.68272,0.123297,0.121299
5352,24,0.530884,0.058814,0.01,0.078419,0.321883,0.317317,0.682683,0.123297,0.121299
5353,30,0.530823,0.058752,0.010544,0.078336,0.321544,0.317163,0.682837,0.12171,0.125267
5354,24,0.531068,0.058779,0.010088,0.078372,0.321692,0.317233,0.682767,0.115345,0.111485
5355,30,0.531073,0.05878,0.010079,0.078373,0.321695,0.317156,0.682844,0.129478,0.130587
5356,24,0.531214,0.058772,0.009999,0.078363,0.321652,0.317338,0.682662,0.111151,0.103058
5357,30,0.5314,0.058749,0.009996,0.078332,0.321524,0.317298,0.682702,0.096235,0.094568
5358,24,0.531281,0.058736,0.009998,0.078314,0.321672,0.317236,0.682764,0.118164,0.119329
5359,30,0.531186,0.058723,0.009998,0.078298,0.321796,0.317228,0.682772,0.122593,0.12214
5360,30,0.531045,0.058698,0.009996,0.078263,0.321998,0.317194,0.682806,0.113933,0.113339
5361,24,0.531225,0.058647,0.009991,0.078196,0.32194,0.317062,0.682938,0.104355,0.107164
5362,30,0.531039,0.058627,0.009996,0.078169,0.32217,0.317054,0.682946,0.104457,0.103192
5363,24,0.53116,0.058584,0.009993,0.078111,0.322152,0.316931,0.683069,0.105593,0.108182
5364,30,0.531446,0.058525,0.00999,0.078033,0.322006,0.316739,0.683261,0.094963,0.098522
5365,30,0.531309,0.05851,0.010244,0.078013,0.321923,0.316818,0.683182,0.119487,0.115583
5366,24,0.531343,0.058536,0.010004,0.078048,0.322067,0.316824,0.683176,0.133268,0.132259
5367,24,0.531346,0.058537,0.01,0.078049,0.322069,0.316864,0.683136,0.123695,0.121648
5368,30,0.53132,0.058534,0.010048,0.078045,0.322053,0.31689,0.68311,0.126144,0.124683
5369,30,0.531301,0.058542,0.010001,0.078056,0.322099,0.31698,0.68302,0.114916,0.110733
5370,24,0.531302,0.058542,0.01,0.078056,0.3221,0.316951,0.683049,0.129907,0.130036
5371,30,0.531294,0.058543,0.01,0.078057,0.322105,0.316974,0.683026,0.125197,0.123664
5372,24,0.531249,0.058538,0.010085,0.078051,0.322077,0.316892,0.683108,0.121558,0.122521
5373,30,0.531112,0.058523,0.01034,0.078031,0.321995,0.316827,0.683173,0.119487,0.120242
5374,24,0.531245,0.058549,0.010004,0.078065,0.322137,0.316924,0.683076,0.123263,0.11766
5375,30,0.531225,0.058552,0.010001,0.078069,0.322154,0.317121,0.682879,0.113899,0.105561
5376,30,0.531187,0.058548,0.010071,0.078064,0.322131,0.317171,0.682829,0.119476,0.116566
5377,24,0.531208,0.058527,0.009996,0.078036,0.322233,0.317137,0.682863,0.116083,0.11633
5378,30,0.531392,0.058503,0.009996,0.078004,0.322104,0.316964,0.683036,0.102835,0.105417
5379,30,0.531208,0.058483,0.009997,0.077977,0.322335,0.31686,0.68314,0.111056,0.113589
5380,24,0.531206,0.058483,0.01,0.077977,0.322334,0.316831,0.683169,0.129949,0.130078
5381,30,0.531394,0.058459,0.009996,0.077946,0.322205,0.316671,0.683329,0.119521,0.12282
5382,30,0.531519,0.058443,0.009997,0.077924,0.322116,0.316509,0.683491,0.103846,0.106044
5383,24,0.531518,0.058443,0.01,0.077924,0.322115,0.316549,0.683451,0.123712,0.121661
5384,24,0.531518,0.058443,0.01,0.077924,0.322115,0.316521,0.683479,0.12164,0.121751
5385,24,0.531518,0.058443,0.01,0.077924,0.322115,0.316492,0.683508,0.121587,0.121711
5386,24,0.531518,0.058443,0.01,0.077924,0.322115,0.316463,0.683537,0.129895,0.130028
5387,24,0.531306,0.058442,0.01,0.077923,0.32233,0.316435,0.683565,0.129787,0.129831
5388,30,0.53136,0.058417,0.010139,0.07789,0.322193,0.316335,0.683665,0.115283,0.116935
5389,30,0.531751,0.058386,0.009995,0.077848,0.32202,0.31615,0.68385,0.100954,0.105035
5390,24,0.531536,0.058385,0.01,0.077847,0.322233,0.316122,0.683878,0.129787,0.129833
5391,30,0.531563,0.058357,0.010191,0.07781,0.322079,0.316022,0.683978,0.115276,0.11693
5392,30,0.531482,0.058348,0.009998,0.077798,0.322373,0.315997,0.684003,0.11111,0.110407
5393,24,0.531386,0.05836,0.010002,0.077814,0.322438,0.315956,0.684044,0.124944,0.124439
5394,24,0.531339,0.058366,0.010001,0.077822,0.322472,0.316075,0.683925,0.123292,0.117729
5395,24,0.531244,0.058378,0.010002,0.077838,0.322538,0.316034,0.683966,0.124944,0.124435
5396,30,0.530866,0.058347,0.010282,0.077796,0.322709,0.315951,0.684049,0.119662,0.121511
5397,24,0.530783,0.058338,0.009998,0.077784,0.323096,0.315923,0.684077,0.116763,0.116805
5398,24,0.530784,0.058338,0.01,0.077784,0.323095,0.31596,0.68404,0.123285,0.121296
5399,24,0.530786,0.058337,0.01,0.077783,0.323093,0.315997,0.684003,0.123297,0.121303
5400,30,0.530684,0.058326,0.009998,0.077768,0.323223,0.315892,0.684108,0.126504,0.128495
5401,30,0.530657,0.058323,0.010049,0.077764,0.323207,0.31596,0.68404,0.11283,0.109365
5402,30,0.530507,0.058262,0.010489,0.077683,0.32306,0.315832,0.684168,0.121658,0.124383
5403,30,0.53039,0.058249,0.010706,0.077666,0.322989,0.315756,0.684244,0.129473,0.130573
5404,24,0.530482,0.058259,0.010534,0.077679,0.323045,0.315827,0.684173,0.115331,0.111489
5405,30,0.529848,0.05819,0.011716,0.077586,0.322659,0.315844,0.684156,0.136035,0.134108
5406,24,0.529682,0.058194,0.01185,0.077592,0.322682,0.315849,0.684151,0.133204,0.132214
5407,24,0.529815,0.058231,0.011206,0.077641,0.323107,0.315821,0.684179,0.121492,0.121523
5408,24,0.529922,0.058243,0.011007,0.077657,0.323172,0.31574,0.68426,0.121578,0.122523
5409,30,0.529774,0.058227,0.011283,0.077635,0.323082,0.315808,0.684192,0.112816,0.109358
5410,24,0.530251,0.058232,0.010763,0.077643,0.323112,0.315679,0.684321,0.109522,0.112231
5411,24,0.530658,0.058276,0.010008,0.077702,0.323357,0.315716,0.684284,0.123288,0.121304
5412,24,0.530662,0.058277,0.01,0.077702,0.323359,0.315756,0.684244,0.12367,0.12163
5413,30,0.531045,0.058229,0.009992,0.077639,0.323095,0.31559,0.68441,0.097153,0.099793
5414,30,0.530859,0.058209,0.009996,0.077611,0.323324,0.315437,0.684563,0.121062,0.124369
5415,24,0.530859,0.058208,0.01,0.077611,0.323322,0.315474,0.684526,0.123297,0.121305
5416,30,0.530983,0.058193,0.009997,0.07759,0.323237,0.315491,0.684509,0.114328,0.111997
5417,24,0.530865,0.05818,0.009998,0.077573,0.323384,0.315429,0.684571,0.118177,0.119328
5418,30,0.530675,0.058161,0.009997,0.077548,0.32362,0.315404,0.684596,0.11006,0.109056
5419,24,0.530625,0.058167,0.010001,0.077555,0.323652,0.315523,0.684477,0.12329,0.117736
5420,24,0.53053,0.058178,0.010002,0.077571,0.323718,0.315529,0.684471,0.124955,0.123943
5421,24,0.530673,0.058161,0.009997,0.077548,0.323621,0.315409,0.684591,0.110693,0.113199
5422,30,0.530671,0.058161,0.01,0.077548,0.32362,0.315479,0.684521,0.112932,0.109445
5423,24,0.530969,0.058124,0.009994,0.077498,0.323415,0.315382,0.684618,0.107871,0.109599
5424,30,0.531181,0.058097,0.009995,0.077463,0.323265,0.315414,0.684586,0.114828,0.111774
5425,30,0.531178,0.058097,0.01,0.077462,0.323263,0.315483,0.684517,0.112885,0.10941
5426,30,0.531186,0.058096,0.01,0.077461,0.323258,0.315505,0.684495,0.125621,0.124272
5427,30,0.531193,0.058095,0.01,0.07746,0.323252,0.315552,0.684448,0.119008,0.116199
5428,30,0.530723,0.058043,0.010877,0.077391,0.322966,0.315517,0.684483,0.136081,0.136546
5429,30,0.531249,0.058044,0.010346,0.077392,0.322969,0.315431,0.684569,0.113251,0.114881
5430,24,0.531337,0.058076,0.010006,0.077434,0.323147,0.315437,0.684563,0.124947,0.123936
5431,30,0.531296,0.058082,0.010001,0.077442,0.32318,0.315382,0.684618,0.131518,0.13192
5432,24,0.53118,0.058069,0.009998,0.077425,0.323328,0.315319,0.684681,0.126443,0.127612
5433,24,0.531179,0.058069,0.01,0.077425,0.323327,0.31529,0.68471,0.121612,0.121727
5434,30,0.531128,0.058033,0.009994,0.077377,0.323469,0.315248,0.684752,0.100227,0.099869
5435,30,0.531125,0.058032,0.01,0.077376,0.323467,0.315299,0.684701,0.119531,0.116609
5436,24,0.53142,0.057996,0.009994,0.077328,0.323263,0.315226,0.684774,0.106116,0.105935
5437,30,0.531669,0.057964,0.009995,0.077286,0.323086,0.315148,0.684852,0.099173,0.099035
5438,30,0.53165,0.057962,0.01003,0.077283,0.323075,0.315174,0.684826,0.126144,0.124686
5439,30,0.531484,0.057944,0.009997,0.077259,0.323316,0.315071,0.684929,0.111074,0.113588
5440,24,0.531341,0.057882,0.010632,0.077176,0.322969,0.314942,0.685058,0.117746,0.120481
5441,30,0.531993,0.057879,0.01,0.077172,0.322955,0.3148,0.6852,0.094288,0.095874
5442,30,0.532185,0.057856,0.009996,0.077141,0.322823,0.314691,0.685309,0.115818,0.118178
5443,24,0.532183,0.057855,0.01,0.07714,0.322822,0.314731,0.685269,0.123641,0.121615
5444,24,0.532087,0.057867,0.010002,0.077156,0.322888,0.314737,0.685263,0.124959,0.123945
5445,30,0.532044,0.057873,0.010001,0.077164,0.322919,0.314694,0.685306,0.121549,0.121585
5446,24,0.531877,0.057877,0.010135,0.077169,0.322942,0.3147,0.6853,0.133214,0.132222
5447,30,0.531759,0.057908,0.010005,0.077211,0.323116,0.314757,0.685243,0.144601,0.142008
5448,30,0.531638,0.0579,0.009999,0.0772,0.323263,0.314747,0.685253,0.127494,0.125886
5449,30,0.531615,0.057903,0.01,0.077204,0.323278,0.314945,0.685055,0.11391,0.105612
5450,24,0.531816,0.057878,0.009996,0.077171,0.32314,0.314817,0.685183,0.10955,0.112243
5451,30,0.531813,0.057878,0.01,0.07717,0.323139,0.314868,0.685132,0.119487,0.116583
5452,24,0.531718,0.05789,0.010002,0.077186,0.323205,0.314874,0.685126,0.124959,0.123945
5453,30,0.531765,0.057884,0.009999,0.077179,0.323173,0.314835,0.685165,0.115637,0.115642
5454,30,0.53184,0.057837,0.010295,0.077116,0.322912,0.314704,0.685296,0.107087,0.110161
5455,24,0.532455,0.057798,0.009993,0.077063,0.322691,0.314461,0.685539,0.100842,0.10567
5456,30,0.532062,0.05776,0.010493,0.077013,0.322672,0.314584,0.685416,0.124107,0.118239
5457,24,0.532276,0.057794,0.010006,0.077059,0.322864,0.314683,0.685317,0.123277,0.117684
5458,24,0.532115,0.057788,0.009999,0.07705,0.323048,0.31477,0.68523,0.119811,0.115207
5459,24,0.532019,0.0578,0.010002,0.077066,0.323113,0.314729,0.685271,0.124944,0.124438
5460,30,0.53211,0.057765,0.009994,0.07702,0.323111,0.314591,0.685409,0.106167,0.109408
5461,30,0.531815,0.057777,0.010002,0.077036,0.32337,0.314581,0.685419,0.13492,0.133617
5462,30,0.531656,0.057797,0.010003,0.077062,0.323482,0.31486,0.68514,0.120844,0.109736
5463,24,0.531319,0.05776,0.01063,0.077014,0.323277,0.314831,0.685169,0.129853,0.129989
5464,30,0.53141,0.057715,0.010897,0.076954,0.323025,0.3147,0.6853,0.11377,0.116836
5465,30,0.531666,0.057713,0.010468,0.07695,0.323203,0.314572,0.685428,0.1123,0.114817
5466,24,0.531751,0.057733,0.010004,0.076977,0.323535,0.314588,0.685412,0.128119,0.125993
5467,30,0.531725,0.05773,0.010052,0.076974,0.32352,0.314614,0.685386,0.126144,0.124688
5468,24,0.531636,0.05772,0.009998,0.076961,0.323685,0.31462,0.68538,0.12021,0.119218
5469,30,0.531445,0.057744,0.010004,0.076992,0.323815,0.314688,0.685312,0.127948,0.125007
5470,24,0.531333,0.057731,0.009998,0.076975,0.323963,0.314691,0.685309,0.119812,0.11887
5471,30,0.531281,0.057695,0.009994,0.076927,0.324103,0.314709,0.685291,0.106863,0.104216
5472,24,0.531278,0.057695,0.01,0.076926,0.324101,0.314749,0.685251,0.123695,0.121655
5473,24,0.531066,0.057694,0.01,0.076925,0.324315,0.314721,0.685279,0.129783,0.129824
5474,24,0.530853,0.057693,0.01,0.076924,0.32453,0.314693,0.685307,0.12147,0.121508
5475,30,0.530853,0.057693,0.01,0.076924,0.32453,0.314617,0.685383,0.129478,0.130574
5476,24,0.530855,0.057693,0.01,0.076924,0.324528,0.314654,0.685346,0.123297,0.121307
5477,30,0.531304,0.057638,0.00999,0.07685,0.324218,0.314477,0.685523,0.090043,0.092548
5478,30,0.531299,0.057637,0.01,0.076849,0.324215,0.314528,0.685472,0.119487,0.116581
5479,24,0.531203,0.057649,0.010002,0.076865,0.324281,0.314534,0.685466,0.133268,0.132262
5480,30,0.531204,0.057649,0.01,0.076865,0.324282,0.314561,0.685439,0.126202,0.124726
5481,30,0.531178,0.057646,0.010048,0.076862,0.324266,0.314587,0.685413,0.126144,0.124688
5482,30,0.53129,0.057638,0.009999,0.076851,0.324222,0.314509,0.685491,0.117309,0.118246
5483,30,0.531425,0.057558,0.010504,0.076744,0.32377,0.314268,0.685732,0.113159,0.119523
5484,30,0.531685,0.057588,0.010005,0.076784,0.323938,0.314321,0.685679,0.118548,0.115321
5485,24,0.531688,0.057588,0.01,0.076784,0.32394,0.314392,0.685608,0.115347,0.111509
5486,24,0.531592,0.0576,0.010002,0.0768,0.324006,0.314351,0.685649,0.124944,0.124444
5487,24,0.531693,0.057588,0.009998,0.076784,0.323938,0.314235,0.685765,0.117385,0.119238
5488,24,0.531691,0.057588,0.01,0.076784,0.323937,0.314206,0.685794,0.121587,0.121704
5489,30,0.531691,0.057588,0.01,0.076784,0.323937,0.314184,0.685816,0.119545,0.119615
5490,24,0.531596,0.057599,0.010002,0.076799,0.324003,0.31419,0.68581,0.133268,0.132264
5491,24,0.531385,0.057599,0.01,0.076798,0.324218,0.314162,0.685838,0.121474,0.121501
5492,30,0.531158,0.057584,0.009998,0.076779,0.32448,0.314176,0.685824,0.106436,0.104487
5493,30,0.531113,0.05759,0.010001,0.076786,0.32451,0.314175,0.685825,0.121518,0.120907
5494,30,0.53116,0.057584,0.009999,0.076779,0.324478,0.314136,0.685864,0.11568,0.115672
5495,30,0.531072,0.057595,0.010002,0.076793,0.324538,0.314269,0.685731,0.12426,0.118601
5496,30,0.531211,0.057556,0.009993,0.076742,0.324497,0.314251,0.685749,0.096892,0.095119
5497,24,0.531112,0.057568,0.010002,0.076757,0.324561,0.314257,0.685743,0.133268,0.13226
5498,24,0.530785,0.057554,0.009998,0.076739,0.324924,0.314195,0.685805,0.117985,0.11906
5499,24,0.530926,0.057537,0.009997,0.076716,0.324825,0.314076,0.685924,0.110779,0.113251
5500,30,0.531001,0.057527,0.009998,0.076703,0.324771,0.314151,0.685849,0.11514,0.110808
5501,30,0.530957,0.05749,0.009994,0.076654,0.324905,0.314087,0.685913,0.10631,0.10661
5502,30,0.53125,0.057454,0.009994,0.076605,0.324698,0.313948,0.686052,0.094822,0.096392
5503,24,0.531246,0.057453,0.01,0.076605,0.324696,0.313867,0.686133,0.121572,0.122506
5504,30,0.531151,0.057465,0.010002,0.07662,0.324761,0.314115,0.685885,0.123772,0.113735
5505,24,0.53094,0.057464,0.01,0.076619,0.324976,0.314087,0.685913,0.121466,0.121501
5506,30,0.530987,0.057459,0.009999,0.076611,0.324944,0.314048,0.685952,0.11567,0.115664
5507,24,0.530987,0.057459,0.01,0.076611,0.324944,0.31402,0.68598,0.1216,0.121717
5508,24,0.531283,0.057422,0.009994,0.076563,0.324738,0.313821,0.686179,0.106119,0.109815
5509,30,0.531516,0.057393,0.009995,0.076524,0.324572,0.31374,0.68626,0.113854,0.115343
5510,30,0.531331,0.057373,0.009997,0.076497,0.324802,0.313686,0.686314,0.117695,0.118661
5511,24,0.531117,0.057372,0.01,0.076496,0.325015,0.313658,0.686342,0.129778,0.12982
5512,30,0.531434,0.057333,0.009993,0.076444,0.324796,0.313576,0.686424,0.094321,0.094113
5513,30,0.531119,0.057314,0.010285,0.076419,0.324863,0.313734,0.686266,0.127091,0.12001
5514,24,0.531058,0.05733,0.010003,0.07644,0.32517,0.313706,0.686294,0.12147,0.121504
5515,30,0.531198,0.057313,0.009997,0.076417,0.325075,0.313719,0.686281,0.114799,0.112882
5516,30,0.531259,0.057263,0.009991,0.076351,0.325135,0.313553,0.686447,0.104772,0.108813
5517,30,0.531277,0.05726,0.009999,0.076347,0.325117,0.313692,0.686308,0.118067,0.111368
5518,24,0.531276,0.05726,0.01,0.076347,0.325117,0.313732,0.686268,0.123724,0.12168
5519,30,0.531146,0.057246,0.010242,0.076328,0.325038,0.313709,0.686291,0.119487,0.119575
5520,30,0.531267,0.057261,0.010003,0.076348,0.325121,0.313732,0.686268,0.125174,0.123657
5521,24,0.531269,0.057261,0.01,0.076348,0.325122,0.313772,0.686228,0.123724,0.12168
5522,30,0.531079,0.057284,0.010004,0.076379,0.325254,0.31384,0.68616,0.127948,0.12501
5523,30,0.530957,0.057276,0.009999,0.076368,0.3254,0.314014,0.685986,0.117525,0.11007
5524,24,0.531196,0.057247,0.009995,0.076329,0.325233,0.313926,0.686074,0.109073,0.110579
5525,30,0.531284,0.057227,0.010066,0.076303,0.325121,0.31379,0.68621,0.110482,0.112994
5526,30,0.531482,0.057175,0.01028,0.076234,0.324828,0.31367,0.68633,0.098581,0.099377
5527,30,0.531678,0.057186,0.010002,0.076248,0.324886,0.313631,0.686369,0.115669,0.115665
5528,24,0.532138,0.05713,0.00999,0.076173,0.324569,0.313555,0.686445,0.09254,0.092105
5529,30,0.532325,0.057106,0.009996,0.076141,0.324433,0.313529,0.686471,0.109123,0.10864
5530,24,0.532421,0.057094,0.009998,0.076125,0.324363,0.31346,0.68654,0.117388,0.118748
5531,30,0.532401,0.057091,0.010036,0.076122,0.32435,0.313529,0.686471,0.11283,0.10938
5532,24,0.532422,0.057093,0.01,0.076124,0.32436,0.313566,0.686434,0.123285,0.121305
5533,30,0.532422,0.057093,0.01,0.076124,0.324361,0.313544,0.686456,0.119545,0.119613
5534,30,0.532422,0.057093,0.01,0.076124,0.324361,0.313571,0.686429,0.126202,0.12473
5535,24,0.532505,0.057056,0.009994,0.076075,0.32437,0.313409,0.686591,0.114345,0.118078
5536,30,0.532502,0.057056,0.01,0.076075,0.324368,0.313479,0.686521,0.112885,0.109424
5537,30,0.532688,0.057032,0.010006,0.076043,0.324231,0.31337,0.68663,0.11578,0.118133
5538,24,0.532691,0.057032,0.01,0.076043,0.324234,0.313342,0.686658,0.12164,0.121742
5539,30,0.532542,0.057016,0.010278,0.076022,0.324143,0.313395,0.686605,0.119466,0.115799
5540,24,0.532834,0.05701,0.010034,0.076014,0.324108,0.313423,0.686577,0.110065,0.107341
5541,24,0.532788,0.057005,0.010119,0.076007,0.32408,0.313394,0.686606,0.129866,0.129999
5542,24,0.533148,0.056976,0.009995,0.075968,0.323913,0.313297,0.686703,0.107827,0.109535
5543,24,0.533145,0.056976,0.01,0.075968,0.323912,0.313269,0.686731,0.121612,0.121722
5544,24,0.533145,0.056976,0.01,0.075968,0.323912,0.31324,0.68676,0.129895,0.130019
5545,24,0.533145,0.056976,0.01,0.075968,0.323912,0.313212,0.686788,0.121587,0.121705
5546,30,0.532904,0.056932,0.010588,0.07591,0.323666,0.313287,0.686713,0.121726,0.117411
5547,24,0.533312,0.05693,0.010196,0.075907,0.323654,0.313159,0.686841,0.117804,0.120497
5548,24,0.533653,0.056913,0.009997,0.075884,0.323554,0.313119,0.686881,0.101082,0.099938
5549,30,0.533527,0.056904,0.009999,0.075872,0.323698,0.313282,0.686718,0.110865,0.103851
5550,24,0.533822,0.056868,0.009994,0.075824,0.323492,0.313184,0.686816,0.10779,0.10951
5551,24,0.533776,0.056863,0.010079,0.075818,0.323464,0.313262,0.686738,0.121558,0.116742
5552,30,0.534173,0.056824,0.009993,0.075766,0.323244,0.313102,0.686898,0.092892,0.095194
5553,24,0.534004,0.056817,0.009999,0.075757,0.323423,0.313163,0.686837,0.1198,0.115525
5554,24,0.533887,0.056805,0.009998,0.07574,0.323571,0.313169,0.686831,0.12021,0.119221
5555,24,0.533887,0.056805,0.01,0.075739,0.323569,0.313207,0.686793,0.123297,0.121314
5556,30,0.533698,0.056828,0.010004,0.07577,0.3237,0.313239,0.686761,0.127978,0.125425
5557,24,0.533701,0.056828,0.01,0.07577,0.323701,0.313211,0.686789,0.129924,0.130047
5558,24,0.533605,0.056839,0.010002,0.075786,0.323767,0.313217,0.686783,0.133272,0.132274
5559,24,0.533705,0.056828,0.009998,0.07577,0.323699,0.313148,0.686852,0.117413,0.118766
5560,24,0.533944,0.056798,0.009995,0.075731,0.323532,0.312988,0.687012,0.106502,0.110219
5561,24,0.533826,0.056785,0.009998,0.075714,0.323678,0.312992,0.687008,0.119812,0.118872
5562,30,0.533598,0.056771,0.009998,0.075695,0.323939,0.31291,0.68709,0.113041,0.114855
5563,30,0.533649,0.056723,0.009992,0.075631,0.324006,0.312804,0.687196,0.105302,0.107058
5564,30,0.533334,0.0567,0.010494,0.075599,0.323873,0.312802,0.687198,0.128134,0.127536
5565,30,0.533415,0.056708,0.010002,0.075611,0.324264,0.31265,0.68735,0.121072,0.124335
5566,24,0.533087,0.056695,0.009998,0.075593,0.324627,0.312588,0.687412,0.126302,0.127384
5567,24,0.53338,0.056659,0.009994,0.075546,0.324422,0.312541,0.687459,0.099871,0.09879
5568,30,0.533102,0.056576,0.01094,0.075435,0.323947,0.312561,0.687439,0.113685,0.111074
5569,24,0.533438,0.056611,0.01032,0.075482,0.324148,0.312636,0.687364,0.11496,0.110862
5570,30,0.533565,0.056635,0.010004,0.075513,0.324283,0.312582,0.687418,0.131532,0.131917
5571,24,0.533861,0.056599,0.009994,0.075466,0.32408,0.312535,0.687465,0.099862,0.098788
5572,24,0.533523,0.056564,0.01062,0.075418,0.323875,0.312506,0.687494,0.129853,0.129982
5573,30,0.533862,0.056598,0.010006,0.075464,0.32407,0.312554,0.687446,0.119008,0.116208
5574,30,0.533821,0.056604,0.010001,0.075471,0.324103,0.312553,0.687447,0.121521,0.120908
5575,24,0.533705,0.056591,0.009998,0.075455,0.324252,0.312491,0.687509,0.118143,0.119286
5576,24,0.533538,0.056595,0.010132,0.07546,0.324274,0.312497,0.687503,0.133218,0.132226
5577,30,0.533237,0.056606,0.010002,0.075475,0.32468,0.312485,0.687515,0.119497,0.118975
5578,24,0.533287,0.0566,0.009999,0.075467,0.324646,0.312574,0.687426,0.121627,0.117092
5579,24,0.533122,0.056594,0.009999,0.075458,0.324827,0.312599,0.687401,0.128117,0.125506
5580,24,0.533321,0.056569,0.009996,0.075426,0.324688,0.312471,0.687529,0.1178,0.12049
5581,24,0.533418,0.056557,0.009998,0.07541,0.324618,0.312402,0.687598,0.125735,0.127081
5582,30,0.533452,0.056529,0.009995,0.075373,0.32465,0.312386,0.687614,0.111741,0.110725
5583,30,0.533999,0.056463,0.009988,0.075283,0.324266,0.31205,0.68795,0.082859,0.09134
5584,24,0.533945,0.056468,0.010001,0.07529,0.324296,0.31215,0.68785,0.123267,0.117704
5585,30,0.533946,0.056468,0.01,0.07529,0.324296,0.312202,0.687798,0.119487,0.116597
5586,30,0.534034,0.056448,0.010069,0.075264,0.324185,0.312065,0.687935,0.110388,0.112897
5587,24,0.534072,0.056452,0.010001,0.075269,0.324206,0.312103,0.687897,0.123285,0.121309
5588,24,0.533744,0.056439,0.009998,0.075252,0.324568,0.312042,0.687958,0.126306,0.127378
5589,30,0.533775,0.056414,0.009996,0.075218,0.324598,0.31188,0.68812,0.101066,0.104375
5590,24,0.533656,0.056412,0.010129,0.075216,0.324588,0.311937,0.688063,0.131548,0.128005
5591,30,0.533811,0.056385,0.009995,0.075181,0.324628,0.311785,0.688215,0.105071,0.108811
5592,30,0.533744,0.056393,0.010001,0.075191,0.324671,0.312028,0.687972,0.123276,0.113496
5593,30,0.533271,0.056343,0.010878,0.075124,0.324384,0.311994,0.688006,0.136081,0.136538
5594,30,0.532888,0.056303,0.011588,0.07507,0.324151,0.312047,0.687953,0.119434,0.115788
5595,30,0.533448,0.05636,0.010563,0.075147,0.324482,0.312095,0.687905,0.119025,0.116216
5596,30,0.533567,0.056372,0.010002,0.075163,0.324896,0.311971,0.688029,0.124703,0.127329
5597,30,0.533449,0.05636,0.01022,0.075147,0.324824,0.311896,0.688104,0.129467,0.130553
5598,30,0.533407,0.056392,0.010006,0.075189,0.325007,0.312176,0.687824,0.120856,0.109817
5599,24,0.533295,0.056379,0.009998,0.075173,0.325155,0.31218,0.68782,0.119795,0.118859
5600,30,0.533112,0.05636,0.009997,0.075147,0.325385,0.312126,0.687874,0.117689,0.118647
5601,30,0.532733,0.05633,0.010277,0.075107,0.325554,0.312043,0.687957,0.119644,0.121458
5602,24,0.532763,0.056333,0.010001,0.075111,0.325792,0.311981,0.688019,0.118151,0.119296
5603,30,0.532472,0.056345,0.010002,0.075127,0.326053,0.311972,0.688028,0.134908,0.133612
5604,30,0.532371,0.056335,0.009998,0.075113,0.326183,0.312013,0.687987,0.109888,0.10732
5605,24,0.532325,0.05633,0.010083,0.075106,0.326155,0.311985,0.688015,0.121558,0.121677
5606,24,0.532253,0.056322,0.009999,0.075096,0.32633,0.311922,0.688078,0.126401,0.127568
5607,30,0.53175,0.056269,0.010935,0.075025,0.326021,0.311975,0.688025,0.119432,0.115777
5608,24,0.532199,0.056294,0.010062,0.075059,0.326386,0.311941,0.688059,0.116044,0.116284
5609,24,0.532316,0.056261,0.009994,0.075015,0.326414,0.311779,0.688221,0.114314,0.118033
5610,24,0.532313,0.056261,0.01,0.075014,0.326412,0.311751,0.688249,0.12164,0.121737
5611,30,0.532864,0.056194,0.009988,0.074926,0.326027,0.31156,0.68844,0.089509,0.093242
5612,30,0.532858,0.056194,0.01,0.074925,0.326023,0.311485,0.688515,0.129536,0.130593
5613,24,0.53286,0.056194,0.01,0.074925,0.326022,0.311523,0.688477,0.123297,0.121318
5614,30,0.532385,0.05609,0.011313,0.074787,0.325423,0.31138,0.68862,0.123626,0.127036
5615,30,0.532446,0.056107,0.010927,0.074809,0.325711,0.311308,0.688692,0.118507,0.11942
5616,30,0.532898,0.056154,0.010088,0.074873,0.325987,0.311361,0.688639,0.119545,0.116639
5617,30,0.532765,0.05614,0.010335,0.074854,0.325906,0.311327,0.688673,0.136138,0.136574
5618,24,0.532615,0.056146,0.010001,0.074861,0.326377,0.311266,0.688734,0.117985,0.119039
5619,24,0.532854,0.056117,0.009995,0.074823,0.32621,0.311178,0.688822,0.109008,0.110509
5620,24,0.533148,0.056082,0.009994,0.074775,0.326001,0.311081,0.688919,0.10779,0.109501
5621,24,0.533145,0.056081,0.01,0.074775,0.325999,0.311122,0.688878,0.123724,0.121689
5622,24,0.533439,0.056046,0.009994,0.074728,0.325794,0.311076,0.688924,0.099829,0.098755
5623,24,0.533319,0.056033,0.009998,0.074711,0.325939,0.311014,0.688986,0.118097,0.11924
5624,24,0.533035,0.056025,0.01013,0.0747,0.32611,0.310986,0.689014,0.129729,0.129771
5625,24,0.533106,0.056032,0.010001,0.074709,0.326151,0.311024,0.688976,0.123285,0.121314
5626,30,0.533081,0.056029,0.010049,0.074706,0.326135,0.311051,0.688949,0.126144,0.124698
5627,30,0.532925,0.056013,0.009997,0.074684,0.326382,0.311027,0.688973,0.111068,0.110361
5628,24,0.532923,0.056013,0.01,0.074684,0.326381,0.310999,0.689001,0.129895,0.130012
5629,30,0.533029,0.055979,0.009994,0.074639,0.326359,0.310906,0.689094,0.097809,0.098272
5630,30,0.533026,0.055979,0.01,0.074638,0.326358,0.310831,0.689169,0.129478,0.130546
5631,30,0.533191,0.055959,0.009996,0.074612,0.326242,0.310652,0.689348,0.113274,0.116123
5632,30,0.533086,0.055948,0.009998,0.074597,0.32637,0.310693,0.689307,0.109899,0.107324
5633,30,0.532794,0.05596,0.010002,0.074613,0.326631,0.310829,0.689171,0.118282,0.112478
5634,24,0.53291,0.055946,0.009998,0.074595,0.326551,0.310886,0.689114,0.117993,0.113554
5635,30,0.533224,0.055908,0.009993,0.074544,0.326331,0.310746,0.689254,0.094184,0.095728
5636,24,0.532734,0.055857,0.010903,0.074476,0.326031,0.310666,0.689334,0.121516,0.122445
5637,30,0.532719,0.055855,0.01093,0.074474,0.326022,0.310602,0.689398,0.119495,0.120212
5638,30,0.533178,0.055903,0.010079,0.074538,0.326302,0.310655,0.689345,0.119545,0.116645
5639,30,0.53315,0.055901,0.01013,0.074534,0.326286,0.310843,0.689157,0.11283,0.105031
5640,24,0.532988,0.055883,0.009997,0.074511,0.326622,0.310813,0.689187,0.116309,0.116422
5641,24,0.532986,0.055883,0.01,0.074511,0.32662,0.310853,0.689147,0.12367,0.121657
5642,30,0.533172,0.055861,0.009996,0.074481,0.32649,0.310683,0.689317,0.102873,0.105344
5643,24,0.533126,0.055856,0.010081,0.074474,0.326462,0.310603,0.689397,0.121558,0.12247
5644,24,0.533171,0.05586,0.010001,0.07448,0.326487,0.310641,0.689359,0.123297,0.121323
5645,24,0.533172,0.05586,0.01,0.07448,0.326488,0.310682,0.689318,0.12374,0.121705
5646,30,0.533022,0.055845,0.010278,0.074459,0.326396,0.31087,0.68913,0.112819,0.105022
5647,30,0.533427,0.055829,0.009997,0.074439,0.326308,0.310742,0.689258,0.096548,0.097995
5648,24,0.533624,0.055805,0.009996,0.074407,0.326167,0.310615,0.689385,0.10951,0.112165
5649,24,0.533507,0.055793,0.009998,0.07439,0.326312,0.310619,0.689381,0.119803,0.118867
5650,30,0.533404,0.055782,0.009998,0.074376,0.326441,0.310527,0.689473,0.116502,0.11809
5651,24,0.533403,0.055782,0.01,0.074376,0.32644,0.310614,0.689386,0.113263,0.108986
5652,30,0.533435,0.055772,0.010043,0.074363,0.326386,0.310696,0.689304,0.133765,0.129287
5653,24,0.533227,0.05575,0.009996,0.074334,0.326693,0.310666,0.689334,0.116309,0.116412
5654,24,0.533225,0.05575,0.01,0.074333,0.326692,0.310639,0.689361,0.12164,0.121734
5655,30,0.533515,0.055715,0.009994,0.074287,0.326489,0.310559,0.689441,0.099991,0.100128
5656,30,0.533329,0.055696,0.009997,0.074261,0.326717,0.310505,0.689495,0.117678,0.11863
5657,24,0.533362,0.055655,0.010301,0.074206,0.326476,0.310377,0.689623,0.117746,0.120412
5658,24,0.533605,0.055636,0.009997,0.074181,0.326582,0.310216,0.689784,0.106002,0.109686
5659,24,0.533802,0.055612,0.009996,0.074149,0.326442,0.31006,0.68994,0.1095,0.111669
5660,30,0.533799,0.055611,0.01,0.074149,0.32644,0.309986,0.690014,0.129525,0.13057
5661,30,0.533405,0.055575,0.0105,0.0741,0.32642,0.310111,0.689889,0.124097,0.118281
5662,30,0.533608,0.055597,0.010122,0.074129,0.326544,0.310048,0.689952,0.119544,0.120244
5663,30,0.533681,0.055602,0.010001,0.074137,0.326579,0.310071,0.689929,0.125621,0.124283
5664,24,0.533493,0.055583,0.010131,0.07411,0.326683,0.310009,0.689991,0.126385,0.127535
5665,30,0.533639,0.055581,0.01,0.074108,0.326672,0.310086,0.689914,0.115183,0.110862
5666,24,0.533639,0.055581,0.01,0.074108,0.326672,0.310058,0.689942,0.121587,0.121692
5667,24,0.533641,0.055581,0.01,0.074108,0.326671,0.310096,0.689904,0.123297,0.121325
5668,30,0.533831,0.055558,0.009996,0.074077,0.326537,0.309988,0.690012,0.109136,0.11145
5669,30,0.533358,0.055509,0.010873,0.074012,0.326248,0.309954,0.690046,0.136081,0.136525
5670,24,0.533874,0.055551,0.010008,0.074069,0.326498,0.310169,0.689831,0.113304,0.104207
5671,24,0.533878,0.055552,0.01,0.074069,0.326501,0.31021,0.68979,0.12367,0.121659
5672,30,0.533651,0.055538,0.009998,0.074051,0.326762,0.310079,0.689921,0.123001,0.12557
5673,30,0.533502,0.055523,0.010274,0.07403,0.326671,0.310149,0.689851,0.112819,0.109401
5674,30,0.533405,0.055513,0.010112,0.074017,0.326954,0.310035,0.689965,0.127648,0.130481
5675,30,0.532933,0.055463,0.010989,0.073951,0.326664,0.310001,0.689999,0.136081,0.136527
5676,24,0.53346,0.055518,0.01001,0.074024,0.326987,0.309974,0.690026,0.121635,0.121725
5677,30,0.533465,0.055519,0.01,0.074025,0.326991,0.309944,0.690056,0.116617,0.116435
5678,30,0.533282,0.0555,0.009997,0.074,0.327221,0.309946,0.690054,0.111022,0.109483
5679,24,0.53348,0.055476,0.009996,0.073968,0.32708,0.309819,0.690181,0.117831,0.120467
5680,24,0.533478,0.055476,0.01,0.073968,0.327079,0.30986,0.69014,0.12367,0.121654
5681,30,0.533433,0.055481,0.010001,0.073975,0.32711,0.309952,0.690048,0.114918,0.110795
5682,30,0.533054,0.055451,0.010281,0.073935,0.327278,0.30987,0.69013,0.119631,0.121437
5683,30,0.532957,0.055441,0.010119,0.073922,0.32756,0.309767,0.690233,0.111018,0.113493
5684,30,0.533178,0.055412,0.010142,0.073883,0.327386,0.309637,0.690363,0.107097,0.110099
5685,30,0.533246,0.055421,0.010002,0.073894,0.327438,0.309661,0.690339,0.125198,0.123683
5686,30,0.533239,0.055422,0.01,0.073895,0.327444,0.309685,0.690315,0.125198,0.123683
5687,24,0.533144,0.055433,0.010002,0.073911,0.32751,0.309692,0.690308,0.124964,0.12395
5688,24,0.533145,0.055433,0.01,0.073911,0.327511,0.309664,0.690336,0.129895,0.130009
5689,24,0.533602,0.055379,0.00999,0.073838,0.327191,0.309731,0.690269,0.09252,0.087797
5690,30,0.533502,0.055367,0.009998,0.073822,0.327311,0.30975,0.69025,0.115951,0.114053
5691,24,0.533501,0.055367,0.01,0.073822,0.32731,0.309791,0.690209,0.123712,0.121688
5692,24,0.533384,0.055354,0.009998,0.073806,0.327458,0.309729,0.690271,0.126455,0.127584
5693,30,0.533574,0.055332,0.009996,0.073776,0.327323,0.309621,0.690379,0.109171,0.111469
5694,24,0.533084,0.055281,0.010905,0.073708,0.327022,0.309592,0.690408,0.129825,0.129955
5695,24,0.533452,0.055319,0.010007,0.073758,0.327465,0.309596,0.690404,0.119794,0.118861
5696,30,0.533462,0.055278,0.009993,0.073704,0.327564,0.309393,0.690607,0.099627,0.104849
5697,30,0.533033,0.055275,0.010099,0.0737,0.327892,0.309381,0.690619,0.126083,0.125581
5698,30,0.532962,0.055273,0.01,0.073697,0.328069,0.309557,0.690443,0.11748,0.110114
5699,30,0.533038,0.055228,0.010291,0.073638,0.327805,0.309476,0.690524,0.11371,0.115204
5700,24,0.533131,0.055238,0.010118,0.073651,0.327862,0.309516,0.690484,0.123641,0.121637
5701,24,0.532964,0.055242,0.010253,0.073656,0.327886,0.309522,0.690478,0.133218,0.132229
5702,30,0.532861,0.055195,0.010571,0.073593,0.32778,0.309339,0.690661,0.117111,0.121138
5703,30,0.532844,0.055161,0.010868,0.073548,0.327579,0.309237,0.690763,0.116695,0.118861
5704,24,0.533307,0.055209,0.010009,0.073612,0.327864,0.30921,0.69079,0.121664,0.121743
5705,30,0.533162,0.055194,0.010279,0.073592,0.327774,0.309188,0.690812,0.119483,0.119559
5706,30,0.533626,0.055172,0.009996,0.073562,0.327644,0.309006,0.690994,0.100931,0.104886
5707,24,0.533626,0.055171,0.01,0.073562,0.327641,0.309082,0.690918,0.114974,0.110909
5708,30,0.533309,0.05511,0.010826,0.07348,0.327275,0.308972,0.691028,0.125192,0.127143
5709,24,0.533402,0.055119,0.010654,0.073492,0.327333,0.309204,0.690796,0.115331,0.105854
5710,30,0.533443,0.055133,0.010496,0.073511,0.327416,0.309203,0.690797,0.121519,0.120912
5711,30,0.533936,0.055134,0.01,0.073512,0.327419,0.309119,0.690881,0.112802,0.114199
5712,24,0.533841,0.055145,0.010002,0.073527,0.327486,0.30908,0.69092,0.124939,0.124404
5713,24,0.53402,0.055098,0.009991,0.073464,0.327426,0.308949,0.691051,0.104254,0.106976
5714,30,0.534201,0.055076,0.009996,0.073434,0.327293,0.308769,0.691231,0.112802,0.115594
5715,24,0.534104,0.055087,0.010002,0.073449,0.327358,0.308776,0.691224,0.133276,0.132271
5716,24,0.534245,0.05507,0.009997,0.073427,0.327261,0.308658,0.691342,0.110688,0.113105
5717,30,0.533825,0.055069,0.010255,0.073425,0.327426,0.308688,0.691312,0.141771,0.140048
5718,30,0.533961,0.055083,0.010003,0.073444,0.32751,0.308759,0.691241,0.112874,0.109447
5719,24,0.53375,0.055082,0.01,0.073443,0.327725,0.308732,0.691268,0.121457,0.121483
5720,24,0.53375,0.055082,0.01,0.073443,0.327725,0.308704,0.691296,0.129895,0.130005
5721,30,0.53375,0.055082,0.01,0.073443,0.327725,0.308732,0.691268,0.126202,0.124742
5722,30,0.533758,0.055081,0.01,0.073442,0.32772,0.308781,0.691219,0.118994,0.116215
5723,30,0.533804,0.055076,0.009999,0.073434,0.327687,0.308744,0.691256,0.115654,0.115626
5724,30,0.533803,0.055076,0.01,0.073434,0.327687,0.308797,0.691203,0.119531,0.116644
5725,30,0.534038,0.055048,0.009995,0.073397,0.327522,0.308752,0.691248,0.107176,0.107339
5726,24,0.534037,0.055047,0.01,0.073397,0.327519,0.30879,0.69121,0.123297,0.12133
5727,30,0.534015,0.05505,0.01,0.0734,0.327534,0.308991,0.691009,0.113911,0.105737
5728,24,0.533803,0.055049,0.01,0.073399,0.327748,0.308964,0.691036,0.129778,0.129813
5729,24,0.533803,0.055049,0.01,0.073399,0.327748,0.308936,0.691064,0.1216,0.121702
5730,24,0.533474,0.055036,0.009998,0.073382,0.32811,0.308875,0.691125,0.126276,0.127348
5731,30,0.533002,0.054988,0.010875,0.073317,0.327819,0.308895,0.691105,0.136081,0.134152
5732,24,0.533468,0.055036,0.010009,0.073381,0.328106,0.308936,0.691064,0.123727,0.121699
5733,30,0.53329,0.055018,0.009997,0.073357,0.328339,0.308825,0.691175,0.114763,0.116979
5734,30,0.532927,0.05498,0.010671,0.073307,0.328115,0.30875,0.69125,0.129423,0.130491
5735,30,0.533052,0.054961,0.010704,0.073281,0.328001,0.308637,0.691363,0.126665,0.129172
5736,24,0.533305,0.055008,0.010061,0.073344,0.328282,0.308644,0.691356,0.124964,0.123951
5737,30,0.532966,0.055015,0.010001,0.073353,0.328665,0.308588,0.691412,0.12943,0.129424
5738,24,0.533328,0.054972,0.009992,0.073296,0.328411,0.308557,0.691443,0.095932,0.094001
5739,30,0.53346,0.054956,0.009997,0.073274,0.328312,0.308544,0.691456,0.115917,0.114803
5740,30,0.533437,0.054958,0.01,0.073278,0.328327,0.308611,0.691389,0.120547,0.116496
5741,24,0.533439,0.054958,0.01,0.073277,0.328326,0.308649,0.691351,0.123297,0.12133
5742,24,0.533439,0.054958,0.01,0.073277,0.328326,0.308722,0.691278,0.115333,0.111538
5743,24,0.533324,0.054946,0.009998,0.073261,0.328471,0.308726,0.691274,0.119799,0.118861
5744,30,0.533323,0.054946,0.01,0.073261,0.328471,0.308663,0.691337,0.119545,0.120233
5745,30,0.533609,0.054912,0.009994,0.073216,0.328269,0.308485,0.691515,0.101428,0.105288
5746,24,0.533805,0.054888,0.009996,0.073184,0.328127,0.308359,0.691641,0.109541,0.112146
5747,30,0.533847,0.054842,0.009992,0.073123,0.328195,0.308195,0.691805,0.104312,0.108088
5748,24,0.533728,0.05483,0.009998,0.073106,0.328338,0.308199,0.691801,0.119799,0.118863
5749,30,0.533727,0.05483,0.01,0.073106,0.328337,0.308253,0.691747,0.119599,0.116694
5750,24,0.533272,0.054783,0.010624,0.073044,0.328277,0.308191,0.691809,0.126355,0.127501
5751,30,0.533613,0.054816,0.010006,0.073088,0.328476,0.30824,0.69176,0.119008,0.116229
5752,30,0.533275,0.054796,0.009996,0.073061,0.328871,0.308309,0.691691,0.118632,0.114636
5753,24,0.533157,0.054784,0.009998,0.073045,0.329017,0.308247,0.691753,0.126446,0.127584
5754,30,0.533292,0.054757,0.010088,0.073009,0.328854,0.30809,0.69191,0.11944,0.122611
5755,30,0.533632,0.054669,0.010479,0.072892,0.328328,0.3078,0.6922,0.088858,0.095813
5756,30,0.533901,0.054654,0.009997,0.072871,0.328577,0.307642,0.692358,0.105703,0.109487
5757,30,0.534186,0.05462,0.009994,0.072826,0.328374,0.307509,0.692491,0.094851,0.096238
5758,24,0.534066,0.054608,0.009998,0.07281,0.328519,0.307516,0.692484,0.120226,0.119231
5759,24,0.53436,0.054573,0.009994,0.072764,0.32831,0.30742,0.69258,0.107794,0.109464
5760,30,0.534607,0.054543,0.009995,0.072724,0.328131,0.307432,0.692568,0.099071,0.096313
5761,24,0.534802,0.05452,0.009996,0.072693,0.32799,0.307306,0.692694,0.109496,0.112099
5762,30,0.535114,0.054483,0.009993,0.072643,0.327767,0.307169,0.692831,0.094288,0.095762
5763,30,0.5353,0.05446,0.009996,0.072613,0.327631,0.307061,0.692939,0.109154,0.111432
5764,24,0.535181,0.054448,0.009998,0.072597,0.327777,0.307,0.693,0.11813,0.119243
5765,30,0.535043,0.054434,0.010252,0.072578,0.327693,0.306937,0.693063,0.119487,0.120182
5766,24,0.535376,0.054424,0.009998,0.072566,0.327635,0.30681,0.69319,0.117779,0.120393
5767,24,0.535143,0.0544,0.009996,0.072534,0.327928,0.30678,0.69322,0.1163,0.116389
5768,30,0.53499,0.054385,0.010278,0.072513,0.327834,0.306812,0.693188,0.126158,0.123868
5769,30,0.535147,0.054399,0.010003,0.072532,0.32792,0.306861,0.693139,0.119007,0.116236
5770,30,0.534965,0.05438,0.009997,0.072507,0.328151,0.306722,0.693278,0.111009,0.113862
5771,30,0.535028,0.054373,0.009999,0.072497,0.328104,0.306853,0.693147,0.121371,0.11522
5772,30,0.535002,0.05437,0.010047,0.072493,0.328088,0.306934,0.693066,0.126144,0.122349
5773,30,0.534889,0.054349,0.009996,0.072465,0.328301,0.306816,0.693184,0.113768,0.116116
5774,24,0.534889,0.054348,0.01,0.072464,0.328299,0.306855,0.693145,0.123297,0.121336
5775,24,0.534889,0.054348,0.01,0.072464,0.328299,0.306897,0.693103,0.123724,0.121707
5776,24,0.534891,0.054348,0.01,0.072464,0.328297,0.306936,0.693064,0.123297,0.121336
5777,24,0.535183,0.054314,0.009994,0.072418,0.328091,0.306907,0.693093,0.097781,0.096213
5778,30,0.535343,0.054294,0.009996,0.072393,0.327973,0.306743,0.693257,0.103416,0.10578
5779,24,0.535539,0.054271,0.009996,0.072361,0.327832,0.306617,0.693383,0.109514,0.112102
5780,30,0.535148,0.05419,0.011062,0.072254,0.327345,0.306482,0.693518,0.124583,0.127765
5781,24,0.535332,0.054219,0.010416,0.072293,0.32774,0.306501,0.693499,0.128108,0.126011
5782,24,0.535555,0.054242,0.010004,0.072323,0.327876,0.306474,0.693526,0.121612,0.121707
5783,30,0.535366,0.054225,0.009997,0.072299,0.328113,0.306452,0.693548,0.110028,0.109002
5784,24,0.535035,0.054212,0.009998,0.072282,0.328473,0.306391,0.693609,0.126284,0.127325
5785,24,0.535489,0.054159,0.00999,0.072211,0.328151,0.306278,0.693722,0.10076,0.101616
5786,24,0.535033,0.054113,0.010614,0.07215,0.32809,0.306216,0.693784,0.126355,0.127487
5787,24,0.53515,0.054145,0.010006,0.072193,0.328506,0.30619,0.69381,0.121474,0.121481
5788,30,0.535273,0.054131,0.009997,0.072175,0.328423,0.306124,0.693876,0.115552,0.116682
5789,30,0.535435,0.054112,0.009996,0.07215,0.328307,0.305948,0.694052,0.113317,0.11604
5790,24,0.535433,0.054112,0.01,0.072149,0.328306,0.306211,0.693789,0.113263,0.102974
5791,24,0.535435,0.054112,0.01,0.072149,0.328304,0.30625,0.69375,0.123285,0.121332
5792,30,0.53512,0.054089,0.010502,0.072119,0.328169,0.306249,0.693751,0.128137,0.127538
5793,24,0.535156,0.054093,0.010001,0.072124,0.328627,0.30622,0.69378,0.1163,0.116382
5794,30,0.535513,0.054041,0.010083,0.072054,0.32831,0.305992,0.694008,0.096517,0.102326
5795,24,0.535467,0.054036,0.010168,0.072048,0.328282,0.305964,0.694036,0.129866,0.129978
5796,24,0.535549,0.054044,0.010017,0.072059,0.328332,0.305937,0.694063,0.129907,0.130013
5797,30,0.536,0.053994,0.009991,0.071991,0.328025,0.305765,0.694235,0.08998,0.09233
5798,30,0.53608,0.053983,0.009998,0.071978,0.327961,0.305823,0.694177,0.110682,0.107465
5799,24,0.536079,0.053983,0.01,0.071977,0.32796,0.305796,0.694204,0.121612,0.1217
5800,30,0.536035,0.053988,0.010001,0.071984,0.327991,0.305796,0.694204,0.121524,0.12091
5801,30,0.535898,0.053974,0.010255,0.071966,0.327907,0.305734,0.694266,0.119487,0.120175
5802,24,0.536005,0.053985,0.010057,0.07198,0.327973,0.305816,0.694184,0.121572,0.116812
5803,30,0.53601,0.053986,0.010048,0.071981,0.327976,0.305742,0.694258,0.129478,0.130501
5804,30,0.536277,0.05396,0.009995,0.071947,0.327821,0.305658,0.694342,0.113214,0.114761
5805,30,0.536361,0.053927,0.009994,0.071903,0.327815,0.305521,0.694479,0.106095,0.109231
5806,30,0.536334,0.053925,0.010044,0.0719,0.327798,0.305459,0.694541,0.119477,0.120166
5807,30,0.536407,0.053882,0.009992,0.071842,0.327877,0.305299,0.694701,0.105285,0.109082
5808,30,0.536448,0.053876,0.009999,0.071834,0.327842,0.305251,0.694749,0.132283,0.1326
5809,30,0.536419,0.053846,0.010281,0.071794,0.32766,0.305117,0.694883,0.11034,0.112765
5810,30,0.536386,0.053843,0.009999,0.07179,0.327982,0.304978,0.695022,0.111026,0.113845
5811,30,0.536364,0.053845,0.01,0.071793,0.327997,0.305008,0.694992,0.130528,0.127695
5812,24,0.536152,0.053844,0.01,0.071792,0.328212,0.304982,0.695018,0.129782,0.129798
5813,24,0.536057,0.053855,0.010002,0.071807,0.328279,0.30499,0.69501,0.133268,0.13227
5814,24,0.536351,0.053821,0.009994,0.071762,0.328072,0.304951,0.695049,0.099433,0.098039
5815,24,0.536231,0.053809,0.009998,0.071746,0.328217,0.30489,0.69511,0.118139,0.119236
5816,24,0.536369,0.053793,0.009997,0.071724,0.328117,0.304772,0.695228,0.110621,0.113015
5817,24,0.536369,0.053793,0.01,0.071723,0.328115,0.304811,0.695189,0.123297,0.121343
5818,24,0.536661,0.053759,0.009994,0.071678,0.327908,0.304768,0.695232,0.099834,0.098712
5819,24,0.53654,0.053747,0.009998,0.071662,0.328053,0.304776,0.695224,0.120226,0.119231
5820,24,0.536444,0.053757,0.010002,0.071677,0.32812,0.304784,0.695216,0.133272,0.132274
5821,30,0.536294,0.053742,0.01028,0.071657,0.328028,0.304722,0.695278,0.119466,0.120154
5822,30,0.536336,0.053756,0.010122,0.071675,0.328111,0.304681,0.695319,0.121524,0.12153
5823,30,0.536443,0.053718,0.009993,0.071624,0.328221,0.304518,0.695482,0.104275,0.107996
5824,24,0.53644,0.053718,0.01,0.071624,0.328219,0.304492,0.695508,0.121657,0.12173
5825,24,0.536393,0.053713,0.010085,0.071617,0.328191,0.304464,0.695536,0.129866,0.129973
5826,24,0.536441,0.053717,0.010001,0.071623,0.328218,0.304503,0.695497,0.123297,0.121345
5827,30,0.536929,0.053661,0.009989,0.071548,0.327873,0.304233,0.695767,0.091722,0.09826
5828,24,0.536828,0.053671,0.010002,0.071562,0.327936,0.304241,0.695759,0.133284,0.132279
5829,24,0.536712,0.05366,0.009998,0.071546,0.328084,0.30418,0.69582,0.126426,0.127531
5830,24,0.536663,0.053665,0.010001,0.071554,0.328117,0.304284,0.695716,0.123285,0.117794
5831,24,0.537191,0.053604,0.009989,0.071472,0.327744,0.304063,0.695937,0.09336,0.098395
5832,30,0.53741,0.053578,0.009995,0.071437,0.327581,0.30398,0.69602,0.112733,0.114096
5833,24,0.537195,0.053577,0.01,0.071435,0.327794,0.303914,0.696086,0.121449,0.121646
5834,30,0.537317,0.05354,0.009993,0.071387,0.327763,0.303802,0.696198,0.109688,0.111929
5835,30,0.537306,0.053541,0.01,0.071388,0.327766,0.303827,0.696173,0.1252,0.123696
5836,24,0.537211,0.053552,0.010002,0.071402,0.327833,0.303835,0.696165,0.124976,0.123964
5837,30,0.537185,0.053549,0.01005,0.071399,0.327817,0.303863,0.696137,0.126144,0.124718
5838,24,0.537505,0.053518,0.009994,0.071357,0.327626,0.303768,0.696232,0.107732,0.109376
5839,30,0.537353,0.053495,0.009996,0.071327,0.32783,0.303655,0.696345,0.116303,0.119009
5840,30,0.537174,0.053476,0.009996,0.071301,0.328053,0.303598,0.696402,0.11711,0.118139
5841,30,0.537243,0.053428,0.009991,0.071237,0.328101,0.303511,0.696489,0.10385,0.104848
5842,24,0.537382,0.053399,0.010093,0.071199,0.327926,0.303385,0.696615,0.117734,0.120306
5843,24,0.537385,0.05341,0.010002,0.071213,0.32799,0.303509,0.696491,0.1233,0.117886
5844,24,0.537453,0.053402,0.009999,0.071203,0.327943,0.303429,0.696571,0.119654,0.120174
5845,24,0.537157,0.053338,0.010837,0.071118,0.32755,0.303308,0.696692,0.11622,0.11816
5846,30,0.537316,0.053314,0.010883,0.071085,0.327401,0.303186,0.696814,0.108005,0.110778
5847,30,0.537078,0.05325,0.011665,0.071,0.327007,0.303066,0.696934,0.125622,0.128237
5848,30,0.537052,0.053247,0.011712,0.070996,0.326992,0.303094,0.696906,0.126142,0.124716
5849,24,0.537016,0.053223,0.011957,0.070964,0.326841,0.303026,0.696974,0.12568,0.126975
5850,24,0.537508,0.053271,0.011055,0.071028,0.327138,0.303065,0.696935,0.123318,0.121369
5851,30,0.537032,0.053224,0.011931,0.070965,0.326848,0.303086,0.696914,0.136071,0.134154
5852,30,0.537344,0.053237,0.011319,0.070982,0.327118,0.302971,0.697029,0.124254,0.126307
5853,30,0.537253,0.053268,0.010803,0.071024,0.327652,0.303063,0.696937,0.112882,0.108428
5854,30,0.536758,0.053219,0.011716,0.070958,0.32735,0.303041,0.696959,0.126093,0.12618
5855,30,0.53729,0.053223,0.011148,0.070964,0.327375,0.30297,0.69703,0.099512,0.099307
5856,30,0.538032,0.05327,0.010009,0.071026,0.327663,0.302951,0.697049,0.098511,0.096693
5857,24,0.538037,0.05327,0.01,0.071027,0.327666,0.302874,0.697126,0.121572,0.122419
5858,30,0.537776,0.053278,0.010002,0.071038,0.327907,0.303123,0.696877,0.117847,0.108265
5859,24,0.538067,0.053245,0.009994,0.070993,0.327702,0.303081,0.696919,0.09982,0.09869
5860,24,0.538063,0.053244,0.01,0.070993,0.3277,0.303123,0.696877,0.123724,0.121722
5861,30,0.538037,0.053242,0.010048,0.070989,0.327684,0.303151,0.696849,0.126144,0.12472
5862,30,0.538221,0.05322,0.010052,0.07096,0.327548,0.303032,0.696968,0.125706,0.128302
5863,24,0.538133,0.053211,0.009998,0.070947,0.32771,0.303037,0.696963,0.119798,0.118862
5864,30,0.537956,0.053191,0.009996,0.070922,0.327934,0.30298,0.69702,0.11711,0.118133
5865,24,0.53815,0.053169,0.009996,0.070892,0.327794,0.302854,0.697146,0.109432,0.111987
5866,30,0.538012,0.053155,0.01025,0.070873,0.32771,0.302833,0.697167,0.119487,0.119552
5867,30,0.538034,0.053167,0.01013,0.070889,0.327781,0.302793,0.697207,0.121524,0.121531
5868,24,0.537693,0.053133,0.010756,0.070844,0.327573,0.302766,0.697234,0.129853,0.129955
5869,24,0.538137,0.053135,0.010078,0.070846,0.327804,0.302606,0.697394,0.114284,0.117842
5870,24,0.537944,0.053116,0.009996,0.070821,0.328123,0.30258,0.69742,0.116744,0.116763
5871,30,0.537795,0.05311,0.009999,0.070814,0.328282,0.302551,0.697449,0.118479,0.118731
5872,24,0.537678,0.053098,0.009998,0.070798,0.328428,0.302556,0.697444,0.119799,0.118865
5873,30,0.537902,0.053072,0.009995,0.070763,0.328267,0.302474,0.697526,0.112734,0.114082
5874,30,0.538028,0.053057,0.009997,0.070743,0.328174,0.302512,0.697488,0.108637,0.106113
5875,30,0.537982,0.053062,0.010001,0.07075,0.328205,0.302501,0.697499,0.138153,0.137885
5876,24,0.537749,0.053039,0.009996,0.070719,0.328498,0.302472,0.697528,0.1163,0.116378
5877,30,0.537388,0.053013,0.010239,0.070684,0.328677,0.30238,0.69762,0.129606,0.131694
5878,24,0.537399,0.053014,0.01,0.070685,0.328902,0.302388,0.697612,0.120168,0.119192
5879,30,0.537816,0.052943,0.010183,0.070591,0.328466,0.302057,0.697943,0.089842,0.098012
5880,30,0.538,0.052921,0.010188,0.070562,0.328329,0.301938,0.698062,0.125688,0.128274
5881,24,0.538006,0.052942,0.010004,0.07059,0.328458,0.301902,0.698098,0.124965,0.124395
5882,30,0.537715,0.052937,0.009999,0.070582,0.328767,0.301861,0.698139,0.122906,0.123282
5883,24,0.53791,0.052914,0.009996,0.070552,0.328627,0.301736,0.698264,0.109423,0.111967
5884,24,0.537814,0.052925,0.010002,0.070567,0.328693,0.301867,0.698133,0.116643,0.111042
5885,30,0.537567,0.052914,0.009998,0.070552,0.328969,0.301972,0.698028,0.12144,0.116368
5886,30,0.538116,0.052851,0.009988,0.070468,0.328577,0.301684,0.698316,0.088783,0.095567
5887,24,0.538248,0.052835,0.009997,0.070446,0.328474,0.301567,0.698433,0.118953,0.12131
5888,24,0.538152,0.052845,0.010002,0.07046,0.32854,0.301531,0.698469,0.124951,0.124382
5889,24,0.537918,0.052822,0.009996,0.07043,0.328835,0.301505,0.698495,0.116744,0.116759
5890,30,0.537916,0.052822,0.01,0.070429,0.328833,0.301561,0.698439,0.119588,0.116726
5891,24,0.537916,0.052822,0.01,0.070429,0.328833,0.301645,0.698355,0.121572,0.116846
5892,24,0.537916,0.052822,0.01,0.070429,0.328833,0.301619,0.698381,0.121628,0.121707
5893,30,0.537252,0.05274,0.011364,0.07032,0.328324,0.3016,0.6984,0.13265,0.132092
5894,30,0.537121,0.052727,0.011605,0.070303,0.328244,0.301579,0.698421,0.119489,0.119547
5895,30,0.536983,0.052714,0.011858,0.070285,0.32816,0.301663,0.698337,0.119489,0.115707
5896,30,0.537069,0.052722,0.011701,0.070296,0.328212,0.301718,0.698282,0.119485,0.116649
5897,30,0.537411,0.052746,0.011151,0.070329,0.328362,0.301683,0.698317,0.115638,0.115574
5898,30,0.537426,0.052748,0.010783,0.07033,0.328713,0.301765,0.698235,0.117664,0.113429
5899,30,0.537769,0.052782,0.01015,0.070375,0.328923,0.301838,0.698162,0.11289,0.109511
5900,24,0.537732,0.052778,0.009999,0.070371,0.32912,0.301777,0.698223,0.126393,0.127495
5901,30,0.537753,0.05274,0.010301,0.07032,0.328885,0.301655,0.698345,0.114661,0.117417
5902,24,0.537703,0.052755,0.010003,0.070341,0.329198,0.301629,0.698371,0.121465,0.121472
5903,24,0.537704,0.052756,0.01,0.070341,0.329199,0.301602,0.698398,0.129895,0.12999
5904,30,0.537899,0.052733,0.009996,0.070311,0.329061,0.301563,0.698437,0.114135,0.11411
5905,30,0.537897,0.052733,0.01,0.070311,0.329059,0.301618,0.698382,0.119542,0.116696
5906,30,0.538316,0.052659,0.010216,0.070212,0.328597,0.301286,0.698714,0.089388,0.097534
5907,30,0.538621,0.052649,0.009998,0.070199,0.328534,0.30118,0.69882,0.109121,0.111334
5908,30,0.538524,0.052638,0.009998,0.070184,0.328657,0.301201,0.698799,0.115946,0.114066
5909,30,0.538567,0.052633,0.009999,0.070177,0.328624,0.301166,0.698834,0.115698,0.115608
5910,30,0.538379,0.052654,0.010004,0.070205,0.328757,0.301335,0.698665,0.121385,0.11483
5911,24,0.538264,0.052643,0.009998,0.07019,0.328906,0.301274,0.698726,0.126393,0.127489
5912,24,0.538215,0.052648,0.010001,0.070197,0.328938,0.301398,0.698602,0.12329,0.117906
5913,24,0.538004,0.052647,0.01,0.070196,0.329153,0.301373,0.698627,0.121477,0.121469
5914,30,0.538003,0.052647,0.01,0.070196,0.329153,0.301428,0.698572,0.119531,0.116688
5915,30,0.538097,0.052617,0.010167,0.070156,0.328963,0.301355,0.698645,0.114627,0.115906
5916,30,0.538231,0.052594,0.010232,0.070125,0.328818,0.301341,0.698659,0.115608,0.114564
5917,30,0.538601,0.052578,0.009997,0.070104,0.32872,0.30122,0.69878,0.096505,0.097749
5918,24,0.53889,0.052545,0.009994,0.07006,0.328512,0.301179,0.698821,0.099787,0.09866
5919,30,0.538783,0.052534,0.009998,0.070046,0.328639,0.301205,0.698795,0.116552,0.114547
5920,24,0.538288,0.052486,0.010907,0.069982,0.328337,0.301177,0.698823,0.129825,0.129932
5921,24,0.538536,0.05251,0.010451,0.070014,0.328488,0.301219,0.698781,0.123668,0.121697
5922,30,0.53851,0.052508,0.0105,0.07001,0.328472,0.301247,0.698753,0.126144,0.124724
5923,24,0.538779,0.052534,0.010005,0.070045,0.328637,0.301221,0.698779,0.121645,0.121709
5924,30,0.538738,0.052539,0.010001,0.070052,0.328669,0.301181,0.698819,0.12154,0.121522
5925,24,0.538883,0.052504,0.010158,0.070005,0.328449,0.300994,0.699006,0.107182,0.110593
5926,30,0.538856,0.052502,0.010206,0.070002,0.328433,0.301022,0.698978,0.126144,0.124728
5927,30,0.53951,0.052451,0.00999,0.069934,0.328115,0.300796,0.699204,0.089385,0.094442
5928,24,0.539504,0.05245,0.01,0.069934,0.328112,0.300839,0.699161,0.12374,0.121745
5929,30,0.539878,0.052408,0.009992,0.069877,0.327846,0.300738,0.699262,0.096954,0.097686
5930,30,0.53977,0.052397,0.009998,0.069863,0.327972,0.300764,0.699236,0.116541,0.114542
5931,30,0.539834,0.05239,0.009999,0.069853,0.327925,0.300622,0.699378,0.10598,0.107849
5932,24,0.539814,0.052367,0.009996,0.069822,0.328001,0.300587,0.699413,0.11562,0.115869
5933,30,0.539497,0.052345,0.010498,0.069794,0.327866,0.300587,0.699413,0.128143,0.127542
5934,30,0.539581,0.052353,0.010002,0.069805,0.328259,0.300566,0.699434,0.111055,0.110325
5935,24,0.539602,0.052326,0.009995,0.069768,0.328308,0.300416,0.699584,0.115471,0.118801
5936,30,0.539646,0.052282,0.009992,0.069709,0.328371,0.300292,0.699708,0.105198,0.107641
5937,24,0.539523,0.05227,0.009998,0.069693,0.328515,0.300231,0.699769,0.126397,0.127485
5938,30,0.539522,0.05227,0.01,0.069693,0.328515,0.300286,0.699714,0.119531,0.116694
5939,30,0.539522,0.05227,0.01,0.069693,0.328515,0.300359,0.699641,0.112874,0.109508
5940,24,0.539524,0.05227,0.01,0.069693,0.328513,0.300438,0.699562,0.114959,0.110952
5941,24,0.539815,0.052237,0.009994,0.069649,0.328306,0.300344,0.699656,0.107778,0.109382
5942,30,0.539665,0.052231,0.009999,0.069642,0.328464,0.300409,0.699591,0.11188,0.108696
5943,30,0.539526,0.052218,0.010253,0.069624,0.328379,0.300348,0.699652,0.119487,0.120141
5944,24,0.539546,0.052219,0.01,0.069626,0.328608,0.300354,0.699646,0.119786,0.118858
5945,30,0.539204,0.052219,0.01,0.069626,0.32895,0.300417,0.699583,0.119037,0.115128
5946,24,0.539204,0.052219,0.01,0.069626,0.32895,0.300391,0.699609,0.121657,0.121729
5947,24,0.539204,0.052219,0.01,0.069626,0.32895,0.300365,0.699635,0.121657,0.121719
5948,30,0.539238,0.052216,0.009999,0.069621,0.328926,0.300333,0.699667,0.11816,0.118505
5949,30,0.53946,0.052188,0.010012,0.069585,0.328755,0.300205,0.699795,0.107031,0.109918
5950,30,0.539705,0.052162,0.009995,0.069549,0.328588,0.300121,0.699879,0.113111,0.11464
5951,30,0.540205,0.052105,0.009989,0.069473,0.328228,0.29984,0.70016,0.089668,0.096256
5952,30,0.540072,0.052085,0.010293,0.069447,0.328103,0.299808,0.700192,0.124773,0.125129
5953,24,0.540018,0.052099,0.010003,0.069466,0.328414,0.299783,0.700217,0.121486,0.121486
5954,30,0.53956,0.052055,0.0105,0.069407,0.328477,0.299844,0.700156,0.117622,0.114054
5955,30,0.539765,0.052031,0.010504,0.069375,0.328325,0.299808,0.700192,0.124652,0.124091
5956,30,0.540096,0.052016,0.010302,0.069355,0.328231,0.299726,0.700274,0.112646,0.114001
5957,24,0.540548,0.051999,0.009997,0.069332,0.328124,0.299686,0.700314,0.099778,0.098642
5958,24,0.540755,0.051976,0.009995,0.069301,0.327973,0.299863,0.700137,0.107967,0.100165
5959,30,0.540568,0.051958,0.009997,0.069277,0.328202,0.299762,0.700238,0.111012,0.113384
5960,24,0.540614,0.051952,0.009999,0.069269,0.328166,0.299855,0.700145,0.121614,0.117199
5961,30,0.540518,0.051941,0.009998,0.069255,0.328289,0.299877,0.700123,0.11597,0.114097
5962,30,0.540452,0.051948,0.010001,0.069264,0.328334,0.300125,0.699875,0.123301,0.113803
5963,24,0.540453,0.051948,0.01,0.069264,0.328334,0.300167,0.699833,0.123641,0.121674
5964,24,0.540903,0.051897,0.00999,0.069196,0.328013,0.300087,0.699913,0.094093,0.093738
5965,24,0.540804,0.051907,0.010002,0.06921,0.328077,0.300096,0.699904,0.133284,0.132284
5966,24,0.540686,0.051896,0.009998,0.069195,0.328225,0.300105,0.699895,0.120226,0.119238
5967,24,0.540473,0.051895,0.01,0.069194,0.328438,0.30008,0.69992,0.12149,0.121477
5968,24,0.540355,0.051884,0.009998,0.069179,0.328585,0.30002,0.69998,0.126426,0.127505
5969,24,0.540353,0.051884,0.01,0.069178,0.328584,0.300063,0.699937,0.12374,0.121748
5970,24,0.540259,0.051894,0.010002,0.069193,0.328652,0.300072,0.699928,0.133292,0.13229
5971,30,0.539781,0.051848,0.010879,0.069131,0.32836,0.300039,0.699961,0.136081,0.1365
5972,30,0.540384,0.05188,0.010006,0.069173,0.328558,0.300061,0.699939,0.115346,0.113338
5973,24,0.540678,0.051847,0.009994,0.069129,0.328352,0.299967,0.700033,0.107735,0.109336
5974,24,0.540674,0.051847,0.01,0.069129,0.32835,0.300009,0.699991,0.123641,0.121674
5975,24,0.540674,0.051847,0.01,0.069129,0.32835,0.299983,0.700017,0.12164,0.121705
5976,24,0.540344,0.051835,0.009998,0.069113,0.328711,0.299924,0.700076,0.117992,0.118981
5977,30,0.540329,0.051833,0.010025,0.069111,0.328702,0.299863,0.700137,0.119498,0.120145
5978,30,0.540354,0.051809,0.010211,0.069079,0.328547,0.299768,0.700232,0.115239,0.116743
5979,24,0.540448,0.051818,0.010039,0.069091,0.328605,0.29981,0.70019,0.123641,0.121677
5980,24,0.540106,0.051785,0.010665,0.069047,0.328397,0.299783,0.700217,0.129853,0.129952
5981,24,0.540364,0.05183,0.010022,0.069106,0.328678,0.299792,0.700208,0.124984,0.123982
5982,24,0.540164,0.05183,0.01,0.069107,0.3289,0.299767,0.700233,0.121481,0.121481
5983,24,0.54019,0.051792,0.010304,0.069056,0.328658,0.299641,0.700359,0.117669,0.120207
5984,30,0.539808,0.051764,0.010584,0.069019,0.328825,0.29956,0.70044,0.119629,0.121348
5985,30,0.539782,0.051762,0.010632,0.069016,0.328809,0.299588,0.700412,0.126143,0.12473
5986,24,0.540318,0.051772,0.010002,0.06903,0.328877,0.299464,0.700536,0.109468,0.111966
5987,30,0.54062,0.051739,0.009993,0.068985,0.328662,0.299333,0.700667,0.094251,0.095525
5988,24,0.540905,0.051706,0.009994,0.068941,0.328454,0.299447,0.700553,0.097689,0.092015
5989,24,0.540667,0.051683,0.009996,0.06891,0.328745,0.299419,0.700581,0.1163,0.116361
5990,30,0.540472,0.051666,0.009997,0.068888,0.328978,0.2994,0.7006,0.110024,0.108979
5991,30,0.540285,0.051648,0.009997,0.068864,0.329207,0.299397,0.700603,0.104402,0.103143
5992,24,0.540572,0.051615,0.009994,0.06882,0.328999,0.299356,0.700644,0.099732,0.098608
5993,30,0.540545,0.051613,0.010042,0.068817,0.328983,0.299384,0.700616,0.126144,0.12473
5994,24,0.540645,0.051582,0.009994,0.068776,0.329004,0.299225,0.700775,0.105924,0.10944
5995,24,0.540598,0.051577,0.010079,0.06877,0.328975,0.29931,0.70069,0.121558,0.116856
5996,30,0.540764,0.051568,0.009998,0.068757,0.328913,0.299158,0.700842,0.105047,0.10724
5997,30,0.540763,0.051567,0.01,0.068757,0.328913,0.299214,0.700786,0.119542,0.116704
5998,24,0.540716,0.051573,0.010001,0.068764,0.328946,0.299501,0.700499,0.114969,0.104128
5999,30,0.540994,0.051522,0.00999,0.068696,0.328798,0.299317,0.700683,0.094797,0.098042
6000,24,0.54087,0.05151,0.009998,0.06868,0.328941,0.299326,0.700674,0.120221,0.119236
6001,24,0.540751,0.051499,0.009998,0.068665,0.329087,0.299266,0.700734,0.126446,0.127519
6002,30,0.540252,0.051451,0.010911,0.068602,0.328784,0.299245,0.700755,0.126101,0.126168
6003,30,0.540257,0.051452,0.010902,0.068602,0.328787,0.299173,0.700827,0.129475,0.130465
6004,30,0.540666,0.051482,0.010232,0.068642,0.328977,0.299139,0.700861,0.115693,0.115604
6005,24,0.540794,0.051493,0.010002,0.068658,0.329053,0.299179,0.700821,0.123284,0.121359
6006,24,0.540748,0.051499,0.010001,0.068665,0.329087,0.299285,0.700715,0.123277,0.117845
6007,30,0.540564,0.051481,0.009997,0.068642,0.329317,0.299137,0.700863,0.121012,0.1241
6008,30,0.540586,0.051457,0.010187,0.068609,0.329161,0.299042,0.700958,0.115239,0.116731
6009,30,0.540501,0.051487,0.010006,0.06865,0.329356,0.299114,0.700886,0.128052,0.125178
6010,30,0.540084,0.051409,0.011107,0.068545,0.328854,0.299006,0.700994,0.115589,0.117832
6011,30,0.540176,0.051418,0.010939,0.068557,0.32891,0.299061,0.700939,0.119479,0.116663
6012,30,0.540742,0.05145,0.010088,0.068601,0.329119,0.298911,0.701089,0.104212,0.106123
6013,24,0.540789,0.051455,0.010001,0.068607,0.329148,0.298885,0.701115,0.121587,0.121662
6014,30,0.540303,0.051361,0.011307,0.068481,0.328547,0.298744,0.701256,0.123539,0.126784
6015,24,0.54101,0.051428,0.010013,0.068571,0.328977,0.298719,0.701281,0.121678,0.121724
6016,30,0.540832,0.051411,0.009997,0.068548,0.329211,0.298606,0.701394,0.127631,0.130333
6017,30,0.541017,0.05139,0.009996,0.06852,0.329076,0.2985,0.7015,0.109099,0.111293
6018,24,0.541015,0.05139,0.01,0.06852,0.329075,0.298474,0.701526,0.1216,0.121674
6019,24,0.541015,0.05139,0.01,0.06852,0.329075,0.298398,0.701602,0.121572,0.122384
6020,24,0.540897,0.051379,0.009998,0.068505,0.329222,0.298407,0.701593,0.120238,0.11925
6021,24,0.540824,0.051372,0.01013,0.068496,0.329178,0.29838,0.70162,0.129878,0.129964
6022,30,0.540831,0.051386,0.010003,0.068514,0.329266,0.298629,0.701371,0.123301,0.113838
6023,24,0.541027,0.051364,0.009996,0.068485,0.329128,0.298504,0.701496,0.117718,0.120234
6024,30,0.540884,0.051341,0.009996,0.068455,0.329324,0.298389,0.701611,0.107129,0.109368
6025,24,0.541076,0.051319,0.009996,0.068426,0.329183,0.298265,0.701735,0.109451,0.111944
6026,30,0.541334,0.05129,0.009994,0.068387,0.328995,0.298171,0.701829,0.112112,0.113947
6027,24,0.541214,0.051278,0.009998,0.068371,0.329139,0.298177,0.701823,0.119794,0.118863
6028,24,0.541166,0.051284,0.010001,0.068378,0.329172,0.298303,0.701697,0.123306,0.117956
6029,30,0.540981,0.051266,0.009997,0.068355,0.329401,0.298273,0.701727,0.110999,0.110205
6030,24,0.540861,0.051255,0.009998,0.06834,0.329547,0.298213,0.701787,0.126446,0.127511
6031,30,0.54109,0.051229,0.009995,0.068305,0.329381,0.298168,0.701832,0.113677,0.113859
6032,30,0.541023,0.051236,0.010001,0.068314,0.329425,0.298417,0.701583,0.123301,0.113844
6033,30,0.541204,0.051216,0.009996,0.068288,0.329296,0.298276,0.701724,0.102898,0.10551
6034,30,0.540705,0.051168,0.01091,0.068225,0.328992,0.29843,0.70157,0.126101,0.119626
6035,24,0.540856,0.051192,0.010549,0.068256,0.329146,0.298537,0.701463,0.123277,0.117849
6036,24,0.54094,0.05122,0.010005,0.068293,0.329542,0.298512,0.701488,0.129794,0.129788
6037,30,0.540987,0.051215,0.009999,0.068287,0.329512,0.298478,0.701522,0.115693,0.115598
6038,30,0.540839,0.05121,0.009999,0.06828,0.329672,0.298449,0.701551,0.118481,0.118719
6039,24,0.541127,0.051178,0.009994,0.068237,0.329464,0.298409,0.701591,0.099745,0.098616
6040,30,0.541145,0.051151,0.010024,0.068201,0.32948,0.298268,0.701732,0.123555,0.126809
6041,24,0.541182,0.051095,0.010476,0.068126,0.32912,0.298076,0.701924,0.105933,0.109347
6042,24,0.541291,0.051105,0.010278,0.06814,0.329186,0.298162,0.701838,0.12157,0.11688
6043,30,0.541561,0.051106,0.01,0.068141,0.329192,0.298186,0.701814,0.114288,0.111984
6044,30,0.541375,0.051088,0.009997,0.068118,0.329422,0.298077,0.701923,0.108028,0.110128
6045,30,0.541236,0.051075,0.010251,0.0681,0.329337,0.298056,0.701944,0.119487,0.119543
6046,30,0.541233,0.051068,0.010319,0.068091,0.329289,0.29793,0.70207,0.123179,0.125584
6047,30,0.541276,0.051081,0.010161,0.068108,0.329373,0.297891,0.702109,0.121532,0.121505
6048,24,0.541649,0.051057,0.01,0.068076,0.329218,0.297699,0.702301,0.10596,0.109356
6049,30,0.541516,0.05105,0.009999,0.068067,0.329368,0.297916,0.702084,0.113614,0.104994
6050,30,0.541774,0.051022,0.009994,0.068029,0.329181,0.297822,0.702178,0.112107,0.113942
6051,30,0.541771,0.051021,0.01,0.068028,0.32918,0.297878,0.702122,0.119542,0.116711
6052,30,0.541749,0.051024,0.01,0.068032,0.329195,0.298094,0.701906,0.120533,0.112173
6053,24,0.541887,0.051008,0.009997,0.068011,0.329096,0.297978,0.702022,0.110633,0.112937
6054,24,0.541885,0.051008,0.01,0.068011,0.329095,0.297952,0.702048,0.121587,0.121664
6055,24,0.54165,0.050986,0.009996,0.067981,0.329388,0.297924,0.702076,0.116291,0.116359
6056,30,0.541892,0.050958,0.009995,0.067944,0.329211,0.297792,0.702208,0.115532,0.117134
6057,24,0.541795,0.050968,0.010002,0.067958,0.329277,0.297801,0.702199,0.1333,0.132296
6058,24,0.541679,0.050957,0.009998,0.067943,0.329423,0.297807,0.702193,0.119794,0.11886
6059,30,0.541656,0.05096,0.01,0.067946,0.329438,0.298023,0.701977,0.120533,0.112173
6060,24,0.54149,0.050963,0.010135,0.067951,0.329461,0.298032,0.701968,0.133243,0.132257
6061,30,0.541325,0.050939,0.009995,0.067919,0.329822,0.297971,0.702029,0.111048,0.11153
6062,24,0.541517,0.050917,0.009996,0.06789,0.329681,0.297846,0.702154,0.117717,0.120219
6063,24,0.541421,0.050927,0.010002,0.067903,0.329747,0.297855,0.702145,0.124988,0.123975
6064,24,0.541305,0.050916,0.009998,0.067888,0.329893,0.297861,0.702139,0.119794,0.118861
6065,30,0.541166,0.050903,0.010252,0.067871,0.329808,0.29784,0.70216,0.119487,0.119541
6066,24,0.541208,0.050926,0.010005,0.067902,0.329959,0.297849,0.702151,0.124976,0.123968
6067,24,0.541442,0.050901,0.009996,0.067868,0.329793,0.297663,0.702337,0.10716,0.11051
6068,30,0.541314,0.050893,0.009999,0.067858,0.329936,0.29766,0.70234,0.127493,0.12587
6069,24,0.541195,0.050882,0.009998,0.067843,0.330082,0.2976,0.7024,0.126421,0.127485
6070,24,0.540981,0.050881,0.01,0.067842,0.330296,0.297575,0.702425,0.129777,0.129775
6071,30,0.540789,0.050865,0.009997,0.06782,0.33053,0.297556,0.702444,0.110014,0.108968
6072,30,0.541017,0.050839,0.009995,0.067785,0.330363,0.297478,0.702522,0.11371,0.115093
6073,30,0.541044,0.050836,0.009999,0.067781,0.330341,0.297612,0.702388,0.118004,0.112167
6074,24,0.540853,0.050818,0.01013,0.067757,0.330443,0.297551,0.702449,0.126372,0.127452
6075,24,0.540981,0.050771,0.010417,0.067694,0.330138,0.297359,0.702641,0.105944,0.109339
6076,24,0.541206,0.050792,0.010004,0.067722,0.330275,0.297333,0.702667,0.12992,0.129999
6077,30,0.541007,0.050764,0.010106,0.067686,0.330437,0.297206,0.702794,0.12369,0.126262
6078,24,0.541064,0.05077,0.010001,0.067693,0.330472,0.297249,0.702751,0.123695,0.121727
6079,24,0.541065,0.05077,0.01,0.067693,0.330473,0.297223,0.702777,0.1216,0.121671
6080,24,0.540946,0.050759,0.009998,0.067678,0.330619,0.297163,0.702837,0.118122,0.119176
6081,30,0.540795,0.050744,0.010275,0.067659,0.330527,0.297236,0.702764,0.112819,0.109492
6082,30,0.540662,0.05077,0.010005,0.067693,0.330869,0.297281,0.702719,0.125227,0.123168
6083,24,0.54086,0.050749,0.009996,0.067665,0.330731,0.297157,0.702843,0.109471,0.111941
6084,24,0.540858,0.050749,0.01,0.067665,0.330729,0.297132,0.702868,0.12164,0.121697
6085,30,0.540838,0.050747,0.010036,0.067662,0.330717,0.29716,0.70284,0.126144,0.124737
6086,24,0.540739,0.050737,0.009998,0.06765,0.330876,0.297169,0.702831,0.120234,0.119246
6087,24,0.540644,0.050748,0.010002,0.067664,0.330943,0.297178,0.702822,0.133296,0.132294
6088,30,0.540826,0.050728,0.009996,0.067637,0.330813,0.29715,0.70285,0.096189,0.094426
6089,24,0.54073,0.050738,0.010002,0.067651,0.33088,0.297116,0.702884,0.124973,0.12438
6090,24,0.540614,0.050727,0.009998,0.067636,0.331025,0.297122,0.702878,0.119777,0.118852
6091,24,0.540901,0.050695,0.009994,0.067593,0.330817,0.296931,0.703069,0.105997,0.109367
6092,30,0.541118,0.050668,0.010014,0.067558,0.330642,0.296803,0.703197,0.107012,0.109857
6093,24,0.54089,0.050647,0.009996,0.067529,0.330939,0.296775,0.703225,0.116283,0.116356
6094,30,0.540888,0.050646,0.01,0.067528,0.330937,0.296831,0.703169,0.119531,0.11671
6095,30,0.540711,0.050628,0.009996,0.067504,0.33116,0.296775,0.703225,0.117088,0.118084
6096,24,0.540664,0.050624,0.010082,0.067498,0.331132,0.296749,0.703251,0.121558,0.121636
6097,24,0.54071,0.050628,0.010001,0.067504,0.331158,0.29683,0.70317,0.114973,0.111002
6098,30,0.540393,0.050607,0.010503,0.067476,0.331022,0.29683,0.70317,0.128143,0.127543
6099,30,0.540097,0.050584,0.011004,0.067445,0.33087,0.296996,0.703004,0.127137,0.120306
6100,30,0.540112,0.050585,0.010636,0.067447,0.33122,0.296944,0.703056,0.117647,0.118535
6101,30,0.540995,0.050558,0.009995,0.06741,0.331042,0.296614,0.703386,0.082726,0.090707
6102,24,0.540992,0.050558,0.01,0.06741,0.33104,0.296539,0.703461,0.121572,0.122372
6103,30,0.541151,0.05054,0.009997,0.067387,0.330925,0.29638,0.70362,0.103284,0.105476
6104,24,0.541056,0.05055,0.010002,0.0674,0.330992,0.296346,0.703654,0.124973,0.124383
6105,30,0.54092,0.050446,0.011064,0.067261,0.330309,0.29602,0.70398,0.102011,0.110119
6106,30,0.54136,0.050442,0.010469,0.067256,0.330474,0.29591,0.70409,0.109653,0.111796
6107,24,0.541593,0.050373,0.010848,0.067164,0.330022,0.295676,0.704324,0.100603,0.105015
6108,30,0.541495,0.050364,0.010686,0.067151,0.330304,0.295789,0.704211,0.110993,0.105968
6109,24,0.54206,0.050377,0.010003,0.067169,0.330391,0.295807,0.704193,0.10106,0.098085
6110,24,0.542256,0.050356,0.009996,0.067141,0.330252,0.295683,0.704317,0.109387,0.11186
6111,30,0.542395,0.05034,0.009997,0.06712,0.330149,0.295573,0.704427,0.12665,0.129006
6112,24,0.542626,0.050314,0.009995,0.067086,0.32998,0.295488,0.704512,0.108857,0.110254
6113,24,0.542623,0.050314,0.01,0.067085,0.329978,0.295531,0.704469,0.123641,0.121695
6114,30,0.542507,0.050303,0.010211,0.067071,0.329908,0.29546,0.70454,0.129467,0.130431
6115,30,0.542871,0.050286,0.009997,0.067049,0.329797,0.295294,0.704706,0.102962,0.106519
6116,24,0.542705,0.05029,0.010131,0.067053,0.329821,0.295303,0.704697,0.133247,0.132257
6117,30,0.54271,0.050266,0.009995,0.067022,0.330007,0.295251,0.704749,0.105748,0.105537
6118,30,0.542684,0.050264,0.010043,0.067018,0.329991,0.295335,0.704665,0.126144,0.122447
6119,30,0.542834,0.050252,0.009998,0.067003,0.329913,0.295375,0.704625,0.108618,0.106124
6120,30,0.54279,0.050257,0.010001,0.067009,0.329944,0.295337,0.704663,0.121546,0.121502
6121,24,0.542984,0.050235,0.009996,0.066981,0.329805,0.295213,0.704787,0.117678,0.120157
6122,30,0.543122,0.05022,0.009997,0.06696,0.329701,0.295114,0.704886,0.11003,0.112041
6123,30,0.543121,0.05022,0.01,0.066959,0.3297,0.295171,0.704829,0.119542,0.116726
6124,24,0.543169,0.050214,0.009999,0.066952,0.329665,0.295394,0.704606,0.113289,0.104516
6125,24,0.543455,0.050183,0.009994,0.06691,0.329459,0.295356,0.704644,0.09974,0.098589
6126,24,0.543358,0.050193,0.010002,0.066924,0.329524,0.295366,0.704634,0.133305,0.132301
6127,24,0.543028,0.050181,0.009998,0.066908,0.329885,0.295307,0.704693,0.1263,0.127271
6128,30,0.543122,0.050143,0.010238,0.066858,0.329638,0.295179,0.704821,0.113649,0.116478
6129,30,0.54331,0.050128,0.009997,0.066837,0.329728,0.295242,0.704758,0.105963,0.102411
6130,24,0.543215,0.050138,0.010002,0.066851,0.329794,0.295252,0.704748,0.124996,0.123984
6131,30,0.543194,0.050141,0.01,0.066854,0.329811,0.295325,0.704675,0.120565,0.116603
6132,24,0.543194,0.050141,0.01,0.066854,0.329811,0.295299,0.704701,0.129895,0.129969
6133,30,0.543423,0.050115,0.009995,0.066821,0.329646,0.295206,0.704794,0.113701,0.115319
6134,24,0.543422,0.050115,0.01,0.06682,0.329643,0.295247,0.704753,0.123296,0.12138
6135,24,0.543901,0.050062,0.00999,0.06675,0.329297,0.294989,0.705011,0.093774,0.099713
6136,30,0.544042,0.050027,0.009993,0.066702,0.329236,0.294923,0.705077,0.102799,0.102649
6137,24,0.544038,0.050026,0.01,0.066702,0.329234,0.294897,0.705103,0.12992,0.129993
6138,30,0.544207,0.050008,0.009996,0.066677,0.329112,0.29496,0.70504,0.115583,0.112072
6139,24,0.544205,0.050008,0.01,0.066677,0.329111,0.294935,0.705065,0.121657,0.121714
6140,30,0.543839,0.049991,0.009997,0.066655,0.329519,0.294962,0.705038,0.113011,0.110902
6141,30,0.54388,0.049949,0.009992,0.066598,0.329582,0.294754,0.705246,0.09851,0.103613
6142,24,0.543663,0.049948,0.01,0.066597,0.329793,0.29473,0.70527,0.129802,0.129784
6143,30,0.543841,0.049928,0.009996,0.066571,0.329664,0.294703,0.705297,0.096096,0.094344
6144,24,0.54372,0.049917,0.009998,0.066556,0.329809,0.294644,0.705356,0.118126,0.119165
6145,30,0.54349,0.049904,0.009998,0.066539,0.330069,0.29453,0.70547,0.113022,0.115055
6146,24,0.543276,0.049904,0.01,0.066538,0.330282,0.294506,0.705494,0.129798,0.129784
6147,24,0.543276,0.049904,0.01,0.066538,0.330282,0.294431,0.705569,0.121572,0.122355
6148,30,0.54355,0.049855,0.00999,0.066473,0.330132,0.2943,0.7057,0.094125,0.095887
6149,30,0.543501,0.049859,0.010001,0.066478,0.330161,0.294262,0.705738,0.121533,0.121496
6150,30,0.543545,0.049817,0.009992,0.066422,0.330224,0.294043,0.705957,0.115132,0.120558
6151,30,0.543355,0.049799,0.009996,0.066399,0.33045,0.294041,0.705959,0.104392,0.103131
6152,24,0.543585,0.049774,0.009995,0.066365,0.330281,0.293957,0.706043,0.108884,0.110248
6153,30,0.54358,0.049737,0.009993,0.066315,0.330375,0.293923,0.706077,0.106095,0.105475
6154,30,0.543552,0.049734,0.010043,0.066312,0.330358,0.293984,0.706016,0.119477,0.115919
6155,30,0.543453,0.049712,0.009996,0.066283,0.330556,0.294028,0.705972,0.112832,0.109738
6156,24,0.543451,0.049712,0.01,0.066283,0.330554,0.294003,0.705997,0.129949,0.130006
6157,30,0.543028,0.049682,0.0105,0.066243,0.330547,0.293974,0.706026,0.125093,0.125333
6158,24,0.542992,0.049679,0.010347,0.066238,0.330744,0.293914,0.706086,0.126395,0.127449
6159,30,0.543077,0.049687,0.010002,0.066249,0.330987,0.293826,0.706174,0.116501,0.11794
6160,24,0.543031,0.049692,0.010001,0.066256,0.331021,0.293891,0.706109,0.131616,0.128165
6161,24,0.543128,0.049681,0.009998,0.066242,0.330951,0.293825,0.706175,0.125685,0.12692
6162,30,0.543349,0.049657,0.009995,0.066209,0.330789,0.293697,0.706303,0.116032,0.117573
6163,24,0.543111,0.049635,0.009996,0.06618,0.331079,0.29367,0.70633,0.116282,0.11635
6164,24,0.542896,0.049634,0.01,0.066178,0.331292,0.293646,0.706354,0.129794,0.129772
6165,30,0.542395,0.049588,0.010913,0.066117,0.330986,0.293681,0.706319,0.126101,0.12387
6166,30,0.543007,0.049598,0.010019,0.066131,0.331245,0.293574,0.706426,0.110659,0.112845
6167,24,0.5429,0.049588,0.009998,0.066117,0.331397,0.293581,0.706419,0.119777,0.118853
6168,24,0.54278,0.049577,0.009998,0.066103,0.331542,0.293521,0.706479,0.126396,0.127443
6169,24,0.543068,0.049546,0.009994,0.066061,0.331332,0.293428,0.706572,0.10767,0.109224
6170,30,0.542886,0.049514,0.010464,0.066018,0.331118,0.293375,0.706625,0.116076,0.117062
6171,30,0.54313,0.049538,0.010005,0.06605,0.331278,0.293435,0.706565,0.118554,0.115432
6172,24,0.543292,0.049521,0.009997,0.066027,0.331164,0.29347,0.70653,0.110009,0.107363
6173,24,0.54329,0.04952,0.01,0.066027,0.331163,0.293514,0.706486,0.123724,0.121763
6174,30,0.543066,0.049513,0.010293,0.066017,0.331111,0.293715,0.706285,0.129923,0.122061
6175,30,0.543523,0.049495,0.009996,0.065993,0.330992,0.293539,0.706461,0.100716,0.104331
6176,30,0.543523,0.049474,0.009996,0.065965,0.331043,0.293676,0.706324,0.106591,0.100735
6177,24,0.54352,0.049474,0.01,0.065965,0.331042,0.29372,0.70628,0.12374,0.121776
6178,30,0.543647,0.04946,0.009997,0.065946,0.330949,0.293743,0.706257,0.115269,0.113297
6179,24,0.543527,0.049449,0.009998,0.065932,0.331095,0.293684,0.706316,0.118122,0.119162
6180,30,0.542902,0.049401,0.011057,0.065868,0.330772,0.293684,0.706316,0.128088,0.127503
6181,30,0.543484,0.049452,0.01001,0.065936,0.331117,0.293737,0.706263,0.119021,0.11631
6182,30,0.543788,0.04942,0.009994,0.065894,0.330904,0.293562,0.706438,0.100818,0.104409
6183,30,0.543911,0.049406,0.009997,0.065875,0.33081,0.293458,0.706542,0.125263,0.127021
6184,24,0.543791,0.049395,0.009998,0.06586,0.330956,0.293399,0.706601,0.118134,0.119159
6185,30,0.543789,0.049395,0.01,0.06586,0.330955,0.293474,0.706526,0.112874,0.109558
6186,24,0.54367,0.049384,0.009998,0.065846,0.331101,0.293415,0.706585,0.118134,0.119159
6187,24,0.543581,0.049357,0.010334,0.06581,0.330918,0.293348,0.706652,0.125617,0.126869
6188,24,0.543955,0.049353,0.009999,0.065804,0.330889,0.2932,0.7068,0.10935,0.111267
6189,24,0.543955,0.049353,0.01,0.065804,0.330889,0.293175,0.706825,0.121587,0.121651
6190,24,0.543955,0.049353,0.01,0.065804,0.330889,0.293268,0.706732,0.113263,0.109151
6191,24,0.543837,0.049342,0.009998,0.065789,0.331034,0.293275,0.706725,0.119789,0.118859
6192,30,0.544014,0.049322,0.009996,0.065763,0.330904,0.29325,0.70675,0.096211,0.09441
6193,30,0.54399,0.049325,0.01,0.065766,0.330918,0.293457,0.706543,0.113907,0.106046
6194,30,0.543508,0.049281,0.010878,0.065708,0.330625,0.293425,0.706575,0.136081,0.136471
6195,30,0.543554,0.049276,0.010872,0.065702,0.330596,0.293391,0.706609,0.115547,0.11547
6196,30,0.543902,0.049308,0.01024,0.065744,0.330807,0.293466,0.706534,0.112888,0.109568
6197,30,0.544066,0.049316,0.010002,0.065755,0.330862,0.293435,0.706565,0.124821,0.125139
6198,24,0.544352,0.049285,0.009994,0.065714,0.330655,0.293397,0.706603,0.099714,0.098562
6199,30,0.543982,0.049252,0.010668,0.065669,0.33043,0.293326,0.706674,0.129423,0.130379
6200,30,0.544408,0.049278,0.010005,0.065704,0.330605,0.293322,0.706678,0.099386,0.097189
6201,30,0.544111,0.049274,0.009999,0.065698,0.330918,0.293326,0.706674,0.132892,0.131317
6202,30,0.543866,0.049263,0.009998,0.065684,0.331189,0.293254,0.706746,0.11526,0.115639
6203,24,0.543746,0.049252,0.009998,0.065669,0.331335,0.293195,0.706805,0.11808,0.119119
6204,30,0.543981,0.049227,0.009995,0.065635,0.331163,0.293113,0.706887,0.113154,0.11461
6205,30,0.544199,0.049202,0.009995,0.065603,0.331,0.293033,0.706967,0.112739,0.114014
6206,30,0.543902,0.049135,0.010906,0.065513,0.330544,0.293032,0.706968,0.124545,0.122794
6207,24,0.544276,0.049168,0.010007,0.065558,0.330991,0.292973,0.707027,0.118137,0.119158
6208,30,0.54428,0.049169,0.01,0.065558,0.330993,0.29303,0.70697,0.119531,0.116735
6209,24,0.544187,0.049179,0.010002,0.065572,0.331061,0.292998,0.707002,0.124968,0.124364
6210,24,0.544115,0.049172,0.010133,0.065563,0.331017,0.292924,0.707076,0.121555,0.122327
6211,24,0.543975,0.049178,0.010001,0.065571,0.331275,0.2929,0.7071,0.121489,0.121457
6212,24,0.543928,0.049174,0.010086,0.065565,0.331246,0.292875,0.707125,0.121558,0.121626
6213,24,0.544453,0.049127,0.00999,0.065502,0.330928,0.292618,0.707382,0.093769,0.09964
6214,24,0.544449,0.049126,0.01,0.065501,0.330923,0.292659,0.707341,0.123296,0.12139
6215,24,0.544283,0.049129,0.010134,0.065506,0.330947,0.292669,0.707331,0.133251,0.132266
6216,30,0.544456,0.049125,0.009999,0.0655,0.330919,0.292542,0.707458,0.110827,0.113049
6217,30,0.544413,0.04913,0.010001,0.065507,0.33095,0.292505,0.707495,0.121546,0.1215
6218,30,0.544328,0.049139,0.010002,0.065519,0.331012,0.292583,0.707417,0.140952,0.137372
6219,24,0.544561,0.049114,0.009995,0.065486,0.330845,0.292499,0.707501,0.10884,0.110216
6220,24,0.544439,0.049103,0.009998,0.065471,0.330989,0.29244,0.70756,0.118105,0.119141
6221,30,0.544113,0.049111,0.010258,0.065481,0.331038,0.292501,0.707499,0.144654,0.142171
6222,24,0.544255,0.049123,0.010003,0.065497,0.331122,0.292542,0.707458,0.123296,0.121402
6223,30,0.544356,0.049112,0.009998,0.065483,0.331051,0.292403,0.707597,0.1208,0.123365
6224,30,0.54433,0.04911,0.010046,0.06548,0.331034,0.292581,0.707419,0.126144,0.11912
6225,30,0.544011,0.04909,0.010548,0.065453,0.330898,0.292582,0.707418,0.128148,0.127551
6226,24,0.544146,0.049064,0.010648,0.065418,0.330724,0.292458,0.707542,0.117655,0.120108
6227,30,0.54472,0.049072,0.010002,0.065429,0.330777,0.292393,0.707607,0.099473,0.099168
6228,30,0.544928,0.04905,0.009995,0.065399,0.330628,0.29236,0.70764,0.124675,0.12407
6229,24,0.544832,0.049059,0.010002,0.065413,0.330694,0.29237,0.70763,0.124988,0.123981
6230,30,0.545046,0.049037,0.009995,0.065382,0.33054,0.292416,0.707584,0.11308,0.109966
6231,30,0.545196,0.049007,0.010117,0.065342,0.330339,0.292335,0.707665,0.112556,0.113858
6232,30,0.545375,0.048979,0.009994,0.065306,0.330346,0.292225,0.707775,0.109609,0.111723
6233,30,0.545498,0.048965,0.009997,0.065287,0.330252,0.292266,0.707734,0.108606,0.106126
6234,30,0.545412,0.048974,0.010002,0.065299,0.330313,0.292406,0.707594,0.124319,0.118933
6235,24,0.545293,0.048964,0.009998,0.065285,0.33046,0.292347,0.707653,0.118134,0.119156
6236,30,0.545292,0.048964,0.01,0.065285,0.330459,0.292405,0.707595,0.119542,0.116743
6237,24,0.545484,0.048943,0.009996,0.065257,0.33032,0.292282,0.707718,0.109375,0.111803
6238,30,0.545377,0.048933,0.009998,0.065245,0.330447,0.292183,0.707817,0.12647,0.128229
6239,24,0.545283,0.048943,0.010002,0.065258,0.330514,0.292193,0.707807,0.124988,0.123985
6240,30,0.545125,0.048942,0.01,0.065256,0.330678,0.292412,0.707588,0.120511,0.112286
6241,24,0.545568,0.048894,0.00999,0.065192,0.330356,0.29218,0.70782,0.100594,0.104918
6242,24,0.545564,0.048893,0.01,0.065191,0.330351,0.292221,0.707779,0.123284,0.121385
6243,30,0.545811,0.048867,0.009995,0.065156,0.330172,0.292102,0.707898,0.096353,0.097572
6244,24,0.545569,0.048845,0.009996,0.065127,0.330463,0.292078,0.707922,0.11671,0.116711
6245,24,0.545851,0.048814,0.009994,0.065086,0.330255,0.292041,0.707959,0.099689,0.098534
6246,30,0.545848,0.048814,0.01,0.065086,0.330253,0.292117,0.707883,0.112943,0.109623
6247,30,0.545771,0.048802,0.009997,0.065069,0.330361,0.292172,0.707828,0.119706,0.11655
6248,30,0.545267,0.048757,0.010911,0.065009,0.330056,0.292151,0.707849,0.126101,0.126157
6249,24,0.54535,0.048764,0.01076,0.065019,0.330107,0.292126,0.707874,0.129902,0.129968
6250,24,0.545499,0.04874,0.010614,0.064986,0.33016,0.291968,0.708032,0.114142,0.117562
6251,24,0.545154,0.048709,0.01124,0.064945,0.329951,0.291894,0.708106,0.12152,0.122307
6252,24,0.545463,0.048746,0.010596,0.064994,0.3302,0.292022,0.707978,0.123331,0.118051
6253,24,0.545789,0.048775,0.010006,0.065033,0.330397,0.292066,0.707934,0.123718,0.121769
6254,30,0.545602,0.04875,0.010421,0.065,0.330227,0.29202,0.70798,0.132113,0.132392
6255,24,0.546023,0.04875,0.01,0.065,0.330227,0.291897,0.708103,0.109324,0.111762
6256,24,0.54593,0.04876,0.010002,0.065013,0.330295,0.291908,0.708092,0.125004,0.124
6257,30,0.545984,0.048716,0.010343,0.064955,0.330002,0.291756,0.708244,0.105428,0.109139
6258,24,0.546125,0.048738,0.010004,0.064984,0.330149,0.291821,0.708179,0.131622,0.12818
6259,24,0.546413,0.048708,0.009994,0.064944,0.329942,0.291728,0.708272,0.107601,0.109153
6260,24,0.546693,0.048677,0.009994,0.064903,0.329734,0.291539,0.708461,0.105891,0.109177
6261,30,0.546668,0.048679,0.01,0.064905,0.329748,0.291758,0.708242,0.120536,0.112313
6262,24,0.546575,0.048689,0.010002,0.064919,0.329815,0.291769,0.708231,0.125004,0.123994
6263,24,0.546576,0.048689,0.01,0.064919,0.329816,0.291744,0.708256,0.121612,0.121663
6264,30,0.546429,0.048684,0.009999,0.064912,0.329976,0.291716,0.708284,0.118487,0.118703
6265,30,0.546159,0.048624,0.010816,0.064832,0.329569,0.29161,0.70839,0.11556,0.117718
6266,24,0.546329,0.048658,0.010123,0.064877,0.330014,0.291586,0.708414,0.121493,0.121459
6267,30,0.546189,0.048645,0.010377,0.06486,0.329929,0.291527,0.708473,0.119487,0.120089
6268,30,0.546741,0.048626,0.009996,0.064835,0.329802,0.291435,0.708565,0.097333,0.09787
6269,30,0.546529,0.04863,0.010001,0.06484,0.33,0.291548,0.708452,0.122039,0.117567
6270,24,0.546412,0.048619,0.009998,0.064825,0.330146,0.291601,0.708399,0.111466,0.108244
6271,30,0.546696,0.048541,0.010429,0.064721,0.329613,0.291259,0.708741,0.099033,0.107214
6272,30,0.547233,0.048529,0.009998,0.064705,0.329535,0.2912,0.7088,0.091803,0.090854
6273,30,0.547127,0.04852,0.009998,0.064693,0.329663,0.291113,0.708887,0.116494,0.11791
6274,24,0.547126,0.04852,0.01,0.064693,0.329662,0.291089,0.708911,0.121657,0.121695
6275,30,0.547157,0.04848,0.009992,0.064639,0.329732,0.290929,0.709071,0.104163,0.107666
6276,24,0.547153,0.048479,0.01,0.064639,0.329729,0.290904,0.709096,0.121628,0.121675
6277,24,0.547153,0.048479,0.01,0.064639,0.329729,0.290879,0.709121,0.129912,0.129972
6278,24,0.54694,0.048478,0.01,0.064638,0.329943,0.290856,0.709144,0.12149,0.121457
6279,30,0.546943,0.048442,0.009992,0.064589,0.330034,0.290701,0.709299,0.10553,0.109079
6280,30,0.546438,0.048397,0.010906,0.064529,0.32973,0.290681,0.709319,0.126101,0.126153
6281,24,0.547152,0.048404,0.010124,0.064539,0.32978,0.290589,0.709411,0.10763,0.109157
6282,30,0.547522,0.048378,0.009995,0.064504,0.329601,0.290459,0.709541,0.093946,0.095239
6283,24,0.547521,0.048378,0.01,0.064503,0.329598,0.2905,0.7095,0.123284,0.121393
6284,24,0.547402,0.048367,0.009998,0.064489,0.329744,0.290507,0.709493,0.119794,0.118866
6285,24,0.547355,0.048372,0.010001,0.064496,0.329777,0.290573,0.709427,0.131612,0.128182
6286,24,0.54752,0.048331,0.009992,0.064441,0.329716,0.290446,0.709554,0.104093,0.106598
6287,24,0.547396,0.04832,0.009998,0.064426,0.32986,0.290388,0.709612,0.118138,0.119147
6288,30,0.547453,0.048295,0.009995,0.064393,0.329864,0.290242,0.709758,0.115578,0.117966
6289,24,0.547332,0.048284,0.009998,0.064378,0.330008,0.290249,0.709751,0.119794,0.118866
6290,24,0.547804,0.048233,0.00999,0.064311,0.329663,0.289992,0.710008,0.093618,0.099445
6291,30,0.547635,0.04823,0.009999,0.064306,0.32983,0.289957,0.710043,0.130752,0.13021
6292,30,0.54745,0.048249,0.010004,0.064332,0.329964,0.290131,0.709869,0.121463,0.115068
6293,24,0.547214,0.048228,0.009996,0.064304,0.330258,0.290104,0.709896,0.116291,0.116336
6294,24,0.547212,0.048228,0.01,0.064304,0.330256,0.290079,0.709921,0.121612,0.121664
6295,30,0.547197,0.048227,0.010027,0.064302,0.330247,0.290021,0.709979,0.119498,0.120091
6296,24,0.547214,0.048228,0.01,0.064304,0.330255,0.290062,0.709938,0.123296,0.121402
6297,24,0.547094,0.048217,0.009998,0.06429,0.330401,0.290003,0.709997,0.1264,0.127434
6298,24,0.546761,0.048206,0.009998,0.064275,0.330761,0.289945,0.710055,0.126299,0.127239
6299,24,0.546667,0.048216,0.010002,0.064288,0.330828,0.289956,0.710044,0.124992,0.123987
6300,24,0.546732,0.048209,0.009999,0.064278,0.330782,0.289882,0.710118,0.119634,0.120038
6301,30,0.546732,0.048209,0.01,0.064278,0.330781,0.289958,0.710042,0.112943,0.109632
6302,30,0.546739,0.048208,0.01,0.064277,0.330776,0.29004,0.70996,0.125618,0.122057
6303,30,0.546746,0.048207,0.01,0.064276,0.33077,0.290065,0.709935,0.125618,0.124324
6304,24,0.546746,0.048207,0.01,0.064276,0.33077,0.290108,0.709892,0.123641,0.121719
6305,24,0.546937,0.048187,0.009996,0.064249,0.330631,0.289986,0.710014,0.109389,0.11179
6306,24,0.546842,0.048197,0.010002,0.064262,0.330697,0.289997,0.710003,0.125004,0.123994
6307,24,0.546843,0.048197,0.01,0.064262,0.330698,0.289972,0.710028,0.129895,0.129955
6308,24,0.546677,0.048191,0.009999,0.064255,0.330878,0.290059,0.709941,0.119807,0.11591
6309,30,0.546316,0.048135,0.010878,0.06418,0.330492,0.290087,0.709913,0.115159,0.112454
6310,24,0.546031,0.048128,0.01101,0.06417,0.330662,0.290063,0.709937,0.129747,0.129738
6311,30,0.546036,0.048128,0.011001,0.064171,0.330665,0.289993,0.710007,0.129475,0.130396
6312,30,0.546588,0.048127,0.010266,0.064169,0.330849,0.289993,0.710007,0.109045,0.107422
6313,30,0.546933,0.048118,0.010008,0.064157,0.330784,0.289999,0.710001,0.107981,0.106246
6314,30,0.547023,0.048089,0.009994,0.064118,0.330777,0.289895,0.710105,0.110999,0.11312
6315,30,0.547027,0.048088,0.01,0.064117,0.330769,0.28992,0.71008,0.125617,0.124324
6316,24,0.547026,0.048088,0.01,0.064117,0.330769,0.289964,0.710036,0.12374,0.121792
6317,30,0.547203,0.048069,0.009996,0.064092,0.330641,0.289795,0.710205,0.112646,0.115084
6318,24,0.547108,0.048078,0.010002,0.064105,0.330707,0.289806,0.710194,0.133317,0.132314
6319,24,0.547109,0.048079,0.01,0.064105,0.330708,0.28985,0.71015,0.123683,0.121752
6320,30,0.547292,0.048059,0.009996,0.064079,0.330574,0.289745,0.710255,0.108983,0.111102
6321,24,0.547292,0.048059,0.01,0.064078,0.330571,0.289786,0.710214,0.123296,0.121402
6322,24,0.547079,0.048058,0.01,0.064077,0.330785,0.289763,0.710237,0.121502,0.12146
6323,30,0.547036,0.048063,0.010001,0.064083,0.330817,0.289727,0.710273,0.121572,0.121501
6324,30,0.54685,0.048046,0.009997,0.064062,0.331046,0.289676,0.710324,0.117648,0.1185
6325,24,0.546635,0.048045,0.01,0.064061,0.331259,0.289653,0.710347,0.121498,0.121455
6326,24,0.546637,0.048045,0.01,0.06406,0.331258,0.289736,0.710264,0.114973,0.111046
6327,30,0.546661,0.048023,0.010182,0.06403,0.331104,0.289644,0.710356,0.115214,0.116624
6328,30,0.546774,0.04801,0.009997,0.064013,0.331206,0.289641,0.710359,0.111214,0.109755
6329,30,0.546531,0.048024,0.010107,0.064032,0.331305,0.289714,0.710286,0.134718,0.13191
6330,30,0.546405,0.048049,0.010005,0.064065,0.331475,0.289754,0.710246,0.128102,0.125583
6331,30,0.54639,0.048048,0.010032,0.064064,0.331466,0.289783,0.710217,0.126145,0.12476
6332,30,0.546408,0.048049,0.01,0.064066,0.331477,0.289764,0.710236,0.119545,0.119563
6333,30,0.546037,0.048052,0.010001,0.06407,0.33184,0.289745,0.710255,0.136179,0.135939
6334,24,0.546037,0.048052,0.01,0.06407,0.331841,0.289789,0.710211,0.123695,0.121759
6335,24,0.546229,0.048032,0.009996,0.064043,0.331701,0.289666,0.710334,0.117668,0.120072
6336,24,0.546014,0.048031,0.01,0.064042,0.331913,0.289643,0.710357,0.121493,0.121451
6337,30,0.545827,0.048015,0.009997,0.06402,0.332142,0.289592,0.710408,0.117638,0.118489
6338,30,0.545787,0.047981,0.010351,0.063974,0.331907,0.289504,0.710496,0.11976,0.120914
6339,24,0.545777,0.04798,0.010151,0.063973,0.332119,0.289445,0.710555,0.118076,0.1191
6340,24,0.54605,0.047967,0.009997,0.063956,0.332029,0.289299,0.710701,0.109303,0.111172
6341,30,0.546182,0.047953,0.009997,0.063937,0.331931,0.289319,0.710681,0.114721,0.112862
6342,30,0.545994,0.047936,0.009997,0.063915,0.332158,0.289185,0.710815,0.110981,0.113602
6343,30,0.545844,0.047931,0.009999,0.063909,0.332317,0.289108,0.710892,0.128503,0.129579
6344,30,0.545739,0.047922,0.009998,0.063896,0.332444,0.289137,0.710863,0.11653,0.11457
6345,30,0.545634,0.047913,0.009998,0.063884,0.332572,0.28905,0.71095,0.116497,0.117895
6346,24,0.545634,0.047913,0.01,0.063884,0.33257,0.289091,0.710909,0.123284,0.121398
6347,30,0.545641,0.047912,0.01,0.063882,0.332564,0.289145,0.710855,0.119015,0.116332
6348,24,0.545926,0.047882,0.009994,0.063843,0.332356,0.289125,0.710875,0.09763,0.096019
6349,30,0.545879,0.047886,0.010001,0.063848,0.332386,0.289223,0.710777,0.114935,0.111001
6350,30,0.545913,0.047883,0.009999,0.063844,0.332362,0.289112,0.710888,0.10659,0.108528
6351,24,0.545912,0.047883,0.01,0.063844,0.332361,0.289191,0.710809,0.115333,0.111684
6352,30,0.546032,0.04787,0.009997,0.063827,0.332274,0.289033,0.710967,0.113606,0.115684
6353,30,0.545882,0.047865,0.009999,0.06382,0.332433,0.288967,0.711033,0.118499,0.119263
6354,24,0.546168,0.047835,0.009994,0.06378,0.332223,0.288875,0.711125,0.107644,0.109147
6355,24,0.546045,0.047824,0.009998,0.063766,0.332367,0.288885,0.711115,0.120213,0.119247
6356,24,0.546045,0.047824,0.01,0.063765,0.332365,0.288927,0.711073,0.123296,0.121417
6357,30,0.546251,0.047802,0.009995,0.063737,0.332215,0.288812,0.711188,0.10802,0.110442
6358,24,0.54625,0.047802,0.01,0.063736,0.332212,0.288895,0.711105,0.114973,0.11106
6359,24,0.54613,0.047792,0.009998,0.063722,0.332358,0.288836,0.711164,0.126396,0.127422
6360,30,0.546091,0.047788,0.010069,0.063718,0.332334,0.288894,0.711106,0.119476,0.116719
6361,24,0.546044,0.047784,0.010154,0.063712,0.332306,0.288869,0.711131,0.121558,0.121616
6362,30,0.545868,0.047799,0.010003,0.063731,0.332599,0.288952,0.711048,0.134525,0.130263
6363,24,0.545821,0.047794,0.010088,0.063726,0.33257,0.288927,0.711073,0.121558,0.121616
6364,30,0.545681,0.047782,0.010343,0.06371,0.332485,0.289014,0.710986,0.119487,0.115817
6365,24,0.545336,0.047752,0.010969,0.063669,0.332274,0.288941,0.711059,0.12153,0.122281
6366,30,0.54538,0.047764,0.010811,0.063686,0.332359,0.288932,0.711068,0.138163,0.137885
6367,24,0.545959,0.047789,0.010005,0.063718,0.332529,0.288818,0.711182,0.118912,0.121122
6368,24,0.545844,0.047778,0.009998,0.063704,0.332676,0.288825,0.711175,0.119785,0.11886
6369,24,0.545749,0.047788,0.010002,0.063717,0.332743,0.288836,0.711164,0.125004,0.123994
6370,24,0.545658,0.047798,0.010002,0.06373,0.332812,0.288847,0.711153,0.133309,0.132321
6371,30,0.545561,0.047788,0.009998,0.063717,0.332935,0.288872,0.711128,0.11594,0.114104
6372,30,0.54568,0.047775,0.009997,0.0637,0.332847,0.288726,0.711274,0.103694,0.105423
6373,24,0.54544,0.047754,0.009996,0.063672,0.333138,0.288702,0.711298,0.116693,0.116691
6374,30,0.54548,0.04775,0.009999,0.063666,0.333105,0.288669,0.711331,0.115579,0.115481
6375,30,0.544985,0.047706,0.010898,0.063608,0.332802,0.288599,0.711401,0.129412,0.130342
6376,24,0.5447,0.047699,0.01103,0.063599,0.332972,0.288575,0.711425,0.129734,0.129724
6377,30,0.544709,0.047694,0.011073,0.063591,0.332933,0.288544,0.711456,0.124796,0.125104
6378,30,0.545067,0.047717,0.010498,0.063623,0.333096,0.288598,0.711402,0.122341,0.119526
6379,30,0.545154,0.04776,0.010009,0.06368,0.333397,0.288672,0.711328,0.128093,0.12528
6380,24,0.545158,0.047761,0.01,0.063681,0.3334,0.288648,0.711352,0.12164,0.121676
6381,24,0.545159,0.047761,0.01,0.063681,0.3334,0.288624,0.711376,0.12164,0.121676
6382,24,0.545301,0.047736,0.010085,0.063648,0.33323,0.288501,0.711499,0.109294,0.11169
6383,24,0.545254,0.04775,0.010003,0.063667,0.333326,0.288512,0.711488,0.133297,0.132304
6384,30,0.545539,0.04772,0.009994,0.063627,0.33312,0.288447,0.711553,0.094548,0.094061
6385,30,0.545571,0.047696,0.009995,0.063595,0.333143,0.28832,0.71168,0.106933,0.109713
6386,30,0.545611,0.047692,0.009999,0.063589,0.33311,0.288288,0.711712,0.115583,0.11548
6387,24,0.545398,0.047691,0.01,0.063588,0.333324,0.288265,0.711735,0.129793,0.129768
6388,24,0.545278,0.04768,0.009998,0.063574,0.33347,0.288206,0.711794,0.126408,0.127429
6389,24,0.545158,0.04767,0.009998,0.06356,0.333615,0.288148,0.711852,0.118096,0.119103
6390,30,0.544896,0.047677,0.010001,0.063569,0.333856,0.28827,0.71173,0.124532,0.11915
6391,24,0.545045,0.04766,0.010015,0.063546,0.333734,0.288155,0.711845,0.116223,0.117982
6392,24,0.544968,0.047627,0.01018,0.063502,0.333723,0.288007,0.711993,0.115307,0.118492
6393,30,0.544963,0.047628,0.01,0.063504,0.333905,0.288007,0.711993,0.122368,0.121675
6394,24,0.544916,0.047624,0.010085,0.063498,0.333877,0.288101,0.711899,0.11325,0.10918
6395,30,0.544777,0.047611,0.009997,0.063482,0.334133,0.288101,0.711899,0.104365,0.103113
6396,30,0.54448,0.047559,0.010448,0.063411,0.334103,0.28791,0.71209,0.117984,0.122524
6397,30,0.544619,0.047571,0.010003,0.063428,0.33438,0.287812,0.712188,0.12647,0.128185
6398,24,0.544813,0.047551,0.009996,0.063401,0.33424,0.28769,0.71231,0.117684,0.12006
6399,30,0.544747,0.047557,0.010001,0.06341,0.334285,0.287944,0.712056,0.123315,0.114117
6400,30,0.544789,0.047517,0.009992,0.063356,0.334345,0.287762,0.712238,0.115049,0.119105
6401,24,0.545172,0.047476,0.009991,0.063302,0.334058,0.287538,0.712462,0.10178,0.105965
6402,24,0.544955,0.047475,0.01,0.0633,0.334269,0.287515,0.712485,0.121468,0.121433
6403,30,0.54482,0.047464,0.010246,0.063285,0.334186,0.287484,0.712516,0.136138,0.136494
6404,24,0.545145,0.047455,0.009998,0.063274,0.334127,0.287362,0.712638,0.109338,0.111714
6405,30,0.544921,0.047448,0.010292,0.063264,0.334076,0.287566,0.712434,0.12993,0.122188
6406,24,0.545082,0.047462,0.010003,0.063282,0.334172,0.28765,0.71235,0.114973,0.111064
6407,30,0.545214,0.047428,0.009993,0.063237,0.334128,0.28754,0.71246,0.11006,0.112298
6408,30,0.545293,0.047419,0.009998,0.063225,0.334064,0.28747,0.71253,0.11727,0.11801
6409,24,0.54508,0.047418,0.01,0.063224,0.334277,0.287447,0.712553,0.129789,0.129756
6410,24,0.545367,0.047388,0.009994,0.063185,0.334067,0.287356,0.712644,0.107685,0.109173
6411,30,0.54534,0.047386,0.010042,0.063181,0.33405,0.287386,0.712614,0.126144,0.124765
6412,30,0.545237,0.047381,0.009999,0.063175,0.334208,0.287559,0.712441,0.110843,0.104267
6413,30,0.545247,0.047367,0.010119,0.063157,0.33411,0.287556,0.712444,0.122738,0.122283
6414,30,0.544894,0.047328,0.010837,0.063105,0.333836,0.287511,0.712489,0.132097,0.132358
6415,30,0.544939,0.047336,0.010717,0.063115,0.333892,0.287587,0.712413,0.120529,0.116632
6416,24,0.545201,0.047377,0.010074,0.063169,0.334179,0.287598,0.712402,0.133309,0.132312
6417,30,0.544718,0.047335,0.010951,0.063113,0.333882,0.287567,0.712433,0.136081,0.136452
6418,24,0.545237,0.04738,0.01001,0.063174,0.3342,0.287543,0.712457,0.121644,0.121673
6419,30,0.545134,0.047392,0.010002,0.063189,0.334283,0.287586,0.712414,0.124836,0.122903
6420,24,0.545518,0.047352,0.009992,0.063136,0.334003,0.287453,0.712547,0.103363,0.106022
6421,24,0.545649,0.047338,0.009997,0.063117,0.3339,0.28734,0.71266,0.110573,0.112765
6422,24,0.545647,0.047337,0.01,0.063117,0.333899,0.28742,0.71258,0.115347,0.111711
6423,30,0.545604,0.047342,0.010001,0.063123,0.333931,0.287411,0.712589,0.138164,0.137882
6424,30,0.546135,0.047287,0.009988,0.063049,0.333541,0.287228,0.712772,0.089115,0.092474
6425,24,0.546357,0.047262,0.009995,0.063016,0.333369,0.287199,0.712801,0.100886,0.099676
6426,24,0.546356,0.047262,0.01,0.063016,0.333366,0.287241,0.712759,0.123296,0.121412
6427,30,0.546243,0.047254,0.009998,0.063005,0.3335,0.287273,0.712727,0.115493,0.113223
6428,30,0.546094,0.047249,0.009999,0.062999,0.333659,0.287208,0.712792,0.118475,0.119231
6429,30,0.546299,0.047228,0.009995,0.06297,0.333507,0.287142,0.712858,0.11464,0.115634
6430,24,0.546204,0.047237,0.010002,0.062983,0.333574,0.287153,0.712847,0.133301,0.132309
6431,24,0.545993,0.047236,0.01,0.062982,0.333789,0.28713,0.71287,0.129785,0.129753
6432,30,0.546154,0.04722,0.009996,0.06296,0.33367,0.287233,0.712767,0.109016,0.104358
6433,30,0.546109,0.047224,0.010001,0.062965,0.333701,0.287197,0.712803,0.121538,0.121467
6434,30,0.545923,0.047208,0.009997,0.062944,0.333929,0.287097,0.712903,0.110968,0.113218
6435,24,0.545802,0.047197,0.009998,0.06293,0.334073,0.287038,0.712962,0.126392,0.127409
6436,30,0.545614,0.047181,0.009997,0.062908,0.3343,0.28702,0.71298,0.111005,0.110272
6437,30,0.545857,0.047101,0.010506,0.062802,0.333734,0.286776,0.713224,0.08909,0.094506
6438,24,0.545512,0.047072,0.011132,0.062762,0.333523,0.286751,0.713249,0.129843,0.129914
6439,30,0.545008,0.047028,0.012044,0.062704,0.333215,0.286731,0.713269,0.126091,0.126146
6440,24,0.545311,0.047042,0.011613,0.062722,0.333312,0.286659,0.713341,0.119646,0.12002
6441,30,0.545365,0.04695,0.012426,0.0626,0.33266,0.286321,0.713679,0.099496,0.107516
6442,24,0.545964,0.046947,0.011852,0.062596,0.332641,0.28623,0.71377,0.107611,0.109094
6443,24,0.546415,0.04695,0.011378,0.062599,0.332659,0.286108,0.713892,0.117669,0.120021
6444,30,0.546623,0.046966,0.011013,0.062622,0.332776,0.286134,0.713866,0.125628,0.124344
6445,24,0.546887,0.047006,0.01037,0.062675,0.333061,0.286145,0.713855,0.125004,0.124
6446,30,0.546383,0.046963,0.011283,0.062617,0.332754,0.286304,0.713696,0.126101,0.119814
6447,24,0.546635,0.046985,0.010827,0.062646,0.332908,0.286384,0.713616,0.115361,0.111718
6448,30,0.547089,0.046924,0.010948,0.062565,0.332475,0.286056,0.713944,0.089079,0.09674
6449,30,0.547608,0.046968,0.010009,0.062624,0.33279,0.286133,0.713867,0.11295,0.10967
6450,24,0.547281,0.046958,0.009998,0.06261,0.333153,0.286076,0.713924,0.126286,0.127205
6451,30,0.54738,0.046927,0.009994,0.06257,0.333129,0.286132,0.713868,0.104948,0.101771
6452,24,0.547284,0.046937,0.010002,0.062582,0.333195,0.286144,0.713856,0.125009,0.124
6453,24,0.547167,0.046926,0.009998,0.062568,0.333341,0.286152,0.713848,0.11978,0.118861
6454,24,0.547166,0.046926,0.01,0.062568,0.33334,0.286128,0.713872,0.121587,0.12163
6455,30,0.54705,0.046903,0.009995,0.062537,0.333515,0.286119,0.713881,0.106546,0.105321
6456,24,0.546835,0.046902,0.01,0.062536,0.333727,0.286096,0.713904,0.121489,0.12144
6457,30,0.547019,0.046883,0.009996,0.06251,0.333592,0.285992,0.714008,0.115637,0.117722
6458,30,0.547025,0.04686,0.01021,0.062479,0.333426,0.285901,0.714099,0.11519,0.116567
6459,24,0.547425,0.04684,0.009996,0.062453,0.333286,0.28581,0.71419,0.10766,0.109142
6460,24,0.547424,0.046839,0.01,0.062453,0.333284,0.285894,0.714106,0.114973,0.111095
6461,30,0.547398,0.046837,0.010048,0.06245,0.333268,0.285924,0.714076,0.126144,0.124771
6462,30,0.547319,0.04683,0.009999,0.062441,0.333411,0.285838,0.714162,0.116494,0.117871
6463,30,0.547316,0.046831,0.01,0.062441,0.333412,0.285814,0.714186,0.116609,0.11634
6464,24,0.54727,0.046835,0.010001,0.062447,0.333446,0.286108,0.713892,0.114993,0.104539
6465,30,0.547395,0.046823,0.009997,0.06243,0.333355,0.285964,0.714036,0.109703,0.112521
6466,24,0.547394,0.046822,0.01,0.06243,0.333354,0.28594,0.71406,0.121612,0.12165
6467,24,0.547156,0.046802,0.009996,0.062402,0.333644,0.285914,0.714086,0.116265,0.116296
6468,30,0.547196,0.046797,0.009999,0.062396,0.333611,0.285882,0.714118,0.115577,0.115465
6469,24,0.547196,0.046797,0.01,0.062396,0.333611,0.285927,0.714073,0.12374,0.121821
6470,30,0.54718,0.046796,0.010028,0.062394,0.333602,0.28587,0.71413,0.119498,0.120065
6471,24,0.546983,0.046796,0.01,0.062395,0.333825,0.285847,0.714153,0.121493,0.121448
6472,24,0.547213,0.046773,0.009995,0.062364,0.333656,0.285764,0.714236,0.108827,0.110143
6473,30,0.547023,0.046757,0.009997,0.062342,0.333882,0.285747,0.714253,0.111001,0.110257
6474,24,0.547021,0.046756,0.01,0.062342,0.333881,0.285723,0.714277,0.129895,0.129945
6475,30,0.546761,0.046763,0.010002,0.062351,0.334123,0.28598,0.71402,0.117898,0.10873
6476,30,0.546575,0.046748,0.009997,0.06233,0.334351,0.285963,0.714037,0.111018,0.110268
6477,30,0.546387,0.046731,0.009997,0.062309,0.334577,0.285912,0.714088,0.117617,0.118459
6478,30,0.546155,0.04672,0.009998,0.062293,0.334835,0.2858,0.7142,0.112977,0.114923
6479,24,0.546154,0.04672,0.01,0.062293,0.334834,0.285776,0.714224,0.129924,0.129975
6480,30,0.546237,0.046711,0.009998,0.062281,0.334773,0.285707,0.714293,0.117265,0.118005
6481,24,0.546071,0.046714,0.010133,0.062286,0.334796,0.285718,0.714282,0.133259,0.132275
6482,30,0.545567,0.046671,0.011046,0.062228,0.334487,0.285698,0.714302,0.126101,0.126144
6483,30,0.545307,0.046649,0.011326,0.062199,0.334519,0.285649,0.714351,0.123086,0.12394
6484,24,0.545831,0.046694,0.010376,0.062259,0.334841,0.285694,0.714306,0.123706,0.121778
6485,30,0.546028,0.046712,0.010004,0.062283,0.334973,0.285722,0.714278,0.125181,0.123723
6486,30,0.545888,0.0467,0.010258,0.062267,0.334887,0.285703,0.714297,0.119487,0.119517
6487,30,0.545924,0.046703,0.010001,0.062271,0.335101,0.285733,0.714267,0.116522,0.114572
6488,24,0.545579,0.046674,0.010627,0.062232,0.334889,0.285708,0.714292,0.129853,0.129911
6489,24,0.545702,0.046631,0.010912,0.062174,0.33458,0.285522,0.714478,0.105873,0.109055
6490,30,0.545802,0.046674,0.0104,0.062232,0.334891,0.285564,0.714436,0.128095,0.125602
6491,24,0.546022,0.046693,0.010004,0.062257,0.335024,0.285649,0.714351,0.114973,0.11108
6492,30,0.545986,0.046647,0.010135,0.062196,0.335036,0.285443,0.714557,0.105059,0.109986
6493,30,0.546244,0.046634,0.009997,0.062179,0.334946,0.285339,0.714661,0.109012,0.111077
6494,24,0.546196,0.046639,0.010001,0.062185,0.334979,0.285469,0.714531,0.123314,0.118123
6495,30,0.545936,0.046646,0.010002,0.062195,0.335222,0.285726,0.714274,0.117901,0.108736
6496,30,0.545944,0.046645,0.01,0.062194,0.335217,0.285781,0.714219,0.119015,0.11635
6497,30,0.545647,0.046624,0.010502,0.062165,0.335063,0.285952,0.714048,0.127149,0.120498
6498,24,0.545588,0.046636,0.010003,0.062182,0.335591,0.285895,0.714105,0.117964,0.118888
6499,24,0.54559,0.046637,0.01,0.062182,0.335591,0.285939,0.714061,0.12367,0.121762
6500,24,0.545781,0.046617,0.009996,0.062156,0.33545,0.285817,0.714183,0.117655,0.120011
6501,30,0.545775,0.046582,0.009993,0.062109,0.335541,0.285618,0.714382,0.099448,0.104222
6502,30,0.545587,0.046601,0.010004,0.062134,0.335675,0.285793,0.714207,0.121445,0.115139
6503,24,0.545591,0.046601,0.01,0.062134,0.335675,0.285835,0.714165,0.123296,0.121429
6504,24,0.545875,0.046571,0.009994,0.062095,0.335465,0.28565,0.71435,0.105944,0.109106
6505,24,0.545873,0.046571,0.01,0.062095,0.335461,0.285692,0.714308,0.123296,0.121419
6506,24,0.54578,0.046581,0.010002,0.062107,0.33553,0.285703,0.714297,0.133301,0.132309
6507,30,0.545781,0.046581,0.01,0.062108,0.335531,0.28578,0.71422,0.112874,0.109616
6508,24,0.545783,0.04658,0.01,0.062107,0.335529,0.285822,0.714178,0.123284,0.121413
6509,24,0.545783,0.04658,0.01,0.062107,0.335529,0.285798,0.714202,0.121612,0.121653
6510,24,0.545784,0.04658,0.01,0.062107,0.335528,0.285882,0.714118,0.114959,0.111081
6511,30,0.545864,0.046553,0.009994,0.06207,0.335519,0.285783,0.714217,0.112615,0.114351
6512,30,0.545735,0.046546,0.009998,0.062061,0.335661,0.285784,0.714216,0.127465,0.125861
6513,24,0.545734,0.046545,0.01,0.062061,0.33566,0.285829,0.714171,0.123683,0.121771
6514,30,0.545691,0.04655,0.010001,0.062067,0.335692,0.285832,0.714168,0.121538,0.12093
6515,24,0.545645,0.046555,0.010001,0.062073,0.335727,0.285899,0.714101,0.131608,0.128217
6516,30,0.545459,0.046539,0.009997,0.062052,0.335954,0.285788,0.714212,0.127577,0.130154
6517,24,0.545459,0.046539,0.01,0.062051,0.335951,0.28583,0.71417,0.123284,0.121418
6518,24,0.545246,0.046538,0.01,0.06205,0.336165,0.285807,0.714193,0.121476,0.12144
6519,30,0.545431,0.046519,0.009996,0.062025,0.336029,0.285703,0.714297,0.115693,0.117764
6520,24,0.545309,0.046509,0.009998,0.062011,0.336173,0.285645,0.714355,0.118087,0.119083
6521,24,0.545468,0.046492,0.009996,0.06199,0.336054,0.285687,0.714313,0.109624,0.106739
6522,24,0.545658,0.046472,0.009996,0.061963,0.335911,0.285566,0.714434,0.1094,0.111742
6523,30,0.545655,0.046472,0.01,0.061963,0.335909,0.285643,0.714357,0.112943,0.109671
6524,24,0.545536,0.046462,0.009998,0.061949,0.336055,0.285654,0.714346,0.120216,0.119246
6525,24,0.545416,0.046452,0.009998,0.061936,0.336199,0.285596,0.714404,0.118104,0.119097
6526,30,0.545655,0.046427,0.009995,0.061903,0.33602,0.285532,0.714468,0.098899,0.09857
6527,24,0.545937,0.046398,0.009994,0.061864,0.335808,0.285347,0.714653,0.105952,0.109105
6528,24,0.545867,0.046391,0.010126,0.061855,0.335761,0.285317,0.714683,0.129056,0.129202
6529,24,0.545952,0.046373,0.009996,0.061831,0.335848,0.28517,0.71483,0.107089,0.110211
6530,30,0.545709,0.046387,0.010106,0.061849,0.335948,0.285244,0.714756,0.134714,0.131937
6531,30,0.545663,0.046383,0.009999,0.061844,0.336111,0.285274,0.714726,0.116529,0.114583
6532,30,0.545662,0.046383,0.01,0.061844,0.336111,0.285333,0.714667,0.119542,0.116788
6533,30,0.54533,0.046331,0.010828,0.061775,0.335735,0.28523,0.71477,0.125142,0.126848
6534,24,0.54544,0.04634,0.01063,0.061787,0.335803,0.285206,0.714794,0.129893,0.129948
6535,24,0.545571,0.046369,0.010006,0.061825,0.336229,0.285183,0.714817,0.121476,0.121442
6536,30,0.54547,0.04636,0.009998,0.061814,0.336358,0.285231,0.714769,0.109873,0.107426
6537,30,0.545653,0.046341,0.009996,0.061789,0.336221,0.285127,0.714873,0.115668,0.117741
6538,30,0.545608,0.046346,0.010001,0.061794,0.336251,0.28513,0.71487,0.121538,0.120924
6539,24,0.545107,0.046303,0.01091,0.061737,0.335942,0.285221,0.714779,0.121516,0.116947
6540,30,0.545133,0.046305,0.010522,0.06174,0.3363,0.285088,0.714912,0.11096,0.113539
6541,30,0.544893,0.046285,0.010765,0.061713,0.336343,0.285028,0.714972,0.133067,0.13424
6542,30,0.545201,0.046267,0.010628,0.06169,0.336215,0.284947,0.715053,0.113064,0.114469
6543,24,0.545679,0.046282,0.010003,0.06171,0.336325,0.284834,0.715166,0.110589,0.11275
6544,30,0.545539,0.046271,0.010258,0.061694,0.336239,0.284777,0.715223,0.119487,0.120051
6545,24,0.54568,0.046282,0.010003,0.06171,0.336325,0.284753,0.715247,0.129924,0.129963
6546,30,0.545452,0.046271,0.009998,0.061695,0.336585,0.28463,0.71537,0.122958,0.125203
6547,24,0.545452,0.046271,0.01,0.061694,0.336583,0.284715,0.715285,0.114973,0.1111
6548,24,0.545359,0.04628,0.010002,0.061707,0.336651,0.284727,0.715273,0.124988,0.12399
6549,24,0.545014,0.046251,0.010628,0.061668,0.336438,0.284819,0.715181,0.12153,0.116971
6550,24,0.545123,0.04626,0.01043,0.06168,0.336506,0.284915,0.715085,0.113262,0.109224
6551,24,0.545358,0.04628,0.010004,0.061707,0.336651,0.28496,0.71504,0.123712,0.121793
6552,30,0.545218,0.046268,0.010259,0.061691,0.336564,0.284941,0.715059,0.119487,0.119516
6553,30,0.545173,0.046265,0.009999,0.061686,0.336878,0.284949,0.715051,0.117604,0.116121
6554,30,0.544794,0.046206,0.010937,0.061608,0.336454,0.28484,0.71516,0.126507,0.12878
6555,30,0.545221,0.046241,0.010177,0.061655,0.336707,0.284895,0.715105,0.118994,0.116342
6556,24,0.545199,0.046239,0.01,0.061652,0.33691,0.284903,0.715097,0.119767,0.118853
6557,30,0.545059,0.046227,0.010254,0.061636,0.336824,0.284991,0.715009,0.119487,0.115853
6558,24,0.545199,0.046239,0.010003,0.061652,0.336908,0.285033,0.714967,0.123296,0.121422
6559,24,0.545154,0.046244,0.010001,0.061658,0.336943,0.285147,0.714853,0.123283,0.118
6560,24,0.545062,0.046253,0.010002,0.061671,0.337013,0.285158,0.714842,0.133309,0.132314
6561,30,0.544928,0.046242,0.010244,0.061656,0.33693,0.285139,0.714861,0.119487,0.119516
6562,24,0.545346,0.046224,0.009996,0.061632,0.336802,0.285079,0.714921,0.105917,0.105581
6563,24,0.545344,0.046224,0.01,0.061632,0.3368,0.285123,0.714877,0.123666,0.121757
6564,24,0.545511,0.046185,0.009992,0.06158,0.336733,0.284998,0.715002,0.104115,0.10654
6565,30,0.545485,0.046144,0.010407,0.061526,0.336438,0.285006,0.714994,0.114607,0.112886
6566,24,0.546183,0.046115,0.009994,0.061486,0.336223,0.284752,0.715248,0.093725,0.099403
6567,30,0.546024,0.04613,0.010003,0.061507,0.336336,0.284945,0.715055,0.127594,0.120812
6568,24,0.546027,0.04613,0.01,0.061507,0.336336,0.284987,0.715013,0.123296,0.121422
6569,30,0.546027,0.04613,0.01,0.061507,0.336336,0.285018,0.714982,0.126202,0.124811
6570,30,0.546006,0.046132,0.01,0.06151,0.336352,0.285095,0.714905,0.120533,0.116653
6571,30,0.545765,0.046112,0.010245,0.061483,0.336395,0.285035,0.714965,0.133068,0.13424
6572,30,0.546111,0.046102,0.009998,0.061469,0.33632,0.285084,0.714916,0.113057,0.109979
6573,30,0.545962,0.046097,0.009999,0.061463,0.336479,0.285019,0.714981,0.118465,0.119207
6574,30,0.545764,0.046098,0.01,0.061464,0.336674,0.285155,0.714845,0.137393,0.131761
6575,24,0.545765,0.046098,0.01,0.061464,0.336674,0.285132,0.714868,0.121657,0.12168
6576,24,0.545672,0.046107,0.010002,0.061476,0.336743,0.285143,0.714857,0.133309,0.132314
6577,30,0.54568,0.046107,0.01,0.061475,0.336738,0.285169,0.714831,0.125618,0.124341
6578,30,0.545915,0.046083,0.009995,0.061444,0.336564,0.285089,0.714911,0.113121,0.114513
6579,30,0.546086,0.046065,0.009996,0.06142,0.336433,0.285017,0.714983,0.113609,0.11469
6580,24,0.546086,0.046064,0.01,0.061419,0.336431,0.285102,0.714898,0.114973,0.111084
6581,30,0.545892,0.046049,0.009997,0.061399,0.336663,0.285087,0.714913,0.109958,0.1089
6582,30,0.54589,0.046049,0.01,0.061399,0.336662,0.285146,0.714854,0.119531,0.116781
6583,24,0.545697,0.046033,0.01013,0.061377,0.336762,0.285087,0.714913,0.126354,0.127361
6584,24,0.545769,0.046039,0.010001,0.061385,0.336806,0.285132,0.714868,0.123724,0.1218
6585,30,0.545798,0.046036,0.009999,0.061382,0.336785,0.2853,0.7147,0.124616,0.118086
6586,24,0.545863,0.04603,0.009999,0.061373,0.336736,0.285395,0.714605,0.111325,0.106955
6587,30,0.545843,0.046028,0.010034,0.061371,0.336724,0.285425,0.714575,0.126144,0.124771
6588,24,0.545742,0.046019,0.009998,0.061359,0.336881,0.285436,0.714564,0.120195,0.119228
6589,24,0.545622,0.046009,0.009998,0.061346,0.337025,0.285378,0.714622,0.118128,0.119112
6590,24,0.545528,0.046019,0.010002,0.061358,0.337093,0.285389,0.714611,0.124988,0.123992
6591,30,0.54478,0.045941,0.011498,0.061255,0.336526,0.285325,0.714675,0.13262,0.133911
6592,30,0.545242,0.04598,0.010659,0.061307,0.336812,0.285384,0.714616,0.11955,0.116791
6593,24,0.545601,0.046011,0.010007,0.061347,0.337034,0.285429,0.714571,0.123727,0.12181
6594,24,0.545393,0.04601,0.01,0.061347,0.33725,0.285406,0.714594,0.12978,0.129746
6595,24,0.545679,0.045981,0.009994,0.061308,0.337038,0.285315,0.714685,0.107639,0.109116
6596,24,0.545969,0.045951,0.009993,0.061268,0.336818,0.285301,0.714699,0.09686,0.094887
6597,24,0.545727,0.045931,0.009996,0.061241,0.337105,0.285209,0.714791,0.122891,0.124854
6598,24,0.545821,0.045921,0.009998,0.061228,0.337033,0.285256,0.714744,0.111131,0.108329
6599,30,0.545808,0.045904,0.009996,0.061206,0.337085,0.28536,0.71464,0.11812,0.113406
6600,30,0.545782,0.045902,0.010044,0.061203,0.337069,0.285447,0.714553,0.126144,0.12253
6601,24,0.545806,0.045904,0.01,0.061205,0.337084,0.285492,0.714508,0.123695,0.121777
6602,30,0.545709,0.045895,0.009998,0.061193,0.337206,0.285518,0.714482,0.115941,0.114102
6603,30,0.545771,0.045877,0.01011,0.061169,0.337074,0.285375,0.714625,0.109698,0.112507
6604,24,0.545619,0.045881,0.010001,0.061175,0.337325,0.285352,0.714648,0.121472,0.121429
6605,24,0.5455,0.045871,0.009998,0.061161,0.33747,0.285294,0.714706,0.1181,0.119092
6606,30,0.545532,0.045868,0.009999,0.061157,0.337444,0.285164,0.714836,0.10661,0.108186
6607,30,0.545766,0.045844,0.009995,0.061125,0.33727,0.285084,0.714916,0.113134,0.114524
6608,30,0.545283,0.045803,0.010872,0.061071,0.336971,0.285053,0.714947,0.136081,0.13645
6609,24,0.545545,0.045843,0.010229,0.061123,0.33726,0.28519,0.71481,0.116677,0.111285
6610,30,0.545537,0.045842,0.010244,0.061122,0.337255,0.285133,0.714867,0.119498,0.120063
6611,24,0.545577,0.045862,0.010004,0.06115,0.337406,0.285145,0.714855,0.125,0.123997
6612,30,0.545587,0.045862,0.01,0.061149,0.337402,0.2852,0.7148,0.119002,0.116349
6613,30,0.545801,0.045838,0.01002,0.061117,0.337225,0.285075,0.714925,0.106961,0.109666
6614,24,0.545811,0.045839,0.01,0.061118,0.337232,0.285155,0.714845,0.115333,0.111717
6615,30,0.545768,0.045843,0.010001,0.061124,0.337264,0.285254,0.714746,0.114924,0.111029
6616,30,0.546299,0.04579,0.009988,0.061053,0.33687,0.284976,0.715024,0.089128,0.095351
6617,24,0.546294,0.045789,0.01,0.061052,0.336865,0.285018,0.714982,0.123284,0.121415
6618,24,0.546485,0.04577,0.009996,0.061026,0.336723,0.284897,0.715103,0.109426,0.111746
6619,24,0.546483,0.045769,0.01,0.061026,0.336722,0.284873,0.715127,0.129895,0.129943
6620,30,0.54645,0.045755,0.009997,0.061007,0.336791,0.284979,0.715021,0.11851,0.113734
6621,30,0.546448,0.045755,0.01,0.061007,0.33679,0.285039,0.714961,0.119599,0.116827
6622,30,0.546448,0.045755,0.01,0.061007,0.33679,0.28507,0.71493,0.126202,0.124815
6623,24,0.546331,0.045745,0.009998,0.060993,0.336934,0.285078,0.714922,0.119767,0.118852
6624,24,0.546331,0.045744,0.01,0.060993,0.336932,0.28512,0.71488,0.123296,0.121422
6625,24,0.545829,0.045702,0.010909,0.060937,0.336622,0.285211,0.714789,0.121516,0.116947
6626,30,0.54573,0.045694,0.010747,0.060926,0.336903,0.285111,0.714889,0.110946,0.113189
6627,30,0.54623,0.045718,0.010018,0.060957,0.337077,0.284987,0.715013,0.104195,0.106307
6628,30,0.546056,0.045737,0.010004,0.060983,0.33722,0.285018,0.714982,0.138079,0.135901
6629,24,0.546499,0.045693,0.00999,0.060924,0.336893,0.284943,0.715057,0.094358,0.09417
6630,30,0.546494,0.045692,0.01,0.060923,0.33689,0.285032,0.714968,0.119545,0.115891
6631,30,0.546494,0.045692,0.01,0.060923,0.33689,0.285091,0.714909,0.119487,0.116745
6632,30,0.546308,0.045677,0.009997,0.060902,0.337116,0.285208,0.714792,0.110944,0.10605
6633,30,0.546292,0.045676,0.010024,0.060901,0.337107,0.285151,0.714849,0.119498,0.120065
6634,24,0.546186,0.045667,0.009998,0.060889,0.33726,0.285092,0.714908,0.126366,0.127374
6635,30,0.546142,0.045671,0.010001,0.060895,0.337291,0.285046,0.714954,0.131538,0.131777
6636,30,0.546066,0.045623,0.010545,0.06083,0.336936,0.28492,0.71508,0.11358,0.116292
6637,24,0.546175,0.045632,0.010347,0.060843,0.337003,0.284896,0.715104,0.129893,0.129943
6638,30,0.546252,0.04564,0.010002,0.060853,0.337253,0.284929,0.715071,0.11547,0.113222
6639,24,0.546274,0.045606,0.010305,0.060809,0.337006,0.284807,0.715193,0.117608,0.119966
6640,30,0.546238,0.045562,0.010436,0.060749,0.337016,0.284705,0.715295,0.114993,0.116408
6641,24,0.546259,0.045528,0.010739,0.060704,0.33677,0.284583,0.715417,0.11761,0.119968
6642,30,0.546641,0.045564,0.010008,0.060752,0.337034,0.284794,0.715206,0.113923,0.106243
6643,24,0.546646,0.045564,0.01,0.060753,0.337037,0.284839,0.715161,0.12374,0.121813
6644,30,0.546678,0.045527,0.009992,0.060703,0.337101,0.284679,0.715321,0.104032,0.107475
6645,24,0.546652,0.045507,0.01021,0.060676,0.336954,0.284614,0.715386,0.125629,0.126821
6646,24,0.546649,0.045507,0.01,0.060675,0.337169,0.284622,0.715378,0.119767,0.118865
6647,30,0.546649,0.045507,0.01,0.060675,0.337169,0.284682,0.715318,0.119599,0.116839
6648,30,0.546883,0.045483,0.009995,0.060644,0.336995,0.284602,0.715398,0.113112,0.1145
6649,30,0.546907,0.045462,0.010177,0.060616,0.336838,0.284511,0.715489,0.115211,0.116574
6650,24,0.546886,0.04546,0.01,0.060613,0.337041,0.284567,0.715433,0.11143,0.108255
6651,24,0.547077,0.045441,0.009996,0.060588,0.336899,0.284446,0.715554,0.117652,0.120002
6652,24,0.547548,0.045393,0.009989,0.060524,0.336546,0.284192,0.715808,0.093656,0.09934
6653,30,0.547412,0.045382,0.010236,0.060509,0.336462,0.284162,0.715838,0.136138,0.136486
6654,30,0.547403,0.045381,0.010251,0.060508,0.336457,0.284105,0.715895,0.119498,0.120056
6655,30,0.54725,0.045368,0.010528,0.060491,0.336362,0.284182,0.715818,0.112819,0.109587
6656,30,0.547518,0.045357,0.010027,0.060476,0.336621,0.283983,0.716017,0.099388,0.104136
6657,24,0.547535,0.045358,0.01,0.060478,0.336629,0.284025,0.715975,0.123296,0.121437
6658,24,0.547535,0.045358,0.01,0.060478,0.336629,0.284001,0.715999,0.129949,0.12999
6659,24,0.547599,0.045352,0.009999,0.060469,0.336581,0.283929,0.716071,0.119631,0.120001
6660,30,0.547599,0.045352,0.01,0.060469,0.336581,0.28396,0.71604,0.126202,0.124815
6661,30,0.547648,0.045328,0.009995,0.060437,0.336593,0.284029,0.715971,0.110638,0.106952
6662,30,0.547602,0.045332,0.010001,0.060442,0.336623,0.284128,0.715872,0.114938,0.111057
6663,24,0.547556,0.045336,0.010001,0.060448,0.336658,0.284242,0.715758,0.123301,0.118021
6664,30,0.54769,0.045323,0.009997,0.060431,0.336559,0.284207,0.715793,0.102702,0.101737
6665,30,0.547922,0.0453,0.009995,0.060399,0.336385,0.284126,0.715874,0.113054,0.114446
6666,30,0.54794,0.045278,0.009995,0.060371,0.336416,0.284123,0.715877,0.112239,0.111092
6667,24,0.547725,0.045277,0.01,0.06037,0.336629,0.284101,0.715899,0.121484,0.121429
6668,30,0.547838,0.045264,0.01002,0.060351,0.336528,0.28422,0.71578,0.115197,0.109994
6669,24,0.547636,0.045264,0.01,0.060352,0.336748,0.284198,0.715802,0.121484,0.121429
6670,30,0.547938,0.045234,0.009993,0.060312,0.336524,0.284074,0.715926,0.094084,0.095239
6671,24,0.547935,0.045233,0.01,0.060311,0.33652,0.284116,0.715884,0.123296,0.121437
6672,30,0.547822,0.045225,0.009998,0.0603,0.336653,0.284149,0.715851,0.115475,0.11322
6673,30,0.548027,0.045187,0.010165,0.06025,0.336371,0.284007,0.715993,0.108273,0.109857
6674,30,0.548362,0.04517,0.009996,0.060227,0.336244,0.283909,0.716091,0.102886,0.104381
6675,30,0.548066,0.045174,0.010255,0.060232,0.336272,0.284063,0.715937,0.144203,0.138561
6676,24,0.548214,0.045158,0.010269,0.06021,0.33615,0.283949,0.716051,0.116206,0.117918
6677,24,0.547848,0.04511,0.011098,0.060147,0.335797,0.283883,0.716117,0.125575,0.126772
6678,30,0.547384,0.045072,0.011594,0.060096,0.335853,0.283783,0.716217,0.117556,0.119802
6679,24,0.547947,0.045084,0.010916,0.060112,0.335941,0.283662,0.716338,0.117693,0.120001
6680,30,0.548558,0.045097,0.010179,0.060129,0.336037,0.283548,0.716452,0.108013,0.110363
6681,30,0.548472,0.045123,0.010006,0.060164,0.336234,0.283579,0.716421,0.138089,0.135911
6682,24,0.548383,0.045133,0.010002,0.060177,0.336305,0.283591,0.716409,0.124996,0.123999
6683,30,0.548013,0.045136,0.010001,0.060181,0.336669,0.283574,0.716426,0.136163,0.135912
6684,24,0.547921,0.045145,0.010002,0.060193,0.336739,0.283545,0.716455,0.124994,0.124353
6685,24,0.547874,0.045141,0.010087,0.060188,0.33671,0.283521,0.716479,0.129866,0.12992
6686,24,0.547922,0.045145,0.010001,0.060193,0.336739,0.283497,0.716503,0.12992,0.12996
6687,30,0.547423,0.045104,0.010902,0.060139,0.336432,0.283478,0.716522,0.126101,0.126143
6688,24,0.546957,0.045066,0.011525,0.060087,0.336365,0.283419,0.716581,0.126319,0.127337
6689,30,0.547692,0.045095,0.010498,0.060127,0.336588,0.283259,0.716741,0.118951,0.122195
6690,24,0.548192,0.045095,0.01,0.060127,0.336586,0.283233,0.716767,0.100916,0.099682
6691,30,0.548485,0.045066,0.009994,0.060088,0.336368,0.28311,0.71689,0.094037,0.095116
6692,24,0.548319,0.045069,0.010128,0.060092,0.336392,0.283121,0.716879,0.133263,0.132285
6693,24,0.548271,0.045065,0.009999,0.060087,0.336579,0.283129,0.716871,0.119772,0.118855
6694,24,0.54827,0.045065,0.01,0.060087,0.336578,0.283174,0.716826,0.12374,0.121821
6695,24,0.548152,0.045055,0.009998,0.060073,0.336722,0.283182,0.716818,0.11976,0.118849
6696,24,0.548031,0.045045,0.009998,0.06006,0.336866,0.283124,0.716876,0.126395,0.127385
6697,24,0.548125,0.045035,0.009998,0.060047,0.336794,0.28306,0.71694,0.125697,0.126859
6698,24,0.548596,0.044988,0.00999,0.059984,0.336442,0.282806,0.717194,0.09366,0.099293
6699,30,0.54835,0.044983,0.010283,0.059978,0.336405,0.282898,0.717102,0.130945,0.127121
6700,30,0.548414,0.045005,0.010005,0.060007,0.336569,0.283072,0.716928,0.140472,0.133722
6701,30,0.548942,0.044953,0.009988,0.059937,0.336179,0.28283,0.71717,0.082421,0.087725
6702,24,0.548843,0.044962,0.010002,0.059949,0.336244,0.282842,0.717158,0.133321,0.132333
6703,24,0.548798,0.044966,0.010001,0.059955,0.336279,0.282957,0.717043,0.123303,0.118049
6704,30,0.548651,0.044962,0.009999,0.059949,0.336439,0.28293,0.71707,0.118473,0.118669
6705,30,0.548768,0.04495,0.009997,0.059934,0.336351,0.282777,0.717223,0.113676,0.115617
6706,24,0.548768,0.04495,0.01,0.059933,0.336349,0.28282,0.71718,0.123296,0.121442
6707,24,0.548783,0.044927,0.009995,0.059902,0.336393,0.282673,0.717327,0.115297,0.118411
6708,30,0.548284,0.044886,0.010895,0.059848,0.336087,0.282699,0.717301,0.129412,0.127044
6709,30,0.548386,0.044928,0.010383,0.059904,0.336399,0.282875,0.717125,0.121473,0.115203
6710,24,0.54888,0.044917,0.009998,0.059889,0.336317,0.282784,0.717216,0.107571,0.10904
6711,30,0.549179,0.044887,0.009993,0.059849,0.336092,0.28261,0.71739,0.100637,0.104139
6712,30,0.549657,0.044838,0.009989,0.059785,0.335731,0.282305,0.717695,0.091059,0.097968
6713,24,0.549559,0.044847,0.010002,0.059796,0.335796,0.282317,0.717683,0.125013,0.124011
6714,24,0.549749,0.044828,0.009996,0.059771,0.335656,0.282196,0.717804,0.109287,0.111607
6715,30,0.549648,0.044819,0.009998,0.059759,0.335777,0.282193,0.717807,0.122547,0.122089
6716,30,0.549954,0.044788,0.009993,0.059718,0.335547,0.282061,0.717939,0.099641,0.101433
6717,30,0.550186,0.044764,0.009995,0.059686,0.335369,0.281949,0.718051,0.096331,0.097342
6718,30,0.550419,0.044741,0.009995,0.059654,0.335191,0.281837,0.718163,0.096328,0.097337
6719,30,0.550648,0.044717,0.009995,0.059623,0.335017,0.281757,0.718243,0.11299,0.114376
6720,24,0.550599,0.044722,0.010001,0.059629,0.335049,0.281889,0.718111,0.123308,0.118164
6721,24,0.5506,0.044722,0.01,0.059629,0.335049,0.281819,0.718181,0.121572,0.122264
6722,24,0.5506,0.044722,0.01,0.059629,0.335049,0.281796,0.718204,0.121657,0.121673
6723,24,0.550387,0.044721,0.01,0.059628,0.335264,0.281774,0.718226,0.121497,0.121435
6724,30,0.550241,0.044702,0.009996,0.059602,0.335459,0.281663,0.718337,0.107103,0.109131
6725,30,0.550125,0.044694,0.009998,0.059592,0.335591,0.281697,0.718303,0.115476,0.113233
6726,30,0.550306,0.044676,0.009996,0.059568,0.335455,0.281594,0.718406,0.108952,0.110988
6727,24,0.550305,0.044675,0.01,0.059567,0.335453,0.28168,0.71832,0.114973,0.111123
6728,30,0.550234,0.044649,0.009994,0.059531,0.335592,0.281633,0.718367,0.105677,0.105398
6729,30,0.550043,0.044633,0.009997,0.059511,0.335817,0.281501,0.718499,0.110985,0.113505
6730,30,0.54967,0.044636,0.010001,0.059514,0.336179,0.281601,0.718399,0.112905,0.108636
6731,24,0.549766,0.044626,0.009998,0.059502,0.336108,0.281606,0.718394,0.11948,0.118698
6732,30,0.54975,0.044594,0.009993,0.059458,0.336205,0.281455,0.718545,0.105071,0.108309
6733,24,0.549746,0.044594,0.01,0.059458,0.336202,0.281537,0.718463,0.115347,0.111756
6734,24,0.549699,0.04459,0.010085,0.059453,0.336173,0.281513,0.718487,0.129866,0.129915
6735,30,0.549787,0.044589,0.01,0.059452,0.336171,0.281483,0.718517,0.115629,0.115485
6736,30,0.550032,0.044565,0.009995,0.05942,0.335988,0.281385,0.718615,0.102793,0.104287
6737,30,0.550022,0.044532,0.009993,0.059376,0.336078,0.281187,0.718813,0.099391,0.104085
6738,24,0.550018,0.044531,0.01,0.059375,0.336076,0.281163,0.718837,0.129895,0.129935
6739,24,0.54967,0.044503,0.010626,0.059338,0.335863,0.281139,0.718861,0.129853,0.129901
6740,24,0.54966,0.044502,0.010426,0.059337,0.336076,0.281081,0.718919,0.118061,0.119038
6741,30,0.550076,0.044503,0.01,0.059338,0.336083,0.280978,0.719022,0.115662,0.117685
6742,24,0.550238,0.044466,0.009992,0.059288,0.336017,0.280853,0.719147,0.10399,0.106395
6743,24,0.550114,0.044456,0.009998,0.059274,0.336158,0.280862,0.719138,0.119772,0.118856
6744,30,0.549766,0.044439,0.009996,0.059252,0.336547,0.280903,0.719097,0.12859,0.125895
6745,30,0.549746,0.044437,0.010032,0.059249,0.336535,0.280934,0.719066,0.126144,0.124786
6746,30,0.550063,0.044409,0.009994,0.059212,0.336322,0.28081,0.71919,0.093927,0.095083
6747,24,0.549941,0.044399,0.009998,0.059198,0.336464,0.280819,0.719181,0.119759,0.118849
6748,30,0.550364,0.044357,0.009991,0.059143,0.336146,0.280662,0.719338,0.089657,0.091588
6749,24,0.550358,0.044357,0.01,0.059142,0.336143,0.280639,0.719361,0.121612,0.121637
6750,24,0.550586,0.044334,0.009995,0.059112,0.335973,0.280557,0.719443,0.108796,0.110067
6751,24,0.550583,0.044334,0.01,0.059112,0.335971,0.280603,0.719397,0.123712,0.121812
6752,30,0.551106,0.044282,0.009988,0.059043,0.33558,0.280278,0.719722,0.082372,0.089836
6753,24,0.550887,0.044281,0.01,0.059042,0.335791,0.280256,0.719744,0.129801,0.12975
6754,30,0.55119,0.044227,0.010233,0.058969,0.33538,0.280039,0.719961,0.101794,0.106175
6755,24,0.551227,0.044246,0.010004,0.058995,0.335527,0.280051,0.719949,0.133317,0.132327
6756,24,0.551156,0.044232,0.009997,0.058976,0.335638,0.280109,0.719891,0.118073,0.115169
6757,24,0.551156,0.044232,0.01,0.058976,0.335636,0.280152,0.719848,0.123296,0.121442
6758,30,0.550968,0.044217,0.009997,0.058956,0.335863,0.280102,0.719898,0.117611,0.11842
6759,30,0.55048,0.044178,0.010874,0.058904,0.335565,0.280072,0.719928,0.136081,0.136434
6760,30,0.550515,0.044148,0.011132,0.058864,0.335341,0.279969,0.720031,0.115573,0.117601
6761,24,0.55058,0.044136,0.011184,0.058848,0.335251,0.279865,0.720135,0.117293,0.118788
6762,30,0.550625,0.044148,0.011027,0.058864,0.335337,0.279868,0.720132,0.121545,0.120939
6763,24,0.551154,0.04419,0.010076,0.05892,0.335659,0.279914,0.720086,0.123698,0.121809
6764,30,0.551048,0.044189,0.01,0.058919,0.335844,0.279985,0.720015,0.111874,0.108829
6765,24,0.551116,0.044161,0.009994,0.058881,0.335848,0.279831,0.720169,0.114139,0.11736
6766,24,0.55102,0.04417,0.010002,0.058893,0.335915,0.279804,0.720196,0.124988,0.124343
6767,30,0.550923,0.044161,0.009998,0.058881,0.336038,0.279831,0.720169,0.115919,0.114108
6768,30,0.550774,0.044156,0.009999,0.058875,0.336196,0.279757,0.720243,0.128476,0.129495
6769,24,0.550773,0.044156,0.01,0.058875,0.336196,0.279854,0.720146,0.113263,0.109279
6770,24,0.550534,0.044137,0.009996,0.058849,0.336485,0.279829,0.720171,0.116247,0.116266
6771,30,0.550489,0.044141,0.010001,0.058854,0.336515,0.279821,0.720179,0.13817,0.137881
6772,24,0.550491,0.044141,0.01,0.058854,0.336514,0.279864,0.720136,0.123296,0.121454
6773,24,0.55037,0.044131,0.009998,0.058841,0.336659,0.279875,0.720125,0.120146,0.119194
6774,30,0.550134,0.04408,0.010405,0.058773,0.336609,0.279715,0.720285,0.116962,0.120268
6775,24,0.550144,0.044097,0.010004,0.058796,0.336959,0.279693,0.720307,0.129801,0.129754
6776,24,0.550026,0.044087,0.009998,0.058783,0.337105,0.279636,0.720364,0.118058,0.119026
6777,24,0.549905,0.044078,0.009998,0.05877,0.33725,0.279579,0.720421,0.118112,0.119066
6778,24,0.549972,0.04405,0.009994,0.058733,0.337252,0.279425,0.720575,0.105844,0.109042
6779,30,0.550193,0.044027,0.009995,0.058703,0.337081,0.279301,0.720699,0.107015,0.109629
6780,24,0.550473,0.043999,0.009994,0.058666,0.336868,0.279275,0.720725,0.099208,0.097746
6781,24,0.550751,0.043972,0.009994,0.058629,0.336655,0.279185,0.720815,0.107527,0.108966
6782,30,0.55069,0.043977,0.010001,0.058636,0.336696,0.279195,0.720805,0.123837,0.122143
6783,30,0.550719,0.043941,0.009992,0.058588,0.336761,0.279037,0.720963,0.104067,0.107415
6784,24,0.550872,0.043925,0.009996,0.058567,0.33664,0.279082,0.720918,0.109596,0.106744
6785,30,0.550981,0.043891,0.010223,0.058522,0.336382,0.278948,0.721052,0.112391,0.115237
6786,24,0.550985,0.043891,0.01,0.058522,0.336601,0.279006,0.720994,0.111434,0.108279
6787,30,0.550741,0.043865,0.009994,0.058486,0.336913,0.27895,0.72105,0.110952,0.111328
6788,24,0.550775,0.04384,0.009994,0.058453,0.336938,0.278966,0.721034,0.106068,0.103894
6789,24,0.55068,0.043848,0.010002,0.058464,0.337005,0.278979,0.721021,0.125005,0.124011
6790,30,0.550402,0.043859,0.010002,0.058478,0.337259,0.279027,0.720973,0.125294,0.123297
6791,30,0.550261,0.043847,0.010257,0.058463,0.337172,0.278972,0.721028,0.119487,0.120017
6792,24,0.550391,0.043824,0.010356,0.058432,0.336995,0.278852,0.721148,0.117597,0.119879
6793,24,0.550375,0.043839,0.010003,0.058452,0.33733,0.278831,0.721169,0.121488,0.121425
6794,30,0.550414,0.043803,0.009992,0.058404,0.337388,0.278675,0.721325,0.105039,0.108455
6795,30,0.550311,0.043793,0.009998,0.058391,0.337507,0.278702,0.721298,0.115927,0.114106
6796,24,0.55031,0.043793,0.01,0.058391,0.337506,0.278679,0.721321,0.121628,0.121646
6797,30,0.550526,0.043772,0.009995,0.058363,0.337344,0.278603,0.721397,0.112711,0.113847
6798,30,0.550902,0.043735,0.009992,0.058313,0.337058,0.278363,0.721637,0.09722,0.102218
6799,24,0.550899,0.043734,0.01,0.058313,0.337054,0.278406,0.721594,0.123296,0.121449
6800,24,0.550899,0.043734,0.01,0.058313,0.337054,0.278489,0.721511,0.115347,0.111781
6801,30,0.550711,0.04372,0.009997,0.058293,0.33728,0.278439,0.721561,0.117597,0.118409
6802,24,0.550843,0.043706,0.009997,0.058275,0.337179,0.278328,0.721672,0.1105,0.112603
6803,30,0.550653,0.043691,0.009997,0.058255,0.337404,0.278229,0.721771,0.11094,0.113115
6804,24,0.550626,0.043672,0.009996,0.05823,0.337476,0.278131,0.721869,0.113821,0.115886
6805,30,0.55111,0.043625,0.009989,0.058166,0.337109,0.277902,0.722098,0.089407,0.093847
6806,24,0.551013,0.043633,0.010002,0.058178,0.337174,0.277915,0.722085,0.125017,0.124029
6807,24,0.551109,0.043624,0.009998,0.058166,0.337104,0.277851,0.722149,0.125671,0.126807
6808,24,0.551175,0.043596,0.009994,0.058128,0.337106,0.277697,0.722303,0.105796,0.108985
6809,24,0.55096,0.043595,0.01,0.058127,0.337318,0.277676,0.722324,0.121492,0.121422
6810,24,0.550793,0.04359,0.009999,0.05812,0.337498,0.277767,0.722233,0.119779,0.115999
6811,24,0.55058,0.04359,0.01,0.05812,0.337711,0.277746,0.722254,0.129796,0.129739
6812,24,0.550367,0.043589,0.01,0.058119,0.337925,0.277725,0.722275,0.121488,0.121422
6813,30,0.550367,0.043589,0.01,0.058119,0.337925,0.277804,0.722196,0.112874,0.10968
6814,24,0.550019,0.043561,0.010626,0.058082,0.337711,0.277781,0.722219,0.129853,0.129893
6815,24,0.550646,0.043561,0.01,0.058082,0.33771,0.277692,0.722308,0.107641,0.109037
6816,30,0.550437,0.043565,0.010001,0.058086,0.337911,0.277808,0.722192,0.122038,0.117721
6817,30,0.550149,0.043574,0.010002,0.058099,0.338176,0.277957,0.722043,0.118413,0.113029
6818,30,0.550192,0.04357,0.009999,0.058093,0.338145,0.277928,0.722072,0.122267,0.12212
6819,30,0.550274,0.043562,0.009998,0.058083,0.338083,0.277861,0.722139,0.117254,0.117935
6820,30,0.550505,0.04354,0.009995,0.058053,0.337908,0.277782,0.722218,0.113017,0.114373
6821,24,0.550595,0.04353,0.01,0.05804,0.337834,0.277679,0.722321,0.117304,0.118767
6822,30,0.550461,0.043519,0.010242,0.058026,0.337752,0.277661,0.722339,0.119487,0.119505
6823,30,0.550594,0.04353,0.010002,0.05804,0.337833,0.27774,0.72226,0.112885,0.109689
6824,24,0.550659,0.043524,0.009999,0.058032,0.337786,0.277671,0.722329,0.119626,0.119941
6825,24,0.550538,0.043514,0.009998,0.058019,0.337931,0.277614,0.722386,0.126391,0.127349
6826,30,0.550389,0.04351,0.009999,0.058013,0.338089,0.277685,0.722315,0.111854,0.108833
6827,30,0.55039,0.043474,0.010358,0.057966,0.337812,0.277691,0.722309,0.124537,0.122789
6828,30,0.550623,0.043453,0.009995,0.057938,0.33799,0.277536,0.722464,0.105043,0.108443
6829,24,0.550809,0.043435,0.009996,0.057913,0.337847,0.277416,0.722584,0.109224,0.111496
6830,24,0.550934,0.043421,0.010009,0.057895,0.337741,0.277304,0.722696,0.110463,0.112569
6831,30,0.551098,0.043406,0.009997,0.057875,0.337624,0.277322,0.722678,0.108957,0.107092
6832,30,0.550991,0.043398,0.009998,0.057864,0.33775,0.277372,0.722628,0.109858,0.107453
6833,24,0.551084,0.043389,0.009998,0.057852,0.337678,0.277421,0.722579,0.111083,0.10833
6834,30,0.550763,0.043371,0.0105,0.057828,0.337539,0.277424,0.722576,0.12816,0.127555
6835,30,0.551504,0.043345,0.010018,0.057794,0.337339,0.277122,0.722878,0.084394,0.091132
6836,24,0.551796,0.043319,0.009994,0.057758,0.337133,0.277033,0.722967,0.10756,0.108973
6837,24,0.551722,0.043313,0.010126,0.057751,0.337088,0.27701,0.72299,0.129878,0.129911
6838,30,0.551603,0.043304,0.009998,0.057738,0.337357,0.276995,0.723005,0.110995,0.110238
6839,24,0.551883,0.043276,0.009994,0.057702,0.337145,0.27697,0.72303,0.099203,0.097737
6840,30,0.551697,0.043294,0.010004,0.057725,0.33728,0.277149,0.722851,0.121502,0.11532
6841,24,0.551699,0.043294,0.01,0.057725,0.337282,0.277127,0.722873,0.121612,0.121628
6842,24,0.551887,0.043276,0.009996,0.057701,0.33714,0.277008,0.722992,0.109339,0.11158
6843,30,0.551697,0.043261,0.009997,0.057681,0.337365,0.276877,0.723123,0.11094,0.113406
6844,24,0.551574,0.043251,0.009998,0.057668,0.337509,0.27682,0.72318,0.118083,0.119027
6845,24,0.551573,0.043251,0.01,0.057668,0.337508,0.276798,0.723202,0.121628,0.121641
6846,30,0.551754,0.043234,0.009996,0.057645,0.337372,0.276696,0.723304,0.11562,0.117605
6847,24,0.551631,0.043224,0.009998,0.057632,0.337515,0.276708,0.723292,0.120212,0.11926
6848,24,0.551538,0.043233,0.010002,0.057644,0.337584,0.276721,0.723279,0.125021,0.12403
6849,30,0.551635,0.043224,0.009998,0.057631,0.337512,0.2766,0.7234,0.104182,0.10617
6850,30,0.551676,0.04322,0.009999,0.057626,0.33748,0.276571,0.723429,0.122239,0.122088
6851,30,0.551527,0.043215,0.009999,0.05762,0.337639,0.276509,0.723491,0.118483,0.119161
6852,24,0.551806,0.043188,0.009994,0.057584,0.337428,0.276328,0.723672,0.105855,0.108853
6853,30,0.551614,0.043173,0.009997,0.057564,0.337652,0.276314,0.723686,0.110981,0.110225
6854,24,0.551893,0.043146,0.009994,0.057528,0.337439,0.27629,0.72371,0.099266,0.097778
6855,24,0.551798,0.043155,0.010002,0.05754,0.337506,0.276303,0.723697,0.125021,0.124024
6856,30,0.551756,0.043159,0.010001,0.057545,0.337539,0.276404,0.723596,0.114933,0.111127
6857,30,0.551881,0.043147,0.009997,0.057529,0.337446,0.276449,0.723551,0.108579,0.106169
6858,30,0.551995,0.043136,0.009997,0.057514,0.337358,0.276311,0.723689,0.103665,0.105187
6859,24,0.552274,0.043109,0.009994,0.057478,0.337145,0.276222,0.723778,0.107526,0.108934
6860,30,0.552271,0.043108,0.01,0.057478,0.337143,0.276284,0.723716,0.119531,0.116828
6861,24,0.552105,0.043111,0.010134,0.057482,0.337167,0.276296,0.723704,0.133275,0.1323
6862,24,0.552153,0.043099,0.009997,0.057465,0.337286,0.276267,0.723733,0.115896,0.116052
6863,30,0.552012,0.043088,0.010251,0.05745,0.337199,0.276249,0.723751,0.119487,0.119498
6864,30,0.552381,0.043076,0.009997,0.057435,0.337111,0.27617,0.72383,0.113061,0.114385
6865,24,0.552443,0.04307,0.009999,0.057427,0.337062,0.276269,0.723731,0.111311,0.107015
6866,24,0.552444,0.04307,0.01,0.057426,0.33706,0.276357,0.723643,0.114972,0.111163
6867,24,0.552231,0.043069,0.01,0.057426,0.337274,0.276336,0.723664,0.1298,0.129739
6868,30,0.552461,0.043047,0.009995,0.057396,0.337101,0.276257,0.723743,0.112995,0.114339
6869,24,0.552525,0.043019,0.009994,0.057359,0.337103,0.276104,0.723896,0.105829,0.108977
6870,30,0.552395,0.043013,0.009998,0.05735,0.337243,0.276109,0.723891,0.127477,0.125873
6871,30,0.552633,0.04299,0.009995,0.05732,0.337063,0.275926,0.724074,0.10931,0.111929
6872,24,0.552511,0.04298,0.009998,0.057307,0.337205,0.275985,0.724015,0.11143,0.108297
6873,30,0.552968,0.042936,0.00999,0.057248,0.336859,0.275684,0.724316,0.091455,0.098188
6874,24,0.553117,0.042921,0.009996,0.057228,0.336739,0.275725,0.724275,0.109957,0.107383
6875,30,0.553295,0.042903,0.009996,0.057204,0.336602,0.275623,0.724377,0.108985,0.110941
6876,24,0.553172,0.042894,0.009998,0.057192,0.336745,0.275566,0.724434,0.126383,0.127327
6877,30,0.552989,0.042911,0.010004,0.057215,0.336882,0.275643,0.724357,0.128138,0.125411
6878,30,0.552842,0.042907,0.009999,0.057209,0.337042,0.27557,0.72443,0.128486,0.129473
6879,24,0.552843,0.042907,0.01,0.057209,0.337041,0.275614,0.724386,0.123331,0.121495
6880,30,0.55285,0.042906,0.01,0.057208,0.337035,0.275641,0.724359,0.125616,0.12436
6881,24,0.55285,0.042906,0.01,0.057208,0.337035,0.275688,0.724312,0.12374,0.121854
6882,30,0.553127,0.04288,0.009994,0.057173,0.336827,0.275569,0.724431,0.094325,0.095419
6883,24,0.553256,0.042867,0.009997,0.057156,0.336725,0.275458,0.724542,0.110498,0.112574
6884,30,0.553177,0.042856,0.009997,0.057141,0.336829,0.275534,0.724466,0.121534,0.118483
6885,24,0.553454,0.042829,0.009994,0.057105,0.336619,0.27552,0.72448,0.097525,0.095916
6886,30,0.553248,0.042824,0.010251,0.057098,0.336579,0.27569,0.72431,0.139937,0.133511
6887,24,0.553665,0.042808,0.009996,0.057077,0.336454,0.275661,0.724339,0.099585,0.098382
6888,30,0.553952,0.04278,0.009993,0.05704,0.336235,0.275481,0.724519,0.104607,0.108201
6889,30,0.553483,0.042744,0.010491,0.056992,0.336291,0.275382,0.724618,0.117564,0.119718
6890,24,0.552974,0.042704,0.0114,0.056939,0.335982,0.275359,0.724641,0.129815,0.129867
6891,24,0.55327,0.042743,0.01071,0.056991,0.336286,0.275372,0.724628,0.12502,0.12402
6892,30,0.553405,0.042764,0.010367,0.057018,0.336447,0.275384,0.724616,0.123848,0.122151
6893,30,0.553608,0.042779,0.010004,0.057039,0.336571,0.275464,0.724536,0.112932,0.109743
6894,30,0.55361,0.042779,0.01,0.057039,0.336572,0.275526,0.724474,0.119599,0.116898
6895,24,0.553444,0.042782,0.010135,0.057043,0.336596,0.275539,0.724461,0.13328,0.132306
6896,30,0.553337,0.042806,0.010005,0.057074,0.336778,0.275573,0.724427,0.138132,0.13597
6897,24,0.55329,0.04277,0.010418,0.057026,0.336496,0.275453,0.724547,0.117502,0.119755
6898,30,0.553357,0.042782,0.010032,0.057043,0.336786,0.275391,0.724609,0.11849,0.119169
6899,24,0.553192,0.042785,0.010166,0.057047,0.33681,0.275404,0.724596,0.13328,0.132301
6900,24,0.553285,0.042792,0.010002,0.057056,0.336865,0.275448,0.724552,0.123284,0.121456
6901,24,0.553419,0.04278,0.009997,0.057039,0.336765,0.275338,0.724662,0.110546,0.112605
6902,24,0.553417,0.042779,0.01,0.057039,0.336764,0.275316,0.724684,0.1216,0.121617
6903,24,0.553512,0.04277,0.009998,0.057027,0.336693,0.275366,0.724634,0.11108,0.108334
6904,30,0.55351,0.04277,0.01,0.057027,0.336692,0.275428,0.724572,0.119531,0.116836
6905,30,0.553922,0.042731,0.009991,0.056974,0.336381,0.275276,0.724724,0.089623,0.091399
6906,30,0.553907,0.042699,0.009992,0.056932,0.33647,0.275226,0.724774,0.105944,0.1059
6907,24,0.553903,0.042698,0.01,0.056931,0.336467,0.275204,0.724796,0.12992,0.129941
6908,30,0.553903,0.042698,0.01,0.056931,0.336467,0.275139,0.724861,0.129536,0.130333
6909,24,0.553903,0.042698,0.01,0.056931,0.336467,0.275185,0.724815,0.12367,0.121804
6910,30,0.553412,0.042661,0.010877,0.056881,0.336169,0.275155,0.724845,0.136081,0.136416
6911,24,0.553946,0.042693,0.010008,0.056925,0.336429,0.275388,0.724612,0.113272,0.104957
6912,24,0.553858,0.042703,0.010002,0.056937,0.3365,0.275401,0.724599,0.125017,0.124022
6913,24,0.553508,0.042676,0.010629,0.056901,0.336287,0.275332,0.724668,0.12153,0.122185
6914,24,0.553736,0.042693,0.010004,0.056924,0.336643,0.275342,0.724658,0.119771,0.118861
6915,30,0.55355,0.042679,0.009997,0.056905,0.336871,0.275244,0.724756,0.110947,0.113084
6916,30,0.553505,0.042682,0.010001,0.05691,0.336901,0.275345,0.724655,0.114947,0.11114
6917,24,0.553693,0.042665,0.009996,0.056886,0.336761,0.275226,0.724774,0.117566,0.119809
6918,24,0.553877,0.042647,0.009996,0.056862,0.336618,0.275107,0.724893,0.117585,0.119819
6919,24,0.553754,0.042637,0.009998,0.056849,0.336762,0.275119,0.724881,0.120154,0.119209
6920,24,0.553419,0.042627,0.009998,0.056836,0.33712,0.275064,0.724936,0.117967,0.118817
6921,30,0.553436,0.042607,0.009995,0.056809,0.337153,0.275063,0.724937,0.112211,0.111069
6922,24,0.553713,0.04258,0.009994,0.056773,0.33694,0.274974,0.725026,0.107539,0.108937
6923,24,0.55412,0.042541,0.009991,0.056721,0.336628,0.274731,0.725269,0.094692,0.099982
6924,30,0.553615,0.042502,0.010892,0.056669,0.336322,0.274713,0.725287,0.126101,0.126122
6925,30,0.553868,0.042521,0.010249,0.056695,0.336667,0.274619,0.725381,0.126467,0.128054
6926,24,0.554006,0.042532,0.010002,0.056709,0.336751,0.274665,0.725335,0.123695,0.121827
6927,24,0.554286,0.042505,0.009994,0.056674,0.336541,0.274576,0.725424,0.107451,0.108858
6928,24,0.554283,0.042505,0.01,0.056674,0.336539,0.274554,0.725446,0.129924,0.129939
6929,30,0.554093,0.042491,0.009997,0.056654,0.336765,0.274505,0.725495,0.117604,0.118387
6930,30,0.554092,0.042491,0.01,0.056654,0.336764,0.274567,0.725433,0.119487,0.116807
6931,24,0.554,0.042499,0.010002,0.056666,0.336833,0.27458,0.72542,0.133337,0.132344
6932,24,0.553956,0.042504,0.010001,0.056672,0.336868,0.274699,0.725301,0.123298,0.11813
6933,30,0.554178,0.042483,0.009995,0.056643,0.336701,0.27466,0.72534,0.113628,0.113727
6934,30,0.554069,0.042474,0.009998,0.056632,0.336826,0.274577,0.725423,0.116482,0.117758
6935,30,0.553838,0.042446,0.010517,0.056595,0.336604,0.274455,0.725545,0.122453,0.1246
6936,30,0.554149,0.042447,0.01,0.056597,0.336806,0.27445,0.72555,0.111615,0.110576
6937,24,0.554336,0.04243,0.009996,0.056573,0.336665,0.274331,0.725669,0.117549,0.119781
6938,30,0.554102,0.042419,0.009997,0.056559,0.336922,0.274255,0.725745,0.112986,0.114505
6939,30,0.553894,0.042365,0.010761,0.056487,0.336493,0.274119,0.725881,0.123448,0.126359
6940,24,0.553422,0.042329,0.011385,0.056439,0.336425,0.274062,0.725938,0.126319,0.127279
6941,30,0.553407,0.042328,0.011412,0.056437,0.336416,0.274008,0.725992,0.119503,0.119994
6942,30,0.554081,0.042329,0.010727,0.056439,0.336425,0.273888,0.726112,0.093835,0.094873
6943,24,0.554238,0.042349,0.010366,0.056465,0.336582,0.274188,0.725812,0.114989,0.104882
6944,30,0.554178,0.042351,0.010207,0.056469,0.336795,0.274163,0.725837,0.118479,0.118654
6945,24,0.554358,0.042333,0.009996,0.056444,0.336869,0.27401,0.72599,0.114049,0.117194
6946,24,0.554356,0.042333,0.01,0.056444,0.336867,0.273942,0.726058,0.121572,0.122209
6947,24,0.554634,0.042307,0.009994,0.056409,0.336657,0.273853,0.726147,0.107474,0.108866
6948,24,0.554539,0.042315,0.010002,0.05642,0.336724,0.273828,0.726172,0.125014,0.124342
6949,24,0.55482,0.042289,0.009994,0.056385,0.336513,0.27374,0.72626,0.107575,0.108946
6950,24,0.555247,0.042247,0.00999,0.05633,0.336186,0.273685,0.726315,0.092101,0.09145
6951,30,0.555355,0.042236,0.009997,0.056315,0.336097,0.273683,0.726317,0.097057,0.094856
6952,30,0.555263,0.042245,0.010002,0.056326,0.336164,0.2739,0.7261,0.130524,0.122856
6953,30,0.555264,0.042245,0.01,0.056326,0.336165,0.273962,0.726038,0.119531,0.116847
6954,24,0.555143,0.042236,0.009998,0.056314,0.33631,0.273975,0.726025,0.120216,0.119257
6955,30,0.555172,0.0422,0.009994,0.056267,0.336368,0.273771,0.726229,0.104964,0.109664
6956,30,0.5552,0.042197,0.009999,0.056262,0.336342,0.273647,0.726353,0.106492,0.107913
6957,30,0.555157,0.042201,0.010001,0.056268,0.336374,0.273749,0.726251,0.114939,0.11116
6958,24,0.554647,0.042162,0.01091,0.056216,0.336065,0.273681,0.726319,0.121516,0.122173
6959,24,0.555031,0.042191,0.010007,0.056255,0.336516,0.273694,0.726306,0.120203,0.119256
6960,24,0.554866,0.042194,0.010141,0.056259,0.33654,0.273707,0.726293,0.133284,0.132314
6961,24,0.554946,0.0422,0.010001,0.056267,0.336586,0.273751,0.726249,0.123296,0.12148
6962,30,0.554765,0.042217,0.010004,0.05629,0.336724,0.273786,0.726214,0.138153,0.135998
6963,30,0.5548,0.042182,0.009992,0.056243,0.336784,0.273748,0.726252,0.104981,0.104634
6964,30,0.555008,0.042161,0.009995,0.056215,0.33662,0.273673,0.726327,0.112628,0.113752
6965,24,0.555006,0.042161,0.01,0.056215,0.336618,0.273651,0.726349,0.129907,0.129933
6966,30,0.554997,0.042162,0.01,0.056216,0.336625,0.273681,0.726319,0.125186,0.12376
6967,30,0.555168,0.042146,0.009996,0.056194,0.336495,0.273594,0.726406,0.119277,0.120384
6968,24,0.555168,0.042145,0.01,0.056194,0.336493,0.273638,0.726362,0.123296,0.12147
6969,24,0.554955,0.042145,0.01,0.056193,0.336707,0.273617,0.726383,0.129805,0.129742
6970,30,0.554913,0.042149,0.010001,0.056199,0.336739,0.273585,0.726415,0.121583,0.121462
6971,24,0.554913,0.042149,0.01,0.056199,0.336739,0.273563,0.726437,0.12164,0.12164
6972,24,0.554913,0.042149,0.01,0.056199,0.336739,0.273541,0.726459,0.121612,0.12162
6973,30,0.555027,0.042138,0.009997,0.056184,0.336653,0.273393,0.726607,0.113528,0.115338
6974,30,0.555183,0.042123,0.009996,0.056164,0.336533,0.273276,0.726724,0.125513,0.127954
6975,30,0.555371,0.042088,0.009992,0.056118,0.336431,0.273079,0.726921,0.097758,0.10174
6976,30,0.555373,0.042087,0.01,0.056117,0.336423,0.273137,0.726863,0.118989,0.11641
6977,30,0.555601,0.042066,0.009995,0.056088,0.33625,0.273058,0.726942,0.112971,0.114293
6978,24,0.555599,0.042066,0.01,0.056087,0.336248,0.273157,0.726843,0.113263,0.10934
6979,30,0.555468,0.042044,0.010354,0.056059,0.336076,0.273248,0.726752,0.12168,0.117669
6980,30,0.555673,0.04204,0.009999,0.056053,0.336235,0.273251,0.726749,0.111167,0.10971
6981,24,0.555858,0.042022,0.009996,0.05603,0.336094,0.273132,0.726868,0.109243,0.111452
6982,30,0.555884,0.042019,0.009999,0.056026,0.336071,0.273276,0.726724,0.117979,0.112492
6983,24,0.555885,0.042019,0.01,0.056026,0.33607,0.273365,0.726635,0.114972,0.111188
6984,30,0.555882,0.04202,0.01,0.056026,0.336072,0.273344,0.726656,0.116626,0.116306
6985,24,0.556158,0.041993,0.009994,0.055991,0.335863,0.273316,0.726684,0.099581,0.098363
6986,24,0.556157,0.041993,0.01,0.055991,0.33586,0.27336,0.72664,0.123296,0.12147
6987,24,0.556065,0.042002,0.010002,0.056002,0.335929,0.273374,0.726626,0.133329,0.132346
6988,30,0.556231,0.041986,0.009996,0.055982,0.335805,0.273307,0.726693,0.115508,0.116714
6989,24,0.556414,0.041969,0.009996,0.055958,0.335664,0.273189,0.726811,0.109302,0.111499
6990,30,0.556271,0.041958,0.01025,0.055944,0.335578,0.273295,0.726705,0.119487,0.115571
6991,30,0.55645,0.041964,0.010002,0.055953,0.335631,0.273266,0.726734,0.115509,0.115355
6992,24,0.556329,0.041955,0.009998,0.055941,0.335777,0.27321,0.72679,0.118104,0.119027
6993,30,0.556556,0.041934,0.009995,0.055912,0.335604,0.273132,0.726868,0.112983,0.114292
6994,30,0.556363,0.041919,0.009997,0.055892,0.335829,0.273034,0.726966,0.110954,0.113077
6995,30,0.556875,0.04187,0.009988,0.055827,0.335438,0.2727,0.7273,0.098857,0.10642
6996,24,0.55687,0.04187,0.01,0.055826,0.335433,0.272744,0.727256,0.123283,0.121465
6997,30,0.55669,0.041887,0.010004,0.055849,0.33557,0.272791,0.727209,0.128183,0.125705
6998,24,0.556692,0.041887,0.01,0.055849,0.335572,0.272769,0.727231,0.129895,0.129915
6999,30,0.556786,0.041878,0.009998,0.055838,0.3355,0.272623,0.727377,0.114027,0.115824
7000,24,0.556694,0.041887,0.010002,0.055849,0.335568,0.272637,0.727363,0.133346,0.132355
7001,30,0.556617,0.041876,0.009997,0.055835,0.335675,0.272773,0.727227,0.121536,0.116334
7002,30,0.556615,0.041876,0.01,0.055835,0.335674,0.272756,0.727244,0.119545,0.119532
7003,24,0.556403,0.041875,0.01,0.055834,0.335888,0.272736,0.727264,0.129821,0.129741
7004,24,0.556466,0.041849,0.009994,0.055798,0.335893,0.272583,0.727417,0.113986,0.117115
7005,30,0.556469,0.041848,0.01,0.055797,0.335886,0.272611,0.727389,0.125615,0.124366
7006,24,0.55684,0.041813,0.009992,0.055751,0.335605,0.272482,0.727518,0.103214,0.105678
7007,30,0.557074,0.04179,0.009995,0.05572,0.335422,0.27231,0.72769,0.100579,0.103125
7008,30,0.557029,0.041794,0.010001,0.055725,0.335452,0.272315,0.727685,0.121555,0.120935
7009,24,0.557182,0.041779,0.009997,0.055706,0.335336,0.272357,0.727643,0.109936,0.107387
7010,30,0.556893,0.041788,0.010002,0.055718,0.335599,0.272375,0.727625,0.125124,0.123435
7011,30,0.556607,0.041797,0.010002,0.05573,0.335864,0.272393,0.727607,0.125124,0.123431
7012,24,0.556886,0.041771,0.009994,0.055695,0.335654,0.272305,0.727695,0.107516,0.108893
7013,30,0.556372,0.041733,0.010907,0.055644,0.335345,0.272287,0.727713,0.126101,0.12612
7014,30,0.556584,0.041749,0.01053,0.055665,0.335473,0.272234,0.727766,0.119546,0.120025
7015,30,0.556422,0.041694,0.011258,0.055592,0.335034,0.272009,0.727991,0.110292,0.114946
7016,30,0.557071,0.041693,0.010442,0.055591,0.335202,0.27181,0.72819,0.097642,0.101689
7017,24,0.557437,0.041674,0.010275,0.055566,0.335048,0.271631,0.728369,0.105744,0.108674
7018,30,0.557314,0.041665,0.010493,0.055553,0.334975,0.271566,0.728434,0.129467,0.130262
7019,30,0.557175,0.041655,0.010739,0.055539,0.334891,0.271537,0.728463,0.136137,0.136445
7020,24,0.557467,0.041676,0.010005,0.055568,0.335283,0.271547,0.728453,0.119776,0.118867
7021,30,0.557451,0.041668,0.010101,0.055558,0.335221,0.271508,0.728492,0.132196,0.132324
7022,30,0.556958,0.041631,0.010978,0.055509,0.334924,0.271479,0.728521,0.136081,0.136403
7023,30,0.557082,0.041655,0.010612,0.05554,0.335111,0.271626,0.728374,0.124369,0.119263
7024,30,0.55743,0.04168,0.010006,0.055573,0.335311,0.271685,0.728315,0.119018,0.116427
7025,24,0.557343,0.041688,0.010002,0.055585,0.335382,0.271828,0.728172,0.1167,0.111486
7026,30,0.557302,0.041692,0.010001,0.05559,0.335415,0.271786,0.728214,0.131579,0.131751
7027,30,0.557575,0.041667,0.009994,0.055556,0.335209,0.271728,0.728272,0.094213,0.093678
7028,30,0.557465,0.041659,0.009998,0.055545,0.335334,0.27178,0.72822,0.109876,0.107485
7029,30,0.557357,0.041651,0.009998,0.055534,0.335461,0.271814,0.728186,0.116529,0.114625
7030,24,0.557265,0.041659,0.010002,0.055545,0.335529,0.271828,0.728172,0.133346,0.132366
7031,30,0.556979,0.041668,0.010002,0.055557,0.335793,0.271846,0.728154,0.125113,0.123431
7032,24,0.556931,0.041664,0.010087,0.055553,0.335765,0.271824,0.728176,0.121558,0.121576
7033,30,0.557095,0.041657,0.009998,0.055543,0.335706,0.271911,0.728089,0.098143,0.093772
7034,24,0.556974,0.041648,0.009998,0.055531,0.33585,0.271921,0.728079,0.119771,0.118877
7035,30,0.557193,0.041627,0.009995,0.055503,0.335682,0.271882,0.728118,0.113521,0.113637
7036,30,0.557303,0.041616,0.009997,0.055488,0.335595,0.271761,0.728239,0.103578,0.1055
7037,24,0.557137,0.041619,0.010132,0.055492,0.335619,0.271774,0.728226,0.133292,0.132317
7038,30,0.557431,0.041604,0.009996,0.055472,0.335496,0.271651,0.728349,0.113549,0.116089
7039,30,0.557923,0.041558,0.009989,0.05541,0.335121,0.271379,0.728621,0.089302,0.095196
7040,30,0.557793,0.04152,0.010504,0.055361,0.334822,0.271296,0.728704,0.118679,0.119516
7041,30,0.557968,0.041541,0.01012,0.055387,0.334984,0.271265,0.728735,0.121565,0.121442
7042,24,0.55799,0.04155,0.010002,0.0554,0.335058,0.271567,0.728433,0.115009,0.104981
7043,24,0.558122,0.041538,0.009997,0.055383,0.33496,0.271457,0.728543,0.11874,0.120774
7044,30,0.557888,0.041527,0.009998,0.05537,0.335218,0.27135,0.72865,0.113005,0.114781
7045,30,0.557759,0.041521,0.009999,0.055362,0.33536,0.271396,0.728604,0.117509,0.114837
7046,30,0.557758,0.041521,0.01,0.055361,0.33536,0.271477,0.728523,0.112885,0.10974
7047,30,0.557564,0.041507,0.009997,0.055343,0.335589,0.271375,0.728625,0.114655,0.116454
7048,30,0.557414,0.041503,0.009999,0.055337,0.335747,0.271448,0.728552,0.111882,0.108901
7049,30,0.5575,0.041472,0.010231,0.055297,0.3355,0.271504,0.728496,0.113453,0.110431
7050,24,0.557385,0.041464,0.009998,0.055285,0.335868,0.271483,0.728517,0.116692,0.116644
7051,30,0.557498,0.041453,0.009997,0.055271,0.33578,0.271516,0.728484,0.114233,0.111992
7052,24,0.557681,0.041436,0.009996,0.055248,0.335639,0.271398,0.728602,0.117541,0.119737
7053,30,0.557377,0.041409,0.010581,0.055212,0.335421,0.271457,0.728543,0.132609,0.129547
7054,30,0.557659,0.041437,0.010007,0.055249,0.335649,0.271559,0.728441,0.114942,0.111174
7055,30,0.557791,0.041418,0.010066,0.055225,0.3355,0.271458,0.728542,0.112492,0.113121
7056,30,0.557679,0.041417,0.01,0.055223,0.335681,0.271386,0.728614,0.128498,0.129451
7057,30,0.557572,0.041409,0.009998,0.055212,0.335808,0.271304,0.728696,0.116475,0.117729
7058,24,0.557358,0.041409,0.01,0.055212,0.336022,0.271284,0.728716,0.121513,0.121434
7059,30,0.55724,0.041371,0.010507,0.055162,0.33572,0.271139,0.728861,0.119135,0.121722
7060,24,0.557677,0.041357,0.009997,0.055143,0.335825,0.271017,0.728983,0.104017,0.106281
7061,30,0.557826,0.041343,0.009997,0.055124,0.33571,0.270872,0.729128,0.103046,0.104857
7062,30,0.557625,0.04133,0.009997,0.055106,0.335942,0.270863,0.729137,0.109967,0.108887
7063,30,0.557615,0.04133,0.01,0.055107,0.335947,0.270894,0.729106,0.12521,0.123778
7064,30,0.5576,0.041329,0.010028,0.055106,0.335938,0.270841,0.729159,0.119498,0.11998
7065,30,0.557394,0.041324,0.010285,0.055099,0.335898,0.271014,0.728986,0.139951,0.133598
7066,30,0.557646,0.041327,0.010001,0.055103,0.335922,0.270869,0.729131,0.114022,0.115795
7067,24,0.557868,0.041307,0.009995,0.055076,0.335754,0.271007,0.728993,0.098705,0.093113
7068,24,0.55814,0.041281,0.009994,0.055041,0.335544,0.270953,0.729047,0.105746,0.105359
7069,24,0.558137,0.041281,0.01,0.055041,0.335542,0.271,0.729,0.123683,0.121837
7070,24,0.558321,0.041263,0.009996,0.055018,0.335402,0.270882,0.729118,0.117538,0.119731
7071,24,0.558304,0.041244,0.009995,0.054992,0.335465,0.270921,0.729079,0.114375,0.111359
7072,30,0.558478,0.041227,0.009996,0.05497,0.335328,0.27082,0.72918,0.115582,0.117503
7073,30,0.558483,0.041227,0.01,0.054969,0.335322,0.270848,0.729152,0.125615,0.124372
7074,30,0.558511,0.041224,0.009999,0.054965,0.3353,0.270962,0.729038,0.124604,0.120472
7075,30,0.558679,0.041208,0.009996,0.054944,0.335172,0.270815,0.729185,0.102516,0.104319
7076,30,0.55908,0.041153,0.010178,0.05487,0.334719,0.270492,0.729508,0.088743,0.095918
7077,30,0.559409,0.041138,0.009997,0.054851,0.334604,0.270432,0.729568,0.115368,0.115118
7078,30,0.559399,0.041139,0.01,0.054852,0.334609,0.270499,0.729501,0.118551,0.115556
7079,30,0.559384,0.041138,0.010028,0.054851,0.3346,0.270446,0.729554,0.119498,0.119977
7080,30,0.559028,0.041142,0.010001,0.054856,0.334973,0.270551,0.729449,0.112996,0.108809
7081,30,0.559008,0.041144,0.01,0.054858,0.334989,0.270779,0.729221,0.120546,0.112784
7082,30,0.559175,0.041128,0.009996,0.054838,0.334863,0.270767,0.729233,0.095921,0.094063
7083,30,0.559341,0.041112,0.009996,0.054817,0.334734,0.270622,0.729378,0.102629,0.104383
7084,30,0.559569,0.041091,0.009995,0.054788,0.334558,0.270652,0.729348,0.098796,0.096118
7085,24,0.559579,0.041061,0.010297,0.054748,0.334315,0.270533,0.729467,0.117468,0.119667
7086,24,0.559624,0.041064,0.010001,0.054752,0.334559,0.270544,0.729456,0.119775,0.118868
7087,30,0.559501,0.041044,0.009995,0.054725,0.334736,0.270542,0.729458,0.106577,0.105297
7088,24,0.559611,0.041006,0.010276,0.054675,0.334431,0.270487,0.729513,0.105691,0.105319
7089,24,0.560039,0.040992,0.009997,0.054656,0.334316,0.270433,0.729567,0.105752,0.105362
7090,24,0.559824,0.040992,0.01,0.054656,0.334529,0.270413,0.729587,0.121525,0.121434
7091,30,0.559816,0.040991,0.010015,0.054655,0.334524,0.27036,0.72964,0.119498,0.119977
7092,30,0.559789,0.040989,0.010063,0.054652,0.334507,0.270451,0.729549,0.126144,0.122662
7093,30,0.559953,0.04098,0.009998,0.054639,0.334431,0.270476,0.729524,0.114659,0.112848
7094,30,0.560118,0.040964,0.009996,0.054619,0.334303,0.270416,0.729584,0.102575,0.102106
7095,30,0.560133,0.040945,0.010181,0.054593,0.334147,0.270329,0.729671,0.115156,0.116401
7096,30,0.559989,0.040934,0.010435,0.054579,0.334062,0.270312,0.729688,0.119487,0.119488
7097,30,0.55975,0.040947,0.010546,0.054596,0.334162,0.27039,0.72961,0.134835,0.132133
7098,24,0.560077,0.04094,0.010068,0.054587,0.334328,0.270238,0.729762,0.113996,0.117089
7099,30,0.560292,0.040927,0.009997,0.054569,0.334216,0.270137,0.729863,0.108905,0.110816
7100,30,0.560466,0.04091,0.009996,0.054547,0.334081,0.270036,0.729964,0.108859,0.110784
7101,24,0.560419,0.040914,0.010001,0.054552,0.334114,0.270109,0.729891,0.131643,0.128354
7102,30,0.560419,0.040914,0.01,0.054552,0.334115,0.270172,0.729828,0.119542,0.116885
7103,24,0.560329,0.040922,0.010002,0.054563,0.334183,0.270187,0.729813,0.125045,0.124049
7104,24,0.560208,0.040914,0.009998,0.054552,0.334329,0.270132,0.729868,0.11812,0.119018
7105,24,0.560161,0.040918,0.010001,0.054557,0.334363,0.270268,0.729732,0.123335,0.118339
7106,30,0.56028,0.040889,0.009993,0.054519,0.33432,0.27016,0.72984,0.109862,0.111932
7107,30,0.560084,0.040875,0.009997,0.0545,0.334545,0.270063,0.729937,0.110964,0.113047
7108,24,0.559992,0.040883,0.010002,0.054511,0.334612,0.27004,0.72996,0.12503,0.124349
7109,24,0.560177,0.040866,0.009996,0.054488,0.334473,0.269922,0.730078,0.117519,0.119705
7110,30,0.560181,0.040865,0.01,0.054487,0.334467,0.26995,0.73005,0.125614,0.124375
7111,24,0.560091,0.040874,0.010002,0.054498,0.334535,0.269965,0.730035,0.125045,0.124048
7112,24,0.560093,0.040874,0.01,0.054498,0.334535,0.270055,0.729945,0.114972,0.11122
7113,24,0.560093,0.040874,0.01,0.054498,0.334535,0.270034,0.729966,0.1216,0.121605
7114,30,0.559584,0.040836,0.010901,0.054448,0.33423,0.270016,0.729984,0.126101,0.126113
7115,30,0.559786,0.040866,0.010387,0.054488,0.334473,0.270235,0.729765,0.130544,0.122945
7116,30,0.55977,0.040865,0.010415,0.054487,0.334464,0.270182,0.729818,0.119498,0.119975
7117,24,0.560002,0.040882,0.010004,0.054509,0.334602,0.270229,0.729771,0.123695,0.121854
7118,30,0.560095,0.040856,0.009994,0.054474,0.334581,0.27024,0.72976,0.111488,0.109782
7119,30,0.560212,0.040844,0.009997,0.054459,0.334487,0.270217,0.729783,0.109712,0.109173
7120,30,0.560211,0.040844,0.01,0.054459,0.334486,0.270165,0.729835,0.119556,0.12002
7121,30,0.560111,0.040836,0.009998,0.054448,0.334608,0.270195,0.729805,0.115935,0.114135
7122,24,0.560239,0.040824,0.009997,0.054431,0.334508,0.270086,0.729914,0.110462,0.112472
7123,24,0.560025,0.040823,0.01,0.054431,0.334722,0.270066,0.729934,0.129834,0.129759
7124,24,0.560028,0.040823,0.01,0.05443,0.33472,0.27004,0.72996,0.12085,0.120918
7125,24,0.560029,0.040823,0.01,0.05443,0.334719,0.270085,0.729915,0.123295,0.121495
7126,30,0.55988,0.040819,0.009999,0.054425,0.334878,0.27006,0.72994,0.118491,0.118655
7127,30,0.559621,0.040825,0.010002,0.054433,0.33512,0.270192,0.729808,0.124654,0.119465
7128,30,0.559594,0.04081,0.009996,0.054413,0.335187,0.270098,0.729902,0.114163,0.115561
7129,30,0.559672,0.040802,0.009998,0.054403,0.335125,0.270167,0.729833,0.110602,0.107619
7130,30,0.55956,0.040812,0.010002,0.054416,0.335209,0.270259,0.729741,0.141536,0.137929
7131,30,0.559479,0.04082,0.010002,0.054427,0.335272,0.270406,0.729594,0.124378,0.119286
7132,30,0.559541,0.040814,0.009999,0.054419,0.335227,0.270553,0.729447,0.121291,0.115653
7133,24,0.559723,0.040797,0.009996,0.054396,0.335087,0.270435,0.729565,0.109185,0.111371
7134,24,0.559631,0.040806,0.010002,0.054407,0.335154,0.270449,0.729551,0.133342,0.132355
7135,24,0.559587,0.04081,0.010001,0.054413,0.335189,0.270585,0.729415,0.123323,0.118324
7136,30,0.559587,0.04081,0.01,0.054413,0.33519,0.270666,0.729334,0.112932,0.109783
7137,24,0.559862,0.040784,0.009994,0.054379,0.33498,0.270579,0.729421,0.107506,0.108866
7138,30,0.559781,0.04076,0.009994,0.054346,0.335119,0.270536,0.729464,0.10565,0.10532
7139,30,0.559587,0.040746,0.009997,0.054327,0.335344,0.270658,0.729342,0.110957,0.10623
7140,30,0.559718,0.040681,0.010548,0.054241,0.334812,0.270346,0.729654,0.101204,0.108119
7141,24,0.559832,0.040704,0.010188,0.054272,0.335003,0.270322,0.729678,0.125017,0.124333
7142,30,0.559898,0.040698,0.009998,0.054264,0.335143,0.270379,0.729621,0.118755,0.115823
7143,24,0.559776,0.040689,0.009998,0.054252,0.335286,0.27039,0.72961,0.119775,0.118868
7144,30,0.559583,0.040675,0.009997,0.054233,0.335512,0.270395,0.729605,0.104344,0.103098
7145,24,0.559459,0.040666,0.009998,0.054221,0.335657,0.270339,0.729661,0.118062,0.118978
7146,30,0.559528,0.040643,0.009994,0.054191,0.335644,0.270168,0.729832,0.116322,0.119606
7147,30,0.559525,0.040643,0.01,0.05419,0.335642,0.270249,0.729751,0.112943,0.109791
7148,30,0.559221,0.040631,0.010255,0.054174,0.335719,0.270388,0.729612,0.13714,0.131815
7149,24,0.559151,0.040641,0.010002,0.054188,0.336019,0.270368,0.729632,0.129829,0.129742
7150,30,0.559329,0.040624,0.009996,0.054166,0.335885,0.270267,0.729733,0.108929,0.11084
7151,30,0.559206,0.040616,0.010214,0.054154,0.335811,0.270203,0.729797,0.129467,0.130249
7152,30,0.559631,0.040596,0.009995,0.054128,0.33565,0.26998,0.73002,0.099466,0.104063
7153,30,0.559521,0.040588,0.009998,0.054117,0.335775,0.270032,0.729968,0.109862,0.107491
7154,30,0.559452,0.040578,0.009998,0.054104,0.335868,0.269899,0.730101,0.110306,0.112759
7155,30,0.559336,0.040571,0.009998,0.054095,0.336001,0.269937,0.730063,0.115492,0.113272
7156,30,0.55956,0.04055,0.009995,0.054067,0.335828,0.269859,0.730141,0.112894,0.114199
7157,30,0.559557,0.04055,0.01,0.054067,0.335826,0.269795,0.730205,0.129478,0.130254
7158,30,0.559596,0.040546,0.009999,0.054062,0.335796,0.269768,0.730232,0.115588,0.115393
7159,30,0.55908,0.040509,0.010913,0.054012,0.335487,0.269934,0.730066,0.126101,0.120082
7160,30,0.559399,0.040532,0.010006,0.054043,0.33602,0.269795,0.730205,0.120984,0.123643
7161,24,0.559045,0.040506,0.010632,0.054009,0.335807,0.269728,0.730272,0.12153,0.122156
7162,24,0.559582,0.040515,0.010002,0.05402,0.33588,0.26961,0.73039,0.109241,0.111397
7163,30,0.559459,0.040506,0.01022,0.054008,0.335806,0.269546,0.730454,0.129467,0.130251
7164,30,0.55943,0.040498,0.009998,0.053997,0.336077,0.269439,0.730561,0.113688,0.115585
7165,24,0.55949,0.040472,0.009994,0.053963,0.336082,0.269288,0.730712,0.105762,0.108815
7166,24,0.559365,0.040463,0.009998,0.05395,0.336224,0.26935,0.73065,0.111434,0.108342
7167,24,0.559335,0.040445,0.009996,0.053927,0.336297,0.269253,0.730747,0.113796,0.115785
7168,24,0.5597,0.040411,0.009992,0.053882,0.336015,0.269124,0.730876,0.103085,0.105536
7169,30,0.559374,0.040395,0.010494,0.05386,0.335877,0.269128,0.730872,0.128171,0.127567
7170,24,0.559528,0.040406,0.010003,0.053875,0.336188,0.269073,0.730927,0.118111,0.119
7171,30,0.559819,0.04038,0.009993,0.053839,0.335969,0.268956,0.731044,0.093781,0.094758
7172,30,0.559822,0.04036,0.0102,0.053813,0.335805,0.269003,0.730997,0.10849,0.10613
7173,24,0.559936,0.040368,0.010002,0.053824,0.335871,0.269048,0.730952,0.123295,0.121488
7174,24,0.559938,0.040368,0.01,0.053824,0.33587,0.269093,0.730907,0.123295,0.121488
7175,30,0.559831,0.04036,0.009998,0.053813,0.335998,0.269145,0.730855,0.109873,0.1075
7176,24,0.560012,0.040343,0.009996,0.053791,0.335858,0.26901,0.73099,0.109171,0.110738
7177,30,0.559989,0.040345,0.01,0.053793,0.335872,0.269094,0.730906,0.120566,0.116804
7178,24,0.559991,0.040345,0.01,0.053793,0.335871,0.269139,0.730861,0.123295,0.121488
7179,30,0.559991,0.040345,0.01,0.053793,0.335871,0.269203,0.730797,0.119542,0.116886
7180,24,0.559991,0.040345,0.01,0.053793,0.335871,0.269182,0.730818,0.12164,0.12163
7181,30,0.560216,0.040324,0.009995,0.053766,0.335699,0.269104,0.730896,0.112964,0.114245
7182,24,0.560215,0.040324,0.01,0.053765,0.335696,0.269149,0.730851,0.123295,0.121488
7183,24,0.560215,0.040324,0.01,0.053765,0.335696,0.26925,0.73075,0.113263,0.109375
7184,24,0.560215,0.040324,0.01,0.053765,0.335696,0.269297,0.730703,0.123724,0.121872
7185,24,0.559738,0.040289,0.010624,0.053719,0.335629,0.269241,0.730759,0.126329,0.127254
7186,24,0.559997,0.040323,0.010008,0.053764,0.335908,0.269256,0.730744,0.125045,0.12405
7187,30,0.559945,0.040313,0.010169,0.05375,0.335823,0.269229,0.730771,0.122218,0.12203
7188,24,0.559918,0.040311,0.009999,0.053748,0.336024,0.26924,0.73076,0.119759,0.118862
7189,24,0.559753,0.040314,0.010134,0.053751,0.336048,0.269254,0.730746,0.1333,0.132327
7190,30,0.559977,0.040253,0.010552,0.053671,0.335547,0.268942,0.731058,0.100702,0.107535
7191,24,0.560286,0.040276,0.010006,0.053701,0.335732,0.268921,0.731079,0.121606,0.121603
7192,30,0.560358,0.040252,0.009994,0.053669,0.335727,0.268791,0.731209,0.105833,0.108502
7193,24,0.560193,0.040255,0.010129,0.053673,0.335751,0.268805,0.731195,0.1333,0.132331
7194,30,0.560112,0.040256,0.010007,0.053675,0.335951,0.268745,0.731255,0.118485,0.119136
7195,30,0.560123,0.040256,0.01,0.053674,0.335948,0.268805,0.731195,0.118999,0.116441
7196,24,0.559958,0.040258,0.010134,0.053678,0.335972,0.268819,0.731181,0.1333,0.132331
7197,30,0.559933,0.040255,0.009999,0.053674,0.336139,0.268818,0.731182,0.122544,0.122086
7198,24,0.560205,0.04023,0.009994,0.053641,0.33593,0.268641,0.731359,0.105739,0.108597
7199,30,0.560187,0.0402,0.009993,0.053601,0.33602,0.268494,0.731506,0.105925,0.109069
7200,24,0.560229,0.040196,0.009999,0.053594,0.335982,0.268598,0.731402,0.121573,0.117469
7201,24,0.56045,0.040176,0.009995,0.053567,0.335813,0.268583,0.731417,0.100359,0.098845
7202,30,0.560581,0.040163,0.009997,0.053551,0.335708,0.268478,0.731522,0.126513,0.128591
7203,24,0.560639,0.040137,0.009994,0.053517,0.335713,0.268326,0.731674,0.11399,0.117046
7204,24,0.560468,0.040133,0.009999,0.05351,0.33589,0.268408,0.731592,0.119797,0.115845
7205,30,0.56044,0.040118,0.009996,0.05349,0.335956,0.268448,0.731552,0.107543,0.105334
7206,24,0.560893,0.040076,0.00999,0.053435,0.335607,0.268198,0.731802,0.101634,0.106947
7207,30,0.560968,0.040068,0.009998,0.053424,0.335542,0.268193,0.731807,0.122176,0.121813
7208,30,0.560674,0.040041,0.010584,0.053388,0.335313,0.268165,0.731835,0.12214,0.12197
7209,24,0.560789,0.040064,0.010006,0.053418,0.335723,0.268146,0.731854,0.129838,0.129754
7210,24,0.560625,0.040059,0.009999,0.053412,0.335905,0.268251,0.731749,0.119812,0.115659
7211,30,0.560582,0.040063,0.010001,0.053417,0.335937,0.268354,0.731646,0.114955,0.111235
7212,30,0.560583,0.040063,0.01,0.053417,0.335937,0.268436,0.731564,0.112943,0.10981
7213,30,0.56033,0.040055,0.009998,0.053407,0.336211,0.268605,0.731395,0.114819,0.108757
7214,24,0.560006,0.040007,0.010834,0.053343,0.335809,0.268496,0.731504,0.116102,0.117658
7215,30,0.560094,0.040013,0.010679,0.053351,0.335862,0.268656,0.731344,0.119484,0.113724
7216,30,0.560056,0.040014,0.010519,0.053352,0.336059,0.268759,0.731241,0.134101,0.129884
7217,24,0.560529,0.040018,0.010001,0.053358,0.336094,0.268642,0.731358,0.109248,0.111397
7218,24,0.560409,0.040009,0.009998,0.053346,0.336238,0.268653,0.731347,0.119771,0.118867
7219,30,0.560626,0.039989,0.009995,0.053319,0.336071,0.268579,0.731421,0.113457,0.114656
7220,24,0.560502,0.03998,0.009998,0.053307,0.336213,0.26859,0.73141,0.119759,0.11886
7221,24,0.5605,0.03998,0.01,0.053307,0.336212,0.268637,0.731363,0.123641,0.121815
7222,24,0.560502,0.03998,0.01,0.053307,0.336211,0.268728,0.731272,0.114972,0.111222
7223,30,0.560502,0.03998,0.01,0.053307,0.336211,0.268676,0.731324,0.119545,0.120004
7224,24,0.560502,0.03998,0.01,0.053307,0.336211,0.26861,0.73139,0.121572,0.122172
7225,30,0.560311,0.039966,0.009997,0.053289,0.336438,0.268471,0.731529,0.120975,0.123619
7226,24,0.560733,0.039928,0.00999,0.053237,0.336112,0.268418,0.731582,0.092001,0.091324
7227,30,0.560547,0.039928,0.01,0.053237,0.336288,0.268482,0.731518,0.128253,0.125542
7228,24,0.560502,0.039932,0.010001,0.053243,0.336322,0.268556,0.731444,0.131645,0.128356
7229,30,0.560435,0.039921,0.009997,0.053228,0.33642,0.268499,0.731501,0.119127,0.119717
7230,24,0.560343,0.039929,0.010002,0.053239,0.336488,0.268514,0.731486,0.133354,0.132369
7231,30,0.560365,0.03991,0.009995,0.053213,0.336517,0.268511,0.731489,0.111599,0.11056
7232,30,0.559848,0.039873,0.010909,0.053164,0.336207,0.268493,0.731507,0.126101,0.126114
7233,30,0.560062,0.039887,0.010544,0.053183,0.336325,0.268521,0.731479,0.125613,0.124381
7234,30,0.559902,0.039875,0.010826,0.053167,0.336229,0.268504,0.731496,0.12615,0.126156
7235,30,0.559991,0.039882,0.010669,0.053176,0.336283,0.268567,0.731433,0.119481,0.116841
7236,30,0.560357,0.039909,0.010007,0.053212,0.336514,0.268598,0.731402,0.125214,0.123788
7237,30,0.560103,0.039916,0.010002,0.053221,0.336759,0.26873,0.73127,0.124643,0.119466
7238,30,0.560392,0.03989,0.009993,0.053186,0.336539,0.268613,0.731387,0.093719,0.094706
7239,30,0.560239,0.039885,0.009999,0.053181,0.336696,0.268687,0.731313,0.111861,0.1089
7240,24,0.560148,0.039894,0.010002,0.053191,0.336765,0.268702,0.731298,0.125045,0.124049
7241,30,0.560278,0.039882,0.009997,0.053176,0.336667,0.268676,0.731324,0.109186,0.10873
7242,30,0.560409,0.039856,0.010145,0.053141,0.336448,0.268553,0.731447,0.10679,0.109313
7243,24,0.560763,0.039837,0.009995,0.053116,0.336288,0.268528,0.731472,0.099506,0.098283
7244,30,0.56076,0.039837,0.01,0.053116,0.336287,0.268592,0.731408,0.119542,0.116889
7245,30,0.56036,0.039804,0.010751,0.053073,0.336012,0.268691,0.731309,0.122573,0.118492
7246,30,0.560429,0.039813,0.010593,0.053084,0.336082,0.26892,0.73108,0.120546,0.11283
7247,30,0.56083,0.039813,0.01,0.053084,0.336274,0.26879,0.73121,0.112496,0.115168
7248,24,0.561102,0.039788,0.009994,0.053051,0.336066,0.268612,0.731388,0.105712,0.108584
7249,30,0.561041,0.039762,0.009993,0.053016,0.336188,0.268437,0.731563,0.101296,0.105152
7250,24,0.560914,0.039753,0.009998,0.053004,0.336331,0.26845,0.73155,0.120146,0.119211
7251,30,0.560938,0.039735,0.010167,0.05298,0.336179,0.268364,0.731636,0.115153,0.116381
7252,30,0.561071,0.039738,0.010001,0.052984,0.336205,0.268337,0.731663,0.115569,0.115374
7253,30,0.56088,0.039725,0.009997,0.052966,0.336432,0.268406,0.731594,0.110992,0.107753
7254,30,0.560864,0.039724,0.010024,0.052965,0.336423,0.268353,0.731647,0.119498,0.119969
7255,24,0.560878,0.039725,0.01,0.052966,0.336431,0.268401,0.731599,0.123724,0.121875
7256,24,0.560785,0.039703,0.010325,0.052938,0.336249,0.268406,0.731594,0.119325,0.118583
7257,30,0.561474,0.03967,0.009992,0.052894,0.33597,0.268258,0.731742,0.082082,0.08439
7258,24,0.56138,0.039678,0.010002,0.052904,0.336036,0.268273,0.731727,0.133358,0.132378
7259,30,0.561381,0.039678,0.01,0.052904,0.336037,0.268337,0.731663,0.119531,0.11688
7260,30,0.561419,0.039675,0.009999,0.0529,0.336008,0.268311,0.731689,0.122266,0.122052
7261,24,0.561296,0.039666,0.009998,0.052888,0.336153,0.268324,0.731676,0.120199,0.119251
7262,30,0.561145,0.039662,0.009999,0.052883,0.336311,0.268264,0.731736,0.11849,0.119124
7263,30,0.561414,0.039638,0.009994,0.05285,0.336104,0.268148,0.731852,0.094158,0.09517
7264,24,0.561165,0.03962,0.009996,0.052827,0.336393,0.268059,0.731941,0.1229,0.124706
7265,30,0.56086,0.039616,0.009999,0.052822,0.336702,0.268084,0.731916,0.122988,0.121099
7266,30,0.560343,0.03958,0.010913,0.052773,0.336392,0.268067,0.731933,0.126101,0.126113
7267,30,0.560525,0.03961,0.010399,0.052814,0.336652,0.268221,0.731779,0.124914,0.119677
7268,24,0.560359,0.039613,0.010534,0.052818,0.336676,0.268235,0.731765,0.133304,0.132333
7269,24,0.560659,0.039634,0.010005,0.052846,0.336856,0.268214,0.731786,0.129923,0.129929
7270,30,0.560662,0.039635,0.01,0.052846,0.336857,0.268374,0.731626,0.119487,0.113739
7271,30,0.560662,0.039635,0.01,0.052846,0.336857,0.268438,0.731562,0.119531,0.116878
7272,24,0.560663,0.039635,0.01,0.052846,0.336856,0.268483,0.731517,0.123295,0.12149
7273,30,0.560519,0.039624,0.010254,0.052832,0.33677,0.268466,0.731534,0.119487,0.119487
7274,24,0.561156,0.03959,0.009991,0.052786,0.336477,0.268254,0.731746,0.092797,0.097138
7275,24,0.561151,0.03959,0.01,0.052786,0.336474,0.268301,0.731699,0.123641,0.121818
7276,24,0.561151,0.03959,0.01,0.052786,0.336474,0.26828,0.73172,0.121612,0.121613
7277,30,0.561097,0.039585,0.010107,0.052779,0.336432,0.268308,0.731692,0.125562,0.124343
7278,30,0.561008,0.039585,0.01,0.05278,0.336627,0.268248,0.731752,0.118501,0.119138
7279,30,0.561217,0.039566,0.009995,0.052755,0.336467,0.268173,0.731827,0.112436,0.11355
7280,24,0.561214,0.039566,0.01,0.052755,0.336465,0.268152,0.731848,0.121587,0.121593
7281,30,0.561214,0.039566,0.01,0.052755,0.336465,0.268215,0.731785,0.119487,0.116853
7282,24,0.561166,0.039563,0.010085,0.05275,0.336436,0.268193,0.731807,0.129866,0.129885
7283,30,0.561113,0.039558,0.009999,0.052744,0.336587,0.268223,0.731777,0.115917,0.114134
7284,24,0.561113,0.039558,0.01,0.052744,0.336586,0.26827,0.73173,0.123683,0.121851
7285,30,0.560679,0.039534,0.0105,0.052712,0.336575,0.268245,0.731755,0.125104,0.125274
7286,24,0.560819,0.039514,0.010353,0.052686,0.336628,0.268093,0.731907,0.113964,0.117031
7287,24,0.560894,0.03952,0.010001,0.052693,0.336892,0.268038,0.731962,0.126399,0.127296
7288,24,0.560772,0.039511,0.009998,0.052681,0.337037,0.268052,0.731948,0.120212,0.119263
7289,24,0.561043,0.039487,0.009994,0.052649,0.336827,0.268026,0.731974,0.099453,0.098246
7290,24,0.561312,0.039462,0.009994,0.052616,0.336617,0.267849,0.732151,0.105704,0.108554
7291,24,0.561455,0.039448,0.010006,0.052597,0.336495,0.267741,0.732259,0.11614,0.117681
7292,24,0.561732,0.039423,0.009994,0.052564,0.336287,0.267653,0.732347,0.107362,0.10872
7293,24,0.561393,0.039414,0.009998,0.052552,0.336644,0.2676,0.7324,0.118001,0.118807
7294,30,0.5612,0.0394,0.009997,0.052534,0.33687,0.267552,0.732448,0.117604,0.118357
7295,24,0.561125,0.039395,0.010129,0.052527,0.336825,0.26753,0.73247,0.129878,0.129895
7296,24,0.561471,0.039375,0.009995,0.052501,0.336658,0.267443,0.732557,0.107422,0.108776
7297,30,0.561488,0.039374,0.01,0.052498,0.336641,0.267568,0.732432,0.124712,0.12024
7298,30,0.561602,0.039355,0.010088,0.052473,0.336482,0.267437,0.732563,0.109192,0.111395
7299,24,0.561833,0.039342,0.009997,0.052456,0.336372,0.26732,0.73268,0.10923,0.111359
7300,30,0.562076,0.03932,0.009994,0.052427,0.336183,0.267232,0.732768,0.111928,0.113495
7301,30,0.562056,0.039318,0.01003,0.052425,0.336171,0.267264,0.732736,0.126144,0.124828
7302,30,0.562052,0.039322,0.010001,0.052429,0.336197,0.267405,0.732595,0.137174,0.131877
7303,30,0.562261,0.039303,0.009995,0.052404,0.336037,0.267331,0.732669,0.11252,0.113606
7304,24,0.562046,0.039302,0.01,0.052403,0.336249,0.267312,0.732688,0.121529,0.121429
7305,24,0.561956,0.03931,0.010002,0.052414,0.336318,0.26729,0.73271,0.125039,0.12434
7306,30,0.562132,0.039295,0.009996,0.052393,0.336184,0.26719,0.73281,0.108889,0.110772
7307,30,0.561995,0.039285,0.010238,0.05238,0.336102,0.267138,0.732862,0.119487,0.119954
7308,24,0.561947,0.039282,0.010323,0.052375,0.336073,0.267117,0.732883,0.121558,0.121567
7309,24,0.561916,0.039294,0.010003,0.052392,0.336396,0.267098,0.732902,0.121517,0.121427
7310,24,0.561796,0.039285,0.009998,0.05238,0.336541,0.267109,0.732891,0.119771,0.118867
7311,24,0.561796,0.039285,0.01,0.05238,0.336539,0.2672,0.7328,0.114958,0.111224
7312,30,0.561771,0.039257,0.009993,0.052342,0.336638,0.267052,0.732948,0.10491,0.107935
7313,30,0.561725,0.03926,0.010001,0.052347,0.336668,0.267022,0.732978,0.121561,0.12142
7314,30,0.561684,0.039264,0.010001,0.052352,0.3367,0.267027,0.732973,0.121561,0.120951
7315,30,0.561577,0.039256,0.009998,0.052342,0.336827,0.266981,0.733019,0.116471,0.117223
7316,30,0.561583,0.039256,0.01,0.052341,0.336821,0.267009,0.732991,0.125614,0.124386
7317,30,0.561072,0.03922,0.010899,0.052293,0.336515,0.266945,0.733055,0.129412,0.130195
7318,30,0.56114,0.039171,0.011366,0.052228,0.336096,0.26677,0.73323,0.114653,0.118204
7319,24,0.56098,0.03916,0.01121,0.052213,0.336437,0.266681,0.733319,0.122871,0.124653
7320,24,0.5614,0.039189,0.01047,0.052252,0.336689,0.26666,0.73334,0.121601,0.121599
7321,24,0.561665,0.039207,0.010005,0.052277,0.336846,0.266705,0.733295,0.123295,0.121498
7322,24,0.561668,0.039208,0.01,0.052277,0.336848,0.266684,0.733316,0.129907,0.129908
7323,30,0.561648,0.039206,0.010036,0.052275,0.336835,0.266716,0.733284,0.126144,0.124833
7324,24,0.561546,0.039199,0.009998,0.052265,0.336991,0.266727,0.733273,0.119767,0.118865
7325,24,0.561545,0.039199,0.01,0.052265,0.336991,0.266706,0.733294,0.129907,0.129908
7326,30,0.561711,0.039184,0.009996,0.052245,0.336863,0.266564,0.733436,0.119215,0.1217
7327,24,0.561709,0.039184,0.01,0.052245,0.336862,0.266612,0.733388,0.123695,0.121864
7328,30,0.561383,0.039168,0.010502,0.052224,0.336723,0.266617,0.733383,0.128174,0.127572
7329,24,0.561665,0.039187,0.010005,0.05225,0.336892,0.266665,0.733335,0.123718,0.121877
7330,30,0.561468,0.039162,0.010481,0.052216,0.336673,0.26674,0.73326,0.116028,0.113045
7331,30,0.561456,0.039168,0.010088,0.052224,0.337064,0.266665,0.733335,0.112984,0.114439
7332,30,0.561655,0.039145,0.010139,0.052193,0.336867,0.266487,0.733513,0.109099,0.111549
7333,30,0.561626,0.039143,0.009999,0.05219,0.337041,0.26654,0.73346,0.109858,0.107506
7334,30,0.561441,0.039129,0.009996,0.052172,0.337262,0.266488,0.733512,0.117033,0.117872
7335,24,0.561441,0.039129,0.01,0.052171,0.33726,0.266579,0.733421,0.114958,0.111229
7336,30,0.561207,0.039119,0.009998,0.052159,0.337518,0.266462,0.733538,0.12297,0.124999
7337,30,0.56071,0.039084,0.010875,0.052112,0.337219,0.266433,0.733567,0.136081,0.136396
7338,30,0.561302,0.039044,0.010724,0.052059,0.336871,0.266157,0.733843,0.088131,0.093965
7339,24,0.561891,0.039056,0.010003,0.052075,0.336975,0.26604,0.73396,0.109216,0.111335
7340,30,0.561864,0.039059,0.010001,0.052078,0.336999,0.266311,0.733689,0.116741,0.107698
7341,24,0.561741,0.03905,0.009998,0.052067,0.337144,0.266325,0.733675,0.120183,0.119252
7342,24,0.56165,0.039058,0.010002,0.052078,0.337212,0.26634,0.73366,0.133358,0.132382
7343,30,0.561668,0.039026,0.009992,0.052035,0.337278,0.266186,0.733814,0.103967,0.107112
7344,24,0.561451,0.039025,0.01,0.052034,0.33749,0.266167,0.733833,0.129829,0.129734
7345,30,0.561458,0.039025,0.01,0.052033,0.337484,0.266195,0.733805,0.125614,0.124384
7346,24,0.561458,0.039025,0.01,0.052033,0.337484,0.266243,0.733757,0.12374,0.1219
7347,30,0.561458,0.039025,0.01,0.052033,0.337484,0.266325,0.733675,0.112885,0.109778
7348,24,0.56173,0.039001,0.009994,0.052001,0.337275,0.266148,0.733852,0.105695,0.108528
7349,24,0.561726,0.039,0.01,0.052001,0.337273,0.266195,0.733805,0.12367,0.121846
7350,30,0.561943,0.038981,0.009995,0.051975,0.337106,0.266122,0.733878,0.11353,0.114689
7351,30,0.561812,0.038975,0.009999,0.051967,0.337247,0.26617,0.73383,0.117471,0.11483
7352,30,0.561486,0.038959,0.010501,0.051946,0.337109,0.266175,0.733825,0.128174,0.127571
7353,30,0.561236,0.038937,0.010805,0.051916,0.337106,0.266118,0.733882,0.121678,0.122697
7354,30,0.561688,0.038968,0.010008,0.051958,0.337378,0.266201,0.733799,0.11295,0.109823
7355,30,0.561592,0.03896,0.009998,0.051947,0.337502,0.266232,0.733768,0.115913,0.114134
7356,24,0.561591,0.03896,0.01,0.051947,0.337501,0.26628,0.73372,0.12374,0.1219
7357,30,0.561598,0.03896,0.01,0.051946,0.337496,0.26634,0.73366,0.119012,0.116458
7358,30,0.561454,0.03895,0.010254,0.051933,0.337409,0.266323,0.733677,0.119487,0.119483
7359,30,0.561597,0.03896,0.010003,0.051946,0.337495,0.266387,0.733613,0.119531,0.116891
7360,30,0.561822,0.03894,0.009995,0.05192,0.337323,0.26631,0.73369,0.112911,0.114188
7361,24,0.561607,0.038939,0.01,0.051919,0.337536,0.266291,0.733709,0.121521,0.121432
7362,30,0.561464,0.038929,0.010252,0.051906,0.33745,0.266274,0.733726,0.119483,0.119479
7363,24,0.561605,0.038939,0.010003,0.051919,0.337535,0.266321,0.733679,0.12367,0.121846
7364,24,0.561517,0.038947,0.010002,0.051929,0.337605,0.266336,0.733664,0.133358,0.132382
7365,30,0.561897,0.038913,0.009991,0.051885,0.337314,0.266278,0.733722,0.102766,0.103037
7366,30,0.562172,0.038888,0.009994,0.051851,0.337095,0.26611,0.73389,0.100393,0.103537
7367,24,0.561956,0.038887,0.01,0.05185,0.337307,0.266091,0.733909,0.121525,0.121426
7368,30,0.56194,0.038886,0.010027,0.051849,0.337298,0.266039,0.733961,0.119498,0.119956
7369,24,0.562408,0.038847,0.00999,0.051796,0.336958,0.26579,0.73421,0.093268,0.098518
7370,24,0.562673,0.038823,0.009994,0.051764,0.336746,0.265766,0.734234,0.099471,0.098253
7371,30,0.562677,0.038822,0.01,0.051763,0.336739,0.265795,0.734205,0.125614,0.12439
7372,24,0.562683,0.038802,0.009995,0.051736,0.336784,0.265653,0.734347,0.106915,0.109767
7373,30,0.562488,0.038789,0.009997,0.051718,0.337009,0.265605,0.734395,0.1176,0.118342
7374,30,0.562652,0.038774,0.009996,0.051698,0.33688,0.265475,0.734525,0.102552,0.104717
7375,24,0.562742,0.038765,0.009998,0.051687,0.336808,0.265482,0.734518,0.119437,0.118669
7376,24,0.562619,0.038757,0.009998,0.051676,0.336951,0.265493,0.734507,0.119767,0.118866
7377,30,0.562618,0.038757,0.01,0.051676,0.33695,0.265526,0.734474,0.126202,0.124875
7378,30,0.562993,0.038716,0.010078,0.051621,0.336593,0.265208,0.734792,0.101509,0.108671
7379,24,0.562944,0.038712,0.010163,0.051616,0.336564,0.265187,0.734813,0.129866,0.129878
7380,24,0.562588,0.038688,0.010789,0.051584,0.336351,0.265166,0.734834,0.129853,0.12987
7381,30,0.563079,0.038701,0.010156,0.051601,0.336463,0.265073,0.734927,0.109869,0.111608
7382,30,0.563126,0.03871,0.010003,0.051614,0.336548,0.265079,0.734921,0.121563,0.120947
7383,24,0.563256,0.038699,0.009997,0.051599,0.336449,0.265118,0.734882,0.10207,0.099143
7384,30,0.563229,0.038697,0.010045,0.051596,0.336433,0.265151,0.734849,0.126144,0.124835
7385,30,0.5631,0.038682,0.009996,0.051576,0.336645,0.265045,0.734955,0.10706,0.10889
7386,24,0.563098,0.038682,0.01,0.051576,0.336644,0.265025,0.734975,0.12164,0.121621
7387,24,0.563098,0.038682,0.01,0.051576,0.336644,0.265005,0.734995,0.121628,0.121615
7388,30,0.562953,0.038672,0.010254,0.051563,0.336557,0.264988,0.735012,0.119487,0.119479
7389,24,0.563066,0.03868,0.010056,0.051573,0.336625,0.264923,0.735077,0.121572,0.122149
7390,30,0.563293,0.038665,0.009996,0.051553,0.336493,0.265023,0.734977,0.107861,0.103761
7391,30,0.563291,0.038665,0.01,0.051553,0.336492,0.264972,0.735028,0.119556,0.119991
7392,30,0.563183,0.038657,0.009998,0.051543,0.336619,0.265036,0.734964,0.123132,0.120444
7393,24,0.563182,0.038657,0.01,0.051543,0.336618,0.264971,0.735029,0.121572,0.122149
7394,30,0.563032,0.038653,0.009999,0.051538,0.336777,0.264912,0.735088,0.118493,0.119099
7395,24,0.562942,0.038661,0.010002,0.051548,0.336846,0.264927,0.735073,0.125042,0.124054
7396,30,0.562835,0.038654,0.009998,0.051539,0.336974,0.264931,0.735069,0.123128,0.122567
7397,30,0.562834,0.038654,0.01,0.051539,0.336973,0.264964,0.735036,0.126202,0.124877
7398,24,0.562834,0.038654,0.01,0.051539,0.336973,0.265246,0.734754,0.113263,0.104086
7399,30,0.562834,0.038654,0.01,0.051539,0.336973,0.265195,0.734805,0.119545,0.119989
7400,30,0.562834,0.038654,0.01,0.051539,0.336973,0.26526,0.73474,0.119542,0.116916
7401,30,0.562684,0.038667,0.010003,0.051556,0.337089,0.265392,0.734608,0.137712,0.13253
7402,30,0.56271,0.038635,0.009992,0.051513,0.337149,0.265276,0.734724,0.098249,0.100306
7403,30,0.562947,0.038613,0.009994,0.051485,0.336961,0.265221,0.734779,0.105281,0.105479
7404,24,0.562854,0.038621,0.010002,0.051495,0.337028,0.265236,0.734764,0.125042,0.124059
7405,30,0.562855,0.038621,0.01,0.051495,0.337029,0.265318,0.734682,0.112874,0.109776
7406,24,0.562806,0.038618,0.010085,0.051491,0.337,0.265297,0.734703,0.129866,0.129879
7407,24,0.562765,0.038629,0.010003,0.051506,0.337098,0.265312,0.734688,0.125042,0.124055
7408,30,0.562607,0.038618,0.01028,0.051491,0.337003,0.265393,0.734607,0.112819,0.109744
7409,24,0.562409,0.038605,0.010411,0.051473,0.337103,0.265337,0.734663,0.12635,0.127248
7410,24,0.56286,0.038601,0.009999,0.051468,0.337072,0.265259,0.734741,0.108705,0.109855
7411,24,0.56277,0.038609,0.010002,0.051479,0.337141,0.265237,0.734763,0.125025,0.12433
7412,24,0.562772,0.038609,0.01,0.051479,0.33714,0.265283,0.734717,0.123295,0.121516
7413,30,0.562632,0.038599,0.010246,0.051466,0.337056,0.265315,0.734685,0.136138,0.134305
7414,24,0.562772,0.038609,0.010002,0.051478,0.337138,0.26536,0.73464,0.123295,0.121503
7415,24,0.562774,0.038609,0.01,0.051478,0.337139,0.265447,0.734553,0.115333,0.111884
7416,30,0.562526,0.038605,0.010294,0.051473,0.337103,0.265545,0.734455,0.131004,0.127319
7417,24,0.56217,0.03858,0.01092,0.05144,0.33689,0.265479,0.734521,0.12153,0.122119
7418,30,0.562239,0.038588,0.010762,0.051451,0.33696,0.26562,0.73438,0.137172,0.131899
7419,24,0.56176,0.038555,0.011385,0.051407,0.336891,0.265564,0.734436,0.126315,0.127228
7420,30,0.561367,0.038535,0.011664,0.05138,0.337054,0.26555,0.73445,0.1196,0.118859
7421,30,0.561843,0.038568,0.010826,0.051424,0.33734,0.265615,0.734385,0.11955,0.116909
7422,24,0.562308,0.0386,0.010008,0.051466,0.337618,0.265663,0.734337,0.123727,0.121889
7423,30,0.562312,0.0386,0.01,0.051466,0.337621,0.265728,0.734272,0.119542,0.11691
7424,30,0.562488,0.038584,0.009996,0.051446,0.337486,0.265628,0.734372,0.108898,0.110766
7425,24,0.562758,0.03856,0.009994,0.051414,0.337274,0.265542,0.734458,0.107467,0.108784
7426,30,0.562963,0.038542,0.009995,0.051389,0.337112,0.265468,0.734532,0.112494,0.113571
7427,30,0.562963,0.038523,0.010205,0.051364,0.336946,0.265382,0.734618,0.115123,0.116334
7428,24,0.562955,0.038522,0.01,0.051363,0.33716,0.265396,0.734604,0.120195,0.119252
7429,30,0.562955,0.038522,0.01,0.051363,0.33716,0.26546,0.73454,0.119531,0.116897
7430,30,0.56312,0.038508,0.009996,0.051343,0.337032,0.265329,0.734671,0.109142,0.111327
7431,30,0.563118,0.038507,0.01,0.051343,0.337031,0.265313,0.734687,0.119545,0.119522
7432,30,0.562969,0.038504,0.009999,0.051338,0.33719,0.265254,0.734746,0.118489,0.119104
7433,24,0.562968,0.038504,0.01,0.051338,0.33719,0.265301,0.734699,0.123641,0.121832
7434,24,0.562808,0.038472,0.010507,0.051297,0.336917,0.265191,0.734809,0.118636,0.120627
7435,30,0.563035,0.038417,0.010892,0.051223,0.336433,0.264932,0.735068,0.10092,0.10648
7436,24,0.563189,0.038442,0.010246,0.051256,0.336867,0.264913,0.735087,0.129842,0.129738
7437,24,0.563206,0.038443,0.01,0.051257,0.337094,0.264924,0.735076,0.119766,0.118869
7438,24,0.563157,0.038439,0.010085,0.051253,0.337065,0.265025,0.734975,0.121558,0.117176
7439,30,0.562645,0.038405,0.010986,0.051206,0.336759,0.264961,0.735039,0.129412,0.130176
7440,24,0.562676,0.038421,0.010338,0.051228,0.337337,0.264908,0.735092,0.126304,0.1271
7441,30,0.562867,0.038434,0.010003,0.051245,0.337452,0.264973,0.735027,0.119588,0.116948
7442,30,0.563064,0.038417,0.009996,0.051222,0.337302,0.264911,0.735089,0.114487,0.115351
7443,24,0.563242,0.0384,0.009996,0.051201,0.337161,0.264946,0.735054,0.100868,0.097947
7444,30,0.563234,0.0384,0.010011,0.0512,0.337155,0.264894,0.735106,0.119498,0.119948
7445,24,0.563421,0.038384,0.009996,0.051179,0.337019,0.264778,0.735222,0.109204,0.111307
7446,30,0.563398,0.038386,0.01,0.051181,0.337034,0.265009,0.734991,0.120548,0.11292
7447,30,0.563519,0.038375,0.009997,0.051167,0.336941,0.26504,0.73496,0.115188,0.113305
7448,24,0.563428,0.038383,0.010002,0.051178,0.337009,0.265056,0.734944,0.125058,0.124061
7449,30,0.563436,0.038383,0.01,0.051177,0.337005,0.265117,0.734883,0.119,0.116457
7450,30,0.563328,0.038375,0.009998,0.051167,0.337131,0.265182,0.734818,0.116471,0.113768
7451,30,0.563327,0.038375,0.01,0.051167,0.337131,0.265247,0.734753,0.119542,0.116916
7452,24,0.563204,0.038367,0.009998,0.051156,0.337276,0.265192,0.734808,0.126366,0.127265
7453,30,0.562899,0.038356,0.010253,0.051141,0.337352,0.265333,0.734667,0.137148,0.131889
7454,30,0.563051,0.038364,0.010002,0.051153,0.337429,0.2654,0.7346,0.115156,0.112167
7455,30,0.563556,0.03832,0.009989,0.051094,0.337042,0.26512,0.73488,0.088617,0.0943
7456,24,0.5637,0.038307,0.009996,0.051076,0.336921,0.265331,0.734669,0.109901,0.10242
7457,24,0.563576,0.038298,0.009998,0.051064,0.337064,0.265342,0.734658,0.119754,0.118859
7458,24,0.563575,0.038298,0.01,0.051064,0.337063,0.26539,0.73461,0.12367,0.121849
7459,24,0.564026,0.038258,0.00999,0.051011,0.336715,0.265141,0.734859,0.101604,0.106836
7460,30,0.564184,0.038244,0.009996,0.050992,0.336585,0.265217,0.734783,0.095838,0.091816
7461,24,0.564058,0.038235,0.009998,0.05098,0.336728,0.265231,0.734769,0.120199,0.119264
7462,30,0.563674,0.038209,0.010672,0.050945,0.336499,0.265167,0.734833,0.129423,0.130193
7463,24,0.563787,0.038217,0.010474,0.050956,0.336567,0.265146,0.734854,0.129893,0.129903
7464,30,0.564159,0.038211,0.010171,0.050947,0.336512,0.265064,0.734936,0.112832,0.114275
7465,24,0.564475,0.038198,0.009997,0.05093,0.3364,0.264985,0.735015,0.108595,0.109774
7466,24,0.564893,0.038161,0.00999,0.050881,0.336075,0.264919,0.735081,0.094008,0.093714
7467,30,0.565073,0.038129,0.009992,0.050839,0.335968,0.264723,0.735277,0.097585,0.101475
7468,30,0.56508,0.038111,0.009995,0.050814,0.335999,0.264725,0.735275,0.112167,0.111029
7469,24,0.565032,0.038107,0.01008,0.05081,0.33597,0.264704,0.735296,0.121558,0.121561
7470,30,0.56496,0.038104,0.009999,0.050805,0.336131,0.264706,0.735294,0.122144,0.121485
7471,24,0.56496,0.038104,0.01,0.050805,0.336131,0.264686,0.735314,0.121657,0.121635
7472,30,0.565402,0.038065,0.00999,0.050754,0.33579,0.264388,0.735612,0.084523,0.090928
7473,30,0.565218,0.03808,0.010004,0.050774,0.335923,0.264427,0.735573,0.138249,0.136086
7474,30,0.565179,0.038084,0.010001,0.050779,0.335957,0.264433,0.735567,0.121566,0.120949
7475,30,0.56518,0.038084,0.01,0.050779,0.335957,0.264498,0.735502,0.119542,0.116916
7476,30,0.565042,0.038075,0.010242,0.050767,0.335875,0.264482,0.735518,0.119487,0.119478
7477,30,0.564606,0.038052,0.010742,0.050736,0.335864,0.264458,0.735542,0.12511,0.125269
7478,24,0.565393,0.038048,0.009999,0.050731,0.33583,0.264397,0.735603,0.095233,0.09492
7479,24,0.565485,0.03804,0.009998,0.05072,0.335757,0.264402,0.735598,0.119035,0.118304
7480,30,0.565442,0.038043,0.010001,0.050725,0.335789,0.264396,0.735604,0.138193,0.137882
7481,30,0.565297,0.038034,0.010255,0.050712,0.335702,0.26449,0.73551,0.119487,0.116038
7482,24,0.565249,0.03803,0.01034,0.050707,0.335673,0.264469,0.735531,0.129866,0.129877
7483,30,0.564748,0.037997,0.011217,0.050662,0.335376,0.264441,0.735559,0.136081,0.136384
7484,24,0.565283,0.037991,0.010744,0.050655,0.335327,0.264417,0.735583,0.099427,0.098197
7485,24,0.565246,0.037989,0.010591,0.050651,0.335523,0.264362,0.735638,0.126382,0.127266
7486,24,0.565534,0.037985,0.010345,0.050646,0.33549,0.264407,0.735593,0.109889,0.107377
7487,30,0.565736,0.037997,0.010003,0.050663,0.3356,0.264468,0.735532,0.118986,0.116454
7488,24,0.565738,0.037997,0.01,0.050663,0.335601,0.264516,0.735484,0.123712,0.121888
7489,30,0.565649,0.038005,0.010002,0.050674,0.33567,0.264788,0.735212,0.123922,0.115109
7490,30,0.565473,0.038021,0.010004,0.050694,0.335808,0.264827,0.735173,0.138249,0.136085
7491,30,0.565513,0.038018,0.009999,0.05069,0.33578,0.264801,0.735199,0.115567,0.115353
7492,30,0.565971,0.037978,0.009989,0.050637,0.335426,0.264475,0.735525,0.099523,0.106701
7493,24,0.565752,0.037977,0.01,0.050636,0.335636,0.264456,0.735544,0.12985,0.129746
7494,30,0.565605,0.037935,0.010612,0.05058,0.335267,0.264401,0.735599,0.115613,0.115282
7495,24,0.565907,0.037962,0.010007,0.050616,0.335507,0.264706,0.735294,0.115022,0.105192
7496,30,0.56608,0.037947,0.010005,0.050596,0.335373,0.264594,0.735406,0.125426,0.127601
7497,30,0.565848,0.037938,0.009998,0.050584,0.335633,0.264519,0.735481,0.112999,0.114438
7498,24,0.565802,0.037941,0.010001,0.050589,0.335667,0.264824,0.735176,0.115022,0.10519
7499,30,0.565774,0.03794,0.010049,0.050586,0.335651,0.264857,0.735143,0.126144,0.124835
7500,30,0.565947,0.037929,0.009997,0.050572,0.335555,0.264716,0.735284,0.102951,0.104637
7501,24,0.565947,0.037929,0.01,0.050572,0.335553,0.264761,0.735239,0.123283,0.121499
7502,30,0.566161,0.03791,0.009995,0.050546,0.335387,0.264688,0.735312,0.113465,0.11462
7503,24,0.566069,0.037917,0.010002,0.050557,0.335455,0.264834,0.735166,0.116743,0.111613
7504,30,0.566277,0.0379,0.009995,0.050533,0.335296,0.26487,0.73513,0.099168,0.096412
7505,24,0.566185,0.037907,0.010002,0.050543,0.335363,0.264886,0.735114,0.125054,0.124062
7506,24,0.566122,0.037889,0.010051,0.050518,0.33542,0.264789,0.735211,0.12205,0.124017
7507,30,0.56611,0.037894,0.010001,0.050526,0.335469,0.264893,0.735107,0.114964,0.111265
7508,24,0.56638,0.037871,0.009994,0.050494,0.335261,0.264806,0.735194,0.107416,0.108733
7509,30,0.566227,0.037867,0.009999,0.050489,0.335418,0.264881,0.735119,0.111898,0.108958
7510,30,0.566077,0.037863,0.009999,0.050484,0.335577,0.264822,0.735178,0.118494,0.119112
7511,24,0.565952,0.037855,0.009998,0.050473,0.335722,0.264767,0.735233,0.118062,0.118944
7512,24,0.566131,0.037839,0.009996,0.050452,0.335582,0.26465,0.73535,0.117428,0.119553
7513,24,0.566128,0.037839,0.01,0.050452,0.335581,0.264737,0.735263,0.115347,0.111904
7514,30,0.56599,0.03783,0.010242,0.05044,0.335499,0.26472,0.73528,0.119487,0.119479
7515,24,0.566004,0.037831,0.01,0.050441,0.335724,0.264731,0.735269,0.119759,0.118862
7516,24,0.565792,0.03783,0.01,0.05044,0.335938,0.264713,0.735287,0.121542,0.121431
7517,30,0.565998,0.037812,0.009995,0.050416,0.335779,0.264639,0.735361,0.112465,0.113531
7518,24,0.566264,0.037789,0.009994,0.050385,0.335569,0.264615,0.735385,0.099417,0.098195
7519,30,0.566025,0.037779,0.009997,0.050372,0.335826,0.264652,0.735348,0.112999,0.110922
7520,24,0.566024,0.037779,0.01,0.050372,0.335825,0.264631,0.735369,0.129895,0.129902
7521,30,0.566308,0.037754,0.009993,0.050339,0.335606,0.264516,0.735484,0.093638,0.094587
7522,30,0.566431,0.037743,0.009997,0.050324,0.335506,0.264543,0.735457,0.11463,0.112843
7523,30,0.566388,0.037746,0.010001,0.050329,0.335536,0.264549,0.735451,0.121566,0.120953
7524,24,0.566175,0.037746,0.01,0.050328,0.335751,0.264531,0.735469,0.121542,0.121439
7525,30,0.565944,0.037704,0.010703,0.050272,0.335377,0.264415,0.735585,0.114341,0.116707
7526,30,0.566177,0.037719,0.010105,0.050293,0.335707,0.264419,0.735581,0.123133,0.122569
7527,30,0.566243,0.037723,0.010001,0.050297,0.335737,0.264448,0.735552,0.125613,0.124389
7528,30,0.566237,0.037704,0.010218,0.050272,0.335569,0.264363,0.735637,0.115109,0.116309
7529,30,0.56621,0.037709,0.010001,0.050278,0.335802,0.264438,0.735562,0.111883,0.10895
7530,30,0.566289,0.037702,0.009998,0.050269,0.335742,0.264509,0.735491,0.110597,0.107645
7531,24,0.566468,0.037686,0.009996,0.050248,0.335602,0.264392,0.735608,0.117424,0.119548
7532,30,0.566544,0.037679,0.009998,0.050239,0.33554,0.264446,0.735554,0.113785,0.111124
7533,24,0.566498,0.037683,0.010001,0.050244,0.335574,0.264584,0.735416,0.123345,0.118424
7534,24,0.5665,0.037683,0.01,0.050244,0.335573,0.264676,0.735324,0.114972,0.111268
7535,30,0.565984,0.037649,0.010901,0.050198,0.335268,0.264659,0.735341,0.126101,0.126105
7536,24,0.566023,0.037658,0.010538,0.050211,0.33557,0.264743,0.735257,0.119796,0.115874
7537,30,0.565878,0.037648,0.010792,0.050198,0.335484,0.264726,0.735274,0.119486,0.119479
7538,24,0.56623,0.037656,0.010358,0.050208,0.335549,0.264808,0.735192,0.117871,0.113753
7539,24,0.566735,0.037633,0.010106,0.050178,0.335349,0.264595,0.735405,0.101414,0.105134
7540,24,0.566404,0.037588,0.010942,0.050118,0.334949,0.264488,0.735512,0.116067,0.117588
7541,24,0.566665,0.037606,0.010486,0.050141,0.335103,0.264575,0.735425,0.115345,0.111906
7542,30,0.566735,0.037613,0.010328,0.050151,0.335173,0.264696,0.735304,0.12055,0.116371
7543,30,0.567084,0.037612,0.01,0.050149,0.335157,0.264543,0.735457,0.112512,0.114473
7544,30,0.567068,0.037611,0.010027,0.050147,0.335147,0.264492,0.735508,0.119498,0.11995
7545,24,0.567083,0.037612,0.01,0.050149,0.335156,0.264594,0.735406,0.121572,0.117195
7546,30,0.567063,0.03761,0.010036,0.050147,0.335144,0.264627,0.735373,0.126144,0.124838
7547,24,0.567083,0.037612,0.01,0.050149,0.335156,0.264675,0.735325,0.123712,0.121893
7548,30,0.567297,0.037593,0.009995,0.050124,0.334991,0.264602,0.735398,0.113407,0.114577
7549,30,0.567059,0.037584,0.009997,0.050111,0.335248,0.264497,0.735503,0.113008,0.114708
7550,30,0.566935,0.037575,0.010215,0.0501,0.335174,0.264434,0.735566,0.129467,0.130218
7551,24,0.566968,0.037591,0.010004,0.050121,0.335315,0.26445,0.73555,0.133374,0.132388
7552,24,0.56712,0.037578,0.009997,0.050104,0.335201,0.264495,0.735505,0.109884,0.107371
7553,24,0.566781,0.037569,0.009998,0.050093,0.33556,0.264442,0.735558,0.126334,0.127122
7554,30,0.566749,0.037555,0.009996,0.050074,0.335625,0.264483,0.735517,0.107513,0.105322
7555,24,0.566747,0.037555,0.01,0.050074,0.335624,0.264462,0.735538,0.129924,0.129927
7556,30,0.566645,0.037547,0.009998,0.050063,0.335746,0.264493,0.735507,0.115916,0.11414
7557,24,0.566789,0.037516,0.009992,0.050021,0.335682,0.264372,0.735628,0.103816,0.106029
7558,30,0.566844,0.03751,0.009999,0.050014,0.335634,0.26443,0.73557,0.121878,0.119283
7559,24,0.566843,0.03751,0.01,0.050014,0.335633,0.264532,0.735468,0.113263,0.10942
7560,24,0.566754,0.037518,0.010002,0.050024,0.335702,0.264548,0.735452,0.125054,0.124069
7561,30,0.566955,0.037501,0.009995,0.050001,0.335547,0.264603,0.735397,0.112778,0.109879
7562,24,0.56717,0.037482,0.009995,0.049976,0.335377,0.264524,0.735476,0.108531,0.109723
7563,24,0.567078,0.037489,0.010002,0.049986,0.335445,0.264503,0.735497,0.125055,0.12435
7564,30,0.566933,0.03748,0.010256,0.049973,0.335358,0.264487,0.735513,0.119487,0.119478
7565,24,0.566733,0.037466,0.010386,0.049955,0.335459,0.264432,0.735568,0.126354,0.127251
7566,30,0.56703,0.037474,0.010002,0.049966,0.335528,0.264503,0.735497,0.110597,0.107649
7567,24,0.566943,0.037482,0.010002,0.049976,0.335597,0.264518,0.735482,0.133362,0.132386
7568,24,0.566944,0.037482,0.01,0.049976,0.335598,0.264566,0.735434,0.12367,0.12186
7569,30,0.56675,0.037469,0.009997,0.049959,0.335825,0.264509,0.735491,0.120965,0.121127
7570,24,0.566891,0.037456,0.010008,0.049941,0.335704,0.264569,0.735431,0.107804,0.104896
7571,30,0.566933,0.037453,0.009999,0.049937,0.335678,0.264543,0.735457,0.122233,0.122025
7572,24,0.566596,0.037444,0.009998,0.049925,0.336037,0.26449,0.73551,0.118017,0.118806
7573,24,0.566863,0.037421,0.009994,0.049894,0.335828,0.264403,0.735597,0.107343,0.108666
7574,30,0.566867,0.03742,0.01,0.049893,0.33582,0.264464,0.735536,0.118997,0.116458
7575,30,0.566538,0.037405,0.010502,0.049873,0.335682,0.264529,0.735471,0.128183,0.12546
7576,24,0.566942,0.037404,0.010105,0.049872,0.335677,0.264412,0.735588,0.117452,0.11957
7577,24,0.566894,0.037401,0.01019,0.049868,0.335648,0.264391,0.735609,0.129866,0.129877
7578,30,0.567235,0.037388,0.009997,0.04985,0.335531,0.264411,0.735589,0.111945,0.109992
7579,30,0.567406,0.037373,0.009996,0.04983,0.335396,0.264295,0.735705,0.10773,0.110084
7580,30,0.567609,0.037355,0.009995,0.049806,0.335235,0.264221,0.735779,0.112424,0.113494
7581,24,0.567607,0.037354,0.01,0.049806,0.335232,0.264313,0.735687,0.114958,0.11125
7582,24,0.567518,0.037362,0.010002,0.049816,0.335301,0.264292,0.735708,0.125041,0.124334
7583,24,0.567664,0.037331,0.009992,0.049774,0.335239,0.264171,0.735829,0.103829,0.106032
7584,24,0.567659,0.037331,0.01,0.049774,0.335236,0.264106,0.735894,0.121572,0.122143
7585,30,0.567143,0.037297,0.010901,0.049729,0.334931,0.264089,0.735911,0.126101,0.126104
7586,24,0.567451,0.03733,0.010211,0.049774,0.335235,0.264105,0.735895,0.125061,0.12407
7587,30,0.567368,0.037326,0.009999,0.049768,0.335539,0.264099,0.735901,0.10999,0.108881
7588,24,0.567634,0.037303,0.009994,0.049737,0.335331,0.264076,0.735924,0.099446,0.098204
7589,24,0.567631,0.037303,0.01,0.049737,0.335329,0.264056,0.735944,0.121612,0.1216
7590,30,0.567492,0.037294,0.010242,0.049725,0.335247,0.264004,0.735996,0.119487,0.119936
7591,30,0.567472,0.037292,0.010278,0.049723,0.335235,0.264037,0.735963,0.126144,0.12484
7592,24,0.567506,0.037294,0.010001,0.049726,0.335473,0.264049,0.735951,0.119763,0.118872
7593,24,0.567774,0.037271,0.009994,0.049695,0.335266,0.26404,0.73596,0.097318,0.095698
7594,24,0.567681,0.037279,0.010002,0.049705,0.335332,0.264056,0.735944,0.133378,0.1324
7595,24,0.567774,0.037271,0.009998,0.049695,0.335262,0.264261,0.735739,0.111042,0.104014
7596,24,0.567725,0.037268,0.010083,0.049691,0.335234,0.264196,0.735804,0.121558,0.122136
7597,30,0.567579,0.037258,0.010337,0.049678,0.335148,0.26418,0.73582,0.119487,0.119478
7598,24,0.567772,0.037271,0.010003,0.049694,0.33526,0.264272,0.735728,0.114972,0.111259
7599,24,0.568042,0.037248,0.009994,0.049664,0.335053,0.264185,0.735815,0.10731,0.10864
7600,24,0.56795,0.037255,0.010002,0.049674,0.335119,0.264201,0.735799,0.133378,0.132392
7601,24,0.56835,0.037214,0.010069,0.049619,0.334749,0.263951,0.736049,0.101421,0.106641
7602,30,0.56829,0.037198,0.010115,0.049598,0.334799,0.263858,0.736142,0.114125,0.115476
7603,30,0.568314,0.037206,0.010002,0.049608,0.334869,0.263864,0.736136,0.121569,0.120953
7604,30,0.568167,0.037219,0.010003,0.049625,0.334985,0.264037,0.735963,0.127787,0.121568
7605,30,0.56816,0.03722,0.01,0.049627,0.334993,0.264107,0.735893,0.118556,0.115601
7606,24,0.567638,0.037186,0.01091,0.049581,0.334685,0.264042,0.735958,0.121516,0.1221
7607,30,0.567789,0.037205,0.010543,0.049606,0.334857,0.264308,0.735692,0.123394,0.114785
7608,30,0.568376,0.037201,0.009999,0.049601,0.334823,0.264264,0.735736,0.097794,0.097681
7609,30,0.568315,0.037206,0.010001,0.049608,0.33487,0.26453,0.73547,0.123395,0.114773
7610,30,0.568316,0.037206,0.01,0.049608,0.33487,0.264595,0.735405,0.119542,0.11692
7611,24,0.568494,0.037191,0.009996,0.049588,0.334732,0.264479,0.735521,0.117486,0.119596
7612,30,0.568471,0.037192,0.01,0.04959,0.334746,0.264565,0.735435,0.120582,0.116864
7613,24,0.568472,0.037192,0.01,0.04959,0.334746,0.264657,0.735343,0.114972,0.111267
7614,30,0.568472,0.037192,0.01,0.04959,0.334746,0.264606,0.735394,0.119545,0.119984
7615,24,0.56874,0.037169,0.009994,0.049559,0.334538,0.264519,0.735481,0.107338,0.108671
7616,30,0.568796,0.037164,0.009999,0.049552,0.33449,0.264668,0.735332,0.12126,0.11572
7617,30,0.568364,0.037162,0.010105,0.04955,0.334818,0.264667,0.735333,0.126344,0.125712
7618,30,0.568056,0.037145,0.010607,0.049527,0.334664,0.264787,0.735213,0.127165,0.122998
7619,24,0.568312,0.037176,0.010008,0.049567,0.334936,0.264803,0.735197,0.125061,0.124066
7620,24,0.56779,0.037141,0.010918,0.049522,0.334629,0.264738,0.735262,0.121516,0.122114
7621,24,0.568385,0.03714,0.010342,0.04952,0.334613,0.264651,0.735349,0.107305,0.108649
7622,30,0.568879,0.037122,0.01005,0.049496,0.334452,0.264436,0.735564,0.096786,0.101601
7623,24,0.568784,0.037116,0.009998,0.049488,0.334615,0.264382,0.735618,0.11812,0.118987
7624,24,0.568694,0.037123,0.010002,0.049498,0.334683,0.264398,0.735602,0.125074,0.124075
7625,30,0.568519,0.037138,0.010004,0.049518,0.334821,0.264438,0.735562,0.138277,0.136104
7626,30,0.568521,0.037139,0.01,0.049518,0.334822,0.264375,0.735625,0.129478,0.130226
7627,30,0.568345,0.037154,0.010004,0.049538,0.334959,0.264426,0.735574,0.128286,0.125816
7628,24,0.567823,0.03712,0.010914,0.049493,0.334651,0.264527,0.735473,0.121516,0.117147
7629,30,0.568143,0.037147,0.010094,0.049529,0.335088,0.264602,0.735398,0.111895,0.108956
7630,24,0.568242,0.037146,0.01,0.049529,0.335084,0.26484,0.73516,0.113235,0.105183
7631,24,0.56842,0.037131,0.009996,0.049508,0.334945,0.264723,0.735277,0.117486,0.119595
7632,24,0.568329,0.037139,0.010002,0.049518,0.335013,0.264739,0.735261,0.125058,0.124066
7633,24,0.568241,0.037146,0.010002,0.049528,0.335082,0.264755,0.735245,0.125058,0.124066
7634,30,0.568214,0.037144,0.01005,0.049526,0.335066,0.264788,0.735212,0.126144,0.124835
7635,24,0.568242,0.037146,0.010001,0.049528,0.335083,0.264767,0.735233,0.129895,0.129898
7636,30,0.568252,0.037129,0.009995,0.049505,0.335118,0.264653,0.735347,0.112114,0.114063
7637,24,0.567964,0.037123,0.010128,0.049498,0.335287,0.264634,0.735366,0.129805,0.12972
7638,30,0.567839,0.037115,0.010346,0.049487,0.335214,0.264571,0.735429,0.129467,0.130218
7639,24,0.56799,0.037132,0.010004,0.049509,0.335364,0.264709,0.735291,0.123335,0.118417
7640,24,0.567869,0.037124,0.009998,0.049499,0.335511,0.264654,0.735346,0.118062,0.118944
7641,24,0.568046,0.037109,0.009996,0.049478,0.335371,0.264537,0.735463,0.11742,0.119549
7642,30,0.56785,0.037096,0.009997,0.049461,0.335597,0.264489,0.735511,0.117611,0.118351
7643,24,0.567759,0.037103,0.010002,0.049471,0.335665,0.264468,0.735532,0.125055,0.12435
7644,30,0.56761,0.0371,0.009999,0.049466,0.335825,0.264543,0.735457,0.111883,0.108947
7645,30,0.567302,0.037083,0.010501,0.049444,0.335671,0.264663,0.735337,0.127165,0.122998
7646,24,0.567421,0.037104,0.010141,0.049472,0.335862,0.264809,0.735191,0.116733,0.11161
7647,30,0.567501,0.037109,0.010001,0.049479,0.33591,0.264758,0.735242,0.119556,0.119996
7648,30,0.56768,0.037094,0.009996,0.049459,0.335772,0.264764,0.735236,0.113972,0.112866
7649,24,0.567677,0.037094,0.01,0.049458,0.335771,0.264743,0.735257,0.121587,0.121581
7650,30,0.567636,0.037097,0.010001,0.049463,0.335803,0.264713,0.735287,0.121569,0.121413
7651,30,0.568015,0.037065,0.009991,0.04942,0.335509,0.2646,0.7354,0.08584,0.087291
7652,24,0.567797,0.037064,0.01,0.049419,0.335721,0.264581,0.735419,0.129854,0.12976
7653,30,0.567389,0.037038,0.01071,0.049383,0.33548,0.264654,0.735346,0.119443,0.116091
7654,24,0.56767,0.037056,0.010005,0.049408,0.335862,0.264666,0.735334,0.119771,0.118881
7655,30,0.567672,0.037056,0.01,0.049408,0.335864,0.264731,0.735269,0.119531,0.116905
7656,30,0.567598,0.037033,0.009994,0.049377,0.335998,0.264686,0.735314,0.106632,0.106602
7657,30,0.567553,0.037036,0.010001,0.049382,0.336028,0.264657,0.735343,0.121569,0.121413
7658,24,0.567385,0.037032,0.009999,0.049376,0.336208,0.26469,0.73531,0.128119,0.126116
7659,30,0.567391,0.037031,0.01,0.049375,0.336202,0.264751,0.735249,0.118986,0.116448
7660,24,0.567178,0.037031,0.01,0.049374,0.336416,0.264732,0.735268,0.121534,0.121428
7661,24,0.567178,0.037031,0.01,0.049374,0.336416,0.264711,0.735289,0.121612,0.121601
7662,24,0.567054,0.037023,0.009998,0.049364,0.336561,0.264657,0.735343,0.118116,0.118984
7663,24,0.567054,0.037023,0.01,0.049363,0.33656,0.264703,0.735297,0.123295,0.121518
7664,24,0.567054,0.037023,0.01,0.049363,0.33656,0.264682,0.735318,0.121587,0.121581
7665,24,0.567233,0.037007,0.009996,0.049343,0.336421,0.264565,0.735435,0.109152,0.111263
7666,24,0.567409,0.036992,0.009996,0.049323,0.336281,0.2646,0.7354,0.100832,0.097904
7667,24,0.567461,0.036968,0.009994,0.049291,0.336286,0.264449,0.735551,0.113918,0.116928
7668,24,0.567245,0.036968,0.01,0.04929,0.336498,0.264431,0.735569,0.121546,0.121433
7669,30,0.567203,0.036971,0.010001,0.049295,0.33653,0.264437,0.735563,0.121569,0.120952
7670,30,0.567702,0.036929,0.009989,0.049238,0.336143,0.264116,0.735884,0.088571,0.095561
7671,24,0.567651,0.036932,0.010001,0.049243,0.336174,0.264254,0.735746,0.123335,0.118419
7672,24,0.567562,0.03694,0.010002,0.049253,0.336243,0.264269,0.735731,0.133366,0.132381
7673,30,0.567542,0.036912,0.009993,0.049217,0.336336,0.264089,0.735911,0.100265,0.104173
7674,30,0.567863,0.036884,0.009992,0.049179,0.336081,0.263955,0.736045,0.097452,0.099136
7675,30,0.567787,0.036874,0.009997,0.049165,0.336177,0.2639,0.7361,0.119139,0.119686
7676,30,0.56799,0.036856,0.009995,0.049142,0.336016,0.263848,0.736152,0.099065,0.098622
7677,30,0.567963,0.036855,0.010043,0.049139,0.336,0.263881,0.736119,0.126144,0.12484
7678,30,0.567785,0.036844,0.009997,0.049126,0.336248,0.263833,0.736167,0.116633,0.117269
7679,24,0.567695,0.036852,0.010002,0.049136,0.336316,0.263849,0.736151,0.133366,0.132384
7680,24,0.567697,0.036852,0.01,0.049136,0.336316,0.263895,0.736105,0.123295,0.121511
7681,30,0.567551,0.036842,0.010254,0.049123,0.336229,0.264114,0.735886,0.119487,0.112233
7682,30,0.567868,0.036837,0.009999,0.049116,0.336181,0.264071,0.735929,0.100883,0.100335
7683,24,0.567654,0.036836,0.01,0.049115,0.336395,0.264053,0.735947,0.121534,0.121426
7684,24,0.567798,0.036805,0.009992,0.049074,0.336331,0.263932,0.736068,0.103857,0.106044
7685,30,0.567783,0.036804,0.010019,0.049073,0.336321,0.263881,0.736119,0.119498,0.119947
7686,30,0.567872,0.036798,0.009998,0.049065,0.336267,0.263952,0.736048,0.110581,0.107647
7687,30,0.567694,0.036813,0.010004,0.049085,0.336404,0.264003,0.735997,0.12829,0.12583
7688,30,0.567734,0.03681,0.009999,0.049081,0.336376,0.263966,0.736034,0.132183,0.132275
7689,30,0.567405,0.036795,0.010501,0.04906,0.336238,0.263971,0.736029,0.128183,0.127581
7690,24,0.568224,0.036768,0.009993,0.049024,0.335991,0.263752,0.736248,0.091357,0.095776
7691,30,0.568202,0.036767,0.010031,0.049022,0.335977,0.2637,0.7363,0.119477,0.119926
7692,24,0.56828,0.036763,0.009999,0.049017,0.335941,0.263637,0.736363,0.119585,0.119803
7693,24,0.568496,0.036744,0.009995,0.048992,0.335772,0.263559,0.736441,0.108599,0.109753
7694,24,0.568447,0.036741,0.01008,0.048988,0.335743,0.263494,0.736506,0.121558,0.12213
7695,24,0.568495,0.036725,0.009996,0.048967,0.335817,0.263352,0.736648,0.106867,0.109688
7696,30,0.568468,0.036724,0.010044,0.048965,0.335801,0.263385,0.736615,0.126144,0.124842
7697,30,0.568451,0.036729,0.010001,0.048971,0.335847,0.263391,0.736609,0.121569,0.120956
7698,24,0.568239,0.036728,0.01,0.048971,0.336062,0.263373,0.736627,0.129854,0.129761
7699,30,0.56848,0.036708,0.009994,0.048944,0.335875,0.263418,0.736582,0.111846,0.109225
7700,24,0.568479,0.036707,0.01,0.048943,0.335871,0.263393,0.736607,0.120833,0.120885
7701,24,0.568141,0.036699,0.009998,0.048932,0.33623,0.263341,0.736659,0.118021,0.118802
7702,30,0.568312,0.036684,0.009996,0.048912,0.336096,0.263241,0.736759,0.108829,0.110687
7703,24,0.567973,0.036675,0.009998,0.048901,0.336453,0.263188,0.736812,0.12633,0.127109
7704,30,0.567827,0.036666,0.010252,0.048888,0.336367,0.263137,0.736863,0.119487,0.11993
7705,24,0.568148,0.03666,0.009998,0.04888,0.336313,0.263021,0.736979,0.109167,0.11125
7706,30,0.567912,0.036651,0.009998,0.048868,0.336571,0.262905,0.737095,0.122978,0.124961
7707,24,0.567788,0.036643,0.009998,0.048857,0.336714,0.262917,0.737083,0.119771,0.118867
7708,30,0.568,0.036625,0.009995,0.048833,0.336547,0.262795,0.737205,0.113435,0.115879
7709,24,0.567873,0.036616,0.009998,0.048822,0.336691,0.262809,0.737191,0.120199,0.119267
7710,24,0.567352,0.036583,0.010907,0.048777,0.336381,0.262744,0.737256,0.121516,0.1221
7711,24,0.567867,0.036616,0.010009,0.048821,0.336687,0.262793,0.737207,0.123747,0.121933
7712,30,0.567838,0.036614,0.01006,0.048819,0.336669,0.263,0.737,0.11283,0.10598
7713,30,0.567822,0.036613,0.010087,0.048818,0.33666,0.262949,0.737051,0.119498,0.119938
7714,30,0.567763,0.036609,0.009999,0.048812,0.336817,0.262953,0.737047,0.123132,0.122566
7715,24,0.567762,0.036609,0.01,0.048812,0.336816,0.262932,0.737068,0.129907,0.129901
7716,24,0.567889,0.036599,0.009997,0.048798,0.336717,0.262824,0.737176,0.118679,0.120623
7717,24,0.567799,0.036606,0.010002,0.048808,0.336785,0.26284,0.73716,0.12507,0.124085
7718,24,0.5678,0.036606,0.01,0.048808,0.336786,0.262888,0.737112,0.123712,0.121894
7719,30,0.568176,0.036574,0.009991,0.048766,0.336493,0.262744,0.737256,0.089817,0.091407
7720,30,0.56813,0.036577,0.010001,0.04877,0.336522,0.262849,0.737151,0.114943,0.111276
7721,24,0.56813,0.036577,0.01,0.04877,0.336523,0.262829,0.737171,0.121612,0.121598
7722,30,0.568292,0.036564,0.009996,0.048752,0.336396,0.262822,0.737178,0.095851,0.093977
7723,30,0.568452,0.03655,0.009996,0.048733,0.336269,0.26267,0.73733,0.112451,0.114388
7724,30,0.568513,0.036528,0.009994,0.048704,0.336261,0.262541,0.737459,0.105745,0.108347
7725,30,0.568367,0.036519,0.010248,0.048692,0.336174,0.26249,0.73751,0.119487,0.11993
7726,30,0.568339,0.036517,0.010296,0.048689,0.336158,0.262523,0.737477,0.126144,0.124844
7727,24,0.568385,0.03652,0.010001,0.048693,0.336402,0.262535,0.737465,0.119771,0.11887
7728,24,0.568505,0.036501,0.010098,0.048668,0.336229,0.262418,0.737582,0.117405,0.119506
7729,30,0.568554,0.036492,0.010146,0.048657,0.336151,0.262355,0.737645,0.117191,0.117772
7730,30,0.568533,0.036491,0.010182,0.048655,0.336139,0.262388,0.737612,0.126144,0.124844
7731,30,0.56843,0.036485,0.01002,0.048646,0.336419,0.262292,0.737708,0.110951,0.112963
7732,24,0.568442,0.036485,0.01,0.048647,0.336426,0.262395,0.737605,0.121572,0.117214
7733,30,0.56853,0.036478,0.009998,0.048637,0.336357,0.262267,0.737733,0.120588,0.122698
7734,30,0.568006,0.036444,0.010911,0.048592,0.336047,0.26225,0.73775,0.126101,0.126104
7735,30,0.568303,0.036466,0.010358,0.048622,0.336251,0.262298,0.737702,0.130554,0.127875
7736,24,0.568507,0.036479,0.010004,0.048639,0.336371,0.262347,0.737653,0.123724,0.121904
7737,30,0.56836,0.036492,0.010003,0.048656,0.336488,0.26252,0.73748,0.127779,0.12159
7738,24,0.568149,0.036492,0.01,0.048656,0.336704,0.262502,0.737498,0.121534,0.121422
7739,30,0.567955,0.036479,0.009997,0.048639,0.33693,0.262406,0.737594,0.110944,0.112963
7740,30,0.56845,0.036437,0.009988,0.048583,0.336542,0.262086,0.737914,0.081925,0.088837
7741,30,0.568421,0.036435,0.010039,0.04858,0.336524,0.262294,0.737706,0.11283,0.105991
7742,24,0.568354,0.036444,0.010002,0.048592,0.336607,0.26231,0.73769,0.125058,0.124072
7743,24,0.568494,0.036431,0.010014,0.048575,0.336486,0.262204,0.737796,0.116102,0.117587
7744,30,0.568612,0.036407,0.010176,0.048543,0.336263,0.262082,0.737918,0.106702,0.109155
7745,30,0.568262,0.036359,0.01108,0.048479,0.335821,0.26197,0.73803,0.12532,0.127493
7746,24,0.56857,0.03637,0.010647,0.048493,0.33592,0.261908,0.738092,0.119586,0.119792
7747,24,0.568939,0.036393,0.010006,0.048524,0.336137,0.261954,0.738046,0.123295,0.121519
7748,24,0.568943,0.036394,0.01,0.048525,0.336139,0.262042,0.737958,0.115347,0.111921
7749,30,0.568902,0.036397,0.010001,0.048529,0.336171,0.262147,0.737853,0.114945,0.111281
7750,24,0.569333,0.036361,0.00999,0.048481,0.335835,0.261944,0.738056,0.093781,0.097878
7751,30,0.569459,0.036337,0.010136,0.04845,0.335618,0.261947,0.738053,0.106695,0.10536
7752,30,0.56974,0.036325,0.009997,0.048433,0.335505,0.261874,0.738126,0.112446,0.113487
7753,30,0.569738,0.036325,0.01,0.048433,0.335504,0.261824,0.738176,0.119556,0.119983
7754,30,0.57,0.036303,0.009994,0.048404,0.3353,0.261771,0.738229,0.094012,0.093436
7755,24,0.569952,0.036306,0.010001,0.048408,0.335332,0.262078,0.737922,0.115028,0.105274
7756,24,0.569954,0.036306,0.01,0.048408,0.335332,0.262124,0.737876,0.123283,0.121517
7757,30,0.56976,0.036294,0.009997,0.048392,0.335558,0.262114,0.737886,0.110998,0.110231
7758,30,0.569726,0.036268,0.009993,0.048357,0.335657,0.261966,0.738034,0.104832,0.107794
7759,24,0.569988,0.036245,0.009994,0.048326,0.335447,0.261879,0.738121,0.107265,0.108582
7760,24,0.569984,0.036245,0.01,0.048326,0.335445,0.261967,0.738033,0.115347,0.111925
7761,30,0.569984,0.036245,0.01,0.048326,0.335445,0.26205,0.73795,0.112874,0.109807
7762,24,0.56986,0.036237,0.009998,0.048316,0.33559,0.261996,0.738004,0.118062,0.118933
7763,30,0.569917,0.036232,0.009999,0.048309,0.335544,0.262054,0.737946,0.121867,0.119287
7764,24,0.569916,0.036232,0.01,0.048309,0.335543,0.262103,0.737897,0.123724,0.121916
7765,30,0.569934,0.036201,0.009992,0.048268,0.335605,0.262097,0.737903,0.098196,0.097086
7766,30,0.570034,0.036192,0.009997,0.048256,0.33552,0.262103,0.737897,0.09692,0.09468
7767,30,0.569925,0.036201,0.010002,0.048268,0.335603,0.26226,0.73774,0.124962,0.11981
7768,24,0.569838,0.036209,0.010002,0.048278,0.335673,0.26224,0.73776,0.125063,0.124344
7769,24,0.569839,0.036209,0.01,0.048278,0.335674,0.262289,0.737711,0.123724,0.121904
7770,30,0.569945,0.03619,0.010112,0.048253,0.335499,0.262203,0.737797,0.106715,0.107077
7771,30,0.569917,0.036188,0.01016,0.048251,0.335483,0.262236,0.737764,0.126144,0.124846
7772,30,0.570074,0.036173,0.010182,0.04823,0.335341,0.262169,0.737831,0.114327,0.115377
7773,30,0.570058,0.036172,0.01021,0.048229,0.335331,0.262118,0.737882,0.119498,0.119939
7774,30,0.570108,0.036181,0.010052,0.048241,0.335417,0.262124,0.737876,0.121572,0.120962
7775,24,0.570013,0.036175,0.009998,0.048233,0.33558,0.262138,0.737862,0.120171,0.119245
7776,24,0.570153,0.036162,0.01001,0.048216,0.335459,0.262199,0.737801,0.107787,0.104896
7777,24,0.570425,0.03614,0.009994,0.048187,0.335254,0.262113,0.737887,0.107362,0.108666
7778,24,0.570333,0.036147,0.010002,0.048196,0.335321,0.262129,0.737871,0.133387,0.132408
7779,24,0.570284,0.036144,0.010087,0.048192,0.335292,0.262065,0.737935,0.121558,0.122119
7780,24,0.570334,0.036147,0.010001,0.048196,0.335322,0.262114,0.737886,0.123724,0.121916
7781,30,0.570371,0.036144,0.009999,0.048192,0.335294,0.26209,0.73791,0.115643,0.115397
7782,24,0.570245,0.036136,0.009998,0.048182,0.335439,0.262105,0.737895,0.12022,0.119283
7783,24,0.570156,0.036144,0.010002,0.048192,0.335507,0.262121,0.737879,0.125078,0.124091
7784,24,0.570032,0.036136,0.009998,0.048181,0.335653,0.262135,0.737865,0.120171,0.119245
7785,24,0.570208,0.036121,0.009996,0.048161,0.335514,0.262019,0.737981,0.11742,0.119508
7786,30,0.570283,0.036114,0.009998,0.048152,0.335452,0.261946,0.738054,0.127212,0.128075
7787,24,0.570262,0.036098,0.009995,0.04813,0.335516,0.26199,0.73801,0.114332,0.111351
7788,30,0.570295,0.036094,0.009999,0.048126,0.335486,0.261965,0.738035,0.115533,0.11531
7789,24,0.570295,0.036094,0.01,0.048126,0.335485,0.261944,0.738056,0.129895,0.129892
7790,30,0.5701,0.036082,0.009997,0.048109,0.335712,0.261848,0.738152,0.110954,0.112962
7791,24,0.570098,0.036082,0.01,0.048109,0.335711,0.261828,0.738172,0.129924,0.129912
7792,24,0.569885,0.036081,0.01,0.048108,0.335925,0.26181,0.73819,0.121554,0.121435
7793,24,0.569548,0.036073,0.009998,0.048097,0.336284,0.261758,0.738242,0.126338,0.127105
7794,30,0.569423,0.036057,0.010304,0.048077,0.336139,0.261807,0.738193,0.133687,0.131423
7795,30,0.569596,0.036068,0.010003,0.048091,0.336242,0.261891,0.738109,0.112932,0.109859
7796,30,0.569598,0.036068,0.01,0.048091,0.336243,0.261925,0.738075,0.126202,0.124888
7797,24,0.569473,0.036061,0.009998,0.048081,0.336388,0.261871,0.738129,0.118116,0.118968
7798,30,0.569448,0.036031,0.01037,0.048041,0.33611,0.261847,0.738153,0.124346,0.123705
7799,30,0.569508,0.036039,0.010024,0.048052,0.336377,0.26195,0.73805,0.120344,0.115971
7800,24,0.569737,0.036022,0.009995,0.048029,0.336217,0.261872,0.738128,0.108561,0.109714
7801,24,0.569522,0.036021,0.01,0.048028,0.336429,0.261854,0.738146,0.129858,0.129752
7802,30,0.569741,0.036003,0.009995,0.048004,0.336258,0.261812,0.738188,0.112832,0.11303
7803,24,0.569738,0.036003,0.01,0.048003,0.336256,0.26186,0.73814,0.123641,0.121847
7804,24,0.569828,0.035995,0.009998,0.047993,0.336185,0.261914,0.738086,0.111024,0.108357
7805,30,0.57009,0.035973,0.009994,0.047964,0.33598,0.261802,0.738198,0.094092,0.095014
7806,24,0.569837,0.035957,0.009996,0.047943,0.336268,0.261714,0.738286,0.114608,0.116335
7807,30,0.569945,0.035948,0.009997,0.04793,0.33618,0.261582,0.738418,0.104751,0.106379
7808,30,0.569856,0.035955,0.010002,0.04794,0.336248,0.261856,0.738144,0.123943,0.115204
7809,30,0.569816,0.035958,0.010001,0.047944,0.33628,0.261961,0.738039,0.114945,0.111288
7810,24,0.569818,0.035958,0.01,0.047944,0.33628,0.262007,0.737993,0.123295,0.121519
7811,24,0.569605,0.035958,0.01,0.047944,0.336494,0.261989,0.738011,0.12155,0.121435
7812,30,0.569368,0.035969,0.01011,0.047958,0.336595,0.262069,0.737931,0.13492,0.132258
7813,30,0.56943,0.035973,0.010001,0.047963,0.336632,0.262134,0.737866,0.119542,0.116936
7814,24,0.569307,0.035965,0.009998,0.047953,0.336778,0.262148,0.737852,0.120199,0.11927
7815,30,0.568869,0.035912,0.011053,0.047883,0.336283,0.26202,0.73798,0.124255,0.126905
7816,24,0.569416,0.035946,0.010103,0.047929,0.336606,0.262068,0.737932,0.123698,0.121888
7817,24,0.569527,0.035927,0.009995,0.047903,0.336647,0.261918,0.738082,0.113917,0.11689
7818,24,0.569436,0.035935,0.010002,0.047913,0.336715,0.261934,0.738066,0.133382,0.132398
7819,24,0.569541,0.035926,0.009998,0.047901,0.336634,0.262018,0.737982,0.117858,0.113756
7820,30,0.569939,0.035893,0.009991,0.047857,0.336321,0.261872,0.738128,0.089298,0.09093
7821,30,0.569783,0.035889,0.009999,0.047852,0.336477,0.261948,0.738052,0.111889,0.108972
7822,30,0.569742,0.035892,0.010001,0.047856,0.336509,0.261919,0.738081,0.121583,0.121418
7823,30,0.569752,0.035875,0.009995,0.047834,0.336543,0.261806,0.738194,0.112105,0.114016
7824,24,0.56975,0.035875,0.01,0.047834,0.336541,0.261899,0.738101,0.114972,0.111287
7825,30,0.56975,0.035875,0.01,0.047834,0.336541,0.261965,0.738035,0.119542,0.116929
7826,30,0.568964,0.035815,0.01149,0.047753,0.335977,0.261903,0.738097,0.13256,0.133719
7827,30,0.568937,0.035813,0.011538,0.047751,0.335961,0.261936,0.738064,0.126142,0.124841
7828,24,0.569359,0.03584,0.010585,0.047787,0.336429,0.26195,0.73805,0.120182,0.119241
7829,24,0.569197,0.03583,0.01043,0.047773,0.336771,0.261861,0.738139,0.122853,0.124605
7830,24,0.569353,0.035853,0.010006,0.047803,0.336985,0.261877,0.738123,0.133382,0.132398
7831,30,0.569479,0.035828,0.009993,0.047771,0.336929,0.261875,0.738125,0.095729,0.094109
7832,24,0.569741,0.035806,0.009994,0.047741,0.336719,0.261824,0.738176,0.105621,0.10521
7833,30,0.569714,0.035779,0.009993,0.047705,0.336809,0.2618,0.7382,0.105828,0.105181
7834,30,0.569601,0.035772,0.009998,0.047696,0.336933,0.261837,0.738163,0.116525,0.114653
7835,30,0.569451,0.035784,0.010003,0.047712,0.337049,0.262144,0.737856,0.121138,0.111463
7836,24,0.569602,0.035772,0.009997,0.047696,0.336934,0.26219,0.73781,0.10987,0.107375
7837,30,0.569532,0.035763,0.010171,0.047684,0.33685,0.262151,0.737849,0.134707,0.135258
7838,30,0.569007,0.03573,0.011084,0.04764,0.336539,0.26226,0.73774,0.126101,0.122314
7839,24,0.568484,0.035697,0.011992,0.047596,0.33623,0.262239,0.737761,0.129815,0.12983
7840,30,0.568839,0.035719,0.011376,0.047626,0.336439,0.262189,0.737811,0.119574,0.119986
7841,24,0.569763,0.035752,0.010074,0.047669,0.336742,0.262073,0.737927,0.109174,0.111242
7842,24,0.569806,0.035754,0.010001,0.047672,0.336767,0.262161,0.737839,0.115347,0.111926
7843,30,0.569619,0.035732,0.01045,0.047643,0.336557,0.262112,0.737888,0.122688,0.123526
7844,30,0.570016,0.035729,0.010087,0.047639,0.33653,0.262139,0.737861,0.112877,0.110823
7845,24,0.570332,0.03571,0.009995,0.047613,0.33635,0.262052,0.737948,0.107263,0.108583
7846,24,0.57033,0.03571,0.01,0.047613,0.336347,0.262098,0.737902,0.123283,0.121517
7847,30,0.570314,0.035709,0.010027,0.047612,0.336338,0.262047,0.737953,0.119498,0.119939
7848,30,0.570321,0.03571,0.01,0.047614,0.336354,0.262117,0.737883,0.118557,0.115617
7849,24,0.570109,0.03571,0.01,0.047613,0.336568,0.262099,0.737901,0.121554,0.121445
7850,30,0.570021,0.035717,0.010002,0.047623,0.336637,0.262373,0.737627,0.123943,0.115186
7851,30,0.570039,0.035687,0.009992,0.047583,0.336698,0.262171,0.737829,0.09819,0.10266
7852,24,0.57008,0.035683,0.009999,0.047578,0.33666,0.262278,0.737722,0.121568,0.117545
7853,30,0.569641,0.035662,0.010499,0.047549,0.336648,0.262254,0.737746,0.125115,0.125267
7854,30,0.569294,0.035623,0.011306,0.047497,0.33628,0.262157,0.737843,0.125037,0.126531
7855,24,0.569408,0.03563,0.011107,0.047507,0.336348,0.262093,0.737907,0.121578,0.122134
7856,30,0.569458,0.035639,0.01095,0.047519,0.336434,0.262088,0.737912,0.138197,0.137886
7857,24,0.569875,0.035665,0.010007,0.047554,0.336899,0.262034,0.737966,0.118139,0.119001
7858,24,0.56988,0.035665,0.01,0.047554,0.3369,0.26208,0.73792,0.123283,0.121513
7859,24,0.56988,0.035665,0.01,0.047554,0.3369,0.262168,0.737832,0.115347,0.111926
7860,30,0.569865,0.035664,0.010028,0.047553,0.336891,0.262117,0.737883,0.119498,0.119939
7861,30,0.56988,0.035665,0.01,0.047554,0.3369,0.2622,0.7378,0.112874,0.109807
7862,30,0.569851,0.035664,0.010051,0.047551,0.336883,0.262274,0.737726,0.119477,0.116136
7863,30,0.569732,0.035678,0.010004,0.04757,0.337016,0.262448,0.737552,0.127799,0.121607
7864,30,0.56954,0.035666,0.009997,0.047554,0.337244,0.262482,0.737518,0.117597,0.115909
7865,24,0.569538,0.035666,0.01,0.047554,0.337243,0.262737,0.737263,0.115333,0.106985
7866,24,0.569325,0.035665,0.01,0.047553,0.337457,0.262719,0.737281,0.121533,0.121431
7867,30,0.569379,0.035661,0.009999,0.047547,0.337414,0.262638,0.737362,0.116305,0.117526
7868,24,0.56929,0.035668,0.010002,0.047557,0.337483,0.262654,0.737346,0.133382,0.132396
7869,30,0.568847,0.035666,0.010296,0.047554,0.337637,0.262707,0.737293,0.13207,0.130116
7870,24,0.568505,0.035626,0.011107,0.047501,0.337261,0.262597,0.737403,0.118536,0.120515
7871,30,0.56923,0.03565,0.010094,0.047534,0.337492,0.262469,0.737531,0.109636,0.111773
7872,30,0.569221,0.035633,0.010312,0.04751,0.337324,0.262643,0.737357,0.108452,0.10234
7873,30,0.569399,0.035644,0.010003,0.047525,0.337429,0.262726,0.737274,0.112874,0.109803
7874,30,0.569207,0.035632,0.009997,0.047509,0.337656,0.262709,0.737291,0.110938,0.110076
7875,30,0.569223,0.035602,0.009992,0.047469,0.337715,0.262556,0.737444,0.104825,0.108025
7876,30,0.568779,0.0356,0.010286,0.047466,0.337869,0.262609,0.737391,0.13207,0.130112
7877,30,0.568639,0.035607,0.010002,0.047475,0.338277,0.262687,0.737313,0.116373,0.113167
7878,30,0.56875,0.035596,0.010013,0.047462,0.338179,0.262815,0.737185,0.115111,0.110188
7879,24,0.568417,0.035554,0.010849,0.047405,0.337776,0.262875,0.737125,0.116057,0.112636
7880,30,0.568465,0.03556,0.010728,0.047413,0.337833,0.262961,0.737039,0.120546,0.116856
7881,24,0.569148,0.035564,0.010001,0.047418,0.337869,0.262874,0.737126,0.107338,0.108644
7882,30,0.56914,0.035564,0.01,0.047419,0.337876,0.262906,0.737094,0.125193,0.123784
7883,30,0.569141,0.035549,0.009996,0.047398,0.337917,0.262913,0.737087,0.111115,0.10965
7884,30,0.568979,0.035538,0.010278,0.047385,0.33782,0.262897,0.737103,0.126158,0.126144
7885,30,0.568963,0.035537,0.010306,0.047383,0.337811,0.262846,0.737154,0.119498,0.119941
7886,30,0.568459,0.035506,0.011183,0.047341,0.337512,0.262878,0.737122,0.136081,0.134275
7887,24,0.568741,0.035536,0.01054,0.047382,0.337801,0.262894,0.737106,0.133382,0.1324
7888,24,0.568959,0.035563,0.010007,0.047417,0.338053,0.26291,0.73709,0.125074,0.124085
7889,24,0.568716,0.035548,0.009996,0.047397,0.338344,0.262887,0.737113,0.116229,0.11622
7890,30,0.568875,0.035534,0.009996,0.047379,0.338216,0.262746,0.737254,0.102497,0.104126
7891,24,0.569,0.035523,0.009997,0.047365,0.338115,0.262638,0.737362,0.11035,0.11229
7892,24,0.56948,0.035484,0.009989,0.047312,0.337736,0.262427,0.737573,0.09261,0.09686
7893,24,0.569512,0.035467,0.010149,0.04729,0.337581,0.262318,0.737682,0.118598,0.120547
7894,24,0.569509,0.03548,0.010004,0.047307,0.337701,0.262334,0.737666,0.133382,0.132396
7895,24,0.569511,0.03548,0.01,0.047307,0.337702,0.262314,0.737686,0.121612,0.121596
7896,24,0.569947,0.035443,0.01,0.047258,0.337351,0.262065,0.737935,0.101387,0.106573
7897,30,0.569801,0.035434,0.010254,0.047246,0.337265,0.262049,0.737951,0.119487,0.119476
7898,30,0.569964,0.035414,0.009994,0.047218,0.33741,0.261992,0.738008,0.104804,0.105019
7899,30,0.570079,0.035404,0.009997,0.047205,0.337316,0.261844,0.738156,0.119578,0.122378
7900,24,0.569952,0.035396,0.009998,0.047194,0.33746,0.26179,0.73821,0.12642,0.12728
7901,24,0.569951,0.035396,0.01,0.047194,0.337459,0.26177,0.73823,0.12164,0.121615
7902,30,0.570122,0.035382,0.009996,0.047176,0.337325,0.261819,0.738181,0.100831,0.097854
7903,24,0.569995,0.035374,0.009998,0.047165,0.337468,0.261765,0.738235,0.12642,0.12728
7904,30,0.570226,0.035355,0.009995,0.04714,0.337286,0.261785,0.738215,0.11188,0.109949
7905,24,0.570487,0.035333,0.009994,0.04711,0.337076,0.261762,0.738238,0.099357,0.09813
7906,30,0.57046,0.035306,0.009993,0.047075,0.337166,0.261607,0.738393,0.116822,0.119877
7907,30,0.57013,0.035292,0.010495,0.047056,0.337027,0.261613,0.738387,0.128185,0.12759
7908,24,0.570458,0.035306,0.010004,0.047074,0.337158,0.261852,0.738148,0.113231,0.105252
7909,30,0.570319,0.035297,0.010246,0.047063,0.337076,0.261801,0.738199,0.119487,0.119928
7910,24,0.570433,0.035304,0.010048,0.047072,0.337144,0.261904,0.738096,0.121572,0.117217
7911,30,0.570451,0.035306,0.010001,0.047075,0.337166,0.261936,0.738064,0.125194,0.123788
7912,24,0.570328,0.035299,0.009998,0.047065,0.337311,0.261948,0.738052,0.119766,0.118868
7913,24,0.570204,0.035291,0.009998,0.047054,0.337454,0.26196,0.73804,0.119766,0.118868
7914,30,0.570209,0.03529,0.01,0.047053,0.337448,0.261989,0.738011,0.125612,0.124398
7915,24,0.570209,0.03529,0.01,0.047053,0.337447,0.261969,0.738031,0.129924,0.129912
7916,30,0.570014,0.035278,0.009997,0.047037,0.337674,0.261832,0.738168,0.120965,0.123517
7917,24,0.570014,0.035278,0.01,0.047037,0.337671,0.261878,0.738122,0.123295,0.121519
7918,30,0.569509,0.035247,0.010877,0.046995,0.337372,0.26185,0.73815,0.136081,0.136383
7919,30,0.569893,0.035253,0.010412,0.047004,0.337437,0.261899,0.738101,0.108507,0.106175
7920,30,0.569877,0.035252,0.01044,0.047003,0.337427,0.261848,0.738152,0.119498,0.119936
7921,30,0.569893,0.035253,0.010072,0.047004,0.337778,0.261801,0.738199,0.117597,0.118321
7922,24,0.569845,0.035263,0.010003,0.047017,0.337872,0.261817,0.738183,0.133387,0.132398
7923,24,0.569847,0.035263,0.01,0.047017,0.337872,0.261753,0.738247,0.121572,0.12213
7924,24,0.569847,0.035263,0.01,0.047018,0.337872,0.261689,0.738311,0.121572,0.12213
7925,24,0.569848,0.035263,0.01,0.047017,0.337871,0.261735,0.738265,0.123295,0.121519
7926,30,0.569343,0.035232,0.010877,0.046976,0.337572,0.261707,0.738293,0.136081,0.136383
7927,24,0.569626,0.035262,0.010234,0.047016,0.337862,0.261687,0.738313,0.125059,0.124345
7928,24,0.569761,0.03527,0.010002,0.047027,0.33794,0.261733,0.738267,0.123295,0.121519
7929,30,0.569612,0.035267,0.009999,0.047022,0.3381,0.261675,0.738325,0.118498,0.119082
7930,24,0.569657,0.035263,0.009999,0.047017,0.338064,0.261782,0.738218,0.12157,0.117541
7931,30,0.569615,0.035266,0.010001,0.047022,0.338095,0.261777,0.738223,0.138199,0.137885
7932,24,0.569832,0.035249,0.009995,0.046998,0.337926,0.261699,0.738301,0.108615,0.10975
7933,30,0.569829,0.035249,0.01,0.046998,0.337925,0.261637,0.738363,0.129536,0.130256
7934,24,0.56978,0.035246,0.010085,0.046994,0.337895,0.261616,0.738384,0.129866,0.129872
7935,30,0.56945,0.035231,0.010587,0.046975,0.337757,0.261622,0.738378,0.128185,0.127588
7936,30,0.569332,0.035249,0.0103,0.046999,0.33812,0.261644,0.738356,0.125219,0.123514
7937,30,0.569016,0.035224,0.010912,0.046966,0.337882,0.261618,0.738382,0.122123,0.121923
7938,24,0.56973,0.03523,0.010129,0.046973,0.337938,0.261532,0.738468,0.107326,0.108632
7939,30,0.569781,0.035208,0.009994,0.046945,0.338072,0.261407,0.738593,0.115797,0.118029
7940,24,0.569777,0.035208,0.01,0.046944,0.33807,0.261343,0.738657,0.121572,0.122126
7941,30,0.569603,0.035167,0.010666,0.046889,0.337675,0.26122,0.73878,0.113314,0.115769
7942,24,0.570248,0.035169,0.01,0.046892,0.337691,0.261046,0.738954,0.105614,0.108342
7943,24,0.570514,0.035147,0.009994,0.046863,0.337482,0.261029,0.738971,0.098984,0.097477
7944,24,0.570688,0.035132,0.009996,0.046843,0.337341,0.260913,0.739087,0.109058,0.11114
7945,30,0.570576,0.035125,0.009998,0.046834,0.337467,0.260834,0.739166,0.116482,0.117654
7946,24,0.57084,0.035104,0.009994,0.046805,0.337258,0.260812,0.739188,0.099385,0.098146
7947,30,0.570836,0.035103,0.01,0.046805,0.337256,0.260878,0.739122,0.119531,0.116929
7948,24,0.5711,0.035082,0.009994,0.046776,0.337048,0.260856,0.739144,0.099358,0.098133
7949,24,0.571009,0.035089,0.010002,0.046785,0.337115,0.260872,0.739128,0.125066,0.124081
7950,24,0.570932,0.035084,0.010134,0.046779,0.33707,0.260851,0.739149,0.129878,0.129881
7951,30,0.571221,0.035072,0.009996,0.046762,0.336949,0.260729,0.739271,0.10673,0.10916
7952,24,0.571344,0.035061,0.009997,0.046748,0.336849,0.260622,0.739378,0.110383,0.112289
7953,30,0.571763,0.035027,0.00999,0.046702,0.336518,0.26036,0.73964,0.090718,0.096266
7954,24,0.571898,0.034997,0.009992,0.046663,0.336451,0.260239,0.739761,0.103738,0.105923
7955,30,0.572063,0.034983,0.009996,0.046644,0.336314,0.26014,0.73986,0.10881,0.11063
7956,30,0.572549,0.034943,0.009989,0.04659,0.33593,0.259866,0.740134,0.087307,0.092877
7957,30,0.572432,0.034936,0.009998,0.046581,0.336053,0.259903,0.740097,0.116529,0.114663
7958,24,0.572307,0.034928,0.009998,0.04657,0.336197,0.259915,0.740085,0.11977,0.118871
7959,30,0.5725,0.034912,0.009995,0.046549,0.336043,0.259816,0.740184,0.096556,0.097317
7960,30,0.572302,0.0349,0.009997,0.046533,0.336268,0.259708,0.740292,0.127577,0.129864
7961,24,0.572212,0.034907,0.010002,0.046543,0.336336,0.259724,0.740276,0.133391,0.132415
7962,30,0.572205,0.034908,0.01,0.046544,0.336344,0.259795,0.740205,0.118569,0.115642
7963,30,0.571969,0.034899,0.009998,0.046532,0.336603,0.259691,0.740309,0.113011,0.114673
7964,30,0.57217,0.034882,0.009995,0.04651,0.336443,0.259678,0.740322,0.10562,0.104235
7965,30,0.572167,0.034882,0.01,0.04651,0.336441,0.259744,0.740256,0.119487,0.116911
7966,24,0.572343,0.034868,0.009996,0.046491,0.336303,0.259629,0.740371,0.109123,0.111177
7967,24,0.572342,0.034868,0.01,0.04649,0.3363,0.259675,0.740325,0.123283,0.121528
7968,30,0.572342,0.034868,0.01,0.04649,0.3363,0.259741,0.740259,0.119542,0.116951
7969,30,0.572619,0.034845,0.009994,0.04646,0.336082,0.259568,0.740432,0.098004,0.100336
7970,30,0.572506,0.034838,0.009998,0.046451,0.336207,0.259523,0.740477,0.116475,0.117186
7971,24,0.57268,0.034824,0.009996,0.046432,0.336069,0.259407,0.740593,0.117319,0.11939
7972,24,0.572677,0.034824,0.01,0.046432,0.336067,0.259387,0.740613,0.12992,0.129907
7973,24,0.572817,0.034795,0.009992,0.046393,0.336004,0.259267,0.740733,0.103776,0.105923
7974,30,0.572954,0.034783,0.009997,0.046377,0.33589,0.259128,0.740872,0.102833,0.104461
7975,30,0.572878,0.034773,0.009997,0.046364,0.335988,0.259075,0.740925,0.119203,0.119696
7976,30,0.57268,0.034761,0.009997,0.046348,0.336214,0.259028,0.740972,0.117607,0.118322
7977,24,0.572678,0.034761,0.01,0.046348,0.336213,0.259117,0.740883,0.115347,0.111953
7978,30,0.572782,0.034753,0.009998,0.046337,0.336131,0.259003,0.740997,0.103568,0.105266
7979,24,0.572781,0.034752,0.01,0.046337,0.33613,0.259052,0.740948,0.12367,0.121886
7980,24,0.572826,0.034749,0.009999,0.046332,0.336095,0.259293,0.740707,0.11324,0.105324
7981,30,0.572995,0.034735,0.009996,0.046313,0.335961,0.259194,0.740806,0.108815,0.110616
7982,30,0.573043,0.034727,0.010044,0.046303,0.335884,0.259132,0.740868,0.11718,0.117738
7983,30,0.572535,0.034696,0.010921,0.046262,0.335586,0.259104,0.740896,0.136081,0.136369
7984,30,0.572823,0.034709,0.010143,0.046278,0.336047,0.259,0.741,0.107026,0.108788
7985,24,0.572906,0.034713,0.010001,0.046285,0.336094,0.259047,0.740953,0.123295,0.121533
7986,24,0.572819,0.034721,0.010002,0.046294,0.336164,0.259064,0.740936,0.133395,0.132418
7987,30,0.572488,0.034706,0.010504,0.046275,0.336026,0.25907,0.74093,0.128191,0.12759
7988,24,0.572778,0.034724,0.010005,0.046298,0.336194,0.259164,0.740836,0.114958,0.111301
7989,30,0.572951,0.03471,0.009996,0.04628,0.336063,0.259065,0.740935,0.108769,0.110584
7990,24,0.572588,0.034688,0.010623,0.046251,0.33585,0.259002,0.740998,0.12153,0.122082
7991,30,0.572639,0.034697,0.010465,0.046263,0.335936,0.258974,0.741026,0.121576,0.121405
7992,30,0.573015,0.034704,0.010002,0.046272,0.336006,0.259012,0.740988,0.114174,0.111975
7993,24,0.572928,0.034712,0.010002,0.046282,0.336076,0.258993,0.741007,0.125071,0.124349
7994,24,0.572805,0.034704,0.009998,0.046272,0.336221,0.259005,0.740995,0.11977,0.118877
7995,30,0.572701,0.034697,0.009998,0.046262,0.336342,0.259038,0.740962,0.115925,0.114171
7996,24,0.572825,0.034686,0.009997,0.046249,0.336243,0.259081,0.740919,0.102004,0.09909
7997,30,0.572627,0.034675,0.009997,0.046233,0.336469,0.259208,0.740792,0.110951,0.10637
7998,30,0.572712,0.034667,0.009998,0.046223,0.3364,0.259083,0.740917,0.10397,0.105215
7999,24,0.572498,0.034667,0.01,0.046222,0.336613,0.259066,0.740934,0.12155,0.121434
8000,30,0.572717,0.034649,0.009995,0.046199,0.33644,0.258965,0.741035,0.105143,0.105949
8001,30,0.57257,0.03464,0.010249,0.046187,0.336354,0.258949,0.741051,0.119487,0.119469
8002,30,0.572517,0.034637,0.009999,0.046183,0.336664,0.259047,0.740953,0.117604,0.113768
8003,30,0.572719,0.034619,0.010009,0.046159,0.336493,0.25901,0.74099,0.106672,0.106757
8004,30,0.572743,0.034618,0.01,0.046158,0.336482,0.259176,0.740824,0.118058,0.112165
8005,30,0.572613,0.034613,0.009999,0.046151,0.336625,0.259372,0.740628,0.117484,0.111054
8006,24,0.572875,0.034592,0.009994,0.046122,0.336417,0.25935,0.74065,0.099315,0.098086
8007,24,0.572658,0.034591,0.01,0.046122,0.336629,0.259333,0.740667,0.121562,0.121436
8008,30,0.573089,0.034556,0.00999,0.046075,0.33629,0.259073,0.740927,0.089785,0.095121
8009,24,0.572958,0.034548,0.009998,0.046065,0.336432,0.259019,0.740981,0.126371,0.127235
8010,24,0.572958,0.034548,0.01,0.046064,0.33643,0.259065,0.740935,0.123283,0.121531
8011,24,0.572833,0.034541,0.009998,0.046054,0.336574,0.259077,0.740923,0.119758,0.118875
8012,30,0.57311,0.034518,0.009993,0.046024,0.336355,0.258967,0.741033,0.100272,0.101985
8013,24,0.572622,0.034489,0.010618,0.045985,0.336287,0.258912,0.741088,0.126329,0.127196
8014,30,0.572976,0.03451,0.010006,0.046013,0.336495,0.258863,0.741137,0.119557,0.119963
8015,30,0.572986,0.03451,0.01,0.046013,0.336491,0.258892,0.741108,0.125611,0.124403
8016,30,0.572457,0.034478,0.010913,0.04597,0.336181,0.258937,0.741063,0.126101,0.124011
8017,30,0.572831,0.0345,0.010268,0.046,0.3364,0.259021,0.740979,0.112888,0.109843
8018,24,0.572771,0.034509,0.010003,0.046012,0.336705,0.259003,0.740997,0.12987,0.129762
8019,30,0.572537,0.034501,0.009998,0.046001,0.336964,0.2589,0.7411,0.113,0.114644
8020,24,0.572535,0.034501,0.01,0.046001,0.336963,0.258989,0.741011,0.115347,0.111952
8021,30,0.572459,0.034472,0.01042,0.045963,0.336685,0.258889,0.741111,0.115357,0.117191
8022,24,0.572745,0.034483,0.010003,0.045977,0.336791,0.25913,0.74087,0.113226,0.105312
8023,30,0.572716,0.034481,0.010054,0.045975,0.336774,0.259205,0.740795,0.119477,0.116158
8024,24,0.572747,0.034483,0.010001,0.045977,0.336792,0.259186,0.740814,0.121657,0.121623
8025,24,0.572747,0.034483,0.01,0.045977,0.336792,0.259123,0.740877,0.121572,0.122115
8026,30,0.572424,0.034488,0.01026,0.045984,0.336843,0.259193,0.740807,0.144905,0.142558
8027,24,0.572524,0.034494,0.010087,0.045992,0.336902,0.259241,0.740759,0.123641,0.121861
8028,24,0.572574,0.034497,0.010001,0.045996,0.336931,0.259221,0.740779,0.121612,0.12159
8029,24,0.572665,0.03449,0.009998,0.045987,0.33686,0.259229,0.740771,0.119433,0.118672
8030,30,0.572781,0.03448,0.009997,0.045974,0.336767,0.25928,0.74072,0.108548,0.106216
8031,24,0.57278,0.03448,0.01,0.045974,0.336766,0.259329,0.740671,0.123724,0.121918
8032,30,0.572651,0.034466,0.010307,0.045954,0.336622,0.259328,0.740672,0.130789,0.129611
8033,30,0.572723,0.034469,0.010001,0.045959,0.336848,0.259328,0.740672,0.122541,0.122074
8034,30,0.572606,0.034463,0.009998,0.045951,0.336982,0.25937,0.74063,0.115484,0.113306
8035,30,0.572764,0.03445,0.009996,0.045934,0.336856,0.259243,0.740757,0.102465,0.104525
8036,30,0.572556,0.034446,0.010253,0.045928,0.336816,0.259422,0.740578,0.140003,0.133834
8037,30,0.57314,0.03442,0.009992,0.045893,0.336555,0.259113,0.740887,0.084027,0.09076
8038,30,0.572496,0.034381,0.011106,0.045841,0.336177,0.259183,0.740817,0.136056,0.133326
8039,24,0.573004,0.034411,0.010009,0.045882,0.336694,0.25913,0.74087,0.118139,0.118986
8040,30,0.573088,0.034405,0.009998,0.045874,0.336635,0.259279,0.740721,0.120836,0.115437
8041,24,0.5733,0.034388,0.009995,0.045851,0.336466,0.259267,0.740733,0.100127,0.098621
8042,30,0.573357,0.034368,0.009994,0.045824,0.336458,0.259138,0.740862,0.112356,0.114917
8043,24,0.573266,0.034375,0.010002,0.045833,0.336525,0.259155,0.740845,0.125074,0.124089
8044,24,0.573529,0.034354,0.009994,0.045805,0.336319,0.258982,0.741018,0.105582,0.108282
8045,30,0.573643,0.034344,0.009997,0.045792,0.336224,0.258887,0.741113,0.125138,0.126571
8046,24,0.573642,0.034344,0.01,0.045792,0.336223,0.258936,0.741064,0.12367,0.121881
8047,30,0.573373,0.034304,0.010411,0.045739,0.336174,0.258744,0.741256,0.11675,0.120886
8048,30,0.573701,0.034307,0.010043,0.045743,0.336206,0.258608,0.741392,0.109623,0.112075
8049,30,0.573895,0.034295,0.009996,0.045727,0.336087,0.258509,0.741491,0.108778,0.110581
8050,30,0.573866,0.034293,0.010046,0.045724,0.33607,0.258459,0.741541,0.119477,0.119902
8051,30,0.573762,0.03429,0.009999,0.04572,0.336229,0.25851,0.74149,0.117516,0.114908
8052,24,0.573937,0.034276,0.009996,0.045701,0.33609,0.258394,0.741606,0.117373,0.119432
8053,24,0.574197,0.034255,0.009994,0.045673,0.335882,0.258373,0.741627,0.099289,0.098062
8054,24,0.574193,0.034254,0.01,0.045673,0.33588,0.258421,0.741579,0.123641,0.121864
8055,30,0.574252,0.034234,0.009994,0.045646,0.335874,0.258293,0.741707,0.105703,0.108254
8056,24,0.574123,0.034227,0.009998,0.045635,0.336017,0.258239,0.741761,0.118087,0.118927
8057,30,0.574225,0.034218,0.009998,0.045624,0.335935,0.258123,0.741877,0.110063,0.111794
8058,30,0.574183,0.034221,0.010001,0.045629,0.335966,0.258229,0.741771,0.114964,0.111333
8059,30,0.574183,0.034221,0.01,0.045629,0.335967,0.258296,0.741704,0.119599,0.117
8060,24,0.574358,0.034207,0.009996,0.04561,0.335829,0.25818,0.74182,0.117371,0.119424
8061,30,0.574211,0.034199,0.01025,0.045598,0.335743,0.258164,0.741836,0.119487,0.119468
8062,24,0.574444,0.0342,0.01,0.0456,0.335756,0.258103,0.741897,0.117265,0.118291
8063,24,0.574318,0.034192,0.009998,0.04559,0.335901,0.258118,0.741882,0.120146,0.119224
8064,30,0.574167,0.034189,0.009999,0.045585,0.33606,0.258195,0.741805,0.111894,0.109003
8065,30,0.574266,0.034166,0.009993,0.045554,0.336021,0.258094,0.741906,0.110292,0.112155
8066,30,0.574182,0.034172,0.010002,0.045563,0.336082,0.258246,0.741754,0.124482,0.119542
8067,30,0.573848,0.034152,0.010235,0.045536,0.336228,0.25815,0.74185,0.117589,0.119566
8068,30,0.574158,0.034141,0.010058,0.045522,0.336121,0.258078,0.741922,0.113315,0.11445
8069,24,0.574104,0.03415,0.010003,0.045534,0.33621,0.258059,0.741941,0.125062,0.124332
8070,30,0.574274,0.034137,0.009996,0.045516,0.336077,0.257948,0.742052,0.125346,0.127458
8071,24,0.574396,0.034127,0.009997,0.045502,0.335978,0.25784,0.74216,0.118591,0.120502
8072,24,0.574396,0.034126,0.01,0.045502,0.335976,0.257887,0.742113,0.123295,0.121548
8073,30,0.574319,0.034123,0.010124,0.045497,0.335938,0.25787,0.74213,0.11651,0.11615
8074,30,0.574649,0.034106,0.009995,0.045475,0.335775,0.257704,0.742296,0.100639,0.103754
8075,24,0.574285,0.034084,0.010622,0.045446,0.335563,0.257684,0.742316,0.129853,0.12985
8076,24,0.574424,0.034093,0.010163,0.045457,0.335863,0.257699,0.742301,0.120144,0.119227
8077,30,0.574621,0.03409,0.009999,0.045453,0.335836,0.257561,0.742439,0.113327,0.114855
8078,30,0.57458,0.034093,0.010001,0.045458,0.335868,0.257534,0.742466,0.121609,0.121425
8079,30,0.574749,0.03408,0.009996,0.04544,0.335735,0.25747,0.74253,0.115398,0.116175
8080,30,0.574597,0.034076,0.009999,0.045435,0.335893,0.257547,0.742453,0.111894,0.109009
8081,30,0.574693,0.034069,0.009998,0.045425,0.335816,0.257563,0.742437,0.126166,0.124231
8082,24,0.574604,0.034075,0.010002,0.045434,0.335885,0.25758,0.74242,0.133399,0.132417
8083,30,0.574224,0.034059,0.010246,0.045412,0.33606,0.257495,0.742505,0.1296,0.131288
8084,30,0.574197,0.034057,0.010294,0.045409,0.336043,0.257528,0.742472,0.126144,0.12486
8085,30,0.573968,0.034052,0.010587,0.045402,0.335991,0.257747,0.742253,0.130028,0.122879
8086,24,0.573604,0.03403,0.011213,0.045374,0.335779,0.257684,0.742316,0.12152,0.122068
8087,30,0.573931,0.034026,0.010596,0.045368,0.336079,0.257505,0.742495,0.10021,0.103998
8088,24,0.574273,0.034046,0.010006,0.045395,0.33628,0.257486,0.742514,0.121635,0.1216
8089,24,0.574278,0.034046,0.01,0.045395,0.336281,0.257581,0.742419,0.114958,0.111308
8090,30,0.574237,0.03405,0.010001,0.0454,0.336313,0.257554,0.742446,0.121589,0.121407
8091,24,0.574238,0.03405,0.01,0.0454,0.336313,0.257534,0.742466,0.129895,0.129883
8092,24,0.57415,0.034057,0.010002,0.045409,0.336382,0.257551,0.742449,0.125079,0.12409
8093,30,0.574151,0.034057,0.01,0.045409,0.336383,0.257585,0.742415,0.126202,0.124902
8094,24,0.574027,0.034049,0.009998,0.045399,0.336527,0.257598,0.742402,0.11977,0.118873
8095,30,0.573999,0.034024,0.009993,0.045365,0.336619,0.257418,0.742582,0.106816,0.110621
8096,30,0.57438,0.033981,0.010133,0.045308,0.336197,0.2571,0.7429,0.088789,0.09559
8097,24,0.574369,0.033993,0.010003,0.045324,0.336311,0.257117,0.742883,0.125091,0.124099
8098,24,0.574371,0.033993,0.01,0.045324,0.336312,0.257098,0.742902,0.1216,0.121579
8099,30,0.574406,0.03399,0.009999,0.04532,0.336284,0.257075,0.742925,0.115576,0.115319
8100,24,0.574067,0.033982,0.009998,0.04531,0.336643,0.257024,0.742976,0.118042,0.118769
8101,30,0.573927,0.033974,0.01024,0.045299,0.336561,0.257008,0.742992,0.119487,0.119466
8102,30,0.574511,0.033946,0.009992,0.045262,0.336289,0.256712,0.743288,0.083829,0.089987
8103,24,0.574462,0.033944,0.010077,0.045258,0.33626,0.256817,0.743183,0.121558,0.117261
8104,24,0.574507,0.033946,0.010001,0.045261,0.336285,0.256864,0.743136,0.123295,0.121541
8105,30,0.574383,0.033929,0.009995,0.045238,0.336455,0.256736,0.743264,0.107523,0.110306
8106,24,0.57447,0.033921,0.009998,0.045229,0.336382,0.256675,0.743325,0.125612,0.126633
8107,30,0.574568,0.033898,0.009993,0.045198,0.336343,0.256525,0.743475,0.110314,0.113431
8108,24,0.574609,0.033894,0.009999,0.045193,0.336305,0.256767,0.743233,0.113224,0.105363
8109,24,0.574483,0.033887,0.009998,0.045183,0.33645,0.256782,0.743218,0.120199,0.119265
8110,30,0.574082,0.033869,0.010278,0.045159,0.336613,0.256771,0.743229,0.119617,0.118861
8111,24,0.574154,0.033885,0.010005,0.04518,0.336775,0.256788,0.743212,0.125079,0.124096
8112,30,0.574283,0.03386,0.009993,0.045147,0.336717,0.256797,0.743203,0.108664,0.107146
8113,30,0.574128,0.033857,0.009999,0.045142,0.336874,0.256874,0.743126,0.11189,0.109019
8114,30,0.57362,0.033827,0.010876,0.045102,0.336575,0.257006,0.742994,0.136081,0.131286
8115,30,0.574272,0.033799,0.010562,0.045065,0.336301,0.256736,0.743264,0.087347,0.09274
8116,30,0.574359,0.03381,0.010003,0.04508,0.336749,0.256633,0.743367,0.113019,0.114641
8117,24,0.574361,0.03381,0.01,0.04508,0.33675,0.256919,0.743081,0.113263,0.10433
8118,24,0.574147,0.033809,0.01,0.045079,0.336964,0.256873,0.743127,0.121533,0.121426
8119,24,0.574147,0.033809,0.01,0.045079,0.336964,0.256854,0.743146,0.121628,0.121599
8120,30,0.574364,0.033792,0.009995,0.045056,0.336793,0.256778,0.743222,0.112793,0.113997
8121,30,0.574009,0.033743,0.010961,0.04499,0.336297,0.256656,0.743344,0.113239,0.115647
8122,24,0.573999,0.033742,0.010761,0.044989,0.336509,0.256602,0.743398,0.126369,0.127218
8123,30,0.574182,0.033758,0.010376,0.045011,0.336673,0.256575,0.743425,0.121587,0.121415
8124,24,0.5744,0.033771,0.010004,0.045028,0.336798,0.256551,0.743449,0.129157,0.129201
8125,30,0.574406,0.033744,0.009992,0.044991,0.336867,0.256398,0.743602,0.103782,0.106782
8126,30,0.574402,0.033743,0.01,0.044991,0.336864,0.256609,0.743391,0.112878,0.10614
8127,24,0.57454,0.033731,0.010011,0.044975,0.336743,0.256505,0.743495,0.116071,0.117499
8128,24,0.57449,0.033728,0.010096,0.044971,0.336714,0.256485,0.743515,0.129866,0.129861
8129,30,0.574545,0.033732,0.010001,0.044975,0.336747,0.256552,0.743448,0.119599,0.117011
8130,30,0.574704,0.033719,0.009996,0.044959,0.336622,0.256549,0.743451,0.09582,0.093907
8131,30,0.57476,0.033714,0.009999,0.044952,0.336575,0.256609,0.743391,0.121852,0.119306
8132,30,0.575089,0.033688,0.009992,0.044917,0.336313,0.25641,0.74359,0.097161,0.101085
8133,30,0.574676,0.033664,0.010703,0.044885,0.336072,0.25636,0.74364,0.119443,0.119871
8134,30,0.575243,0.033674,0.010015,0.044898,0.33617,0.256267,0.743733,0.116701,0.117273
8135,24,0.575193,0.033671,0.0101,0.044894,0.336141,0.256205,0.743795,0.121558,0.122083
8136,30,0.574862,0.033657,0.010602,0.044876,0.336003,0.256211,0.743789,0.128194,0.127593
8137,30,0.575208,0.033677,0.010006,0.044903,0.336206,0.256162,0.743838,0.119555,0.119956
8138,24,0.575335,0.033668,0.009997,0.04489,0.33611,0.256055,0.743945,0.118567,0.120445
8139,30,0.57541,0.033662,0.009998,0.044882,0.336048,0.255943,0.744057,0.111692,0.113522
8140,30,0.575405,0.033645,0.010205,0.04486,0.335885,0.25586,0.74414,0.115093,0.116223
8141,30,0.575541,0.033624,0.010325,0.044833,0.335677,0.255739,0.744261,0.113307,0.115692
8142,24,0.575603,0.033628,0.010001,0.044837,0.335931,0.255752,0.744248,0.119758,0.11887
8143,24,0.575864,0.033607,0.009994,0.04481,0.335725,0.25558,0.74442,0.105491,0.108142
8144,30,0.57575,0.033601,0.009998,0.044801,0.33585,0.255647,0.744353,0.123132,0.120505
8145,24,0.575749,0.033601,0.01,0.044801,0.335849,0.255905,0.744095,0.115347,0.107171
8146,30,0.575776,0.033598,0.009999,0.044798,0.335828,0.255804,0.744196,0.106398,0.107945
8147,30,0.575735,0.033596,0.010071,0.044795,0.335804,0.255969,0.744031,0.119476,0.113929
8148,30,0.575224,0.033566,0.010948,0.044755,0.335506,0.255942,0.744058,0.136081,0.136366
8149,24,0.575647,0.033571,0.010252,0.044761,0.335769,0.255968,0.744032,0.10594,0.103836
8150,24,0.575579,0.033579,0.010002,0.044772,0.336068,0.255951,0.744049,0.12157,0.12145
8151,30,0.57554,0.033582,0.010001,0.044776,0.336101,0.255924,0.744076,0.121581,0.121399
8152,30,0.575392,0.033573,0.010255,0.044764,0.336015,0.255909,0.744091,0.119487,0.119466
8153,24,0.5758,0.033561,0.009996,0.044748,0.335894,0.255737,0.744263,0.105533,0.108178
8154,24,0.575584,0.033561,0.01,0.044748,0.336107,0.25572,0.74428,0.12157,0.121435
8155,24,0.575584,0.033561,0.01,0.044748,0.336107,0.25581,0.74419,0.115333,0.111967
8156,24,0.575584,0.033561,0.01,0.044748,0.336107,0.255791,0.744209,0.129949,0.129919
8157,24,0.575584,0.033561,0.01,0.044748,0.336107,0.255841,0.744159,0.123724,0.121936
8158,24,0.575497,0.033568,0.010002,0.044757,0.336176,0.255858,0.744142,0.125095,0.124105
8159,30,0.575105,0.033545,0.010676,0.044726,0.335947,0.255797,0.744203,0.129423,0.130135
8160,30,0.57598,0.033529,0.009995,0.044705,0.33579,0.255479,0.744521,0.081718,0.088427
8161,30,0.575857,0.033511,0.009995,0.044682,0.335955,0.255343,0.744657,0.108615,0.110937
8162,30,0.575958,0.033488,0.009993,0.044651,0.33591,0.255238,0.744762,0.1097,0.111632
8163,30,0.57607,0.033479,0.009997,0.044638,0.335817,0.255146,0.744854,0.110772,0.112556
8164,30,0.576068,0.033478,0.01,0.044638,0.335816,0.255214,0.744786,0.119588,0.117012
8165,24,0.575817,0.033464,0.009996,0.044618,0.336105,0.255193,0.744807,0.116246,0.11621
8166,30,0.575472,0.033464,0.01,0.044618,0.336446,0.255302,0.744698,0.119265,0.115596
8167,30,0.575472,0.033464,0.01,0.044618,0.336446,0.255253,0.744747,0.119556,0.11995
8168,30,0.575698,0.033446,0.009995,0.044595,0.336267,0.255152,0.744848,0.095861,0.096692
8169,30,0.575693,0.03343,0.0102,0.044573,0.336104,0.255069,0.744931,0.115071,0.116201
8170,24,0.575765,0.03344,0.010003,0.044586,0.336206,0.255198,0.744802,0.12333,0.118391
8171,24,0.575767,0.03344,0.01,0.044587,0.336207,0.255179,0.744821,0.129924,0.129898
8172,30,0.575924,0.033428,0.009996,0.04457,0.336082,0.255053,0.744947,0.102435,0.104439
8173,24,0.575841,0.033417,0.009997,0.044555,0.336191,0.25513,0.74487,0.118035,0.114843
8174,30,0.575846,0.033416,0.01,0.044555,0.336184,0.25516,0.74484,0.125611,0.124416
8175,24,0.575845,0.033416,0.01,0.044555,0.336184,0.25525,0.74475,0.115347,0.111982
8176,24,0.576019,0.033402,0.009996,0.044536,0.336046,0.255136,0.744864,0.109088,0.111088
8177,24,0.57593,0.033409,0.010002,0.044545,0.336114,0.255153,0.744847,0.133403,0.132424
8178,24,0.576281,0.033381,0.009992,0.044509,0.335837,0.255026,0.744974,0.102859,0.10515
8179,30,0.576253,0.03338,0.01004,0.044506,0.335821,0.25522,0.74478,0.126144,0.119818
8180,30,0.576105,0.033371,0.010294,0.044495,0.335734,0.255171,0.744829,0.119487,0.119893
8181,30,0.576085,0.033369,0.009999,0.044492,0.336055,0.255121,0.744879,0.117039,0.11782
8182,24,0.576084,0.033369,0.01,0.044492,0.336054,0.255102,0.744898,0.121628,0.121595
8183,30,0.575692,0.033346,0.010674,0.044462,0.335826,0.255041,0.744959,0.129423,0.13013
8184,30,0.575919,0.033359,0.010284,0.044479,0.335958,0.255026,0.744974,0.119546,0.11951
8185,24,0.576172,0.033362,0.010001,0.044483,0.335983,0.254966,0.745034,0.117287,0.118289
8186,24,0.576123,0.033359,0.010086,0.044479,0.335954,0.254946,0.745054,0.129866,0.129858
8187,24,0.576173,0.033362,0.010001,0.044482,0.335982,0.254993,0.745007,0.123295,0.121562
8188,30,0.576369,0.033345,0.010017,0.04446,0.335809,0.254872,0.745128,0.106632,0.109004
8189,24,0.576379,0.033345,0.01,0.04446,0.335815,0.254853,0.745147,0.129907,0.129894
8190,30,0.576483,0.033322,0.009993,0.044429,0.335772,0.254748,0.745252,0.109706,0.111635
8191,24,0.576538,0.033317,0.009999,0.044423,0.335723,0.254689,0.745311,0.119569,0.119729
8192,30,0.576645,0.033309,0.009997,0.044412,0.335637,0.254695,0.745305,0.098113,0.096214
8193,30,0.57665,0.033308,0.01,0.044411,0.335631,0.254758,0.745242,0.118997,0.116517
8194,24,0.576563,0.033315,0.010002,0.04442,0.3357,0.254776,0.745224,0.125087,0.124104
8195,24,0.576438,0.033308,0.009998,0.04441,0.335846,0.254723,0.745277,0.118087,0.118916
8196,24,0.576698,0.033287,0.009994,0.044383,0.335638,0.254638,0.745362,0.107247,0.108493
8197,24,0.576868,0.033273,0.009996,0.044364,0.335499,0.254511,0.745489,0.108983,0.110358
8198,24,0.576739,0.033266,0.009998,0.044354,0.335643,0.254527,0.745473,0.120216,0.119286
8199,30,0.57675,0.03325,0.009995,0.044333,0.335672,0.254528,0.745472,0.111529,0.110496
8200,30,0.576775,0.033247,0.009999,0.04433,0.335649,0.254647,0.745353,0.124587,0.12065
8201,24,0.576284,0.033219,0.010623,0.044292,0.335582,0.254593,0.745407,0.126329,0.127174
8202,30,0.576289,0.033219,0.010614,0.044293,0.335585,0.254533,0.745467,0.129484,0.130163
8203,30,0.576525,0.033229,0.010261,0.044305,0.33568,0.254507,0.745493,0.118143,0.118342
8204,24,0.576937,0.033217,0.009996,0.044289,0.33556,0.254422,0.745578,0.107194,0.10845
8205,30,0.577151,0.0332,0.009995,0.044267,0.335388,0.254457,0.745543,0.098391,0.095829
8206,30,0.577264,0.033176,0.009993,0.044234,0.335334,0.254443,0.745557,0.108751,0.107875
8207,30,0.577134,0.033159,0.009995,0.044211,0.335502,0.254479,0.745521,0.114154,0.112088
8208,30,0.577131,0.033158,0.01,0.044211,0.3355,0.254546,0.745454,0.119487,0.116937
8209,24,0.577004,0.033151,0.009998,0.044201,0.335645,0.254493,0.745507,0.126399,0.127228
8210,24,0.577003,0.033151,0.01,0.044201,0.335645,0.254474,0.745526,0.121612,0.12158
8211,24,0.576878,0.033144,0.009998,0.044192,0.335789,0.254487,0.745513,0.11977,0.118882
8212,24,0.576877,0.033144,0.01,0.044191,0.335788,0.254468,0.745532,0.121587,0.12156
8213,30,0.576576,0.033098,0.010867,0.044131,0.335327,0.254468,0.745532,0.123198,0.121868
8214,30,0.576726,0.033106,0.01028,0.044141,0.335747,0.254418,0.745582,0.117047,0.117821
8215,30,0.576741,0.033127,0.010006,0.044169,0.335957,0.254596,0.745404,0.127853,0.121777
8216,30,0.576488,0.033112,0.010251,0.044149,0.336001,0.25454,0.74546,0.133068,0.134064
8217,24,0.576588,0.033124,0.010004,0.044165,0.336119,0.254619,0.745381,0.13167,0.128479
8218,24,0.576503,0.033131,0.010002,0.044174,0.33619,0.254602,0.745398,0.12507,0.124328
8219,30,0.57644,0.033111,0.010306,0.044148,0.335994,0.254499,0.745501,0.127365,0.129451
8220,24,0.576277,0.033114,0.010001,0.044152,0.336457,0.254449,0.745551,0.11805,0.118758
8221,30,0.575945,0.0331,0.010503,0.044134,0.336318,0.254456,0.745544,0.128194,0.127594
8222,30,0.575565,0.033084,0.010746,0.044112,0.336493,0.254371,0.745629,0.129601,0.13126
8223,30,0.575934,0.033089,0.01031,0.044119,0.336548,0.254289,0.745711,0.115149,0.116258
8224,24,0.576049,0.033096,0.010111,0.044128,0.336616,0.254228,0.745772,0.121572,0.122084
8225,24,0.575989,0.033092,0.009999,0.044123,0.336797,0.254241,0.745759,0.11977,0.118891
8226,30,0.575826,0.033078,0.009996,0.044104,0.336996,0.254127,0.745873,0.123671,0.125665
8227,24,0.57587,0.033069,0.010072,0.044091,0.336898,0.254134,0.745866,0.119291,0.118566
8228,24,0.576085,0.033057,0.009997,0.044077,0.336784,0.25402,0.74598,0.109088,0.111078
8229,24,0.575957,0.03305,0.009998,0.044067,0.336928,0.254036,0.745964,0.120212,0.119284
8230,30,0.575809,0.033042,0.010252,0.044055,0.336842,0.253987,0.746013,0.119487,0.119886
8231,24,0.575703,0.033035,0.009998,0.044047,0.337216,0.2539,0.7461,0.114583,0.116251
8232,30,0.575835,0.033016,0.01011,0.044021,0.337018,0.253827,0.746173,0.112246,0.113266
8233,24,0.575646,0.033005,0.009997,0.044007,0.337345,0.25374,0.74626,0.1146,0.116256
8234,30,0.575814,0.032992,0.009996,0.043989,0.337209,0.253591,0.746409,0.10132,0.103204
8235,30,0.575812,0.032992,0.01,0.043989,0.337207,0.253659,0.746341,0.119588,0.117026
8236,30,0.575671,0.032984,0.010242,0.043978,0.337125,0.25361,0.74639,0.119487,0.119883
8237,24,0.575855,0.032988,0.010001,0.043984,0.337171,0.25372,0.74628,0.121559,0.117628
8238,30,0.576056,0.032973,0.009995,0.043964,0.337013,0.253648,0.746352,0.112285,0.113298
8239,24,0.576053,0.032973,0.01,0.043963,0.337011,0.253739,0.746261,0.115347,0.112002
8240,24,0.576315,0.032952,0.009994,0.043936,0.336803,0.253654,0.746346,0.107237,0.108473
8241,30,0.576719,0.03292,0.00999,0.043894,0.336476,0.253442,0.746558,0.084541,0.088704
8242,30,0.576673,0.032923,0.010001,0.043897,0.336505,0.253416,0.746584,0.121601,0.121408
8243,24,0.576847,0.03291,0.009996,0.04388,0.336368,0.253301,0.746699,0.117309,0.119305
8244,30,0.576474,0.032912,0.010001,0.043882,0.336731,0.253281,0.746719,0.119786,0.119122
8245,30,0.575919,0.032852,0.011306,0.043803,0.33612,0.253148,0.746852,0.123157,0.125827
8246,30,0.576333,0.032881,0.010526,0.043842,0.336418,0.253122,0.746878,0.121626,0.121424
8247,24,0.57633,0.032858,0.010826,0.04381,0.336177,0.253007,0.746993,0.117289,0.1193
8248,30,0.576808,0.032857,0.010016,0.043809,0.336511,0.252856,0.747144,0.104772,0.107824
8249,30,0.576808,0.032858,0.01,0.043811,0.336523,0.25289,0.74711,0.125198,0.123816
8250,24,0.577,0.032834,0.010111,0.043779,0.336277,0.252843,0.747157,0.105468,0.105046
8251,30,0.577251,0.032823,0.009997,0.043764,0.336165,0.252862,0.747138,0.107724,0.106047
8252,24,0.577087,0.032825,0.010131,0.043767,0.336189,0.252879,0.747121,0.133353,0.132387
8253,30,0.577163,0.03283,0.010001,0.043773,0.336233,0.252947,0.747053,0.119542,0.116989
8254,24,0.577164,0.03283,0.01,0.043773,0.336234,0.252996,0.747004,0.123641,0.121891
8255,24,0.577164,0.03283,0.01,0.043773,0.336234,0.252978,0.747022,0.121657,0.12162
8256,24,0.57695,0.032829,0.01,0.043772,0.336448,0.252962,0.747038,0.129883,0.129759
8257,24,0.576951,0.032829,0.01,0.043772,0.336447,0.253059,0.746941,0.114971,0.111371
8258,24,0.576954,0.032829,0.01,0.043772,0.336445,0.253036,0.746964,0.120818,0.120849
8259,24,0.576954,0.032829,0.01,0.043772,0.336445,0.253018,0.746982,0.12164,0.121607
8260,30,0.576805,0.032821,0.010254,0.043761,0.336359,0.253003,0.746997,0.119487,0.11946
8261,30,0.576845,0.032837,0.010005,0.043783,0.336529,0.253163,0.746837,0.124998,0.119975
8262,24,0.576848,0.032837,0.01,0.043783,0.336531,0.253144,0.746856,0.121587,0.121558
8263,24,0.576848,0.032837,0.01,0.043783,0.336531,0.253126,0.746874,0.12164,0.121598
8264,30,0.576526,0.032842,0.01026,0.04379,0.336582,0.253197,0.746803,0.144945,0.142621
8265,24,0.576551,0.032844,0.01,0.043792,0.336814,0.253266,0.746734,0.111447,0.108444
8266,30,0.576239,0.032829,0.010502,0.043772,0.336659,0.253451,0.746549,0.12717,0.121088
8267,30,0.57617,0.032809,0.010817,0.043745,0.336459,0.253344,0.746656,0.116207,0.118422
8268,30,0.576797,0.032824,0.010004,0.043765,0.33661,0.253343,0.746657,0.095713,0.093803
8269,24,0.576799,0.032824,0.01,0.043765,0.336611,0.253325,0.746675,0.121657,0.121611
8270,30,0.576626,0.032837,0.010004,0.043783,0.336749,0.253514,0.746486,0.121714,0.115894
8271,24,0.576775,0.032826,0.009997,0.043768,0.336634,0.253568,0.746432,0.10946,0.106741
8272,24,0.576686,0.032833,0.010002,0.043777,0.336702,0.253586,0.746414,0.133407,0.132434
8273,24,0.5766,0.03284,0.010002,0.043786,0.336772,0.253569,0.746431,0.12507,0.124331
8274,24,0.57655,0.032837,0.010087,0.043782,0.336743,0.253508,0.746492,0.121558,0.122066
8275,24,0.576564,0.032826,0.009997,0.043767,0.336846,0.253414,0.746586,0.122075,0.123926
8276,30,0.576714,0.032814,0.009996,0.043752,0.336725,0.253335,0.746665,0.107161,0.107457
8277,24,0.576586,0.032806,0.009998,0.043742,0.336868,0.253282,0.746718,0.118112,0.11892
8278,24,0.576584,0.032806,0.01,0.043742,0.336868,0.253263,0.746737,0.129895,0.129875
8279,24,0.576333,0.032792,0.009996,0.043723,0.337156,0.253242,0.746758,0.116237,0.116201
8280,30,0.576309,0.032767,0.009992,0.043689,0.337242,0.253092,0.746908,0.105156,0.108195
8281,24,0.576428,0.032757,0.009997,0.043676,0.337141,0.252985,0.747015,0.118554,0.120415
8282,24,0.576339,0.032764,0.010002,0.043685,0.337209,0.252968,0.747032,0.12508,0.124346
8283,30,0.576497,0.032752,0.009996,0.043669,0.337085,0.252843,0.747157,0.102417,0.104393
8284,24,0.576496,0.032752,0.01,0.043669,0.337083,0.25294,0.74706,0.114958,0.11136
8285,24,0.576447,0.032749,0.010085,0.043665,0.337054,0.252921,0.747079,0.129866,0.129854
8286,30,0.576452,0.032749,0.010076,0.043666,0.337057,0.252861,0.747139,0.129478,0.130153
8287,30,0.576507,0.032724,0.009992,0.043633,0.337144,0.25271,0.74729,0.104734,0.107791
8288,30,0.576491,0.032723,0.01002,0.043631,0.337134,0.252662,0.747338,0.119498,0.119887
8289,30,0.576329,0.032738,0.010004,0.04365,0.337279,0.252733,0.747267,0.144994,0.142667
8290,30,0.576344,0.032722,0.009995,0.043629,0.337309,0.252734,0.747266,0.111526,0.110493
8291,30,0.576152,0.03271,0.009996,0.043613,0.337529,0.252684,0.747316,0.117029,0.117798
8292,24,0.575936,0.03271,0.01,0.043613,0.337742,0.252668,0.747332,0.129874,0.129744
8293,30,0.576025,0.032692,0.010134,0.043589,0.33756,0.252593,0.747407,0.114306,0.11536
8294,30,0.57603,0.032692,0.010125,0.04359,0.337563,0.252533,0.747467,0.129478,0.130153
8295,24,0.576102,0.032696,0.010001,0.043595,0.337606,0.252583,0.747417,0.12367,0.121911
8296,24,0.576052,0.032694,0.010086,0.043591,0.337576,0.252564,0.747436,0.121558,0.121537
8297,24,0.576102,0.032696,0.010001,0.043595,0.337606,0.252672,0.747328,0.121572,0.117315
8298,30,0.576109,0.032681,0.009995,0.043575,0.33764,0.252678,0.747322,0.112117,0.110991
8299,30,0.576106,0.032681,0.01,0.043575,0.337638,0.252664,0.747336,0.119545,0.119502
8300,24,0.575981,0.032674,0.009998,0.043565,0.337782,0.252677,0.747323,0.119766,0.118877
8301,30,0.576095,0.032665,0.01,0.043553,0.337688,0.252711,0.747289,0.115081,0.113254
8302,30,0.576463,0.032636,0.009991,0.043515,0.337394,0.252429,0.747571,0.086691,0.092612
8303,24,0.576458,0.032636,0.01,0.043515,0.337391,0.252368,0.747632,0.121583,0.122077
8304,24,0.576333,0.032629,0.009998,0.043505,0.337535,0.252382,0.747618,0.119766,0.11889
8305,24,0.576245,0.032635,0.010002,0.043514,0.337604,0.252366,0.747634,0.125066,0.124333
8306,24,0.576033,0.032635,0.01,0.043513,0.337819,0.25235,0.74765,0.129874,0.129753
8307,24,0.575946,0.032642,0.010002,0.043522,0.337888,0.252368,0.747632,0.125083,0.124108
8308,24,0.575821,0.032635,0.009998,0.043513,0.338034,0.252315,0.747685,0.126395,0.127219
8309,24,0.575694,0.032627,0.009998,0.043503,0.338178,0.252262,0.747738,0.118095,0.118911
8310,30,0.575652,0.03263,0.010001,0.043507,0.338209,0.252236,0.747764,0.121581,0.121388
8311,24,0.575742,0.032624,0.009998,0.043498,0.338138,0.252245,0.747755,0.119416,0.118666
8312,24,0.57588,0.032612,0.010009,0.043483,0.338017,0.252142,0.747858,0.116064,0.11745
8313,30,0.576103,0.032595,0.009995,0.043461,0.337846,0.252045,0.747955,0.095904,0.096618
8314,30,0.576208,0.032587,0.009997,0.043449,0.337758,0.251918,0.748082,0.104695,0.106188
8315,24,0.576088,0.032586,0.010131,0.043448,0.337747,0.251998,0.748002,0.131614,0.128458
8316,24,0.576374,0.032574,0.009996,0.043432,0.337624,0.251984,0.748016,0.100517,0.099265
8317,30,0.575886,0.032546,0.010494,0.043395,0.337679,0.251999,0.748001,0.117554,0.116448
8318,30,0.576293,0.032553,0.010002,0.043404,0.337748,0.25203,0.74797,0.114605,0.11284
8319,30,0.576387,0.032536,0.010128,0.043381,0.337569,0.25195,0.74805,0.106636,0.106903
8320,30,0.576588,0.03253,0.009998,0.043373,0.33751,0.251858,0.748142,0.109717,0.111355
8321,30,0.576934,0.032503,0.009992,0.043338,0.337233,0.251628,0.748372,0.08995,0.094319
8322,30,0.576929,0.032503,0.01,0.043338,0.33723,0.251697,0.748303,0.119599,0.117044
8323,24,0.576803,0.032496,0.009998,0.043328,0.337375,0.251713,0.748287,0.120183,0.119272
8324,30,0.576651,0.032493,0.009999,0.043324,0.337533,0.251691,0.748309,0.118509,0.118618
8325,24,0.576697,0.032472,0.009994,0.043297,0.33754,0.251544,0.748456,0.105514,0.108313
8326,24,0.576867,0.032459,0.009996,0.043279,0.3374,0.251431,0.748569,0.10906,0.111022
8327,30,0.576871,0.032458,0.01,0.043278,0.337393,0.251495,0.748505,0.118997,0.116537
8328,24,0.576658,0.032458,0.01,0.043277,0.337607,0.251479,0.748521,0.12157,0.121425
8329,24,0.576918,0.032438,0.009994,0.043251,0.3374,0.251461,0.748539,0.099262,0.09801
8330,30,0.577122,0.032422,0.009995,0.043229,0.337232,0.251341,0.748659,0.106637,0.108962
8331,30,0.577314,0.032407,0.009995,0.043209,0.337075,0.251362,0.748638,0.112723,0.111065
8332,30,0.577467,0.032395,0.009996,0.043193,0.336949,0.251228,0.748772,0.102359,0.103814
8333,30,0.577066,0.032357,0.010881,0.043142,0.336554,0.251273,0.748727,0.115029,0.112485
8334,30,0.577312,0.03237,0.010117,0.043161,0.33704,0.251266,0.748734,0.11098,0.1102
8335,30,0.57738,0.032374,0.010001,0.043166,0.337079,0.251352,0.748648,0.112932,0.109949
8336,30,0.57738,0.032374,0.01,0.043166,0.33708,0.251293,0.748707,0.129525,0.130181
8337,30,0.577218,0.032361,0.009996,0.043148,0.337278,0.251192,0.748808,0.113698,0.115365
8338,30,0.577429,0.032344,0.009995,0.043125,0.337106,0.251117,0.748883,0.112709,0.113891
8339,30,0.577406,0.032345,0.01,0.043127,0.33712,0.251265,0.748735,0.137185,0.132121
8340,30,0.577575,0.032333,0.009996,0.04311,0.336987,0.251152,0.748848,0.107681,0.109881
8341,30,0.577426,0.032324,0.01025,0.043099,0.3369,0.251137,0.748863,0.119487,0.119457
8342,30,0.577785,0.032316,0.009997,0.043088,0.336814,0.251062,0.748938,0.112739,0.113915
8343,30,0.577772,0.032297,0.010254,0.043063,0.336615,0.250937,0.749063,0.109435,0.111449
8344,30,0.577607,0.032288,0.010536,0.04305,0.336518,0.250985,0.749015,0.126158,0.124091
8345,30,0.577579,0.032286,0.010584,0.043048,0.336502,0.251019,0.748981,0.126143,0.124883
8346,30,0.577882,0.032293,0.010002,0.043057,0.336765,0.250931,0.749069,0.114133,0.115352
8347,24,0.578056,0.03228,0.009996,0.04304,0.336628,0.250818,0.749182,0.109069,0.111015
8348,24,0.577967,0.032286,0.010002,0.043049,0.336696,0.250836,0.749164,0.133399,0.132429
8349,30,0.577948,0.032288,0.01,0.043051,0.336713,0.250889,0.749111,0.130558,0.127934
8350,30,0.577927,0.032287,0.010036,0.043049,0.336701,0.250923,0.749077,0.126144,0.124883
8351,24,0.577949,0.032288,0.01,0.043051,0.336712,0.250971,0.749029,0.123295,0.121569
8352,24,0.577823,0.032281,0.009998,0.043041,0.336857,0.250987,0.749013,0.120212,0.119286
8353,30,0.577781,0.032284,0.010001,0.043045,0.336889,0.250961,0.749039,0.121594,0.121394
8354,30,0.577498,0.032291,0.010002,0.043055,0.337154,0.250988,0.749012,0.125301,0.123599
8355,24,0.577499,0.032291,0.01,0.043055,0.337155,0.251038,0.748962,0.12367,0.12192
8356,30,0.577575,0.032285,0.009998,0.043047,0.337094,0.250979,0.749021,0.11718,0.117688
8357,24,0.577449,0.032278,0.009998,0.043037,0.337238,0.250993,0.749007,0.119766,0.118881
8358,30,0.577191,0.032271,0.009998,0.043029,0.337511,0.251081,0.748919,0.131492,0.127955
8359,30,0.577175,0.032271,0.010026,0.043027,0.337501,0.251033,0.748967,0.119498,0.119879
8360,30,0.577292,0.032264,0.009998,0.043018,0.337429,0.250911,0.749089,0.103378,0.104502
8361,24,0.577337,0.032243,0.009994,0.042991,0.337435,0.250764,0.749236,0.105545,0.108334
8362,24,0.577804,0.032207,0.009989,0.042943,0.337057,0.250556,0.749444,0.092358,0.096366
8363,24,0.577545,0.032193,0.009996,0.042924,0.337343,0.250469,0.749531,0.122866,0.124524
8364,30,0.577502,0.032196,0.010001,0.042928,0.337374,0.250444,0.749556,0.121614,0.121412
8365,30,0.577515,0.032159,0.010462,0.042878,0.336986,0.250388,0.749612,0.101529,0.1014
8366,24,0.577568,0.032173,0.010004,0.042898,0.337356,0.250372,0.749628,0.12157,0.12143
8367,24,0.577358,0.032173,0.01,0.042897,0.337572,0.250356,0.749644,0.12157,0.12143
8368,24,0.577144,0.032173,0.01,0.042897,0.337786,0.25034,0.74966,0.129866,0.129736
8369,24,0.577404,0.032153,0.009994,0.04287,0.337579,0.250324,0.749676,0.099313,0.098044
8370,24,0.577357,0.032156,0.010001,0.042875,0.337612,0.250456,0.749544,0.123346,0.118467
8371,30,0.577337,0.032157,0.01,0.042877,0.337628,0.250581,0.749419,0.120558,0.116548
8372,30,0.576967,0.03216,0.010001,0.04288,0.337993,0.250584,0.749416,0.119781,0.119126
8373,24,0.576755,0.032159,0.01,0.042879,0.338207,0.250568,0.749432,0.129878,0.129748
8374,30,0.576923,0.032146,0.009996,0.042862,0.338073,0.250504,0.749496,0.114359,0.115324
8375,30,0.576747,0.03216,0.010004,0.042879,0.33821,0.250549,0.749451,0.138352,0.136215
8376,24,0.576697,0.032157,0.010089,0.042876,0.338181,0.25053,0.74947,0.129866,0.129849
8377,30,0.576469,0.032154,0.010347,0.042873,0.338157,0.250622,0.749378,0.141042,0.137777
8378,30,0.57666,0.032166,0.010004,0.042888,0.338281,0.250696,0.749304,0.118571,0.115709
8379,30,0.576819,0.032155,0.009996,0.042873,0.338157,0.250571,0.749429,0.109062,0.111011
8380,30,0.576713,0.032148,0.009998,0.042864,0.338278,0.250606,0.749394,0.11593,0.114205
8381,24,0.576712,0.032148,0.01,0.042864,0.338277,0.250588,0.749412,0.1216,0.121566
8382,24,0.576973,0.032128,0.009994,0.042837,0.338068,0.250505,0.749495,0.10726,0.108475
8383,24,0.577142,0.032115,0.009996,0.042819,0.337928,0.250391,0.749609,0.117303,0.119272
8384,24,0.577053,0.032121,0.010002,0.042828,0.337996,0.250409,0.749591,0.133407,0.132434
8385,24,0.577054,0.032121,0.01,0.042828,0.337997,0.250459,0.749541,0.123695,0.121943
8386,24,0.577055,0.032121,0.01,0.042828,0.337996,0.250507,0.749493,0.123283,0.121565
8387,24,0.577055,0.032121,0.01,0.042828,0.337996,0.250488,0.749512,0.129907,0.129885
8388,24,0.577044,0.032109,0.010169,0.042812,0.337866,0.250547,0.749453,0.117212,0.11429
8389,24,0.577055,0.032121,0.010004,0.042828,0.337993,0.250531,0.749469,0.125084,0.124341
8390,30,0.57686,0.03211,0.009997,0.042813,0.33822,0.250489,0.749511,0.127564,0.127651
8391,30,0.576712,0.032121,0.010003,0.042828,0.338336,0.250802,0.749198,0.121208,0.111863
8392,30,0.576509,0.032111,0.009997,0.042814,0.33857,0.250801,0.749199,0.109968,0.108858
8393,30,0.576615,0.032102,0.009997,0.042803,0.338482,0.250686,0.749314,0.104664,0.106546
8394,24,0.576613,0.032102,0.01,0.042803,0.338481,0.250667,0.749333,0.129895,0.12987
8395,30,0.576506,0.03211,0.010003,0.042814,0.338567,0.250827,0.749173,0.124995,0.120012
8396,24,0.576457,0.032108,0.010088,0.04281,0.338538,0.250767,0.749233,0.121558,0.122052
8397,30,0.576725,0.032094,0.009996,0.042792,0.338393,0.250613,0.749387,0.09907,0.100867
8398,30,0.576683,0.032097,0.010001,0.042796,0.338424,0.250588,0.749412,0.121592,0.1214
8399,24,0.576557,0.03209,0.009998,0.042786,0.338569,0.250604,0.749396,0.120179,0.119269
8400,30,0.576515,0.032093,0.010001,0.04279,0.3386,0.250712,0.749288,0.114978,0.111433
8401,24,0.576689,0.03208,0.009996,0.042773,0.338462,0.250599,0.749401,0.117406,0.11935
8402,24,0.576734,0.032059,0.009994,0.042746,0.338467,0.250451,0.749549,0.113817,0.116622
8403,24,0.576849,0.032043,0.01009,0.042724,0.338294,0.250337,0.749663,0.117324,0.11929
8404,30,0.577174,0.032025,0.009994,0.0427,0.338106,0.250169,0.749831,0.097911,0.100084
8405,24,0.577083,0.032032,0.010002,0.042709,0.338174,0.250187,0.749813,0.133407,0.132434
8406,24,0.577258,0.032019,0.009996,0.042692,0.338036,0.250074,0.749926,0.117366,0.119318
8407,24,0.577516,0.031999,0.009994,0.042665,0.337826,0.24999,0.75001,0.107154,0.108384
8408,30,0.577316,0.031988,0.009997,0.04265,0.33805,0.249867,0.750133,0.110948,0.113075
8409,24,0.577573,0.031968,0.009994,0.042624,0.337841,0.249698,0.750302,0.105482,0.10803
8410,24,0.577569,0.031968,0.01,0.042624,0.337839,0.249679,0.750321,0.129907,0.129874
8411,30,0.577337,0.03195,0.010456,0.0426,0.337656,0.249657,0.750343,0.12216,0.121904
8412,24,0.577557,0.031968,0.010006,0.042624,0.337845,0.249789,0.750211,0.123346,0.118473
8413,24,0.577821,0.031949,0.009994,0.042598,0.337638,0.249705,0.750295,0.10721,0.108424
8414,30,0.577788,0.031925,0.009993,0.042567,0.337728,0.249512,0.750488,0.099111,0.103218
8415,30,0.577749,0.031913,0.009996,0.04255,0.337791,0.249558,0.750442,0.107493,0.105364
8416,30,0.577803,0.031888,0.010266,0.042517,0.337527,0.249482,0.750518,0.112649,0.113827
8417,30,0.577956,0.031896,0.010003,0.042528,0.337616,0.249517,0.750483,0.126202,0.124936
8418,30,0.577928,0.031839,0.010766,0.042453,0.337014,0.249211,0.750789,0.10065,0.106938
8419,24,0.578244,0.031857,0.010005,0.042476,0.337418,0.249159,0.750841,0.118106,0.118896
8420,30,0.578332,0.031851,0.009998,0.042468,0.337352,0.249049,0.750951,0.103937,0.105558
8421,24,0.578287,0.031854,0.010001,0.042472,0.337386,0.249193,0.750807,0.123363,0.118654
8422,30,0.578294,0.031853,0.01,0.042471,0.337381,0.249224,0.750776,0.12561,0.124434
8423,30,0.578395,0.031846,0.009998,0.042461,0.337301,0.249093,0.750907,0.113429,0.11479
8424,24,0.578345,0.031843,0.010083,0.042457,0.337272,0.249074,0.750926,0.129866,0.129847
8425,30,0.578658,0.031826,0.009995,0.042434,0.337088,0.248971,0.751029,0.093531,0.094186
8426,24,0.578529,0.031819,0.009998,0.042425,0.33723,0.248985,0.751015,0.119766,0.118885
8427,24,0.578401,0.031811,0.009998,0.042415,0.337374,0.249001,0.750999,0.120141,0.119237
8428,30,0.57802,0.031796,0.010242,0.042394,0.337549,0.248917,0.751083,0.129596,0.13121
8429,30,0.578129,0.03178,0.009995,0.042373,0.337723,0.24874,0.75126,0.100143,0.103787
8430,24,0.577913,0.031779,0.01,0.042373,0.337935,0.248724,0.751276,0.12987,0.129741
8431,30,0.577975,0.031775,0.009999,0.042366,0.337886,0.248827,0.751173,0.115049,0.111214
8432,24,0.577849,0.031768,0.009998,0.042357,0.338029,0.248841,0.751159,0.119766,0.118894
8433,30,0.577788,0.031772,0.010001,0.042363,0.338076,0.249114,0.750886,0.123427,0.115214
8434,30,0.577916,0.031763,0.009997,0.04235,0.337974,0.249023,0.750977,0.109744,0.111349
8435,30,0.577775,0.031755,0.010239,0.04234,0.337892,0.248975,0.751025,0.119487,0.119866
8436,24,0.577574,0.031755,0.01,0.04234,0.338331,0.248925,0.751075,0.118045,0.118726
8437,24,0.577708,0.031728,0.009992,0.042305,0.338267,0.248808,0.751192,0.1037,0.105734
8438,24,0.577963,0.031709,0.009994,0.042278,0.338057,0.24864,0.75136,0.105493,0.108018
8439,30,0.577919,0.031712,0.010001,0.042282,0.338087,0.248636,0.751364,0.13821,0.137885
8440,24,0.577869,0.031709,0.010086,0.042278,0.338058,0.248743,0.751257,0.11325,0.109578
8441,30,0.577758,0.03171,0.010001,0.042281,0.33825,0.248981,0.751019,0.120601,0.11334
8442,30,0.577738,0.031706,0.010081,0.042275,0.338201,0.249,0.751,0.124525,0.123648
8443,24,0.577658,0.031702,0.009999,0.042269,0.338373,0.248948,0.751052,0.126416,0.12721
8444,30,0.577764,0.031693,0.009997,0.042258,0.338287,0.248957,0.751043,0.09805,0.096147
8445,30,0.57787,0.031685,0.009997,0.042247,0.3382,0.248998,0.751002,0.114158,0.111993
8446,30,0.577494,0.03166,0.0107,0.042214,0.337933,0.248965,0.751035,0.132104,0.132136
8447,30,0.577708,0.031683,0.010186,0.042244,0.338178,0.249195,0.750805,0.130622,0.123462
8448,24,0.577689,0.031682,0.01,0.042243,0.338386,0.249142,0.750858,0.126362,0.12717
8449,30,0.577541,0.031674,0.010254,0.042232,0.338299,0.249127,0.750873,0.119487,0.119457
8450,30,0.577944,0.031663,0.009996,0.042217,0.338179,0.249022,0.750978,0.093892,0.094693
8451,24,0.57808,0.031652,0.010007,0.042202,0.338058,0.249087,0.750913,0.107746,0.104941
8452,24,0.577998,0.031658,0.010002,0.042211,0.33813,0.249105,0.750895,0.133411,0.132436
8453,30,0.578083,0.031652,0.009998,0.042203,0.338064,0.248986,0.751014,0.103922,0.105026
8454,24,0.578216,0.031626,0.009992,0.042167,0.337999,0.248868,0.751132,0.103646,0.10569
8455,24,0.578085,0.031618,0.009998,0.042158,0.338141,0.248816,0.751184,0.118058,0.118854
8456,24,0.577997,0.031625,0.010002,0.042166,0.33821,0.248835,0.751165,0.125091,0.12412
8457,24,0.578171,0.031612,0.009996,0.042149,0.338072,0.248722,0.751278,0.109016,0.110954
8458,24,0.578081,0.031618,0.010002,0.042158,0.33814,0.248741,0.751259,0.125103,0.124132
8459,24,0.577956,0.031612,0.009998,0.042149,0.338286,0.248758,0.751242,0.120191,0.119285
8460,24,0.577829,0.031605,0.009998,0.042139,0.33843,0.248706,0.751294,0.118087,0.118884
8461,24,0.577786,0.03158,0.010361,0.042107,0.338166,0.248593,0.751407,0.117269,0.119223
8462,30,0.578025,0.031566,0.010302,0.042088,0.338019,0.248657,0.751343,0.113258,0.110413
8463,24,0.578113,0.031582,0.010005,0.04211,0.33819,0.248676,0.751324,0.125103,0.124132
8464,30,0.577969,0.031574,0.010251,0.042099,0.338106,0.24865,0.75135,0.136138,0.136391
8465,24,0.577988,0.031575,0.01,0.042101,0.338336,0.248598,0.751402,0.126416,0.127209
8466,24,0.577901,0.031582,0.010002,0.042109,0.338406,0.248617,0.751383,0.133411,0.132439
8467,30,0.577712,0.031571,0.009996,0.042094,0.338627,0.248607,0.751393,0.110416,0.109716
8468,24,0.57737,0.031563,0.009998,0.042084,0.338984,0.248557,0.751443,0.126341,0.127037
8469,24,0.577507,0.031552,0.010009,0.042069,0.338863,0.248456,0.751544,0.116057,0.117405
8470,24,0.577387,0.031545,0.009998,0.04206,0.339009,0.24847,0.75153,0.119762,0.118879
8471,30,0.577346,0.031548,0.010001,0.042064,0.339041,0.248478,0.751522,0.121583,0.120972
8472,30,0.577026,0.031509,0.010834,0.042012,0.33862,0.248403,0.751597,0.114223,0.115265
8473,30,0.577508,0.03151,0.01,0.042013,0.338969,0.248252,0.751748,0.103726,0.106607
8474,24,0.577382,0.031503,0.009998,0.042004,0.339113,0.248269,0.751731,0.120191,0.119284
8475,30,0.577598,0.031487,0.009995,0.041982,0.338938,0.248105,0.751895,0.109039,0.11108
8476,30,0.577252,0.031487,0.01,0.041982,0.339279,0.248327,0.751673,0.112597,0.105689
8477,30,0.577344,0.031474,0.010079,0.041965,0.339139,0.248192,0.751808,0.119446,0.121699
8478,30,0.577349,0.031479,0.010002,0.041972,0.339198,0.248167,0.751833,0.121583,0.12138
8479,30,0.577342,0.031464,0.01021,0.041952,0.339033,0.24806,0.75194,0.109475,0.111639
8480,24,0.577376,0.031477,0.010004,0.041969,0.339174,0.248079,0.751921,0.125099,0.124131
8481,24,0.577165,0.031477,0.01,0.041969,0.33939,0.248036,0.751964,0.121551,0.121404
8482,30,0.577061,0.03147,0.009998,0.04196,0.339511,0.248037,0.751963,0.122528,0.122069
8483,24,0.576973,0.031476,0.010002,0.041969,0.33958,0.248022,0.751978,0.125084,0.12433
8484,30,0.577377,0.031447,0.00999,0.041929,0.339257,0.247832,0.752168,0.084709,0.087858
8485,30,0.577209,0.031433,0.009996,0.041911,0.339452,0.247731,0.752269,0.106995,0.108621
8486,24,0.577226,0.031415,0.009994,0.041887,0.339477,0.24776,0.75224,0.10592,0.103828
8487,24,0.577223,0.031415,0.01,0.041887,0.339476,0.24781,0.75219,0.123641,0.121916
8488,30,0.577411,0.031401,0.009996,0.041868,0.339325,0.247866,0.752134,0.114363,0.111709
8489,24,0.577321,0.031407,0.010002,0.041876,0.339393,0.247885,0.752115,0.133407,0.132438
8490,24,0.577235,0.031414,0.010002,0.041885,0.339464,0.247904,0.752096,0.133407,0.132438
8491,30,0.577438,0.031398,0.010006,0.041864,0.339294,0.247785,0.752215,0.106623,0.108908
8492,24,0.577441,0.031398,0.01,0.041864,0.339296,0.247836,0.752164,0.12374,0.121989
8493,24,0.5777,0.031379,0.009994,0.041839,0.339088,0.247835,0.752165,0.097181,0.095565
8494,30,0.577981,0.031358,0.009993,0.04181,0.338858,0.247709,0.752291,0.098448,0.100076
8495,30,0.577832,0.03135,0.010247,0.0418,0.338771,0.247695,0.752305,0.119487,0.119453
8496,24,0.577888,0.031364,0.010005,0.041819,0.338925,0.247714,0.752286,0.125103,0.124125
8497,30,0.577992,0.031357,0.009998,0.041809,0.338845,0.247583,0.752417,0.113339,0.114706
8498,30,0.577985,0.031357,0.01,0.041809,0.338848,0.247569,0.752431,0.116548,0.116159
8499,30,0.577969,0.031356,0.010028,0.041808,0.338839,0.247522,0.752478,0.119498,0.119866
8500,30,0.578467,0.031321,0.009989,0.041761,0.338462,0.247299,0.752701,0.081634,0.085612
8501,30,0.578561,0.03128,0.010437,0.041706,0.338016,0.247058,0.752942,0.106001,0.110528
8502,24,0.578676,0.031286,0.010239,0.041715,0.338084,0.24704,0.75296,0.129895,0.129867
8503,30,0.578853,0.03128,0.010137,0.041707,0.338022,0.246971,0.753029,0.108891,0.10909
8504,30,0.578782,0.031282,0.01,0.041709,0.338227,0.24695,0.75305,0.118509,0.118613
8505,24,0.578782,0.031282,0.01,0.041709,0.338228,0.247043,0.752957,0.115347,0.112062
8506,30,0.578379,0.031265,0.01028,0.041687,0.338389,0.247035,0.752965,0.119612,0.118849
8507,30,0.578582,0.03125,0.010281,0.041666,0.338221,0.247001,0.752999,0.106609,0.106663
8508,24,0.579003,0.031239,0.009997,0.041652,0.338109,0.246986,0.753014,0.099243,0.097999
8509,24,0.579135,0.031213,0.009992,0.041617,0.338044,0.246869,0.753131,0.103713,0.105728
8510,24,0.57913,0.031213,0.01,0.041617,0.338041,0.246851,0.753149,0.129895,0.129867
8511,30,0.579296,0.0312,0.009996,0.0416,0.337907,0.246754,0.753246,0.108705,0.110409
8512,24,0.579553,0.031181,0.009994,0.041575,0.337698,0.246671,0.753329,0.107181,0.108369
8513,24,0.579424,0.031174,0.009998,0.041565,0.337839,0.246686,0.753314,0.119766,0.118888
8514,24,0.579374,0.031171,0.010083,0.041562,0.33781,0.246668,0.753332,0.129866,0.129842
8515,24,0.579295,0.031167,0.009999,0.041556,0.337983,0.246684,0.753316,0.120141,0.119236
8516,24,0.579208,0.031173,0.010002,0.041565,0.338052,0.24667,0.75333,0.125092,0.12433
8517,24,0.579442,0.031156,0.009994,0.041542,0.337866,0.246688,0.753312,0.105467,0.103762
8518,30,0.579554,0.031147,0.009997,0.04153,0.337771,0.246797,0.753203,0.102889,0.099026
8519,30,0.579503,0.031124,0.010363,0.041498,0.337512,0.246688,0.753312,0.125275,0.127274
8520,30,0.579829,0.031123,0.010039,0.041498,0.337511,0.246557,0.753443,0.1027,0.104134
8521,24,0.579462,0.031104,0.010665,0.041472,0.337297,0.246538,0.753462,0.129853,0.129829
8522,30,0.579736,0.031119,0.010005,0.041491,0.337649,0.246596,0.753404,0.109874,0.107622
8523,30,0.579482,0.031089,0.010311,0.041452,0.337666,0.246413,0.753587,0.117683,0.121475
8524,24,0.57992,0.031079,0.009997,0.041439,0.337564,0.246398,0.753602,0.099231,0.09799
8525,30,0.579918,0.031079,0.01,0.041439,0.337563,0.246468,0.753532,0.119599,0.117089
8526,30,0.579918,0.031079,0.01,0.041439,0.337563,0.246567,0.753433,0.119545,0.116255
8527,30,0.579918,0.031079,0.01,0.041439,0.337563,0.246654,0.753346,0.112885,0.109945
8528,24,0.579792,0.031072,0.009998,0.04143,0.337708,0.246602,0.753398,0.118112,0.118884
8529,30,0.579605,0.031058,0.010374,0.041411,0.337552,0.24657,0.75343,0.132137,0.132144
8530,24,0.579484,0.031057,0.010508,0.04141,0.337542,0.246652,0.753348,0.13162,0.128505
8531,30,0.579704,0.031068,0.010143,0.041424,0.337661,0.246683,0.753317,0.125608,0.124438
8532,30,0.579756,0.03105,0.009994,0.041399,0.337801,0.246692,0.753308,0.099066,0.0977
8533,24,0.579389,0.03103,0.01062,0.041373,0.337587,0.246673,0.753327,0.129853,0.129829
8534,30,0.579627,0.031043,0.010215,0.04139,0.337726,0.24676,0.75324,0.112879,0.109937
8535,30,0.579905,0.031038,0.009998,0.041384,0.337675,0.246754,0.753246,0.101983,0.10114
8536,30,0.579826,0.03101,0.010255,0.041347,0.337563,0.246771,0.753229,0.11121,0.109599
8537,24,0.579974,0.031018,0.010003,0.041357,0.337649,0.246753,0.753247,0.129924,0.129882
8538,30,0.579811,0.031005,0.009996,0.04134,0.337848,0.246652,0.753348,0.106955,0.108587
8539,24,0.579766,0.031008,0.010001,0.041344,0.337881,0.246967,0.753033,0.115042,0.105748
8540,30,0.579734,0.030985,0.009993,0.041314,0.337974,0.246877,0.753123,0.100138,0.101461
8541,30,0.579626,0.030979,0.009998,0.041305,0.338093,0.246913,0.753087,0.115933,0.114218
8542,30,0.57929,0.030983,0.010282,0.04131,0.338136,0.246997,0.753003,0.134986,0.132424
8543,30,0.579663,0.030975,0.010003,0.041301,0.338058,0.246923,0.753077,0.112704,0.113856
8544,24,0.579613,0.030973,0.010089,0.041297,0.338029,0.246864,0.753136,0.121558,0.122027
8545,30,0.579587,0.030967,0.009998,0.041289,0.338159,0.246802,0.753198,0.12905,0.129776
8546,30,0.579639,0.03095,0.009995,0.041267,0.33815,0.24664,0.75336,0.116181,0.119022
8547,30,0.579598,0.030948,0.010065,0.041264,0.338126,0.246709,0.753291,0.119476,0.116983
8548,24,0.579635,0.03095,0.010001,0.041267,0.338148,0.24676,0.75324,0.12374,0.121995
8549,30,0.579438,0.030939,0.009997,0.041253,0.338374,0.246627,0.753373,0.120958,0.123311
8550,30,0.579396,0.030942,0.010001,0.041256,0.338405,0.246603,0.753397,0.121597,0.121382
8551,30,0.579356,0.030945,0.010001,0.04126,0.338437,0.246712,0.753288,0.114984,0.111469
8552,24,0.579231,0.030938,0.009998,0.041251,0.338581,0.246726,0.753274,0.119749,0.118877
8553,30,0.579194,0.030927,0.009996,0.041236,0.338647,0.246639,0.753361,0.1141,0.115286
8554,24,0.579573,0.030899,0.009991,0.041198,0.338339,0.246403,0.753597,0.094149,0.098813
8555,30,0.57968,0.03089,0.010002,0.041187,0.338241,0.246538,0.753462,0.115064,0.110369
8556,24,0.579853,0.030877,0.009996,0.04117,0.338104,0.246425,0.753575,0.1173,0.119218
8557,30,0.580016,0.030865,0.009996,0.041153,0.337969,0.246316,0.753684,0.125297,0.127288
8558,24,0.580015,0.030865,0.01,0.041153,0.337967,0.246365,0.753635,0.123295,0.121602
8559,24,0.580015,0.030865,0.01,0.041153,0.337967,0.246416,0.753584,0.12374,0.122008
8560,30,0.579895,0.03086,0.009998,0.041146,0.338101,0.246462,0.753538,0.115499,0.113373
8561,24,0.579845,0.030857,0.010084,0.041143,0.338072,0.24657,0.75343,0.11325,0.1096
8562,30,0.579994,0.030852,0.009998,0.041136,0.338019,0.246451,0.753549,0.103354,0.104423
8563,24,0.579993,0.030852,0.01,0.041136,0.338019,0.246544,0.753456,0.115347,0.11206
8564,24,0.579653,0.030845,0.009998,0.041127,0.338378,0.246495,0.753505,0.118041,0.118719
8565,24,0.579671,0.030828,0.009994,0.041103,0.338404,0.246525,0.753475,0.10591,0.103819
8566,30,0.579563,0.030821,0.009998,0.041095,0.338524,0.246527,0.753473,0.122532,0.122069
8567,30,0.579219,0.030788,0.01078,0.041051,0.338162,0.246435,0.753565,0.125005,0.126348
8568,24,0.579672,0.030812,0.010008,0.041083,0.338426,0.246484,0.753516,0.123295,0.121608
8569,30,0.579777,0.030805,0.009998,0.041073,0.338348,0.246354,0.753646,0.113348,0.114679
8570,30,0.579263,0.030778,0.010875,0.041037,0.338048,0.246491,0.753509,0.136081,0.131426
8571,24,0.578896,0.030758,0.011501,0.041011,0.337834,0.246432,0.753568,0.12152,0.122003
8572,24,0.578847,0.030756,0.011585,0.041007,0.337805,0.246414,0.753586,0.129859,0.129833
8573,30,0.579317,0.030761,0.011043,0.041015,0.337865,0.246284,0.753716,0.102405,0.103768
8574,24,0.579442,0.030779,0.010683,0.041038,0.338058,0.24627,0.75373,0.125078,0.124328
8575,24,0.57965,0.030795,0.010037,0.04106,0.338458,0.246371,0.753629,0.119832,0.116351
8576,30,0.579877,0.030781,0.009995,0.041041,0.338305,0.246253,0.753747,0.106696,0.108946
8577,30,0.580265,0.030752,0.009991,0.041003,0.337989,0.24597,0.75403,0.092557,0.09834
8578,30,0.580155,0.030746,0.009998,0.040994,0.338107,0.246006,0.753994,0.11592,0.114201
8579,24,0.580411,0.030727,0.009994,0.040969,0.3379,0.245839,0.754161,0.105432,0.107919
8580,24,0.580407,0.030727,0.01,0.040969,0.337898,0.245822,0.754178,0.121628,0.121578
8581,24,0.580407,0.030727,0.01,0.040969,0.337898,0.245805,0.754195,0.129949,0.12991
8582,24,0.58028,0.03072,0.009998,0.04096,0.338042,0.245753,0.754247,0.12642,0.127204
8583,24,0.580537,0.030701,0.009994,0.040935,0.337833,0.24567,0.75433,0.107168,0.108356
8584,30,0.580988,0.030665,0.010027,0.040886,0.337434,0.245478,0.754522,0.088169,0.091472
8585,30,0.581079,0.03066,0.009998,0.04088,0.337382,0.245409,0.754591,0.127172,0.127921
8586,30,0.581077,0.030635,0.009992,0.040847,0.337449,0.245259,0.754741,0.103751,0.106583
8587,24,0.581194,0.030626,0.009997,0.040835,0.337349,0.245155,0.754845,0.110261,0.112019
8588,30,0.58049,0.030568,0.011474,0.040757,0.33671,0.245029,0.754971,0.124097,0.126555
8589,30,0.581347,0.030613,0.010015,0.040817,0.337207,0.2451,0.7549,0.11962,0.117105
8590,24,0.581356,0.030614,0.01,0.040818,0.337212,0.245151,0.754849,0.123724,0.122
8591,30,0.581356,0.030614,0.01,0.040818,0.337212,0.24525,0.75475,0.126202,0.12295
8592,30,0.581363,0.030588,0.009992,0.040784,0.337273,0.245249,0.754751,0.098062,0.096967
8593,24,0.581359,0.030588,0.01,0.040784,0.33727,0.245298,0.754702,0.123294,0.121594
8594,30,0.581454,0.030581,0.009998,0.040774,0.337193,0.245454,0.754546,0.112625,0.107546
8595,30,0.581452,0.030581,0.01,0.040774,0.337193,0.245396,0.754604,0.129478,0.130113
8596,24,0.581402,0.030578,0.010085,0.040771,0.337163,0.245337,0.754663,0.121558,0.122019
8597,24,0.581239,0.03058,0.010001,0.040774,0.337407,0.245322,0.754678,0.121582,0.12143
8598,24,0.581239,0.03058,0.01,0.040774,0.337407,0.245373,0.754627,0.123683,0.121961
8599,30,0.580747,0.030554,0.010498,0.040739,0.337462,0.245279,0.754721,0.117554,0.119417
8600,24,0.581014,0.030569,0.010041,0.040758,0.337618,0.24533,0.75467,0.123668,0.121956
8601,30,0.581072,0.030567,0.01,0.040756,0.337604,0.24531,0.75469,0.115515,0.115237
8602,30,0.580748,0.030525,0.010897,0.040699,0.337131,0.245179,0.754821,0.123149,0.125704
8603,24,0.581143,0.030545,0.010007,0.040727,0.337578,0.245194,0.754806,0.119766,0.118908
8604,30,0.581107,0.030548,0.010001,0.040731,0.337613,0.24517,0.75483,0.121589,0.121376
8605,30,0.580956,0.030545,0.009999,0.040727,0.337772,0.245106,0.754894,0.128526,0.129292
8606,24,0.580802,0.030526,0.010411,0.040702,0.33756,0.245046,0.754954,0.125537,0.1265
8607,30,0.581418,0.030511,0.009995,0.040682,0.337394,0.244912,0.755088,0.089053,0.090364
8608,30,0.581408,0.030499,0.009996,0.040665,0.337432,0.244983,0.755017,0.116477,0.113556
8609,30,0.581392,0.030498,0.010023,0.040664,0.337423,0.244937,0.755063,0.119498,0.119853
8610,30,0.581294,0.030493,0.009998,0.040657,0.337558,0.24485,0.75515,0.126462,0.127782
8611,30,0.581408,0.030484,0.009997,0.040646,0.337464,0.244887,0.755113,0.115114,0.113302
8612,30,0.581199,0.030481,0.010254,0.040641,0.337425,0.245073,0.754927,0.140032,0.134117
8613,30,0.581512,0.030477,0.009999,0.040635,0.337377,0.244976,0.755024,0.108677,0.110365
8614,24,0.581512,0.030476,0.01,0.040635,0.337376,0.245025,0.754975,0.123294,0.121597
8615,24,0.581348,0.030479,0.010135,0.040638,0.3374,0.245044,0.754956,0.133366,0.132417
8616,24,0.581343,0.030446,0.010574,0.040595,0.337042,0.244877,0.755123,0.10539,0.107874
8617,24,0.581293,0.030444,0.010659,0.040592,0.337013,0.244859,0.755141,0.121556,0.121523
8618,30,0.581515,0.030455,0.010281,0.040607,0.337142,0.244846,0.755154,0.119544,0.119499
8619,30,0.581793,0.030455,0.01,0.040607,0.337144,0.244901,0.755099,0.108512,0.10627
8620,30,0.58193,0.030446,0.009997,0.040594,0.337034,0.24478,0.75522,0.102851,0.104751
8621,30,0.58178,0.030438,0.010251,0.040584,0.336947,0.244766,0.755234,0.119487,0.119451
8622,24,0.581897,0.030444,0.010053,0.040592,0.337015,0.244748,0.755252,0.129895,0.129859
8623,30,0.581367,0.030416,0.010954,0.040555,0.336708,0.244733,0.755267,0.126101,0.126077
8624,24,0.581795,0.030438,0.010007,0.040585,0.337174,0.244751,0.755249,0.120218,0.119317
8625,24,0.581586,0.030438,0.01,0.040584,0.337391,0.244736,0.755264,0.129891,0.129745
8626,30,0.581444,0.030431,0.010242,0.040575,0.337309,0.244722,0.755278,0.119487,0.119451
8627,30,0.581295,0.030423,0.010496,0.040564,0.337222,0.244708,0.755292,0.119487,0.119451
8628,30,0.58155,0.030416,0.009998,0.040554,0.337483,0.244619,0.755381,0.100148,0.10143
8629,30,0.581417,0.030411,0.009999,0.040548,0.337625,0.244636,0.755364,0.127487,0.125904
8630,24,0.581672,0.030393,0.009994,0.040524,0.337418,0.24447,0.75553,0.105452,0.107907
8631,24,0.581839,0.03038,0.009996,0.040507,0.337278,0.244359,0.755641,0.109025,0.11091
8632,30,0.581837,0.03038,0.01,0.040507,0.337277,0.244302,0.755698,0.129525,0.130143
8633,30,0.581837,0.03038,0.01,0.040507,0.337277,0.244372,0.755628,0.119542,0.117052
8634,30,0.581687,0.030372,0.010254,0.040496,0.33719,0.244471,0.755529,0.119487,0.116235
8635,30,0.581842,0.030379,0.010002,0.040506,0.337271,0.244537,0.755463,0.118994,0.116591
8636,30,0.581849,0.030354,0.009992,0.040472,0.337332,0.244387,0.755613,0.104665,0.10761
8637,24,0.581591,0.030341,0.009996,0.040454,0.337618,0.244368,0.755632,0.116237,0.11618
8638,30,0.581774,0.030327,0.009996,0.040436,0.337468,0.24431,0.75569,0.114299,0.115061
8639,30,0.581778,0.030327,0.01,0.040435,0.337461,0.244376,0.755624,0.118983,0.116582
8640,24,0.581564,0.030326,0.01,0.040435,0.337675,0.244361,0.755639,0.121582,0.121428
8641,30,0.581555,0.030327,0.01,0.040436,0.337682,0.244437,0.755563,0.118563,0.115743
8642,30,0.581562,0.030302,0.009992,0.040402,0.337743,0.244287,0.755713,0.104698,0.107634
8643,30,0.581557,0.030301,0.01,0.040402,0.33774,0.244323,0.755677,0.126202,0.124948
8644,30,0.581641,0.030281,0.009993,0.040375,0.337709,0.244224,0.755776,0.109226,0.110846
8645,24,0.581637,0.030281,0.01,0.040375,0.337707,0.244207,0.755793,0.121612,0.121561
8646,24,0.581681,0.030278,0.009999,0.040371,0.337671,0.244455,0.755545,0.113227,0.105666
8647,30,0.58195,0.030258,0.009994,0.040345,0.337453,0.244352,0.755648,0.093385,0.094092
8648,24,0.582076,0.030233,0.009992,0.040311,0.337389,0.244235,0.755765,0.103591,0.105584
8649,30,0.581913,0.030225,0.010269,0.040299,0.337294,0.244322,0.755678,0.112819,0.109917
8650,24,0.58207,0.030233,0.010003,0.04031,0.337385,0.244305,0.755695,0.121612,0.121561
8651,30,0.582078,0.030232,0.01,0.04031,0.33738,0.244336,0.755664,0.125609,0.124448
8652,30,0.582424,0.0302,0.010084,0.040267,0.337024,0.244034,0.755966,0.091076,0.097348
8653,30,0.582274,0.030193,0.009997,0.040257,0.337279,0.244167,0.755833,0.110953,0.106568
8654,30,0.582233,0.030195,0.010001,0.040261,0.33731,0.244143,0.755857,0.121589,0.121376
8655,30,0.582205,0.030194,0.010049,0.040259,0.337294,0.244178,0.755822,0.126144,0.124906
8656,30,0.582308,0.03019,0.009999,0.040253,0.33725,0.244095,0.755905,0.111627,0.113175
8657,30,0.582267,0.030193,0.010001,0.040257,0.337282,0.244104,0.755896,0.121589,0.120984
8658,24,0.582268,0.030193,0.01,0.040257,0.337282,0.244368,0.755632,0.115347,0.107471
8659,24,0.582268,0.030193,0.01,0.040257,0.337282,0.24448,0.75552,0.121572,0.117406
8660,30,0.581889,0.030183,0.009997,0.040244,0.337688,0.244462,0.755538,0.129714,0.129244
8661,24,0.581839,0.03018,0.010082,0.040241,0.337658,0.244571,0.755429,0.11325,0.109621
8662,24,0.5818,0.030189,0.010003,0.040252,0.337756,0.244558,0.755442,0.1251,0.124344
8663,30,0.581651,0.030181,0.010257,0.040242,0.337669,0.244512,0.755488,0.119487,0.119842
8664,24,0.581714,0.030195,0.010005,0.04026,0.337825,0.244531,0.755469,0.133407,0.132453
8665,24,0.581847,0.03017,0.009992,0.040227,0.337764,0.244415,0.755585,0.103631,0.10563
8666,30,0.581586,0.030175,0.010001,0.040233,0.338005,0.24456,0.75544,0.124819,0.119929
8667,30,0.581547,0.030178,0.010001,0.040237,0.338037,0.244569,0.755431,0.121589,0.120985
8668,30,0.581539,0.030178,0.01,0.040238,0.338045,0.244605,0.755395,0.125223,0.123869
8669,30,0.581539,0.030178,0.01,0.040238,0.338045,0.244674,0.755326,0.119487,0.11701
8670,30,0.581692,0.030167,0.009996,0.040223,0.337921,0.244533,0.755467,0.11231,0.113935
8671,30,0.582166,0.030133,0.009989,0.040177,0.337536,0.24431,0.75569,0.088137,0.09209
8672,24,0.582116,0.03013,0.010074,0.040174,0.337507,0.244292,0.755708,0.129866,0.129838
8673,24,0.582031,0.030126,0.009999,0.040168,0.337676,0.24424,0.75576,0.126378,0.127154
8674,24,0.582031,0.030126,0.01,0.040168,0.337676,0.244532,0.755468,0.113263,0.10468
8675,30,0.582031,0.030126,0.01,0.040168,0.337676,0.244602,0.755398,0.119542,0.117054
8676,24,0.582201,0.030114,0.009996,0.040151,0.337538,0.244491,0.755509,0.109029,0.110915
8677,30,0.582459,0.030095,0.009994,0.040126,0.337326,0.244331,0.755669,0.100042,0.102823
8678,30,0.582716,0.030076,0.009994,0.040101,0.337113,0.244231,0.755769,0.093471,0.094072
8679,24,0.582801,0.030069,0.009998,0.040092,0.33704,0.244172,0.755828,0.125587,0.12653
8680,24,0.583056,0.030051,0.009994,0.040067,0.336832,0.24409,0.75591,0.107145,0.108313
8681,24,0.583053,0.03005,0.01,0.040067,0.336829,0.244139,0.755861,0.123282,0.121594
8682,30,0.582515,0.030023,0.010913,0.04003,0.336519,0.244188,0.755812,0.126101,0.124083
8683,30,0.582366,0.030015,0.011167,0.04002,0.336432,0.244287,0.755713,0.119484,0.116233
8684,24,0.582899,0.030042,0.010264,0.040056,0.336739,0.244336,0.755664,0.123294,0.121607
8685,30,0.582854,0.03004,0.009999,0.040053,0.337054,0.244331,0.755669,0.110985,0.110198
8686,30,0.582654,0.03003,0.009997,0.04004,0.33728,0.244326,0.755674,0.110984,0.110195
8687,24,0.58274,0.030023,0.009998,0.040031,0.337208,0.244267,0.755733,0.125587,0.126535
8688,30,0.582568,0.030035,0.010004,0.040047,0.337345,0.244341,0.755659,0.145051,0.142765
8689,30,0.58257,0.030036,0.01,0.040047,0.337347,0.244295,0.755705,0.119556,0.119898
8690,24,0.582443,0.030029,0.009998,0.040039,0.337492,0.244312,0.755688,0.120195,0.119284
8691,24,0.582442,0.030029,0.01,0.040039,0.337491,0.244294,0.755706,0.129924,0.129878
8692,30,0.582363,0.030035,0.010002,0.040046,0.337554,0.244389,0.755611,0.141108,0.137885
8693,30,0.581967,0.030014,0.010676,0.040019,0.337324,0.244331,0.755669,0.129423,0.130067
8694,24,0.582093,0.030031,0.010316,0.040042,0.337517,0.244318,0.755682,0.125087,0.124328
8695,24,0.582358,0.030019,0.009996,0.040026,0.337601,0.244209,0.755791,0.104855,0.106709
8696,30,0.582412,0.030015,0.009999,0.04002,0.337554,0.244326,0.755674,0.120205,0.116091
8697,30,0.582418,0.030015,0.01,0.04002,0.337548,0.244357,0.755643,0.125609,0.124448
8698,30,0.582047,0.030017,0.010001,0.040022,0.337913,0.244474,0.755526,0.113178,0.109223
8699,30,0.581617,0.029979,0.010943,0.039972,0.337489,0.244371,0.755629,0.126201,0.128083
8700,30,0.582033,0.030002,0.010221,0.040002,0.337742,0.244447,0.755553,0.118574,0.115751
8701,24,0.582292,0.029983,0.009994,0.039978,0.337754,0.244331,0.755669,0.103673,0.105662
8702,30,0.581977,0.029969,0.010496,0.039959,0.337599,0.24452,0.75548,0.127175,0.121259
8703,24,0.582521,0.029966,0.009999,0.039955,0.33756,0.244506,0.755494,0.099229,0.097964
8704,30,0.582521,0.029966,0.01,0.039954,0.337559,0.244576,0.755424,0.119542,0.117054
8705,24,0.582393,0.029959,0.009998,0.039946,0.337704,0.244524,0.755476,0.126366,0.127153
8706,30,0.582372,0.029961,0.01,0.039948,0.337719,0.244651,0.755349,0.120561,0.11663
8707,30,0.582352,0.029962,0.01,0.039949,0.337736,0.244706,0.755294,0.130572,0.127976
8708,30,0.582018,0.02995,0.010503,0.039933,0.337597,0.244714,0.755286,0.128203,0.127609
8709,30,0.582093,0.029967,0.010006,0.039956,0.337979,0.244847,0.755153,0.12195,0.117747
8710,30,0.581889,0.029969,0.010001,0.039959,0.338182,0.244975,0.755025,0.122201,0.118228
8711,24,0.581846,0.029972,0.010001,0.039963,0.338217,0.245121,0.754879,0.123357,0.118705
8712,30,0.581649,0.029962,0.009997,0.039949,0.338443,0.245027,0.754973,0.110934,0.112791
8713,30,0.581495,0.029959,0.009999,0.039946,0.338601,0.244974,0.755026,0.118511,0.119008
8714,24,0.581496,0.029959,0.01,0.039945,0.3386,0.245023,0.754977,0.123282,0.121591
8715,30,0.581971,0.029925,0.009989,0.0399,0.338215,0.244709,0.755291,0.081548,0.087931
8716,24,0.581795,0.029921,0.009999,0.039895,0.338391,0.244823,0.755177,0.119836,0.115921
8717,24,0.581667,0.029915,0.009998,0.039886,0.338535,0.24484,0.75516,0.120162,0.119261
8718,30,0.581525,0.029907,0.01024,0.039876,0.338452,0.244794,0.755206,0.119487,0.119845
8719,24,0.581451,0.029914,0.010002,0.039885,0.338747,0.244779,0.755221,0.129886,0.129742
8720,24,0.581325,0.029908,0.009998,0.039877,0.338893,0.244727,0.755273,0.126391,0.127169
8721,24,0.581324,0.029908,0.01,0.039877,0.338892,0.244778,0.755222,0.123724,0.121991
8722,30,0.581086,0.0299,0.009998,0.039867,0.33915,0.244668,0.755332,0.122978,0.124755
8723,24,0.580957,0.029894,0.009998,0.039858,0.339293,0.244685,0.755315,0.120179,0.119269
8724,30,0.580956,0.029894,0.01,0.039858,0.339293,0.244639,0.755361,0.119556,0.119894
8725,24,0.581307,0.029868,0.009992,0.039825,0.339008,0.244603,0.755397,0.092878,0.092108
8726,30,0.581134,0.029856,0.009996,0.039808,0.339206,0.244499,0.755501,0.109553,0.111627
8727,30,0.581132,0.029856,0.01,0.039808,0.339205,0.244569,0.755431,0.119542,0.117054
8728,30,0.580849,0.029862,0.010002,0.039816,0.33947,0.244613,0.755387,0.141959,0.140375
8729,24,0.580597,0.029849,0.009996,0.039799,0.339759,0.244594,0.755406,0.11622,0.116168
8730,24,0.580595,0.029849,0.01,0.039799,0.339757,0.244577,0.755423,0.121612,0.121566
8731,30,0.580586,0.02985,0.01,0.0398,0.339764,0.244653,0.755347,0.118574,0.115753
8732,24,0.580586,0.02985,0.01,0.0398,0.339765,0.244764,0.755236,0.121572,0.117402
8733,30,0.580388,0.029839,0.009997,0.039786,0.33999,0.24467,0.75533,0.11092,0.112776
8734,30,0.580214,0.029852,0.010004,0.039802,0.340128,0.244755,0.755245,0.12838,0.12582
8735,30,0.580258,0.029828,0.010286,0.03977,0.339857,0.244716,0.755284,0.112623,0.112789
8736,24,0.580546,0.029828,0.01,0.03977,0.339856,0.244612,0.755388,0.118559,0.120322
8737,30,0.580545,0.029815,0.009996,0.039754,0.33989,0.244475,0.755525,0.100559,0.10276
8738,30,0.580382,0.029807,0.010273,0.039743,0.339795,0.24469,0.75531,0.112819,0.106349
8739,24,0.580362,0.029778,0.010698,0.039703,0.339459,0.244556,0.755444,0.111664,0.113684
8740,24,0.580312,0.029775,0.010783,0.0397,0.33943,0.244498,0.755502,0.121556,0.122012
8741,24,0.580632,0.029802,0.010092,0.039736,0.339738,0.244517,0.755483,0.125102,0.124134
8742,30,0.580769,0.029799,0.009999,0.039732,0.339702,0.244401,0.755599,0.103872,0.104931
8743,24,0.580768,0.029799,0.01,0.039732,0.339701,0.244384,0.755616,0.121612,0.121566
8744,24,0.58089,0.02979,0.009997,0.03972,0.339603,0.24428,0.75572,0.118593,0.120341
8745,30,0.580783,0.029784,0.009998,0.039712,0.339723,0.244317,0.755683,0.115901,0.1142
8746,24,0.580782,0.029784,0.01,0.039712,0.339722,0.244368,0.755632,0.123641,0.121934
8747,24,0.580953,0.029772,0.009996,0.039696,0.339584,0.244256,0.755744,0.117328,0.119218
8748,30,0.580911,0.029774,0.010001,0.039699,0.339615,0.244232,0.755768,0.121587,0.121376
8749,30,0.580807,0.029768,0.009998,0.039691,0.339736,0.244269,0.755731,0.115901,0.114196
8750,30,0.580765,0.029771,0.010001,0.039695,0.339768,0.244245,0.755755,0.12162,0.121403
8751,24,0.580639,0.029765,0.009998,0.039686,0.339912,0.244193,0.755807,0.126366,0.12715
8752,24,0.580638,0.029765,0.01,0.039686,0.339912,0.244176,0.755824,0.12164,0.121581
8753,30,0.581098,0.029732,0.009989,0.039642,0.339538,0.243863,0.756137,0.08205,0.088433
8754,24,0.581092,0.029732,0.01,0.039642,0.339535,0.243845,0.756155,0.129895,0.129862
8755,30,0.580815,0.029727,0.009998,0.039636,0.339824,0.243923,0.756077,0.115888,0.112992
8756,30,0.580531,0.029733,0.010002,0.039645,0.340089,0.243979,0.756021,0.125328,0.12347
8757,24,0.580789,0.029715,0.009994,0.03962,0.339881,0.243966,0.756034,0.099252,0.097992
8758,24,0.580843,0.029711,0.009999,0.039615,0.339833,0.243911,0.756089,0.119561,0.119662
8759,30,0.580937,0.029704,0.009998,0.039606,0.339755,0.243972,0.756028,0.116164,0.113313
8760,24,0.580936,0.029704,0.01,0.039606,0.339754,0.244023,0.755977,0.123695,0.121982
8761,24,0.580936,0.029704,0.01,0.039606,0.339754,0.244074,0.755926,0.12367,0.121954
8762,30,0.580943,0.02968,0.009992,0.039573,0.339813,0.243864,0.756136,0.114658,0.119062
8763,24,0.580938,0.029679,0.01,0.039572,0.33981,0.243847,0.756153,0.12164,0.12159
8764,30,0.580556,0.029665,0.010244,0.039553,0.339983,0.243829,0.756171,0.129581,0.129097
8765,24,0.580648,0.029638,0.010518,0.039517,0.339679,0.243663,0.756337,0.10541,0.107871
8766,24,0.58095,0.029653,0.010005,0.039538,0.339854,0.243763,0.756237,0.114971,0.111451
8767,24,0.580954,0.029653,0.01,0.039538,0.339855,0.243812,0.756188,0.123313,0.121619
8768,30,0.58096,0.029653,0.01,0.039537,0.33985,0.243878,0.756122,0.118983,0.11659
8769,24,0.581082,0.029644,0.009997,0.039526,0.339751,0.243774,0.756226,0.110222,0.111976
8770,30,0.580976,0.029638,0.009998,0.039517,0.339871,0.243811,0.756189,0.115912,0.114212
8771,24,0.581106,0.029613,0.009992,0.039484,0.339805,0.243695,0.756305,0.103619,0.105612
8772,30,0.581107,0.029613,0.01,0.039483,0.339797,0.243726,0.756274,0.125609,0.12445
8773,30,0.58069,0.029609,0.010294,0.039479,0.339929,0.243908,0.756092,0.131651,0.126268
8774,30,0.580757,0.029608,0.010235,0.039478,0.339922,0.243888,0.756112,0.115489,0.115216
8775,30,0.580932,0.02961,0.010039,0.03948,0.339939,0.243993,0.756007,0.11502,0.111234
8776,24,0.580564,0.029591,0.010666,0.039455,0.339724,0.243934,0.756066,0.12153,0.121991
8777,24,0.58069,0.029608,0.010306,0.039477,0.339918,0.243921,0.756079,0.125082,0.124327
8778,30,0.580868,0.029617,0.010003,0.039489,0.340023,0.243991,0.756009,0.119531,0.117044
8779,24,0.580784,0.029623,0.010002,0.039498,0.340094,0.24401,0.75599,0.133419,0.132463
8780,24,0.580734,0.029621,0.010087,0.039494,0.340064,0.244122,0.755878,0.121558,0.1174
8781,30,0.580592,0.029613,0.010329,0.039485,0.339981,0.244108,0.755892,0.119487,0.119452
8782,24,0.580784,0.029623,0.010003,0.039497,0.340092,0.244157,0.755843,0.123294,0.1216
8783,30,0.580786,0.029623,0.01,0.039498,0.340093,0.244245,0.755755,0.112932,0.110004
8784,30,0.580786,0.029623,0.01,0.039498,0.340093,0.244199,0.755801,0.119545,0.119884
8785,24,0.581043,0.029605,0.009994,0.039473,0.339885,0.244156,0.755844,0.105457,0.104991
8786,30,0.581032,0.029591,0.010205,0.039454,0.339718,0.24421,0.75579,0.108402,0.106181
8787,30,0.580979,0.029609,0.010006,0.039478,0.339927,0.244295,0.755705,0.12841,0.125848
8788,24,0.580856,0.029602,0.009998,0.03947,0.340074,0.244244,0.755756,0.11812,0.118875
8789,24,0.581151,0.029581,0.009993,0.039442,0.339832,0.244127,0.755873,0.103997,0.106034
8790,24,0.581147,0.029581,0.01,0.039442,0.33983,0.244221,0.755779,0.115333,0.112073
8791,24,0.581148,0.029581,0.01,0.039442,0.339829,0.24427,0.75573,0.123294,0.1216
8792,30,0.581301,0.02957,0.009996,0.039427,0.339705,0.244275,0.755725,0.095717,0.093783
8793,24,0.581469,0.029558,0.009996,0.039411,0.339566,0.244163,0.755837,0.1173,0.119189
8794,24,0.581381,0.029564,0.010002,0.039419,0.339634,0.244183,0.755817,0.125111,0.124138
8795,30,0.581316,0.029552,0.010047,0.039402,0.339683,0.244096,0.755904,0.114077,0.115247
8796,24,0.581216,0.029547,0.009998,0.039396,0.339843,0.244045,0.755955,0.118074,0.118842
8797,30,0.58138,0.029535,0.009996,0.03938,0.339709,0.243948,0.756052,0.115327,0.117009
8798,30,0.581543,0.029523,0.009996,0.039364,0.339573,0.243852,0.756148,0.115345,0.117026
8799,24,0.581455,0.029529,0.010002,0.039372,0.339642,0.243839,0.756161,0.125096,0.124345
8800,30,0.581567,0.029516,0.010068,0.039355,0.339493,0.243705,0.756295,0.118897,0.121066
8801,30,0.581052,0.02949,0.010945,0.03932,0.339193,0.243743,0.756257,0.136081,0.134345
8802,24,0.581911,0.029485,0.010154,0.039314,0.339136,0.243703,0.756297,0.091621,0.090843
8803,24,0.581873,0.029483,0.009999,0.039311,0.339333,0.243652,0.756348,0.118124,0.118874
8804,24,0.582081,0.029469,0.009995,0.039291,0.339164,0.243577,0.756423,0.108375,0.109415
8805,24,0.581951,0.029462,0.009998,0.039283,0.339306,0.243525,0.756475,0.126362,0.127138
8806,30,0.58195,0.029462,0.01,0.039283,0.339306,0.243596,0.756404,0.119588,0.117093
8807,24,0.581824,0.029455,0.009998,0.039274,0.339449,0.243611,0.756389,0.119761,0.118884
8808,24,0.581533,0.029451,0.01013,0.039268,0.339618,0.243596,0.756404,0.129828,0.129698
8809,24,0.581481,0.029449,0.009999,0.039265,0.339806,0.243545,0.756455,0.118103,0.118861
8810,30,0.581102,0.029439,0.009997,0.039252,0.34021,0.243588,0.756412,0.113056,0.111093
8811,30,0.580936,0.029426,0.009996,0.039235,0.340407,0.243488,0.756512,0.113597,0.115202
8812,24,0.580847,0.029432,0.010002,0.039243,0.340476,0.243508,0.756492,0.125111,0.124137
8813,24,0.580848,0.029432,0.01,0.039243,0.340476,0.243617,0.756383,0.113263,0.109642
8814,24,0.580635,0.029432,0.01,0.039243,0.340691,0.243602,0.756398,0.129882,0.129734
8815,24,0.580635,0.029432,0.01,0.039243,0.34069,0.243585,0.756415,0.1216,0.121554
8816,30,0.580595,0.029435,0.010001,0.039246,0.340723,0.243695,0.756305,0.114973,0.1115
8817,30,0.580556,0.029438,0.010001,0.03925,0.340756,0.243671,0.756329,0.121584,0.121369
8818,24,0.580556,0.029438,0.01,0.03925,0.340756,0.243722,0.756278,0.123683,0.12197
8819,24,0.580556,0.029438,0.01,0.03925,0.340756,0.243773,0.756227,0.123683,0.12197
8820,24,0.58043,0.029431,0.009998,0.039241,0.340899,0.243788,0.756212,0.119753,0.118884
8821,30,0.580222,0.029433,0.010001,0.039244,0.3411,0.243854,0.756146,0.138807,0.136365
8822,24,0.580481,0.029415,0.009994,0.03922,0.34089,0.243772,0.756228,0.107181,0.108353
8823,24,0.580224,0.029402,0.009996,0.039203,0.341176,0.243755,0.756245,0.116657,0.116572
8824,30,0.580542,0.02938,0.009992,0.039173,0.340913,0.243545,0.756455,0.096667,0.101049
8825,24,0.580367,0.029376,0.009999,0.039168,0.34109,0.243647,0.756353,0.119826,0.116358
8826,30,0.580339,0.029375,0.010047,0.039166,0.341073,0.243846,0.756154,0.126144,0.12004
8827,30,0.58011,0.02938,0.010002,0.039174,0.341333,0.243991,0.756009,0.124795,0.119922
8828,30,0.580227,0.029372,0.009997,0.039163,0.34124,0.244045,0.755955,0.10846,0.106231
8829,24,0.580098,0.029366,0.009998,0.039155,0.341383,0.244062,0.755938,0.120153,0.119255
8830,24,0.580097,0.029366,0.01,0.039155,0.341383,0.244044,0.755956,0.121587,0.121541
8831,30,0.579906,0.029355,0.009996,0.039141,0.341602,0.243995,0.756005,0.116998,0.117727
8832,30,0.580067,0.029344,0.009996,0.039125,0.341468,0.243877,0.756123,0.105493,0.10758
8833,24,0.58038,0.029322,0.009992,0.039096,0.34121,0.243715,0.756285,0.103444,0.105535
8834,30,0.580252,0.029315,0.01021,0.039087,0.341135,0.243658,0.756342,0.129467,0.130098
8835,30,0.580243,0.029315,0.010226,0.039086,0.34113,0.243612,0.756388,0.119498,0.119849
8836,30,0.580496,0.029313,0.009999,0.039084,0.341108,0.243645,0.756355,0.114569,0.112846
8837,24,0.580496,0.029313,0.01,0.039084,0.341108,0.243628,0.756372,0.12164,0.12158
8838,24,0.580282,0.029313,0.01,0.039083,0.341322,0.243613,0.756387,0.121565,0.121413
8839,30,0.580051,0.029297,0.010452,0.039062,0.341138,0.243593,0.756407,0.122156,0.121881
8840,30,0.580106,0.029301,0.010001,0.039068,0.341524,0.243548,0.756452,0.116599,0.117136
8841,30,0.580107,0.029301,0.01,0.039068,0.341525,0.243636,0.756364,0.112885,0.109975
8842,24,0.580364,0.029283,0.009994,0.039044,0.341316,0.243622,0.756378,0.099212,0.097959
8843,24,0.580191,0.029279,0.009999,0.039039,0.341492,0.243736,0.756264,0.119824,0.115922
8844,24,0.580104,0.029285,0.010002,0.039047,0.341562,0.24389,0.75611,0.11677,0.111942
8845,30,0.579955,0.029278,0.010256,0.039037,0.341475,0.243876,0.756124,0.119487,0.119449
8846,24,0.580274,0.029273,0.009998,0.039031,0.341423,0.243765,0.756235,0.109002,0.110884
8847,24,0.580274,0.029273,0.01,0.039031,0.341422,0.243814,0.756186,0.123295,0.121603
8848,24,0.580147,0.029267,0.009998,0.039022,0.341566,0.243831,0.756169,0.120128,0.119238
8849,30,0.579621,0.02924,0.010897,0.038987,0.341255,0.243773,0.756227,0.129412,0.130056
8850,24,0.580398,0.029248,0.010003,0.038998,0.341352,0.24376,0.75624,0.099273,0.097997
8851,30,0.580022,0.029239,0.009997,0.038985,0.341757,0.243753,0.756247,0.119684,0.118945
8852,24,0.579893,0.029232,0.009998,0.038977,0.3419,0.243701,0.756299,0.118045,0.118817
8853,30,0.579852,0.029235,0.010001,0.03898,0.341932,0.243698,0.756302,0.138213,0.137887
8854,30,0.579827,0.02922,0.010237,0.03896,0.341755,0.243618,0.756382,0.115052,0.116089
8855,24,0.579461,0.029202,0.010863,0.038936,0.341539,0.24356,0.75644,0.12153,0.121984
8856,24,0.579834,0.02922,0.010006,0.038961,0.341978,0.243577,0.756423,0.120185,0.119279
8857,24,0.579752,0.029227,0.010002,0.038969,0.342051,0.243597,0.756403,0.125095,0.12413
8858,24,0.579588,0.029229,0.010137,0.038972,0.342075,0.243616,0.756384,0.133362,0.13241
8859,30,0.579658,0.029233,0.010002,0.038978,0.342129,0.243692,0.756308,0.118573,0.115751
8860,30,0.579528,0.029229,0.009999,0.038972,0.342272,0.243882,0.756118,0.110855,0.105072
8861,24,0.579718,0.029208,0.010108,0.038944,0.342022,0.243716,0.756284,0.105433,0.107893
8862,24,0.579655,0.029205,0.009999,0.038939,0.342202,0.243731,0.756269,0.119748,0.11888
8863,30,0.579918,0.029186,0.009994,0.038915,0.341987,0.243632,0.756368,0.093602,0.09419
8864,30,0.579945,0.029184,0.009999,0.038912,0.34196,0.243608,0.756392,0.118148,0.118325
8865,30,0.579793,0.029181,0.009999,0.038908,0.342118,0.243555,0.756445,0.118521,0.118999
8866,24,0.579793,0.029181,0.01,0.038908,0.342118,0.243538,0.756462,0.1216,0.121554
8867,30,0.57985,0.029177,0.009999,0.038903,0.342071,0.243696,0.756304,0.121224,0.116007
8868,30,0.579945,0.02917,0.009998,0.038894,0.341993,0.243718,0.756282,0.126148,0.12424
8869,24,0.579944,0.02917,0.01,0.038894,0.341992,0.243812,0.756188,0.115347,0.112088
8870,24,0.579944,0.02917,0.01,0.038894,0.341992,0.243863,0.756137,0.123641,0.121937
8871,24,0.579817,0.029164,0.009998,0.038885,0.342136,0.243812,0.756188,0.118099,0.118866
8872,24,0.579816,0.029164,0.01,0.038885,0.342135,0.243795,0.756205,0.12992,0.129882
8873,30,0.579788,0.029163,0.010048,0.038883,0.342119,0.24383,0.75617,0.126144,0.124909
8874,24,0.579815,0.029164,0.01,0.038885,0.342135,0.243881,0.756119,0.123641,0.121937
8875,24,0.580024,0.029149,0.009995,0.038866,0.341965,0.243719,0.756281,0.106699,0.109149
8876,24,0.579808,0.029149,0.01,0.038865,0.342178,0.243704,0.756296,0.129874,0.129726
8877,24,0.579681,0.029143,0.009998,0.038857,0.342321,0.243652,0.756348,0.118041,0.118817
8878,30,0.57964,0.029145,0.010001,0.03886,0.342353,0.243628,0.756372,0.121597,0.121379
8879,30,0.579314,0.029104,0.010905,0.038806,0.341872,0.243497,0.756503,0.123165,0.1257
8880,30,0.579838,0.029131,0.010009,0.038841,0.342181,0.243586,0.756414,0.11295,0.110034
8881,30,0.579646,0.029121,0.009997,0.038828,0.342408,0.243492,0.756508,0.110903,0.112749
8882,30,0.579644,0.029121,0.01,0.038828,0.342407,0.243446,0.756554,0.119545,0.119881
8883,24,0.579518,0.029114,0.009998,0.038819,0.342551,0.243395,0.756605,0.118094,0.118852
8884,24,0.579688,0.029103,0.009996,0.038803,0.34241,0.243283,0.756717,0.117288,0.119183
8885,24,0.579642,0.029105,0.010001,0.038807,0.342444,0.243418,0.756582,0.12335,0.118571
8886,30,0.579626,0.029105,0.010029,0.038806,0.342435,0.243372,0.756628,0.119498,0.119847
8887,30,0.579457,0.029078,0.010577,0.03877,0.342118,0.243238,0.756762,0.118882,0.121053
8888,24,0.579407,0.029075,0.010662,0.038767,0.342088,0.24335,0.75665,0.121556,0.117407
8889,30,0.579672,0.029089,0.010005,0.038786,0.342448,0.243397,0.756603,0.115484,0.113379
8890,24,0.579461,0.029089,0.01,0.038786,0.342664,0.243382,0.756618,0.121561,0.121409
8891,30,0.579483,0.029088,0.009999,0.038784,0.342646,0.243454,0.756546,0.132645,0.129719
8892,30,0.579378,0.029082,0.009998,0.038776,0.342766,0.243491,0.756509,0.115918,0.114209
8893,30,0.579337,0.029084,0.010001,0.038779,0.342798,0.2435,0.7565,0.121586,0.120981
8894,24,0.579597,0.029067,0.009994,0.038755,0.342587,0.243418,0.756582,0.107164,0.108325
8895,30,0.579573,0.029068,0.01,0.038757,0.342602,0.243545,0.756455,0.12056,0.116638
8896,30,0.579593,0.029055,0.010161,0.03874,0.342451,0.243466,0.756534,0.11508,0.116106
8897,24,0.57956,0.029053,0.009999,0.038738,0.34265,0.243414,0.756586,0.118041,0.118812
8898,24,0.579473,0.029059,0.010002,0.038746,0.34272,0.243568,0.756432,0.11677,0.111954
8899,24,0.579348,0.029053,0.009998,0.038737,0.342864,0.243517,0.756483,0.118094,0.118852
8900,24,0.579303,0.029056,0.010001,0.038741,0.342899,0.243652,0.756348,0.12335,0.118557
8901,24,0.579304,0.029056,0.01,0.038741,0.342899,0.243703,0.756297,0.123683,0.12197
8902,30,0.579243,0.029047,0.010193,0.038729,0.342789,0.24358,0.75642,0.115569,0.11693
8903,24,0.579015,0.029045,0.01,0.038727,0.343213,0.243531,0.756469,0.118015,0.118676
8904,24,0.579016,0.029045,0.01,0.038727,0.343212,0.24358,0.75642,0.123295,0.121604
8905,24,0.57889,0.029039,0.009998,0.038719,0.343354,0.243595,0.756405,0.119748,0.118875
8906,24,0.578846,0.029042,0.010001,0.038722,0.343389,0.24373,0.75627,0.123348,0.118555
8907,30,0.578826,0.029043,0.01,0.038724,0.343406,0.243958,0.756042,0.113944,0.107149
8908,24,0.578828,0.029043,0.01,0.038724,0.343405,0.244007,0.755993,0.123295,0.121613
8909,30,0.578828,0.029043,0.01,0.038724,0.343405,0.244078,0.755922,0.119588,0.117087
8910,30,0.578799,0.029042,0.01005,0.038722,0.343388,0.244165,0.755835,0.11283,0.109925
8911,30,0.578934,0.029036,0.009998,0.038715,0.343318,0.244176,0.755824,0.098008,0.096125
8912,30,0.578906,0.029034,0.010046,0.038713,0.343301,0.244211,0.755789,0.126144,0.124906
8913,30,0.579048,0.029028,0.009998,0.038704,0.343223,0.244248,0.755752,0.11512,0.113318
8914,24,0.579048,0.029028,0.01,0.038704,0.343221,0.244297,0.755703,0.123295,0.121601
8915,24,0.579048,0.029028,0.01,0.038704,0.343221,0.244348,0.755652,0.123724,0.121994
8916,24,0.578998,0.029025,0.010085,0.0387,0.343192,0.244459,0.755541,0.121558,0.117396
8917,30,0.578604,0.029005,0.010759,0.038674,0.342958,0.244401,0.755599,0.129423,0.13007
8918,24,0.578958,0.029011,0.010324,0.038681,0.343025,0.244494,0.755506,0.117824,0.113884
8919,30,0.578862,0.029027,0.010005,0.038702,0.343403,0.244656,0.755344,0.11865,0.113704
8920,30,0.578649,0.029021,0.01011,0.038695,0.343525,0.244602,0.755398,0.11848,0.118978
8921,30,0.578516,0.029014,0.009998,0.038686,0.343786,0.24464,0.75536,0.11755,0.115943
8922,24,0.578659,0.029004,0.009997,0.038672,0.343667,0.244692,0.755308,0.109826,0.107413
8923,30,0.578517,0.029001,0.009999,0.038668,0.343816,0.244804,0.755196,0.120357,0.116152
8924,24,0.57843,0.029007,0.010002,0.038675,0.343886,0.244823,0.755177,0.125091,0.124125
8925,24,0.578432,0.029007,0.01,0.038675,0.343886,0.244872,0.755128,0.123283,0.121591
8926,30,0.578423,0.029007,0.01,0.038676,0.343893,0.244948,0.755052,0.118572,0.115748
8927,24,0.578084,0.029,0.009998,0.038667,0.344251,0.244899,0.755101,0.12631,0.126996
8928,30,0.578042,0.029003,0.010001,0.038671,0.344283,0.244875,0.755125,0.121603,0.12139
8929,30,0.577673,0.029005,0.010001,0.038674,0.344648,0.244879,0.755121,0.119741,0.119085
8930,30,0.577563,0.029,0.009998,0.038666,0.344773,0.244949,0.755051,0.116452,0.113883
8931,30,0.577994,0.02897,0.00999,0.038627,0.34442,0.244691,0.755309,0.089567,0.094646
8932,24,0.577988,0.02897,0.01,0.038626,0.344417,0.244674,0.755326,0.12164,0.121582
8933,24,0.577901,0.028976,0.010002,0.038634,0.344487,0.244693,0.755307,0.125091,0.124121
8934,24,0.578112,0.028961,0.009995,0.038615,0.344317,0.244661,0.755339,0.106738,0.106004
8935,30,0.578135,0.028959,0.009999,0.038612,0.344293,0.244782,0.755218,0.124585,0.120769
8936,24,0.57801,0.028953,0.009998,0.038604,0.344436,0.244797,0.755203,0.119732,0.118863
8937,24,0.578124,0.028938,0.010094,0.038584,0.34426,0.244685,0.755315,0.117313,0.119213
8938,30,0.578108,0.028937,0.010121,0.038583,0.34425,0.244639,0.755361,0.119498,0.119851
8939,30,0.578149,0.028919,0.009994,0.038559,0.344379,0.24462,0.75538,0.105666,0.105015
8940,30,0.578,0.028912,0.010248,0.038549,0.34429,0.244606,0.755394,0.119487,0.119451
8941,24,0.578057,0.028925,0.010005,0.038567,0.344447,0.244625,0.755375,0.125103,0.12414
8942,24,0.578059,0.028925,0.01,0.038567,0.344448,0.244567,0.755433,0.121572,0.122023
8943,24,0.578059,0.028925,0.01,0.038567,0.344448,0.244618,0.755382,0.123712,0.121992
8944,24,0.578193,0.028901,0.009992,0.038535,0.344379,0.244502,0.755498,0.103708,0.105682
8945,30,0.577951,0.028894,0.009997,0.038525,0.344632,0.244391,0.755609,0.122939,0.124726
8946,24,0.57795,0.028894,0.01,0.038525,0.344631,0.244373,0.755627,0.121587,0.121541
8947,24,0.577737,0.028893,0.01,0.038525,0.344845,0.244358,0.755642,0.121552,0.121402
8948,30,0.578217,0.02886,0.009989,0.038481,0.344453,0.244044,0.755956,0.081584,0.087945
8949,30,0.577774,0.028843,0.010489,0.038457,0.344437,0.244022,0.755978,0.125104,0.125212
8950,30,0.577746,0.028842,0.010537,0.038456,0.34442,0.244057,0.755943,0.126143,0.124907
8951,30,0.577636,0.028823,0.010579,0.03843,0.344532,0.243902,0.756098,0.106466,0.109216
8952,24,0.578232,0.02881,0.010158,0.038414,0.344386,0.243699,0.756301,0.101231,0.104528
8953,24,0.577942,0.028806,0.01029,0.038408,0.344554,0.243684,0.756316,0.129807,0.129681
8954,24,0.57811,0.028814,0.010003,0.038419,0.344654,0.243667,0.756333,0.121628,0.121574
8955,24,0.577898,0.028814,0.01,0.038419,0.344869,0.243652,0.756348,0.121552,0.121396
8956,24,0.577811,0.02882,0.010002,0.038427,0.34494,0.243639,0.756361,0.125088,0.124323
8957,24,0.577985,0.028808,0.009996,0.038411,0.344799,0.243527,0.756473,0.109012,0.110892
8958,30,0.578196,0.028794,0.009995,0.038392,0.344623,0.243454,0.756546,0.112768,0.113872
8959,24,0.578194,0.028794,0.01,0.038391,0.344622,0.243437,0.756563,0.129924,0.129877
8960,24,0.57815,0.028797,0.010001,0.038395,0.344657,0.243583,0.756417,0.123363,0.118732
8961,24,0.578064,0.028802,0.010002,0.038403,0.344728,0.243602,0.756398,0.125091,0.124126
8962,24,0.57794,0.028796,0.009998,0.038395,0.344871,0.243617,0.756383,0.11974,0.118871
8963,24,0.578111,0.028784,0.009996,0.038379,0.344729,0.243506,0.756494,0.109069,0.110931
8964,24,0.578022,0.02879,0.010002,0.038387,0.344799,0.243525,0.756475,0.133411,0.132449
8965,24,0.578196,0.028778,0.009996,0.038371,0.344658,0.243413,0.756587,0.117305,0.119195
8966,30,0.577801,0.028763,0.010264,0.038351,0.344821,0.243341,0.756659,0.119561,0.120864
8967,24,0.57774,0.028771,0.010003,0.038361,0.345126,0.243326,0.756674,0.121548,0.121409
8968,30,0.577545,0.028761,0.009997,0.038348,0.345349,0.243281,0.756719,0.117536,0.118194
8969,24,0.577544,0.028761,0.01,0.038348,0.345347,0.24333,0.75667,0.123283,0.121605
8970,30,0.577524,0.028762,0.01,0.03835,0.345364,0.243558,0.756442,0.113943,0.107167
8971,30,0.577081,0.028745,0.010501,0.038326,0.345347,0.2436,0.7564,0.1251,0.123218
8972,24,0.577224,0.028752,0.010255,0.038336,0.345433,0.243582,0.756418,0.121576,0.121534
8973,30,0.577382,0.028735,0.009994,0.038314,0.345574,0.243383,0.756617,0.098042,0.102158
8974,30,0.577386,0.028735,0.01,0.038313,0.345567,0.243449,0.756551,0.118997,0.116599
8975,24,0.577558,0.028723,0.009996,0.038297,0.345425,0.243338,0.756662,0.109072,0.110935
8976,30,0.577743,0.02871,0.009996,0.03828,0.345271,0.243395,0.756605,0.114365,0.111746
8977,24,0.577528,0.02871,0.01,0.03828,0.345483,0.24338,0.75662,0.121544,0.121409
8978,30,0.577527,0.02871,0.01,0.03828,0.345483,0.24345,0.75655,0.119531,0.11705
8979,24,0.577363,0.028712,0.010135,0.038282,0.345508,0.243469,0.756531,0.133353,0.132406
8980,30,0.577448,0.028715,0.010001,0.038287,0.345549,0.2435,0.7565,0.12561,0.124451
8981,24,0.577448,0.028715,0.01,0.038287,0.34555,0.243483,0.756517,0.12992,0.129877
8982,30,0.577211,0.028708,0.009998,0.038278,0.345805,0.243384,0.756616,0.112952,0.114442
8983,30,0.577063,0.028701,0.010252,0.038268,0.345717,0.24337,0.75663,0.119487,0.119448
8984,24,0.577164,0.028706,0.010079,0.038274,0.345777,0.243421,0.756579,0.123641,0.12194
8985,30,0.577341,0.028695,0.01006,0.03826,0.345645,0.243358,0.756642,0.114266,0.115192
8986,30,0.577335,0.028699,0.010002,0.038266,0.345699,0.243355,0.756645,0.13821,0.13789
8987,24,0.57721,0.028693,0.009998,0.038257,0.345842,0.243303,0.756697,0.12634,0.127123
8988,30,0.577177,0.028667,0.010405,0.038223,0.345528,0.243369,0.756631,0.113221,0.110426
8989,30,0.576665,0.028642,0.011282,0.038189,0.345222,0.243407,0.756593,0.136081,0.134337
8990,30,0.577429,0.028623,0.010788,0.038164,0.344997,0.243196,0.756804,0.088248,0.092196
8991,30,0.577668,0.028632,0.010422,0.038176,0.345102,0.243318,0.756682,0.124584,0.120793
8992,30,0.57787,0.028633,0.010205,0.038177,0.345115,0.243261,0.756739,0.11718,0.117652
8993,24,0.577775,0.028638,0.010002,0.038184,0.3454,0.243246,0.756754,0.129856,0.129726
8994,24,0.577481,0.028629,0.009997,0.038172,0.345722,0.243254,0.756746,0.12456,0.123374
8995,30,0.577159,0.028595,0.010812,0.038126,0.345308,0.243119,0.756881,0.118837,0.121029
8996,30,0.57725,0.028599,0.010657,0.038132,0.345363,0.243189,0.756811,0.119481,0.117014
8997,30,0.577422,0.028612,0.010102,0.03815,0.345714,0.243136,0.756864,0.118509,0.118992
8998,30,0.577582,0.028608,0.009999,0.038144,0.345667,0.24302,0.75698,0.103466,0.104472
8999,30,0.577581,0.028608,0.01,0.038144,0.345666,0.243091,0.756909,0.119588,0.117095
9000,30,0.577749,0.028597,0.009996,0.038129,0.345529,0.243067,0.756933,0.100041,0.099001
9001,30,0.577806,0.028593,0.009999,0.038124,0.345479,0.243067,0.756933,0.12232,0.121901
9002,30,0.57766,0.028603,0.010003,0.038137,0.345598,0.243211,0.756789,0.137838,0.132918
9003,30,0.577489,0.028614,0.010004,0.038153,0.34574,0.243403,0.756597,0.121729,0.116108
9004,24,0.57775,0.028597,0.009994,0.038129,0.34553,0.243361,0.756639,0.105515,0.105032
9005,30,0.577848,0.02859,0.009998,0.03812,0.345445,0.24324,0.75676,0.120043,0.121866
9006,30,0.577807,0.02858,0.009996,0.038106,0.345511,0.243213,0.756787,0.119634,0.119879
9007,30,0.577701,0.028574,0.009998,0.038098,0.34563,0.24325,0.75675,0.115897,0.114204
9008,24,0.577837,0.028563,0.010009,0.038085,0.345506,0.243151,0.756849,0.116054,0.117348
9009,30,0.577842,0.028564,0.01,0.038085,0.345509,0.243221,0.756779,0.119531,0.117053
9010,30,0.57768,0.028552,0.009996,0.038069,0.345704,0.243121,0.756879,0.106929,0.108534
9011,24,0.577464,0.028551,0.01,0.038068,0.345917,0.243106,0.756894,0.129852,0.129711
9012,24,0.577464,0.028551,0.01,0.038068,0.345917,0.243158,0.756842,0.123712,0.121993
9013,24,0.577338,0.028545,0.009998,0.03806,0.346059,0.243175,0.756825,0.120115,0.119223
9014,30,0.577197,0.028538,0.01024,0.038051,0.345975,0.243161,0.756839,0.119487,0.11945
9015,30,0.577216,0.02854,0.010001,0.038053,0.34619,0.243208,0.756792,0.115475,0.11336
9016,30,0.577106,0.028534,0.009998,0.038046,0.346315,0.243165,0.756835,0.116444,0.117097
9017,24,0.576892,0.028534,0.01,0.038045,0.346529,0.24315,0.75685,0.121539,0.121391
9018,24,0.576889,0.028519,0.009995,0.038026,0.34657,0.243012,0.756988,0.11507,0.117626
9019,30,0.577042,0.028509,0.009996,0.038012,0.346441,0.242874,0.757126,0.108699,0.111091
9020,30,0.577403,0.028484,0.009991,0.037979,0.346143,0.242648,0.757352,0.08952,0.093628
9021,30,0.577254,0.028477,0.010246,0.037969,0.346054,0.242634,0.757366,0.119487,0.119447
9022,24,0.577271,0.028478,0.01,0.03797,0.346281,0.242649,0.757351,0.119723,0.118871
9023,24,0.576932,0.028471,0.009998,0.037961,0.346637,0.2426,0.7574,0.126288,0.126983
9024,30,0.577033,0.028464,0.009998,0.037952,0.346553,0.242618,0.757382,0.09687,0.094623
9025,30,0.577206,0.028452,0.009996,0.037937,0.346409,0.242551,0.757449,0.113754,0.114754
9026,24,0.577465,0.028435,0.009994,0.037913,0.346194,0.242469,0.757531,0.107185,0.108347
9027,30,0.577421,0.028437,0.010001,0.037916,0.346225,0.242466,0.757534,0.13821,0.137881
9028,30,0.576871,0.028407,0.010996,0.037875,0.345851,0.242441,0.757559,0.124666,0.124874
9029,30,0.577342,0.028429,0.010008,0.037905,0.346316,0.242478,0.757522,0.115916,0.114212
9030,30,0.577321,0.028428,0.010044,0.037904,0.346304,0.242513,0.757487,0.126144,0.124912
9031,24,0.57722,0.028423,0.009998,0.037897,0.346461,0.242462,0.757538,0.118098,0.118854
9032,24,0.577266,0.028405,0.009994,0.037873,0.346462,0.242317,0.757683,0.105546,0.10821
9033,30,0.576933,0.028393,0.010496,0.037858,0.346319,0.242325,0.757675,0.128197,0.127604
9034,30,0.576829,0.028388,0.010334,0.037851,0.346597,0.242231,0.757769,0.110871,0.112708
9035,30,0.576318,0.028363,0.011211,0.037818,0.34629,0.242269,0.757731,0.136081,0.134343
9036,24,0.576761,0.028385,0.010232,0.037847,0.346775,0.242218,0.757782,0.118102,0.118855
9037,30,0.576402,0.028348,0.011132,0.037797,0.346321,0.242094,0.757906,0.12419,0.126595
9038,24,0.576691,0.028372,0.010489,0.037829,0.346618,0.242114,0.757886,0.125099,0.124146
9039,30,0.57669,0.028392,0.010007,0.037856,0.347055,0.242143,0.757857,0.125267,0.123598
9040,24,0.576955,0.028375,0.009994,0.037833,0.346843,0.242062,0.757938,0.107214,0.108367
9041,30,0.576952,0.028375,0.01,0.037833,0.346841,0.24215,0.75785,0.112874,0.109976
9042,24,0.577211,0.028357,0.009994,0.03781,0.346628,0.242138,0.757862,0.099281,0.098019
9043,30,0.577356,0.028347,0.009996,0.037796,0.346505,0.242038,0.757962,0.108721,0.110538
9044,24,0.577227,0.028341,0.009998,0.037788,0.346646,0.241987,0.758013,0.118098,0.118858
9045,30,0.577186,0.028344,0.010001,0.037791,0.346678,0.241964,0.758036,0.121594,0.121377
9046,30,0.577166,0.028345,0.01,0.037793,0.346695,0.242193,0.757807,0.113943,0.107189
9047,24,0.577426,0.028328,0.009994,0.03777,0.346483,0.242028,0.757972,0.105482,0.107907
9048,30,0.577679,0.02831,0.009994,0.037747,0.34627,0.241867,0.758133,0.100573,0.103431
9049,24,0.577676,0.02831,0.01,0.037747,0.346267,0.241916,0.758084,0.123283,0.121606
9050,30,0.577676,0.02831,0.01,0.037747,0.346267,0.241986,0.758014,0.119487,0.117026
9051,24,0.578108,0.028281,0.00999,0.037708,0.345913,0.241744,0.758256,0.092947,0.09763
9052,30,0.578269,0.028269,0.009996,0.037693,0.345772,0.241682,0.758318,0.11433,0.115231
9053,30,0.578241,0.028268,0.010044,0.037691,0.345756,0.241717,0.758283,0.126144,0.124914
9054,24,0.578192,0.028266,0.010129,0.037688,0.345726,0.241699,0.758301,0.129866,0.129834
9055,24,0.57818,0.028275,0.010003,0.0377,0.345842,0.241719,0.758281,0.125103,0.124134
9056,30,0.578183,0.028252,0.009992,0.03767,0.345903,0.241569,0.758431,0.103682,0.106475
9057,24,0.578092,0.028258,0.010002,0.037677,0.345971,0.241589,0.758411,0.125091,0.124131
9058,24,0.578006,0.028264,0.010002,0.037685,0.346043,0.241609,0.758391,0.133411,0.13245
9059,24,0.578153,0.028254,0.009997,0.037672,0.345924,0.241668,0.758332,0.109454,0.106795
9060,30,0.577899,0.028242,0.010241,0.037655,0.345963,0.241614,0.758386,0.133041,0.133966
9061,30,0.578303,0.028231,0.009996,0.037641,0.345829,0.241516,0.758484,0.093614,0.094183
9062,30,0.578455,0.02822,0.009996,0.037627,0.345701,0.241377,0.758623,0.112347,0.11393
9063,30,0.578453,0.02822,0.01,0.037627,0.3457,0.241448,0.758552,0.119588,0.117111
9064,30,0.578529,0.028215,0.009998,0.03762,0.345638,0.241526,0.758474,0.110564,0.107787
9065,30,0.578493,0.028205,0.009996,0.037606,0.3457,0.241429,0.758571,0.124094,0.125513
9066,30,0.578598,0.028197,0.009997,0.037596,0.345611,0.241305,0.758695,0.121228,0.123292
9067,24,0.57852,0.028193,0.01013,0.037591,0.345565,0.241288,0.758712,0.129878,0.129839
9068,24,0.578807,0.028178,0.010075,0.03757,0.34537,0.241124,0.758876,0.105456,0.107862
9069,30,0.578851,0.02818,0.010001,0.037573,0.345396,0.241212,0.758788,0.112885,0.109993
9070,24,0.578851,0.02818,0.01,0.037573,0.345396,0.241195,0.758805,0.121612,0.121556
9071,30,0.578861,0.028156,0.009992,0.037542,0.34545,0.240997,0.759003,0.098012,0.102084
9072,24,0.578811,0.028154,0.010077,0.037539,0.34542,0.24094,0.75906,0.121558,0.121993
9073,30,0.578856,0.028133,0.009993,0.037511,0.345507,0.240791,0.759209,0.103692,0.106477
9074,30,0.579065,0.028119,0.009995,0.037492,0.34533,0.240718,0.759282,0.112694,0.1138
9075,30,0.579037,0.028117,0.010043,0.03749,0.345313,0.240754,0.759246,0.126144,0.124919
9076,24,0.578935,0.028113,0.009998,0.037483,0.345471,0.240771,0.759229,0.120115,0.119236
9077,24,0.578847,0.028118,0.010002,0.037491,0.345541,0.240791,0.759209,0.133399,0.132454
9078,30,0.578698,0.028116,0.009999,0.037487,0.3457,0.240728,0.759272,0.128514,0.12926
9079,30,0.578813,0.028108,0.009997,0.037477,0.345605,0.240639,0.759361,0.125119,0.126383
9080,30,0.578985,0.028096,0.009996,0.037462,0.345461,0.240573,0.759427,0.113749,0.11473
9081,24,0.579241,0.028079,0.009994,0.037438,0.345248,0.240713,0.759287,0.097158,0.092329
9082,30,0.579086,0.028076,0.009999,0.037435,0.345404,0.240693,0.759307,0.118489,0.118579
9083,24,0.579086,0.028076,0.01,0.037435,0.345404,0.240803,0.759197,0.113263,0.109675
9084,24,0.579086,0.028076,0.01,0.037435,0.345404,0.240786,0.759214,0.12992,0.129876
9085,24,0.579087,0.028076,0.01,0.037434,0.345403,0.240836,0.759164,0.123295,0.121628
9086,24,0.57896,0.02807,0.009998,0.037426,0.345546,0.240854,0.759146,0.120157,0.119269
9087,24,0.578959,0.02807,0.01,0.037426,0.345545,0.240905,0.759095,0.12367,0.121977
9088,30,0.579122,0.028047,0.009992,0.037396,0.345442,0.240719,0.759281,0.097317,0.100688
9089,24,0.579119,0.028047,0.01,0.037396,0.345439,0.240769,0.759231,0.123283,0.121612
9090,24,0.579032,0.028053,0.010002,0.037403,0.34551,0.240789,0.759211,0.133399,0.132454
9091,30,0.578691,0.028053,0.01,0.037404,0.345853,0.240901,0.759099,0.119217,0.115726
9092,30,0.579022,0.028031,0.009992,0.037374,0.345581,0.240778,0.759222,0.096809,0.09817
9093,24,0.578891,0.028024,0.009998,0.037366,0.345721,0.240796,0.759204,0.120169,0.11928
9094,30,0.578973,0.028019,0.009998,0.037358,0.345652,0.240816,0.759184,0.097292,0.095093
9095,30,0.578882,0.028002,0.009994,0.037336,0.345786,0.240785,0.759215,0.105499,0.105071
9096,24,0.578878,0.028002,0.01,0.037336,0.345784,0.24088,0.75912,0.115347,0.112121
9097,24,0.57905,0.02799,0.009996,0.037321,0.345643,0.24077,0.75923,0.109054,0.1109
9098,30,0.579057,0.027967,0.009992,0.037289,0.345695,0.240572,0.759428,0.098022,0.102085
9099,24,0.579224,0.027955,0.009996,0.037274,0.345551,0.240461,0.759539,0.117302,0.119158
9100,24,0.579009,0.027955,0.01,0.037273,0.345763,0.240447,0.759553,0.121552,0.121393
9101,30,0.579131,0.027947,0.009997,0.037262,0.345663,0.240481,0.759519,0.114574,0.112857
9102,24,0.579003,0.027941,0.009998,0.037254,0.345805,0.24043,0.75957,0.118073,0.118822
9103,24,0.579001,0.027941,0.01,0.037254,0.345804,0.240525,0.759475,0.115347,0.112121
9104,24,0.578788,0.02794,0.01,0.037254,0.346018,0.240511,0.759489,0.129856,0.12971
9105,30,0.578904,0.027933,0.009997,0.037243,0.345923,0.240549,0.759451,0.115122,0.113331
9106,30,0.578619,0.027939,0.010002,0.037251,0.346189,0.240579,0.759421,0.125278,0.123602
9107,30,0.578807,0.027926,0.009996,0.037235,0.346036,0.240688,0.759312,0.107708,0.10389
9108,30,0.578607,0.027917,0.009997,0.037222,0.346257,0.240557,0.759443,0.120897,0.123182
9109,30,0.578605,0.027917,0.01,0.037222,0.346256,0.240512,0.759488,0.119545,0.119865
9110,24,0.57837,0.027905,0.010403,0.037207,0.346115,0.240563,0.759437,0.123612,0.121929
9111,30,0.578265,0.0279,0.010241,0.0372,0.346393,0.240469,0.759531,0.110873,0.112691
9112,24,0.578389,0.027876,0.010467,0.037169,0.346099,0.240387,0.759613,0.107079,0.108236
9113,24,0.578533,0.027883,0.010002,0.037178,0.346403,0.240405,0.759595,0.120168,0.119279
9114,24,0.578448,0.027889,0.010002,0.037186,0.346475,0.240425,0.759575,0.125091,0.124133
9115,30,0.578376,0.027881,0.009997,0.037175,0.34657,0.240464,0.759536,0.119197,0.117373
9116,30,0.578036,0.027848,0.01083,0.037131,0.346155,0.24034,0.75966,0.122168,0.124336
9117,24,0.578612,0.027846,0.01028,0.037128,0.346133,0.240177,0.759823,0.105485,0.107875
9118,30,0.578604,0.027828,0.010557,0.037104,0.345907,0.240056,0.759944,0.108957,0.110801
9119,24,0.578883,0.027846,0.010007,0.037129,0.346136,0.240141,0.759859,0.131663,0.12859
9120,24,0.5788,0.027852,0.010002,0.037136,0.346209,0.240161,0.759839,0.125103,0.124148
9121,24,0.579059,0.027835,0.009994,0.037114,0.345998,0.239998,0.760002,0.105506,0.107894
9122,30,0.579194,0.027826,0.009997,0.037101,0.345882,0.239965,0.760035,0.10286,0.10267
9123,30,0.579463,0.027808,0.009994,0.037077,0.345658,0.239865,0.760135,0.093457,0.094096
9124,30,0.579421,0.027806,0.010065,0.037075,0.345633,0.240036,0.759964,0.119476,0.114195
9125,30,0.579348,0.027803,0.009999,0.03707,0.345781,0.239994,0.760006,0.116448,0.117079
9126,24,0.579556,0.027789,0.009995,0.037052,0.345609,0.239987,0.760013,0.100501,0.099232
9127,30,0.579513,0.027791,0.010001,0.037055,0.34564,0.239953,0.760047,0.131611,0.131649
9128,24,0.579514,0.027791,0.01,0.037055,0.34564,0.240003,0.759997,0.123282,0.121615
9129,30,0.579133,0.027777,0.010244,0.037037,0.34581,0.23992,0.76008,0.129538,0.131087
9130,24,0.579275,0.027784,0.010002,0.037046,0.345893,0.23997,0.76003,0.123295,0.121621
9131,30,0.579431,0.027768,0.010083,0.037024,0.345693,0.239901,0.760099,0.113233,0.114254
9132,30,0.579645,0.027759,0.009997,0.037013,0.345586,0.239806,0.760194,0.115386,0.117016
9133,24,0.579644,0.027759,0.01,0.037012,0.345585,0.239858,0.760142,0.123695,0.121996
9134,30,0.579533,0.027754,0.009998,0.037005,0.34571,0.239773,0.760227,0.126439,0.127717
9135,30,0.579496,0.027744,0.009996,0.036992,0.345772,0.239677,0.760323,0.124091,0.125495
9136,30,0.579494,0.027744,0.01,0.036991,0.345771,0.239748,0.760252,0.119535,0.117078
9137,24,0.579407,0.027749,0.010002,0.036999,0.345842,0.239903,0.760097,0.116784,0.11202
9138,30,0.579409,0.027749,0.01,0.036999,0.345843,0.239974,0.760026,0.119487,0.117041
9139,30,0.579218,0.027739,0.009996,0.036986,0.34606,0.239966,0.760034,0.110362,0.109659
9140,24,0.579129,0.027745,0.010002,0.036993,0.34613,0.239986,0.760014,0.133415,0.132459
9141,24,0.579219,0.027739,0.009998,0.036986,0.346058,0.239928,0.760072,0.125579,0.126505
9142,30,0.579372,0.027729,0.009996,0.036972,0.345931,0.23979,0.76021,0.108588,0.110956
9143,24,0.579541,0.027718,0.009996,0.036957,0.345788,0.23968,0.76032,0.109058,0.110876
9144,30,0.579737,0.027705,0.009995,0.036939,0.345624,0.239612,0.760388,0.112325,0.113233
9145,30,0.579887,0.027694,0.009996,0.036926,0.345496,0.239569,0.760431,0.102318,0.101696
9146,30,0.579985,0.027688,0.009998,0.036917,0.345413,0.239455,0.760545,0.103397,0.104376
9147,24,0.579859,0.027681,0.009998,0.036909,0.345554,0.239471,0.760529,0.11974,0.118878
9148,24,0.579858,0.027681,0.01,0.036908,0.345552,0.239521,0.760479,0.123295,0.121624
9149,24,0.579821,0.027669,0.009996,0.036892,0.345621,0.239496,0.760504,0.115467,0.115565
9150,24,0.579732,0.027675,0.010002,0.0369,0.345691,0.239516,0.760484,0.125095,0.124135
9151,30,0.579887,0.027653,0.009992,0.036871,0.345597,0.239328,0.760672,0.097652,0.101124
9152,30,0.579882,0.027653,0.01,0.036871,0.345594,0.239417,0.760583,0.112885,0.110011
9153,30,0.579685,0.027644,0.009997,0.036858,0.345817,0.239551,0.760449,0.11088,0.10657
9154,24,0.579678,0.02763,0.009995,0.036839,0.345858,0.239414,0.760586,0.115047,0.117562
9155,30,0.579802,0.027621,0.009997,0.036828,0.345752,0.239325,0.760675,0.109738,0.111254
9156,30,0.57976,0.027624,0.010001,0.036832,0.345784,0.239303,0.760697,0.121606,0.121379
9157,24,0.579905,0.027614,0.009997,0.036819,0.345665,0.239357,0.760643,0.109819,0.107436
9158,30,0.580069,0.027603,0.009996,0.036804,0.345528,0.239262,0.760738,0.115345,0.116977
9159,30,0.58012,0.027588,0.009995,0.036784,0.345514,0.239114,0.760886,0.106182,0.108635
9160,24,0.580288,0.027577,0.009996,0.036769,0.345371,0.239004,0.760996,0.11731,0.119149
9161,30,0.580002,0.027583,0.010002,0.036777,0.345636,0.239049,0.760951,0.141932,0.14038
9162,30,0.580105,0.027563,0.009993,0.036751,0.345587,0.238948,0.761052,0.109663,0.111425
9163,24,0.580101,0.027563,0.01,0.036751,0.345585,0.238932,0.761068,0.121657,0.121595
9164,30,0.579787,0.027551,0.010502,0.036734,0.345427,0.239124,0.760876,0.127173,0.121364
9165,24,0.579951,0.027558,0.010003,0.036745,0.345743,0.239074,0.760926,0.118109,0.118844
9166,30,0.579953,0.027559,0.01,0.036745,0.345744,0.239163,0.760837,0.112885,0.110016
9167,30,0.579875,0.027551,0.009997,0.036735,0.345842,0.239115,0.760885,0.119121,0.119502
9168,30,0.579438,0.02755,0.010279,0.036733,0.346,0.239172,0.760828,0.132146,0.130295
9169,30,0.579779,0.027545,0.01001,0.036727,0.345939,0.239231,0.760769,0.11432,0.111736
9170,24,0.579785,0.027545,0.01,0.036727,0.345943,0.239283,0.760717,0.12367,0.121979
9171,30,0.579588,0.027536,0.009997,0.036714,0.346166,0.239417,0.760583,0.110876,0.106566
9172,24,0.579333,0.027524,0.009996,0.036698,0.34645,0.239332,0.760668,0.122805,0.124368
9173,24,0.579287,0.027526,0.010001,0.036702,0.346484,0.239417,0.760583,0.131662,0.128598
9174,24,0.579209,0.027523,0.010133,0.036697,0.346438,0.2394,0.7606,0.129878,0.129836
9175,30,0.579061,0.027516,0.010388,0.036688,0.346349,0.239387,0.760613,0.119487,0.119443
9176,30,0.579174,0.027521,0.010002,0.036695,0.346608,0.239302,0.760698,0.126424,0.12771
9177,24,0.579089,0.027527,0.010002,0.036702,0.34668,0.239291,0.760709,0.125092,0.124326
9178,30,0.579256,0.027516,0.009996,0.036688,0.346544,0.239196,0.760804,0.108757,0.110371
9179,24,0.579128,0.02751,0.009998,0.03668,0.346685,0.239145,0.760855,0.126336,0.127099
9180,24,0.57904,0.027515,0.010002,0.036687,0.346756,0.239165,0.760835,0.125091,0.124135
9181,30,0.579073,0.027492,0.010324,0.036656,0.346456,0.239068,0.760932,0.111734,0.113548
9182,30,0.57965,0.02747,0.010064,0.036627,0.346188,0.238754,0.761246,0.100514,0.10692
9183,30,0.579502,0.027463,0.010318,0.036618,0.346099,0.238741,0.761259,0.119487,0.119442
9184,24,0.5796,0.027478,0.010005,0.036637,0.34628,0.238761,0.761239,0.125107,0.124144
9185,30,0.579033,0.027428,0.011319,0.03657,0.34565,0.238732,0.761268,0.123123,0.122778
9186,24,0.579966,0.027452,0.010016,0.036603,0.345962,0.238623,0.761377,0.109071,0.11087
9187,30,0.579935,0.027456,0.010001,0.036607,0.346001,0.238601,0.761399,0.121597,0.121367
9188,24,0.579771,0.027458,0.010136,0.03661,0.346026,0.238621,0.761379,0.133362,0.132421
9189,30,0.579622,0.02745,0.01039,0.036601,0.345937,0.238576,0.761424,0.119487,0.119816
9190,30,0.580092,0.027444,0.010017,0.036592,0.345856,0.238416,0.761584,0.100516,0.103326
9191,30,0.580101,0.027444,0.01,0.036593,0.345861,0.238506,0.761494,0.112932,0.11006
9192,24,0.580568,0.027414,0.009989,0.036552,0.345477,0.238302,0.761698,0.092277,0.096062
9193,30,0.580521,0.027416,0.010001,0.036555,0.345506,0.238311,0.761689,0.121586,0.120987
9194,30,0.580372,0.027409,0.010255,0.036546,0.345418,0.238298,0.761702,0.119487,0.119442
9195,24,0.580307,0.027416,0.010002,0.036555,0.34572,0.238284,0.761716,0.121552,0.121396
9196,30,0.580309,0.027416,0.01,0.036555,0.345721,0.238355,0.761645,0.119487,0.117051
9197,30,0.58032,0.027403,0.009995,0.036537,0.345745,0.23836,0.76164,0.111485,0.11047
9198,30,0.580588,0.027385,0.009993,0.036513,0.345521,0.238261,0.761739,0.093412,0.094061
9199,24,0.580457,0.027379,0.009998,0.036505,0.345661,0.238279,0.761721,0.120169,0.119274
9200,24,0.580369,0.027384,0.010002,0.036513,0.345732,0.238299,0.761701,0.125095,0.12414
9201,30,0.58034,0.027383,0.010053,0.036511,0.345714,0.238383,0.761617,0.119477,0.116321
9202,30,0.58033,0.027387,0.010001,0.036516,0.345765,0.238392,0.761608,0.121586,0.120989
9203,30,0.580511,0.027373,0.010025,0.036498,0.345593,0.238323,0.761677,0.112215,0.113128
9204,24,0.580615,0.027368,0.009998,0.036491,0.345528,0.238332,0.761668,0.119017,0.118312
9205,30,0.58076,0.027359,0.009996,0.036478,0.345407,0.238452,0.761548,0.108677,0.104635
9206,30,0.580759,0.027346,0.010191,0.036461,0.345243,0.238374,0.761626,0.115071,0.116064
9207,30,0.581083,0.027337,0.009997,0.036449,0.345134,0.238334,0.761666,0.098385,0.097783
9208,30,0.580883,0.027328,0.009997,0.036437,0.345356,0.238348,0.761652,0.104253,0.103069
9209,30,0.58048,0.027313,0.010277,0.036417,0.345513,0.238276,0.761724,0.11956,0.12083
9210,30,0.58097,0.027299,0.009995,0.036399,0.345337,0.238146,0.761854,0.096103,0.097645
9211,30,0.581042,0.027294,0.009998,0.036392,0.345274,0.238091,0.761909,0.117192,0.117622
9212,30,0.581095,0.02728,0.010154,0.036374,0.345098,0.238121,0.761879,0.115288,0.113555
9213,30,0.580946,0.027273,0.010408,0.036364,0.345009,0.238076,0.761924,0.119487,0.119814
9214,24,0.58144,0.027268,0.009998,0.036357,0.344937,0.237995,0.762005,0.107135,0.108261
9215,30,0.581651,0.027254,0.009995,0.036338,0.344762,0.237923,0.762077,0.112707,0.113781
9216,30,0.581528,0.027249,0.009998,0.036332,0.344893,0.237972,0.762028,0.115466,0.113389
9217,30,0.581533,0.027249,0.01,0.036331,0.344887,0.23804,0.76196,0.118994,0.116625
9218,24,0.580999,0.027223,0.010909,0.036298,0.34457,0.237983,0.762017,0.121516,0.121943
9219,30,0.581258,0.027223,0.01066,0.036297,0.344561,0.237854,0.762146,0.109569,0.111751
9220,24,0.581467,0.027237,0.010014,0.036317,0.344965,0.237958,0.762042,0.119817,0.116427
9221,30,0.581192,0.027244,0.010002,0.036325,0.345236,0.237989,0.762011,0.125303,0.123629
9222,30,0.581158,0.027234,0.009996,0.036312,0.345301,0.238038,0.761962,0.107449,0.105383
9223,30,0.581156,0.027234,0.01,0.036311,0.345299,0.238127,0.761873,0.112885,0.110021
9224,24,0.581155,0.027234,0.01,0.036311,0.345299,0.238111,0.761889,0.129949,0.129887
9225,30,0.581147,0.027234,0.01,0.036312,0.345307,0.238148,0.761852,0.125223,0.123887
9226,30,0.580982,0.027223,0.009996,0.036297,0.345502,0.238039,0.761961,0.123597,0.125407
9227,30,0.580707,0.027229,0.010002,0.036305,0.345757,0.238097,0.761903,0.125543,0.123677
9228,24,0.580622,0.027235,0.010002,0.036313,0.345829,0.238117,0.761883,0.133407,0.132457
9229,30,0.580629,0.027234,0.01,0.036312,0.345824,0.238185,0.761815,0.119007,0.116634
9230,24,0.580579,0.027232,0.010085,0.036309,0.345794,0.23848,0.76152,0.11325,0.104852
9231,30,0.580502,0.02722,0.009996,0.036294,0.345988,0.238402,0.761598,0.114031,0.115448
9232,30,0.580705,0.027207,0.009995,0.036276,0.345817,0.238334,0.761666,0.11333,0.114322
9233,30,0.580702,0.027207,0.01,0.036276,0.345816,0.238423,0.761577,0.112885,0.110025
9234,30,0.580914,0.027193,0.009995,0.036257,0.345641,0.23835,0.76165,0.112662,0.113752
9235,24,0.581167,0.027176,0.009994,0.036235,0.345427,0.238339,0.761661,0.099203,0.097945
9236,24,0.581335,0.027165,0.009996,0.03622,0.345284,0.238229,0.761771,0.109033,0.11085
9237,30,0.581305,0.027164,0.010047,0.036218,0.345267,0.238446,0.761554,0.11283,0.106496
9238,24,0.581205,0.027159,0.009998,0.036212,0.345426,0.238395,0.761605,0.12634,0.127102
9239,30,0.581401,0.027146,0.009995,0.036195,0.345263,0.238326,0.761674,0.112249,0.113157
9240,30,0.581358,0.027149,0.010001,0.036198,0.345294,0.238304,0.761696,0.1216,0.12138
9241,24,0.581358,0.027149,0.01,0.036198,0.345295,0.238287,0.761713,0.129924,0.129867
9242,24,0.58171,0.027126,0.009992,0.036168,0.345005,0.238087,0.761913,0.101162,0.104351
9243,30,0.581624,0.027124,0.010104,0.036166,0.344983,0.238134,0.761866,0.127171,0.125682
9244,30,0.58148,0.027118,0.009998,0.036157,0.345246,0.23803,0.76197,0.124542,0.12626
9245,24,0.581436,0.027121,0.010001,0.036161,0.345281,0.238168,0.761832,0.123352,0.118634
9246,24,0.581437,0.027121,0.01,0.036161,0.345281,0.238151,0.761849,0.121587,0.121531
9247,24,0.581437,0.027121,0.01,0.036161,0.345281,0.238134,0.761866,0.129907,0.129854
9248,30,0.581574,0.027112,0.009997,0.036149,0.345168,0.238008,0.761992,0.102737,0.104064
9249,24,0.581742,0.027101,0.009996,0.036134,0.345026,0.237898,0.762102,0.117277,0.119103
9250,30,0.581542,0.027091,0.009997,0.036122,0.345248,0.237854,0.762146,0.117536,0.118171
9251,30,0.581809,0.027074,0.009994,0.036099,0.345025,0.237694,0.762306,0.100011,0.102773
9252,24,0.581805,0.027074,0.01,0.036098,0.345022,0.237746,0.762254,0.123641,0.121968
9253,30,0.581388,0.027054,0.01071,0.036072,0.344775,0.237701,0.762299,0.119443,0.119779
9254,24,0.581473,0.027049,0.010713,0.036065,0.344701,0.237612,0.762388,0.117206,0.118294
9255,24,0.581766,0.027072,0.01007,0.036096,0.344997,0.237633,0.762367,0.125111,0.124156
9256,30,0.581807,0.027074,0.010001,0.036098,0.345021,0.237705,0.762295,0.119542,0.117099
9257,30,0.581687,0.027069,0.009998,0.036092,0.345154,0.237754,0.762246,0.115466,0.113381
9258,30,0.581739,0.027066,0.009999,0.036087,0.345109,0.237795,0.762205,0.116256,0.114536
9259,24,0.581738,0.027066,0.01,0.036087,0.345109,0.237847,0.762153,0.123641,0.121968
9260,24,0.581568,0.027062,0.009999,0.036083,0.345287,0.237888,0.762112,0.128109,0.126206
9261,24,0.581655,0.027057,0.009998,0.036076,0.345214,0.237951,0.762049,0.110986,0.108463
9262,30,0.581489,0.027049,0.01028,0.036065,0.345116,0.237938,0.762062,0.126158,0.12611
9263,30,0.581848,0.027044,0.009998,0.036059,0.345051,0.237871,0.762129,0.112335,0.113216
9264,24,0.58172,0.027038,0.009998,0.036051,0.345194,0.237821,0.762179,0.118073,0.118817
9265,24,0.581633,0.027043,0.010002,0.036058,0.345264,0.237841,0.762159,0.133407,0.132465
9266,30,0.581594,0.027046,0.010001,0.036061,0.345298,0.237819,0.762181,0.121609,0.121383
9267,30,0.581708,0.027039,0.009997,0.036052,0.345204,0.237847,0.762153,0.110758,0.109157
9268,24,0.58175,0.027022,0.009994,0.036029,0.345206,0.237703,0.762297,0.11377,0.116396
9269,30,0.581852,0.027015,0.009997,0.03602,0.345116,0.237572,0.762428,0.114612,0.116193
9270,30,0.582062,0.027001,0.009995,0.036001,0.34494,0.237534,0.762466,0.09844,0.097814
9271,30,0.582066,0.027,0.01,0.036001,0.344933,0.237602,0.762398,0.118994,0.116629
9272,30,0.58227,0.026987,0.009995,0.035983,0.344764,0.237534,0.762466,0.113228,0.11423
9273,24,0.582106,0.026989,0.01013,0.035986,0.344789,0.237554,0.762446,0.13337,0.132431
9274,24,0.582056,0.026987,0.009999,0.035982,0.344976,0.23757,0.76243,0.119739,0.118882
9275,30,0.581857,0.026978,0.009997,0.03597,0.345199,0.237526,0.762474,0.11754,0.118167
9276,24,0.582111,0.026961,0.009994,0.035948,0.344987,0.237364,0.762636,0.105418,0.107761
9277,24,0.582107,0.026961,0.01,0.035948,0.344984,0.23746,0.76254,0.115333,0.11214
9278,30,0.58226,0.026951,0.009996,0.035935,0.344858,0.23734,0.76266,0.108947,0.11075
9279,24,0.582045,0.02695,0.01,0.035934,0.345071,0.237326,0.762674,0.129869,0.129715
9280,30,0.582008,0.02694,0.009996,0.035921,0.345134,0.23723,0.76277,0.124073,0.125454
9281,30,0.581493,0.026917,0.010873,0.035889,0.344828,0.237205,0.762795,0.136081,0.13632
9282,24,0.581659,0.026934,0.010228,0.035912,0.345267,0.237191,0.762809,0.12156,0.121414
9283,30,0.581422,0.026942,0.010003,0.035922,0.345711,0.23731,0.76269,0.113111,0.109257
9284,30,0.58093,0.026919,0.010501,0.035892,0.345759,0.237216,0.762784,0.11749,0.119296
9285,24,0.580968,0.026921,0.010001,0.035894,0.346217,0.237198,0.762802,0.116185,0.116142
9286,30,0.580975,0.02692,0.01,0.035894,0.346212,0.237266,0.762734,0.118996,0.116638
9287,24,0.580888,0.026926,0.010002,0.035901,0.346283,0.237287,0.762713,0.125099,0.124147
9288,30,0.581005,0.026918,0.009997,0.035891,0.346188,0.237344,0.762656,0.108515,0.10632
9289,30,0.580855,0.026912,0.010252,0.035882,0.3461,0.237331,0.762669,0.119487,0.119441
9290,30,0.58051,0.026915,0.01036,0.035886,0.34633,0.237387,0.762613,0.131922,0.130119
9291,30,0.580529,0.026924,0.010004,0.035899,0.346644,0.237466,0.762534,0.128054,0.125309
9292,24,0.580532,0.026924,0.01,0.035899,0.346645,0.237516,0.762484,0.123294,0.121633
9293,30,0.580532,0.026924,0.01,0.035899,0.346645,0.237605,0.762395,0.112885,0.110026
9294,24,0.580446,0.02693,0.010002,0.035906,0.346716,0.237626,0.762374,0.125099,0.124143
9295,30,0.580249,0.026921,0.009997,0.035894,0.346939,0.23776,0.76224,0.110869,0.106592
9296,30,0.580096,0.026918,0.009999,0.035891,0.347096,0.237697,0.762303,0.128499,0.129222
9297,24,0.580096,0.026918,0.01,0.035891,0.347096,0.237641,0.762359,0.121572,0.121988
9298,30,0.580225,0.026902,0.010109,0.03587,0.346893,0.237552,0.762448,0.105515,0.106134
9299,24,0.580289,0.026905,0.010001,0.035874,0.346931,0.237604,0.762396,0.123641,0.121968
9300,30,0.580389,0.026899,0.009998,0.035865,0.346849,0.237498,0.762502,0.103456,0.104904
9301,30,0.580414,0.026897,0.009999,0.035863,0.346827,0.237394,0.762606,0.106333,0.107287
9302,24,0.580327,0.026903,0.010002,0.03587,0.346898,0.237415,0.762585,0.125095,0.124143
9303,24,0.579794,0.026878,0.010911,0.035837,0.34658,0.237398,0.762602,0.129825,0.129793
9304,30,0.579903,0.026882,0.010545,0.035843,0.346827,0.237401,0.762599,0.122508,0.12206
9305,24,0.580219,0.026897,0.010005,0.035862,0.347016,0.237385,0.762615,0.129952,0.129888
9306,24,0.580222,0.026897,0.01,0.035863,0.347018,0.2375,0.7625,0.121572,0.117484
9307,24,0.580354,0.026875,0.009992,0.035833,0.346947,0.237385,0.762615,0.103621,0.105529
9308,24,0.580263,0.02688,0.010002,0.03584,0.347015,0.237406,0.762594,0.125095,0.124143
9309,24,0.580221,0.026883,0.010001,0.035844,0.347052,0.237544,0.762456,0.12335,0.118645
9310,30,0.579854,0.026847,0.010906,0.035797,0.346596,0.237437,0.762563,0.125212,0.127128
9311,30,0.580034,0.026837,0.010537,0.035783,0.346808,0.237262,0.762738,0.106694,0.110166
9312,24,0.580219,0.026846,0.010003,0.035795,0.347137,0.237212,0.762788,0.118084,0.118829
9313,24,0.580134,0.026852,0.010002,0.035802,0.34721,0.237233,0.762767,0.125107,0.124159
9314,30,0.580425,0.026833,0.009993,0.035778,0.346971,0.237022,0.762978,0.090938,0.094662
9315,30,0.580475,0.026817,0.009994,0.035756,0.346957,0.236898,0.763102,0.105603,0.10789
9316,24,0.580472,0.026817,0.01,0.035756,0.346955,0.236842,0.763158,0.121572,0.12198
9317,24,0.580473,0.026817,0.01,0.035756,0.346954,0.236944,0.763056,0.114957,0.111516
9318,24,0.580423,0.026815,0.010085,0.035753,0.346924,0.237055,0.762945,0.11325,0.109703
9319,30,0.580281,0.026807,0.009997,0.035743,0.347171,0.237007,0.762993,0.116957,0.117664
9320,24,0.580026,0.026796,0.009996,0.035728,0.347455,0.236922,0.763078,0.114522,0.116049
9321,24,0.580233,0.026782,0.009995,0.03571,0.34728,0.236849,0.763151,0.108429,0.109407
9322,24,0.58023,0.026782,0.01,0.035709,0.347278,0.236902,0.763098,0.123724,0.122031
9323,24,0.580104,0.026776,0.009998,0.035702,0.34742,0.236852,0.763148,0.118098,0.118822
9324,30,0.580103,0.026776,0.01,0.035702,0.34742,0.236924,0.763076,0.119531,0.117091
9325,30,0.580097,0.026777,0.01,0.035702,0.347424,0.236912,0.763088,0.116576,0.116167
9326,30,0.580057,0.026779,0.010001,0.035705,0.347457,0.23691,0.76309,0.138213,0.137884
9327,30,0.579735,0.026783,0.010261,0.035711,0.34751,0.236984,0.763016,0.144969,0.142757
9328,30,0.579765,0.026772,0.010405,0.035696,0.347363,0.236895,0.763105,0.125056,0.1263
9329,30,0.580054,0.026767,0.009998,0.035689,0.347491,0.236795,0.763205,0.122245,0.123854
9330,30,0.580136,0.026762,0.009998,0.035682,0.347422,0.236672,0.763328,0.113884,0.115118
9331,30,0.579987,0.026755,0.010252,0.035673,0.347333,0.236628,0.763372,0.119487,0.119804
9332,30,0.58024,0.026755,0.01,0.035673,0.347332,0.236674,0.763326,0.114148,0.112046
9333,24,0.580285,0.026738,0.009994,0.035651,0.347333,0.236531,0.763469,0.105482,0.108079
9334,24,0.580369,0.026732,0.009998,0.035643,0.347258,0.236597,0.763403,0.117217,0.114384
9335,30,0.580309,0.026736,0.010001,0.035648,0.347306,0.236876,0.763124,0.123436,0.115555
9336,30,0.580564,0.02672,0.009994,0.035626,0.347096,0.236717,0.763283,0.100607,0.103358
9337,30,0.58045,0.026715,0.009998,0.035621,0.347215,0.236726,0.763274,0.122352,0.121663
9338,24,0.58085,0.02669,0.00999,0.035587,0.346883,0.236523,0.763477,0.099937,0.10309
9339,24,0.580845,0.02669,0.01,0.035586,0.34688,0.236619,0.763381,0.115333,0.112146
9340,30,0.580673,0.026701,0.010004,0.035601,0.347022,0.236705,0.763295,0.128387,0.125894
9341,24,0.580932,0.026684,0.009994,0.035579,0.346811,0.236711,0.763289,0.097185,0.09556
9342,24,0.581136,0.026671,0.009995,0.035561,0.346637,0.23672,0.76328,0.098425,0.096807
9343,30,0.581108,0.02667,0.010043,0.03556,0.34662,0.236756,0.763244,0.126144,0.124931
9344,24,0.581047,0.026676,0.010002,0.035568,0.346706,0.236777,0.763223,0.133419,0.132469
9345,24,0.580962,0.026682,0.010002,0.035576,0.346778,0.236766,0.763234,0.125096,0.124326
9346,24,0.580912,0.02668,0.010087,0.035573,0.346748,0.236749,0.763251,0.121558,0.121509
9347,30,0.580963,0.026682,0.010001,0.035576,0.346779,0.236839,0.763161,0.112943,0.110076
9348,30,0.581034,0.026677,0.009998,0.03557,0.346721,0.236843,0.763157,0.122725,0.122263
9349,30,0.580882,0.026675,0.009999,0.035566,0.346878,0.236823,0.763177,0.118488,0.118568
9350,30,0.580872,0.026675,0.01,0.035567,0.346885,0.236902,0.763098,0.118563,0.115796
9351,30,0.580745,0.026662,0.009995,0.035549,0.347049,0.236994,0.763006,0.107425,0.104255
9352,30,0.580638,0.026656,0.009998,0.035542,0.347167,0.237033,0.762967,0.115896,0.114214
9353,30,0.580485,0.026654,0.009999,0.035538,0.347324,0.236982,0.763018,0.118486,0.118937
9354,24,0.580485,0.026653,0.01,0.035538,0.347324,0.236926,0.763074,0.121572,0.12198
9355,24,0.579951,0.026629,0.010909,0.035505,0.347005,0.236909,0.763091,0.129825,0.129792
9356,24,0.58048,0.026653,0.010009,0.035538,0.34732,0.236959,0.763041,0.123286,0.121632
9357,30,0.579945,0.026629,0.010923,0.035505,0.346999,0.236945,0.763055,0.126101,0.126065
9358,24,0.58032,0.026602,0.010957,0.035469,0.346652,0.236864,0.763136,0.099904,0.100238
9359,30,0.580304,0.026601,0.010984,0.035468,0.346643,0.23682,0.76318,0.119495,0.119813
9360,30,0.580908,0.026618,0.010122,0.035491,0.346862,0.236708,0.763292,0.10341,0.104342
9361,24,0.580726,0.02661,0.009997,0.035479,0.347188,0.23669,0.76331,0.116176,0.116129
9362,24,0.580638,0.026615,0.010002,0.035487,0.347258,0.236711,0.763289,0.133419,0.132474
9363,30,0.580472,0.026607,0.010285,0.035476,0.347159,0.236698,0.763302,0.126158,0.12611
9364,24,0.580268,0.026598,0.010415,0.035464,0.347255,0.236647,0.763353,0.126319,0.127076
9365,30,0.580488,0.026607,0.01005,0.035477,0.347378,0.236679,0.763321,0.12561,0.124474
9366,24,0.580304,0.026608,0.01,0.035478,0.347609,0.236665,0.763335,0.121547,0.121393
9367,30,0.580404,0.026573,0.010443,0.035431,0.347149,0.236372,0.763628,0.092042,0.097989
9368,24,0.580505,0.026578,0.01027,0.035437,0.34721,0.236468,0.763532,0.115333,0.112148
9369,24,0.580663,0.026585,0.010003,0.035447,0.347303,0.236518,0.763482,0.123294,0.121639
9370,30,0.580554,0.02658,0.009998,0.03544,0.347428,0.236445,0.763555,0.116444,0.117435
9371,24,0.580466,0.026585,0.010002,0.035447,0.347499,0.236466,0.763534,0.125111,0.124152
9372,30,0.580467,0.026585,0.01,0.035447,0.3475,0.236538,0.763462,0.119542,0.117106
9373,30,0.580779,0.026566,0.009993,0.035421,0.347242,0.236379,0.763621,0.102315,0.105278
9374,30,0.580734,0.026568,0.010001,0.035424,0.347273,0.236357,0.763643,0.121589,0.121359
9375,24,0.580482,0.026556,0.009996,0.035408,0.347557,0.236339,0.763661,0.116176,0.116111
9376,30,0.580355,0.026551,0.010214,0.035401,0.347481,0.236283,0.763717,0.129467,0.13005
9377,24,0.580479,0.026556,0.010002,0.035408,0.347555,0.236267,0.763733,0.121628,0.121561
9378,30,0.58044,0.026559,0.010001,0.035412,0.347589,0.236245,0.763755,0.121597,0.121364
9379,24,0.58044,0.026559,0.01,0.035412,0.347589,0.236297,0.763703,0.12367,0.121994
9380,24,0.58044,0.026559,0.01,0.035412,0.347589,0.236393,0.763607,0.115333,0.112148
9381,24,0.580227,0.026558,0.01,0.035411,0.347803,0.236379,0.763621,0.129852,0.129704
9382,30,0.580078,0.026552,0.010254,0.035402,0.347714,0.236481,0.763519,0.119487,0.116313
9383,24,0.580397,0.026548,0.009998,0.035397,0.34766,0.236371,0.763629,0.108989,0.110791
9384,24,0.58003,0.026531,0.010625,0.035374,0.34744,0.236315,0.763685,0.12153,0.121952
9385,24,0.580131,0.026535,0.010452,0.035381,0.347501,0.236367,0.763633,0.12364,0.12197
9386,24,0.580395,0.026547,0.010004,0.035396,0.347657,0.236417,0.763583,0.123295,0.121639
9387,24,0.580398,0.026547,0.01,0.035396,0.347658,0.236467,0.763533,0.123295,0.121639
9388,24,0.580399,0.026547,0.01,0.035396,0.347657,0.236517,0.763483,0.123282,0.121633
9389,24,0.580521,0.02654,0.009997,0.035386,0.347556,0.236416,0.763584,0.110329,0.111984
9390,24,0.580266,0.026528,0.009996,0.035371,0.34784,0.236331,0.763669,0.114513,0.116039
9391,24,0.580435,0.026517,0.009996,0.035356,0.347696,0.236221,0.763779,0.117308,0.119116
9392,24,0.580093,0.026511,0.009998,0.035348,0.348051,0.236173,0.763827,0.11798,0.118623
9393,24,0.580005,0.026516,0.010002,0.035355,0.348122,0.236194,0.763806,0.133415,0.132468
9394,30,0.580006,0.026516,0.01,0.035355,0.348123,0.236266,0.763734,0.119531,0.1171
9395,30,0.579819,0.026517,0.01,0.035356,0.348308,0.236517,0.763483,0.121135,0.11399
9396,24,0.57948,0.026511,0.009998,0.035348,0.348664,0.236469,0.763531,0.126288,0.126946
9397,30,0.579596,0.026494,0.010147,0.035325,0.348439,0.236352,0.763648,0.106584,0.108742
9398,30,0.5799,0.026482,0.010018,0.03531,0.348289,0.236407,0.763593,0.111645,0.109196
9399,24,0.579868,0.026486,0.010001,0.035314,0.348331,0.236727,0.763273,0.115042,0.106079
9400,30,0.580022,0.026476,0.009996,0.035301,0.348205,0.236602,0.763398,0.10229,0.103546
9401,24,0.58019,0.026465,0.009996,0.035287,0.348062,0.236653,0.763347,0.1007,0.097886
9402,30,0.579975,0.026466,0.01,0.035288,0.348269,0.236678,0.763322,0.121939,0.120866
9403,30,0.579936,0.026469,0.010001,0.035292,0.348303,0.236656,0.763344,0.121597,0.121367
9404,24,0.580071,0.026459,0.010012,0.035279,0.348178,0.236559,0.763441,0.116044,0.117276
9405,24,0.579992,0.026465,0.010002,0.035287,0.348254,0.23658,0.76342,0.125107,0.124158
9406,30,0.579457,0.026441,0.010916,0.035254,0.347933,0.236567,0.763433,0.126101,0.126064
9407,24,0.579407,0.026438,0.011001,0.035251,0.347903,0.236678,0.763322,0.113248,0.109706
9408,24,0.579861,0.026459,0.010008,0.035279,0.348394,0.236696,0.763304,0.120163,0.119286
9409,30,0.580078,0.026446,0.009995,0.035261,0.34822,0.236624,0.763376,0.112715,0.113784
9410,30,0.580109,0.026444,0.009999,0.035258,0.34819,0.236595,0.763405,0.1322,0.132171
9411,24,0.579982,0.026438,0.009998,0.035251,0.348332,0.236544,0.763456,0.118023,0.118768
9412,30,0.579454,0.026414,0.010899,0.035219,0.348015,0.236531,0.763469,0.126101,0.126064
9413,30,0.580239,0.026421,0.010003,0.035228,0.34811,0.236435,0.763565,0.093471,0.094021
9414,30,0.58009,0.026414,0.010257,0.035219,0.34802,0.236422,0.763578,0.119487,0.119437
9415,24,0.580152,0.026427,0.010005,0.035235,0.348181,0.236443,0.763557,0.125107,0.124148
9416,24,0.580243,0.026421,0.009998,0.035228,0.348109,0.236386,0.763614,0.117275,0.118172
9417,30,0.580102,0.026415,0.01024,0.035219,0.348024,0.236373,0.763627,0.119487,0.119437
9418,24,0.580218,0.02642,0.010042,0.035227,0.348094,0.236357,0.763643,0.121587,0.121528
9419,30,0.580249,0.026421,0.01,0.035227,0.348103,0.236425,0.763575,0.119007,0.116648
9420,30,0.58022,0.026419,0.010048,0.035226,0.348086,0.236461,0.763539,0.126144,0.124934
9421,30,0.580294,0.026414,0.010064,0.035218,0.348011,0.236337,0.763663,0.113769,0.115024
9422,24,0.580244,0.026421,0.010003,0.035228,0.348105,0.236358,0.763642,0.125095,0.124145
9423,24,0.580033,0.02642,0.01,0.035227,0.34832,0.236344,0.763656,0.129852,0.129704
9424,30,0.579905,0.026415,0.010218,0.035219,0.348243,0.236288,0.763712,0.129467,0.13005
9425,30,0.579877,0.026413,0.010266,0.035218,0.348226,0.236324,0.763676,0.126144,0.124934
9426,30,0.57993,0.02642,0.010108,0.035227,0.348315,0.236334,0.763666,0.121586,0.120983
9427,30,0.57997,0.026404,0.010317,0.035205,0.348103,0.236253,0.763747,0.107357,0.107897
9428,24,0.580156,0.026412,0.010003,0.035216,0.348213,0.236303,0.763697,0.123295,0.121639
9429,30,0.580152,0.026413,0.01,0.035217,0.348218,0.23628,0.76372,0.133202,0.133066
9430,30,0.580518,0.026386,0.010046,0.035182,0.347868,0.236045,0.763955,0.091242,0.095374
9431,30,0.580545,0.026387,0.01,0.035183,0.347884,0.236118,0.763882,0.119588,0.117149
9432,24,0.580545,0.026387,0.01,0.035183,0.347884,0.23617,0.76383,0.123683,0.122008
9433,24,0.580459,0.026393,0.010002,0.03519,0.347956,0.236191,0.763809,0.133419,0.132468
9434,24,0.580668,0.02638,0.009995,0.035173,0.347784,0.236033,0.763967,0.106698,0.109018
9435,24,0.58054,0.026374,0.009998,0.035165,0.347924,0.236108,0.763892,0.111407,0.108546
9436,24,0.580325,0.026373,0.01,0.035165,0.348137,0.23607,0.76393,0.121532,0.121329
9437,24,0.580461,0.026364,0.010011,0.035152,0.348012,0.236325,0.763675,0.107732,0.100219
9438,24,0.580638,0.026354,0.009996,0.035138,0.347874,0.236216,0.763784,0.109015,0.110807
9439,30,0.580906,0.026336,0.009994,0.035115,0.347649,0.236057,0.763943,0.100076,0.102792
9440,24,0.58065,0.026325,0.009996,0.0351,0.34793,0.236039,0.763961,0.116167,0.116124
9441,24,0.580434,0.026324,0.01,0.035099,0.348143,0.236025,0.763975,0.129856,0.129713
9442,24,0.580143,0.02632,0.010132,0.035094,0.34831,0.236011,0.763989,0.129798,0.129668
9443,30,0.580687,0.026295,0.00999,0.03506,0.347969,0.235746,0.764254,0.088064,0.093129
9444,30,0.580577,0.026289,0.009998,0.035052,0.348084,0.235785,0.764215,0.115892,0.11422
9445,30,0.580317,0.026277,0.0101,0.035036,0.348269,0.235666,0.764334,0.110846,0.112811
9446,24,0.580453,0.026268,0.010111,0.035024,0.348145,0.235569,0.764431,0.11604,0.11726
9447,30,0.580577,0.026251,0.010246,0.035002,0.347925,0.235501,0.764499,0.113211,0.114202
9448,30,0.580536,0.026249,0.010316,0.034999,0.3479,0.235573,0.764427,0.119476,0.117062
9449,30,0.580719,0.026258,0.010003,0.03501,0.34801,0.235529,0.764471,0.119545,0.119843
9450,30,0.580815,0.02624,0.009993,0.034986,0.347965,0.235383,0.764617,0.103567,0.106367
9451,30,0.580794,0.026239,0.010029,0.034985,0.347953,0.235419,0.764581,0.126144,0.124939
9452,30,0.580647,0.026229,0.009996,0.034972,0.348157,0.235321,0.764679,0.106904,0.108431
9453,24,0.580901,0.026212,0.009994,0.03495,0.347943,0.235312,0.764688,0.099231,0.097966
9454,30,0.5807,0.026203,0.009997,0.034938,0.348162,0.235266,0.764734,0.120859,0.120897
9455,24,0.580868,0.026193,0.009996,0.034924,0.34802,0.235157,0.764843,0.108973,0.110757
9456,30,0.580746,0.026188,0.009998,0.034917,0.34815,0.235207,0.764793,0.115469,0.113389
9457,30,0.58064,0.026183,0.009998,0.03491,0.348269,0.235246,0.764754,0.115878,0.11421
9458,30,0.58074,0.026164,0.009993,0.034886,0.348217,0.235145,0.764855,0.10959,0.111327
9459,24,0.580994,0.026148,0.009994,0.034864,0.348,0.235066,0.764934,0.107223,0.1083
9460,24,0.581247,0.026132,0.009994,0.034842,0.347785,0.234905,0.765095,0.10544,0.107745
9461,30,0.581046,0.026123,0.009997,0.03483,0.348004,0.234775,0.765225,0.120884,0.123091
9462,30,0.581074,0.026121,0.009999,0.034828,0.347978,0.234752,0.765248,0.118148,0.118303
9463,30,0.581267,0.026109,0.009995,0.034812,0.347818,0.234818,0.765182,0.11266,0.109962
9464,30,0.581264,0.026109,0.01,0.034812,0.347816,0.234763,0.765237,0.129525,0.130093
9465,30,0.581224,0.026111,0.010001,0.034815,0.347849,0.234731,0.765269,0.131614,0.131641
9466,24,0.581395,0.026101,0.009996,0.034801,0.347708,0.234622,0.765378,0.1173,0.119094
9467,30,0.581387,0.026101,0.01,0.034801,0.347711,0.234611,0.765389,0.123218,0.122805
9468,30,0.581524,0.026092,0.009997,0.03479,0.347597,0.234476,0.765524,0.112745,0.114281
9469,30,0.581522,0.026092,0.01,0.03479,0.347596,0.234513,0.765487,0.126202,0.124983
9470,24,0.581395,0.026086,0.009998,0.034782,0.347738,0.234532,0.765468,0.120177,0.119288
9471,24,0.581495,0.02608,0.009998,0.034773,0.347654,0.234812,0.765188,0.109509,0.101415
9472,30,0.5815,0.02608,0.01,0.034773,0.347648,0.234881,0.765119,0.118994,0.116658
9473,24,0.581373,0.026074,0.009998,0.034765,0.34779,0.234831,0.765169,0.118065,0.118794
9474,30,0.581423,0.02603,0.010643,0.034706,0.347198,0.234531,0.765469,0.100088,0.105908
9475,24,0.581549,0.026044,0.010284,0.034726,0.347397,0.234521,0.765479,0.125082,0.124312
9476,30,0.581013,0.02602,0.011197,0.034694,0.347076,0.234508,0.765492,0.126101,0.126061
9477,24,0.581417,0.026038,0.010292,0.034718,0.347535,0.234524,0.765476,0.119735,0.118886
9478,30,0.580881,0.026014,0.011205,0.034686,0.347214,0.234576,0.765424,0.126101,0.124127
9479,24,0.580387,0.025992,0.011827,0.034656,0.347137,0.234525,0.765475,0.126297,0.127036
9480,30,0.580491,0.025979,0.01194,0.034638,0.346953,0.234459,0.765541,0.113629,0.114595
9481,30,0.580096,0.025961,0.012612,0.034614,0.346717,0.234403,0.765597,0.129412,0.129995
9482,30,0.579605,0.025939,0.013106,0.034585,0.346764,0.23431,0.76569,0.117481,0.119254
9483,30,0.579737,0.025945,0.012691,0.034593,0.347034,0.234226,0.765774,0.126437,0.127668
9484,30,0.580252,0.025956,0.012007,0.034607,0.347178,0.234266,0.765734,0.115123,0.113347
9485,24,0.580588,0.025975,0.011363,0.034634,0.34744,0.234416,0.765584,0.123386,0.118884
9486,24,0.580855,0.025987,0.010907,0.034649,0.347601,0.234513,0.765487,0.115361,0.112185
9487,24,0.581256,0.026005,0.010007,0.034673,0.348059,0.234531,0.765469,0.120135,0.119256
9488,24,0.58143,0.025995,0.009996,0.034659,0.34792,0.234422,0.765578,0.117331,0.119107
9489,30,0.581497,0.02598,0.010161,0.03464,0.347722,0.234311,0.765689,0.107565,0.109595
9490,30,0.581503,0.02598,0.010152,0.03464,0.347725,0.234256,0.765744,0.129478,0.130049
9491,24,0.581778,0.025972,0.009997,0.03463,0.347622,0.234468,0.765532,0.107689,0.101204
9492,30,0.581757,0.025974,0.01,0.034631,0.347638,0.2347,0.7653,0.113946,0.107357
9493,24,0.581707,0.025971,0.010086,0.034628,0.347608,0.234812,0.765188,0.11325,0.109731
9494,24,0.581802,0.025971,0.01,0.034628,0.3476,0.234924,0.765076,0.119084,0.115412
9495,30,0.581886,0.025954,0.009993,0.034605,0.347562,0.234828,0.765172,0.10923,0.110759
9496,24,0.581755,0.025948,0.009998,0.034597,0.347703,0.234778,0.765222,0.118023,0.118761
9497,30,0.581384,0.02595,0.010001,0.034599,0.348066,0.234898,0.765102,0.11309,0.109273
9498,24,0.581384,0.02595,0.01,0.034599,0.348067,0.234951,0.765049,0.123695,0.122021
9499,24,0.581555,0.025939,0.009996,0.034585,0.347925,0.234842,0.765158,0.117328,0.119107
9500,24,0.581466,0.025944,0.010002,0.034592,0.347995,0.234863,0.765137,0.125111,0.124166
9501,24,0.581342,0.025939,0.009998,0.034585,0.348137,0.234939,0.765061,0.111394,0.108542
9502,30,0.580982,0.025905,0.010547,0.03454,0.348026,0.234752,0.765248,0.116576,0.120279
9503,24,0.581173,0.025913,0.010003,0.034551,0.348359,0.234771,0.765229,0.120163,0.119291
9504,30,0.581173,0.025903,0.009996,0.034537,0.348391,0.234626,0.765374,0.117134,0.119486
9505,24,0.581171,0.025903,0.01,0.034537,0.34839,0.234738,0.765262,0.113263,0.109741
9506,30,0.581141,0.025901,0.010051,0.034535,0.348372,0.234823,0.765177,0.119477,0.116354
9507,30,0.580979,0.025894,0.009997,0.034525,0.348606,0.234817,0.765183,0.110341,0.10965
9508,24,0.580851,0.025888,0.009998,0.034517,0.348746,0.234833,0.765167,0.119731,0.118885
9509,30,0.58081,0.02589,0.010001,0.03452,0.348779,0.234812,0.765188,0.121587,0.121358
9510,30,0.580947,0.025882,0.009997,0.034509,0.348665,0.234775,0.765225,0.102749,0.102033
9511,30,0.581099,0.025872,0.009996,0.034496,0.348536,0.234656,0.765344,0.102344,0.104103
9512,24,0.581141,0.025856,0.009994,0.034474,0.348535,0.234512,0.765488,0.113736,0.11632
9513,30,0.581106,0.025837,0.009993,0.034449,0.348616,0.23437,0.76563,0.105629,0.108318
9514,24,0.581102,0.025836,0.01,0.034449,0.348613,0.234473,0.765527,0.114957,0.111541
9515,30,0.581062,0.025839,0.010001,0.034452,0.348646,0.234471,0.765529,0.138216,0.137889
9516,30,0.580682,0.02581,0.010841,0.034413,0.348253,0.234383,0.765617,0.124996,0.126232
9517,30,0.580154,0.025786,0.011741,0.034382,0.347937,0.23437,0.76563,0.126091,0.126059
9518,30,0.580305,0.025792,0.011154,0.03439,0.348359,0.234322,0.765678,0.116956,0.117649
9519,24,0.580422,0.025797,0.010956,0.034397,0.348428,0.234306,0.765694,0.129893,0.129842
9520,30,0.580977,0.025822,0.01001,0.03443,0.348762,0.234379,0.765621,0.119607,0.117181
9521,24,0.580983,0.025822,0.01,0.03443,0.348765,0.234363,0.765637,0.121587,0.121525
9522,24,0.581127,0.025813,0.009997,0.034418,0.348645,0.234425,0.765575,0.109436,0.106833
9523,24,0.580999,0.025808,0.009998,0.03441,0.348785,0.234375,0.765625,0.118093,0.118805
9524,30,0.580846,0.025805,0.009999,0.034407,0.348943,0.234324,0.765676,0.118481,0.118927
9525,30,0.580846,0.025805,0.01,0.034407,0.348942,0.234269,0.765731,0.129525,0.130088
9526,24,0.580846,0.025805,0.01,0.034407,0.348942,0.234253,0.765747,0.129924,0.12987
9527,24,0.581246,0.025781,0.00999,0.034374,0.348609,0.234203,0.765797,0.093673,0.093238
9528,24,0.581411,0.02577,0.009996,0.03436,0.348464,0.234094,0.765906,0.108994,0.110771
9529,24,0.58112,0.025766,0.010128,0.034355,0.348631,0.23408,0.76592,0.129802,0.129664
9530,24,0.581326,0.025748,0.009993,0.034331,0.348603,0.233966,0.766034,0.103621,0.105501
9531,24,0.581579,0.025732,0.009994,0.034309,0.348386,0.233886,0.766114,0.107138,0.108225
9532,30,0.581351,0.025719,0.010433,0.034291,0.348206,0.233862,0.766138,0.124715,0.124891
9533,24,0.581774,0.025719,0.01,0.034292,0.348215,0.233753,0.766247,0.109013,0.11078
9534,24,0.581774,0.025719,0.01,0.034292,0.348215,0.233806,0.766194,0.123683,0.122021
9535,24,0.582005,0.025705,0.009994,0.034273,0.348022,0.23383,0.76617,0.105499,0.103802
9536,24,0.581916,0.02571,0.010002,0.03428,0.348092,0.233851,0.766149,0.133412,0.13247
9537,24,0.581831,0.025715,0.010002,0.034287,0.348164,0.233872,0.766128,0.133424,0.132476
9538,30,0.581625,0.025718,0.010001,0.03429,0.348367,0.233952,0.766048,0.128817,0.126171
9539,30,0.581779,0.025708,0.009996,0.034277,0.348239,0.233817,0.766183,0.108686,0.11095
9540,24,0.58192,0.025699,0.009997,0.034266,0.348119,0.233873,0.766127,0.109808,0.107457
9541,30,0.581764,0.025692,0.010262,0.034256,0.348025,0.233829,0.766171,0.119466,0.119776
9542,30,0.582031,0.025692,0.01,0.034256,0.348021,0.233869,0.766131,0.115111,0.113346
9543,30,0.581882,0.025685,0.010254,0.034247,0.347932,0.233856,0.766144,0.119487,0.119434
9544,30,0.582456,0.025666,0.009992,0.034221,0.347665,0.233602,0.766398,0.089419,0.094215
9545,30,0.5823,0.025663,0.009999,0.034217,0.347821,0.23354,0.76646,0.128496,0.1292
9546,24,0.582506,0.02565,0.009995,0.0342,0.347648,0.233536,0.766464,0.100458,0.099197
9547,30,0.582305,0.025641,0.009997,0.034189,0.347868,0.233492,0.766508,0.117519,0.118135
9548,30,0.582739,0.025615,0.00999,0.034153,0.347504,0.233285,0.766715,0.089128,0.092586
9549,30,0.582727,0.025615,0.01,0.034153,0.347505,0.233275,0.766725,0.116578,0.11616
9550,30,0.582687,0.025617,0.010001,0.034156,0.347538,0.233254,0.766746,0.1216,0.121362
9551,24,0.582817,0.025596,0.009992,0.034128,0.347467,0.233141,0.766859,0.103635,0.105489
9552,24,0.582813,0.025596,0.01,0.034128,0.347464,0.233194,0.766806,0.12374,0.122063
9553,24,0.582727,0.025601,0.010002,0.034135,0.347536,0.233215,0.766785,0.133424,0.132479
9554,30,0.582708,0.025602,0.01,0.034136,0.347553,0.233448,0.766552,0.113946,0.107391
9555,24,0.582622,0.025607,0.010002,0.034143,0.347625,0.233469,0.766531,0.133424,0.132489
9556,30,0.582698,0.025603,0.009998,0.034137,0.347563,0.233404,0.766596,0.12718,0.127851
9557,24,0.582698,0.025603,0.01,0.034137,0.347562,0.233455,0.766545,0.123282,0.121648
9558,30,0.582682,0.025602,0.010028,0.034136,0.347552,0.233412,0.766588,0.119498,0.119803
9559,24,0.582673,0.025584,0.010327,0.034112,0.347304,0.233303,0.766697,0.117233,0.119018
9560,24,0.582509,0.025586,0.010462,0.034114,0.347329,0.233324,0.766676,0.13337,0.132439
9561,24,0.583035,0.025582,0.009998,0.034109,0.347276,0.233244,0.766756,0.107118,0.108211
9562,30,0.582994,0.025558,0.01041,0.034078,0.34696,0.233176,0.766824,0.11316,0.114143
9563,24,0.583402,0.025559,0.01,0.034078,0.346961,0.233068,0.766932,0.109046,0.110793
9564,24,0.583189,0.025558,0.01,0.034078,0.347175,0.233055,0.766945,0.129868,0.129706
9565,24,0.582892,0.02555,0.009997,0.034066,0.347496,0.233066,0.766934,0.124561,0.123378
9566,30,0.583055,0.025539,0.009996,0.034053,0.347357,0.232956,0.767044,0.107607,0.109618
9567,30,0.583147,0.025534,0.009998,0.034045,0.347277,0.233156,0.766844,0.109511,0.103614
9568,24,0.583019,0.025528,0.009998,0.034037,0.347418,0.233175,0.766825,0.120181,0.11929
9569,24,0.582677,0.025522,0.009998,0.034029,0.347774,0.233128,0.766872,0.117988,0.118616
9570,24,0.582677,0.025522,0.01,0.034029,0.347772,0.233179,0.766821,0.123294,0.121654
9571,30,0.582469,0.025524,0.010001,0.034032,0.347974,0.23331,0.76669,0.122175,0.118366
9572,30,0.582148,0.025528,0.010261,0.034037,0.348027,0.233385,0.766615,0.144991,0.142805
9573,24,0.582097,0.025526,0.010346,0.034034,0.347997,0.233369,0.766631,0.129866,0.12982
9574,30,0.582465,0.025524,0.009999,0.034032,0.347979,0.23326,0.76674,0.107684,0.109677
9575,24,0.582465,0.025524,0.01,0.034032,0.347978,0.233364,0.766636,0.114971,0.111562
9576,24,0.582379,0.025529,0.010002,0.034039,0.34805,0.233385,0.766615,0.125115,0.124163
9577,24,0.582295,0.025535,0.010002,0.034046,0.348122,0.233406,0.766594,0.125103,0.124156
9578,30,0.582346,0.025516,0.010257,0.034021,0.347861,0.233289,0.766711,0.113223,0.115347
9579,30,0.582547,0.025519,0.010001,0.034025,0.347907,0.233193,0.766807,0.105729,0.107069
9580,30,0.582101,0.025504,0.010502,0.034005,0.347889,0.233173,0.766827,0.125098,0.125187
9581,30,0.582393,0.025516,0.010005,0.034022,0.348064,0.233247,0.766753,0.119605,0.117172
9582,24,0.58231,0.025522,0.010002,0.034029,0.348137,0.233238,0.766762,0.1251,0.124319
9583,30,0.582318,0.025521,0.01,0.034029,0.348132,0.233271,0.766729,0.125609,0.124482
9584,24,0.582319,0.025521,0.01,0.034029,0.348131,0.233322,0.766678,0.123282,0.121648
9585,30,0.582112,0.025527,0.010109,0.034037,0.348214,0.233535,0.766465,0.134512,0.128685
9586,24,0.582176,0.02553,0.010001,0.03404,0.348252,0.233519,0.766481,0.129907,0.129856
9587,24,0.582006,0.025527,0.009999,0.034036,0.348431,0.233574,0.766426,0.128114,0.125808
9588,30,0.58212,0.02552,0.009997,0.034027,0.348335,0.233498,0.766502,0.115125,0.116066
9589,30,0.581971,0.025514,0.010251,0.034018,0.348245,0.23373,0.76627,0.119487,0.112919
9590,24,0.582325,0.025508,0.009998,0.03401,0.34816,0.233726,0.766274,0.100484,0.099213
9591,24,0.58258,0.025492,0.009994,0.033989,0.347945,0.233575,0.766425,0.112896,0.115621
9592,24,0.582577,0.025492,0.01,0.033989,0.347943,0.23356,0.76644,0.12164,0.121572
9593,24,0.582577,0.025492,0.01,0.033989,0.347943,0.233613,0.766387,0.123724,0.12206
9594,24,0.582701,0.025479,0.010072,0.033972,0.347775,0.233498,0.766502,0.108909,0.110031
9595,24,0.582537,0.025481,0.010206,0.033975,0.3478,0.233519,0.766481,0.13337,0.132444
9596,30,0.582623,0.025463,0.010063,0.033951,0.347899,0.23331,0.76669,0.11454,0.118753
9597,24,0.582449,0.025451,0.009995,0.033935,0.348169,0.23335,0.76665,0.114421,0.112544
9598,30,0.581912,0.025428,0.010909,0.033904,0.347848,0.233337,0.766663,0.126101,0.126062
9599,24,0.582277,0.025444,0.010289,0.033925,0.348065,0.233441,0.766559,0.114957,0.111552
9600,24,0.582233,0.025451,0.010003,0.033934,0.34838,0.233428,0.766572,0.121552,0.121399
9601,24,0.582191,0.025453,0.010001,0.033938,0.348416,0.233749,0.766251,0.115046,0.106175
9602,30,0.582072,0.025449,0.009998,0.033932,0.348549,0.233799,0.766201,0.11547,0.113396
9603,30,0.581872,0.02544,0.009997,0.033921,0.34877,0.233695,0.766305,0.127483,0.129515
9604,30,0.581922,0.025437,0.009999,0.033916,0.348726,0.233579,0.766421,0.115641,0.116849
9605,30,0.581703,0.025424,0.010421,0.033899,0.348551,0.233555,0.766445,0.124711,0.124889
9606,24,0.581949,0.025435,0.010004,0.033914,0.348698,0.233539,0.766461,0.129949,0.129889
9607,24,0.581865,0.025441,0.010002,0.033921,0.348772,0.23356,0.76644,0.125115,0.124168
9608,30,0.581695,0.025451,0.010004,0.033935,0.348915,0.233647,0.766353,0.128417,0.125943
9609,30,0.581545,0.025444,0.010258,0.033926,0.348826,0.233604,0.766396,0.119487,0.119791
9610,30,0.581439,0.025446,0.010001,0.033928,0.349187,0.233738,0.766262,0.121437,0.117173
9611,30,0.581519,0.025441,0.009998,0.033921,0.34912,0.233612,0.766388,0.115209,0.116713
9612,24,0.581469,0.025439,0.010083,0.033919,0.34909,0.233596,0.766404,0.121558,0.121503
9613,30,0.581624,0.025425,0.010147,0.0339,0.348903,0.233529,0.766471,0.11226,0.113124
9614,30,0.581677,0.02541,0.009994,0.03388,0.349038,0.233354,0.766646,0.106657,0.11006
9615,30,0.58172,0.025383,0.01039,0.033844,0.348663,0.233168,0.766832,0.105309,0.108955
9616,30,0.582216,0.025377,0.009997,0.033835,0.348574,0.233009,0.766991,0.099976,0.102661
9617,24,0.582385,0.025366,0.009996,0.033822,0.348432,0.232901,0.767099,0.109054,0.110801
9618,30,0.582535,0.025357,0.009996,0.033809,0.348303,0.232778,0.767222,0.10232,0.103533
9619,30,0.582539,0.025336,0.009992,0.033781,0.348353,0.232582,0.767418,0.097967,0.101875
9620,30,0.582336,0.025327,0.009997,0.033769,0.348572,0.232538,0.767462,0.117513,0.11812
9621,24,0.582208,0.025321,0.009998,0.033762,0.348712,0.232555,0.767445,0.119731,0.118879
9622,30,0.582095,0.025316,0.009998,0.033755,0.348835,0.232629,0.767371,0.116437,0.113961
9623,24,0.582045,0.025314,0.010083,0.033752,0.348805,0.232574,0.767426,0.121558,0.121946
9624,30,0.5821,0.025316,0.010001,0.033754,0.348829,0.232643,0.767357,0.118996,0.116663
9625,30,0.581929,0.025326,0.010004,0.033768,0.348972,0.232718,0.767282,0.145047,0.142847
9626,24,0.581718,0.025326,0.01,0.033768,0.349188,0.232705,0.767295,0.121535,0.121377
9627,30,0.581718,0.025326,0.01,0.033768,0.349188,0.232796,0.767204,0.112874,0.110063
9628,30,0.58152,0.025317,0.009997,0.033756,0.349409,0.232903,0.767097,0.117506,0.113965
9629,30,0.581518,0.025317,0.01,0.033756,0.349408,0.232976,0.767024,0.119542,0.117133
9630,24,0.581305,0.025317,0.01,0.033756,0.349622,0.232963,0.767037,0.129851,0.129702
9631,30,0.581156,0.02531,0.010254,0.033747,0.349532,0.232951,0.767049,0.119487,0.119435
9632,30,0.581209,0.025317,0.010097,0.033756,0.349621,0.23293,0.76707,0.121589,0.121357
9633,30,0.581265,0.025319,0.010001,0.033759,0.349655,0.233021,0.766979,0.112885,0.11007
9634,30,0.581451,0.025308,0.009996,0.033744,0.349501,0.233083,0.766917,0.114343,0.111784
9635,30,0.581409,0.02531,0.010001,0.033747,0.349533,0.233093,0.766907,0.121589,0.120992
9636,30,0.581409,0.025311,0.01,0.033747,0.349533,0.233167,0.766833,0.119599,0.117172
9637,30,0.581416,0.02529,0.009992,0.033719,0.349583,0.233019,0.766981,0.104604,0.107382
9638,24,0.581285,0.025284,0.009998,0.033712,0.349722,0.232969,0.767031,0.118044,0.118764
9639,30,0.581425,0.025275,0.009997,0.0337,0.349603,0.233097,0.766903,0.113538,0.109312
9640,30,0.581219,0.025267,0.009997,0.033689,0.349828,0.233006,0.766994,0.107893,0.109293
9641,24,0.581179,0.025256,0.009996,0.033675,0.349895,0.232915,0.767085,0.113693,0.115358
9642,24,0.581049,0.02525,0.009998,0.033667,0.350036,0.232934,0.767066,0.120156,0.119281
9643,24,0.581048,0.02525,0.01,0.033667,0.350035,0.233031,0.766969,0.115333,0.112185
9644,30,0.581318,0.025234,0.009994,0.033645,0.349809,0.232935,0.767065,0.093444,0.094034
9645,24,0.581228,0.025239,0.010002,0.033652,0.349879,0.232956,0.767044,0.125111,0.124167
9646,30,0.580862,0.025206,0.010903,0.033608,0.349421,0.23285,0.76715,0.125206,0.127071
9647,30,0.580913,0.025226,0.010527,0.033635,0.349699,0.232937,0.767063,0.128387,0.125928
9648,30,0.580853,0.025225,0.010404,0.033634,0.349883,0.232997,0.767003,0.117447,0.115006
9649,24,0.581132,0.025233,0.010003,0.033644,0.349988,0.233114,0.766886,0.121551,0.117853
9650,24,0.581048,0.025238,0.010002,0.033651,0.350061,0.233105,0.766895,0.125082,0.124309
9651,30,0.581206,0.025229,0.009996,0.033638,0.34993,0.233045,0.766955,0.113334,0.11408
9652,24,0.581118,0.025234,0.010002,0.033645,0.350001,0.233066,0.766934,0.125099,0.124156
9653,30,0.580921,0.025225,0.009997,0.033634,0.350223,0.233022,0.766978,0.117499,0.118117
9654,24,0.580793,0.02522,0.009998,0.033626,0.350363,0.232972,0.767028,0.118068,0.118789
9655,24,0.580705,0.025225,0.010002,0.033633,0.350434,0.232993,0.767007,0.125099,0.124156
9656,24,0.580655,0.025223,0.010087,0.03363,0.350404,0.232977,0.767023,0.129866,0.129819
9657,30,0.580506,0.025216,0.010341,0.033622,0.350314,0.232965,0.767035,0.119487,0.119435
9658,24,0.580579,0.025219,0.010001,0.033626,0.350575,0.232981,0.767019,0.119722,0.118885
9659,24,0.580836,0.025204,0.009994,0.033605,0.350361,0.232973,0.767027,0.099239,0.097967
9660,30,0.5803,0.025181,0.010907,0.033574,0.350037,0.23296,0.76704,0.126101,0.126061
9661,30,0.580317,0.025181,0.010539,0.033575,0.350388,0.232916,0.767084,0.117498,0.118118
9662,30,0.58037,0.025188,0.010381,0.033584,0.350477,0.232926,0.767074,0.121585,0.121
9663,24,0.580592,0.025197,0.010004,0.033597,0.35061,0.23303,0.76697,0.114971,0.111578
9664,24,0.580508,0.025203,0.010002,0.033604,0.350684,0.233051,0.766949,0.133419,0.132484
9665,30,0.580499,0.025202,0.010017,0.033603,0.350678,0.233008,0.766992,0.119498,0.119803
9666,24,0.580766,0.025187,0.009994,0.033583,0.350469,0.233,0.767,0.099209,0.097944
9667,24,0.580764,0.025187,0.01,0.033583,0.350466,0.233051,0.766949,0.123282,0.121656
9668,30,0.580724,0.025189,0.010001,0.033586,0.3505,0.233164,0.766836,0.114974,0.111622
9669,24,0.580599,0.025184,0.009998,0.033579,0.350641,0.23318,0.76682,0.119722,0.118872
9670,24,0.580856,0.025168,0.009994,0.033558,0.350424,0.2331,0.7669,0.107124,0.10821
9671,30,0.58032,0.025145,0.010907,0.033527,0.350101,0.233087,0.766913,0.126101,0.126062
9672,30,0.580946,0.025162,0.010007,0.033549,0.350336,0.233112,0.766888,0.096861,0.094613
9673,24,0.580823,0.025157,0.009998,0.033542,0.35048,0.233062,0.766938,0.118014,0.11874
9674,24,0.580695,0.025151,0.009998,0.033535,0.350621,0.233012,0.766988,0.126323,0.127061
9675,24,0.580481,0.025151,0.01,0.033534,0.350834,0.232999,0.767001,0.121539,0.121385
9676,24,0.580481,0.025151,0.01,0.033534,0.350834,0.233052,0.766948,0.123712,0.122052
9677,24,0.580268,0.02515,0.01,0.033534,0.351048,0.233039,0.766961,0.129831,0.12969
9678,30,0.580157,0.025146,0.009998,0.033528,0.351172,0.233101,0.766899,0.10983,0.107676
9679,30,0.580141,0.025145,0.010026,0.033527,0.351162,0.233058,0.766942,0.119498,0.1198
9680,30,0.580146,0.025145,0.010017,0.033527,0.351165,0.233003,0.766997,0.129478,0.13005
9681,24,0.580156,0.025146,0.01,0.033528,0.351171,0.232987,0.767013,0.12992,0.129863
9682,30,0.580011,0.025154,0.010003,0.033539,0.351292,0.233309,0.766691,0.121231,0.112436
9683,30,0.580178,0.025144,0.009996,0.033526,0.351155,0.233204,0.766796,0.125338,0.127173
9684,30,0.580251,0.02514,0.009998,0.03352,0.351091,0.233151,0.766849,0.117192,0.117595
9685,30,0.58058,0.02512,0.009992,0.033493,0.350814,0.233024,0.766976,0.096147,0.097617
9686,30,0.580396,0.02511,0.009996,0.03348,0.351017,0.233109,0.766891,0.10936,0.106155
9687,30,0.580001,0.025093,0.01067,0.033458,0.350778,0.233155,0.766845,0.129423,0.127233
9688,24,0.580264,0.025104,0.010004,0.033473,0.351154,0.233171,0.766829,0.119713,0.118875
9689,30,0.580274,0.025104,0.01,0.033472,0.35115,0.233204,0.766796,0.12561,0.124483
9690,30,0.580018,0.025093,0.010244,0.033457,0.351187,0.233151,0.766849,0.133026,0.133915
9691,30,0.58016,0.025099,0.010002,0.033466,0.351273,0.233242,0.766758,0.112885,0.110066
9692,24,0.580118,0.025102,0.010001,0.033469,0.35131,0.233563,0.766437,0.115042,0.106174
9693,24,0.580033,0.025107,0.010002,0.033476,0.351382,0.233584,0.766416,0.133415,0.132481
9694,30,0.580109,0.025103,0.009998,0.03347,0.35132,0.233519,0.766481,0.127175,0.127852
9695,24,0.579895,0.025102,0.01,0.03347,0.351533,0.233506,0.766494,0.129843,0.129699
9696,24,0.579808,0.025107,0.010002,0.033477,0.351605,0.233497,0.766503,0.125092,0.124327
9697,24,0.57981,0.025107,0.01,0.033477,0.351606,0.233481,0.766519,0.121612,0.121548
9698,24,0.57981,0.025107,0.01,0.033477,0.351606,0.233466,0.766534,0.121628,0.121561
9699,30,0.57981,0.025107,0.01,0.033477,0.351606,0.233538,0.766462,0.119487,0.117089
9700,24,0.579811,0.025107,0.01,0.033477,0.351605,0.233589,0.766411,0.123295,0.121664
9701,24,0.579598,0.025107,0.01,0.033476,0.351819,0.233576,0.766424,0.129839,0.129699
9702,30,0.579494,0.025102,0.009998,0.033469,0.351937,0.233615,0.766385,0.115867,0.11421
9703,24,0.579444,0.0251,0.010083,0.033466,0.351907,0.233727,0.766273,0.11325,0.109742
9704,30,0.579214,0.025096,0.010377,0.033461,0.351853,0.233957,0.766043,0.130045,0.123425
9705,24,0.579577,0.025097,0.01,0.033462,0.351863,0.23402,0.76598,0.109443,0.106845
9706,24,0.579451,0.025091,0.009998,0.033455,0.352005,0.233969,0.766031,0.126318,0.127058
9707,30,0.57941,0.025093,0.010001,0.033458,0.352038,0.233979,0.766021,0.121586,0.120986
9708,30,0.579417,0.025093,0.01,0.033457,0.352033,0.234012,0.765988,0.12561,0.124479
9709,30,0.579383,0.025092,0.010049,0.033456,0.352019,0.234,0.766,0.123141,0.122754
9710,24,0.579669,0.025078,0.009994,0.033437,0.351821,0.23384,0.76616,0.10545,0.107741
9711,30,0.579666,0.025078,0.01,0.033437,0.351819,0.233877,0.766123,0.126202,0.124986
9712,24,0.57971,0.025075,0.009999,0.033434,0.351782,0.23413,0.76587,0.113216,0.10592
9713,24,0.57971,0.025075,0.01,0.033434,0.351781,0.234114,0.765886,0.121587,0.121529
9714,30,0.57971,0.025075,0.01,0.033434,0.351781,0.234187,0.765813,0.119599,0.117175
9715,30,0.579916,0.025063,0.009995,0.033417,0.351609,0.234156,0.765844,0.106636,0.106645
9716,30,0.579913,0.025063,0.01,0.033417,0.351607,0.234229,0.765771,0.119599,0.117175
9717,24,0.579913,0.025063,0.01,0.033417,0.351607,0.234326,0.765674,0.115347,0.112185
9718,24,0.580172,0.025047,0.009994,0.033396,0.351391,0.234247,0.765753,0.107203,0.10828
9719,24,0.580168,0.025047,0.01,0.033396,0.351389,0.234231,0.765769,0.129895,0.129845
9720,24,0.580168,0.025047,0.01,0.033396,0.351388,0.234328,0.765672,0.115347,0.112185
9721,24,0.580041,0.025042,0.009998,0.033389,0.35153,0.234277,0.765723,0.126318,0.127059
9722,24,0.57987,0.025039,0.009999,0.033385,0.351707,0.234332,0.765668,0.128097,0.125791
9723,24,0.579871,0.025039,0.01,0.033385,0.351705,0.234435,0.765565,0.114957,0.111541
9724,24,0.579524,0.025009,0.010835,0.033345,0.351287,0.234339,0.765661,0.116002,0.117227
9725,30,0.579857,0.025027,0.010007,0.03337,0.351738,0.234277,0.765723,0.128504,0.129202
9726,24,0.579862,0.025028,0.01,0.03337,0.35174,0.23438,0.76562,0.114957,0.111549
9727,30,0.579862,0.025028,0.01,0.03337,0.35174,0.234368,0.765632,0.119545,0.119477
9728,30,0.579889,0.025026,0.009999,0.033368,0.351718,0.234557,0.765443,0.124583,0.118963
9729,24,0.579889,0.025026,0.01,0.033368,0.351717,0.234673,0.765327,0.121572,0.117516
9730,24,0.579802,0.025031,0.010002,0.033375,0.35179,0.23483,0.76517,0.11677,0.112088
9731,30,0.579278,0.025005,0.010949,0.03334,0.351427,0.234794,0.765206,0.134643,0.135097
9732,24,0.579683,0.025023,0.010257,0.033364,0.351673,0.234778,0.765222,0.129923,0.129863
9733,30,0.579427,0.025023,0.01,0.033364,0.352186,0.234829,0.765171,0.113458,0.111409
9734,24,0.579429,0.025023,0.01,0.033363,0.352185,0.234879,0.765121,0.123282,0.121647
9735,30,0.579388,0.025025,0.010001,0.033367,0.352219,0.234858,0.765142,0.121597,0.121367
9736,30,0.579555,0.025015,0.009996,0.033354,0.35208,0.234764,0.765236,0.108755,0.11033
9737,30,0.579442,0.02501,0.009998,0.033347,0.352203,0.234691,0.765309,0.11644,0.117422
9738,24,0.579441,0.02501,0.01,0.033347,0.352202,0.234675,0.765325,0.129907,0.129858
9739,30,0.579401,0.025013,0.010001,0.03335,0.352236,0.234654,0.765346,0.121617,0.121381
9740,30,0.579297,0.025007,0.009998,0.033343,0.352354,0.234693,0.765307,0.11588,0.114216
9741,24,0.578931,0.024992,0.010624,0.033322,0.352131,0.234638,0.765362,0.12153,0.121938
9742,30,0.579188,0.025002,0.010004,0.033336,0.35247,0.234677,0.765323,0.115881,0.11421
9743,30,0.57904,0.025,0.009999,0.033333,0.352628,0.234646,0.765354,0.135097,0.135454
9744,24,0.57904,0.025,0.01,0.033333,0.352627,0.234749,0.765251,0.114971,0.111544
9745,30,0.578803,0.024994,0.009998,0.033325,0.352881,0.234795,0.765205,0.11289,0.110951
9746,24,0.578802,0.024993,0.01,0.033325,0.35288,0.234847,0.765153,0.123641,0.121984
9747,24,0.578798,0.024981,0.009995,0.033308,0.352919,0.234712,0.765288,0.106729,0.109178
9748,30,0.578829,0.024979,0.009999,0.033305,0.352888,0.234695,0.765305,0.122232,0.121933
9749,24,0.578742,0.024984,0.010002,0.033312,0.35296,0.234716,0.765284,0.133399,0.132464
9750,30,0.578726,0.024983,0.01003,0.033311,0.352951,0.234672,0.765328,0.119498,0.119808
9751,30,0.578698,0.024982,0.010078,0.033309,0.352933,0.234708,0.765292,0.126144,0.124941
9752,24,0.578656,0.024989,0.010003,0.033319,0.353033,0.234729,0.765271,0.125103,0.124159
9753,30,0.57849,0.024988,0.009999,0.033317,0.353206,0.234862,0.765138,0.114203,0.110071
9754,30,0.57845,0.02499,0.010001,0.03332,0.353239,0.23483,0.76517,0.131597,0.131622
9755,30,0.5782,0.024987,0.010295,0.033316,0.353201,0.234938,0.765062,0.131067,0.127686
9756,24,0.578158,0.024994,0.010003,0.033326,0.353519,0.234924,0.765076,0.12983,0.129684
9757,30,0.578548,0.024964,0.010117,0.033285,0.353086,0.234741,0.765259,0.088667,0.091677
9758,24,0.578617,0.024967,0.010001,0.033289,0.353127,0.234791,0.765209,0.123283,0.121647
9759,24,0.57858,0.024956,0.009996,0.033275,0.353194,0.234699,0.765301,0.122026,0.123716
9760,24,0.578451,0.02495,0.009998,0.033267,0.353333,0.234649,0.765351,0.118059,0.118792
9761,24,0.578325,0.024945,0.009998,0.03326,0.353473,0.234665,0.765335,0.119701,0.11886
9762,24,0.578275,0.024943,0.010083,0.033257,0.353442,0.234648,0.765352,0.129866,0.129822
9763,24,0.578582,0.024929,0.009995,0.033239,0.353255,0.234487,0.765513,0.105476,0.107775
9764,30,0.578296,0.024935,0.010002,0.033246,0.353521,0.234532,0.765468,0.141895,0.140375
9765,30,0.5781,0.024926,0.009997,0.033235,0.353742,0.234488,0.765512,0.117475,0.118097
9766,30,0.578369,0.02491,0.009994,0.033214,0.353513,0.234466,0.765534,0.091366,0.090104
9767,30,0.578372,0.02491,0.01,0.033213,0.353505,0.234535,0.765465,0.118994,0.116647
9768,30,0.578479,0.024903,0.009997,0.033204,0.353416,0.234582,0.765418,0.114155,0.112054
9769,30,0.578535,0.0249,0.009999,0.0332,0.353366,0.234648,0.765352,0.12184,0.119433
9770,30,0.578535,0.0249,0.01,0.0332,0.353366,0.234721,0.765279,0.119531,0.117112
9771,30,0.578022,0.024878,0.010877,0.03317,0.353053,0.234696,0.765304,0.136081,0.136308
9772,24,0.578342,0.024874,0.010619,0.033165,0.352999,0.234587,0.765413,0.108967,0.110756
9773,30,0.578549,0.024887,0.010005,0.033183,0.353376,0.234525,0.765475,0.128493,0.12919
9774,30,0.578183,0.024889,0.010001,0.033185,0.353742,0.234645,0.765355,0.113025,0.109208
9775,24,0.578183,0.024889,0.01,0.033185,0.353743,0.234629,0.765371,0.121628,0.121558
9776,30,0.578194,0.024868,0.009992,0.033158,0.353789,0.23458,0.76542,0.104589,0.104711
9777,24,0.578146,0.024871,0.010001,0.033161,0.353822,0.23472,0.76528,0.123348,0.11868
9778,30,0.578126,0.024851,0.01035,0.033134,0.353539,0.234705,0.765295,0.12426,0.123572
9779,24,0.578328,0.024859,0.010004,0.033146,0.353663,0.234689,0.765311,0.1216,0.121538
9780,30,0.577995,0.024849,0.010506,0.033132,0.353518,0.234698,0.765302,0.128197,0.127614
9781,30,0.57829,0.024842,0.009997,0.033122,0.35375,0.234551,0.765449,0.103719,0.106402
9782,24,0.578288,0.024842,0.01,0.033122,0.353749,0.234535,0.765465,0.121587,0.121525
9783,30,0.578204,0.024835,0.009997,0.033114,0.35385,0.234657,0.765343,0.114839,0.11092
9784,30,0.578006,0.024827,0.009997,0.033102,0.354069,0.234552,0.765448,0.127442,0.129494
9785,30,0.577721,0.024832,0.010002,0.033109,0.354336,0.234608,0.765392,0.125261,0.123467
9786,24,0.577509,0.024832,0.01,0.033109,0.35455,0.234594,0.765406,0.121513,0.121362
9787,30,0.577405,0.024827,0.009998,0.033102,0.354668,0.234597,0.765403,0.122486,0.122037
9788,30,0.577461,0.024812,0.009994,0.033083,0.35465,0.234461,0.765539,0.122196,0.124738
9789,30,0.577417,0.024814,0.010001,0.033086,0.354682,0.23444,0.76556,0.121594,0.121353
9790,24,0.577476,0.024811,0.009999,0.033081,0.354633,0.234556,0.765444,0.111258,0.107396
9791,30,0.577435,0.024813,0.010001,0.033084,0.354667,0.234535,0.765465,0.121594,0.121353
9792,24,0.577309,0.024808,0.009998,0.033077,0.354808,0.234484,0.765516,0.126322,0.127061
9793,30,0.577183,0.024795,0.009995,0.03306,0.354967,0.234406,0.765594,0.113973,0.115361
9794,30,0.577288,0.024789,0.009997,0.033052,0.354875,0.234297,0.765703,0.11138,0.113055
9795,30,0.577425,0.02478,0.009997,0.033041,0.354757,0.234163,0.765837,0.112843,0.114371
9796,30,0.577639,0.024768,0.009995,0.033024,0.354575,0.234076,0.765924,0.105084,0.105643
9797,30,0.577803,0.024758,0.009996,0.03301,0.354433,0.234018,0.765982,0.115371,0.116011
9798,24,0.577757,0.02476,0.010001,0.033014,0.354468,0.234158,0.765842,0.123346,0.118685
9799,24,0.577759,0.02476,0.01,0.033014,0.354467,0.234261,0.765739,0.114971,0.111559
9800,30,0.577597,0.024753,0.010277,0.033004,0.354368,0.23448,0.76552,0.112819,0.106572
9801,24,0.577544,0.02476,0.010003,0.033013,0.35468,0.234466,0.765534,0.129822,0.129678
9802,30,0.577761,0.024747,0.009995,0.032996,0.3545,0.234513,0.765487,0.098509,0.09599
9803,24,0.577419,0.024741,0.009998,0.032989,0.354853,0.234465,0.765535,0.117928,0.118575
9804,24,0.577331,0.024747,0.010002,0.032995,0.354925,0.234622,0.765378,0.116762,0.11208
9805,30,0.577187,0.02474,0.010248,0.032987,0.354837,0.234663,0.765337,0.136138,0.134418
9806,30,0.57729,0.024749,0.010003,0.032998,0.354959,0.234642,0.765358,0.121594,0.121361
9807,24,0.577675,0.024727,0.009991,0.032969,0.354638,0.234411,0.765589,0.094239,0.098609
9808,30,0.577647,0.024725,0.010039,0.032967,0.354621,0.234447,0.765553,0.126144,0.124941
9809,24,0.577583,0.024731,0.010002,0.032975,0.354708,0.234468,0.765532,0.125087,0.124142
9810,30,0.5778,0.024719,0.009995,0.032958,0.354528,0.234431,0.765569,0.098479,0.097852
9811,30,0.57756,0.024713,0.009998,0.03295,0.35478,0.234468,0.765532,0.106257,0.104538
9812,24,0.577559,0.024713,0.01,0.03295,0.354779,0.234452,0.765548,0.12992,0.129861
9813,30,0.577726,0.024703,0.009996,0.032937,0.354638,0.234358,0.765642,0.115404,0.116979
9814,24,0.577636,0.024708,0.010002,0.032944,0.35471,0.234379,0.765621,0.133395,0.132459
9815,24,0.577896,0.024693,0.009994,0.032924,0.354493,0.234218,0.765782,0.105465,0.107767
9816,24,0.577893,0.024693,0.01,0.032923,0.354491,0.234202,0.765798,0.121612,0.121549
9817,30,0.57797,0.024677,0.009994,0.032903,0.354457,0.234067,0.765933,0.111205,0.113746
9818,30,0.578238,0.024661,0.009993,0.032881,0.354226,0.23391,0.76609,0.097907,0.099801
9819,30,0.578401,0.024651,0.009996,0.032868,0.354084,0.233816,0.766184,0.108704,0.110285
9820,24,0.578521,0.024644,0.009997,0.032858,0.35398,0.233715,0.766285,0.1103,0.111933
9821,30,0.578788,0.024628,0.009994,0.032837,0.353753,0.233672,0.766328,0.102067,0.101757
9822,30,0.578626,0.024621,0.010271,0.032828,0.353654,0.233758,0.766242,0.119466,0.116351
9823,24,0.578657,0.024622,0.010001,0.03283,0.353891,0.233708,0.766292,0.118047,0.11877
9824,30,0.578753,0.024606,0.009993,0.032807,0.353841,0.233598,0.766402,0.110201,0.112041
9825,24,0.579009,0.02459,0.009994,0.032787,0.35362,0.233519,0.766481,0.107164,0.108255
9826,30,0.578808,0.02459,0.01,0.032787,0.353814,0.233717,0.766283,0.127507,0.121693
9827,30,0.578788,0.024592,0.01,0.032789,0.353831,0.233872,0.766128,0.137187,0.132381
9828,30,0.578944,0.024582,0.009996,0.032777,0.353701,0.23375,0.76625,0.102436,0.103641
9829,30,0.578901,0.024585,0.010001,0.03278,0.353733,0.233729,0.766271,0.121597,0.121352
9830,30,0.579017,0.024578,0.009997,0.032771,0.353637,0.233769,0.766231,0.115122,0.113356
9831,24,0.578973,0.02458,0.010001,0.032774,0.353672,0.233856,0.766144,0.131672,0.128653
9832,24,0.579145,0.02457,0.009996,0.032761,0.353528,0.233747,0.766253,0.117321,0.119101
9833,24,0.579056,0.024575,0.010002,0.032767,0.353599,0.233768,0.766232,0.133411,0.132468
9834,30,0.579057,0.024575,0.01,0.032767,0.3536,0.233858,0.766142,0.112885,0.11006
9835,24,0.579058,0.024575,0.01,0.032767,0.353599,0.233909,0.766091,0.123295,0.121652
9836,24,0.578932,0.02457,0.009998,0.03276,0.35374,0.233927,0.766073,0.120114,0.11924
9837,30,0.578922,0.024571,0.01,0.032761,0.353746,0.233964,0.766036,0.125199,0.123883
9838,30,0.578565,0.024561,0.009996,0.032748,0.354129,0.234112,0.765888,0.11188,0.107345
9839,30,0.578573,0.024541,0.009992,0.032721,0.354173,0.233915,0.766085,0.097962,0.101908
9840,24,0.578443,0.024535,0.009998,0.032714,0.35431,0.233931,0.766069,0.119709,0.11886
9841,24,0.578229,0.024535,0.01,0.032713,0.354523,0.233918,0.766082,0.121517,0.12136
9842,24,0.578142,0.02454,0.010002,0.03272,0.354596,0.233939,0.766061,0.133411,0.132468
9843,30,0.578375,0.024516,0.00999,0.032688,0.35443,0.233832,0.766168,0.09335,0.094508
9844,24,0.578156,0.024516,0.01,0.032688,0.35464,0.233818,0.766182,0.129826,0.129677
9845,24,0.577943,0.024516,0.01,0.032687,0.354854,0.233805,0.766195,0.121517,0.12136
9846,24,0.577944,0.024515,0.01,0.032687,0.354853,0.233856,0.766144,0.123295,0.121652
9847,30,0.578199,0.024501,0.009994,0.032668,0.354638,0.23376,0.76624,0.093888,0.094517
9848,24,0.57807,0.024495,0.009998,0.03266,0.354777,0.23371,0.76629,0.126363,0.127089
9849,24,0.578472,0.024472,0.00999,0.032629,0.354437,0.233509,0.766491,0.099975,0.103064
9850,24,0.578467,0.024471,0.01,0.032629,0.354434,0.233454,0.766546,0.121572,0.121965
9851,30,0.578318,0.024465,0.010254,0.03262,0.354343,0.233556,0.766444,0.119487,0.116341
9852,30,0.578292,0.024481,0.010007,0.032642,0.354578,0.233607,0.766393,0.138362,0.136304
9853,24,0.578253,0.024484,0.010001,0.032645,0.354617,0.233757,0.766243,0.123363,0.118886
9854,30,0.578253,0.024484,0.01,0.032645,0.354617,0.233714,0.766286,0.119545,0.119839
9855,30,0.578409,0.024475,0.009996,0.032633,0.354487,0.23358,0.76642,0.112413,0.113885
9856,24,0.578154,0.024464,0.009996,0.032619,0.354767,0.233496,0.766504,0.114469,0.11599
9857,24,0.578198,0.024449,0.009994,0.032599,0.354761,0.233353,0.766647,0.105492,0.108044
9858,24,0.578283,0.024444,0.009998,0.032591,0.354684,0.233296,0.766704,0.117312,0.118184
9859,30,0.578719,0.024414,0.010063,0.032552,0.354253,0.232987,0.767013,0.088191,0.094216
9860,24,0.578641,0.024411,0.010195,0.032547,0.354206,0.232971,0.767029,0.129878,0.12983
9861,30,0.578644,0.024411,0.01,0.032548,0.354398,0.233015,0.766985,0.116476,0.11474
9862,30,0.578495,0.024404,0.010254,0.032539,0.354307,0.233118,0.766882,0.119487,0.116349
9863,30,0.57848,0.0244,0.009998,0.032534,0.354588,0.23302,0.76698,0.106882,0.108393
9864,24,0.57814,0.024395,0.009998,0.032526,0.354942,0.232972,0.767028,0.12624,0.126897
9865,24,0.578138,0.024395,0.01,0.032526,0.354941,0.232956,0.767044,0.12992,0.129863
9866,30,0.578098,0.024397,0.010001,0.032529,0.354975,0.233069,0.766931,0.114981,0.111628
9867,24,0.578233,0.024377,0.009992,0.032502,0.354897,0.232956,0.767044,0.103669,0.105521
9868,30,0.578217,0.024376,0.010019,0.032501,0.354887,0.232913,0.767087,0.119498,0.119803
9869,30,0.578031,0.024368,0.009997,0.032491,0.355113,0.23282,0.76718,0.110809,0.112571
9870,30,0.577919,0.024363,0.009998,0.032485,0.355235,0.232864,0.767136,0.116465,0.114725
9871,24,0.577705,0.024363,0.01,0.032484,0.355448,0.232851,0.767149,0.129826,0.12968
9872,24,0.577618,0.024368,0.010002,0.032491,0.355521,0.232872,0.767128,0.125099,0.12416
9873,24,0.577619,0.024368,0.01,0.032491,0.355522,0.232857,0.767143,0.12164,0.121571
9874,24,0.577619,0.024368,0.01,0.032491,0.355522,0.232909,0.767091,0.123641,0.121994
9875,30,0.57762,0.024358,0.009996,0.032477,0.355549,0.232775,0.767225,0.107156,0.109233
9876,24,0.577618,0.024358,0.01,0.032477,0.355547,0.23276,0.76724,0.121628,0.121555
9877,30,0.577507,0.024353,0.009998,0.032471,0.35567,0.232676,0.767324,0.126409,0.127643
9878,30,0.577506,0.024353,0.01,0.032471,0.35567,0.232767,0.767233,0.112932,0.110106
9879,24,0.577419,0.024358,0.010002,0.032478,0.355743,0.232788,0.767212,0.133407,0.132466
9880,30,0.577403,0.024358,0.01003,0.032477,0.355733,0.232745,0.767255,0.119498,0.119797
9881,30,0.576892,0.024336,0.010907,0.032448,0.355418,0.232786,0.767214,0.136081,0.134387
9882,24,0.577181,0.024357,0.010264,0.032476,0.355723,0.232807,0.767193,0.125099,0.124156
9883,24,0.577246,0.024368,0.010005,0.032491,0.35589,0.232828,0.767172,0.133407,0.132466
9884,30,0.577105,0.024362,0.010247,0.032483,0.355803,0.232785,0.767215,0.119487,0.11979
9885,30,0.576957,0.024356,0.010501,0.032475,0.355712,0.233017,0.766983,0.119487,0.112937
9886,30,0.577413,0.024359,0.010001,0.032478,0.355749,0.232924,0.767076,0.108756,0.110321
9887,30,0.577527,0.024343,0.010157,0.032457,0.355517,0.232808,0.767192,0.106608,0.108721
9888,30,0.577609,0.024347,0.010002,0.032463,0.35558,0.232845,0.767155,0.125198,0.123888
9889,30,0.577537,0.024327,0.010234,0.032436,0.355465,0.232728,0.767272,0.1137,0.115004
9890,24,0.577653,0.024332,0.010036,0.032443,0.355537,0.232712,0.767288,0.121587,0.121522
9891,30,0.577684,0.024313,0.009992,0.032417,0.355594,0.232515,0.767485,0.097935,0.101856
9892,30,0.577339,0.024316,0.0101,0.032421,0.355825,0.232571,0.767429,0.131864,0.130102
9893,24,0.577397,0.024318,0.010001,0.032424,0.35586,0.232555,0.767445,0.129895,0.129839
9894,24,0.577442,0.024315,0.009999,0.032421,0.355823,0.232672,0.767328,0.121557,0.117854
9895,30,0.577167,0.024304,0.01028,0.032405,0.355844,0.232695,0.767305,0.123031,0.121732
9896,24,0.577328,0.024311,0.010003,0.032414,0.355944,0.23268,0.76732,0.121612,0.121542
9897,24,0.57733,0.024311,0.01,0.032414,0.355945,0.232733,0.767267,0.12367,0.122014
9898,24,0.577204,0.024305,0.009998,0.032407,0.356085,0.232683,0.767317,0.126347,0.127076
9899,30,0.577084,0.024301,0.009998,0.032402,0.356215,0.232733,0.767267,0.115433,0.113377
9900,24,0.576958,0.024296,0.009998,0.032394,0.356354,0.232749,0.767251,0.119705,0.118858
9901,30,0.576817,0.02429,0.01024,0.032386,0.356267,0.232737,0.767263,0.119487,0.119435
9902,30,0.576676,0.024284,0.010482,0.032379,0.35618,0.232694,0.767306,0.119487,0.119792
9903,24,0.576987,0.024291,0.010048,0.032388,0.356286,0.232811,0.767189,0.111261,0.10741
9904,24,0.577275,0.024277,0.009994,0.03237,0.356083,0.232732,0.767268,0.107202,0.108283
9905,30,0.57746,0.024266,0.009996,0.032355,0.355923,0.232627,0.767373,0.114335,0.116169
9906,24,0.577457,0.024266,0.01,0.032355,0.355922,0.232612,0.767388,0.121657,0.121575
9907,24,0.577629,0.024256,0.009996,0.032342,0.355776,0.232498,0.767502,0.108971,0.110083
9908,24,0.577799,0.024246,0.009996,0.032329,0.35563,0.23239,0.76761,0.108988,0.110745
9909,24,0.577753,0.024249,0.010001,0.032332,0.355665,0.23254,0.76746,0.123361,0.118907
9910,30,0.577893,0.024241,0.009997,0.032321,0.355549,0.232407,0.767593,0.112884,0.114379
9911,30,0.577367,0.024219,0.010897,0.032292,0.355225,0.232454,0.767546,0.129412,0.127228
9912,24,0.577885,0.024241,0.010009,0.032321,0.355544,0.232508,0.767492,0.123747,0.122085
9913,30,0.577862,0.024223,0.009993,0.032297,0.355625,0.232317,0.767683,0.098945,0.10276
9914,24,0.577916,0.024219,0.009999,0.032293,0.355574,0.232267,0.767733,0.11957,0.119607
9915,24,0.577915,0.024219,0.01,0.032293,0.355573,0.232213,0.767787,0.121572,0.121957
9916,30,0.578071,0.02421,0.009996,0.032281,0.355442,0.232092,0.767908,0.10244,0.103623
9917,24,0.578068,0.02421,0.01,0.032281,0.355441,0.23219,0.76781,0.115333,0.112188
9918,24,0.577982,0.024215,0.010002,0.032287,0.355514,0.232181,0.767819,0.125088,0.124311
9919,30,0.578084,0.02421,0.009998,0.03228,0.355429,0.232205,0.767795,0.09682,0.094602
9920,30,0.577972,0.024205,0.009998,0.032273,0.355552,0.232133,0.767867,0.116429,0.117386
9921,30,0.578098,0.024198,0.009997,0.032263,0.355444,0.232046,0.767954,0.109753,0.111206
9922,24,0.57823,0.024177,0.009992,0.032236,0.355364,0.231933,0.768067,0.103594,0.105449
9923,30,0.578364,0.024169,0.009997,0.032226,0.355244,0.231903,0.768097,0.102917,0.102679
9924,30,0.578517,0.02416,0.009996,0.032214,0.355113,0.231864,0.768136,0.102332,0.101668
9925,30,0.578721,0.024148,0.009995,0.032198,0.354937,0.231797,0.768203,0.113265,0.114222
9926,24,0.578977,0.024133,0.009994,0.032178,0.354718,0.23176,0.76824,0.105459,0.104954
9927,30,0.579008,0.024131,0.009999,0.032175,0.354687,0.231743,0.768257,0.115546,0.115248
9928,24,0.579144,0.024123,0.01001,0.032164,0.35456,0.231815,0.768185,0.107739,0.105057
9929,30,0.57911,0.024125,0.010001,0.032167,0.354597,0.231795,0.768205,0.121617,0.12138
9930,30,0.57886,0.024123,0.010295,0.032163,0.354559,0.231904,0.768096,0.13107,0.127719
9931,24,0.578961,0.024127,0.010122,0.032169,0.354621,0.231957,0.768043,0.123641,0.121997
9932,24,0.57929,0.024115,0.009995,0.032153,0.354447,0.23195,0.76805,0.09924,0.097972
9933,24,0.579288,0.024115,0.01,0.032153,0.354444,0.232001,0.767999,0.123282,0.121654
9934,30,0.578798,0.024094,0.010498,0.032126,0.354484,0.231907,0.768093,0.117422,0.11919
9935,30,0.579355,0.024079,0.010206,0.032105,0.354255,0.231614,0.768386,0.084898,0.090719
9936,30,0.579317,0.024079,0.010046,0.032106,0.354452,0.231821,0.768179,0.117436,0.111575
9937,24,0.579344,0.02408,0.01,0.032107,0.354468,0.231805,0.768195,0.121587,0.121525
9938,30,0.579541,0.024069,0.009995,0.032092,0.354302,0.231739,0.768261,0.112382,0.113217
9939,30,0.579169,0.024071,0.010001,0.032094,0.354665,0.231733,0.768267,0.136301,0.135933
9940,24,0.578879,0.024067,0.010133,0.032089,0.354832,0.231719,0.768281,0.129776,0.129642
9941,30,0.578759,0.024062,0.009998,0.032083,0.355098,0.231713,0.768287,0.11084,0.109967
9942,24,0.578709,0.02406,0.010083,0.03208,0.355068,0.231697,0.768303,0.129866,0.129817
9943,30,0.578842,0.024057,0.009999,0.032076,0.355026,0.231576,0.768424,0.113784,0.114999
9944,30,0.578558,0.024062,0.010002,0.032083,0.355294,0.231742,0.768258,0.118616,0.11388
9945,30,0.578776,0.02405,0.009995,0.032067,0.355113,0.2316,0.7684,0.098986,0.100524
9946,24,0.57856,0.02405,0.01,0.032066,0.355324,0.231587,0.768413,0.121517,0.121355
9947,30,0.578698,0.024042,0.009997,0.032056,0.355208,0.231466,0.768534,0.102848,0.104077
9948,30,0.579102,0.024019,0.00999,0.032025,0.354864,0.231219,0.768781,0.091187,0.095916
9949,30,0.578773,0.023985,0.010901,0.031979,0.354362,0.231229,0.768771,0.12317,0.121864
9950,24,0.579521,0.02399,0.010057,0.031987,0.354445,0.231222,0.768778,0.09925,0.097978
9951,24,0.579676,0.023985,0.009998,0.031979,0.354362,0.231121,0.768879,0.110185,0.111816
9952,24,0.57972,0.023969,0.009994,0.031959,0.354357,0.230979,0.769021,0.105464,0.107988
9953,30,0.579717,0.023969,0.01,0.031959,0.354355,0.230937,0.769063,0.119556,0.119831
9954,24,0.57963,0.023974,0.010002,0.031966,0.354428,0.230959,0.769041,0.125095,0.124152
9955,30,0.579236,0.023958,0.010675,0.031944,0.354187,0.230904,0.769096,0.129423,0.129984
9956,30,0.579208,0.023957,0.010723,0.031942,0.35417,0.230941,0.769059,0.126143,0.12495
9957,24,0.5795,0.023969,0.010005,0.031959,0.354567,0.230892,0.769108,0.118078,0.118782
9958,30,0.579353,0.023967,0.009999,0.031956,0.354726,0.230976,0.769024,0.111849,0.109185
9959,30,0.579007,0.023969,0.010107,0.031959,0.354957,0.231033,0.768967,0.131885,0.130122
9960,24,0.578857,0.023972,0.010001,0.031962,0.355209,0.23102,0.76898,0.121517,0.121368
9961,30,0.578712,0.02398,0.010003,0.031973,0.355332,0.231343,0.768657,0.121222,0.112491
9962,24,0.578715,0.02398,0.01,0.031973,0.355332,0.231394,0.768606,0.123295,0.121664
9963,24,0.578715,0.02398,0.01,0.031973,0.355332,0.231379,0.768621,0.121628,0.121553
9964,24,0.578715,0.02398,0.01,0.031973,0.355332,0.231432,0.768568,0.123724,0.12206
9965,30,0.578478,0.023974,0.009998,0.031966,0.355585,0.231361,0.768639,0.112867,0.114083
9966,30,0.578373,0.023969,0.009998,0.031959,0.355702,0.231401,0.768599,0.11588,0.11423
9967,30,0.578803,0.023945,0.00999,0.031926,0.355336,0.23115,0.76885,0.090484,0.095245
9968,24,0.579006,0.023932,0.009995,0.03191,0.355157,0.231306,0.768694,0.098447,0.093496
9969,24,0.579003,0.023932,0.01,0.03191,0.355155,0.231359,0.768641,0.123712,0.122053
9970,30,0.579466,0.023906,0.009989,0.031875,0.354764,0.231229,0.768771,0.082098,0.083865
9971,30,0.579731,0.02389,0.009993,0.031854,0.354531,0.231134,0.768866,0.093393,0.093986
9972,30,0.57953,0.023882,0.009997,0.031843,0.354748,0.23109,0.76891,0.11749,0.118102
9973,30,0.579017,0.023861,0.010874,0.031814,0.354434,0.231066,0.768934,0.136081,0.136297
9974,30,0.579173,0.023873,0.010507,0.031831,0.354616,0.231347,0.768653,0.123433,0.115711
9975,24,0.579467,0.023885,0.010005,0.031847,0.354796,0.231401,0.768599,0.123747,0.122079
9976,30,0.579319,0.023883,0.009999,0.031844,0.354955,0.231382,0.768618,0.118463,0.118541
9977,24,0.579319,0.023883,0.01,0.031844,0.354954,0.231435,0.768565,0.123695,0.12204
9978,30,0.57931,0.023883,0.01,0.031845,0.354962,0.231515,0.768485,0.118573,0.115852
9979,24,0.579569,0.023869,0.009994,0.031825,0.354743,0.231515,0.768485,0.098866,0.097329
9980,30,0.579565,0.023869,0.01,0.031825,0.354741,0.231588,0.768412,0.119542,0.117143
9981,24,0.579711,0.02386,0.009997,0.031814,0.354619,0.231652,0.768348,0.109443,0.106853
9982,24,0.579496,0.02386,0.01,0.031813,0.354831,0.231639,0.768361,0.12983,0.129686
9983,30,0.579333,0.02385,0.009996,0.0318,0.355022,0.231542,0.768458,0.106849,0.108353
9984,24,0.579287,0.023852,0.010001,0.031803,0.355057,0.231683,0.768317,0.123337,0.118712
9985,30,0.579453,0.023816,0.010458,0.031755,0.354519,0.231416,0.768584,0.099088,0.103907
9986,24,0.579631,0.023832,0.010007,0.031776,0.354754,0.231437,0.768563,0.133415,0.132475
9987,24,0.579893,0.023818,0.009994,0.031757,0.354539,0.231401,0.768599,0.105488,0.104964
9988,30,0.579484,0.023801,0.010692,0.031734,0.354289,0.231358,0.768642,0.119443,0.119754
9989,30,0.579335,0.023795,0.010946,0.031726,0.354198,0.231346,0.768654,0.119486,0.119431
9990,24,0.579759,0.023798,0.01025,0.03173,0.354463,0.231382,0.768618,0.105858,0.103842
9991,30,0.580116,0.023792,0.009997,0.031722,0.354373,0.231311,0.768689,0.112714,0.113744
9992,30,0.579581,0.02377,0.010911,0.031693,0.354046,0.231298,0.768702,0.126101,0.12606
9993,30,0.579467,0.023782,0.010624,0.031709,0.354418,0.231331,0.768669,0.125262,0.123625
9994,30,0.579181,0.023767,0.011168,0.031689,0.354195,0.231299,0.768701,0.123907,0.124287
9995,30,0.579598,0.023788,0.010389,0.031717,0.354508,0.231279,0.768721,0.12162,0.12138
9996,30,0.579567,0.023801,0.010005,0.031735,0.354892,0.23139,0.76861,0.134734,0.130961
9997,30,0.579314,0.023805,0.010002,0.03174,0.35514,0.231674,0.768326,0.118105,0.110333
9998,24,0.579575,0.02379,0.009994,0.03172,0.354921,0.231596,0.768404,0.107243,0.108303
9999,30,0.579571,0.02379,0.01,0.03172,0.354919,0.231554,0.768446,0.119556,0.119835
