game_id,n_rows,a1,a2,a3,a4,a5,w1,w2,avg_loss_sigma,avg_loss_combined
0,30,0.300192,0.150069,0.199577,0.200092,0.150069,0.599979,0.400021,0.119922,0.116073
1,30,0.299959,0.150145,0.199144,0.200194,0.150558,0.600043,0.399957,0.120382,0.110808
2,24,0.300299,0.150298,0.198295,0.200397,0.150711,0.600072,0.399928,0.127248,0.122379
3,24,0.300625,0.150461,0.197177,0.200614,0.151123,0.600106,0.399894,0.127698,0.122588
4,30,0.300423,0.150444,0.197236,0.200592,0.151305,0.600019,0.399981,0.133994,0.133354
5,30,0.300799,0.150632,0.195818,0.200843,0.151908,0.600064,0.399936,0.127075,0.118355
6,24,0.300847,0.150494,0.196231,0.200659,0.151769,0.599837,0.400163,0.115571,0.124545
7,24,0.300881,0.150511,0.195893,0.200681,0.152034,0.599759,0.400241,0.121332,0.122804
8,30,0.300868,0.150423,0.1962,0.200564,0.151945,0.599626,0.400374,0.119542,0.123799
9,24,0.30176,0.150297,0.195727,0.200397,0.151818,0.599297,0.400703,0.10632,0.119689
10,30,0.30225,0.15032,0.195161,0.200427,0.151842,0.599196,0.400804,0.116237,0.118297
11,30,0.302243,0.150317,0.195179,0.200423,0.151838,0.599118,0.400882,0.117938,0.119737
12,30,0.302621,0.15024,0.195057,0.200321,0.151761,0.598984,0.401016,0.118109,0.120339
13,24,0.302598,0.150328,0.194787,0.200438,0.151849,0.598839,0.401161,0.124919,0.126918
14,24,0.302697,0.150477,0.194191,0.200636,0.152,0.598821,0.401179,0.135686,0.133558
15,24,0.302885,0.15057,0.193691,0.20076,0.152094,0.598792,0.401208,0.115477,0.10985
16,30,0.303237,0.15064,0.193106,0.200853,0.152164,0.598629,0.401371,0.128875,0.132685
17,30,0.303486,0.150764,0.192441,0.201019,0.15229,0.598494,0.401506,0.131702,0.133825
18,30,0.30375,0.150895,0.191739,0.201194,0.152422,0.598524,0.401476,0.11715,0.10925
19,24,0.303859,0.150949,0.191449,0.201266,0.152477,0.598339,0.401661,0.121212,0.124981
20,24,0.303961,0.151,0.191178,0.201333,0.152528,0.598308,0.401692,0.115189,0.109715
21,24,0.30407,0.151054,0.190889,0.201405,0.152583,0.598232,0.401768,0.121511,0.122866
22,24,0.304134,0.151185,0.190387,0.20158,0.152715,0.598191,0.401809,0.133317,0.132694
23,24,0.304422,0.151324,0.189634,0.201765,0.152855,0.598193,0.401807,0.124512,0.121331
24,30,0.304971,0.151332,0.189058,0.201776,0.152863,0.598086,0.401914,0.117793,0.119407
25,30,0.305281,0.15147,0.188069,0.201961,0.153219,0.598111,0.401889,0.124938,0.117593
26,30,0.306087,0.151547,0.186809,0.202062,0.153495,0.598034,0.401966,0.114579,0.109737
27,30,0.306816,0.151554,0.186057,0.202072,0.153502,0.597861,0.402139,0.101486,0.101153
28,30,0.306886,0.151589,0.185869,0.202118,0.153537,0.597892,0.402108,0.109077,0.099491
29,30,0.307061,0.151675,0.185191,0.202233,0.15384,0.597769,0.402231,0.121767,0.123196
30,24,0.307624,0.151714,0.184496,0.202285,0.15388,0.597612,0.402388,0.114324,0.118878
31,24,0.30836,0.151852,0.183299,0.202469,0.15402,0.597493,0.402507,0.118156,0.120358
32,24,0.308652,0.151992,0.18254,0.202655,0.154161,0.597477,0.402523,0.116326,0.110668
33,24,0.308867,0.152093,0.181735,0.202791,0.154513,0.597477,0.402523,0.124274,0.121233
34,30,0.309628,0.152181,0.180681,0.202908,0.154602,0.597332,0.402668,0.114452,0.117476
35,30,0.309531,0.152228,0.180205,0.202971,0.155063,0.597446,0.402554,0.123504,0.108492
36,30,0.309602,0.152263,0.180019,0.203017,0.155099,0.59734,0.40266,0.115375,0.113987
37,24,0.309851,0.152305,0.17963,0.203073,0.155141,0.597148,0.402852,0.120477,0.124638
38,24,0.310562,0.152392,0.178626,0.203189,0.15523,0.597045,0.402955,0.114742,0.116435
39,24,0.310753,0.152485,0.178122,0.203314,0.155325,0.597037,0.402963,0.123549,0.120851
40,30,0.311414,0.152666,0.176857,0.203554,0.155509,0.597007,0.402993,0.120456,0.114459
41,24,0.311827,0.15276,0.176128,0.20368,0.155605,0.59699,0.40301,0.122761,0.120453
42,30,0.311817,0.152755,0.176156,0.203673,0.1556,0.596829,0.403171,0.117945,0.121554
43,24,0.312414,0.152813,0.175363,0.203751,0.155659,0.596662,0.403338,0.113159,0.118612
44,30,0.312518,0.152863,0.17468,0.203817,0.156123,0.596631,0.403369,0.119163,0.115367
45,30,0.312871,0.153021,0.173797,0.204027,0.156284,0.596639,0.403361,0.122834,0.117089
46,30,0.313237,0.152938,0.173707,0.203918,0.1562,0.596504,0.403496,0.117901,0.120281
47,30,0.313589,0.15285,0.173652,0.2038,0.156109,0.596303,0.403697,0.106409,0.114036
48,24,0.313927,0.153015,0.172511,0.20402,0.156526,0.596334,0.403666,0.127376,0.122488
49,24,0.314037,0.153069,0.172221,0.204091,0.156581,0.59615,0.40385,0.121174,0.124988
50,30,0.314412,0.153099,0.171746,0.204132,0.156612,0.595989,0.404011,0.110933,0.115192
51,24,0.314746,0.153257,0.17088,0.204343,0.156774,0.596013,0.403987,0.126685,0.12213
52,30,0.315432,0.153194,0.170406,0.204258,0.156709,0.59582,0.40418,0.107278,0.114184
53,24,0.315652,0.153296,0.169594,0.204395,0.157063,0.595819,0.404181,0.124188,0.121214
54,30,0.315932,0.153399,0.168968,0.204533,0.157168,0.595829,0.404171,0.118408,0.109561
55,24,0.316706,0.153542,0.167465,0.204723,0.157564,0.595714,0.404286,0.118434,0.120592
56,30,0.31741,0.153598,0.166574,0.204797,0.157621,0.59544,0.40456,0.109584,0.114464
57,30,0.317616,0.153557,0.166508,0.204742,0.157578,0.595242,0.404758,0.114453,0.119751
58,30,0.317834,0.153521,0.166408,0.204695,0.157542,0.59503,0.40497,0.124206,0.130312
59,24,0.318014,0.153608,0.165437,0.204811,0.158128,0.59499,0.40501,0.125011,0.124378
60,24,0.318352,0.153767,0.164566,0.205023,0.158292,0.595013,0.404987,0.126623,0.122106
61,30,0.318411,0.153796,0.16441,0.205061,0.158322,0.594855,0.405145,0.118135,0.12165
62,30,0.318789,0.153837,0.163895,0.205116,0.158363,0.594788,0.405212,0.115842,0.113643
63,24,0.318544,0.153718,0.164539,0.204958,0.158242,0.59464,0.40536,0.122615,0.128259
64,24,0.319085,0.153756,0.16387,0.205008,0.158281,0.594358,0.405642,0.1135,0.119107
65,24,0.319105,0.153766,0.163817,0.205021,0.15829,0.594172,0.405828,0.120923,0.124857
66,30,0.319037,0.153772,0.163866,0.205029,0.158296,0.594012,0.405988,0.117544,0.121836
67,30,0.319212,0.153855,0.163212,0.20514,0.158581,0.594002,0.405998,0.126469,0.124017
68,24,0.319288,0.153988,0.162688,0.205317,0.158718,0.593966,0.406034,0.125335,0.124508
69,30,0.31971,0.153976,0.16209,0.205302,0.158921,0.593909,0.406091,0.113521,0.112023
70,24,0.319988,0.153948,0.161658,0.205264,0.159141,0.593726,0.406274,0.119778,0.126218
71,24,0.319986,0.154043,0.161093,0.205391,0.159487,0.593683,0.406317,0.133048,0.132576
72,24,0.320288,0.154184,0.160315,0.205579,0.159633,0.593684,0.406316,0.124317,0.121258
73,30,0.320763,0.154195,0.15939,0.205594,0.160058,0.593627,0.406373,0.122129,0.121819
74,30,0.320982,0.154339,0.158687,0.205785,0.160207,0.593504,0.406496,0.13233,0.134452
75,24,0.321322,0.154498,0.15781,0.205998,0.160372,0.593527,0.406473,0.126558,0.122093
76,24,0.322269,0.154624,0.15644,0.206165,0.160502,0.59344,0.40656,0.116355,0.11692
77,24,0.322268,0.154719,0.155872,0.206292,0.160849,0.593397,0.406603,0.13303,0.132578
78,30,0.322583,0.15487,0.155047,0.206493,0.161007,0.593416,0.406584,0.124104,0.117321
79,24,0.322425,0.154794,0.155461,0.206392,0.160928,0.593172,0.406828,0.115029,0.122488
80,30,0.322694,0.154922,0.154759,0.206563,0.161061,0.593177,0.406823,0.12784,0.12471
81,24,0.323041,0.155089,0.153601,0.206785,0.161483,0.593206,0.406794,0.127127,0.122421
82,24,0.322888,0.155111,0.153679,0.206815,0.161506,0.593126,0.406874,0.129359,0.131007
83,24,0.323347,0.155172,0.153016,0.206896,0.161569,0.592975,0.407025,0.114734,0.119119
84,30,0.323373,0.155185,0.152947,0.206913,0.161582,0.593006,0.406994,0.125375,0.118519
85,30,0.32304,0.155211,0.153192,0.206948,0.16161,0.592984,0.407016,0.130145,0.128566
86,24,0.322959,0.155268,0.152584,0.207024,0.162166,0.592939,0.407061,0.132817,0.132492
87,24,0.323154,0.155361,0.152073,0.207148,0.162264,0.592931,0.407069,0.123462,0.12084
88,30,0.32353,0.155542,0.150871,0.207389,0.162668,0.592955,0.407045,0.124584,0.117546
89,30,0.323585,0.155506,0.150526,0.207341,0.163042,0.592833,0.407167,0.120795,0.123832
90,30,0.323328,0.155382,0.151201,0.207176,0.162913,0.592716,0.407284,0.120382,0.124831
91,30,0.323686,0.155339,0.150577,0.207118,0.16328,0.592568,0.407432,0.129077,0.134134
92,24,0.323802,0.155237,0.150804,0.206983,0.163173,0.592353,0.407647,0.116543,0.12486
93,24,0.324557,0.155268,0.149947,0.207023,0.163205,0.592234,0.407766,0.1131,0.115667
94,24,0.324711,0.155341,0.149295,0.207122,0.163531,0.592166,0.407834,0.122132,0.123242
95,24,0.325284,0.155386,0.148572,0.207181,0.163578,0.591994,0.408006,0.112526,0.118269
96,30,0.325061,0.155464,0.148116,0.207286,0.164073,0.591908,0.408092,0.136191,0.135754
97,30,0.32485,0.155402,0.148537,0.207203,0.164007,0.591848,0.408152,0.126027,0.127239
98,24,0.324914,0.15548,0.148208,0.207307,0.16409,0.591802,0.408198,0.131402,0.127647
99,24,0.324975,0.155285,0.148811,0.207046,0.163883,0.591604,0.408396,0.118242,0.125465
100,30,0.325468,0.15552,0.147518,0.207361,0.164132,0.591597,0.408403,0.121034,0.116633
101,24,0.326125,0.155503,0.146671,0.207338,0.164363,0.591453,0.408547,0.110462,0.114642
102,30,0.325969,0.155468,0.146948,0.20729,0.164325,0.591394,0.408606,0.126123,0.127244
103,24,0.326862,0.155401,0.146281,0.207201,0.164254,0.591181,0.408819,0.098051,0.101011
104,24,0.327089,0.155505,0.145454,0.207339,0.164612,0.59118,0.40882,0.124027,0.121143
105,30,0.327292,0.155601,0.144923,0.207468,0.164715,0.591176,0.408824,0.1267,0.124603
106,30,0.327727,0.155669,0.144258,0.207559,0.164787,0.59112,0.40888,0.116462,0.11434
107,24,0.32771,0.155661,0.144303,0.207548,0.164778,0.591042,0.408958,0.129477,0.131156
108,24,0.327793,0.155795,0.143764,0.207727,0.16492,0.591001,0.408999,0.133193,0.132638
109,24,0.327861,0.155828,0.143586,0.20777,0.164955,0.590983,0.409017,0.115644,0.110665
110,30,0.328011,0.155884,0.143244,0.207846,0.165014,0.590977,0.409023,0.126484,0.12451
111,24,0.328114,0.156028,0.142654,0.208037,0.165167,0.590938,0.409062,0.125046,0.124368
112,24,0.328687,0.156072,0.141931,0.208097,0.165213,0.590766,0.409234,0.112458,0.118224
113,30,0.328891,0.156169,0.141398,0.208226,0.165316,0.590762,0.409238,0.126687,0.1246
114,30,0.329183,0.15614,0.141206,0.208187,0.165285,0.590562,0.409438,0.113617,0.119983
115,30,0.329791,0.156202,0.140386,0.20827,0.165351,0.59026,0.40974,0.105435,0.113941
116,24,0.329767,0.156238,0.14004,0.208317,0.165637,0.590219,0.409781,0.123218,0.116765
117,24,0.330204,0.156445,0.1389,0.208594,0.165857,0.590224,0.409776,0.124606,0.12144
118,24,0.330433,0.156549,0.138069,0.208733,0.166216,0.590222,0.409778,0.123962,0.121136
119,30,0.330555,0.156538,0.137771,0.208717,0.166419,0.590132,0.409868,0.123808,0.12518
120,24,0.330636,0.156576,0.137313,0.208768,0.166707,0.590129,0.409871,0.123804,0.121115
121,24,0.330639,0.156672,0.136735,0.208896,0.167058,0.590086,0.409914,0.132966,0.132541
122,24,0.330679,0.156592,0.136966,0.20879,0.166973,0.589867,0.410133,0.117284,0.123496
123,24,0.330765,0.156727,0.136421,0.20897,0.167117,0.58983,0.41017,0.1252,0.124443
124,30,0.331136,0.156889,0.135501,0.209185,0.167289,0.589819,0.410181,0.120541,0.116432
125,30,0.331132,0.156887,0.135511,0.209183,0.167287,0.589807,0.410193,0.125886,0.124259
126,30,0.332015,0.156774,0.135013,0.209031,0.167167,0.589424,0.410576,0.09568,0.112077
127,30,0.331722,0.156635,0.135779,0.208846,0.167018,0.589357,0.410643,0.125293,0.126915
128,24,0.331892,0.156715,0.135335,0.208954,0.167104,0.589288,0.410712,0.130304,0.131511
129,30,0.331907,0.156722,0.135296,0.208963,0.167112,0.589137,0.410863,0.129259,0.133377
130,30,0.331903,0.156721,0.135306,0.208961,0.16711,0.589125,0.410875,0.125886,0.124259
131,30,0.332525,0.156815,0.134364,0.209086,0.16721,0.589018,0.410982,0.116927,0.119854
132,24,0.332946,0.157013,0.133268,0.209351,0.167422,0.589025,0.410975,0.124737,0.12152
133,30,0.332961,0.15702,0.133229,0.20936,0.167429,0.588874,0.411126,0.129257,0.133374
134,24,0.333413,0.156984,0.132899,0.209313,0.167391,0.588565,0.411435,0.109136,0.118866
135,30,0.33363,0.156987,0.132672,0.209316,0.167394,0.588396,0.411604,0.116567,0.121231
136,24,0.333966,0.157145,0.131801,0.209526,0.167562,0.588334,0.411666,0.122633,0.123451
137,24,0.333971,0.157241,0.131219,0.209655,0.167914,0.588295,0.411705,0.12496,0.12435
138,30,0.333809,0.157225,0.131436,0.209634,0.167896,0.588302,0.411698,0.137808,0.129671
139,24,0.334052,0.157168,0.131388,0.209557,0.167835,0.588082,0.411918,0.117082,0.1234
140,30,0.33386,0.156999,0.131937,0.209333,0.16787,0.58797,0.41203,0.131887,0.13609
141,24,0.333865,0.157096,0.131356,0.209461,0.168222,0.587931,0.412069,0.12496,0.124346
142,30,0.334155,0.157188,0.130753,0.209584,0.16832,0.587919,0.412081,0.117174,0.111479
143,24,0.334489,0.157341,0.129899,0.209787,0.168484,0.587917,0.412083,0.123953,0.121116
144,30,0.334204,0.157207,0.130639,0.209609,0.168341,0.587837,0.412163,0.13508,0.137473
145,30,0.334777,0.157209,0.129646,0.209612,0.168756,0.587719,0.412281,0.1158,0.119288
146,24,0.335273,0.157127,0.12943,0.209503,0.168667,0.5874,0.4126,0.108228,0.11827
147,24,0.335493,0.157226,0.128873,0.209634,0.168774,0.587382,0.412618,0.11572,0.110443
148,24,0.335735,0.157169,0.128826,0.209558,0.168712,0.587332,0.412668,0.109077,0.105397
149,24,0.335803,0.157201,0.128649,0.209601,0.168746,0.587315,0.412685,0.115603,0.110671
150,30,0.335955,0.157257,0.128304,0.209676,0.168807,0.587309,0.412691,0.126439,0.124507
151,24,0.336875,0.157366,0.127015,0.209821,0.168924,0.587172,0.412828,0.11114,0.114855
152,24,0.33687,0.157456,0.126711,0.209942,0.169021,0.587031,0.412969,0.12477,0.126756
153,24,0.337116,0.157572,0.125823,0.210095,0.169393,0.587031,0.412969,0.12409,0.121238
154,30,0.337071,0.15761,0.125325,0.210147,0.169847,0.587083,0.412917,0.128369,0.117639
155,30,0.337518,0.157559,0.125051,0.210079,0.169792,0.586843,0.413157,0.119435,0.125513
156,24,0.337525,0.157656,0.124466,0.210208,0.170145,0.586801,0.413199,0.132934,0.132522
157,24,0.337831,0.157794,0.123441,0.210392,0.170542,0.586732,0.413268,0.122015,0.123013
158,30,0.33802,0.157819,0.122755,0.210425,0.170982,0.586639,0.413361,0.116847,0.1183
159,24,0.338475,0.158031,0.121574,0.210708,0.171212,0.586579,0.413421,0.122764,0.123499
160,30,0.338299,0.158009,0.121826,0.210679,0.171188,0.586629,0.413371,0.128086,0.11751
161,30,0.338714,0.157938,0.121653,0.210584,0.171111,0.586504,0.413496,0.115134,0.118994
162,30,0.339268,0.158049,0.12072,0.210732,0.171231,0.586229,0.413771,0.107557,0.11523
163,30,0.339857,0.158115,0.119906,0.21082,0.171302,0.586007,0.413993,0.121046,0.12641
164,30,0.340612,0.158173,0.118951,0.210898,0.171366,0.585911,0.414089,0.102099,0.099607
165,24,0.341452,0.158251,0.117845,0.211002,0.17145,0.585752,0.414248,0.102707,0.103381
166,30,0.341786,0.158194,0.117293,0.210926,0.171801,0.585585,0.414415,0.109163,0.115494
167,24,0.342148,0.158362,0.116357,0.211149,0.171983,0.585521,0.414479,0.122362,0.123312
168,30,0.342226,0.158398,0.115941,0.211198,0.172237,0.585375,0.414625,0.129643,0.133519
169,24,0.342236,0.158495,0.115351,0.211327,0.172591,0.585333,0.414667,0.132906,0.132516
170,24,0.342455,0.158373,0.11555,0.211164,0.172458,0.585148,0.414852,0.11936,0.125909
171,24,0.34292,0.158588,0.114102,0.21145,0.17294,0.585154,0.414846,0.124564,0.121452
172,30,0.342577,0.158608,0.114374,0.211478,0.172963,0.58516,0.41484,0.132787,0.129707
173,24,0.342672,0.158745,0.113812,0.21166,0.173112,0.585123,0.414877,0.125087,0.124387
174,30,0.342599,0.158711,0.114,0.211615,0.173075,0.585064,0.414936,0.11939,0.120549
175,24,0.342609,0.158808,0.113409,0.211744,0.173429,0.585022,0.414978,0.132906,0.132512
176,24,0.342618,0.158905,0.112818,0.211874,0.173784,0.58498,0.41502,0.132893,0.132512
177,30,0.342836,0.159006,0.112256,0.212008,0.173894,0.584851,0.415149,0.120157,0.123091
178,30,0.343207,0.15908,0.111417,0.212107,0.17419,0.58467,0.41533,0.126434,0.131793
179,30,0.343142,0.159087,0.111242,0.212116,0.174413,0.584616,0.415384,0.119847,0.120748
180,30,0.343147,0.159089,0.11123,0.212119,0.174415,0.58448,0.41552,0.119519,0.122795
181,24,0.34387,0.159201,0.110122,0.212269,0.174538,0.584311,0.415689,0.112551,0.118187
182,24,0.344037,0.159278,0.109691,0.212371,0.174623,0.584297,0.415703,0.115713,0.110758
183,24,0.344274,0.159384,0.108843,0.212512,0.174987,0.584294,0.415706,0.123754,0.121057
184,24,0.345046,0.159517,0.107613,0.21269,0.175133,0.584123,0.415877,0.112365,0.118134
185,30,0.345568,0.159547,0.10699,0.212729,0.175166,0.583963,0.416037,0.109784,0.115739
186,24,0.345637,0.159579,0.106812,0.212772,0.175201,0.583947,0.416053,0.11555,0.110686
187,30,0.345556,0.159541,0.106609,0.212722,0.175572,0.583966,0.416034,0.119323,0.113519
188,30,0.345772,0.159543,0.106387,0.212724,0.175574,0.583797,0.416203,0.116452,0.121141
189,24,0.34584,0.159575,0.10621,0.212766,0.175609,0.583793,0.416207,0.123609,0.121038
190,30,0.346162,0.15969,0.105277,0.21292,0.175951,0.583829,0.416171,0.120004,0.110855
191,30,0.346316,0.159747,0.104928,0.212996,0.176013,0.583823,0.416177,0.126379,0.124488
192,30,0.346867,0.159739,0.104405,0.212985,0.176004,0.583705,0.416295,0.115774,0.119256
193,24,0.346794,0.159797,0.103783,0.213062,0.176565,0.583663,0.416337,0.124596,0.124196
194,24,0.346871,0.159832,0.103584,0.213109,0.176604,0.583494,0.416506,0.121672,0.125757
195,24,0.347697,0.159895,0.102542,0.213193,0.176673,0.583353,0.416647,0.110574,0.114575
196,24,0.347864,0.159972,0.102109,0.213296,0.176759,0.583339,0.416661,0.11569,0.110759
197,30,0.348169,0.160112,0.101324,0.213483,0.176913,0.583324,0.416676,0.119955,0.116214
198,30,0.348349,0.160162,0.10097,0.21355,0.176969,0.58338,0.41662,0.126303,0.115754
199,24,0.348362,0.16026,0.100372,0.21368,0.177325,0.58334,0.41666,0.124798,0.124268
200,24,0.348602,0.160367,0.099518,0.213822,0.177691,0.583337,0.416663,0.123689,0.121039
201,24,0.34868,0.160448,0.09891,0.213931,0.17803,0.5833,0.4167,0.123226,0.116793
202,30,0.349417,0.160565,0.097772,0.214086,0.178159,0.583133,0.416867,0.098465,0.099289
203,24,0.349771,0.160727,0.09661,0.214303,0.178588,0.583136,0.416864,0.12422,0.12132
204,24,0.349934,0.160802,0.095941,0.214403,0.17892,0.583067,0.416933,0.121829,0.123093
205,24,0.350437,0.160811,0.095409,0.214414,0.178929,0.582889,0.417111,0.111686,0.117826
206,24,0.351364,0.16092,0.094107,0.214559,0.17905,0.58275,0.41725,0.110808,0.114674
207,30,0.351502,0.160983,0.093535,0.214644,0.179336,0.582756,0.417244,0.126313,0.121205
208,30,0.351567,0.161013,0.093368,0.214683,0.179369,0.582786,0.417214,0.119388,0.110621
209,30,0.352293,0.161065,0.092461,0.214753,0.179427,0.582689,0.417311,0.115839,0.117097
210,24,0.352373,0.161147,0.091849,0.214863,0.179767,0.582712,0.417288,0.123337,0.115816
211,24,0.352602,0.161248,0.091272,0.214998,0.17988,0.582694,0.417306,0.115497,0.110372
212,24,0.352573,0.161235,0.0911,0.21498,0.180113,0.582622,0.417378,0.129802,0.131279
213,30,0.352702,0.161294,0.090354,0.215058,0.180591,0.582603,0.417397,0.119527,0.116068
214,24,0.352805,0.161432,0.089773,0.215243,0.180746,0.582563,0.417437,0.133048,0.132577
215,30,0.353181,0.161392,0.089337,0.21519,0.1809,0.582425,0.417575,0.109224,0.109543
216,30,0.353583,0.161058,0.090091,0.214744,0.180525,0.582022,0.417978,0.104506,0.122079
217,30,0.353307,0.16095,0.090522,0.2146,0.18062,0.58204,0.41796,0.125875,0.120118
218,24,0.35378,0.161166,0.089305,0.214888,0.180861,0.581977,0.418023,0.122447,0.123358
219,24,0.354223,0.16106,0.089226,0.214747,0.180743,0.58166,0.41834,0.10813,0.118134
220,24,0.354454,0.161161,0.088648,0.214881,0.180856,0.581642,0.418358,0.115476,0.11036
221,24,0.354624,0.161238,0.088211,0.214984,0.180943,0.581641,0.418359,0.123883,0.121177
222,24,0.354552,0.161297,0.087584,0.215062,0.181505,0.581596,0.418404,0.132604,0.132387
223,24,0.354722,0.161374,0.087148,0.215165,0.181592,0.581582,0.418418,0.115629,0.110754
224,30,0.354639,0.161336,0.087361,0.215115,0.181549,0.581446,0.418554,0.119404,0.122737
225,30,0.355791,0.161311,0.086295,0.215082,0.181521,0.581081,0.418919,0.090435,0.1058
226,24,0.355761,0.161298,0.086124,0.215064,0.181754,0.581009,0.418991,0.129787,0.131274
227,30,0.355695,0.161304,0.085953,0.215072,0.181976,0.580955,0.419045,0.119754,0.120705
228,24,0.355865,0.161381,0.085515,0.215175,0.182063,0.580941,0.419059,0.11563,0.110757
229,24,0.356138,0.161505,0.084814,0.21534,0.182203,0.580873,0.419127,0.121883,0.123098
230,30,0.356129,0.161501,0.084838,0.215334,0.182198,0.580914,0.419086,0.125986,0.118931
231,30,0.356477,0.161388,0.084879,0.215184,0.182071,0.580593,0.419407,0.102978,0.112714
232,24,0.356722,0.161495,0.084016,0.215327,0.18244,0.580589,0.419411,0.123594,0.120997
233,30,0.356682,0.161553,0.083657,0.215404,0.182704,0.580618,0.419382,0.121875,0.115259
234,24,0.357373,0.161647,0.082393,0.215529,0.183058,0.580443,0.419557,0.111822,0.117858
235,24,0.358426,0.16151,0.081813,0.215347,0.182904,0.580155,0.419845,0.096468,0.107545
236,24,0.358553,0.161658,0.081175,0.215543,0.18307,0.580116,0.419884,0.124804,0.124267
237,30,0.359309,0.161807,0.079902,0.215743,0.18324,0.579917,0.420083,0.106519,0.113187
238,24,0.359644,0.161954,0.079055,0.215939,0.183407,0.579915,0.420085,0.12378,0.121085
239,30,0.359502,0.162066,0.078812,0.216088,0.183533,0.579985,0.420015,0.120309,0.11099
240,30,0.359417,0.162027,0.079029,0.216037,0.183489,0.579927,0.420073,0.119415,0.120554
241,30,0.359407,0.162023,0.079055,0.216031,0.183484,0.579918,0.420082,0.125998,0.124334
242,24,0.359923,0.161877,0.079045,0.215836,0.183319,0.579581,0.420419,0.106578,0.116564
243,30,0.360256,0.162063,0.078067,0.216084,0.18353,0.579442,0.420558,0.130113,0.133685
244,30,0.360171,0.162025,0.078285,0.216033,0.183486,0.579384,0.420616,0.119413,0.120554
245,30,0.361257,0.162114,0.076888,0.216152,0.183588,0.579117,0.420883,0.096604,0.103401
246,24,0.361514,0.16223,0.076232,0.216306,0.183718,0.57905,0.42095,0.121953,0.123126
247,24,0.361624,0.162369,0.07564,0.216492,0.183876,0.57901,0.42099,0.133021,0.132557
248,30,0.361608,0.162507,0.075178,0.216676,0.184032,0.578972,0.421028,0.135469,0.129961
249,24,0.361686,0.162542,0.074978,0.216722,0.184072,0.578805,0.421195,0.121638,0.125711
250,30,0.361752,0.162659,0.074506,0.216878,0.184204,0.578836,0.421164,0.139841,0.130399
251,24,0.361986,0.16276,0.07392,0.217014,0.184319,0.578818,0.421182,0.115375,0.110336
252,30,0.362081,0.162838,0.073555,0.217118,0.184408,0.578689,0.421311,0.119988,0.122987
253,24,0.362377,0.162821,0.073071,0.217095,0.184636,0.578517,0.421483,0.120424,0.126384
254,30,0.362535,0.162878,0.072716,0.21717,0.184701,0.578511,0.421489,0.126295,0.124462
255,30,0.362843,0.162947,0.072168,0.217263,0.184779,0.578486,0.421514,0.119959,0.114573
256,24,0.363457,0.162912,0.071676,0.217216,0.184739,0.578341,0.421659,0.110081,0.114329
257,24,0.363569,0.163052,0.07108,0.217402,0.184898,0.578372,0.421628,0.116593,0.108794
258,24,0.363681,0.163191,0.070484,0.217588,0.185056,0.578332,0.421668,0.133003,0.132547
259,24,0.363759,0.163226,0.070284,0.217635,0.185096,0.578261,0.421739,0.129897,0.131296
260,24,0.363871,0.163366,0.069687,0.217822,0.185254,0.578221,0.421779,0.133003,0.132547
261,30,0.364444,0.163417,0.068939,0.217889,0.185311,0.578059,0.421941,0.109464,0.115546
262,30,0.365068,0.163508,0.068,0.21801,0.185415,0.577757,0.422243,0.104611,0.113512
263,30,0.365077,0.163512,0.067976,0.218016,0.185419,0.577611,0.422389,0.129374,0.133355
264,24,0.365659,0.163773,0.066489,0.218364,0.185715,0.577615,0.422385,0.124305,0.121374
265,30,0.365899,0.16388,0.065877,0.218507,0.185837,0.577618,0.422382,0.113198,0.108547
266,30,0.366067,0.16403,0.065188,0.218707,0.186008,0.577652,0.422348,0.122321,0.115456
267,30,0.366667,0.164005,0.064677,0.218673,0.185978,0.577326,0.422674,0.102426,0.112084
268,24,0.367009,0.164154,0.063819,0.218871,0.186147,0.577324,0.422676,0.123673,0.121044
269,30,0.367018,0.164158,0.063796,0.218877,0.186152,0.577178,0.422822,0.129382,0.133346
270,30,0.367153,0.164123,0.063567,0.21883,0.186327,0.577008,0.422992,0.116082,0.120924
271,30,0.367065,0.164083,0.063792,0.218778,0.186282,0.576874,0.423126,0.119429,0.122722
272,30,0.367332,0.16422,0.06305,0.21896,0.186438,0.576825,0.423175,0.12,0.115981
273,30,0.368034,0.164195,0.062436,0.218926,0.186409,0.576557,0.423443,0.096339,0.103224
274,24,0.368259,0.164132,0.062428,0.218843,0.186338,0.57651,0.42349,0.108887,0.10538
275,30,0.368482,0.164232,0.06186,0.218976,0.186451,0.576492,0.423508,0.125286,0.123716
276,24,0.368747,0.16435,0.060936,0.219133,0.186834,0.576491,0.423509,0.123723,0.121125
277,30,0.369064,0.164438,0.060314,0.219251,0.186934,0.576229,0.423771,0.108294,0.115441
278,24,0.369316,0.164547,0.059437,0.219395,0.187305,0.576224,0.423776,0.123417,0.120937
279,30,0.369315,0.164546,0.059438,0.219395,0.187305,0.576091,0.423909,0.119507,0.122754
280,30,0.36981,0.164223,0.060068,0.218963,0.186936,0.575685,0.424315,0.103866,0.121637
281,24,0.370536,0.164238,0.059288,0.218984,0.186954,0.575543,0.424457,0.110251,0.114359
282,30,0.371051,0.164278,0.058634,0.219037,0.187,0.575255,0.424745,0.105866,0.114009
283,30,0.371398,0.16421,0.058113,0.218946,0.187333,0.575084,0.424916,0.108529,0.115114
284,24,0.371535,0.164359,0.057458,0.219145,0.187504,0.575045,0.424955,0.124718,0.124226
285,24,0.3719,0.164517,0.056544,0.219355,0.187684,0.575042,0.424958,0.123555,0.120993
286,24,0.372765,0.164686,0.055092,0.219581,0.187876,0.574868,0.425132,0.111857,0.117782
287,30,0.372752,0.16468,0.055126,0.219573,0.18787,0.57486,0.42514,0.126047,0.124364
288,24,0.373118,0.164838,0.05421,0.219784,0.18805,0.574857,0.425143,0.12354,0.120986
289,24,0.373201,0.164875,0.053751,0.219833,0.18834,0.574854,0.425146,0.123553,0.121055
290,30,0.373425,0.164974,0.053183,0.219965,0.188453,0.574849,0.425151,0.126362,0.124505
291,24,0.373504,0.165008,0.052984,0.220011,0.188493,0.574851,0.425149,0.113429,0.10781
292,30,0.373878,0.164969,0.052745,0.219959,0.188448,0.574685,0.425315,0.115652,0.121977
293,24,0.373987,0.165061,0.052068,0.220082,0.188802,0.574645,0.425355,0.131227,0.127622
294,30,0.373694,0.164967,0.052277,0.219956,0.189106,0.574586,0.425414,0.135584,0.134372
295,24,0.374012,0.16506,0.05139,0.220079,0.18946,0.574583,0.425417,0.121919,0.11612
296,30,0.374074,0.165144,0.051035,0.220192,0.189556,0.574693,0.425307,0.121921,0.108273
297,24,0.374089,0.16515,0.050995,0.220201,0.189564,0.574622,0.425378,0.129854,0.131263
298,24,0.374168,0.165185,0.050796,0.220247,0.189604,0.574552,0.425448,0.129896,0.131282
299,30,0.373827,0.165035,0.051249,0.220046,0.189843,0.574569,0.425431,0.125479,0.120015
300,24,0.373906,0.165069,0.051049,0.220093,0.189883,0.574403,0.425597,0.121615,0.125667
301,30,0.374142,0.165174,0.050451,0.220231,0.190003,0.574388,0.425612,0.119663,0.116151
302,24,0.374113,0.165161,0.050523,0.220215,0.189988,0.57439,0.42561,0.113343,0.10778
303,24,0.374582,0.165368,0.049332,0.220491,0.190226,0.574392,0.425608,0.124057,0.121281
304,24,0.374568,0.165362,0.049121,0.220482,0.190467,0.574321,0.425679,0.121446,0.122908
305,30,0.374978,0.165529,0.048127,0.220705,0.19066,0.574307,0.425693,0.119824,0.116235
306,24,0.375253,0.165647,0.047195,0.220862,0.191043,0.574301,0.425699,0.123264,0.120881
307,30,0.375717,0.165757,0.046346,0.221009,0.191171,0.574269,0.425731,0.109809,0.106747
308,30,0.376309,0.165889,0.04508,0.221185,0.191538,0.574216,0.425784,0.116108,0.114258
309,30,0.376216,0.165848,0.045315,0.221131,0.191491,0.57416,0.42584,0.119448,0.120558
310,24,0.376294,0.165883,0.045116,0.221177,0.191531,0.573994,0.426006,0.121608,0.125669
311,24,0.377145,0.165952,0.043775,0.221269,0.191859,0.57385,0.42615,0.110006,0.114263
312,30,0.377511,0.165909,0.043561,0.221211,0.191809,0.573684,0.426316,0.108969,0.115283
313,30,0.37761,0.165987,0.043186,0.221316,0.1919,0.573555,0.426445,0.11986,0.12289
314,24,0.378352,0.166101,0.042048,0.221468,0.192031,0.573379,0.426621,0.111577,0.117637
315,30,0.378965,0.166131,0.041328,0.221509,0.192066,0.573214,0.426786,0.109049,0.115331
316,24,0.379034,0.166162,0.041154,0.221549,0.192101,0.573212,0.426788,0.123629,0.121093
317,24,0.379294,0.166041,0.041314,0.221388,0.191962,0.573038,0.426962,0.108966,0.110816
318,30,0.379806,0.166063,0.040728,0.221417,0.191987,0.572874,0.427126,0.109138,0.115352
319,24,0.379856,0.166172,0.040049,0.221562,0.192361,0.572832,0.427168,0.124414,0.124093
320,30,0.380083,0.166272,0.039473,0.221695,0.192477,0.572814,0.427186,0.125226,0.123695
321,30,0.379989,0.166231,0.039298,0.221641,0.192841,0.572898,0.427102,0.11903,0.107325
322,30,0.380137,0.166295,0.038925,0.221727,0.192916,0.572768,0.427232,0.119679,0.122816
323,24,0.380543,0.166375,0.037991,0.221834,0.193257,0.572725,0.427275,0.119546,0.119211
324,30,0.380517,0.166196,0.038644,0.221595,0.193049,0.57256,0.42744,0.126516,0.133413
325,24,0.380662,0.166346,0.037974,0.221795,0.193223,0.572521,0.427479,0.124638,0.124196
326,24,0.380731,0.166376,0.037799,0.221835,0.193258,0.572508,0.427492,0.115397,0.110727
327,30,0.381212,0.166587,0.036583,0.222116,0.193503,0.572495,0.427505,0.119845,0.11625
328,24,0.38139,0.166665,0.036133,0.22222,0.193593,0.572495,0.427505,0.123734,0.121149
329,24,0.381768,0.16683,0.035178,0.22244,0.193785,0.572428,0.427572,0.121848,0.123078
330,24,0.381894,0.166972,0.034553,0.22263,0.19395,0.572388,0.427612,0.132914,0.132501
331,30,0.381857,0.167012,0.034038,0.222683,0.194409,0.572404,0.427596,0.137912,0.1298
332,24,0.382141,0.167136,0.033073,0.222848,0.194801,0.572335,0.427665,0.1216,0.122959
333,30,0.38283,0.167093,0.032536,0.22279,0.194751,0.571993,0.428007,0.100441,0.111231
334,30,0.383269,0.167156,0.031463,0.222875,0.195237,0.571935,0.428065,0.115532,0.114006
335,24,0.383748,0.167366,0.030251,0.223154,0.195481,0.571936,0.428064,0.123904,0.121231
336,30,0.383935,0.167416,0.029888,0.223221,0.19554,0.571981,0.428019,0.126098,0.119024
337,24,0.383728,0.167369,0.03001,0.223159,0.195733,0.57194,0.42806,0.131046,0.127559
338,24,0.383761,0.167471,0.029375,0.223294,0.1961,0.571898,0.428102,0.124394,0.124098
339,30,0.384126,0.167393,0.028871,0.22319,0.19642,0.571796,0.428204,0.108302,0.109935
340,30,0.383957,0.16746,0.028589,0.22328,0.196714,0.571798,0.428202,0.125261,0.117673
341,24,0.384371,0.16764,0.027294,0.22352,0.197174,0.571729,0.428271,0.121596,0.122955
342,24,0.384198,0.167652,0.027427,0.223536,0.197188,0.571687,0.428313,0.132745,0.132431
343,24,0.384257,0.167678,0.027276,0.223571,0.197219,0.571618,0.428382,0.12994,0.13129
344,24,0.384518,0.167788,0.026379,0.223718,0.197596,0.571612,0.428388,0.123194,0.12086
345,30,0.38483,0.167686,0.026426,0.223582,0.197476,0.571444,0.428556,0.108703,0.115161
346,30,0.384895,0.167771,0.026063,0.223694,0.197576,0.571555,0.428445,0.121858,0.10829
347,24,0.385024,0.167914,0.025432,0.223885,0.197745,0.571418,0.428582,0.124581,0.126565
348,30,0.385015,0.16791,0.025455,0.22388,0.19774,0.571286,0.428714,0.119499,0.122737
349,24,0.385144,0.168053,0.024823,0.224071,0.197909,0.571246,0.428754,0.132887,0.132504
350,24,0.384791,0.1679,0.025715,0.223866,0.197728,0.57108,0.42892,0.121453,0.125587
351,24,0.38492,0.168043,0.025083,0.224057,0.197897,0.57104,0.42896,0.132887,0.132493
352,30,0.384925,0.16813,0.024573,0.224174,0.198198,0.571072,0.428928,0.139614,0.130368
353,30,0.38532,0.16821,0.023488,0.22428,0.198703,0.571033,0.428967,0.109009,0.106397
354,24,0.385691,0.168372,0.022547,0.224496,0.198895,0.571033,0.428967,0.123762,0.121166
355,24,0.38577,0.168406,0.022349,0.224541,0.198935,0.570868,0.429132,0.121585,0.125645
356,24,0.38596,0.168533,0.021712,0.22471,0.199085,0.570836,0.429164,0.123118,0.116768
357,30,0.385873,0.168537,0.021374,0.224716,0.199501,0.570729,0.429271,0.122529,0.123044
358,24,0.386158,0.168662,0.020401,0.224882,0.199897,0.570658,0.429342,0.129765,0.131223
359,30,0.386104,0.168672,0.020006,0.224896,0.200322,0.570599,0.429401,0.119116,0.120414
360,30,0.387175,0.168836,0.01836,0.225114,0.200515,0.57035,0.42965,0.097878,0.103876
361,30,0.387313,0.168896,0.017597,0.225195,0.200999,0.570329,0.429671,0.118995,0.115887
362,30,0.387295,0.168888,0.017643,0.225184,0.20099,0.570323,0.429677,0.126127,0.124422
363,30,0.387463,0.168893,0.017457,0.225191,0.200996,0.570227,0.429773,0.116097,0.11799
364,24,0.387898,0.168713,0.017657,0.224951,0.200781,0.569896,0.430104,0.10654,0.116407
365,30,0.387678,0.168635,0.018154,0.224846,0.200688,0.569921,0.430079,0.126218,0.120304
366,30,0.388037,0.168663,0.017692,0.224885,0.200722,0.569886,0.430114,0.109309,0.106552
367,24,0.388522,0.168874,0.016465,0.225166,0.200973,0.569887,0.430113,0.123795,0.121178
368,30,0.388495,0.168862,0.016534,0.22515,0.200959,0.569871,0.430129,0.119458,0.116108
369,24,0.388767,0.168981,0.015844,0.225308,0.2011,0.569803,0.430197,0.121643,0.122973
370,24,0.388802,0.169083,0.015201,0.225444,0.20147,0.569761,0.430239,0.12432,0.124057
371,24,0.389088,0.168996,0.015221,0.225328,0.201366,0.569581,0.430419,0.111056,0.117379
372,24,0.389335,0.168893,0.015337,0.225191,0.201244,0.569401,0.430599,0.119398,0.125707
373,24,0.390038,0.168988,0.014052,0.225317,0.201604,0.56922,0.43078,0.110957,0.117316
374,24,0.390171,0.169132,0.013412,0.225509,0.201776,0.569083,0.430917,0.124532,0.126521
375,24,0.390134,0.169116,0.013258,0.225488,0.202005,0.569012,0.430988,0.12966,0.131169
376,30,0.390477,0.169234,0.012498,0.225645,0.202146,0.569049,0.430951,0.119445,0.110744
377,30,0.390665,0.169284,0.012132,0.225712,0.202206,0.569094,0.430906,0.126059,0.11903
378,24,0.390798,0.169429,0.01149,0.225905,0.202378,0.569054,0.430946,0.132852,0.132479
379,30,0.390552,0.169356,0.011991,0.225808,0.202292,0.569015,0.430985,0.126307,0.124044
380,30,0.390656,0.169436,0.011607,0.225914,0.202387,0.568886,0.431114,0.119713,0.12282
381,30,0.390645,0.169431,0.011634,0.225908,0.202382,0.568755,0.431245,0.119503,0.122725
382,30,0.390626,0.169423,0.011681,0.225897,0.202372,0.568816,0.431184,0.126142,0.115815
383,30,0.391169,0.16944,0.01108,0.225919,0.202392,0.568502,0.431498,0.10281,0.112653
384,24,0.391303,0.169584,0.010437,0.226112,0.202564,0.568366,0.431634,0.12452,0.126515
385,30,0.392128,0.169476,0.009994,0.225968,0.202435,0.568075,0.431925,0.093711,0.101741
386,24,0.392072,0.169358,0.010219,0.22581,0.202542,0.567965,0.432035,0.125871,0.129453
387,24,0.392126,0.169334,0.009999,0.225779,0.202762,0.567962,0.432038,0.121601,0.115999
388,24,0.392449,0.169175,0.009991,0.225567,0.202818,0.567815,0.432185,0.109571,0.113999
389,30,0.392378,0.169078,0.009994,0.225437,0.203113,0.567702,0.432298,0.132067,0.134966
390,30,0.392581,0.16902,0.009997,0.22536,0.203043,0.567491,0.432509,0.104734,0.112651
391,24,0.392458,0.169053,0.010002,0.225404,0.203083,0.567451,0.432549,0.124527,0.124143
392,30,0.392372,0.169016,0.01022,0.225354,0.203038,0.567309,0.432691,0.129467,0.133326
393,24,0.392239,0.169045,0.010002,0.225393,0.203321,0.56717,0.43283,0.124266,0.126362
394,24,0.392082,0.16902,0.009999,0.22536,0.203539,0.567194,0.432806,0.122813,0.115723
395,24,0.392474,0.168895,0.01005,0.225193,0.203388,0.566886,0.433114,0.108088,0.117883
396,30,0.392711,0.168778,0.010224,0.225038,0.203248,0.566821,0.433179,0.115464,0.112693
397,24,0.392678,0.16885,0.010004,0.225133,0.203335,0.566685,0.433315,0.12451,0.126481
398,24,0.39246,0.168843,0.01,0.225124,0.203574,0.566547,0.433453,0.12427,0.12635
399,24,0.39246,0.168843,0.01,0.225123,0.203574,0.566479,0.433521,0.121612,0.122944
400,24,0.39246,0.168843,0.01,0.225123,0.203574,0.566411,0.433589,0.121587,0.122929
401,30,0.392257,0.168827,0.010257,0.225103,0.203555,0.566383,0.433617,0.138494,0.135443
402,24,0.392261,0.168829,0.01,0.225105,0.203805,0.566381,0.433619,0.123441,0.121037
403,30,0.392163,0.168787,0.010246,0.225049,0.203754,0.566315,0.433685,0.136138,0.137842
404,24,0.392041,0.16882,0.010002,0.225094,0.204043,0.566273,0.433727,0.13259,0.132354
405,30,0.391909,0.168798,0.009999,0.225064,0.20423,0.566131,0.433869,0.12948,0.133307
406,30,0.391926,0.168679,0.009993,0.224905,0.204497,0.565998,0.434002,0.125282,0.125783
407,24,0.392137,0.168612,0.010018,0.224816,0.204417,0.566087,0.433913,0.108737,0.095317
408,24,0.391777,0.168457,0.010928,0.224609,0.204229,0.566018,0.433982,0.129825,0.131213
409,30,0.39211,0.1686,0.010089,0.2248,0.204402,0.566004,0.433996,0.119545,0.116153
410,24,0.392144,0.168615,0.010001,0.22482,0.20442,0.565936,0.434064,0.129924,0.131266
411,30,0.391924,0.168621,0.01,0.224828,0.204626,0.56593,0.43407,0.12969,0.125262
412,30,0.391792,0.168598,0.009999,0.224798,0.204813,0.565933,0.434067,0.11284,0.108475
413,30,0.392015,0.168477,0.009993,0.224635,0.20488,0.565786,0.434214,0.115283,0.119537
414,30,0.392297,0.168397,0.009995,0.224529,0.204783,0.565621,0.434379,0.108934,0.115183
415,24,0.392203,0.168353,0.009997,0.22447,0.204977,0.565615,0.434385,0.123056,0.1208
416,24,0.391947,0.168286,0.009996,0.224381,0.205391,0.565637,0.434363,0.122572,0.11561
417,30,0.392226,0.168207,0.009995,0.224276,0.205295,0.565528,0.434472,0.116173,0.11941
418,30,0.3922,0.168213,0.01,0.224284,0.205303,0.56548,0.43452,0.11963,0.115819
419,24,0.392139,0.16823,0.010001,0.224307,0.205323,0.56545,0.43455,0.123064,0.116737
420,24,0.392048,0.168187,0.009997,0.224249,0.205519,0.565444,0.434556,0.123056,0.1208
421,30,0.392047,0.168187,0.01,0.224249,0.205518,0.565455,0.434545,0.119545,0.114491
422,30,0.391898,0.168059,0.009992,0.224079,0.205972,0.565477,0.434523,0.122149,0.113941
423,24,0.391895,0.168058,0.01,0.224077,0.20597,0.565477,0.434523,0.12367,0.121132
424,30,0.391462,0.167798,0.011359,0.22373,0.205651,0.56538,0.43462,0.133026,0.136434
425,30,0.392582,0.167826,0.010137,0.223769,0.205687,0.565088,0.434912,0.09356,0.101385
426,30,0.392759,0.167815,0.009999,0.223754,0.205673,0.564956,0.435044,0.100723,0.100581
427,24,0.392759,0.167815,0.01,0.223754,0.205673,0.564888,0.435112,0.129907,0.131241
428,30,0.392597,0.167746,0.009996,0.223661,0.205999,0.564868,0.435132,0.118928,0.115856
429,30,0.392718,0.167598,0.009991,0.223464,0.206229,0.564768,0.435232,0.108294,0.109872
430,24,0.392719,0.167595,0.01,0.22346,0.206225,0.564764,0.435236,0.12331,0.12092
431,30,0.392456,0.167554,0.009998,0.223406,0.206586,0.564792,0.435208,0.121285,0.115077
432,24,0.39287,0.16744,0.009993,0.223253,0.206445,0.564485,0.435515,0.108125,0.117812
433,24,0.393198,0.167347,0.009994,0.223129,0.206331,0.564351,0.435649,0.110751,0.114581
434,30,0.393116,0.167246,0.010437,0.222995,0.206206,0.564255,0.435745,0.122645,0.124547
435,30,0.393639,0.167222,0.009999,0.222963,0.206177,0.564137,0.435863,0.115347,0.11893
436,30,0.39359,0.167235,0.010001,0.222981,0.206193,0.563998,0.436002,0.129713,0.133386
437,30,0.393326,0.167195,0.009998,0.222926,0.206556,0.564028,0.435972,0.121516,0.115217
438,30,0.393494,0.167034,0.00999,0.222712,0.206769,0.563937,0.436063,0.114786,0.114617
439,24,0.393496,0.167031,0.01,0.222708,0.206765,0.563933,0.436067,0.123298,0.120908
440,24,0.393398,0.16699,0.009998,0.222653,0.206962,0.563931,0.436069,0.123453,0.121042
441,30,0.393349,0.167003,0.010001,0.22267,0.206977,0.563879,0.436121,0.119689,0.120624
442,30,0.393027,0.166899,0.01028,0.222533,0.207261,0.56382,0.43618,0.125664,0.12698
443,30,0.393132,0.166927,0.010076,0.22257,0.207295,0.563721,0.436279,0.133378,0.135601
444,30,0.393114,0.166953,0.010002,0.222604,0.207328,0.563593,0.436407,0.1197,0.12274
445,24,0.393408,0.166873,0.009995,0.222497,0.207228,0.563415,0.436585,0.11112,0.117293
446,24,0.393374,0.166858,0.01008,0.222478,0.20721,0.563347,0.436653,0.121558,0.122893
447,24,0.393187,0.166864,0.01,0.222485,0.207464,0.563306,0.436694,0.124268,0.124014
448,24,0.393823,0.166689,0.00999,0.222252,0.207247,0.563233,0.436767,0.097324,0.093056
449,24,0.394233,0.166573,0.009993,0.222098,0.207103,0.563079,0.436921,0.101886,0.102969
450,30,0.393831,0.166569,0.01,0.222091,0.207509,0.563089,0.436911,0.126133,0.123109
451,24,0.393865,0.166491,0.009995,0.221988,0.20766,0.56305,0.43695,0.119743,0.119353
452,24,0.393863,0.16649,0.01,0.221987,0.207659,0.563051,0.436949,0.12367,0.121132
453,24,0.393547,0.166441,0.009997,0.221922,0.208093,0.563007,0.436993,0.132334,0.132225
454,24,0.393453,0.166398,0.009997,0.221864,0.208287,0.563001,0.436999,0.123051,0.120794
455,30,0.393248,0.16608,0.011342,0.221441,0.20789,0.562875,0.437125,0.125224,0.126932
456,30,0.393147,0.166038,0.011595,0.221384,0.207836,0.562886,0.437114,0.119489,0.114471
457,24,0.393226,0.166071,0.011397,0.221428,0.207878,0.562891,0.437109,0.113278,0.107829
458,24,0.393614,0.166235,0.010421,0.221647,0.208083,0.562824,0.437176,0.129961,0.131258
459,30,0.393544,0.166239,0.010261,0.221652,0.208303,0.562769,0.437231,0.119465,0.120523
460,24,0.393549,0.166241,0.01,0.221655,0.208554,0.562768,0.437232,0.123465,0.121054
461,30,0.394104,0.16609,0.009991,0.221453,0.208363,0.562507,0.437493,0.100181,0.107523
462,24,0.394002,0.166047,0.009997,0.221396,0.208558,0.562506,0.437494,0.123465,0.121043
463,24,0.394223,0.165986,0.009996,0.221314,0.208481,0.562448,0.437552,0.110809,0.108263
464,30,0.394357,0.165948,0.009998,0.221264,0.208433,0.562421,0.437579,0.114651,0.110392
465,24,0.394356,0.165948,0.01,0.221263,0.208433,0.562354,0.437646,0.12164,0.122924
466,24,0.394166,0.165864,0.009995,0.221152,0.208823,0.562346,0.437654,0.122792,0.120689
467,30,0.394069,0.165823,0.010237,0.221098,0.208772,0.562292,0.437708,0.119487,0.120531
468,30,0.393822,0.165753,0.010739,0.221004,0.208683,0.562255,0.437745,0.126302,0.124014
469,24,0.393957,0.165894,0.010096,0.221192,0.208861,0.562216,0.437784,0.132851,0.13246
470,24,0.394,0.165908,0.010001,0.221211,0.208879,0.562213,0.437787,0.12331,0.120919
471,24,0.394419,0.165794,0.009993,0.221058,0.208735,0.56207,0.43793,0.109795,0.114009
472,30,0.394058,0.165642,0.01049,0.220856,0.208955,0.562025,0.437975,0.125493,0.123647
473,24,0.394256,0.165722,0.010005,0.220962,0.209055,0.562022,0.437978,0.123301,0.120907
474,24,0.394197,0.165739,0.010001,0.220985,0.209077,0.562175,0.437825,0.11476,0.098255
475,30,0.394573,0.165399,0.010849,0.220531,0.208648,0.561863,0.438137,0.104558,0.115413
476,24,0.394597,0.165492,0.010489,0.220656,0.208766,0.561729,0.438271,0.124514,0.126414
477,24,0.39479,0.165573,0.010005,0.220764,0.208868,0.56173,0.43827,0.123727,0.121168
478,30,0.394537,0.165402,0.010871,0.220537,0.208653,0.561623,0.438377,0.132575,0.135119
479,24,0.394788,0.165504,0.010006,0.220672,0.209029,0.561617,0.438383,0.123042,0.120798
480,24,0.394693,0.165464,0.009998,0.220619,0.209226,0.561547,0.438453,0.129636,0.131106
481,30,0.394644,0.165477,0.010001,0.220636,0.209242,0.561408,0.438592,0.129665,0.133323
482,30,0.394493,0.16543,0.010105,0.220574,0.209398,0.561359,0.438641,0.119373,0.115717
483,24,0.394413,0.165481,0.010003,0.220641,0.209462,0.56132,0.43868,0.132839,0.132445
484,30,0.394326,0.165444,0.010221,0.220592,0.209416,0.56118,0.43882,0.129467,0.133234
485,30,0.39459,0.165433,0.009999,0.220577,0.209401,0.561116,0.438884,0.114876,0.113106
486,24,0.394469,0.165466,0.010002,0.220621,0.209443,0.561077,0.438923,0.132839,0.13245
487,30,0.394421,0.165479,0.010001,0.220639,0.20946,0.56095,0.43905,0.119689,0.12271
488,30,0.394571,0.165313,0.010038,0.220417,0.209661,0.560778,0.439222,0.114716,0.121377
489,24,0.394465,0.165352,0.010002,0.22047,0.209711,0.560739,0.439261,0.132839,0.132445
490,24,0.394345,0.165386,0.010002,0.220514,0.209753,0.560772,0.439228,0.11622,0.108733
491,30,0.394298,0.165399,0.010001,0.220532,0.20977,0.56072,0.43928,0.119689,0.120608
492,30,0.394615,0.165313,0.009995,0.220417,0.20966,0.560494,0.439506,0.108558,0.113895
493,24,0.394581,0.165298,0.01008,0.220398,0.209642,0.560333,0.439667,0.121558,0.12548
494,24,0.394394,0.165304,0.01,0.220405,0.209897,0.560292,0.439708,0.132593,0.132337
495,30,0.394146,0.165233,0.010502,0.220311,0.209807,0.560239,0.439761,0.126302,0.127244
496,24,0.394094,0.165211,0.010635,0.220281,0.209779,0.560171,0.439829,0.129873,0.131197
497,30,0.393972,0.165324,0.010349,0.220432,0.209923,0.560112,0.439888,0.126774,0.125215
498,24,0.394343,0.16525,0.009996,0.220334,0.210077,0.559977,0.440023,0.110561,0.114441
499,24,0.394248,0.165207,0.009997,0.220277,0.21027,0.559971,0.440029,0.123046,0.120792
500,24,0.394155,0.165165,0.009997,0.22022,0.210463,0.559965,0.440035,0.123046,0.120793
501,24,0.393837,0.165115,0.009997,0.220154,0.210896,0.559922,0.440078,0.124015,0.123886
502,30,0.393836,0.165115,0.01,0.220153,0.210896,0.55991,0.44009,0.119531,0.116133
503,30,0.393825,0.16511,0.010028,0.220147,0.21089,0.559781,0.440219,0.119498,0.122608
504,24,0.393739,0.165074,0.009998,0.220099,0.211091,0.55978,0.44022,0.123448,0.121048
505,24,0.393706,0.165015,0.009996,0.22002,0.211263,0.55978,0.44022,0.121588,0.116001
506,30,0.39414,0.164896,0.009993,0.219861,0.211111,0.559548,0.440452,0.104322,0.113018
507,24,0.39404,0.164854,0.009997,0.219805,0.211304,0.559478,0.440522,0.129656,0.131104
508,24,0.394331,0.164774,0.009995,0.219698,0.211202,0.559201,0.440799,0.11104,0.118524
509,24,0.39449,0.164729,0.009997,0.219639,0.211145,0.559127,0.440873,0.118527,0.114225
510,30,0.394252,0.164793,0.010004,0.219724,0.211227,0.559057,0.440943,0.136765,0.135835
511,24,0.394959,0.164602,0.009988,0.219469,0.210981,0.55874,0.44126,0.097574,0.110239
512,30,0.394996,0.164553,0.01013,0.219404,0.210919,0.558646,0.441354,0.115981,0.117823
513,30,0.395716,0.164392,0.00999,0.219189,0.210712,0.558352,0.441648,0.098078,0.110177
514,24,0.395747,0.164204,0.01064,0.218939,0.210472,0.558173,0.441827,0.119284,0.125445
515,30,0.395762,0.164243,0.010482,0.218991,0.210522,0.55811,0.44189,0.136314,0.13787
516,30,0.396064,0.164234,0.009999,0.218978,0.210725,0.558057,0.441943,0.115645,0.11402
517,30,0.396307,0.164109,0.009992,0.218812,0.210779,0.557926,0.442074,0.114082,0.11797
518,30,0.396582,0.164032,0.009995,0.21871,0.210681,0.557817,0.442183,0.116079,0.119281
519,24,0.396361,0.164024,0.009999,0.218698,0.210917,0.557776,0.442224,0.132584,0.13232
520,24,0.39624,0.164056,0.010002,0.218742,0.21096,0.557738,0.442262,0.132855,0.132435
521,30,0.396407,0.1639,0.00999,0.218533,0.211169,0.557616,0.442384,0.114747,0.118585
522,24,0.396436,0.163822,0.009995,0.21843,0.211317,0.557509,0.442491,0.117663,0.121073
523,24,0.396434,0.163821,0.01,0.218429,0.211316,0.557443,0.442557,0.121657,0.122901
524,30,0.396611,0.163773,0.009997,0.218365,0.211254,0.557266,0.442734,0.125894,0.131212
525,30,0.396399,0.163719,0.009997,0.218291,0.211595,0.557267,0.442733,0.112432,0.108285
526,24,0.396179,0.16371,0.009999,0.21828,0.211831,0.557227,0.442773,0.124283,0.124002
527,24,0.396183,0.163709,0.01,0.218278,0.21183,0.557214,0.442786,0.114986,0.110188
528,24,0.396502,0.163555,0.009991,0.218074,0.211878,0.557069,0.442931,0.109501,0.113805
529,30,0.3964,0.163513,0.010245,0.218018,0.211824,0.557015,0.442985,0.119487,0.120505
530,24,0.396036,0.163363,0.011154,0.217817,0.211629,0.556947,0.443053,0.129825,0.131152
531,30,0.396008,0.163351,0.011225,0.217802,0.211614,0.556989,0.443011,0.119468,0.110811
532,30,0.396408,0.163516,0.01001,0.218022,0.212043,0.556976,0.443024,0.119376,0.116058
533,30,0.396176,0.163582,0.010004,0.218109,0.212128,0.556918,0.443082,0.126802,0.125215
534,30,0.395897,0.163601,0.010001,0.218134,0.212367,0.556888,0.443112,0.135216,0.129842
535,30,0.395633,0.163561,0.009998,0.218081,0.212727,0.556856,0.443144,0.137902,0.13514
536,24,0.395511,0.163593,0.010002,0.218124,0.212769,0.556818,0.443182,0.124547,0.124113
537,24,0.395804,0.163515,0.009995,0.218019,0.212667,0.556641,0.443359,0.111045,0.117138
538,30,0.395968,0.163461,0.010026,0.217948,0.212597,0.556591,0.443409,0.115848,0.114099
539,24,0.395759,0.163457,0.01,0.217943,0.21284,0.556551,0.443449,0.132592,0.132311
540,24,0.395921,0.163325,0.010319,0.217767,0.212668,0.556373,0.443627,0.119301,0.125422
541,30,0.396104,0.163192,0.010619,0.217589,0.212495,0.556312,0.443688,0.115398,0.1126
542,24,0.39607,0.163178,0.010704,0.217571,0.212477,0.556152,0.443848,0.121556,0.125413
543,24,0.396354,0.163292,0.010007,0.217722,0.212625,0.55615,0.44385,0.12331,0.120916
544,30,0.396194,0.163226,0.009996,0.217634,0.21295,0.55609,0.44391,0.118867,0.120222
545,24,0.395974,0.163217,0.009999,0.217623,0.213187,0.55605,0.44395,0.124283,0.123993
546,30,0.395811,0.16315,0.009996,0.217533,0.21351,0.556039,0.443961,0.125519,0.124145
547,30,0.395743,0.163109,0.009997,0.217479,0.213671,0.556025,0.443975,0.119295,0.116022
548,24,0.395621,0.163141,0.010002,0.217522,0.213714,0.555987,0.444013,0.132855,0.132427
549,30,0.395703,0.16312,0.009999,0.217493,0.213685,0.556055,0.443945,0.116596,0.106704
550,24,0.395604,0.163079,0.009998,0.217439,0.21388,0.555986,0.444014,0.121348,0.122754
551,30,0.395862,0.163009,0.009996,0.217345,0.213788,0.555878,0.444122,0.116135,0.119284
552,30,0.395728,0.162986,0.009999,0.217315,0.213973,0.555884,0.444116,0.112858,0.108489
553,30,0.395717,0.162982,0.010026,0.217309,0.213967,0.555756,0.444244,0.119498,0.122555
554,24,0.395629,0.162945,0.009998,0.217261,0.214167,0.555756,0.444244,0.12346,0.121039
555,24,0.39592,0.162866,0.009995,0.217155,0.214063,0.555579,0.444421,0.111091,0.117133
556,30,0.396248,0.162777,0.009994,0.217036,0.213945,0.555415,0.444585,0.115416,0.121598
557,24,0.396245,0.162776,0.01,0.217035,0.213944,0.555349,0.444651,0.129949,0.1312
558,30,0.396105,0.162703,0.009996,0.216937,0.214259,0.555257,0.444743,0.1228,0.124621
559,24,0.396515,0.162591,0.009993,0.216789,0.214112,0.554954,0.445046,0.108066,0.117483
560,30,0.396488,0.162597,0.01,0.216796,0.214119,0.555051,0.444949,0.119611,0.107703
561,24,0.396454,0.162583,0.010086,0.216777,0.214101,0.554984,0.445016,0.129866,0.13116
562,24,0.396488,0.162597,0.010001,0.216796,0.214119,0.554917,0.445083,0.129895,0.131176
563,24,0.396619,0.162562,0.009998,0.216749,0.214073,0.554812,0.445188,0.126156,0.129443
564,30,0.39637,0.162492,0.0105,0.216656,0.213982,0.55476,0.44524,0.126302,0.127215
565,30,0.396745,0.162526,0.010002,0.216701,0.214026,0.554711,0.445289,0.115963,0.114139
566,24,0.396625,0.162559,0.010002,0.216745,0.214069,0.554674,0.445326,0.124551,0.124101
567,30,0.396969,0.162467,0.009994,0.216622,0.213948,0.554442,0.445558,0.107538,0.113504
568,24,0.396846,0.162498,0.010002,0.216664,0.21399,0.554405,0.445595,0.124551,0.124107
569,24,0.396977,0.162463,0.009998,0.216618,0.213944,0.554301,0.445699,0.126172,0.129445
570,30,0.397072,0.162327,0.009992,0.216435,0.214175,0.554292,0.445708,0.108853,0.103211
571,30,0.3972,0.16229,0.009998,0.216386,0.214126,0.5541,0.4459,0.113185,0.11932
572,30,0.397199,0.162289,0.01,0.216386,0.214126,0.554089,0.445911,0.119487,0.116108
573,30,0.39709,0.162261,0.009998,0.216348,0.214303,0.554004,0.445996,0.129378,0.127837
574,30,0.396926,0.162194,0.009996,0.216258,0.214625,0.553871,0.446129,0.11887,0.122229
575,24,0.39693,0.162192,0.01,0.216256,0.214623,0.553869,0.446131,0.123297,0.120905
576,30,0.397122,0.162082,0.009993,0.21611,0.214693,0.553759,0.446241,0.115873,0.119136
577,24,0.397119,0.162081,0.01,0.216108,0.214691,0.553752,0.446248,0.115347,0.110743
578,30,0.397119,0.162081,0.01,0.216108,0.214691,0.553614,0.446386,0.129536,0.133169
579,30,0.397378,0.162012,0.009996,0.216016,0.214599,0.553507,0.446493,0.116139,0.119262
580,24,0.397256,0.162043,0.010002,0.216058,0.214641,0.55347,0.44653,0.132847,0.132421
581,30,0.397409,0.162003,0.009997,0.216004,0.214587,0.55335,0.44665,0.125978,0.125887
582,24,0.397408,0.162002,0.01,0.216003,0.214587,0.553284,0.446716,0.121612,0.122853
583,24,0.397736,0.161914,0.009995,0.215885,0.21447,0.553153,0.446847,0.110779,0.114441
584,30,0.397601,0.161891,0.009999,0.215855,0.214654,0.5531,0.4469,0.119456,0.120467
585,30,0.397489,0.161845,0.010279,0.215794,0.214594,0.552973,0.447027,0.119466,0.122502
586,24,0.397315,0.161856,0.010413,0.215808,0.214608,0.552935,0.447065,0.132806,0.132392
587,30,0.397276,0.16192,0.010004,0.215893,0.214907,0.553065,0.446935,0.122961,0.108862
588,30,0.397144,0.161899,0.009999,0.215865,0.215094,0.552938,0.447062,0.119487,0.122521
589,30,0.397491,0.161805,0.009994,0.21574,0.21497,0.552822,0.447178,0.115335,0.118784
590,30,0.397508,0.161799,0.01,0.215732,0.214961,0.552818,0.447182,0.126126,0.124411
591,24,0.397386,0.1616,0.010848,0.215467,0.214698,0.552611,0.447389,0.116971,0.122813
592,24,0.397466,0.161633,0.01065,0.21551,0.214741,0.552545,0.447455,0.129893,0.131158
593,24,0.398042,0.161586,0.009997,0.215448,0.214927,0.552402,0.447598,0.109564,0.113766
594,24,0.398046,0.161584,0.01,0.215446,0.214924,0.55239,0.44761,0.114972,0.110188
595,30,0.397912,0.161563,0.009999,0.215417,0.21511,0.552397,0.447603,0.11284,0.108484
596,24,0.397693,0.161555,0.01,0.215406,0.215347,0.552357,0.447643,0.124286,0.123983
597,30,0.397559,0.161533,0.009999,0.215377,0.215533,0.552219,0.447781,0.129467,0.133111
598,24,0.39746,0.161492,0.009998,0.215323,0.215727,0.552219,0.447781,0.123426,0.121029
599,30,0.397544,0.161407,0.010226,0.21521,0.215613,0.552188,0.447812,0.109183,0.106444
600,30,0.397503,0.161217,0.010967,0.214956,0.215358,0.552031,0.447969,0.116044,0.12191
601,30,0.398134,0.161083,0.010828,0.214777,0.215179,0.551819,0.448181,0.105841,0.11418
602,24,0.398365,0.161176,0.010006,0.214901,0.215552,0.551819,0.448181,0.123458,0.121053
603,24,0.398367,0.161177,0.01,0.214903,0.215553,0.551753,0.448247,0.121587,0.122831
604,24,0.398268,0.161137,0.009998,0.214849,0.215747,0.551685,0.448315,0.12968,0.131056
605,30,0.398047,0.161143,0.01,0.214857,0.215953,0.551734,0.448266,0.123061,0.115841
606,30,0.398289,0.160966,0.010406,0.214622,0.215717,0.551472,0.448528,0.106356,0.115592
607,24,0.398254,0.160953,0.010491,0.214603,0.215698,0.551314,0.448686,0.121558,0.125338
608,24,0.398438,0.161027,0.010035,0.214702,0.215798,0.551316,0.448684,0.123668,0.121139
609,24,0.399188,0.160835,0.009988,0.214447,0.215541,0.551045,0.448955,0.097133,0.10728
610,24,0.399811,0.160665,0.009989,0.21422,0.215313,0.550848,0.449152,0.097231,0.100182
611,30,0.399674,0.160642,0.009999,0.214189,0.215497,0.550721,0.449279,0.119469,0.122482
612,30,0.399571,0.160601,0.010253,0.214134,0.215441,0.550736,0.449264,0.119487,0.114486
613,24,0.399453,0.160634,0.010002,0.214178,0.215733,0.550603,0.449397,0.124262,0.126129
614,30,0.399454,0.160634,0.01,0.214178,0.215734,0.550611,0.449389,0.112874,0.108498
615,30,0.399342,0.160589,0.010277,0.214119,0.215674,0.550701,0.449299,0.112819,0.101689
616,24,0.399332,0.160666,0.010005,0.214221,0.215776,0.550665,0.449335,0.124559,0.124098
617,30,0.399046,0.16055,0.010715,0.214067,0.215622,0.550538,0.449462,0.119443,0.122471
618,24,0.399331,0.160665,0.010007,0.21422,0.215776,0.550541,0.449459,0.123698,0.121147
619,24,0.399235,0.160627,0.009998,0.214169,0.215972,0.550473,0.449527,0.121388,0.122733
620,30,0.399023,0.160573,0.009997,0.214097,0.216311,0.550416,0.449584,0.119024,0.120253
621,30,0.399003,0.160565,0.010045,0.214087,0.2163,0.550412,0.449588,0.126144,0.124423
622,24,0.398703,0.160525,0.009997,0.214033,0.216741,0.55037,0.44963,0.132326,0.132172
623,24,0.399314,0.160361,0.00999,0.213815,0.21652,0.550065,0.449935,0.098426,0.11045
624,24,0.39931,0.16036,0.01,0.213813,0.216518,0.550068,0.449932,0.12367,0.12114
625,30,0.399262,0.160372,0.010001,0.21383,0.216535,0.549944,0.450056,0.119722,0.122592
626,30,0.399098,0.160306,0.009996,0.213742,0.216858,0.549934,0.450066,0.125511,0.124134
627,30,0.398861,0.160369,0.010004,0.213825,0.216942,0.550012,0.449988,0.120168,0.111189
628,30,0.398847,0.160363,0.01004,0.213817,0.216934,0.550008,0.449992,0.126144,0.124423
629,30,0.3989,0.160306,0.009996,0.213742,0.217056,0.550027,0.449973,0.121317,0.113409
630,30,0.399197,0.160173,0.009992,0.213564,0.217073,0.549929,0.450071,0.100137,0.098541
631,30,0.399146,0.160185,0.010001,0.213579,0.217089,0.549878,0.450122,0.119691,0.120556
632,30,0.399293,0.160146,0.009998,0.213528,0.217036,0.549917,0.450083,0.122991,0.114856
633,24,0.399701,0.160036,0.009993,0.213382,0.216888,0.549616,0.450384,0.108009,0.117293
634,30,0.399908,0.159979,0.009996,0.213306,0.216811,0.549462,0.450538,0.109641,0.115328
635,30,0.399804,0.1599,0.010177,0.213201,0.216918,0.549367,0.450633,0.133038,0.136277
636,30,0.399913,0.159918,0.010001,0.213224,0.216943,0.549394,0.450606,0.123829,0.117773
637,30,0.399933,0.159913,0.01,0.213218,0.216936,0.54939,0.45061,0.126125,0.124417
638,24,0.399839,0.159872,0.009997,0.213163,0.217128,0.549386,0.450614,0.12304,0.120794
639,24,0.399838,0.159872,0.01,0.213163,0.217128,0.549321,0.450679,0.121657,0.122855
640,30,0.399752,0.159838,0.009998,0.213117,0.217296,0.54931,0.45069,0.119366,0.116046
641,30,0.400077,0.15975,0.009995,0.213001,0.217177,0.549218,0.450782,0.108652,0.109897
642,24,0.400075,0.15975,0.01,0.212999,0.217176,0.549227,0.450773,0.113263,0.107834
643,24,0.399856,0.159742,0.01,0.212989,0.217413,0.549188,0.450812,0.132587,0.132288
644,24,0.399856,0.159742,0.01,0.212989,0.217413,0.549122,0.450878,0.129907,0.131135
645,24,0.399736,0.159774,0.010002,0.213032,0.217457,0.549086,0.450914,0.124547,0.124082
646,30,0.399591,0.159703,0.009996,0.212938,0.217772,0.549076,0.450924,0.125453,0.124099
647,30,0.399566,0.159709,0.01,0.212945,0.21778,0.549086,0.450914,0.136239,0.129292
648,24,0.399392,0.15972,0.010135,0.212959,0.217794,0.549049,0.450951,0.132814,0.132382
649,30,0.399312,0.159719,0.01,0.212959,0.218009,0.549057,0.450943,0.112832,0.108479
650,30,0.399179,0.159698,0.009999,0.21293,0.218194,0.549065,0.450935,0.112841,0.108485
651,30,0.399525,0.159606,0.009994,0.212808,0.218068,0.54895,0.45105,0.115276,0.118711
652,30,0.399521,0.159605,0.01,0.212807,0.218067,0.548935,0.451065,0.125158,0.123643
653,30,0.399387,0.159583,0.009999,0.212778,0.218253,0.548943,0.451057,0.112841,0.10849
654,30,0.399509,0.159446,0.010169,0.212595,0.21828,0.548766,0.451234,0.125183,0.131982
655,24,0.399587,0.159471,0.010002,0.212628,0.218313,0.548692,0.451308,0.129129,0.130656
656,30,0.39989,0.159375,0.010053,0.2125,0.218182,0.548528,0.451472,0.108625,0.114751
657,24,0.4002,0.159307,0.009996,0.212409,0.218089,0.548353,0.451647,0.111042,0.116975
658,24,0.399979,0.159298,0.009999,0.212398,0.218325,0.548221,0.451779,0.124257,0.126097
659,24,0.400267,0.159222,0.009995,0.212296,0.21822,0.548045,0.451955,0.119256,0.125244
660,30,0.400417,0.159181,0.009997,0.212241,0.218164,0.5481,0.4519,0.109337,0.099726
661,24,0.400421,0.159179,0.01,0.212239,0.218161,0.548099,0.451901,0.123297,0.120903
662,24,0.400421,0.159179,0.01,0.212239,0.218161,0.548102,0.451898,0.123641,0.121124
663,30,0.400529,0.159093,0.009995,0.212124,0.218259,0.548052,0.451948,0.115626,0.113951
664,30,0.400688,0.158941,0.00999,0.211921,0.21846,0.547953,0.452047,0.107977,0.109564
665,24,0.400684,0.158939,0.01,0.211919,0.218458,0.547956,0.452044,0.123641,0.121124
666,30,0.400684,0.158939,0.01,0.211919,0.218458,0.547947,0.452053,0.119542,0.116124
667,30,0.400637,0.158952,0.010001,0.211936,0.218475,0.547824,0.452176,0.119722,0.122554
668,30,0.400798,0.1588,0.00999,0.211733,0.218677,0.547653,0.452347,0.10799,0.114438
669,30,0.400481,0.158829,0.010002,0.211772,0.218916,0.54767,0.45233,0.126603,0.123338
670,24,0.400446,0.158816,0.010087,0.211754,0.218897,0.547604,0.452396,0.129866,0.131112
671,24,0.400382,0.15879,0.009998,0.21172,0.21911,0.547536,0.452464,0.121367,0.122709
672,24,0.400381,0.15879,0.01,0.21172,0.219109,0.547539,0.452461,0.123641,0.121125
673,24,0.400794,0.15868,0.009993,0.211574,0.218958,0.547399,0.452601,0.10978,0.113784
674,24,0.400792,0.158679,0.01,0.211572,0.218957,0.547242,0.452758,0.121572,0.125279
675,30,0.400792,0.158679,0.01,0.211572,0.218957,0.547233,0.452767,0.119531,0.11612
676,30,0.400905,0.15854,0.009991,0.211387,0.219176,0.547064,0.452936,0.108154,0.114502
677,30,0.400737,0.158474,0.009996,0.211299,0.219495,0.546932,0.453068,0.118842,0.122126
678,24,0.400641,0.158433,0.009997,0.211244,0.219685,0.546928,0.453072,0.123035,0.120789
679,30,0.40076,0.158401,0.009998,0.211201,0.219641,0.546659,0.453341,0.11722,0.124802
680,24,0.400759,0.1584,0.01,0.2112,0.219641,0.546502,0.453498,0.121572,0.125271
681,30,0.401045,0.158286,0.010139,0.211048,0.219482,0.546386,0.453614,0.115176,0.118632
682,30,0.40102,0.158277,0.009999,0.211036,0.219668,0.546369,0.453631,0.124917,0.123528
683,24,0.400985,0.158263,0.010085,0.211018,0.219649,0.546303,0.453697,0.129866,0.131104
684,24,0.400951,0.15825,0.01017,0.211,0.21963,0.546146,0.453854,0.121558,0.125257
685,24,0.401207,0.158161,0.009994,0.210882,0.219755,0.545968,0.454032,0.119075,0.125128
686,24,0.401173,0.158148,0.01008,0.210864,0.219736,0.545811,0.454189,0.121558,0.125253
687,24,0.401612,0.158053,0.009994,0.210737,0.219604,0.545664,0.454336,0.101793,0.102645
688,30,0.401298,0.157945,0.010493,0.210594,0.219669,0.545712,0.454288,0.125988,0.117081
689,24,0.401302,0.157944,0.01,0.210592,0.220162,0.545706,0.454294,0.122761,0.120664
690,30,0.401301,0.157944,0.01,0.210592,0.220163,0.545692,0.454308,0.125136,0.123627
691,24,0.401708,0.157837,0.009993,0.210449,0.220013,0.545393,0.454607,0.107976,0.117138
692,30,0.402212,0.157526,0.010648,0.210034,0.21958,0.544994,0.455006,0.10355,0.120243
693,24,0.402177,0.157512,0.010733,0.210016,0.219561,0.544838,0.455162,0.121556,0.125235
694,24,0.402124,0.157491,0.010865,0.209988,0.219532,0.544772,0.455228,0.129873,0.131098
695,24,0.402377,0.157587,0.010006,0.210116,0.219913,0.544769,0.455231,0.123035,0.120795
696,30,0.402806,0.157476,0.009993,0.209968,0.219758,0.544539,0.455461,0.104088,0.112525
697,24,0.403013,0.157414,0.010017,0.209885,0.219671,0.544458,0.455542,0.116983,0.113634
698,30,0.403223,0.157329,0.010123,0.209772,0.219553,0.544324,0.455676,0.116049,0.119525
699,24,0.403278,0.157347,0.010001,0.209796,0.219578,0.544324,0.455676,0.123297,0.120902
700,30,0.403259,0.157352,0.01,0.209803,0.219586,0.544303,0.455697,0.121857,0.115717
701,30,0.403732,0.157195,0.010113,0.209593,0.219366,0.543972,0.456028,0.110219,0.123475
702,24,0.403558,0.157205,0.010001,0.209607,0.219628,0.543934,0.456066,0.124285,0.123949
703,30,0.403687,0.157012,0.010594,0.209349,0.219358,0.54375,0.45625,0.116779,0.119935
704,24,0.404011,0.157054,0.010114,0.209405,0.219417,0.543555,0.456445,0.117803,0.123087
705,24,0.404343,0.156996,0.009996,0.209328,0.219336,0.54338,0.45662,0.110989,0.116856
706,30,0.404444,0.156969,0.009998,0.209292,0.219298,0.543298,0.456702,0.123189,0.125695
707,24,0.404324,0.157,0.010002,0.209333,0.219341,0.543263,0.456737,0.132879,0.1324
708,24,0.404325,0.157,0.01,0.209334,0.219342,0.543199,0.456801,0.121628,0.1228
709,30,0.404305,0.156993,0.010048,0.209323,0.219331,0.543196,0.456804,0.126144,0.124421
710,30,0.404343,0.156995,0.01,0.209327,0.219335,0.543193,0.456807,0.126124,0.12441
711,24,0.404243,0.156956,0.009998,0.209275,0.219528,0.543195,0.456805,0.12345,0.121037
712,24,0.404242,0.156956,0.01,0.209274,0.219527,0.543198,0.456802,0.123641,0.121126
713,24,0.404651,0.156848,0.009993,0.209131,0.219377,0.543057,0.456943,0.109614,0.113628
714,24,0.404848,0.156795,0.009997,0.209059,0.219302,0.542892,0.457108,0.12027,0.125741
715,24,0.404846,0.156794,0.01,0.209059,0.219301,0.542896,0.457104,0.123695,0.121157
716,24,0.404846,0.156794,0.01,0.209059,0.219301,0.542893,0.457107,0.115347,0.110737
717,24,0.404945,0.156703,0.009994,0.208937,0.219421,0.542725,0.457275,0.119938,0.125588
718,30,0.404746,0.156701,0.01,0.208935,0.219617,0.54286,0.45714,0.123007,0.109021
719,30,0.404578,0.156638,0.009996,0.20885,0.219939,0.542839,0.457161,0.124467,0.123312
720,24,0.404476,0.156598,0.009997,0.208797,0.220131,0.542772,0.457228,0.121383,0.122687
721,30,0.404341,0.156577,0.009999,0.208769,0.220315,0.54272,0.45728,0.119456,0.120411
722,24,0.404181,0.156553,0.009999,0.208738,0.22053,0.54269,0.45731,0.131132,0.127477
723,24,0.40408,0.156514,0.009998,0.208686,0.220723,0.542623,0.457377,0.121367,0.122677
724,30,0.40418,0.156487,0.009998,0.20865,0.220685,0.542683,0.457317,0.115374,0.105898
725,30,0.403928,0.15642,0.0105,0.208561,0.220591,0.542633,0.457367,0.126305,0.12716
726,30,0.404096,0.156473,0.010135,0.208631,0.220665,0.54263,0.45737,0.126122,0.124408
727,24,0.404061,0.15646,0.01022,0.208613,0.220646,0.542475,0.457525,0.121558,0.125198
728,30,0.403957,0.15642,0.010475,0.208559,0.220589,0.542423,0.457577,0.119487,0.120428
729,30,0.404123,0.156484,0.010069,0.208645,0.22068,0.542433,0.457567,0.112879,0.108508
730,24,0.404031,0.156526,0.010003,0.208701,0.220739,0.542398,0.457602,0.132879,0.132389
731,24,0.404037,0.156525,0.01,0.2087,0.220738,0.542398,0.457602,0.123297,0.120902
732,24,0.403942,0.156485,0.009997,0.208647,0.220929,0.542395,0.457605,0.123035,0.120777
733,30,0.40403,0.156461,0.009998,0.208615,0.220896,0.542434,0.457566,0.122931,0.114288
734,24,0.403834,0.156382,0.009995,0.20851,0.221279,0.542428,0.457572,0.122761,0.120652
735,30,0.403872,0.156315,0.009996,0.208419,0.221398,0.542399,0.457601,0.109164,0.106406
736,24,0.403875,0.156313,0.01,0.208417,0.221396,0.542399,0.457601,0.123309,0.120902
737,30,0.403787,0.156279,0.009998,0.208373,0.221564,0.542377,0.457623,0.118273,0.114935
738,30,0.404113,0.156193,0.009994,0.208258,0.221442,0.542179,0.457821,0.101231,0.10561
739,24,0.404235,0.156157,0.010009,0.208209,0.22139,0.542076,0.457924,0.117774,0.12095
740,24,0.404019,0.156151,0.01,0.208201,0.221629,0.542113,0.457887,0.115974,0.108672
741,30,0.403999,0.156143,0.010048,0.208191,0.221618,0.54211,0.45789,0.126144,0.124422
742,30,0.403951,0.156112,0.009998,0.20815,0.221789,0.542105,0.457895,0.125887,0.124301
743,30,0.403784,0.156048,0.009996,0.208064,0.222109,0.542096,0.457904,0.125494,0.124124
744,30,0.404012,0.155987,0.009996,0.207983,0.222022,0.541998,0.458002,0.116709,0.119756
745,24,0.403891,0.156018,0.010002,0.208024,0.222066,0.541963,0.458037,0.124559,0.12406
746,24,0.404091,0.155966,0.009997,0.207955,0.221992,0.541798,0.458202,0.111889,0.117367
747,30,0.403876,0.155914,0.009997,0.207885,0.222328,0.541669,0.458331,0.119018,0.122131
748,30,0.403718,0.155902,0.009999,0.20787,0.22251,0.541791,0.458209,0.121628,0.108567
749,30,0.404082,0.155807,0.009994,0.207743,0.222374,0.541577,0.458423,0.105571,0.113393
750,30,0.403913,0.155742,0.009996,0.207656,0.222693,0.541531,0.458469,0.118865,0.115418
751,24,0.403812,0.155703,0.009997,0.207604,0.222884,0.541532,0.458468,0.123416,0.121028
752,30,0.403577,0.155764,0.010004,0.207685,0.222971,0.541468,0.458532,0.136836,0.135738
753,24,0.403419,0.155741,0.009999,0.207655,0.223187,0.541439,0.458561,0.131127,0.127511
754,30,0.403606,0.155636,0.009993,0.207515,0.22325,0.54133,0.45867,0.115773,0.118952
755,30,0.403502,0.155596,0.010247,0.207461,0.223193,0.541431,0.458569,0.119487,0.107791
756,30,0.403898,0.155557,0.009998,0.20741,0.223137,0.541204,0.458796,0.102637,0.110728
757,30,0.403763,0.155536,0.009999,0.207381,0.223321,0.541214,0.458786,0.112847,0.108491
758,30,0.404,0.155418,0.009992,0.207224,0.223367,0.541049,0.458951,0.108433,0.114534
759,30,0.404016,0.155412,0.01,0.207215,0.223358,0.541041,0.458959,0.119522,0.116117
760,24,0.404083,0.155309,0.010319,0.207078,0.22321,0.540876,0.459124,0.120198,0.125675
761,30,0.404212,0.155358,0.010003,0.207145,0.223281,0.540869,0.459131,0.119542,0.116121
762,30,0.404468,0.155292,0.009996,0.207057,0.223187,0.540714,0.459286,0.116073,0.121745
763,24,0.404467,0.155292,0.01,0.207056,0.223186,0.54065,0.45935,0.121612,0.122769
764,24,0.404752,0.155218,0.009995,0.206957,0.223079,0.540475,0.459525,0.110905,0.11676
765,30,0.404726,0.155223,0.01,0.206964,0.223087,0.540578,0.459422,0.119614,0.107849
766,30,0.404856,0.155189,0.009998,0.206919,0.223038,0.540558,0.459442,0.114625,0.110302
767,30,0.405197,0.1551,0.009994,0.206799,0.222909,0.540443,0.459557,0.115193,0.118561
768,30,0.405896,0.154916,0.009988,0.206555,0.222645,0.540053,0.459947,0.104296,0.12048
769,24,0.405772,0.154945,0.010002,0.206594,0.222687,0.540018,0.459982,0.132887,0.132381
770,24,0.406176,0.15484,0.009993,0.206454,0.222537,0.53972,0.46028,0.10789,0.116914
771,30,0.406173,0.154839,0.01,0.206452,0.222535,0.539586,0.460414,0.129536,0.132972
772,30,0.406173,0.154839,0.01,0.206452,0.222535,0.539597,0.460403,0.112943,0.108543
773,30,0.406069,0.1548,0.010254,0.206399,0.222478,0.539546,0.460454,0.119487,0.120413
774,24,0.406053,0.15487,0.010005,0.206493,0.222579,0.539512,0.460488,0.124579,0.124056
775,24,0.406059,0.154869,0.01,0.206493,0.222579,0.539512,0.460488,0.123308,0.120901
776,30,0.405866,0.15492,0.010003,0.20656,0.222651,0.539493,0.460507,0.135526,0.129898
777,24,0.406368,0.15479,0.009992,0.206386,0.222464,0.539177,0.460823,0.106294,0.115243
778,30,0.406365,0.154789,0.01,0.206385,0.222462,0.539043,0.460957,0.129478,0.132936
779,24,0.406269,0.154749,0.009997,0.206332,0.222653,0.539041,0.460959,0.12303,0.120783
780,24,0.406234,0.154736,0.010083,0.206314,0.222634,0.53901,0.46099,0.121558,0.116206
781,30,0.4061,0.154685,0.009997,0.206246,0.222972,0.539014,0.460986,0.11222,0.108192
782,24,0.40598,0.154715,0.010002,0.206287,0.223016,0.53898,0.46102,0.124579,0.124062
783,30,0.405876,0.154676,0.010256,0.206234,0.222958,0.538929,0.461071,0.119487,0.12041
784,30,0.406439,0.154596,0.009995,0.206128,0.222843,0.538695,0.461305,0.103549,0.112019
785,30,0.406502,0.154578,0.009999,0.206104,0.222818,0.53868,0.46132,0.123002,0.119586
786,24,0.406405,0.154538,0.009997,0.206051,0.223008,0.538678,0.461322,0.123018,0.120771
787,30,0.406386,0.154531,0.010045,0.206041,0.222997,0.538733,0.461267,0.126144,0.119228
788,30,0.406525,0.154506,0.009998,0.206008,0.222962,0.5387,0.4613,0.123061,0.12294
789,24,0.406525,0.154506,0.01,0.206008,0.222962,0.538704,0.461296,0.123683,0.121153
790,24,0.406406,0.154537,0.010002,0.206049,0.223006,0.53867,0.46133,0.124567,0.124055
791,24,0.406809,0.154433,0.009993,0.20591,0.222856,0.53854,0.46146,0.099616,0.099585
792,30,0.406825,0.154427,0.01,0.205902,0.222847,0.538533,0.461467,0.119521,0.116117
793,30,0.406825,0.154427,0.01,0.205902,0.222847,0.538399,0.461601,0.129478,0.132934
794,30,0.406951,0.154394,0.009998,0.205858,0.222799,0.538229,0.461771,0.12603,0.13093
795,30,0.407015,0.154376,0.009999,0.205835,0.222775,0.538214,0.461786,0.123002,0.119584
796,30,0.407033,0.154371,0.01,0.205829,0.222767,0.538207,0.461793,0.11951,0.1161
797,24,0.407038,0.15437,0.01,0.205827,0.222765,0.538208,0.461792,0.123308,0.120901
798,30,0.406805,0.154431,0.010004,0.205908,0.222853,0.538291,0.461709,0.120244,0.111306
799,24,0.406828,0.154258,0.010631,0.205678,0.222604,0.538116,0.461884,0.11912,0.124987
800,24,0.407026,0.154371,0.010007,0.205828,0.222767,0.538153,0.461847,0.123093,0.1159
801,30,0.407029,0.154372,0.01,0.20583,0.222769,0.538031,0.461969,0.119545,0.122358
802,30,0.407155,0.15434,0.009998,0.205786,0.222722,0.538006,0.461994,0.10939,0.1065
803,30,0.407243,0.154316,0.009998,0.205755,0.222688,0.537905,0.462095,0.132601,0.134862
804,30,0.407195,0.154328,0.010001,0.205771,0.222705,0.537856,0.462144,0.119694,0.1205
805,30,0.407196,0.154328,0.01,0.205771,0.222705,0.537722,0.462278,0.129536,0.132955
806,24,0.406938,0.154231,0.010626,0.205641,0.222564,0.537657,0.462343,0.129853,0.131034
807,24,0.407,0.154254,0.010475,0.205672,0.222598,0.537593,0.462407,0.129902,0.131066
808,24,0.407205,0.154194,0.010499,0.205591,0.222511,0.537392,0.462608,0.116959,0.122483
809,30,0.407606,0.154219,0.010002,0.205626,0.222548,0.537186,0.462814,0.104495,0.111857
810,24,0.407611,0.154218,0.01,0.205624,0.222546,0.537187,0.462813,0.123308,0.120912
811,30,0.407542,0.15418,0.009998,0.205574,0.222706,0.537178,0.462822,0.11928,0.115999
812,24,0.407322,0.154173,0.01,0.205563,0.222943,0.537141,0.462859,0.132613,0.132253
813,24,0.407326,0.154171,0.01,0.205562,0.222941,0.537142,0.462858,0.123296,0.120901
814,30,0.407279,0.154183,0.010001,0.205578,0.222959,0.537162,0.462838,0.119694,0.114604
815,30,0.407427,0.154064,0.010302,0.205419,0.222787,0.537,0.463,0.115351,0.12124
816,24,0.407551,0.154111,0.010003,0.205481,0.222854,0.537005,0.462995,0.123683,0.121153
817,30,0.408009,0.153993,0.009992,0.205324,0.222683,0.536833,0.463167,0.103506,0.108551
818,24,0.407804,0.153915,0.009995,0.20522,0.223066,0.536764,0.463236,0.121083,0.122503
819,24,0.408203,0.15381,0.009993,0.20508,0.222914,0.536749,0.463251,0.101651,0.09537
820,30,0.408474,0.153738,0.009995,0.204984,0.222809,0.536588,0.463412,0.108744,0.114592
821,30,0.408292,0.153718,0.010252,0.204958,0.22278,0.536625,0.463375,0.138457,0.130111
822,30,0.408395,0.153757,0.010003,0.205009,0.222836,0.536636,0.463364,0.112885,0.108523
823,30,0.409125,0.153568,0.009988,0.204757,0.222562,0.536305,0.463695,0.093948,0.10695
824,24,0.409124,0.153565,0.01,0.204753,0.222558,0.536306,0.463694,0.123308,0.120901
825,24,0.409006,0.153596,0.010002,0.204794,0.222602,0.536272,0.463728,0.132895,0.132376
826,30,0.408643,0.153459,0.010879,0.204613,0.222405,0.536209,0.463791,0.136081,0.13763
827,24,0.40847,0.15347,0.011014,0.204626,0.22242,0.536174,0.463826,0.132837,0.13235
828,30,0.408772,0.15338,0.010642,0.204506,0.2227,0.536053,0.463947,0.11451,0.118196
829,30,0.408718,0.153423,0.010533,0.204564,0.222763,0.536034,0.463966,0.138583,0.135409
830,30,0.408855,0.153419,0.01,0.204558,0.223168,0.535938,0.464062,0.115339,0.117289
831,24,0.408653,0.153343,0.009995,0.204457,0.223553,0.535869,0.464131,0.129366,0.130798
832,24,0.409266,0.153182,0.00999,0.204243,0.223319,0.535677,0.464323,0.097011,0.099736
833,24,0.409203,0.153196,0.010001,0.204261,0.223339,0.535652,0.464348,0.131402,0.127581
834,30,0.409203,0.153196,0.01,0.204261,0.223339,0.535663,0.464337,0.112874,0.108514
835,24,0.409085,0.153227,0.010002,0.204302,0.223384,0.535629,0.464371,0.124587,0.124047
836,24,0.40909,0.153226,0.01,0.204301,0.223382,0.53563,0.46437,0.123296,0.120901
837,24,0.409055,0.153213,0.010085,0.204284,0.223363,0.535477,0.464523,0.121558,0.125092
838,24,0.408989,0.153188,0.009998,0.20425,0.223575,0.53548,0.46452,0.123433,0.12104
839,30,0.408611,0.153046,0.010912,0.204062,0.223368,0.535429,0.464571,0.126101,0.127031
840,24,0.408658,0.153139,0.010266,0.204185,0.223751,0.535392,0.464608,0.132617,0.132247
841,30,0.408286,0.153,0.011166,0.204,0.223548,0.535258,0.464742,0.129412,0.13285
842,30,0.408562,0.153133,0.010387,0.204177,0.223742,0.535127,0.464873,0.12971,0.132992
843,30,0.408835,0.153073,0.010342,0.204097,0.223654,0.534819,0.465181,0.112874,0.122266
844,30,0.409266,0.153049,0.009998,0.204066,0.22362,0.534593,0.465407,0.102574,0.110523
845,24,0.409547,0.152976,0.009995,0.203968,0.223513,0.534419,0.465581,0.110875,0.116631
846,30,0.409293,0.152911,0.010497,0.203881,0.223418,0.53437,0.46563,0.126307,0.127118
847,24,0.409258,0.152898,0.010582,0.203864,0.223399,0.534217,0.465783,0.121556,0.125071
848,24,0.409404,0.152947,0.010003,0.203929,0.223718,0.534144,0.465856,0.120622,0.122133
849,24,0.409287,0.152978,0.010002,0.20397,0.223763,0.53402,0.46598,0.124572,0.126083
850,24,0.409692,0.152873,0.009993,0.203831,0.22361,0.533881,0.466119,0.109596,0.113482
851,30,0.409498,0.152922,0.010003,0.203896,0.223682,0.533864,0.466136,0.135549,0.1299
852,30,0.409669,0.152772,0.00999,0.203696,0.223873,0.533743,0.466257,0.114458,0.118131
853,30,0.409805,0.152679,0.009994,0.203571,0.223951,0.533656,0.466344,0.125832,0.124736
854,24,0.409808,0.152676,0.01,0.203569,0.223948,0.533657,0.466343,0.123308,0.120912
855,30,0.409761,0.152689,0.010001,0.203585,0.223965,0.533671,0.466329,0.113091,0.10862
856,30,0.410256,0.152561,0.009992,0.203414,0.223778,0.5335,0.4665,0.101588,0.104095
857,30,0.410245,0.152556,0.010019,0.203408,0.223772,0.533378,0.466622,0.119498,0.122276
858,24,0.409868,0.152416,0.010929,0.203222,0.223566,0.533225,0.466775,0.121516,0.125041
859,24,0.409915,0.152508,0.010283,0.203345,0.223949,0.533189,0.466811,0.124312,0.123922
860,30,0.409964,0.152463,0.009997,0.203283,0.224293,0.53309,0.46691,0.132436,0.135843
861,24,0.409975,0.152289,0.010645,0.203053,0.224038,0.532916,0.467084,0.119119,0.124889
862,30,0.41015,0.152355,0.010004,0.203141,0.22435,0.532896,0.467104,0.118269,0.11492
863,24,0.409993,0.152174,0.010852,0.202898,0.224082,0.532732,0.467268,0.120087,0.125474
864,24,0.410041,0.152266,0.010207,0.203021,0.224466,0.532696,0.467304,0.124312,0.123915
865,30,0.409939,0.152228,0.010453,0.20297,0.22441,0.532634,0.467366,0.136138,0.137631
866,30,0.409685,0.152163,0.010955,0.202884,0.224314,0.532585,0.467415,0.126309,0.127118
867,30,0.410053,0.152177,0.010533,0.202902,0.224335,0.532306,0.467694,0.104437,0.112692
868,30,0.410151,0.152286,0.010019,0.203048,0.224496,0.532448,0.467552,0.123248,0.109252
869,24,0.409998,0.152267,0.009999,0.203022,0.224714,0.532485,0.467515,0.122829,0.115794
870,24,0.409998,0.152266,0.01,0.203022,0.224714,0.532422,0.467578,0.121628,0.12273
871,30,0.409928,0.152229,0.009998,0.202972,0.224874,0.532414,0.467586,0.119255,0.115983
872,24,0.409927,0.152228,0.01,0.202971,0.224873,0.532414,0.467586,0.115333,0.110725
873,30,0.410195,0.152159,0.009995,0.202879,0.224771,0.532253,0.467747,0.102027,0.104051
874,24,0.410092,0.152121,0.009997,0.202828,0.224962,0.532187,0.467813,0.129616,0.130895
875,30,0.410133,0.15211,0.009999,0.202813,0.224945,0.532239,0.467761,0.119428,0.110896
876,24,0.409913,0.152102,0.01,0.202803,0.225182,0.532203,0.467797,0.132621,0.13223
877,24,0.409811,0.152065,0.009998,0.202753,0.225374,0.532137,0.467863,0.12967,0.13092
878,24,0.409713,0.152025,0.009997,0.202701,0.225563,0.532136,0.467864,0.123017,0.120771
879,24,0.410117,0.151921,0.009993,0.202561,0.225408,0.531998,0.468002,0.109608,0.113461
880,24,0.410114,0.15192,0.01,0.20256,0.225407,0.531935,0.468065,0.129907,0.131025
881,30,0.410114,0.15192,0.01,0.20256,0.225407,0.531987,0.468013,0.119487,0.110941
882,30,0.410024,0.151888,0.009998,0.202517,0.225574,0.531968,0.468032,0.118269,0.1149
883,24,0.410027,0.151886,0.01,0.202515,0.225571,0.53197,0.46803,0.123296,0.120907
884,30,0.41057,0.151747,0.009991,0.202329,0.225364,0.531748,0.468252,0.104521,0.11276
885,24,0.410965,0.151643,0.009993,0.20219,0.22521,0.531454,0.468546,0.107829,0.116631
886,30,0.41088,0.151557,0.009994,0.202076,0.225493,0.531359,0.468641,0.115355,0.117247
887,30,0.410878,0.151556,0.01,0.202074,0.225492,0.531227,0.468773,0.129536,0.132868
888,24,0.41076,0.151586,0.010002,0.202115,0.225537,0.531194,0.468806,0.124579,0.124036
889,30,0.410821,0.151516,0.009995,0.202021,0.225647,0.53112,0.46888,0.115698,0.113453
890,24,0.410599,0.151508,0.009999,0.202011,0.225883,0.531084,0.468916,0.132609,0.132231
891,24,0.410599,0.151508,0.01,0.202011,0.225883,0.53109,0.46891,0.123683,0.121156
892,24,0.410426,0.151518,0.010134,0.202024,0.225898,0.531056,0.468944,0.132846,0.132336
893,24,0.410166,0.151422,0.010761,0.201896,0.225755,0.530904,0.469096,0.12153,0.125002
894,30,0.409966,0.151348,0.011028,0.201798,0.225859,0.530851,0.469149,0.125911,0.126925
895,24,0.41029,0.151462,0.010268,0.20195,0.226029,0.530781,0.469219,0.120861,0.122223
896,30,0.410376,0.151386,0.010473,0.201848,0.225916,0.530622,0.469378,0.115795,0.120096
897,30,0.410352,0.151377,0.010532,0.201836,0.225903,0.530617,0.469383,0.119473,0.116081
898,30,0.410065,0.151334,0.010787,0.201778,0.226036,0.530597,0.469403,0.138323,0.135298
899,24,0.410388,0.151453,0.010008,0.201937,0.226214,0.530603,0.469397,0.123728,0.12117
900,30,0.411151,0.151259,0.009987,0.201679,0.225924,0.530219,0.469781,0.08674,0.102289
901,30,0.410977,0.151195,0.009996,0.201593,0.226239,0.530225,0.469775,0.112223,0.108189
902,30,0.410871,0.151156,0.01025,0.201541,0.226181,0.530175,0.469825,0.119487,0.120366
903,30,0.410956,0.151153,0.010177,0.201537,0.226177,0.530085,0.469915,0.133278,0.136214
904,24,0.41133,0.151039,0.009992,0.201385,0.226253,0.529945,0.470055,0.109325,0.113301
905,24,0.410952,0.1509,0.010902,0.2012,0.226045,0.529793,0.470207,0.121516,0.124987
906,30,0.4111,0.150744,0.011351,0.200992,0.225812,0.529679,0.470321,0.115008,0.118351
907,30,0.411521,0.15074,0.010945,0.200987,0.225806,0.529458,0.470542,0.102907,0.110664
908,24,0.411486,0.150728,0.01103,0.20097,0.225787,0.529474,0.470526,0.113248,0.107854
909,30,0.411381,0.150833,0.010516,0.201111,0.22616,0.529424,0.470576,0.126693,0.125003
910,24,0.411475,0.150941,0.010007,0.201255,0.226322,0.529469,0.470531,0.116272,0.108886
911,30,0.411815,0.150856,0.009994,0.201141,0.226194,0.529356,0.470644,0.115112,0.118394
912,30,0.411808,0.150854,0.01001,0.201138,0.22619,0.529235,0.470765,0.119498,0.122232
913,30,0.411431,0.150715,0.010506,0.200954,0.226394,0.529178,0.470822,0.125434,0.126678
914,24,0.411703,0.150775,0.010004,0.201034,0.226484,0.529191,0.470809,0.121813,0.116118
915,24,0.411709,0.150775,0.01,0.201033,0.226483,0.529193,0.470807,0.123308,0.120901
916,24,0.411709,0.150775,0.01,0.201033,0.226483,0.529194,0.470806,0.115347,0.11073
917,24,0.411591,0.150805,0.010002,0.201073,0.226528,0.529161,0.470839,0.132904,0.132351
918,24,0.411372,0.150798,0.01,0.201064,0.226766,0.529125,0.470875,0.13262,0.132217
919,24,0.411254,0.150828,0.010002,0.201105,0.226811,0.529093,0.470907,0.12466,0.124062
920,24,0.410993,0.150733,0.010628,0.200977,0.226668,0.528942,0.471058,0.12153,0.124973
921,30,0.411331,0.150802,0.010027,0.201069,0.226772,0.528854,0.471146,0.122619,0.124176
922,30,0.412026,0.150606,0.010082,0.200809,0.226478,0.528474,0.471526,0.093762,0.109163
923,30,0.412059,0.150619,0.010001,0.200825,0.226496,0.52847,0.47153,0.119588,0.116137
924,30,0.412234,0.150574,0.009997,0.200766,0.226429,0.528458,0.471542,0.112886,0.107906
925,30,0.412036,0.150573,0.01,0.200765,0.226626,0.528599,0.471401,0.12303,0.109219
926,30,0.412126,0.150466,0.010324,0.200621,0.226464,0.528502,0.471498,0.116608,0.119568
927,30,0.412517,0.150324,0.010478,0.200432,0.22625,0.528154,0.471846,0.108625,0.119488
928,30,0.412667,0.150408,0.010006,0.200543,0.226376,0.528025,0.471975,0.12971,0.132901
929,24,0.412949,0.150337,0.009995,0.200449,0.22627,0.527852,0.472148,0.119142,0.124808
930,30,0.413572,0.150176,0.009989,0.200235,0.226028,0.5276,0.4724,0.09088,0.099399
931,30,0.413885,0.150093,0.009994,0.200124,0.225903,0.527487,0.472513,0.115103,0.118364
932,24,0.41416,0.150021,0.009995,0.200028,0.225795,0.527314,0.472686,0.1108,0.116459
933,24,0.414163,0.150019,0.01,0.200026,0.225792,0.527316,0.472684,0.123295,0.120901
934,24,0.414045,0.150049,0.010002,0.200066,0.225837,0.527284,0.472716,0.124591,0.124026
935,24,0.414446,0.149947,0.009993,0.19993,0.225684,0.527139,0.472861,0.101161,0.101617
936,24,0.41434,0.149909,0.009997,0.199879,0.225874,0.527074,0.472926,0.129628,0.130859
937,24,0.414484,0.149789,0.010315,0.199719,0.225693,0.526901,0.473099,0.119082,0.124764
938,24,0.414567,0.149819,0.010117,0.199759,0.225738,0.526918,0.473082,0.113263,0.107869
939,30,0.414445,0.149775,0.009997,0.1997,0.226083,0.526908,0.473092,0.118866,0.115777
940,24,0.414409,0.149762,0.010082,0.199683,0.226063,0.526845,0.473155,0.129866,0.13098
941,24,0.414326,0.149805,0.010003,0.199739,0.226127,0.526813,0.473187,0.124603,0.124033
942,24,0.414153,0.149815,0.010137,0.199753,0.226142,0.52678,0.47322,0.132858,0.132322
943,30,0.414186,0.149841,0.010002,0.199788,0.226183,0.526889,0.473111,0.119616,0.107997
944,30,0.414376,0.149793,0.009997,0.199724,0.22611,0.526847,0.473153,0.115786,0.113932
945,24,0.414775,0.14969,0.009993,0.199587,0.225955,0.52671,0.47329,0.109541,0.113349
946,30,0.414726,0.149701,0.010001,0.199601,0.225971,0.526726,0.473274,0.113083,0.10862
947,30,0.414839,0.149672,0.009998,0.199563,0.225928,0.526477,0.473523,0.107196,0.113597
948,30,0.414749,0.14964,0.009998,0.19952,0.226093,0.526489,0.473511,0.112701,0.10845
949,30,0.414372,0.149504,0.010899,0.199338,0.225888,0.526439,0.473561,0.126101,0.126985
950,30,0.414599,0.149587,0.010137,0.199449,0.226228,0.526425,0.473575,0.124922,0.123488
951,24,0.415059,0.149504,0.009994,0.199339,0.226103,0.526214,0.473786,0.106944,0.114541
952,30,0.415057,0.149503,0.01,0.199338,0.226102,0.526083,0.473917,0.129478,0.132762
953,30,0.415202,0.149361,0.00999,0.199149,0.226298,0.525964,0.474036,0.114438,0.11802
954,24,0.41508,0.14939,0.010002,0.199187,0.226341,0.525932,0.474068,0.124607,0.124022
955,24,0.414978,0.149353,0.009998,0.199138,0.226533,0.525867,0.474133,0.129623,0.130852
956,24,0.41486,0.149383,0.010002,0.199177,0.226578,0.525835,0.474165,0.132912,0.132354
957,30,0.414525,0.149291,0.010281,0.199054,0.226849,0.52578,0.47422,0.125609,0.126744
958,30,0.414424,0.149283,0.009999,0.199044,0.227249,0.525655,0.474345,0.119006,0.121935
959,24,0.414579,0.149244,0.009997,0.198992,0.227189,0.525598,0.474402,0.118448,0.113949
960,30,0.414472,0.149205,0.010252,0.198941,0.22713,0.525548,0.474452,0.119487,0.120342
961,30,0.41453,0.149255,0.010003,0.199006,0.227205,0.525564,0.474436,0.11308,0.108625
962,24,0.414531,0.149255,0.01,0.199007,0.227206,0.525414,0.474586,0.121572,0.124944
963,24,0.414931,0.149154,0.009993,0.198871,0.227051,0.525276,0.474724,0.109474,0.113283
964,30,0.414857,0.149116,0.009997,0.198821,0.227208,0.525273,0.474727,0.125877,0.124292
965,30,0.414953,0.148986,0.009991,0.198648,0.227421,0.525161,0.474839,0.115163,0.118475
966,30,0.414756,0.148961,0.010285,0.198615,0.227384,0.525242,0.474758,0.128492,0.118127
967,24,0.414771,0.148967,0.01,0.198622,0.22764,0.525178,0.474822,0.121357,0.122562
968,30,0.414696,0.148986,0.010001,0.198648,0.227669,0.52531,0.47469,0.121879,0.108861
969,30,0.414992,0.148899,0.010042,0.198532,0.227535,0.525148,0.474852,0.108448,0.114255
970,24,0.41501,0.148905,0.01,0.19854,0.227545,0.525155,0.474845,0.12374,0.121191
971,24,0.414892,0.148935,0.010002,0.19858,0.227591,0.525035,0.474965,0.124574,0.125966
972,30,0.414893,0.148935,0.01,0.19858,0.227591,0.525032,0.474968,0.119531,0.116109
973,24,0.414917,0.148866,0.009995,0.198488,0.227733,0.524998,0.475002,0.119645,0.119171
974,30,0.414934,0.148861,0.01,0.198481,0.227725,0.524997,0.475003,0.126123,0.124402
975,30,0.415218,0.148788,0.009995,0.198384,0.227614,0.524791,0.475209,0.102407,0.106223
976,24,0.414943,0.148761,0.010127,0.198348,0.22782,0.524756,0.475244,0.132578,0.132183
977,24,0.415394,0.148679,0.009994,0.198238,0.227694,0.524618,0.475382,0.10942,0.113248
978,24,0.415333,0.148693,0.010001,0.198257,0.227716,0.52466,0.47534,0.123103,0.115958
979,30,0.415334,0.148693,0.01,0.198257,0.227716,0.524675,0.475325,0.112885,0.108538
980,30,0.415504,0.14865,0.009997,0.1982,0.22765,0.524634,0.475366,0.115818,0.113932
981,30,0.415351,0.148583,0.009996,0.198111,0.227959,0.524624,0.475376,0.118805,0.115738
982,30,0.41526,0.148551,0.009998,0.198068,0.228124,0.524637,0.475363,0.112686,0.108437
983,30,0.415259,0.148551,0.01,0.198067,0.228123,0.524506,0.475494,0.129478,0.132751
984,30,0.415881,0.148393,0.009989,0.197857,0.227881,0.524215,0.475785,0.097453,0.108801
985,30,0.415512,0.148261,0.010867,0.197681,0.227679,0.524234,0.475766,0.136081,0.129266
986,30,0.416164,0.148221,0.010372,0.197628,0.227617,0.523996,0.476004,0.096682,0.102152
987,30,0.415847,0.147916,0.011866,0.197222,0.227149,0.523822,0.476178,0.124935,0.1314
988,30,0.415827,0.147909,0.011913,0.197212,0.227138,0.523822,0.476178,0.126141,0.124414
989,30,0.416182,0.14758,0.012834,0.196773,0.226632,0.523425,0.476575,0.103013,0.119037
990,24,0.416265,0.147609,0.012635,0.196812,0.226678,0.523363,0.476637,0.121596,0.122653
991,24,0.416498,0.147727,0.011945,0.19697,0.226859,0.523343,0.476657,0.131418,0.127557
992,30,0.417064,0.147844,0.01093,0.197125,0.227038,0.523165,0.476835,0.106972,0.112664
993,24,0.417356,0.147947,0.010237,0.197263,0.227197,0.523104,0.476896,0.121615,0.122659
994,30,0.417455,0.147982,0.010002,0.19731,0.22725,0.522974,0.477026,0.129536,0.132748
995,24,0.417133,0.147939,0.009997,0.197252,0.227679,0.522937,0.477063,0.132352,0.13207
996,30,0.417585,0.147823,0.009992,0.197098,0.227501,0.522592,0.477408,0.108647,0.119291
997,30,0.417849,0.147754,0.009995,0.197006,0.227395,0.522433,0.477567,0.108618,0.114288
998,24,0.417852,0.147753,0.01,0.197003,0.227392,0.522436,0.477564,0.123295,0.120901
999,24,0.417468,0.147617,0.010909,0.196822,0.227183,0.522374,0.477626,0.129825,0.130928
1000,30,0.417757,0.147583,0.010751,0.196778,0.227131,0.522147,0.477853,0.119915,0.127509
1001,30,0.417655,0.147547,0.010993,0.196729,0.227076,0.522028,0.477972,0.119488,0.122133
1002,30,0.417928,0.147493,0.010517,0.196658,0.227404,0.521857,0.478143,0.125188,0.131588
1003,24,0.417923,0.147563,0.010005,0.19675,0.227759,0.521823,0.478177,0.13264,0.132203
1004,24,0.418137,0.14751,0.009996,0.19668,0.227677,0.521779,0.478221,0.110678,0.107978
1005,30,0.417907,0.147567,0.010004,0.196756,0.227766,0.521804,0.478196,0.126968,0.123549
1006,30,0.417993,0.147495,0.010198,0.19666,0.227654,0.521647,0.478353,0.115763,0.119934
1007,24,0.417972,0.147488,0.009999,0.19665,0.227891,0.521652,0.478348,0.12344,0.121052
1008,30,0.417814,0.147446,0.010104,0.196595,0.228041,0.521619,0.478381,0.119357,0.115544
1009,24,0.417431,0.147311,0.011013,0.196414,0.227832,0.52147,0.47853,0.121516,0.124853
1010,24,0.417899,0.147309,0.010552,0.196412,0.227829,0.521299,0.478701,0.119096,0.124671
1011,24,0.418134,0.147389,0.010005,0.196519,0.227953,0.521302,0.478698,0.123298,0.1209
1012,30,0.418137,0.14739,0.01,0.19652,0.227954,0.521299,0.478701,0.119487,0.116085
1013,30,0.417751,0.147254,0.010914,0.196338,0.227744,0.521249,0.478751,0.126101,0.126961
1014,30,0.418133,0.147388,0.010009,0.196518,0.227952,0.521247,0.478753,0.119596,0.116133
1015,30,0.418305,0.147259,0.010338,0.196346,0.227752,0.521074,0.478926,0.12503,0.131393
1016,30,0.417875,0.147246,0.01062,0.196328,0.22793,0.521096,0.478904,0.133355,0.13008
1017,24,0.418531,0.147237,0.009999,0.196316,0.227916,0.520959,0.479041,0.10944,0.113212
1018,24,0.418472,0.147252,0.010001,0.196336,0.227939,0.521133,0.478867,0.114782,0.098939
1019,30,0.418786,0.147173,0.009995,0.19623,0.227816,0.521022,0.478978,0.115144,0.118298
1020,30,0.418783,0.147172,0.01,0.196229,0.227815,0.520904,0.479096,0.119545,0.122151
1021,24,0.419179,0.147072,0.009993,0.196096,0.22766,0.520761,0.479239,0.101088,0.101478
1022,24,0.419072,0.147035,0.009997,0.196046,0.22785,0.520697,0.479303,0.12964,0.130839
1023,30,0.419025,0.147046,0.010001,0.196061,0.227867,0.52065,0.47935,0.119699,0.120415
1024,30,0.419356,0.146962,0.009994,0.19595,0.227738,0.520538,0.479462,0.115038,0.118238
1025,24,0.4193,0.146943,0.010127,0.195923,0.227707,0.520476,0.479524,0.129878,0.130942
1026,24,0.419628,0.146892,0.009997,0.195855,0.227628,0.520305,0.479695,0.110759,0.116308
1027,30,0.419799,0.146847,0.009997,0.195797,0.22756,0.520278,0.479722,0.11292,0.110982
1028,30,0.420241,0.146735,0.009992,0.195646,0.227385,0.520046,0.479954,0.103304,0.111408
1029,30,0.420065,0.146673,0.009996,0.195565,0.227701,0.520037,0.479963,0.118847,0.115756
1030,30,0.420082,0.146668,0.01,0.195558,0.227693,0.520037,0.479963,0.126122,0.124406
1031,30,0.4201,0.146663,0.01,0.195551,0.227686,0.520035,0.479965,0.119495,0.116089
1032,30,0.420303,0.146612,0.009996,0.195483,0.227606,0.519756,0.480244,0.115029,0.122441
1033,30,0.420093,0.146539,0.010277,0.195385,0.227707,0.519727,0.480273,0.125913,0.123697
1034,30,0.420119,0.146548,0.010001,0.195397,0.227936,0.519596,0.480404,0.129279,0.132585
1035,30,0.419801,0.146574,0.010002,0.195432,0.228191,0.519549,0.480451,0.126746,0.124972
1036,24,0.419764,0.146562,0.010087,0.195415,0.228172,0.519568,0.480432,0.11325,0.107866
1037,24,0.419728,0.146549,0.010172,0.195399,0.228152,0.519507,0.480493,0.121558,0.122611
1038,24,0.41958,0.146567,0.010001,0.195423,0.228428,0.519473,0.480527,0.124336,0.123878
1039,24,0.419477,0.146531,0.009998,0.195375,0.22862,0.519478,0.480522,0.12344,0.121042
1040,30,0.419347,0.146563,0.010002,0.195418,0.22867,0.519474,0.480526,0.124077,0.122101
1041,30,0.419571,0.146507,0.009996,0.195343,0.228582,0.519394,0.480606,0.103361,0.103331
1042,30,0.419471,0.146532,0.010002,0.195375,0.22862,0.519442,0.480558,0.122019,0.115586
1043,30,0.419291,0.146528,0.01,0.19537,0.228812,0.519488,0.480512,0.121748,0.115483
1044,30,0.419943,0.146363,0.009989,0.195151,0.228555,0.519124,0.480876,0.088388,0.102991
1045,24,0.419938,0.146361,0.01,0.195148,0.228552,0.519132,0.480868,0.123724,0.121188
1046,24,0.419942,0.14636,0.01,0.195147,0.228551,0.519132,0.480868,0.114983,0.11016
1047,24,0.419838,0.146324,0.009998,0.195099,0.228742,0.519068,0.480932,0.129623,0.130824
1048,30,0.419837,0.146324,0.01,0.195098,0.228741,0.519066,0.480934,0.119542,0.116116
1049,30,0.419977,0.146185,0.009991,0.194913,0.228935,0.518898,0.481102,0.114402,0.120469
1050,30,0.419836,0.146218,0.010002,0.194957,0.228987,0.51891,0.48109,0.130018,0.125381
1051,30,0.419451,0.146084,0.010499,0.194779,0.229187,0.518964,0.481036,0.12543,0.116987
1052,30,0.419589,0.146121,0.010003,0.194828,0.22946,0.51896,0.48104,0.119268,0.115976
1053,24,0.419219,0.145992,0.010626,0.194656,0.229506,0.518896,0.481104,0.12957,0.130789
1054,24,0.419424,0.146098,0.010007,0.194798,0.229672,0.51894,0.48106,0.123122,0.11599
1055,30,0.419709,0.146028,0.009995,0.194705,0.229562,0.518646,0.481354,0.102343,0.110766
1056,30,0.419707,0.146028,0.01,0.194704,0.229561,0.518647,0.481353,0.126202,0.124443
1057,24,0.419707,0.146028,0.01,0.194704,0.229561,0.518586,0.481414,0.129895,0.13094
1058,24,0.419878,0.145922,0.009993,0.194563,0.229643,0.518413,0.481587,0.110492,0.116155
1059,30,0.420122,0.145859,0.009996,0.194479,0.229544,0.51831,0.48169,0.115934,0.118763
1060,30,0.420366,0.145797,0.009996,0.194396,0.229446,0.518158,0.481842,0.109267,0.114649
1061,24,0.420364,0.145796,0.01,0.194395,0.229445,0.518098,0.481902,0.12164,0.122645
1062,24,0.420248,0.145825,0.010002,0.194434,0.229491,0.518067,0.481933,0.132928,0.132326
1063,24,0.420132,0.145855,0.010002,0.194473,0.229537,0.517949,0.482051,0.124604,0.125891
1064,24,0.420133,0.145855,0.01,0.194474,0.229538,0.517889,0.482111,0.121657,0.122658
1065,24,0.420407,0.145786,0.009995,0.194382,0.229429,0.517719,0.482281,0.110793,0.116289
1066,30,0.420671,0.145719,0.009995,0.194292,0.229323,0.517634,0.482366,0.108597,0.109579
1067,24,0.420669,0.145718,0.01,0.194291,0.229322,0.517573,0.482427,0.12992,0.130942
1068,24,0.420633,0.145706,0.010085,0.194274,0.229302,0.517512,0.482488,0.121558,0.1226
1069,30,0.420669,0.145718,0.010001,0.194291,0.229322,0.51751,0.48249,0.119487,0.116081
1070,24,0.420959,0.145583,0.009991,0.194111,0.229356,0.517371,0.482629,0.109148,0.113009
1071,24,0.421473,0.145452,0.009991,0.193935,0.229149,0.517327,0.482673,0.097803,0.092967
1072,24,0.421248,0.145443,0.009999,0.193925,0.229384,0.517294,0.482706,0.12434,0.123876
1073,30,0.421202,0.145455,0.010001,0.19394,0.229402,0.517179,0.482821,0.119699,0.122182
1074,30,0.420814,0.145321,0.010914,0.193761,0.229191,0.517218,0.482782,0.126101,0.120438
1075,30,0.421355,0.145311,0.009999,0.193748,0.229586,0.517099,0.482901,0.114312,0.117849
1076,30,0.421247,0.145274,0.010254,0.193698,0.229527,0.51705,0.48295,0.119487,0.1203
1077,24,0.422016,0.145144,0.009991,0.193526,0.229323,0.516739,0.483261,0.096873,0.108467
1078,30,0.422012,0.145143,0.01,0.193524,0.229321,0.516738,0.483262,0.119542,0.116111
1079,24,0.422012,0.145143,0.01,0.193524,0.229321,0.516746,0.483254,0.123712,0.121176
1080,30,0.421694,0.145169,0.010002,0.193559,0.229577,0.51677,0.48323,0.126779,0.123463
1081,30,0.421519,0.14511,0.009996,0.19348,0.229895,0.516753,0.483247,0.124441,0.123237
1082,30,0.421595,0.144979,0.010433,0.193306,0.229687,0.516594,0.483406,0.115172,0.1208
1083,30,0.421491,0.145079,0.010148,0.193438,0.229844,0.51654,0.48346,0.136985,0.135649
1084,30,0.421507,0.145112,0.010002,0.193482,0.229897,0.516425,0.483575,0.119729,0.122191
1085,24,0.421633,0.145081,0.009998,0.193441,0.229848,0.516391,0.483609,0.111522,0.108459
1086,30,0.421259,0.144952,0.010875,0.19327,0.229644,0.516331,0.483669,0.136081,0.137497
1087,24,0.421313,0.14504,0.010229,0.193387,0.230031,0.516298,0.483702,0.12434,0.123866
1088,24,0.421201,0.145001,0.009997,0.193335,0.230465,0.516301,0.483699,0.123163,0.120907
1089,24,0.42098,0.144994,0.01,0.193326,0.230701,0.516268,0.483732,0.132643,0.132182
1090,24,0.420921,0.145009,0.010001,0.193345,0.230724,0.516444,0.483556,0.114786,0.099017
1091,30,0.421144,0.144953,0.009996,0.193271,0.230636,0.5163,0.4837,0.109949,0.115327
1092,30,0.421451,0.144875,0.009995,0.193167,0.230512,0.516178,0.483822,0.114008,0.117333
1093,24,0.421449,0.144875,0.01,0.193166,0.230511,0.516186,0.483814,0.123712,0.121176
1094,24,0.421353,0.144837,0.009997,0.193116,0.230698,0.516115,0.483885,0.128861,0.130284
1095,30,0.42105,0.144733,0.010708,0.192977,0.230532,0.516085,0.483915,0.119443,0.115548
1096,30,0.420942,0.144696,0.010962,0.192927,0.230473,0.515968,0.484032,0.119486,0.122062
1097,24,0.421348,0.144835,0.01001,0.193113,0.230695,0.515908,0.484092,0.121644,0.12264
1098,24,0.421247,0.1448,0.009998,0.193067,0.230888,0.515845,0.484155,0.12966,0.130817
1099,24,0.42113,0.144829,0.010002,0.193106,0.230933,0.515815,0.484185,0.132932,0.132322
1100,30,0.421128,0.14483,0.01,0.193107,0.230935,0.515803,0.484197,0.118513,0.11499
1101,30,0.421367,0.144717,0.009992,0.192955,0.230968,0.515689,0.484311,0.114783,0.118056
1102,30,0.421318,0.144727,0.010001,0.192969,0.230985,0.515643,0.484357,0.119699,0.120399
1103,30,0.421145,0.144668,0.009996,0.19289,0.231301,0.515637,0.484363,0.125465,0.124085
1104,30,0.421473,0.144585,0.009994,0.19278,0.231168,0.515525,0.484475,0.114954,0.118137
1105,30,0.4211,0.144457,0.010871,0.192609,0.230964,0.515465,0.484535,0.136081,0.137493
1106,24,0.421467,0.144583,0.010009,0.192777,0.231165,0.515405,0.484595,0.121644,0.122637
1107,30,0.421298,0.144524,0.009996,0.192699,0.231483,0.515511,0.484489,0.118804,0.107792
1108,30,0.421363,0.144362,0.010158,0.192483,0.231634,0.515343,0.484657,0.114316,0.120372
1109,30,0.421241,0.144432,0.010005,0.192576,0.231746,0.515336,0.484664,0.135629,0.12991
1110,30,0.421464,0.144324,0.009993,0.192432,0.231787,0.515223,0.484777,0.114829,0.118085
1111,24,0.42146,0.144323,0.01,0.192431,0.231785,0.515163,0.484837,0.129949,0.130943
1112,30,0.421582,0.144181,0.01003,0.192241,0.231967,0.515068,0.484932,0.124282,0.123893
1113,24,0.421599,0.144184,0.01,0.192245,0.231972,0.515072,0.484928,0.123295,0.120901
1114,24,0.421378,0.144177,0.01,0.192236,0.232209,0.515039,0.484961,0.124335,0.123862
1115,30,0.421159,0.144129,0.009997,0.192172,0.232543,0.514986,0.485014,0.118981,0.120044
1116,30,0.421487,0.144047,0.009994,0.192062,0.232409,0.514874,0.485126,0.115012,0.118161
1117,24,0.421878,0.143948,0.009993,0.191931,0.23225,0.514738,0.485262,0.109378,0.11309
1118,30,0.42199,0.143887,0.010121,0.19185,0.232152,0.514572,0.485428,0.12573,0.130372
1119,24,0.421986,0.143725,0.010767,0.191633,0.23189,0.514401,0.485599,0.118978,0.124478
1120,30,0.422382,0.143762,0.010222,0.191683,0.231951,0.514352,0.485648,0.114757,0.112752
1121,24,0.4225,0.143727,0.009998,0.191636,0.23214,0.514315,0.485685,0.119199,0.11885
1122,24,0.422383,0.143755,0.010002,0.191674,0.232186,0.514199,0.485801,0.124599,0.12585
1123,24,0.421995,0.143623,0.010911,0.191498,0.231973,0.514138,0.485862,0.129825,0.130878
1124,30,0.422524,0.143647,0.010286,0.19153,0.232012,0.51398,0.48602,0.108614,0.114147
1125,24,0.422598,0.143672,0.010113,0.191563,0.232053,0.513986,0.486014,0.115333,0.11073
1126,24,0.42253,0.143718,0.010003,0.191624,0.232126,0.51387,0.48613,0.124612,0.125846
1127,24,0.422427,0.143683,0.009998,0.191577,0.232317,0.513807,0.486193,0.129619,0.130779
1128,30,0.42238,0.143694,0.010001,0.191591,0.232334,0.513681,0.486319,0.129712,0.132717
1129,30,0.422334,0.143705,0.010001,0.191607,0.232353,0.513623,0.486377,0.136328,0.137605
1130,24,0.422114,0.143698,0.01,0.191598,0.23259,0.51359,0.48641,0.124339,0.123869
1131,24,0.422386,0.143631,0.009995,0.191508,0.23248,0.513419,0.486581,0.118995,0.124471
1132,24,0.422279,0.143595,0.009997,0.191459,0.232669,0.513356,0.486644,0.129635,0.130782
1133,30,0.422434,0.143454,0.00999,0.191271,0.232851,0.513238,0.486762,0.114289,0.117784
1134,30,0.422384,0.143464,0.010001,0.191285,0.232868,0.513257,0.486743,0.113085,0.108646
1135,24,0.422012,0.143337,0.010624,0.191116,0.23291,0.513193,0.486807,0.129565,0.13075
1136,24,0.422276,0.143427,0.010006,0.191236,0.233056,0.513133,0.486867,0.129952,0.130939
1137,30,0.422068,0.143298,0.010315,0.191064,0.233256,0.513035,0.486965,0.132309,0.135593
1138,24,0.422038,0.143322,0.010002,0.191096,0.233543,0.513016,0.486984,0.131145,0.12745
1139,24,0.421818,0.143315,0.01,0.191087,0.23378,0.512897,0.487103,0.124324,0.125679
1140,24,0.422091,0.143248,0.009995,0.190997,0.233669,0.512728,0.487272,0.110761,0.116181
1141,24,0.422031,0.143261,0.010001,0.191015,0.233692,0.512712,0.487288,0.131434,0.127544
1142,30,0.421887,0.142973,0.011287,0.190631,0.233222,0.512543,0.487457,0.116734,0.120548
1143,24,0.422166,0.142907,0.011022,0.190543,0.233362,0.51237,0.48763,0.118732,0.124328
1144,30,0.422441,0.143001,0.010377,0.190667,0.233514,0.512388,0.487612,0.112888,0.108557
1145,30,0.422238,0.143042,0.010003,0.190723,0.233993,0.512443,0.487557,0.141553,0.134792
1146,24,0.422511,0.142975,0.009995,0.190634,0.233884,0.512273,0.487727,0.110728,0.116152
1147,30,0.422487,0.14298,0.01,0.190641,0.233892,0.512299,0.487701,0.136244,0.129359
1148,30,0.422707,0.142926,0.009996,0.190568,0.233803,0.512086,0.487914,0.109848,0.116672
1149,24,0.422546,0.142871,0.010126,0.190495,0.233961,0.512023,0.487977,0.12959,0.130748
1150,24,0.4226,0.142889,0.010001,0.190519,0.233991,0.512032,0.487968,0.12367,0.121157
1151,30,0.422618,0.142885,0.01,0.190513,0.233984,0.512032,0.487968,0.119505,0.116087
1152,24,0.422618,0.142885,0.01,0.190513,0.233983,0.512039,0.487961,0.115347,0.110733
1153,24,0.422618,0.142885,0.01,0.190513,0.233983,0.51198,0.48802,0.121628,0.122599
1154,24,0.422351,0.142795,0.010626,0.190393,0.233835,0.511919,0.488081,0.129853,0.130882
1155,24,0.422424,0.14282,0.010454,0.190426,0.233876,0.511926,0.488074,0.115331,0.110732
1156,30,0.422316,0.142783,0.010708,0.190377,0.233816,0.511878,0.488122,0.119487,0.120274
1157,30,0.422416,0.142843,0.010153,0.190458,0.23413,0.511895,0.488105,0.112827,0.108527
1158,24,0.422243,0.142853,0.010287,0.190471,0.234146,0.511865,0.488135,0.132882,0.132287
1159,30,0.422265,0.142887,0.010129,0.190516,0.234202,0.511819,0.488181,0.119701,0.120381
1160,30,0.42232,0.142906,0.010001,0.190541,0.234232,0.511772,0.488228,0.119545,0.120308
1161,30,0.422211,0.142869,0.010256,0.190492,0.234172,0.511724,0.488276,0.119487,0.120274
1162,30,0.422143,0.142848,0.009998,0.190463,0.234548,0.511708,0.488292,0.124425,0.123219
1163,30,0.421883,0.142787,0.010501,0.190382,0.234448,0.511662,0.488338,0.126312,0.127021
1164,30,0.422226,0.142721,0.01042,0.190294,0.234339,0.511502,0.488498,0.108373,0.11399
1165,24,0.422291,0.142559,0.010999,0.190078,0.234073,0.511303,0.488697,0.116113,0.123089
1166,30,0.422864,0.142547,0.010471,0.190063,0.234054,0.511231,0.488769,0.10091,0.098366
1167,24,0.422963,0.142578,0.010002,0.190104,0.234353,0.511233,0.488767,0.123004,0.120764
1168,30,0.422918,0.14259,0.010001,0.19012,0.234372,0.511253,0.488747,0.113085,0.108656
1169,30,0.422828,0.142511,0.009994,0.190014,0.234652,0.511161,0.488839,0.115199,0.116969
1170,24,0.422606,0.142503,0.009999,0.190004,0.234888,0.511128,0.488872,0.132642,0.132173
1171,24,0.42288,0.142417,0.010069,0.189889,0.234745,0.510982,0.489018,0.108656,0.109723
1172,30,0.422927,0.142422,0.01,0.189896,0.234754,0.510982,0.489018,0.119519,0.116094
1173,24,0.422891,0.14241,0.010086,0.18988,0.234734,0.510922,0.489078,0.121558,0.12256
1174,30,0.422593,0.142309,0.010784,0.189746,0.234568,0.510806,0.489194,0.119443,0.121984
1175,30,0.422938,0.142328,0.010364,0.189771,0.234599,0.510653,0.489347,0.115796,0.119779
1176,24,0.423484,0.142283,0.009997,0.189711,0.234525,0.510518,0.489482,0.109355,0.113017
1177,24,0.42332,0.142262,0.009998,0.189682,0.234737,0.5105,0.4895,0.131142,0.127397
1178,30,0.4231,0.142214,0.009997,0.189619,0.23507,0.510521,0.489479,0.118975,0.114308
1179,30,0.42284,0.142154,0.010499,0.189538,0.234969,0.510475,0.489525,0.126314,0.127015
1180,24,0.422894,0.142061,0.010816,0.189414,0.234816,0.510315,0.489685,0.119998,0.125053
1181,24,0.423406,0.142074,0.010001,0.189433,0.235086,0.510144,0.489856,0.110493,0.115994
1182,30,0.423404,0.142075,0.01,0.189434,0.235087,0.510134,0.489866,0.118502,0.114972
1183,30,0.423013,0.141944,0.010914,0.189259,0.23487,0.510086,0.489914,0.126101,0.12691
1184,24,0.423344,0.141967,0.01049,0.18929,0.234909,0.510037,0.489963,0.118411,0.113838
1185,30,0.422969,0.141841,0.011367,0.189122,0.234701,0.510062,0.489938,0.136079,0.129289
1186,30,0.42392,0.14174,0.010819,0.188987,0.234533,0.509734,0.490266,0.09338,0.105696
1187,30,0.423924,0.141742,0.01081,0.188989,0.234535,0.509607,0.490393,0.129484,0.132553
1188,24,0.424085,0.141863,0.010167,0.18915,0.234736,0.509578,0.490422,0.13294,0.132308
1189,30,0.424153,0.141887,0.010002,0.189183,0.234776,0.509568,0.490432,0.118513,0.114975
1190,24,0.424116,0.141875,0.010087,0.189166,0.234756,0.509423,0.490577,0.121558,0.124705
1191,30,0.424344,0.141772,0.01027,0.189029,0.234585,0.509352,0.490648,0.10832,0.107494
1192,30,0.424282,0.141764,0.010148,0.189019,0.234787,0.509324,0.490676,0.11936,0.115521
1193,24,0.42424,0.14175,0.009999,0.189,0.235011,0.509262,0.490738,0.121347,0.122455
1194,24,0.424626,0.141655,0.009993,0.188873,0.234853,0.508977,0.491023,0.107617,0.115827
1195,24,0.424518,0.141619,0.009997,0.188825,0.235041,0.508915,0.491085,0.121293,0.12242
1196,24,0.424416,0.141582,0.009997,0.188776,0.235228,0.508917,0.491083,0.123013,0.120768
1197,24,0.424581,0.14148,0.009993,0.18864,0.235306,0.508745,0.491255,0.110436,0.115942
1198,24,0.424849,0.141412,0.009995,0.18855,0.235193,0.508576,0.491424,0.110722,0.116077
1199,24,0.424742,0.141377,0.009997,0.188502,0.235382,0.508514,0.491486,0.121347,0.122452
1200,30,0.424654,0.141349,0.009998,0.188466,0.235534,0.508503,0.491497,0.124905,0.123449
1201,30,0.424645,0.14125,0.009993,0.188333,0.235779,0.508459,0.491541,0.115082,0.113472
1202,24,0.424642,0.141249,0.01,0.188332,0.235777,0.508467,0.491533,0.115333,0.110734
1203,30,0.425274,0.141035,0.010226,0.188046,0.235419,0.508085,0.491915,0.092867,0.107749
1204,24,0.425254,0.141028,0.010025,0.188037,0.235656,0.508023,0.491977,0.121293,0.122418
1205,24,0.425149,0.14106,0.010002,0.18808,0.235709,0.507994,0.492006,0.132944,0.132311
1206,24,0.425154,0.141059,0.01,0.188079,0.235708,0.507998,0.492002,0.114969,0.110156
1207,24,0.425544,0.140963,0.009993,0.187951,0.235548,0.507863,0.492137,0.109309,0.112952
1208,30,0.425973,0.140857,0.009992,0.187809,0.235369,0.50762,0.49238,0.095349,0.10098
1209,30,0.42597,0.140856,0.01,0.187807,0.235368,0.507494,0.492506,0.129536,0.132563
1210,24,0.426254,0.140725,0.009991,0.187634,0.235397,0.507357,0.492643,0.109075,0.112828
1211,24,0.426342,0.140701,0.009998,0.187601,0.235357,0.507363,0.492637,0.1116,0.106157
1212,24,0.426342,0.140701,0.01,0.187601,0.235356,0.507373,0.492627,0.123724,0.121198
1213,24,0.426135,0.14063,0.009995,0.187507,0.235733,0.507373,0.492627,0.122719,0.120634
1214,24,0.426403,0.140563,0.009995,0.187418,0.235621,0.507204,0.492796,0.110711,0.116056
1215,24,0.426074,0.140521,0.009997,0.187362,0.236045,0.50717,0.49283,0.124052,0.123698
1216,24,0.426348,0.140432,0.010081,0.187243,0.235896,0.506972,0.493028,0.107786,0.114665
1217,24,0.426391,0.140442,0.010001,0.187256,0.235912,0.506905,0.493095,0.12084,0.122042
1218,30,0.426345,0.140453,0.010001,0.18727,0.23593,0.506848,0.493152,0.136328,0.137565
1219,24,0.426135,0.140383,0.009995,0.187178,0.236309,0.506783,0.493217,0.129337,0.130603
1220,30,0.426198,0.140367,0.009999,0.187156,0.236281,0.506548,0.493452,0.107601,0.113363
1221,24,0.426201,0.140366,0.01,0.187154,0.236279,0.506552,0.493448,0.114969,0.110143
1222,24,0.42651,0.14029,0.009995,0.187054,0.236152,0.506428,0.493572,0.11041,0.113612
1223,30,0.426613,0.140211,0.009994,0.186948,0.236233,0.506277,0.493723,0.109118,0.114382
1224,30,0.426504,0.140175,0.010249,0.1869,0.236172,0.50623,0.49377,0.119487,0.12025
1225,24,0.42661,0.14021,0.010002,0.186947,0.236231,0.50624,0.49376,0.123683,0.121164
1226,30,0.426611,0.14021,0.01,0.186947,0.236232,0.506259,0.493741,0.112885,0.108568
1227,30,0.426505,0.140026,0.010438,0.186701,0.236331,0.506082,0.493918,0.124346,0.130776
1228,24,0.426113,0.139897,0.011347,0.186529,0.236114,0.505938,0.494062,0.121516,0.124629
1229,30,0.426496,0.13986,0.011115,0.186479,0.236051,0.505855,0.494145,0.125051,0.124123
1230,30,0.427102,0.139945,0.010167,0.186593,0.236194,0.505662,0.494338,0.105038,0.110798
1231,24,0.427173,0.139968,0.010002,0.186624,0.236234,0.505672,0.494328,0.123683,0.121165
1232,30,0.427917,0.139787,0.009987,0.186382,0.235927,0.505325,0.494675,0.091397,0.104379
1233,24,0.427916,0.139784,0.01,0.186378,0.235923,0.50533,0.49467,0.114983,0.110155
1234,30,0.427842,0.139749,0.009998,0.186332,0.236079,0.505329,0.494671,0.125866,0.124277
1235,24,0.427726,0.139777,0.010002,0.186369,0.236126,0.505216,0.494784,0.124628,0.125755
1236,24,0.427611,0.139805,0.010002,0.186407,0.236174,0.505188,0.494812,0.124643,0.123991
1237,30,0.427612,0.139806,0.01,0.186408,0.236174,0.50519,0.49481,0.119531,0.116107
1238,30,0.427914,0.139684,0.009991,0.186245,0.236166,0.504961,0.495039,0.103153,0.110866
1239,30,0.427837,0.139648,0.009997,0.186197,0.23632,0.50496,0.49504,0.11924,0.115963
1240,30,0.427917,0.139628,0.009999,0.186171,0.236286,0.504877,0.495123,0.115937,0.117257
1241,24,0.428198,0.139499,0.009991,0.185998,0.236315,0.50474,0.49526,0.109029,0.112763
1242,24,0.428462,0.139432,0.009995,0.185909,0.236202,0.504572,0.495428,0.110704,0.115995
1243,24,0.428345,0.139459,0.010002,0.185946,0.236248,0.504544,0.495456,0.124631,0.123973
1244,30,0.428083,0.1394,0.010504,0.185866,0.236147,0.504499,0.495501,0.126317,0.126989
1245,30,0.428061,0.139393,0.010555,0.185857,0.236135,0.504474,0.495526,0.119471,0.115537
1246,30,0.428084,0.139426,0.010397,0.185901,0.236192,0.504429,0.495571,0.119702,0.120351
1247,24,0.428139,0.139509,0.010006,0.186012,0.236333,0.504401,0.495599,0.124643,0.123991
1248,30,0.428222,0.139442,0.010195,0.185922,0.236219,0.504249,0.495751,0.115717,0.119634
1249,30,0.428213,0.139439,0.01,0.185919,0.236429,0.504249,0.495751,0.119345,0.11601
1250,24,0.428112,0.139404,0.009997,0.185871,0.236616,0.504252,0.495748,0.123012,0.120769
1251,30,0.428184,0.139333,0.009995,0.185777,0.236711,0.504098,0.495902,0.11552,0.119538
1252,30,0.428321,0.139298,0.009998,0.185731,0.236652,0.50398,0.49602,0.099164,0.099173
1253,30,0.42816,0.139259,0.010102,0.185679,0.2368,0.503954,0.496046,0.11935,0.115499
1254,24,0.428204,0.139273,0.010001,0.185698,0.236824,0.503964,0.496036,0.123695,0.121181
1255,24,0.428204,0.139273,0.01,0.185698,0.236824,0.503905,0.496095,0.121587,0.122537
1256,30,0.428563,0.139155,0.01012,0.18554,0.236623,0.503685,0.496315,0.101497,0.107022
1257,24,0.428614,0.139171,0.010001,0.185562,0.236651,0.503695,0.496305,0.12367,0.121165
1258,24,0.4285,0.1392,0.010002,0.1856,0.236699,0.503583,0.496417,0.124619,0.125727
1259,24,0.428501,0.1392,0.01,0.1856,0.236699,0.503593,0.496407,0.123695,0.121175
1260,30,0.428279,0.139154,0.009997,0.185538,0.237032,0.503541,0.496459,0.118973,0.119975
1261,24,0.42836,0.139073,0.009994,0.185431,0.237142,0.503381,0.496619,0.111443,0.116481
1262,24,0.428357,0.139072,0.01,0.18543,0.23714,0.503391,0.496609,0.123712,0.121188
1263,30,0.428357,0.139072,0.01,0.18543,0.23714,0.503411,0.496589,0.112874,0.108563
1264,24,0.4283,0.139086,0.010001,0.185448,0.237164,0.503413,0.496587,0.123119,0.116675
1265,30,0.428079,0.139015,0.010102,0.185353,0.237452,0.503409,0.496591,0.135385,0.132157
1266,30,0.428335,0.138977,0.009997,0.185303,0.237388,0.503366,0.496634,0.103445,0.099692
1267,24,0.428298,0.138965,0.010083,0.185287,0.237368,0.503307,0.496693,0.129866,0.13083
1268,24,0.428333,0.138977,0.010001,0.185302,0.237387,0.503249,0.496751,0.12164,0.122564
1269,30,0.428242,0.138947,0.009998,0.185262,0.237551,0.503122,0.496878,0.129271,0.132366
1270,24,0.428126,0.138974,0.010002,0.185299,0.237598,0.503094,0.496906,0.124631,0.123974
1271,30,0.428127,0.138975,0.01,0.1853,0.237599,0.503096,0.496904,0.119487,0.116082
1272,24,0.428012,0.139003,0.010002,0.185337,0.237647,0.503151,0.496849,0.116306,0.109016
1273,24,0.428603,0.13886,0.00999,0.185146,0.237402,0.502973,0.497027,0.096642,0.098876
1274,24,0.428483,0.138886,0.010002,0.185181,0.237447,0.502945,0.497055,0.124635,0.123968
1275,24,0.428369,0.138914,0.010002,0.185219,0.237495,0.502917,0.497083,0.124643,0.123977
1276,24,0.428098,0.138826,0.010628,0.185102,0.237345,0.502774,0.497226,0.12153,0.124598
1277,30,0.42866,0.138842,0.010001,0.185123,0.237373,0.502569,0.497431,0.098832,0.103146
1278,30,0.428485,0.138786,0.009996,0.185047,0.237686,0.502582,0.497418,0.112174,0.108201
1279,30,0.428744,0.138722,0.009995,0.184962,0.237577,0.502425,0.497575,0.108482,0.113887
1280,30,0.429002,0.138658,0.009995,0.184877,0.237467,0.502268,0.497732,0.115171,0.120557
1281,30,0.42922,0.138604,0.009996,0.184805,0.237375,0.502119,0.497881,0.109259,0.114384
1282,30,0.429121,0.138627,0.010002,0.184836,0.237414,0.502172,0.497828,0.122002,0.115663
1283,30,0.429288,0.138587,0.009997,0.184783,0.237346,0.502154,0.497846,0.109098,0.106266
1284,24,0.429673,0.138493,0.009993,0.184657,0.237184,0.50202,0.49798,0.109266,0.112842
1285,24,0.429674,0.138491,0.01,0.184654,0.237181,0.502026,0.497974,0.123278,0.120902
1286,24,0.429674,0.138491,0.01,0.184654,0.237181,0.501884,0.498116,0.121572,0.124605
1287,30,0.430223,0.138357,0.00999,0.184476,0.236953,0.501621,0.498379,0.092975,0.099211
1288,30,0.430399,0.138312,0.009997,0.184416,0.236875,0.501365,0.498635,0.105229,0.11208
1289,30,0.430009,0.138187,0.010896,0.184249,0.23666,0.50124,0.49876,0.129412,0.132415
1290,24,0.429836,0.138196,0.01103,0.184261,0.236676,0.501212,0.498788,0.132901,0.132265
1291,24,0.430023,0.13832,0.01034,0.184427,0.236889,0.501184,0.498816,0.124643,0.123965
1292,30,0.430124,0.138379,0.010004,0.184505,0.236989,0.501207,0.498793,0.11309,0.108676
1293,30,0.430156,0.138253,0.01048,0.184337,0.236774,0.501105,0.498895,0.115689,0.118449
1294,24,0.43055,0.138274,0.010002,0.184365,0.23681,0.500948,0.499052,0.111706,0.116569
1295,30,0.430443,0.13824,0.010248,0.184319,0.236751,0.50089,0.49911,0.136138,0.137441
1296,30,0.430388,0.138213,0.009998,0.184284,0.237116,0.500809,0.499191,0.116001,0.117352
1297,30,0.430388,0.138213,0.01,0.184284,0.237116,0.500812,0.499188,0.126202,0.124451
1298,24,0.430602,0.138131,0.010116,0.184175,0.236976,0.500644,0.499356,0.118921,0.1242
1299,24,0.430545,0.138113,0.009999,0.184151,0.237192,0.500583,0.499417,0.121293,0.122365
1300,24,0.430381,0.138093,0.009999,0.184123,0.237405,0.500583,0.499417,0.122829,0.116545
1301,24,0.430384,0.138091,0.01,0.184122,0.237402,0.50059,0.49941,0.123294,0.120907
1302,30,0.43016,0.138146,0.010004,0.184194,0.237496,0.500553,0.499447,0.127091,0.125046
1303,30,0.429844,0.138171,0.010002,0.184228,0.237754,0.500513,0.499487,0.126837,0.124919
1304,24,0.429739,0.138137,0.009998,0.184183,0.237944,0.500521,0.499479,0.123418,0.121035
1305,24,0.429516,0.138131,0.01,0.184174,0.238179,0.500491,0.499509,0.124342,0.123812
1306,24,0.429516,0.13813,0.01,0.184174,0.238179,0.500501,0.499499,0.12367,0.121168
1307,24,0.429414,0.138095,0.009997,0.184127,0.238366,0.500505,0.499495,0.123007,0.120766
1308,30,0.429188,0.138149,0.010004,0.184199,0.23846,0.500601,0.499399,0.120427,0.111711
1309,30,0.42927,0.13813,0.009999,0.184174,0.238427,0.50052,0.49948,0.116005,0.117252
1310,30,0.428952,0.138155,0.010002,0.184207,0.238684,0.50048,0.49952,0.126811,0.124911
1311,24,0.428953,0.138155,0.01,0.184207,0.238684,0.50049,0.49951,0.115347,0.110747
1312,24,0.428838,0.138183,0.010002,0.184244,0.238732,0.500463,0.499537,0.124647,0.12397
1313,24,0.429107,0.138119,0.009995,0.184158,0.238621,0.500296,0.499704,0.110697,0.115913
1314,30,0.428867,0.138054,0.010497,0.184072,0.23851,0.500366,0.499634,0.126232,0.117439
1315,30,0.428605,0.137995,0.010999,0.183994,0.238408,0.500321,0.499679,0.126309,0.126969
1316,24,0.428547,0.137977,0.011131,0.183969,0.238376,0.500263,0.499737,0.129873,0.130826
1317,30,0.428554,0.138005,0.011011,0.184006,0.238424,0.500152,0.499848,0.119697,0.121991
1318,30,0.428529,0.137996,0.01107,0.183995,0.23841,0.500155,0.499845,0.119473,0.116074
1319,24,0.428587,0.13808,0.010424,0.184107,0.238802,0.500125,0.499875,0.124349,0.123828
1320,30,0.428895,0.138009,0.009995,0.184012,0.239089,0.499998,0.500002,0.113201,0.116713
1321,24,0.428787,0.137974,0.009997,0.183965,0.239276,0.499937,0.500063,0.12133,0.122378
1322,24,0.42875,0.137962,0.010083,0.183949,0.239256,0.499879,0.500121,0.129866,0.130812
1323,30,0.428982,0.137926,0.009997,0.183901,0.239193,0.499755,0.500245,0.098394,0.097962
1324,30,0.429207,0.137823,0.009993,0.183764,0.239213,0.49969,0.50031,0.101078,0.098381
1325,30,0.42967,0.13771,0.009992,0.183613,0.239016,0.499442,0.500558,0.099272,0.108925
1326,24,0.429552,0.137736,0.010002,0.183648,0.239062,0.499415,0.500585,0.124635,0.123963
1327,24,0.429714,0.137638,0.009993,0.183517,0.239138,0.499245,0.500755,0.110389,0.115746
1328,24,0.430092,0.137545,0.009993,0.183393,0.238977,0.499131,0.500869,0.09925,0.098851
1329,24,0.430089,0.137544,0.01,0.183392,0.238975,0.499074,0.500926,0.121628,0.122525
1330,30,0.430044,0.137555,0.010001,0.183406,0.238994,0.49903,0.50097,0.119703,0.120323
1331,24,0.430044,0.137555,0.01,0.183407,0.238994,0.498972,0.501028,0.1216,0.122505
1332,24,0.430044,0.137555,0.01,0.183407,0.238994,0.498914,0.501086,0.12992,0.130835
1333,30,0.430462,0.137454,0.009993,0.183272,0.238819,0.498685,0.501315,0.102905,0.110448
1334,24,0.43025,0.137384,0.009995,0.183179,0.239192,0.498686,0.501314,0.122709,0.120618
1335,30,0.430265,0.137379,0.01,0.183172,0.239184,0.498689,0.501311,0.12612,0.124406
1336,30,0.430381,0.137351,0.009998,0.183135,0.239135,0.498661,0.501339,0.123061,0.122811
1337,24,0.430659,0.137224,0.009991,0.182965,0.239161,0.498525,0.501475,0.108971,0.112642
1338,24,0.430655,0.137223,0.01,0.182964,0.239159,0.498468,0.501532,0.121657,0.122543
1339,30,0.430643,0.137219,0.010027,0.182958,0.239152,0.498355,0.501645,0.119498,0.121867
1340,30,0.430696,0.137126,0.010353,0.182835,0.23899,0.498207,0.501793,0.115913,0.120979
1341,24,0.430782,0.137154,0.010154,0.182872,0.239038,0.498149,0.501851,0.129895,0.130817
1342,24,0.430853,0.137174,0.010001,0.182898,0.239073,0.498156,0.501844,0.123294,0.120908
1343,30,0.431136,0.137094,0.010045,0.182792,0.238934,0.497998,0.502002,0.108255,0.113702
1344,24,0.431354,0.136993,0.009993,0.182657,0.239005,0.497873,0.502127,0.110034,0.113306
1345,24,0.431023,0.136951,0.009997,0.182602,0.239428,0.49784,0.50216,0.124058,0.123675
1346,24,0.431083,0.136936,0.009999,0.182581,0.239401,0.497963,0.502037,0.113468,0.101165
1347,24,0.431082,0.136936,0.01,0.182581,0.239401,0.497822,0.502178,0.121572,0.124545
1348,30,0.431508,0.136833,0.009993,0.182444,0.239221,0.497584,0.502416,0.095243,0.100671
1349,30,0.43143,0.136799,0.009997,0.182398,0.239375,0.497585,0.502415,0.119259,0.115966
1350,30,0.431252,0.136742,0.009996,0.182323,0.239687,0.497582,0.502418,0.118809,0.115723
1351,24,0.43125,0.136742,0.01,0.182322,0.239686,0.497524,0.502476,0.129895,0.130813
1352,30,0.431113,0.136723,0.009999,0.182297,0.239868,0.4974,0.5026,0.129469,0.132386
1353,24,0.431112,0.136723,0.01,0.182297,0.239868,0.497411,0.502589,0.123695,0.121182
1354,30,0.431015,0.136648,0.009994,0.182197,0.240146,0.497311,0.502689,0.131805,0.134001
1355,30,0.430897,0.136623,0.009998,0.182164,0.240318,0.497249,0.502751,0.12936,0.127417
1356,24,0.430733,0.136603,0.009999,0.182137,0.240529,0.497298,0.502702,0.122839,0.115954
1357,30,0.430626,0.136569,0.010245,0.182092,0.240469,0.497266,0.502734,0.136138,0.134305
1358,30,0.43033,0.1366,0.010002,0.182133,0.240935,0.497277,0.502723,0.14297,0.140478
1359,30,0.430319,0.136505,0.009993,0.182006,0.241177,0.497254,0.502746,0.108387,0.105873
1360,24,0.430095,0.136497,0.009999,0.181996,0.241412,0.497224,0.502776,0.124353,0.123821
1361,30,0.430003,0.136421,0.009994,0.181895,0.241687,0.497275,0.502725,0.122126,0.114159
1362,30,0.429611,0.136297,0.010896,0.181729,0.241467,0.497228,0.502772,0.126101,0.126848
1363,30,0.429698,0.136357,0.01056,0.18181,0.241575,0.497288,0.502712,0.116651,0.109421
1364,24,0.429661,0.136346,0.010645,0.181794,0.241554,0.497147,0.502853,0.121556,0.124525
1365,30,0.429729,0.136367,0.010488,0.181823,0.241592,0.49715,0.50285,0.119481,0.116084
1366,30,0.429792,0.136343,0.010525,0.181791,0.241549,0.497068,0.502932,0.115841,0.117133
1367,24,0.430018,0.136415,0.010005,0.181886,0.241676,0.497011,0.502989,0.121635,0.122515
1368,30,0.429908,0.13638,0.010259,0.181839,0.241614,0.496965,0.503035,0.119487,0.120208
1369,24,0.430019,0.136415,0.010003,0.181887,0.241677,0.496976,0.503024,0.123695,0.121182
1370,24,0.430227,0.136366,0.009996,0.181821,0.24159,0.49694,0.50306,0.110612,0.107838
1371,24,0.430123,0.136331,0.009997,0.181774,0.241775,0.496944,0.503056,0.122995,0.12076
1372,30,0.430122,0.13633,0.01,0.181774,0.241774,0.496973,0.503027,0.126151,0.12131
1373,24,0.430389,0.136266,0.009995,0.181689,0.241661,0.496806,0.503194,0.110628,0.115823
1374,24,0.430166,0.136259,0.009999,0.181679,0.241896,0.496693,0.503307,0.124338,0.125482
1375,30,0.430184,0.136255,0.01,0.181673,0.241888,0.496721,0.503279,0.12612,0.121299
1376,30,0.430776,0.136113,0.00999,0.181484,0.241637,0.496468,0.503532,0.093686,0.099458
1377,30,0.4308,0.136042,0.010043,0.18139,0.241725,0.496408,0.503592,0.115564,0.113148
1378,30,0.430689,0.136007,0.010298,0.181343,0.241663,0.496362,0.503638,0.119487,0.120205
1379,30,0.431,0.136004,0.01,0.181339,0.241657,0.496328,0.503672,0.115711,0.113757
1380,30,0.43098,0.135997,0.010048,0.18133,0.241645,0.496331,0.503669,0.126144,0.124421
1381,30,0.431074,0.135919,0.010277,0.181225,0.241506,0.496183,0.503817,0.10924,0.114281
1382,30,0.431193,0.135956,0.010003,0.181275,0.241573,0.496072,0.503928,0.119556,0.121867
1383,30,0.431583,0.135864,0.009993,0.181152,0.241408,0.495848,0.504152,0.103363,0.110795
1384,30,0.43166,0.135844,0.009999,0.181125,0.241372,0.495767,0.504233,0.115946,0.117181
1385,30,0.431964,0.135771,0.009995,0.181028,0.241243,0.495659,0.504341,0.114949,0.117898
1386,24,0.43174,0.135764,0.009999,0.181019,0.241478,0.495629,0.504371,0.124345,0.123802
1387,30,0.43174,0.135764,0.01,0.181018,0.241478,0.495506,0.504494,0.129478,0.132381
1388,24,0.431683,0.135777,0.010001,0.181037,0.241502,0.495512,0.504488,0.123125,0.116679
1389,24,0.43158,0.135743,0.009997,0.180991,0.241688,0.495517,0.504483,0.123007,0.12078
1390,30,0.431861,0.135676,0.009995,0.180901,0.241568,0.495527,0.504473,0.108394,0.10298
1391,30,0.431636,0.13563,0.009997,0.18084,0.241897,0.495399,0.504601,0.128948,0.132081
1392,24,0.432014,0.135539,0.009993,0.180718,0.241735,0.49512,0.50488,0.107534,0.115367
1393,30,0.432002,0.135535,0.010021,0.180713,0.241728,0.495008,0.504992,0.119498,0.121828
1394,24,0.432396,0.135446,0.009993,0.180595,0.24157,0.494876,0.505124,0.10925,0.11273
1395,24,0.432286,0.135412,0.009997,0.180549,0.241756,0.494817,0.505183,0.121359,0.122367
1396,24,0.432075,0.135344,0.009995,0.180458,0.242129,0.494819,0.505181,0.122708,0.120621
1397,30,0.431964,0.135309,0.010249,0.180412,0.242066,0.494864,0.505136,0.119487,0.113893
1398,30,0.432191,0.135314,0.01,0.180419,0.242076,0.494851,0.505149,0.109302,0.106352
1399,24,0.432134,0.135328,0.010001,0.180437,0.2421,0.494904,0.505096,0.123128,0.116112
1400,30,0.432134,0.135328,0.01,0.180437,0.242101,0.494909,0.505091,0.119531,0.116107
1401,30,0.432329,0.135282,0.009997,0.180375,0.242018,0.494641,0.505359,0.114881,0.121609
1402,24,0.432281,0.135233,0.009996,0.180311,0.242178,0.494663,0.505337,0.121486,0.116016
1403,30,0.432184,0.135204,0.009998,0.180272,0.242342,0.494655,0.505345,0.118252,0.11483
1404,24,0.432126,0.135218,0.010001,0.18029,0.242365,0.494661,0.505339,0.123111,0.116669
1405,30,0.431855,0.135173,0.010256,0.180231,0.242484,0.494715,0.505285,0.138274,0.130229
1406,24,0.431756,0.13514,0.009998,0.180187,0.242919,0.494717,0.505283,0.122699,0.120621
1407,30,0.431749,0.135138,0.010013,0.180184,0.242916,0.494605,0.505395,0.119498,0.121824
1408,24,0.431534,0.135134,0.01,0.180178,0.243155,0.494575,0.505425,0.13266,0.13213
1409,30,0.431624,0.135061,0.009995,0.180082,0.243239,0.494539,0.505461,0.115458,0.113624
1410,30,0.431399,0.135016,0.009997,0.180021,0.243568,0.494556,0.505444,0.112335,0.108287
1411,30,0.43154,0.134982,0.009997,0.179975,0.243506,0.49446,0.50554,0.125836,0.125155
1412,30,0.431332,0.134826,0.010847,0.179768,0.243226,0.494362,0.505638,0.125627,0.125062
1413,30,0.431724,0.134818,0.010489,0.179758,0.243211,0.494252,0.505748,0.114716,0.117528
1414,30,0.431379,0.134735,0.010767,0.179647,0.243472,0.4942,0.5058,0.125554,0.12656
1415,24,0.431976,0.134775,0.010003,0.179701,0.243545,0.494034,0.505966,0.110654,0.115792
1416,24,0.431703,0.13469,0.010629,0.179587,0.24339,0.493894,0.506106,0.12153,0.124476
1417,30,0.432015,0.134754,0.010054,0.179672,0.243505,0.493891,0.506109,0.122934,0.119505
1418,24,0.431958,0.134736,0.010187,0.179648,0.243473,0.493834,0.506166,0.129878,0.130786
1419,30,0.431694,0.134678,0.010689,0.179571,0.243369,0.49379,0.50621,0.126317,0.126939
1420,24,0.432675,0.134609,0.009995,0.179478,0.243243,0.493528,0.506472,0.096215,0.105156
1421,30,0.432276,0.134484,0.010908,0.179313,0.243019,0.493482,0.506518,0.126101,0.126829
1422,24,0.432443,0.134599,0.010265,0.179466,0.243226,0.493456,0.506544,0.124659,0.123964
1423,24,0.432455,0.134601,0.01,0.179468,0.243476,0.493461,0.506539,0.123002,0.120776
1424,30,0.432375,0.134522,0.009994,0.179363,0.243745,0.493429,0.506571,0.132319,0.130542
1425,30,0.43256,0.134438,0.010158,0.179251,0.243593,0.493273,0.506727,0.115085,0.120372
1426,30,0.432583,0.13447,0.010002,0.179294,0.24365,0.493153,0.506847,0.129714,0.132468
1427,30,0.432879,0.134401,0.009995,0.179201,0.243525,0.492965,0.507035,0.10004,0.103613
1428,30,0.432485,0.134279,0.010895,0.179038,0.243303,0.492905,0.507095,0.129412,0.127394
1429,30,0.432586,0.1343,0.010295,0.179067,0.243753,0.492901,0.507099,0.125366,0.124024
1430,30,0.432949,0.134284,0.009999,0.179045,0.243723,0.492791,0.507209,0.114698,0.117494
1431,30,0.432876,0.134301,0.010001,0.179068,0.243754,0.492937,0.507063,0.121926,0.109329
1432,24,0.433141,0.134238,0.009995,0.178984,0.243641,0.492771,0.507229,0.118917,0.124063
1433,24,0.433032,0.134204,0.009997,0.178939,0.243827,0.49278,0.50722,0.123437,0.121065
1434,30,0.432938,0.134175,0.009998,0.1789,0.243988,0.492783,0.507217,0.119336,0.116019
1435,24,0.432937,0.134175,0.01,0.1789,0.243988,0.492795,0.507205,0.12367,0.121182
1436,24,0.432834,0.134141,0.009997,0.178854,0.244173,0.4928,0.5072,0.123002,0.120777
1437,30,0.432813,0.134134,0.010045,0.178846,0.244161,0.492804,0.507196,0.126144,0.124423
1438,30,0.43301,0.134052,0.009994,0.178736,0.244209,0.492605,0.507395,0.103957,0.110033
1439,24,0.432893,0.134078,0.010002,0.178771,0.244256,0.492579,0.507421,0.124659,0.123954
1440,30,0.432894,0.134078,0.01,0.178771,0.244257,0.492584,0.507416,0.119542,0.116115
1441,24,0.432894,0.134078,0.01,0.178771,0.244257,0.492527,0.507473,0.121612,0.122479
1442,24,0.432673,0.134072,0.01,0.178763,0.244493,0.492498,0.507502,0.124356,0.123799
1443,24,0.432566,0.134039,0.009998,0.178718,0.24468,0.492438,0.507562,0.121283,0.122314
1444,24,0.432343,0.134032,0.01,0.17871,0.244915,0.492409,0.507591,0.132664,0.132123
1445,24,0.432286,0.134046,0.010001,0.178727,0.24494,0.492416,0.507584,0.123111,0.116671
1446,30,0.432109,0.133991,0.009996,0.178654,0.24525,0.492363,0.507637,0.118767,0.11982
1447,24,0.432001,0.133957,0.009997,0.178609,0.245436,0.492372,0.507628,0.12342,0.121059
1448,24,0.432214,0.133878,0.010113,0.178504,0.245291,0.492206,0.507794,0.118906,0.124043
1449,24,0.432421,0.133798,0.009994,0.178397,0.245391,0.492037,0.507963,0.118649,0.123918
1450,24,0.432419,0.133797,0.01,0.178396,0.245389,0.49198,0.50802,0.129907,0.13079
1451,30,0.432359,0.133811,0.010001,0.178414,0.245415,0.491908,0.508092,0.12331,0.122667
1452,30,0.43196,0.133687,0.010915,0.17825,0.245188,0.491888,0.508112,0.126101,0.123722
1453,30,0.432272,0.133809,0.010097,0.178411,0.245411,0.491768,0.508232,0.129722,0.132451
1454,30,0.431889,0.13369,0.010974,0.178253,0.245193,0.491737,0.508263,0.136081,0.134255
1455,24,0.432587,0.133697,0.010001,0.178262,0.245453,0.491603,0.508397,0.108977,0.112554
1456,30,0.432605,0.133693,0.01,0.178257,0.245446,0.491608,0.508392,0.119504,0.116102
1457,30,0.431987,0.133448,0.011636,0.177931,0.244997,0.491545,0.508455,0.132894,0.13299
1458,30,0.431994,0.133475,0.011517,0.177967,0.245047,0.491436,0.508564,0.119718,0.121899
1459,24,0.432055,0.133556,0.010871,0.178075,0.245443,0.491407,0.508593,0.124373,0.123796
1460,24,0.432218,0.133606,0.010004,0.178142,0.24603,0.491345,0.508655,0.129345,0.130494
1461,24,0.432219,0.133607,0.01,0.178143,0.246031,0.491288,0.508712,0.129895,0.130778
1462,30,0.432541,0.133531,0.009994,0.178042,0.245892,0.49118,0.50882,0.114866,0.117805
1463,30,0.432493,0.133541,0.010001,0.178055,0.24591,0.491071,0.508929,0.119703,0.121887
1464,24,0.432687,0.133489,0.010023,0.177986,0.245815,0.490885,0.509115,0.116823,0.121496
1465,30,0.433418,0.133323,0.009988,0.177764,0.245508,0.490507,0.509493,0.092688,0.106956
1466,24,0.43357,0.133226,0.009993,0.177635,0.245577,0.490339,0.509661,0.110371,0.115578
1467,30,0.433459,0.133192,0.010247,0.177589,0.245514,0.490462,0.509538,0.119487,0.108365
1468,30,0.43373,0.133186,0.01,0.177581,0.245503,0.490314,0.509686,0.115751,0.119447
1469,24,0.433508,0.13318,0.01,0.177573,0.245739,0.490285,0.509715,0.132664,0.13212
1470,24,0.433512,0.133179,0.01,0.177572,0.245737,0.490295,0.509705,0.114982,0.110162
1471,30,0.43353,0.133175,0.01,0.177566,0.24573,0.490301,0.509699,0.119504,0.116099
1472,30,0.434161,0.133026,0.009989,0.177368,0.245456,0.489943,0.510057,0.087984,0.101669
1473,24,0.434217,0.13301,0.009999,0.177347,0.245427,0.489969,0.510031,0.121773,0.116175
1474,24,0.434216,0.13301,0.01,0.177347,0.245427,0.489913,0.510087,0.121657,0.122494
1475,24,0.434216,0.13301,0.01,0.177347,0.245427,0.489856,0.510144,0.129895,0.130773
1476,30,0.433899,0.133034,0.010002,0.177379,0.245685,0.48982,0.51018,0.126862,0.124894
1477,24,0.433786,0.133061,0.010002,0.177415,0.245735,0.489794,0.510206,0.132972,0.132275
1478,24,0.433566,0.133055,0.01,0.177407,0.245972,0.489765,0.510235,0.124356,0.123804
1479,24,0.433355,0.132989,0.009995,0.177318,0.246343,0.489767,0.510233,0.122698,0.120624
1480,24,0.433357,0.132987,0.01,0.177316,0.24634,0.489775,0.510225,0.123293,0.12092
1481,24,0.43332,0.132975,0.010085,0.177301,0.246319,0.489637,0.510363,0.121558,0.124422
1482,24,0.4333,0.133,0.010002,0.177334,0.246365,0.489692,0.510308,0.12313,0.116136
1483,24,0.433244,0.133014,0.010001,0.177352,0.24639,0.489701,0.510299,0.123113,0.116668
1484,24,0.433244,0.133014,0.01,0.177352,0.24639,0.489714,0.510286,0.123712,0.121202
1485,24,0.432863,0.132897,0.010624,0.177196,0.24642,0.489654,0.510346,0.129545,0.130602
1486,24,0.432843,0.132891,0.010423,0.177188,0.246656,0.489595,0.510405,0.121277,0.122297
1487,30,0.432824,0.132885,0.010054,0.17718,0.247056,0.489592,0.510408,0.125415,0.124051
1488,30,0.43298,0.13273,0.010551,0.176973,0.246767,0.489431,0.510569,0.111889,0.116672
1489,30,0.43315,0.132782,0.010161,0.177042,0.246864,0.489321,0.510679,0.119546,0.121795
1490,24,0.432769,0.132665,0.010785,0.176887,0.246894,0.489261,0.510739,0.129545,0.130594
1491,30,0.432854,0.132681,0.010417,0.176908,0.247139,0.489262,0.510738,0.125851,0.124276
1492,30,0.43316,0.132611,0.009995,0.176815,0.247419,0.489098,0.510902,0.107524,0.113182
1493,30,0.433045,0.132637,0.010002,0.176849,0.247467,0.48926,0.51074,0.123345,0.109944
1494,24,0.43335,0.132566,0.009995,0.176755,0.247335,0.489139,0.510861,0.110245,0.113307
1495,24,0.433234,0.132592,0.010002,0.176789,0.247383,0.489032,0.510968,0.124644,0.125589
1496,30,0.433252,0.132588,0.01,0.176784,0.247376,0.489036,0.510964,0.12612,0.124412
1497,24,0.433631,0.132499,0.009993,0.176666,0.247211,0.488912,0.511088,0.10132,0.101523
1498,30,0.433531,0.132471,0.009998,0.176628,0.247372,0.488906,0.511094,0.118237,0.114814
1499,24,0.433427,0.132437,0.009997,0.176583,0.247556,0.488911,0.511089,0.122985,0.120755
1500,24,0.433323,0.132403,0.009997,0.176537,0.247739,0.488917,0.511083,0.122997,0.120764
1501,24,0.433208,0.132429,0.010002,0.176572,0.247789,0.488892,0.511108,0.124659,0.123944
1502,30,0.433492,0.132363,0.009995,0.176484,0.247665,0.488694,0.511306,0.098836,0.102769
1503,24,0.433494,0.132362,0.01,0.176482,0.247662,0.488703,0.511297,0.123293,0.120921
1504,24,0.43338,0.132388,0.010002,0.176518,0.247712,0.488596,0.511404,0.124644,0.125582
1505,30,0.433571,0.132308,0.010147,0.176411,0.247562,0.488496,0.511504,0.115622,0.118281
1506,24,0.433635,0.132328,0.010001,0.176437,0.247599,0.488358,0.511642,0.121572,0.124417
1507,30,0.433524,0.132294,0.010256,0.176392,0.247535,0.488482,0.511518,0.119487,0.108389
1508,24,0.433639,0.132327,0.010002,0.176435,0.247597,0.488491,0.511509,0.123293,0.120921
1509,24,0.433537,0.132293,0.009997,0.176391,0.247782,0.488497,0.511503,0.122985,0.120761
1510,24,0.433536,0.132293,0.01,0.176391,0.247781,0.488441,0.511559,0.129907,0.13078
1511,24,0.433498,0.132281,0.010085,0.176375,0.24776,0.488384,0.511616,0.129866,0.130746
1512,30,0.433535,0.132293,0.010001,0.17639,0.247781,0.488391,0.511609,0.119599,0.116144
1513,24,0.433614,0.132217,0.009994,0.176289,0.247886,0.488234,0.511766,0.111375,0.116198
1514,30,0.43369,0.132198,0.009999,0.176264,0.24785,0.488154,0.511846,0.12253,0.123731
1515,30,0.433466,0.13225,0.010004,0.176333,0.247948,0.488121,0.511879,0.127108,0.125012
1516,30,0.433392,0.132218,0.009998,0.17629,0.248102,0.488122,0.511878,0.125853,0.124277
1517,24,0.433277,0.132244,0.010002,0.176325,0.248151,0.488096,0.511904,0.132956,0.132255
1518,30,0.433185,0.132216,0.009998,0.176288,0.248313,0.488098,0.511902,0.125934,0.124322
1519,30,0.433184,0.132216,0.01,0.176287,0.248313,0.488105,0.511895,0.119599,0.116152
1520,30,0.433091,0.132187,0.009998,0.17625,0.248474,0.487993,0.512007,0.119278,0.121638
1521,24,0.43339,0.132117,0.009995,0.176156,0.248342,0.487727,0.512273,0.108543,0.115956
1522,30,0.433279,0.132083,0.010249,0.176111,0.248278,0.487617,0.512383,0.119487,0.12174
1523,24,0.433769,0.132027,0.009996,0.176036,0.248172,0.487486,0.512514,0.109228,0.112621
1524,30,0.434107,0.131947,0.009994,0.175929,0.248023,0.487423,0.512577,0.100711,0.098072
1525,30,0.434228,0.131822,0.009991,0.175762,0.248197,0.487259,0.512741,0.11415,0.119796
1526,24,0.434003,0.131814,0.009999,0.175753,0.248431,0.487231,0.512769,0.132663,0.132099
1527,24,0.434003,0.131814,0.01,0.175752,0.24843,0.487244,0.512756,0.12367,0.121184
1528,30,0.433881,0.131777,0.010277,0.175703,0.248361,0.487226,0.512774,0.119466,0.115491
1529,30,0.433772,0.131744,0.010115,0.175659,0.248709,0.487174,0.512826,0.118754,0.119782
1530,24,0.433719,0.131726,0.009999,0.175635,0.248922,0.48718,0.51282,0.122985,0.120757
1531,24,0.433718,0.131726,0.01,0.175634,0.248921,0.48721,0.51279,0.113263,0.107952
1532,24,0.433497,0.13172,0.01,0.175626,0.249157,0.487182,0.512818,0.132659,0.132099
1533,24,0.433333,0.1317,0.009999,0.1756,0.249368,0.487235,0.512765,0.122833,0.115989
1534,24,0.433225,0.131668,0.009998,0.175557,0.249553,0.487176,0.512824,0.129587,0.130595
1535,24,0.433382,0.131573,0.009993,0.175431,0.249621,0.487009,0.512991,0.110322,0.115494
1536,30,0.433201,0.131518,0.009996,0.175358,0.249928,0.487097,0.512903,0.125407,0.116135
1537,30,0.433199,0.131518,0.01,0.175357,0.249926,0.487103,0.512897,0.119487,0.116085
1538,30,0.432815,0.131401,0.010877,0.175202,0.249705,0.487138,0.512862,0.136081,0.12936
1539,24,0.433499,0.131446,0.010003,0.175261,0.24979,0.487018,0.512982,0.110311,0.113311
1540,30,0.434186,0.131287,0.009988,0.17505,0.249489,0.486783,0.513217,0.093012,0.099404
1541,30,0.434181,0.131286,0.01,0.175048,0.249486,0.486662,0.513338,0.129478,0.13227
1542,30,0.434215,0.131233,0.010188,0.174978,0.249386,0.486661,0.513339,0.12114,0.116766
1543,30,0.434964,0.131103,0.00999,0.174804,0.249139,0.486294,0.513706,0.086966,0.100559
1544,30,0.434853,0.131069,0.010244,0.174759,0.249075,0.486249,0.513751,0.119487,0.120158
1545,30,0.434741,0.131036,0.010498,0.174714,0.249011,0.48614,0.51386,0.119487,0.121724
1546,30,0.434953,0.130973,0.010143,0.17463,0.249301,0.486033,0.513967,0.11494,0.117909
1547,30,0.435016,0.130991,0.010001,0.174655,0.249336,0.48604,0.51396,0.119531,0.11611
1548,24,0.434795,0.130985,0.01,0.174647,0.249573,0.486012,0.513988,0.124355,0.123779
1549,24,0.434951,0.130892,0.009993,0.174523,0.249642,0.485844,0.514156,0.110254,0.115428
1550,30,0.43501,0.130877,0.009999,0.174502,0.249612,0.485606,0.514394,0.117425,0.123299
1551,24,0.434896,0.130903,0.010002,0.174537,0.249662,0.485667,0.514333,0.11634,0.109134
1552,24,0.434901,0.130902,0.01,0.174536,0.249661,0.485676,0.514324,0.123305,0.120937
1553,24,0.434901,0.130902,0.01,0.174536,0.249661,0.485689,0.514311,0.123641,0.121171
1554,30,0.434722,0.130848,0.009996,0.174464,0.249969,0.485572,0.514428,0.11875,0.121317
1555,30,0.434645,0.130816,0.009997,0.174421,0.250121,0.485574,0.514426,0.125852,0.124276
1556,30,0.434335,0.130773,0.010289,0.174364,0.250238,0.485579,0.514421,0.12838,0.124731
1557,24,0.434061,0.13069,0.010915,0.174254,0.250079,0.485442,0.514558,0.12153,0.124351
1558,24,0.434246,0.130744,0.010007,0.174326,0.250677,0.485445,0.514555,0.122678,0.120618
1559,30,0.434547,0.130676,0.009995,0.174235,0.250547,0.485328,0.514672,0.113815,0.11683
1560,30,0.434563,0.130671,0.01,0.174229,0.250538,0.485332,0.514668,0.126119,0.124412
1561,30,0.434363,0.130484,0.010994,0.173979,0.250179,0.485302,0.514698,0.115635,0.112343
1562,30,0.434605,0.130529,0.010151,0.174039,0.250676,0.485298,0.514702,0.115863,0.113125
1563,24,0.434449,0.130543,0.010001,0.174057,0.250949,0.48527,0.51473,0.12435,0.123779
1564,30,0.434613,0.130505,0.009997,0.174007,0.250877,0.48524,0.51476,0.115734,0.113732
1565,24,0.434993,0.130417,0.009993,0.173889,0.250707,0.485109,0.514891,0.109187,0.112558
1566,24,0.435571,0.130282,0.00999,0.173709,0.250448,0.485097,0.514903,0.094406,0.088664
1567,24,0.43551,0.130294,0.010001,0.173725,0.25047,0.485289,0.514711,0.114809,0.099597
1568,30,0.43541,0.130128,0.010806,0.173504,0.250152,0.485122,0.514878,0.124953,0.130707
1569,30,0.435138,0.130086,0.01106,0.173448,0.250268,0.48518,0.51482,0.138279,0.130285
1570,30,0.43469,0.13007,0.011166,0.173426,0.250648,0.485204,0.514796,0.13296,0.129952
1571,24,0.434969,0.130055,0.010702,0.173407,0.250867,0.485047,0.514953,0.119621,0.124442
1572,24,0.435031,0.130134,0.010056,0.173512,0.251267,0.485019,0.514981,0.132662,0.132103
1573,30,0.43498,0.130109,0.009998,0.173479,0.251434,0.485023,0.514977,0.119234,0.11596
1574,30,0.435102,0.129986,0.009991,0.173315,0.251606,0.484952,0.515048,0.107491,0.106946
1575,24,0.435475,0.129898,0.009993,0.173198,0.251436,0.484829,0.515171,0.10124,0.101431
1576,30,0.435459,0.129894,0.010029,0.173192,0.251427,0.484834,0.515166,0.126144,0.124426
1577,30,0.435465,0.129854,0.010191,0.173139,0.251351,0.484755,0.515245,0.115848,0.117021
1578,30,0.435807,0.12982,0.009997,0.173093,0.251283,0.484497,0.515503,0.10416,0.110441
1579,30,0.435605,0.129759,0.010241,0.173013,0.251381,0.484439,0.515561,0.135867,0.137206
1580,24,0.435681,0.129782,0.010069,0.173043,0.251425,0.484455,0.515545,0.115333,0.110763
1581,30,0.435711,0.129791,0.010001,0.173055,0.251442,0.484463,0.515537,0.119599,0.116156
1582,30,0.435903,0.129747,0.009997,0.172996,0.251357,0.484201,0.515799,0.114922,0.121321
1583,30,0.435899,0.129702,0.009997,0.172936,0.251467,0.484263,0.515737,0.122583,0.114435
1584,30,0.435894,0.129702,0.01,0.172936,0.251468,0.484261,0.515739,0.118516,0.114963
1585,30,0.435871,0.129707,0.01,0.172943,0.251478,0.484299,0.515701,0.136246,0.12945
1586,30,0.435778,0.12968,0.009998,0.172906,0.251639,0.484302,0.515698,0.12593,0.124316
1587,24,0.435781,0.129678,0.01,0.172904,0.251636,0.484311,0.515689,0.123305,0.120938
1588,30,0.436385,0.12954,0.009989,0.172719,0.251367,0.483953,0.516047,0.087815,0.101035
1589,24,0.436501,0.12951,0.009998,0.172681,0.25131,0.483859,0.516141,0.125999,0.128655
1590,24,0.436335,0.129491,0.009999,0.172655,0.25152,0.48385,0.51615,0.131143,0.127357
1591,30,0.436632,0.129423,0.009995,0.172564,0.251387,0.483734,0.516266,0.113892,0.116858
1592,24,0.436573,0.129435,0.010001,0.17258,0.251411,0.483927,0.516073,0.114811,0.099626
1593,30,0.436573,0.129435,0.01,0.17258,0.251412,0.483961,0.516039,0.119545,0.11468
1594,30,0.436764,0.129391,0.009997,0.172522,0.251326,0.483844,0.516156,0.098249,0.097649
1595,24,0.436727,0.12938,0.010082,0.172507,0.251305,0.483875,0.516125,0.11325,0.107956
1596,30,0.43678,0.129387,0.010001,0.172515,0.251317,0.483882,0.516118,0.119492,0.1161
1597,24,0.436672,0.129355,0.009998,0.172473,0.251503,0.483892,0.516108,0.12341,0.121064
1598,30,0.436578,0.129327,0.009998,0.172435,0.251663,0.483897,0.516103,0.119328,0.116013
1599,24,0.436577,0.129326,0.01,0.172435,0.251662,0.483842,0.516158,0.12164,0.122453
1600,24,0.436577,0.129326,0.01,0.172435,0.251662,0.483858,0.516142,0.115347,0.110771
1601,30,0.436577,0.129326,0.01,0.172435,0.251662,0.483865,0.516135,0.119487,0.116095
1602,24,0.436577,0.129326,0.01,0.172435,0.251662,0.48381,0.51619,0.12164,0.122453
1603,30,0.436354,0.129377,0.010004,0.172503,0.251761,0.483778,0.516222,0.127135,0.125015
1604,30,0.436658,0.129309,0.009995,0.172411,0.251627,0.48362,0.51638,0.094173,0.095988
1605,24,0.436434,0.129302,0.009999,0.172402,0.251862,0.483592,0.516408,0.124358,0.123787
1606,30,0.436649,0.129253,0.009996,0.172337,0.251766,0.483502,0.516498,0.10973,0.110394
1607,30,0.436602,0.129262,0.010001,0.17235,0.251785,0.483529,0.516471,0.11309,0.108724
1608,30,0.436587,0.129258,0.010036,0.172344,0.251776,0.483534,0.516466,0.126144,0.12443
1609,24,0.436495,0.12923,0.009998,0.172307,0.25197,0.483544,0.516456,0.123382,0.121034
1610,24,0.43639,0.129197,0.009997,0.172263,0.252153,0.48355,0.51645,0.122992,0.120763
1611,24,0.436281,0.129165,0.009998,0.17222,0.252337,0.48356,0.51644,0.123357,0.121024
1612,24,0.436175,0.129132,0.009997,0.172176,0.25252,0.483566,0.516434,0.122964,0.120743
1613,30,0.436115,0.129145,0.010001,0.172194,0.252546,0.483497,0.516503,0.123323,0.122611
1614,30,0.436217,0.12909,0.010134,0.17212,0.252438,0.483339,0.516661,0.125666,0.129826
1615,24,0.436168,0.129076,0.009999,0.172101,0.252657,0.483281,0.516719,0.121327,0.122285
1616,24,0.436054,0.129101,0.010002,0.172135,0.252707,0.483176,0.516824,0.124652,0.125531
1617,30,0.436476,0.129005,0.009993,0.172007,0.252519,0.482966,0.517034,0.097342,0.101391
1618,30,0.436379,0.128977,0.009998,0.171969,0.252678,0.482969,0.517031,0.12593,0.124316
1619,30,0.43597,0.128805,0.011145,0.17174,0.252341,0.483013,0.516987,0.122959,0.116245
1620,30,0.436227,0.128881,0.010561,0.171841,0.25249,0.483018,0.516982,0.126203,0.124463
1621,30,0.436535,0.128889,0.010219,0.171852,0.252506,0.482761,0.517239,0.115285,0.121601
1622,24,0.436301,0.128879,0.009999,0.171839,0.252981,0.48273,0.51727,0.124045,0.123614
1623,24,0.43608,0.128873,0.01,0.171831,0.253217,0.482702,0.517298,0.13265,0.132082
1624,30,0.436007,0.12889,0.010001,0.171853,0.25325,0.482853,0.517147,0.121934,0.109478
1625,30,0.436247,0.128827,0.010032,0.171769,0.253125,0.482687,0.517313,0.125017,0.130696
1626,30,0.436562,0.128762,0.009995,0.171683,0.252999,0.482581,0.517419,0.114891,0.11772
1627,30,0.436546,0.128757,0.010031,0.171677,0.25299,0.482586,0.517414,0.126144,0.124427
1628,30,0.436514,0.128772,0.010001,0.171695,0.253017,0.482544,0.517456,0.119706,0.120254
1629,30,0.436162,0.128511,0.011476,0.171347,0.252504,0.482375,0.517625,0.124704,0.130537
1630,24,0.436477,0.128601,0.010523,0.171468,0.25293,0.482382,0.517618,0.122991,0.120759
1631,24,0.436713,0.128667,0.010005,0.171556,0.253059,0.482319,0.517681,0.120821,0.121869
1632,30,0.436326,0.128553,0.010882,0.171404,0.252835,0.482263,0.517737,0.136081,0.1373
1633,24,0.436289,0.128542,0.010967,0.171389,0.252813,0.482208,0.517792,0.121556,0.122394
1634,24,0.436824,0.128501,0.010609,0.171334,0.252732,0.482078,0.517922,0.109123,0.112489
1635,24,0.436928,0.128531,0.010125,0.171375,0.25304,0.48202,0.51798,0.129609,0.130585
1636,30,0.437312,0.128472,0.009995,0.171296,0.252924,0.481819,0.518181,0.098198,0.102265
1637,24,0.43731,0.128472,0.01,0.171296,0.252923,0.481833,0.518167,0.123724,0.121226
1638,30,0.437293,0.128427,0.009996,0.171235,0.253048,0.481753,0.518247,0.115697,0.116914
1639,30,0.437247,0.128436,0.010001,0.171248,0.253068,0.481711,0.518289,0.119706,0.120247
1640,24,0.437134,0.128462,0.010002,0.171283,0.253119,0.481607,0.518393,0.124657,0.125502
1641,24,0.437031,0.12843,0.009997,0.17124,0.253302,0.481614,0.518386,0.122979,0.120756
1642,30,0.437047,0.128425,0.01,0.171234,0.253294,0.481622,0.518378,0.119492,0.116092
1643,30,0.436818,0.128273,0.010885,0.171031,0.252993,0.481476,0.518524,0.115624,0.119234
1644,30,0.437047,0.12839,0.010152,0.171187,0.253224,0.481486,0.518514,0.128716,0.124875
1645,24,0.437113,0.12841,0.010002,0.171213,0.253262,0.481499,0.518501,0.12367,0.121197
1646,24,0.437118,0.128409,0.01,0.171212,0.253261,0.481509,0.518491,0.123305,0.12094
1647,24,0.437122,0.128408,0.01,0.171211,0.253259,0.481519,0.518481,0.123305,0.12094
1648,30,0.437122,0.128408,0.01,0.171211,0.253259,0.481527,0.518473,0.119531,0.116114
1649,24,0.437126,0.128407,0.01,0.17121,0.253257,0.481537,0.518463,0.123305,0.12094
1650,30,0.437105,0.128401,0.010048,0.171201,0.253245,0.481542,0.518458,0.126144,0.124428
1651,30,0.436791,0.128332,0.010657,0.17111,0.25311,0.481488,0.518512,0.136278,0.137394
1652,30,0.437306,0.128365,0.010003,0.171153,0.253174,0.481369,0.518631,0.097911,0.09765
1653,30,0.437604,0.128297,0.009995,0.171063,0.253041,0.481253,0.518747,0.113803,0.116772
1654,24,0.437488,0.128323,0.010002,0.171097,0.253091,0.481229,0.518771,0.124672,0.12394
1655,30,0.437376,0.12829,0.010256,0.171053,0.253026,0.481278,0.518722,0.119487,0.113956
1656,30,0.437651,0.12826,0.010109,0.171013,0.252967,0.481182,0.518818,0.108815,0.10812
1657,30,0.438315,0.128133,0.00999,0.170844,0.252717,0.480818,0.519182,0.087107,0.100694
1658,30,0.437917,0.128017,0.010891,0.170689,0.252487,0.480698,0.519302,0.129412,0.132156
1659,30,0.43859,0.127861,0.010888,0.170481,0.25218,0.480375,0.519625,0.092861,0.104385
1660,24,0.438763,0.12797,0.010245,0.170627,0.252395,0.480351,0.519649,0.132984,0.132258
1661,30,0.438989,0.127881,0.009993,0.170508,0.252629,0.480188,0.519812,0.107432,0.112974
1662,24,0.439197,0.127806,0.010108,0.170408,0.252481,0.480024,0.519976,0.118822,0.123786
1663,30,0.439191,0.127804,0.010123,0.170405,0.252477,0.479916,0.520084,0.119498,0.121667
1664,24,0.439136,0.127788,0.009999,0.170384,0.252693,0.479859,0.520141,0.121315,0.122249
1665,30,0.439154,0.127783,0.01,0.170378,0.252684,0.479805,0.520195,0.118444,0.119454
1666,24,0.439415,0.127724,0.009995,0.170299,0.252567,0.479642,0.520358,0.110547,0.115476
1667,24,0.439304,0.127692,0.009997,0.170256,0.252751,0.479653,0.520347,0.123357,0.121035
1668,30,0.439079,0.127649,0.009997,0.170199,0.253077,0.47954,0.52046,0.118937,0.121338
1669,30,0.439077,0.127649,0.01,0.170198,0.253076,0.479549,0.520451,0.119531,0.116116
1670,24,0.439039,0.127638,0.010085,0.170184,0.253054,0.479581,0.520419,0.11325,0.107975
1671,24,0.439454,0.127563,0.009994,0.170084,0.252905,0.479452,0.520548,0.109153,0.112464
1672,24,0.43923,0.127556,0.009999,0.170075,0.253139,0.479426,0.520574,0.124401,0.123781
1673,24,0.439117,0.127582,0.010002,0.170109,0.25319,0.479323,0.520677,0.124651,0.125485
1674,30,0.439307,0.127539,0.009997,0.170052,0.253105,0.479137,0.520863,0.104851,0.110135
1675,24,0.439683,0.127453,0.009993,0.169937,0.252934,0.479007,0.520993,0.109088,0.112423
1676,24,0.439279,0.127336,0.010903,0.169781,0.252702,0.478951,0.521049,0.129825,0.130675
1677,24,0.439474,0.12745,0.010212,0.169934,0.25293,0.478927,0.521073,0.124671,0.123928
1678,24,0.439345,0.127472,0.010002,0.169962,0.253219,0.4789,0.5211,0.124366,0.123773
1679,30,0.439233,0.127439,0.010256,0.169919,0.253154,0.478792,0.521208,0.119487,0.121647
1680,30,0.439125,0.127408,0.010498,0.169877,0.253092,0.478748,0.521252,0.119487,0.120128
1681,24,0.439728,0.127285,0.010425,0.169714,0.252849,0.478428,0.521572,0.102614,0.111774
1682,24,0.440034,0.127269,0.010188,0.169692,0.252817,0.478532,0.521468,0.110558,0.099581
1683,30,0.439936,0.127241,0.009998,0.169655,0.253171,0.47853,0.52147,0.125399,0.12404
1684,30,0.439975,0.127232,0.009999,0.169642,0.253152,0.478628,0.521372,0.126033,0.116473
1685,30,0.440391,0.127137,0.009993,0.169516,0.252964,0.478397,0.521603,0.09501,0.100045
1686,24,0.440764,0.12705,0.009993,0.1694,0.252792,0.478268,0.521732,0.109136,0.112441
1687,24,0.440648,0.127075,0.010002,0.169433,0.252841,0.478244,0.521756,0.124672,0.123925
1688,24,0.440537,0.127101,0.010002,0.169468,0.252892,0.478221,0.521779,0.124684,0.123938
1689,30,0.440619,0.127083,0.009999,0.169444,0.252856,0.478192,0.521808,0.122655,0.122477
1690,30,0.440575,0.127044,0.009997,0.169392,0.252993,0.478117,0.521883,0.116325,0.118412
1691,30,0.440827,0.126986,0.009995,0.169314,0.252878,0.477964,0.522036,0.108392,0.11344
1692,30,0.440983,0.126901,0.009993,0.169201,0.252922,0.477808,0.522192,0.108128,0.113295
1693,30,0.440797,0.126941,0.010003,0.169255,0.253003,0.477922,0.522078,0.125785,0.116875
1694,30,0.440776,0.126935,0.010051,0.169247,0.252991,0.477927,0.522073,0.126144,0.12443
1695,30,0.440753,0.126929,0.010102,0.169238,0.252978,0.478047,0.521953,0.11283,0.102458
1696,30,0.44082,0.126888,0.009997,0.169184,0.253111,0.477902,0.522098,0.115611,0.119175
1697,30,0.440819,0.126887,0.01,0.169183,0.253111,0.477784,0.522216,0.129478,0.132163
1698,24,0.440819,0.126887,0.01,0.169183,0.253111,0.477798,0.522202,0.123641,0.121181
1699,30,0.440775,0.126897,0.010001,0.169197,0.253131,0.477745,0.522255,0.136335,0.137411
1700,30,0.441392,0.126758,0.009989,0.16901,0.252852,0.477429,0.522571,0.093451,0.104523
1701,30,0.441675,0.126691,0.009995,0.168921,0.252718,0.477245,0.522755,0.099736,0.103118
1702,30,0.441385,0.126645,0.010286,0.16886,0.252825,0.477346,0.522654,0.12831,0.118494
1703,30,0.442021,0.126565,0.009994,0.168754,0.252666,0.477094,0.522906,0.098441,0.107848
1704,30,0.441901,0.126542,0.009998,0.168723,0.252835,0.477079,0.522921,0.11938,0.115458
1705,30,0.442465,0.126414,0.00999,0.168552,0.252578,0.476823,0.523177,0.092281,0.098
1706,24,0.442411,0.126368,0.009996,0.168491,0.252734,0.476851,0.523149,0.121459,0.116079
1707,30,0.442622,0.126319,0.009996,0.168426,0.252636,0.476799,0.523201,0.109126,0.10777
1708,24,0.442515,0.126287,0.009997,0.168382,0.252818,0.476807,0.523193,0.122991,0.120768
1709,30,0.442828,0.126215,0.009994,0.168287,0.252675,0.476701,0.523299,0.11478,0.117583
1710,24,0.442825,0.126215,0.01,0.168286,0.252674,0.476715,0.523285,0.123641,0.121182
1711,30,0.442644,0.126163,0.009996,0.168217,0.252981,0.476828,0.523172,0.112115,0.102132
1712,30,0.442872,0.12611,0.009996,0.168147,0.252875,0.47672,0.52328,0.114585,0.117239
1713,24,0.442874,0.126109,0.01,0.168145,0.252872,0.476731,0.523269,0.123292,0.120924
1714,24,0.442703,0.126117,0.010134,0.168156,0.252889,0.476707,0.523293,0.132942,0.13222
1715,24,0.442762,0.126134,0.010001,0.168179,0.252923,0.476725,0.523275,0.115347,0.110777
1716,30,0.442718,0.126144,0.010001,0.168193,0.252944,0.476684,0.523316,0.119708,0.120228
1717,24,0.443016,0.126077,0.009995,0.168103,0.252809,0.476565,0.523435,0.110185,0.113109
1718,30,0.443664,0.125929,0.009988,0.167906,0.252512,0.476209,0.523791,0.087624,0.100455
1719,30,0.443519,0.125911,0.009999,0.167881,0.25269,0.476102,0.523898,0.119434,0.121578
1720,24,0.443413,0.125879,0.009997,0.167838,0.252873,0.47611,0.52389,0.122991,0.120769
1721,24,0.443416,0.125878,0.01,0.167837,0.25287,0.476121,0.523879,0.123304,0.120933
1722,30,0.443325,0.125805,0.009994,0.16774,0.253135,0.476079,0.523921,0.121289,0.121444
1723,24,0.443322,0.125805,0.01,0.167739,0.253134,0.476079,0.523921,0.121572,0.116117
1724,30,0.443523,0.125711,0.009993,0.167614,0.253159,0.475971,0.524029,0.114576,0.117475
1725,24,0.443523,0.125709,0.01,0.167612,0.253156,0.475982,0.524018,0.123304,0.120945
1726,30,0.443549,0.125597,0.010461,0.167463,0.25293,0.475883,0.524117,0.115551,0.118105
1727,24,0.443511,0.125586,0.010546,0.167448,0.252909,0.475828,0.524172,0.129866,0.130675
1728,30,0.443499,0.125583,0.010574,0.167444,0.252902,0.475721,0.524279,0.119497,0.121618
1729,24,0.443885,0.1256,0.010111,0.167467,0.252937,0.475568,0.524432,0.119852,0.12439
1730,24,0.443822,0.125639,0.010003,0.167519,0.253016,0.475545,0.524455,0.12468,0.123917
1731,24,0.444081,0.125582,0.009995,0.167442,0.2529,0.475381,0.524619,0.118745,0.123644
1732,30,0.44437,0.125515,0.009995,0.167354,0.252766,0.475265,0.524735,0.11372,0.116648
1733,30,0.444228,0.125498,0.009999,0.16733,0.252945,0.475147,0.524853,0.12945,0.132117
1734,24,0.44419,0.125487,0.010084,0.167316,0.252923,0.475092,0.524908,0.129866,0.130672
1735,24,0.444231,0.125497,0.010001,0.167329,0.252943,0.475103,0.524897,0.123292,0.120931
1736,24,0.444119,0.125522,0.010002,0.167363,0.252994,0.47508,0.52492,0.124692,0.123937
1737,30,0.444419,0.125455,0.009995,0.167273,0.252859,0.475026,0.524974,0.10097,0.098114
1738,24,0.444194,0.125448,0.009999,0.167265,0.253093,0.475,0.525,0.124378,0.123762
1739,24,0.444194,0.125448,0.01,0.167265,0.253093,0.475014,0.524986,0.12367,0.1212
1740,24,0.444088,0.125417,0.009997,0.167222,0.253276,0.475022,0.524978,0.122991,0.12077
1741,24,0.44446,0.125332,0.009993,0.167109,0.253105,0.474893,0.525107,0.109081,0.112351
1742,24,0.444347,0.1253,0.009997,0.167067,0.253288,0.474905,0.525095,0.12341,0.12106
1743,24,0.444608,0.125185,0.009991,0.166913,0.253303,0.474772,0.525228,0.108722,0.112151
1744,24,0.444327,0.125106,0.010617,0.166808,0.253142,0.474638,0.525362,0.12153,0.124203
1745,30,0.443933,0.124995,0.011494,0.16666,0.252918,0.474612,0.525388,0.136079,0.134206
1746,30,0.443527,0.124881,0.011989,0.166507,0.253097,0.474561,0.525439,0.125362,0.126349
1747,30,0.443812,0.124941,0.011226,0.166588,0.253433,0.474633,0.525367,0.119152,0.111147
1748,24,0.443531,0.124918,0.011357,0.166558,0.253635,0.474606,0.525394,0.132632,0.13205
1749,24,0.443655,0.124982,0.010711,0.166642,0.254011,0.474664,0.525336,0.122863,0.11612
1750,24,0.443743,0.125063,0.010018,0.166751,0.254425,0.474638,0.525362,0.132673,0.132075
1751,30,0.443751,0.125066,0.01,0.166754,0.254429,0.474647,0.525353,0.119487,0.116099
1752,24,0.443932,0.125025,0.009997,0.1667,0.254347,0.474495,0.525505,0.119852,0.124375
1753,24,0.443818,0.12505,0.010002,0.166733,0.254397,0.474472,0.525528,0.12468,0.12392
1754,30,0.444489,0.124899,0.009988,0.166533,0.254091,0.47415,0.52585,0.092789,0.104121
1755,30,0.444267,0.124756,0.010837,0.166341,0.253799,0.474061,0.525939,0.125572,0.124837
1756,30,0.445136,0.124689,0.01026,0.166252,0.253663,0.473786,0.526214,0.087951,0.096102
1757,30,0.445115,0.124683,0.010308,0.166244,0.253651,0.473792,0.526208,0.126144,0.124432
1758,24,0.445034,0.124531,0.011052,0.166042,0.253342,0.473628,0.526372,0.118693,0.123592
1759,24,0.445444,0.124644,0.010149,0.166192,0.253572,0.473639,0.526361,0.123304,0.120947
1760,30,0.445219,0.124628,0.010442,0.166171,0.25354,0.47365,0.52635,0.128657,0.124851
1761,24,0.445308,0.124653,0.010244,0.166204,0.25359,0.473596,0.526404,0.129895,0.130683
1762,30,0.445197,0.124733,0.010006,0.166311,0.253753,0.47362,0.52638,0.143847,0.14097
1763,30,0.445845,0.124589,0.009988,0.166118,0.253459,0.473296,0.526704,0.092498,0.103842
1764,30,0.446485,0.124442,0.009988,0.165923,0.253162,0.472939,0.527061,0.087438,0.100212
1765,24,0.446483,0.12444,0.01,0.16592,0.253157,0.47295,0.52705,0.123304,0.120947
1766,24,0.446445,0.124429,0.010085,0.165906,0.253135,0.472896,0.527104,0.129866,0.130659
1767,24,0.446854,0.124357,0.009994,0.165809,0.252987,0.472767,0.527233,0.109013,0.112286
1768,30,0.44725,0.124266,0.009993,0.165688,0.252803,0.47255,0.52745,0.095998,0.100258
1769,30,0.447323,0.124206,0.010181,0.165609,0.252681,0.472407,0.527593,0.115636,0.11911
1770,30,0.447693,0.124164,0.009997,0.165552,0.252595,0.472293,0.527707,0.113799,0.116657
1771,24,0.447695,0.124163,0.01,0.16555,0.252592,0.472304,0.527696,0.123304,0.120947
1772,30,0.44758,0.124131,0.010254,0.165508,0.252527,0.472261,0.527739,0.119487,0.120097
1773,24,0.448064,0.124079,0.009996,0.165439,0.252422,0.472132,0.527868,0.109034,0.112294
1774,30,0.448018,0.124088,0.010001,0.165451,0.252441,0.47208,0.52792,0.136337,0.137383
1775,24,0.448019,0.124089,0.01,0.165451,0.252442,0.472026,0.527974,0.12992,0.130686
1776,24,0.448308,0.124023,0.009995,0.165365,0.252309,0.471918,0.528082,0.10212,0.101987
1777,24,0.448306,0.124023,0.01,0.165364,0.252308,0.471865,0.528135,0.129924,0.130686
1778,30,0.448139,0.123968,0.009996,0.165291,0.252606,0.471863,0.528137,0.125337,0.124001
1779,30,0.448386,0.123912,0.009995,0.165215,0.252492,0.471698,0.528302,0.12489,0.130427
1780,30,0.448492,0.123795,0.009991,0.16506,0.252663,0.471612,0.528388,0.107334,0.108534
1781,30,0.448561,0.123734,0.010187,0.164979,0.25254,0.471469,0.528531,0.11563,0.11909
1782,24,0.448644,0.123757,0.010002,0.16501,0.252587,0.471485,0.528515,0.12374,0.121247
1783,24,0.448534,0.123727,0.009998,0.164969,0.252772,0.471429,0.528571,0.121344,0.122229
1784,30,0.448349,0.123676,0.009996,0.164901,0.253078,0.471379,0.528621,0.118742,0.119696
1785,30,0.448057,0.123631,0.010287,0.164841,0.253184,0.471482,0.528518,0.128327,0.11856
1786,24,0.448245,0.123653,0.010002,0.164871,0.25323,0.471515,0.528485,0.121764,0.116228
1787,30,0.448027,0.123702,0.010004,0.164937,0.25333,0.471488,0.528512,0.127235,0.125019
1788,24,0.448029,0.123703,0.01,0.164937,0.253331,0.471435,0.528565,0.121612,0.122366
1789,24,0.448029,0.123703,0.01,0.164937,0.253331,0.471382,0.528618,0.121628,0.122373
1790,30,0.448024,0.123704,0.01,0.164938,0.253333,0.471379,0.528621,0.125145,0.123529
1791,30,0.448025,0.123704,0.01,0.164938,0.253333,0.471262,0.528738,0.129478,0.132081
1792,24,0.447913,0.123729,0.010002,0.164972,0.253384,0.47124,0.52876,0.124704,0.123925
1793,30,0.44773,0.123678,0.009996,0.164904,0.253691,0.47119,0.52881,0.118738,0.119696
1794,30,0.447999,0.123617,0.009995,0.164823,0.253566,0.471208,0.528792,0.108233,0.102925
1795,30,0.447753,0.12347,0.010888,0.164626,0.253264,0.471064,0.528936,0.115578,0.119056
1796,24,0.447933,0.123575,0.010244,0.164767,0.25348,0.471042,0.528958,0.124704,0.123932
1797,30,0.448313,0.123545,0.009998,0.164727,0.253418,0.470944,0.529056,0.124843,0.125611
1798,24,0.448312,0.123545,0.01,0.164726,0.253417,0.47096,0.52904,0.123724,0.121242
1799,24,0.448312,0.123545,0.01,0.164726,0.253417,0.470976,0.529024,0.12374,0.121248
1800,24,0.448316,0.123544,0.01,0.164725,0.253415,0.470987,0.529013,0.123292,0.120935
1801,30,0.447905,0.123431,0.010497,0.164574,0.253593,0.470936,0.529064,0.125351,0.126329
1802,30,0.448,0.123493,0.01013,0.164657,0.25372,0.471093,0.528907,0.121967,0.109677
1803,30,0.447993,0.123491,0.010145,0.164654,0.253716,0.470988,0.529012,0.119498,0.121569
1804,30,0.448241,0.123468,0.009998,0.164624,0.253669,0.470803,0.529197,0.104742,0.109878
1805,24,0.44824,0.123468,0.01,0.164623,0.253669,0.470819,0.529181,0.12374,0.121238
1806,30,0.447838,0.123466,0.01,0.164621,0.254076,0.470918,0.529082,0.119803,0.111631
1807,30,0.447857,0.123414,0.009996,0.164551,0.254183,0.470908,0.529092,0.108967,0.10614
1808,30,0.447835,0.123408,0.010044,0.164543,0.25417,0.470914,0.529086,0.126144,0.124433
1809,24,0.447942,0.123393,0.009999,0.164525,0.254141,0.470767,0.529233,0.119857,0.122313
1810,24,0.447831,0.123363,0.009998,0.164484,0.254325,0.47071,0.52929,0.121268,0.122178
1811,24,0.448084,0.123306,0.009995,0.164408,0.254208,0.470473,0.529527,0.110447,0.115745
1812,24,0.448081,0.123305,0.01,0.164407,0.254207,0.470341,0.529659,0.121572,0.124173
1813,24,0.448371,0.12324,0.009995,0.164321,0.254073,0.470364,0.529636,0.102138,0.095611
1814,30,0.44829,0.123209,0.009997,0.164279,0.254224,0.470372,0.529628,0.119228,0.115971
1815,30,0.448175,0.123178,0.010252,0.164237,0.254158,0.470329,0.529671,0.119487,0.120087
1816,30,0.448476,0.123167,0.009999,0.164222,0.254136,0.470185,0.529815,0.109156,0.113834
1817,30,0.448493,0.123163,0.01,0.164217,0.254128,0.470196,0.529804,0.119515,0.116111
1818,30,0.448471,0.123157,0.010048,0.164209,0.254115,0.470269,0.529731,0.126144,0.119666
1819,30,0.448057,0.123043,0.010961,0.164058,0.253881,0.47035,0.52965,0.126101,0.117608
1820,30,0.448678,0.123068,0.010231,0.164091,0.253932,0.470196,0.529804,0.108141,0.113173
1821,30,0.449065,0.123033,0.009997,0.164044,0.25386,0.470016,0.529984,0.099742,0.102975
1822,24,0.449064,0.123033,0.01,0.164044,0.25386,0.469963,0.530037,0.129895,0.130661
1823,24,0.448956,0.123002,0.009997,0.164002,0.254042,0.469972,0.530028,0.12299,0.120781
1824,30,0.449186,0.12295,0.009996,0.163933,0.253935,0.469826,0.530174,0.115616,0.120388
1825,30,0.44958,0.122861,0.009993,0.163815,0.253752,0.469611,0.530389,0.09604,0.100198
1826,24,0.449244,0.122824,0.009997,0.163765,0.25417,0.469583,0.530417,0.124081,0.123594
1827,30,0.449199,0.122833,0.010001,0.163778,0.254189,0.46948,0.53052,0.11971,0.121657
1828,30,0.449752,0.122642,0.010289,0.163523,0.253794,0.469104,0.530896,0.092068,0.105708
1829,30,0.450174,0.122613,0.009998,0.163484,0.253733,0.468999,0.531001,0.114712,0.117456
1830,30,0.450863,0.122458,0.009987,0.163278,0.253414,0.468623,0.531377,0.09211,0.105718
1831,30,0.451143,0.122393,0.009995,0.163191,0.253278,0.468509,0.531491,0.113799,0.116599
1832,24,0.451507,0.122311,0.009993,0.163081,0.253108,0.46838,0.53162,0.108935,0.112169
1833,30,0.451979,0.122204,0.009991,0.162939,0.252887,0.468152,0.531848,0.09904,0.104382
1834,24,0.451979,0.122202,0.01,0.162936,0.252883,0.468164,0.531836,0.123291,0.120938
1835,30,0.452196,0.122154,0.009996,0.162872,0.252783,0.467917,0.532083,0.104374,0.110196
1836,30,0.452203,0.122151,0.01,0.162868,0.252778,0.467919,0.532081,0.125641,0.124109
1837,24,0.452262,0.122138,0.009999,0.162851,0.25275,0.467953,0.532047,0.121757,0.116238
1838,30,0.45221,0.122149,0.010001,0.162866,0.252774,0.467868,0.532132,0.121416,0.1225
1839,30,0.45222,0.122147,0.01,0.162863,0.25277,0.467875,0.532125,0.119015,0.1158
1840,24,0.452586,0.122066,0.009993,0.162754,0.252601,0.467746,0.532254,0.108929,0.112165
1841,24,0.452583,0.122065,0.01,0.162753,0.252599,0.467694,0.532306,0.121657,0.122363
1842,24,0.452472,0.12209,0.010002,0.162786,0.25265,0.467672,0.532328,0.133028,0.132241
1843,30,0.452055,0.121977,0.010915,0.162636,0.252417,0.467629,0.532371,0.126101,0.126719
1844,30,0.452282,0.122051,0.010362,0.162735,0.25257,0.46763,0.53237,0.120492,0.115925
1845,30,0.452297,0.12208,0.010002,0.162774,0.252846,0.467676,0.532324,0.114531,0.109463
1846,24,0.45266,0.122,0.009993,0.162667,0.25268,0.467407,0.532593,0.107204,0.114358
1847,24,0.452547,0.122024,0.010002,0.162699,0.252729,0.467386,0.532614,0.12472,0.123931
1848,30,0.452522,0.12203,0.01,0.162707,0.252741,0.467387,0.532613,0.1205,0.115938
1849,24,0.452412,0.122055,0.010002,0.162739,0.252792,0.467288,0.532712,0.124691,0.125378
1850,24,0.45219,0.122049,0.01,0.162732,0.253029,0.467264,0.532736,0.124402,0.123762
1851,24,0.45219,0.122049,0.01,0.162732,0.253029,0.467285,0.532715,0.115333,0.110791
1852,24,0.451966,0.121989,0.009995,0.162652,0.253398,0.467226,0.532774,0.121014,0.122025
1853,24,0.452023,0.121975,0.009999,0.162634,0.253369,0.467364,0.532636,0.113434,0.101534
1854,24,0.452388,0.121894,0.009993,0.162525,0.2532,0.467236,0.532764,0.10897,0.112177
1855,30,0.452202,0.121934,0.010003,0.162578,0.253283,0.467303,0.532697,0.12689,0.118678
1856,24,0.452207,0.121933,0.01,0.162578,0.253282,0.467315,0.532685,0.123303,0.120952
1857,30,0.452127,0.12186,0.009994,0.16248,0.25354,0.467184,0.532816,0.116746,0.119534
1858,30,0.45181,0.121881,0.010002,0.162508,0.253799,0.467156,0.532844,0.127005,0.124877
1859,24,0.451588,0.121821,0.009995,0.162428,0.254168,0.467166,0.532834,0.123114,0.120904
1860,24,0.451589,0.12182,0.01,0.162426,0.254165,0.467178,0.532822,0.123303,0.120942
1861,30,0.451769,0.12178,0.009997,0.162373,0.254082,0.466935,0.533065,0.104701,0.11014
1862,30,0.451669,0.121753,0.010215,0.162337,0.254026,0.466819,0.533181,0.129467,0.132026
1863,30,0.452401,0.121638,0.009991,0.162184,0.253786,0.466463,0.533537,0.087279,0.099856
1864,30,0.452211,0.121587,0.009996,0.162116,0.25409,0.466446,0.533554,0.118735,0.115115
1865,30,0.452813,0.121452,0.009989,0.161937,0.253809,0.466094,0.533906,0.087694,0.100206
1866,30,0.452961,0.121417,0.009997,0.16189,0.253735,0.46606,0.53394,0.114632,0.112427
1867,24,0.452963,0.121416,0.01,0.161888,0.253733,0.466072,0.533928,0.123291,0.12094
1868,24,0.452853,0.121441,0.010002,0.161921,0.253784,0.466051,0.533949,0.133028,0.132245
1869,30,0.452705,0.121426,0.009999,0.161901,0.253969,0.465963,0.534037,0.121136,0.122328
1870,30,0.452704,0.121426,0.01,0.161901,0.253968,0.465975,0.534025,0.119542,0.116137
1871,24,0.452594,0.12145,0.010002,0.161934,0.254019,0.465954,0.534046,0.12472,0.123929
1872,30,0.452665,0.121388,0.009995,0.16185,0.254103,0.465921,0.534079,0.114864,0.113137
1873,24,0.452662,0.121387,0.01,0.161849,0.254101,0.465868,0.534132,0.129907,0.130647
1874,24,0.45255,0.121357,0.009998,0.161809,0.254286,0.465813,0.534187,0.121322,0.122178
1875,24,0.452511,0.121347,0.010083,0.161795,0.254264,0.46576,0.53424,0.129866,0.130623
1876,24,0.452996,0.121257,0.009993,0.161677,0.254077,0.465645,0.534355,0.097214,0.096349
1877,30,0.452989,0.121256,0.010008,0.161674,0.254073,0.465541,0.534459,0.119498,0.121512
1878,30,0.453314,0.121185,0.009994,0.16158,0.253926,0.465486,0.534514,0.100399,0.097718
1879,30,0.453363,0.121082,0.009992,0.161443,0.25412,0.465343,0.534657,0.109151,0.113564
1880,24,0.453304,0.121094,0.010001,0.161458,0.254144,0.465364,0.534636,0.123157,0.116723
1881,30,0.453118,0.121044,0.009996,0.161392,0.25445,0.465401,0.534599,0.13536,0.129119
1882,24,0.453313,0.121,0.009996,0.161333,0.254357,0.465376,0.534624,0.110486,0.107654
1883,24,0.453315,0.120999,0.01,0.161332,0.254355,0.465388,0.534612,0.123291,0.12094
1884,24,0.453315,0.120999,0.01,0.161332,0.254355,0.465336,0.534664,0.121628,0.122341
1885,30,0.452945,0.12099,0.009999,0.16132,0.254746,0.465417,0.534583,0.142726,0.135621
1886,30,0.452894,0.121001,0.010001,0.161335,0.25477,0.465383,0.534617,0.138034,0.138194
1887,30,0.452881,0.120998,0.010028,0.16133,0.254763,0.465279,0.534721,0.119498,0.121509
1888,30,0.453578,0.12085,0.009988,0.161133,0.254451,0.464904,0.535096,0.091982,0.105478
1889,24,0.453576,0.120848,0.01,0.16113,0.254447,0.464917,0.535083,0.123303,0.120955
1890,24,0.45358,0.120847,0.01,0.161129,0.254445,0.46493,0.53507,0.123303,0.120955
1891,24,0.454304,0.120687,0.009987,0.160915,0.254108,0.464661,0.535339,0.094466,0.103235
1892,24,0.454298,0.120685,0.01,0.160913,0.254104,0.464677,0.535323,0.12367,0.121215
1893,24,0.454189,0.120654,0.009997,0.160872,0.254287,0.464686,0.535314,0.122985,0.120775
1894,30,0.4541,0.120626,0.009998,0.160835,0.254442,0.464716,0.535284,0.125365,0.120928
1895,30,0.453997,0.120459,0.010844,0.160612,0.254089,0.464561,0.535439,0.114584,0.119628
1896,24,0.454384,0.12056,0.010008,0.160746,0.254302,0.464574,0.535426,0.123303,0.120956
1897,30,0.454197,0.120559,0.01,0.160745,0.254498,0.464594,0.535406,0.140331,0.136194
1898,24,0.454447,0.120504,0.009995,0.160672,0.254382,0.464526,0.535474,0.102039,0.099462
1899,30,0.454017,0.12039,0.010932,0.16052,0.254141,0.464422,0.535578,0.119432,0.121465
1900,30,0.454809,0.120283,0.010615,0.160377,0.253916,0.4641,0.5359,0.092374,0.103503
1901,30,0.454797,0.12028,0.010642,0.160373,0.253909,0.463996,0.536004,0.119497,0.121493
1902,24,0.45498,0.120326,0.010004,0.160435,0.254255,0.464006,0.535994,0.12299,0.120787
1903,24,0.454981,0.120327,0.01,0.160436,0.254256,0.463954,0.536046,0.1216,0.122314
1904,24,0.454759,0.120321,0.01,0.160429,0.254492,0.463854,0.536146,0.124391,0.125153
1905,24,0.454649,0.120346,0.010002,0.160461,0.254543,0.463833,0.536167,0.124724,0.123927
1906,24,0.454826,0.120252,0.009992,0.160336,0.254593,0.463713,0.536287,0.109725,0.112689
1907,30,0.454873,0.12015,0.009991,0.1602,0.254786,0.463597,0.536403,0.115781,0.118335
1908,30,0.454621,0.120008,0.010876,0.16001,0.254484,0.463455,0.536545,0.115546,0.118923
1909,24,0.454885,0.120104,0.010184,0.160139,0.254688,0.46352,0.53648,0.123165,0.116307
1910,30,0.455124,0.120092,0.009999,0.160122,0.254663,0.463339,0.536661,0.111577,0.11651
1911,30,0.455155,0.119986,0.010031,0.159981,0.254847,0.463185,0.536815,0.12572,0.130653
1912,24,0.455059,0.120014,0.010002,0.160018,0.254907,0.463164,0.536836,0.133036,0.13224
1913,24,0.45531,0.119959,0.009995,0.159945,0.25479,0.463003,0.536997,0.118672,0.123394
1914,24,0.455276,0.119829,0.010606,0.159773,0.254516,0.462841,0.537159,0.118563,0.123319
1915,24,0.455669,0.119876,0.010004,0.159835,0.254615,0.462819,0.537181,0.119791,0.11906
1916,24,0.455925,0.119821,0.009995,0.159761,0.254498,0.462912,0.537088,0.108553,0.098416
1917,30,0.455803,0.119789,0.010261,0.159719,0.254429,0.462942,0.537058,0.112819,0.108637
1918,30,0.455511,0.119777,0.009999,0.159702,0.255012,0.46302,0.53698,0.123339,0.116486
1919,30,0.455412,0.119751,0.009998,0.159668,0.255171,0.463025,0.536975,0.125926,0.124324
1920,24,0.45547,0.119738,0.009999,0.15965,0.255143,0.463165,0.536835,0.113428,0.101592
1921,24,0.455586,0.119712,0.009998,0.159616,0.255088,0.463074,0.536926,0.125991,0.128462
1922,24,0.455476,0.119736,0.010002,0.159648,0.255139,0.463053,0.536947,0.133036,0.132244
1923,30,0.455463,0.119732,0.01003,0.159643,0.255132,0.46295,0.53705,0.119498,0.121488
1924,24,0.455424,0.119722,0.010115,0.15963,0.25511,0.462897,0.537103,0.129866,0.130607
1925,30,0.455651,0.119682,0.010065,0.159576,0.255025,0.462696,0.537304,0.10956,0.115468
1926,30,0.45569,0.119688,0.01,0.159584,0.255037,0.462704,0.537296,0.119025,0.115806
1927,30,0.455592,0.119662,0.009998,0.15955,0.255197,0.462599,0.537401,0.11928,0.121364
1928,24,0.455479,0.119633,0.009998,0.15951,0.255381,0.462544,0.537456,0.129606,0.130476
1929,24,0.455481,0.119632,0.01,0.159509,0.255379,0.462557,0.537443,0.123291,0.120944
1930,24,0.455442,0.119621,0.010085,0.159495,0.255357,0.462505,0.537495,0.121558,0.122287
1931,30,0.455038,0.119515,0.010962,0.159354,0.25513,0.462452,0.537548,0.136081,0.137196
1932,24,0.455248,0.11957,0.010506,0.159427,0.255248,0.462475,0.537525,0.115345,0.110812
1933,30,0.455761,0.119569,0.01,0.159425,0.255245,0.462362,0.537638,0.113681,0.116445
1934,24,0.455898,0.119485,0.009993,0.159313,0.255312,0.462199,0.537801,0.110098,0.114911
1935,30,0.455491,0.119482,0.01,0.15931,0.255717,0.462302,0.537698,0.11986,0.111745
1936,30,0.455456,0.119335,0.010695,0.159113,0.255401,0.46227,0.53773,0.114581,0.111748
1937,24,0.455547,0.119359,0.010497,0.159145,0.255453,0.462141,0.537859,0.12157,0.124061
1938,24,0.455565,0.11936,0.010226,0.159147,0.255703,0.462078,0.537922,0.128811,0.129892
1939,24,0.455558,0.119357,0.01,0.159142,0.255943,0.462095,0.537905,0.114648,0.11
1940,30,0.455414,0.119298,0.009995,0.159065,0.256228,0.462034,0.537966,0.124142,0.125507
1941,30,0.45536,0.119309,0.010001,0.159079,0.256251,0.46195,0.53805,0.12141,0.122443
1942,30,0.455538,0.11927,0.009997,0.159027,0.256168,0.461709,0.538291,0.104667,0.109979
1943,30,0.455546,0.119268,0.01,0.159024,0.256163,0.461717,0.538283,0.119027,0.115805
1944,24,0.455436,0.119292,0.010002,0.159056,0.256214,0.461697,0.538303,0.124716,0.123911
1945,30,0.455199,0.119254,0.009997,0.159006,0.256544,0.461606,0.538394,0.120629,0.121991
1946,24,0.455396,0.11921,0.009996,0.158947,0.256449,0.46158,0.53842,0.110108,0.107013
1947,24,0.455395,0.11921,0.01,0.158947,0.256448,0.461528,0.538472,0.129895,0.130616
1948,24,0.455409,0.11913,0.010346,0.158839,0.256275,0.461304,0.538696,0.111324,0.11628
1949,30,0.454989,0.11902,0.01126,0.158693,0.256039,0.461389,0.538611,0.126101,0.117678
1950,24,0.455295,0.119098,0.010354,0.158798,0.256455,0.461399,0.538601,0.123006,0.12079
1951,30,0.454875,0.118988,0.011267,0.158651,0.256219,0.461484,0.538516,0.126101,0.117679
1952,30,0.454748,0.118955,0.011542,0.158607,0.256147,0.461514,0.538486,0.112823,0.108638
1953,24,0.454822,0.119027,0.010897,0.158703,0.25655,0.46149,0.53851,0.132727,0.132069
1954,30,0.45524,0.119132,0.010009,0.158843,0.256776,0.461499,0.538501,0.119032,0.11581
1955,24,0.455244,0.119133,0.01,0.158844,0.256778,0.461516,0.538484,0.123695,0.121237
1956,24,0.45561,0.119053,0.009993,0.158738,0.256606,0.461316,0.538684,0.106345,0.112791
1957,24,0.455549,0.119037,0.010126,0.158716,0.256572,0.461264,0.538736,0.129878,0.130612
1958,30,0.455706,0.118941,0.009992,0.158588,0.256773,0.461152,0.538848,0.113862,0.116907
1959,24,0.455648,0.118952,0.010001,0.158602,0.256797,0.461155,0.538845,0.131484,0.127539
1960,24,0.455539,0.118922,0.009997,0.158562,0.25698,0.461165,0.538835,0.122985,0.120785
1961,24,0.455787,0.118867,0.009995,0.158489,0.256862,0.460932,0.539068,0.11032,0.115421
1962,30,0.455598,0.118818,0.009996,0.158424,0.257165,0.460938,0.539062,0.118773,0.115705
1963,24,0.455373,0.118812,0.01,0.158416,0.2574,0.460914,0.539086,0.132718,0.132053
1964,30,0.455373,0.118812,0.01,0.158416,0.2574,0.460928,0.539072,0.119542,0.116147
1965,24,0.45549,0.118786,0.009998,0.158382,0.257344,0.460838,0.539162,0.117724,0.120138
1966,30,0.455489,0.118786,0.01,0.158381,0.257344,0.460852,0.539148,0.119599,0.116185
1967,24,0.45549,0.11873,0.010249,0.158307,0.257223,0.460829,0.539171,0.119665,0.118987
1968,24,0.455382,0.118701,0.009997,0.158267,0.257653,0.460836,0.539164,0.122666,0.120611
1969,24,0.45538,0.1187,0.01,0.158267,0.257652,0.460785,0.539215,0.121628,0.122315
1970,24,0.455268,0.118671,0.009998,0.158228,0.257836,0.46073,0.53927,0.129577,0.130441
1971,30,0.455412,0.118596,0.009994,0.158128,0.257871,0.46069,0.53931,0.114638,0.113672
1972,24,0.455409,0.118595,0.01,0.158127,0.257869,0.460707,0.539293,0.123695,0.121238
1973,30,0.455282,0.118562,0.010276,0.158083,0.257797,0.460604,0.539396,0.119466,0.121441
1974,24,0.455657,0.11854,0.009998,0.158054,0.25775,0.460444,0.539556,0.110338,0.115015
1975,24,0.455547,0.118564,0.010002,0.158085,0.257802,0.460515,0.539485,0.116405,0.109323
1976,24,0.455439,0.118534,0.009997,0.158046,0.257984,0.460525,0.539475,0.122985,0.120785
1977,30,0.455437,0.118534,0.01,0.158045,0.257983,0.460539,0.539461,0.119542,0.116146
1978,30,0.455568,0.118505,0.009998,0.158007,0.257921,0.460466,0.539534,0.126583,0.12517
1979,24,0.455571,0.118504,0.01,0.158006,0.257919,0.460487,0.539513,0.11498,0.110198
1980,30,0.455462,0.118528,0.010002,0.158037,0.25797,0.460663,0.539337,0.123441,0.110467
1981,24,0.455822,0.11845,0.009993,0.157933,0.257801,0.460564,0.539436,0.098864,0.09815
1982,30,0.455996,0.118411,0.009997,0.157881,0.257715,0.460382,0.539618,0.111284,0.116242
1983,24,0.455995,0.11841,0.01,0.15788,0.257714,0.460399,0.539601,0.123712,0.121239
1984,30,0.455808,0.118362,0.009996,0.157816,0.258019,0.460405,0.539595,0.118766,0.115699
1985,24,0.455696,0.118385,0.010002,0.157847,0.25807,0.460309,0.539691,0.124699,0.125309
1986,24,0.455474,0.11838,0.01,0.15784,0.258306,0.460286,0.539714,0.124405,0.123737
1987,24,0.455837,0.118301,0.009993,0.157735,0.258134,0.460159,0.539841,0.108861,0.112028
1988,24,0.455837,0.1183,0.01,0.157733,0.25813,0.460172,0.539828,0.123303,0.120961
1989,24,0.455837,0.1183,0.01,0.157733,0.25813,0.460196,0.539804,0.115347,0.110818
1990,30,0.455555,0.118251,0.010502,0.157668,0.258024,0.460174,0.539826,0.128024,0.127664
1991,30,0.455894,0.118197,0.010405,0.157597,0.257907,0.460064,0.539936,0.114073,0.116946
1992,24,0.455855,0.118187,0.01049,0.157583,0.257885,0.460012,0.539988,0.129866,0.13059
1993,30,0.45571,0.118013,0.011421,0.157351,0.257505,0.459846,0.540154,0.124526,0.130024
1994,24,0.4563,0.118166,0.01014,0.157555,0.257839,0.459863,0.540137,0.123723,0.121247
1995,30,0.456183,0.118136,0.010394,0.157514,0.257773,0.459999,0.540001,0.119487,0.108758
1996,30,0.45596,0.118181,0.010004,0.157574,0.258281,0.460018,0.539982,0.143135,0.140609
1997,24,0.455849,0.118152,0.009998,0.157536,0.258466,0.460032,0.539968,0.123372,0.121064
1998,24,0.455738,0.118176,0.010002,0.157567,0.258517,0.460012,0.539988,0.124716,0.123905
1999,24,0.456347,0.118044,0.009989,0.157392,0.258229,0.459712,0.540288,0.095949,0.106097
2000,24,0.456287,0.118054,0.010001,0.157406,0.258252,0.459736,0.540264,0.123161,0.116736
2001,30,0.4561,0.118006,0.009996,0.157341,0.258557,0.459676,0.540324,0.135348,0.13678
2002,24,0.455989,0.117976,0.009997,0.157301,0.258737,0.459686,0.540314,0.122968,0.120773
2003,30,0.455801,0.117927,0.009996,0.157236,0.25904,0.459626,0.540374,0.135348,0.13678
2004,24,0.455574,0.117868,0.009995,0.157158,0.259406,0.459569,0.540431,0.120994,0.121974
2005,24,0.455571,0.117868,0.01,0.157157,0.259404,0.459517,0.540483,0.129895,0.130609
2006,30,0.455257,0.117889,0.010002,0.157185,0.259666,0.459625,0.540375,0.120369,0.112081
2007,24,0.455146,0.11786,0.009998,0.157147,0.25985,0.45957,0.54043,0.129572,0.130434
2008,30,0.455119,0.117865,0.01,0.157154,0.259861,0.459535,0.540465,0.130483,0.127714
2009,24,0.455119,0.117865,0.01,0.157154,0.259861,0.459484,0.540516,0.12164,0.122323
2010,24,0.455119,0.117865,0.01,0.157154,0.259861,0.459433,0.540567,0.12164,0.122323
2011,24,0.455009,0.117889,0.010002,0.157186,0.259914,0.459413,0.540587,0.124712,0.123902
2012,24,0.4549,0.117913,0.010002,0.157218,0.259967,0.459393,0.540607,0.124712,0.123902
2013,24,0.454791,0.117937,0.010002,0.15725,0.26002,0.459373,0.540627,0.124724,0.123916
2014,30,0.455028,0.117886,0.009996,0.157182,0.259908,0.459239,0.540761,0.109941,0.113906
2015,30,0.455131,0.117863,0.009998,0.157151,0.259856,0.459119,0.540881,0.117524,0.119871
2016,30,0.455131,0.117863,0.01,0.157151,0.259856,0.459017,0.540983,0.119545,0.121469
2017,30,0.455375,0.11781,0.009996,0.15708,0.259739,0.458828,0.541172,0.103898,0.109229
2018,30,0.455247,0.117777,0.010273,0.157036,0.259666,0.458955,0.541045,0.112819,0.102684
2019,24,0.455262,0.117833,0.010005,0.157111,0.25979,0.458935,0.541065,0.133036,0.132233
2020,30,0.454861,0.117832,0.01,0.157109,0.260198,0.458905,0.541095,0.12648,0.124541
2021,24,0.455116,0.117762,0.010061,0.157017,0.260044,0.45878,0.54122,0.108237,0.108769
2022,30,0.454957,0.117721,0.009997,0.156962,0.260363,0.45878,0.54122,0.125374,0.124025
2023,24,0.454843,0.117692,0.009997,0.156922,0.260545,0.458726,0.541274,0.121305,0.122131
2024,30,0.454998,0.117658,0.009997,0.156877,0.26047,0.458703,0.541297,0.115702,0.113631
2025,30,0.454982,0.117654,0.010033,0.156871,0.260461,0.458711,0.541289,0.126144,0.124443
2026,24,0.454887,0.117681,0.010002,0.156908,0.260522,0.458691,0.541309,0.124724,0.123916
2027,30,0.454862,0.117687,0.01,0.156916,0.260535,0.458838,0.541162,0.120472,0.109223
2028,24,0.454862,0.117687,0.01,0.156916,0.260535,0.458855,0.541145,0.123695,0.121241
2029,30,0.455001,0.117611,0.009994,0.156814,0.26058,0.458719,0.541281,0.109636,0.11373
2030,24,0.455249,0.117503,0.009991,0.15667,0.260588,0.45859,0.54141,0.108618,0.111868
2031,24,0.455132,0.117472,0.009997,0.15663,0.260768,0.458604,0.541396,0.123401,0.121076
2032,30,0.454712,0.117364,0.010911,0.156485,0.260527,0.458562,0.541438,0.126101,0.126679
2033,30,0.45492,0.117418,0.01046,0.156557,0.260646,0.458594,0.541406,0.112882,0.108683
2034,24,0.45502,0.117442,0.010002,0.156589,0.260947,0.458604,0.541396,0.122968,0.120772
2035,30,0.45503,0.11744,0.01,0.156587,0.260943,0.458607,0.541393,0.12564,0.124103
2036,30,0.455013,0.117435,0.010038,0.156581,0.260933,0.458505,0.541495,0.119477,0.121424
2037,24,0.45503,0.11744,0.01,0.156587,0.260943,0.458523,0.541477,0.123724,0.121251
2038,24,0.455394,0.117362,0.009993,0.156482,0.260769,0.458397,0.541603,0.108974,0.112051
2039,30,0.455666,0.117259,0.009991,0.156345,0.260739,0.458178,0.541822,0.102668,0.109492
2040,30,0.456117,0.117054,0.010474,0.156072,0.260283,0.457804,0.542196,0.091846,0.105117
2041,24,0.456111,0.117104,0.010004,0.156139,0.260642,0.457781,0.542219,0.124396,0.123729
2042,30,0.456512,0.117019,0.009993,0.156025,0.260452,0.457497,0.542503,0.099956,0.10695
2043,24,0.456626,0.116993,0.009998,0.15599,0.260394,0.457476,0.542524,0.119782,0.119047
2044,24,0.456402,0.116987,0.01,0.155983,0.260629,0.457453,0.542547,0.132717,0.13206
2045,30,0.456579,0.116949,0.009997,0.155932,0.260544,0.457202,0.542798,0.114519,0.120295
2046,30,0.456577,0.116949,0.01,0.155931,0.260543,0.457217,0.542783,0.119588,0.116176
2047,30,0.456555,0.116943,0.010048,0.155924,0.26053,0.457225,0.542775,0.126144,0.124445
2048,24,0.456355,0.116943,0.01,0.155924,0.260778,0.457202,0.542798,0.132717,0.132057
2049,30,0.456387,0.11689,0.009995,0.155853,0.260874,0.457167,0.542833,0.11632,0.113257
2050,24,0.456348,0.11688,0.010081,0.15584,0.260852,0.457116,0.542884,0.121558,0.122259
2051,30,0.456015,0.116881,0.01,0.155841,0.261263,0.457179,0.542821,0.126093,0.118356
2052,30,0.455594,0.116773,0.010914,0.155697,0.261022,0.457138,0.542862,0.126101,0.126672
2053,30,0.455774,0.116819,0.010524,0.155758,0.261125,0.457037,0.542963,0.119546,0.121453
2054,24,0.455958,0.116892,0.010006,0.155856,0.261288,0.457063,0.542937,0.123161,0.116752
2055,24,0.455851,0.116863,0.009998,0.155817,0.261471,0.457074,0.542926,0.122968,0.120776
2056,24,0.456209,0.116786,0.009993,0.155714,0.261298,0.456962,0.543038,0.100975,0.100892
2057,24,0.455983,0.11678,0.009999,0.155706,0.261532,0.456939,0.543061,0.124405,0.12374
2058,30,0.456662,0.116634,0.009988,0.155512,0.261205,0.456615,0.543385,0.091873,0.102839
2059,24,0.457018,0.116555,0.009993,0.155406,0.261028,0.456488,0.543512,0.108835,0.111955
2060,24,0.456792,0.116549,0.009999,0.155398,0.261262,0.456465,0.543535,0.124397,0.123727
2061,30,0.456571,0.11655,0.01,0.1554,0.261479,0.456471,0.543529,0.123986,0.122032
2062,24,0.456825,0.116481,0.010061,0.155308,0.261325,0.456217,0.543783,0.108216,0.114904
2063,24,0.456685,0.116471,0.009999,0.155295,0.26155,0.456218,0.543782,0.131163,0.127344
2064,24,0.456934,0.116418,0.009995,0.155224,0.26143,0.456059,0.543941,0.110327,0.114931
2065,30,0.457027,0.116368,0.010127,0.155158,0.261319,0.455909,0.544091,0.125577,0.12934
2066,30,0.456782,0.116273,0.010809,0.155031,0.261105,0.455835,0.544165,0.122372,0.123341
2067,24,0.456857,0.116344,0.010164,0.155125,0.261511,0.455813,0.544187,0.124409,0.123732
2068,24,0.457181,0.116256,0.009993,0.155009,0.261562,0.455684,0.544316,0.108589,0.111811
2069,30,0.457028,0.116242,0.009999,0.154989,0.261743,0.455648,0.544352,0.137759,0.138004
2070,24,0.456802,0.116184,0.009995,0.154912,0.262108,0.455591,0.544409,0.120994,0.121945
2071,30,0.457036,0.116133,0.009996,0.154844,0.261992,0.455491,0.544509,0.114967,0.117505
2072,24,0.457282,0.116079,0.009995,0.154772,0.261871,0.455332,0.544668,0.11864,0.123245
2073,30,0.456855,0.115971,0.01092,0.154628,0.261626,0.45523,0.54477,0.119432,0.121368
2074,24,0.457099,0.116058,0.010276,0.154744,0.261824,0.455257,0.544743,0.123163,0.116756
2075,30,0.457225,0.11609,0.010003,0.154787,0.261896,0.455273,0.544727,0.119599,0.116194
2076,24,0.457226,0.11609,0.01,0.154787,0.261896,0.455223,0.544777,0.121628,0.122287
2077,30,0.457378,0.116056,0.010006,0.154741,0.261819,0.4552,0.5448,0.115581,0.113556
2078,24,0.45738,0.116057,0.01,0.154742,0.261821,0.455149,0.544851,0.121612,0.12228
2079,24,0.457384,0.116056,0.01,0.154741,0.261819,0.455163,0.544837,0.123303,0.120967
2080,30,0.457333,0.116067,0.010001,0.154756,0.261844,0.455215,0.544785,0.1148,0.109677
2081,30,0.457155,0.116017,0.009996,0.15469,0.262142,0.455217,0.544783,0.118228,0.115353
2082,30,0.457127,0.116022,0.01,0.154697,0.262153,0.455365,0.544635,0.120473,0.109276
2083,24,0.457489,0.115945,0.009993,0.154594,0.261979,0.455239,0.544761,0.108909,0.111979
2084,24,0.457486,0.115944,0.01,0.154593,0.261977,0.455189,0.544811,0.121628,0.122287
2085,24,0.457544,0.115932,0.009999,0.154576,0.261949,0.455332,0.544668,0.113412,0.101688
2086,24,0.457553,0.115818,0.010512,0.154424,0.261692,0.455172,0.544828,0.118547,0.123198
2087,30,0.457576,0.115848,0.010354,0.154464,0.261759,0.45509,0.54491,0.121412,0.122384
2088,24,0.457402,0.115855,0.010001,0.154473,0.262269,0.455064,0.544936,0.132394,0.13187
2089,24,0.457234,0.115838,0.009999,0.154451,0.262478,0.455128,0.544872,0.12285,0.116243
2090,30,0.457304,0.115823,0.009999,0.15443,0.262444,0.455055,0.544945,0.115772,0.116708
2091,30,0.457155,0.115809,0.009999,0.154412,0.262626,0.455031,0.544969,0.121128,0.120858
2092,24,0.457154,0.115809,0.01,0.154411,0.262626,0.454904,0.545096,0.121572,0.123975
2093,30,0.457041,0.11578,0.010246,0.154373,0.262561,0.454884,0.545116,0.136138,0.134194
2094,30,0.457318,0.115773,0.009999,0.154364,0.262545,0.454857,0.545143,0.115118,0.113239
2095,24,0.457205,0.115744,0.009998,0.154326,0.262727,0.454872,0.545128,0.123396,0.121077
2096,30,0.457275,0.115729,0.009999,0.154305,0.262693,0.4548,0.5452,0.115857,0.116751
2097,24,0.457274,0.115729,0.01,0.154305,0.262692,0.454818,0.545182,0.123695,0.121248
2098,24,0.457051,0.115724,0.01,0.154298,0.262928,0.454795,0.545205,0.132712,0.132047
2099,24,0.456941,0.115747,0.010002,0.154329,0.262981,0.454776,0.545224,0.12472,0.123896
2100,30,0.456704,0.115711,0.009997,0.154281,0.263308,0.454747,0.545253,0.1206,0.120562
2101,30,0.456606,0.115552,0.010824,0.15407,0.262948,0.454594,0.545406,0.114559,0.119454
2102,30,0.457129,0.115616,0.010006,0.154155,0.263094,0.454419,0.545581,0.105166,0.109899
2103,30,0.457479,0.115539,0.010012,0.154052,0.262918,0.454285,0.545715,0.111573,0.115516
2104,30,0.457318,0.115522,0.01025,0.15403,0.26288,0.454252,0.545748,0.137998,0.138137
2105,30,0.457381,0.115562,0.010003,0.154083,0.26297,0.454171,0.545829,0.121444,0.122396
2106,24,0.457328,0.115574,0.010001,0.154099,0.262998,0.454198,0.545802,0.123163,0.116758
2107,24,0.457216,0.115546,0.009998,0.154061,0.26318,0.454213,0.545787,0.123396,0.12109
2108,30,0.457104,0.115518,0.010239,0.154023,0.263116,0.454172,0.545828,0.119487,0.120022
2109,24,0.457104,0.115569,0.010004,0.154091,0.263232,0.454078,0.545922,0.124703,0.125251
2110,30,0.457106,0.115569,0.01,0.154092,0.263233,0.453978,0.546022,0.119556,0.121433
2111,30,0.456918,0.115522,0.009996,0.154029,0.263535,0.453918,0.546082,0.135331,0.13674
2112,30,0.457069,0.115447,0.009994,0.153929,0.263562,0.453818,0.546182,0.110281,0.111574
2113,30,0.456917,0.115432,0.009999,0.153909,0.263743,0.453723,0.546277,0.131153,0.132741
2114,30,0.456926,0.11543,0.01,0.153907,0.263738,0.453734,0.546266,0.119037,0.115812
2115,30,0.456915,0.115345,0.009993,0.153794,0.263954,0.453601,0.546399,0.116581,0.120597
2116,30,0.456493,0.115239,0.010906,0.153652,0.26371,0.453657,0.546343,0.126101,0.120741
2117,30,0.456435,0.115324,0.010354,0.153766,0.264121,0.453693,0.546307,0.127038,0.123767
2118,30,0.456773,0.115328,0.01,0.15377,0.264129,0.453445,0.546555,0.114611,0.120244
2119,24,0.456773,0.115328,0.01,0.15377,0.264129,0.453395,0.546605,0.121628,0.122278
2120,24,0.456777,0.115327,0.01,0.153769,0.264127,0.453409,0.546591,0.123303,0.120969
2121,24,0.456913,0.115246,0.009993,0.153661,0.264188,0.453247,0.546753,0.110029,0.114729
2122,24,0.456909,0.115245,0.01,0.15366,0.264186,0.453197,0.546803,0.121612,0.122271
2123,30,0.456905,0.115246,0.01,0.153661,0.264188,0.453205,0.546795,0.118521,0.11495
2124,30,0.457081,0.115208,0.009997,0.153611,0.264103,0.453081,0.546919,0.110785,0.114405
2125,30,0.457181,0.115187,0.009998,0.153582,0.264052,0.452911,0.547089,0.112316,0.116798
2126,30,0.45722,0.115091,0.009992,0.153455,0.264243,0.452808,0.547192,0.114683,0.117386
2127,24,0.457161,0.115102,0.010001,0.153469,0.264268,0.453017,0.546983,0.114855,0.100268
2128,30,0.456874,0.115076,0.009998,0.153434,0.264618,0.453035,0.546965,0.139791,0.135876
2129,24,0.456585,0.115003,0.010624,0.153337,0.264451,0.452984,0.547016,0.129853,0.130556
2130,24,0.457395,0.114925,0.010174,0.153234,0.264272,0.452686,0.547314,0.104251,0.114202
2131,30,0.457294,0.1149,0.010392,0.1532,0.264214,0.452574,0.547426,0.129467,0.131865
2132,24,0.458078,0.114817,0.009993,0.153089,0.264023,0.452275,0.547725,0.095877,0.105817
2133,24,0.457965,0.114787,0.009997,0.153049,0.264201,0.452286,0.547714,0.122975,0.120791
2134,24,0.457967,0.114786,0.01,0.153048,0.264199,0.452301,0.547699,0.123303,0.120971
2135,24,0.45774,0.114729,0.009995,0.152972,0.264563,0.452244,0.547756,0.129251,0.130226
2136,24,0.457912,0.114692,0.009997,0.152923,0.264476,0.452095,0.547905,0.119685,0.123922
2137,24,0.457911,0.114692,0.01,0.152922,0.264476,0.451969,0.548031,0.121572,0.123937
2138,30,0.45792,0.11469,0.01,0.152919,0.264471,0.451973,0.548027,0.12564,0.124109
2139,24,0.458114,0.114648,0.009996,0.152865,0.264376,0.451953,0.548047,0.110461,0.107604
2140,30,0.458183,0.114633,0.009999,0.152844,0.264341,0.451882,0.548118,0.115906,0.11675
2141,30,0.45847,0.114572,0.009995,0.152763,0.264201,0.451746,0.548254,0.100752,0.102006
2142,30,0.458471,0.114526,0.009996,0.152701,0.264307,0.451716,0.548284,0.122193,0.122155
2143,30,0.458711,0.114474,0.009995,0.152632,0.264188,0.451472,0.548528,0.103798,0.109315
2144,24,0.458883,0.114437,0.009997,0.152582,0.264102,0.451324,0.548676,0.119691,0.123915
2145,24,0.459164,0.114376,0.009995,0.152502,0.263963,0.451224,0.548776,0.102014,0.101682
2146,30,0.459122,0.114235,0.010693,0.152313,0.263636,0.451071,0.548929,0.114541,0.119385
2147,30,0.459041,0.114314,0.010408,0.152418,0.263818,0.451052,0.548948,0.127331,0.125009
2148,24,0.458637,0.114213,0.011032,0.152284,0.263833,0.450998,0.549002,0.129525,0.130359
2149,30,0.458505,0.11418,0.010906,0.15224,0.264167,0.450987,0.549013,0.118698,0.115085
2150,30,0.458461,0.114268,0.010543,0.152358,0.264371,0.451027,0.548973,0.127315,0.123927
2151,24,0.458826,0.114306,0.010003,0.152408,0.264457,0.451007,0.548993,0.119807,0.119048
2152,30,0.458827,0.114306,0.01,0.152408,0.264458,0.451017,0.548983,0.126202,0.124483
2153,24,0.458659,0.114289,0.009999,0.152386,0.264667,0.451042,0.548958,0.122823,0.116608
2154,30,0.458236,0.114184,0.010912,0.152245,0.264423,0.451034,0.548966,0.126101,0.123664
2155,30,0.458032,0.114025,0.011853,0.152034,0.264056,0.450889,0.549111,0.126373,0.130822
2156,24,0.458586,0.11405,0.011186,0.152066,0.264112,0.450731,0.549269,0.118668,0.123178
2157,24,0.458598,0.113999,0.011409,0.151999,0.263995,0.450641,0.549359,0.125899,0.128288
2158,24,0.459492,0.114108,0.01001,0.152144,0.264247,0.450484,0.549516,0.110405,0.11488
2159,30,0.45973,0.11406,0.009996,0.15208,0.264135,0.450379,0.549621,0.116507,0.118594
2160,30,0.459415,0.11408,0.010002,0.152107,0.264397,0.450346,0.549654,0.13703,0.135339
2161,30,0.459416,0.11408,0.01,0.152107,0.264397,0.450246,0.549754,0.119545,0.121384
2162,30,0.459776,0.114004,0.009993,0.152006,0.264221,0.450128,0.549872,0.105703,0.107447
2163,30,0.460446,0.113861,0.009987,0.151815,0.26389,0.449925,0.550075,0.085179,0.08989
2164,30,0.46044,0.11386,0.01,0.151813,0.263887,0.449942,0.550058,0.119588,0.116192
2165,24,0.4604,0.11385,0.010085,0.1518,0.263864,0.449891,0.550109,0.129866,0.130539
2166,24,0.460572,0.11378,0.009994,0.151706,0.263948,0.44973,0.55027,0.110037,0.114673
2167,24,0.461117,0.113664,0.00999,0.151552,0.263678,0.449589,0.550411,0.093924,0.094744
2168,30,0.461351,0.113612,0.009995,0.151483,0.263559,0.449346,0.550654,0.103711,0.109173
2169,30,0.461236,0.113584,0.010242,0.151445,0.263493,0.449295,0.550705,0.136138,0.137163
2170,24,0.461538,0.11357,0.010004,0.151427,0.263461,0.449275,0.550725,0.110443,0.107587
2171,24,0.461543,0.11357,0.01,0.151426,0.263461,0.44929,0.55071,0.12329,0.120961
2172,30,0.461424,0.113509,0.009995,0.151345,0.263728,0.449198,0.550802,0.13155,0.133332
2173,30,0.461232,0.113461,0.009996,0.151282,0.264029,0.449199,0.550801,0.125361,0.12402
2174,30,0.461081,0.113447,0.009999,0.151263,0.26421,0.449105,0.550895,0.131158,0.132694
2175,30,0.46108,0.113447,0.01,0.151263,0.26421,0.449122,0.550878,0.119531,0.116154
2176,24,0.460857,0.113442,0.01,0.151256,0.264445,0.4491,0.5509,0.132724,0.132045
2177,24,0.460743,0.113414,0.009998,0.151219,0.264627,0.449047,0.550953,0.121312,0.12209
2178,30,0.461,0.113359,0.009995,0.151146,0.2645,0.448992,0.551008,0.125554,0.123904
2179,24,0.461356,0.113283,0.009993,0.151045,0.264323,0.448867,0.551133,0.108854,0.111859
2180,30,0.461254,0.113258,0.009998,0.151011,0.264479,0.448765,0.551235,0.119261,0.121207
2181,30,0.461641,0.113177,0.009993,0.150902,0.264288,0.448557,0.551443,0.095668,0.099507
2182,30,0.462179,0.113062,0.00999,0.150749,0.26402,0.448373,0.551627,0.091596,0.094077
2183,30,0.461796,0.112991,0.01049,0.150655,0.264069,0.448382,0.551618,0.127747,0.124506
2184,30,0.461819,0.11302,0.010332,0.150693,0.264136,0.448362,0.551638,0.121417,0.121002
2185,30,0.462436,0.11296,0.009995,0.150613,0.263996,0.448136,0.551864,0.093897,0.098673
2186,24,0.462323,0.112931,0.009997,0.150574,0.264175,0.448148,0.551852,0.122974,0.120797
2187,30,0.462132,0.112884,0.009996,0.150512,0.264476,0.448041,0.551959,0.118736,0.120886
2188,24,0.462133,0.112883,0.01,0.150511,0.264473,0.448056,0.551944,0.12329,0.120963
2189,24,0.46191,0.112878,0.01,0.150504,0.264708,0.448035,0.551965,0.12442,0.123726
2190,24,0.461796,0.11285,0.009998,0.150467,0.26489,0.448051,0.551949,0.123367,0.121076
2191,24,0.461641,0.11276,0.010575,0.150346,0.264678,0.447962,0.552038,0.125912,0.128276
2192,24,0.461907,0.112825,0.010006,0.150433,0.26483,0.447913,0.552087,0.129952,0.130584
2193,30,0.461596,0.112846,0.010002,0.150461,0.265095,0.447892,0.552108,0.127078,0.124861
2194,30,0.461777,0.112763,0.009993,0.150351,0.265116,0.447779,0.552221,0.113344,0.116086
2195,24,0.461905,0.112683,0.009993,0.150245,0.265175,0.447619,0.552381,0.110018,0.114616
2196,30,0.461892,0.11268,0.01002,0.15024,0.265167,0.44752,0.55248,0.119498,0.121326
2197,24,0.461901,0.112683,0.01,0.150243,0.265173,0.447539,0.552461,0.123724,0.121282
2198,30,0.461901,0.112683,0.01,0.150243,0.265173,0.447574,0.552426,0.112885,0.108719
2199,30,0.461783,0.112654,0.010254,0.150205,0.265105,0.447475,0.552525,0.119487,0.121322
2200,30,0.461558,0.112494,0.01082,0.149992,0.265137,0.447322,0.552678,0.125563,0.13031
2201,24,0.461636,0.112562,0.010174,0.150083,0.265546,0.447301,0.552699,0.12442,0.123722
2202,30,0.461566,0.112568,0.010001,0.150091,0.265774,0.447352,0.552648,0.114532,0.109573
2203,24,0.461453,0.11254,0.009998,0.150054,0.265956,0.447299,0.552701,0.129567,0.130363
2204,24,0.461168,0.11252,0.01013,0.150027,0.266156,0.447277,0.552723,0.132671,0.132004
2205,24,0.461119,0.112557,0.010003,0.150077,0.266244,0.447353,0.552647,0.116421,0.109435
2206,30,0.460941,0.11251,0.009996,0.150013,0.266541,0.447349,0.552651,0.124813,0.123652
2207,24,0.46083,0.112532,0.010002,0.150043,0.266594,0.447331,0.552669,0.133052,0.132219
2208,24,0.460776,0.112544,0.010001,0.150058,0.266621,0.447402,0.552598,0.123184,0.116435
2209,24,0.460777,0.112544,0.01,0.150058,0.266622,0.447421,0.552579,0.123724,0.121282
2210,24,0.460948,0.112456,0.009992,0.149942,0.266662,0.447304,0.552696,0.109595,0.112412
2211,30,0.460859,0.112388,0.009994,0.14985,0.266909,0.447179,0.552821,0.116682,0.119237
2212,24,0.460856,0.112387,0.01,0.14985,0.266907,0.447129,0.552871,0.129907,0.130561
2213,30,0.460856,0.112387,0.01,0.14985,0.266907,0.447164,0.552836,0.112885,0.108725
2214,24,0.46121,0.112313,0.009993,0.149751,0.266732,0.447056,0.552944,0.100901,0.100726
2215,24,0.461093,0.112285,0.009997,0.149713,0.266911,0.447003,0.552997,0.129574,0.130366
2216,24,0.461038,0.112296,0.010001,0.149728,0.266938,0.447074,0.552926,0.123172,0.11642
2217,30,0.460948,0.11227,0.009998,0.149693,0.267091,0.447076,0.552924,0.12535,0.123949
2218,30,0.460733,0.112314,0.010004,0.149752,0.267196,0.447192,0.552808,0.120698,0.112392
2219,30,0.460308,0.112211,0.010917,0.149614,0.26695,0.447283,0.552717,0.126101,0.117807
2220,30,0.460753,0.112016,0.011389,0.149355,0.266487,0.447001,0.552999,0.091672,0.100711
2221,30,0.461242,0.112027,0.010849,0.149369,0.266513,0.446748,0.553252,0.113755,0.119642
2222,24,0.461634,0.112122,0.010008,0.149496,0.266739,0.446768,0.553232,0.123747,0.121296
2223,30,0.461601,0.112114,0.01008,0.149486,0.26672,0.446855,0.553145,0.119476,0.111523
2224,30,0.461267,0.112115,0.01,0.149486,0.267131,0.447057,0.552943,0.119476,0.105826
2225,30,0.460953,0.112039,0.010674,0.149385,0.26695,0.446946,0.553054,0.129423,0.131774
2226,24,0.461145,0.112134,0.010031,0.149512,0.267178,0.446928,0.553072,0.124744,0.123903
2227,24,0.461162,0.112137,0.01,0.149516,0.267184,0.446944,0.553056,0.123302,0.120967
2228,30,0.461172,0.112135,0.01,0.149513,0.26718,0.446956,0.553044,0.119036,0.11582
2229,24,0.461418,0.112084,0.009995,0.149445,0.267058,0.446798,0.553202,0.118592,0.123073
2230,24,0.461419,0.112083,0.01,0.149444,0.267055,0.446824,0.553176,0.114979,0.110237
2231,30,0.4613,0.112054,0.010254,0.149405,0.266986,0.446784,0.553216,0.119487,0.11999
2232,24,0.461533,0.112058,0.01,0.149411,0.266997,0.446764,0.553236,0.11977,0.11902
2233,30,0.461124,0.111959,0.010878,0.149279,0.26676,0.446713,0.553287,0.136081,0.13711
2234,30,0.461673,0.112027,0.010006,0.14937,0.266923,0.44654,0.55346,0.105101,0.109707
2235,24,0.46203,0.111955,0.009993,0.149273,0.266749,0.44628,0.55372,0.107069,0.113693
2236,30,0.461902,0.111935,0.009998,0.149247,0.266917,0.44642,0.55358,0.113572,0.103217
2237,24,0.461905,0.111934,0.01,0.149246,0.266915,0.446446,0.553554,0.114979,0.110227
2238,30,0.461716,0.111888,0.009996,0.149184,0.267216,0.446448,0.553552,0.125353,0.124011
2239,24,0.461957,0.111786,0.009991,0.149048,0.267218,0.44632,0.55368,0.108492,0.111623
2240,24,0.461953,0.111785,0.01,0.149047,0.267216,0.446271,0.553729,0.129949,0.130564
2241,24,0.461839,0.111757,0.009998,0.14901,0.267397,0.446287,0.553713,0.123362,0.121079
2242,24,0.461723,0.111729,0.009998,0.148972,0.267577,0.446303,0.553697,0.123391,0.121099
2243,24,0.461722,0.111729,0.01,0.148972,0.267577,0.446254,0.553746,0.12164,0.122255
2244,24,0.461722,0.111729,0.01,0.148972,0.267577,0.446205,0.553795,0.121628,0.122241
2245,30,0.461954,0.111681,0.009996,0.148908,0.267461,0.446073,0.553927,0.116504,0.120323
2246,24,0.461898,0.111692,0.010001,0.148922,0.267487,0.446144,0.553856,0.123186,0.116446
2247,24,0.461784,0.111664,0.009998,0.148886,0.267668,0.446091,0.553909,0.121254,0.122038
2248,24,0.461841,0.111652,0.009999,0.148869,0.267639,0.446133,0.553867,0.12173,0.116295
2249,30,0.462104,0.111588,0.010037,0.148784,0.267487,0.446059,0.553941,0.107897,0.108633
2250,30,0.46213,0.111591,0.01,0.148787,0.267492,0.446072,0.553928,0.119036,0.115825
2251,30,0.462031,0.111567,0.009998,0.148756,0.267649,0.445959,0.554041,0.129247,0.131667
2252,30,0.46203,0.111566,0.01,0.148755,0.267649,0.445976,0.554024,0.119542,0.116171
2253,30,0.462388,0.111492,0.009993,0.148656,0.26747,0.445772,0.554228,0.095977,0.099768
2254,24,0.462738,0.111418,0.009993,0.148558,0.267293,0.445823,0.554177,0.098779,0.091578
2255,30,0.462685,0.111428,0.010001,0.148571,0.267316,0.445803,0.554197,0.121419,0.120993
2256,24,0.462571,0.1114,0.009998,0.148534,0.267497,0.445751,0.554249,0.121307,0.122063
2257,30,0.462458,0.111373,0.010239,0.148498,0.267432,0.445711,0.554289,0.119487,0.119987
2258,30,0.462568,0.1114,0.010002,0.148533,0.267496,0.445729,0.554271,0.119599,0.116203
2259,24,0.462812,0.111299,0.009991,0.148398,0.2675,0.445601,0.554399,0.108469,0.111598
2260,30,0.462808,0.111298,0.01,0.148397,0.267498,0.445636,0.554364,0.112874,0.10872
2261,24,0.462631,0.111255,0.01013,0.14834,0.267643,0.445583,0.554417,0.129545,0.130342
2262,30,0.462347,0.111209,0.010632,0.148279,0.267533,0.445563,0.554437,0.128032,0.127627
2263,24,0.462525,0.111252,0.010004,0.148336,0.267883,0.44558,0.55442,0.123414,0.121114
2264,30,0.462765,0.111203,0.009996,0.148271,0.267765,0.445394,0.554606,0.103786,0.108884
2265,30,0.462646,0.111175,0.01025,0.148233,0.267696,0.445355,0.554645,0.119487,0.119986
2266,30,0.462711,0.111213,0.010003,0.148284,0.267788,0.445265,0.554735,0.131435,0.132811
2267,30,0.462708,0.111214,0.01,0.148286,0.267792,0.445266,0.554734,0.125149,0.123527
2268,24,0.463061,0.111141,0.009993,0.148188,0.267616,0.445159,0.554841,0.100836,0.100655
2269,30,0.463052,0.111013,0.010611,0.148017,0.267306,0.445027,0.554973,0.117245,0.118319
2270,24,0.463221,0.111053,0.010004,0.148071,0.267651,0.444975,0.555025,0.121311,0.122068
2271,30,0.463102,0.111025,0.010258,0.148033,0.267582,0.445019,0.554981,0.119487,0.114797
2272,24,0.46311,0.111025,0.01,0.148034,0.267831,0.445032,0.554968,0.122969,0.120796
2273,30,0.46311,0.111025,0.01,0.148034,0.267831,0.444993,0.555007,0.119545,0.120018
2274,30,0.46311,0.111025,0.01,0.148034,0.267831,0.444884,0.555116,0.129525,0.131816
2275,30,0.46311,0.111025,0.01,0.148034,0.267831,0.444902,0.555098,0.119588,0.1162
2276,30,0.463406,0.110923,0.009991,0.147898,0.267782,0.44468,0.55532,0.101919,0.108613
2277,24,0.463402,0.110922,0.01,0.147896,0.26778,0.4447,0.5553,0.123724,0.12129
2278,30,0.463351,0.110933,0.010001,0.14791,0.267805,0.44468,0.55532,0.121421,0.120996
2279,30,0.463352,0.110933,0.01,0.14791,0.267805,0.444715,0.555285,0.112885,0.108736
2280,24,0.463129,0.110928,0.01,0.147904,0.26804,0.444622,0.555378,0.12439,0.124962
2281,24,0.463132,0.110927,0.01,0.147903,0.268038,0.444638,0.555362,0.123302,0.12097
2282,24,0.463132,0.110927,0.01,0.147903,0.268038,0.444589,0.555411,0.12164,0.122242
2283,30,0.463013,0.110898,0.010254,0.147865,0.26797,0.44449,0.55551,0.119487,0.121294
2284,30,0.4635,0.11081,0.009992,0.147746,0.267952,0.444268,0.555732,0.098463,0.103504
2285,24,0.463273,0.110804,0.009999,0.147738,0.268185,0.444247,0.555753,0.132727,0.132035
2286,24,0.463276,0.110803,0.01,0.147737,0.268183,0.444263,0.555737,0.123302,0.120981
2287,30,0.463169,0.110674,0.01031,0.147566,0.268281,0.444111,0.555889,0.125555,0.130262
2288,30,0.463407,0.110617,0.010346,0.147489,0.268142,0.444018,0.555982,0.115463,0.117561
2289,24,0.463113,0.110547,0.010972,0.147396,0.267972,0.443968,0.556032,0.129853,0.1305
2290,24,0.463192,0.110614,0.010326,0.147485,0.268382,0.443948,0.556052,0.124419,0.123715
2291,30,0.463582,0.110601,0.009999,0.147468,0.268351,0.443763,0.556237,0.103843,0.108874
2292,30,0.463581,0.110601,0.01,0.147468,0.268351,0.443781,0.556219,0.119542,0.116178
2293,30,0.463624,0.110543,0.010232,0.14739,0.26821,0.443877,0.556123,0.108896,0.100255
2294,30,0.464119,0.110489,0.009995,0.147318,0.268079,0.443671,0.556329,0.095565,0.099366
2295,24,0.464002,0.110461,0.009997,0.147281,0.268259,0.443688,0.556312,0.123391,0.121107
2296,24,0.464001,0.110461,0.01,0.147281,0.268258,0.443708,0.556292,0.123683,0.121261
2297,30,0.46395,0.110471,0.010001,0.147295,0.268283,0.443618,0.556382,0.131421,0.132789
2298,30,0.463705,0.110345,0.010848,0.147126,0.267976,0.443541,0.556459,0.125489,0.124523
2299,30,0.463933,0.110401,0.010353,0.147201,0.268113,0.443552,0.556448,0.118512,0.114949
2300,24,0.463873,0.110435,0.010003,0.147246,0.268442,0.443626,0.556374,0.116082,0.109247
2301,30,0.463815,0.110447,0.010001,0.147263,0.268473,0.443706,0.556294,0.116799,0.109812
2302,30,0.463526,0.110423,0.009998,0.14723,0.268823,0.443789,0.556211,0.123178,0.116551
2303,30,0.463102,0.110322,0.010495,0.147095,0.268986,0.443741,0.556259,0.125306,0.126167
2304,24,0.463183,0.110341,0.010322,0.147121,0.269033,0.44377,0.55623,0.115331,0.11085
2305,30,0.463587,0.110315,0.01004,0.147087,0.268971,0.443516,0.556484,0.102472,0.108593
2306,24,0.463497,0.110342,0.010002,0.147123,0.269036,0.443499,0.556501,0.124752,0.123899
2307,30,0.463367,0.110311,0.010279,0.147082,0.268961,0.443534,0.556466,0.112819,0.108701
2308,24,0.463159,0.11031,0.01,0.14708,0.269452,0.44351,0.55649,0.124086,0.12353
2309,30,0.463313,0.110278,0.009997,0.147037,0.269375,0.443491,0.556509,0.11561,0.113543
2310,24,0.463664,0.110205,0.009993,0.146941,0.269197,0.443233,0.556767,0.107064,0.113604
2311,24,0.463546,0.110177,0.009997,0.146903,0.269376,0.443181,0.556819,0.129591,0.13036
2312,24,0.463545,0.110177,0.01,0.146903,0.269375,0.443132,0.556868,0.121628,0.122233
2313,30,0.463486,0.110123,0.01032,0.14683,0.269242,0.443061,0.556939,0.116289,0.118136
2314,24,0.463764,0.11008,0.009996,0.146774,0.269386,0.442901,0.557099,0.109935,0.114501
2315,30,0.463501,0.110112,0.010106,0.146817,0.269464,0.442942,0.557058,0.133996,0.13063
2316,24,0.463331,0.11012,0.010241,0.146827,0.269482,0.442924,0.557076,0.133007,0.132181
2317,30,0.463247,0.110102,0.009998,0.146803,0.269849,0.442927,0.557073,0.117667,0.11445
2318,24,0.463361,0.110079,0.009998,0.146771,0.269791,0.442838,0.557162,0.125909,0.128231
2319,24,0.463716,0.110005,0.009993,0.146674,0.269612,0.442731,0.557269,0.100489,0.100004
2320,24,0.463604,0.110027,0.010002,0.146703,0.269664,0.442714,0.557286,0.133061,0.132206
2321,24,0.463551,0.110038,0.010001,0.146718,0.269692,0.442747,0.557253,0.123173,0.116788
2322,30,0.463501,0.110049,0.010001,0.146732,0.269718,0.442669,0.557331,0.121441,0.122299
2323,30,0.464139,0.109918,0.009988,0.146557,0.269397,0.442352,0.557648,0.09214,0.102634
2324,30,0.463944,0.109872,0.009996,0.146495,0.269693,0.442478,0.557522,0.112061,0.102524
2325,24,0.463942,0.109871,0.01,0.146495,0.269692,0.442522,0.557478,0.113263,0.108123
2326,30,0.463761,0.109824,0.009996,0.146432,0.269987,0.442519,0.557481,0.124804,0.123643
2327,30,0.463609,0.109811,0.009999,0.146414,0.270168,0.442438,0.557562,0.121133,0.122125
2328,24,0.463608,0.10981,0.01,0.146414,0.270167,0.442389,0.557611,0.129895,0.130521
2329,30,0.463558,0.109821,0.010001,0.146428,0.270193,0.442299,0.557701,0.131421,0.132783
2330,30,0.464146,0.1097,0.009989,0.146267,0.269897,0.442039,0.557961,0.087147,0.09524
2331,24,0.46403,0.109671,0.009997,0.146229,0.270073,0.442052,0.557948,0.122957,0.120786
2332,30,0.463619,0.109574,0.010875,0.146099,0.269833,0.442001,0.557999,0.136081,0.137083
2333,24,0.464154,0.109593,0.010002,0.146124,0.270127,0.441842,0.558158,0.109947,0.11448
2334,30,0.464385,0.109546,0.009996,0.146062,0.270011,0.441711,0.558289,0.109788,0.113573
2335,30,0.464412,0.10954,0.009999,0.146053,0.269996,0.44179,0.55821,0.11811,0.110055
2336,30,0.464642,0.109493,0.009996,0.14599,0.269879,0.441659,0.558341,0.109816,0.113592
2337,24,0.464995,0.10942,0.009993,0.145893,0.269699,0.441535,0.558465,0.108719,0.111682
2338,24,0.46488,0.109391,0.009997,0.145855,0.269876,0.441548,0.558452,0.122969,0.120785
2339,24,0.464882,0.10939,0.01,0.145854,0.269874,0.441576,0.558424,0.114965,0.110233
2340,30,0.464882,0.10939,0.01,0.145854,0.269874,0.441595,0.558405,0.119542,0.11617
2341,30,0.465268,0.109311,0.009993,0.145749,0.26968,0.441377,0.558623,0.102244,0.108708
2342,30,0.465648,0.109232,0.009993,0.145643,0.269484,0.441172,0.558828,0.095529,0.099263
2343,30,0.465614,0.109224,0.010064,0.145632,0.269465,0.44119,0.55881,0.119476,0.116138
2344,24,0.465644,0.109231,0.010001,0.145642,0.269482,0.441358,0.558642,0.115333,0.103203
2345,24,0.465645,0.109231,0.01,0.145642,0.269482,0.441403,0.558597,0.113263,0.108126
2346,30,0.465521,0.109173,0.009995,0.145564,0.269748,0.441313,0.558687,0.131536,0.133226
2347,24,0.465519,0.109172,0.01,0.145563,0.269746,0.441333,0.558667,0.123712,0.121286
2348,24,0.465519,0.109172,0.01,0.145563,0.269746,0.441284,0.558716,0.129924,0.130536
2349,24,0.465295,0.109167,0.01,0.145556,0.269981,0.441192,0.558808,0.124408,0.124944
2350,30,0.465283,0.109164,0.010027,0.145552,0.269974,0.441094,0.558906,0.119498,0.121266
2351,30,0.46487,0.109068,0.010904,0.145423,0.269734,0.441148,0.558852,0.136081,0.129566
2352,30,0.464459,0.108971,0.01178,0.145295,0.269495,0.441097,0.558903,0.136071,0.137081
2353,30,0.465046,0.108974,0.011177,0.145299,0.269503,0.440898,0.559102,0.104287,0.110287
2354,24,0.465241,0.109067,0.010534,0.145423,0.269734,0.440881,0.559119,0.124756,0.123899
2355,24,0.465335,0.109089,0.010336,0.145452,0.269788,0.440832,0.559168,0.129893,0.130512
2356,30,0.465681,0.109043,0.009996,0.145391,0.269889,0.440723,0.559277,0.11373,0.116532
2357,30,0.465679,0.109043,0.01,0.145391,0.269888,0.440742,0.559258,0.119588,0.116203
2358,30,0.465238,0.10894,0.010937,0.145253,0.269632,0.440743,0.559257,0.119432,0.115433
2359,30,0.465219,0.108935,0.010568,0.145247,0.270031,0.440745,0.559255,0.125343,0.124007
2360,30,0.465611,0.108937,0.010169,0.145249,0.270034,0.44051,0.55949,0.104135,0.109303
2361,24,0.465582,0.108977,0.010004,0.145303,0.270135,0.440493,0.559507,0.133053,0.132206
2362,30,0.465339,0.108853,0.010842,0.145138,0.269828,0.440346,0.559654,0.125481,0.129052
2363,30,0.465698,0.108862,0.010228,0.145149,0.270063,0.440221,0.559779,0.110409,0.11402
2364,24,0.465676,0.108857,0.010027,0.145142,0.270298,0.440169,0.559831,0.121249,0.122003
2365,30,0.465496,0.108692,0.011001,0.144923,0.269889,0.440018,0.559982,0.114442,0.119144
2366,24,0.465946,0.108796,0.01005,0.145061,0.270147,0.440035,0.559965,0.123293,0.120978
2367,30,0.466245,0.108745,0.009995,0.144994,0.270021,0.439926,0.560074,0.113608,0.116133
2368,24,0.466318,0.108713,0.010079,0.14495,0.26994,0.439906,0.560094,0.119639,0.118927
2369,24,0.466247,0.108743,0.010003,0.144991,0.270016,0.439889,0.560111,0.133069,0.132217
2370,24,0.466248,0.108743,0.01,0.144991,0.270017,0.439906,0.560094,0.121572,0.116149
2371,24,0.466201,0.108683,0.010341,0.14491,0.269865,0.439817,0.560183,0.125864,0.128173
2372,30,0.466521,0.108635,0.01025,0.144847,0.269747,0.439666,0.560334,0.107856,0.112519
2373,30,0.466405,0.108608,0.010496,0.144811,0.26968,0.439616,0.560384,0.136138,0.137108
2374,30,0.466646,0.10866,0.010005,0.14488,0.26981,0.43963,0.56037,0.119025,0.115834
2375,30,0.466293,0.108456,0.01134,0.144608,0.269303,0.439467,0.560533,0.12437,0.129584
2376,30,0.466217,0.108531,0.011055,0.144708,0.269489,0.439452,0.560548,0.127401,0.125018
2377,30,0.466348,0.108583,0.010671,0.144778,0.26962,0.439375,0.560625,0.121437,0.122276
2378,24,0.466308,0.108574,0.010756,0.144765,0.269596,0.439326,0.560674,0.129865,0.130486
2379,30,0.466245,0.108581,0.010375,0.144775,0.270024,0.439299,0.560701,0.120592,0.120516
2380,30,0.466849,0.108535,0.009996,0.144713,0.269908,0.439092,0.560908,0.099679,0.10409
2381,24,0.466809,0.108525,0.010081,0.1447,0.269885,0.43897,0.56103,0.121558,0.123767
2382,24,0.467128,0.108477,0.009996,0.144636,0.269764,0.438857,0.561143,0.109849,0.11245
2383,24,0.467018,0.108498,0.010002,0.144664,0.269818,0.438841,0.561159,0.12476,0.123898
2384,24,0.466911,0.10852,0.010002,0.144694,0.269873,0.438753,0.561247,0.124732,0.125129
2385,24,0.466573,0.108489,0.009997,0.144652,0.270289,0.43873,0.56127,0.132402,0.131836
2386,24,0.466464,0.108511,0.010002,0.144681,0.270343,0.438642,0.561358,0.124745,0.125133
2387,24,0.46635,0.108484,0.009998,0.144645,0.270523,0.43859,0.56141,0.129557,0.130314
2388,24,0.466476,0.108408,0.009993,0.144543,0.27058,0.438431,0.561569,0.118205,0.122714
2389,24,0.466357,0.10838,0.009997,0.144507,0.270758,0.438379,0.561621,0.121249,0.121992
2390,30,0.466528,0.108345,0.009997,0.14446,0.27067,0.438257,0.561743,0.110698,0.114162
2391,30,0.466436,0.108319,0.009998,0.144426,0.270821,0.438269,0.561731,0.118729,0.115669
2392,24,0.466327,0.108341,0.010002,0.144455,0.270875,0.438253,0.561747,0.12476,0.123895
2393,30,0.466497,0.108307,0.009997,0.144409,0.27079,0.438013,0.561987,0.114479,0.119731
2394,30,0.466505,0.108305,0.01,0.144406,0.270784,0.438019,0.561981,0.125638,0.124116
2395,30,0.466314,0.10826,0.009996,0.144347,0.271083,0.437903,0.562097,0.128708,0.131255
2396,30,0.466188,0.108202,0.009995,0.144269,0.271346,0.437826,0.562174,0.114942,0.116089
2397,24,0.465962,0.108196,0.009999,0.144262,0.27158,0.437806,0.562194,0.132731,0.132012
2398,30,0.465889,0.108211,0.010001,0.144282,0.271617,0.437989,0.562011,0.123051,0.110703
2399,24,0.465781,0.108233,0.010002,0.144311,0.271672,0.438068,0.561932,0.116437,0.109513
2400,30,0.465732,0.1082,0.009997,0.144267,0.271804,0.438076,0.561924,0.122298,0.11907
2401,30,0.46554,0.108156,0.009996,0.144207,0.272101,0.438087,0.561913,0.11871,0.115695
2402,30,0.465347,0.108111,0.009996,0.144148,0.272398,0.43804,0.56196,0.11868,0.119505
2403,30,0.465445,0.10809,0.009998,0.14412,0.272347,0.438008,0.561992,0.105673,0.104036
2404,30,0.465262,0.108044,0.009996,0.144059,0.27264,0.438015,0.561985,0.118193,0.115339
2405,30,0.46524,0.108039,0.010044,0.144052,0.272626,0.438026,0.561974,0.126144,0.124461
2406,30,0.465269,0.108042,0.01,0.144055,0.272634,0.438032,0.561968,0.125638,0.124117
2407,24,0.465626,0.10797,0.009993,0.143959,0.272452,0.437837,0.562163,0.106213,0.112232
2408,30,0.465432,0.107925,0.009996,0.143899,0.272748,0.43785,0.56215,0.135306,0.132149
2409,24,0.46543,0.107924,0.01,0.143899,0.272747,0.437802,0.562198,0.129949,0.130526
2410,24,0.46578,0.107853,0.009993,0.143805,0.272568,0.437546,0.562454,0.107017,0.11343
2411,24,0.465554,0.107848,0.009999,0.143797,0.272801,0.437527,0.562473,0.124418,0.123703
2412,30,0.465543,0.107735,0.010561,0.143646,0.272515,0.437386,0.562614,0.115429,0.119629
2413,30,0.465119,0.107637,0.011462,0.143515,0.272267,0.437347,0.562653,0.126095,0.126587
2414,30,0.465916,0.107657,0.010564,0.143543,0.272319,0.437132,0.562868,0.102292,0.108561
2415,30,0.46641,0.107646,0.010123,0.143528,0.272292,0.437026,0.562974,0.113987,0.116628
2416,24,0.46636,0.107681,0.010003,0.143575,0.27238,0.436939,0.563061,0.124732,0.12511
2417,30,0.466583,0.107612,0.010117,0.143483,0.272205,0.436838,0.563162,0.114477,0.116969
2418,24,0.46653,0.107646,0.010003,0.143528,0.272292,0.436822,0.563178,0.124748,0.123882
2419,30,0.466428,0.107623,0.010221,0.143497,0.272232,0.436714,0.563286,0.129467,0.131688
2420,30,0.466592,0.107593,0.010203,0.143457,0.272156,0.436538,0.563462,0.122451,0.127423
2421,30,0.466654,0.107578,0.009999,0.143437,0.272333,0.436467,0.563533,0.115589,0.116443
2422,24,0.466545,0.107599,0.010002,0.143466,0.272387,0.436451,0.563549,0.12476,0.123894
2423,30,0.466546,0.1076,0.01,0.143466,0.272388,0.436343,0.563657,0.129478,0.131691
2424,24,0.466337,0.107469,0.010843,0.143292,0.272058,0.436175,0.563825,0.116598,0.120377
2425,30,0.466177,0.107524,0.010327,0.143365,0.272607,0.436141,0.563859,0.136527,0.134986
2426,24,0.466222,0.107581,0.010005,0.143441,0.272751,0.436125,0.563875,0.12476,0.123894
2427,30,0.465935,0.107537,0.010507,0.143382,0.272639,0.436106,0.563894,0.128038,0.12761
2428,30,0.466064,0.107568,0.01001,0.143425,0.272934,0.436116,0.563884,0.11822,0.114782
2429,24,0.465838,0.107516,0.009995,0.143355,0.273295,0.436061,0.563939,0.129231,0.130113
2430,30,0.465408,0.107417,0.010909,0.143223,0.273043,0.436022,0.563978,0.126101,0.126582
2431,24,0.46568,0.107503,0.010217,0.143338,0.273262,0.436034,0.563966,0.13149,0.127549
2432,30,0.465704,0.107531,0.01006,0.143374,0.273332,0.436015,0.563985,0.121424,0.120977
2433,30,0.466046,0.107474,0.009995,0.143298,0.273187,0.436001,0.563999,0.113097,0.109817
2434,30,0.46593,0.107447,0.010241,0.143263,0.273119,0.435951,0.564049,0.136138,0.13709
2435,30,0.466201,0.107441,0.009999,0.143255,0.273104,0.435787,0.564213,0.105937,0.110361
2436,30,0.466375,0.107363,0.009993,0.14315,0.27312,0.435676,0.564324,0.113261,0.115886
2437,30,0.466726,0.107291,0.009993,0.143054,0.272936,0.435464,0.564536,0.1027,0.108969
2438,24,0.466554,0.107274,0.009998,0.143032,0.273141,0.435473,0.564527,0.131162,0.127402
2439,30,0.467137,0.107157,0.009989,0.142876,0.272842,0.435294,0.564706,0.087004,0.090789
2440,30,0.467199,0.107142,0.009999,0.142856,0.272804,0.435214,0.564786,0.132405,0.133686
2441,24,0.467198,0.107142,0.01,0.142856,0.272804,0.435167,0.564833,0.121628,0.122194
2442,24,0.466769,0.107043,0.010909,0.142724,0.272553,0.435118,0.564882,0.129825,0.130441
2443,30,0.467138,0.107116,0.010187,0.142821,0.272738,0.4352,0.5648,0.11812,0.110121
2444,30,0.467013,0.107179,0.010006,0.142905,0.272898,0.435243,0.564757,0.12739,0.124029
2445,24,0.467258,0.107131,0.009996,0.142841,0.272776,0.435088,0.564912,0.11023,0.11453
2446,30,0.467256,0.10713,0.01,0.14284,0.272774,0.435108,0.564892,0.119542,0.116187
2447,30,0.467233,0.107125,0.010048,0.142833,0.272761,0.435119,0.564881,0.126144,0.124464
2448,30,0.467609,0.107059,0.009994,0.142745,0.272593,0.434907,0.565093,0.10268,0.108938
2449,24,0.467491,0.107032,0.009997,0.142709,0.272771,0.434925,0.565075,0.123386,0.121104
2450,24,0.46749,0.107031,0.01,0.142709,0.27277,0.434805,0.565195,0.121572,0.123725
2451,24,0.467374,0.107005,0.009998,0.142673,0.27295,0.434754,0.565246,0.12129,0.121995
2452,30,0.467647,0.10695,0.009995,0.142599,0.272809,0.434646,0.565354,0.113504,0.11602
2453,24,0.467882,0.106852,0.009991,0.142469,0.272806,0.434521,0.565479,0.108452,0.111445
2454,24,0.467877,0.106851,0.01,0.142468,0.272804,0.434473,0.565527,0.129895,0.130483
2455,24,0.467654,0.106846,0.01,0.142461,0.273039,0.434454,0.565546,0.124426,0.123698
2456,30,0.468314,0.106714,0.009988,0.142285,0.2727,0.434086,0.565914,0.084929,0.097375
2457,24,0.468549,0.106664,0.009995,0.142219,0.272573,0.433931,0.566069,0.118518,0.122815
2458,30,0.468899,0.106593,0.009993,0.142124,0.272391,0.433797,0.566203,0.095978,0.096722
2459,24,0.468673,0.106587,0.009999,0.142116,0.272624,0.433778,0.566222,0.12443,0.123699
2460,24,0.468557,0.106561,0.009998,0.142081,0.272804,0.433727,0.566273,0.129557,0.130286
2461,30,0.468555,0.106561,0.01,0.142081,0.272803,0.433632,0.566368,0.119545,0.121216
2462,24,0.468448,0.106582,0.010002,0.14211,0.272859,0.433617,0.566383,0.124768,0.123883
2463,24,0.468449,0.106582,0.01,0.14211,0.272859,0.433569,0.566431,0.129907,0.13048
2464,24,0.468449,0.106582,0.01,0.14211,0.272859,0.43359,0.56641,0.123695,0.121286
2465,24,0.468341,0.106604,0.010002,0.142139,0.272914,0.433575,0.566425,0.124764,0.123883
2466,30,0.468342,0.106604,0.01,0.142139,0.272915,0.433596,0.566404,0.119588,0.116212
2467,30,0.468342,0.106604,0.01,0.142139,0.272915,0.433617,0.566383,0.119531,0.116181
2468,24,0.46897,0.106478,0.009988,0.141971,0.272593,0.433365,0.566635,0.095215,0.102929
2469,30,0.469253,0.10638,0.009991,0.141839,0.272537,0.433147,0.566853,0.101924,0.108333
2470,24,0.469252,0.106378,0.01,0.141837,0.272533,0.433165,0.566835,0.123302,0.120998
2471,24,0.469252,0.106378,0.01,0.141837,0.272533,0.433118,0.566882,0.121657,0.122206
2472,24,0.469603,0.106308,0.009993,0.141743,0.272353,0.432996,0.567004,0.108652,0.111532
2473,30,0.469187,0.106213,0.010871,0.141618,0.272112,0.432946,0.567054,0.136081,0.137046
2474,30,0.469301,0.106295,0.010357,0.141727,0.272321,0.433045,0.566955,0.124448,0.117338
2475,30,0.469477,0.106331,0.010003,0.141775,0.272413,0.433051,0.566949,0.125637,0.124114
2476,30,0.469711,0.106285,0.009996,0.141713,0.272295,0.432816,0.567184,0.103645,0.108677
2477,24,0.46967,0.106276,0.010081,0.141701,0.272272,0.432768,0.567232,0.129866,0.130454
2478,24,0.469601,0.106306,0.010003,0.141741,0.272349,0.432753,0.567247,0.133065,0.132197
2479,24,0.46917,0.106208,0.010912,0.141611,0.272099,0.432633,0.567367,0.121516,0.123663
2480,30,0.469149,0.106235,0.010393,0.141646,0.272576,0.432759,0.567241,0.128887,0.119212
2481,24,0.469337,0.106276,0.010004,0.141701,0.272682,0.43279,0.56721,0.114978,0.110271
2482,24,0.469578,0.106228,0.009996,0.141638,0.27256,0.432636,0.567364,0.110204,0.114465
2483,30,0.469305,0.106243,0.010001,0.141657,0.272794,0.432773,0.567227,0.126729,0.117866
2484,30,0.469356,0.10619,0.009995,0.141586,0.272873,0.432754,0.567246,0.115349,0.11337
2485,24,0.469374,0.106136,0.009995,0.141514,0.272981,0.432742,0.567258,0.117896,0.113308
2486,30,0.469179,0.106092,0.009996,0.141456,0.273278,0.432745,0.567255,0.125336,0.124006
2487,24,0.469061,0.106065,0.009997,0.14142,0.273456,0.432763,0.567237,0.123374,0.121109
2488,24,0.468944,0.106039,0.009998,0.141385,0.273635,0.432713,0.567287,0.121274,0.121978
2489,24,0.468943,0.106038,0.01,0.141384,0.273634,0.432734,0.567266,0.123683,0.121283
2490,30,0.468852,0.106014,0.009998,0.141352,0.273785,0.432738,0.567262,0.125343,0.123948
2491,30,0.468845,0.106015,0.01,0.141353,0.273787,0.432752,0.567248,0.118514,0.114954
2492,24,0.468634,0.105886,0.010843,0.141181,0.273455,0.432586,0.567414,0.116584,0.12031
2493,24,0.468698,0.105946,0.010484,0.141262,0.273611,0.432501,0.567499,0.12474,0.125076
2494,24,0.468653,0.105936,0.01033,0.141248,0.273832,0.43245,0.56755,0.129564,0.13029
2495,30,0.468808,0.105971,0.010003,0.141295,0.273922,0.432471,0.567529,0.119542,0.116191
2496,30,0.46881,0.105972,0.01,0.141295,0.273923,0.432434,0.567566,0.119545,0.119967
2497,24,0.468813,0.105971,0.01,0.141295,0.273922,0.432452,0.567548,0.123302,0.120989
2498,30,0.468548,0.105942,0.009997,0.141256,0.274257,0.432629,0.567371,0.122234,0.110386
2499,30,0.46835,0.105899,0.009996,0.141199,0.274556,0.432635,0.567365,0.117652,0.114441
2500,24,0.468232,0.105873,0.009997,0.141164,0.274734,0.432584,0.567416,0.129552,0.13028
2501,24,0.4684,0.105839,0.009997,0.141118,0.274646,0.43244,0.56756,0.111315,0.115258
2502,30,0.468923,0.105734,0.00999,0.140979,0.274374,0.432099,0.567901,0.094536,0.106221
2503,24,0.468922,0.105732,0.01,0.140976,0.27437,0.432117,0.567883,0.12329,0.12099
2504,24,0.468805,0.105729,0.010133,0.140972,0.274361,0.43213,0.56787,0.131451,0.127533
2505,24,0.468644,0.105738,0.010001,0.140984,0.274632,0.432111,0.567889,0.132734,0.132011
2506,24,0.468995,0.105669,0.009993,0.140891,0.274451,0.431989,0.568011,0.108672,0.111522
2507,24,0.468876,0.105642,0.009997,0.140856,0.274629,0.432007,0.567993,0.123369,0.121111
2508,30,0.468692,0.105596,0.009996,0.140795,0.27492,0.432005,0.567995,0.124786,0.123631
2509,30,0.46869,0.105596,0.01,0.140795,0.274919,0.431898,0.568102,0.129478,0.131652
2510,30,0.468709,0.105504,0.010028,0.140671,0.275088,0.431748,0.568252,0.125521,0.130045
2511,24,0.468278,0.105407,0.010938,0.140542,0.274835,0.431628,0.568372,0.121516,0.123653
2512,30,0.468158,0.10538,0.011191,0.140506,0.274765,0.43159,0.56841,0.119484,0.119931
2513,24,0.468643,0.105489,0.010168,0.140651,0.275049,0.431543,0.568457,0.121635,0.122177
2514,30,0.468755,0.1055,0.010001,0.140666,0.275078,0.431648,0.568352,0.12469,0.116142
2515,24,0.468648,0.105521,0.010002,0.140695,0.275134,0.431633,0.568367,0.133077,0.132206
2516,30,0.468872,0.105454,0.010111,0.140605,0.274958,0.431533,0.568467,0.114452,0.116898
2517,24,0.468925,0.105465,0.010001,0.14062,0.274988,0.431566,0.568434,0.115347,0.110899
2518,30,0.468775,0.105453,0.009999,0.140604,0.27517,0.431621,0.568379,0.114519,0.109645
2519,24,0.469054,0.105397,0.009995,0.140529,0.275025,0.431509,0.568491,0.109758,0.112309
2520,30,0.469279,0.105351,0.009996,0.140468,0.274905,0.43138,0.56862,0.109766,0.113414
2521,30,0.469583,0.105259,0.01015,0.140345,0.274663,0.431164,0.568836,0.102045,0.108349
2522,30,0.469153,0.105162,0.010647,0.140216,0.274821,0.431253,0.568747,0.125285,0.117549
2523,24,0.46946,0.10523,0.010006,0.140306,0.274997,0.431271,0.568729,0.123302,0.120991
2524,24,0.469463,0.10523,0.01,0.140307,0.274999,0.431224,0.568776,0.121612,0.122167
2525,24,0.469814,0.105161,0.009993,0.140214,0.274818,0.431103,0.568897,0.108699,0.111532
2526,24,0.469811,0.10516,0.01,0.140213,0.274816,0.431124,0.568876,0.123641,0.121262
2527,30,0.469806,0.105161,0.01,0.140215,0.274818,0.431139,0.568861,0.118514,0.114962
2528,24,0.46969,0.105135,0.009998,0.14018,0.274998,0.431158,0.568842,0.123397,0.121122
2529,30,0.469995,0.105074,0.009994,0.140099,0.274838,0.431027,0.568973,0.100124,0.101177
2530,30,0.469951,0.105001,0.009993,0.140001,0.275055,0.430948,0.569052,0.124722,0.124034
2531,30,0.46983,0.104974,0.010247,0.139965,0.274984,0.431096,0.568904,0.119487,0.109167
2532,30,0.469763,0.104955,0.009998,0.13994,0.275345,0.431104,0.568896,0.118184,0.115342
2533,30,0.470068,0.104894,0.009994,0.139859,0.275185,0.430911,0.569089,0.116735,0.120451
2534,24,0.470011,0.104904,0.010001,0.139872,0.275212,0.430925,0.569075,0.131494,0.127563
2535,30,0.469891,0.104877,0.010255,0.139836,0.275141,0.43083,0.56917,0.119487,0.121158
2536,30,0.470226,0.104831,0.010146,0.139775,0.275021,0.430725,0.569275,0.113904,0.116509
2537,30,0.469792,0.104735,0.01106,0.139646,0.274767,0.430823,0.569177,0.126101,0.117959
2538,30,0.469838,0.104789,0.010544,0.139719,0.275109,0.431011,0.568989,0.123231,0.110914
2539,30,0.469721,0.104763,0.010381,0.139684,0.27545,0.430965,0.569035,0.118666,0.119464
2540,30,0.469588,0.104823,0.010006,0.139763,0.27582,0.430939,0.569061,0.137114,0.135325
2541,24,0.469597,0.104822,0.01,0.139763,0.275819,0.430885,0.569115,0.120815,0.121558
2542,24,0.469258,0.104791,0.009997,0.139722,0.276232,0.430863,0.569137,0.132391,0.131818
2543,30,0.469235,0.104786,0.010045,0.139715,0.276219,0.430874,0.569126,0.126144,0.124468
2544,24,0.469143,0.104764,0.009998,0.139686,0.276408,0.430889,0.569111,0.122947,0.120798
2545,30,0.469023,0.104738,0.010252,0.13965,0.276337,0.430794,0.569206,0.119487,0.121158
2546,30,0.469088,0.104659,0.010576,0.139546,0.276131,0.430619,0.569381,0.118502,0.121522
2547,30,0.46895,0.10467,0.010055,0.13956,0.276766,0.430641,0.569359,0.139528,0.135802
2548,24,0.468976,0.104675,0.010001,0.139567,0.276781,0.430595,0.569405,0.121657,0.122184
2549,24,0.469323,0.104607,0.009993,0.139476,0.2766,0.430494,0.569506,0.100757,0.100439
2550,30,0.469111,0.104528,0.009992,0.139371,0.276998,0.430492,0.569508,0.121066,0.11836
2551,30,0.469088,0.104523,0.01004,0.139364,0.276985,0.430504,0.569496,0.126144,0.124469
2552,24,0.469107,0.104527,0.01,0.139369,0.276996,0.430457,0.569543,0.129924,0.130483
2553,30,0.469116,0.104525,0.01,0.139367,0.276991,0.430464,0.569536,0.125637,0.124121
2554,30,0.468999,0.104468,0.009995,0.13929,0.277248,0.430532,0.569468,0.120754,0.113688
2555,30,0.468905,0.104443,0.009998,0.139258,0.277397,0.430536,0.569464,0.125353,0.123949
2556,24,0.46868,0.104438,0.01,0.139251,0.277631,0.430518,0.569482,0.124425,0.123685
2557,30,0.46864,0.104366,0.009993,0.139154,0.277847,0.430494,0.569506,0.114763,0.113005
2558,24,0.468988,0.104296,0.009993,0.139061,0.277662,0.430373,0.569627,0.108694,0.111527
2559,30,0.468965,0.104291,0.010041,0.139054,0.277648,0.430385,0.569615,0.126144,0.124469
2560,24,0.468988,0.104294,0.01,0.139059,0.277658,0.430403,0.569597,0.123302,0.121004
2561,24,0.468991,0.104294,0.01,0.139058,0.277656,0.430421,0.569579,0.123302,0.121004
2562,24,0.468876,0.104268,0.009998,0.139024,0.277835,0.430371,0.569629,0.121297,0.121982
2563,24,0.469114,0.104221,0.009995,0.138961,0.277709,0.430216,0.569784,0.11846,0.122713
2564,30,0.469342,0.104175,0.009996,0.1389,0.277587,0.430104,0.569896,0.102261,0.102899
2565,30,0.468983,0.104116,0.010239,0.138822,0.27784,0.430101,0.569899,0.137165,0.134659
2566,30,0.469568,0.104048,0.009993,0.138731,0.277659,0.42978,0.57022,0.089725,0.100456
2567,24,0.469457,0.104069,0.010002,0.138758,0.277713,0.429765,0.570235,0.133065,0.132194
2568,30,0.469013,0.10397,0.010939,0.138627,0.277451,0.42967,0.57033,0.119432,0.121114
2569,30,0.469362,0.104044,0.010007,0.138725,0.277862,0.429684,0.570316,0.118742,0.11568
2570,30,0.469672,0.103985,0.009994,0.138646,0.277703,0.429554,0.570446,0.116704,0.11779
2571,24,0.469632,0.103976,0.01008,0.138634,0.277679,0.429507,0.570493,0.129866,0.13044
2572,30,0.46982,0.103954,0.009998,0.138606,0.277622,0.429492,0.570508,0.115639,0.113535
2573,30,0.4697,0.103927,0.010252,0.13857,0.277551,0.429397,0.570603,0.119487,0.121144
2574,30,0.469603,0.103878,0.010596,0.138504,0.277419,0.429329,0.570671,0.122378,0.123128
2575,24,0.470232,0.103872,0.009999,0.138495,0.277401,0.429208,0.570792,0.108697,0.111508
2576,30,0.470388,0.103841,0.009997,0.138455,0.277319,0.428993,0.571007,0.105802,0.110421
2577,24,0.470736,0.103772,0.009993,0.138363,0.277135,0.428872,0.571128,0.108678,0.111493
2578,24,0.47051,0.103767,0.009999,0.138356,0.277368,0.428854,0.571146,0.132738,0.132006
2579,24,0.470286,0.103762,0.01,0.138349,0.277603,0.428836,0.571164,0.124417,0.123679
2580,24,0.470286,0.103762,0.01,0.138349,0.277603,0.428858,0.571142,0.123712,0.121311
2581,24,0.470635,0.103694,0.009993,0.138258,0.27742,0.428737,0.571263,0.10866,0.111479
2582,30,0.47044,0.10365,0.009996,0.1382,0.277714,0.428768,0.571232,0.11205,0.108284
2583,30,0.470197,0.103597,0.010098,0.138129,0.27798,0.428665,0.571335,0.11865,0.120631
2584,24,0.470243,0.103607,0.010001,0.138143,0.278007,0.428618,0.571382,0.129924,0.130475
2585,30,0.470111,0.103578,0.010278,0.138104,0.277929,0.428657,0.571343,0.112819,0.108757
2586,30,0.470081,0.103596,0.010002,0.138128,0.278193,0.428606,0.571394,0.123175,0.122142
2587,30,0.470057,0.103591,0.010053,0.138121,0.278178,0.428746,0.571254,0.11283,0.1031
2588,30,0.470433,0.103528,0.009994,0.138037,0.278008,0.428552,0.571448,0.096034,0.099423
2589,30,0.470238,0.103485,0.009996,0.137979,0.278302,0.428438,0.571562,0.12867,0.131125
2590,24,0.470349,0.103462,0.009998,0.137949,0.278242,0.428352,0.571648,0.117632,0.119802
2591,30,0.470156,0.103419,0.009996,0.137893,0.278536,0.428366,0.571634,0.1187,0.115701
2592,30,0.469725,0.103325,0.010493,0.137766,0.278691,0.42832,0.57168,0.125272,0.126076
2593,24,0.469844,0.103349,0.010002,0.137799,0.279005,0.428349,0.571651,0.114617,0.110048
2594,30,0.46982,0.103355,0.01,0.137806,0.279019,0.428423,0.571577,0.120482,0.114738
2595,24,0.469704,0.103329,0.009998,0.137772,0.279197,0.428441,0.571559,0.123322,0.121088
2596,24,0.469587,0.103303,0.009998,0.137738,0.279374,0.428391,0.571609,0.12128,0.121963
2597,30,0.469536,0.103313,0.010001,0.13775,0.2794,0.428316,0.571684,0.12143,0.122181
2598,24,0.469536,0.103313,0.01,0.137751,0.2794,0.42827,0.57173,0.121612,0.122153
2599,24,0.469777,0.103266,0.009995,0.137688,0.279274,0.428116,0.571884,0.118495,0.122713
2600,30,0.469656,0.10324,0.01025,0.137653,0.279202,0.428079,0.571921,0.119487,0.119919
2601,30,0.469633,0.103235,0.010298,0.137646,0.279188,0.4282,0.5718,0.126144,0.117094
2602,24,0.469719,0.103276,0.010004,0.137701,0.2793,0.428215,0.571785,0.131504,0.127565
2603,30,0.469671,0.103286,0.010001,0.137715,0.279327,0.428141,0.571859,0.121461,0.122193
2604,24,0.469449,0.103281,0.01,0.137709,0.279562,0.428123,0.571877,0.132729,0.131993
2605,24,0.469452,0.103281,0.01,0.137708,0.27956,0.428141,0.571859,0.12329,0.120991
2606,30,0.469435,0.103277,0.010036,0.137703,0.27955,0.428153,0.571847,0.126144,0.124473
2607,24,0.46962,0.103248,0.009997,0.137664,0.279471,0.428009,0.571991,0.111246,0.115155
2608,30,0.469517,0.103225,0.010215,0.137633,0.279409,0.427903,0.572097,0.129467,0.131596
2609,30,0.469521,0.103226,0.010206,0.137635,0.279412,0.427798,0.572202,0.129478,0.131606
2610,24,0.469511,0.103268,0.010004,0.137691,0.279526,0.427784,0.572216,0.124756,0.123873
2611,30,0.469578,0.10322,0.010179,0.137627,0.279396,0.427653,0.572347,0.115538,0.118424
2612,24,0.469439,0.103234,0.010001,0.137645,0.279681,0.427635,0.572365,0.124408,0.123677
2613,24,0.469679,0.103188,0.009996,0.137583,0.279555,0.427482,0.572518,0.110168,0.114363
2614,30,0.469627,0.103197,0.010001,0.137596,0.27958,0.427453,0.572547,0.138057,0.138077
2615,30,0.469193,0.103102,0.010914,0.137469,0.279322,0.427451,0.572549,0.126101,0.123651
2616,30,0.469171,0.103097,0.010962,0.137462,0.279308,0.427463,0.572537,0.126141,0.124472
2617,30,0.469477,0.103164,0.010317,0.137552,0.279491,0.427503,0.572497,0.112888,0.108799
2618,30,0.469101,0.103102,0.010596,0.137469,0.279732,0.427476,0.572524,0.127176,0.127096
2619,30,0.468867,0.103124,0.010306,0.137499,0.280203,0.427514,0.572486,0.136109,0.130226
2620,30,0.468944,0.103127,0.01,0.137503,0.280425,0.427592,0.572408,0.117771,0.110671
2621,30,0.468793,0.103115,0.009999,0.137487,0.280606,0.427649,0.572351,0.114526,0.109666
2622,30,0.468599,0.103103,0.010256,0.13747,0.280572,0.427747,0.572253,0.139653,0.131323
2623,30,0.468632,0.10312,0.010136,0.137493,0.28062,0.427764,0.572236,0.120479,0.115955
2624,24,0.468698,0.103133,0.010001,0.137511,0.280656,0.427783,0.572217,0.123302,0.121008
2625,30,0.468694,0.103134,0.01,0.137513,0.280659,0.427799,0.572201,0.118513,0.114963
2626,30,0.469047,0.103066,0.009993,0.137421,0.280473,0.427606,0.572394,0.09601,0.099392
2627,24,0.468931,0.103039,0.009997,0.137386,0.280647,0.427621,0.572379,0.122954,0.120798
2628,24,0.468814,0.103013,0.009998,0.137351,0.280824,0.427639,0.572361,0.123322,0.12109
2629,24,0.468813,0.103013,0.01,0.137351,0.280823,0.427593,0.572407,0.121628,0.12216
2630,30,0.468692,0.102987,0.010254,0.137316,0.280751,0.427556,0.572444,0.119487,0.119919
2631,24,0.468758,0.103023,0.010004,0.137364,0.280851,0.427571,0.572429,0.131492,0.127557
2632,30,0.468719,0.102952,0.009993,0.13727,0.281066,0.427421,0.572579,0.124722,0.128399
2633,24,0.468716,0.102951,0.01,0.137269,0.281064,0.427375,0.572625,0.121657,0.122177
2634,24,0.468608,0.102972,0.010002,0.137296,0.281121,0.427361,0.572639,0.124768,0.12388
2635,30,0.468488,0.102946,0.010256,0.137261,0.281049,0.427324,0.572676,0.119487,0.119917
2636,30,0.468366,0.10294,0.009999,0.137253,0.281442,0.427298,0.572702,0.120556,0.120462
2637,24,0.468366,0.10294,0.01,0.137253,0.281442,0.427251,0.572749,0.129895,0.130449
2638,24,0.468027,0.10291,0.009997,0.137213,0.281853,0.42723,0.57277,0.132377,0.131798
2639,30,0.467814,0.10295,0.010004,0.137267,0.281965,0.427353,0.572647,0.120757,0.112652
2640,24,0.468056,0.102904,0.009996,0.137206,0.281839,0.4272,0.5728,0.110151,0.114355
2641,30,0.468054,0.102904,0.01,0.137205,0.281837,0.427222,0.572778,0.119487,0.116175
2642,24,0.468295,0.102857,0.009995,0.137143,0.28171,0.427069,0.572931,0.118527,0.122715
2643,30,0.468033,0.10281,0.010497,0.13708,0.28158,0.427143,0.572857,0.127094,0.121382
2644,30,0.468434,0.102828,0.010002,0.137105,0.281631,0.426921,0.573079,0.104548,0.109014
2645,30,0.468486,0.102777,0.010211,0.137036,0.28149,0.426924,0.573076,0.108876,0.106059
2646,24,0.468469,0.102773,0.01,0.137031,0.281727,0.426943,0.573057,0.123376,0.121116
2647,30,0.468042,0.10268,0.010901,0.136906,0.281471,0.426905,0.573095,0.126101,0.12655
2648,30,0.468346,0.102642,0.01079,0.136856,0.281367,0.426858,0.573142,0.125411,0.123709
2649,24,0.468305,0.102633,0.010875,0.136844,0.281342,0.426811,0.573189,0.121556,0.122109
2650,30,0.468105,0.10261,0.01098,0.136813,0.281493,0.426734,0.573266,0.121111,0.121992
2651,30,0.468304,0.102653,0.01056,0.136871,0.281612,0.426774,0.573226,0.112882,0.108797
2652,30,0.468294,0.102651,0.01017,0.136868,0.282016,0.426672,0.573328,0.11866,0.12062
2653,24,0.467864,0.102557,0.01108,0.136742,0.281757,0.426554,0.573446,0.121516,0.123592
2654,30,0.468329,0.102564,0.010576,0.136753,0.281778,0.426426,0.573574,0.109777,0.113353
2655,24,0.468491,0.102644,0.010008,0.136859,0.281998,0.426412,0.573588,0.133077,0.132198
2656,24,0.468842,0.102578,0.009994,0.136771,0.281815,0.426291,0.573709,0.106976,0.107632
2657,30,0.469045,0.102538,0.009996,0.136717,0.281705,0.426205,0.573795,0.104125,0.10492
2658,24,0.46939,0.10247,0.009993,0.136627,0.281519,0.425955,0.574045,0.106967,0.113092
2659,24,0.469159,0.102418,0.009995,0.136558,0.28187,0.425967,0.574033,0.122606,0.120613
2660,30,0.469058,0.102417,0.010102,0.136556,0.281867,0.425893,0.574107,0.121417,0.122159
2661,30,0.468895,0.102468,0.010005,0.136624,0.282008,0.425883,0.574117,0.127425,0.12502
2662,30,0.468791,0.102446,0.010223,0.136594,0.281946,0.425778,0.574222,0.129467,0.131571
2663,24,0.469247,0.102401,0.009996,0.136534,0.281823,0.425658,0.574342,0.108726,0.111476
2664,24,0.469191,0.102411,0.010001,0.136548,0.28185,0.425699,0.574301,0.123167,0.116849
2665,30,0.469543,0.102343,0.009993,0.136457,0.281663,0.425506,0.574494,0.095939,0.099287
2666,30,0.469476,0.102301,0.010272,0.136402,0.281549,0.425428,0.574572,0.132349,0.133552
2667,30,0.470203,0.102214,0.009991,0.136285,0.281307,0.42512,0.57488,0.092404,0.102199
2668,30,0.470199,0.102213,0.01,0.136283,0.281305,0.425143,0.574857,0.119542,0.116203
2669,24,0.470199,0.102213,0.01,0.136283,0.281304,0.425193,0.574807,0.113263,0.108205
2670,24,0.470083,0.102187,0.009998,0.13625,0.281482,0.425144,0.574856,0.121309,0.12197
2671,30,0.46999,0.102163,0.009998,0.136218,0.281631,0.425159,0.574841,0.118708,0.115662
2672,24,0.470336,0.102096,0.009993,0.136129,0.281446,0.425076,0.574924,0.098699,0.097669
2673,24,0.470333,0.102096,0.01,0.136128,0.281444,0.42503,0.57497,0.1216,0.122128
2674,24,0.470109,0.102091,0.01,0.136122,0.281678,0.425013,0.574987,0.132733,0.131998
2675,30,0.469989,0.102065,0.010254,0.136087,0.281606,0.425077,0.574923,0.119487,0.114275
2676,30,0.470108,0.102091,0.010003,0.136121,0.281677,0.425041,0.574959,0.119545,0.119944
2677,30,0.470059,0.102101,0.010001,0.136134,0.281705,0.424967,0.575033,0.121441,0.122169
2678,30,0.469867,0.102059,0.009996,0.136079,0.281999,0.424922,0.575078,0.118651,0.119425
2679,24,0.470141,0.102006,0.009995,0.136007,0.281851,0.424833,0.575167,0.101841,0.101316
2680,30,0.470066,0.102019,0.010001,0.136025,0.281889,0.425022,0.574978,0.123064,0.110947
2681,30,0.470066,0.102019,0.01,0.136026,0.281889,0.425046,0.574954,0.119599,0.116252
2682,30,0.46996,0.101998,0.009998,0.135998,0.282046,0.42506,0.57494,0.118223,0.1148
2683,30,0.469959,0.101998,0.01,0.135997,0.282045,0.424967,0.575033,0.119556,0.121142
2684,24,0.469731,0.101947,0.009995,0.135929,0.282398,0.424979,0.575021,0.122596,0.120605
2685,24,0.469728,0.101947,0.01,0.135929,0.282396,0.424933,0.575067,0.121612,0.122136
2686,30,0.469728,0.101947,0.01,0.135929,0.282396,0.424955,0.575045,0.119487,0.116179
2687,30,0.469728,0.101947,0.01,0.135929,0.282396,0.424978,0.575022,0.119531,0.116204
2688,30,0.469728,0.101947,0.01,0.135929,0.282396,0.424873,0.575127,0.129478,0.131569
2689,24,0.469728,0.101947,0.01,0.135929,0.282396,0.424923,0.575077,0.113263,0.108205
2690,30,0.469449,0.101959,0.010001,0.135945,0.282645,0.425062,0.574938,0.126717,0.118002
2691,30,0.469522,0.101861,0.010019,0.135815,0.282783,0.424894,0.575106,0.123556,0.12887
2692,30,0.469911,0.10179,0.009993,0.13572,0.282586,0.424698,0.575302,0.095551,0.098939
2693,30,0.469848,0.101801,0.010001,0.135735,0.282616,0.42464,0.57536,0.133451,0.132754
2694,24,0.469851,0.1018,0.01,0.135734,0.282614,0.424659,0.575341,0.12329,0.121003
2695,30,0.46976,0.101777,0.009998,0.135702,0.282763,0.424598,0.575402,0.116308,0.116898
2696,30,0.469631,0.10176,0.009998,0.13568,0.28293,0.424646,0.575354,0.122754,0.1162
2697,24,0.469407,0.101755,0.01,0.135674,0.283164,0.424628,0.575372,0.132724,0.131993
2698,24,0.469291,0.10173,0.009998,0.13564,0.283341,0.424579,0.575421,0.129596,0.130268
2699,24,0.469293,0.101729,0.01,0.135639,0.283339,0.424598,0.575402,0.12329,0.121003
2700,30,0.469302,0.101727,0.01,0.135637,0.283334,0.424616,0.575384,0.119034,0.115858
2701,30,0.469457,0.101668,0.01015,0.135557,0.283168,0.424517,0.575483,0.116379,0.118247
2702,30,0.469377,0.101671,0.01,0.135561,0.283391,0.424574,0.575426,0.114522,0.109685
2703,24,0.46949,0.101649,0.009998,0.135532,0.283331,0.424572,0.575428,0.111365,0.108199
2704,24,0.469714,0.1016,0.010027,0.135466,0.283193,0.424419,0.575581,0.11842,0.122602
2705,30,0.469691,0.101595,0.010075,0.13546,0.283179,0.424431,0.575569,0.126144,0.124477
2706,24,0.469619,0.101623,0.010003,0.135497,0.283258,0.424349,0.575651,0.124753,0.125017
2707,30,0.46985,0.101579,0.009996,0.135439,0.283136,0.424239,0.575761,0.102212,0.102804
2708,30,0.470128,0.101487,0.009991,0.135317,0.283077,0.424024,0.575976,0.10185,0.108011
2709,30,0.470074,0.101496,0.010001,0.135328,0.283101,0.424007,0.575993,0.12143,0.120965
2710,24,0.470074,0.101496,0.01,0.135328,0.283101,0.424029,0.575971,0.12367,0.121297
2711,30,0.469882,0.101455,0.009996,0.135273,0.283395,0.423984,0.576016,0.118642,0.119414
2712,30,0.470166,0.101399,0.009995,0.135199,0.283241,0.423881,0.576119,0.113964,0.116475
2713,24,0.470056,0.101419,0.010002,0.135226,0.283296,0.423867,0.576133,0.133069,0.132182
2714,30,0.469846,0.10146,0.010004,0.13528,0.28341,0.423857,0.576143,0.127435,0.125015
2715,24,0.469549,0.101396,0.01063,0.135194,0.283231,0.42374,0.57626,0.12153,0.123565
2716,30,0.469839,0.101459,0.010018,0.135278,0.283406,0.423763,0.576237,0.119536,0.116207
2717,30,0.469747,0.101439,0.009998,0.135252,0.283565,0.423656,0.576344,0.12923,0.131419
2718,24,0.469639,0.101459,0.010002,0.135279,0.283621,0.423642,0.576358,0.124756,0.123868
2719,24,0.469417,0.101455,0.01,0.135273,0.283856,0.423625,0.576375,0.132712,0.13198
2720,30,0.469567,0.101426,0.009997,0.135234,0.283775,0.423456,0.576544,0.111463,0.11574
2721,30,0.469475,0.101402,0.009998,0.135203,0.283923,0.423396,0.576604,0.116422,0.116965
2722,30,0.46929,0.101358,0.009996,0.135145,0.284211,0.423406,0.576594,0.118144,0.11532
2723,24,0.469176,0.101332,0.009997,0.13511,0.284385,0.423422,0.576578,0.122949,0.120812
2724,24,0.469178,0.101332,0.01,0.135109,0.284382,0.423441,0.576559,0.123302,0.121016
2725,30,0.468849,0.1013,0.010292,0.135067,0.284492,0.423484,0.576516,0.13034,0.125834
2726,30,0.469213,0.101286,0.009999,0.135049,0.284453,0.423345,0.576655,0.126413,0.130439
2727,24,0.469097,0.101261,0.009998,0.135015,0.284629,0.423364,0.576636,0.123359,0.121114
2728,30,0.468778,0.101192,0.010672,0.134923,0.284436,0.423259,0.576741,0.129423,0.131523
2729,30,0.469477,0.101187,0.009999,0.134916,0.284421,0.423216,0.576784,0.093066,0.089702
2730,30,0.469234,0.101135,0.010101,0.134846,0.284683,0.423115,0.576885,0.118629,0.120564
2731,24,0.469169,0.101119,0.009998,0.134826,0.284887,0.423131,0.576869,0.122937,0.120803
2732,30,0.469301,0.101035,0.010302,0.134713,0.284649,0.422983,0.577017,0.107788,0.112226
2733,30,0.469343,0.101004,0.010206,0.134672,0.284775,0.422956,0.577044,0.122112,0.122027
2734,24,0.469609,0.100992,0.009999,0.134656,0.284743,0.422814,0.577186,0.111333,0.115135
2735,24,0.469492,0.100967,0.009998,0.134623,0.28492,0.422765,0.577235,0.121276,0.121933
2736,24,0.469268,0.100963,0.01,0.134617,0.285153,0.42268,0.57732,0.1244,0.124769
2737,30,0.469251,0.100959,0.010035,0.134612,0.285143,0.422692,0.577308,0.126144,0.124479
2738,24,0.469618,0.100896,0.009994,0.134528,0.284965,0.422572,0.577428,0.108666,0.11141
2739,24,0.469499,0.10087,0.009997,0.134494,0.285139,0.422523,0.577477,0.129571,0.130242
2740,30,0.469878,0.100798,0.009993,0.134397,0.284935,0.422327,0.577673,0.095405,0.098785
2741,30,0.469874,0.100797,0.01,0.134396,0.284933,0.422368,0.577632,0.112874,0.108811
2742,24,0.469758,0.100772,0.009998,0.134363,0.285109,0.422319,0.577681,0.121234,0.121905
2743,30,0.469984,0.100729,0.009996,0.134305,0.284986,0.422192,0.577808,0.109775,0.113299
2744,30,0.470355,0.100657,0.009993,0.13421,0.284784,0.421999,0.578001,0.09558,0.098819
2745,24,0.470352,0.100657,0.01,0.134209,0.284782,0.422177,0.577823,0.115347,0.103548
2746,24,0.470463,0.100569,0.01034,0.134092,0.284535,0.421937,0.578063,0.108026,0.113905
2747,30,0.470033,0.100477,0.010837,0.13397,0.284684,0.42203,0.57797,0.125256,0.117621
2748,30,0.469892,0.100532,0.010283,0.134043,0.28525,0.422067,0.577933,0.126549,0.123593
2749,24,0.469986,0.100552,0.010085,0.13407,0.285307,0.421951,0.578049,0.121572,0.123567
2750,24,0.470076,0.100475,0.010396,0.133966,0.285087,0.421799,0.578201,0.118442,0.122572
2751,24,0.470338,0.100453,0.009998,0.133938,0.285273,0.421785,0.578215,0.109672,0.106651
2752,24,0.470337,0.100453,0.01,0.133937,0.285272,0.421808,0.578192,0.123724,0.121338
2753,30,0.470337,0.100453,0.01,0.133937,0.285272,0.421716,0.578284,0.119545,0.12111
2754,30,0.470231,0.100433,0.009998,0.13391,0.285428,0.421731,0.578269,0.118219,0.114797
2755,24,0.470354,0.100362,0.009993,0.133816,0.285475,0.421575,0.578425,0.118136,0.1224
2756,30,0.470301,0.100371,0.010001,0.133828,0.2855,0.421491,0.578509,0.131443,0.132609
2757,30,0.470267,0.100364,0.010072,0.133818,0.285479,0.421588,0.578412,0.119476,0.111758
2758,24,0.470301,0.100371,0.010001,0.133828,0.2855,0.421542,0.578458,0.129895,0.130423
2759,24,0.470651,0.100305,0.009993,0.13374,0.285312,0.421423,0.578577,0.108645,0.111379
2760,24,0.47074,0.100227,0.010305,0.133637,0.285091,0.42127,0.57873,0.118433,0.122557
2761,24,0.470767,0.100233,0.010001,0.133644,0.285355,0.421221,0.578779,0.129571,0.130237
2762,24,0.470699,0.100122,0.010642,0.133497,0.28504,0.421068,0.578932,0.118409,0.122543
2763,30,0.470367,0.100052,0.011339,0.133403,0.284839,0.420975,0.579025,0.119434,0.12104
2764,24,0.470699,0.099981,0.011375,0.133308,0.284637,0.420783,0.579217,0.114461,0.120172
2765,24,0.470677,0.099976,0.011174,0.133302,0.284871,0.420734,0.579266,0.121245,0.121897
2766,24,0.47038,0.099913,0.011799,0.133217,0.284691,0.420618,0.579382,0.12152,0.123528
2767,30,0.470259,0.099888,0.012052,0.133183,0.284618,0.420669,0.579331,0.119488,0.11491
2768,30,0.470739,0.09984,0.011818,0.13312,0.284483,0.420457,0.579543,0.102078,0.108052
2769,24,0.471056,0.099906,0.010912,0.133208,0.284918,0.420474,0.579526,0.12297,0.120817
2770,30,0.471571,0.099975,0.010042,0.1333,0.285113,0.420354,0.579646,0.127494,0.129865
2771,30,0.471498,0.099956,0.009998,0.133274,0.285274,0.42037,0.57963,0.118717,0.115682
2772,24,0.471391,0.099976,0.010002,0.133301,0.285331,0.420357,0.579643,0.124764,0.123869
2773,24,0.471338,0.099986,0.010001,0.133315,0.28536,0.420438,0.579562,0.1232,0.116646
2774,30,0.471689,0.09992,0.009993,0.133226,0.285171,0.420293,0.579707,0.102627,0.105896
2775,24,0.471569,0.099895,0.009997,0.133193,0.285346,0.420313,0.579687,0.123359,0.121121
2776,30,0.471568,0.099894,0.01,0.133192,0.285345,0.420355,0.579645,0.112932,0.108859
2777,24,0.471461,0.099914,0.010002,0.133219,0.285403,0.420342,0.579658,0.133085,0.132196
2778,30,0.471646,0.099839,0.009992,0.133119,0.285403,0.420236,0.579764,0.113624,0.116231
2779,24,0.471646,0.099838,0.01,0.133117,0.285399,0.420256,0.579744,0.123301,0.121011
2780,30,0.47202,0.099767,0.009993,0.133023,0.285197,0.420129,0.579871,0.100631,0.101783
2781,24,0.471605,0.09968,0.010617,0.132906,0.285193,0.42008,0.57992,0.129501,0.130186
2782,24,0.471835,0.099728,0.010135,0.132971,0.285331,0.420035,0.579965,0.129922,0.130435
2783,30,0.471714,0.099702,0.010389,0.132937,0.285258,0.419943,0.580057,0.119487,0.121055
2784,24,0.471674,0.099737,0.010003,0.132982,0.285604,0.419927,0.580073,0.124424,0.123672
2785,30,0.471502,0.09959,0.010937,0.132787,0.285184,0.419768,0.580232,0.124353,0.129246
2786,30,0.47185,0.099673,0.010157,0.132898,0.285422,0.41975,0.58025,0.130497,0.127618
2787,24,0.471809,0.099665,0.010242,0.132887,0.285398,0.419704,0.580296,0.121558,0.122078
2788,30,0.47172,0.09962,0.010566,0.132826,0.285268,0.419639,0.580361,0.122372,0.123051
2789,24,0.471987,0.099676,0.010006,0.132902,0.28543,0.419594,0.580406,0.129923,0.130427
2790,24,0.472337,0.099611,0.009993,0.132815,0.285243,0.419498,0.580502,0.100378,0.099674
2791,30,0.472262,0.099605,0.0101,0.132807,0.285226,0.419518,0.580482,0.12047,0.115965
2792,30,0.472309,0.099615,0.010001,0.13282,0.285255,0.419532,0.580468,0.126202,0.124521
2793,30,0.47231,0.099615,0.01,0.13282,0.285255,0.419557,0.580443,0.119588,0.116256
2794,24,0.472548,0.09957,0.009995,0.13276,0.285126,0.419406,0.580594,0.110144,0.114225
2795,30,0.472749,0.099531,0.009996,0.132709,0.285015,0.419183,0.580817,0.104163,0.108811
2796,24,0.473279,0.099431,0.00999,0.132574,0.284727,0.41889,0.58111,0.101985,0.109454
2797,30,0.473477,0.099391,0.009996,0.132522,0.284614,0.418667,0.581333,0.104104,0.108764
2798,30,0.473777,0.099334,0.009994,0.132445,0.28445,0.418542,0.581458,0.100096,0.100981
2799,30,0.473656,0.099308,0.010248,0.132411,0.284377,0.418506,0.581494,0.119487,0.119884
2800,30,0.473588,0.099291,0.009998,0.132388,0.284735,0.418506,0.581494,0.124756,0.12361
2801,24,0.473247,0.099262,0.009997,0.132349,0.285146,0.418486,0.581514,0.132383,0.131787
2802,24,0.473139,0.099281,0.010002,0.132375,0.285203,0.418406,0.581594,0.124752,0.124966
2803,30,0.47338,0.099236,0.009995,0.132315,0.285073,0.418168,0.581832,0.102569,0.107785
2804,24,0.473261,0.099211,0.009997,0.132282,0.285249,0.418119,0.581881,0.121234,0.121886
2805,24,0.473259,0.099211,0.01,0.132282,0.285248,0.418156,0.581844,0.115333,0.110939
2806,24,0.473346,0.099135,0.010311,0.13218,0.285028,0.418004,0.581996,0.118403,0.12249
2807,24,0.473305,0.099126,0.010396,0.132168,0.285004,0.417959,0.582041,0.121558,0.12207
2808,24,0.473259,0.099117,0.009999,0.132155,0.28547,0.417976,0.582024,0.123035,0.120948
2809,24,0.473142,0.099092,0.009998,0.132123,0.285646,0.417996,0.582004,0.123342,0.121117
2810,24,0.473024,0.099067,0.009998,0.13209,0.285822,0.417948,0.582052,0.129596,0.130233
2811,24,0.47337,0.099002,0.009993,0.132002,0.285633,0.417829,0.582171,0.108628,0.111323
2812,30,0.47302,0.099012,0.010289,0.132016,0.285662,0.417875,0.582125,0.134056,0.130765
2813,24,0.47304,0.099016,0.01,0.132022,0.285922,0.417827,0.582173,0.121288,0.121916
2814,24,0.473041,0.099016,0.01,0.132022,0.285922,0.417783,0.582217,0.12164,0.122115
2815,30,0.47311,0.098921,0.010017,0.131895,0.286057,0.417616,0.582384,0.123509,0.128708
2816,30,0.473118,0.098923,0.01,0.131897,0.286062,0.417641,0.582359,0.119531,0.116223
2817,30,0.473183,0.098911,0.009999,0.131881,0.286027,0.417577,0.582423,0.115805,0.116426
2818,24,0.473182,0.098911,0.01,0.131881,0.286026,0.417532,0.582468,0.129895,0.130404
2819,30,0.472988,0.09887,0.009996,0.131827,0.286319,0.417548,0.582452,0.118678,0.115699
2820,30,0.472964,0.098865,0.010047,0.13182,0.286304,0.417692,0.582308,0.11283,0.103254
2821,24,0.472869,0.098845,0.009998,0.131794,0.286493,0.417712,0.582288,0.123354,0.121128
2822,24,0.472868,0.098845,0.01,0.131794,0.286493,0.417667,0.582333,0.129895,0.130404
2823,24,0.473056,0.09881,0.009996,0.131747,0.286391,0.417659,0.582341,0.110379,0.107497
2824,30,0.472811,0.098778,0.009997,0.131705,0.286709,0.417722,0.582278,0.120548,0.115464
2825,30,0.472975,0.098747,0.009997,0.131663,0.286618,0.417492,0.582508,0.11435,0.119141
2826,30,0.472775,0.098707,0.009996,0.13161,0.286912,0.417489,0.582511,0.124276,0.123012
2827,30,0.472458,0.098711,0.010291,0.131615,0.286924,0.417634,0.582366,0.133638,0.124884
2828,30,0.472871,0.098689,0.009998,0.131585,0.286858,0.417537,0.582463,0.114531,0.116804
2829,30,0.472845,0.098693,0.01,0.131591,0.28687,0.417575,0.582425,0.137111,0.133088
2830,30,0.472854,0.098691,0.01,0.131589,0.286866,0.417584,0.582416,0.125636,0.12413
2831,30,0.47267,0.098649,0.009996,0.131533,0.287153,0.417595,0.582405,0.118135,0.115318
2832,30,0.473195,0.09855,0.00999,0.1314,0.286864,0.417366,0.582634,0.091487,0.095965
2833,24,0.47319,0.098549,0.01,0.131399,0.286861,0.417321,0.582679,0.121612,0.122102
2834,24,0.472957,0.098501,0.009995,0.131334,0.287213,0.417269,0.582731,0.129208,0.130006
2835,30,0.472853,0.098479,0.009998,0.131305,0.287365,0.417175,0.582825,0.119246,0.120897
2836,24,0.472738,0.098454,0.009997,0.131272,0.287538,0.417192,0.582808,0.122944,0.120807
2837,24,0.472624,0.098429,0.009997,0.131238,0.287712,0.417209,0.582791,0.122931,0.120802
2838,30,0.472848,0.098386,0.009996,0.131182,0.287588,0.417071,0.582929,0.126378,0.130319
2839,30,0.473016,0.098354,0.009997,0.131139,0.287494,0.416952,0.583048,0.110585,0.113832
2840,30,0.472726,0.098314,0.010499,0.131085,0.287376,0.416936,0.583064,0.128049,0.127583
2841,24,0.473075,0.098342,0.010003,0.131122,0.287458,0.416853,0.583147,0.117677,0.119729
2842,24,0.473077,0.098342,0.01,0.131123,0.287458,0.417062,0.582938,0.113263,0.100356
2843,24,0.473077,0.098342,0.01,0.131123,0.287458,0.417017,0.582983,0.121612,0.1221
2844,30,0.473302,0.0983,0.009996,0.131067,0.287335,0.41689,0.58311,0.109701,0.11318
2845,24,0.473077,0.098295,0.01,0.13106,0.287568,0.416874,0.583126,0.132731,0.131982
2846,30,0.47325,0.098223,0.009993,0.130964,0.287571,0.416774,0.583226,0.114199,0.116598
2847,24,0.47313,0.098198,0.009997,0.13093,0.287744,0.416726,0.583274,0.129566,0.130212
2848,30,0.473107,0.098193,0.010045,0.130924,0.28773,0.416739,0.583261,0.126144,0.124487
2849,30,0.473111,0.098194,0.010037,0.130925,0.287733,0.416636,0.583364,0.129478,0.131489
2850,30,0.473505,0.098127,0.009993,0.130836,0.287538,0.416444,0.583556,0.095435,0.098672
2851,24,0.473395,0.098147,0.010002,0.130862,0.287594,0.416431,0.583569,0.133089,0.132192
2852,30,0.473765,0.098078,0.009993,0.130771,0.287393,0.41624,0.58376,0.095462,0.098618
2853,24,0.473765,0.098077,0.01,0.130769,0.28739,0.416261,0.583739,0.123301,0.121029
2854,30,0.473846,0.097985,0.009991,0.130647,0.287531,0.416106,0.583894,0.106943,0.11162
2855,24,0.473841,0.097984,0.01,0.130646,0.287528,0.416062,0.583938,0.12164,0.122117
2856,30,0.474026,0.097915,0.010183,0.130553,0.287324,0.415915,0.584085,0.107747,0.112091
2857,30,0.474357,0.097887,0.009997,0.130516,0.287243,0.415756,0.584244,0.108119,0.110413
2858,24,0.474242,0.097862,0.009997,0.130483,0.287416,0.415773,0.584227,0.122943,0.120821
2859,30,0.474136,0.097805,0.009994,0.130407,0.287658,0.415782,0.584218,0.115432,0.112915
2860,24,0.474183,0.097749,0.009994,0.130332,0.287741,0.415638,0.584362,0.110901,0.114773
2861,30,0.474088,0.097726,0.009998,0.130302,0.287887,0.415681,0.584319,0.125325,0.121087
2862,30,0.474288,0.097689,0.009996,0.130251,0.287776,0.415458,0.584542,0.103999,0.108608
2863,24,0.474289,0.097688,0.01,0.13025,0.287773,0.415479,0.584521,0.123301,0.12103
2864,24,0.474248,0.097679,0.010085,0.130239,0.287749,0.415532,0.584468,0.11325,0.108245
2865,24,0.474662,0.097538,0.010418,0.13005,0.287332,0.415242,0.584758,0.103685,0.112676
2866,24,0.474621,0.097529,0.010504,0.130039,0.287307,0.415128,0.584872,0.121558,0.123484
2867,24,0.475206,0.097514,0.009998,0.130019,0.287263,0.41501,0.58499,0.108582,0.111251
2868,30,0.475488,0.097462,0.009995,0.129949,0.287107,0.414908,0.585092,0.113888,0.11633
2869,24,0.475643,0.097386,0.009992,0.129848,0.287131,0.414797,0.585203,0.109399,0.111896
2870,30,0.475485,0.097338,0.009995,0.129784,0.287399,0.414826,0.585174,0.117373,0.113984
2871,30,0.475046,0.097248,0.010909,0.129664,0.287134,0.41479,0.58521,0.126101,0.126506
2872,30,0.475449,0.09733,0.01007,0.129774,0.287377,0.414816,0.585184,0.119545,0.11624
2873,30,0.47553,0.097289,0.009996,0.129718,0.287468,0.41482,0.58518,0.108647,0.105921
2874,24,0.475304,0.097284,0.01,0.129712,0.287701,0.414804,0.585196,0.124431,0.123658
2875,24,0.475307,0.097283,0.01,0.129711,0.287699,0.414825,0.585175,0.123301,0.121021
2876,24,0.475083,0.097279,0.01,0.129705,0.287933,0.414809,0.585191,0.124431,0.123658
2877,30,0.474888,0.097239,0.009996,0.129652,0.288225,0.414826,0.585174,0.118684,0.115699
2878,30,0.47477,0.097215,0.010244,0.12962,0.288152,0.414735,0.585265,0.119487,0.121012
2879,24,0.474888,0.097238,0.010002,0.129651,0.288221,0.414756,0.585244,0.123301,0.121033
2880,24,0.474836,0.097248,0.010001,0.129664,0.288251,0.414984,0.585016,0.114881,0.101099
2881,30,0.474808,0.097242,0.01006,0.129656,0.288234,0.415009,0.584991,0.119476,0.116194
2882,24,0.47484,0.097247,0.010001,0.129663,0.288249,0.41503,0.58497,0.123301,0.121031
2883,24,0.47484,0.097247,0.01,0.129663,0.288249,0.415054,0.584946,0.123641,0.121298
2884,30,0.474402,0.097158,0.010913,0.129544,0.287983,0.415018,0.584982,0.126101,0.126506
2885,24,0.474718,0.097223,0.010007,0.12963,0.288423,0.415039,0.584961,0.123389,0.121154
2886,30,0.47473,0.097222,0.01,0.129629,0.28842,0.415048,0.584952,0.125636,0.12413
2887,24,0.474624,0.097241,0.010002,0.129655,0.288478,0.415036,0.584964,0.133093,0.132194
2888,24,0.474625,0.097241,0.01,0.129655,0.288479,0.415074,0.584926,0.115347,0.110957
2889,30,0.47443,0.097202,0.009996,0.129602,0.28877,0.41522,0.58478,0.11863,0.108969
2890,30,0.474428,0.097201,0.01,0.129602,0.288769,0.41513,0.58487,0.119545,0.121045
2891,30,0.474657,0.097159,0.009996,0.129545,0.288643,0.414893,0.585107,0.113529,0.118635
2892,30,0.474743,0.097142,0.009998,0.129523,0.288593,0.414828,0.585172,0.099961,0.098311
2893,24,0.474689,0.097152,0.010001,0.129536,0.288622,0.414911,0.585089,0.123204,0.116694
2894,24,0.475268,0.097045,0.009989,0.129393,0.288305,0.414622,0.585378,0.095426,0.104358
2895,30,0.475489,0.097002,0.009996,0.129336,0.288177,0.414516,0.585484,0.102124,0.102629
2896,30,0.475335,0.09699,0.009999,0.12932,0.288356,0.414442,0.585558,0.121139,0.121913
2897,30,0.475322,0.096953,0.009996,0.12927,0.288459,0.414422,0.585578,0.122695,0.122413
2898,24,0.475407,0.096878,0.010307,0.129171,0.288237,0.414271,0.585729,0.118382,0.122411
2899,24,0.475345,0.096865,0.010438,0.129154,0.288199,0.414226,0.585774,0.129878,0.13038
2900,30,0.475724,0.096777,0.010525,0.129036,0.287937,0.413955,0.586045,0.100574,0.108648
2901,30,0.476466,0.096689,0.010255,0.128918,0.287673,0.413768,0.586232,0.085078,0.089086
2902,24,0.476643,0.096703,0.010001,0.128937,0.287715,0.413932,0.586068,0.113379,0.1023
2903,24,0.476647,0.096702,0.01,0.128937,0.287714,0.41397,0.58603,0.114964,0.110322
2904,30,0.476207,0.096613,0.010913,0.128818,0.287448,0.414075,0.585925,0.126101,0.118129
2905,24,0.476579,0.096666,0.010016,0.128888,0.287852,0.414116,0.585884,0.118893,0.114002
2906,24,0.476587,0.096667,0.01,0.12889,0.287856,0.414003,0.585997,0.121572,0.123478
2907,30,0.476652,0.096623,0.010171,0.12883,0.287724,0.413876,0.586124,0.115514,0.11823
2908,30,0.477005,0.096553,0.009993,0.128737,0.287713,0.413664,0.586336,0.101779,0.10771
2909,30,0.477377,0.096483,0.009993,0.128644,0.287504,0.413492,0.586508,0.099527,0.101685
2910,24,0.477376,0.096481,0.01,0.128642,0.287501,0.413513,0.586487,0.123289,0.121025
2911,30,0.477992,0.096368,0.009988,0.12849,0.287162,0.413203,0.586797,0.091732,0.101403
2912,30,0.477969,0.096363,0.010036,0.128484,0.287148,0.413292,0.586708,0.126144,0.120127
2913,24,0.477986,0.096367,0.01,0.128489,0.287158,0.413317,0.586683,0.123712,0.121348
2914,30,0.477884,0.096346,0.009998,0.128461,0.287311,0.413279,0.586721,0.119235,0.119719
2915,30,0.478107,0.096304,0.009996,0.128406,0.287187,0.413265,0.586735,0.102097,0.098624
2916,30,0.477984,0.09628,0.01025,0.128373,0.287113,0.413421,0.586579,0.119487,0.109437
2917,30,0.477977,0.096288,0.010001,0.128383,0.287351,0.413575,0.586425,0.11355,0.103689
2918,30,0.477769,0.096326,0.010004,0.128435,0.287466,0.413558,0.586442,0.137484,0.135484
2919,24,0.477665,0.096346,0.010002,0.128461,0.287526,0.413546,0.586454,0.124781,0.123864
2920,30,0.47766,0.096347,0.01,0.128463,0.287529,0.413566,0.586434,0.118516,0.11498
2921,24,0.477663,0.096347,0.01,0.128462,0.287528,0.413604,0.586396,0.114978,0.110323
2922,24,0.477545,0.096323,0.009998,0.128431,0.287704,0.413625,0.586375,0.123366,0.121137
2923,30,0.477916,0.096254,0.009993,0.128339,0.287498,0.413434,0.586566,0.095315,0.09853
2924,24,0.477795,0.09623,0.009997,0.128306,0.287672,0.413386,0.586614,0.129566,0.130196
2925,30,0.477744,0.096238,0.010001,0.128318,0.287698,0.413371,0.586629,0.121441,0.120949
2926,24,0.477639,0.096258,0.010002,0.128344,0.287757,0.41346,0.58654,0.116469,0.109734
2927,24,0.47764,0.096258,0.01,0.128344,0.287758,0.413642,0.586358,0.115333,0.103691
2928,24,0.47764,0.096258,0.01,0.128344,0.287758,0.413597,0.586403,0.129895,0.130388
2929,30,0.477217,0.096173,0.010877,0.128231,0.287503,0.41355,0.58645,0.136081,0.136947
2930,24,0.477635,0.096167,0.010492,0.128222,0.287484,0.4134,0.5866,0.110105,0.114096
2931,24,0.477873,0.096214,0.010005,0.128285,0.287624,0.413438,0.586562,0.114978,0.110334
2932,24,0.47777,0.096233,0.010002,0.128311,0.287683,0.413426,0.586574,0.124797,0.123877
2933,30,0.477791,0.096191,0.009996,0.128254,0.287769,0.413501,0.586499,0.121147,0.114657
2934,24,0.477352,0.096102,0.010905,0.128136,0.287505,0.413456,0.586544,0.129825,0.13034
2935,30,0.47793,0.096103,0.010123,0.128138,0.287706,0.41342,0.58658,0.099744,0.097074
2936,30,0.478631,0.095997,0.009989,0.127996,0.287387,0.413178,0.586822,0.09126,0.097514
2937,30,0.47871,0.095905,0.00999,0.127873,0.287521,0.413067,0.586933,0.112971,0.115763
2938,24,0.47894,0.095861,0.009995,0.127815,0.287389,0.412917,0.587083,0.110076,0.114069
2939,24,0.478713,0.095856,0.01,0.127808,0.287622,0.412902,0.587098,0.124427,0.123656
2940,24,0.478532,0.09582,0.010128,0.12776,0.28776,0.412854,0.587146,0.129521,0.130161
2941,24,0.478475,0.095809,0.009999,0.127745,0.287973,0.412875,0.587125,0.123366,0.12115
2942,30,0.478279,0.095769,0.009996,0.127692,0.288264,0.412776,0.587224,0.11863,0.120458
2943,24,0.478388,0.095748,0.009998,0.127665,0.288201,0.412626,0.587374,0.117539,0.120666
2944,30,0.478381,0.095749,0.01,0.127666,0.288204,0.412633,0.587367,0.125154,0.123531
2945,24,0.478623,0.095694,0.010055,0.127592,0.288037,0.412397,0.587603,0.107938,0.113605
2946,30,0.478669,0.09562,0.009992,0.127494,0.288225,0.41225,0.58775,0.107767,0.112167
2947,30,0.47903,0.095553,0.009993,0.127404,0.288021,0.412061,0.587939,0.095414,0.098478
2948,24,0.478589,0.095465,0.010902,0.127287,0.287757,0.411948,0.588052,0.121516,0.123421
2949,30,0.478882,0.095523,0.010298,0.127364,0.287932,0.411859,0.588141,0.119557,0.12103
2950,24,0.479259,0.095509,0.009998,0.127345,0.287889,0.411709,0.588291,0.110125,0.11408
2951,30,0.479013,0.095479,0.009997,0.127305,0.288207,0.41163,0.58837,0.120552,0.121512
2952,30,0.479237,0.095437,0.009996,0.127249,0.288081,0.411407,0.588593,0.103611,0.108125
2953,24,0.479119,0.095412,0.009997,0.127217,0.288254,0.411425,0.588575,0.122931,0.120819
2954,30,0.479181,0.095401,0.009999,0.127201,0.288218,0.411362,0.588638,0.122434,0.123022
2955,24,0.479414,0.095358,0.009996,0.127144,0.288089,0.411212,0.588788,0.110101,0.114059
2956,30,0.479485,0.095287,0.010303,0.127049,0.287876,0.411085,0.588915,0.109583,0.113025
2957,24,0.479525,0.095335,0.010005,0.127114,0.288021,0.411175,0.588825,0.116464,0.109746
2958,30,0.479425,0.095315,0.009998,0.127087,0.288175,0.411216,0.588784,0.112621,0.108705
2959,24,0.479318,0.095334,0.010002,0.127113,0.288233,0.411139,0.588861,0.124772,0.124915
2960,30,0.479295,0.09533,0.01005,0.127106,0.288219,0.411191,0.588809,0.126144,0.121653
2961,30,0.479167,0.095323,0.009999,0.127097,0.288413,0.411118,0.588882,0.121134,0.121879
2962,30,0.479213,0.095275,0.009995,0.127034,0.288483,0.410978,0.589022,0.125226,0.128471
2963,24,0.479148,0.095263,0.010127,0.127017,0.288444,0.410934,0.589066,0.129878,0.130364
2964,30,0.479284,0.095186,0.009992,0.126915,0.288622,0.410859,0.589141,0.106883,0.107779
2965,24,0.479459,0.09515,0.010011,0.126867,0.288513,0.410868,0.589132,0.108263,0.10477
2966,24,0.479418,0.095142,0.010096,0.126856,0.288488,0.410824,0.589176,0.129866,0.130354
2967,30,0.479458,0.095152,0.010001,0.12687,0.288519,0.410831,0.589169,0.125154,0.123532
2968,30,0.479625,0.095122,0.009997,0.126829,0.288427,0.410713,0.589287,0.110528,0.113711
2969,30,0.479425,0.095122,0.01,0.126829,0.288624,0.41091,0.58909,0.123259,0.11131
2970,24,0.479808,0.095052,0.009993,0.126736,0.288412,0.410762,0.589238,0.105574,0.109509
2971,30,0.480029,0.09501,0.009996,0.12668,0.288285,0.410761,0.589239,0.096847,0.09228
2972,30,0.480175,0.094983,0.009997,0.126644,0.288202,0.410769,0.589231,0.10894,0.106093
2973,30,0.480397,0.094941,0.009996,0.126589,0.288077,0.410675,0.589325,0.114734,0.116905
2974,30,0.480374,0.094937,0.010044,0.126582,0.288063,0.410689,0.589311,0.126144,0.124496
2975,30,0.481015,0.094821,0.010026,0.126428,0.287711,0.410375,0.589625,0.091125,0.100798
2976,24,0.481364,0.094762,0.009994,0.126349,0.287531,0.410131,0.589869,0.106819,0.112571
2977,30,0.481241,0.094737,0.010248,0.126316,0.287457,0.410096,0.589904,0.119487,0.119854
2978,30,0.481355,0.094762,0.010003,0.126349,0.287532,0.410117,0.589883,0.118518,0.114988
2979,30,0.481307,0.094771,0.010001,0.126361,0.28756,0.410036,0.589964,0.131458,0.132526
2980,24,0.481602,0.094717,0.009994,0.12629,0.287396,0.409993,0.590007,0.106324,0.104655
2981,30,0.481483,0.094694,0.010241,0.126258,0.287325,0.409947,0.590053,0.136138,0.13697
2982,24,0.481361,0.09467,0.009997,0.126226,0.287746,0.409897,0.590103,0.120941,0.121671
2983,30,0.48136,0.094636,0.010179,0.126181,0.287644,0.409879,0.590121,0.122893,0.122515
2984,24,0.481177,0.0946,0.010309,0.126133,0.287781,0.409831,0.590169,0.129521,0.13015
2985,30,0.481222,0.094609,0.010001,0.126145,0.288023,0.409739,0.590261,0.119246,0.120825
2986,30,0.480954,0.094565,0.010503,0.126087,0.28789,0.409818,0.590182,0.127103,0.121519
2987,30,0.480931,0.094561,0.010551,0.126081,0.287876,0.409946,0.590054,0.126143,0.117322
2988,30,0.480796,0.094534,0.010828,0.126046,0.287796,0.40996,0.59004,0.11946,0.115477
2989,30,0.481199,0.09453,0.010448,0.12604,0.287782,0.409834,0.590166,0.109639,0.113032
2990,30,0.481929,0.094479,0.009995,0.125972,0.287626,0.40951,0.59049,0.088598,0.098965
2991,30,0.481927,0.094478,0.01,0.125971,0.287624,0.409421,0.590579,0.119556,0.121006
2992,24,0.481703,0.094474,0.01,0.125965,0.287859,0.409407,0.590593,0.124451,0.123674
2993,24,0.481661,0.094466,0.010085,0.125954,0.287834,0.409363,0.590637,0.129866,0.130349
2994,24,0.481697,0.09443,0.009996,0.125906,0.287971,0.409342,0.590658,0.118953,0.118386
2995,24,0.482031,0.094368,0.009993,0.125824,0.287783,0.409099,0.590901,0.106815,0.112538
2996,24,0.482596,0.094264,0.009989,0.125685,0.287466,0.40881,0.59119,0.095259,0.104064
2997,30,0.48215,0.094177,0.010902,0.12557,0.287201,0.408775,0.591225,0.126101,0.126483
2998,24,0.482241,0.094234,0.010257,0.125646,0.287622,0.40876,0.59124,0.132759,0.131988
2999,30,0.481813,0.094151,0.011134,0.125535,0.287367,0.408752,0.591248,0.136081,0.134091
3000,30,0.481738,0.094155,0.010974,0.12554,0.287593,0.40868,0.59132,0.121135,0.121876
3001,24,0.481697,0.094147,0.011059,0.125529,0.287569,0.408568,0.591432,0.121556,0.123406
3002,24,0.482089,0.094181,0.010481,0.125575,0.287675,0.408485,0.591515,0.117598,0.11961
3003,30,0.482147,0.094112,0.010387,0.125482,0.287872,0.408433,0.591567,0.124297,0.123066
3004,24,0.482565,0.094106,0.009999,0.125475,0.287854,0.408284,0.591716,0.110088,0.114006
3005,30,0.482542,0.094102,0.010047,0.125469,0.28784,0.408298,0.591702,0.126144,0.124497
3006,30,0.482574,0.094104,0.01,0.125473,0.287849,0.408321,0.591679,0.119031,0.115892
3007,30,0.482851,0.094054,0.009995,0.125405,0.287695,0.408219,0.591781,0.113771,0.116171
3008,24,0.482852,0.094053,0.01,0.125404,0.287692,0.408259,0.591741,0.114977,0.110344
3009,30,0.482677,0.094085,0.010003,0.125446,0.287789,0.408356,0.591644,0.127112,0.119256
3010,30,0.482471,0.094123,0.010004,0.125497,0.287905,0.408352,0.591648,0.127542,0.125063
3011,24,0.482368,0.094142,0.010002,0.125523,0.287964,0.408341,0.591659,0.133117,0.132198
3012,30,0.482181,0.094102,0.009996,0.12547,0.288252,0.408342,0.591658,0.124742,0.123601
3013,30,0.482326,0.094075,0.009997,0.125433,0.288168,0.408332,0.591668,0.115525,0.113429
3014,24,0.482205,0.094052,0.009998,0.125402,0.288343,0.408285,0.591715,0.129537,0.130149
3015,30,0.482204,0.094051,0.01,0.125402,0.288343,0.40833,0.59167,0.112943,0.108919
3016,30,0.482437,0.094005,0.010019,0.12534,0.2882,0.408289,0.591711,0.125268,0.123533
3017,30,0.482625,0.09394,0.010179,0.125254,0.288002,0.408223,0.591777,0.107649,0.108218
3018,24,0.482875,0.093927,0.009999,0.125236,0.287962,0.408083,0.591917,0.119445,0.123102
3019,30,0.483033,0.093898,0.009997,0.125198,0.287874,0.40787,0.59213,0.104315,0.10837
3020,24,0.483032,0.093898,0.01,0.125198,0.287873,0.407827,0.592173,0.121628,0.122069
3021,24,0.48299,0.09389,0.010085,0.125187,0.287848,0.407715,0.592285,0.121558,0.1234
3022,24,0.483262,0.093856,0.009996,0.125141,0.287744,0.407566,0.592434,0.11006,0.113969
3023,30,0.483166,0.093834,0.009998,0.125112,0.287891,0.407586,0.592414,0.11872,0.115706
3024,24,0.483164,0.093834,0.01,0.125112,0.28789,0.407543,0.592457,0.121628,0.122069
3025,24,0.48306,0.093853,0.010002,0.125137,0.287948,0.407467,0.592533,0.12478,0.124894
3026,24,0.483396,0.093792,0.009994,0.125056,0.287762,0.407376,0.592624,0.100558,0.100048
3027,30,0.48354,0.093765,0.009997,0.12502,0.287678,0.40724,0.59276,0.125519,0.128601
3028,30,0.48371,0.093698,0.009993,0.12493,0.28767,0.407218,0.592782,0.111119,0.108609
3029,24,0.483363,0.09367,0.009997,0.124893,0.288078,0.4072,0.5928,0.124097,0.123451
3030,30,0.483163,0.093631,0.009996,0.124841,0.288368,0.407219,0.592781,0.11866,0.115705
3031,30,0.483398,0.093588,0.009995,0.124784,0.288235,0.407063,0.592937,0.107998,0.11015
3032,30,0.483396,0.093587,0.01,0.124783,0.288233,0.40709,0.59291,0.119487,0.116224
3033,24,0.483475,0.093573,0.009998,0.124764,0.288189,0.406968,0.593032,0.119777,0.121358
3034,24,0.483355,0.09355,0.009998,0.124733,0.288365,0.406921,0.593079,0.121229,0.121827
3035,30,0.483165,0.09351,0.009996,0.12468,0.28865,0.406935,0.593065,0.118139,0.115333
3036,30,0.483141,0.093505,0.010044,0.124674,0.288636,0.40695,0.59305,0.126144,0.1245
3037,30,0.482836,0.093494,0.009999,0.124658,0.289013,0.407001,0.592999,0.130569,0.126007
3038,30,0.482985,0.093467,0.009997,0.124622,0.288929,0.406797,0.593203,0.105668,0.109819
3039,30,0.482983,0.093466,0.01,0.124622,0.288928,0.406842,0.593158,0.112874,0.108877
3040,30,0.483133,0.093439,0.009997,0.124586,0.288845,0.406638,0.593362,0.105655,0.109808
3041,24,0.483318,0.093405,0.009996,0.12454,0.28874,0.406633,0.593367,0.109956,0.10682
3042,24,0.483428,0.09334,0.009993,0.124454,0.288785,0.406481,0.593519,0.109722,0.113756
3043,30,0.483425,0.093339,0.01,0.124453,0.288783,0.406526,0.593474,0.112885,0.108889
3044,30,0.483434,0.093338,0.01,0.124451,0.288778,0.406536,0.593464,0.125633,0.124137
3045,30,0.483385,0.093347,0.010001,0.124462,0.288805,0.406468,0.593532,0.121461,0.122046
3046,30,0.483342,0.093283,0.010391,0.124377,0.288607,0.406309,0.593691,0.112227,0.116267
3047,24,0.483762,0.093277,0.009999,0.12437,0.288591,0.40616,0.59384,0.11002,0.113923
3048,24,0.483992,0.093236,0.009996,0.124314,0.288462,0.406011,0.593989,0.118348,0.122246
3049,30,0.484233,0.093191,0.009995,0.124255,0.288325,0.40601,0.59399,0.115306,0.111967
3050,24,0.483808,0.093109,0.010619,0.124146,0.288318,0.405963,0.594037,0.129496,0.130114
3051,24,0.483905,0.093128,0.010421,0.124171,0.288376,0.40592,0.59408,0.121585,0.122036
3052,24,0.484001,0.093147,0.010223,0.124196,0.288434,0.405954,0.594046,0.121572,0.116235
3053,30,0.484109,0.093167,0.010002,0.124223,0.288498,0.405969,0.594031,0.126202,0.12454
3054,30,0.484373,0.09312,0.009995,0.12416,0.288352,0.405867,0.594133,0.113414,0.115623
3055,24,0.484704,0.093059,0.009993,0.124079,0.288163,0.405792,0.594208,0.098485,0.097351
3056,24,0.485038,0.092998,0.009993,0.123997,0.287973,0.405701,0.594299,0.100135,0.09935
3057,30,0.48525,0.09294,0.010097,0.12392,0.287793,0.405522,0.594478,0.116933,0.120151
3058,24,0.484954,0.092922,0.009998,0.123896,0.288231,0.405504,0.594496,0.13241,0.131768
3059,30,0.4848,0.092869,0.01044,0.123825,0.288066,0.405549,0.594451,0.133828,0.128723
3060,24,0.484789,0.092905,0.010004,0.123874,0.288427,0.405535,0.594465,0.132767,0.131982
3061,24,0.484687,0.092925,0.010002,0.1239,0.288487,0.40546,0.59454,0.124802,0.124888
3062,30,0.484906,0.092885,0.009996,0.123847,0.288365,0.405335,0.594665,0.10963,0.112975
3063,24,0.484852,0.092894,0.010001,0.123859,0.288393,0.405387,0.594613,0.123205,0.116971
3064,30,0.484852,0.092895,0.01,0.123859,0.288394,0.405415,0.594585,0.119542,0.116263
3065,30,0.484861,0.092893,0.01,0.123857,0.288389,0.405438,0.594562,0.11903,0.115899
3066,24,0.484861,0.092893,0.01,0.123857,0.288389,0.405395,0.594605,0.129924,0.130371
3067,24,0.484861,0.092893,0.01,0.123857,0.288389,0.405421,0.594579,0.123695,0.121357
3068,24,0.484741,0.09287,0.009998,0.123827,0.288564,0.405444,0.594556,0.123383,0.121173
3069,30,0.484716,0.092874,0.01,0.123832,0.288577,0.405604,0.594396,0.113876,0.103972
3070,30,0.484905,0.092805,0.009993,0.123739,0.288558,0.405412,0.594588,0.103825,0.109191
3071,24,0.48446,0.092719,0.010902,0.123626,0.288293,0.405301,0.594699,0.121516,0.123348
3072,30,0.484336,0.092696,0.011156,0.123594,0.288219,0.405267,0.594733,0.119484,0.119835
3073,30,0.48458,0.092744,0.010431,0.123659,0.288586,0.405287,0.594713,0.118219,0.114827
3074,30,0.484423,0.092741,0.01,0.123654,0.289182,0.405473,0.594527,0.121956,0.110757
3075,30,0.484645,0.092701,0.009996,0.123601,0.289057,0.405241,0.594759,0.113493,0.118342
3076,24,0.484523,0.092678,0.009997,0.12357,0.289232,0.405195,0.594805,0.121254,0.121835
3077,24,0.484856,0.092617,0.009993,0.12349,0.289043,0.404953,0.595047,0.106749,0.112392
3078,30,0.4847,0.092606,0.009999,0.123474,0.289221,0.405016,0.594984,0.11454,0.109812
3079,30,0.484675,0.092601,0.01005,0.123468,0.289206,0.405032,0.594968,0.119477,0.11549
3080,24,0.484699,0.092605,0.01,0.123474,0.289221,0.404989,0.595011,0.121612,0.122044
3081,30,0.485057,0.092541,0.009993,0.123388,0.28902,0.404802,0.595198,0.09518,0.098167
3082,24,0.485054,0.092541,0.01,0.123388,0.289018,0.404828,0.595172,0.123683,0.121348
3083,24,0.485164,0.092521,0.009998,0.123361,0.288956,0.404814,0.595186,0.119647,0.118872
3084,30,0.485793,0.092407,0.009988,0.12321,0.288602,0.404502,0.595498,0.091016,0.100521
3085,30,0.485775,0.092404,0.010023,0.123206,0.288592,0.404517,0.595483,0.126144,0.124505
3086,30,0.485396,0.0923,0.010974,0.123066,0.288265,0.404439,0.595561,0.132827,0.134906
3087,30,0.485682,0.092354,0.01039,0.123139,0.288435,0.404494,0.595506,0.126203,0.121727
3088,30,0.485872,0.09239,0.010004,0.123187,0.288548,0.404522,0.595478,0.119542,0.116264
3089,30,0.485441,0.092308,0.010881,0.123078,0.288292,0.404476,0.595524,0.136081,0.136908
3090,24,0.485653,0.092387,0.010238,0.123183,0.288539,0.404568,0.595432,0.116494,0.109824
3091,30,0.485854,0.092389,0.010027,0.123186,0.288545,0.404463,0.595537,0.117435,0.119181
3092,24,0.485747,0.092369,0.009998,0.123158,0.288728,0.404485,0.595515,0.123354,0.121149
3093,24,0.485723,0.092279,0.010509,0.123039,0.288449,0.404335,0.595665,0.118229,0.12215
3094,24,0.485973,0.092326,0.010005,0.123101,0.288594,0.404358,0.595642,0.1233,0.121053
3095,30,0.48588,0.092305,0.009998,0.123073,0.288743,0.404379,0.595621,0.11872,0.11571
3096,30,0.486479,0.092187,0.010046,0.122916,0.288373,0.404066,0.595934,0.090896,0.10042
3097,24,0.486397,0.09221,0.010002,0.122946,0.288445,0.404056,0.595944,0.133129,0.132198
3098,24,0.486398,0.09221,0.01,0.122947,0.288446,0.404013,0.595987,0.121612,0.122043
3099,30,0.486199,0.092172,0.009996,0.122896,0.288737,0.404033,0.595967,0.118671,0.115721
3100,30,0.485998,0.092134,0.009996,0.122845,0.289027,0.404053,0.595947,0.118671,0.115721
3101,24,0.486157,0.092105,0.009997,0.122806,0.288935,0.403914,0.596086,0.119469,0.123051
3102,24,0.486115,0.092097,0.010082,0.122796,0.28891,0.403871,0.596129,0.129866,0.130325
3103,24,0.485983,0.092091,0.009999,0.122788,0.289139,0.40392,0.59608,0.12285,0.116795
3104,30,0.485983,0.092091,0.01,0.122788,0.289138,0.403949,0.596051,0.119588,0.116293
3105,24,0.485878,0.09211,0.010002,0.122813,0.289197,0.403874,0.596126,0.124806,0.12488
3106,30,0.485784,0.092127,0.010002,0.122836,0.289251,0.403977,0.596023,0.124076,0.117442
3107,30,0.485474,0.092094,0.010293,0.122792,0.289346,0.404122,0.595878,0.129442,0.119894
3108,30,0.48526,0.09208,0.010587,0.122773,0.289301,0.40427,0.59573,0.129728,0.120027
3109,24,0.485764,0.092052,0.010232,0.122737,0.289215,0.404158,0.595842,0.106746,0.107223
3110,24,0.485722,0.092044,0.010317,0.122726,0.28919,0.404115,0.595885,0.121558,0.122008
3111,24,0.486213,0.092013,0.009997,0.122685,0.289092,0.403999,0.596001,0.108499,0.111059
3112,30,0.486212,0.092013,0.01,0.122684,0.289091,0.403965,0.596035,0.119545,0.119869
3113,30,0.486116,0.091992,0.009998,0.122656,0.289239,0.403986,0.596014,0.11872,0.115713
3114,30,0.485935,0.091877,0.010805,0.122503,0.288879,0.403848,0.596152,0.126121,0.129963
3115,30,0.486127,0.091914,0.010004,0.122552,0.289403,0.403868,0.596132,0.118674,0.115725
3116,30,0.486034,0.091893,0.009998,0.122524,0.289552,0.403889,0.596111,0.11872,0.115704
3117,30,0.486294,0.091846,0.009995,0.122461,0.289404,0.403786,0.596214,0.113276,0.115508
3118,30,0.486375,0.091792,0.009994,0.12239,0.289449,0.403721,0.596279,0.125856,0.125653
3119,24,0.486268,0.09181,0.010002,0.122414,0.289506,0.403711,0.596289,0.124821,0.123883
3120,30,0.486511,0.091767,0.009995,0.122356,0.28937,0.403711,0.596289,0.11528,0.111954
3121,30,0.486509,0.091767,0.01,0.122356,0.289368,0.403677,0.596323,0.119545,0.119869
3122,30,0.486685,0.091702,0.010177,0.12227,0.289165,0.403532,0.596468,0.107603,0.111804
3123,24,0.486238,0.091618,0.011087,0.122158,0.2889,0.403421,0.596579,0.121516,0.123327
3124,24,0.486331,0.091674,0.010441,0.122232,0.289322,0.403408,0.596592,0.124463,0.123669
3125,30,0.48636,0.091697,0.010284,0.122263,0.289396,0.40334,0.59666,0.121453,0.12202
3126,24,0.486714,0.091641,0.009994,0.122187,0.289464,0.40322,0.59678,0.108113,0.110813
3127,30,0.486873,0.091602,0.010049,0.122135,0.289341,0.403141,0.596859,0.116115,0.117677
3128,24,0.487112,0.091524,0.009991,0.122032,0.289342,0.403021,0.596979,0.108124,0.110821
3129,24,0.48707,0.091516,0.010077,0.122021,0.289317,0.402978,0.597022,0.129866,0.13032
3130,30,0.487012,0.091502,0.009998,0.122002,0.289486,0.402999,0.597001,0.118719,0.115715
3131,30,0.486797,0.091439,0.010557,0.121919,0.289288,0.402926,0.597074,0.132283,0.133302
3132,30,0.487576,0.091399,0.009996,0.121866,0.289163,0.402702,0.597298,0.091095,0.095297
3133,30,0.487451,0.091376,0.01025,0.121835,0.289089,0.402668,0.597332,0.119487,0.119829
3134,30,0.487001,0.091292,0.011163,0.121722,0.288822,0.402633,0.597367,0.126101,0.126462
3135,30,0.487085,0.091304,0.010796,0.121739,0.289076,0.40264,0.59736,0.12532,0.123953
3136,30,0.487557,0.091298,0.010146,0.12173,0.289269,0.402534,0.597466,0.112957,0.115303
3137,30,0.48748,0.091292,0.010253,0.121723,0.289252,0.402562,0.597438,0.120481,0.116012
3138,24,0.487438,0.091284,0.010338,0.121712,0.289227,0.402519,0.597481,0.129866,0.130317
3139,30,0.487555,0.091324,0.010004,0.121765,0.289352,0.402585,0.597415,0.114829,0.110006
3140,30,0.487726,0.091256,0.009993,0.121674,0.289351,0.402481,0.597519,0.113447,0.115906
3141,30,0.487884,0.091101,0.010686,0.121468,0.288861,0.402145,0.597855,0.10488,0.11557
3142,24,0.488222,0.091163,0.010007,0.121551,0.289057,0.402168,0.597832,0.1233,0.121056
3143,30,0.488586,0.0911,0.009993,0.121466,0.288855,0.401982,0.598018,0.095156,0.098159
3144,24,0.488465,0.091076,0.009997,0.121435,0.289027,0.402001,0.597999,0.122942,0.120832
3145,24,0.488346,0.091053,0.009997,0.121404,0.289201,0.40202,0.59798,0.122942,0.120832
3146,24,0.488344,0.091052,0.01,0.121403,0.2892,0.401978,0.598022,0.121587,0.122016
3147,24,0.488344,0.091052,0.01,0.121403,0.2892,0.401936,0.598064,0.121612,0.122031
3148,24,0.488344,0.091052,0.01,0.121403,0.2892,0.401894,0.598106,0.129949,0.13037
3149,30,0.48794,0.091052,0.01,0.121402,0.289607,0.401873,0.598127,0.136653,0.134937
3150,24,0.488168,0.091011,0.009996,0.121348,0.289478,0.401725,0.598275,0.118306,0.122155
3151,30,0.488295,0.090988,0.009997,0.121317,0.289403,0.401652,0.598348,0.0981,0.096602
3152,30,0.488502,0.090925,0.010137,0.121233,0.289203,0.401487,0.598513,0.10605,0.111326
3153,30,0.488521,0.090946,0.010002,0.121261,0.28927,0.401554,0.598446,0.11484,0.110023
3154,30,0.488369,0.090935,0.009999,0.121247,0.28945,0.401526,0.598474,0.137772,0.13784
3155,30,0.488534,0.090898,0.010041,0.121197,0.289331,0.401504,0.598496,0.116146,0.114214
3156,30,0.488408,0.090874,0.010296,0.121166,0.289257,0.40147,0.59853,0.119487,0.119825
3157,30,0.488286,0.090852,0.010133,0.121135,0.289594,0.401416,0.598584,0.135252,0.136393
3158,24,0.487977,0.090794,0.010759,0.121059,0.289411,0.401373,0.598627,0.129853,0.130305
3159,30,0.48866,0.090755,0.010294,0.121006,0.289285,0.401131,0.598869,0.097525,0.10534
3160,24,0.489137,0.090722,0.009996,0.120963,0.289181,0.401043,0.598957,0.100121,0.099288
3161,24,0.489362,0.090682,0.009996,0.120909,0.289052,0.400895,0.599105,0.109951,0.113786
3162,24,0.48875,0.090568,0.011233,0.120758,0.288691,0.400852,0.599148,0.129808,0.130277
3163,30,0.488972,0.09054,0.01117,0.120719,0.288599,0.400625,0.599375,0.113769,0.118525
3164,24,0.488945,0.090572,0.010522,0.120763,0.289198,0.400609,0.599391,0.124113,0.123457
3165,24,0.489276,0.090576,0.010173,0.120767,0.289208,0.400414,0.599586,0.111069,0.114742
3166,24,0.489136,0.090587,0.010001,0.120783,0.289493,0.400401,0.599599,0.13278,0.131987
3167,30,0.489122,0.090585,0.010029,0.12078,0.289484,0.400314,0.599686,0.119498,0.120889
3168,24,0.489033,0.090606,0.010002,0.120808,0.289552,0.400304,0.599696,0.133125,0.132191
3169,30,0.489274,0.090563,0.009995,0.120751,0.289416,0.40025,0.59975,0.108609,0.108711
3170,30,0.489298,0.090515,0.010237,0.120687,0.289263,0.400365,0.599635,0.108785,0.100632
3171,24,0.48919,0.090533,0.010002,0.12071,0.289565,0.400352,0.599648,0.13278,0.131987
3172,24,0.489457,0.090486,0.009995,0.120648,0.289415,0.400246,0.599754,0.10953,0.111787
3173,24,0.4896,0.090416,0.009992,0.120554,0.289438,0.400136,0.599864,0.109188,0.111587
3174,24,0.489599,0.090415,0.01,0.120553,0.289434,0.400159,0.599841,0.123288,0.121051
3175,24,0.489374,0.090411,0.01,0.120547,0.289668,0.400146,0.599854,0.124471,0.123661
3176,30,0.489151,0.090415,0.01,0.120553,0.28988,0.400252,0.599748,0.124264,0.117586
3177,30,0.488946,0.090451,0.010004,0.120602,0.289997,0.400291,0.599709,0.144227,0.14139
3178,30,0.489554,0.090338,0.010023,0.120451,0.289633,0.39993,0.60007,0.090878,0.102233
3179,24,0.489385,0.090344,0.010158,0.120459,0.289653,0.39992,0.60008,0.133084,0.132164
3180,30,0.489309,0.090348,0.01,0.120464,0.289879,0.399904,0.600096,0.121162,0.120756
3181,30,0.48931,0.090348,0.01,0.120464,0.289879,0.399933,0.600067,0.119542,0.116278
3182,24,0.48931,0.090348,0.01,0.120464,0.289879,0.39996,0.60004,0.123724,0.121391
3183,30,0.488876,0.090268,0.010877,0.120357,0.289622,0.399914,0.600086,0.136081,0.136885
3184,24,0.489218,0.090331,0.010185,0.120441,0.289825,0.399872,0.600128,0.129923,0.130342
3185,30,0.489356,0.090339,0.010001,0.120452,0.289852,0.399894,0.600106,0.122528,0.119256
3186,30,0.489389,0.090334,0.009999,0.120445,0.289833,0.400013,0.599987,0.124669,0.116485
3187,30,0.489437,0.090287,0.009995,0.120383,0.289898,0.399998,0.600002,0.114663,0.112836
3188,30,0.489435,0.090287,0.01,0.120382,0.289897,0.400014,0.599986,0.126202,0.12455
3189,30,0.489707,0.090238,0.009995,0.120318,0.289742,0.399913,0.600087,0.113688,0.116028
3190,30,0.490057,0.090176,0.009993,0.120234,0.289541,0.399706,0.600294,0.101773,0.107339
3191,30,0.489951,0.090193,0.010002,0.120257,0.289597,0.399823,0.600177,0.140218,0.131888
3192,30,0.489581,0.090142,0.010245,0.12019,0.289843,0.399829,0.600171,0.137156,0.134656
3193,30,0.489664,0.090158,0.010077,0.12021,0.289892,0.399858,0.600142,0.119487,0.116245
3194,24,0.489214,0.090075,0.010987,0.1201,0.289625,0.399815,0.600185,0.129825,0.130282
3195,30,0.489092,0.090052,0.010824,0.12007,0.289963,0.399967,0.600033,0.118624,0.109194
3196,30,0.489479,0.090071,0.01033,0.120095,0.290024,0.399977,0.600023,0.108845,0.106041
3197,30,0.4897,0.090091,0.010002,0.120121,0.290086,0.399918,0.600082,0.115809,0.116281
3198,30,0.489909,0.090034,0.010109,0.120045,0.289903,0.399822,0.600178,0.114212,0.116408
3199,24,0.490189,0.090004,0.009997,0.120005,0.289806,0.399674,0.600326,0.109952,0.11377
3200,30,0.489731,0.08992,0.010921,0.119893,0.289535,0.399587,0.600413,0.119432,0.120841
3201,24,0.489991,0.089948,0.010012,0.11993,0.29012,0.399638,0.600362,0.120979,0.116113
3202,24,0.489996,0.089949,0.01,0.119932,0.290123,0.399529,0.600471,0.121572,0.12332
3203,30,0.489796,0.089912,0.009996,0.119883,0.290414,0.399536,0.600464,0.125279,0.123986
3204,24,0.489552,0.089867,0.009995,0.119823,0.290763,0.399487,0.600513,0.129223,0.129914
3205,24,0.489818,0.089819,0.009995,0.119759,0.290609,0.399309,0.600691,0.115338,0.120413
3206,30,0.489986,0.089789,0.009997,0.119719,0.29051,0.399371,0.600629,0.114058,0.107532
3207,30,0.489784,0.089752,0.009996,0.119669,0.290799,0.399392,0.600608,0.118663,0.115724
3208,30,0.49026,0.089667,0.009991,0.119557,0.290526,0.399174,0.600826,0.091546,0.095618
3209,30,0.490519,0.08962,0.009995,0.119494,0.290373,0.399079,0.600921,0.114295,0.116451
3210,30,0.490516,0.08962,0.01,0.119493,0.290371,0.399136,0.600864,0.119545,0.115065
3211,24,0.490274,0.089576,0.009995,0.119434,0.290722,0.399087,0.600913,0.129223,0.129921
3212,30,0.49025,0.089571,0.010043,0.119428,0.290707,0.399103,0.600897,0.126144,0.124513
3213,30,0.490319,0.089529,0.009995,0.119372,0.290785,0.399088,0.600912,0.114666,0.112837
3214,30,0.490212,0.089509,0.009998,0.119346,0.290935,0.399115,0.600885,0.119285,0.116128
3215,24,0.490211,0.089509,0.01,0.119346,0.290934,0.399141,0.600859,0.12367,0.121358
3216,24,0.490381,0.089459,0.010108,0.119279,0.290772,0.398993,0.601007,0.118243,0.122065
3217,30,0.490116,0.089453,0.009999,0.119271,0.291161,0.399004,0.600996,0.123543,0.121795
3218,30,0.489994,0.089431,0.010246,0.119241,0.291089,0.398959,0.601041,0.136138,0.136921
3219,24,0.489994,0.089431,0.01,0.119241,0.291335,0.398913,0.601087,0.129557,0.130115
3220,30,0.490185,0.089397,0.009996,0.119196,0.291226,0.3987,0.6013,0.103957,0.108134
3221,30,0.490183,0.089397,0.01,0.119196,0.291225,0.39873,0.60127,0.119542,0.116282
3222,30,0.489856,0.089382,0.009998,0.119176,0.291587,0.398831,0.601169,0.12365,0.117186
3223,24,0.490369,0.089292,0.00999,0.119056,0.291293,0.398698,0.601302,0.095035,0.095644
3224,30,0.490267,0.089271,0.009998,0.119027,0.291437,0.398706,0.601294,0.125317,0.123952
3225,30,0.490266,0.08927,0.01,0.119027,0.291436,0.39862,0.60138,0.119556,0.120906
3226,30,0.490062,0.089156,0.010842,0.118875,0.291064,0.398495,0.601505,0.116101,0.119422
3227,30,0.490092,0.089179,0.010685,0.118905,0.291138,0.39847,0.60153,0.138084,0.138019
3228,24,0.490186,0.089196,0.010002,0.118928,0.291688,0.39849,0.60151,0.123022,0.120966
3229,24,0.490066,0.089174,0.009998,0.118899,0.291863,0.398444,0.601556,0.129532,0.130103
3230,24,0.490065,0.089174,0.01,0.118899,0.291863,0.398488,0.601512,0.115351,0.111024
3231,30,0.489619,0.089093,0.0109,0.118791,0.291597,0.39839,0.60161,0.129412,0.131265
3232,24,0.490166,0.089112,0.010002,0.118815,0.291905,0.398239,0.601761,0.117969,0.121896
3233,24,0.489942,0.089108,0.01,0.11881,0.29214,0.398226,0.601774,0.132779,0.13198
3234,24,0.489942,0.089108,0.01,0.11881,0.29214,0.39827,0.60173,0.115347,0.111026
3235,24,0.490154,0.089028,0.009991,0.118704,0.292124,0.398151,0.601849,0.108061,0.110718
3236,30,0.489702,0.088946,0.010904,0.118594,0.291854,0.398157,0.601843,0.126101,0.123656
3237,24,0.490148,0.089026,0.010009,0.118701,0.292117,0.398201,0.601799,0.114977,0.110391
3238,24,0.490152,0.089026,0.01,0.118702,0.292119,0.398228,0.601772,0.12367,0.121361
3239,30,0.490368,0.088989,0.009996,0.118652,0.291996,0.398104,0.601896,0.116214,0.11949
3240,30,0.490354,0.088986,0.010023,0.118648,0.291988,0.398018,0.601982,0.119498,0.12087
3241,24,0.490262,0.089006,0.010002,0.118675,0.292054,0.397946,0.602054,0.124818,0.124841
3242,24,0.490263,0.089007,0.01,0.118675,0.292055,0.397973,0.602027,0.123712,0.121386
3243,30,0.490215,0.089015,0.010001,0.118687,0.292082,0.397948,0.602052,0.138085,0.138017
3244,30,0.490167,0.089024,0.010001,0.118698,0.29211,0.397882,0.602118,0.121456,0.121987
3245,30,0.490015,0.089013,0.009999,0.118684,0.29229,0.397813,0.602187,0.121155,0.121802
3246,30,0.490077,0.08893,0.009991,0.118574,0.292428,0.397709,0.602291,0.113394,0.115883
3247,30,0.490623,0.088834,0.009989,0.118445,0.292109,0.39754,0.60246,0.086341,0.089698
3248,24,0.490497,0.088811,0.009997,0.118414,0.292281,0.397495,0.602505,0.121278,0.121816
3249,24,0.490271,0.088807,0.01,0.118409,0.292514,0.397483,0.602517,0.12447,0.123664
3250,24,0.48984,0.088729,0.010623,0.118305,0.292504,0.397437,0.602563,0.129491,0.130073
3251,30,0.490362,0.088746,0.010002,0.118328,0.292562,0.39743,0.60257,0.102004,0.098511
3252,30,0.490422,0.088736,0.009999,0.118315,0.292528,0.397371,0.602629,0.115805,0.11626
3253,24,0.49037,0.088745,0.010001,0.118326,0.292558,0.397427,0.602573,0.123213,0.117018
3254,24,0.49053,0.088717,0.009997,0.11829,0.292466,0.39729,0.60271,0.111132,0.114619
3255,30,0.491124,0.088613,0.009988,0.118151,0.292124,0.396934,0.603066,0.08468,0.095882
3256,30,0.490841,0.088623,0.010001,0.118164,0.292371,0.397033,0.602967,0.126871,0.119253
3257,24,0.491067,0.088584,0.009996,0.118112,0.292241,0.396886,0.603114,0.10999,0.113752
3258,30,0.491041,0.088588,0.01,0.118117,0.292254,0.396877,0.603123,0.130497,0.12758
3259,24,0.491044,0.088587,0.01,0.118116,0.292252,0.396921,0.603079,0.114977,0.110394
3260,24,0.490941,0.088605,0.010002,0.11814,0.292312,0.396912,0.603088,0.124833,0.123885
3261,30,0.490862,0.088517,0.010172,0.118022,0.292428,0.396766,0.603234,0.11423,0.118472
3262,24,0.491278,0.088474,0.009995,0.117965,0.292288,0.396651,0.603349,0.108396,0.110893
3263,24,0.491051,0.08847,0.01,0.11796,0.29252,0.396576,0.603424,0.124459,0.124585
3264,30,0.491026,0.088465,0.01005,0.117954,0.292505,0.396595,0.603405,0.119477,0.115506
3265,30,0.4909,0.088442,0.010305,0.117923,0.29243,0.396562,0.603438,0.119487,0.119808
3266,30,0.490896,0.088459,0.010002,0.117945,0.292698,0.396627,0.603373,0.114533,0.109862
3267,24,0.490899,0.088458,0.01,0.117945,0.292697,0.396651,0.603349,0.1233,0.121068
3268,30,0.490699,0.088422,0.009996,0.117896,0.292987,0.396658,0.603342,0.125274,0.123988
3269,24,0.490697,0.088422,0.01,0.117896,0.292986,0.396616,0.603384,0.1216,0.122002
3270,24,0.490454,0.088378,0.009995,0.117838,0.293335,0.396636,0.603364,0.122998,0.120961
3271,24,0.490426,0.088293,0.010506,0.117724,0.293052,0.396488,0.603512,0.118179,0.12199
3272,24,0.490383,0.088285,0.010591,0.117714,0.293027,0.396446,0.603554,0.129865,0.130291
3273,24,0.490622,0.088328,0.010109,0.117771,0.293169,0.396404,0.603596,0.129922,0.130332
3274,24,0.490572,0.088356,0.010003,0.117808,0.293261,0.396395,0.603605,0.133129,0.132189
3275,30,0.490655,0.088305,0.009994,0.11774,0.293306,0.396364,0.603636,0.125814,0.123812
3276,24,0.490655,0.088304,0.01,0.117739,0.293303,0.396408,0.603592,0.114963,0.110387
3277,30,0.49022,0.088226,0.010877,0.117634,0.293043,0.396363,0.603637,0.136081,0.136866
3278,24,0.49039,0.088193,0.010894,0.11759,0.292933,0.396376,0.603624,0.108198,0.104738
3279,30,0.490773,0.08821,0.010002,0.117614,0.293401,0.396361,0.603639,0.114626,0.112848
3280,30,0.490647,0.088188,0.010256,0.117584,0.293326,0.396275,0.603725,0.119487,0.120846
3281,24,0.4906,0.088179,0.010103,0.117573,0.293545,0.39623,0.60377,0.129544,0.130103
3282,24,0.490558,0.088172,0.010188,0.117563,0.29352,0.396188,0.603812,0.121558,0.121975
3283,24,0.490477,0.088176,0.01,0.117568,0.293779,0.396211,0.603789,0.131174,0.12748
3284,30,0.490043,0.088098,0.010878,0.117463,0.293519,0.396166,0.603834,0.136081,0.136866
3285,24,0.490532,0.088129,0.010209,0.117506,0.293624,0.396029,0.603971,0.119432,0.122911
3286,24,0.490967,0.08809,0.009996,0.117453,0.293494,0.395914,0.604086,0.108433,0.110907
3287,30,0.491252,0.08804,0.009994,0.117387,0.293327,0.395837,0.604163,0.106454,0.105609
3288,30,0.491201,0.088048,0.010001,0.117397,0.293353,0.395824,0.604176,0.121461,0.120934
3289,30,0.491153,0.088056,0.010001,0.117408,0.293381,0.395758,0.604242,0.121461,0.121972
3290,24,0.491157,0.088056,0.01,0.117408,0.29338,0.395782,0.604218,0.1233,0.121071
3291,30,0.491165,0.088054,0.01,0.117406,0.293375,0.395808,0.604192,0.119018,0.115912
3292,24,0.491062,0.088072,0.010002,0.11743,0.293434,0.395799,0.604201,0.133142,0.1322
3293,24,0.491065,0.088072,0.01,0.117429,0.293433,0.395823,0.604177,0.123288,0.121061
3294,30,0.491065,0.088072,0.01,0.117429,0.293433,0.395726,0.604274,0.129478,0.131276
3295,24,0.490947,0.08805,0.009997,0.1174,0.293606,0.395746,0.604254,0.122937,0.120852
3296,30,0.491137,0.088016,0.009996,0.117355,0.293495,0.395668,0.604332,0.097269,0.09611
3297,24,0.491135,0.088016,0.01,0.117355,0.293494,0.395713,0.604287,0.115347,0.111038
3298,24,0.491138,0.088016,0.01,0.117354,0.293493,0.395737,0.604263,0.123288,0.121061
3299,24,0.490792,0.08799,0.009997,0.11732,0.293901,0.395721,0.604279,0.132416,0.131762
3300,24,0.49075,0.087982,0.010082,0.11731,0.293876,0.395759,0.604241,0.121558,0.116263
3301,24,0.49078,0.087949,0.009996,0.117265,0.29401,0.395739,0.604261,0.118869,0.118314
3302,24,0.490712,0.087917,0.009996,0.117223,0.294152,0.395908,0.604092,0.113004,0.102403
3303,24,0.49071,0.087917,0.01,0.117223,0.294151,0.395867,0.604133,0.121628,0.122015
3304,30,0.490261,0.087837,0.010497,0.117115,0.29429,0.395825,0.604175,0.125223,0.125907
3305,30,0.490199,0.087842,0.010116,0.117123,0.294719,0.395803,0.604197,0.120545,0.120378
3306,24,0.490152,0.08787,0.010003,0.117161,0.294813,0.395794,0.604206,0.133129,0.132186
3307,30,0.490489,0.087813,0.009993,0.117084,0.294621,0.395544,0.604456,0.099748,0.105062
3308,30,0.490703,0.087775,0.009996,0.117033,0.294493,0.395328,0.604672,0.10341,0.107589
3309,30,0.490919,0.087737,0.009996,0.116983,0.294366,0.395237,0.604763,0.11463,0.116675
3310,24,0.490917,0.087737,0.01,0.116982,0.294364,0.395264,0.604736,0.123683,0.121374
3311,24,0.491076,0.087709,0.009997,0.116945,0.294272,0.395127,0.604873,0.119394,0.122875
3312,24,0.491075,0.087709,0.01,0.116945,0.294271,0.395172,0.604828,0.115333,0.11103
3313,30,0.491051,0.087713,0.01,0.116951,0.294285,0.395164,0.604836,0.130497,0.127577
3314,24,0.491277,0.087674,0.009996,0.116899,0.294155,0.395017,0.604983,0.118255,0.122014
3315,30,0.491275,0.087674,0.01,0.116898,0.294153,0.395034,0.604966,0.126202,0.124557
3316,30,0.491398,0.087622,0.01017,0.116829,0.29398,0.394947,0.605053,0.115091,0.117024
3317,30,0.491779,0.087586,0.009996,0.116781,0.293859,0.394704,0.605296,0.10021,0.105112
3318,24,0.491552,0.087582,0.01,0.116775,0.294091,0.394692,0.605308,0.132771,0.131967
3319,24,0.491449,0.087599,0.010002,0.116799,0.294151,0.394683,0.605317,0.133134,0.132186
3320,24,0.491578,0.087577,0.009997,0.11677,0.294077,0.394876,0.605124,0.10984,0.097955
3321,30,0.491131,0.087498,0.010898,0.116664,0.29381,0.394778,0.605222,0.129412,0.131228
3322,24,0.491348,0.087573,0.010255,0.116763,0.294061,0.39477,0.60523,0.124837,0.123885
3323,24,0.491476,0.087594,0.010002,0.116793,0.294135,0.394815,0.605185,0.114963,0.110392
3324,24,0.491477,0.087595,0.01,0.116793,0.294135,0.394774,0.605226,0.129907,0.130317
3325,24,0.491374,0.087612,0.010002,0.116817,0.294195,0.394766,0.605234,0.133146,0.132201
3326,30,0.491356,0.087609,0.010038,0.116812,0.294184,0.394782,0.605218,0.126144,0.124519
3327,30,0.491208,0.087607,0.01,0.11681,0.294375,0.394982,0.605018,0.12284,0.111427
3328,24,0.491086,0.087586,0.009998,0.116781,0.29455,0.394937,0.605063,0.129539,0.130093
3329,30,0.490983,0.087603,0.010002,0.116804,0.294608,0.395145,0.604855,0.123595,0.11179
3330,24,0.490881,0.087621,0.010002,0.116828,0.294668,0.395137,0.604863,0.124821,0.123871
3331,30,0.491139,0.087577,0.009995,0.116769,0.29452,0.395037,0.604963,0.113329,0.115448
3332,24,0.491137,0.087576,0.01,0.116769,0.294518,0.395065,0.604935,0.12374,0.121414
3333,30,0.491175,0.08757,0.009999,0.11676,0.294496,0.395021,0.604979,0.11825,0.118929
3334,24,0.491175,0.08757,0.01,0.11676,0.294496,0.395081,0.604919,0.113263,0.10837
3335,24,0.491071,0.087588,0.010002,0.116783,0.294556,0.395073,0.604927,0.124837,0.123881
3336,30,0.490636,0.08751,0.010879,0.11668,0.294295,0.395069,0.604931,0.136081,0.134085
3337,30,0.490842,0.087546,0.010465,0.116729,0.294418,0.394973,0.605027,0.129526,0.1313
3338,30,0.490954,0.087591,0.010099,0.116788,0.294568,0.395176,0.604824,0.123136,0.111566
3339,30,0.491155,0.087574,0.009998,0.116765,0.294509,0.39497,0.60503,0.104323,0.108047
3340,24,0.49093,0.087569,0.01,0.116759,0.294742,0.394958,0.605042,0.124465,0.123657
3341,30,0.490729,0.087534,0.009996,0.116712,0.29503,0.394905,0.605095,0.135236,0.136347
3342,30,0.490526,0.087497,0.009996,0.116663,0.295318,0.394945,0.605055,0.111992,0.108376
3343,30,0.490429,0.087513,0.010002,0.116684,0.295371,0.395051,0.604949,0.124094,0.117544
3344,30,0.490334,0.087493,0.009998,0.116658,0.295518,0.395074,0.604926,0.118697,0.115719
3345,24,0.490333,0.087493,0.01,0.116657,0.295517,0.395134,0.604866,0.11328,0.108378
3346,30,0.490665,0.087436,0.009993,0.116581,0.295324,0.394954,0.605046,0.095536,0.098386
3347,24,0.490665,0.087435,0.01,0.11658,0.29532,0.394978,0.605022,0.1233,0.121073
3348,24,0.49044,0.087431,0.01,0.116575,0.295554,0.394966,0.605034,0.132762,0.131963
3349,24,0.49044,0.087431,0.01,0.116575,0.295554,0.394925,0.605075,0.121587,0.12199
3350,30,0.490128,0.087319,0.010955,0.116425,0.295174,0.394829,0.605171,0.12697,0.128708
3351,24,0.490032,0.087263,0.011366,0.116351,0.294988,0.394747,0.605253,0.125821,0.127767
3352,30,0.490078,0.08718,0.011798,0.11624,0.294705,0.394592,0.605408,0.124192,0.128726
3353,30,0.489836,0.087116,0.012405,0.116154,0.294489,0.394532,0.605468,0.122289,0.122795
3354,30,0.489818,0.087113,0.01244,0.11615,0.294478,0.394548,0.605452,0.126139,0.124516
3355,24,0.490171,0.087175,0.011488,0.116233,0.294934,0.394568,0.605432,0.122935,0.120843
3356,30,0.490365,0.087209,0.010881,0.116279,0.295266,0.39448,0.60552,0.119254,0.12068
3357,24,0.490582,0.087284,0.010238,0.116378,0.295518,0.394472,0.605528,0.124833,0.123882
3358,30,0.490705,0.087303,0.010002,0.116405,0.295585,0.394409,0.605591,0.133252,0.133959
3359,30,0.490301,0.087303,0.01,0.116404,0.295992,0.39439,0.60561,0.136664,0.13493
3360,24,0.490378,0.08729,0.009998,0.116386,0.295947,0.394273,0.605727,0.119758,0.121192
3361,30,0.490173,0.087324,0.010004,0.116433,0.296066,0.394408,0.605592,0.120962,0.113184
3362,30,0.490533,0.087264,0.009993,0.116351,0.295859,0.394225,0.605775,0.094973,0.097868
3363,24,0.490184,0.087238,0.009997,0.116317,0.296265,0.394209,0.605791,0.132406,0.131751
3364,30,0.490078,0.087219,0.009998,0.116292,0.296414,0.39411,0.60589,0.129206,0.131099
3365,30,0.490547,0.087138,0.009991,0.116184,0.29614,0.393897,0.606103,0.091663,0.095495
3366,30,0.490389,0.087127,0.009999,0.116169,0.296316,0.393818,0.606182,0.131153,0.132211
3367,24,0.490285,0.087144,0.010002,0.116192,0.296376,0.39381,0.60619,0.133142,0.132196
3368,30,0.490286,0.087144,0.01,0.116193,0.296377,0.393859,0.606141,0.112885,0.108946
3369,30,0.490133,0.087134,0.009999,0.116179,0.296555,0.393843,0.606157,0.121139,0.120737
3370,30,0.489823,0.08715,0.010002,0.1162,0.296824,0.393892,0.606108,0.127292,0.124143
3371,24,0.49005,0.087112,0.009996,0.116149,0.296693,0.393746,0.606254,0.109972,0.113691
3372,30,0.489848,0.087076,0.009996,0.116101,0.29698,0.393753,0.606247,0.125262,0.123982
3373,24,0.490178,0.087019,0.009993,0.116025,0.296785,0.393639,0.606361,0.10844,0.110893
3374,30,0.490201,0.087014,0.009999,0.116018,0.296768,0.393741,0.606259,0.118104,0.110466
3375,30,0.490187,0.087011,0.010027,0.116015,0.29676,0.393656,0.606344,0.119498,0.120833
3376,30,0.490201,0.087013,0.01,0.116018,0.296768,0.393687,0.606313,0.119542,0.116297
3377,30,0.49009,0.086996,0.009998,0.115995,0.296922,0.393694,0.606306,0.124862,0.123359
3378,24,0.490089,0.086996,0.01,0.115994,0.296921,0.393653,0.606347,0.129895,0.130302
3379,24,0.489968,0.086974,0.009998,0.115966,0.297095,0.393677,0.606323,0.123327,0.121163
3380,24,0.489969,0.086974,0.01,0.115965,0.297093,0.393701,0.606299,0.123288,0.121065
3381,24,0.489969,0.086974,0.01,0.115965,0.297092,0.39366,0.60634,0.12164,0.12202
3382,30,0.490185,0.086937,0.009996,0.115916,0.296967,0.393537,0.606463,0.109592,0.112794
3383,24,0.490409,0.086898,0.009996,0.115864,0.296834,0.393391,0.606609,0.109946,0.113674
3384,30,0.490478,0.086885,0.009999,0.115847,0.296791,0.393483,0.606517,0.121518,0.114365
3385,24,0.490743,0.08684,0.009995,0.115786,0.296636,0.393379,0.606621,0.109567,0.111727
3386,24,0.490395,0.086814,0.009997,0.115752,0.297042,0.393363,0.606637,0.132406,0.131745
3387,30,0.490297,0.086794,0.009998,0.115725,0.297186,0.393372,0.606628,0.125313,0.123955
3388,24,0.490175,0.086772,0.009998,0.115696,0.297359,0.393396,0.606604,0.123344,0.121175
3389,24,0.490174,0.086772,0.01,0.115696,0.297358,0.393355,0.606645,0.121628,0.122007
3390,24,0.490055,0.08675,0.009997,0.115667,0.29753,0.393376,0.606624,0.122932,0.120853
3391,30,0.490675,0.086644,0.009988,0.115526,0.297167,0.393106,0.606894,0.084181,0.091959
3392,30,0.490623,0.086615,0.009997,0.115486,0.297279,0.393045,0.606955,0.115461,0.116021
3393,30,0.49061,0.086612,0.010024,0.115483,0.297271,0.39296,0.60704,0.119498,0.120826
3394,30,0.490574,0.086606,0.010095,0.115475,0.29725,0.392991,0.607009,0.119476,0.116258
3395,30,0.49042,0.086579,0.009997,0.115438,0.297566,0.392998,0.607002,0.125258,0.123979
3396,30,0.490397,0.086575,0.010045,0.115433,0.297551,0.393014,0.606986,0.126144,0.124523
3397,30,0.489955,0.086497,0.010936,0.115329,0.297283,0.392917,0.607083,0.129412,0.131211
3398,30,0.490067,0.086541,0.01057,0.115388,0.297435,0.393121,0.606879,0.123132,0.111608
3399,24,0.490225,0.086569,0.010003,0.115425,0.297778,0.393145,0.606855,0.123379,0.121195
3400,30,0.49029,0.086489,0.009991,0.115318,0.297912,0.393042,0.606958,0.11336,0.115819
3401,30,0.490285,0.086488,0.01,0.115317,0.297909,0.393151,0.606849,0.119487,0.112058
3402,30,0.49018,0.086469,0.009998,0.115293,0.29806,0.39318,0.60682,0.119281,0.116138
3403,30,0.490332,0.086443,0.009997,0.115258,0.29797,0.393018,0.606982,0.104346,0.10807
3404,30,0.490611,0.086395,0.009994,0.115194,0.297805,0.392831,0.607169,0.10398,0.109017
3405,30,0.490414,0.086359,0.009996,0.115145,0.298087,0.39276,0.60724,0.132361,0.133392
3406,24,0.49052,0.08634,0.009998,0.11512,0.298022,0.392679,0.607321,0.11754,0.119446
3407,30,0.49032,0.08634,0.01,0.11512,0.29822,0.392835,0.607165,0.129942,0.120309
3408,30,0.490119,0.086305,0.009996,0.115073,0.298507,0.392782,0.607218,0.135224,0.136331
3409,30,0.490096,0.086301,0.010044,0.115067,0.298493,0.392798,0.607202,0.126144,0.124524
3410,30,0.49045,0.086248,0.009994,0.114997,0.298311,0.39262,0.60738,0.095527,0.098344
3411,24,0.490326,0.086226,0.009997,0.114968,0.298482,0.392644,0.607356,0.123322,0.121167
3412,30,0.490319,0.086227,0.01,0.114969,0.298485,0.392654,0.607346,0.125158,0.123542
3413,30,0.490214,0.086208,0.009998,0.114945,0.298635,0.392566,0.607434,0.119233,0.12066
3414,30,0.490088,0.086186,0.010252,0.114915,0.298558,0.392533,0.607467,0.119487,0.119794
3415,30,0.490176,0.086181,0.010195,0.114908,0.29854,0.392474,0.607526,0.115683,0.11616
3416,30,0.490206,0.086203,0.010037,0.114937,0.298616,0.39245,0.60755,0.138085,0.138003
3417,24,0.490103,0.086185,0.009998,0.114913,0.2988,0.392474,0.607526,0.123368,0.121197
3418,30,0.490319,0.086148,0.009996,0.114864,0.298673,0.392291,0.607709,0.120029,0.124638
3419,24,0.490078,0.086105,0.009995,0.114806,0.299016,0.392308,0.607692,0.122555,0.12062
3420,30,0.490293,0.086068,0.009996,0.114757,0.298887,0.392228,0.607772,0.09684,0.095676
3421,24,0.490187,0.086085,0.010002,0.11478,0.298946,0.39222,0.60778,0.133142,0.132193
3422,24,0.489964,0.086081,0.01,0.114775,0.299181,0.392209,0.607791,0.124461,0.123652
3423,24,0.490176,0.086004,0.009991,0.114672,0.299158,0.392092,0.607908,0.108069,0.110655
3424,24,0.490053,0.085981,0.009997,0.114642,0.299327,0.392113,0.607887,0.122927,0.120856
3425,24,0.49,0.08599,0.010001,0.114653,0.299356,0.392204,0.607796,0.123228,0.116898
3426,30,0.490009,0.085988,0.01,0.114651,0.299352,0.392216,0.607784,0.125632,0.124151
3427,24,0.489784,0.085985,0.01,0.114646,0.299585,0.392204,0.607796,0.132769,0.131968
3428,24,0.489787,0.085984,0.01,0.114645,0.299584,0.392229,0.607771,0.1233,0.12108
3429,24,0.489562,0.08598,0.01,0.11464,0.299817,0.392217,0.607783,0.124456,0.123647
3430,24,0.489459,0.085998,0.010002,0.114664,0.299878,0.392209,0.607791,0.124829,0.123876
3431,24,0.489356,0.086015,0.010002,0.114687,0.29994,0.392201,0.607799,0.124817,0.123866
3432,30,0.489573,0.085979,0.009996,0.114639,0.299813,0.392078,0.607922,0.109561,0.112758
3433,24,0.489467,0.085996,0.010002,0.114662,0.299873,0.39207,0.60793,0.124817,0.123866
3434,30,0.489477,0.085995,0.01,0.11466,0.299868,0.392082,0.607918,0.125632,0.124151
3435,24,0.489477,0.085995,0.01,0.11466,0.299868,0.39211,0.60789,0.12367,0.121377
3436,30,0.489477,0.085995,0.01,0.11466,0.299868,0.392026,0.607974,0.119545,0.120848
3437,30,0.48938,0.085975,0.009998,0.114633,0.300013,0.39205,0.60795,0.118706,0.115733
3438,30,0.489388,0.085973,0.01,0.114631,0.300008,0.392062,0.607938,0.125632,0.124151
3439,24,0.489388,0.085973,0.01,0.114631,0.300008,0.39209,0.60791,0.123695,0.121392
3440,30,0.48974,0.085914,0.009993,0.114552,0.299801,0.391885,0.608115,0.101752,0.107164
3441,30,0.489536,0.085878,0.009996,0.114505,0.300085,0.391893,0.608107,0.125249,0.123975
3442,30,0.489512,0.085874,0.010044,0.114499,0.30007,0.391951,0.608049,0.126144,0.12176
3443,30,0.489489,0.08587,0.010092,0.114493,0.300056,0.392009,0.607991,0.126144,0.121759
3444,24,0.489761,0.08584,0.009996,0.114453,0.29995,0.391864,0.608136,0.110035,0.113709
3445,24,0.489471,0.085825,0.010128,0.114433,0.300144,0.391852,0.608148,0.132711,0.131928
3446,30,0.489505,0.085781,0.010348,0.114375,0.299991,0.391837,0.608163,0.115431,0.112608
3447,30,0.490155,0.085681,0.010281,0.114241,0.299642,0.391622,0.608378,0.090852,0.095877
3448,24,0.49012,0.085693,0.010001,0.114257,0.299929,0.391709,0.608291,0.122844,0.116708
3449,24,0.49029,0.08566,0.010019,0.114214,0.299816,0.391557,0.608443,0.116511,0.119593
3450,24,0.490196,0.085679,0.010002,0.114239,0.299883,0.391549,0.608451,0.124833,0.123877
3451,24,0.489958,0.085637,0.009995,0.114183,0.300228,0.391566,0.608434,0.122555,0.120623
3452,30,0.489955,0.085636,0.01,0.114182,0.300226,0.391598,0.608402,0.119542,0.116302
3453,24,0.489848,0.085618,0.009998,0.114157,0.30038,0.391524,0.608476,0.118181,0.119851
3454,30,0.489942,0.085544,0.009991,0.114058,0.300464,0.3913,0.6087,0.105968,0.112995
3455,24,0.489941,0.085543,0.01,0.114057,0.30046,0.391325,0.608675,0.1233,0.121081
3456,24,0.490429,0.085461,0.00999,0.113947,0.300172,0.391051,0.608949,0.096155,0.104239
3457,24,0.490745,0.085403,0.010011,0.113871,0.29997,0.390816,0.609184,0.106656,0.111972
3458,30,0.491101,0.085345,0.009993,0.113794,0.299767,0.390637,0.609363,0.095145,0.097841
3459,24,0.49098,0.085323,0.009997,0.113764,0.299936,0.390658,0.609342,0.122927,0.120854
3460,30,0.491069,0.085308,0.009998,0.113743,0.299881,0.390702,0.609298,0.115252,0.110523
3461,30,0.491077,0.085306,0.01,0.113741,0.299876,0.390729,0.609271,0.119015,0.115923
3462,24,0.491077,0.085306,0.01,0.113741,0.299876,0.390623,0.609377,0.121572,0.123226
3463,30,0.490743,0.085248,0.010674,0.113664,0.299672,0.390605,0.609395,0.129423,0.127005
3464,30,0.491088,0.085234,0.009998,0.113646,0.300033,0.390474,0.609526,0.10866,0.112172
3465,24,0.491419,0.085179,0.009993,0.113572,0.299837,0.39036,0.60964,0.108383,0.110814
3466,24,0.491416,0.085178,0.01,0.113571,0.299835,0.390319,0.609681,0.121587,0.12197
3467,30,0.491368,0.085186,0.010001,0.113582,0.299864,0.390255,0.609745,0.121481,0.12195
3468,24,0.491199,0.085192,0.010135,0.113589,0.299884,0.390247,0.609753,0.133092,0.132157
3469,24,0.49103,0.085198,0.01027,0.113597,0.299905,0.390239,0.609761,0.133092,0.132157
3470,24,0.491059,0.085238,0.010005,0.113651,0.300047,0.390169,0.609831,0.124804,0.124774
3471,24,0.49101,0.085247,0.010001,0.113663,0.300079,0.390198,0.609802,0.131537,0.127671
3472,30,0.490996,0.085245,0.010029,0.11366,0.300071,0.390114,0.609886,0.119498,0.1208
3473,30,0.490988,0.085214,0.010218,0.113619,0.299962,0.390177,0.609823,0.122869,0.11828
3474,24,0.4911,0.085232,0.010002,0.113642,0.300024,0.390131,0.609869,0.120862,0.121376
3475,30,0.491015,0.085214,0.009998,0.113619,0.300154,0.390114,0.609886,0.122665,0.122283
3476,24,0.490738,0.085201,0.01013,0.113602,0.300329,0.390072,0.609928,0.129682,0.130029
3477,30,0.490778,0.085159,0.009995,0.113545,0.300523,0.389989,0.610011,0.107229,0.107875
3478,24,0.490953,0.0851,0.010165,0.113467,0.300315,0.389763,0.610237,0.107775,0.112952
3479,24,0.490875,0.085104,0.01,0.113472,0.300549,0.389817,0.610183,0.11981,0.115208
3480,24,0.491207,0.085048,0.009993,0.113398,0.300354,0.389704,0.610296,0.108382,0.110793
3481,24,0.491535,0.084992,0.009993,0.113323,0.300156,0.389591,0.610409,0.1084,0.110821
3482,24,0.491535,0.084991,0.01,0.113322,0.300152,0.389616,0.610384,0.123288,0.121075
3483,24,0.491215,0.084971,0.009998,0.113295,0.300521,0.389542,0.610458,0.118025,0.119611
3484,24,0.491214,0.084971,0.01,0.113295,0.30052,0.38957,0.61043,0.12367,0.121384
3485,30,0.491415,0.084938,0.009996,0.11325,0.300402,0.389422,0.610578,0.106422,0.110158
3486,24,0.491305,0.084919,0.009998,0.113225,0.300554,0.389417,0.610583,0.120335,0.119296
3487,24,0.491196,0.0849,0.009998,0.1132,0.300707,0.389412,0.610588,0.120306,0.119276
3488,30,0.491288,0.084884,0.009998,0.113179,0.300651,0.389248,0.610752,0.122046,0.126021
3489,24,0.491287,0.084884,0.01,0.113178,0.30065,0.389295,0.610705,0.115347,0.11106
3490,30,0.491491,0.08485,0.009996,0.113133,0.30053,0.389202,0.610798,0.114096,0.115977
3491,30,0.491798,0.084709,0.010517,0.112945,0.300031,0.388853,0.611147,0.102662,0.113288
3492,30,0.491774,0.084705,0.010565,0.11294,0.300017,0.38887,0.61113,0.126143,0.124529
3493,30,0.492162,0.084734,0.010003,0.112979,0.300121,0.388679,0.611321,0.106151,0.109829
3494,24,0.491844,0.084715,0.009998,0.112953,0.300491,0.388605,0.611395,0.118025,0.119612
3495,30,0.492462,0.084611,0.009988,0.112815,0.300124,0.38829,0.61171,0.089775,0.098894
3496,24,0.492353,0.084627,0.010002,0.112837,0.300181,0.388221,0.611779,0.124822,0.124778
3497,24,0.492357,0.084627,0.01,0.112836,0.30018,0.388246,0.611754,0.1233,0.121088
3498,30,0.492262,0.084611,0.009998,0.112814,0.300315,0.388134,0.611866,0.116579,0.118936
3499,24,0.492486,0.084573,0.009996,0.112764,0.300181,0.387989,0.612011,0.109945,0.113594
3500,24,0.492538,0.084564,0.009999,0.112752,0.300148,0.388166,0.611834,0.11337,0.102734
3501,30,0.492893,0.084504,0.009993,0.112672,0.299937,0.387986,0.612014,0.094999,0.097757
3502,24,0.49289,0.084504,0.01,0.112672,0.299935,0.388209,0.611791,0.113263,0.100981
3503,30,0.493151,0.08446,0.009995,0.112614,0.29978,0.388115,0.611885,0.1142,0.116282
3504,24,0.492964,0.084428,0.010125,0.112571,0.299913,0.388071,0.611929,0.129506,0.13004
3505,24,0.492921,0.084421,0.01021,0.112561,0.299887,0.38803,0.61197,0.121558,0.121942
3506,30,0.492624,0.08429,0.011278,0.112386,0.299422,0.387995,0.612005,0.125062,0.123327
3507,24,0.49258,0.084317,0.010916,0.112422,0.299765,0.387923,0.612077,0.124447,0.124504
3508,24,0.49291,0.084373,0.010007,0.112498,0.300213,0.387948,0.612052,0.123326,0.121175
3509,24,0.492913,0.084374,0.01,0.112498,0.300215,0.387908,0.612092,0.129895,0.130277
3510,24,0.49281,0.084391,0.010002,0.112521,0.300276,0.388006,0.611994,0.116518,0.109989
3511,30,0.492987,0.084362,0.009997,0.112482,0.300172,0.388067,0.611933,0.11399,0.108212
3512,30,0.492985,0.084362,0.01,0.112482,0.300171,0.387984,0.612016,0.119556,0.120823
3513,24,0.492985,0.084362,0.01,0.112482,0.300171,0.387944,0.612056,0.121657,0.122005
3514,30,0.492867,0.084349,0.009999,0.112466,0.30032,0.388079,0.611921,0.110917,0.102766
3515,24,0.492935,0.084285,0.010308,0.11238,0.300092,0.387933,0.612067,0.118183,0.121859
3516,24,0.492876,0.08431,0.010003,0.112413,0.300399,0.387892,0.612108,0.121435,0.12174
3517,30,0.492755,0.084289,0.010245,0.112385,0.300325,0.38786,0.61214,0.119487,0.119779
3518,30,0.492995,0.084258,0.009996,0.112344,0.300407,0.387709,0.612291,0.106557,0.1108
3519,30,0.493002,0.084256,0.01,0.112342,0.300401,0.387737,0.612263,0.119015,0.115932
3520,30,0.492832,0.084227,0.009997,0.112303,0.300641,0.387692,0.612308,0.111277,0.11078
3521,30,0.49306,0.084189,0.009995,0.112252,0.300504,0.387595,0.612405,0.101167,0.1011
3522,24,0.493292,0.084118,0.01018,0.112158,0.300252,0.387361,0.612639,0.10661,0.111864
3523,30,0.493444,0.084072,0.010302,0.112096,0.300087,0.387179,0.612821,0.119895,0.12446
3524,24,0.493434,0.08407,0.010101,0.112094,0.3003,0.387105,0.612895,0.126489,0.128136
3525,30,0.493754,0.084034,0.009996,0.112045,0.300171,0.387007,0.612993,0.113689,0.115898
3526,30,0.493627,0.084012,0.01025,0.112016,0.300094,0.387082,0.612918,0.119487,0.114541
3527,30,0.493659,0.084034,0.010092,0.112045,0.30017,0.38707,0.61293,0.121464,0.120927
3528,24,0.493616,0.084027,0.010178,0.112035,0.300144,0.386965,0.613035,0.121558,0.123175
3529,24,0.493598,0.084023,0.01,0.11203,0.30035,0.386957,0.613043,0.119894,0.118949
3530,30,0.493723,0.084002,0.009998,0.112002,0.300275,0.386748,0.613252,0.114739,0.1187
3531,30,0.493781,0.083992,0.009999,0.111989,0.30024,0.38668,0.61332,0.132381,0.13324
3532,30,0.493351,0.083987,0.010281,0.111983,0.300398,0.386706,0.613294,0.131504,0.129302
3533,30,0.493641,0.083985,0.01,0.11198,0.300393,0.386504,0.613496,0.104201,0.10779
3534,30,0.493792,0.08396,0.009997,0.111947,0.300303,0.386344,0.613656,0.104301,0.107915
3535,30,0.49438,0.083862,0.009988,0.111816,0.299953,0.385991,0.614009,0.084516,0.09536
3536,30,0.49447,0.083846,0.009998,0.111794,0.299893,0.386026,0.613974,0.110796,0.107194
3537,30,0.494477,0.083844,0.01,0.111792,0.299887,0.386055,0.613945,0.119028,0.115945
3538,30,0.494179,0.083809,0.010502,0.111746,0.299764,0.386043,0.613957,0.128077,0.127557
3539,24,0.494278,0.083826,0.010304,0.111768,0.299824,0.386003,0.613997,0.129893,0.130269
3540,30,0.494151,0.083805,0.010558,0.11174,0.299747,0.38592,0.61408,0.119487,0.120758
3541,24,0.494427,0.083851,0.010006,0.111802,0.299914,0.385949,0.614051,0.123727,0.12143
3542,30,0.494228,0.083818,0.009996,0.111757,0.300202,0.385957,0.614043,0.125249,0.123981
3543,24,0.494123,0.083834,0.010002,0.111779,0.300262,0.385889,0.614111,0.12483,0.124764
3544,30,0.493981,0.083826,0.009999,0.111768,0.300425,0.385797,0.614203,0.118497,0.120029
3545,30,0.494195,0.083791,0.009996,0.111721,0.300298,0.385587,0.614413,0.10337,0.107326
3546,30,0.494547,0.083732,0.009993,0.111642,0.300086,0.385409,0.614591,0.095037,0.09773
3547,24,0.495197,0.083623,0.009987,0.111497,0.299696,0.385158,0.614842,0.093313,0.100303
3548,30,0.495047,0.083578,0.009995,0.111437,0.299944,0.385092,0.614908,0.11479,0.115553
3549,24,0.494802,0.083536,0.009995,0.111381,0.300286,0.38511,0.61489,0.122554,0.120637
3550,30,0.494364,0.083462,0.010872,0.111282,0.30002,0.385188,0.614812,0.136081,0.129935
3551,30,0.494146,0.083425,0.011116,0.111233,0.30008,0.385116,0.614884,0.133166,0.13497
3552,24,0.494245,0.083442,0.010918,0.111255,0.30014,0.385012,0.614988,0.12157,0.123165
3553,24,0.494313,0.083378,0.011226,0.111171,0.299913,0.384867,0.615133,0.118157,0.121807
3554,30,0.494448,0.083403,0.010728,0.111204,0.300217,0.384894,0.615106,0.118218,0.114842
3555,30,0.49448,0.083424,0.01057,0.111233,0.300293,0.384913,0.615087,0.138092,0.135254
3556,30,0.494912,0.083412,0.01021,0.111216,0.300249,0.384814,0.615186,0.113181,0.11523
3557,24,0.495016,0.08343,0.010002,0.11124,0.300313,0.384862,0.615138,0.115372,0.1111
3558,30,0.494915,0.083447,0.010002,0.111262,0.300373,0.385025,0.614975,0.130258,0.120588
3559,24,0.494808,0.083429,0.009998,0.111238,0.300528,0.384952,0.615048,0.118234,0.119838
3560,30,0.494887,0.083415,0.009998,0.11122,0.300479,0.384767,0.615233,0.106381,0.109697
3561,24,0.494784,0.083432,0.010002,0.111243,0.30054,0.38476,0.61524,0.133154,0.132197
3562,24,0.494471,0.083379,0.010628,0.111172,0.300349,0.384656,0.615344,0.12153,0.123138
3563,24,0.494622,0.083422,0.010005,0.111229,0.300723,0.384649,0.615351,0.128137,0.125974
3564,24,0.494624,0.083422,0.01,0.111229,0.300724,0.384545,0.615455,0.121572,0.12316
3565,30,0.494454,0.083393,0.009997,0.111191,0.300965,0.384518,0.615482,0.104617,0.103439
3566,30,0.493986,0.083315,0.010933,0.111086,0.30068,0.384435,0.615565,0.119432,0.120713
3567,30,0.493863,0.083294,0.011179,0.111058,0.300605,0.384392,0.615608,0.136133,0.136856
3568,30,0.494135,0.08332,0.010408,0.111093,0.301044,0.384255,0.615745,0.107469,0.110805
3569,30,0.494497,0.083328,0.010001,0.111103,0.301071,0.384142,0.615858,0.110456,0.113338
3570,24,0.494394,0.083345,0.010002,0.111126,0.301133,0.384136,0.615864,0.124833,0.123868
3571,24,0.494289,0.083326,0.009998,0.111101,0.301285,0.384128,0.615872,0.119889,0.118947
3572,30,0.494282,0.083327,0.01,0.111102,0.301288,0.384158,0.615842,0.118522,0.115046
3573,30,0.494291,0.083325,0.01,0.111101,0.301283,0.384187,0.615813,0.119015,0.115944
3574,24,0.494291,0.083325,0.01,0.111101,0.301283,0.384216,0.615784,0.123712,0.121425
3575,30,0.494528,0.083286,0.009995,0.111048,0.301142,0.384223,0.615777,0.115228,0.111923
3576,24,0.494528,0.083286,0.01,0.111047,0.301139,0.384249,0.615751,0.1233,0.121099
3577,30,0.494528,0.083254,0.009996,0.111005,0.301217,0.38411,0.61589,0.124453,0.127504
3578,30,0.494575,0.083175,0.01042,0.1109,0.300931,0.383956,0.616044,0.124151,0.128524
3579,30,0.494963,0.083162,0.01011,0.110882,0.300883,0.383769,0.616231,0.108021,0.112574
3580,24,0.49502,0.08317,0.010001,0.110894,0.300915,0.383795,0.616205,0.1233,0.121088
3581,30,0.494951,0.083182,0.010001,0.110909,0.300957,0.384003,0.615997,0.123146,0.111802
3582,30,0.494448,0.083095,0.011019,0.110794,0.300644,0.383942,0.616058,0.133134,0.133813
3583,30,0.494757,0.083061,0.010916,0.110748,0.300519,0.3838,0.6162,0.107535,0.11146
3584,24,0.494856,0.083077,0.010718,0.11077,0.300579,0.383696,0.616304,0.12157,0.123154
3585,30,0.495124,0.083091,0.010002,0.110788,0.300996,0.383727,0.616273,0.115453,0.111287
3586,24,0.495023,0.083108,0.010002,0.11081,0.301057,0.383721,0.616279,0.133154,0.132196
3587,24,0.494809,0.083071,0.009996,0.110761,0.301363,0.38368,0.61632,0.116479,0.116797
3588,30,0.494877,0.083059,0.009999,0.110745,0.30132,0.383777,0.616223,0.121503,0.114446
3589,30,0.495019,0.083035,0.009997,0.110714,0.301234,0.383792,0.616208,0.108817,0.10604
3590,30,0.495124,0.082986,0.009994,0.110648,0.301247,0.383672,0.616328,0.111127,0.114029
3591,30,0.495468,0.082929,0.009993,0.110572,0.301039,0.383496,0.616504,0.094988,0.097603
3592,30,0.495722,0.082886,0.009995,0.110514,0.300883,0.383429,0.616571,0.106827,0.105761
3593,24,0.496047,0.082832,0.009993,0.110442,0.300686,0.383316,0.616684,0.108266,0.110641
3594,30,0.495919,0.08281,0.010248,0.110414,0.300609,0.383233,0.616767,0.119487,0.120737
3595,30,0.495792,0.082789,0.010502,0.110385,0.300532,0.383401,0.616599,0.119487,0.109923
3596,24,0.49599,0.082839,0.010006,0.110452,0.300713,0.383432,0.616568,0.131545,0.127698
3597,24,0.495833,0.08283,0.009999,0.11044,0.300899,0.383488,0.616512,0.119814,0.115248
3598,24,0.49573,0.082846,0.010002,0.110462,0.30096,0.383482,0.616518,0.133158,0.132196
3599,24,0.495949,0.082775,0.009991,0.110366,0.300919,0.383336,0.616664,0.104871,0.108509
3600,24,0.49578,0.08278,0.010126,0.110374,0.30094,0.383329,0.616671,0.133104,0.132165
3601,24,0.495845,0.08279,0.010001,0.110387,0.300976,0.383355,0.616645,0.123287,0.12109
3602,24,0.495791,0.082763,0.009997,0.110351,0.301098,0.383386,0.616614,0.118276,0.114337
3603,24,0.496117,0.082709,0.009993,0.110279,0.300901,0.383274,0.616726,0.108356,0.110705
3604,30,0.496321,0.082675,0.009996,0.110233,0.300775,0.38319,0.61681,0.115152,0.116955
3605,24,0.496217,0.082691,0.010002,0.110255,0.300835,0.383184,0.616816,0.133158,0.1322
3606,24,0.496271,0.082683,0.009999,0.110243,0.300804,0.383248,0.616752,0.121675,0.116588
3607,30,0.496128,0.082674,0.009999,0.110233,0.300966,0.383157,0.616843,0.118496,0.119997
3608,30,0.496189,0.082664,0.009999,0.110219,0.300929,0.383212,0.616788,0.117287,0.113061
3609,24,0.496448,0.082622,0.009995,0.110162,0.300774,0.38312,0.61688,0.107722,0.107607
3610,24,0.496553,0.082603,0.009998,0.110138,0.300708,0.383109,0.616891,0.119625,0.118829
3611,30,0.496425,0.082582,0.010252,0.11011,0.300631,0.383077,0.616923,0.119487,0.119763
3612,30,0.496055,0.082528,0.010752,0.110038,0.300627,0.383173,0.616827,0.124147,0.117502
3613,24,0.49651,0.082531,0.010282,0.110041,0.300636,0.383029,0.616971,0.1182,0.121797
3614,30,0.496651,0.082554,0.010003,0.110072,0.300721,0.383063,0.616937,0.119542,0.116331
3615,24,0.496979,0.082501,0.009994,0.110001,0.300526,0.38295,0.61705,0.10825,0.11063
3616,24,0.496866,0.082482,0.009998,0.109976,0.300678,0.382877,0.617123,0.118222,0.119809
3617,24,0.496654,0.08248,0.01,0.109974,0.300892,0.382837,0.617163,0.121431,0.121714
3618,30,0.496414,0.082471,0.010294,0.109962,0.300859,0.382897,0.617103,0.130733,0.126234
3619,30,0.49645,0.082392,0.010734,0.109856,0.300569,0.382804,0.617196,0.114102,0.116162
3620,30,0.496743,0.08244,0.01015,0.109921,0.300746,0.382822,0.617178,0.1262,0.124578
3621,30,0.496789,0.082401,0.010338,0.109868,0.300603,0.382703,0.617297,0.115422,0.117778
3622,24,0.496957,0.082429,0.010003,0.109905,0.300705,0.382732,0.617268,0.12367,0.121403
3623,24,0.496748,0.082428,0.01,0.109904,0.30092,0.382692,0.617308,0.129751,0.130045
3624,24,0.496697,0.082436,0.010001,0.109915,0.300951,0.382786,0.617214,0.123239,0.116993
3625,30,0.496601,0.082421,0.009998,0.109894,0.301086,0.382675,0.617325,0.116575,0.118879
3626,24,0.4966,0.08242,0.01,0.109894,0.301085,0.382636,0.617364,0.12164,0.121976
3627,30,0.4966,0.08242,0.01,0.109894,0.301085,0.382542,0.617458,0.129478,0.131152
3628,30,0.496583,0.082417,0.010036,0.10989,0.301074,0.38256,0.61744,0.126144,0.12454
3629,30,0.496232,0.082426,0.010144,0.109901,0.301298,0.382584,0.617416,0.131309,0.129166
3630,30,0.496208,0.082422,0.010192,0.109896,0.301283,0.382602,0.617398,0.126144,0.12454
3631,30,0.496515,0.082403,0.009998,0.109871,0.301214,0.382481,0.617519,0.116161,0.119249
3632,24,0.496411,0.082419,0.010002,0.109893,0.301274,0.382475,0.617525,0.124854,0.123882
3633,30,0.496136,0.082382,0.010504,0.109842,0.301136,0.382562,0.617438,0.127113,0.121749
3634,24,0.496335,0.082432,0.010006,0.109909,0.301318,0.382594,0.617406,0.131536,0.127689
3635,24,0.496236,0.082449,0.010002,0.109932,0.301381,0.382588,0.617412,0.133158,0.132197
3636,24,0.496351,0.082394,0.009993,0.109859,0.301402,0.382411,0.617589,0.106521,0.111336
3637,24,0.496238,0.082376,0.009998,0.109834,0.301554,0.382407,0.617593,0.12026,0.119249
3638,30,0.496066,0.082355,0.010102,0.109807,0.30167,0.38241,0.61759,0.117516,0.114565
3639,30,0.496175,0.082354,0.01,0.109805,0.301666,0.382354,0.617646,0.122335,0.122752
3640,30,0.496168,0.082355,0.01,0.109807,0.30167,0.382366,0.617634,0.12516,0.12355
3641,24,0.496008,0.082345,0.009999,0.109794,0.301854,0.382428,0.617572,0.119826,0.114725
3642,30,0.496089,0.082332,0.009998,0.109776,0.301805,0.382378,0.617622,0.099711,0.097875
3643,30,0.495992,0.082316,0.009998,0.109755,0.301939,0.382401,0.617599,0.109972,0.107145
3644,30,0.496274,0.08227,0.009994,0.109693,0.301769,0.382291,0.617709,0.099703,0.100197
3645,30,0.496838,0.082177,0.009989,0.109569,0.301428,0.381987,0.618013,0.090996,0.099811
3646,30,0.497183,0.082118,0.009993,0.109491,0.301214,0.381871,0.618129,0.09486,0.09527
3647,24,0.497248,0.082056,0.010302,0.109408,0.300986,0.381726,0.618274,0.118136,0.121734
3648,30,0.497224,0.082052,0.01035,0.109403,0.300971,0.381744,0.618256,0.126144,0.124543
3649,24,0.496997,0.082031,0.010481,0.109375,0.301115,0.381738,0.618262,0.128083,0.125933
3650,30,0.496968,0.082042,0.010101,0.10939,0.301499,0.381646,0.618354,0.113162,0.11554
3651,24,0.497018,0.082051,0.010001,0.109401,0.301529,0.381607,0.618393,0.129895,0.130252
3652,24,0.49691,0.082033,0.009998,0.109377,0.301683,0.381603,0.618397,0.120285,0.119261
3653,30,0.496896,0.08203,0.010025,0.109374,0.301675,0.381521,0.618479,0.119498,0.12073
3654,30,0.496456,0.081958,0.010902,0.109277,0.301408,0.381478,0.618522,0.136081,0.136806
3655,30,0.496671,0.081983,0.010537,0.10931,0.301499,0.381604,0.618396,0.12466,0.116707
3656,30,0.496862,0.081983,0.01,0.109311,0.301845,0.381562,0.618438,0.10249,0.101597
3657,24,0.496864,0.081983,0.01,0.10931,0.301843,0.381588,0.618412,0.123287,0.121094
3658,24,0.496971,0.081965,0.009998,0.109287,0.301779,0.381578,0.618422,0.119634,0.118831
3659,30,0.49697,0.081965,0.01,0.109286,0.301778,0.381596,0.618404,0.126202,0.124581
3660,30,0.496752,0.081944,0.009998,0.109259,0.302047,0.381445,0.618555,0.123151,0.126693
3661,30,0.496759,0.081943,0.01,0.109257,0.302041,0.381458,0.618542,0.12563,0.124163
3662,24,0.496759,0.081943,0.01,0.109257,0.302041,0.381487,0.618513,0.123695,0.121422
3663,24,0.497018,0.081901,0.009995,0.109201,0.301886,0.381264,0.618736,0.107723,0.112711
3664,30,0.49714,0.081851,0.009994,0.109135,0.30188,0.38107,0.61893,0.100672,0.105608
3665,30,0.497337,0.081818,0.009996,0.109091,0.301758,0.380979,0.619021,0.114103,0.115894
3666,24,0.497661,0.081765,0.009993,0.10902,0.301561,0.3809,0.6191,0.099925,0.098963
3667,30,0.497739,0.081695,0.009991,0.108927,0.301647,0.380721,0.619279,0.104913,0.109826
3668,24,0.497633,0.081711,0.010002,0.108948,0.301706,0.380655,0.619345,0.124839,0.12472
3669,24,0.497634,0.081711,0.01,0.108948,0.301707,0.380685,0.619315,0.12374,0.121455
3670,24,0.497637,0.081711,0.01,0.108948,0.301705,0.380711,0.619289,0.123299,0.121107
3671,24,0.497594,0.081704,0.010085,0.108938,0.301679,0.380608,0.619392,0.121558,0.12311
3672,30,0.497987,0.081654,0.009994,0.108871,0.301494,0.380404,0.619596,0.101502,0.106817
3673,30,0.498071,0.081583,0.009991,0.108777,0.301577,0.380182,0.619818,0.105872,0.11267
3674,30,0.498162,0.081511,0.009991,0.108681,0.301654,0.380005,0.619995,0.105332,0.11039
3675,24,0.497884,0.081499,0.010123,0.108665,0.301829,0.379965,0.620035,0.129702,0.13
3676,30,0.498031,0.081495,0.01,0.10866,0.301815,0.379951,0.620049,0.122931,0.122492
3677,24,0.498031,0.081495,0.01,0.10866,0.301814,0.379912,0.620088,0.129895,0.130245
3678,30,0.497948,0.081452,0.009995,0.108603,0.302001,0.379873,0.620127,0.107032,0.105969
3679,30,0.498088,0.081429,0.009997,0.108572,0.301914,0.379722,0.620278,0.105465,0.109082
3680,30,0.498229,0.081406,0.009997,0.108541,0.301828,0.37972,0.62028,0.115457,0.11336
3681,30,0.497833,0.081356,0.010497,0.108475,0.301838,0.37968,0.62032,0.125113,0.125653
3682,24,0.497979,0.081414,0.010007,0.108551,0.302049,0.379674,0.620326,0.133166,0.1322
3683,24,0.497876,0.081346,0.010518,0.108461,0.301798,0.379539,0.620461,0.119245,0.122555
3684,24,0.497923,0.081387,0.010005,0.108516,0.30217,0.3795,0.6205,0.121447,0.121721
3685,30,0.498112,0.081357,0.009996,0.108476,0.302059,0.379336,0.620664,0.103859,0.107732
3686,30,0.49799,0.081337,0.010238,0.108449,0.301985,0.379305,0.620695,0.119487,0.119752
3687,30,0.497931,0.081335,0.010116,0.108447,0.302171,0.379309,0.620691,0.117529,0.114572
3688,24,0.497989,0.081345,0.010001,0.108459,0.302206,0.379339,0.620661,0.123724,0.121449
3689,24,0.497995,0.081344,0.01,0.108458,0.302203,0.379293,0.620707,0.129093,0.129593
3690,30,0.497963,0.081339,0.010062,0.108452,0.302184,0.379327,0.620673,0.119476,0.116301
3691,30,0.498205,0.08131,0.009996,0.108413,0.302076,0.379109,0.620891,0.113294,0.117538
3692,30,0.498002,0.081342,0.010004,0.108456,0.302196,0.379164,0.620836,0.12768,0.124453
3693,30,0.497869,0.08132,0.010269,0.108427,0.302115,0.379082,0.620918,0.119466,0.120688
3694,30,0.497942,0.081264,0.010538,0.108351,0.301905,0.378961,0.621039,0.116078,0.119153
3695,30,0.498123,0.08129,0.010003,0.108387,0.302197,0.378962,0.621038,0.116051,0.11405
3696,24,0.498015,0.081273,0.009998,0.108364,0.302351,0.378958,0.621042,0.120255,0.119244
3697,30,0.497589,0.081269,0.010104,0.108358,0.30268,0.378932,0.621068,0.125966,0.125671
3698,24,0.497539,0.081294,0.010003,0.108392,0.302773,0.378926,0.621074,0.13315,0.132188
3699,24,0.497652,0.08124,0.009993,0.10832,0.302794,0.378749,0.621251,0.106458,0.111222
3700,24,0.497593,0.081213,0.009997,0.108284,0.302913,0.378782,0.621218,0.11827,0.114347
3701,24,0.497591,0.081213,0.01,0.108284,0.302912,0.378812,0.621188,0.123683,0.12142
3702,24,0.497918,0.08116,0.009994,0.108214,0.302715,0.378701,0.621299,0.108302,0.110619
3703,30,0.497248,0.081023,0.011493,0.108031,0.302204,0.378625,0.621375,0.132739,0.134654
3704,30,0.497857,0.081031,0.010835,0.108042,0.302234,0.378517,0.621483,0.099705,0.100148
3705,30,0.4975,0.080973,0.011545,0.107964,0.302018,0.378543,0.621457,0.119434,0.115527
3706,30,0.498552,0.081053,0.01001,0.108071,0.302315,0.378385,0.621615,0.097222,0.099545
3707,30,0.498386,0.081081,0.010003,0.108108,0.30242,0.37863,0.62137,0.120586,0.107926
3708,24,0.498118,0.081054,0.009997,0.108072,0.302759,0.378593,0.621407,0.124719,0.123686
3709,24,0.498117,0.081054,0.01,0.108072,0.302758,0.378554,0.621446,0.121587,0.121924
3710,24,0.498015,0.08107,0.010002,0.108094,0.302819,0.378548,0.621452,0.133166,0.1322
3711,30,0.497874,0.081029,0.010052,0.108038,0.303008,0.378412,0.621588,0.113986,0.117283
3712,24,0.498379,0.080956,0.009991,0.107941,0.302734,0.378141,0.621859,0.096041,0.103781
3713,24,0.498336,0.080949,0.010076,0.107932,0.302708,0.378206,0.621794,0.11325,0.108465
3714,30,0.498108,0.080967,0.010002,0.107956,0.302968,0.378246,0.621754,0.134237,0.129551
3715,30,0.497876,0.080929,0.010271,0.107905,0.303019,0.378186,0.621814,0.123184,0.12451
3716,30,0.497915,0.080935,0.010001,0.107914,0.303235,0.378076,0.621924,0.116571,0.118822
3717,24,0.497806,0.080918,0.009998,0.10789,0.303389,0.378004,0.621996,0.118197,0.119762
3718,24,0.498066,0.080875,0.009995,0.107834,0.30323,0.377935,0.622065,0.101108,0.099996
3719,30,0.498063,0.080875,0.01,0.107833,0.303229,0.37797,0.62203,0.119542,0.116348
3720,30,0.497941,0.080855,0.010242,0.107807,0.303155,0.377939,0.622061,0.119487,0.119748
3721,24,0.498108,0.080825,0.010259,0.107767,0.303041,0.377792,0.622208,0.116469,0.119358
3722,30,0.498275,0.080791,0.010298,0.107722,0.302915,0.377749,0.622251,0.102564,0.10193
3723,30,0.498335,0.080798,0.010001,0.107731,0.303134,0.377734,0.622266,0.122655,0.122253
3724,30,0.498193,0.080791,0.009999,0.107721,0.303297,0.377644,0.622356,0.118493,0.119945
3725,30,0.497991,0.080823,0.010004,0.107764,0.303419,0.37764,0.62236,0.137647,0.135531
3726,30,0.497945,0.080831,0.010001,0.107775,0.303448,0.37763,0.62237,0.12147,0.120918
3727,24,0.498271,0.080779,0.009994,0.107705,0.303252,0.377519,0.622481,0.108253,0.110574
3728,30,0.498268,0.080778,0.01,0.107704,0.30325,0.377555,0.622445,0.119599,0.116389
3729,24,0.498056,0.080777,0.01,0.107702,0.303465,0.377516,0.622484,0.121431,0.121692
3730,30,0.498065,0.080775,0.01,0.1077,0.30346,0.377547,0.622453,0.119027,0.115969
3731,30,0.497737,0.080752,0.010292,0.10767,0.303549,0.377578,0.622422,0.128004,0.124867
3732,24,0.497824,0.080766,0.010119,0.107689,0.303602,0.377608,0.622392,0.123641,0.121399
3733,30,0.497813,0.080756,0.009999,0.107675,0.303757,0.377684,0.622316,0.11511,0.109085
3734,24,0.497535,0.080744,0.010131,0.107659,0.303931,0.377644,0.622356,0.129689,0.129977
3735,24,0.497498,0.080771,0.010003,0.107695,0.304032,0.377639,0.622361,0.124854,0.123878
3736,24,0.497393,0.080753,0.009998,0.107671,0.304185,0.377632,0.622368,0.119868,0.118926
3737,30,0.497447,0.080716,0.009995,0.107621,0.30422,0.377455,0.622545,0.102786,0.107342
3738,30,0.497243,0.080748,0.010004,0.107664,0.304341,0.377596,0.622404,0.121013,0.11344
3739,24,0.497245,0.080748,0.01,0.107665,0.304342,0.377557,0.622443,0.12992,0.130251
3740,24,0.497245,0.080748,0.01,0.107665,0.304342,0.377588,0.622412,0.12374,0.121464
3741,24,0.497143,0.080765,0.010002,0.107687,0.304404,0.377583,0.622417,0.133162,0.132195
3742,24,0.497042,0.080781,0.010002,0.107709,0.304466,0.377518,0.622482,0.124839,0.124709
3743,24,0.496941,0.080798,0.010002,0.107731,0.304529,0.377453,0.622547,0.124839,0.124709
3744,30,0.496998,0.080789,0.009999,0.107719,0.304495,0.377399,0.622601,0.115792,0.116116
3745,24,0.496998,0.080789,0.01,0.107719,0.304494,0.377297,0.622703,0.121572,0.123087
3746,30,0.496896,0.080774,0.009998,0.107699,0.304632,0.3773,0.6227,0.115556,0.113154
3747,24,0.496618,0.080762,0.01013,0.107683,0.304806,0.37726,0.62274,0.129689,0.129975
3748,24,0.496574,0.080755,0.009999,0.107674,0.304998,0.377187,0.622813,0.126472,0.128052
3749,24,0.496362,0.080754,0.01,0.107672,0.305213,0.377148,0.622852,0.121418,0.121684
3750,24,0.496048,0.080703,0.010626,0.107604,0.30502,0.377046,0.622954,0.12153,0.123059
3751,30,0.496013,0.080678,0.010809,0.107571,0.304928,0.376991,0.623009,0.122354,0.122727
3752,24,0.496354,0.080693,0.01038,0.10759,0.304983,0.377012,0.622988,0.118129,0.113416
3753,24,0.496186,0.080698,0.010514,0.107598,0.305004,0.377006,0.622994,0.133108,0.132157
3754,30,0.495728,0.080624,0.011427,0.107499,0.304722,0.376975,0.623025,0.126093,0.126378
3755,30,0.496372,0.080668,0.010513,0.107558,0.30489,0.376773,0.623227,0.103886,0.107592
3756,30,0.496563,0.080697,0.010148,0.107596,0.304997,0.376787,0.623213,0.125629,0.124169
3757,30,0.496123,0.080625,0.011025,0.1075,0.304727,0.376744,0.623256,0.136081,0.136784
3758,30,0.496422,0.080674,0.010429,0.107565,0.30491,0.376763,0.623237,0.126203,0.12459
3759,30,0.496397,0.08067,0.01048,0.107559,0.304895,0.376924,0.623076,0.112826,0.103877
3760,30,0.49639,0.080617,0.010807,0.107489,0.304696,0.376811,0.623189,0.110321,0.113165
3761,30,0.496628,0.080595,0.010703,0.10746,0.304614,0.376636,0.623364,0.120417,0.124715
3762,24,0.496527,0.080507,0.011341,0.107343,0.304281,0.376493,0.623507,0.118114,0.121649
3763,24,0.496939,0.080503,0.010957,0.107337,0.304264,0.37635,0.62365,0.11819,0.121679
3764,30,0.497415,0.08058,0.01001,0.10744,0.304555,0.376386,0.623614,0.119607,0.1164
3765,24,0.497202,0.080545,0.009996,0.107394,0.304864,0.376349,0.623651,0.116885,0.11709
3766,30,0.49708,0.080526,0.010238,0.107367,0.304789,0.376318,0.623682,0.119487,0.119743
3767,24,0.497524,0.080492,0.009996,0.107323,0.304664,0.376242,0.623758,0.099939,0.098942
3768,24,0.497598,0.08048,0.009998,0.107307,0.304617,0.376133,0.623867,0.119739,0.120963
3769,30,0.497495,0.080465,0.009998,0.107287,0.304754,0.376136,0.623864,0.115545,0.113148
3770,24,0.497602,0.080448,0.009998,0.107264,0.304688,0.376127,0.623873,0.119634,0.118825
3771,24,0.497491,0.08043,0.009998,0.10724,0.30484,0.376055,0.623945,0.126525,0.128078
3772,30,0.497364,0.08041,0.010252,0.107213,0.304762,0.376024,0.623976,0.119487,0.119743
3773,24,0.497489,0.08043,0.010003,0.10724,0.304839,0.376075,0.623925,0.115347,0.111131
3774,30,0.497499,0.080429,0.01,0.107238,0.304835,0.376106,0.623894,0.119016,0.115966
3775,30,0.497641,0.080406,0.009997,0.107208,0.304748,0.37599,0.62401,0.115477,0.117735
3776,30,0.497592,0.080413,0.010001,0.107218,0.304776,0.37598,0.62402,0.12147,0.12092
3777,30,0.497545,0.080421,0.010001,0.107228,0.304805,0.376054,0.623946,0.114854,0.11021
3778,24,0.497436,0.080403,0.009998,0.107205,0.304958,0.376051,0.623949,0.120271,0.119249
3779,30,0.497254,0.080356,0.01028,0.107141,0.30497,0.375955,0.624045,0.129294,0.131158
3780,24,0.497607,0.080344,0.009999,0.107125,0.304925,0.375905,0.624095,0.11552,0.116184
3781,24,0.497607,0.080344,0.01,0.107125,0.304925,0.375935,0.624065,0.12367,0.121423
3782,30,0.497582,0.08034,0.010048,0.10712,0.30491,0.375953,0.624047,0.126144,0.124553
3783,24,0.497606,0.080344,0.01,0.107125,0.304924,0.375983,0.624017,0.123641,0.121403
3784,30,0.497505,0.080329,0.009998,0.107106,0.305062,0.375986,0.624014,0.115542,0.113147
3785,30,0.497806,0.08019,0.010548,0.106921,0.304534,0.375624,0.624376,0.101011,0.111964
3786,30,0.498184,0.080212,0.010041,0.106949,0.304615,0.37547,0.62453,0.104653,0.108096
3787,24,0.498102,0.080231,0.010002,0.106975,0.304689,0.375465,0.624535,0.133154,0.132189
3788,30,0.498056,0.080239,0.010001,0.106985,0.304719,0.375539,0.624461,0.114867,0.110219
3789,24,0.4986,0.080152,0.009989,0.106869,0.304389,0.375259,0.624741,0.103161,0.111108
3790,30,0.498394,0.080183,0.010004,0.106911,0.304508,0.375267,0.624733,0.127671,0.125129
3791,24,0.498327,0.080173,0.010136,0.106897,0.304467,0.375228,0.624772,0.129878,0.130219
3792,30,0.498199,0.080152,0.010391,0.10687,0.304389,0.375197,0.624803,0.119487,0.119739
3793,30,0.498047,0.080192,0.010103,0.106923,0.304734,0.37531,0.62469,0.118042,0.111548
3794,24,0.498279,0.080172,0.009997,0.106896,0.304656,0.375317,0.624683,0.109873,0.106748
3795,24,0.498059,0.080136,0.009996,0.106849,0.304961,0.37528,0.62472,0.116885,0.117082
3796,24,0.498227,0.08006,0.010297,0.106747,0.30467,0.37518,0.62482,0.106536,0.106768
3797,30,0.498202,0.080056,0.010345,0.106742,0.304655,0.375199,0.624801,0.126144,0.124553
3798,30,0.498383,0.080082,0.010003,0.106777,0.304755,0.37523,0.62477,0.119014,0.115971
3799,24,0.498277,0.080065,0.009998,0.106753,0.304907,0.375224,0.624776,0.119876,0.118933
3800,30,0.498308,0.080059,0.009999,0.106746,0.304887,0.375327,0.624673,0.118035,0.111269
3801,24,0.498308,0.080059,0.01,0.106746,0.304887,0.375226,0.624774,0.121572,0.123067
3802,24,0.498148,0.08005,0.009999,0.106733,0.305071,0.375437,0.624563,0.11148,0.100149
3803,30,0.498228,0.079982,0.009992,0.106643,0.305156,0.37526,0.62474,0.104913,0.10973
3804,30,0.498298,0.079948,0.010131,0.106597,0.305025,0.375132,0.624868,0.125396,0.128092
3805,30,0.498357,0.079959,0.010001,0.106613,0.305069,0.375165,0.624835,0.118524,0.115073
3806,24,0.498249,0.079942,0.009998,0.106589,0.305222,0.375094,0.624906,0.118205,0.119746
3807,24,0.498247,0.079942,0.01,0.106589,0.305222,0.375056,0.624944,0.121587,0.12191
3808,24,0.49825,0.079941,0.01,0.106589,0.30522,0.375083,0.624917,0.123287,0.121112
3809,24,0.498576,0.07989,0.009994,0.106519,0.305022,0.374973,0.625027,0.108304,0.11058
3810,24,0.498465,0.079871,0.009998,0.106495,0.305171,0.374994,0.625006,0.111539,0.108007
3811,30,0.498405,0.07988,0.010001,0.106507,0.305207,0.3751,0.6249,0.116949,0.110484
3812,30,0.498405,0.07988,0.01,0.106507,0.305207,0.375137,0.624863,0.119599,0.116399
3813,30,0.498473,0.079861,0.010052,0.106481,0.305133,0.375041,0.624959,0.117385,0.118855
3814,30,0.498457,0.079784,0.010543,0.106378,0.304837,0.37493,0.62507,0.125059,0.127404
3815,24,0.498728,0.079827,0.010005,0.106436,0.305003,0.37496,0.62504,0.12369,0.121431
3816,30,0.498731,0.079828,0.01,0.106437,0.305005,0.375014,0.624986,0.112932,0.10907
3817,24,0.498728,0.079793,0.009996,0.106391,0.305092,0.374902,0.625098,0.122414,0.125428
3818,24,0.498882,0.079768,0.009997,0.106357,0.304996,0.374769,0.625231,0.119289,0.122522
3819,30,0.498765,0.079786,0.010002,0.106381,0.305066,0.374794,0.625206,0.13118,0.129094
3820,24,0.498768,0.079786,0.01,0.106381,0.305065,0.374821,0.625179,0.123299,0.121122
3821,30,0.498743,0.079782,0.01005,0.106376,0.305049,0.374874,0.625126,0.11283,0.109006
3822,30,0.498503,0.079773,0.010344,0.106364,0.305016,0.374936,0.625064,0.130743,0.126288
3823,30,0.498675,0.0798,0.010003,0.106401,0.305121,0.374856,0.625144,0.119556,0.120716
3824,24,0.498853,0.079773,0.009996,0.106363,0.305014,0.374862,0.625138,0.110244,0.107388
3825,24,0.499177,0.07972,0.009993,0.106294,0.304815,0.374751,0.625249,0.10821,0.110513
3826,24,0.498853,0.079701,0.009998,0.106268,0.30518,0.374679,0.625321,0.126323,0.127814
3827,24,0.49875,0.079717,0.010002,0.10629,0.305242,0.374674,0.625326,0.133166,0.132201
3828,30,0.499101,0.079662,0.009993,0.106216,0.305029,0.374502,0.625498,0.095019,0.097513
3829,30,0.499001,0.079646,0.009998,0.106194,0.305161,0.374382,0.625618,0.126543,0.129186
3830,24,0.499582,0.079553,0.009988,0.106071,0.304806,0.374143,0.625857,0.094347,0.100823
3831,24,0.500009,0.079483,0.009991,0.105978,0.304538,0.374031,0.625969,0.096396,0.096876
3832,24,0.499841,0.079489,0.010126,0.105985,0.304559,0.374026,0.625974,0.133116,0.132162
3833,30,0.499816,0.079482,0.009999,0.105976,0.304726,0.374011,0.625989,0.122651,0.122246
3834,30,0.499775,0.079458,0.009997,0.105944,0.304826,0.373917,0.626083,0.129383,0.131186
3835,30,0.499998,0.079422,0.009995,0.105896,0.304688,0.373776,0.626224,0.107684,0.109375
3836,30,0.499668,0.079434,0.010255,0.105911,0.304732,0.37382,0.62618,0.144265,0.141511
3837,24,0.499525,0.079427,0.009999,0.105903,0.305146,0.373784,0.626216,0.124704,0.123665
3838,24,0.499525,0.079427,0.01,0.105903,0.305146,0.373684,0.626316,0.121572,0.123048
3839,30,0.499518,0.079428,0.01,0.105904,0.30515,0.373697,0.626303,0.125161,0.123558
3840,30,0.499866,0.079373,0.009993,0.10583,0.304938,0.373586,0.626414,0.094896,0.0952
3841,30,0.499861,0.079342,0.009996,0.105789,0.305012,0.373461,0.626539,0.114414,0.116913
3842,30,0.49964,0.079322,0.009997,0.105763,0.305278,0.373312,0.626688,0.123116,0.126546
3843,30,0.499542,0.079262,0.010465,0.105683,0.305048,0.373179,0.626821,0.126656,0.130551
3844,30,0.4994,0.07924,0.010747,0.105653,0.304961,0.373193,0.626807,0.12615,0.123718
3845,24,0.499775,0.079298,0.010007,0.105731,0.305188,0.373221,0.626779,0.12329,0.121116
3846,24,0.499669,0.079282,0.009998,0.105709,0.305342,0.373218,0.626782,0.1203,0.119269
3847,24,0.499567,0.079298,0.010002,0.10573,0.305404,0.373213,0.626787,0.13317,0.132197
3848,24,0.499466,0.079314,0.010002,0.105752,0.305467,0.373209,0.626791,0.124862,0.123881
3849,24,0.499255,0.079313,0.01,0.10575,0.305682,0.373171,0.626829,0.121438,0.121683
3850,24,0.498934,0.079294,0.009998,0.105725,0.306049,0.373099,0.626901,0.126323,0.127801
3851,24,0.499258,0.079242,0.009993,0.105656,0.30585,0.372989,0.627011,0.108295,0.110547
3852,30,0.49913,0.079222,0.010248,0.105629,0.305771,0.373162,0.626838,0.119487,0.110099
3853,24,0.499065,0.079178,0.010587,0.10557,0.305601,0.373025,0.626975,0.117449,0.120035
3854,30,0.498973,0.079163,0.010424,0.105551,0.305888,0.372867,0.627133,0.111184,0.11498
3855,30,0.499436,0.079157,0.009999,0.105543,0.305864,0.372771,0.627229,0.113255,0.11515
3856,24,0.499603,0.079114,0.0101,0.105485,0.305697,0.372629,0.627371,0.118091,0.121564
3857,24,0.499546,0.079104,0.009999,0.105472,0.305879,0.372623,0.627377,0.119876,0.118925
3858,30,0.499756,0.079071,0.009996,0.105428,0.30575,0.37242,0.62758,0.103355,0.10701
3859,30,0.49981,0.079061,0.009999,0.105415,0.305714,0.372367,0.627633,0.115768,0.116077
3860,24,0.499809,0.079061,0.01,0.105415,0.305714,0.372329,0.627671,0.121587,0.121901
3861,30,0.500019,0.079028,0.009996,0.105371,0.305586,0.37226,0.62774,0.096713,0.095385
3862,24,0.500338,0.078977,0.009994,0.105303,0.305388,0.372186,0.627814,0.100353,0.099577
3863,30,0.500335,0.078977,0.01,0.105302,0.305386,0.372222,0.627778,0.119487,0.116336
3864,30,0.500592,0.078936,0.009995,0.105248,0.305229,0.372164,0.627836,0.10756,0.107936
3865,24,0.50048,0.078918,0.009998,0.105224,0.30538,0.372093,0.627907,0.118217,0.119731
3866,24,0.500478,0.078918,0.01,0.105224,0.305379,0.372056,0.627944,0.121628,0.121923
3867,30,0.500872,0.078856,0.009992,0.105141,0.305139,0.371876,0.628124,0.098948,0.102182
3868,24,0.500703,0.078861,0.010127,0.105149,0.30516,0.371871,0.628129,0.13312,0.132165
3869,24,0.500921,0.078847,0.009998,0.105129,0.305104,0.37174,0.62826,0.111035,0.114186
3870,24,0.500811,0.078829,0.009998,0.105106,0.305256,0.371738,0.628262,0.120288,0.119258
3871,30,0.500609,0.078861,0.010004,0.105148,0.305378,0.371794,0.628206,0.127682,0.124493
3872,24,0.500613,0.078861,0.01,0.105148,0.305378,0.371822,0.628178,0.123287,0.121119
3873,30,0.500797,0.078832,0.009996,0.105109,0.305265,0.371622,0.628378,0.103703,0.10734
3874,30,0.500456,0.078778,0.01067,0.105038,0.305058,0.371531,0.628469,0.129423,0.131017
3875,24,0.500571,0.078828,0.010025,0.105104,0.305471,0.371493,0.628507,0.12975,0.129995
3876,24,0.500111,0.078756,0.010934,0.105008,0.305191,0.371393,0.628607,0.121516,0.122991
3877,24,0.500461,0.07881,0.010029,0.10508,0.30562,0.371387,0.628613,0.119875,0.118929
3878,30,0.500428,0.07882,0.010001,0.105093,0.305658,0.371462,0.628538,0.114857,0.110244
3879,30,0.500403,0.078816,0.010049,0.105088,0.305643,0.371607,0.628393,0.126144,0.117844
3880,30,0.500063,0.078745,0.01049,0.104993,0.30571,0.37146,0.62854,0.123868,0.127516
3881,30,0.49962,0.078675,0.011367,0.1049,0.305439,0.371418,0.628582,0.136079,0.136761
3882,24,0.500102,0.07875,0.010416,0.105,0.305731,0.371446,0.628554,0.123299,0.121125
3883,30,0.500295,0.078778,0.010051,0.105037,0.305839,0.371461,0.628539,0.125629,0.124176
3884,30,0.500415,0.078767,0.009999,0.105023,0.305797,0.371366,0.628634,0.117393,0.11882
3885,30,0.500367,0.078774,0.010001,0.105032,0.305825,0.371356,0.628644,0.121472,0.120916
3886,30,0.500691,0.078723,0.009994,0.104964,0.305628,0.37116,0.62884,0.10211,0.107148
3887,30,0.500361,0.078735,0.010253,0.10498,0.305671,0.371204,0.628796,0.144272,0.141531
3888,30,0.500488,0.078755,0.010003,0.105006,0.305749,0.371241,0.628759,0.119588,0.116403
3889,24,0.500489,0.078755,0.01,0.105006,0.30575,0.371272,0.628728,0.123683,0.121442
3890,24,0.500489,0.078755,0.01,0.105006,0.30575,0.371234,0.628766,0.129895,0.130213
3891,24,0.500278,0.078754,0.01,0.105005,0.305964,0.371196,0.628804,0.129746,0.129991
3892,24,0.500278,0.078753,0.01,0.105005,0.305964,0.371159,0.628841,0.121657,0.121941
3893,30,0.50047,0.078693,0.009992,0.104924,0.305921,0.371103,0.628897,0.109679,0.109465
3894,30,0.500813,0.078638,0.009993,0.10485,0.305706,0.370993,0.629007,0.094822,0.095106
3895,30,0.500738,0.078599,0.010307,0.104799,0.305556,0.370931,0.629069,0.116193,0.117595
3896,30,0.500804,0.078607,0.010001,0.104809,0.305779,0.370917,0.629083,0.122647,0.12224
3897,24,0.500703,0.078623,0.010002,0.104831,0.305841,0.370913,0.629087,0.124866,0.123883
3898,30,0.500657,0.07863,0.010001,0.104841,0.305871,0.370854,0.629146,0.121472,0.121825
3899,24,0.50059,0.07862,0.010133,0.104827,0.30583,0.370816,0.629184,0.129878,0.1302
3900,30,0.500913,0.07859,0.009996,0.104787,0.305714,0.370725,0.629275,0.114115,0.116051
3901,30,0.500785,0.07857,0.01025,0.10476,0.305635,0.370695,0.629305,0.119487,0.119726
3902,24,0.50091,0.07859,0.010003,0.104786,0.305712,0.370748,0.629252,0.115347,0.111159
3903,30,0.500886,0.078586,0.010051,0.104781,0.305697,0.370767,0.629233,0.126144,0.124563
3904,30,0.500815,0.078575,0.009999,0.104766,0.305846,0.370708,0.629292,0.116563,0.117826
3905,30,0.500347,0.078501,0.010923,0.104668,0.30556,0.370628,0.629372,0.119432,0.1206
3906,30,0.500343,0.078554,0.010408,0.104738,0.305957,0.370671,0.629329,0.134259,0.129596
3907,24,0.500754,0.078549,0.010024,0.104733,0.30594,0.37053,0.62947,0.118142,0.121561
3908,30,0.500382,0.07853,0.009998,0.104707,0.306384,0.370539,0.629461,0.113529,0.111089
3909,30,0.500254,0.07851,0.010252,0.10468,0.306305,0.370509,0.629491,0.119487,0.119726
3910,30,0.500125,0.07849,0.010506,0.104653,0.306226,0.37043,0.62957,0.119487,0.120633
3911,24,0.500528,0.078471,0.009998,0.104629,0.306375,0.370297,0.629703,0.106055,0.10923
3912,30,0.500398,0.078371,0.010756,0.104494,0.305981,0.370145,0.629855,0.124044,0.128236
3913,24,0.500513,0.07842,0.010111,0.104561,0.306395,0.370053,0.629947,0.121427,0.122176
3914,30,0.500151,0.078378,0.010391,0.104505,0.306575,0.369962,0.630038,0.119739,0.122043
3915,24,0.500561,0.078341,0.009995,0.104455,0.306648,0.369819,0.630181,0.104832,0.108274
3916,24,0.500879,0.07829,0.009994,0.104387,0.30645,0.369761,0.630239,0.098266,0.096915
3917,30,0.50086,0.078287,0.010032,0.104383,0.306438,0.369682,0.630318,0.119477,0.120616
3918,30,0.500719,0.078265,0.010309,0.104354,0.306352,0.369846,0.630154,0.112819,0.103982
3919,30,0.50068,0.078267,0.010149,0.104355,0.306549,0.369998,0.630002,0.117519,0.109149
3920,24,0.500757,0.078278,0.010001,0.10437,0.306593,0.370026,0.629974,0.123299,0.121134
3921,24,0.500758,0.078278,0.01,0.104371,0.306594,0.369988,0.630012,0.129895,0.130208
3922,30,0.500751,0.078279,0.01,0.104372,0.306598,0.370002,0.629998,0.125162,0.123563
3923,30,0.500727,0.078275,0.010048,0.104367,0.306583,0.370147,0.629853,0.126144,0.117867
3924,24,0.500644,0.078261,0.009998,0.104348,0.306748,0.370141,0.629859,0.119871,0.118923
3925,24,0.500533,0.078244,0.009998,0.104325,0.3069,0.37007,0.62993,0.118159,0.119679
3926,30,0.500609,0.078202,0.009995,0.104269,0.306926,0.370105,0.629895,0.110967,0.106741
3927,30,0.500604,0.078172,0.009996,0.104229,0.307,0.369981,0.630019,0.114407,0.116864
3928,24,0.500144,0.0781,0.010906,0.104133,0.306718,0.369881,0.630119,0.121516,0.122977
3929,30,0.500172,0.078046,0.011215,0.104061,0.306506,0.369765,0.630235,0.119128,0.120797
3930,30,0.500251,0.078058,0.011059,0.104077,0.306554,0.369802,0.630198,0.119491,0.116339
3931,24,0.500482,0.078094,0.010603,0.104125,0.306696,0.369833,0.630167,0.123668,0.121447
3932,30,0.500442,0.078095,0.010443,0.104127,0.306893,0.369895,0.630105,0.134144,0.129081
3933,24,0.500444,0.078096,0.01,0.104127,0.307333,0.369859,0.630141,0.116885,0.117063
3934,24,0.500193,0.078001,0.010841,0.104002,0.306962,0.369715,0.630285,0.116417,0.119208
3935,30,0.500175,0.077999,0.010876,0.103998,0.306951,0.369734,0.630266,0.126141,0.124561
3936,24,0.50029,0.078048,0.010231,0.104064,0.307366,0.369696,0.630304,0.129746,0.129987
3937,30,0.500644,0.078029,0.009998,0.104039,0.307291,0.369547,0.630453,0.097718,0.09977
3938,24,0.500431,0.078028,0.01,0.104037,0.307505,0.36951,0.63049,0.121438,0.121666
3939,24,0.500434,0.078027,0.01,0.104036,0.307503,0.369538,0.630462,0.123287,0.121126
3940,30,0.500061,0.078032,0.010001,0.104042,0.307864,0.369514,0.630486,0.119333,0.118996
3941,30,0.4996,0.07796,0.010914,0.103946,0.30758,0.369638,0.630362,0.126101,0.118637
3942,30,0.499922,0.077901,0.010959,0.103868,0.30735,0.369438,0.630562,0.101426,0.106534
3943,30,0.500169,0.077911,0.010652,0.103881,0.307387,0.369461,0.630539,0.122339,0.119791
3944,24,0.500496,0.077961,0.010007,0.103949,0.307588,0.369492,0.630508,0.123693,0.121456
3945,24,0.500288,0.077961,0.01,0.103948,0.307804,0.369454,0.630546,0.121417,0.121655
3946,24,0.500454,0.077932,0.010017,0.103909,0.307689,0.36931,0.63069,0.116458,0.119229
3947,30,0.50043,0.077928,0.010065,0.103904,0.307674,0.369329,0.630671,0.126144,0.124566
3948,24,0.500352,0.077916,0.009998,0.103888,0.307846,0.369258,0.630742,0.118208,0.119708
3949,24,0.500244,0.077898,0.009998,0.103864,0.307996,0.369252,0.630748,0.119855,0.11891
3950,30,0.500494,0.077859,0.009995,0.103812,0.307841,0.369156,0.630844,0.113153,0.115056
3951,24,0.500491,0.077858,0.01,0.103811,0.307839,0.369359,0.630641,0.115333,0.104544
3952,24,0.500384,0.077841,0.009998,0.103788,0.307989,0.369353,0.630647,0.119855,0.11891
3953,24,0.500281,0.077857,0.010002,0.103809,0.308051,0.369291,0.630709,0.124847,0.124665
3954,24,0.500071,0.077856,0.01,0.103807,0.308266,0.369254,0.630746,0.121429,0.121666
3955,24,0.500073,0.077855,0.01,0.103807,0.308265,0.369308,0.630692,0.114962,0.110513
3956,30,0.500049,0.077851,0.010048,0.103802,0.30825,0.369327,0.630673,0.126144,0.124566
3957,30,0.50003,0.077848,0.010086,0.103798,0.308238,0.369248,0.630752,0.119477,0.120618
3958,24,0.500075,0.077855,0.010001,0.103806,0.308263,0.369276,0.630724,0.123299,0.121136
3959,24,0.499966,0.077838,0.009998,0.103783,0.308415,0.369274,0.630726,0.120291,0.119262
3960,30,0.499541,0.077772,0.010495,0.103695,0.308496,0.369163,0.630837,0.117775,0.12086
3961,30,0.499834,0.077803,0.010004,0.103737,0.308622,0.369029,0.630971,0.106919,0.109883
3962,24,0.499729,0.077786,0.009998,0.103715,0.308773,0.369024,0.630976,0.119867,0.118917
3963,24,0.500161,0.077718,0.009991,0.103624,0.308505,0.368894,0.631106,0.10261,0.103701
3964,24,0.500055,0.077733,0.010002,0.103645,0.308565,0.36889,0.63111,0.13317,0.132196
3965,24,0.500053,0.077685,0.010312,0.10358,0.308371,0.368758,0.631242,0.119253,0.122414
3966,30,0.499924,0.077665,0.010566,0.103553,0.308292,0.368679,0.631321,0.119487,0.120618
3967,24,0.500105,0.077725,0.010008,0.103633,0.30853,0.368675,0.631325,0.124862,0.12388
3968,24,0.499898,0.077724,0.01,0.103632,0.308746,0.368637,0.631363,0.129738,0.129975
3969,30,0.49982,0.077683,0.009995,0.103577,0.308926,0.368465,0.631535,0.109032,0.11304
3970,24,0.499606,0.077681,0.01,0.103575,0.309138,0.368427,0.631573,0.129733,0.129973
3971,30,0.499582,0.077677,0.010048,0.10357,0.309123,0.368446,0.631554,0.126144,0.124566
3972,24,0.499608,0.07768,0.01,0.103574,0.309137,0.368474,0.631526,0.123287,0.12113
3973,24,0.499671,0.077622,0.010309,0.103496,0.308903,0.368333,0.631667,0.118109,0.121517
3974,24,0.499628,0.077615,0.010394,0.103487,0.308876,0.368234,0.631766,0.121558,0.122983
3975,24,0.499723,0.077661,0.010006,0.103549,0.309061,0.368173,0.631827,0.124847,0.124653
3976,24,0.499507,0.077628,0.009996,0.103504,0.309366,0.368069,0.631931,0.114767,0.117478
3977,24,0.499454,0.077635,0.010001,0.103514,0.309396,0.36814,0.63186,0.123228,0.11721
3978,24,0.499457,0.077635,0.01,0.103513,0.309395,0.368168,0.631832,0.123299,0.12114
3979,30,0.499431,0.077631,0.010051,0.103508,0.309379,0.368199,0.631801,0.119477,0.115579
3980,30,0.499354,0.077621,0.009999,0.103495,0.309531,0.368205,0.631795,0.115542,0.113152
3981,30,0.499014,0.077568,0.010673,0.103424,0.30932,0.368196,0.631804,0.129423,0.126975
3982,24,0.499114,0.077584,0.010474,0.103445,0.309382,0.368159,0.631841,0.129893,0.130201
3983,24,0.499195,0.077628,0.010115,0.103504,0.309559,0.368265,0.631735,0.116525,0.110192
3984,24,0.499252,0.077637,0.010001,0.103516,0.309594,0.368297,0.631703,0.123695,0.121462
3985,24,0.499255,0.077636,0.01,0.103515,0.309593,0.368351,0.631649,0.114962,0.110519
3986,30,0.499456,0.077602,0.010015,0.10347,0.309457,0.368232,0.631768,0.116101,0.119035
3987,30,0.499328,0.077582,0.010269,0.103443,0.309377,0.368153,0.631847,0.119487,0.120614
3988,24,0.49936,0.077619,0.010005,0.103492,0.309524,0.368149,0.631851,0.124862,0.123881
3989,30,0.499294,0.07763,0.010001,0.103507,0.309568,0.368365,0.631635,0.123161,0.11214
3990,24,0.499292,0.077597,0.009996,0.103462,0.309654,0.368323,0.631677,0.11623,0.116624
3991,30,0.499331,0.077559,0.010195,0.103412,0.309503,0.368209,0.631791,0.115413,0.1176
3992,30,0.499614,0.077545,0.009998,0.103394,0.309448,0.368048,0.631952,0.103714,0.107467
3993,24,0.499563,0.077553,0.010001,0.103404,0.309479,0.3683,0.6317,0.114919,0.102247
3994,30,0.499598,0.077515,0.010208,0.103353,0.309326,0.368186,0.631814,0.11541,0.117595
3995,30,0.499921,0.077408,0.010559,0.103211,0.308901,0.367851,0.632149,0.103317,0.113032
3996,30,0.50033,0.077406,0.010161,0.103209,0.308894,0.367732,0.632268,0.109451,0.112367
3997,24,0.50025,0.07741,0.01,0.103213,0.309127,0.367731,0.632269,0.128114,0.125956
3998,24,0.50014,0.077393,0.009998,0.10319,0.309279,0.367729,0.632271,0.120304,0.119268
3999,30,0.499961,0.077367,0.009997,0.103156,0.309519,0.367686,0.632314,0.110156,0.109339
4000,24,0.499689,0.077341,0.009997,0.103121,0.309853,0.367652,0.632348,0.124678,0.123623
4001,24,0.499586,0.077356,0.010002,0.103141,0.309914,0.367648,0.632352,0.12485,0.123869
4002,30,0.499415,0.07733,0.009997,0.103106,0.310152,0.367726,0.632274,0.104535,0.099063
4003,24,0.499414,0.077329,0.01,0.103106,0.310151,0.367689,0.632311,0.121587,0.121882
4004,24,0.499634,0.077295,0.009996,0.103061,0.310014,0.367549,0.632451,0.118197,0.121558
4005,30,0.499632,0.077295,0.01,0.10306,0.310013,0.36746,0.63254,0.129525,0.131042
4006,24,0.499471,0.077286,0.009999,0.103048,0.310196,0.367675,0.632325,0.111478,0.100321
4007,30,0.499447,0.077282,0.010047,0.103043,0.310181,0.367695,0.632305,0.126144,0.124567
4008,24,0.499361,0.077269,0.009998,0.103025,0.310347,0.367624,0.632376,0.126454,0.127973
4009,30,0.499335,0.077265,0.010049,0.10302,0.310331,0.367655,0.632345,0.119477,0.115579
4010,24,0.499682,0.077219,0.009994,0.102959,0.310146,0.367431,0.632569,0.106548,0.111341
4011,30,0.499666,0.077168,0.009993,0.10289,0.310283,0.36724,0.63276,0.102049,0.107576
4012,30,0.499491,0.077141,0.009997,0.102854,0.310518,0.367164,0.632836,0.127774,0.128496
4013,30,0.499755,0.077099,0.009995,0.102799,0.310352,0.36707,0.63293,0.113619,0.115648
4014,24,0.499642,0.077082,0.009998,0.102776,0.310502,0.367068,0.632932,0.120229,0.11922
4015,24,0.499641,0.077082,0.01,0.102776,0.310501,0.367031,0.632969,0.121628,0.121905
4016,30,0.499729,0.077067,0.010006,0.102756,0.310441,0.366977,0.633023,0.118709,0.118532
4017,24,0.499839,0.077051,0.009998,0.102735,0.310377,0.3669,0.6331,0.117474,0.119198
4018,24,0.499838,0.077051,0.01,0.102735,0.310377,0.366802,0.633198,0.121575,0.122981
4019,30,0.499838,0.077051,0.01,0.102735,0.310377,0.366858,0.633142,0.112943,0.10913
4020,30,0.499768,0.077062,0.010001,0.102749,0.31042,0.367074,0.632926,0.123163,0.11217
4021,30,0.499825,0.077053,0.009999,0.102737,0.310385,0.367023,0.632977,0.122453,0.122721
4022,30,0.499778,0.07706,0.010001,0.102747,0.310414,0.367003,0.632997,0.138099,0.137955
4023,24,0.499668,0.077043,0.009998,0.102725,0.310566,0.367001,0.632999,0.120283,0.119256
4024,30,0.499359,0.077034,0.009999,0.102712,0.310896,0.367061,0.632939,0.118853,0.114733
4025,30,0.499202,0.077031,0.01,0.102708,0.311059,0.367246,0.632754,0.120409,0.110722
4026,30,0.499001,0.077062,0.010004,0.102749,0.311184,0.367391,0.632609,0.121042,0.113593
4027,30,0.499352,0.077009,0.009993,0.102678,0.310968,0.367222,0.632778,0.094891,0.097295
4028,24,0.499239,0.076991,0.009998,0.102655,0.311117,0.36722,0.63278,0.120254,0.119235
4029,30,0.499238,0.076991,0.01,0.102655,0.311117,0.36734,0.63266,0.119487,0.112354
4030,30,0.499095,0.076983,0.009999,0.102645,0.311278,0.367253,0.632747,0.118486,0.119846
4031,30,0.49936,0.076943,0.009995,0.10259,0.311113,0.367158,0.632842,0.113592,0.115627
4032,24,0.499248,0.076925,0.009998,0.102567,0.311262,0.367087,0.632913,0.118171,0.119665
4033,24,0.499181,0.076915,0.01013,0.102553,0.311221,0.36705,0.63295,0.129878,0.130187
4034,30,0.498949,0.076941,0.010003,0.102588,0.311519,0.367032,0.632968,0.124691,0.123191
4035,30,0.498903,0.076949,0.010001,0.102598,0.311549,0.367023,0.632977,0.121472,0.120909
4036,30,0.498996,0.076935,0.009998,0.102579,0.311492,0.366878,0.633122,0.11208,0.115268
4037,24,0.498944,0.076942,0.010001,0.10259,0.311523,0.366978,0.633022,0.123241,0.117147
4038,30,0.499085,0.076921,0.009997,0.102561,0.311436,0.366826,0.633174,0.111326,0.114712
4039,30,0.499084,0.07692,0.01,0.102561,0.311435,0.366864,0.633136,0.119542,0.116387
4040,24,0.499137,0.076912,0.009999,0.10255,0.311402,0.366934,0.633066,0.12167,0.116694
4041,24,0.499137,0.076912,0.01,0.10255,0.311402,0.366897,0.633103,0.129924,0.130217
4042,24,0.499035,0.076928,0.010002,0.10257,0.311465,0.366893,0.633107,0.133166,0.132197
4043,24,0.498926,0.076911,0.009998,0.102548,0.311617,0.366891,0.633109,0.120278,0.119256
4044,24,0.498925,0.076911,0.01,0.102548,0.311616,0.366854,0.633146,0.121612,0.121895
4045,30,0.499275,0.076857,0.009993,0.102476,0.311398,0.366685,0.633315,0.094858,0.097269
4046,24,0.499529,0.076817,0.009995,0.102423,0.311236,0.366753,0.633247,0.101504,0.095671
4047,24,0.499526,0.076817,0.01,0.102422,0.311235,0.366716,0.633284,0.129895,0.130197
4048,30,0.499526,0.076817,0.01,0.102422,0.311235,0.366754,0.633246,0.119531,0.116381
4049,24,0.499315,0.076816,0.01,0.102421,0.311449,0.366717,0.633283,0.129729,0.129967
4050,30,0.499267,0.076823,0.010001,0.10243,0.311478,0.366648,0.633352,0.131483,0.132213
4051,30,0.499127,0.076801,0.010278,0.102402,0.311391,0.366679,0.633321,0.119466,0.115573
4052,30,0.499378,0.076796,0.01006,0.102395,0.311371,0.36652,0.63348,0.122083,0.125918
4053,30,0.49925,0.076777,0.010314,0.102369,0.311291,0.366586,0.633414,0.119487,0.115225
4054,24,0.499337,0.07679,0.010141,0.102387,0.311345,0.366617,0.633383,0.123641,0.121433
4055,30,0.499293,0.076766,0.009997,0.102354,0.31159,0.366484,0.633516,0.107384,0.11049
4056,30,0.499402,0.076718,0.010194,0.102291,0.311396,0.366309,0.633691,0.119869,0.12403
4057,24,0.499719,0.076699,0.009998,0.102265,0.311319,0.36617,0.63383,0.10991,0.113241
4058,24,0.500039,0.07665,0.009994,0.102199,0.311118,0.366114,0.633886,0.098275,0.096915
4059,30,0.500183,0.076626,0.009997,0.102169,0.311025,0.366058,0.633942,0.09758,0.095824
4060,30,0.500367,0.076598,0.009996,0.10213,0.310909,0.365898,0.634102,0.10375,0.107445
4061,24,0.500263,0.076613,0.010002,0.102151,0.310971,0.365895,0.634105,0.13317,0.132197
4062,24,0.500264,0.076613,0.01,0.102151,0.310971,0.365858,0.634142,0.121587,0.121875
4063,30,0.500217,0.076621,0.010001,0.102161,0.311001,0.3658,0.6342,0.12147,0.121798
4064,24,0.500174,0.076614,0.010086,0.102152,0.310974,0.365763,0.634237,0.121558,0.121855
4065,24,0.50022,0.07662,0.010001,0.10216,0.310999,0.365792,0.634208,0.123299,0.121147
4066,30,0.500091,0.0766,0.010255,0.102134,0.310919,0.365714,0.634286,0.119487,0.120595
4067,24,0.500219,0.07662,0.010003,0.10216,0.310999,0.365768,0.634232,0.115347,0.111186
4068,30,0.50002,0.076598,0.009997,0.102131,0.311254,0.365763,0.634237,0.114776,0.111708
4069,30,0.499577,0.07653,0.010874,0.10204,0.310978,0.365722,0.634278,0.136081,0.136738
4070,30,0.499892,0.076537,0.010322,0.10205,0.311198,0.365693,0.634307,0.111447,0.110111
4071,24,0.500054,0.076562,0.010003,0.102083,0.311299,0.365656,0.634344,0.12992,0.130207
4072,30,0.499986,0.076573,0.010001,0.102097,0.311343,0.365873,0.634127,0.123163,0.112196
4073,30,0.500532,0.076489,0.009989,0.101986,0.311004,0.365584,0.634416,0.092172,0.100383
4074,24,0.500526,0.076489,0.01,0.101985,0.311,0.365615,0.634385,0.123641,0.121434
4075,30,0.500759,0.076453,0.009995,0.101937,0.310855,0.365558,0.634442,0.125076,0.124748
4076,24,0.501081,0.076403,0.009993,0.101871,0.310652,0.36545,0.63455,0.108229,0.110419
4077,24,0.50108,0.076402,0.01,0.10187,0.310649,0.365479,0.634521,0.123299,0.121148
4078,30,0.501015,0.076383,0.009997,0.101843,0.310761,0.365552,0.634448,0.115045,0.109791
4079,24,0.501017,0.076382,0.01,0.101843,0.310759,0.365581,0.634419,0.123287,0.121136
4080,30,0.500573,0.076314,0.010877,0.101752,0.310484,0.36554,0.63446,0.136081,0.136738
4081,24,0.501015,0.076381,0.010009,0.101841,0.310755,0.365569,0.634431,0.123299,0.121158
4082,24,0.501021,0.076381,0.01,0.101842,0.310756,0.365598,0.634402,0.123299,0.121146
4083,24,0.501024,0.076381,0.01,0.101841,0.310754,0.365627,0.634373,0.123287,0.121136
4084,24,0.501243,0.076347,0.009996,0.101796,0.310618,0.365487,0.634513,0.109822,0.113166
4085,24,0.501241,0.076347,0.01,0.101796,0.310616,0.365519,0.634481,0.12374,0.121502
4086,24,0.501198,0.07634,0.010085,0.101787,0.31059,0.365572,0.634428,0.121558,0.116401
4087,24,0.501243,0.076347,0.010001,0.101795,0.310615,0.365601,0.634399,0.123287,0.121136
4088,30,0.501296,0.076312,0.009995,0.101749,0.310648,0.365428,0.634572,0.102792,0.107115
4089,24,0.501186,0.076294,0.009998,0.101726,0.310796,0.365423,0.634577,0.119846,0.118903
4090,30,0.501185,0.076294,0.01,0.101725,0.310796,0.365462,0.634538,0.119588,0.116425
4091,30,0.501263,0.076282,0.009998,0.101709,0.310747,0.365287,0.634713,0.106345,0.109289
4092,30,0.501663,0.076159,0.010388,0.101545,0.310245,0.364925,0.635075,0.100439,0.111048
4093,24,0.501756,0.076204,0.010006,0.101605,0.310429,0.364922,0.635078,0.124866,0.123893
4094,30,0.502023,0.076164,0.009995,0.101552,0.310266,0.364828,0.635172,0.113548,0.115572
4095,30,0.502029,0.076162,0.01,0.10155,0.310259,0.364862,0.635138,0.119015,0.116005
4096,24,0.502031,0.076162,0.01,0.101549,0.310258,0.364891,0.635109,0.123287,0.121139
4097,24,0.501753,0.07615,0.010132,0.101534,0.310431,0.364854,0.635146,0.129683,0.12993
4098,30,0.501965,0.076138,0.009998,0.101518,0.310381,0.364702,0.635298,0.10422,0.107486
4099,24,0.501966,0.076138,0.01,0.101517,0.310379,0.364731,0.635269,0.123287,0.121139
4100,24,0.501688,0.076126,0.010132,0.101502,0.310552,0.364694,0.635306,0.129683,0.129925
4101,30,0.501662,0.076121,0.009999,0.101495,0.310722,0.364621,0.635379,0.113662,0.114768
4102,30,0.501662,0.076121,0.01,0.101495,0.310722,0.364659,0.635341,0.119487,0.11636
4103,24,0.501552,0.076104,0.009998,0.101472,0.310874,0.364589,0.635411,0.126479,0.127963
4104,24,0.501441,0.076087,0.009998,0.10145,0.311024,0.364587,0.635413,0.120229,0.119219
4105,24,0.50144,0.076087,0.01,0.10145,0.311023,0.364642,0.635358,0.115347,0.111192
4106,24,0.501442,0.076087,0.01,0.101449,0.311022,0.364671,0.635329,0.123287,0.121139
4107,30,0.501395,0.076094,0.010001,0.101459,0.311051,0.364651,0.635349,0.138102,0.137956
4108,30,0.501683,0.07605,0.009994,0.1014,0.310872,0.364662,0.635338,0.112615,0.109504
4109,30,0.501945,0.07601,0.009995,0.101346,0.310705,0.364568,0.635432,0.113584,0.115595
4110,24,0.501891,0.076017,0.010001,0.101356,0.310735,0.364641,0.635359,0.123232,0.117235
4111,24,0.501894,0.076017,0.01,0.101355,0.310734,0.36467,0.63533,0.123299,0.12115
4112,30,0.501888,0.076018,0.01,0.101357,0.310738,0.364685,0.635315,0.125185,0.123585
4113,30,0.501926,0.075982,0.009995,0.10131,0.310787,0.364656,0.635344,0.111442,0.110101
4114,24,0.501923,0.075982,0.01,0.101309,0.310785,0.36462,0.63538,0.12164,0.121906
4115,30,0.501835,0.075966,0.009998,0.101288,0.310913,0.364606,0.635394,0.122631,0.12222
4116,30,0.50139,0.075899,0.010875,0.101199,0.310637,0.364693,0.635307,0.136081,0.130106
4117,30,0.501365,0.075895,0.010924,0.101193,0.310622,0.364749,0.635251,0.112827,0.109066
4118,30,0.501263,0.075863,0.011042,0.10115,0.310681,0.364668,0.635332,0.119315,0.120646
4119,30,0.501135,0.075843,0.011296,0.101124,0.310602,0.364734,0.635266,0.119484,0.115234
4120,24,0.501746,0.075838,0.010721,0.101117,0.310579,0.364626,0.635374,0.108233,0.110406
4121,24,0.501752,0.075869,0.010073,0.101159,0.311147,0.364555,0.635445,0.126296,0.127721
4122,24,0.501434,0.075821,0.0107,0.101095,0.31095,0.364457,0.635543,0.12153,0.122933
4123,24,0.501684,0.07589,0.010009,0.101186,0.311231,0.364454,0.635546,0.133165,0.132193
4124,30,0.501752,0.075852,0.010181,0.101136,0.311078,0.364377,0.635623,0.116982,0.118032
4125,30,0.501843,0.075866,0.010002,0.101155,0.311134,0.364416,0.635584,0.119542,0.116402
4126,30,0.501852,0.075865,0.01,0.101153,0.311129,0.364477,0.635523,0.125629,0.12154
4127,24,0.501905,0.075857,0.009999,0.101142,0.311096,0.364548,0.635452,0.121676,0.116718
4128,30,0.502456,0.075773,0.009989,0.101031,0.310752,0.364255,0.635745,0.091416,0.099573
4129,24,0.502455,0.075771,0.01,0.101029,0.310746,0.364213,0.635787,0.120856,0.121254
4130,24,0.502774,0.075723,0.009994,0.100964,0.310546,0.363991,0.636009,0.106532,0.111243
4131,30,0.503346,0.075635,0.009988,0.100846,0.310185,0.363693,0.636307,0.09087,0.099202
4132,30,0.503293,0.075641,0.010001,0.100855,0.310211,0.363625,0.636375,0.131502,0.1322
4133,30,0.502866,0.075577,0.010498,0.100769,0.31029,0.363515,0.636485,0.117761,0.120787
4134,24,0.503008,0.075597,0.010003,0.100797,0.310595,0.36351,0.63649,0.119858,0.118914
4135,24,0.502798,0.075596,0.01,0.100795,0.31081,0.36342,0.63658,0.121414,0.122109
4136,24,0.502712,0.075518,0.010594,0.10069,0.310486,0.363279,0.636721,0.118027,0.121385
4137,24,0.503333,0.075514,0.009999,0.100685,0.310469,0.363172,0.636828,0.108296,0.110427
4138,30,0.503489,0.07549,0.009997,0.100653,0.310371,0.363062,0.636938,0.110381,0.113036
4139,30,0.503488,0.075489,0.01,0.100653,0.31037,0.363119,0.636881,0.112885,0.109108
4140,30,0.503546,0.075442,0.010247,0.100589,0.310175,0.363041,0.636959,0.115873,0.117646
4141,30,0.504222,0.075377,0.009991,0.100502,0.309907,0.362712,0.637288,0.085732,0.095053
4142,24,0.50422,0.075376,0.01,0.100501,0.309903,0.362741,0.637259,0.123287,0.121144
4143,24,0.50422,0.075376,0.01,0.100501,0.309903,0.362773,0.637227,0.12367,0.121464
4144,24,0.504001,0.075342,0.009996,0.100456,0.310204,0.362735,0.637265,0.116425,0.116666
4145,24,0.503677,0.075324,0.009998,0.100432,0.310569,0.362665,0.637335,0.1263,0.127716
4146,24,0.503625,0.075332,0.010001,0.100442,0.3106,0.362704,0.637296,0.131557,0.127775
4147,30,0.503939,0.075284,0.009994,0.100379,0.310404,0.36251,0.63749,0.101922,0.106769
4148,30,0.504076,0.075263,0.009997,0.10035,0.310314,0.362364,0.637636,0.105488,0.108815
4149,24,0.504181,0.075213,0.009993,0.100284,0.310329,0.362191,0.637809,0.106406,0.110888
4150,24,0.504028,0.075125,0.010715,0.100166,0.309965,0.362051,0.637949,0.118027,0.121363
4151,30,0.504428,0.075122,0.010333,0.100163,0.309954,0.361933,0.638067,0.116075,0.118935
4152,24,0.504516,0.075135,0.010161,0.10018,0.310008,0.361988,0.638012,0.115333,0.111195
4153,24,0.504597,0.075147,0.010002,0.100196,0.310058,0.361952,0.638048,0.121587,0.121862
4154,30,0.504472,0.075129,0.010248,0.100171,0.309981,0.361912,0.638088,0.136138,0.136759
4155,30,0.504597,0.075147,0.010002,0.100196,0.310058,0.361884,0.638116,0.119545,0.119739
4156,30,0.504601,0.075104,0.010274,0.100139,0.309881,0.361731,0.638269,0.110699,0.113975
4157,30,0.504443,0.075141,0.010005,0.100188,0.310224,0.361704,0.638296,0.13472,0.133596
4158,24,0.504445,0.075141,0.01,0.100188,0.310225,0.361608,0.638392,0.121572,0.122929
4159,24,0.504448,0.075141,0.01,0.100188,0.310224,0.361638,0.638362,0.123299,0.121158
4160,30,0.504249,0.075171,0.010004,0.100228,0.310348,0.361651,0.638349,0.127719,0.12517
4161,24,0.50415,0.075187,0.010002,0.100249,0.310413,0.361592,0.638408,0.124845,0.12461
4162,24,0.5041,0.075194,0.010001,0.100259,0.310445,0.361847,0.638153,0.114912,0.102402
4163,30,0.504445,0.075142,0.009993,0.10019,0.31023,0.36165,0.63835,0.101447,0.106378
4164,24,0.504659,0.075109,0.009996,0.100145,0.310092,0.361511,0.638489,0.109854,0.11313
4165,24,0.504652,0.075076,0.009996,0.100101,0.310175,0.36147,0.63853,0.116196,0.116569
4166,30,0.50488,0.075041,0.009995,0.100054,0.31003,0.361454,0.638546,0.10846,0.106675
4167,30,0.504689,0.075011,0.010035,0.100015,0.310251,0.361329,0.638671,0.11482,0.117701
4168,30,0.5048,0.074949,0.010325,0.099932,0.309994,0.361235,0.638765,0.113463,0.11548
4169,24,0.504803,0.074965,0.010002,0.099953,0.310278,0.361299,0.638701,0.119814,0.11538
4170,30,0.504855,0.07491,0.010303,0.09988,0.310052,0.361262,0.638738,0.109332,0.10894
4171,30,0.504934,0.074922,0.010147,0.099896,0.310101,0.361384,0.638616,0.119482,0.11243
4172,30,0.504835,0.074907,0.009998,0.099876,0.310384,0.361263,0.638737,0.127774,0.131174
4173,30,0.504654,0.074882,0.009997,0.099843,0.310624,0.361222,0.638778,0.110148,0.10929
4174,24,0.504552,0.074897,0.010002,0.099863,0.310686,0.361164,0.638836,0.124863,0.124619
4175,30,0.504546,0.074898,0.01,0.099865,0.310691,0.361179,0.638821,0.125186,0.123589
4176,24,0.5047,0.074875,0.009997,0.099834,0.310594,0.361049,0.638951,0.11926,0.122309
4177,30,0.504554,0.074868,0.009999,0.099824,0.310755,0.361098,0.638902,0.111879,0.10836
4178,24,0.504453,0.074883,0.010002,0.099844,0.310818,0.361096,0.638904,0.124878,0.123885
4179,24,0.504631,0.074856,0.009996,0.099808,0.310708,0.361108,0.638892,0.109841,0.106734
4180,24,0.504521,0.074839,0.009998,0.099786,0.310856,0.361104,0.638896,0.119858,0.118911
4181,24,0.504248,0.074814,0.009997,0.099752,0.31119,0.361135,0.638865,0.116369,0.113025
4182,30,0.504247,0.074813,0.01,0.099751,0.311189,0.361047,0.638953,0.129478,0.130954
4183,24,0.504146,0.074829,0.010002,0.099772,0.311252,0.361045,0.638955,0.133182,0.132202
4184,30,0.504147,0.074829,0.01,0.099772,0.311252,0.361103,0.638897,0.112943,0.109159
4185,24,0.504036,0.074812,0.009998,0.09975,0.311404,0.361034,0.638966,0.118216,0.119649
4186,24,0.503927,0.074795,0.009998,0.099727,0.311552,0.36103,0.63897,0.119853,0.118907
4187,24,0.503825,0.074811,0.010002,0.099747,0.311615,0.361028,0.638972,0.124862,0.123875
4188,30,0.503983,0.074787,0.009997,0.099716,0.311517,0.361002,0.638998,0.110375,0.109569
4189,24,0.503984,0.074786,0.01,0.099715,0.311515,0.361032,0.638968,0.123299,0.12116
4190,30,0.503622,0.074733,0.01071,0.099644,0.311291,0.360955,0.639045,0.119443,0.120534
4191,30,0.503656,0.074752,0.010553,0.099669,0.311371,0.361043,0.638957,0.121477,0.116472
4192,24,0.503757,0.074767,0.010354,0.099689,0.311433,0.361007,0.638993,0.129893,0.130174
4193,30,0.50397,0.074763,0.010164,0.099684,0.311418,0.360926,0.639074,0.11258,0.113895
4194,30,0.504018,0.074715,0.01043,0.09962,0.311217,0.360743,0.639257,0.119196,0.123725
4195,30,0.50431,0.074684,0.009996,0.099579,0.311431,0.360568,0.639432,0.104755,0.109342
4196,30,0.504452,0.074662,0.009997,0.099549,0.311339,0.36038,0.63962,0.104081,0.107137
4197,24,0.504453,0.074661,0.01,0.099548,0.311337,0.36041,0.63959,0.123299,0.121161
4198,30,0.504006,0.074595,0.010877,0.09946,0.311061,0.360369,0.639631,0.136081,0.136716
4199,24,0.504239,0.07463,0.010421,0.099506,0.311204,0.360402,0.639598,0.123668,0.12147
4200,30,0.504372,0.074595,0.010512,0.09946,0.311061,0.360298,0.639702,0.103632,0.103807
4201,30,0.504585,0.074496,0.010947,0.099327,0.310646,0.36011,0.63989,0.103698,0.108894
4202,30,0.504525,0.074426,0.011113,0.099235,0.3107,0.360035,0.639965,0.106611,0.106904
4203,24,0.504627,0.074441,0.010915,0.099255,0.310762,0.359999,0.640001,0.129893,0.130168
4204,30,0.505525,0.074418,0.010167,0.099224,0.310666,0.359838,0.640162,0.085189,0.088099
4205,24,0.506015,0.074369,0.009993,0.099159,0.310462,0.359582,0.640418,0.097016,0.104056
4206,30,0.505586,0.074231,0.011323,0.098975,0.309885,0.359431,0.640569,0.123926,0.12799
4207,24,0.505815,0.074295,0.01068,0.09906,0.31015,0.359429,0.640571,0.133199,0.132203
4208,24,0.506265,0.074329,0.010005,0.099106,0.310295,0.359354,0.640646,0.11755,0.119194
4209,30,0.50617,0.074315,0.009998,0.099087,0.310429,0.359383,0.640617,0.109946,0.107185
4210,30,0.506046,0.074297,0.01024,0.099063,0.310353,0.359355,0.640645,0.119487,0.119693
4211,24,0.505845,0.074298,0.01,0.099064,0.310794,0.359285,0.640715,0.126308,0.1277
4212,24,0.505744,0.074313,0.010002,0.099084,0.310857,0.359283,0.640717,0.13319,0.132203
4213,30,0.505555,0.074224,0.01043,0.098965,0.310827,0.359073,0.640927,0.117571,0.123611
4214,30,0.505527,0.074233,0.01005,0.098978,0.311211,0.358939,0.641061,0.113103,0.115921
4215,30,0.505553,0.074237,0.010001,0.098983,0.311227,0.358863,0.641137,0.119556,0.120591
4216,24,0.505452,0.074252,0.010002,0.099003,0.31129,0.358861,0.641139,0.124878,0.12389
4217,30,0.50543,0.074256,0.01,0.099008,0.311306,0.358955,0.641045,0.120507,0.115334
4218,24,0.50538,0.074264,0.010001,0.099018,0.311338,0.359031,0.640969,0.123222,0.11727
4219,24,0.50538,0.074264,0.01,0.099018,0.311338,0.359064,0.640936,0.123695,0.121491
4220,24,0.505269,0.074247,0.009998,0.098996,0.311489,0.358994,0.641006,0.12645,0.12791
4221,24,0.505047,0.074215,0.009996,0.098953,0.31179,0.358891,0.641109,0.123033,0.125672
4222,24,0.505262,0.074182,0.009996,0.098909,0.311652,0.358752,0.641248,0.109781,0.11304
4223,24,0.504797,0.074114,0.010905,0.098818,0.311366,0.358656,0.641344,0.121516,0.122857
4224,24,0.505144,0.074164,0.010007,0.098886,0.311799,0.358656,0.641344,0.120302,0.119272
4225,30,0.504951,0.074166,0.01,0.098887,0.311996,0.358798,0.641202,0.127302,0.119445
4226,30,0.504751,0.074195,0.010004,0.098927,0.312122,0.358845,0.641155,0.144366,0.14164
4227,24,0.504753,0.074196,0.01,0.098928,0.312123,0.35881,0.64119,0.12164,0.121886
4228,30,0.505001,0.074159,0.009995,0.098878,0.311967,0.358716,0.641284,0.113071,0.114887
4229,24,0.504898,0.074173,0.010002,0.098898,0.312029,0.358714,0.641286,0.133186,0.132204
4230,24,0.504798,0.074189,0.010002,0.098918,0.312093,0.358712,0.641288,0.124866,0.123874
4231,24,0.505116,0.074141,0.009994,0.098855,0.311894,0.35862,0.64138,0.106481,0.106569
4232,30,0.505182,0.07411,0.010136,0.098813,0.31176,0.358497,0.641503,0.125368,0.127858
4233,30,0.504934,0.074048,0.010441,0.098731,0.311846,0.358344,0.641656,0.12443,0.128926
4234,24,0.505157,0.074081,0.010004,0.098775,0.311983,0.358401,0.641599,0.115347,0.111223
4235,30,0.505003,0.074076,0.009999,0.098768,0.312154,0.35835,0.64165,0.120626,0.120124
4236,30,0.505256,0.074038,0.009995,0.098717,0.311994,0.358213,0.641787,0.107495,0.111063
4237,30,0.505477,0.074002,0.010008,0.098669,0.311843,0.358197,0.641803,0.11507,0.113304
4238,24,0.505481,0.074003,0.01,0.09867,0.311846,0.358162,0.641838,0.12992,0.130178
4239,24,0.505645,0.073975,0.010017,0.098633,0.311729,0.358022,0.641978,0.11643,0.119046
4240,30,0.505662,0.073975,0.01,0.098633,0.311729,0.358038,0.641962,0.125628,0.124196
4241,24,0.505451,0.073974,0.01,0.098632,0.311944,0.358002,0.641998,0.129741,0.129939
4242,24,0.50534,0.073958,0.009998,0.09861,0.312095,0.357932,0.642068,0.12645,0.127901
4243,24,0.505513,0.073931,0.009996,0.098575,0.311984,0.357944,0.642056,0.110209,0.107375
4244,24,0.505617,0.073915,0.009998,0.098554,0.311916,0.357869,0.642131,0.117521,0.11916
4245,30,0.505416,0.073945,0.010004,0.098593,0.312041,0.357884,0.642116,0.127741,0.125195
4246,24,0.505524,0.07393,0.009998,0.098573,0.311976,0.35792,0.64208,0.10917,0.105563
4247,30,0.505591,0.073919,0.009999,0.098559,0.311932,0.358028,0.641972,0.121468,0.11468
4248,30,0.505837,0.073882,0.009995,0.09851,0.311776,0.357935,0.642065,0.113147,0.114928
4249,30,0.50557,0.073893,0.010001,0.098524,0.312013,0.357984,0.642016,0.134279,0.129669
4250,30,0.505766,0.073864,0.009996,0.098485,0.31189,0.357898,0.642102,0.113995,0.115605
4251,30,0.505243,0.073771,0.011126,0.098361,0.311499,0.357835,0.642165,0.132206,0.132892
4252,24,0.504923,0.073724,0.011751,0.098299,0.311302,0.357891,0.642109,0.12152,0.116422
4253,24,0.505041,0.073771,0.011106,0.098362,0.31172,0.357855,0.642145,0.129754,0.129943
4254,30,0.504593,0.073706,0.011982,0.098275,0.311444,0.357944,0.642056,0.136071,0.13016
4255,24,0.504711,0.073753,0.011337,0.098337,0.311862,0.357908,0.642092,0.129749,0.129939
4256,30,0.504619,0.073739,0.011175,0.098319,0.312148,0.357799,0.642201,0.111147,0.114086
4257,24,0.504736,0.073786,0.010529,0.098382,0.312566,0.357763,0.642237,0.129741,0.129939
4258,30,0.504931,0.073812,0.010164,0.098416,0.312676,0.357779,0.642221,0.125626,0.124196
4259,24,0.504802,0.073823,0.010001,0.098431,0.312942,0.357743,0.642257,0.129736,0.129935
4260,30,0.504943,0.073803,0.009997,0.098403,0.312854,0.357748,0.642252,0.115431,0.113342
4261,30,0.504768,0.073777,0.009997,0.098369,0.313089,0.357688,0.642312,0.117784,0.118975
4262,24,0.504665,0.073792,0.010002,0.098389,0.313152,0.357686,0.642314,0.133186,0.132202
4263,30,0.504784,0.073748,0.009994,0.098331,0.313142,0.357487,0.642513,0.117107,0.122028
4264,24,0.50468,0.073763,0.010002,0.09835,0.313204,0.357485,0.642515,0.133174,0.132194
4265,30,0.504929,0.073726,0.009995,0.098302,0.313048,0.357393,0.642607,0.113194,0.114965
4266,30,0.505263,0.073676,0.009993,0.098234,0.312834,0.357199,0.642801,0.101534,0.106265
4267,24,0.505577,0.073628,0.009994,0.098171,0.312631,0.357147,0.642853,0.098184,0.096788
4268,24,0.505573,0.073627,0.01,0.09817,0.312629,0.357052,0.642948,0.121572,0.122887
4269,24,0.505465,0.073611,0.009998,0.098148,0.312778,0.357048,0.642952,0.119853,0.118903
4270,24,0.50572,0.073573,0.009995,0.098097,0.312616,0.356951,0.643049,0.109315,0.111184
4271,24,0.505717,0.073572,0.01,0.098096,0.312614,0.357008,0.642992,0.121572,0.116456
4272,24,0.505649,0.073562,0.010132,0.098083,0.312572,0.356972,0.643028,0.129878,0.130151
4273,30,0.50567,0.073579,0.010002,0.098106,0.312643,0.357051,0.642949,0.114865,0.110357
4274,30,0.505925,0.073515,0.009991,0.098021,0.312548,0.356828,0.643172,0.098668,0.104434
4275,24,0.505994,0.073504,0.009998,0.098005,0.312499,0.356727,0.643273,0.119725,0.120743
4276,30,0.505773,0.073508,0.010001,0.09801,0.312708,0.35676,0.64324,0.138261,0.135105
4277,30,0.505912,0.073487,0.009997,0.097983,0.31262,0.356616,0.643384,0.10547,0.108714
4278,24,0.5058,0.073471,0.009998,0.097961,0.31277,0.356547,0.643453,0.118141,0.119571
4279,30,0.505807,0.073469,0.01,0.097959,0.312764,0.356583,0.643417,0.119025,0.116035
4280,30,0.506011,0.073439,0.009996,0.097919,0.312635,0.356437,0.643563,0.113126,0.114807
4281,24,0.505691,0.073393,0.010622,0.097857,0.312437,0.356342,0.643658,0.12153,0.122857
4282,30,0.506535,0.07336,0.009996,0.097813,0.312297,0.356158,0.643842,0.092587,0.096423
4283,30,0.506486,0.073366,0.010001,0.097822,0.312325,0.356092,0.643908,0.131505,0.132153
4284,30,0.506828,0.073316,0.009993,0.097754,0.312109,0.355896,0.644104,0.101396,0.106214
4285,24,0.506714,0.073299,0.009998,0.097732,0.312258,0.355827,0.644173,0.118166,0.119583
4286,24,0.507031,0.073252,0.009994,0.097669,0.312056,0.355721,0.644279,0.108161,0.110249
4287,30,0.50707,0.073245,0.009999,0.09766,0.312027,0.355544,0.644456,0.116865,0.119939
4288,30,0.506827,0.073223,0.010382,0.097631,0.311936,0.355536,0.644464,0.128119,0.127549
4289,30,0.507266,0.073215,0.009999,0.09762,0.3119,0.355443,0.644557,0.113041,0.11483
4290,24,0.507481,0.073183,0.009996,0.097577,0.311763,0.355306,0.644694,0.109815,0.11301
4291,30,0.507702,0.073148,0.010008,0.09753,0.311613,0.355284,0.644716,0.125002,0.12319
4292,30,0.50754,0.073122,0.009996,0.097496,0.311846,0.35522,0.64478,0.117243,0.118549
4293,24,0.507315,0.07309,0.009996,0.097453,0.312147,0.355117,0.644883,0.123016,0.125621
4294,30,0.507231,0.07305,0.009995,0.097401,0.312323,0.354949,0.645051,0.108988,0.112774
4295,30,0.507347,0.073032,0.009998,0.097377,0.312246,0.354801,0.645199,0.111193,0.114325
4296,30,0.507322,0.073029,0.010046,0.097372,0.312231,0.354822,0.645178,0.126144,0.124594
4297,24,0.50756,0.073,0.009996,0.097334,0.312109,0.354684,0.645316,0.109718,0.112927
4298,30,0.507098,0.072934,0.010897,0.097245,0.311825,0.354656,0.645344,0.126101,0.126314
4299,24,0.507176,0.072945,0.010746,0.09726,0.311873,0.354621,0.645379,0.129902,0.130166
4300,30,0.507046,0.072926,0.011,0.097235,0.311793,0.354546,0.645454,0.119486,0.120509
4301,30,0.507185,0.0729,0.011036,0.0972,0.311679,0.354379,0.645621,0.109565,0.113547
4302,30,0.507209,0.072863,0.011258,0.09715,0.31152,0.35438,0.64562,0.115352,0.112521
4303,30,0.507287,0.072815,0.011152,0.097087,0.31166,0.354219,0.645781,0.106591,0.110916
4304,30,0.507486,0.072845,0.010576,0.097127,0.311966,0.354208,0.645792,0.122408,0.121763
4305,24,0.507571,0.072887,0.010217,0.097183,0.312143,0.354152,0.645848,0.124857,0.124572
4306,24,0.507527,0.072881,0.010302,0.097174,0.312116,0.354117,0.645883,0.129866,0.13013
4307,24,0.507571,0.072886,0.010001,0.097182,0.31236,0.354114,0.645886,0.119853,0.118903
4308,30,0.507547,0.072883,0.010049,0.097177,0.312345,0.354135,0.645865,0.126144,0.124596
4309,30,0.507643,0.072825,0.009992,0.0971,0.31244,0.353962,0.646038,0.104706,0.109201
4310,24,0.507644,0.072824,0.01,0.097098,0.312435,0.353921,0.646079,0.129147,0.12952
4311,30,0.507685,0.072789,0.010187,0.097052,0.312286,0.353811,0.646189,0.115377,0.11741
4312,30,0.507985,0.072772,0.009998,0.09703,0.312215,0.353695,0.646305,0.116024,0.118803
4313,24,0.507875,0.072756,0.009998,0.097008,0.312363,0.353692,0.646308,0.119853,0.118905
4314,24,0.507874,0.072756,0.01,0.097008,0.312363,0.35375,0.64625,0.115347,0.111254
4315,24,0.508192,0.072709,0.009994,0.096945,0.312161,0.353644,0.646356,0.108165,0.110237
4316,30,0.508406,0.072676,0.009996,0.096901,0.312021,0.3535,0.6465,0.117479,0.119321
4317,30,0.508392,0.072674,0.010023,0.096899,0.312012,0.353425,0.646575,0.119498,0.120511
4318,30,0.508412,0.072675,0.01,0.096899,0.312014,0.353462,0.646538,0.119011,0.116039
4319,30,0.508504,0.072661,0.009998,0.096881,0.311956,0.353372,0.646628,0.11737,0.118632
4320,24,0.508817,0.072614,0.009994,0.096819,0.311756,0.353154,0.646846,0.106412,0.110906
4321,30,0.50871,0.072601,0.009998,0.096801,0.31189,0.353165,0.646835,0.115538,0.11315
4322,30,0.508709,0.072601,0.01,0.096801,0.311889,0.353187,0.646813,0.126202,0.124637
4323,30,0.5082,0.072455,0.011472,0.096607,0.311265,0.353037,0.646963,0.123881,0.127855
4324,30,0.507774,0.072452,0.011579,0.096603,0.311593,0.353016,0.646984,0.125993,0.125609
4325,24,0.507937,0.072425,0.011594,0.096567,0.311477,0.353045,0.646955,0.108118,0.104758
4326,24,0.508243,0.072483,0.010903,0.096644,0.311727,0.35315,0.64685,0.123254,0.117288
4327,30,0.508507,0.072461,0.010782,0.096615,0.311634,0.353022,0.646978,0.125962,0.129145
4328,24,0.508908,0.072518,0.010008,0.09669,0.311876,0.353053,0.646947,0.123298,0.121183
4329,24,0.508802,0.072502,0.009998,0.096669,0.312028,0.35305,0.64695,0.119853,0.118902
4330,30,0.508755,0.072509,0.010001,0.096678,0.312057,0.35314,0.64686,0.121487,0.116547
4331,30,0.508749,0.07251,0.01,0.09668,0.312062,0.35318,0.64682,0.118539,0.115152
4332,30,0.508952,0.07248,0.009996,0.09664,0.311932,0.353109,0.646891,0.109821,0.110292
4333,24,0.508841,0.072463,0.009998,0.096618,0.312081,0.353106,0.646894,0.119853,0.118902
4334,30,0.508695,0.072456,0.009999,0.096608,0.312242,0.353058,0.646942,0.135112,0.135938
4335,30,0.508901,0.072426,0.009996,0.096567,0.312111,0.35307,0.64693,0.101709,0.098306
4336,24,0.508799,0.07244,0.010002,0.096587,0.312173,0.353069,0.646931,0.133186,0.132198
4337,30,0.508875,0.072379,0.01033,0.096505,0.31191,0.352975,0.647025,0.1165,0.116709
4338,30,0.509214,0.072376,0.010015,0.096501,0.311895,0.352784,0.647216,0.103571,0.106842
4339,30,0.5091,0.072366,0.009999,0.096488,0.312046,0.352932,0.647068,0.110893,0.103252
4340,30,0.509439,0.072316,0.009993,0.096421,0.31183,0.352737,0.647263,0.101332,0.1061
4341,24,0.509436,0.072316,0.01,0.096421,0.311828,0.352703,0.647297,0.121628,0.121852
4342,30,0.50968,0.072279,0.009995,0.096373,0.311673,0.35261,0.64739,0.113018,0.114793
4343,24,0.509466,0.072278,0.01,0.096371,0.311886,0.352575,0.647425,0.121433,0.121602
4344,24,0.509461,0.072246,0.009996,0.096328,0.311969,0.352532,0.647468,0.115742,0.116162
4345,30,0.509662,0.072216,0.009996,0.096288,0.311838,0.352372,0.647628,0.103104,0.106626
4346,24,0.50955,0.0722,0.009998,0.096266,0.311986,0.352369,0.647631,0.119853,0.118903
4347,24,0.510037,0.072128,0.00999,0.09617,0.311675,0.352261,0.647739,0.094618,0.094731
4348,24,0.509993,0.072121,0.010075,0.096162,0.311648,0.352226,0.647774,0.129866,0.130124
4349,24,0.510495,0.072059,0.009991,0.096078,0.311377,0.351962,0.648038,0.095731,0.102828
4350,30,0.510347,0.072051,0.009999,0.096068,0.311536,0.352013,0.647987,0.11187,0.108396
4351,30,0.510362,0.072049,0.01,0.096065,0.311525,0.352073,0.647927,0.118393,0.114483
4352,30,0.510631,0.071975,0.010218,0.095967,0.311208,0.35182,0.64818,0.099786,0.106344
4353,30,0.510743,0.071991,0.010002,0.095988,0.311276,0.351862,0.648138,0.119588,0.116486
4354,24,0.511056,0.071945,0.009994,0.095927,0.311078,0.351645,0.648355,0.106401,0.110863
4355,30,0.51088,0.071927,0.010098,0.095903,0.311192,0.35166,0.64834,0.117501,0.114581
4356,24,0.511243,0.071888,0.009995,0.095851,0.311024,0.351443,0.648557,0.10642,0.110866
4357,30,0.511074,0.071912,0.010003,0.095883,0.311128,0.351569,0.648431,0.127343,0.120003
4358,24,0.510963,0.071897,0.009998,0.095862,0.31128,0.351501,0.648499,0.126508,0.127892
4359,30,0.510866,0.071885,0.009998,0.095846,0.311405,0.351491,0.648509,0.122413,0.121757
4360,24,0.510765,0.071899,0.010002,0.095866,0.311468,0.35149,0.64851,0.133203,0.132213
4361,24,0.510818,0.071845,0.010309,0.095794,0.311234,0.351352,0.648648,0.117984,0.121178
4362,30,0.511127,0.071817,0.009996,0.095756,0.311303,0.351236,0.648764,0.111098,0.113847
4363,24,0.511026,0.071831,0.010002,0.095775,0.311366,0.351235,0.648765,0.133203,0.132213
4364,30,0.510678,0.071783,0.010676,0.09571,0.311154,0.351149,0.648851,0.129423,0.130831
4365,24,0.51061,0.071773,0.010808,0.095697,0.311112,0.351114,0.648886,0.129873,0.130125
4366,24,0.510566,0.071767,0.010893,0.095689,0.311085,0.351079,0.648921,0.129865,0.130118
4367,30,0.511359,0.071781,0.010002,0.095709,0.311149,0.350978,0.649022,0.094623,0.094734
4368,24,0.511036,0.071765,0.009998,0.095686,0.311515,0.35091,0.64909,0.118016,0.119325
4369,24,0.511035,0.071765,0.01,0.095686,0.311514,0.350876,0.649124,0.129907,0.130148
4370,30,0.510937,0.071751,0.009998,0.095668,0.311647,0.350762,0.649238,0.126524,0.128894
4371,24,0.510936,0.071751,0.01,0.095668,0.311646,0.350727,0.649273,0.129895,0.130138
4372,30,0.510823,0.071735,0.010218,0.095646,0.311578,0.350642,0.649358,0.129467,0.130854
4373,24,0.51133,0.071655,0.010243,0.09554,0.311232,0.350368,0.649632,0.102809,0.110138
4374,30,0.51097,0.071605,0.01094,0.095473,0.311012,0.350294,0.649706,0.119443,0.120447
4375,24,0.511653,0.07161,0.010001,0.09548,0.311255,0.350155,0.649845,0.104703,0.107899
4376,24,0.511654,0.07161,0.01,0.09548,0.311256,0.350189,0.649811,0.12367,0.121507
4377,24,0.511656,0.07161,0.01,0.09548,0.311254,0.35022,0.64978,0.123298,0.121192
4378,30,0.511664,0.071609,0.01,0.095478,0.311249,0.350258,0.649742,0.11901,0.116051
4379,30,0.511801,0.071589,0.009997,0.095451,0.311161,0.350265,0.649735,0.115403,0.113326
4380,24,0.512112,0.071543,0.009994,0.09539,0.310962,0.350049,0.649951,0.106408,0.110832
4381,30,0.511986,0.071525,0.010235,0.095367,0.310886,0.350022,0.649978,0.119487,0.119667
4382,24,0.511977,0.071524,0.010035,0.095365,0.311099,0.349954,0.650046,0.118146,0.119529
4383,24,0.511995,0.071526,0.01,0.095368,0.31111,0.34992,0.65008,0.121628,0.121844
4384,24,0.511895,0.071541,0.010002,0.095388,0.311174,0.34992,0.65008,0.124886,0.123889
4385,30,0.511988,0.071528,0.009998,0.09537,0.311116,0.349831,0.650169,0.117362,0.118592
4386,30,0.512255,0.071488,0.009994,0.095318,0.310945,0.349736,0.650264,0.099464,0.099629
4387,24,0.512142,0.071472,0.009998,0.095296,0.311093,0.349734,0.650266,0.119845,0.118891
4388,24,0.512455,0.071426,0.009994,0.095234,0.310892,0.349628,0.650372,0.108043,0.110096
4389,24,0.512352,0.07144,0.010002,0.095253,0.310953,0.349628,0.650372,0.124898,0.123897
4390,30,0.512103,0.071334,0.010959,0.095112,0.310492,0.349635,0.650365,0.113915,0.111192
4391,24,0.512088,0.071271,0.011393,0.095028,0.31022,0.349498,0.650502,0.117978,0.12114
4392,24,0.512431,0.071284,0.010963,0.095046,0.310276,0.349534,0.650466,0.118081,0.113435
4393,24,0.512387,0.071278,0.011048,0.095037,0.31025,0.349775,0.650225,0.113248,0.101863
4394,24,0.512857,0.071343,0.010145,0.095124,0.310531,0.349807,0.650193,0.123298,0.121203
4395,24,0.512821,0.071337,0.009999,0.095116,0.310726,0.349805,0.650195,0.119845,0.118891
4396,24,0.513033,0.071306,0.009996,0.095075,0.310591,0.349669,0.650331,0.109765,0.112883
4397,24,0.512918,0.07129,0.009998,0.095054,0.310741,0.349602,0.650398,0.118187,0.119552
4398,30,0.512741,0.071266,0.009997,0.095021,0.310977,0.349667,0.650333,0.117801,0.113163
4399,24,0.512516,0.071234,0.009996,0.094978,0.311276,0.349631,0.650369,0.116416,0.116613
4400,30,0.512763,0.071197,0.009995,0.094929,0.311116,0.349578,0.650422,0.107424,0.107716
4401,30,0.512662,0.071183,0.009998,0.094911,0.311247,0.349592,0.650408,0.116602,0.114487
4402,24,0.512548,0.071167,0.009998,0.09489,0.311397,0.349525,0.650475,0.118187,0.119552
4403,30,0.513081,0.071089,0.009989,0.094785,0.311056,0.349186,0.650814,0.084416,0.093897
4404,24,0.513386,0.071043,0.009994,0.094724,0.310854,0.349097,0.650903,0.106348,0.106383
4405,30,0.513186,0.071028,0.010098,0.094705,0.310983,0.349015,0.650985,0.118482,0.119699
4406,24,0.513025,0.071034,0.010001,0.094712,0.311228,0.348981,0.651019,0.121449,0.121599
4407,24,0.512976,0.071042,0.010001,0.094722,0.31126,0.349062,0.650938,0.123248,0.117362
4408,24,0.513137,0.071015,0.010017,0.094687,0.311144,0.349092,0.650908,0.108083,0.104755
4409,30,0.513232,0.070971,0.010026,0.094628,0.311142,0.348936,0.651064,0.122928,0.127055
4410,24,0.513393,0.070945,0.010042,0.094593,0.311027,0.348799,0.651201,0.116391,0.118884
4411,30,0.51328,0.070929,0.01026,0.094572,0.310958,0.348714,0.651286,0.129467,0.130846
4412,30,0.513042,0.070952,0.010003,0.094602,0.311401,0.348643,0.651357,0.129398,0.129688
4413,30,0.512916,0.070934,0.010245,0.094579,0.311325,0.348616,0.651384,0.119487,0.119664
4414,30,0.513042,0.070952,0.010002,0.094602,0.311402,0.348677,0.651323,0.112932,0.109225
4415,30,0.513247,0.070922,0.009996,0.094563,0.311272,0.348639,0.651361,0.108239,0.106627
4416,24,0.513033,0.070921,0.01,0.094561,0.311486,0.348605,0.651395,0.121461,0.121604
4417,24,0.513033,0.070921,0.01,0.094561,0.311485,0.348639,0.651361,0.123641,0.121491
4418,30,0.512864,0.070895,0.009996,0.094527,0.311717,0.3486,0.6514,0.110628,0.110128
4419,30,0.512863,0.070895,0.01,0.094527,0.311716,0.348573,0.651427,0.119545,0.119702
4420,24,0.51275,0.07088,0.009998,0.094506,0.311867,0.348506,0.651494,0.118195,0.119555
4421,24,0.512636,0.070864,0.009998,0.094485,0.312017,0.348507,0.651493,0.120266,0.119241
4422,30,0.512635,0.070864,0.01,0.094485,0.312016,0.348567,0.651433,0.112885,0.109194
4423,30,0.512263,0.070868,0.010001,0.094491,0.312378,0.348496,0.651504,0.129384,0.12968
4424,30,0.511752,0.070727,0.011464,0.094302,0.311755,0.348432,0.651568,0.123841,0.123917
4425,24,0.511986,0.070787,0.010821,0.094383,0.312022,0.348432,0.651568,0.124915,0.123897
4426,24,0.511952,0.070782,0.010668,0.094377,0.312221,0.348364,0.651636,0.126457,0.12784
4427,30,0.512869,0.070743,0.010015,0.094324,0.312048,0.348068,0.651932,0.090208,0.098126
4428,24,0.512777,0.070759,0.010002,0.094345,0.312117,0.348068,0.651932,0.12489,0.123891
4429,30,0.512323,0.070696,0.010879,0.094262,0.31184,0.348029,0.651971,0.136081,0.136669
4430,30,0.512632,0.070722,0.010396,0.094296,0.311954,0.348186,0.651814,0.117248,0.109346
4431,24,0.512649,0.070724,0.010363,0.094299,0.311964,0.348152,0.651848,0.129887,0.130121
4432,24,0.512533,0.070666,0.010873,0.094221,0.311706,0.348024,0.651976,0.119103,0.122026
4433,24,0.512981,0.070728,0.010009,0.094303,0.311979,0.347991,0.652009,0.121635,0.121844
4434,30,0.513012,0.070675,0.009993,0.094233,0.312088,0.347795,0.652205,0.100966,0.106341
4435,24,0.513011,0.070674,0.01,0.094232,0.312084,0.347827,0.652173,0.123298,0.121199
4436,24,0.5129,0.070658,0.009998,0.094211,0.312233,0.347825,0.652175,0.119841,0.118889
4437,30,0.512806,0.070621,0.009995,0.094162,0.312416,0.347735,0.652265,0.114486,0.116701
4438,24,0.512704,0.070636,0.010002,0.094181,0.312478,0.347682,0.652318,0.124887,0.124556
4439,30,0.512615,0.070621,0.009998,0.094161,0.312605,0.34767,0.65233,0.122625,0.122194
4440,30,0.512614,0.070621,0.01,0.094161,0.312605,0.347713,0.652287,0.119542,0.116466
4441,30,0.512246,0.07057,0.01071,0.094093,0.31238,0.347639,0.652361,0.119443,0.120429
4442,30,0.511914,0.07055,0.011002,0.094067,0.312467,0.347679,0.652321,0.128038,0.124991
4443,30,0.512116,0.070567,0.010686,0.094089,0.312542,0.347586,0.652414,0.117393,0.118992
4444,24,0.512424,0.070539,0.010567,0.094052,0.312418,0.347378,0.652622,0.107518,0.111807
4445,24,0.512514,0.070551,0.010394,0.094068,0.312472,0.347438,0.652562,0.115331,0.111276
4446,24,0.512504,0.070578,0.010004,0.094104,0.31281,0.347404,0.652596,0.129765,0.129916
4447,30,0.512748,0.070543,0.009995,0.094058,0.312656,0.347312,0.652688,0.113008,0.114724
4448,30,0.512723,0.070521,0.009997,0.094027,0.312732,0.347393,0.652607,0.118687,0.113273
4449,30,0.512349,0.070525,0.010001,0.094033,0.313093,0.347334,0.652666,0.119386,0.119284
4450,30,0.511883,0.07046,0.010902,0.093947,0.312808,0.347306,0.652694,0.126101,0.126294
4451,24,0.512119,0.070493,0.010446,0.093991,0.312952,0.347366,0.652634,0.115345,0.111298
4452,24,0.512347,0.070524,0.010004,0.094032,0.313091,0.347332,0.652668,0.1216,0.121822
4453,30,0.51255,0.070496,0.009996,0.093994,0.312964,0.347175,0.652825,0.103191,0.106576
4454,24,0.512499,0.070503,0.010001,0.094003,0.312994,0.347438,0.652562,0.114926,0.102782
4455,24,0.512288,0.070501,0.01,0.094002,0.313209,0.347404,0.652596,0.129757,0.129916
4456,24,0.512287,0.070501,0.01,0.094002,0.313209,0.34737,0.65263,0.129924,0.130147
4457,30,0.512027,0.070402,0.010936,0.093869,0.312767,0.34735,0.65265,0.124873,0.123087
4458,30,0.512343,0.070445,0.010324,0.093927,0.31296,0.347393,0.652607,0.119534,0.116459
4459,24,0.51276,0.070432,0.009998,0.093909,0.3129,0.347339,0.652661,0.100903,0.099626
4460,30,0.512713,0.070438,0.010001,0.093918,0.312929,0.347321,0.652679,0.138119,0.137934
4461,30,0.512517,0.070467,0.010004,0.093956,0.313056,0.347382,0.652618,0.127783,0.124693
4462,30,0.512832,0.070422,0.009994,0.093896,0.312856,0.347226,0.652774,0.095182,0.09724
4463,24,0.512829,0.070422,0.01,0.093895,0.312854,0.347261,0.652739,0.123712,0.121542
4464,24,0.512604,0.070391,0.009996,0.093854,0.313156,0.34716,0.65284,0.123024,0.125548
4465,24,0.512133,0.070326,0.010905,0.093768,0.312868,0.347125,0.652875,0.129825,0.13008
4466,30,0.51233,0.070351,0.01054,0.093801,0.312978,0.347191,0.652809,0.125625,0.121645
4467,30,0.512673,0.07033,0.01034,0.093773,0.312884,0.347099,0.652901,0.112936,0.114675
4468,24,0.51285,0.070353,0.010003,0.093804,0.312989,0.347131,0.652869,0.123298,0.121201
4469,30,0.513054,0.070324,0.009996,0.093766,0.31286,0.347016,0.652984,0.109342,0.112036
4470,30,0.513075,0.070271,0.009992,0.093695,0.312967,0.346996,0.653004,0.09993,0.098386
4471,24,0.513071,0.070271,0.01,0.093694,0.312964,0.347031,0.652969,0.123683,0.121522
4472,24,0.513283,0.07024,0.009996,0.093653,0.312828,0.346895,0.653105,0.117986,0.121112
4473,24,0.51338,0.070194,0.009993,0.093592,0.312841,0.346725,0.653275,0.114565,0.11882
4474,24,0.513277,0.070208,0.010002,0.09361,0.312903,0.346672,0.653328,0.124887,0.124553
4475,30,0.513232,0.070214,0.010001,0.093619,0.312933,0.346666,0.653334,0.121492,0.120911
4476,30,0.513336,0.070172,0.009994,0.093562,0.312936,0.346522,0.653478,0.106361,0.110031
4477,24,0.513171,0.070163,0.009999,0.093551,0.313116,0.346535,0.653465,0.128121,0.125444
4478,24,0.51332,0.070141,0.009997,0.093522,0.31302,0.346408,0.653592,0.119184,0.122055
4479,24,0.513107,0.07014,0.01,0.09352,0.313233,0.346375,0.653625,0.12144,0.121584
4480,30,0.512975,0.070122,0.010254,0.093496,0.313153,0.346461,0.653539,0.119487,0.114867
4481,30,0.513105,0.07014,0.010003,0.09352,0.313232,0.346435,0.653565,0.119545,0.119698
4482,30,0.513198,0.070127,0.009998,0.093503,0.313174,0.346336,0.653664,0.127359,0.128946
4483,30,0.513334,0.070107,0.009997,0.093476,0.313086,0.346344,0.653656,0.115397,0.113327
4484,24,0.51312,0.070106,0.01,0.093475,0.313299,0.346311,0.653689,0.121452,0.121598
4485,24,0.512909,0.070105,0.01,0.093473,0.313514,0.346278,0.653722,0.12144,0.121584
4486,30,0.512473,0.070045,0.010497,0.093394,0.31359,0.34617,0.65383,0.117737,0.120581
4487,30,0.512905,0.070055,0.010001,0.093406,0.313632,0.345984,0.654016,0.103637,0.106753
4488,24,0.513077,0.07003,0.009996,0.093373,0.313523,0.346,0.654,0.110166,0.107363
4489,30,0.513214,0.07001,0.009997,0.093347,0.313432,0.345853,0.654147,0.110741,0.11372
4490,24,0.513001,0.070009,0.01,0.093345,0.313646,0.34582,0.65418,0.121452,0.121592
4491,30,0.512856,0.070002,0.009999,0.093336,0.313807,0.345873,0.654127,0.111874,0.108429
4492,30,0.513029,0.06995,0.010177,0.093267,0.313577,0.345778,0.654222,0.115954,0.116252
4493,30,0.51312,0.069963,0.010002,0.093284,0.313632,0.345839,0.654161,0.112885,0.10921
4494,24,0.513008,0.069947,0.009998,0.093263,0.313783,0.345772,0.654228,0.118191,0.119531
4495,30,0.512703,0.069919,0.0105,0.093225,0.313654,0.345766,0.654234,0.128106,0.127538
4496,30,0.512967,0.069952,0.010005,0.09327,0.313806,0.345805,0.654195,0.119029,0.116083
4497,24,0.512923,0.069946,0.01009,0.093262,0.313779,0.345881,0.654119,0.11325,0.108687
4498,30,0.512897,0.069943,0.01014,0.093257,0.313763,0.345942,0.654058,0.11283,0.10917
4499,24,0.51287,0.069967,0.010003,0.093289,0.313871,0.345889,0.654111,0.124874,0.124539
4500,30,0.512773,0.069954,0.009998,0.093272,0.314004,0.345921,0.654079,0.109938,0.107228
4501,24,0.51256,0.069953,0.01,0.09327,0.314217,0.345888,0.654112,0.121448,0.121592
4502,24,0.512772,0.069922,0.009996,0.093229,0.31408,0.345752,0.654248,0.109673,0.112775
4503,24,0.51277,0.069922,0.01,0.093229,0.314079,0.345719,0.654281,0.12164,0.12184
4504,30,0.512438,0.069902,0.010292,0.093202,0.314165,0.345759,0.654241,0.128036,0.124998
4505,24,0.512528,0.069914,0.01012,0.093219,0.31422,0.345794,0.654206,0.123641,0.121501
4506,30,0.512475,0.069939,0.010004,0.093252,0.314331,0.345824,0.654176,0.131219,0.129196
4507,30,0.512392,0.069902,0.009995,0.093203,0.314508,0.345793,0.654207,0.102341,0.101346
4508,24,0.512178,0.0699,0.01,0.093201,0.314721,0.34571,0.65429,0.121429,0.121958
4509,24,0.51239,0.06987,0.009996,0.09316,0.314584,0.345574,0.654426,0.118037,0.121127
4510,24,0.512492,0.069855,0.009998,0.09314,0.314516,0.345569,0.654431,0.119578,0.118764
4511,24,0.512055,0.069795,0.010622,0.09306,0.314467,0.345501,0.654499,0.126399,0.127783
4512,30,0.512275,0.069817,0.010256,0.093089,0.314563,0.345643,0.654357,0.124647,0.117182
4513,30,0.512197,0.069812,0.010363,0.093083,0.314544,0.345694,0.654306,0.120498,0.116244
4514,24,0.512383,0.069838,0.010004,0.093117,0.314658,0.34566,0.65434,0.12992,0.13014
4515,24,0.512388,0.069838,0.01,0.093117,0.314658,0.345692,0.654308,0.123286,0.121194
4516,24,0.511917,0.069774,0.010909,0.093031,0.314369,0.345754,0.654246,0.121516,0.116486
4517,30,0.511786,0.069756,0.011163,0.093008,0.314288,0.345825,0.654175,0.119484,0.115367
4518,30,0.51212,0.069714,0.011113,0.092952,0.3141,0.345634,0.654366,0.101716,0.106341
4519,30,0.512238,0.069747,0.010773,0.092995,0.314247,0.345606,0.654394,0.133639,0.13246
4520,24,0.51236,0.069791,0.010127,0.093055,0.314667,0.345573,0.654427,0.121448,0.121592
4521,30,0.512603,0.069774,0.009998,0.093033,0.314592,0.345376,0.654624,0.113664,0.117139
4522,24,0.512916,0.069729,0.009994,0.092973,0.314389,0.345272,0.654728,0.108069,0.110079
4523,24,0.512964,0.069722,0.009999,0.092962,0.314354,0.34547,0.65453,0.113336,0.103507
4524,24,0.513067,0.069707,0.009998,0.092942,0.314286,0.345396,0.654604,0.117477,0.119035
4525,30,0.512967,0.069693,0.009998,0.092924,0.314417,0.345429,0.654571,0.109934,0.107226
4526,24,0.512917,0.0697,0.010001,0.092933,0.314449,0.345474,0.654526,0.131571,0.127853
4527,24,0.512917,0.0697,0.01,0.092933,0.314449,0.345441,0.654559,0.121628,0.12183
4528,24,0.513399,0.069631,0.00999,0.092842,0.314138,0.34531,0.65469,0.101203,0.102436
4529,24,0.513493,0.069585,0.009993,0.09278,0.314149,0.34514,0.65486,0.114527,0.118773
4530,30,0.513483,0.069585,0.01,0.092781,0.314151,0.345183,0.654817,0.118541,0.115185
4531,30,0.514042,0.069506,0.009989,0.092674,0.31379,0.344841,0.655159,0.083927,0.093439
4532,24,0.514036,0.069505,0.01,0.092673,0.313787,0.344902,0.655098,0.115347,0.111309
4533,24,0.514235,0.069445,0.009991,0.092593,0.313735,0.344764,0.655236,0.104605,0.10774
4534,30,0.514368,0.069389,0.010069,0.092518,0.313657,0.344638,0.655362,0.113185,0.114712
4535,24,0.514293,0.069378,0.009998,0.092504,0.313827,0.344637,0.655363,0.119848,0.118895
4536,30,0.514246,0.069384,0.010001,0.092512,0.313856,0.344631,0.655369,0.121492,0.120905
4537,30,0.514102,0.069378,0.009999,0.092503,0.314018,0.34455,0.65545,0.118498,0.119668
4538,30,0.513964,0.069359,0.010264,0.092479,0.313934,0.344611,0.655389,0.112819,0.109177
4539,24,0.514203,0.069363,0.010001,0.092483,0.31395,0.344636,0.655364,0.111202,0.108176
4540,24,0.514093,0.069347,0.009998,0.092463,0.3141,0.344635,0.655365,0.119848,0.118895
4541,30,0.514046,0.069353,0.010001,0.092471,0.314129,0.344584,0.655416,0.121523,0.121711
4542,30,0.514287,0.069319,0.009995,0.092426,0.313974,0.344494,0.655506,0.113034,0.114701
4543,24,0.514171,0.069304,0.009998,0.092405,0.314122,0.344427,0.655573,0.118179,0.119512
4544,30,0.514266,0.069261,0.010007,0.092347,0.314119,0.344283,0.655717,0.112943,0.116602
4545,30,0.513799,0.069198,0.010907,0.092263,0.313833,0.344284,0.655716,0.129412,0.12696
4546,30,0.514009,0.069226,0.010309,0.092301,0.314154,0.344278,0.655722,0.123198,0.122629
4547,24,0.514119,0.069254,0.010004,0.092339,0.314283,0.344542,0.655458,0.114928,0.102867
4548,30,0.514135,0.069219,0.010233,0.092292,0.314121,0.344567,0.655433,0.10868,0.106027
4549,24,0.514255,0.069235,0.010002,0.092313,0.314195,0.344534,0.655466,0.121628,0.121825
4550,24,0.514467,0.069205,0.009996,0.092273,0.314059,0.344398,0.655602,0.117974,0.121057
4551,24,0.514365,0.069219,0.010002,0.092292,0.314122,0.344399,0.655601,0.133215,0.13222
4552,30,0.514449,0.069207,0.009998,0.092276,0.314069,0.34439,0.65561,0.122928,0.122442
4553,30,0.514353,0.069113,0.010743,0.092151,0.313641,0.344296,0.655704,0.120955,0.122151
4554,30,0.514911,0.069139,0.010004,0.092186,0.313761,0.344245,0.655755,0.097022,0.095475
4555,30,0.515246,0.069092,0.009993,0.092123,0.313546,0.344052,0.655948,0.101236,0.105846
4556,30,0.515266,0.069057,0.010214,0.092076,0.313387,0.344078,0.655922,0.108677,0.106023
4557,24,0.515376,0.069072,0.010002,0.092096,0.313454,0.344139,0.655861,0.115347,0.111311
4558,30,0.515176,0.069058,0.010107,0.092077,0.313582,0.344058,0.655942,0.118477,0.119652
4559,30,0.515162,0.069056,0.010135,0.092074,0.313573,0.343986,0.656014,0.119498,0.120441
4560,24,0.515069,0.069057,0.01,0.092076,0.313798,0.344032,0.655968,0.119802,0.115368
4561,24,0.515069,0.069057,0.01,0.092076,0.313798,0.344067,0.655933,0.123695,0.121543
4562,30,0.5147,0.069007,0.01071,0.09201,0.313573,0.343994,0.656006,0.119443,0.120408
4563,30,0.514966,0.069043,0.010005,0.092057,0.313928,0.344009,0.655991,0.116589,0.114486
4564,24,0.515139,0.069019,0.009997,0.092026,0.313819,0.344026,0.655974,0.110156,0.107355
4565,30,0.514961,0.068995,0.009997,0.091994,0.314054,0.344068,0.655932,0.11115,0.107447
4566,30,0.515113,0.068873,0.010684,0.091831,0.313499,0.343825,0.656175,0.102159,0.107965
4567,24,0.515593,0.068862,0.010282,0.091816,0.313447,0.343807,0.656193,0.106013,0.104217
4568,24,0.515526,0.06888,0.010003,0.09184,0.31375,0.343774,0.656226,0.121461,0.121592
4569,24,0.515737,0.068851,0.009996,0.091801,0.313615,0.343639,0.656361,0.109681,0.112734
4570,30,0.515566,0.068826,0.009996,0.091768,0.313844,0.343601,0.656399,0.110625,0.110118
4571,24,0.515564,0.068825,0.01,0.091767,0.313843,0.343568,0.656432,0.121612,0.121811
4572,24,0.515451,0.06881,0.009998,0.091747,0.313994,0.343501,0.656499,0.126474,0.127815
4573,24,0.515571,0.068793,0.009997,0.091724,0.313915,0.34354,0.65646,0.118058,0.11345
4574,24,0.515572,0.068793,0.01,0.091723,0.313912,0.343573,0.656427,0.123298,0.121212
4575,24,0.515574,0.068792,0.01,0.091723,0.313911,0.343606,0.656394,0.123298,0.121212
4576,24,0.515821,0.068757,0.009995,0.091676,0.313751,0.343532,0.656468,0.107515,0.107133
4577,30,0.515742,0.068674,0.010475,0.091565,0.313545,0.343406,0.656594,0.113129,0.114659
4578,24,0.515889,0.06872,0.010007,0.091627,0.313757,0.343521,0.656479,0.116587,0.110501
4579,24,0.516102,0.068691,0.009996,0.091588,0.313623,0.343386,0.656614,0.109703,0.112753
4580,24,0.515987,0.068675,0.009998,0.091567,0.313773,0.343388,0.656612,0.120291,0.119257
4581,30,0.515986,0.068675,0.01,0.091567,0.313772,0.343432,0.656568,0.119531,0.11648
4582,30,0.516386,0.068619,0.009992,0.091491,0.313513,0.343261,0.656739,0.098092,0.100902
4583,30,0.516381,0.068618,0.01,0.091491,0.31351,0.34319,0.65681,0.119556,0.120478
4584,30,0.516713,0.068571,0.009993,0.091428,0.313295,0.343034,0.656966,0.09467,0.09666
4585,24,0.516761,0.068563,0.009999,0.091417,0.313259,0.343233,0.656767,0.113315,0.103535
4586,24,0.516761,0.068563,0.01,0.091417,0.313259,0.343269,0.656731,0.123712,0.121555
4587,24,0.516647,0.068548,0.009998,0.091397,0.313409,0.343202,0.656798,0.126457,0.127805
4588,30,0.516515,0.06853,0.010252,0.091374,0.313329,0.343176,0.656824,0.119487,0.119649
4589,24,0.516594,0.068541,0.010101,0.091388,0.313377,0.343143,0.656857,0.129907,0.130123
4590,30,0.516507,0.068519,0.010144,0.091359,0.313471,0.343076,0.656924,0.121825,0.123288
4591,24,0.516419,0.068521,0.01,0.091362,0.313698,0.343122,0.656878,0.119804,0.115374
4592,30,0.516419,0.068521,0.01,0.091362,0.313699,0.343145,0.656855,0.126202,0.124657
4593,30,0.516242,0.068498,0.009997,0.09133,0.313934,0.343038,0.656962,0.11112,0.113915
4594,30,0.516479,0.068464,0.009995,0.091285,0.313777,0.342946,0.657054,0.112898,0.114595
4595,24,0.516435,0.068458,0.01008,0.091277,0.31375,0.342912,0.657088,0.129866,0.130091
4596,30,0.516591,0.068447,0.009998,0.091262,0.313701,0.342855,0.657145,0.103676,0.102907
4597,30,0.516499,0.068432,0.009998,0.091243,0.313827,0.342866,0.657134,0.116004,0.114047
4598,24,0.516498,0.068432,0.01,0.091243,0.313827,0.342833,0.657167,0.12164,0.121829
4599,30,0.516696,0.068404,0.009996,0.091206,0.313698,0.342677,0.657323,0.109749,0.11308
4600,24,0.516694,0.068404,0.01,0.091205,0.313697,0.342712,0.657288,0.12367,0.121532
4601,24,0.516829,0.068354,0.009993,0.091138,0.313686,0.342584,0.657416,0.105772,0.108648
4602,30,0.51687,0.06832,0.009995,0.091093,0.313722,0.342559,0.657441,0.111856,0.110874
4603,24,0.516655,0.068318,0.01,0.091091,0.313935,0.342526,0.657474,0.121465,0.121591
4604,30,0.51661,0.068325,0.010001,0.0911,0.313965,0.342609,0.657391,0.114879,0.110485
4605,30,0.516302,0.068297,0.010503,0.091062,0.313835,0.342603,0.657397,0.128108,0.127539
4606,30,0.515845,0.068236,0.01138,0.090982,0.313557,0.342565,0.657435,0.136079,0.136647
4607,30,0.51582,0.068233,0.011427,0.090977,0.313542,0.342636,0.657364,0.126142,0.122077
4608,30,0.515857,0.06825,0.011269,0.091001,0.313622,0.342619,0.657381,0.138119,0.137924
4609,24,0.515834,0.068274,0.010907,0.091032,0.313952,0.342538,0.657462,0.121439,0.121932
4610,30,0.516303,0.068336,0.010009,0.091115,0.314237,0.342583,0.657417,0.119596,0.116531
4611,30,0.516043,0.068347,0.010002,0.09113,0.314478,0.34264,0.65736,0.134353,0.129789
4612,24,0.515946,0.068361,0.010002,0.091148,0.314543,0.342589,0.657411,0.124882,0.124525
4613,24,0.516244,0.068316,0.010014,0.091088,0.314337,0.342376,0.657624,0.106302,0.110578
4614,24,0.516461,0.068288,0.009996,0.09105,0.314205,0.342241,0.657759,0.117937,0.121
4615,24,0.516461,0.068287,0.01,0.09105,0.314203,0.342274,0.657726,0.123298,0.121215
4616,30,0.516505,0.068254,0.009995,0.091005,0.314241,0.342249,0.657751,0.111842,0.110874
4617,30,0.516554,0.068246,0.009999,0.090995,0.314206,0.342204,0.657796,0.115764,0.115883
4618,30,0.516376,0.068223,0.009997,0.090964,0.314441,0.342189,0.657811,0.104515,0.103268
4619,24,0.516647,0.068184,0.009994,0.090912,0.314263,0.342171,0.657829,0.106017,0.104221
4620,30,0.516708,0.068155,0.010136,0.090873,0.314129,0.342053,0.657947,0.12532,0.127617
4621,30,0.516884,0.068124,0.009996,0.090833,0.314163,0.34187,0.65813,0.107026,0.111241
4622,30,0.516791,0.06811,0.009998,0.090813,0.314288,0.341859,0.658141,0.122616,0.122182
4623,24,0.516608,0.068086,0.010128,0.090781,0.314397,0.341792,0.658208,0.126424,0.127777
4624,24,0.516349,0.068079,0.009999,0.090771,0.314802,0.341726,0.658274,0.118006,0.11927
4625,30,0.516378,0.068021,0.010368,0.090695,0.314538,0.341708,0.658292,0.124887,0.12309
4626,30,0.51653,0.067974,0.010543,0.090633,0.31432,0.341769,0.658231,0.107268,0.102835
4627,24,0.51681,0.068011,0.010005,0.090682,0.314491,0.341736,0.658264,0.121615,0.121809
4628,24,0.516771,0.067987,0.009996,0.090649,0.314597,0.341611,0.658389,0.116244,0.117962
4629,24,0.516772,0.067986,0.01,0.090648,0.314594,0.341644,0.658356,0.123298,0.121218
4630,24,0.516981,0.067957,0.009996,0.090609,0.314458,0.341509,0.658491,0.109679,0.112712
4631,30,0.517533,0.067878,0.009988,0.090505,0.314095,0.341168,0.658832,0.0839,0.093284
4632,24,0.517416,0.067863,0.009998,0.090483,0.314241,0.341167,0.658833,0.119832,0.118882
4633,30,0.517415,0.067862,0.01,0.090483,0.31424,0.341212,0.658788,0.119531,0.116488
4634,30,0.517369,0.067869,0.010001,0.090492,0.31427,0.341207,0.658793,0.121498,0.120907
4635,30,0.517224,0.067862,0.009999,0.090483,0.314431,0.341127,0.658873,0.1185,0.119649
4636,30,0.517232,0.067861,0.01,0.090481,0.314426,0.341167,0.658833,0.119011,0.116085
4637,30,0.517477,0.067826,0.009995,0.090435,0.314266,0.341082,0.658918,0.113995,0.115689
4638,30,0.517475,0.067826,0.01,0.090435,0.314264,0.341127,0.658873,0.119542,0.116496
4639,24,0.517684,0.067797,0.009996,0.090396,0.314128,0.340993,0.659007,0.109675,0.112699
4640,30,0.517244,0.067739,0.010493,0.090319,0.314204,0.341039,0.658961,0.11773,0.113904
4641,24,0.517234,0.067738,0.010293,0.090317,0.314418,0.340972,0.659028,0.118131,0.11946
4642,24,0.517388,0.067757,0.010003,0.090343,0.314508,0.341005,0.658995,0.123298,0.121219
4643,30,0.517722,0.067711,0.009993,0.090281,0.314292,0.340783,0.659217,0.09886,0.1029
4644,30,0.517719,0.06771,0.01,0.090281,0.31429,0.340828,0.659172,0.119599,0.116539
4645,30,0.517719,0.06771,0.01,0.090281,0.31429,0.34089,0.65911,0.112885,0.109243
4646,30,0.517673,0.067717,0.010001,0.090289,0.31432,0.340873,0.659127,0.138125,0.137926
4647,30,0.517379,0.067731,0.010002,0.090308,0.314579,0.340998,0.659002,0.11819,0.112038
4648,30,0.517381,0.067731,0.01,0.090309,0.31458,0.340972,0.659028,0.119545,0.119681
4649,30,0.517934,0.067654,0.009989,0.090205,0.314219,0.34068,0.65932,0.090499,0.098209
4650,24,0.517815,0.067638,0.009998,0.090184,0.314365,0.340613,0.659387,0.12647,0.127798
4651,24,0.517488,0.067622,0.009998,0.090163,0.314729,0.340547,0.659453,0.126314,0.127573
4652,24,0.517161,0.067579,0.010624,0.090106,0.31453,0.340514,0.659486,0.129853,0.130078
4653,24,0.517579,0.067577,0.01,0.090103,0.314741,0.340346,0.659654,0.106248,0.110386
4654,30,0.517533,0.067584,0.010001,0.090112,0.31477,0.340341,0.659659,0.121498,0.120907
4655,24,0.517489,0.067578,0.010086,0.090104,0.314743,0.340308,0.659692,0.121558,0.121766
4656,30,0.517491,0.067542,0.009995,0.090055,0.314917,0.340258,0.659742,0.100347,0.100076
4657,30,0.517497,0.06754,0.01,0.090053,0.31491,0.340277,0.659723,0.125625,0.124223
4658,24,0.517383,0.067525,0.009998,0.090034,0.31506,0.340279,0.659721,0.12027,0.119244
4659,24,0.51717,0.067524,0.01,0.090032,0.315274,0.340247,0.659753,0.129769,0.129894
4660,30,0.516993,0.067501,0.009997,0.090001,0.315509,0.340098,0.659902,0.11111,0.114421
4661,30,0.516999,0.0675,0.01,0.089999,0.315502,0.340117,0.659883,0.125625,0.124223
4662,24,0.517208,0.06747,0.009996,0.08996,0.315366,0.339983,0.660017,0.117976,0.120997
4663,30,0.51747,0.067433,0.009994,0.089911,0.315192,0.339893,0.660107,0.099387,0.099465
4664,30,0.517322,0.067426,0.009999,0.089902,0.315351,0.339814,0.660186,0.11852,0.119647
4665,24,0.517631,0.067383,0.009994,0.089844,0.315149,0.339711,0.660289,0.108034,0.109983
4666,30,0.517679,0.067375,0.009999,0.089834,0.315114,0.339665,0.660335,0.122314,0.122456
4667,24,0.517678,0.067375,0.01,0.089834,0.315113,0.339701,0.660299,0.123724,0.121578
4668,30,0.517533,0.067356,0.010277,0.089808,0.315025,0.339743,0.660257,0.119466,0.115672
4669,24,0.517465,0.067374,0.010003,0.089832,0.315327,0.339711,0.660289,0.12146,0.121579
4670,30,0.51732,0.067355,0.010279,0.089807,0.315239,0.339773,0.660227,0.112819,0.109206
4671,30,0.517501,0.067369,0.010002,0.089825,0.315303,0.339736,0.660264,0.118183,0.118657
4672,30,0.51781,0.067326,0.009994,0.089768,0.315102,0.339547,0.660453,0.101613,0.106135
4673,30,0.517919,0.06731,0.009998,0.089746,0.315027,0.339375,0.660625,0.104497,0.10709
4674,24,0.517706,0.067309,0.01,0.089745,0.31524,0.339343,0.660657,0.129773,0.129904
4675,24,0.517915,0.067279,0.009996,0.089706,0.315104,0.339209,0.660791,0.117965,0.120984
4676,30,0.51789,0.067276,0.010044,0.089702,0.315088,0.339232,0.660768,0.126144,0.124628
4677,24,0.517913,0.067279,0.01,0.089706,0.315102,0.339199,0.660801,0.121587,0.121782
4678,30,0.518026,0.067263,0.009998,0.089685,0.315028,0.339057,0.660943,0.104463,0.107335
4679,24,0.517926,0.067277,0.010002,0.089703,0.315092,0.339059,0.660941,0.124919,0.123909
4680,24,0.518234,0.067234,0.009994,0.089646,0.314892,0.338848,0.661152,0.106303,0.110495
4681,30,0.518209,0.067231,0.010042,0.089641,0.314877,0.338871,0.661129,0.126144,0.124628
4682,24,0.518019,0.067233,0.01,0.089644,0.315105,0.338839,0.661161,0.121452,0.121566
4683,24,0.518325,0.06719,0.009994,0.089587,0.314904,0.338628,0.661372,0.106283,0.110474
4684,30,0.51833,0.067189,0.01,0.089585,0.314897,0.338669,0.661331,0.119011,0.116093
4685,24,0.518118,0.067187,0.01,0.089583,0.315111,0.338637,0.661363,0.121464,0.121574
4686,30,0.517895,0.067171,0.009998,0.089561,0.315376,0.338551,0.661449,0.113086,0.115102
4687,30,0.518157,0.067134,0.009995,0.089512,0.315203,0.338462,0.661538,0.099419,0.099462
4688,24,0.518301,0.067113,0.009997,0.089484,0.315105,0.338464,0.661536,0.102482,0.099405
4689,24,0.51842,0.067096,0.009997,0.089461,0.315025,0.338506,0.661494,0.118048,0.113461
4690,30,0.517786,0.067001,0.011303,0.089334,0.314577,0.338448,0.661552,0.132126,0.132702
4691,30,0.517975,0.067015,0.010817,0.089354,0.314838,0.338475,0.661525,0.115218,0.112816
4692,24,0.518705,0.067027,0.010002,0.08937,0.314895,0.338416,0.661584,0.100095,0.099121
4693,24,0.518494,0.067027,0.01,0.089369,0.31511,0.338384,0.661616,0.121464,0.121574
4694,30,0.518516,0.066976,0.009992,0.089301,0.315215,0.338178,0.661822,0.117482,0.123085
4695,24,0.518614,0.066961,0.009998,0.089281,0.315145,0.338106,0.661894,0.117478,0.118985
4696,30,0.518634,0.066862,0.010677,0.089149,0.314679,0.33784,0.66216,0.108201,0.114704
4697,30,0.5192,0.066847,0.010215,0.089129,0.314608,0.337686,0.662314,0.094454,0.096397
4698,24,0.519786,0.066795,0.009992,0.089061,0.314366,0.337583,0.662417,0.094832,0.095076
4699,24,0.519668,0.06678,0.009998,0.08904,0.314514,0.337586,0.662414,0.120286,0.119258
4700,30,0.519535,0.066763,0.010252,0.089017,0.314433,0.337515,0.662485,0.119487,0.120387
4701,24,0.519567,0.066794,0.010005,0.089058,0.314576,0.337517,0.662483,0.124911,0.123907
4702,24,0.520122,0.066717,0.009989,0.088956,0.314216,0.337288,0.662712,0.093925,0.099623
4703,24,0.520263,0.066696,0.009997,0.088928,0.314117,0.337163,0.662837,0.119067,0.121851
4704,24,0.520149,0.066681,0.009998,0.088908,0.314265,0.337163,0.662837,0.119816,0.118867
4705,30,0.520056,0.066667,0.009998,0.088889,0.314391,0.337175,0.662825,0.116,0.11405
4706,30,0.520055,0.066667,0.01,0.088889,0.31439,0.337093,0.662907,0.129478,0.130752
4707,24,0.519843,0.066666,0.01,0.088887,0.314604,0.337061,0.662939,0.129777,0.12989
4708,30,0.520082,0.066632,0.009995,0.088843,0.314447,0.336975,0.663025,0.09983,0.099866
4709,30,0.519987,0.066618,0.009998,0.088824,0.314572,0.336987,0.663013,0.115989,0.114038
4710,30,0.519854,0.066601,0.010252,0.088801,0.314492,0.336916,0.663084,0.119487,0.120384
4711,30,0.519985,0.066618,0.010003,0.088824,0.314571,0.33698,0.66302,0.112943,0.109315
4712,30,0.519986,0.066618,0.01,0.088824,0.314572,0.337043,0.662957,0.112885,0.109265
4713,30,0.520129,0.066598,0.009997,0.088798,0.314478,0.337049,0.662951,0.114836,0.112892
4714,30,0.519814,0.066582,0.010253,0.088776,0.314576,0.33708,0.66292,0.138044,0.135418
4715,24,0.519848,0.066612,0.010005,0.088816,0.31472,0.337198,0.662802,0.116586,0.110571
4716,24,0.519787,0.066591,0.009997,0.088788,0.314838,0.337246,0.662754,0.118194,0.114457
4717,30,0.519398,0.066585,0.010254,0.088779,0.314984,0.337353,0.662647,0.141218,0.135779
4718,24,0.519416,0.066587,0.01,0.088782,0.315214,0.337356,0.662644,0.12027,0.119249
4719,24,0.519253,0.066579,0.009999,0.088772,0.315397,0.337372,0.662628,0.128127,0.125454
4720,24,0.519253,0.066579,0.01,0.088772,0.315396,0.33734,0.66266,0.129895,0.130093
4721,24,0.519139,0.066564,0.009998,0.088753,0.315546,0.337274,0.662726,0.126448,0.127762
4722,24,0.519138,0.066564,0.01,0.088752,0.315546,0.337186,0.662814,0.121572,0.122704
4723,30,0.518678,0.066505,0.010877,0.088674,0.315266,0.337148,0.662852,0.136081,0.136627
4724,24,0.519133,0.066564,0.010009,0.088752,0.315543,0.337185,0.662815,0.123727,0.12159
4725,30,0.519092,0.066571,0.010001,0.088761,0.315576,0.33718,0.66282,0.121501,0.120905
4726,30,0.519643,0.066494,0.009989,0.088659,0.315215,0.337015,0.662985,0.083769,0.086788
4727,24,0.519831,0.066437,0.009991,0.088582,0.315159,0.336879,0.663121,0.104537,0.107572
4728,24,0.520033,0.066407,0.009996,0.088543,0.315021,0.336745,0.663255,0.109604,0.112585
4729,30,0.520275,0.066373,0.009995,0.088498,0.314859,0.33666,0.66334,0.113921,0.115592
4730,24,0.520479,0.066344,0.009996,0.088459,0.314722,0.336489,0.663511,0.109587,0.112207
4731,30,0.520751,0.066306,0.009994,0.088408,0.314541,0.336509,0.663491,0.112385,0.109385
4732,24,0.520536,0.066305,0.01,0.088406,0.314753,0.336478,0.663522,0.121472,0.121575
4733,24,0.520424,0.06629,0.009998,0.088386,0.314902,0.336478,0.663522,0.119843,0.118892
4734,30,0.520277,0.066283,0.009999,0.088378,0.315063,0.336388,0.663612,0.128505,0.129981
4735,30,0.520286,0.066258,0.009996,0.088344,0.315117,0.336226,0.663774,0.103101,0.106895
4736,30,0.520152,0.066241,0.01025,0.088321,0.315036,0.336414,0.663586,0.119487,0.110761
4737,30,0.51994,0.066257,0.010002,0.088343,0.315457,0.33642,0.66358,0.128955,0.126205
4738,24,0.519896,0.066251,0.010088,0.088335,0.31543,0.336499,0.663501,0.11325,0.108761
4739,30,0.520401,0.066181,0.010086,0.088241,0.315092,0.336171,0.663829,0.092175,0.101169
4740,24,0.520496,0.066179,0.01,0.088239,0.315086,0.336373,0.663627,0.113325,0.10368
4741,24,0.520498,0.066179,0.01,0.088238,0.315084,0.336439,0.663561,0.114974,0.110709
4742,30,0.520401,0.066192,0.010002,0.088256,0.315148,0.336676,0.663324,0.123723,0.113157
4743,30,0.520376,0.066189,0.01005,0.088252,0.315133,0.336699,0.663301,0.126144,0.124635
4744,24,0.520709,0.06615,0.009994,0.0882,0.314947,0.336597,0.663403,0.10801,0.109923
4745,24,0.520708,0.066149,0.01,0.088199,0.314944,0.336663,0.663337,0.114961,0.110699
4746,30,0.520683,0.066146,0.010048,0.088195,0.314928,0.336773,0.663227,0.126144,0.120891
4747,30,0.520805,0.066126,0.010068,0.088168,0.314833,0.336783,0.663217,0.115312,0.113267
4748,24,0.520629,0.066129,0.010001,0.088173,0.315069,0.336752,0.663248,0.121472,0.121575
4749,24,0.520629,0.066129,0.01,0.088173,0.315069,0.33672,0.66328,0.129907,0.130101
4750,30,0.520256,0.066082,0.01071,0.088109,0.314843,0.336649,0.663351,0.119443,0.12035
4751,24,0.520772,0.066109,0.010004,0.088145,0.31497,0.336525,0.663475,0.110857,0.113587
4752,30,0.520581,0.066136,0.010004,0.088181,0.315099,0.336681,0.663319,0.121227,0.114164
4753,30,0.521153,0.066057,0.009988,0.088076,0.314725,0.336482,0.663518,0.089883,0.094015
4754,24,0.521049,0.06607,0.010002,0.088093,0.314786,0.336484,0.663516,0.124927,0.123916
4755,30,0.520587,0.066011,0.010879,0.088015,0.314507,0.336446,0.663554,0.136081,0.136625
4756,24,0.520729,0.066042,0.010518,0.088056,0.314654,0.336714,0.663286,0.114938,0.103075
4757,24,0.520773,0.065993,0.010824,0.087991,0.314419,0.33658,0.66342,0.117873,0.120875
4758,30,0.520658,0.065979,0.011041,0.087972,0.31435,0.336498,0.663502,0.129473,0.130736
4759,30,0.521186,0.066043,0.010054,0.088058,0.314659,0.33654,0.66346,0.119011,0.116104
4760,24,0.521116,0.06606,0.010003,0.088081,0.31474,0.336542,0.663458,0.124927,0.123916
4761,30,0.521129,0.066033,0.009996,0.088043,0.314799,0.336661,0.663339,0.106716,0.100284
4762,24,0.521319,0.065976,0.009991,0.087967,0.314746,0.336525,0.663475,0.104548,0.107578
4763,24,0.521619,0.065933,0.009994,0.087911,0.314544,0.336315,0.663685,0.106257,0.110399
4764,24,0.521921,0.065891,0.009994,0.087854,0.314341,0.336212,0.663788,0.107923,0.109855
4765,30,0.522048,0.065871,0.010003,0.087828,0.314249,0.336222,0.663778,0.115306,0.113267
4766,30,0.52195,0.065859,0.009998,0.087812,0.314382,0.336112,0.663888,0.126516,0.128721
4767,24,0.521851,0.065872,0.010002,0.08783,0.314445,0.336114,0.663886,0.133239,0.132234
4768,24,0.521852,0.065872,0.01,0.08783,0.314446,0.336178,0.663822,0.115347,0.111361
4769,30,0.521659,0.065899,0.010004,0.087865,0.314573,0.336242,0.663758,0.127886,0.124825
4770,30,0.521616,0.065905,0.010001,0.087874,0.314604,0.336275,0.663725,0.13813,0.135406
4771,30,0.521677,0.06589,0.010052,0.087853,0.314529,0.33619,0.66381,0.11732,0.118446
4772,30,0.521543,0.065873,0.010306,0.08783,0.314448,0.336264,0.663736,0.119487,0.115436
4773,24,0.521705,0.065893,0.010003,0.087857,0.314543,0.336298,0.663702,0.123286,0.121228
4774,24,0.521609,0.065906,0.010002,0.087875,0.314608,0.3363,0.6637,0.133235,0.132234
4775,30,0.521417,0.065933,0.010004,0.087911,0.314736,0.336323,0.663677,0.12787,0.125303
4776,30,0.521196,0.065923,0.010297,0.087897,0.314687,0.336503,0.663497,0.129849,0.121207
4777,30,0.521485,0.065924,0.01,0.087899,0.314692,0.336359,0.663641,0.103967,0.106809
4778,24,0.521538,0.065892,0.010174,0.087856,0.31454,0.336234,0.663766,0.119038,0.121811
4779,30,0.521542,0.065893,0.010165,0.087857,0.314543,0.336153,0.663847,0.129478,0.130744
4780,30,0.5218,0.06588,0.009998,0.08784,0.314482,0.336001,0.663999,0.103477,0.106701
4781,30,0.521506,0.065894,0.010002,0.087858,0.31474,0.336036,0.663964,0.124874,0.122768
4782,30,0.521462,0.0659,0.010001,0.087867,0.314771,0.335987,0.664013,0.121515,0.121661
4783,30,0.521462,0.0659,0.01,0.087867,0.314771,0.335917,0.664083,0.119545,0.120415
4784,30,0.521103,0.065878,0.009997,0.087838,0.315185,0.33587,0.66413,0.129697,0.129552
4785,30,0.521427,0.065833,0.009993,0.087777,0.314969,0.335777,0.664223,0.09446,0.094435
4786,30,0.521245,0.06581,0.009997,0.087747,0.315202,0.33563,0.66437,0.111111,0.114361
4787,30,0.521064,0.065787,0.009997,0.087716,0.315435,0.335617,0.664383,0.104484,0.103236
4788,30,0.520884,0.065765,0.009997,0.087686,0.315669,0.335511,0.664489,0.111107,0.113824
4789,30,0.520882,0.065764,0.01,0.087686,0.315668,0.335442,0.664558,0.119556,0.120419
4790,30,0.520658,0.065748,0.009998,0.087664,0.315933,0.335357,0.664643,0.113085,0.115075
4791,30,0.520611,0.065754,0.010001,0.087672,0.315962,0.335308,0.664692,0.121498,0.121649
4792,30,0.520478,0.065737,0.010255,0.08765,0.315881,0.335238,0.664762,0.119487,0.12037
4793,24,0.520433,0.065731,0.01034,0.087642,0.315853,0.335486,0.664514,0.11325,0.102215
4794,30,0.520839,0.065698,0.009995,0.087598,0.31587,0.33527,0.66473,0.098437,0.103672
4795,24,0.520723,0.065684,0.009998,0.087578,0.316018,0.335204,0.664796,0.12649,0.127772
4796,24,0.520624,0.065697,0.010002,0.087596,0.316082,0.335207,0.664793,0.124927,0.123916
4797,24,0.520348,0.065618,0.010841,0.087491,0.315702,0.335075,0.664925,0.116311,0.118642
4798,24,0.52072,0.06561,0.010525,0.08748,0.315665,0.334941,0.665059,0.109585,0.11255
4799,30,0.520586,0.065593,0.010779,0.087458,0.315584,0.33503,0.66497,0.119486,0.114964
4800,24,0.521064,0.065599,0.01026,0.087466,0.315611,0.334897,0.665103,0.109615,0.112571
4801,24,0.521199,0.065616,0.010003,0.087488,0.315693,0.334866,0.665134,0.121657,0.12182
4802,30,0.521101,0.065604,0.009998,0.087472,0.315826,0.334884,0.665116,0.116587,0.114505
4803,30,0.520639,0.065546,0.010875,0.087394,0.315546,0.334847,0.665153,0.136081,0.136621
4804,24,0.521287,0.065547,0.01,0.087396,0.31577,0.334711,0.665289,0.104531,0.10754
4805,24,0.521173,0.065532,0.009998,0.087376,0.31592,0.334646,0.665354,0.118182,0.119454
4806,24,0.521172,0.065532,0.01,0.087376,0.31592,0.33471,0.66529,0.115333,0.111359
4807,30,0.521637,0.065447,0.010144,0.087263,0.315509,0.334419,0.665581,0.0903,0.097854
4808,24,0.521386,0.065441,0.009999,0.087255,0.315919,0.334354,0.665646,0.118009,0.119216
4809,30,0.521713,0.065396,0.009993,0.087195,0.315703,0.334202,0.665798,0.094518,0.096406
4810,30,0.521516,0.065422,0.010004,0.08723,0.315828,0.334359,0.665641,0.121223,0.114197
4811,24,0.521421,0.065436,0.010002,0.087248,0.315894,0.334361,0.665639,0.133235,0.132232
4812,30,0.521615,0.06541,0.009996,0.087213,0.315767,0.334227,0.665773,0.112957,0.114322
4813,24,0.521564,0.065416,0.010001,0.087221,0.315798,0.334277,0.665723,0.131584,0.127914
4814,24,0.52145,0.065402,0.009998,0.087202,0.315948,0.334212,0.665788,0.12649,0.127764
4815,30,0.521449,0.065402,0.01,0.087202,0.315948,0.334187,0.665813,0.119545,0.119666
4816,24,0.521449,0.065402,0.01,0.087202,0.315948,0.334156,0.665844,0.12164,0.121802
4817,24,0.521922,0.065337,0.00999,0.087116,0.315635,0.334057,0.665943,0.094355,0.094318
4818,24,0.521754,0.065329,0.009999,0.087105,0.315814,0.334108,0.665892,0.11979,0.115405
4819,30,0.52178,0.065299,0.009995,0.087065,0.315861,0.33409,0.66591,0.111351,0.109938
4820,24,0.521777,0.065298,0.01,0.087064,0.31586,0.334059,0.665941,0.129949,0.130118
4821,30,0.521598,0.065276,0.009997,0.087035,0.316095,0.333912,0.666088,0.111123,0.114335
4822,30,0.521403,0.065302,0.010004,0.087069,0.316221,0.333936,0.666064,0.127881,0.125324
4823,30,0.521975,0.065225,0.009988,0.086966,0.315846,0.333768,0.666232,0.083296,0.086396
4824,30,0.522018,0.065191,0.009995,0.086921,0.315875,0.333633,0.666367,0.113822,0.117158
4825,24,0.522222,0.065162,0.009996,0.086883,0.315737,0.3335,0.6665,0.109586,0.112528
4826,30,0.522048,0.065139,0.009996,0.086852,0.315965,0.333465,0.666535,0.110603,0.110055
4827,30,0.521914,0.065122,0.010251,0.086829,0.315884,0.33344,0.66656,0.119487,0.119625
4828,30,0.521868,0.065116,0.009999,0.086821,0.316196,0.333323,0.666677,0.108181,0.110679
4829,24,0.522059,0.06506,0.009991,0.086746,0.316144,0.333188,0.666812,0.104564,0.107536
4830,24,0.52194,0.065045,0.009998,0.086727,0.316291,0.333123,0.666877,0.11817,0.119429
4831,30,0.521947,0.065044,0.01,0.086725,0.316285,0.333143,0.666857,0.125624,0.124239
4832,30,0.521988,0.065012,0.009995,0.086683,0.316322,0.333121,0.666879,0.111814,0.110827
4833,30,0.521885,0.064999,0.009998,0.086666,0.316452,0.333023,0.666977,0.116532,0.118329
4834,30,0.52186,0.064996,0.010046,0.086661,0.316437,0.333134,0.666866,0.126144,0.120931
4835,30,0.522019,0.064955,0.009994,0.086606,0.316427,0.333017,0.666983,0.109948,0.112474
4836,30,0.521725,0.064883,0.0108,0.086511,0.31608,0.33294,0.66706,0.126497,0.127316
4837,30,0.521932,0.064909,0.010215,0.086546,0.316398,0.332935,0.667065,0.123188,0.122614
4838,30,0.522052,0.064922,0.010002,0.086563,0.316461,0.332955,0.667045,0.125624,0.124233
4839,24,0.521956,0.064935,0.010002,0.086581,0.316526,0.332958,0.667042,0.124919,0.12391
4840,30,0.521766,0.064849,0.010817,0.086465,0.316103,0.332824,0.667176,0.113822,0.11713
4841,30,0.522032,0.064894,0.010035,0.086525,0.316514,0.332735,0.667265,0.128505,0.129949
4842,30,0.522114,0.064841,0.009992,0.086454,0.316599,0.33257,0.66743,0.105471,0.109674
4843,30,0.521865,0.064827,0.009998,0.086436,0.316875,0.332623,0.667377,0.131465,0.127373
4844,30,0.522114,0.064793,0.009995,0.08639,0.316708,0.332534,0.667466,0.11331,0.115085
4845,24,0.522522,0.064737,0.009991,0.086316,0.316434,0.332289,0.667711,0.102194,0.107383
4846,24,0.52282,0.064695,0.009994,0.08626,0.316231,0.33236,0.66764,0.100014,0.094883
4847,24,0.522604,0.064694,0.01,0.086258,0.316443,0.332329,0.667671,0.121472,0.121562
4848,30,0.522976,0.064643,0.009992,0.086191,0.316197,0.332148,0.667852,0.103351,0.107929
4849,30,0.522972,0.064643,0.01,0.086191,0.316195,0.332213,0.667787,0.112932,0.109328
4850,30,0.523034,0.064588,0.009992,0.086117,0.316269,0.331999,0.668001,0.1055,0.111322
4851,30,0.523164,0.064569,0.009997,0.086093,0.316177,0.332011,0.667989,0.115353,0.113303
4852,24,0.522935,0.064541,0.009996,0.086054,0.316475,0.331978,0.668022,0.11638,0.11653
4853,24,0.523235,0.064499,0.009994,0.085999,0.316273,0.331937,0.668063,0.097932,0.096439
4854,24,0.523134,0.064512,0.010002,0.086016,0.316335,0.33189,0.66811,0.12492,0.124494
4855,24,0.523138,0.064512,0.01,0.086016,0.316334,0.331924,0.668076,0.123298,0.121249
4856,30,0.523092,0.064518,0.010001,0.086024,0.316364,0.331865,0.668135,0.13152,0.132013
4857,30,0.522987,0.064486,0.009995,0.085982,0.31655,0.331773,0.668227,0.113488,0.115506
4858,24,0.522772,0.064485,0.01,0.08598,0.316763,0.331696,0.668304,0.121443,0.121851
4859,24,0.522772,0.064485,0.01,0.08598,0.316763,0.331664,0.668336,0.129895,0.130075
4860,30,0.523039,0.064449,0.009994,0.085932,0.316586,0.331458,0.668542,0.099741,0.103165
4861,24,0.522939,0.064462,0.010002,0.085949,0.316649,0.331461,0.668539,0.133239,0.132248
4862,24,0.523182,0.064429,0.009995,0.085905,0.316489,0.33126,0.66874,0.107398,0.111377
4863,24,0.523065,0.064415,0.009998,0.085886,0.316637,0.331195,0.668805,0.126465,0.12773
4864,30,0.523178,0.064375,0.009994,0.085834,0.316619,0.331093,0.668907,0.098016,0.098652
4865,30,0.523151,0.064372,0.010045,0.085829,0.316603,0.331139,0.668861,0.119477,0.115719
4866,24,0.523175,0.064375,0.01,0.085833,0.316617,0.331204,0.668796,0.115333,0.111383
4867,30,0.523183,0.064374,0.01,0.085832,0.316612,0.331224,0.668776,0.125623,0.124239
4868,24,0.522971,0.064373,0.01,0.08583,0.316826,0.331193,0.668807,0.121476,0.121558
4869,30,0.522791,0.064351,0.009997,0.085801,0.31706,0.331239,0.668761,0.111126,0.107489
4870,30,0.52261,0.064328,0.009997,0.085771,0.317293,0.331339,0.668661,0.111093,0.105648
4871,24,0.522609,0.064328,0.01,0.085771,0.317292,0.331376,0.668624,0.123641,0.121554
4872,30,0.522609,0.064328,0.01,0.085771,0.317292,0.331423,0.668577,0.119542,0.116543
4873,30,0.522742,0.06431,0.009997,0.085747,0.317203,0.331435,0.668565,0.115358,0.113311
4874,30,0.522591,0.064253,0.010564,0.085671,0.316922,0.331391,0.668609,0.119041,0.119707
4875,30,0.522304,0.064224,0.011065,0.085631,0.316776,0.331542,0.668458,0.127125,0.119746
4876,30,0.522317,0.064248,0.010697,0.085664,0.317073,0.331637,0.668363,0.121456,0.116794
4877,30,0.522063,0.064208,0.011245,0.08561,0.316874,0.331589,0.668411,0.134751,0.135592
4878,24,0.522192,0.064249,0.010599,0.085665,0.317295,0.331558,0.668442,0.129785,0.129881
4879,24,0.522505,0.064287,0.010006,0.085716,0.317485,0.331595,0.668405,0.123698,0.121597
4880,30,0.522378,0.064271,0.010248,0.085695,0.317408,0.33157,0.66843,0.119487,0.11962
4881,30,0.522677,0.064265,0.009999,0.085686,0.317373,0.331481,0.668519,0.103473,0.103355
4882,30,0.522631,0.064271,0.010001,0.085694,0.317403,0.331466,0.668534,0.13813,0.137916
4883,30,0.522633,0.064227,0.010318,0.085636,0.317187,0.331315,0.668685,0.110066,0.113243
4884,24,0.522702,0.06426,0.010005,0.08568,0.317352,0.331318,0.668682,0.133239,0.132238
4885,24,0.52259,0.064246,0.009998,0.085662,0.317503,0.331253,0.668747,0.126457,0.127725
4886,24,0.522589,0.064246,0.01,0.085662,0.317503,0.331319,0.668681,0.115347,0.111393
4887,24,0.522475,0.064232,0.009998,0.085643,0.317652,0.331254,0.668746,0.126432,0.127705
4888,30,0.522757,0.064189,0.01003,0.085585,0.317439,0.33109,0.66891,0.104082,0.108315
4889,30,0.522799,0.064162,0.009996,0.085549,0.317495,0.331073,0.668927,0.111342,0.109924
4890,30,0.522929,0.064144,0.009997,0.085525,0.317405,0.330932,0.669068,0.104023,0.106754
4891,24,0.523087,0.06412,0.010012,0.085493,0.317288,0.330802,0.669198,0.116339,0.118599
4892,24,0.52306,0.064064,0.010446,0.085418,0.317011,0.330669,0.669331,0.117865,0.120792
4893,24,0.523197,0.064106,0.010007,0.085474,0.317217,0.330622,0.669378,0.12492,0.124487
4894,24,0.523087,0.064092,0.009998,0.085455,0.317368,0.330623,0.669377,0.119834,0.118885
4895,24,0.523389,0.064051,0.009994,0.085401,0.317166,0.330416,0.669584,0.106204,0.110237
4896,30,0.523426,0.064019,0.009995,0.085359,0.317201,0.330395,0.669605,0.111818,0.110818
4897,24,0.523424,0.064019,0.01,0.085358,0.317199,0.330461,0.669539,0.115347,0.111394
4898,24,0.523326,0.064032,0.010002,0.085376,0.317264,0.330464,0.669536,0.133243,0.13224
4899,30,0.523282,0.064038,0.010001,0.085384,0.317295,0.33055,0.66945,0.114891,0.110592
4900,30,0.52381,0.063967,0.009989,0.08529,0.316944,0.330261,0.669739,0.09026,0.097638
4901,30,0.523759,0.063973,0.010001,0.085297,0.316971,0.330213,0.669787,0.121506,0.121633
4902,24,0.523277,0.063914,0.01091,0.085219,0.31668,0.330181,0.669819,0.129825,0.130025
4903,30,0.523701,0.063956,0.010007,0.085274,0.317063,0.330031,0.669969,0.104024,0.107326
4904,30,0.523558,0.06395,0.009999,0.085267,0.317226,0.330088,0.669912,0.111863,0.10851
4905,30,0.523572,0.063917,0.010223,0.085223,0.317064,0.330118,0.669882,0.108641,0.10603
4906,24,0.523856,0.063909,0.009999,0.085212,0.317024,0.33014,0.66986,0.11011,0.107348
4907,30,0.524373,0.06384,0.009989,0.08512,0.316678,0.329954,0.670046,0.090766,0.094442
4908,30,0.524466,0.063826,0.009998,0.085101,0.316609,0.329822,0.670178,0.105921,0.108703
4909,30,0.524594,0.063808,0.009997,0.085078,0.316522,0.329643,0.670357,0.115149,0.118211
4910,24,0.524593,0.063808,0.01,0.085077,0.316522,0.329612,0.670388,0.121628,0.121781
4911,24,0.524478,0.063794,0.009998,0.085059,0.316671,0.329547,0.670453,0.12649,0.127745
4912,30,0.523994,0.063735,0.010911,0.08498,0.316379,0.329522,0.670478,0.126101,0.126247
4913,24,0.524676,0.063766,0.010005,0.085021,0.316532,0.32939,0.67061,0.109595,0.112467
4914,30,0.524555,0.063757,0.009999,0.085009,0.31668,0.329469,0.670531,0.134134,0.129351
4915,24,0.52444,0.063743,0.009998,0.084991,0.316829,0.329404,0.670596,0.118124,0.119378
4916,30,0.524393,0.063749,0.010001,0.084998,0.316858,0.3294,0.6706,0.121506,0.120906
4917,30,0.524232,0.063771,0.010003,0.085028,0.316967,0.329537,0.670463,0.127443,0.120349
4918,24,0.524136,0.063784,0.010002,0.085045,0.317032,0.329491,0.670509,0.124906,0.124475
4919,30,0.524137,0.063784,0.01,0.085045,0.317033,0.329412,0.670588,0.129536,0.130731
4920,30,0.524003,0.063768,0.010254,0.085023,0.316952,0.329488,0.670512,0.119487,0.115487
4921,30,0.524136,0.063784,0.010003,0.085045,0.317032,0.329553,0.670447,0.112885,0.109319
4922,24,0.524441,0.063743,0.009994,0.084991,0.316831,0.329452,0.670548,0.107904,0.109776
4923,24,0.52444,0.063743,0.01,0.08499,0.316827,0.329487,0.670513,0.123285,0.121247
4924,30,0.524528,0.063731,0.009998,0.084974,0.316769,0.329404,0.670596,0.117325,0.118384
4925,24,0.524414,0.063716,0.009998,0.084955,0.316916,0.329405,0.670595,0.119834,0.118884
4926,24,0.524201,0.063715,0.01,0.084954,0.31713,0.329329,0.670671,0.121443,0.12183
4927,30,0.524282,0.063704,0.009998,0.084939,0.317076,0.329321,0.670679,0.122851,0.12238
4928,30,0.524101,0.063683,0.009997,0.08491,0.31731,0.329265,0.670735,0.11775,0.118787
4929,30,0.523954,0.063676,0.009999,0.084901,0.31747,0.329232,0.670768,0.11849,0.118825
4930,30,0.523819,0.06366,0.010253,0.08488,0.317388,0.329207,0.670793,0.119487,0.119614
4931,24,0.523952,0.063676,0.010003,0.084901,0.317469,0.329273,0.670727,0.115347,0.111405
4932,24,0.523907,0.06367,0.010088,0.084894,0.317441,0.329187,0.670813,0.121558,0.122624
4933,24,0.524071,0.06366,0.009998,0.08488,0.31739,0.329415,0.670585,0.109719,0.099223
4934,24,0.524372,0.06362,0.009994,0.084826,0.317189,0.329375,0.670625,0.097922,0.096422
4935,24,0.524525,0.063586,0.010086,0.084782,0.317022,0.329242,0.670758,0.117822,0.120729
4936,24,0.525075,0.063524,0.00999,0.084699,0.316712,0.328974,0.671026,0.094167,0.100938
4937,30,0.524597,0.063466,0.010891,0.084622,0.316424,0.328949,0.671051,0.126101,0.126248
4938,24,0.525074,0.063472,0.010372,0.084629,0.316452,0.328817,0.671183,0.109572,0.112452
4939,24,0.525055,0.063433,0.010679,0.084577,0.316257,0.328694,0.671306,0.11902,0.121695
4940,24,0.525009,0.063427,0.010764,0.08457,0.31623,0.328663,0.671337,0.121556,0.121728
4941,24,0.524964,0.063422,0.010849,0.084563,0.316202,0.328734,0.671266,0.121556,0.116626
4942,24,0.525182,0.063448,0.010004,0.084597,0.31677,0.328701,0.671299,0.11638,0.116513
4943,30,0.525507,0.063405,0.009993,0.08454,0.316555,0.328512,0.671488,0.101021,0.105344
4944,30,0.525533,0.063374,0.010191,0.084499,0.316403,0.328409,0.671591,0.115301,0.117073
4945,30,0.525332,0.063367,0.010448,0.084489,0.316365,0.328554,0.671446,0.139842,0.13262
4946,24,0.525337,0.063367,0.01,0.08449,0.316806,0.328456,0.671544,0.114723,0.117042
4947,30,0.525345,0.063366,0.01,0.084488,0.316801,0.3285,0.6715,0.118996,0.116129
4948,24,0.525132,0.063365,0.01,0.084487,0.317016,0.32847,0.67153,0.129784,0.129869
4949,24,0.524805,0.06335,0.009998,0.084467,0.31738,0.328406,0.671594,0.118013,0.11918
4950,30,0.524804,0.06335,0.01,0.084467,0.317379,0.328454,0.671546,0.119542,0.116561
4951,30,0.524447,0.063307,0.010674,0.084409,0.317163,0.328462,0.671538,0.129423,0.126972
4952,24,0.524687,0.063336,0.010005,0.084447,0.317525,0.328463,0.671537,0.119826,0.118882
4953,30,0.524637,0.063296,0.010343,0.084395,0.317329,0.328325,0.671675,0.111813,0.114701
4954,24,0.524819,0.063318,0.010003,0.084424,0.317436,0.32836,0.67164,0.123297,0.121261
4955,30,0.524881,0.063264,0.009992,0.084352,0.31751,0.328147,0.671853,0.098808,0.104555
4956,30,0.524685,0.063289,0.010004,0.084386,0.317636,0.328173,0.671827,0.127912,0.125342
4957,24,0.524788,0.063276,0.009998,0.084368,0.31757,0.328204,0.671796,0.111176,0.1082
4958,24,0.524787,0.063276,0.01,0.084368,0.317569,0.328242,0.671758,0.123695,0.1216
4959,24,0.52499,0.063249,0.009996,0.084332,0.317433,0.328111,0.671889,0.109581,0.112435
4960,24,0.524661,0.063234,0.009998,0.084312,0.317796,0.328047,0.671953,0.126321,0.127489
4961,30,0.524668,0.063233,0.01,0.08431,0.31779,0.328091,0.671909,0.119021,0.116144
4962,30,0.524667,0.063233,0.01,0.08431,0.31779,0.328139,0.671861,0.119542,0.116554
4963,24,0.524669,0.063232,0.01,0.08431,0.317788,0.328174,0.671826,0.123285,0.121251
4964,24,0.524973,0.063192,0.009994,0.084256,0.317585,0.328073,0.671927,0.10787,0.109732
4965,30,0.524825,0.063165,0.009996,0.08422,0.317794,0.327957,0.672043,0.109767,0.112717
4966,24,0.524973,0.063131,0.010099,0.084175,0.317622,0.327825,0.672175,0.117865,0.120747
4967,30,0.524675,0.063136,0.010358,0.084182,0.317649,0.327963,0.672037,0.144021,0.137808
4968,24,0.52478,0.063149,0.01016,0.084199,0.317712,0.327878,0.672122,0.121572,0.122622
4969,24,0.524767,0.063172,0.010004,0.084229,0.317828,0.327882,0.672118,0.133247,0.132244
4970,24,0.52487,0.063159,0.009998,0.084212,0.317762,0.327812,0.672188,0.117502,0.118924
4971,24,0.524869,0.063159,0.01,0.084212,0.317761,0.327782,0.672218,0.121628,0.121776
4972,24,0.524756,0.063145,0.009998,0.084193,0.317909,0.327783,0.672217,0.119834,0.118885
4973,30,0.524383,0.063148,0.010001,0.084198,0.318271,0.327768,0.672232,0.119467,0.118987
4974,30,0.524371,0.063124,0.009996,0.084166,0.318342,0.327851,0.672149,0.118007,0.112943
4975,24,0.524272,0.063137,0.010002,0.084183,0.318406,0.327805,0.672195,0.12492,0.124481
4976,30,0.524247,0.063134,0.01005,0.084179,0.318391,0.32783,0.67217,0.126144,0.124657
4977,24,0.524273,0.063137,0.010001,0.084183,0.318407,0.327868,0.672132,0.12367,0.121592
4978,24,0.524273,0.063137,0.01,0.084183,0.318407,0.327838,0.672162,0.121657,0.121792
4979,30,0.524052,0.063127,0.010293,0.08417,0.318357,0.328022,0.671978,0.129857,0.121366
4980,30,0.524255,0.063139,0.010002,0.084186,0.318418,0.32798,0.67202,0.115659,0.115723
4981,30,0.524714,0.063079,0.00999,0.084105,0.318112,0.327762,0.672238,0.087388,0.092181
4982,24,0.524709,0.063078,0.01,0.084104,0.318109,0.327829,0.672171,0.115347,0.111416
4983,30,0.52498,0.063042,0.009994,0.084056,0.317928,0.327852,0.672148,0.112315,0.109353
4984,30,0.524851,0.063027,0.010236,0.084036,0.31785,0.327827,0.672173,0.119487,0.119609
4985,24,0.524977,0.063041,0.010002,0.084055,0.317924,0.327862,0.672138,0.123297,0.121273
4986,30,0.524934,0.063048,0.010001,0.084063,0.317955,0.327949,0.672051,0.114907,0.110625
4987,30,0.524762,0.063025,0.009996,0.084033,0.318183,0.327889,0.672111,0.117191,0.118342
4988,24,0.524663,0.063038,0.010002,0.08405,0.318247,0.327893,0.672107,0.133247,0.132244
4989,24,0.524664,0.063038,0.01,0.08405,0.318248,0.32796,0.67204,0.115347,0.11141
4990,30,0.524796,0.06302,0.009997,0.084027,0.31816,0.327805,0.672195,0.109939,0.11333
4991,24,0.524999,0.062993,0.009996,0.083991,0.318022,0.327674,0.672326,0.109582,0.112444
4992,30,0.524851,0.062987,0.009999,0.083982,0.318182,0.32763,0.67237,0.135116,0.135824
4993,30,0.524836,0.062985,0.010027,0.08398,0.318173,0.327562,0.672438,0.119498,0.120323
4994,30,0.524805,0.062992,0.010001,0.08399,0.318211,0.327649,0.672351,0.114896,0.110618
4995,30,0.524713,0.062979,0.009998,0.083973,0.318338,0.327664,0.672336,0.115976,0.114043
4996,30,0.524689,0.062982,0.01,0.083976,0.318352,0.327778,0.672222,0.137147,0.131092
4997,30,0.524689,0.062982,0.01,0.083976,0.318352,0.327826,0.672174,0.119531,0.116549
4998,24,0.52499,0.062942,0.009994,0.083923,0.31815,0.327787,0.672213,0.097911,0.096402
4999,30,0.524987,0.062942,0.01,0.083923,0.318148,0.327836,0.672164,0.119599,0.116612
5000,30,0.525048,0.062889,0.009992,0.083851,0.318221,0.327611,0.672389,0.115428,0.121552
5001,24,0.525285,0.062856,0.009995,0.083808,0.318056,0.327412,0.672588,0.10738,0.111275
5002,24,0.525584,0.062816,0.009994,0.083754,0.317852,0.327312,0.672688,0.107934,0.109757
5003,24,0.525822,0.062783,0.009995,0.083711,0.317689,0.327265,0.672735,0.101165,0.100076
5004,30,0.526024,0.062726,0.010215,0.083635,0.317399,0.327098,0.672902,0.108594,0.110844
5005,30,0.526137,0.06274,0.010002,0.083653,0.317468,0.327146,0.672854,0.119542,0.116559
5006,24,0.526342,0.062713,0.009996,0.083617,0.317332,0.327015,0.672985,0.117913,0.120766
5007,24,0.526226,0.062699,0.009998,0.083598,0.317479,0.327016,0.672984,0.119834,0.118883
5008,24,0.526227,0.062698,0.01,0.083598,0.317477,0.327051,0.672949,0.123297,0.121265
5009,24,0.526529,0.062658,0.009994,0.083544,0.317274,0.326951,0.673049,0.107913,0.109747
5010,24,0.526526,0.062658,0.01,0.083544,0.317272,0.327175,0.672825,0.115347,0.105454
5011,30,0.526534,0.062657,0.01,0.083542,0.317267,0.327195,0.672805,0.125623,0.124254
5012,30,0.526489,0.062663,0.010001,0.08355,0.317297,0.327192,0.672808,0.121509,0.120914
5013,30,0.526577,0.062651,0.009998,0.083535,0.317239,0.32711,0.67289,0.11732,0.118366
5014,24,0.526664,0.06261,0.009993,0.083481,0.317252,0.326945,0.673055,0.106155,0.110069
5015,30,0.526514,0.062604,0.009999,0.083472,0.317411,0.327003,0.672997,0.111891,0.108547
5016,24,0.526302,0.062603,0.01,0.083471,0.317625,0.326973,0.673027,0.12148,0.121545
5017,24,0.526253,0.062609,0.010001,0.083479,0.317657,0.327246,0.672754,0.11496,0.103341
5018,24,0.526256,0.062609,0.01,0.083479,0.317656,0.327281,0.672719,0.123297,0.121263
5019,24,0.526258,0.062609,0.01,0.083478,0.317655,0.327316,0.672684,0.123297,0.121263
5020,30,0.526202,0.062543,0.010545,0.08339,0.31732,0.32716,0.67284,0.121763,0.12547
5021,24,0.526445,0.062572,0.010089,0.083429,0.317466,0.327227,0.672773,0.115345,0.11142
5022,30,0.526449,0.062572,0.01008,0.08343,0.317469,0.327148,0.672852,0.129478,0.130673
5023,24,0.526592,0.062564,0.009999,0.083419,0.317427,0.327326,0.672674,0.111168,0.102891
5024,30,0.526781,0.062539,0.009996,0.083385,0.317299,0.327281,0.672719,0.09629,0.094675
5025,24,0.526663,0.062525,0.009998,0.083366,0.317448,0.327217,0.672783,0.118177,0.119403
5026,30,0.526569,0.062512,0.009998,0.083349,0.317573,0.327208,0.672792,0.122606,0.122165
5027,30,0.52643,0.062484,0.009996,0.083313,0.317777,0.327171,0.672829,0.113979,0.113414
5028,24,0.526615,0.062431,0.009991,0.083241,0.317723,0.327037,0.672963,0.104433,0.107356
5029,30,0.52643,0.062409,0.009996,0.083212,0.317954,0.327026,0.672974,0.104487,0.103228
5030,24,0.526555,0.062363,0.009993,0.08315,0.317939,0.326901,0.673099,0.105667,0.108361
5031,30,0.526847,0.0623,0.00999,0.083067,0.317796,0.326705,0.673295,0.09508,0.098824
5032,30,0.526711,0.062284,0.010244,0.083046,0.317714,0.326782,0.673218,0.119487,0.115509
5033,24,0.526743,0.062312,0.010004,0.083083,0.317857,0.326786,0.673214,0.133251,0.132248
5034,24,0.526746,0.062313,0.01,0.083083,0.317858,0.326824,0.673176,0.123695,0.121604
5035,30,0.52672,0.06231,0.010048,0.083079,0.317843,0.326849,0.673151,0.126144,0.124658
5036,30,0.526701,0.062318,0.010001,0.083091,0.317888,0.326936,0.673064,0.11491,0.110632
5037,24,0.526701,0.062319,0.01,0.083091,0.317889,0.326905,0.673095,0.129907,0.13007
5038,30,0.526694,0.06232,0.01,0.083093,0.317894,0.326926,0.673074,0.125195,0.12364
5039,24,0.526649,0.062314,0.010085,0.083086,0.317866,0.326841,0.673159,0.121558,0.122603
5040,30,0.526513,0.062298,0.01034,0.083064,0.317785,0.326773,0.673227,0.119487,0.120312
5041,24,0.526644,0.062326,0.010004,0.083101,0.317925,0.326865,0.673135,0.123255,0.117557
5042,30,0.526624,0.062329,0.010001,0.083105,0.317941,0.327058,0.672942,0.113895,0.105364
5043,30,0.526587,0.062324,0.010071,0.083099,0.317919,0.327106,0.672894,0.119476,0.116518
5044,24,0.526609,0.062302,0.009996,0.083069,0.318023,0.32707,0.67293,0.116118,0.116388
5045,30,0.526797,0.062277,0.009996,0.083036,0.317895,0.326891,0.673109,0.102888,0.105656
5046,30,0.526614,0.062255,0.009997,0.083007,0.318127,0.326786,0.673214,0.11109,0.11372
5047,24,0.526612,0.062255,0.01,0.083007,0.318126,0.326756,0.673244,0.129949,0.130095
5048,30,0.526803,0.06223,0.009996,0.082973,0.317998,0.326593,0.673407,0.119575,0.123032
5049,30,0.526931,0.062213,0.009997,0.08295,0.317909,0.326425,0.673575,0.103889,0.106268
5050,24,0.52693,0.062212,0.01,0.08295,0.317908,0.326463,0.673537,0.123712,0.121617
5051,24,0.52693,0.062212,0.01,0.08295,0.317908,0.326433,0.673567,0.12164,0.121777
5052,24,0.52693,0.062212,0.01,0.08295,0.317908,0.326402,0.673598,0.121587,0.121742
5053,24,0.52693,0.062212,0.01,0.08295,0.317908,0.326371,0.673629,0.129895,0.130058
5054,24,0.526717,0.062211,0.01,0.082949,0.318123,0.326341,0.673659,0.129788,0.129864
5055,30,0.526774,0.062185,0.010139,0.082913,0.317988,0.326238,0.673762,0.115302,0.117055
5056,30,0.527169,0.062151,0.009995,0.082869,0.317816,0.32605,0.67395,0.101041,0.105306
5057,24,0.526954,0.06215,0.01,0.082867,0.318029,0.32602,0.67398,0.129792,0.129863
5058,30,0.526983,0.062121,0.010191,0.082827,0.317878,0.325917,0.674083,0.115295,0.117049
5059,30,0.526903,0.062111,0.009998,0.082815,0.318172,0.325889,0.674111,0.111144,0.110458
5060,24,0.526806,0.062124,0.010002,0.082832,0.318237,0.325844,0.674156,0.124928,0.124474
5061,24,0.526759,0.06213,0.010001,0.08284,0.31827,0.325959,0.674041,0.123283,0.117609
5062,24,0.526663,0.062143,0.010002,0.082857,0.318335,0.325914,0.674086,0.124928,0.124484
5063,30,0.526287,0.06211,0.010282,0.082813,0.318508,0.32583,0.67417,0.119684,0.121615
5064,24,0.526205,0.0621,0.009998,0.0828,0.318896,0.325801,0.674199,0.116789,0.116859
5065,24,0.526206,0.0621,0.01,0.0828,0.318895,0.325836,0.674164,0.123285,0.121259
5066,24,0.526208,0.0621,0.01,0.082799,0.318893,0.325871,0.674129,0.123297,0.121269
5067,30,0.526107,0.062088,0.009998,0.082783,0.319024,0.325763,0.674237,0.126516,0.128611
5068,30,0.52608,0.062084,0.010049,0.082779,0.319008,0.325829,0.674171,0.11283,0.109302
5069,30,0.525934,0.062019,0.01049,0.082692,0.318865,0.325698,0.674302,0.121712,0.124556
5070,30,0.525818,0.062006,0.010707,0.082674,0.318795,0.325619,0.674381,0.129473,0.130651
5071,24,0.52591,0.062016,0.010535,0.082689,0.31885,0.325686,0.674314,0.115331,0.111416
5072,30,0.525282,0.061942,0.011717,0.08259,0.318469,0.325701,0.674299,0.136035,0.134094
5073,24,0.525115,0.061947,0.011851,0.082596,0.318492,0.325704,0.674296,0.133192,0.132204
5074,24,0.525245,0.061986,0.011206,0.082648,0.318914,0.325675,0.674325,0.121493,0.121541
5075,24,0.525351,0.061999,0.011008,0.082665,0.318978,0.32559,0.67441,0.121578,0.122601
5076,30,0.525204,0.061981,0.011284,0.082642,0.318889,0.325656,0.674344,0.112816,0.109294
5077,24,0.525682,0.061987,0.010764,0.082649,0.318918,0.325525,0.674475,0.10957,0.112399
5078,24,0.526086,0.062034,0.010008,0.082712,0.31916,0.32556,0.67444,0.123289,0.121262
5079,24,0.52609,0.062035,0.01,0.082713,0.319163,0.325598,0.674402,0.12367,0.121594
5080,30,0.526478,0.061984,0.009992,0.082645,0.318901,0.325427,0.674573,0.097249,0.100048
5081,30,0.526293,0.061962,0.009996,0.082616,0.319132,0.325272,0.674728,0.121096,0.124553
5082,24,0.526294,0.061962,0.01,0.082615,0.31913,0.325308,0.674692,0.123297,0.121271
5083,30,0.526419,0.061945,0.009997,0.082593,0.319045,0.325322,0.674678,0.114346,0.111995
5084,24,0.526302,0.061931,0.009998,0.082575,0.319194,0.325258,0.674742,0.11819,0.119392
5085,30,0.526113,0.061911,0.009997,0.082548,0.319431,0.32523,0.67477,0.110092,0.109111
5086,24,0.526063,0.061917,0.010001,0.082556,0.319463,0.325346,0.674654,0.123283,0.117616
5087,24,0.525967,0.06193,0.010002,0.082573,0.319528,0.32535,0.67465,0.124943,0.123929
5088,24,0.526112,0.061911,0.009997,0.082548,0.319432,0.325228,0.674772,0.110737,0.113356
5089,30,0.52611,0.061911,0.01,0.082548,0.319431,0.325295,0.674705,0.112932,0.109373
5090,24,0.526412,0.061871,0.009994,0.082495,0.319227,0.325195,0.674805,0.10793,0.109743
5091,30,0.526626,0.061843,0.009995,0.082457,0.319079,0.325223,0.674777,0.114873,0.111779
5092,30,0.526624,0.061842,0.01,0.082457,0.319077,0.32529,0.67471,0.112885,0.109342
5093,30,0.526632,0.061841,0.01,0.082455,0.319072,0.325311,0.674689,0.125623,0.12425
5094,30,0.526639,0.06184,0.01,0.082454,0.319067,0.325356,0.674644,0.119009,0.116152
5095,30,0.526173,0.061786,0.010877,0.082381,0.318784,0.32532,0.67468,0.136081,0.136584
5096,30,0.526699,0.061786,0.010347,0.082381,0.318786,0.325232,0.674768,0.113303,0.115006
5097,24,0.526785,0.06182,0.010006,0.082427,0.318962,0.325236,0.674764,0.124931,0.123923
5098,30,0.526743,0.061826,0.010001,0.082435,0.318994,0.325179,0.674821,0.131512,0.131965
5099,24,0.526628,0.061813,0.009998,0.082417,0.319144,0.325115,0.674885,0.126456,0.127684
5100,24,0.526627,0.061813,0.01,0.082417,0.319143,0.325085,0.674915,0.121612,0.121753
5101,30,0.526579,0.061774,0.009994,0.082366,0.319287,0.32504,0.67496,0.100277,0.099945
5102,30,0.526576,0.061774,0.01,0.082365,0.319285,0.325089,0.674911,0.119531,0.116561
5103,24,0.526876,0.061735,0.009994,0.082313,0.319083,0.325011,0.674989,0.10618,0.106056
5104,30,0.527128,0.061701,0.009995,0.082268,0.318908,0.324928,0.675072,0.099243,0.099185
5105,30,0.527109,0.061699,0.01003,0.082265,0.318897,0.324953,0.675047,0.126144,0.124664
5106,30,0.526945,0.061679,0.009997,0.082239,0.31914,0.324849,0.675151,0.111108,0.113709
5107,24,0.526807,0.061613,0.010633,0.082151,0.318796,0.324717,0.675283,0.117794,0.120655
5108,30,0.527461,0.06161,0.01,0.082147,0.318782,0.32457,0.67543,0.094377,0.096096
5109,30,0.527655,0.061585,0.009996,0.082113,0.318651,0.324459,0.675541,0.115859,0.11832
5110,24,0.527653,0.061585,0.01,0.082113,0.31865,0.324497,0.675503,0.123641,0.121579
5111,24,0.527556,0.061597,0.010002,0.08213,0.318715,0.324502,0.675498,0.124947,0.123931
5112,30,0.527513,0.061603,0.010001,0.082138,0.318745,0.324456,0.675544,0.121543,0.121625
5113,24,0.527346,0.061608,0.010135,0.082143,0.318768,0.32446,0.67554,0.133202,0.132213
5114,30,0.527226,0.061641,0.010005,0.082188,0.31894,0.324515,0.675485,0.144562,0.141932
5115,30,0.527105,0.061632,0.009999,0.082176,0.319088,0.324501,0.675499,0.127502,0.125898
5116,30,0.527082,0.061635,0.01,0.08218,0.319102,0.324695,0.675305,0.113907,0.105418
5117,24,0.527285,0.061609,0.009996,0.082145,0.318965,0.324565,0.675435,0.109595,0.112412
5118,30,0.527283,0.061608,0.01,0.082145,0.318964,0.324614,0.675386,0.119487,0.116534
5119,24,0.527187,0.061621,0.010002,0.082161,0.319029,0.324619,0.675381,0.124947,0.123931
5120,30,0.527236,0.061615,0.009999,0.082153,0.318997,0.324577,0.675423,0.115649,0.115699
5121,30,0.527314,0.061565,0.010297,0.082086,0.318739,0.324444,0.675556,0.107138,0.110326
5122,24,0.527934,0.061523,0.009993,0.08203,0.31852,0.324196,0.675804,0.100924,0.105987
5123,30,0.527543,0.061483,0.010493,0.081977,0.318505,0.324315,0.675685,0.124116,0.118128
5124,24,0.527755,0.061519,0.010006,0.082026,0.318694,0.324409,0.675591,0.12327,0.117592
5125,24,0.527594,0.061512,0.009999,0.082016,0.318878,0.324493,0.675507,0.119818,0.115133
5126,24,0.527497,0.061525,0.010002,0.082033,0.318943,0.324449,0.675551,0.124932,0.124467
5127,30,0.527591,0.061488,0.009994,0.081984,0.318943,0.324309,0.675691,0.106219,0.109581
5128,30,0.527296,0.061501,0.010002,0.082001,0.319201,0.324296,0.675704,0.134893,0.133622
5129,30,0.527135,0.061522,0.010003,0.082029,0.319311,0.32457,0.67543,0.12081,0.109454
5130,24,0.526802,0.061483,0.01063,0.081977,0.319109,0.324539,0.675461,0.129853,0.130028
5131,30,0.526896,0.061435,0.010898,0.081913,0.318859,0.324406,0.675594,0.113821,0.117007
5132,30,0.527152,0.061432,0.01047,0.081909,0.319037,0.324275,0.675725,0.112328,0.114969
5133,24,0.527236,0.061454,0.010004,0.081938,0.319369,0.324288,0.675712,0.128126,0.125981
5134,30,0.52721,0.061451,0.010052,0.081934,0.319353,0.324313,0.675687,0.126144,0.124665
5135,24,0.527122,0.06144,0.009998,0.08192,0.319519,0.324318,0.675682,0.120223,0.119221
5136,30,0.52693,0.061465,0.010004,0.081953,0.319648,0.324384,0.675616,0.127909,0.124915
5137,24,0.526819,0.061452,0.009998,0.081935,0.319797,0.324386,0.675614,0.119825,0.118877
5138,30,0.526769,0.061413,0.009994,0.081884,0.319939,0.3244,0.6756,0.10691,0.104236
5139,24,0.526766,0.061413,0.01,0.081884,0.319937,0.324438,0.675562,0.123695,0.121614
5140,24,0.526554,0.061412,0.01,0.081883,0.320152,0.324408,0.675592,0.12978,0.129852
5141,24,0.526342,0.061411,0.01,0.081881,0.320366,0.324379,0.675621,0.121471,0.121536
5142,30,0.526342,0.061411,0.01,0.081881,0.320366,0.324301,0.675699,0.129478,0.130656
5143,24,0.526344,0.061411,0.01,0.081881,0.320364,0.324337,0.675663,0.123297,0.121273
5144,30,0.526799,0.061352,0.00999,0.081802,0.320057,0.324155,0.675845,0.090148,0.092825
5145,30,0.526793,0.061351,0.01,0.081802,0.320054,0.324204,0.675796,0.119487,0.116541
5146,24,0.526697,0.061364,0.010002,0.081818,0.320119,0.324208,0.675792,0.133251,0.132248
5147,30,0.526698,0.061364,0.01,0.081818,0.32012,0.324234,0.675766,0.126202,0.124703
5148,30,0.526672,0.061361,0.010048,0.081814,0.320104,0.324259,0.675741,0.126144,0.124665
5149,30,0.526785,0.061352,0.009999,0.081803,0.32006,0.324178,0.675822,0.11732,0.11834
5150,30,0.526926,0.061267,0.010506,0.081689,0.319613,0.323935,0.676065,0.113243,0.119829
5151,30,0.527185,0.061299,0.010005,0.081731,0.31978,0.323985,0.676015,0.118546,0.115269
5152,24,0.527188,0.061299,0.01,0.081732,0.319781,0.324053,0.675947,0.115347,0.111438
5153,24,0.527091,0.061311,0.010002,0.081749,0.319847,0.324009,0.675991,0.124932,0.124463
5154,24,0.527193,0.061299,0.009998,0.081731,0.31978,0.32389,0.67611,0.117402,0.119363
5155,24,0.527191,0.061298,0.01,0.081731,0.319779,0.32386,0.67614,0.121587,0.121734
5156,30,0.527191,0.061298,0.01,0.081731,0.319779,0.323837,0.676163,0.119545,0.119641
5157,24,0.527095,0.061311,0.010002,0.081748,0.319844,0.323841,0.676159,0.133256,0.13225
5158,24,0.526884,0.06131,0.01,0.081747,0.320059,0.323812,0.676188,0.121471,0.121534
5159,30,0.526659,0.061295,0.009998,0.081727,0.320322,0.323823,0.676177,0.106461,0.10449
5160,30,0.526612,0.061301,0.010001,0.081734,0.320352,0.32382,0.67618,0.121509,0.120906
5161,30,0.526661,0.061294,0.009999,0.081726,0.320319,0.323779,0.676221,0.115693,0.115727
5162,30,0.526573,0.061306,0.010002,0.081741,0.320379,0.323908,0.676092,0.12424,0.118465
5163,30,0.526716,0.061265,0.009993,0.081686,0.32034,0.323886,0.676114,0.096973,0.095203
5164,24,0.526616,0.061277,0.010002,0.081702,0.320403,0.32389,0.67611,0.133251,0.132246
5165,24,0.526289,0.061263,0.009998,0.081684,0.320767,0.323827,0.676173,0.117999,0.119129
5166,24,0.526432,0.061244,0.009997,0.081659,0.320669,0.323706,0.676294,0.110823,0.113397
5167,30,0.526509,0.061234,0.009998,0.081645,0.320615,0.323777,0.676223,0.115154,0.110757
5168,30,0.526468,0.061194,0.009994,0.081592,0.320752,0.32371,0.67629,0.106365,0.10672
5169,30,0.526765,0.061155,0.009994,0.08154,0.320546,0.323566,0.676434,0.094905,0.09661
5170,24,0.526761,0.061155,0.01,0.08154,0.320544,0.323482,0.676518,0.121572,0.122591
5171,30,0.526665,0.061167,0.010002,0.081556,0.320609,0.323725,0.676275,0.123751,0.11348
5172,24,0.526455,0.061166,0.01,0.081555,0.320824,0.323696,0.676304,0.121471,0.121529
5173,30,0.526503,0.06116,0.009999,0.081547,0.320792,0.323655,0.676345,0.11568,0.115715
5174,24,0.526502,0.06116,0.01,0.081547,0.320791,0.323625,0.676375,0.1216,0.121739
5175,24,0.526802,0.061121,0.009994,0.081495,0.320588,0.323421,0.676579,0.10618,0.110063
5176,30,0.527038,0.06109,0.009995,0.081453,0.320424,0.323339,0.676661,0.1139,0.115456
5177,30,0.526854,0.061069,0.009997,0.081425,0.320655,0.323284,0.676716,0.117726,0.118736
5178,24,0.526641,0.061068,0.01,0.081424,0.320868,0.323255,0.676745,0.12978,0.129848
5179,30,0.526961,0.061026,0.009993,0.081368,0.320651,0.323169,0.676831,0.094407,0.094267
5180,30,0.526648,0.061006,0.010285,0.081341,0.32072,0.323323,0.676677,0.12709,0.119859
5181,24,0.526586,0.061023,0.010003,0.081363,0.321026,0.323294,0.676706,0.121467,0.121531
5182,30,0.526728,0.061005,0.009997,0.081339,0.320931,0.323304,0.676696,0.11482,0.112893
5183,30,0.526793,0.060952,0.009991,0.081269,0.320995,0.323136,0.676864,0.104857,0.109037
5184,30,0.526811,0.060948,0.009999,0.081264,0.320977,0.323271,0.676729,0.118071,0.111243
5185,24,0.526811,0.060948,0.01,0.081264,0.320977,0.32331,0.67669,0.123724,0.121638
5186,30,0.526682,0.060933,0.010242,0.081244,0.320898,0.323286,0.676714,0.119487,0.119601
5187,30,0.526802,0.060949,0.010003,0.081265,0.320981,0.323308,0.676692,0.125172,0.123635
5188,24,0.526803,0.060949,0.01,0.081266,0.320982,0.323347,0.676653,0.123724,0.121638
5189,30,0.526612,0.060974,0.010004,0.081298,0.321112,0.323413,0.676587,0.127906,0.124923
5190,30,0.52649,0.060965,0.009999,0.081287,0.321259,0.323584,0.676416,0.117532,0.109905
5191,24,0.526732,0.060934,0.009995,0.081245,0.321094,0.323494,0.676506,0.10913,0.11072
5192,30,0.526822,0.060913,0.010068,0.081217,0.320981,0.323354,0.676646,0.110524,0.113187
5193,30,0.527025,0.060857,0.010285,0.081143,0.32069,0.323229,0.676771,0.098648,0.099557
5194,30,0.527223,0.060868,0.010002,0.081158,0.320748,0.323188,0.676812,0.115679,0.115721
5195,24,0.527688,0.060809,0.00999,0.081078,0.320434,0.323108,0.676892,0.092625,0.09226
5196,30,0.527877,0.060783,0.009996,0.081044,0.320299,0.32308,0.67692,0.109168,0.108694
5197,24,0.527975,0.06077,0.009998,0.081027,0.32023,0.323009,0.676991,0.117401,0.118817
5198,30,0.527955,0.060768,0.010036,0.081024,0.320218,0.323076,0.676924,0.11283,0.109321
5199,24,0.527976,0.06077,0.01,0.081026,0.320228,0.323112,0.676888,0.123285,0.12127
5200,30,0.527976,0.06077,0.01,0.081026,0.320228,0.323089,0.676911,0.119545,0.119639
5201,30,0.527976,0.06077,0.01,0.081026,0.320228,0.323115,0.676885,0.126202,0.124707
5202,24,0.528063,0.06073,0.009994,0.080974,0.320239,0.322951,0.677049,0.11441,0.118285
5203,30,0.52806,0.06073,0.01,0.080973,0.320237,0.323018,0.676982,0.112885,0.109365
5204,30,0.528247,0.060704,0.010008,0.080939,0.320102,0.322907,0.677093,0.115823,0.118278
5205,24,0.528251,0.060705,0.01,0.08094,0.320104,0.322878,0.677122,0.12164,0.121769
5206,30,0.528103,0.060688,0.010278,0.080917,0.320015,0.322927,0.677073,0.119466,0.115749
5207,24,0.528396,0.060681,0.010035,0.080908,0.31998,0.322951,0.677049,0.110086,0.107342
5208,24,0.52835,0.060676,0.01012,0.080901,0.319953,0.322921,0.677079,0.129866,0.130026
5209,24,0.528714,0.060645,0.009995,0.080859,0.319787,0.322822,0.677178,0.10789,0.109693
5210,24,0.528711,0.060644,0.01,0.080859,0.319786,0.322792,0.677208,0.121612,0.121746
5211,24,0.528711,0.060644,0.01,0.080859,0.319786,0.322762,0.677238,0.129895,0.130046
5212,24,0.528711,0.060644,0.01,0.080859,0.319786,0.322732,0.677268,0.121587,0.121729
5213,30,0.528473,0.060598,0.010589,0.080797,0.319542,0.322803,0.677197,0.12174,0.117364
5214,24,0.528882,0.060596,0.010197,0.080794,0.319531,0.322672,0.677328,0.117853,0.120656
5215,24,0.529225,0.060577,0.009997,0.080769,0.319431,0.322627,0.677373,0.101138,0.100027
5216,30,0.5291,0.060568,0.009999,0.080757,0.319576,0.322787,0.677213,0.110873,0.103701
5217,24,0.529399,0.060529,0.009994,0.080706,0.319372,0.322687,0.677313,0.107851,0.10966
5218,24,0.529353,0.060524,0.010079,0.080699,0.319345,0.322761,0.677239,0.121558,0.116671
5219,30,0.529754,0.060483,0.009993,0.080644,0.319126,0.322596,0.677404,0.092981,0.09542
5220,24,0.529586,0.060475,0.009999,0.080634,0.319306,0.322652,0.677348,0.119805,0.115476
5221,24,0.529469,0.060462,0.009998,0.080616,0.319455,0.322657,0.677343,0.120228,0.119224
5222,24,0.52947,0.060462,0.01,0.080616,0.319453,0.322693,0.677307,0.123297,0.121279
5223,30,0.52928,0.060486,0.010004,0.080648,0.319582,0.322721,0.677279,0.12794,0.125371
5224,24,0.529282,0.060486,0.01,0.080648,0.319583,0.322691,0.677309,0.129924,0.130066
5225,24,0.529186,0.060499,0.010002,0.080665,0.319649,0.322696,0.677304,0.13326,0.132254
5226,24,0.529286,0.060486,0.009998,0.080648,0.319582,0.322626,0.677374,0.117426,0.118839
5227,24,0.529528,0.060455,0.009995,0.080606,0.319416,0.322464,0.677536,0.106558,0.110416
5228,24,0.529411,0.060441,0.009998,0.080588,0.319563,0.322466,0.677534,0.119825,0.118879
5229,30,0.529184,0.060426,0.009997,0.080568,0.319825,0.322383,0.677617,0.113069,0.114949
5230,30,0.529239,0.060374,0.009991,0.080499,0.319896,0.322275,0.677725,0.105381,0.107221
5231,30,0.528926,0.06035,0.010494,0.080466,0.319764,0.322272,0.677728,0.128128,0.127535
5232,30,0.529006,0.060359,0.010002,0.080478,0.320155,0.322118,0.677882,0.121102,0.124503
5233,24,0.528679,0.060345,0.009998,0.08046,0.320519,0.322055,0.677945,0.126316,0.127442
5234,24,0.528976,0.060306,0.009994,0.080409,0.320316,0.322004,0.677996,0.099935,0.098884
5235,30,0.528705,0.060218,0.010941,0.080291,0.319846,0.322021,0.677979,0.113731,0.111095
5236,24,0.529038,0.060255,0.010322,0.080341,0.320045,0.322092,0.677908,0.11496,0.110795
5237,30,0.529163,0.060281,0.010004,0.080374,0.320178,0.322036,0.677964,0.131526,0.131961
5238,24,0.529463,0.060243,0.009994,0.080324,0.319977,0.321985,0.678015,0.099923,0.098881
5239,24,0.529128,0.060205,0.01062,0.080273,0.319775,0.321954,0.678046,0.129853,0.130011
5240,30,0.529464,0.060241,0.010006,0.080321,0.319968,0.321999,0.678001,0.119009,0.116168
5241,30,0.529422,0.060247,0.010001,0.080329,0.32,0.321996,0.678004,0.121515,0.120909
5242,24,0.529307,0.060234,0.009998,0.080312,0.320149,0.321933,0.678067,0.118157,0.119356
5243,24,0.52914,0.060238,0.010132,0.080318,0.320172,0.321937,0.678063,0.133206,0.132212
5244,30,0.528838,0.06025,0.010002,0.080333,0.320577,0.321923,0.678077,0.119489,0.118983
5245,24,0.528889,0.060244,0.009999,0.080325,0.320543,0.322008,0.677992,0.121633,0.117014
5246,24,0.528725,0.060236,0.009999,0.080315,0.320725,0.32203,0.67797,0.128124,0.125479
5247,24,0.528926,0.060211,0.009996,0.080281,0.320587,0.3219,0.6781,0.117849,0.120644
5248,24,0.529024,0.060197,0.009998,0.080263,0.320517,0.32183,0.67817,0.125748,0.127159
5249,30,0.529061,0.060168,0.009995,0.080224,0.320552,0.321811,0.678189,0.11177,0.110763
5250,30,0.529615,0.060097,0.009988,0.080129,0.320172,0.321472,0.678528,0.082991,0.091774
5251,24,0.52956,0.060102,0.010001,0.080136,0.320201,0.321567,0.678433,0.123259,0.117607
5252,30,0.529561,0.060102,0.01,0.080136,0.320201,0.321616,0.678384,0.119487,0.116552
5253,30,0.529651,0.060081,0.01007,0.080108,0.320089,0.321476,0.678524,0.110425,0.11308
5254,24,0.52969,0.060085,0.010001,0.080113,0.320111,0.321512,0.678488,0.123285,0.121277
5255,24,0.529362,0.060071,0.009998,0.080095,0.320474,0.321449,0.678551,0.126316,0.127444
5256,30,0.529397,0.060044,0.009995,0.080059,0.320505,0.321283,0.678717,0.101122,0.104581
5257,24,0.529278,0.060042,0.010129,0.080056,0.320495,0.321337,0.678663,0.131542,0.127948
5258,30,0.529436,0.060014,0.009995,0.080019,0.320536,0.321184,0.678816,0.105125,0.108997
5259,30,0.529368,0.060022,0.010001,0.080029,0.320579,0.321422,0.678578,0.123262,0.113262
5260,30,0.528899,0.059969,0.010878,0.079958,0.320295,0.321386,0.678614,0.136081,0.136567
5261,30,0.52852,0.059926,0.011588,0.079901,0.320066,0.321435,0.678565,0.119434,0.115744
5262,30,0.529075,0.059987,0.010563,0.079983,0.320392,0.321481,0.678519,0.119026,0.116177
5263,30,0.529193,0.06,0.010002,0.08,0.320805,0.321355,0.678645,0.124737,0.127475
5264,30,0.529076,0.059987,0.01022,0.079982,0.320734,0.321277,0.678723,0.129467,0.130622
5265,30,0.529032,0.060021,0.010006,0.080027,0.320915,0.321552,0.678448,0.120824,0.109545
5266,24,0.528921,0.060007,0.009998,0.08001,0.321064,0.321554,0.678446,0.119809,0.118867
5267,30,0.528739,0.059987,0.009997,0.079982,0.321296,0.321499,0.678501,0.117719,0.11872
5268,30,0.528362,0.059955,0.010277,0.07994,0.321467,0.321415,0.678585,0.119666,0.121557
5269,24,0.528392,0.059958,0.010001,0.079944,0.321704,0.321352,0.678648,0.118164,0.119356
5270,30,0.5281,0.059971,0.010002,0.079961,0.321965,0.32134,0.67866,0.134882,0.133601
5271,30,0.528,0.05996,0.009998,0.079946,0.322096,0.321379,0.678621,0.109904,0.107287
5272,24,0.527955,0.059955,0.010083,0.079939,0.322068,0.321349,0.678651,0.121558,0.121705
5273,24,0.527883,0.059946,0.009999,0.079929,0.322243,0.321285,0.678715,0.126414,0.127632
5274,30,0.527384,0.05989,0.010935,0.079853,0.321939,0.321335,0.678665,0.119432,0.115741
5275,24,0.527831,0.059916,0.010062,0.079889,0.322301,0.3213,0.6787,0.116074,0.116331
5276,24,0.527951,0.059881,0.009994,0.079842,0.322331,0.321136,0.678864,0.114376,0.118233
5277,24,0.527948,0.059881,0.01,0.079841,0.32233,0.321107,0.678893,0.12164,0.121774
5278,30,0.528507,0.05981,0.009988,0.079747,0.321948,0.320913,0.679087,0.089641,0.093526
5279,30,0.528501,0.059809,0.01,0.079746,0.321944,0.320836,0.679164,0.129536,0.130665
5280,24,0.528502,0.059809,0.01,0.079745,0.321943,0.320872,0.679128,0.123297,0.121286
5281,30,0.528036,0.059699,0.011315,0.079599,0.321351,0.320728,0.679272,0.123675,0.127215
5282,30,0.528096,0.059717,0.010928,0.079622,0.321637,0.320654,0.679346,0.118513,0.119479
5283,30,0.528543,0.059767,0.010089,0.07969,0.32191,0.320704,0.679296,0.119545,0.1166
5284,30,0.528412,0.059752,0.010336,0.07967,0.32183,0.320669,0.679331,0.136138,0.136603
5285,24,0.528261,0.059759,0.010001,0.079678,0.322301,0.320606,0.679394,0.117999,0.119107
5286,24,0.528503,0.059728,0.009995,0.079637,0.322136,0.320516,0.679484,0.109061,0.110635
5287,24,0.528801,0.05969,0.009994,0.079586,0.321929,0.320417,0.679583,0.107854,0.109651
5288,24,0.528798,0.059689,0.01,0.079586,0.321927,0.320456,0.679544,0.123724,0.121653
5289,24,0.529095,0.059652,0.009994,0.079535,0.321724,0.320405,0.679595,0.099887,0.098855
5290,24,0.528976,0.059638,0.009998,0.079517,0.321871,0.320342,0.679658,0.118111,0.119308
5291,24,0.528693,0.059629,0.01013,0.079506,0.322042,0.320313,0.679687,0.12973,0.1298
5292,24,0.528764,0.059637,0.010001,0.079516,0.322082,0.320349,0.679651,0.123285,0.121281
5293,30,0.528738,0.059634,0.010049,0.079512,0.322067,0.320375,0.679625,0.126144,0.124674
5294,30,0.528583,0.059616,0.009997,0.079488,0.322315,0.320348,0.679652,0.111099,0.110408
5295,24,0.528582,0.059616,0.01,0.079488,0.322314,0.320318,0.679682,0.129895,0.130038
5296,30,0.528692,0.05958,0.009994,0.07944,0.322294,0.320221,0.679779,0.097881,0.098433
5297,30,0.528689,0.05958,0.01,0.07944,0.322292,0.320144,0.679856,0.129478,0.130616
5298,30,0.528856,0.059559,0.009996,0.079411,0.322178,0.31996,0.68004,0.113331,0.116345
5299,30,0.528753,0.059547,0.009998,0.079396,0.322306,0.319999,0.680001,0.109911,0.107302
5300,30,0.528459,0.059559,0.010002,0.079413,0.322566,0.320132,0.679868,0.118254,0.112341
5301,24,0.528577,0.059545,0.009998,0.079393,0.322487,0.320184,0.679816,0.118009,0.113511
5302,30,0.528895,0.059504,0.009993,0.079339,0.322268,0.320039,0.679961,0.094265,0.095947
5303,24,0.528409,0.05945,0.010903,0.079266,0.321972,0.319956,0.680044,0.121516,0.122523
5304,30,0.528394,0.059448,0.01093,0.079264,0.321963,0.31989,0.68011,0.119495,0.120276
5305,30,0.528849,0.059499,0.010079,0.079332,0.32224,0.31994,0.68006,0.119545,0.116598
5306,30,0.528822,0.059496,0.010129,0.079328,0.322224,0.320124,0.679876,0.11283,0.104854
5307,24,0.528661,0.059478,0.009997,0.079304,0.322561,0.320092,0.679908,0.116336,0.11646
5308,24,0.528659,0.059477,0.01,0.079303,0.32256,0.320131,0.679869,0.12367,0.121613
5309,30,0.528848,0.059454,0.009996,0.079271,0.322431,0.319956,0.680044,0.102928,0.105562
5310,24,0.528803,0.059448,0.010081,0.079265,0.322403,0.319873,0.680127,0.121558,0.122545
5311,24,0.528848,0.059453,0.010001,0.079271,0.322428,0.319909,0.680091,0.123297,0.1213
5312,24,0.528848,0.059453,0.01,0.079271,0.322428,0.319949,0.680051,0.12374,0.121679
5313,30,0.5287,0.059436,0.010278,0.079249,0.322338,0.320133,0.679867,0.112819,0.104843
5314,30,0.529106,0.05942,0.009997,0.079227,0.32225,0.320001,0.679999,0.096622,0.098183
5315,24,0.529306,0.059395,0.009996,0.079193,0.322111,0.319871,0.680129,0.109559,0.112318
5316,24,0.52919,0.059381,0.009998,0.079175,0.322256,0.319873,0.680127,0.119817,0.118886
5317,30,0.529087,0.05937,0.009998,0.079159,0.322386,0.319778,0.680222,0.116513,0.11819
5318,24,0.529086,0.059369,0.01,0.079159,0.322385,0.319862,0.680138,0.113263,0.108912
5319,30,0.52912,0.059359,0.010044,0.079146,0.322331,0.31994,0.68006,0.133773,0.129218
5320,24,0.528913,0.059336,0.009996,0.079114,0.322641,0.319908,0.680092,0.116336,0.116472
5321,24,0.528911,0.059336,0.01,0.079114,0.322639,0.319879,0.680121,0.12164,0.12177
5322,30,0.529204,0.059299,0.009994,0.079065,0.322438,0.319796,0.680204,0.100075,0.100267
5323,30,0.52902,0.059278,0.009997,0.079037,0.322668,0.319741,0.680259,0.117709,0.118703
5324,24,0.529056,0.059234,0.010302,0.078979,0.322429,0.319611,0.680389,0.117792,0.120573
5325,24,0.529302,0.059213,0.009997,0.078951,0.322536,0.319447,0.680553,0.106065,0.109884
5326,24,0.529501,0.059188,0.009996,0.078917,0.322398,0.319286,0.680714,0.109549,0.111861
5327,30,0.529499,0.059188,0.01,0.078917,0.322396,0.319209,0.680791,0.129525,0.130648
5328,30,0.529107,0.059149,0.0105,0.078866,0.322378,0.31933,0.68067,0.124106,0.118174
5329,30,0.529309,0.059172,0.010122,0.078896,0.322501,0.319265,0.680735,0.119544,0.120308
5330,30,0.529381,0.059178,0.010001,0.078904,0.322535,0.319286,0.680714,0.125622,0.124265
5331,24,0.529195,0.059157,0.010131,0.078876,0.322641,0.319222,0.680778,0.126398,0.127608
5332,30,0.529341,0.059155,0.01,0.078874,0.32263,0.319296,0.680704,0.115199,0.110812
5333,24,0.529341,0.059155,0.01,0.078874,0.32263,0.319267,0.680733,0.121587,0.121723
5334,24,0.529343,0.059155,0.01,0.078873,0.322629,0.319304,0.680696,0.123297,0.121302
5335,30,0.529536,0.059131,0.009996,0.078841,0.322496,0.319194,0.680806,0.109179,0.111589
5336,30,0.529067,0.059078,0.010873,0.078771,0.32221,0.319159,0.680841,0.136081,0.136561
5337,24,0.52958,0.059124,0.010008,0.078832,0.322458,0.31937,0.68063,0.11331,0.104021
5338,24,0.529584,0.059124,0.01,0.078832,0.32246,0.319409,0.680591,0.12367,0.121616
5339,30,0.529358,0.059109,0.009998,0.078813,0.322723,0.319276,0.680724,0.123026,0.125711
5340,30,0.52921,0.059093,0.010274,0.078791,0.322633,0.319343,0.680657,0.112819,0.109337
5341,30,0.529114,0.059082,0.010112,0.078776,0.322916,0.319228,0.680772,0.127679,0.130609
5342,30,0.528645,0.05903,0.010989,0.078706,0.32263,0.319193,0.680807,0.136081,0.136561
5343,24,0.529168,0.059088,0.01001,0.078784,0.322949,0.319164,0.680836,0.121635,0.121751
5344,30,0.529173,0.059089,0.01,0.078785,0.322953,0.319131,0.680869,0.116623,0.11647
5345,30,0.528992,0.059069,0.009997,0.078758,0.323184,0.319131,0.680869,0.111052,0.109505
5346,24,0.529192,0.059043,0.009996,0.078724,0.323045,0.319002,0.680998,0.117876,0.120624
5347,24,0.52919,0.059043,0.01,0.078724,0.323043,0.319041,0.680959,0.12367,0.121618
5348,30,0.529145,0.059048,0.010001,0.078731,0.323074,0.31913,0.68087,0.114913,0.110702
5349,30,0.528769,0.059017,0.010281,0.078689,0.323244,0.319047,0.680953,0.119656,0.12153
5350,30,0.528672,0.059006,0.010119,0.078675,0.323528,0.318943,0.681057,0.111049,0.113604
5351,30,0.528895,0.058975,0.010143,0.078633,0.323355,0.318812,0.681188,0.107146,0.110257
5352,30,0.528963,0.058984,0.010002,0.078645,0.323406,0.318834,0.681166,0.125196,0.12366
5353,30,0.528957,0.058985,0.01,0.078647,0.323411,0.318856,0.681144,0.125196,0.12366
5354,24,0.52886,0.058997,0.010002,0.078663,0.323478,0.318861,0.681139,0.124951,0.123938
5355,24,0.528862,0.058997,0.01,0.078663,0.323478,0.318831,0.681169,0.129895,0.130035
5356,24,0.529324,0.058939,0.00999,0.078586,0.323161,0.318893,0.681107,0.092598,0.087799
5357,30,0.529225,0.058927,0.009998,0.078569,0.323282,0.31891,0.68109,0.115963,0.114049
5358,24,0.529223,0.058926,0.01,0.078569,0.323282,0.31895,0.68105,0.123712,0.121651
5359,24,0.529108,0.058913,0.009998,0.078551,0.32343,0.318887,0.681113,0.126468,0.127652
5360,30,0.5293,0.058889,0.009996,0.078519,0.323296,0.318777,0.681223,0.109211,0.111602
5361,24,0.528814,0.058835,0.010905,0.078447,0.322999,0.318747,0.681253,0.129825,0.129981
5362,24,0.529179,0.058875,0.010007,0.0785,0.323439,0.31875,0.68125,0.119808,0.11887
5363,30,0.529192,0.058832,0.009993,0.078442,0.323542,0.318546,0.681454,0.099702,0.105087
5364,30,0.528764,0.058829,0.010099,0.078439,0.323869,0.318532,0.681468,0.126075,0.12559
5365,30,0.528692,0.058826,0.01,0.078435,0.324047,0.318704,0.681296,0.117489,0.10996
5366,30,0.528772,0.058779,0.010292,0.078372,0.323786,0.318621,0.681379,0.113759,0.115315
5367,24,0.528864,0.058789,0.010119,0.078386,0.323842,0.31866,0.68134,0.123641,0.1216
5368,24,0.528697,0.058793,0.010254,0.078391,0.323865,0.318665,0.681335,0.133206,0.132218
5369,30,0.528598,0.058743,0.010573,0.078324,0.323762,0.318479,0.681521,0.117173,0.121369
5370,30,0.528584,0.058707,0.010872,0.078276,0.323562,0.318376,0.681624,0.116731,0.118982
5371,24,0.529045,0.058758,0.010009,0.078344,0.323845,0.318347,0.681653,0.121664,0.12177
5372,30,0.5289,0.058742,0.010279,0.078322,0.323756,0.318324,0.681676,0.119483,0.119582
5373,30,0.529368,0.058718,0.009996,0.078291,0.323627,0.318139,0.681861,0.10101,0.105132
5374,24,0.529368,0.058718,0.01,0.07829,0.323624,0.318212,0.681788,0.114974,0.110833
5375,30,0.529056,0.058652,0.010827,0.078203,0.323263,0.3181,0.6819,0.125212,0.12726
5376,24,0.529148,0.058662,0.010654,0.078217,0.323319,0.318328,0.681672,0.115331,0.105644
5377,30,0.529188,0.058677,0.010496,0.078237,0.323402,0.318326,0.681674,0.121514,0.120906
5378,30,0.529682,0.058678,0.01,0.078237,0.323404,0.318241,0.681759,0.112846,0.114315
5379,24,0.529586,0.05869,0.010002,0.078253,0.32347,0.318199,0.681801,0.124923,0.124431
5380,24,0.52977,0.05864,0.009991,0.078186,0.323413,0.318066,0.681934,0.104325,0.107156
5381,30,0.529953,0.058616,0.009996,0.078154,0.323281,0.317881,0.682119,0.112847,0.11582
5382,24,0.529855,0.058628,0.010002,0.07817,0.323345,0.317886,0.682114,0.133264,0.132255
5383,24,0.529998,0.05861,0.009997,0.078147,0.323248,0.317766,0.682234,0.110728,0.113251
5384,30,0.529578,0.058608,0.010255,0.078144,0.323414,0.317794,0.682206,0.141746,0.140006
5385,30,0.529713,0.058623,0.010003,0.078164,0.323497,0.317862,0.682138,0.112874,0.109383
5386,24,0.529503,0.058622,0.01,0.078163,0.323712,0.317834,0.682166,0.121454,0.121504
5387,24,0.529503,0.058622,0.01,0.078163,0.323712,0.317805,0.682195,0.129895,0.130031
5388,30,0.529503,0.058622,0.01,0.078163,0.323712,0.317831,0.682169,0.126202,0.12472
5389,30,0.52951,0.058621,0.01,0.078162,0.323706,0.317877,0.682123,0.118995,0.116175
5390,30,0.529558,0.058616,0.009999,0.078154,0.323674,0.317837,0.682163,0.115665,0.115681
5391,30,0.529557,0.058616,0.01,0.078154,0.323673,0.317888,0.682112,0.119531,0.116602
5392,30,0.529795,0.058586,0.009995,0.078115,0.32351,0.317841,0.682159,0.107222,0.107419
5393,24,0.529794,0.058585,0.01,0.078114,0.323507,0.317878,0.682122,0.123297,0.121297
5394,30,0.529772,0.058588,0.01,0.078118,0.323522,0.318075,0.681925,0.113909,0.105549
5395,24,0.52956,0.058587,0.01,0.078116,0.323737,0.318046,0.681954,0.129775,0.129842
5396,24,0.52956,0.058587,0.01,0.078116,0.323737,0.318017,0.681983,0.1216,0.121728
5397,24,0.529232,0.058574,0.009998,0.078098,0.324099,0.317954,0.682046,0.12629,0.127399
5398,30,0.528763,0.058522,0.010875,0.078029,0.323812,0.317971,0.682029,0.136081,0.13414
5399,24,0.529226,0.058573,0.010009,0.078097,0.324095,0.318011,0.681989,0.123727,0.121663
5400,30,0.52905,0.058553,0.009997,0.078071,0.324329,0.317898,0.682102,0.1148,0.11711
5401,30,0.52869,0.058513,0.010671,0.078018,0.324108,0.317821,0.682179,0.129423,0.130562
5402,30,0.528816,0.058493,0.010705,0.077991,0.323995,0.317706,0.682294,0.126699,0.12931
5403,24,0.529065,0.058543,0.010062,0.078058,0.324273,0.317712,0.682288,0.124951,0.123938
5404,30,0.528726,0.05855,0.010001,0.078067,0.324655,0.317653,0.682347,0.129425,0.129481
5405,24,0.529092,0.058505,0.009992,0.078007,0.324404,0.317616,0.682384,0.096003,0.094101
5406,30,0.529226,0.058487,0.009997,0.077983,0.324306,0.3176,0.6824,0.115944,0.114839
5407,30,0.529202,0.05849,0.01,0.077987,0.32432,0.317663,0.682337,0.120544,0.116434
5408,24,0.529205,0.05849,0.01,0.077986,0.324319,0.3177,0.6823,0.123297,0.121297
5409,24,0.529204,0.05849,0.01,0.077986,0.324319,0.31777,0.68223,0.115333,0.111474
5410,24,0.529091,0.058477,0.009998,0.077969,0.324466,0.317773,0.682227,0.119812,0.118869
5411,30,0.529089,0.058477,0.01,0.077969,0.324465,0.317708,0.682292,0.119545,0.120295
5412,30,0.529379,0.058441,0.009994,0.077921,0.324265,0.317527,0.682473,0.101502,0.105518
5413,24,0.529578,0.058415,0.009996,0.077887,0.324124,0.317398,0.682602,0.109587,0.112303
5414,30,0.529624,0.058366,0.009992,0.077822,0.324196,0.317232,0.682768,0.104387,0.108303
5415,24,0.529506,0.058353,0.009998,0.077804,0.32434,0.317235,0.682765,0.119812,0.118871
5416,30,0.529505,0.058353,0.01,0.077804,0.324339,0.317287,0.682713,0.119599,0.116648
5417,24,0.529054,0.058303,0.010624,0.077737,0.324282,0.317223,0.682777,0.126368,0.127568
5418,30,0.529392,0.058339,0.010006,0.077785,0.324479,0.31727,0.68273,0.119009,0.116186
5419,30,0.529056,0.058317,0.009996,0.077756,0.324875,0.317336,0.682664,0.118659,0.114589
5420,24,0.528938,0.058304,0.009998,0.077738,0.325022,0.317273,0.682727,0.126459,0.127637
5421,30,0.529075,0.058275,0.01009,0.0777,0.32486,0.317113,0.682887,0.119492,0.12281
5422,30,0.529422,0.058181,0.010484,0.077575,0.324338,0.31682,0.68318,0.088979,0.096187
5423,30,0.529696,0.058165,0.009997,0.077553,0.324589,0.316661,0.683339,0.10577,0.109688
5424,30,0.529984,0.058129,0.009994,0.077505,0.324388,0.316523,0.683477,0.094927,0.096437
5425,24,0.529865,0.058116,0.009998,0.077488,0.324534,0.316529,0.683471,0.120239,0.119235
5426,24,0.530163,0.058079,0.009994,0.077438,0.324327,0.316431,0.683569,0.107852,0.109599
5427,30,0.530413,0.058047,0.009995,0.077396,0.32415,0.316439,0.683561,0.099134,0.09636
5428,24,0.530611,0.058022,0.009996,0.077362,0.324009,0.31631,0.68369,0.109539,0.112251
5429,30,0.530927,0.057982,0.009993,0.07731,0.323789,0.316168,0.683832,0.094368,0.095972
5430,30,0.531115,0.057958,0.009996,0.077277,0.323654,0.316059,0.683941,0.109194,0.11156
5431,24,0.530997,0.057945,0.009998,0.07726,0.3238,0.315997,0.684003,0.118143,0.11931
5432,30,0.53086,0.05793,0.010252,0.07724,0.323717,0.315932,0.684068,0.119487,0.120237
5433,24,0.531195,0.05792,0.009998,0.077227,0.32366,0.315803,0.684197,0.117824,0.120547
5434,24,0.530963,0.057894,0.009996,0.077192,0.323954,0.315772,0.684228,0.116327,0.116438
5435,30,0.530812,0.057878,0.010278,0.07717,0.323862,0.315802,0.684198,0.126158,0.123844
5436,30,0.530967,0.057893,0.010003,0.077191,0.323947,0.315849,0.684151,0.119008,0.116197
5437,30,0.530787,0.057873,0.009997,0.077164,0.324179,0.315707,0.684293,0.11104,0.114007
5438,30,0.53085,0.057865,0.009999,0.077153,0.324133,0.315834,0.684166,0.121384,0.115114
5439,30,0.530824,0.057862,0.010047,0.07715,0.324117,0.315913,0.684087,0.126144,0.122278
5440,30,0.530714,0.057839,0.009996,0.077119,0.324332,0.315793,0.684207,0.113807,0.116262
5441,24,0.530714,0.057839,0.01,0.077119,0.324329,0.31583,0.68417,0.123297,0.121303
5442,24,0.530714,0.057839,0.01,0.077119,0.324329,0.31587,0.68413,0.123724,0.12167
5443,24,0.530716,0.057839,0.01,0.077118,0.324328,0.315907,0.684093,0.123297,0.121303
5444,24,0.531012,0.057802,0.009994,0.07707,0.324123,0.315874,0.684126,0.097839,0.096294
5445,30,0.531174,0.057781,0.009996,0.077042,0.324006,0.315705,0.684295,0.103462,0.105989
5446,24,0.531373,0.057756,0.009996,0.077009,0.323866,0.315577,0.684423,0.109554,0.112256
5447,30,0.530987,0.057671,0.011063,0.076894,0.323385,0.315441,0.684559,0.124625,0.127922
5448,24,0.531169,0.057701,0.010417,0.076935,0.323777,0.315457,0.684543,0.128115,0.12599
5449,24,0.531391,0.057725,0.010004,0.076967,0.323912,0.315428,0.684572,0.121612,0.121727
5450,30,0.531204,0.057707,0.009997,0.076943,0.32415,0.315403,0.684597,0.110057,0.109048
5451,24,0.530874,0.057693,0.009998,0.076924,0.324511,0.315341,0.684659,0.126298,0.127385
5452,24,0.531332,0.057637,0.00999,0.076849,0.324192,0.315224,0.684776,0.100836,0.10178
5453,24,0.53088,0.057587,0.010614,0.076783,0.324135,0.315161,0.684839,0.126368,0.127554
5454,24,0.530994,0.057622,0.010006,0.076829,0.324549,0.315133,0.684867,0.12147,0.121514
5455,30,0.531119,0.057607,0.009997,0.07681,0.324467,0.315065,0.684935,0.115578,0.116766
5456,30,0.531283,0.057587,0.009996,0.076783,0.324351,0.314884,0.685116,0.113363,0.116261
5457,24,0.531281,0.057587,0.01,0.076782,0.32435,0.315142,0.684858,0.113263,0.102735
5458,24,0.531283,0.057586,0.01,0.076782,0.324349,0.315179,0.684821,0.123285,0.121299
5459,30,0.53097,0.057563,0.010502,0.07675,0.324215,0.315177,0.684823,0.128131,0.127538
5460,24,0.531005,0.057566,0.010001,0.076755,0.324673,0.315146,0.684854,0.116327,0.116431
5461,30,0.531367,0.05751,0.010084,0.076681,0.324358,0.314917,0.685083,0.096594,0.102589
5462,24,0.531321,0.057506,0.010169,0.076674,0.32433,0.314888,0.685112,0.129866,0.130002
5463,24,0.531402,0.057514,0.010019,0.076686,0.32438,0.314859,0.685141,0.129907,0.130029
5464,30,0.531859,0.05746,0.009991,0.076614,0.324076,0.314682,0.685318,0.090078,0.092571
5465,30,0.531941,0.057449,0.009998,0.076599,0.324013,0.314738,0.685262,0.110693,0.107418
5466,24,0.53194,0.057449,0.01,0.076599,0.324012,0.31471,0.68529,0.121612,0.121726
5467,30,0.531895,0.057455,0.010001,0.076606,0.324043,0.314708,0.685292,0.121518,0.120909
5468,30,0.531759,0.05744,0.010255,0.076586,0.32396,0.314643,0.685357,0.119487,0.120232
5469,24,0.531865,0.057451,0.010057,0.076602,0.324025,0.314721,0.685279,0.121572,0.116742
5470,30,0.53187,0.057452,0.010048,0.076602,0.324028,0.314645,0.685355,0.129478,0.130574
5471,30,0.532139,0.057425,0.009995,0.076566,0.323874,0.314559,0.685441,0.113261,0.114872
5472,30,0.532226,0.05739,0.009994,0.07652,0.32387,0.314421,0.685579,0.106144,0.109395
5473,30,0.5322,0.057387,0.010044,0.076516,0.323854,0.314356,0.685644,0.119477,0.120223
5474,30,0.532277,0.057341,0.009992,0.076455,0.323936,0.314194,0.685806,0.10536,0.109291
5475,30,0.532319,0.057335,0.009999,0.076446,0.323901,0.314144,0.685856,0.132293,0.132649
5476,30,0.532293,0.057303,0.010282,0.076403,0.323719,0.314007,0.685993,0.110383,0.112927
5477,30,0.532261,0.057299,0.009999,0.076399,0.324042,0.313866,0.686134,0.111053,0.113995
5478,30,0.532238,0.057302,0.01,0.076402,0.324057,0.313892,0.686108,0.130526,0.127671
5479,24,0.532026,0.057301,0.01,0.076401,0.324271,0.313864,0.686136,0.129783,0.129822
5480,24,0.531931,0.057313,0.010002,0.076417,0.324338,0.31387,0.68613,0.133256,0.13226
5481,24,0.532229,0.057276,0.009994,0.076369,0.324133,0.313826,0.686174,0.09949,0.098138
5482,24,0.532109,0.057264,0.009998,0.076351,0.324279,0.313764,0.686236,0.118152,0.119306
5483,24,0.532249,0.057246,0.009997,0.076328,0.32418,0.313644,0.686356,0.110658,0.113155
5484,24,0.532249,0.057246,0.01,0.076328,0.324177,0.313681,0.686319,0.123297,0.121312
5485,24,0.532544,0.05721,0.009994,0.076279,0.323973,0.313634,0.686366,0.099888,0.098807
5486,24,0.532424,0.057197,0.009998,0.076262,0.324119,0.31364,0.68636,0.120239,0.119238
5487,24,0.532328,0.057208,0.010002,0.076278,0.324184,0.313646,0.686354,0.133256,0.132255
5488,30,0.532178,0.057192,0.01028,0.076256,0.324094,0.313581,0.686419,0.119466,0.120208
5489,30,0.532219,0.057207,0.010122,0.076276,0.324176,0.313538,0.686462,0.121518,0.121557
5490,30,0.53233,0.057166,0.009993,0.076222,0.324289,0.313373,0.686627,0.104347,0.1082
5491,24,0.532327,0.057166,0.01,0.076221,0.324286,0.313345,0.686655,0.121657,0.121756
5492,24,0.532281,0.057161,0.010085,0.076215,0.324259,0.313316,0.686684,0.129866,0.129999
5493,24,0.532328,0.057166,0.010001,0.076221,0.324285,0.313353,0.686647,0.123297,0.121312
5494,30,0.532821,0.057105,0.009989,0.076141,0.323943,0.31308,0.68692,0.091838,0.098595
5495,24,0.53272,0.057116,0.010002,0.076155,0.324006,0.313086,0.686914,0.133272,0.132264
5496,24,0.532605,0.057104,0.009998,0.076139,0.324155,0.313024,0.686976,0.126439,0.127596
5497,24,0.532556,0.05711,0.010001,0.076146,0.324187,0.313123,0.686877,0.123279,0.117702
5498,24,0.533089,0.057045,0.009989,0.07606,0.323818,0.312899,0.687101,0.093465,0.098695
5499,30,0.53331,0.057016,0.009995,0.076022,0.323657,0.312814,0.687186,0.112774,0.11421
5500,24,0.533096,0.057015,0.01,0.07602,0.323869,0.312745,0.687255,0.12145,0.121708
5501,30,0.533221,0.056976,0.009993,0.075969,0.323841,0.312631,0.687369,0.109742,0.112072
5502,30,0.53321,0.056977,0.01,0.075969,0.323844,0.312655,0.687345,0.125198,0.123678
5503,24,0.533115,0.056989,0.010002,0.075985,0.32391,0.312662,0.687338,0.124964,0.123959
5504,30,0.533089,0.056986,0.01005,0.075981,0.323894,0.312688,0.687312,0.126144,0.124694
5505,24,0.533412,0.056952,0.009994,0.075937,0.323705,0.312591,0.687409,0.107787,0.109506
5506,30,0.533261,0.056928,0.009996,0.075905,0.32391,0.312476,0.687524,0.116334,0.11914
5507,30,0.533084,0.056908,0.009996,0.075877,0.324135,0.312418,0.687582,0.117141,0.118213
5508,30,0.533157,0.056857,0.009991,0.075809,0.324186,0.312328,0.687672,0.103925,0.104988
5509,24,0.533299,0.056826,0.010093,0.075768,0.324013,0.3122,0.6878,0.117777,0.120457
5510,24,0.533301,0.056837,0.010002,0.075783,0.324076,0.312321,0.687679,0.123294,0.117776
5511,24,0.53337,0.056829,0.009999,0.075772,0.32403,0.312238,0.687762,0.119663,0.120255
5512,24,0.533079,0.056761,0.010837,0.075681,0.323641,0.312114,0.687886,0.116244,0.118292
5513,30,0.533241,0.056735,0.010884,0.075647,0.323493,0.311991,0.688009,0.108045,0.110918
5514,30,0.533007,0.056667,0.011667,0.075556,0.323103,0.31187,0.68813,0.125657,0.128376
5515,30,0.532981,0.056664,0.011715,0.075552,0.323088,0.311897,0.688103,0.126142,0.124691
5516,24,0.532947,0.056638,0.01196,0.075517,0.322938,0.311828,0.688172,0.125692,0.127045
5517,24,0.533436,0.056689,0.011057,0.075586,0.323232,0.311866,0.688134,0.123318,0.121325
5518,30,0.532963,0.056639,0.011933,0.075519,0.322946,0.311885,0.688115,0.136071,0.134139
5519,30,0.533274,0.056653,0.011321,0.075537,0.323215,0.311767,0.688233,0.124276,0.126423
5520,30,0.533181,0.056686,0.010806,0.075581,0.323746,0.311856,0.688144,0.112874,0.108345
5521,30,0.532689,0.056633,0.011718,0.075511,0.323448,0.311833,0.688167,0.126093,0.126196
5522,30,0.533221,0.056638,0.011152,0.075517,0.323472,0.311758,0.688242,0.099574,0.099428
5523,30,0.533963,0.056688,0.010009,0.075584,0.323757,0.311734,0.688266,0.098552,0.096751
5524,24,0.533967,0.056688,0.01,0.075584,0.32376,0.311654,0.688346,0.121572,0.122489
5525,30,0.533706,0.056697,0.010001,0.075596,0.324001,0.311899,0.688101,0.117828,0.108036
5526,24,0.534,0.056661,0.009994,0.075548,0.323797,0.311853,0.688147,0.099877,0.098788
5527,24,0.533997,0.056661,0.01,0.075548,0.323795,0.311894,0.688106,0.123724,0.121687
5528,30,0.533971,0.056658,0.010048,0.075544,0.323779,0.311921,0.688079,0.126144,0.124698
5529,30,0.534157,0.056634,0.010053,0.075512,0.323644,0.311801,0.688199,0.125746,0.128443
5530,24,0.53407,0.056625,0.009998,0.075499,0.323808,0.311805,0.688195,0.119812,0.118872
5531,30,0.533894,0.056604,0.009996,0.075472,0.324033,0.311747,0.688253,0.117141,0.11821
5532,24,0.534091,0.05658,0.009996,0.07544,0.323894,0.311619,0.688381,0.109474,0.112138
5533,30,0.533954,0.056565,0.01025,0.07542,0.323811,0.311597,0.688403,0.119487,0.119571
5534,30,0.533974,0.056578,0.01013,0.075437,0.323881,0.311554,0.688446,0.121518,0.121549
5535,24,0.533637,0.056542,0.010756,0.075389,0.323676,0.311525,0.688475,0.129853,0.12998
5536,24,0.534081,0.056544,0.010078,0.075392,0.323906,0.311363,0.688637,0.114339,0.118043
5537,24,0.533889,0.056523,0.009996,0.075364,0.324227,0.311336,0.688664,0.116771,0.116811
5538,30,0.53374,0.056518,0.009999,0.075357,0.324386,0.311306,0.688694,0.118485,0.118759
5539,24,0.533624,0.056505,0.009998,0.07534,0.324533,0.31131,0.68869,0.119812,0.11887
5540,30,0.533851,0.056477,0.009995,0.075303,0.324374,0.311226,0.688774,0.112776,0.114199
5541,30,0.533978,0.056461,0.009997,0.075282,0.324282,0.311261,0.688739,0.108654,0.106092
5542,30,0.533932,0.056466,0.010001,0.075289,0.324312,0.311248,0.688752,0.138147,0.137897
5543,24,0.533701,0.056442,0.009996,0.075255,0.324606,0.311218,0.688782,0.116327,0.116419
5544,30,0.533341,0.056414,0.010239,0.075218,0.324788,0.311124,0.688876,0.129631,0.131793
5545,24,0.533352,0.056415,0.01,0.07522,0.325013,0.31113,0.68887,0.120181,0.119199
5546,30,0.533775,0.05634,0.010186,0.075119,0.32458,0.310797,0.689203,0.089964,0.098408
5547,30,0.53396,0.056316,0.010192,0.075088,0.324444,0.310677,0.689323,0.125726,0.128416
5548,24,0.533967,0.056338,0.010004,0.075118,0.324573,0.310638,0.689362,0.124953,0.12442
5549,30,0.533676,0.056333,0.009999,0.07511,0.324882,0.310595,0.689405,0.122911,0.123329
5550,24,0.533874,0.056308,0.009996,0.075078,0.324743,0.310467,0.689533,0.109468,0.112117
5551,24,0.533777,0.05632,0.010002,0.075093,0.324808,0.310595,0.689405,0.116631,0.110918
5552,30,0.53353,0.056308,0.009998,0.075078,0.325085,0.310696,0.689304,0.121457,0.116284
5553,30,0.534086,0.056241,0.009988,0.074988,0.324696,0.310405,0.689595,0.088902,0.095935
5554,24,0.534221,0.056223,0.009997,0.074965,0.324595,0.310286,0.689714,0.118993,0.121441
5555,24,0.534124,0.056235,0.010002,0.07498,0.32466,0.310247,0.689753,0.124939,0.124413
5556,24,0.533891,0.05621,0.009996,0.074947,0.324956,0.31022,0.68978,0.116771,0.116795
5557,30,0.533889,0.05621,0.01,0.074947,0.324955,0.310273,0.689727,0.119588,0.116684
5558,24,0.533889,0.05621,0.01,0.074947,0.324955,0.310353,0.689647,0.121572,0.116778
5559,24,0.533889,0.05621,0.01,0.074947,0.324955,0.310325,0.689675,0.121628,0.121727
5560,30,0.533231,0.056123,0.011364,0.074831,0.324452,0.310304,0.689696,0.13266,0.132123
5561,30,0.533101,0.056109,0.011605,0.074812,0.324373,0.310282,0.689718,0.119489,0.11957
5562,30,0.532964,0.056095,0.011858,0.074793,0.324289,0.310363,0.689637,0.119489,0.115635
5563,30,0.533049,0.056104,0.011701,0.074805,0.324341,0.310415,0.689585,0.119485,0.116606
5564,30,0.53339,0.056129,0.011152,0.074839,0.324489,0.310377,0.689623,0.115645,0.115627
5565,30,0.533404,0.056131,0.010784,0.074841,0.32484,0.310456,0.689544,0.117694,0.113373
5566,30,0.533745,0.056167,0.010152,0.074889,0.325047,0.310526,0.689474,0.11289,0.109445
5567,24,0.533709,0.056163,0.009999,0.074884,0.325244,0.310464,0.689536,0.126406,0.127555
5568,30,0.533733,0.056123,0.010302,0.07483,0.325012,0.310341,0.689659,0.1147,0.117555
5569,24,0.533682,0.056139,0.010003,0.074852,0.325324,0.310314,0.689686,0.121466,0.12149
5570,24,0.533683,0.056139,0.01,0.074852,0.325325,0.310286,0.689714,0.129895,0.13001
5571,30,0.53388,0.056115,0.009996,0.074821,0.325188,0.310245,0.689755,0.114175,0.114169
5572,30,0.533878,0.056115,0.01,0.07482,0.325187,0.310298,0.689702,0.119542,0.116643
5573,30,0.534303,0.056036,0.010219,0.074715,0.324728,0.309963,0.690037,0.089506,0.097926
5574,30,0.53461,0.056025,0.009998,0.0747,0.324666,0.309855,0.690145,0.109159,0.111467
5575,30,0.534514,0.056014,0.009998,0.074685,0.32479,0.309874,0.690126,0.115958,0.114062
5576,30,0.534559,0.056008,0.009999,0.074677,0.324757,0.309837,0.690163,0.115707,0.115661
5577,30,0.534369,0.056031,0.010004,0.074707,0.324888,0.310003,0.689997,0.12135,0.114663
5578,24,0.534255,0.056019,0.009998,0.074691,0.325038,0.309941,0.690059,0.126406,0.127553
5579,24,0.534206,0.056024,0.010001,0.074699,0.32507,0.310062,0.689938,0.123284,0.117795
5580,24,0.533994,0.056023,0.01,0.074698,0.325285,0.310035,0.689965,0.121478,0.121499
5581,30,0.533994,0.056023,0.01,0.074698,0.325285,0.310088,0.689912,0.119531,0.116642
5582,30,0.53409,0.055991,0.010168,0.074655,0.325096,0.310014,0.689986,0.114666,0.115999
5583,30,0.534226,0.055966,0.010234,0.074622,0.324953,0.309998,0.690002,0.115639,0.1146
5584,30,0.534599,0.055949,0.009997,0.074599,0.324856,0.309872,0.690128,0.096571,0.097924
5585,24,0.53489,0.055914,0.009994,0.074552,0.32465,0.309827,0.690173,0.099841,0.098747
5586,30,0.534784,0.055903,0.009998,0.074537,0.324778,0.309851,0.690149,0.116564,0.11454
5587,24,0.534293,0.055852,0.010907,0.074469,0.324479,0.309822,0.690178,0.129825,0.129955
5588,24,0.534539,0.055877,0.010451,0.074503,0.324629,0.309863,0.690137,0.123668,0.121654
5589,30,0.534513,0.055875,0.0105,0.0745,0.324613,0.30989,0.69011,0.126144,0.124701
5590,24,0.53478,0.055903,0.010005,0.074537,0.324775,0.309863,0.690137,0.121645,0.121732
5591,30,0.534739,0.055908,0.010001,0.074544,0.324808,0.309821,0.690179,0.121535,0.121555
5592,24,0.534886,0.055871,0.010159,0.074494,0.32459,0.30963,0.69037,0.107231,0.110805
5593,30,0.53486,0.055868,0.010208,0.074491,0.324574,0.309657,0.690343,0.126144,0.124703
5594,30,0.535519,0.055814,0.00999,0.074418,0.324259,0.309429,0.690571,0.089503,0.094728
5595,24,0.535514,0.055813,0.01,0.074418,0.324255,0.30947,0.69053,0.12374,0.12171
5596,30,0.535892,0.055768,0.009992,0.074357,0.323992,0.309366,0.690634,0.097042,0.09785
5597,30,0.535784,0.055757,0.009998,0.074342,0.324119,0.30939,0.69061,0.116553,0.11453
5598,30,0.53585,0.055749,0.009999,0.074331,0.324072,0.309243,0.690757,0.106013,0.108008
5599,24,0.535832,0.055724,0.009996,0.074299,0.324149,0.309207,0.690793,0.115647,0.115923
5600,30,0.535516,0.055701,0.010498,0.074268,0.324016,0.309206,0.690794,0.128137,0.127541
5601,30,0.5356,0.05571,0.010002,0.07428,0.324409,0.309182,0.690818,0.111086,0.110368
5602,24,0.535623,0.055681,0.009995,0.074241,0.324459,0.30903,0.69097,0.115521,0.118977
5603,30,0.535671,0.055634,0.009991,0.074178,0.324526,0.308904,0.691096,0.105269,0.107795
5604,24,0.535549,0.055621,0.009998,0.074161,0.324671,0.308842,0.691158,0.12641,0.127545
5605,30,0.535548,0.055621,0.01,0.074161,0.32467,0.308895,0.691105,0.119531,0.116647
5606,30,0.535548,0.055621,0.01,0.074161,0.32467,0.308966,0.691034,0.112874,0.109447
5607,24,0.53555,0.055621,0.01,0.074161,0.324669,0.309042,0.690958,0.11496,0.110894
5608,24,0.535844,0.055585,0.009994,0.074114,0.324463,0.308946,0.691054,0.107833,0.109499
5609,30,0.535694,0.05558,0.009999,0.074106,0.324621,0.309009,0.690991,0.111886,0.108655
5610,30,0.535557,0.055565,0.010253,0.074087,0.324538,0.308946,0.691054,0.119487,0.120194
5611,24,0.535577,0.055567,0.01,0.074089,0.324767,0.30895,0.69105,0.1198,0.118868
5612,30,0.535235,0.055567,0.01,0.074089,0.325109,0.309009,0.690991,0.119033,0.115086
5613,24,0.535235,0.055567,0.01,0.074089,0.325109,0.308982,0.691018,0.121657,0.121752
5614,24,0.535235,0.055567,0.01,0.074089,0.325109,0.308955,0.691045,0.121657,0.121752
5615,30,0.535269,0.055563,0.009999,0.074084,0.325085,0.308922,0.691078,0.118164,0.118537
5616,30,0.535493,0.055534,0.010013,0.074045,0.324915,0.308792,0.691208,0.107075,0.110071
5617,30,0.535741,0.055506,0.009995,0.074008,0.32475,0.308707,0.691293,0.113155,0.114749
5618,30,0.536246,0.055445,0.009989,0.073926,0.324394,0.308424,0.691576,0.08978,0.096607
5619,30,0.536115,0.055424,0.010294,0.073898,0.324269,0.30839,0.69161,0.124778,0.12516
5620,24,0.53606,0.055439,0.010003,0.073919,0.324579,0.308364,0.691636,0.121487,0.121507
5621,30,0.535606,0.055392,0.0105,0.073856,0.324646,0.308422,0.691578,0.117652,0.114024
5622,30,0.535812,0.055366,0.010505,0.073822,0.324495,0.308383,0.691617,0.124692,0.124156
5623,30,0.536145,0.05535,0.010303,0.0738,0.324401,0.308299,0.691701,0.112685,0.114111
5624,24,0.5366,0.055332,0.009997,0.073776,0.324295,0.308254,0.691746,0.099829,0.098734
5625,24,0.536809,0.055307,0.009995,0.073742,0.324147,0.308427,0.691573,0.107994,0.100039
5626,30,0.536622,0.055288,0.009997,0.073717,0.324376,0.308325,0.691675,0.111042,0.113494
5627,24,0.53667,0.055282,0.009999,0.073709,0.324341,0.308415,0.691585,0.121621,0.117135
5628,30,0.536574,0.05527,0.009998,0.073693,0.324465,0.308435,0.691565,0.115982,0.114077
5629,30,0.536508,0.055278,0.010001,0.073704,0.324509,0.308679,0.691321,0.123288,0.113583
5630,24,0.536509,0.055278,0.01,0.073704,0.32451,0.308719,0.691281,0.123641,0.121639
5631,24,0.536963,0.055224,0.00999,0.073631,0.324192,0.308634,0.691366,0.094169,0.093883
5632,24,0.536863,0.055234,0.010002,0.073646,0.324255,0.308641,0.691359,0.133272,0.132268
5633,24,0.536747,0.055222,0.009998,0.07363,0.324403,0.308648,0.691352,0.120239,0.119239
5634,24,0.536533,0.055221,0.01,0.073628,0.324617,0.308621,0.691379,0.121491,0.121498
5635,24,0.536416,0.055209,0.009998,0.073612,0.324765,0.308559,0.691441,0.126439,0.127565
5636,24,0.536415,0.055209,0.01,0.073612,0.324764,0.3086,0.6914,0.12374,0.121713
5637,24,0.53632,0.05522,0.010002,0.073627,0.32483,0.308607,0.691393,0.13328,0.132275
5638,30,0.535845,0.055171,0.010879,0.073562,0.324543,0.308573,0.691427,0.136081,0.136525
5639,30,0.536446,0.055205,0.010006,0.073606,0.324738,0.308592,0.691408,0.115362,0.11333
5640,24,0.536743,0.05517,0.009994,0.07356,0.324534,0.308496,0.691504,0.10779,0.109461
5641,24,0.53674,0.05517,0.01,0.073559,0.324532,0.308536,0.691464,0.123641,0.121639
5642,24,0.536739,0.05517,0.01,0.073559,0.324532,0.308509,0.691491,0.12164,0.121728
5643,24,0.53641,0.055157,0.009998,0.073542,0.324894,0.308449,0.691551,0.118006,0.119039
5644,30,0.536395,0.055155,0.010025,0.07354,0.324885,0.308386,0.691614,0.119498,0.1202
5645,30,0.536422,0.055129,0.010212,0.073506,0.324732,0.308288,0.691712,0.115256,0.116838
5646,24,0.536515,0.055139,0.010039,0.073518,0.324789,0.308329,0.691671,0.123641,0.121642
5647,24,0.536176,0.055104,0.010666,0.073472,0.324583,0.308301,0.691699,0.129853,0.129975
5648,24,0.536431,0.055151,0.010022,0.073535,0.324861,0.308309,0.691691,0.124972,0.123957
5649,24,0.53623,0.055152,0.01,0.073535,0.325083,0.308282,0.691718,0.121482,0.121507
5650,24,0.53626,0.055111,0.010305,0.073481,0.324843,0.308154,0.691846,0.117711,0.120358
5651,30,0.53588,0.055082,0.010585,0.073442,0.325012,0.308072,0.691928,0.11965,0.121434
5652,30,0.535854,0.055079,0.010632,0.073439,0.324996,0.308099,0.691901,0.126143,0.124707
5653,24,0.536391,0.05509,0.010002,0.073454,0.325063,0.307973,0.692027,0.109507,0.112111
5654,30,0.536696,0.055054,0.009993,0.073406,0.32485,0.307837,0.692163,0.094321,0.095715
5655,24,0.536984,0.055019,0.009994,0.073359,0.324644,0.307947,0.692053,0.097743,0.091954
5656,24,0.536748,0.054995,0.009996,0.073326,0.324936,0.307917,0.692083,0.116327,0.116402
5657,30,0.536554,0.054976,0.009997,0.073302,0.325171,0.307895,0.692105,0.110053,0.109021
5658,30,0.536369,0.054957,0.009997,0.073276,0.325401,0.307889,0.692111,0.10443,0.103171
5659,24,0.536658,0.054923,0.009994,0.07323,0.325195,0.307844,0.692156,0.099786,0.098691
5660,30,0.536632,0.05492,0.010042,0.073227,0.325179,0.307871,0.692129,0.126144,0.124707
5661,24,0.536735,0.054887,0.009994,0.073182,0.325202,0.30771,0.69229,0.10598,0.109618
5662,24,0.536688,0.054882,0.010079,0.073176,0.325174,0.307791,0.692209,0.121558,0.116786
5663,30,0.536856,0.054872,0.009998,0.073162,0.325112,0.307635,0.692365,0.105087,0.107418
5664,30,0.536855,0.054872,0.01,0.073162,0.325112,0.307689,0.692311,0.119542,0.116658
5665,24,0.536807,0.054877,0.010001,0.07317,0.325145,0.307972,0.692028,0.114963,0.103877
5666,30,0.53709,0.054823,0.00999,0.073097,0.324999,0.307784,0.692216,0.094892,0.09828
5667,24,0.536967,0.05481,0.009998,0.073081,0.325144,0.307791,0.692209,0.120234,0.11925
5668,24,0.536849,0.054798,0.009998,0.073064,0.325291,0.30773,0.69227,0.126459,0.127587
5669,30,0.536353,0.054748,0.010911,0.072997,0.324991,0.307708,0.692292,0.126101,0.126189
5670,30,0.536358,0.054748,0.010902,0.072998,0.324994,0.307634,0.692366,0.129475,0.130522
5671,30,0.536766,0.05478,0.010233,0.07304,0.325181,0.307598,0.692402,0.115702,0.115646
5672,24,0.536893,0.054792,0.010002,0.073057,0.325256,0.307636,0.692364,0.123285,0.121327
5673,24,0.536847,0.054798,0.010001,0.073064,0.32529,0.307738,0.692262,0.123271,0.117747
5674,30,0.536664,0.054779,0.009997,0.073039,0.325521,0.307588,0.692412,0.121043,0.124247
5675,30,0.536688,0.054754,0.010187,0.073005,0.325367,0.307491,0.692509,0.115256,0.116828
5676,30,0.536601,0.054786,0.010006,0.073048,0.32556,0.307561,0.692439,0.128016,0.125098
5677,30,0.53619,0.054702,0.011108,0.072937,0.325063,0.307452,0.692548,0.115626,0.117951
5678,30,0.536281,0.054712,0.01094,0.072949,0.325118,0.307505,0.692495,0.119479,0.11662
5679,30,0.536844,0.054746,0.01009,0.072995,0.325324,0.30735,0.69265,0.10425,0.106297
5680,24,0.536893,0.054751,0.010001,0.073002,0.325353,0.307322,0.692678,0.121587,0.121685
5681,30,0.536414,0.054651,0.011308,0.072868,0.324758,0.30718,0.69282,0.123582,0.126936
5682,24,0.537117,0.054723,0.010013,0.072964,0.325184,0.307153,0.692847,0.121678,0.121747
5683,30,0.53694,0.054705,0.009997,0.07294,0.325419,0.307039,0.692961,0.127659,0.130456
5684,30,0.537127,0.054682,0.009996,0.07291,0.325285,0.306931,0.693069,0.109137,0.111409
5685,24,0.537125,0.054682,0.01,0.072909,0.325284,0.306904,0.693096,0.1216,0.121697
5686,24,0.537125,0.054682,0.01,0.072909,0.325284,0.306825,0.693175,0.121572,0.12245
5687,24,0.537007,0.05467,0.009998,0.072893,0.325431,0.306833,0.693167,0.120251,0.119251
5688,24,0.536935,0.054663,0.01013,0.072884,0.325388,0.306805,0.693195,0.129878,0.129987
5689,30,0.536941,0.054677,0.010003,0.072903,0.325476,0.30705,0.69295,0.123288,0.113623
5690,24,0.537139,0.054654,0.009996,0.072872,0.325338,0.306923,0.693077,0.11776,0.120372
5691,30,0.536999,0.05463,0.009996,0.07284,0.325536,0.306806,0.693194,0.107166,0.109502
5692,24,0.537193,0.054607,0.009996,0.072809,0.325396,0.30668,0.69332,0.109493,0.112089
5693,30,0.537453,0.054575,0.009994,0.072767,0.32521,0.306585,0.693415,0.11216,0.114065
5694,24,0.537334,0.054563,0.009998,0.072751,0.325354,0.30659,0.69341,0.119807,0.118867
5695,24,0.537286,0.054568,0.010001,0.072758,0.325387,0.306713,0.693287,0.1233,0.117846
5696,30,0.537103,0.05455,0.009997,0.072733,0.325618,0.30668,0.69332,0.11103,0.110249
5697,24,0.536983,0.054538,0.009998,0.072717,0.325765,0.306619,0.693381,0.126459,0.127571
5698,30,0.537215,0.05451,0.009995,0.07268,0.3256,0.306572,0.693428,0.11372,0.113933
5699,30,0.537148,0.054517,0.010001,0.07269,0.325644,0.306817,0.693183,0.12329,0.113634
5700,30,0.537331,0.054496,0.009996,0.072661,0.325516,0.306674,0.693326,0.102943,0.105674
5701,30,0.536835,0.054446,0.01091,0.072594,0.325215,0.306824,0.693176,0.126101,0.119496
5702,24,0.536984,0.054471,0.010549,0.072628,0.325367,0.306926,0.693074,0.123271,0.117759
5703,24,0.537067,0.0545,0.010005,0.072667,0.32576,0.3069,0.6931,0.129795,0.129809
5704,30,0.537115,0.054495,0.009999,0.07266,0.325731,0.306864,0.693136,0.115699,0.115637
5705,30,0.536967,0.05449,0.009999,0.072653,0.325891,0.306834,0.693166,0.118487,0.118748
5706,24,0.537258,0.054456,0.009994,0.072607,0.325685,0.30679,0.69321,0.099799,0.098699
5707,30,0.537278,0.054426,0.010025,0.072568,0.325702,0.306648,0.693352,0.1236,0.126964
5708,24,0.53732,0.054367,0.010478,0.072489,0.325346,0.306452,0.693548,0.105987,0.109559
5709,24,0.537427,0.054378,0.01028,0.072504,0.325411,0.306534,0.693466,0.12157,0.116805
5710,30,0.537699,0.054379,0.01,0.072505,0.325417,0.306555,0.693445,0.114303,0.111987
5711,30,0.537515,0.05436,0.009997,0.07248,0.325648,0.306444,0.693556,0.108063,0.110264
5712,30,0.537377,0.054346,0.010251,0.072462,0.325565,0.306422,0.693578,0.119487,0.119559
5713,30,0.537374,0.054338,0.01032,0.072451,0.325517,0.306294,0.693706,0.123203,0.125724
5714,30,0.537416,0.054352,0.010163,0.072469,0.3256,0.306253,0.693747,0.121526,0.121535
5715,24,0.537791,0.054326,0.010002,0.072435,0.325446,0.306057,0.693943,0.106011,0.109567
5716,30,0.53766,0.054319,0.009999,0.072426,0.325596,0.30627,0.69373,0.113611,0.104819
5717,30,0.537921,0.054289,0.009994,0.072385,0.325411,0.306175,0.693825,0.112155,0.114061
5718,30,0.537918,0.054288,0.01,0.072384,0.32541,0.306229,0.693771,0.119542,0.116666
5719,30,0.537896,0.054291,0.01,0.072388,0.325425,0.306442,0.693558,0.12053,0.11199
5720,24,0.538035,0.054275,0.009997,0.072366,0.325327,0.306325,0.693675,0.110671,0.113072
5721,24,0.538034,0.054274,0.01,0.072366,0.325326,0.306298,0.693702,0.121587,0.121682
5722,24,0.5378,0.05425,0.009996,0.072334,0.32562,0.306269,0.693731,0.116318,0.1164
5723,30,0.538045,0.054221,0.009995,0.072295,0.325445,0.306133,0.693867,0.11559,0.117305
5724,24,0.537947,0.054232,0.010002,0.072309,0.32551,0.306141,0.693859,0.133288,0.13228
5725,24,0.537832,0.05422,0.009998,0.072293,0.325657,0.306146,0.693854,0.119807,0.118869
5726,30,0.537809,0.054222,0.01,0.072297,0.325671,0.306359,0.693641,0.12053,0.111991
5727,24,0.537643,0.054226,0.010135,0.072302,0.325694,0.306366,0.693634,0.13323,0.13224
5728,30,0.537479,0.054201,0.009995,0.072267,0.326057,0.306302,0.693698,0.111096,0.111608
5729,24,0.537673,0.054177,0.009996,0.072236,0.325917,0.306175,0.693825,0.117753,0.12036
5730,24,0.537576,0.054188,0.010002,0.072251,0.325982,0.306183,0.693817,0.124976,0.123963
5731,24,0.537462,0.054176,0.009998,0.072235,0.326129,0.306188,0.693812,0.119807,0.118865
5732,30,0.537324,0.054162,0.010252,0.072216,0.326046,0.306166,0.693834,0.119487,0.119559
5733,24,0.537364,0.054187,0.010005,0.072249,0.326195,0.306174,0.693826,0.124964,0.123957
5734,24,0.5376,0.05416,0.009997,0.072213,0.32603,0.305984,0.694016,0.107209,0.11071
5735,30,0.537473,0.054152,0.009999,0.072202,0.326174,0.305978,0.694022,0.127498,0.125883
5736,24,0.537355,0.05414,0.009998,0.072186,0.326321,0.305917,0.694083,0.12643,0.127545
5737,24,0.537141,0.054139,0.01,0.072185,0.326535,0.305891,0.694109,0.129778,0.129803
5738,30,0.53695,0.054121,0.009997,0.072162,0.326771,0.305869,0.694131,0.110039,0.109017
5739,30,0.537181,0.054094,0.009995,0.072125,0.326605,0.305789,0.694211,0.113754,0.115204
5740,30,0.537208,0.05409,0.009999,0.07212,0.326583,0.30592,0.69408,0.118008,0.112061
5741,24,0.537018,0.054071,0.01013,0.072095,0.326686,0.305858,0.694142,0.126385,0.127515
5742,24,0.537149,0.054021,0.010418,0.072028,0.326384,0.305662,0.694338,0.105995,0.109549
5743,24,0.537374,0.054044,0.010004,0.072058,0.32652,0.305635,0.694365,0.12992,0.130017
5744,30,0.537176,0.054014,0.010107,0.072019,0.326684,0.305506,0.694494,0.123727,0.126407
5745,24,0.537234,0.05402,0.010001,0.072026,0.326719,0.305547,0.694453,0.123695,0.121692
5746,24,0.537235,0.05402,0.01,0.072027,0.326719,0.30552,0.69448,0.1216,0.121693
5747,24,0.537117,0.054008,0.009998,0.072011,0.326866,0.305459,0.694541,0.118135,0.11924
5748,30,0.536966,0.053993,0.010275,0.071991,0.326775,0.30553,0.69447,0.112819,0.109431
5749,30,0.536832,0.05402,0.010005,0.072027,0.327115,0.305573,0.694427,0.125202,0.123117
5750,24,0.537032,0.053998,0.009996,0.071997,0.326978,0.305447,0.694553,0.109507,0.112078
5751,24,0.53703,0.053997,0.01,0.071996,0.326976,0.30542,0.69458,0.12164,0.12172
5752,30,0.53701,0.053995,0.010036,0.071994,0.326965,0.305447,0.694553,0.126144,0.124713
5753,24,0.536912,0.053985,0.009998,0.071981,0.327124,0.305455,0.694545,0.120247,0.119247
5754,24,0.536816,0.053996,0.010002,0.071995,0.32719,0.305463,0.694537,0.133284,0.132278
5755,30,0.537001,0.053975,0.009996,0.071967,0.327061,0.305431,0.694569,0.096229,0.094509
5756,24,0.536904,0.053986,0.010002,0.071981,0.327127,0.305394,0.694606,0.124961,0.124406
5757,24,0.536789,0.053974,0.009998,0.071965,0.327273,0.305399,0.694601,0.119791,0.118856
5758,24,0.537079,0.05394,0.009994,0.07192,0.327067,0.305204,0.694796,0.106045,0.109582
5759,30,0.537298,0.053911,0.010015,0.071882,0.326894,0.305075,0.694925,0.107053,0.110004
5760,24,0.537073,0.053888,0.009996,0.071851,0.327192,0.305046,0.694954,0.116309,0.116386
5761,30,0.53707,0.053888,0.01,0.071851,0.327191,0.3051,0.6949,0.119531,0.116667
5762,30,0.536894,0.053869,0.009996,0.071825,0.327415,0.305043,0.694957,0.117116,0.118151
5763,24,0.536848,0.053864,0.010082,0.071819,0.327387,0.305016,0.694984,0.121558,0.121658
5764,24,0.536893,0.053868,0.010001,0.071825,0.327413,0.305093,0.694907,0.114973,0.110927
5765,30,0.536578,0.053846,0.010503,0.071795,0.327278,0.305092,0.694908,0.12814,0.127538
5766,30,0.536284,0.053822,0.011004,0.071762,0.327128,0.305255,0.694745,0.127135,0.120169
5767,30,0.536298,0.053823,0.010636,0.071764,0.327479,0.305202,0.694798,0.117674,0.118599
5768,30,0.537185,0.053794,0.009995,0.071725,0.327301,0.304869,0.695131,0.082839,0.091069
5769,24,0.537183,0.053794,0.01,0.071725,0.327299,0.304791,0.695209,0.121572,0.122434
5770,30,0.537344,0.053775,0.009997,0.0717,0.327185,0.304628,0.695372,0.103328,0.105658
5771,24,0.537247,0.053786,0.010002,0.071714,0.327251,0.304591,0.695409,0.124961,0.124402
5772,30,0.537119,0.053674,0.011067,0.071566,0.326574,0.304262,0.695738,0.102119,0.110484
5773,30,0.53756,0.05367,0.010472,0.07156,0.326739,0.30415,0.69585,0.109706,0.111935
5774,24,0.537798,0.053596,0.010854,0.071462,0.32629,0.303912,0.696088,0.100678,0.105289
5775,30,0.5377,0.053586,0.010692,0.071449,0.326573,0.304022,0.695978,0.111024,0.105888
5776,24,0.538268,0.053601,0.010003,0.071468,0.32666,0.304035,0.695965,0.101103,0.098109
5777,24,0.538466,0.053578,0.009996,0.071438,0.326522,0.303909,0.696091,0.109426,0.112002
5778,30,0.538606,0.053561,0.009997,0.071415,0.32642,0.303797,0.696203,0.126682,0.129127
5779,24,0.53884,0.053534,0.009995,0.071379,0.326253,0.30371,0.69629,0.108906,0.110364
5780,24,0.538837,0.053534,0.01,0.071378,0.326251,0.303751,0.696249,0.123641,0.121659
5781,30,0.538722,0.053522,0.010211,0.071363,0.326182,0.303678,0.696322,0.129467,0.130483
5782,30,0.539088,0.053504,0.009997,0.071339,0.326072,0.30351,0.69649,0.10302,0.106713
5783,24,0.538921,0.053508,0.010131,0.071344,0.326095,0.303518,0.696482,0.133234,0.132248
5784,30,0.538929,0.053483,0.009995,0.07131,0.326283,0.303463,0.696537,0.10579,0.105622
5785,30,0.538902,0.05348,0.010043,0.071307,0.326267,0.303545,0.696455,0.126144,0.122377
5786,30,0.539054,0.053468,0.009998,0.07129,0.32619,0.303583,0.696417,0.108631,0.106108
5787,30,0.539009,0.053473,0.010001,0.071297,0.326221,0.303543,0.696457,0.12154,0.121534
5788,24,0.539205,0.05345,0.009996,0.071267,0.326082,0.303417,0.696583,0.11772,0.120295
5789,30,0.539346,0.053433,0.009997,0.071244,0.32598,0.303317,0.696683,0.110061,0.112151
5790,30,0.539344,0.053433,0.01,0.071244,0.325979,0.303372,0.696628,0.119542,0.116681
5791,24,0.539393,0.053427,0.009999,0.071236,0.325945,0.303591,0.696409,0.113293,0.104342
5792,24,0.539681,0.053394,0.009994,0.071192,0.32574,0.303549,0.696451,0.099792,0.098668
5793,24,0.539584,0.053404,0.010002,0.071206,0.325804,0.303557,0.696443,0.133292,0.132285
5794,24,0.539255,0.053392,0.009998,0.071189,0.326167,0.303497,0.696503,0.126314,0.127328
5795,30,0.539352,0.053352,0.010239,0.071136,0.325922,0.303368,0.696632,0.113691,0.116619
5796,30,0.539541,0.053335,0.009997,0.071114,0.326013,0.303428,0.696572,0.106008,0.102394
5797,24,0.539446,0.053346,0.010002,0.071128,0.326078,0.303436,0.696564,0.124984,0.123966
5798,30,0.539425,0.053349,0.01,0.071132,0.326094,0.303506,0.696494,0.120562,0.116552
5799,24,0.539425,0.053349,0.01,0.071132,0.326095,0.303479,0.696521,0.129895,0.129995
5800,30,0.539656,0.053322,0.009995,0.071096,0.325931,0.303384,0.696616,0.113739,0.11543
5801,24,0.539655,0.053321,0.01,0.071095,0.325928,0.303423,0.696577,0.123296,0.12135
5802,24,0.540139,0.053265,0.009989,0.071021,0.325585,0.303163,0.696837,0.093871,0.10001
5803,30,0.540284,0.053227,0.009993,0.070969,0.325526,0.303094,0.696906,0.102863,0.102757
5804,24,0.54028,0.053227,0.01,0.070969,0.325524,0.303067,0.696933,0.12992,0.13001
5805,30,0.540451,0.053207,0.009996,0.070943,0.325403,0.303127,0.696873,0.115611,0.112038
5806,24,0.540449,0.053207,0.01,0.070942,0.325402,0.303101,0.696899,0.121657,0.121727
5807,30,0.540084,0.053189,0.009997,0.070919,0.325812,0.303125,0.696875,0.113037,0.11089
5808,30,0.540128,0.053144,0.009992,0.070859,0.325877,0.302916,0.697084,0.098579,0.10383
5809,24,0.539911,0.053143,0.01,0.070857,0.326089,0.30289,0.69711,0.129803,0.129813
5810,30,0.540092,0.053122,0.009996,0.070829,0.32596,0.302858,0.697142,0.096139,0.094425
5811,24,0.539972,0.05311,0.009998,0.070813,0.326107,0.302798,0.697202,0.118139,0.119227
5812,30,0.539742,0.053097,0.009998,0.070796,0.326367,0.302681,0.697319,0.113044,0.115166
5813,24,0.539529,0.053096,0.01,0.070795,0.326581,0.302655,0.697345,0.129799,0.129803
5814,24,0.539529,0.053096,0.01,0.070795,0.326581,0.302578,0.697422,0.121572,0.122418
5815,30,0.539808,0.053044,0.00999,0.070725,0.326434,0.302444,0.697556,0.094215,0.096068
5816,30,0.539759,0.053048,0.010001,0.070731,0.326462,0.302404,0.697596,0.121527,0.121517
5817,30,0.539806,0.053003,0.009992,0.070671,0.326528,0.302183,0.697817,0.115201,0.120789
5818,30,0.539616,0.052985,0.009996,0.070646,0.326756,0.302179,0.697821,0.104419,0.103161
5819,24,0.539849,0.052958,0.009995,0.07061,0.326588,0.302093,0.697907,0.108927,0.11036
5820,30,0.539847,0.052918,0.009992,0.070557,0.326685,0.302057,0.697943,0.106159,0.105554
5821,30,0.53982,0.052915,0.010043,0.070554,0.326668,0.302115,0.697885,0.119477,0.115867
5822,30,0.539722,0.052892,0.009996,0.070523,0.326868,0.302156,0.697844,0.112876,0.109734
5823,24,0.53972,0.052892,0.01,0.070522,0.326866,0.30213,0.69787,0.129949,0.130027
5824,30,0.539299,0.05286,0.0105,0.07048,0.326861,0.3021,0.6979,0.125099,0.125359
5825,24,0.539263,0.052856,0.010347,0.070475,0.327058,0.302039,0.697961,0.126408,0.127506
5826,30,0.539347,0.052865,0.010002,0.070486,0.327301,0.301949,0.698051,0.116513,0.118019
5827,24,0.539301,0.05287,0.010001,0.070493,0.327335,0.302011,0.697989,0.131612,0.12811
5828,24,0.539399,0.052859,0.009998,0.070479,0.327266,0.301943,0.698057,0.125693,0.126985
5829,30,0.539623,0.052833,0.009995,0.070444,0.327105,0.301811,0.698189,0.11609,0.117734
5830,24,0.539386,0.052809,0.009996,0.070413,0.327397,0.301782,0.698218,0.116309,0.11638
5831,24,0.539171,0.052808,0.01,0.070411,0.327609,0.301756,0.698244,0.129794,0.129796
5832,30,0.538674,0.05276,0.010913,0.070346,0.327307,0.301789,0.698211,0.126101,0.123846
5833,30,0.539285,0.05277,0.01002,0.07036,0.327565,0.301681,0.698319,0.110712,0.112984
5834,24,0.539179,0.05276,0.009998,0.070346,0.327717,0.301686,0.698314,0.119786,0.118863
5835,24,0.53906,0.052748,0.009998,0.070331,0.327864,0.301625,0.698375,0.126409,0.12751
5836,24,0.539351,0.052714,0.009994,0.070286,0.327655,0.30153,0.69847,0.107722,0.109354
5837,30,0.539171,0.05268,0.010464,0.07024,0.327444,0.301476,0.698524,0.116082,0.117111
5838,30,0.539414,0.052706,0.010005,0.070274,0.327601,0.301533,0.698467,0.118552,0.115381
5839,24,0.539577,0.052688,0.009997,0.07025,0.327489,0.301565,0.698435,0.110026,0.107351
5840,24,0.539575,0.052687,0.01,0.07025,0.327488,0.301607,0.698393,0.123724,0.121729
5841,30,0.539352,0.052679,0.010293,0.070239,0.327437,0.301804,0.698196,0.129911,0.121892
5842,30,0.539812,0.05266,0.009996,0.070214,0.327318,0.301625,0.698375,0.10078,0.104537
5843,30,0.539813,0.052638,0.009996,0.070184,0.32737,0.301758,0.698242,0.106616,0.100651
5844,24,0.53981,0.052637,0.01,0.070183,0.327369,0.3018,0.6982,0.12374,0.12174
5845,30,0.539939,0.052623,0.009997,0.070164,0.327278,0.301821,0.698179,0.115285,0.11329
5846,24,0.539819,0.052611,0.009998,0.070148,0.327424,0.301761,0.698239,0.118135,0.119216
5847,30,0.539198,0.05256,0.011057,0.07008,0.327105,0.30176,0.69824,0.128083,0.127497
5848,30,0.539776,0.052615,0.01001,0.070153,0.327446,0.301811,0.698189,0.119022,0.116282
5849,30,0.540083,0.052581,0.009994,0.070108,0.327235,0.301633,0.698367,0.100883,0.104613
5850,30,0.540208,0.052566,0.009997,0.070088,0.327142,0.301527,0.698473,0.12528,0.127122
5851,24,0.540088,0.052554,0.009998,0.070072,0.327288,0.301467,0.698533,0.118147,0.119217
5852,30,0.540087,0.052554,0.01,0.070072,0.327287,0.30154,0.69846,0.112874,0.109501
5853,24,0.539969,0.052542,0.009998,0.070057,0.327434,0.30148,0.69852,0.118147,0.119217
5854,24,0.539881,0.052513,0.010334,0.070018,0.327253,0.301412,0.698588,0.12563,0.12693
5855,24,0.540256,0.052509,0.009999,0.070012,0.327224,0.30126,0.69874,0.109387,0.11143
5856,24,0.540256,0.052509,0.01,0.070012,0.327224,0.301233,0.698767,0.121587,0.121668
5857,24,0.540256,0.052509,0.01,0.070012,0.327224,0.301323,0.698677,0.113263,0.109074
5858,24,0.540139,0.052497,0.009998,0.069996,0.32737,0.301328,0.698672,0.119803,0.118865
5859,30,0.540319,0.052476,0.009996,0.069968,0.32724,0.301299,0.698701,0.096253,0.094486
5860,30,0.540295,0.052479,0.01,0.069971,0.327255,0.301503,0.698497,0.113905,0.105884
5861,30,0.539816,0.052432,0.010878,0.069909,0.326965,0.30147,0.69853,0.136081,0.136502
5862,30,0.539862,0.052427,0.010873,0.069903,0.326935,0.301434,0.698566,0.115552,0.115509
5863,30,0.540208,0.052461,0.010241,0.069948,0.327144,0.301507,0.698493,0.112888,0.109507
5864,30,0.540372,0.052469,0.010002,0.069959,0.327198,0.301475,0.698525,0.124822,0.125169
5865,24,0.540661,0.052437,0.009994,0.069915,0.326993,0.301434,0.698566,0.099765,0.09864
5866,30,0.540293,0.052401,0.010668,0.069868,0.326771,0.301361,0.698639,0.129423,0.130438
5867,30,0.540718,0.052429,0.010005,0.069905,0.326943,0.301353,0.698647,0.09942,0.097235
5868,30,0.540421,0.052424,0.009999,0.069899,0.327257,0.301355,0.698645,0.132903,0.131328
5869,30,0.540178,0.052413,0.009998,0.069884,0.327528,0.30128,0.69872,0.115272,0.115718
5870,24,0.540058,0.052401,0.009998,0.069868,0.327675,0.301219,0.698781,0.118089,0.119177
5871,30,0.540295,0.052374,0.009995,0.069832,0.327504,0.301136,0.698864,0.113197,0.114703
5872,30,0.540516,0.052348,0.009995,0.069797,0.327343,0.301054,0.698946,0.112776,0.114101
5873,30,0.540224,0.052276,0.010907,0.069701,0.326892,0.30105,0.69895,0.124583,0.122826
5874,24,0.540596,0.052312,0.010007,0.069749,0.327336,0.30099,0.69901,0.11815,0.119225
5875,30,0.5406,0.052312,0.01,0.06975,0.327338,0.301045,0.698955,0.119531,0.116691
5876,24,0.540506,0.052323,0.010002,0.069764,0.327405,0.30101,0.69899,0.124959,0.12439
5877,24,0.540435,0.052316,0.010133,0.069755,0.327362,0.300933,0.699067,0.121555,0.122392
5878,24,0.540294,0.052322,0.010001,0.069763,0.32762,0.300908,0.699092,0.121486,0.12148
5879,24,0.540248,0.052318,0.010086,0.069757,0.327591,0.300881,0.699119,0.121558,0.121647
5880,24,0.540777,0.052267,0.00999,0.06969,0.327275,0.300622,0.699378,0.093853,0.099932
5881,24,0.540774,0.052267,0.01,0.069689,0.327271,0.300662,0.699338,0.123296,0.121359
5882,24,0.540608,0.05227,0.010134,0.069694,0.327294,0.30067,0.69933,0.133243,0.132248
5883,30,0.540782,0.052266,0.009999,0.069688,0.327266,0.30054,0.69946,0.110867,0.113191
5884,30,0.540738,0.052271,0.010001,0.069694,0.327296,0.300501,0.699499,0.121543,0.121519
5885,30,0.540653,0.05228,0.010002,0.069707,0.327358,0.300577,0.699423,0.140937,0.137302
5886,24,0.540887,0.052254,0.009995,0.069672,0.327192,0.300491,0.699509,0.108887,0.110311
5887,24,0.540766,0.052242,0.009998,0.069656,0.327337,0.300431,0.699569,0.118118,0.119198
5888,30,0.54044,0.05225,0.010258,0.069667,0.327386,0.300491,0.699509,0.144622,0.142114
5889,24,0.540581,0.052263,0.010003,0.069684,0.327469,0.300531,0.699469,0.123296,0.121371
5890,30,0.540684,0.052252,0.009998,0.069669,0.327397,0.30039,0.69961,0.120837,0.123514
5891,30,0.540658,0.052249,0.010046,0.069666,0.327381,0.300565,0.699435,0.126144,0.11898
5892,30,0.540341,0.052228,0.010548,0.069637,0.327247,0.300565,0.699435,0.128143,0.127542
5893,24,0.540478,0.0522,0.010649,0.0696,0.327073,0.300439,0.699561,0.117694,0.120242
5894,30,0.541053,0.052208,0.010002,0.069611,0.327126,0.30037,0.69963,0.099528,0.099285
5895,30,0.541263,0.052185,0.009995,0.06958,0.326978,0.300334,0.699666,0.124712,0.124129
5896,24,0.541166,0.052195,0.010002,0.069594,0.327043,0.300343,0.699657,0.124976,0.123967
5897,30,0.541382,0.052171,0.009995,0.069561,0.326891,0.300386,0.699614,0.11312,0.109957
5898,30,0.541534,0.052139,0.010118,0.069519,0.326691,0.300303,0.699697,0.112596,0.113961
5899,30,0.541716,0.05211,0.009994,0.06948,0.3267,0.300192,0.699808,0.109657,0.111856
5900,30,0.541841,0.052095,0.009997,0.06946,0.326607,0.300231,0.699769,0.10862,0.106105
5901,30,0.541754,0.052105,0.010002,0.069473,0.326667,0.300368,0.699632,0.124304,0.118817
5902,24,0.541636,0.052093,0.009998,0.069458,0.326815,0.300308,0.699692,0.118147,0.119213
5903,30,0.541635,0.052093,0.01,0.069458,0.326814,0.300363,0.699637,0.119542,0.116699
5904,24,0.541829,0.052071,0.009996,0.069428,0.326676,0.300238,0.699762,0.109411,0.111942
5905,30,0.541723,0.052061,0.009998,0.069414,0.326803,0.300137,0.699863,0.126482,0.128315
5906,24,0.541628,0.052071,0.010002,0.069429,0.32687,0.300146,0.699854,0.124976,0.123967
5907,30,0.541471,0.05207,0.01,0.069426,0.327034,0.300361,0.699639,0.120508,0.112116
5908,24,0.541917,0.052019,0.00999,0.069359,0.326715,0.300125,0.699875,0.100659,0.105173
5909,24,0.541914,0.052018,0.01,0.069358,0.32671,0.300165,0.699835,0.123284,0.121354
5910,30,0.542164,0.05199,0.009995,0.06932,0.326532,0.300042,0.699958,0.096413,0.09773
5911,24,0.541923,0.051967,0.009996,0.069289,0.326825,0.300017,0.699983,0.116736,0.116751
5912,24,0.542208,0.051934,0.009994,0.069245,0.326619,0.299976,0.700024,0.09974,0.098611
5913,30,0.542205,0.051934,0.01,0.069245,0.326617,0.30005,0.69995,0.112943,0.109561
5914,30,0.542129,0.051921,0.009997,0.069227,0.326726,0.300102,0.699898,0.119727,0.116527
5915,30,0.541628,0.051873,0.010911,0.069163,0.326425,0.30008,0.69992,0.126101,0.126173
5916,24,0.541711,0.051881,0.01076,0.069174,0.326474,0.300053,0.699947,0.129902,0.129989
5917,24,0.541863,0.051854,0.010614,0.069139,0.326529,0.299893,0.700107,0.114193,0.11773
5918,24,0.54152,0.051822,0.01124,0.069096,0.326323,0.299816,0.700184,0.12152,0.122375
5919,24,0.541826,0.051861,0.010596,0.069148,0.326569,0.299941,0.700059,0.123327,0.117946
5920,24,0.542149,0.051892,0.010006,0.069189,0.326764,0.299984,0.700016,0.123718,0.121735
5921,30,0.541965,0.051865,0.010422,0.069153,0.326595,0.299936,0.700064,0.132123,0.132434
5922,24,0.542387,0.051865,0.01,0.069153,0.326595,0.299811,0.700189,0.109364,0.111901
5923,24,0.542293,0.051875,0.010002,0.069167,0.326662,0.29982,0.70018,0.124992,0.123986
5924,30,0.54235,0.051829,0.010344,0.069106,0.326371,0.299667,0.700333,0.105466,0.109288
5925,24,0.54249,0.051852,0.010004,0.069137,0.326517,0.299729,0.700271,0.131616,0.128127
5926,24,0.542781,0.05182,0.009994,0.069093,0.326312,0.299634,0.700366,0.107653,0.109267
5927,24,0.543064,0.051787,0.009994,0.06905,0.326106,0.299441,0.700559,0.105939,0.10937
5928,30,0.543039,0.051789,0.01,0.069052,0.326119,0.299657,0.700343,0.120534,0.112139
5929,24,0.542945,0.0518,0.010002,0.069067,0.326186,0.299666,0.700334,0.124992,0.12398
5930,24,0.542946,0.0518,0.01,0.069067,0.326187,0.29964,0.70036,0.121612,0.121684
5931,30,0.542799,0.051795,0.009999,0.06906,0.326347,0.299611,0.700389,0.118492,0.11873
5932,30,0.542534,0.051731,0.010817,0.068975,0.325944,0.299503,0.700497,0.115595,0.117836
5933,24,0.542701,0.051766,0.010124,0.069022,0.326386,0.299478,0.700522,0.121494,0.121481
5934,30,0.542562,0.051753,0.010378,0.069004,0.326302,0.299417,0.700583,0.119487,0.120134
5935,30,0.543117,0.051733,0.009996,0.068978,0.326176,0.299321,0.700679,0.097409,0.09801
5936,30,0.542905,0.051737,0.010001,0.068983,0.326375,0.299431,0.700569,0.122029,0.11747
5937,24,0.542788,0.051725,0.009998,0.068967,0.326521,0.299481,0.700519,0.111479,0.10821
5938,30,0.543078,0.051642,0.010432,0.068855,0.325992,0.299137,0.700863,0.099138,0.107579
5939,30,0.543619,0.051629,0.009998,0.068839,0.325915,0.299073,0.700927,0.091864,0.09097
5940,30,0.543514,0.051619,0.009998,0.068826,0.326043,0.298984,0.701016,0.116506,0.117985
5941,24,0.543513,0.051619,0.01,0.068826,0.326043,0.298959,0.701041,0.121657,0.121715
5942,30,0.543547,0.051577,0.009992,0.068769,0.326115,0.298797,0.701203,0.104223,0.107852
5943,24,0.543543,0.051576,0.01,0.068768,0.326113,0.298771,0.701229,0.121628,0.121695
5944,24,0.543543,0.051576,0.01,0.068768,0.326113,0.298745,0.701255,0.129912,0.129992
5945,24,0.543331,0.051575,0.01,0.068767,0.326327,0.29872,0.70128,0.12149,0.121479
5946,30,0.543336,0.051536,0.009992,0.068715,0.32642,0.298563,0.701437,0.105595,0.109253
5947,30,0.542835,0.051489,0.010906,0.068651,0.326119,0.298542,0.701458,0.126101,0.126167
5948,24,0.543548,0.051496,0.010125,0.068662,0.326169,0.298448,0.701552,0.107679,0.109271
5949,30,0.543922,0.051468,0.009995,0.068624,0.325991,0.298314,0.701686,0.094011,0.095409
5950,24,0.54392,0.051468,0.01,0.068624,0.325988,0.298354,0.701646,0.123284,0.121361
5951,24,0.543803,0.051456,0.009998,0.068609,0.326134,0.29836,0.70164,0.119807,0.118872
5952,24,0.543755,0.051462,0.010001,0.068615,0.326167,0.298423,0.701577,0.131606,0.128125
5953,24,0.543924,0.051418,0.009992,0.068557,0.326109,0.298294,0.701706,0.104147,0.106748
5954,24,0.543801,0.051406,0.009998,0.068542,0.326254,0.298234,0.701766,0.118147,0.119204
5955,30,0.54386,0.05138,0.009995,0.068506,0.32626,0.298085,0.701915,0.115631,0.118133
5956,24,0.54374,0.051368,0.009998,0.06849,0.326404,0.298091,0.701909,0.119803,0.118867
5957,24,0.544216,0.051314,0.00999,0.068419,0.326062,0.297832,0.702168,0.093696,0.09972
5958,30,0.544048,0.05131,0.009999,0.068414,0.326229,0.297794,0.702206,0.130738,0.130235
5959,30,0.543862,0.051331,0.010004,0.068441,0.326362,0.297965,0.702035,0.121431,0.114923
5960,24,0.543628,0.051309,0.009996,0.068411,0.326657,0.297937,0.702063,0.116309,0.116378
5961,24,0.543625,0.051308,0.01,0.068411,0.326655,0.297911,0.702089,0.121612,0.121679
5962,30,0.54361,0.051307,0.010027,0.068409,0.326646,0.297851,0.702149,0.119498,0.120134
5963,24,0.543627,0.051308,0.01,0.068411,0.326654,0.297891,0.702109,0.123296,0.12137
5964,24,0.543508,0.051297,0.009998,0.068396,0.326801,0.297831,0.702169,0.126413,0.127481
5965,24,0.543176,0.051285,0.009998,0.06838,0.327162,0.297772,0.702228,0.126317,0.127297
5966,24,0.543081,0.051295,0.010002,0.068394,0.327228,0.297781,0.702219,0.124984,0.123972
5967,24,0.543147,0.051288,0.009999,0.068384,0.327182,0.297704,0.702296,0.119639,0.120111
5968,30,0.543147,0.051288,0.01,0.068384,0.327182,0.297778,0.702222,0.112943,0.109577
5969,30,0.543154,0.051287,0.01,0.068383,0.327176,0.297858,0.702142,0.125618,0.122
5970,30,0.543161,0.051286,0.01,0.068382,0.327171,0.297882,0.702118,0.125618,0.12431
5971,24,0.543161,0.051286,0.01,0.068382,0.327171,0.297924,0.702076,0.123641,0.121685
5972,24,0.543354,0.051264,0.009996,0.068353,0.327033,0.2978,0.7022,0.109425,0.111916
5973,24,0.543259,0.051275,0.010002,0.068366,0.327098,0.297809,0.702191,0.124996,0.123979
5974,24,0.54326,0.051275,0.01,0.068366,0.327099,0.297783,0.702217,0.129895,0.129976
5975,24,0.543094,0.051269,0.009999,0.068358,0.32728,0.297867,0.702133,0.119816,0.115852
5976,30,0.542738,0.051209,0.010878,0.068279,0.326897,0.297892,0.702108,0.115173,0.112446
5977,24,0.542453,0.051201,0.01101,0.068268,0.327068,0.297867,0.702133,0.129748,0.129755
5978,30,0.542458,0.051202,0.011001,0.068269,0.327071,0.297795,0.702205,0.129475,0.130452
5979,30,0.54301,0.051201,0.010267,0.068268,0.327255,0.297793,0.702207,0.109096,0.107462
5980,30,0.543356,0.05119,0.01001,0.068254,0.32719,0.297797,0.702203,0.108019,0.106273
5981,30,0.543449,0.05116,0.009994,0.068213,0.327185,0.297692,0.702308,0.111048,0.11324
5982,30,0.543453,0.051159,0.01,0.068211,0.327178,0.297716,0.702284,0.125618,0.124309
5983,24,0.543452,0.051159,0.01,0.068211,0.327178,0.297759,0.702241,0.12374,0.121758
5984,30,0.543631,0.051139,0.009996,0.068185,0.32705,0.297585,0.702415,0.112687,0.115268
5985,24,0.543536,0.051149,0.010002,0.068198,0.327115,0.297594,0.702406,0.133305,0.132299
5986,24,0.543537,0.051149,0.01,0.068199,0.327116,0.297637,0.702363,0.123683,0.121718
5987,30,0.543722,0.051128,0.009996,0.068171,0.326983,0.29753,0.70247,0.109016,0.111212
5988,24,0.543722,0.051128,0.01,0.06817,0.326981,0.29757,0.70243,0.123296,0.12137
5989,24,0.543509,0.051127,0.01,0.068169,0.327195,0.297545,0.702455,0.121503,0.121482
5990,30,0.543466,0.051132,0.010001,0.068176,0.327226,0.297507,0.702493,0.121566,0.121532
5991,30,0.54328,0.051114,0.009997,0.068153,0.327456,0.297455,0.702545,0.117675,0.118555
5992,24,0.543066,0.051113,0.01,0.068151,0.327669,0.297431,0.702569,0.121498,0.121486
5993,24,0.543068,0.051113,0.01,0.068151,0.327668,0.297511,0.702489,0.114973,0.110994
5994,30,0.543093,0.05109,0.010182,0.068119,0.327516,0.297416,0.702584,0.115228,0.116707
5995,30,0.543207,0.051076,0.009997,0.068101,0.327619,0.29741,0.70259,0.111237,0.10979
5996,30,0.542964,0.051091,0.010107,0.068121,0.327717,0.297482,0.702518,0.13469,0.131839
5997,30,0.542836,0.051117,0.010005,0.068156,0.327885,0.29752,0.70248,0.128067,0.125541
5998,30,0.542822,0.051116,0.010032,0.068154,0.327876,0.297548,0.702452,0.126145,0.124736
5999,30,0.542839,0.051117,0.01,0.068157,0.327887,0.297528,0.702472,0.119545,0.119584
6000,30,0.542468,0.051121,0.010001,0.068161,0.32825,0.297508,0.702492,0.136174,0.135956
6001,24,0.542468,0.051121,0.01,0.068161,0.32825,0.297551,0.702449,0.123695,0.121725
6002,24,0.542662,0.051099,0.009996,0.068132,0.328111,0.297426,0.702574,0.117701,0.120198
6003,24,0.542447,0.051098,0.01,0.068131,0.328324,0.297401,0.702599,0.121494,0.121482
6004,30,0.542262,0.051081,0.009997,0.068108,0.328554,0.297349,0.702651,0.117668,0.118558
6005,30,0.542224,0.051044,0.010352,0.068059,0.32832,0.297258,0.702742,0.119802,0.121025
6006,24,0.542214,0.051043,0.010152,0.068058,0.328533,0.297198,0.702802,0.118089,0.119152
6007,24,0.542489,0.05103,0.009997,0.06804,0.328444,0.297048,0.702952,0.109338,0.111327
6008,30,0.542623,0.051014,0.009997,0.068019,0.328346,0.297066,0.702934,0.114736,0.112861
6009,30,0.542436,0.050997,0.009997,0.067996,0.328575,0.29693,0.70307,0.111008,0.113728
6010,30,0.542286,0.050992,0.009999,0.067989,0.328734,0.296851,0.703149,0.128509,0.12965
6011,30,0.542182,0.050982,0.009998,0.067976,0.328862,0.296878,0.703122,0.116537,0.11456
6012,30,0.542077,0.050972,0.009998,0.067963,0.32899,0.296789,0.703211,0.116505,0.117967
6013,24,0.542077,0.050972,0.01,0.067962,0.328988,0.296829,0.703171,0.123284,0.121374
6014,30,0.542085,0.050971,0.01,0.067961,0.328983,0.296881,0.703119,0.119016,0.116301
6015,24,0.542372,0.050939,0.009994,0.067919,0.328777,0.296857,0.703143,0.097676,0.096087
6016,30,0.542325,0.050944,0.010001,0.067925,0.328806,0.296953,0.703047,0.11493,0.110926
6017,30,0.542359,0.05094,0.009999,0.06792,0.328782,0.29684,0.70316,0.106615,0.108644
6018,24,0.542359,0.05094,0.01,0.06792,0.328782,0.296917,0.703083,0.115333,0.111629
6019,30,0.54248,0.050926,0.009997,0.067902,0.328695,0.296755,0.703245,0.11364,0.115849
6020,30,0.542331,0.050921,0.009999,0.067895,0.328854,0.296687,0.703313,0.118501,0.119319
6021,24,0.54262,0.050889,0.009994,0.067852,0.328646,0.296593,0.703407,0.107693,0.109268
6022,24,0.542497,0.050878,0.009998,0.067837,0.328791,0.296602,0.703398,0.120226,0.11924
6023,24,0.542498,0.050877,0.01,0.067836,0.328789,0.296642,0.703358,0.123296,0.121375
6024,30,0.542706,0.050854,0.009995,0.067806,0.328639,0.296525,0.703475,0.108055,0.110555
6025,24,0.542705,0.050854,0.01,0.067805,0.328637,0.296606,0.703394,0.114973,0.110991
6026,24,0.542586,0.050843,0.009998,0.06779,0.328784,0.296546,0.703454,0.126409,0.127469
6027,30,0.542547,0.050839,0.010069,0.067785,0.32876,0.296602,0.703398,0.119476,0.11667
6028,24,0.5425,0.050835,0.010154,0.067779,0.328732,0.296576,0.703424,0.121558,0.121636
6029,30,0.542323,0.05085,0.010003,0.0678,0.329024,0.296655,0.703345,0.134503,0.130182
6030,24,0.542276,0.050846,0.010088,0.067794,0.328995,0.296629,0.703371,0.121558,0.121636
6031,30,0.542137,0.050833,0.010343,0.067777,0.328911,0.296714,0.703286,0.119487,0.115751
6032,24,0.541794,0.0508,0.010969,0.067734,0.328703,0.296638,0.703362,0.12153,0.122347
6033,30,0.541838,0.050813,0.010811,0.067751,0.328787,0.296627,0.703373,0.138157,0.137882
6034,24,0.542415,0.050839,0.010005,0.067786,0.328955,0.296512,0.703488,0.118944,0.121236
6035,24,0.542301,0.050828,0.009998,0.067771,0.329102,0.296518,0.703482,0.119794,0.118865
6036,24,0.542206,0.050839,0.010002,0.067785,0.329169,0.296528,0.703472,0.124992,0.12398
6037,24,0.542113,0.050849,0.010002,0.067799,0.329237,0.296537,0.703463,0.1333,0.132296
6038,30,0.542018,0.050839,0.009998,0.067785,0.329361,0.29656,0.70344,0.115952,0.114084
6039,30,0.542138,0.050825,0.009997,0.067767,0.329273,0.29641,0.70359,0.103734,0.105583
6040,24,0.541899,0.050803,0.009996,0.067737,0.329565,0.296385,0.703615,0.116719,0.11672
6041,30,0.541941,0.050798,0.009999,0.06773,0.329532,0.29635,0.70365,0.115589,0.115521
6042,30,0.541449,0.050751,0.010898,0.067669,0.329233,0.296278,0.703722,0.129412,0.130394
6043,24,0.541164,0.050744,0.01103,0.067659,0.329403,0.296253,0.703747,0.129735,0.129745
6044,30,0.541174,0.050738,0.011073,0.067651,0.329364,0.296221,0.703779,0.124802,0.125133
6045,30,0.54153,0.050763,0.010498,0.067684,0.329525,0.296273,0.703727,0.12235,0.119496
6046,30,0.541614,0.050809,0.010009,0.067745,0.329823,0.296345,0.703655,0.128062,0.125209
6047,24,0.541619,0.050809,0.01,0.067746,0.329826,0.29632,0.70368,0.12164,0.121696
6048,24,0.541619,0.050809,0.01,0.067746,0.329826,0.296295,0.703705,0.12164,0.121696
6049,24,0.541763,0.050783,0.010086,0.067711,0.329657,0.29617,0.70383,0.10933,0.111821
6050,24,0.541716,0.050798,0.010003,0.06773,0.329753,0.296179,0.703821,0.133284,0.132293
6051,30,0.542004,0.050766,0.009994,0.067688,0.329548,0.29611,0.70389,0.09461,0.094173
6052,30,0.542038,0.050741,0.009995,0.067654,0.329573,0.295982,0.704018,0.106976,0.109846
6053,30,0.542078,0.050736,0.009999,0.067647,0.32954,0.295948,0.704052,0.115596,0.115517
6054,24,0.541866,0.050735,0.01,0.067646,0.329753,0.295923,0.704077,0.129798,0.12978
6055,24,0.541747,0.050724,0.009998,0.067631,0.3299,0.295863,0.704137,0.126421,0.127476
6056,24,0.541627,0.050712,0.009998,0.067617,0.330046,0.295803,0.704197,0.118109,0.119159
6057,30,0.541365,0.05072,0.010001,0.067627,0.330287,0.295922,0.704078,0.124511,0.119052
6058,24,0.541515,0.050701,0.010015,0.067602,0.330166,0.295804,0.704196,0.116244,0.118087
6059,24,0.541441,0.050666,0.010181,0.067555,0.330156,0.295654,0.704346,0.115346,0.118642
6060,30,0.541436,0.050668,0.01,0.067557,0.330339,0.295653,0.704347,0.122374,0.121687
6061,24,0.54139,0.050663,0.010085,0.067551,0.330311,0.295745,0.704255,0.11325,0.109114
6062,30,0.541251,0.05065,0.009997,0.067534,0.330568,0.295743,0.704257,0.104392,0.103134
6063,30,0.540958,0.050594,0.010448,0.067458,0.330542,0.295551,0.704449,0.118042,0.122714
6064,30,0.541096,0.050607,0.010003,0.067476,0.330818,0.295451,0.704549,0.126481,0.128273
6065,24,0.541292,0.050586,0.009996,0.067447,0.330679,0.295327,0.704673,0.117717,0.12019
6066,30,0.541226,0.050592,0.010001,0.067456,0.330724,0.295577,0.704423,0.123303,0.113917
6067,30,0.541272,0.05055,0.009992,0.0674,0.330787,0.295393,0.704607,0.115115,0.119302
6068,24,0.541658,0.050506,0.009991,0.067342,0.330502,0.295166,0.704834,0.101847,0.106191
6069,24,0.541441,0.050505,0.01,0.06734,0.330714,0.295142,0.704858,0.121469,0.121454
6070,30,0.541307,0.050493,0.010246,0.067323,0.330631,0.29511,0.70489,0.136138,0.136521
6071,24,0.541634,0.050484,0.009998,0.067312,0.330573,0.294986,0.705014,0.109373,0.111839
6072,30,0.54141,0.050476,0.010292,0.067301,0.330521,0.295186,0.704814,0.129916,0.122033
6073,24,0.54157,0.05049,0.010003,0.06732,0.330617,0.295267,0.704733,0.114973,0.111003
6074,30,0.541705,0.050455,0.009993,0.067273,0.330575,0.295156,0.704844,0.110111,0.112424
6075,30,0.541785,0.050445,0.009998,0.06726,0.330512,0.295084,0.704916,0.117278,0.11807
6076,24,0.541572,0.050444,0.01,0.067259,0.330725,0.295059,0.704941,0.12979,0.129778
6077,24,0.541861,0.050412,0.009994,0.067216,0.330516,0.294966,0.705034,0.107734,0.10928
6078,30,0.541835,0.05041,0.010042,0.067213,0.3305,0.294995,0.705005,0.126144,0.124745
6079,30,0.541732,0.050405,0.009999,0.067206,0.330658,0.295165,0.704835,0.110851,0.104148
6080,30,0.541743,0.05039,0.01012,0.067187,0.330561,0.295161,0.704839,0.122748,0.122287
6081,30,0.541394,0.050348,0.010837,0.067131,0.330289,0.295114,0.704886,0.132102,0.132408
6082,30,0.541438,0.050357,0.010717,0.067143,0.330345,0.295187,0.704813,0.120526,0.116582
6083,24,0.541697,0.0504,0.010074,0.0672,0.330628,0.295197,0.704803,0.133296,0.132297
6084,30,0.541217,0.050356,0.010951,0.067141,0.330335,0.295165,0.704835,0.136081,0.136483
6085,24,0.541733,0.050403,0.01001,0.067205,0.33065,0.29514,0.70486,0.121644,0.121692
6086,30,0.541629,0.050416,0.010002,0.067221,0.330731,0.295181,0.704819,0.124814,0.122864
6087,24,0.542016,0.050374,0.009992,0.067165,0.330454,0.295047,0.704953,0.103424,0.106163
6088,24,0.542149,0.050358,0.009997,0.067144,0.330352,0.294932,0.705068,0.110611,0.112879
6089,24,0.542148,0.050358,0.01,0.067144,0.330351,0.295009,0.704991,0.115347,0.111654
6090,30,0.542104,0.050363,0.010001,0.06715,0.330382,0.294999,0.705001,0.138159,0.137888
6091,30,0.54264,0.050304,0.009988,0.067072,0.329996,0.294814,0.705186,0.089215,0.092699
6092,24,0.542865,0.050278,0.009995,0.067037,0.329825,0.294782,0.705218,0.100931,0.099743
6093,24,0.542864,0.050277,0.01,0.067036,0.329823,0.294823,0.705177,0.123296,0.121383
6094,30,0.542752,0.050269,0.009998,0.067025,0.329957,0.294853,0.705147,0.115503,0.113216
6095,30,0.542603,0.050264,0.009999,0.067018,0.330116,0.294786,0.705214,0.118484,0.119283
6096,30,0.54281,0.050241,0.009995,0.066988,0.329966,0.294719,0.705281,0.114679,0.115717
6097,24,0.542714,0.050251,0.010002,0.067001,0.330032,0.294729,0.705271,0.133288,0.132293
6098,24,0.542503,0.05025,0.01,0.067,0.330247,0.294704,0.705296,0.129782,0.129773
6099,30,0.542666,0.050232,0.009996,0.066976,0.330129,0.294804,0.705196,0.109047,0.104299
6100,30,0.542621,0.050237,0.010001,0.066983,0.330159,0.294766,0.705234,0.121532,0.121495
6101,30,0.542436,0.05022,0.009997,0.06696,0.330388,0.294665,0.705335,0.110995,0.113319
6102,24,0.542315,0.050209,0.009998,0.066945,0.330534,0.294605,0.705395,0.1264,0.127455
6103,30,0.542129,0.050191,0.009997,0.066922,0.330762,0.294585,0.705415,0.111032,0.110299
6104,30,0.542377,0.050106,0.010509,0.066808,0.3302,0.294339,0.705661,0.089188,0.094769
6105,24,0.542034,0.050074,0.011135,0.066766,0.329991,0.294313,0.705687,0.129843,0.129938
6106,30,0.541534,0.050028,0.012047,0.066704,0.329687,0.294292,0.705708,0.126091,0.126159
6107,24,0.541835,0.050043,0.011616,0.066724,0.329783,0.294216,0.705784,0.119651,0.120086
6108,30,0.541896,0.049945,0.012431,0.066593,0.329135,0.293876,0.706124,0.099594,0.107862
6109,24,0.542495,0.049942,0.011858,0.066589,0.329116,0.293783,0.706217,0.107663,0.109214
6110,24,0.542947,0.049944,0.011384,0.066592,0.329133,0.293659,0.706341,0.117704,0.120156
6111,30,0.543154,0.049962,0.011019,0.066616,0.329249,0.293684,0.706316,0.125629,0.12432
6112,24,0.543415,0.050005,0.010376,0.066673,0.329531,0.293694,0.706306,0.124996,0.123983
6113,30,0.542914,0.049958,0.011289,0.066611,0.329227,0.29385,0.70615,0.126101,0.119696
6114,24,0.543164,0.049982,0.010833,0.066642,0.329379,0.293928,0.706072,0.115361,0.111664
6115,30,0.543623,0.049916,0.010957,0.066555,0.328949,0.293598,0.706402,0.089178,0.097084
6116,30,0.544144,0.049964,0.01001,0.066619,0.329264,0.293673,0.706327,0.11295,0.109609
6117,24,0.543818,0.049953,0.009998,0.066604,0.329628,0.293615,0.706385,0.1263,0.127256
6118,30,0.543919,0.049921,0.009994,0.066561,0.329606,0.293668,0.706332,0.104993,0.101764
6119,24,0.543822,0.04993,0.010002,0.066574,0.329672,0.293678,0.706322,0.124996,0.123987
6120,24,0.543706,0.049919,0.009998,0.066559,0.329818,0.293685,0.706315,0.119794,0.118864
6121,24,0.543705,0.049919,0.01,0.066559,0.329817,0.29366,0.70634,0.121587,0.121648
6122,30,0.543592,0.049894,0.009995,0.066526,0.329993,0.293649,0.706351,0.106587,0.105358
6123,24,0.543377,0.049893,0.01,0.066524,0.330206,0.293625,0.706375,0.121494,0.12146
6124,30,0.543562,0.049873,0.009996,0.066497,0.330072,0.293519,0.706481,0.115671,0.117826
6125,30,0.54357,0.049848,0.01021,0.066464,0.329907,0.293425,0.706575,0.115204,0.116652
6126,24,0.543972,0.049827,0.009996,0.066436,0.329768,0.293332,0.706668,0.107706,0.10924
6127,24,0.543972,0.049827,0.01,0.066436,0.329766,0.293414,0.706586,0.114973,0.111023
6128,30,0.543945,0.049824,0.010048,0.066433,0.32975,0.293443,0.706557,0.126144,0.124747
6129,30,0.543867,0.049817,0.009999,0.066423,0.329894,0.293355,0.706645,0.116505,0.117936
6130,30,0.543865,0.049817,0.01,0.066423,0.329895,0.293329,0.706671,0.116611,0.116361
6131,24,0.543818,0.049822,0.010001,0.06643,0.329929,0.293619,0.706381,0.114987,0.104309
6132,30,0.543944,0.049809,0.009997,0.066412,0.329838,0.293473,0.706527,0.109725,0.112646
6133,24,0.543943,0.049809,0.01,0.066412,0.329837,0.293448,0.706552,0.121612,0.121668
6134,24,0.543706,0.049787,0.009996,0.066382,0.330129,0.293421,0.706579,0.116291,0.11634
6135,30,0.543748,0.049782,0.009999,0.066376,0.330096,0.293387,0.706613,0.115587,0.115503
6136,24,0.543747,0.049782,0.01,0.066376,0.330096,0.293431,0.706569,0.12374,0.121776
6137,30,0.543732,0.04978,0.010028,0.066374,0.330087,0.293372,0.706628,0.119498,0.120106
6138,24,0.543535,0.049781,0.01,0.066375,0.33031,0.293348,0.706652,0.121489,0.121463
6139,24,0.543766,0.049756,0.009995,0.066341,0.330142,0.293264,0.706736,0.10887,0.110235
6140,30,0.543578,0.049738,0.009997,0.066318,0.330369,0.293245,0.706755,0.111025,0.110287
6141,24,0.543576,0.049738,0.01,0.066318,0.330368,0.293219,0.706781,0.129895,0.129965
6142,30,0.543315,0.049746,0.010002,0.066328,0.33061,0.293473,0.706527,0.117881,0.108525
6143,30,0.54313,0.049729,0.009997,0.066305,0.330839,0.293454,0.706546,0.111046,0.110301
6144,30,0.542943,0.049712,0.009997,0.066282,0.331067,0.293402,0.706598,0.117648,0.118515
6145,30,0.542712,0.049699,0.009997,0.066266,0.331326,0.293288,0.706712,0.113001,0.115019
6146,24,0.542711,0.049699,0.01,0.066265,0.331325,0.293263,0.706737,0.129924,0.129984
6147,30,0.542795,0.04969,0.009998,0.066253,0.331264,0.293191,0.706809,0.117276,0.118057
6148,24,0.542628,0.049693,0.010133,0.066258,0.331287,0.2932,0.7068,0.133247,0.132264
6149,30,0.542128,0.049648,0.011046,0.066197,0.330982,0.293179,0.706821,0.126101,0.126156
6150,30,0.541869,0.049624,0.011326,0.066165,0.331016,0.293129,0.706871,0.123098,0.123988
6151,24,0.54239,0.049672,0.010376,0.066229,0.331334,0.293173,0.706827,0.123706,0.121751
6152,30,0.542586,0.049691,0.010004,0.066255,0.331464,0.2932,0.7068,0.12518,0.123708
6153,30,0.542447,0.049678,0.010258,0.066238,0.331379,0.29318,0.70682,0.119487,0.119529
6154,30,0.542483,0.049682,0.010001,0.066242,0.331593,0.293208,0.706792,0.11653,0.114565
6155,24,0.54214,0.04965,0.010627,0.0662,0.331383,0.293182,0.706818,0.129853,0.129935
6156,24,0.542266,0.049604,0.010913,0.066139,0.331077,0.292992,0.707008,0.105921,0.109236
6157,30,0.542363,0.049651,0.010401,0.066201,0.331384,0.293031,0.706969,0.128063,0.125552
6158,24,0.542583,0.04967,0.010004,0.066227,0.331516,0.293113,0.706887,0.114973,0.11102
6159,30,0.54255,0.049621,0.010136,0.066162,0.331531,0.292905,0.707095,0.105122,0.110198
6160,30,0.542809,0.049608,0.009997,0.066144,0.331442,0.2928,0.7072,0.109046,0.111181
6161,24,0.542761,0.049613,0.010001,0.066151,0.331475,0.292928,0.707072,0.123308,0.118024
6162,30,0.542501,0.04962,0.010002,0.066161,0.331717,0.293182,0.706818,0.117881,0.108536
6163,30,0.542509,0.04962,0.01,0.06616,0.331712,0.293235,0.706765,0.119016,0.116317
6164,30,0.542213,0.049597,0.010502,0.066129,0.33156,0.293403,0.706597,0.127146,0.120366
6165,24,0.542154,0.04961,0.010003,0.066147,0.332086,0.293345,0.706655,0.11797,0.118927
6166,24,0.542155,0.04961,0.01,0.066147,0.332087,0.293388,0.706612,0.12367,0.121723
6167,24,0.542348,0.049589,0.009996,0.066119,0.331947,0.293264,0.706736,0.117692,0.120132
6168,30,0.542345,0.049552,0.009993,0.06607,0.33204,0.293064,0.706936,0.099507,0.10442
6169,30,0.542155,0.049572,0.010004,0.066096,0.332172,0.293236,0.706764,0.121417,0.114987
6170,24,0.542159,0.049572,0.01,0.066096,0.332173,0.293277,0.706723,0.123296,0.121388
6171,24,0.542446,0.049541,0.009994,0.066055,0.331964,0.293088,0.706912,0.105989,0.109283
6172,24,0.542445,0.04954,0.01,0.066054,0.331961,0.293129,0.706871,0.123296,0.1214
6173,24,0.542351,0.049551,0.010002,0.066068,0.332029,0.293139,0.706861,0.133288,0.132297
6174,30,0.542352,0.049551,0.01,0.066068,0.33203,0.293214,0.706786,0.112874,0.109557
6175,24,0.542354,0.049551,0.01,0.066067,0.332028,0.293255,0.706745,0.123284,0.121381
6176,24,0.542354,0.049551,0.01,0.066067,0.332028,0.29323,0.70677,0.121612,0.121668
6177,24,0.542355,0.04955,0.01,0.066067,0.332027,0.293312,0.706688,0.114959,0.111008
6178,30,0.542438,0.049521,0.009994,0.066028,0.33202,0.293211,0.706789,0.11266,0.114453
6179,30,0.542309,0.049513,0.009998,0.066018,0.332162,0.293209,0.706791,0.127474,0.125861
6180,24,0.542308,0.049513,0.01,0.066018,0.332161,0.293252,0.706748,0.123683,0.121739
6181,30,0.542264,0.049518,0.010001,0.066024,0.332193,0.293253,0.706747,0.121532,0.120917
6182,24,0.542218,0.049523,0.010001,0.066031,0.332227,0.293318,0.706682,0.131604,0.128159
6183,30,0.542033,0.049506,0.009997,0.066008,0.332456,0.293206,0.706794,0.127608,0.130258
6184,24,0.542033,0.049506,0.01,0.066008,0.332453,0.293247,0.706753,0.123284,0.121389
6185,24,0.541821,0.049505,0.01,0.066007,0.332667,0.293223,0.706777,0.121481,0.12145
6186,30,0.542007,0.049485,0.009996,0.06598,0.332532,0.293118,0.706882,0.115723,0.117862
6187,24,0.541886,0.049474,0.009998,0.065965,0.332677,0.293059,0.706941,0.1181,0.119138
6188,24,0.542046,0.049456,0.009996,0.065942,0.332559,0.293098,0.706902,0.109642,0.106729
6189,24,0.542238,0.049435,0.009996,0.065914,0.332417,0.292975,0.707025,0.109441,0.111874
6190,30,0.542236,0.049435,0.01,0.065913,0.332416,0.29305,0.70695,0.112943,0.109612
6191,24,0.542117,0.049424,0.009998,0.065899,0.332562,0.29306,0.70694,0.120229,0.119246
6192,24,0.541998,0.049413,0.009998,0.065884,0.332707,0.293001,0.706999,0.118117,0.119147
6193,30,0.54224,0.049387,0.009995,0.065849,0.332529,0.292933,0.707067,0.098952,0.09867
6194,24,0.542524,0.049356,0.009994,0.065808,0.332319,0.292744,0.707256,0.105998,0.109287
6195,24,0.542455,0.049349,0.010126,0.065798,0.332272,0.292713,0.707287,0.129057,0.129225
6196,24,0.542542,0.049329,0.009996,0.065772,0.33236,0.292565,0.707435,0.107133,0.11035
6197,30,0.542298,0.049344,0.010106,0.065792,0.332459,0.292638,0.707362,0.134683,0.13187
6198,30,0.542252,0.04934,0.009999,0.065787,0.332623,0.292667,0.707333,0.116541,0.114567
6199,30,0.542251,0.04934,0.01,0.065786,0.332622,0.292724,0.707276,0.119542,0.116739
6200,30,0.541923,0.049285,0.010828,0.065713,0.332251,0.292619,0.707381,0.125156,0.126936
6201,24,0.542032,0.049295,0.01063,0.065726,0.332317,0.292594,0.707406,0.129893,0.129966
6202,24,0.542161,0.049325,0.010006,0.065767,0.332741,0.29257,0.70743,0.121481,0.121461
6203,30,0.542061,0.049316,0.009998,0.065754,0.332871,0.292616,0.707384,0.10988,0.107403
6204,30,0.542246,0.049296,0.009996,0.065728,0.332735,0.292511,0.707489,0.115701,0.117838
6205,30,0.5422,0.0493,0.010001,0.065734,0.332765,0.292513,0.707487,0.121532,0.120921
6206,24,0.541702,0.049255,0.01091,0.065673,0.332459,0.292601,0.707399,0.121516,0.116884
6207,30,0.541728,0.049257,0.010522,0.065676,0.332817,0.292466,0.707534,0.110987,0.113659
6208,30,0.54149,0.049236,0.010765,0.065647,0.332862,0.292405,0.707595,0.133075,0.134288
6209,30,0.541799,0.049217,0.010629,0.065622,0.332734,0.292323,0.707677,0.113101,0.114561
6210,24,0.542277,0.049233,0.010003,0.065644,0.332843,0.292209,0.707791,0.110623,0.112863
6211,30,0.542138,0.04922,0.010258,0.065627,0.332758,0.29215,0.70785,0.119487,0.120094
6212,24,0.542278,0.049233,0.010003,0.065644,0.332843,0.292125,0.707875,0.129924,0.129981
6213,30,0.54205,0.049221,0.009998,0.065628,0.333104,0.292,0.708,0.122976,0.125317
6214,24,0.542051,0.04922,0.01,0.065627,0.333102,0.292082,0.707918,0.114973,0.111027
6215,24,0.541957,0.049231,0.010002,0.065641,0.33317,0.292092,0.707908,0.12498,0.123978
6216,24,0.541614,0.049199,0.010628,0.065599,0.332959,0.29218,0.70782,0.12153,0.1169
6217,24,0.541723,0.049209,0.01043,0.065612,0.333026,0.292273,0.707727,0.113262,0.109153
6218,24,0.541956,0.04923,0.010004,0.065641,0.333169,0.292317,0.707683,0.123712,0.121761
6219,30,0.541817,0.049218,0.010259,0.065624,0.333083,0.292297,0.707703,0.119487,0.119528
6220,30,0.541771,0.049214,0.009999,0.065618,0.333397,0.292303,0.707697,0.117628,0.116137
6221,30,0.541398,0.049152,0.010938,0.065536,0.332978,0.292192,0.707808,0.126535,0.128886
6222,30,0.541821,0.049189,0.010177,0.065585,0.333228,0.292245,0.707755,0.118995,0.116303
6223,24,0.5418,0.049186,0.01,0.065582,0.333432,0.292252,0.707748,0.119781,0.118855
6224,30,0.541661,0.049174,0.010254,0.065565,0.333346,0.292338,0.707662,0.119487,0.115789
6225,24,0.5418,0.049186,0.010003,0.065581,0.33343,0.292379,0.707621,0.123296,0.121392
6226,24,0.541755,0.049191,0.010001,0.065588,0.333464,0.292489,0.707511,0.123277,0.117915
6227,24,0.541662,0.049201,0.010002,0.065602,0.333533,0.292499,0.707501,0.133296,0.132307
6228,30,0.541529,0.049189,0.010244,0.065586,0.333452,0.292479,0.707521,0.119487,0.119528
6229,24,0.541949,0.049171,0.009996,0.065561,0.333324,0.292416,0.707584,0.105962,0.105665
6230,24,0.541947,0.04917,0.01,0.06556,0.333322,0.292459,0.707541,0.123666,0.121725
6231,24,0.542117,0.049129,0.009992,0.065505,0.333258,0.292332,0.707668,0.104173,0.106682
6232,30,0.542095,0.049085,0.010407,0.065447,0.332965,0.292337,0.707663,0.11464,0.112911
6233,24,0.542796,0.049054,0.009994,0.065405,0.332751,0.292081,0.707919,0.093804,0.099665
6234,30,0.542636,0.04907,0.010003,0.065427,0.332863,0.292271,0.707729,0.127566,0.120653
6235,24,0.542639,0.04907,0.01,0.065427,0.332863,0.292312,0.707688,0.123296,0.121392
6236,30,0.542639,0.04907,0.01,0.065427,0.332863,0.292342,0.707658,0.126202,0.124794
6237,30,0.542618,0.049073,0.01,0.06543,0.332879,0.292416,0.707584,0.12053,0.116604
6238,30,0.542379,0.049051,0.010245,0.065401,0.332924,0.292355,0.707645,0.133076,0.134286
6239,30,0.542725,0.04904,0.009998,0.065387,0.33285,0.292401,0.707599,0.113095,0.109973
6240,30,0.542577,0.049035,0.009999,0.06538,0.333009,0.292334,0.707666,0.118467,0.119256
6241,30,0.542379,0.049036,0.01,0.065381,0.333204,0.292466,0.707534,0.137385,0.13166
6242,24,0.542379,0.049036,0.01,0.065381,0.333204,0.292442,0.707558,0.121657,0.121698
6243,24,0.542286,0.049046,0.010002,0.065394,0.333272,0.292452,0.707548,0.1333,0.132301
6244,30,0.542294,0.049045,0.01,0.065394,0.333267,0.292477,0.707523,0.125619,0.124321
6245,30,0.542531,0.04902,0.009995,0.06536,0.333095,0.292396,0.707604,0.113158,0.114606
6246,30,0.542705,0.049001,0.009996,0.065334,0.332965,0.292323,0.707677,0.113641,0.114769
6247,24,0.542704,0.049,0.01,0.065334,0.332962,0.292405,0.707595,0.114973,0.111033
6248,30,0.542511,0.048984,0.009997,0.065312,0.333196,0.292388,0.707612,0.109984,0.108931
6249,30,0.542509,0.048984,0.01,0.065312,0.333194,0.292445,0.707555,0.119531,0.116738
6250,24,0.542318,0.048967,0.01013,0.065289,0.333296,0.292385,0.707615,0.126363,0.127411
6251,24,0.542389,0.048973,0.010001,0.065298,0.333339,0.292429,0.707571,0.123724,0.121768
6252,30,0.542418,0.04897,0.009999,0.065294,0.333318,0.292593,0.707407,0.124619,0.117967
6253,24,0.542484,0.048963,0.009999,0.065284,0.33327,0.292685,0.707315,0.111334,0.106888
6254,30,0.542464,0.048961,0.010034,0.065282,0.333258,0.292714,0.707286,0.126144,0.124749
6255,24,0.542364,0.048952,0.009998,0.06527,0.333416,0.292724,0.707276,0.120208,0.119232
6256,24,0.542244,0.048942,0.009998,0.065255,0.333561,0.292665,0.707335,0.118142,0.119162
6257,24,0.54215,0.048952,0.010002,0.065269,0.333628,0.292675,0.707325,0.12498,0.123979
6258,30,0.541407,0.048869,0.011498,0.065159,0.333067,0.29261,0.70739,0.132627,0.133972
6259,30,0.541866,0.048911,0.010659,0.065214,0.33335,0.292668,0.707332,0.11955,0.116747
6260,24,0.542224,0.048943,0.010007,0.065257,0.33357,0.292712,0.707288,0.123727,0.121778
6261,24,0.542015,0.048943,0.01,0.065257,0.333786,0.292688,0.707312,0.129785,0.129761
6262,24,0.542304,0.048912,0.009994,0.065216,0.333575,0.292595,0.707405,0.107687,0.109221
6263,24,0.542597,0.04888,0.009993,0.065173,0.333357,0.292577,0.707423,0.096908,0.094944
6264,24,0.542356,0.048858,0.009996,0.065144,0.333646,0.292484,0.707516,0.122918,0.124936
6265,24,0.542451,0.048847,0.009998,0.06513,0.333574,0.292528,0.707472,0.111139,0.108307
6266,30,0.542439,0.04883,0.009996,0.065106,0.333628,0.292629,0.707371,0.118143,0.113345
6267,30,0.542413,0.048827,0.010044,0.065103,0.333612,0.292714,0.707286,0.126144,0.122467
6268,24,0.542437,0.048829,0.01,0.065106,0.333627,0.292757,0.707243,0.123695,0.121745
6269,30,0.542341,0.048819,0.009998,0.065092,0.333749,0.292781,0.707219,0.115954,0.114089
6270,30,0.542404,0.0488,0.01011,0.065067,0.333618,0.292635,0.707365,0.109717,0.112632
6271,24,0.542251,0.048805,0.010001,0.065073,0.333869,0.292611,0.707389,0.121477,0.121448
6272,24,0.542133,0.048794,0.009998,0.065059,0.334015,0.292552,0.707448,0.118113,0.119142
6273,30,0.542166,0.048791,0.009999,0.065054,0.33399,0.292419,0.707581,0.106638,0.108307
6274,30,0.542403,0.048765,0.009995,0.06502,0.333817,0.292338,0.707662,0.113172,0.114616
6275,30,0.541922,0.048722,0.010872,0.064963,0.333521,0.292306,0.707694,0.136081,0.136468
6276,24,0.542182,0.048764,0.010229,0.065018,0.333807,0.292441,0.707559,0.116669,0.111187
6277,30,0.542174,0.048763,0.010244,0.065017,0.333802,0.292382,0.707618,0.119498,0.120102
6278,24,0.542212,0.048785,0.010004,0.065047,0.333952,0.292392,0.707608,0.124992,0.123984
6279,30,0.542222,0.048784,0.01,0.065046,0.333948,0.292445,0.707555,0.119003,0.116307
6280,30,0.542438,0.048759,0.01002,0.065012,0.333772,0.292318,0.707682,0.106997,0.109792
6281,24,0.542449,0.04876,0.01,0.065013,0.333778,0.292396,0.707604,0.115333,0.111663
6282,30,0.542405,0.048764,0.010001,0.065019,0.33381,0.292493,0.707507,0.114919,0.110955
6283,30,0.542941,0.048707,0.009988,0.064943,0.33342,0.292213,0.707787,0.089227,0.095646
6284,24,0.542937,0.048707,0.01,0.064942,0.333415,0.292254,0.707746,0.123284,0.121386
6285,24,0.54313,0.048686,0.009996,0.064915,0.333274,0.292132,0.707868,0.109459,0.111867
6286,24,0.543128,0.048686,0.01,0.064914,0.333272,0.292107,0.707893,0.129895,0.129961
6287,30,0.543096,0.048671,0.009997,0.064894,0.333343,0.292211,0.707789,0.118532,0.113671
6288,30,0.543094,0.04867,0.01,0.064894,0.333342,0.292269,0.707731,0.119599,0.116785
6289,30,0.543094,0.04867,0.01,0.064894,0.333342,0.292299,0.707701,0.126202,0.124793
6290,24,0.542977,0.04866,0.009998,0.064879,0.333486,0.292306,0.707694,0.119781,0.118855
6291,24,0.542978,0.048659,0.01,0.064879,0.333484,0.292347,0.707653,0.123296,0.121392
6292,24,0.542479,0.048615,0.010909,0.064819,0.333178,0.292435,0.707565,0.121516,0.116887
6293,30,0.54238,0.048606,0.010747,0.064808,0.333459,0.292334,0.707666,0.11097,0.113279
6294,30,0.542879,0.048631,0.01002,0.064841,0.33363,0.292207,0.707793,0.104224,0.106432
6295,30,0.542704,0.048651,0.010004,0.064868,0.333772,0.292235,0.707765,0.138047,0.135864
6296,24,0.543151,0.048604,0.00999,0.064806,0.333449,0.292156,0.707844,0.094423,0.094281
6297,30,0.543146,0.048604,0.01,0.064805,0.333445,0.292243,0.707757,0.119545,0.115833
6298,30,0.543146,0.048604,0.01,0.064805,0.333445,0.2923,0.7077,0.119487,0.116704
6299,30,0.542961,0.048587,0.009997,0.064783,0.333673,0.292414,0.707586,0.110971,0.105981
6300,30,0.542946,0.048586,0.010024,0.064781,0.333664,0.292355,0.707645,0.119498,0.120099
6301,24,0.54284,0.048576,0.009998,0.064768,0.333817,0.292295,0.707705,0.126379,0.127424
6302,30,0.542795,0.048581,0.010001,0.064774,0.333848,0.292247,0.707753,0.131535,0.131813
6303,30,0.542723,0.048529,0.010546,0.064706,0.333496,0.29212,0.70788,0.113616,0.116416
6304,24,0.542832,0.048539,0.010348,0.064719,0.333562,0.292095,0.707905,0.129893,0.129961
6305,30,0.542909,0.048548,0.010002,0.06473,0.333812,0.292125,0.707875,0.11548,0.113205
6306,24,0.542933,0.048512,0.010306,0.064683,0.333567,0.292001,0.707999,0.117641,0.120089
6307,30,0.5429,0.048464,0.010437,0.064619,0.33358,0.291897,0.708103,0.11506,0.116533
6308,24,0.542924,0.048429,0.01074,0.064572,0.333335,0.291773,0.708227,0.117643,0.120089
6309,30,0.543305,0.048467,0.010008,0.064622,0.333598,0.291981,0.708019,0.113921,0.106092
6310,24,0.543309,0.048467,0.01,0.064623,0.333601,0.292025,0.707975,0.12374,0.121794
6311,30,0.543345,0.048427,0.009992,0.06457,0.333667,0.291864,0.708136,0.104097,0.107642
6312,24,0.54332,0.048406,0.01021,0.064542,0.333522,0.291798,0.708202,0.125637,0.126874
6313,24,0.543317,0.048406,0.01,0.064541,0.333736,0.291805,0.708195,0.119781,0.118857
6314,30,0.543317,0.048406,0.01,0.064541,0.333736,0.291863,0.708137,0.119599,0.116793
6315,30,0.543553,0.048381,0.009995,0.064507,0.333564,0.291782,0.708218,0.113148,0.11459
6316,30,0.543579,0.048358,0.010177,0.064477,0.333409,0.291689,0.708311,0.115225,0.116653
6317,24,0.543558,0.048356,0.01,0.064474,0.333612,0.291742,0.708258,0.111444,0.108225
6318,24,0.543751,0.048335,0.009996,0.064447,0.333471,0.291619,0.708381,0.11769,0.120118
6319,24,0.544227,0.048285,0.009989,0.064379,0.33312,0.291363,0.708637,0.093738,0.099585
6320,30,0.544091,0.048272,0.010236,0.064363,0.333037,0.291332,0.708668,0.136138,0.136514
6321,30,0.544083,0.048272,0.010251,0.064362,0.333032,0.291274,0.708726,0.119498,0.1201
6322,30,0.54393,0.048258,0.010528,0.064344,0.332939,0.291349,0.708651,0.112819,0.109537
6323,30,0.544199,0.048246,0.010027,0.064328,0.333198,0.291149,0.708851,0.099447,0.104337
6324,24,0.544216,0.048247,0.01,0.06433,0.333206,0.29119,0.70881,0.123296,0.121397
6325,24,0.544216,0.048247,0.01,0.06433,0.333206,0.291165,0.708835,0.129949,0.129998
6326,24,0.544281,0.048241,0.009999,0.064321,0.333159,0.291091,0.708909,0.119636,0.120058
6327,30,0.544281,0.048241,0.01,0.064321,0.333158,0.291121,0.708879,0.126202,0.124797
6328,30,0.544332,0.048215,0.009995,0.064286,0.333172,0.291187,0.708813,0.110663,0.106917
6329,30,0.544286,0.048219,0.010001,0.064292,0.333202,0.291284,0.708716,0.114933,0.110978
6330,24,0.54424,0.048224,0.010001,0.064299,0.333236,0.291395,0.708605,0.123295,0.117949
6331,30,0.544375,0.04821,0.009997,0.06428,0.333138,0.291357,0.708643,0.102739,0.101802
6332,30,0.544609,0.048185,0.009995,0.064246,0.332965,0.291275,0.708725,0.113091,0.114549
6333,30,0.544628,0.048162,0.009995,0.064216,0.332999,0.29127,0.70873,0.112261,0.111124
6334,24,0.544413,0.048161,0.01,0.064215,0.333211,0.291246,0.708754,0.121485,0.121461
6335,30,0.544527,0.048147,0.01002,0.064195,0.333111,0.291362,0.708638,0.115211,0.10993
6336,24,0.544326,0.048147,0.01,0.064196,0.333331,0.291338,0.708662,0.121485,0.121461
6337,30,0.544631,0.048115,0.009993,0.064153,0.333109,0.29121,0.70879,0.094143,0.095406
6338,24,0.544629,0.048114,0.01,0.064152,0.333105,0.291251,0.708749,0.123296,0.121397
6339,30,0.544516,0.048106,0.009998,0.064141,0.333239,0.291282,0.708718,0.115481,0.113211
6340,30,0.544724,0.048065,0.010167,0.064087,0.332957,0.291136,0.708864,0.108328,0.110014
6341,30,0.545062,0.048047,0.009996,0.064063,0.332832,0.291036,0.708964,0.102943,0.104498
6342,30,0.544765,0.048051,0.010255,0.064068,0.33286,0.291187,0.708813,0.144177,0.138435
6343,24,0.544914,0.048034,0.010269,0.064045,0.332739,0.291071,0.708929,0.116223,0.118014
6344,24,0.544552,0.047983,0.011098,0.063977,0.332389,0.291004,0.708996,0.125588,0.12683
6345,30,0.544091,0.047942,0.011595,0.063923,0.332449,0.290903,0.709097,0.117583,0.119895
6346,24,0.544654,0.047955,0.010917,0.06394,0.332534,0.29078,0.70922,0.117726,0.120131
6347,30,0.545263,0.047968,0.010181,0.063958,0.332629,0.290665,0.709335,0.108046,0.110476
6348,30,0.545177,0.047997,0.010006,0.063996,0.332825,0.290694,0.709306,0.138057,0.135875
6349,24,0.545087,0.048007,0.010002,0.064009,0.332895,0.290705,0.709295,0.124988,0.12399
6350,30,0.544717,0.04801,0.010001,0.064013,0.333259,0.290686,0.709314,0.136158,0.135932
6351,24,0.544624,0.04802,0.010002,0.064026,0.333327,0.290655,0.709345,0.124985,0.124375
6352,24,0.544577,0.048016,0.010087,0.064021,0.333299,0.29063,0.70937,0.129866,0.129937
6353,24,0.544625,0.04802,0.010001,0.064027,0.333328,0.290605,0.709395,0.12992,0.129977
6354,30,0.544129,0.047976,0.010902,0.063968,0.333024,0.290585,0.709415,0.126101,0.126153
6355,24,0.543666,0.047935,0.011525,0.063914,0.33296,0.290525,0.709475,0.126328,0.127381
6356,30,0.544398,0.047967,0.010498,0.063956,0.333181,0.290363,0.709637,0.118979,0.122327
6357,24,0.544899,0.047967,0.01,0.063956,0.333179,0.290333,0.709667,0.100958,0.099734
6358,30,0.545195,0.047936,0.009993,0.063914,0.332962,0.290206,0.709794,0.094094,0.095266
6359,24,0.545029,0.047939,0.010128,0.063919,0.332985,0.290216,0.709784,0.133255,0.132268
6360,24,0.544981,0.047935,0.009999,0.063913,0.333173,0.290223,0.709777,0.119781,0.118857
6361,24,0.54498,0.047935,0.01,0.063913,0.333172,0.290267,0.709733,0.12374,0.121789
6362,24,0.544863,0.047924,0.009998,0.063898,0.333317,0.290274,0.709726,0.119768,0.118851
6363,24,0.544743,0.047913,0.009998,0.063884,0.333462,0.290215,0.709785,0.126408,0.127435
6364,24,0.544838,0.047903,0.009998,0.063871,0.333391,0.290149,0.709851,0.125705,0.126913
6365,24,0.545313,0.047853,0.00999,0.063804,0.333041,0.289893,0.710107,0.093742,0.099556
6366,30,0.545067,0.047848,0.010283,0.063797,0.333005,0.289983,0.710017,0.130932,0.127047
6367,30,0.54513,0.047871,0.010005,0.063828,0.333167,0.290153,0.709847,0.140458,0.133585
6368,30,0.545663,0.047815,0.009988,0.063754,0.332779,0.289909,0.710091,0.082518,0.087986
6369,24,0.545564,0.047824,0.010002,0.063766,0.332844,0.28992,0.71008,0.133309,0.13231
6370,24,0.545519,0.047829,0.010001,0.063773,0.332878,0.290031,0.709969,0.123297,0.117954
6371,30,0.545371,0.047825,0.009999,0.063766,0.333038,0.290004,0.709996,0.118475,0.118693
6372,30,0.54549,0.047812,0.009997,0.06375,0.332951,0.289847,0.710153,0.113707,0.11577
6373,24,0.54549,0.047812,0.01,0.063749,0.332949,0.289888,0.710112,0.123296,0.121402
6374,24,0.545507,0.047787,0.009995,0.063716,0.332995,0.289739,0.710261,0.115333,0.118547
6375,30,0.545011,0.047744,0.010895,0.063658,0.332692,0.289762,0.710238,0.129412,0.127026
6376,30,0.54511,0.047788,0.010383,0.063717,0.333001,0.289936,0.710064,0.121442,0.115065
6377,24,0.545606,0.047776,0.009998,0.063702,0.332918,0.289844,0.710156,0.107616,0.109144
6378,30,0.545908,0.047744,0.009993,0.063659,0.332696,0.289667,0.710333,0.100698,0.104311
6379,30,0.546391,0.047693,0.009989,0.06359,0.332337,0.28936,0.71064,0.09115,0.098265
6380,24,0.546292,0.047702,0.010002,0.063603,0.332401,0.289371,0.710629,0.125004,0.123996
6381,24,0.546484,0.047682,0.009996,0.063576,0.332262,0.289248,0.710752,0.109324,0.111721
6382,30,0.546384,0.047672,0.009998,0.063563,0.332383,0.289244,0.710756,0.122559,0.122098
6383,30,0.546693,0.047639,0.009993,0.063519,0.332156,0.289109,0.710891,0.099705,0.101586
6384,30,0.546928,0.047614,0.009995,0.063485,0.331979,0.288994,0.711006,0.096387,0.097475
6385,30,0.547163,0.047589,0.009995,0.063451,0.331802,0.288879,0.711121,0.096381,0.097465
6386,30,0.547394,0.047564,0.009995,0.063418,0.331629,0.288797,0.711203,0.113027,0.114472
6387,24,0.547344,0.047568,0.010001,0.063425,0.331662,0.288926,0.711074,0.123304,0.118071
6388,24,0.547345,0.047568,0.01,0.063425,0.331662,0.288853,0.711147,0.121572,0.122318
6389,24,0.547345,0.047568,0.01,0.063425,0.331662,0.288829,0.711171,0.121657,0.121699
6390,24,0.547133,0.047568,0.01,0.063424,0.331876,0.288806,0.711194,0.121497,0.121466
6391,30,0.546988,0.047547,0.009996,0.063396,0.332073,0.288694,0.711306,0.107135,0.109243
6392,30,0.546873,0.047539,0.009998,0.063385,0.332206,0.288726,0.711274,0.115486,0.113214
6393,30,0.547055,0.047519,0.009996,0.063359,0.33207,0.288621,0.711379,0.108986,0.111094
6394,24,0.547055,0.047519,0.01,0.063359,0.332068,0.288704,0.711296,0.114973,0.111054
6395,30,0.546986,0.04749,0.009994,0.06332,0.33221,0.288654,0.711346,0.105716,0.105475
6396,30,0.546796,0.047474,0.009997,0.063298,0.332436,0.28852,0.71148,0.111012,0.113609
6397,30,0.546423,0.047477,0.010001,0.063302,0.332798,0.288618,0.711382,0.1129,0.108573
6398,24,0.546519,0.047467,0.009998,0.063289,0.332727,0.288622,0.711378,0.119488,0.118701
6399,30,0.546506,0.047432,0.009993,0.063243,0.332826,0.288469,0.711531,0.105124,0.108462
6400,24,0.546502,0.047432,0.01,0.063242,0.332824,0.288548,0.711452,0.115347,0.111698
6401,24,0.546455,0.047428,0.010085,0.063237,0.332795,0.288523,0.711477,0.129866,0.129932
6402,30,0.546545,0.047427,0.01,0.063236,0.332792,0.288491,0.711509,0.115637,0.115514
6403,30,0.546791,0.047401,0.009995,0.063202,0.332611,0.288391,0.711609,0.102845,0.104399
6404,30,0.546784,0.047366,0.009993,0.063155,0.332703,0.288192,0.711808,0.099446,0.104272
6405,24,0.54678,0.047366,0.01,0.063154,0.332701,0.288167,0.711833,0.129895,0.129951
6406,24,0.546434,0.047336,0.010626,0.063114,0.33249,0.288142,0.711858,0.129853,0.129917
6407,24,0.546423,0.047335,0.010426,0.063113,0.332703,0.288083,0.711917,0.118074,0.119087
6408,30,0.54684,0.047336,0.01,0.063114,0.33271,0.287979,0.712021,0.115693,0.117779
6409,24,0.547005,0.047296,0.009992,0.063061,0.332647,0.287853,0.712147,0.104041,0.106521
6410,24,0.546883,0.047285,0.009998,0.063046,0.332789,0.287861,0.712139,0.119785,0.118858
6411,30,0.546536,0.047267,0.009996,0.063022,0.333179,0.287899,0.712101,0.128609,0.125885
6412,30,0.546516,0.047265,0.010032,0.06302,0.333167,0.287929,0.712071,0.126144,0.124763
6413,30,0.546836,0.047235,0.009994,0.06298,0.332955,0.287801,0.712199,0.093987,0.095231
6414,24,0.546714,0.047224,0.009998,0.062966,0.333098,0.287808,0.712192,0.119768,0.118851
6415,30,0.547141,0.04718,0.009991,0.062906,0.332783,0.287647,0.712353,0.089727,0.091769
6416,24,0.547136,0.047179,0.01,0.062905,0.33278,0.287623,0.712377,0.121612,0.121658
6417,24,0.547365,0.047155,0.009995,0.062874,0.332611,0.28754,0.71246,0.108838,0.11016
6418,24,0.547363,0.047155,0.01,0.062873,0.332609,0.287585,0.712415,0.123712,0.121783
6419,30,0.54789,0.0471,0.009988,0.0628,0.332221,0.287258,0.712742,0.082469,0.090155
6420,24,0.547671,0.047099,0.01,0.062798,0.332432,0.287235,0.712765,0.129806,0.129765
6421,30,0.547979,0.047041,0.010235,0.062721,0.332024,0.287015,0.712985,0.101883,0.106389
6422,24,0.548015,0.047062,0.010004,0.062749,0.33217,0.287026,0.712974,0.133305,0.132317
6423,24,0.547945,0.047047,0.009997,0.062729,0.332283,0.287082,0.712918,0.118092,0.115155
6424,24,0.547945,0.047046,0.01,0.062728,0.33228,0.287124,0.712876,0.123296,0.121424
6425,30,0.547758,0.04703,0.009997,0.062707,0.332508,0.287073,0.712927,0.117638,0.118481
6426,30,0.547272,0.046989,0.010874,0.062651,0.332214,0.287042,0.712958,0.136081,0.136451
6427,30,0.54731,0.046957,0.011133,0.062609,0.331991,0.286937,0.713063,0.115603,0.117703
6428,24,0.547375,0.046945,0.011185,0.062593,0.331902,0.28683,0.71317,0.117301,0.118865
6429,30,0.54742,0.046957,0.011028,0.062609,0.331987,0.286832,0.713168,0.121539,0.120925
6430,24,0.547946,0.047002,0.010077,0.062669,0.332306,0.286876,0.713124,0.123698,0.121772
6431,30,0.54784,0.047001,0.01,0.062668,0.332492,0.286945,0.713055,0.11188,0.108785
6432,24,0.547911,0.046971,0.009994,0.062628,0.332498,0.286789,0.713211,0.114189,0.117504
6433,24,0.547815,0.04698,0.010002,0.06264,0.332563,0.286759,0.713241,0.12498,0.124353
6434,30,0.547718,0.04697,0.009998,0.062627,0.332687,0.286784,0.713216,0.115932,0.11409
6435,30,0.547569,0.046966,0.009999,0.062621,0.332846,0.286708,0.713292,0.128478,0.12955
6436,24,0.547568,0.046966,0.01,0.062621,0.332845,0.286803,0.713197,0.113263,0.109207
6437,24,0.54733,0.046945,0.009996,0.062593,0.333136,0.286777,0.713223,0.116265,0.116303
6438,30,0.547285,0.046949,0.010001,0.062599,0.333166,0.286768,0.713232,0.138167,0.137883
6439,24,0.547287,0.046949,0.01,0.062599,0.333165,0.28681,0.71319,0.123296,0.121414
6440,24,0.547167,0.046939,0.009998,0.062585,0.333311,0.28682,0.71318,0.120154,0.119196
6441,30,0.546934,0.046884,0.010406,0.062512,0.333264,0.286659,0.713341,0.117017,0.120432
6442,24,0.546944,0.046902,0.010004,0.062537,0.333613,0.286636,0.713364,0.129797,0.129762
6443,24,0.546826,0.046892,0.009998,0.062523,0.33376,0.286578,0.713422,0.118071,0.119075
6444,24,0.546706,0.046882,0.009998,0.062509,0.333905,0.28652,0.71348,0.118125,0.119115
6445,24,0.546776,0.046852,0.009994,0.062469,0.333909,0.286365,0.713635,0.105891,0.109198
6446,30,0.546999,0.046828,0.009995,0.062438,0.33374,0.28624,0.71376,0.107046,0.109746
6447,24,0.547281,0.046799,0.009994,0.062398,0.333529,0.28621,0.71379,0.099253,0.097809
6448,24,0.547562,0.046769,0.009994,0.062358,0.333317,0.286118,0.713882,0.107572,0.109072
6449,30,0.547501,0.046775,0.010001,0.062366,0.333358,0.286126,0.713874,0.12382,0.122125
6450,30,0.547533,0.046736,0.009992,0.062315,0.333425,0.285967,0.714033,0.104124,0.107567
6451,24,0.547687,0.046719,0.009996,0.062292,0.333305,0.286009,0.713991,0.10961,0.106724
6452,30,0.547798,0.046683,0.010224,0.062245,0.333049,0.285874,0.714126,0.112429,0.115361
6453,24,0.547803,0.046683,0.01,0.062245,0.333269,0.28593,0.71407,0.111443,0.108264
6454,30,0.547561,0.046655,0.009994,0.062207,0.333583,0.285872,0.714128,0.11099,0.111399
6455,24,0.547597,0.046628,0.009994,0.062171,0.333609,0.285885,0.714115,0.106095,0.103916
6456,24,0.547501,0.046638,0.010002,0.062183,0.333676,0.285897,0.714103,0.124996,0.124001
6457,30,0.547222,0.046648,0.010002,0.062198,0.333929,0.285944,0.714056,0.125276,0.123255
6458,30,0.547082,0.046636,0.010257,0.062182,0.333843,0.285887,0.714113,0.119487,0.120057
6459,24,0.547215,0.046612,0.010357,0.062149,0.333667,0.285765,0.714235,0.117631,0.119994
6460,24,0.547198,0.046628,0.010003,0.062171,0.334,0.285742,0.714258,0.121493,0.121442
6461,30,0.547239,0.046589,0.009992,0.062118,0.334062,0.285585,0.714415,0.105099,0.108618
6462,30,0.547137,0.046579,0.009998,0.062105,0.334181,0.285611,0.714389,0.115935,0.114097
6463,24,0.547136,0.046579,0.01,0.062105,0.334181,0.285587,0.714413,0.121628,0.121661
6464,30,0.547354,0.046556,0.009995,0.062075,0.334019,0.285509,0.714491,0.112743,0.113938
6465,30,0.547734,0.046517,0.009992,0.062022,0.333736,0.285267,0.714733,0.097296,0.102443
6466,24,0.547731,0.046516,0.01,0.062021,0.333732,0.285309,0.714691,0.123296,0.121432
6467,24,0.547731,0.046516,0.01,0.062021,0.333732,0.28539,0.71461,0.115347,0.111734
6468,30,0.547544,0.0465,0.009997,0.062,0.333959,0.285339,0.714661,0.117624,0.118458
6469,24,0.547677,0.046486,0.009997,0.061982,0.333858,0.285226,0.714774,0.110528,0.112703
6470,30,0.547489,0.04647,0.009997,0.06196,0.334085,0.285126,0.714874,0.110968,0.113207
6471,24,0.547463,0.04645,0.009996,0.061933,0.334158,0.285027,0.714973,0.113838,0.115969
6472,30,0.547952,0.046399,0.009989,0.061866,0.333794,0.284795,0.715205,0.08949,0.094092
6473,24,0.547853,0.046408,0.010002,0.061878,0.333859,0.284807,0.715193,0.125009,0.124005
6474,24,0.54795,0.046399,0.009998,0.061865,0.333789,0.284742,0.715258,0.12568,0.126855
6475,24,0.548019,0.046369,0.009994,0.061825,0.333793,0.284587,0.715413,0.105846,0.109129
6476,24,0.547803,0.046368,0.01,0.061824,0.334005,0.284565,0.715435,0.121493,0.121448
6477,24,0.547637,0.046362,0.009999,0.061817,0.334185,0.284653,0.715347,0.119784,0.115944
6478,24,0.547424,0.046362,0.01,0.061816,0.334399,0.28463,0.71537,0.129797,0.129765
6479,24,0.547212,0.046361,0.01,0.061815,0.334612,0.284608,0.715392,0.121489,0.121448
6480,30,0.547212,0.046361,0.01,0.061815,0.334612,0.284685,0.715315,0.112874,0.109628
6481,24,0.546865,0.046332,0.010626,0.061776,0.334401,0.28466,0.71534,0.129853,0.129914
6482,24,0.547493,0.046332,0.01,0.061775,0.3344,0.28457,0.71543,0.107683,0.109145
6483,30,0.547284,0.046335,0.010001,0.06178,0.3346,0.284684,0.715316,0.12203,0.117642
6484,30,0.546996,0.046345,0.010002,0.061793,0.334864,0.28483,0.71517,0.118396,0.112919
6485,30,0.547039,0.046341,0.009999,0.061788,0.334833,0.284799,0.715201,0.122272,0.122147
6486,30,0.547122,0.046332,0.009998,0.061776,0.334771,0.28473,0.71527,0.117265,0.117988
6487,30,0.547354,0.046308,0.009995,0.061744,0.334598,0.284649,0.715351,0.113052,0.11445
6488,24,0.547446,0.046298,0.01,0.061731,0.334525,0.284543,0.715457,0.117313,0.118848
6489,30,0.547312,0.046287,0.010242,0.061716,0.334443,0.284524,0.715476,0.119487,0.119515
6490,30,0.547445,0.046298,0.010002,0.061731,0.334524,0.284601,0.715399,0.112885,0.109636
6491,24,0.547511,0.046292,0.009999,0.061722,0.334477,0.284529,0.715471,0.119631,0.120004
6492,24,0.54739,0.046281,0.009998,0.061709,0.334622,0.284471,0.715529,0.1264,0.127397
6493,30,0.547241,0.046277,0.009999,0.061702,0.334781,0.28454,0.71546,0.111859,0.108786
6494,30,0.547245,0.046239,0.010358,0.061652,0.334506,0.284543,0.715457,0.124572,0.122816
6495,30,0.54748,0.046217,0.009995,0.061622,0.334686,0.284386,0.715614,0.105098,0.108599
6496,24,0.547668,0.046197,0.009996,0.061596,0.334544,0.284264,0.715736,0.109255,0.111611
6497,24,0.547794,0.046182,0.01001,0.061576,0.334438,0.284151,0.715849,0.110494,0.112668
6498,30,0.547959,0.046166,0.009997,0.061555,0.334322,0.284167,0.715833,0.108985,0.107097
6499,30,0.547853,0.046157,0.009998,0.061543,0.334449,0.284215,0.715785,0.109865,0.107419
6500,24,0.547947,0.046148,0.009998,0.06153,0.334378,0.284262,0.715738,0.111092,0.108298
6501,30,0.547627,0.046129,0.0105,0.061505,0.33424,0.284264,0.715736,0.128154,0.127551
6502,30,0.54837,0.046101,0.010021,0.061468,0.33404,0.283959,0.716041,0.084485,0.091415
6503,24,0.548665,0.046073,0.009994,0.061431,0.333837,0.283868,0.716132,0.107603,0.109076
6504,24,0.548592,0.046067,0.010126,0.061422,0.333793,0.283844,0.716156,0.129878,0.129927
6505,30,0.548474,0.046057,0.009998,0.061409,0.334062,0.283828,0.716172,0.111022,0.110267
6506,24,0.548756,0.046028,0.009994,0.06137,0.333852,0.283799,0.716201,0.099246,0.097794
6507,30,0.548569,0.046046,0.010004,0.061395,0.333986,0.283975,0.716025,0.121473,0.11519
6508,24,0.548571,0.046046,0.01,0.061395,0.333987,0.283951,0.716049,0.121612,0.121649
6509,24,0.548761,0.046027,0.009996,0.061369,0.333846,0.28383,0.71617,0.109373,0.111695
6510,30,0.548572,0.046011,0.009997,0.061348,0.334072,0.283697,0.716303,0.110968,0.113515
6511,24,0.54845,0.046001,0.009998,0.061335,0.334217,0.283639,0.716361,0.118092,0.119074
6512,24,0.548449,0.046001,0.01,0.061334,0.334216,0.283616,0.716384,0.121628,0.121657
6513,30,0.548631,0.045982,0.009996,0.06131,0.334081,0.283512,0.716488,0.115648,0.117696
6514,24,0.548509,0.045972,0.009998,0.061296,0.334225,0.283523,0.716477,0.12022,0.119249
6515,24,0.548415,0.045981,0.010002,0.061308,0.334293,0.283535,0.716465,0.125013,0.124006
6516,30,0.548514,0.045971,0.009998,0.061295,0.334221,0.283412,0.716588,0.104212,0.106284
6517,30,0.548555,0.045967,0.009999,0.061289,0.334189,0.283381,0.716619,0.122248,0.122124
6518,30,0.548407,0.045963,0.009999,0.061283,0.334348,0.283317,0.716683,0.118485,0.119219
6519,24,0.548688,0.045934,0.009994,0.061245,0.334139,0.283133,0.716867,0.105897,0.109014
6520,30,0.548497,0.045918,0.009997,0.061224,0.334364,0.283117,0.716883,0.111005,0.110255
6521,24,0.548779,0.045889,0.009994,0.061185,0.334153,0.283089,0.716911,0.099308,0.09784
6522,24,0.548683,0.045898,0.010002,0.061197,0.33422,0.283101,0.716899,0.125013,0.124008
6523,30,0.548641,0.045902,0.010001,0.061203,0.334252,0.2832,0.7168,0.114927,0.111053
6524,30,0.548767,0.04589,0.009997,0.061186,0.33416,0.283243,0.716757,0.108593,0.10615
6525,30,0.548883,0.045878,0.009997,0.06117,0.334072,0.283101,0.716899,0.103695,0.105318
6526,24,0.549165,0.045849,0.009994,0.061132,0.333861,0.28301,0.71699,0.107565,0.109036
6527,30,0.549161,0.045848,0.01,0.061131,0.333859,0.28307,0.71693,0.119531,0.116796
6528,24,0.548995,0.045852,0.010134,0.061136,0.333883,0.283081,0.716919,0.133267,0.132285
6529,24,0.549044,0.045838,0.009997,0.061118,0.334003,0.283051,0.716949,0.115917,0.116089
6530,30,0.548903,0.045826,0.010251,0.061102,0.333917,0.283032,0.716968,0.119487,0.119513
6531,30,0.549274,0.045814,0.009997,0.061086,0.333829,0.282952,0.717048,0.113095,0.114466
6532,24,0.549337,0.045808,0.009999,0.061077,0.33378,0.283048,0.716952,0.11132,0.106949
6533,24,0.549337,0.045807,0.01,0.061077,0.333779,0.283133,0.716867,0.114973,0.111099
6534,24,0.549125,0.045807,0.01,0.061076,0.333993,0.283111,0.716889,0.129805,0.129755
6535,30,0.549357,0.045783,0.009995,0.061044,0.333821,0.283031,0.716969,0.11303,0.114422
6536,24,0.549424,0.045754,0.009994,0.061005,0.333824,0.282877,0.717123,0.105879,0.109124
6537,30,0.549293,0.045747,0.009998,0.060996,0.333966,0.282879,0.717121,0.127487,0.125877
6538,30,0.549535,0.045722,0.009995,0.060963,0.333786,0.282692,0.717308,0.109355,0.11211
6539,24,0.549413,0.045712,0.009998,0.060949,0.333928,0.282749,0.717251,0.111443,0.108272
6540,30,0.549874,0.045665,0.00999,0.060886,0.333585,0.282446,0.717554,0.09154,0.098468
6541,24,0.550025,0.045648,0.009996,0.060865,0.333466,0.282485,0.717515,0.109974,0.107372
6542,30,0.550204,0.04563,0.009996,0.06084,0.33333,0.282382,0.717618,0.109015,0.11104
6543,24,0.550082,0.04562,0.009998,0.060826,0.333474,0.282324,0.717676,0.126392,0.127375
6544,30,0.549898,0.045638,0.010004,0.060851,0.333609,0.282399,0.717601,0.128113,0.125339
6545,30,0.549752,0.045634,0.009999,0.060845,0.33377,0.282324,0.717676,0.128492,0.129526
6546,24,0.549753,0.045634,0.01,0.060845,0.333769,0.282367,0.717633,0.123331,0.12146
6547,30,0.54976,0.045633,0.01,0.060844,0.333763,0.282393,0.717607,0.125617,0.124343
6548,24,0.54976,0.045633,0.01,0.060844,0.333763,0.282439,0.717561,0.12374,0.121824
6549,30,0.550039,0.045605,0.009994,0.060806,0.333557,0.282316,0.717684,0.094383,0.095555
6550,24,0.55017,0.045591,0.009997,0.060788,0.333455,0.282204,0.717796,0.110529,0.112664
6551,30,0.550091,0.045579,0.009997,0.060772,0.33356,0.282278,0.717722,0.121549,0.118443
6552,24,0.55037,0.04555,0.009994,0.060734,0.333352,0.282261,0.717739,0.097564,0.095956
6553,30,0.550165,0.045545,0.010251,0.060727,0.333312,0.282428,0.717572,0.139927,0.13339
6554,24,0.550584,0.045528,0.009996,0.060704,0.333188,0.282396,0.717604,0.099627,0.098437
6555,30,0.550873,0.045498,0.009993,0.060665,0.332971,0.282213,0.717787,0.104646,0.108351
6556,30,0.550406,0.04546,0.010491,0.060613,0.33303,0.282113,0.717887,0.117588,0.119806
6557,24,0.549901,0.045418,0.0114,0.060557,0.332724,0.282088,0.717912,0.129815,0.129883
6558,24,0.550194,0.045459,0.01071,0.060612,0.333025,0.2821,0.7179,0.125012,0.124008
6559,30,0.550327,0.045481,0.010367,0.060641,0.333184,0.282109,0.717891,0.123833,0.122134
6560,30,0.550529,0.045498,0.010004,0.060663,0.333306,0.282187,0.717813,0.112932,0.109688
6561,30,0.550531,0.045498,0.01,0.060664,0.333308,0.282248,0.717752,0.119599,0.116853
6562,24,0.550365,0.045501,0.010135,0.060668,0.333331,0.28226,0.71774,0.133271,0.132291
6563,30,0.550256,0.045526,0.010005,0.060701,0.333512,0.282292,0.717708,0.138103,0.135934
6564,24,0.550212,0.045487,0.010419,0.06065,0.333231,0.28217,0.71783,0.117532,0.119866
6565,30,0.550278,0.045501,0.010033,0.060668,0.333521,0.282106,0.717894,0.118492,0.119216
6566,24,0.550112,0.045504,0.010167,0.060672,0.333544,0.282118,0.717882,0.133271,0.132286
6567,24,0.550206,0.045511,0.010002,0.060682,0.333599,0.282161,0.717839,0.123284,0.121428
6568,24,0.550341,0.045498,0.009997,0.060664,0.3335,0.282049,0.717951,0.110573,0.112703
6569,24,0.550339,0.045498,0.01,0.060664,0.333499,0.282026,0.717974,0.1216,0.121633
6570,24,0.550434,0.045488,0.009998,0.060651,0.333429,0.282073,0.717927,0.111089,0.108311
6571,30,0.550433,0.045488,0.01,0.060651,0.333428,0.282133,0.717867,0.119531,0.116798
6572,30,0.550849,0.045446,0.009991,0.060595,0.333119,0.281977,0.718023,0.089691,0.091572
6573,30,0.550837,0.045412,0.009992,0.060549,0.33321,0.281925,0.718075,0.105996,0.105975
6574,24,0.550833,0.045411,0.01,0.060549,0.333208,0.281902,0.718098,0.12992,0.129956
6575,30,0.550832,0.045411,0.01,0.060549,0.333208,0.281835,0.718165,0.129536,0.130383
6576,24,0.550832,0.045411,0.01,0.060549,0.333208,0.28188,0.71812,0.12367,0.121774
6577,30,0.550344,0.045371,0.010877,0.060495,0.332912,0.281849,0.718151,0.136081,0.136435
6578,24,0.550875,0.045406,0.010008,0.060542,0.333169,0.282078,0.717922,0.113276,0.104815
6579,24,0.550787,0.045416,0.010002,0.060554,0.33324,0.28209,0.71791,0.125005,0.124006
6580,24,0.550439,0.045387,0.010629,0.060516,0.333029,0.282019,0.717981,0.12153,0.12223
6581,24,0.550666,0.045406,0.010004,0.060541,0.333383,0.282028,0.717972,0.11978,0.118864
6582,30,0.55048,0.04539,0.009997,0.06052,0.333613,0.281929,0.718071,0.110971,0.113168
6583,30,0.550436,0.045394,0.010001,0.060526,0.333643,0.282029,0.717971,0.114941,0.111073
6584,24,0.550625,0.045375,0.009996,0.0605,0.333503,0.281908,0.718092,0.1176,0.119921
6585,24,0.550811,0.045356,0.009996,0.060475,0.333362,0.281787,0.718213,0.117619,0.11993
6586,24,0.550689,0.045346,0.009998,0.060461,0.333506,0.281798,0.718202,0.120163,0.119206
6587,24,0.550354,0.045335,0.009998,0.060447,0.333865,0.281742,0.718258,0.117985,0.118865
6588,30,0.550372,0.045314,0.009995,0.060419,0.3339,0.281739,0.718261,0.112236,0.111085
6589,24,0.550653,0.045285,0.009994,0.06038,0.333688,0.281649,0.718351,0.107585,0.109032
6590,24,0.551063,0.045243,0.009991,0.060324,0.333379,0.281404,0.718596,0.094765,0.100202
6591,30,0.550561,0.045202,0.010892,0.06027,0.333075,0.281385,0.718615,0.126101,0.126134
6592,30,0.550812,0.045223,0.010249,0.060297,0.333419,0.281289,0.718711,0.126475,0.128129
6593,24,0.550949,0.045234,0.010002,0.060312,0.333502,0.281334,0.718666,0.123695,0.121796
6594,24,0.551232,0.045206,0.009994,0.060274,0.333294,0.281243,0.718757,0.10749,0.108958
6595,24,0.551229,0.045206,0.01,0.060274,0.333292,0.28122,0.71878,0.129924,0.129955
6596,30,0.55104,0.04519,0.009997,0.060253,0.33352,0.28117,0.71883,0.117628,0.11844
6597,30,0.551039,0.04519,0.01,0.060253,0.333518,0.28123,0.71877,0.119487,0.116769
6598,24,0.550947,0.045199,0.010002,0.060266,0.333587,0.281242,0.718758,0.133325,0.132332
6599,24,0.550902,0.045204,0.010001,0.060272,0.333622,0.281358,0.718642,0.123292,0.118048
6600,30,0.551126,0.045181,0.009995,0.060242,0.333455,0.281317,0.718683,0.113659,0.113776
6601,30,0.551018,0.045173,0.009998,0.06023,0.333582,0.281232,0.718768,0.116494,0.117828
6602,30,0.550789,0.045143,0.010518,0.06019,0.33336,0.281107,0.718893,0.122473,0.124716
6603,30,0.551101,0.045144,0.01,0.060192,0.333563,0.2811,0.7189,0.111637,0.11061
6604,24,0.551289,0.045125,0.009996,0.060167,0.333423,0.280979,0.719021,0.117579,0.119894
6605,30,0.551056,0.045114,0.009997,0.060152,0.333681,0.280902,0.719098,0.113007,0.114571
6606,30,0.550851,0.045056,0.010762,0.060075,0.333255,0.280765,0.719235,0.123482,0.126483
6607,24,0.550382,0.045018,0.011385,0.060024,0.33319,0.280707,0.719293,0.126328,0.127326
6608,30,0.550367,0.045017,0.011412,0.060022,0.333181,0.280651,0.719349,0.119503,0.120032
6609,30,0.551041,0.045018,0.01073,0.060023,0.333188,0.280528,0.719472,0.093888,0.095004
6610,24,0.551196,0.045039,0.010369,0.060052,0.333344,0.280825,0.719175,0.114985,0.104682
6611,30,0.551136,0.045042,0.01021,0.060055,0.333557,0.280799,0.719201,0.118484,0.118671
6612,24,0.551319,0.045022,0.009996,0.06003,0.333633,0.280644,0.719356,0.114096,0.117331
6613,24,0.551317,0.045022,0.01,0.060029,0.333631,0.280574,0.719426,0.121572,0.122254
6614,24,0.551598,0.044994,0.009994,0.059992,0.333422,0.280484,0.719516,0.107516,0.108965
6615,24,0.551503,0.045003,0.010002,0.060004,0.333489,0.280456,0.719544,0.125006,0.124352
6616,24,0.551785,0.044975,0.009994,0.059966,0.33328,0.280366,0.719634,0.107614,0.109038
6617,24,0.552217,0.044931,0.00999,0.059908,0.332955,0.280307,0.719693,0.09216,0.09154
6618,30,0.552326,0.044919,0.009997,0.059892,0.332866,0.280301,0.719699,0.09708,0.094898
6619,30,0.552234,0.044928,0.010002,0.059904,0.332933,0.280515,0.719485,0.13051,0.122695
6620,30,0.552235,0.044928,0.01,0.059904,0.332934,0.280576,0.719424,0.119531,0.116807
6621,24,0.552114,0.044918,0.009998,0.059891,0.333079,0.280588,0.719412,0.120225,0.119258
6622,30,0.552146,0.04488,0.009995,0.05984,0.333139,0.280382,0.719618,0.105015,0.109847
6623,30,0.552175,0.044877,0.009999,0.059836,0.333114,0.280255,0.719745,0.106509,0.108024
6624,30,0.552132,0.044881,0.010001,0.059841,0.333145,0.280355,0.719645,0.114933,0.111088
6625,24,0.551625,0.04484,0.01091,0.059786,0.332839,0.280285,0.719715,0.121516,0.122218
6626,24,0.552006,0.044871,0.010007,0.059828,0.333288,0.280297,0.719703,0.120212,0.119243
6627,24,0.551841,0.044874,0.010141,0.059832,0.333312,0.280309,0.719691,0.133275,0.132293
6628,24,0.55192,0.04488,0.010001,0.05984,0.333358,0.280352,0.719648,0.123296,0.121451
6629,30,0.551739,0.044898,0.010004,0.059865,0.333494,0.280385,0.719615,0.138128,0.135957
6630,30,0.551776,0.044861,0.009992,0.059815,0.333557,0.280345,0.719655,0.105042,0.104714
6631,30,0.551987,0.044839,0.009995,0.059785,0.333394,0.280268,0.719732,0.11266,0.11383
6632,24,0.551984,0.044839,0.01,0.059785,0.333392,0.280245,0.719755,0.129907,0.129938
6633,30,0.551976,0.04484,0.01,0.059786,0.333398,0.280274,0.719726,0.125184,0.123737
6634,30,0.552149,0.044822,0.009996,0.059763,0.33327,0.280185,0.719815,0.119314,0.120469
6635,24,0.552148,0.044822,0.01,0.059763,0.333267,0.280228,0.719772,0.123296,0.121442
6636,24,0.551936,0.044821,0.01,0.059762,0.333482,0.280206,0.719794,0.129801,0.129748
6637,30,0.551893,0.044826,0.010001,0.059767,0.333513,0.280172,0.719828,0.121577,0.121472
6638,24,0.551893,0.044826,0.01,0.059767,0.333513,0.280149,0.719851,0.12164,0.121655
6639,24,0.551893,0.044826,0.01,0.059767,0.333513,0.280126,0.719874,0.121612,0.121635
6640,30,0.552009,0.044814,0.009997,0.059752,0.333427,0.279974,0.720026,0.11356,0.115475
6641,30,0.552166,0.044798,0.009996,0.059731,0.333308,0.279855,0.720145,0.125541,0.128054
6642,30,0.552358,0.044761,0.009992,0.059681,0.333208,0.279656,0.720344,0.097816,0.101926
6643,30,0.55236,0.04476,0.01,0.05968,0.3332,0.279713,0.720287,0.11899,0.116369
6644,30,0.55259,0.044737,0.009995,0.059649,0.333029,0.279633,0.720367,0.113003,0.114376
6645,24,0.552587,0.044737,0.01,0.059649,0.333027,0.27973,0.72027,0.113263,0.109271
6646,30,0.552459,0.044714,0.010354,0.059618,0.332855,0.279819,0.720181,0.121691,0.117622
6647,30,0.552664,0.044709,0.009999,0.059612,0.333015,0.27982,0.72018,0.111187,0.109743
6648,24,0.552851,0.044691,0.009996,0.059587,0.332875,0.2797,0.7203,0.109277,0.111564
6649,30,0.552877,0.044688,0.009999,0.059583,0.332852,0.279842,0.720158,0.117981,0.112399
6650,24,0.552879,0.044687,0.01,0.059583,0.332851,0.279929,0.720071,0.114972,0.111145
6651,30,0.552876,0.044688,0.01,0.059583,0.332853,0.279906,0.720094,0.116629,0.116326
6652,24,0.553155,0.04466,0.009994,0.059546,0.332645,0.279875,0.720125,0.09962,0.09842
6653,24,0.553153,0.044659,0.01,0.059546,0.332642,0.279918,0.720082,0.123296,0.121441
6654,24,0.553061,0.044668,0.010002,0.059558,0.33271,0.27993,0.72007,0.133321,0.13233
6655,30,0.553228,0.044652,0.009996,0.059536,0.332588,0.279862,0.720138,0.11553,0.116778
6656,24,0.553413,0.044633,0.009996,0.059511,0.332448,0.279742,0.720258,0.109336,0.111601
6657,30,0.55327,0.044622,0.01025,0.059496,0.332362,0.279846,0.720154,0.119487,0.115501
6658,30,0.55345,0.044629,0.010002,0.059505,0.332415,0.279815,0.720185,0.115512,0.115389
6659,24,0.553329,0.044619,0.009998,0.059492,0.332561,0.279758,0.720242,0.118117,0.119073
6660,30,0.553558,0.044596,0.009995,0.059461,0.33239,0.279678,0.720322,0.113018,0.114385
6661,30,0.553366,0.044581,0.009997,0.059441,0.332616,0.279579,0.720421,0.110978,0.113153
6662,30,0.553883,0.044529,0.009988,0.059372,0.332228,0.279242,0.720758,0.098946,0.106712
6663,24,0.553878,0.044528,0.01,0.059371,0.332223,0.279285,0.720715,0.123284,0.121437
6664,30,0.553696,0.044546,0.010004,0.059395,0.332359,0.279329,0.720671,0.128155,0.125665
6665,24,0.553699,0.044546,0.01,0.059395,0.33236,0.279306,0.720694,0.129895,0.12993
6666,30,0.553794,0.044537,0.009998,0.059382,0.332289,0.279156,0.720844,0.114052,0.115955
6667,24,0.553702,0.044546,0.010002,0.059394,0.332356,0.279169,0.720831,0.133333,0.132348
6668,30,0.553625,0.044535,0.009997,0.059379,0.332464,0.279302,0.720698,0.121549,0.116259
6669,30,0.553624,0.044534,0.01,0.059379,0.332463,0.279284,0.720716,0.119545,0.119548
6670,24,0.553411,0.044534,0.01,0.059378,0.332677,0.279262,0.720738,0.129822,0.129761
6671,24,0.553476,0.044505,0.009994,0.059341,0.332684,0.279107,0.720893,0.114029,0.117253
6672,30,0.55348,0.044504,0.01,0.059339,0.332677,0.279134,0.720866,0.125616,0.124359
6673,24,0.553853,0.044467,0.009992,0.05929,0.332398,0.279003,0.720997,0.103261,0.105815
6674,30,0.55409,0.044443,0.009995,0.059257,0.332216,0.278828,0.721172,0.100621,0.103283
6675,30,0.554044,0.044447,0.010001,0.059262,0.332246,0.278832,0.721168,0.121549,0.120931
6676,24,0.554199,0.044431,0.009997,0.059242,0.332131,0.278872,0.721128,0.109953,0.107369
6677,30,0.55391,0.044441,0.010002,0.059254,0.332393,0.278887,0.721113,0.125111,0.123413
6678,30,0.553623,0.044451,0.010002,0.059267,0.332657,0.278902,0.721098,0.125107,0.123413
6679,24,0.553904,0.044423,0.009994,0.05923,0.332449,0.278812,0.721188,0.107555,0.108978
6680,30,0.553393,0.044382,0.010907,0.059176,0.332143,0.278793,0.721207,0.126101,0.126132
6681,30,0.553604,0.044399,0.01053,0.059198,0.332269,0.278738,0.721262,0.119546,0.120061
6682,30,0.553445,0.04434,0.01126,0.059121,0.331833,0.27851,0.72149,0.110347,0.115143
6683,30,0.554095,0.044339,0.010445,0.059119,0.332001,0.278309,0.721691,0.097701,0.101878
6684,24,0.554462,0.044319,0.01028,0.059092,0.331848,0.278127,0.721873,0.105782,0.108821
6685,30,0.55434,0.044309,0.010498,0.059079,0.331775,0.278061,0.721939,0.129467,0.130312
6686,30,0.554202,0.044298,0.010744,0.059064,0.331692,0.278032,0.721968,0.136137,0.136467
6687,24,0.554494,0.044321,0.010005,0.059095,0.332084,0.278041,0.721959,0.119784,0.118879
6688,30,0.554479,0.044313,0.010102,0.059084,0.332021,0.278,0.722,0.132201,0.132356
6689,30,0.553988,0.044274,0.010979,0.059032,0.331727,0.27797,0.72203,0.136081,0.136429
6690,30,0.554111,0.044298,0.010613,0.059065,0.331913,0.278115,0.721885,0.124356,0.119163
6691,30,0.554458,0.044325,0.010006,0.0591,0.332111,0.278172,0.721828,0.119019,0.116389
6692,24,0.55437,0.044334,0.010002,0.059112,0.332181,0.278312,0.721688,0.116692,0.111388
6693,30,0.554329,0.044339,0.010001,0.059118,0.332214,0.278268,0.721732,0.131574,0.131769
6694,30,0.554604,0.044311,0.009994,0.059082,0.332009,0.278207,0.721793,0.094267,0.09376
6695,30,0.554495,0.044303,0.009998,0.05907,0.332135,0.278257,0.721743,0.109884,0.107462
6696,30,0.554387,0.044294,0.009998,0.059059,0.332262,0.278289,0.721711,0.116541,0.114609
6697,24,0.554295,0.044303,0.010002,0.059071,0.33233,0.278302,0.721698,0.133337,0.132341
6698,30,0.554008,0.044313,0.010002,0.059083,0.332594,0.278317,0.721683,0.1251,0.123412
6699,24,0.55396,0.044309,0.010087,0.059078,0.332565,0.278294,0.721706,0.121558,0.121591
6700,30,0.554126,0.044301,0.009998,0.059068,0.332507,0.278378,0.721622,0.098176,0.093746
6701,24,0.554005,0.044291,0.009998,0.059055,0.332651,0.278387,0.721613,0.119784,0.118866
6702,30,0.554226,0.044269,0.009995,0.059025,0.332485,0.278346,0.721654,0.113554,0.113682
6703,30,0.554337,0.044257,0.009997,0.05901,0.332398,0.278223,0.721777,0.103606,0.105612
6704,24,0.554172,0.044261,0.010132,0.059014,0.332422,0.278235,0.721765,0.133284,0.132301
6705,30,0.554467,0.044244,0.009996,0.058992,0.3323,0.278111,0.721889,0.11358,0.116193
6706,30,0.554963,0.044195,0.009989,0.058926,0.331927,0.277836,0.722164,0.089392,0.095452
6707,30,0.554836,0.044155,0.010505,0.058874,0.331631,0.277751,0.722249,0.118704,0.119588
6708,30,0.55501,0.044177,0.01012,0.058902,0.331791,0.277718,0.722282,0.121562,0.121453
6709,24,0.555031,0.044186,0.010002,0.058915,0.331865,0.278016,0.721984,0.115003,0.104773
6710,24,0.555164,0.044173,0.009997,0.058898,0.331767,0.277904,0.722096,0.118763,0.120884
6711,30,0.554931,0.044162,0.009998,0.058883,0.332026,0.277795,0.722205,0.113022,0.11487
6712,30,0.554802,0.044156,0.009999,0.058875,0.332169,0.277839,0.722161,0.117515,0.11481
6713,30,0.554801,0.044156,0.01,0.058874,0.332169,0.277918,0.722082,0.112885,0.109688
6714,30,0.554609,0.044141,0.009997,0.058855,0.332399,0.277815,0.722185,0.114684,0.116553
6715,30,0.554458,0.044137,0.009999,0.058849,0.332557,0.277886,0.722114,0.111888,0.108856
6716,30,0.554547,0.044104,0.010232,0.058805,0.332312,0.27794,0.72206,0.113484,0.110425
6717,24,0.554433,0.044095,0.009998,0.058793,0.332681,0.277918,0.722082,0.116718,0.11669
6718,30,0.554547,0.044083,0.009997,0.058778,0.332594,0.277949,0.722051,0.114242,0.111989
6719,24,0.554732,0.044065,0.009996,0.058753,0.332454,0.277829,0.722171,0.117575,0.119849
6720,30,0.554429,0.044036,0.010582,0.058715,0.332238,0.277886,0.722114,0.132617,0.129529
6721,30,0.554709,0.044066,0.010007,0.058755,0.332463,0.277987,0.722013,0.114939,0.111121
6722,30,0.554843,0.044046,0.010067,0.058729,0.332314,0.277883,0.722117,0.112526,0.113229
6723,30,0.554732,0.044045,0.01,0.058727,0.332496,0.277809,0.722191,0.128507,0.129499
6724,30,0.554626,0.044037,0.009998,0.058716,0.332624,0.277725,0.722275,0.116486,0.117791
6725,24,0.554412,0.044036,0.01,0.058715,0.332838,0.277704,0.722296,0.121518,0.121443
6726,30,0.554296,0.043996,0.010509,0.058662,0.332538,0.277557,0.722443,0.119166,0.121857
6727,24,0.554736,0.043981,0.009997,0.058642,0.332644,0.277434,0.722566,0.104072,0.106397
6728,30,0.554886,0.043966,0.009997,0.058622,0.33253,0.277285,0.722715,0.103079,0.104985
6729,30,0.554686,0.043952,0.009997,0.058603,0.332763,0.277274,0.722726,0.109993,0.108917
6730,30,0.554676,0.043953,0.01,0.058603,0.332768,0.277304,0.722696,0.125209,0.123765
6731,30,0.554661,0.043951,0.010028,0.058602,0.332758,0.277249,0.722751,0.119498,0.12002
6732,30,0.554455,0.043946,0.010285,0.058595,0.332719,0.277419,0.722581,0.13994,0.133487
6733,30,0.554708,0.043949,0.010001,0.058599,0.332743,0.27727,0.72273,0.114051,0.115925
6734,24,0.554932,0.043927,0.009995,0.05857,0.332576,0.277406,0.722594,0.098744,0.093058
6735,24,0.555206,0.0439,0.009994,0.058533,0.332367,0.277349,0.722651,0.105785,0.105433
6736,24,0.555203,0.043899,0.01,0.058533,0.332365,0.277395,0.722605,0.123683,0.121809
6737,24,0.555389,0.043881,0.009996,0.058508,0.332226,0.277275,0.722725,0.117572,0.119832
6738,24,0.555373,0.043861,0.009995,0.058481,0.33229,0.277311,0.722689,0.114402,0.111357
6739,30,0.55555,0.043843,0.009996,0.058457,0.332155,0.277209,0.722791,0.115613,0.117599
6740,30,0.555554,0.043842,0.01,0.058456,0.332148,0.277236,0.722764,0.125615,0.124356
6741,30,0.555583,0.043839,0.009999,0.058452,0.332127,0.277349,0.722651,0.124606,0.120405
6742,30,0.555753,0.043822,0.009996,0.05843,0.331999,0.277198,0.722802,0.102548,0.104457
6743,30,0.556158,0.043763,0.01018,0.05835,0.331549,0.276873,0.723127,0.088822,0.096208
6744,30,0.55649,0.043748,0.009997,0.05833,0.331436,0.27681,0.72319,0.115412,0.115196
6745,30,0.55648,0.043748,0.01,0.058331,0.331441,0.276875,0.723125,0.11855,0.11552
6746,30,0.556464,0.043747,0.010028,0.05833,0.331431,0.27682,0.72318,0.119498,0.120013
6747,30,0.556109,0.043751,0.010001,0.058335,0.331804,0.276923,0.723077,0.112992,0.108752
6748,30,0.556088,0.043753,0.01,0.058338,0.33182,0.277149,0.722851,0.120543,0.112639
6749,30,0.556257,0.043737,0.009996,0.058316,0.331694,0.277133,0.722867,0.095951,0.09412
6750,30,0.556425,0.04372,0.009996,0.058293,0.331566,0.276984,0.723016,0.102661,0.104517
6751,30,0.556655,0.043697,0.009995,0.058262,0.331391,0.277011,0.722989,0.098837,0.096132
6752,24,0.556667,0.043665,0.010297,0.05822,0.33115,0.276891,0.723109,0.117502,0.119771
6753,24,0.556712,0.043668,0.010001,0.058225,0.331394,0.276901,0.723099,0.119789,0.118871
6754,30,0.556591,0.043647,0.009995,0.058196,0.331572,0.276897,0.723103,0.10661,0.105328
6755,24,0.556704,0.043607,0.010277,0.058143,0.331269,0.27684,0.72316,0.105733,0.105384
6756,24,0.557134,0.043592,0.009997,0.058123,0.331155,0.276783,0.723217,0.105791,0.105432
6757,24,0.556919,0.043591,0.01,0.058122,0.331368,0.276762,0.723238,0.12153,0.121458
6758,30,0.556911,0.043591,0.010015,0.058121,0.331363,0.276707,0.723293,0.119498,0.120015
6759,30,0.556884,0.043588,0.010063,0.058118,0.331347,0.276797,0.723203,0.126144,0.122608
6760,30,0.557049,0.043578,0.009998,0.058105,0.331271,0.27682,0.72318,0.114671,0.112853
6761,30,0.557216,0.043562,0.009996,0.058082,0.331144,0.276756,0.723244,0.102606,0.10218
6762,30,0.557232,0.043541,0.010181,0.058055,0.33099,0.276667,0.723333,0.11517,0.11647
6763,30,0.557089,0.04353,0.010436,0.05804,0.330905,0.276649,0.723351,0.119487,0.119498
6764,30,0.556849,0.043543,0.010546,0.058058,0.331004,0.276726,0.723274,0.13481,0.132066
6765,24,0.557177,0.043536,0.010068,0.058048,0.33117,0.276572,0.723428,0.114043,0.117229
6766,30,0.557393,0.043522,0.009997,0.058029,0.331059,0.27647,0.72353,0.108936,0.110908
6767,30,0.557569,0.043504,0.009996,0.058006,0.330925,0.276367,0.723633,0.108888,0.110877
6768,24,0.557522,0.043508,0.010001,0.058011,0.330958,0.276438,0.723562,0.131639,0.128297
6769,30,0.557522,0.043508,0.01,0.058011,0.330958,0.2765,0.7235,0.119542,0.116839
6770,24,0.557432,0.043517,0.010002,0.058023,0.331026,0.276513,0.723487,0.125037,0.124035
6771,24,0.557311,0.043508,0.009998,0.058011,0.331173,0.276457,0.723543,0.118134,0.119064
6772,24,0.557264,0.043512,0.010001,0.058016,0.331206,0.276591,0.723409,0.12333,0.118253
6773,30,0.557385,0.043482,0.009993,0.057976,0.331165,0.276482,0.723518,0.109908,0.112042
6774,30,0.557191,0.043467,0.009997,0.057955,0.331391,0.276384,0.723616,0.110988,0.11313
6775,24,0.557098,0.043475,0.010002,0.057967,0.331458,0.276358,0.723642,0.125022,0.124352
6776,24,0.557284,0.043457,0.009996,0.057943,0.33132,0.276238,0.723762,0.117547,0.119798
6777,30,0.557288,0.043456,0.01,0.057942,0.331314,0.276265,0.723735,0.125615,0.124357
6778,24,0.557198,0.043465,0.010002,0.057954,0.331381,0.276278,0.723722,0.125037,0.124035
6779,24,0.5572,0.043465,0.01,0.057954,0.331381,0.276366,0.723634,0.114972,0.111161
6780,24,0.5572,0.043465,0.01,0.057954,0.331381,0.276344,0.723656,0.1216,0.12162
6781,30,0.556693,0.043426,0.010901,0.057901,0.331079,0.276325,0.723675,0.126101,0.126125
6782,30,0.556893,0.043457,0.010387,0.057943,0.33132,0.276541,0.723459,0.130531,0.122799
6783,30,0.556878,0.043456,0.010415,0.057941,0.33131,0.276486,0.723514,0.119498,0.120009
6784,24,0.557109,0.043474,0.010004,0.057965,0.331448,0.276532,0.723468,0.123695,0.121818
6785,30,0.557203,0.043446,0.009994,0.057928,0.331428,0.276541,0.723459,0.111523,0.109809
6786,30,0.557322,0.043434,0.009997,0.057912,0.331335,0.276517,0.723483,0.109729,0.109205
6787,30,0.55732,0.043434,0.01,0.057912,0.331334,0.276463,0.723537,0.119556,0.120052
6788,30,0.55722,0.043425,0.009998,0.0579,0.331457,0.276491,0.723509,0.115943,0.114127
6789,24,0.55735,0.043412,0.009997,0.057883,0.331358,0.27638,0.72362,0.110493,0.112564
6790,24,0.557136,0.043411,0.01,0.057882,0.331571,0.276359,0.723641,0.129834,0.129764
6791,24,0.557139,0.043411,0.01,0.057881,0.331569,0.276332,0.723668,0.12085,0.120932
6792,24,0.55714,0.043411,0.01,0.057881,0.331568,0.276376,0.723624,0.123296,0.121456
6793,30,0.556991,0.043407,0.009999,0.057876,0.331728,0.276351,0.723649,0.118496,0.118669
6794,30,0.556732,0.043413,0.010002,0.057884,0.331969,0.27648,0.72352,0.124639,0.11937
6795,30,0.556706,0.043397,0.009996,0.057863,0.332038,0.276384,0.723616,0.114178,0.115632
6796,30,0.556785,0.043389,0.009998,0.057852,0.331976,0.276451,0.723549,0.11061,0.107577
6797,30,0.556672,0.0434,0.010002,0.057866,0.332059,0.276541,0.723459,0.14152,0.137863
6798,30,0.556591,0.043408,0.010002,0.057877,0.332122,0.276686,0.723314,0.124365,0.119187
6799,30,0.556653,0.043402,0.009999,0.05787,0.332077,0.27683,0.72317,0.121299,0.115576
6800,24,0.556837,0.043384,0.009996,0.057845,0.331938,0.27671,0.72329,0.109219,0.111473
6801,24,0.556744,0.043393,0.010002,0.057857,0.332004,0.276723,0.723277,0.133333,0.132346
6802,24,0.5567,0.043397,0.010001,0.057863,0.332039,0.276857,0.723143,0.123318,0.118244
6803,30,0.5567,0.043397,0.01,0.057863,0.332039,0.276937,0.723063,0.112932,0.109732
6804,24,0.556978,0.04337,0.009994,0.057827,0.331832,0.276848,0.723152,0.107548,0.10895
6805,30,0.556898,0.043344,0.009994,0.057792,0.331972,0.276803,0.723197,0.10568,0.105375
6806,30,0.556705,0.043329,0.009997,0.057772,0.332198,0.276923,0.723077,0.110981,0.106173
6807,30,0.556841,0.04326,0.01055,0.05768,0.33167,0.276609,0.723391,0.101289,0.108389
6808,24,0.556953,0.043285,0.01019,0.057713,0.331859,0.276583,0.723417,0.125008,0.124339
6809,30,0.557021,0.043278,0.009998,0.057704,0.331999,0.276638,0.723362,0.118773,0.115799
6810,24,0.556899,0.043268,0.009998,0.057691,0.332144,0.276648,0.723352,0.119784,0.118869
6811,30,0.556708,0.043253,0.009997,0.057671,0.332371,0.276651,0.723349,0.104368,0.103113
6812,24,0.556584,0.043244,0.009998,0.057658,0.332516,0.276594,0.723406,0.118076,0.119019
6813,30,0.556655,0.043219,0.009994,0.057626,0.332505,0.27642,0.72358,0.116367,0.119766
6814,30,0.556652,0.043219,0.01,0.057626,0.332503,0.2765,0.7235,0.112943,0.109739
6815,30,0.556349,0.043207,0.010255,0.057609,0.33258,0.276636,0.723364,0.13714,0.131725
6816,24,0.556278,0.043217,0.010002,0.057623,0.33288,0.276615,0.723385,0.12983,0.12976
6817,30,0.556458,0.0432,0.009996,0.0576,0.332746,0.276513,0.723487,0.108954,0.110926
6818,30,0.556336,0.04319,0.010214,0.057587,0.332673,0.276447,0.723553,0.129467,0.130295
6819,30,0.556763,0.043169,0.009995,0.057559,0.332513,0.276222,0.723778,0.099525,0.104263
6820,30,0.556654,0.043161,0.009998,0.057548,0.33264,0.276272,0.723728,0.109873,0.107464
6821,30,0.556586,0.04315,0.009998,0.057534,0.332733,0.276137,0.723863,0.110338,0.112867
6822,30,0.55647,0.043143,0.009998,0.057524,0.332866,0.276173,0.723827,0.115498,0.113266
6823,30,0.556696,0.04312,0.009995,0.057494,0.332694,0.276093,0.723907,0.112924,0.114278
6824,30,0.556693,0.04312,0.01,0.057494,0.332693,0.276027,0.723973,0.129478,0.130304
6825,30,0.556733,0.043116,0.009999,0.057489,0.332663,0.275998,0.724002,0.115597,0.11542
6826,30,0.556219,0.043077,0.010913,0.057435,0.332356,0.276161,0.723839,0.126101,0.119977
6827,30,0.556537,0.043101,0.010006,0.057468,0.332888,0.27602,0.72398,0.121007,0.123756
6828,24,0.556185,0.043074,0.010632,0.057432,0.332677,0.275951,0.724049,0.12153,0.122188
6829,24,0.556722,0.043083,0.010002,0.057444,0.332749,0.275832,0.724168,0.109268,0.111503
6830,30,0.556599,0.043074,0.01022,0.057432,0.332675,0.275766,0.724234,0.129467,0.130285
6831,30,0.556571,0.043065,0.009998,0.05742,0.332947,0.275657,0.724343,0.113718,0.11567
6832,24,0.556633,0.043037,0.009994,0.057383,0.332953,0.275504,0.724496,0.105805,0.108939
6833,24,0.556509,0.043027,0.009998,0.05737,0.333096,0.275564,0.724436,0.111443,0.108316
6834,24,0.55648,0.043009,0.009996,0.057345,0.333171,0.275466,0.724534,0.113813,0.115862
6835,24,0.556848,0.042973,0.009992,0.057297,0.332891,0.275335,0.724665,0.103134,0.10566
6836,30,0.556524,0.042955,0.010494,0.057273,0.332754,0.275339,0.724661,0.128168,0.127561
6837,24,0.556677,0.042967,0.010003,0.057289,0.333065,0.275283,0.724717,0.118119,0.119045
6838,30,0.55697,0.042939,0.009993,0.057252,0.332846,0.275163,0.724837,0.093835,0.094887
6839,30,0.556975,0.042918,0.0102,0.057224,0.332684,0.275208,0.724792,0.108501,0.106112
6840,24,0.557088,0.042926,0.010002,0.057235,0.332749,0.275252,0.724748,0.123296,0.121462
6841,24,0.55709,0.042926,0.01,0.057235,0.332749,0.275296,0.724704,0.123296,0.121462
6842,30,0.556984,0.042918,0.009998,0.057224,0.332877,0.275347,0.724653,0.10988,0.10748
6843,24,0.557167,0.0429,0.009996,0.0572,0.332737,0.275209,0.724791,0.109202,0.11086
6844,30,0.557144,0.042902,0.01,0.057202,0.332752,0.27529,0.72471,0.120564,0.116749
6845,24,0.557145,0.042902,0.01,0.057202,0.332751,0.275334,0.724666,0.123296,0.121462
6846,30,0.557145,0.042902,0.01,0.057202,0.332751,0.275396,0.724604,0.119542,0.116844
6847,24,0.557145,0.042902,0.01,0.057202,0.332751,0.275374,0.724626,0.12164,0.121644
6848,30,0.557372,0.04288,0.009995,0.057173,0.33258,0.275295,0.724705,0.112994,0.114322
6849,24,0.557371,0.042879,0.01,0.057172,0.332577,0.275339,0.724661,0.123296,0.121461
6850,24,0.557371,0.042879,0.01,0.057172,0.332577,0.275438,0.724562,0.113263,0.109318
6851,24,0.557371,0.042879,0.01,0.057172,0.332577,0.275485,0.724515,0.123724,0.121854
6852,24,0.556897,0.042843,0.010624,0.057124,0.332513,0.275428,0.724572,0.126342,0.1273
6853,24,0.557153,0.042878,0.010008,0.057171,0.332789,0.275442,0.724558,0.125037,0.124033
6854,30,0.557102,0.042867,0.010169,0.057157,0.332705,0.275413,0.724587,0.122222,0.122055
6855,24,0.557076,0.042865,0.009999,0.057154,0.332906,0.275423,0.724577,0.119768,0.118863
6856,24,0.556911,0.042868,0.010134,0.057158,0.33293,0.275436,0.724564,0.133292,0.132309
6857,30,0.557138,0.042804,0.010555,0.057072,0.332431,0.275122,0.724878,0.100779,0.107808
6858,24,0.557447,0.042828,0.010006,0.057104,0.332616,0.2751,0.7249,0.121606,0.121617
6859,30,0.557521,0.042803,0.009994,0.05707,0.332612,0.274969,0.725031,0.10587,0.10862
6860,24,0.557356,0.042806,0.010129,0.057074,0.332635,0.274982,0.725018,0.133292,0.132317
6861,30,0.557275,0.042807,0.010007,0.057076,0.332836,0.27492,0.72508,0.118494,0.119166
6862,30,0.557286,0.042806,0.01,0.057075,0.332833,0.274978,0.725022,0.118999,0.116408
6863,24,0.55712,0.042809,0.010134,0.057079,0.332856,0.274991,0.725009,0.133292,0.132317
6864,30,0.557096,0.042806,0.009999,0.057075,0.333024,0.274989,0.725011,0.122552,0.122091
6865,24,0.55737,0.04278,0.009994,0.05704,0.332816,0.274808,0.725192,0.105774,0.108751
6866,30,0.557354,0.042748,0.009993,0.056997,0.332909,0.27466,0.72534,0.10598,0.109206
6867,24,0.557397,0.042743,0.009999,0.056991,0.332871,0.274762,0.725238,0.121577,0.117412
6868,24,0.557619,0.042721,0.009995,0.056962,0.332703,0.274743,0.725257,0.100395,0.098886
6869,30,0.557751,0.042708,0.009997,0.056944,0.3326,0.274636,0.725364,0.126536,0.12868
6870,24,0.557812,0.042681,0.009994,0.056908,0.332606,0.274483,0.725517,0.114027,0.117174
6871,24,0.557641,0.042675,0.009999,0.056901,0.332784,0.274563,0.725437,0.119804,0.115796
6872,30,0.557614,0.04266,0.009996,0.056879,0.332851,0.274601,0.725399,0.107559,0.105326
6873,24,0.558071,0.042615,0.00999,0.05682,0.332504,0.274349,0.725651,0.101703,0.10716
6874,30,0.558147,0.042607,0.009998,0.056809,0.332439,0.274343,0.725657,0.122184,0.121822
6875,30,0.557855,0.042578,0.010584,0.05677,0.332212,0.274314,0.725686,0.122143,0.121998
6876,24,0.557969,0.042602,0.010006,0.056803,0.332621,0.274294,0.725706,0.129838,0.129767
6877,24,0.557804,0.042597,0.009999,0.056796,0.332803,0.274397,0.725603,0.119821,0.115601
6878,30,0.557762,0.042601,0.010001,0.056802,0.332834,0.274499,0.725501,0.114953,0.111159
6879,30,0.557762,0.042601,0.01,0.056802,0.332835,0.274579,0.725421,0.112943,0.109757
6880,30,0.55751,0.042593,0.009998,0.05679,0.333109,0.274746,0.725254,0.114831,0.108663
6881,24,0.55719,0.042542,0.010835,0.056723,0.332711,0.274635,0.725365,0.116116,0.117747
6882,30,0.557277,0.042549,0.010679,0.056731,0.332764,0.274792,0.725208,0.119484,0.113628
6883,30,0.557239,0.042549,0.010519,0.056732,0.332961,0.274892,0.725108,0.134107,0.129824
6884,24,0.557713,0.042554,0.010001,0.056738,0.332995,0.274773,0.725227,0.109276,0.111498
6885,24,0.557593,0.042544,0.009998,0.056726,0.33314,0.274783,0.725217,0.11978,0.118867
6886,30,0.557811,0.042523,0.009995,0.056697,0.332973,0.274708,0.725292,0.113488,0.11473
6887,24,0.557688,0.042513,0.009998,0.056684,0.333117,0.274718,0.725282,0.119768,0.118861
6888,24,0.557687,0.042513,0.01,0.056684,0.333116,0.274764,0.725236,0.123641,0.121787
6889,24,0.557688,0.042513,0.01,0.056684,0.333115,0.274853,0.725147,0.114972,0.111175
6890,30,0.557688,0.042513,0.01,0.056684,0.333115,0.274799,0.725201,0.119545,0.120044
6891,24,0.557688,0.042513,0.01,0.056684,0.333115,0.274731,0.725269,0.121572,0.122215
6892,30,0.557498,0.042499,0.009997,0.056665,0.333342,0.27459,0.72541,0.120995,0.123722
6893,24,0.557924,0.042457,0.00999,0.05661,0.333019,0.274534,0.725466,0.092051,0.091408
6894,30,0.557738,0.042457,0.01,0.05661,0.333195,0.274596,0.725404,0.12825,0.125503
6895,24,0.557692,0.042462,0.010001,0.056616,0.333229,0.274668,0.725332,0.131639,0.128309
6896,30,0.557626,0.04245,0.009997,0.0566,0.333327,0.27461,0.72539,0.119137,0.119769
6897,24,0.557534,0.042458,0.010002,0.056611,0.333394,0.274623,0.725377,0.133346,0.132352
6898,30,0.557558,0.042438,0.009995,0.056584,0.333425,0.274618,0.725382,0.111619,0.110581
6899,30,0.557043,0.042399,0.010909,0.056532,0.333118,0.2746,0.7254,0.126101,0.126122
6900,30,0.557256,0.042414,0.010544,0.056552,0.333235,0.274627,0.725373,0.125614,0.124365
6901,30,0.557097,0.042402,0.010826,0.056536,0.33314,0.274609,0.725391,0.12615,0.126166
6902,30,0.557185,0.042408,0.010669,0.056545,0.333193,0.274671,0.725329,0.119481,0.116803
6903,30,0.55755,0.042438,0.010007,0.056583,0.333422,0.274701,0.725299,0.125213,0.123771
6904,30,0.557295,0.042444,0.010002,0.056592,0.333667,0.274831,0.725169,0.124628,0.119379
6905,30,0.557587,0.042416,0.009993,0.056555,0.333448,0.274711,0.725289,0.093772,0.09483
6906,30,0.557434,0.042412,0.009999,0.056549,0.333605,0.274783,0.725217,0.111866,0.108859
6907,24,0.557343,0.042421,0.010002,0.056561,0.333673,0.274797,0.725203,0.125037,0.124035
6908,30,0.557473,0.042408,0.009997,0.056545,0.333577,0.274769,0.725231,0.109203,0.108759
6909,30,0.557606,0.042381,0.010146,0.056508,0.333359,0.274645,0.725355,0.106819,0.109414
6910,24,0.557962,0.042361,0.009995,0.056481,0.333201,0.274617,0.725383,0.099542,0.098337
6911,30,0.55796,0.04236,0.01,0.056481,0.333199,0.274679,0.725321,0.119542,0.116852
6912,30,0.557562,0.042326,0.010751,0.056434,0.332927,0.274776,0.725224,0.122582,0.118439
6913,30,0.55763,0.042335,0.010593,0.056446,0.332996,0.275003,0.724997,0.120543,0.11269
6914,30,0.558031,0.042335,0.01,0.056446,0.333188,0.274872,0.725128,0.11253,0.115278
6915,24,0.558306,0.042308,0.009994,0.056411,0.332981,0.274691,0.725309,0.105754,0.10873
6916,30,0.558247,0.042281,0.009993,0.056374,0.333105,0.274515,0.725485,0.10134,0.105297
6917,24,0.558121,0.042271,0.009998,0.056362,0.333249,0.274527,0.725473,0.120154,0.11921
6918,30,0.558146,0.042252,0.010167,0.056336,0.333098,0.274439,0.725561,0.115164,0.116443
6919,30,0.558279,0.042255,0.010001,0.056341,0.333124,0.27441,0.72559,0.115573,0.115407
6920,30,0.558089,0.042241,0.009997,0.056321,0.333352,0.274477,0.725523,0.111012,0.10773
6921,30,0.558074,0.04224,0.010024,0.05632,0.333343,0.274423,0.725577,0.119498,0.120001
6922,24,0.558087,0.042241,0.01,0.056321,0.333351,0.27447,0.72553,0.123724,0.121847
6923,24,0.557996,0.042218,0.010325,0.056291,0.33317,0.274474,0.725526,0.119333,0.118586
6924,30,0.558688,0.042183,0.009992,0.056244,0.332893,0.274324,0.725676,0.082163,0.084542
6925,24,0.558593,0.042191,0.010002,0.056255,0.332959,0.274338,0.725662,0.13335,0.132364
6926,30,0.558594,0.042191,0.01,0.056255,0.33296,0.2744,0.7256,0.119531,0.116842
6927,30,0.558633,0.042188,0.009999,0.05625,0.33293,0.274372,0.725628,0.122272,0.122079
6928,24,0.55851,0.042178,0.009998,0.056238,0.333076,0.274385,0.725615,0.120208,0.119263
6929,30,0.55836,0.042174,0.009999,0.056232,0.333235,0.274323,0.725677,0.118492,0.119162
6930,30,0.558631,0.042148,0.009994,0.056198,0.333029,0.274204,0.725796,0.094206,0.095294
6931,24,0.558383,0.042129,0.009996,0.056173,0.333319,0.274114,0.725886,0.122918,0.124764
6932,30,0.558079,0.042125,0.009999,0.056167,0.333629,0.274137,0.725863,0.122997,0.121098
6933,30,0.557564,0.042087,0.010913,0.056115,0.333321,0.274119,0.725881,0.126101,0.126123
6934,30,0.557744,0.042119,0.010399,0.056159,0.333579,0.274271,0.725729,0.124899,0.119576
6935,24,0.557579,0.042122,0.010534,0.056163,0.333603,0.274284,0.725716,0.133296,0.132319
6936,24,0.557876,0.042145,0.010005,0.056193,0.333781,0.274262,0.725738,0.129923,0.129943
6937,30,0.557879,0.042145,0.01,0.056193,0.333783,0.274419,0.725581,0.119487,0.113644
6938,30,0.557879,0.042145,0.01,0.056193,0.333783,0.274481,0.725519,0.119531,0.116843
6939,24,0.557881,0.042145,0.01,0.056193,0.333782,0.274525,0.725475,0.123295,0.121464
6940,30,0.557737,0.042134,0.010254,0.056179,0.333696,0.274507,0.725493,0.119487,0.119497
6941,24,0.558377,0.042097,0.009991,0.05613,0.333405,0.274293,0.725707,0.092866,0.097329
6942,24,0.558372,0.042097,0.01,0.056129,0.333402,0.274339,0.725661,0.123641,0.12179
6943,24,0.558372,0.042097,0.01,0.056129,0.333402,0.274317,0.725683,0.121612,0.121626
6944,30,0.558319,0.042092,0.010107,0.056122,0.333361,0.274344,0.725656,0.125563,0.124326
6945,30,0.55823,0.042092,0.01,0.056123,0.333556,0.274283,0.725717,0.118503,0.119178
6946,30,0.558441,0.042072,0.009995,0.056096,0.333396,0.274206,0.725794,0.112463,0.113621
6947,24,0.558438,0.042072,0.01,0.056096,0.333395,0.274184,0.725816,0.121587,0.121601
6948,30,0.558438,0.042072,0.01,0.056096,0.333395,0.274246,0.725754,0.119487,0.116811
6949,24,0.55839,0.042068,0.010085,0.056091,0.333366,0.274223,0.725777,0.129866,0.129898
6950,30,0.558337,0.042063,0.009999,0.056084,0.333517,0.274252,0.725748,0.115926,0.114123
6951,24,0.558337,0.042063,0.01,0.056084,0.333517,0.274298,0.725702,0.123683,0.121823
6952,30,0.557905,0.042038,0.0105,0.05605,0.333507,0.274272,0.725728,0.125106,0.125291
6953,24,0.558047,0.042017,0.010353,0.056022,0.333561,0.274118,0.725882,0.113999,0.117158
6954,24,0.558122,0.042022,0.010001,0.05603,0.333825,0.274062,0.725938,0.126408,0.127337
6955,24,0.558,0.042013,0.009998,0.056018,0.333971,0.274075,0.725925,0.120225,0.119262
6956,24,0.558274,0.041987,0.009994,0.055983,0.333763,0.274046,0.725954,0.099495,0.098296
6957,24,0.558544,0.041961,0.009994,0.055948,0.333553,0.273866,0.726134,0.10574,0.108704
6958,24,0.558688,0.041946,0.010006,0.055927,0.333433,0.273756,0.726244,0.116154,0.117758
6959,24,0.558967,0.04192,0.009994,0.055893,0.333226,0.273667,0.726333,0.107405,0.108816
6960,24,0.558629,0.04191,0.009998,0.05588,0.333584,0.273613,0.726387,0.11801,0.118848
6961,30,0.558437,0.041895,0.009997,0.05586,0.333811,0.273564,0.726436,0.117628,0.118406
6962,24,0.558362,0.04189,0.010129,0.055853,0.333766,0.273541,0.726459,0.129878,0.129903
6963,24,0.55871,0.041869,0.009995,0.055825,0.333601,0.273452,0.726548,0.107458,0.108856
6964,30,0.558727,0.041867,0.009999,0.055822,0.333584,0.273575,0.726425,0.124714,0.120169
6965,30,0.558842,0.041847,0.01009,0.055796,0.333425,0.273442,0.726558,0.109226,0.111509
6966,24,0.559076,0.041833,0.009997,0.055778,0.333317,0.273324,0.726676,0.109258,0.111457
6967,30,0.559321,0.04181,0.009994,0.055746,0.333129,0.273235,0.726765,0.111958,0.113576
6968,30,0.559301,0.041808,0.01003,0.055744,0.333117,0.273266,0.726734,0.126144,0.124809
6969,30,0.559297,0.041811,0.010001,0.055748,0.333143,0.273404,0.726596,0.137172,0.131793
6970,30,0.559508,0.041791,0.009995,0.055722,0.332984,0.273328,0.726672,0.11255,0.113674
6971,24,0.559292,0.041791,0.01,0.055721,0.333196,0.273308,0.726692,0.12153,0.121443
6972,24,0.559202,0.041799,0.010002,0.055732,0.333265,0.273283,0.726717,0.12503,0.124349
6973,30,0.55938,0.041783,0.009996,0.05571,0.333132,0.273181,0.726819,0.108915,0.110854
6974,30,0.559243,0.041772,0.010238,0.055696,0.33305,0.273127,0.726873,0.119487,0.119986
6975,24,0.559195,0.041769,0.010323,0.055692,0.333021,0.273105,0.726895,0.121558,0.121579
6976,24,0.559163,0.041782,0.010003,0.055709,0.333343,0.273085,0.726915,0.121518,0.12144
6977,24,0.559044,0.041772,0.009998,0.055697,0.333489,0.273095,0.726905,0.11978,0.11888
6978,24,0.559044,0.041772,0.01,0.055696,0.333487,0.273184,0.726816,0.114958,0.111179
6979,30,0.559021,0.041742,0.009993,0.055656,0.333588,0.273034,0.726966,0.104958,0.108063
6980,30,0.558975,0.041746,0.010001,0.055661,0.333617,0.273002,0.726998,0.121558,0.121436
6981,30,0.558934,0.04175,0.010001,0.055666,0.333649,0.273006,0.726994,0.121558,0.120945
6982,30,0.558827,0.041742,0.009998,0.055656,0.333777,0.27296,0.72704,0.116483,0.117257
6983,30,0.558833,0.041741,0.01,0.055655,0.333771,0.272988,0.727012,0.125614,0.124366
6984,30,0.558325,0.041703,0.010899,0.055604,0.333468,0.272922,0.727078,0.129412,0.130234
6985,30,0.558396,0.041651,0.011367,0.055535,0.333051,0.272746,0.727254,0.114703,0.118343
6986,24,0.558237,0.041639,0.011211,0.055519,0.333394,0.272656,0.727344,0.122888,0.124729
6987,24,0.558655,0.04167,0.010471,0.05556,0.333644,0.272634,0.727366,0.121601,0.121611
6988,24,0.558919,0.04169,0.010005,0.055586,0.3338,0.272678,0.727322,0.123295,0.121472
6989,24,0.558922,0.04169,0.01,0.055587,0.333801,0.272656,0.727344,0.129907,0.129922
6990,30,0.558902,0.041689,0.010036,0.055585,0.333789,0.272688,0.727312,0.126144,0.124811
6991,24,0.558801,0.041681,0.009998,0.055574,0.333946,0.272698,0.727302,0.11978,0.118866
6992,24,0.5588,0.041681,0.01,0.055574,0.333945,0.272676,0.727324,0.129907,0.129922
6993,30,0.558968,0.041665,0.009996,0.055553,0.333818,0.272532,0.727468,0.119248,0.121822
6994,24,0.558966,0.041665,0.01,0.055553,0.333817,0.272579,0.727421,0.123695,0.121843
6995,30,0.558641,0.041648,0.010502,0.05553,0.333679,0.272583,0.727417,0.128171,0.127566
6996,24,0.558922,0.041668,0.010005,0.055558,0.333847,0.27263,0.72737,0.123718,0.121856
6997,30,0.558726,0.041641,0.010481,0.055522,0.33363,0.272703,0.727297,0.116035,0.113004
6998,30,0.558714,0.041647,0.010089,0.05553,0.334021,0.272627,0.727373,0.113008,0.1145
6999,30,0.558915,0.041623,0.010141,0.055497,0.333824,0.272445,0.727555,0.109135,0.111699
7000,30,0.558887,0.041621,0.009999,0.055494,0.333999,0.272496,0.727504,0.109869,0.107481
7001,30,0.558702,0.041606,0.009996,0.055475,0.334221,0.272443,0.727557,0.11706,0.117927
7002,24,0.558702,0.041606,0.01,0.055474,0.334218,0.272532,0.727468,0.114958,0.111183
7003,30,0.558469,0.041595,0.009998,0.055461,0.334478,0.272413,0.727587,0.122988,0.125093
7004,30,0.557974,0.041559,0.010875,0.055411,0.334181,0.272384,0.727616,0.136081,0.136413
7005,30,0.55857,0.041515,0.010726,0.055354,0.333835,0.272105,0.727895,0.088214,0.094204
7006,24,0.559159,0.041528,0.010003,0.055371,0.333938,0.271987,0.728013,0.109243,0.111432
7007,30,0.559131,0.041531,0.010001,0.055375,0.333962,0.272255,0.727745,0.11673,0.107534
7008,24,0.559009,0.041522,0.009998,0.055363,0.334108,0.272268,0.727732,0.120196,0.119245
7009,24,0.558918,0.041531,0.010002,0.055374,0.334175,0.272282,0.727718,0.13335,0.132358
7010,30,0.558939,0.041497,0.009992,0.055329,0.334244,0.272126,0.727874,0.104018,0.107244
7011,24,0.558721,0.041496,0.01,0.055328,0.334455,0.272106,0.727894,0.12983,0.129752
7012,30,0.558728,0.041495,0.01,0.055327,0.33445,0.272134,0.727866,0.125615,0.124368
7013,24,0.558728,0.041495,0.01,0.055327,0.33445,0.272181,0.727819,0.12374,0.121871
7014,30,0.558728,0.041495,0.01,0.055327,0.33445,0.272261,0.727739,0.112885,0.109734
7015,24,0.559002,0.041469,0.009994,0.055292,0.334242,0.272081,0.727919,0.105734,0.108664
7016,24,0.558999,0.041469,0.01,0.055292,0.33424,0.272127,0.727873,0.12367,0.121818
7017,30,0.559218,0.041449,0.009995,0.055265,0.334074,0.272053,0.727947,0.113561,0.114758
7018,30,0.559087,0.041442,0.009999,0.055256,0.334216,0.272098,0.727902,0.117477,0.114807
7019,30,0.558762,0.041425,0.010501,0.055234,0.334079,0.272102,0.727898,0.128171,0.127564
7020,30,0.558514,0.041401,0.010805,0.055202,0.334078,0.272044,0.727956,0.121689,0.12274
7021,30,0.558964,0.041435,0.010008,0.055246,0.334347,0.272125,0.727875,0.11295,0.109782
7022,30,0.558868,0.041427,0.009998,0.055235,0.334472,0.272154,0.727846,0.115921,0.114123
7023,24,0.558867,0.041426,0.01,0.055235,0.334471,0.272201,0.727799,0.12374,0.121871
7024,30,0.558874,0.041426,0.01,0.055234,0.334466,0.27226,0.72774,0.119012,0.116423
7025,30,0.55873,0.041415,0.010254,0.05522,0.33438,0.272243,0.727757,0.119487,0.119493
7026,30,0.558872,0.041426,0.010003,0.055234,0.334465,0.272306,0.727694,0.119531,0.11686
7027,30,0.5591,0.041405,0.009995,0.055206,0.334294,0.272227,0.727773,0.11294,0.114252
7028,24,0.558884,0.041404,0.01,0.055205,0.334507,0.272207,0.727793,0.121521,0.121435
7029,30,0.558742,0.041393,0.010252,0.055191,0.334422,0.27219,0.72781,0.119483,0.11949
7030,24,0.558883,0.041404,0.010003,0.055205,0.334506,0.272236,0.727764,0.12367,0.121818
7031,24,0.558794,0.041412,0.010002,0.055216,0.334575,0.27225,0.72775,0.13335,0.132358
7032,30,0.559177,0.041377,0.009991,0.055169,0.334287,0.27219,0.72781,0.102817,0.103113
7033,30,0.559455,0.04135,0.009994,0.055133,0.334069,0.27202,0.72798,0.10044,0.10368
7034,24,0.559238,0.041349,0.01,0.055132,0.334281,0.272,0.728,0.121525,0.121439
7035,30,0.559223,0.041348,0.010027,0.05513,0.334272,0.271947,0.728053,0.119498,0.119988
7036,24,0.559694,0.041306,0.00999,0.055075,0.333935,0.271696,0.728304,0.093331,0.098726
7037,24,0.559962,0.04128,0.009994,0.05504,0.333725,0.271669,0.728331,0.099509,0.098296
7038,30,0.559965,0.041279,0.01,0.055039,0.333717,0.271697,0.728303,0.125614,0.124369
7039,24,0.559973,0.041258,0.009995,0.05501,0.333764,0.271553,0.728447,0.106953,0.109882
7040,30,0.559779,0.041244,0.009997,0.054991,0.33399,0.271505,0.728495,0.117624,0.118387
7041,30,0.559944,0.041228,0.009996,0.05497,0.333862,0.271373,0.728627,0.102584,0.104828
7042,24,0.560035,0.041219,0.009998,0.054958,0.33379,0.271379,0.728621,0.119446,0.118671
7043,24,0.559913,0.04121,0.009998,0.054946,0.333934,0.271389,0.728611,0.11978,0.118867
7044,30,0.559912,0.041209,0.01,0.054946,0.333933,0.271421,0.728579,0.126202,0.124853
7045,30,0.560289,0.041166,0.010079,0.054888,0.333578,0.271101,0.728899,0.101579,0.108925
7046,24,0.560241,0.041162,0.010164,0.054883,0.33355,0.271079,0.728921,0.129866,0.129891
7047,24,0.559886,0.041136,0.010791,0.054848,0.333339,0.271057,0.728943,0.129853,0.129878
7048,30,0.560377,0.04115,0.010159,0.054866,0.333449,0.270963,0.729037,0.109892,0.111678
7049,30,0.560424,0.04116,0.010003,0.05488,0.333533,0.270968,0.729032,0.121558,0.120941
7050,24,0.560555,0.041148,0.009997,0.054864,0.333436,0.271004,0.728996,0.102095,0.099146
7051,30,0.560528,0.041146,0.010045,0.054861,0.333419,0.271036,0.728964,0.126144,0.124816
7052,30,0.5604,0.04113,0.009996,0.05484,0.333633,0.270929,0.729071,0.107087,0.108975
7053,24,0.560398,0.04113,0.01,0.05484,0.333631,0.270908,0.729092,0.12164,0.121634
7054,24,0.560398,0.04113,0.01,0.05484,0.333631,0.270887,0.729113,0.121628,0.121628
7055,30,0.560254,0.04112,0.010254,0.054826,0.333546,0.27087,0.72913,0.119487,0.119489
7056,24,0.560367,0.041128,0.010056,0.054837,0.333613,0.270803,0.729197,0.121572,0.122189
7057,30,0.560595,0.041112,0.009996,0.054816,0.333482,0.270901,0.729099,0.107887,0.103721
7058,30,0.560593,0.041111,0.01,0.054815,0.33348,0.270848,0.729152,0.119556,0.120023
7059,30,0.560485,0.041104,0.009998,0.054805,0.333608,0.27091,0.72909,0.123139,0.120414
7060,24,0.560484,0.041104,0.01,0.054805,0.333607,0.270843,0.729157,0.121572,0.122188
7061,30,0.560335,0.0411,0.009999,0.054799,0.333767,0.270782,0.729218,0.118495,0.119142
7062,24,0.560244,0.041108,0.010002,0.054811,0.333835,0.270796,0.729204,0.125033,0.12404
7063,30,0.560138,0.0411,0.009998,0.0548,0.333963,0.270799,0.729201,0.123139,0.122571
7064,30,0.560137,0.0411,0.01,0.0548,0.333963,0.270831,0.729169,0.126202,0.124858
7065,24,0.560137,0.0411,0.01,0.0548,0.333963,0.271111,0.728889,0.113263,0.103924
7066,30,0.560137,0.0411,0.01,0.0548,0.333963,0.271058,0.728942,0.119545,0.120015
7067,30,0.560137,0.0411,0.01,0.0548,0.333963,0.271121,0.728879,0.119542,0.116873
7068,30,0.559986,0.041114,0.010003,0.054819,0.334078,0.27125,0.72875,0.137689,0.132436
7069,30,0.560015,0.04108,0.009992,0.054773,0.33414,0.271133,0.728867,0.098301,0.100419
7070,30,0.560253,0.041057,0.009994,0.054743,0.333953,0.271076,0.728924,0.105308,0.105548
7071,24,0.560159,0.041065,0.010002,0.054754,0.33402,0.27109,0.72891,0.125033,0.12404
7072,30,0.56016,0.041065,0.01,0.054754,0.334021,0.271171,0.728829,0.112874,0.109732
7073,24,0.560112,0.041062,0.010085,0.054749,0.333992,0.271149,0.728851,0.129866,0.129891
7074,24,0.56007,0.041074,0.010003,0.054765,0.334089,0.271163,0.728837,0.125033,0.12404
7075,30,0.559913,0.041062,0.01028,0.054749,0.333995,0.271243,0.728757,0.112819,0.109692
7076,24,0.559715,0.041048,0.010411,0.05473,0.334096,0.271187,0.728813,0.126363,0.127292
7077,24,0.560167,0.041044,0.009999,0.054725,0.334065,0.271108,0.728892,0.108737,0.109935
7078,24,0.560076,0.041052,0.010002,0.054736,0.334133,0.271084,0.728916,0.125017,0.124332
7079,24,0.560079,0.041052,0.01,0.054736,0.334133,0.271129,0.728871,0.123295,0.12148
7080,30,0.55994,0.041042,0.010246,0.054723,0.33405,0.27116,0.72884,0.136138,0.134286
7081,24,0.560079,0.041052,0.010002,0.054736,0.334131,0.271205,0.728795,0.123295,0.12148
7082,24,0.56008,0.041052,0.01,0.054736,0.334132,0.27129,0.72871,0.115333,0.111833
7083,30,0.559833,0.041048,0.010294,0.05473,0.334096,0.271386,0.728614,0.130991,0.12726
7084,24,0.559478,0.041022,0.01092,0.054695,0.333884,0.271319,0.728681,0.12153,0.122167
7085,30,0.559547,0.04103,0.010762,0.054707,0.333954,0.271458,0.728542,0.137171,0.131819
7086,24,0.559071,0.040995,0.011385,0.05466,0.333888,0.271401,0.728599,0.126328,0.127269
7087,30,0.558679,0.040973,0.011664,0.054631,0.334052,0.271386,0.728614,0.119621,0.118881
7088,30,0.559153,0.041008,0.010826,0.054678,0.334336,0.271449,0.728551,0.11955,0.116877
7089,24,0.559615,0.041042,0.010008,0.054723,0.334612,0.271496,0.728504,0.123727,0.121873
7090,30,0.55962,0.041042,0.01,0.054723,0.334615,0.271559,0.728441,0.119542,0.116872
7091,30,0.559796,0.041026,0.009996,0.054701,0.334481,0.271458,0.728542,0.108924,0.110847
7092,24,0.560069,0.041,0.009994,0.054667,0.33427,0.27137,0.72863,0.107503,0.108861
7093,30,0.560276,0.04098,0.009995,0.05464,0.334109,0.271294,0.728706,0.112524,0.113639
7094,30,0.560277,0.04096,0.010205,0.054614,0.333944,0.271207,0.728793,0.115134,0.116395
7095,24,0.560269,0.04096,0.01,0.054613,0.334159,0.27122,0.72878,0.120208,0.119263
7096,30,0.560269,0.04096,0.01,0.054613,0.334159,0.271283,0.728717,0.119531,0.116861
7097,30,0.560436,0.040944,0.009996,0.054592,0.334031,0.27115,0.72885,0.10917,0.111439
7098,30,0.560434,0.040944,0.01,0.054592,0.33403,0.271133,0.728867,0.119545,0.119531
7099,30,0.560285,0.04094,0.009999,0.054587,0.334189,0.271072,0.728928,0.118491,0.119138
7100,24,0.560284,0.04094,0.01,0.054587,0.334189,0.271118,0.728882,0.123641,0.121804
7101,24,0.560126,0.040907,0.010507,0.054542,0.333918,0.271007,0.728993,0.118661,0.120715
7102,30,0.560357,0.040848,0.010893,0.054464,0.333438,0.270746,0.729254,0.100993,0.106687
7103,24,0.560509,0.040874,0.010248,0.054499,0.33387,0.270726,0.729274,0.129842,0.129765
7104,24,0.560527,0.040875,0.01,0.0545,0.334097,0.270737,0.729263,0.11978,0.118882
7105,24,0.560479,0.040872,0.010086,0.054495,0.334069,0.270836,0.729164,0.121558,0.11712
7106,30,0.559969,0.040834,0.010986,0.054446,0.333765,0.270771,0.729229,0.129412,0.130215
7107,24,0.559999,0.040851,0.010338,0.054469,0.334343,0.270717,0.729283,0.126322,0.127149
7108,30,0.560188,0.040865,0.010003,0.054487,0.334456,0.270781,0.729219,0.119588,0.116916
7109,30,0.560388,0.040847,0.009996,0.054463,0.334307,0.270718,0.729282,0.114513,0.115411
7110,24,0.560567,0.04083,0.009996,0.05444,0.334167,0.27075,0.72925,0.100896,0.09796
7111,30,0.560559,0.040829,0.010011,0.054439,0.334162,0.270697,0.729303,0.119498,0.11998
7112,24,0.560748,0.040813,0.009996,0.054417,0.334026,0.270579,0.729421,0.109231,0.111407
7113,30,0.560725,0.040815,0.01,0.054419,0.334041,0.270807,0.729193,0.120546,0.112789
7114,30,0.560846,0.040803,0.009997,0.054404,0.333949,0.270836,0.729164,0.115199,0.11329
7115,24,0.560755,0.040812,0.010002,0.054415,0.334016,0.27085,0.72915,0.12505,0.12405
7116,30,0.560763,0.040811,0.01,0.054415,0.334012,0.270909,0.729091,0.119001,0.116423
7117,30,0.560655,0.040803,0.009998,0.054404,0.334139,0.270972,0.729028,0.116479,0.113734
7118,30,0.560654,0.040803,0.01,0.054404,0.334138,0.271035,0.728965,0.119542,0.116873
7119,24,0.560532,0.040794,0.009998,0.054392,0.334284,0.270979,0.729021,0.126375,0.127301
7120,30,0.560227,0.040782,0.010253,0.054376,0.334361,0.271118,0.728882,0.137146,0.131807
7121,30,0.560379,0.040792,0.010002,0.054389,0.334438,0.271183,0.728817,0.115157,0.112134
7122,30,0.560888,0.040745,0.009988,0.054326,0.334053,0.2709,0.7291,0.088693,0.094539
7123,24,0.561033,0.04073,0.009996,0.054307,0.333933,0.271108,0.728892,0.109915,0.102306
7124,24,0.56091,0.040721,0.009998,0.054295,0.334077,0.271118,0.728882,0.119768,0.118863
7125,24,0.560909,0.040721,0.01,0.054294,0.334076,0.271165,0.728835,0.12367,0.121824
7126,24,0.561364,0.040679,0.00999,0.054238,0.33373,0.270914,0.729086,0.101667,0.107044
7127,30,0.561523,0.040663,0.009996,0.054217,0.3336,0.270986,0.729014,0.095869,0.091802
7128,24,0.561398,0.040654,0.009998,0.054205,0.333745,0.270999,0.729001,0.120208,0.119253
7129,30,0.561016,0.040626,0.010672,0.054168,0.333518,0.270934,0.729066,0.129423,0.130227
7130,24,0.561129,0.040634,0.010474,0.054179,0.333585,0.270912,0.729088,0.129893,0.129911
7131,30,0.561501,0.040628,0.010172,0.05417,0.33353,0.270829,0.729171,0.11286,0.114345
7132,24,0.561818,0.040614,0.009997,0.054152,0.333419,0.270749,0.729251,0.108628,0.109846
7133,24,0.562239,0.040575,0.00999,0.0541,0.333096,0.27068,0.72932,0.094057,0.093789
7134,30,0.562422,0.040541,0.009992,0.054054,0.332991,0.270482,0.729518,0.09764,0.101648
7135,30,0.562431,0.040521,0.009995,0.054028,0.333024,0.270483,0.729517,0.112186,0.111046
7136,24,0.562382,0.040518,0.01008,0.054024,0.332995,0.270461,0.729539,0.121558,0.121573
7137,30,0.562311,0.040514,0.009999,0.054019,0.333156,0.270463,0.729537,0.12215,0.121492
7138,24,0.562311,0.040514,0.01,0.054019,0.333156,0.270442,0.729558,0.121657,0.121646
7139,30,0.562756,0.040473,0.00999,0.053964,0.332817,0.270142,0.729858,0.084596,0.09117
7140,30,0.562572,0.040489,0.010004,0.053985,0.33295,0.270179,0.729821,0.138224,0.136047
7141,30,0.562533,0.040493,0.010001,0.053991,0.332983,0.270184,0.729816,0.121561,0.120943
7142,30,0.562533,0.040493,0.01,0.053991,0.332983,0.270247,0.729753,0.119542,0.116879
7143,30,0.562396,0.040483,0.010242,0.053978,0.332902,0.27023,0.72977,0.119487,0.119488
7144,30,0.561962,0.040459,0.010742,0.053945,0.332893,0.270205,0.729795,0.125111,0.125282
7145,24,0.562749,0.040455,0.009999,0.053939,0.332858,0.270141,0.729859,0.095279,0.094998
7146,24,0.562842,0.040446,0.009998,0.053928,0.332786,0.270145,0.729855,0.119044,0.118308
7147,30,0.562799,0.04045,0.010001,0.053933,0.332817,0.270138,0.729862,0.13819,0.137885
7148,30,0.562655,0.040439,0.010255,0.053919,0.332732,0.27023,0.72977,0.119487,0.115985
7149,24,0.562606,0.040436,0.01034,0.053914,0.332703,0.270208,0.729792,0.129866,0.12989
7150,30,0.562108,0.0404,0.011217,0.053867,0.332408,0.270179,0.729821,0.136081,0.136401
7151,24,0.562643,0.040394,0.010745,0.053859,0.332359,0.270152,0.729848,0.099463,0.098245
7152,24,0.562606,0.040391,0.010592,0.053855,0.332556,0.270096,0.729904,0.126391,0.127315
7153,24,0.562895,0.040387,0.010346,0.05385,0.332522,0.270139,0.729861,0.109903,0.10737
7154,30,0.563097,0.040401,0.010003,0.053867,0.332632,0.270198,0.729802,0.118987,0.116423
7155,24,0.563099,0.040401,0.01,0.053868,0.332633,0.270245,0.729755,0.123712,0.12186
7156,30,0.563009,0.040409,0.010002,0.053879,0.332701,0.270514,0.729486,0.123911,0.114938
7157,30,0.562832,0.040425,0.010004,0.053901,0.332838,0.270551,0.729449,0.138224,0.136045
7158,30,0.562873,0.040422,0.009999,0.053896,0.33281,0.270524,0.729476,0.115571,0.115376
7159,30,0.563334,0.040379,0.009989,0.053839,0.332458,0.270196,0.729804,0.099595,0.106958
7160,24,0.563115,0.040378,0.01,0.053838,0.332669,0.270176,0.729824,0.129855,0.129763
7161,30,0.562972,0.040334,0.010613,0.053779,0.332302,0.270118,0.729882,0.115653,0.115347
7162,24,0.563272,0.040363,0.010007,0.053817,0.33254,0.27042,0.72958,0.115017,0.105017
7163,30,0.563446,0.040347,0.010006,0.053795,0.332407,0.270307,0.729693,0.125451,0.127689
7164,30,0.563215,0.040337,0.009998,0.053782,0.332668,0.270231,0.729769,0.113019,0.114495
7165,24,0.563169,0.040341,0.010001,0.053788,0.332702,0.270533,0.729467,0.115017,0.105008
7166,30,0.563141,0.040339,0.010049,0.053785,0.332685,0.270565,0.729435,0.126144,0.124818
7167,30,0.563315,0.040327,0.009997,0.05377,0.33259,0.270421,0.729579,0.102983,0.104754
7168,24,0.563315,0.040327,0.01,0.05377,0.332588,0.270466,0.729534,0.123283,0.121475
7169,30,0.563531,0.040307,0.009995,0.053743,0.332424,0.270392,0.729608,0.113494,0.114689
7170,24,0.563439,0.040315,0.010002,0.053754,0.33249,0.270535,0.729465,0.116734,0.111524
7171,30,0.563648,0.040296,0.009995,0.053728,0.332332,0.270568,0.729432,0.099203,0.096428
7172,24,0.563556,0.040304,0.010002,0.053739,0.332399,0.270583,0.729417,0.125046,0.124051
7173,24,0.563494,0.040285,0.010052,0.053713,0.332457,0.270486,0.729514,0.122071,0.124087
7174,30,0.563481,0.040291,0.010001,0.053721,0.332506,0.270589,0.729411,0.114961,0.111202
7175,24,0.563754,0.040266,0.009994,0.053687,0.332299,0.270501,0.729499,0.107452,0.108818
7176,30,0.563601,0.040261,0.009999,0.053682,0.332457,0.270575,0.729425,0.111902,0.108919
7177,30,0.563451,0.040258,0.009999,0.053677,0.332616,0.270514,0.729486,0.118502,0.119148
7178,24,0.563327,0.040249,0.009998,0.053665,0.332762,0.270458,0.729542,0.118076,0.118983
7179,24,0.563507,0.040232,0.009996,0.053643,0.332623,0.270339,0.729661,0.117456,0.119646
7180,24,0.563505,0.040232,0.01,0.053642,0.332621,0.270424,0.729576,0.115347,0.111852
7181,30,0.563367,0.040222,0.010242,0.053629,0.33254,0.270407,0.729593,0.119487,0.119488
7182,24,0.563381,0.040223,0.01,0.05363,0.332766,0.270418,0.729582,0.119772,0.118865
7183,24,0.563168,0.040222,0.01,0.05363,0.33298,0.270399,0.729601,0.121542,0.121442
7184,30,0.563377,0.040203,0.009995,0.053604,0.332821,0.270324,0.729676,0.112492,0.113603
7185,24,0.563644,0.040178,0.009994,0.053571,0.332614,0.270297,0.729703,0.099452,0.098239
7186,30,0.563406,0.040168,0.009997,0.053557,0.332871,0.270333,0.729667,0.113019,0.110914
7187,24,0.563405,0.040168,0.01,0.053557,0.33287,0.270311,0.729689,0.129895,0.12991
7188,30,0.563691,0.040141,0.009993,0.053522,0.332652,0.270193,0.729807,0.093683,0.094696
7189,30,0.563815,0.040129,0.009997,0.053506,0.332553,0.270218,0.729782,0.114641,0.112831
7190,30,0.563772,0.040133,0.010001,0.053511,0.332583,0.270223,0.729777,0.121563,0.120945
7191,24,0.563559,0.040133,0.01,0.05351,0.332798,0.270204,0.729796,0.121546,0.121446
7192,30,0.563331,0.040088,0.010703,0.05345,0.332427,0.270087,0.729913,0.114366,0.116793
7193,30,0.563562,0.040104,0.010105,0.053472,0.332756,0.27009,0.72991,0.123144,0.122579
7194,30,0.563629,0.040108,0.010001,0.053477,0.332785,0.270118,0.729882,0.125613,0.124378
7195,30,0.563624,0.040088,0.010218,0.053451,0.332619,0.270031,0.729969,0.11512,0.116368
7196,30,0.563597,0.040093,0.010001,0.053457,0.332852,0.270105,0.729895,0.111891,0.108915
7197,30,0.563677,0.040086,0.009998,0.053447,0.332792,0.270174,0.729826,0.110605,0.107621
7198,24,0.563857,0.040069,0.009996,0.053425,0.332653,0.270055,0.729945,0.117452,0.119641
7199,30,0.563933,0.040061,0.009998,0.053415,0.332592,0.270107,0.729893,0.113796,0.111106
7200,24,0.563888,0.040066,0.010001,0.053421,0.332625,0.270243,0.729757,0.123341,0.118351
7201,24,0.563889,0.040065,0.01,0.053421,0.332625,0.270333,0.729667,0.114972,0.111206
7202,30,0.563376,0.040029,0.010901,0.053372,0.332322,0.270315,0.729685,0.126101,0.126115
7203,24,0.563414,0.040039,0.010538,0.053385,0.332624,0.270397,0.729603,0.119801,0.115827
7204,30,0.563269,0.040029,0.010792,0.053372,0.332538,0.27038,0.72962,0.119486,0.119488
7205,24,0.563621,0.040036,0.010358,0.053382,0.332602,0.270459,0.729541,0.11788,0.113714
7206,24,0.564128,0.040012,0.010107,0.05335,0.332403,0.270243,0.729757,0.10146,0.1053
7207,24,0.5638,0.039965,0.010943,0.053286,0.332006,0.270133,0.729867,0.116081,0.117658
7208,24,0.56406,0.039983,0.010487,0.053311,0.332159,0.270218,0.729782,0.115345,0.111857
7209,30,0.564129,0.039991,0.010329,0.053322,0.332228,0.270337,0.729663,0.120547,0.1163
7210,30,0.564479,0.039989,0.01,0.053319,0.332212,0.270181,0.729819,0.112543,0.114587
7211,30,0.564464,0.039988,0.010027,0.053318,0.332203,0.270128,0.729872,0.119498,0.119975
7212,24,0.564479,0.039989,0.01,0.053319,0.332212,0.270227,0.729773,0.121572,0.117138
7213,30,0.564459,0.039988,0.010036,0.053317,0.3322,0.270259,0.729741,0.126144,0.124818
7214,24,0.564479,0.039989,0.01,0.053319,0.332212,0.270306,0.729694,0.123712,0.12186
7215,30,0.564695,0.03997,0.009995,0.053293,0.332048,0.270232,0.729768,0.113435,0.114646
7216,30,0.564458,0.03996,0.009997,0.053279,0.332306,0.270125,0.729875,0.113023,0.114785
7217,30,0.564333,0.039951,0.010215,0.053268,0.332233,0.270061,0.729939,0.129467,0.130253
7218,24,0.564365,0.039968,0.010004,0.05329,0.332373,0.270075,0.729925,0.133366,0.132382
7219,24,0.564518,0.039954,0.009997,0.053272,0.332259,0.270118,0.729882,0.109898,0.107362
7220,24,0.56418,0.039945,0.009998,0.053259,0.332618,0.270064,0.729936,0.126348,0.127161
7221,30,0.564149,0.03993,0.009996,0.053239,0.332685,0.270104,0.729896,0.10753,0.105321
7222,24,0.564147,0.039929,0.01,0.053239,0.332684,0.270082,0.729918,0.129924,0.129938
7223,30,0.564046,0.039921,0.009998,0.053228,0.332807,0.270112,0.729888,0.115924,0.114136
7224,24,0.564192,0.039888,0.009992,0.053183,0.332745,0.26999,0.73001,0.103858,0.106136
7225,30,0.564247,0.039882,0.009999,0.053176,0.332697,0.270046,0.729954,0.121886,0.119264
7226,24,0.564246,0.039882,0.01,0.053176,0.332696,0.270146,0.729854,0.113263,0.109369
7227,24,0.564157,0.03989,0.010002,0.053186,0.332765,0.270161,0.729839,0.125046,0.12405
7228,30,0.56436,0.039871,0.009995,0.053162,0.332611,0.270214,0.729786,0.112808,0.109861
7229,24,0.564576,0.039851,0.009995,0.053135,0.332442,0.270133,0.729867,0.108563,0.109786
7230,24,0.564484,0.039859,0.010002,0.053146,0.332509,0.27011,0.72989,0.125047,0.124347
7231,30,0.564339,0.039849,0.010256,0.053132,0.332424,0.270093,0.729907,0.119487,0.119487
7232,24,0.56414,0.039835,0.010386,0.053113,0.332525,0.270037,0.729963,0.126367,0.12729
7233,30,0.564437,0.039843,0.010002,0.053124,0.332593,0.270106,0.729894,0.110602,0.107617
7234,24,0.564349,0.039851,0.010002,0.053135,0.332662,0.27012,0.72988,0.133354,0.13237
7235,24,0.56435,0.039851,0.01,0.053135,0.332663,0.270167,0.729833,0.12367,0.121834
7236,30,0.564157,0.039838,0.009997,0.053117,0.332891,0.270108,0.729892,0.120989,0.12117
7237,24,0.564299,0.039823,0.010009,0.053098,0.332771,0.270166,0.729834,0.107815,0.104874
7238,30,0.564342,0.03982,0.009999,0.053094,0.332745,0.270139,0.729861,0.122241,0.122042
7239,24,0.564005,0.039811,0.009998,0.053081,0.333105,0.270085,0.729915,0.118026,0.118836
7240,24,0.564275,0.039786,0.009994,0.053048,0.332897,0.269997,0.730003,0.107379,0.108746
7241,30,0.564278,0.039785,0.01,0.053047,0.332889,0.270056,0.729944,0.118998,0.116434
7242,30,0.563951,0.039769,0.010502,0.053025,0.332753,0.27012,0.72988,0.128177,0.125424
7243,24,0.564355,0.039768,0.010105,0.053024,0.332747,0.270002,0.729998,0.117476,0.119662
7244,24,0.564307,0.039765,0.010191,0.05302,0.332718,0.26998,0.73002,0.129866,0.129889
7245,30,0.56465,0.039751,0.009997,0.053001,0.332602,0.269998,0.730002,0.111976,0.110017
7246,30,0.564822,0.039735,0.009996,0.05298,0.332468,0.269881,0.730119,0.107755,0.110167
7247,30,0.565026,0.039716,0.009995,0.052955,0.332308,0.269805,0.730195,0.112449,0.113566
7248,24,0.565025,0.039716,0.01,0.052954,0.332306,0.269895,0.730105,0.114958,0.111207
7249,24,0.564936,0.039724,0.010002,0.052965,0.332374,0.269872,0.730128,0.125033,0.12434
7250,24,0.565084,0.03969,0.009992,0.052921,0.332314,0.26975,0.73025,0.103874,0.106143
7251,24,0.565079,0.03969,0.01,0.05292,0.332311,0.269684,0.730316,0.121572,0.122181
7252,30,0.564565,0.039654,0.010901,0.052872,0.332008,0.269666,0.730334,0.126101,0.126113
7253,24,0.564871,0.03969,0.010211,0.05292,0.332309,0.269681,0.730319,0.125053,0.124053
7254,30,0.564788,0.039685,0.009999,0.052914,0.332614,0.269673,0.730327,0.110013,0.108907
7255,24,0.565056,0.039661,0.009994,0.052881,0.332408,0.269647,0.730353,0.099475,0.098252
7256,24,0.565053,0.039661,0.01,0.052881,0.332406,0.269626,0.730374,0.121612,0.121612
7257,30,0.564915,0.039651,0.010242,0.052868,0.332324,0.269573,0.730427,0.119487,0.119965
7258,30,0.564895,0.039649,0.010278,0.052866,0.332312,0.269605,0.730395,0.126144,0.12482
7259,24,0.564929,0.039652,0.010001,0.052869,0.33255,0.269616,0.730384,0.119772,0.118867
7260,24,0.565198,0.039627,0.009994,0.052836,0.332344,0.269605,0.730395,0.097353,0.095737
7261,24,0.565106,0.039635,0.010002,0.052847,0.332411,0.26962,0.73038,0.13337,0.132376
7262,24,0.565198,0.039627,0.009998,0.052836,0.332341,0.269823,0.730177,0.111051,0.103908
7263,24,0.56515,0.039623,0.010083,0.052831,0.332313,0.269756,0.730244,0.121558,0.122172
7264,30,0.565005,0.039613,0.010337,0.052818,0.332227,0.269739,0.730261,0.119487,0.119487
7265,24,0.565197,0.039626,0.010003,0.052835,0.332338,0.269829,0.730171,0.114972,0.111211
7266,24,0.565469,0.039602,0.009994,0.052803,0.332133,0.26974,0.73026,0.107345,0.10872
7267,24,0.565376,0.03961,0.010002,0.052813,0.332199,0.269755,0.730245,0.13337,0.132376
7268,24,0.565779,0.039566,0.010071,0.052755,0.33183,0.269503,0.730497,0.101479,0.106835
7269,30,0.56572,0.039549,0.010117,0.052732,0.331882,0.269409,0.730591,0.114141,0.115542
7270,30,0.565745,0.039558,0.010002,0.052743,0.331952,0.269414,0.730586,0.121566,0.12095
7271,30,0.565597,0.039571,0.010003,0.052762,0.332067,0.269584,0.730416,0.127764,0.121471
7272,30,0.56559,0.039572,0.01,0.052763,0.332075,0.269652,0.730348,0.118554,0.115559
7273,24,0.565071,0.039536,0.01091,0.052714,0.33177,0.269585,0.730415,0.121516,0.122136
7274,30,0.56522,0.039556,0.010543,0.052741,0.331939,0.269848,0.730152,0.123385,0.114629
7275,30,0.565807,0.039552,0.009999,0.052736,0.331906,0.269802,0.730198,0.097827,0.097732
7276,30,0.565746,0.039558,0.010001,0.052743,0.331952,0.270065,0.729935,0.123384,0.114621
7277,30,0.565747,0.039558,0.01,0.052743,0.331952,0.270128,0.729872,0.119542,0.116885
7278,24,0.565926,0.039541,0.009996,0.052722,0.331815,0.27001,0.72999,0.117511,0.119684
7279,30,0.565903,0.039543,0.01,0.052724,0.331829,0.270094,0.729906,0.120581,0.116815
7280,24,0.565905,0.039543,0.01,0.052724,0.331829,0.270184,0.729816,0.114972,0.111218
7281,30,0.565905,0.039543,0.01,0.052724,0.331829,0.270131,0.729869,0.119545,0.12001
7282,24,0.566175,0.039518,0.009994,0.052691,0.331622,0.270043,0.729957,0.107373,0.108735
7283,30,0.566231,0.039513,0.009999,0.052683,0.331575,0.27019,0.72981,0.121268,0.115647
7284,30,0.565799,0.039511,0.010105,0.052681,0.331903,0.270188,0.729812,0.126342,0.125713
7285,30,0.565492,0.039493,0.010607,0.052657,0.331751,0.270307,0.729693,0.127163,0.122927
7286,24,0.565747,0.039525,0.010008,0.0527,0.33202,0.270322,0.729678,0.125053,0.124054
7287,24,0.565227,0.039489,0.010918,0.052652,0.331715,0.270255,0.729745,0.121516,0.12215
7288,24,0.565822,0.039487,0.010343,0.052649,0.3317,0.270166,0.729834,0.107341,0.108716
7289,30,0.566317,0.039468,0.010052,0.052624,0.33154,0.26995,0.73005,0.096828,0.10176
7290,24,0.566223,0.039461,0.009998,0.052615,0.331703,0.269895,0.730105,0.118129,0.119021
7291,24,0.566133,0.039469,0.010002,0.052626,0.33177,0.26991,0.73009,0.125066,0.124059
7292,30,0.565957,0.039485,0.010004,0.052647,0.331907,0.269948,0.730052,0.138256,0.136071
7293,30,0.565959,0.039486,0.01,0.052647,0.331908,0.269884,0.730116,0.129478,0.130261
7294,30,0.565782,0.039502,0.010004,0.052669,0.332044,0.269933,0.730067,0.128265,0.125774
7295,24,0.565262,0.039465,0.010914,0.052621,0.331739,0.270032,0.729968,0.121516,0.117092
7296,30,0.56558,0.039494,0.010094,0.052659,0.332173,0.270106,0.729894,0.1119,0.108918
7297,24,0.565679,0.039494,0.01,0.052658,0.332169,0.270341,0.729659,0.113239,0.105056
7298,24,0.565858,0.039477,0.009996,0.052637,0.332032,0.270223,0.729777,0.117514,0.119684
7299,24,0.565767,0.039485,0.010002,0.052647,0.332099,0.270238,0.729762,0.125054,0.124054
7300,24,0.565679,0.039494,0.010002,0.052658,0.332167,0.270253,0.729747,0.12505,0.124054
7301,30,0.565651,0.039492,0.01005,0.052656,0.332151,0.270285,0.729715,0.126144,0.124818
7302,24,0.56568,0.039494,0.010001,0.052658,0.332168,0.270263,0.729737,0.129895,0.12991
7303,30,0.565692,0.039475,0.009995,0.052634,0.332204,0.270147,0.729853,0.112133,0.114138
7304,24,0.565403,0.039469,0.010128,0.052626,0.332374,0.270127,0.729873,0.129805,0.129727
7305,30,0.565279,0.039461,0.010346,0.052614,0.332301,0.270063,0.729937,0.129467,0.130253
7306,24,0.565429,0.039478,0.010004,0.052638,0.33245,0.270199,0.729801,0.123331,0.118342
7307,24,0.565308,0.03947,0.009998,0.052627,0.332598,0.270143,0.729857,0.118076,0.118983
7308,24,0.565487,0.039454,0.009996,0.052605,0.332459,0.270024,0.729976,0.117447,0.119633
7309,30,0.565291,0.03944,0.009997,0.052586,0.332686,0.269976,0.730024,0.117634,0.118394
7310,24,0.5652,0.039448,0.010002,0.052597,0.332753,0.269953,0.730047,0.125047,0.124359
7311,30,0.565052,0.039444,0.009999,0.052592,0.332913,0.270027,0.729973,0.111888,0.108912
7312,30,0.564745,0.039426,0.010501,0.052568,0.33276,0.270146,0.729854,0.127163,0.122931
7313,24,0.564862,0.039449,0.010141,0.052598,0.332951,0.27029,0.72971,0.116725,0.111524
7314,30,0.564942,0.039454,0.010001,0.052605,0.332997,0.270238,0.729762,0.119556,0.120025
7315,30,0.565122,0.039438,0.009996,0.052584,0.332861,0.270243,0.729757,0.113993,0.112881
7316,24,0.565119,0.039438,0.01,0.052584,0.332859,0.270221,0.729779,0.121587,0.121593
7317,30,0.565078,0.039441,0.010001,0.052589,0.332891,0.27019,0.72981,0.121566,0.121428
7318,30,0.565459,0.039407,0.009991,0.052543,0.3326,0.270075,0.729925,0.085908,0.087411
7319,24,0.565241,0.039406,0.01,0.052542,0.332811,0.270055,0.729945,0.129859,0.129776
7320,30,0.564836,0.039378,0.01071,0.052504,0.332573,0.270126,0.729874,0.119443,0.116051
7321,24,0.565115,0.039397,0.010005,0.052529,0.332954,0.270137,0.729863,0.119784,0.118884
7322,30,0.565117,0.039397,0.01,0.05253,0.332956,0.2702,0.7298,0.119531,0.116871
7323,30,0.565044,0.039373,0.009994,0.052497,0.333092,0.270154,0.729846,0.106667,0.106656
7324,30,0.564999,0.039376,0.010001,0.052502,0.333121,0.270123,0.729877,0.121566,0.121426
7325,24,0.564832,0.039372,0.009999,0.052496,0.333302,0.270154,0.729846,0.128123,0.126102
7326,30,0.564838,0.039371,0.01,0.052495,0.333296,0.270213,0.729787,0.118986,0.116416
7327,24,0.564625,0.039371,0.01,0.052494,0.33351,0.270194,0.729806,0.121534,0.12144
7328,24,0.564625,0.039371,0.01,0.052494,0.33351,0.270173,0.729827,0.121612,0.121613
7329,24,0.564501,0.039362,0.009998,0.052483,0.333656,0.270118,0.729882,0.118125,0.119023
7330,24,0.564502,0.039362,0.01,0.052483,0.333654,0.270163,0.729837,0.123295,0.121494
7331,24,0.564502,0.039362,0.01,0.052483,0.333654,0.270141,0.729859,0.121587,0.121593
7332,24,0.564682,0.039346,0.009996,0.052461,0.333516,0.270023,0.729977,0.109184,0.111348
7333,24,0.564859,0.039329,0.009996,0.052439,0.333377,0.270055,0.729945,0.100859,0.097913
7334,24,0.564913,0.039304,0.009994,0.052406,0.333383,0.269903,0.730097,0.113951,0.11704
7335,24,0.564697,0.039303,0.01,0.052404,0.333595,0.269884,0.730116,0.121546,0.121444
7336,30,0.564655,0.039307,0.010001,0.052409,0.333627,0.269889,0.730111,0.121563,0.120947
7337,30,0.565158,0.039262,0.009988,0.052349,0.333243,0.269566,0.730434,0.088648,0.095803
7338,24,0.565106,0.039265,0.010001,0.052354,0.333273,0.269702,0.730298,0.123331,0.118345
7339,24,0.565018,0.039274,0.010002,0.052365,0.333342,0.269716,0.730284,0.133358,0.132369
7340,30,0.565,0.039245,0.009993,0.052326,0.333437,0.269535,0.730465,0.10031,0.104308
7341,30,0.565323,0.039215,0.009992,0.052286,0.333184,0.269398,0.730602,0.097507,0.099262
7342,30,0.565248,0.039203,0.009997,0.052271,0.33328,0.269342,0.730658,0.119151,0.11973
7343,30,0.565453,0.039185,0.009995,0.052246,0.333121,0.269287,0.730713,0.099103,0.098682
7344,30,0.565426,0.039183,0.010043,0.052244,0.333104,0.269319,0.730681,0.126144,0.124822
7345,30,0.565249,0.039172,0.009997,0.052229,0.333353,0.26927,0.73073,0.116652,0.117309
7346,24,0.565158,0.03918,0.010002,0.05224,0.333421,0.269285,0.730715,0.133358,0.132368
7347,24,0.56516,0.03918,0.01,0.05224,0.33342,0.26933,0.73067,0.123295,0.121487
7348,30,0.565015,0.03917,0.010254,0.052226,0.333335,0.269547,0.730453,0.119487,0.112115
7349,30,0.565333,0.039164,0.009999,0.052219,0.333286,0.269501,0.730499,0.10092,0.100403
7350,24,0.565119,0.039163,0.01,0.052218,0.3335,0.269482,0.730518,0.121534,0.121441
7351,24,0.565266,0.039131,0.009992,0.052174,0.333438,0.26936,0.73064,0.103899,0.106161
7352,30,0.56525,0.039129,0.010019,0.052173,0.333429,0.269307,0.730693,0.119498,0.119976
7353,30,0.565339,0.039123,0.009998,0.052164,0.333375,0.269376,0.730624,0.110589,0.107612
7354,30,0.565161,0.039139,0.010004,0.052185,0.333511,0.269425,0.730575,0.128265,0.12579
7355,30,0.565201,0.039136,0.009999,0.052181,0.333483,0.269386,0.730614,0.132185,0.132302
7356,30,0.564874,0.03912,0.010501,0.05216,0.333346,0.26939,0.73061,0.12818,0.127577
7357,24,0.565696,0.039091,0.009993,0.052121,0.3331,0.269169,0.730831,0.091429,0.095962
7358,30,0.565674,0.039089,0.010031,0.052119,0.333087,0.269116,0.730884,0.119477,0.119952
7359,24,0.565752,0.039085,0.009999,0.052113,0.333051,0.269051,0.730949,0.119591,0.119846
7360,24,0.565969,0.039065,0.009995,0.052087,0.332883,0.268971,0.731029,0.108632,0.109824
7361,24,0.565921,0.039062,0.01008,0.052083,0.332854,0.268905,0.731095,0.121558,0.122165
7362,24,0.56597,0.039045,0.009996,0.05206,0.332929,0.268762,0.731238,0.106899,0.1098
7363,30,0.565943,0.039043,0.010044,0.052058,0.332913,0.268794,0.731206,0.126144,0.124825
7364,30,0.565926,0.039049,0.010001,0.052065,0.332959,0.268799,0.731201,0.121566,0.120952
7365,24,0.565714,0.039048,0.01,0.052064,0.333174,0.26878,0.73122,0.129859,0.129772
7366,30,0.565956,0.039026,0.009994,0.052035,0.332988,0.268823,0.731177,0.111875,0.109222
7367,24,0.565955,0.039026,0.01,0.052035,0.332984,0.268797,0.731203,0.120833,0.1209
7368,24,0.565619,0.039017,0.009998,0.052023,0.333344,0.268744,0.731256,0.118035,0.118841
7369,30,0.565791,0.039001,0.009996,0.052002,0.333211,0.268643,0.731357,0.108854,0.110762
7370,24,0.565452,0.038992,0.009998,0.051989,0.333569,0.26859,0.73141,0.126339,0.127147
7371,30,0.565307,0.038982,0.010252,0.051976,0.333484,0.268537,0.731463,0.119487,0.119961
7372,24,0.565629,0.038976,0.009998,0.051968,0.33343,0.26842,0.73158,0.109193,0.111335
7373,30,0.565393,0.038966,0.009998,0.051955,0.333688,0.268302,0.731698,0.122996,0.125037
7374,24,0.56527,0.038957,0.009998,0.051943,0.333832,0.268313,0.731687,0.11978,0.118883
7375,30,0.565483,0.038938,0.009995,0.051917,0.333667,0.26819,0.73181,0.113463,0.115972
7376,24,0.565357,0.038929,0.009998,0.051906,0.333811,0.268204,0.731796,0.120208,0.119268
7377,24,0.564837,0.038893,0.010907,0.051858,0.333504,0.268138,0.731862,0.121516,0.122125
7378,24,0.56535,0.038929,0.010009,0.051905,0.333807,0.268186,0.731814,0.123747,0.121901
7379,30,0.565321,0.038927,0.01006,0.051902,0.33379,0.268391,0.731609,0.11283,0.105865
7380,30,0.565306,0.038926,0.010087,0.051901,0.33378,0.268338,0.731662,0.119498,0.119969
7381,30,0.565247,0.038922,0.009999,0.051896,0.333937,0.268341,0.731659,0.123139,0.122571
7382,24,0.565246,0.038922,0.01,0.051895,0.333937,0.268319,0.731681,0.129907,0.129912
7383,24,0.565374,0.03891,0.009997,0.05188,0.333838,0.268209,0.731791,0.118703,0.120702
7384,24,0.565283,0.038918,0.010002,0.051891,0.333906,0.268224,0.731776,0.125062,0.124069
7385,24,0.565284,0.038918,0.01,0.051891,0.333907,0.268272,0.731728,0.123712,0.121876
7386,30,0.565663,0.038884,0.009991,0.051846,0.333616,0.268125,0.731875,0.089875,0.091548
7387,30,0.565617,0.038888,0.010001,0.05185,0.333645,0.268228,0.731772,0.11494,0.111215
7388,24,0.565617,0.038888,0.01,0.05185,0.333645,0.268207,0.731793,0.121612,0.121613
7389,30,0.565781,0.038873,0.009996,0.051831,0.333519,0.268196,0.731804,0.09588,0.094024
7390,30,0.565943,0.038858,0.009996,0.051811,0.333392,0.26804,0.73196,0.112478,0.114512
7391,30,0.566005,0.038835,0.009994,0.05178,0.333385,0.26791,0.73209,0.105778,0.108442
7392,30,0.56586,0.038825,0.010248,0.051767,0.3333,0.267857,0.732143,0.119487,0.119958
7393,30,0.565833,0.038823,0.010296,0.051764,0.333284,0.267889,0.732111,0.126144,0.124826
7394,24,0.565878,0.038826,0.010001,0.051768,0.333527,0.2679,0.7321,0.119779,0.118873
7395,24,0.565999,0.038806,0.010098,0.051741,0.333355,0.267782,0.732218,0.117436,0.119594
7396,30,0.566049,0.038797,0.010147,0.051729,0.333278,0.267718,0.732282,0.117199,0.11782
7397,30,0.566029,0.038796,0.010182,0.051727,0.333266,0.26775,0.73225,0.126144,0.124826
7398,30,0.565926,0.038789,0.01002,0.051718,0.333547,0.267653,0.732347,0.110971,0.113033
7399,24,0.565937,0.038789,0.01,0.051719,0.333554,0.267753,0.732247,0.121572,0.117162
7400,30,0.566027,0.038781,0.009998,0.051708,0.333485,0.267623,0.732377,0.120615,0.122791
7401,30,0.565505,0.038746,0.010911,0.051661,0.333177,0.267606,0.732394,0.126101,0.126112
7402,30,0.565801,0.038769,0.010358,0.051692,0.33338,0.267652,0.732348,0.130553,0.12785
7403,24,0.566004,0.038783,0.010004,0.051711,0.333499,0.2677,0.7323,0.123724,0.12189
7404,30,0.565856,0.038796,0.010003,0.051729,0.333615,0.267871,0.732129,0.12776,0.121484
7405,24,0.565645,0.038796,0.01,0.051728,0.333831,0.267852,0.732148,0.121538,0.121437
7406,30,0.565452,0.038783,0.009997,0.05171,0.334058,0.267755,0.732245,0.110968,0.113033
7407,30,0.56595,0.038738,0.009988,0.051651,0.333672,0.267433,0.732567,0.08199,0.089076
7408,30,0.565921,0.038736,0.010039,0.051648,0.333655,0.267638,0.732362,0.11283,0.105874
7409,24,0.565854,0.038746,0.010002,0.051661,0.333737,0.267653,0.732347,0.125054,0.12406
7410,24,0.565995,0.038732,0.010014,0.051642,0.333617,0.267545,0.732455,0.116116,0.117657
7411,30,0.566114,0.038706,0.010177,0.051608,0.333395,0.267422,0.732578,0.106731,0.109244
7412,30,0.565767,0.038655,0.011081,0.05154,0.332956,0.267309,0.732691,0.125341,0.127575
7413,24,0.566075,0.038666,0.010649,0.051555,0.333055,0.267244,0.732756,0.119592,0.11983
7414,24,0.566444,0.038691,0.010006,0.051588,0.33327,0.267289,0.732711,0.123295,0.121495
7415,24,0.566447,0.038692,0.01,0.051589,0.333272,0.267375,0.732625,0.115347,0.111878
7416,30,0.566406,0.038695,0.010001,0.051594,0.333304,0.267478,0.732522,0.11494,0.111229
7417,24,0.566841,0.038657,0.00999,0.051542,0.332971,0.267273,0.732727,0.093839,0.098036
7418,30,0.566968,0.038632,0.010136,0.051509,0.332755,0.267274,0.732726,0.106719,0.105381
7419,30,0.56725,0.038619,0.009997,0.051491,0.332643,0.2672,0.7328,0.112471,0.11355
7420,30,0.567248,0.038618,0.01,0.051491,0.332642,0.267148,0.732852,0.119556,0.120004
7421,30,0.567513,0.038595,0.009994,0.05146,0.332439,0.267092,0.732908,0.094058,0.093506
7422,24,0.567465,0.038599,0.010001,0.051465,0.332471,0.267396,0.732604,0.115024,0.105103
7423,24,0.567467,0.038599,0.01,0.051465,0.33247,0.267441,0.732559,0.123283,0.121488
7424,30,0.567273,0.038585,0.009997,0.051447,0.332698,0.26743,0.73257,0.111019,0.110243
7425,30,0.567241,0.038557,0.009993,0.05141,0.332799,0.267281,0.732719,0.104874,0.10791
7426,24,0.567505,0.038533,0.009994,0.051378,0.33259,0.267193,0.732807,0.1073,0.108654
7427,24,0.567501,0.038533,0.01,0.051377,0.332588,0.267279,0.732721,0.115347,0.111875
7428,30,0.567501,0.038533,0.01,0.051377,0.332588,0.267361,0.732639,0.112874,0.109762
7429,24,0.567377,0.038525,0.009998,0.051366,0.332734,0.267306,0.732694,0.118076,0.118967
7430,30,0.567435,0.038519,0.009999,0.051359,0.332688,0.267363,0.732637,0.121875,0.119265
7431,24,0.567434,0.038519,0.01,0.051359,0.332688,0.267411,0.732589,0.123724,0.121881
7432,30,0.567454,0.038487,0.009992,0.051316,0.332751,0.267403,0.732597,0.098239,0.097123
7433,30,0.567556,0.038477,0.009997,0.051303,0.332666,0.267406,0.732594,0.09694,0.094701
7434,30,0.567446,0.038487,0.010002,0.051316,0.332749,0.267561,0.732439,0.124949,0.119712
7435,24,0.567358,0.038495,0.010002,0.051326,0.332819,0.267539,0.732461,0.125055,0.124356
7436,24,0.567359,0.038495,0.01,0.051326,0.332819,0.267587,0.732413,0.123724,0.12189
7437,30,0.567467,0.038475,0.010113,0.0513,0.332645,0.267499,0.732501,0.106749,0.107159
7438,30,0.567439,0.038473,0.010161,0.051297,0.332629,0.267531,0.732469,0.126144,0.124828
7439,30,0.567597,0.038457,0.010184,0.051275,0.332488,0.267463,0.732537,0.114348,0.115432
7440,30,0.567581,0.038455,0.010211,0.051274,0.332478,0.267411,0.732589,0.119498,0.119963
7441,30,0.567631,0.038465,0.010054,0.051287,0.332563,0.267416,0.732584,0.121569,0.120953
7442,24,0.567537,0.038459,0.009998,0.051279,0.332727,0.267429,0.732571,0.120184,0.119241
7443,24,0.567677,0.038445,0.01001,0.05126,0.332607,0.267488,0.732512,0.107797,0.104874
7444,24,0.567952,0.038422,0.009994,0.051229,0.332404,0.267401,0.732599,0.107398,0.108737
7445,24,0.567859,0.038429,0.010002,0.051239,0.33247,0.267416,0.732584,0.133378,0.132386
7446,24,0.56781,0.038426,0.010087,0.051235,0.332442,0.26735,0.73265,0.121558,0.122155
7447,24,0.56786,0.038429,0.010001,0.051239,0.332471,0.267398,0.732602,0.123724,0.121881
7448,30,0.567897,0.038426,0.009999,0.051235,0.332443,0.267373,0.732627,0.115648,0.115413
7449,24,0.567773,0.038418,0.009998,0.051223,0.332588,0.267387,0.732613,0.120229,0.119274
7450,24,0.567683,0.038425,0.010002,0.051234,0.332656,0.267402,0.732598,0.12507,0.12407
7451,24,0.56756,0.038417,0.009998,0.051223,0.332803,0.267415,0.732585,0.120184,0.119241
7452,24,0.567737,0.038401,0.009996,0.051202,0.332665,0.267297,0.732703,0.117441,0.119589
7453,30,0.567813,0.038394,0.009998,0.051192,0.332603,0.267222,0.732778,0.127221,0.128121
7454,24,0.567792,0.038376,0.009995,0.051168,0.332668,0.267263,0.732737,0.114355,0.111344
7455,30,0.567827,0.038373,0.009999,0.051164,0.332638,0.267237,0.732763,0.115538,0.115337
7456,24,0.567826,0.038373,0.01,0.051164,0.332638,0.267216,0.732784,0.129895,0.129903
7457,30,0.567632,0.03836,0.009997,0.051146,0.332866,0.267119,0.732881,0.110978,0.113032
7458,24,0.56763,0.03836,0.01,0.051146,0.332864,0.267098,0.732902,0.129924,0.129923
7459,24,0.567417,0.038359,0.01,0.051145,0.333079,0.267079,0.732921,0.121554,0.12145
7460,24,0.56708,0.03835,0.009998,0.051133,0.333439,0.267026,0.732974,0.126347,0.127147
7461,30,0.566956,0.038334,0.010304,0.051111,0.333295,0.267073,0.732927,0.133692,0.131403
7462,30,0.567129,0.038345,0.010003,0.051127,0.333396,0.267155,0.732845,0.112932,0.109813
7463,30,0.56713,0.038345,0.01,0.051127,0.333397,0.267188,0.732812,0.126202,0.12487
7464,24,0.567006,0.038337,0.009998,0.051116,0.333543,0.267133,0.732867,0.118125,0.119002
7465,30,0.566983,0.038305,0.010371,0.051074,0.333267,0.267107,0.732893,0.124373,0.123738
7466,30,0.567043,0.038314,0.010024,0.051085,0.333534,0.267207,0.732793,0.120342,0.115924
7467,24,0.567274,0.038296,0.009995,0.051061,0.333374,0.267128,0.732872,0.108593,0.109777
7468,24,0.567058,0.038295,0.01,0.05106,0.333587,0.267109,0.732891,0.129863,0.129762
7469,30,0.567279,0.038275,0.009995,0.051034,0.333417,0.267066,0.732934,0.112859,0.11307
7470,24,0.567276,0.038275,0.01,0.051034,0.333415,0.267113,0.732887,0.123641,0.121824
7471,24,0.567367,0.038267,0.009998,0.051023,0.333345,0.267165,0.732835,0.111028,0.108335
7472,30,0.567631,0.038244,0.009994,0.050991,0.33314,0.26705,0.73295,0.094138,0.09512
7473,24,0.567379,0.038227,0.009996,0.050969,0.33343,0.266961,0.733039,0.114626,0.1164
7474,30,0.567488,0.038217,0.009997,0.050955,0.333342,0.266826,0.733174,0.104778,0.106477
7475,30,0.567398,0.038224,0.010002,0.050966,0.33341,0.267097,0.732903,0.123931,0.115043
7476,30,0.567358,0.038228,0.010001,0.050971,0.333442,0.267201,0.732799,0.114943,0.111227
7477,24,0.56736,0.038228,0.01,0.050971,0.333441,0.267246,0.732754,0.123295,0.121495
7478,24,0.567147,0.038227,0.01,0.05097,0.333656,0.267227,0.732773,0.121554,0.121442
7479,30,0.566909,0.038239,0.01011,0.050985,0.333756,0.267306,0.732694,0.134899,0.132201
7480,30,0.566972,0.038243,0.010001,0.050991,0.333793,0.26737,0.73263,0.119542,0.116894
7481,24,0.566848,0.038235,0.009998,0.05098,0.333939,0.267384,0.732616,0.120208,0.119257
7482,30,0.566414,0.038179,0.011054,0.050905,0.333449,0.267255,0.732745,0.124275,0.12699
7483,24,0.566959,0.038215,0.010103,0.050954,0.333769,0.267303,0.732697,0.123698,0.121862
7484,24,0.567072,0.038195,0.009995,0.050927,0.333811,0.267151,0.732849,0.113956,0.116991
7485,24,0.56698,0.038203,0.010002,0.050937,0.333878,0.267166,0.732834,0.133374,0.132382
7486,24,0.567086,0.038194,0.009998,0.050925,0.333798,0.267247,0.732753,0.117867,0.11372
7487,30,0.567487,0.038158,0.009991,0.050877,0.333487,0.267098,0.732902,0.089353,0.091055
7488,30,0.567332,0.038154,0.009999,0.050872,0.333643,0.267172,0.732828,0.111893,0.108937
7489,30,0.56729,0.038158,0.010001,0.050877,0.333675,0.267142,0.732858,0.12158,0.121431
7490,30,0.567301,0.03814,0.009995,0.050853,0.333711,0.267027,0.732973,0.112123,0.114089
7491,24,0.5673,0.038139,0.01,0.050853,0.333708,0.267118,0.732882,0.114972,0.111244
7492,30,0.5673,0.038139,0.01,0.050853,0.333708,0.267182,0.732818,0.119542,0.116898
7493,30,0.566518,0.038076,0.01149,0.050767,0.333149,0.267119,0.732881,0.132563,0.133759
7494,30,0.566491,0.038074,0.011538,0.050765,0.333133,0.267151,0.732849,0.126142,0.124825
7495,24,0.566911,0.038102,0.010585,0.050803,0.333599,0.267165,0.732835,0.12019,0.119245
7496,24,0.566749,0.038091,0.01043,0.050788,0.333941,0.267076,0.732924,0.122871,0.12467
7497,24,0.566904,0.038115,0.010006,0.05082,0.334154,0.267091,0.732909,0.133374,0.132391
7498,30,0.567032,0.038089,0.009993,0.050786,0.3341,0.267086,0.732914,0.095769,0.094148
7499,24,0.567296,0.038065,0.009994,0.050754,0.333891,0.267033,0.732967,0.105657,0.105273
7500,30,0.567271,0.038037,0.009993,0.050716,0.333983,0.267007,0.732993,0.105875,0.105237
7501,30,0.567158,0.038029,0.009998,0.050706,0.334108,0.267042,0.732958,0.116537,0.114648
7502,30,0.567008,0.038043,0.010003,0.050723,0.334223,0.267347,0.732653,0.121119,0.111289
7503,24,0.567159,0.03803,0.009997,0.050706,0.334108,0.267391,0.732609,0.109884,0.107362
7504,30,0.567091,0.03802,0.010171,0.050693,0.334025,0.267351,0.732649,0.134711,0.135277
7505,30,0.566568,0.037985,0.011084,0.050647,0.333717,0.267458,0.732542,0.126101,0.122257
7506,24,0.566047,0.03795,0.011993,0.0506,0.33341,0.267436,0.732564,0.129815,0.129842
7507,30,0.5664,0.037974,0.011376,0.050632,0.333618,0.267384,0.732616,0.119574,0.120013
7508,24,0.567323,0.038008,0.010075,0.050677,0.333918,0.267267,0.732733,0.109199,0.111325
7509,24,0.567365,0.038011,0.010001,0.050681,0.333943,0.267353,0.732647,0.115347,0.111878
7510,30,0.567179,0.037987,0.01045,0.050649,0.333734,0.267303,0.732697,0.122691,0.123559
7511,30,0.567577,0.037984,0.010087,0.050645,0.333707,0.267328,0.732672,0.112899,0.110829
7512,24,0.567895,0.037964,0.009995,0.050618,0.333529,0.26724,0.73276,0.107296,0.108655
7513,24,0.567893,0.037963,0.01,0.050618,0.333526,0.267285,0.732715,0.123283,0.121488
7514,30,0.567878,0.037962,0.010027,0.050616,0.333517,0.267233,0.732767,0.119498,0.119964
7515,30,0.567885,0.037964,0.01,0.050619,0.333532,0.267301,0.732699,0.118556,0.115578
7516,24,0.567672,0.037963,0.01,0.050618,0.333747,0.267282,0.732718,0.121554,0.121446
7517,30,0.567583,0.037971,0.010002,0.050628,0.333815,0.267553,0.732447,0.123933,0.115034
7518,30,0.567604,0.03794,0.009992,0.050586,0.333878,0.26735,0.73265,0.098234,0.102807
7519,24,0.567645,0.037935,0.009999,0.05058,0.33384,0.267455,0.732545,0.121572,0.117483
7520,30,0.567208,0.037912,0.010499,0.05055,0.333831,0.26743,0.73257,0.12512,0.125281
7521,30,0.566863,0.037871,0.011306,0.050495,0.333465,0.267332,0.732668,0.125045,0.126589
7522,24,0.566977,0.037879,0.011108,0.050505,0.333532,0.267266,0.732734,0.121578,0.122163
7523,30,0.567027,0.037888,0.01095,0.050518,0.333618,0.26726,0.73274,0.138195,0.137884
7524,24,0.567442,0.037916,0.010007,0.050555,0.334081,0.267205,0.732795,0.118148,0.119026
7525,24,0.567447,0.037916,0.01,0.050555,0.334082,0.26725,0.73275,0.123283,0.121488
7526,24,0.567447,0.037916,0.01,0.050555,0.334082,0.267336,0.732664,0.115347,0.111878
7527,30,0.567431,0.037915,0.010028,0.050553,0.334073,0.267284,0.732716,0.119498,0.119964
7528,30,0.567447,0.037916,0.01,0.050555,0.334082,0.267366,0.732634,0.112874,0.109762
7529,30,0.567418,0.037914,0.010051,0.050552,0.334065,0.267438,0.732562,0.119477,0.116096
7530,30,0.567298,0.037929,0.010004,0.050572,0.334197,0.267609,0.732391,0.12778,0.121504
7531,30,0.567106,0.037916,0.009997,0.050555,0.334426,0.267642,0.732358,0.117621,0.11591
7532,24,0.567104,0.037916,0.01,0.050555,0.334425,0.267894,0.732106,0.115333,0.106855
7533,24,0.566891,0.037916,0.01,0.050554,0.334639,0.267875,0.732125,0.121534,0.121437
7534,30,0.566946,0.037911,0.009999,0.050548,0.334596,0.267792,0.732208,0.116308,0.117566
7535,24,0.566856,0.037919,0.010002,0.050558,0.334665,0.267807,0.732193,0.133374,0.132384
7536,30,0.566413,0.037916,0.010296,0.050555,0.334819,0.267858,0.732142,0.132056,0.130077
7537,24,0.566075,0.037874,0.011107,0.050499,0.334445,0.267747,0.732253,0.118557,0.120582
7538,30,0.566797,0.0379,0.010095,0.050533,0.334674,0.267617,0.732383,0.109661,0.111874
7539,30,0.56679,0.037881,0.010314,0.050508,0.334507,0.267788,0.732212,0.10846,0.102263
7540,30,0.566968,0.037893,0.010003,0.050524,0.334612,0.267869,0.732131,0.112874,0.109763
7541,30,0.566776,0.03788,0.009997,0.050507,0.33484,0.26785,0.73215,0.110958,0.110098
7542,30,0.566795,0.037848,0.009992,0.050464,0.334901,0.267696,0.732304,0.104869,0.108135
7543,30,0.566352,0.037846,0.010286,0.050461,0.335055,0.267748,0.732252,0.132056,0.13008
7544,30,0.566211,0.037853,0.010002,0.050471,0.335463,0.267824,0.732176,0.116378,0.113138
7545,30,0.566323,0.037842,0.010013,0.050457,0.335365,0.26795,0.73205,0.115119,0.110133
7546,24,0.565992,0.037797,0.010849,0.050396,0.334965,0.268007,0.731993,0.116071,0.11261
7547,30,0.56604,0.037804,0.010729,0.050405,0.335022,0.268091,0.731909,0.120544,0.1168
7548,24,0.566723,0.037808,0.010001,0.05041,0.335058,0.268003,0.731997,0.107371,0.108721
7549,30,0.566715,0.037809,0.01,0.050411,0.335065,0.268034,0.731966,0.125192,0.12377
7550,30,0.566718,0.037792,0.009996,0.050389,0.335107,0.268039,0.731961,0.111132,0.109671
7551,30,0.566556,0.037781,0.010278,0.050374,0.335011,0.268022,0.731978,0.126158,0.126155
7552,30,0.56654,0.03778,0.010306,0.050373,0.335002,0.26797,0.73203,0.119498,0.119966
7553,30,0.566038,0.037746,0.011183,0.050328,0.334705,0.268001,0.731999,0.136081,0.13426
7554,24,0.566318,0.037779,0.01054,0.050372,0.334992,0.268016,0.731984,0.133374,0.132378
7555,24,0.566535,0.037807,0.010007,0.050409,0.335242,0.268031,0.731969,0.125066,0.124063
7556,24,0.566293,0.03779,0.009996,0.050387,0.335534,0.268008,0.731992,0.116255,0.116244
7557,30,0.566453,0.037776,0.009996,0.050368,0.335406,0.267864,0.732136,0.102524,0.104231
7558,24,0.566579,0.037765,0.009997,0.050353,0.335306,0.267755,0.732245,0.110371,0.112363
7559,24,0.567063,0.037722,0.009989,0.050297,0.33493,0.267543,0.732457,0.092676,0.097012
7560,24,0.567096,0.037705,0.01015,0.050273,0.334776,0.267433,0.732567,0.118622,0.120631
7561,24,0.567092,0.037718,0.010004,0.050291,0.334895,0.267448,0.732552,0.133374,0.132382
7562,24,0.567094,0.037719,0.01,0.050292,0.334896,0.267427,0.732573,0.121612,0.121606
7563,24,0.567533,0.037679,0.010001,0.050239,0.334547,0.267176,0.732824,0.101445,0.106755
7564,30,0.567388,0.03767,0.010255,0.050226,0.334461,0.267159,0.732841,0.119487,0.119485
7565,30,0.567552,0.037648,0.009994,0.050197,0.334609,0.267101,0.732899,0.104847,0.105081
7566,30,0.567668,0.037637,0.009997,0.050183,0.334515,0.266951,0.733049,0.119594,0.122467
7567,24,0.567542,0.037629,0.009998,0.050172,0.334659,0.266896,0.733104,0.126429,0.127328
7568,24,0.567541,0.037629,0.01,0.050172,0.334658,0.266875,0.733125,0.12164,0.121625
7569,30,0.567713,0.037614,0.009996,0.050152,0.334525,0.266922,0.733078,0.100863,0.097863
7570,24,0.567587,0.037605,0.009998,0.050141,0.334669,0.266867,0.733133,0.126429,0.127328
7571,30,0.567819,0.037585,0.009995,0.050113,0.334488,0.266885,0.733115,0.111906,0.109969
7572,24,0.568083,0.037562,0.009994,0.050082,0.33428,0.26686,0.73314,0.09939,0.098177
7573,30,0.568057,0.037534,0.009993,0.050045,0.334372,0.266703,0.733297,0.116869,0.119998
7574,30,0.567729,0.037518,0.010495,0.050024,0.334234,0.266708,0.733292,0.128183,0.127577
7575,24,0.568055,0.037533,0.010004,0.050044,0.334364,0.266945,0.733055,0.113235,0.105129
7576,30,0.567916,0.037524,0.010246,0.050032,0.334283,0.266893,0.733107,0.119487,0.119953
7577,24,0.56803,0.037531,0.010048,0.050042,0.33435,0.266994,0.733006,0.121572,0.117167
7578,30,0.568049,0.037534,0.010001,0.050045,0.334372,0.267025,0.732975,0.125193,0.123778
7579,24,0.567926,0.037525,0.009998,0.050034,0.334517,0.267036,0.732964,0.119775,0.118883
7580,24,0.567802,0.037517,0.009998,0.050023,0.334661,0.267047,0.732953,0.119775,0.118883
7581,30,0.567808,0.037516,0.01,0.050022,0.334655,0.267075,0.732925,0.125613,0.124389
7582,24,0.567807,0.037516,0.01,0.050022,0.334654,0.267054,0.732946,0.129924,0.129932
7583,30,0.567614,0.037504,0.009997,0.050005,0.334882,0.266915,0.733085,0.120985,0.123616
7584,24,0.567613,0.037503,0.01,0.050004,0.33488,0.26696,0.73304,0.123295,0.121507
7585,30,0.56711,0.03747,0.010877,0.04996,0.334583,0.266931,0.733069,0.136081,0.136397
7586,30,0.567494,0.037477,0.010412,0.04997,0.334647,0.266979,0.733021,0.108516,0.106161
7587,30,0.567478,0.037476,0.01044,0.049968,0.334637,0.266927,0.733073,0.119498,0.119965
7588,30,0.567494,0.037477,0.010072,0.04997,0.334988,0.266879,0.733121,0.117617,0.118363
7589,24,0.567446,0.037488,0.010003,0.049983,0.335081,0.266894,0.733106,0.133378,0.132385
7590,24,0.567447,0.037488,0.01,0.049984,0.335082,0.266828,0.733172,0.121572,0.122162
7591,24,0.567447,0.037488,0.01,0.049984,0.335082,0.266762,0.733238,0.121572,0.122162
7592,24,0.567448,0.037488,0.01,0.049983,0.335081,0.266807,0.733193,0.123295,0.121497
7593,30,0.566946,0.037454,0.010877,0.049939,0.334784,0.266778,0.733222,0.136081,0.136397
7594,24,0.567226,0.037486,0.010234,0.049982,0.335071,0.266756,0.733244,0.125055,0.124347
7595,24,0.567361,0.037495,0.010002,0.049994,0.335149,0.266801,0.733199,0.123295,0.121497
7596,30,0.567212,0.037492,0.009999,0.049989,0.335309,0.266742,0.733258,0.118503,0.119123
7597,24,0.567257,0.037488,0.009999,0.049983,0.335273,0.266847,0.733153,0.121572,0.117488
7598,30,0.567215,0.037491,0.010001,0.049988,0.335304,0.266841,0.733159,0.138196,0.137881
7599,24,0.567433,0.037472,0.009995,0.049963,0.335136,0.266762,0.733238,0.108644,0.109817
7600,30,0.56743,0.037472,0.01,0.049963,0.335135,0.266699,0.733301,0.129536,0.130284
7601,24,0.567381,0.037469,0.010085,0.049959,0.335106,0.266677,0.733323,0.129866,0.129882
7602,30,0.567053,0.037454,0.010587,0.049938,0.334968,0.266682,0.733318,0.128183,0.127577
7603,30,0.566933,0.037473,0.0103,0.049963,0.335331,0.266703,0.733297,0.125209,0.123496
7604,30,0.566619,0.037446,0.010913,0.049928,0.335094,0.266676,0.733324,0.122128,0.121939
7605,24,0.567334,0.037452,0.010129,0.049936,0.335149,0.266589,0.733411,0.107359,0.1087
7606,30,0.567386,0.037429,0.009994,0.049906,0.335285,0.266463,0.733537,0.115843,0.118119
7607,24,0.567382,0.037429,0.01,0.049906,0.335283,0.266398,0.733602,0.121572,0.122163
7608,30,0.567211,0.037385,0.010667,0.049847,0.33489,0.266275,0.733725,0.11334,0.115856
7609,24,0.567856,0.037387,0.01,0.04985,0.334906,0.266098,0.733902,0.105644,0.108463
7610,24,0.568125,0.037364,0.009994,0.049819,0.334699,0.266078,0.733922,0.099016,0.097522
7611,24,0.5683,0.037348,0.009996,0.049798,0.334559,0.26596,0.73404,0.109079,0.111224
7612,30,0.568188,0.037341,0.009998,0.049788,0.334685,0.265879,0.734121,0.11649,0.117692
7613,24,0.568454,0.037318,0.009994,0.049757,0.334477,0.265855,0.734145,0.099414,0.098179
7614,30,0.56845,0.037318,0.01,0.049757,0.334475,0.265919,0.734081,0.119531,0.116897
7615,24,0.568716,0.037295,0.009994,0.049726,0.334269,0.265894,0.734106,0.09939,0.098162
7616,24,0.568624,0.037302,0.010002,0.049736,0.334336,0.265909,0.734091,0.125062,0.124064
7617,24,0.568548,0.037297,0.010134,0.049729,0.334291,0.265888,0.734112,0.129878,0.129887
7618,30,0.568838,0.037284,0.009996,0.049712,0.334171,0.265766,0.734234,0.106757,0.109246
7619,24,0.568962,0.037273,0.009997,0.049697,0.334072,0.265658,0.734342,0.110404,0.112369
7620,30,0.569384,0.037236,0.00999,0.049648,0.333742,0.265395,0.734605,0.090778,0.09646
7621,24,0.569521,0.037204,0.009992,0.049606,0.333677,0.265273,0.734727,0.10378,0.106005
7622,30,0.569688,0.037189,0.009996,0.049585,0.333542,0.265173,0.734827,0.10883,0.110696
7623,30,0.570177,0.037146,0.009989,0.049529,0.33316,0.264897,0.735103,0.087375,0.093079
7624,30,0.570061,0.037139,0.009998,0.049519,0.333284,0.264933,0.735067,0.116537,0.114653
7625,24,0.569936,0.037131,0.009998,0.049508,0.333428,0.264945,0.735055,0.119779,0.118877
7626,30,0.570131,0.037114,0.009995,0.049485,0.333275,0.264844,0.735156,0.096592,0.0974
7627,30,0.569933,0.037101,0.009997,0.049468,0.333502,0.264736,0.735264,0.127598,0.129936
7628,24,0.569843,0.037108,0.010002,0.049478,0.333569,0.264752,0.735248,0.133387,0.132393
7629,30,0.569836,0.037109,0.01,0.049479,0.333576,0.264821,0.735179,0.118568,0.115603
7630,30,0.5696,0.0371,0.009998,0.049467,0.333836,0.264716,0.735284,0.113032,0.114729
7631,30,0.569803,0.037082,0.009995,0.049443,0.333677,0.2647,0.7353,0.105651,0.104267
7632,30,0.5698,0.037082,0.01,0.049443,0.333675,0.264764,0.735236,0.119487,0.116869
7633,24,0.569977,0.037067,0.009996,0.049422,0.333538,0.264647,0.735353,0.109147,0.111253
7634,24,0.569976,0.037067,0.01,0.049422,0.333535,0.264693,0.735307,0.123283,0.121507
7635,30,0.569976,0.037067,0.01,0.049422,0.333535,0.264758,0.735242,0.119542,0.116913
7636,30,0.570256,0.037043,0.009993,0.04939,0.333318,0.264582,0.735418,0.098045,0.100461
7637,30,0.570143,0.037035,0.009998,0.04938,0.333444,0.264537,0.735463,0.116483,0.117221
7638,24,0.570318,0.03702,0.009996,0.04936,0.333306,0.264419,0.735581,0.11734,0.119483
7639,24,0.570316,0.03702,0.01,0.04936,0.333305,0.264398,0.735602,0.12992,0.129917
7640,24,0.570457,0.036989,0.009992,0.049318,0.333244,0.264277,0.735723,0.103815,0.106017
7641,30,0.570596,0.036976,0.009997,0.049301,0.33313,0.264135,0.735865,0.10286,0.104564
7642,30,0.570521,0.036966,0.009997,0.049288,0.333229,0.264081,0.735919,0.119216,0.119728
7643,30,0.570324,0.036953,0.009997,0.049271,0.333456,0.264034,0.735966,0.117628,0.118354
7644,24,0.570322,0.036953,0.01,0.04927,0.333454,0.264121,0.735879,0.115347,0.111909
7645,30,0.570427,0.036944,0.009998,0.049258,0.333373,0.264005,0.735995,0.103588,0.105348
7646,24,0.570426,0.036944,0.01,0.049258,0.333372,0.264053,0.735947,0.12367,0.121863
7647,24,0.570471,0.03694,0.009999,0.049253,0.333337,0.264291,0.735709,0.113244,0.105195
7648,30,0.570641,0.036925,0.009996,0.049233,0.333204,0.264191,0.735809,0.108835,0.110691
7649,30,0.57069,0.036917,0.010044,0.049222,0.333127,0.264128,0.735872,0.117186,0.117773
7650,30,0.570185,0.036884,0.010921,0.049179,0.332832,0.2641,0.7359,0.136081,0.136384
7651,30,0.570472,0.036897,0.010143,0.049196,0.333292,0.263995,0.736005,0.107049,0.108871
7652,24,0.570555,0.036902,0.010001,0.049203,0.333339,0.264041,0.735959,0.123295,0.121521
7653,24,0.570467,0.03691,0.010002,0.049213,0.333408,0.264057,0.735943,0.133387,0.132404
7654,30,0.570138,0.036895,0.010504,0.049193,0.333271,0.264062,0.735938,0.128185,0.127581
7655,24,0.570426,0.036913,0.010005,0.049218,0.333438,0.264154,0.735846,0.114958,0.111256
7656,30,0.5706,0.036899,0.009996,0.049198,0.333307,0.264054,0.735946,0.108789,0.110658
7657,24,0.570239,0.036875,0.010622,0.049167,0.333096,0.263989,0.736011,0.12153,0.12211
7658,30,0.57029,0.036885,0.010465,0.04918,0.333181,0.26396,0.73604,0.121571,0.121416
7659,30,0.570665,0.036892,0.010002,0.04919,0.333251,0.263996,0.736004,0.114184,0.111973
7660,24,0.570578,0.0369,0.010002,0.0492,0.33332,0.263975,0.736025,0.125063,0.124354
7661,24,0.570455,0.036892,0.009998,0.049189,0.333466,0.263987,0.736013,0.119779,0.118888
7662,30,0.570351,0.036884,0.009998,0.049179,0.333587,0.264018,0.735982,0.115934,0.114162
7663,24,0.570476,0.036873,0.009997,0.049165,0.333489,0.264058,0.735942,0.102022,0.099092
7664,30,0.570279,0.036861,0.009997,0.049148,0.333716,0.264183,0.735817,0.110971,0.106319
7665,30,0.570365,0.036853,0.009998,0.049137,0.333647,0.264055,0.735945,0.103988,0.105306
7666,24,0.570151,0.036852,0.01,0.049137,0.33386,0.264037,0.735963,0.121551,0.121439
7667,30,0.570372,0.036834,0.009995,0.049111,0.333688,0.263933,0.736067,0.105177,0.10603
7668,30,0.570225,0.036824,0.010249,0.049099,0.333603,0.263917,0.736083,0.119487,0.119477
7669,30,0.570173,0.036821,0.009999,0.049094,0.333913,0.264013,0.735987,0.117628,0.113739
7670,30,0.570375,0.036802,0.01001,0.049069,0.333743,0.263975,0.736025,0.106696,0.106794
7671,30,0.5704,0.036801,0.01,0.049068,0.333732,0.264139,0.735861,0.118059,0.112086
7672,30,0.57027,0.036795,0.009999,0.04906,0.333875,0.264333,0.735667,0.11749,0.110955
7673,24,0.570534,0.036773,0.009994,0.04903,0.333669,0.264309,0.735691,0.099344,0.098124
7674,24,0.570318,0.036772,0.01,0.049029,0.333881,0.264291,0.735709,0.121563,0.121446
7675,30,0.570751,0.036735,0.00999,0.04898,0.333545,0.264029,0.735971,0.089843,0.095307
7676,24,0.57062,0.036726,0.009998,0.048968,0.333687,0.263974,0.736026,0.126379,0.127267
7677,24,0.57062,0.036726,0.01,0.048968,0.333685,0.26402,0.73598,0.123283,0.121509
7678,24,0.570497,0.036718,0.009998,0.048957,0.33383,0.264032,0.735968,0.119767,0.118876
7679,30,0.570775,0.036694,0.009993,0.048925,0.333612,0.26392,0.73608,0.100314,0.102077
7680,24,0.570289,0.036663,0.010618,0.048884,0.333546,0.263865,0.736135,0.126338,0.127234
7681,30,0.570642,0.036685,0.010006,0.048914,0.333753,0.263814,0.736186,0.119557,0.119988
7682,30,0.570652,0.036685,0.01,0.048913,0.333749,0.263843,0.736157,0.125612,0.12439
7683,30,0.570126,0.036651,0.010913,0.048868,0.333441,0.263886,0.736114,0.126101,0.123989
7684,30,0.570497,0.036675,0.010268,0.0489,0.333659,0.263969,0.736031,0.112888,0.10981
7685,24,0.570438,0.036685,0.010003,0.048913,0.333963,0.263951,0.736049,0.129871,0.129771
7686,30,0.570203,0.036676,0.009998,0.048901,0.334223,0.263846,0.736154,0.113018,0.114711
7687,24,0.570202,0.036675,0.01,0.048901,0.334222,0.263934,0.736066,0.115347,0.111909
7688,30,0.570128,0.036645,0.010421,0.04886,0.333946,0.263833,0.736167,0.115377,0.117262
7689,24,0.570413,0.036657,0.010003,0.048876,0.334051,0.264071,0.735929,0.113231,0.105198
7690,30,0.570384,0.036655,0.010054,0.048873,0.334034,0.264144,0.735856,0.119477,0.116118
7691,24,0.570415,0.036657,0.010001,0.048876,0.334052,0.264124,0.735876,0.121657,0.121633
7692,24,0.570415,0.036657,0.01,0.048876,0.334052,0.264059,0.735941,0.121572,0.122143
7693,30,0.570092,0.036662,0.01026,0.048883,0.334102,0.264127,0.735873,0.144884,0.142506
7694,24,0.570192,0.036669,0.010087,0.048892,0.334161,0.264174,0.735826,0.123641,0.121835
7695,24,0.570241,0.036672,0.010001,0.048896,0.33419,0.264154,0.735846,0.121612,0.1216
7696,24,0.570333,0.036664,0.009998,0.048886,0.33412,0.264161,0.735839,0.119441,0.118676
7697,30,0.57045,0.036654,0.009997,0.048872,0.334027,0.26421,0.73579,0.108556,0.106202
7698,24,0.570448,0.036654,0.01,0.048872,0.334026,0.264258,0.735742,0.123724,0.121895
7699,30,0.57032,0.036638,0.010307,0.048851,0.333883,0.264256,0.735744,0.130795,0.129614
7700,30,0.570393,0.036642,0.010001,0.048856,0.334108,0.264255,0.735745,0.12255,0.122081
7701,30,0.570275,0.036636,0.009998,0.048848,0.334243,0.264295,0.735705,0.115491,0.113292
7702,30,0.570435,0.036622,0.009996,0.048829,0.334117,0.264166,0.735834,0.102488,0.104618
7703,30,0.570227,0.036618,0.010253,0.048824,0.334078,0.264342,0.735658,0.139995,0.133742
7704,30,0.570814,0.036589,0.009992,0.048786,0.333819,0.264031,0.735969,0.084087,0.090964
7705,30,0.570172,0.036548,0.011106,0.048731,0.333443,0.2641,0.7359,0.136056,0.133289
7706,24,0.570678,0.036581,0.010009,0.048774,0.333958,0.264046,0.735954,0.118148,0.119019
7707,30,0.570763,0.036574,0.009998,0.048765,0.3339,0.264193,0.735807,0.120845,0.11537
7708,24,0.570976,0.036556,0.009995,0.048741,0.333732,0.264179,0.735821,0.100153,0.09866
7709,30,0.571035,0.036534,0.009994,0.048712,0.333725,0.264049,0.735951,0.112384,0.115005
7710,24,0.570943,0.036541,0.010002,0.048722,0.333792,0.264065,0.735935,0.125066,0.124076
7711,24,0.571209,0.036519,0.009994,0.048692,0.333587,0.263889,0.736111,0.105612,0.108394
7712,30,0.571323,0.036509,0.009997,0.048678,0.333493,0.263793,0.736207,0.125149,0.126629
7713,24,0.571322,0.036508,0.01,0.048678,0.333492,0.263841,0.736159,0.12367,0.121858
7714,30,0.571055,0.036466,0.010411,0.048621,0.333446,0.263648,0.736352,0.116793,0.121014
7715,30,0.571384,0.036469,0.010043,0.048626,0.333477,0.263511,0.736489,0.109636,0.112153
7716,30,0.571579,0.036457,0.009996,0.048609,0.333359,0.263411,0.736589,0.108801,0.110654
7717,30,0.57155,0.036455,0.010046,0.048606,0.333342,0.26336,0.73664,0.119477,0.119927
7718,30,0.571447,0.036451,0.009999,0.048602,0.333501,0.263409,0.736591,0.117523,0.114889
7719,24,0.571623,0.036436,0.009996,0.048582,0.333364,0.263292,0.736708,0.117398,0.119512
7720,24,0.571884,0.036414,0.009994,0.048551,0.333157,0.263268,0.736732,0.099318,0.098107
7721,24,0.57188,0.036413,0.01,0.048551,0.333155,0.263316,0.736684,0.123641,0.121841
7722,30,0.571941,0.036392,0.009994,0.048523,0.33315,0.263187,0.736813,0.105734,0.108339
7723,24,0.571813,0.036384,0.009998,0.048512,0.333294,0.263133,0.736867,0.118096,0.11896
7724,30,0.571916,0.036375,0.009998,0.0485,0.333212,0.263015,0.736985,0.110084,0.111874
7725,30,0.571873,0.036378,0.010001,0.048504,0.333243,0.26312,0.73688,0.114962,0.11128
7726,30,0.571874,0.036378,0.01,0.048504,0.333244,0.263186,0.736814,0.119599,0.116968
7727,24,0.57205,0.036363,0.009996,0.048484,0.333107,0.263069,0.736931,0.117396,0.1195
7728,30,0.571903,0.036354,0.01025,0.048472,0.333021,0.263053,0.736947,0.119487,0.119476
7729,24,0.572136,0.036355,0.01,0.048474,0.333034,0.262991,0.737009,0.11727,0.118327
7730,24,0.572011,0.036347,0.009998,0.048463,0.33318,0.263005,0.736995,0.120154,0.119223
7731,30,0.57186,0.036344,0.009999,0.048458,0.333339,0.263081,0.736919,0.111899,0.108969
7732,30,0.571961,0.036319,0.009993,0.048425,0.333302,0.262979,0.737021,0.110326,0.112237
7733,30,0.571876,0.036325,0.010002,0.048434,0.333363,0.263129,0.736871,0.124472,0.119463
7734,30,0.571544,0.036304,0.010235,0.048406,0.33351,0.263032,0.736968,0.117609,0.119631
7735,30,0.571855,0.036293,0.010058,0.04839,0.333404,0.262959,0.737041,0.113336,0.114507
7736,24,0.5718,0.036302,0.010003,0.048403,0.333492,0.262938,0.737062,0.125054,0.124337
7737,30,0.571971,0.036288,0.009996,0.048384,0.33336,0.262826,0.737174,0.12537,0.127534
7738,24,0.572095,0.036277,0.009997,0.04837,0.333261,0.262717,0.737283,0.118612,0.120572
7739,24,0.572094,0.036277,0.01,0.048369,0.333259,0.262763,0.737237,0.123295,0.121526
7740,30,0.572017,0.036273,0.010125,0.048364,0.333221,0.262744,0.737256,0.116509,0.116162
7741,30,0.572349,0.036255,0.009995,0.04834,0.33306,0.262576,0.737424,0.100677,0.103875
7742,24,0.571987,0.036232,0.010622,0.04831,0.332849,0.262555,0.737445,0.129853,0.12986
7743,24,0.572126,0.036241,0.010163,0.048322,0.333148,0.262569,0.737431,0.120153,0.119226
7744,30,0.572324,0.036238,0.009999,0.048318,0.333121,0.262428,0.737572,0.113347,0.114949
7745,30,0.572282,0.036242,0.010001,0.048322,0.333153,0.262399,0.737601,0.121606,0.121438
7746,30,0.572453,0.036227,0.009996,0.048303,0.333021,0.262333,0.737667,0.115418,0.116225
7747,30,0.5723,0.036224,0.009999,0.048298,0.333179,0.262409,0.737591,0.111899,0.108983
7748,30,0.572397,0.036215,0.009998,0.048287,0.333103,0.262423,0.737577,0.126173,0.124231
7749,24,0.572308,0.036223,0.010002,0.048297,0.333171,0.262439,0.737561,0.133391,0.132403
7750,30,0.571929,0.036205,0.010246,0.048273,0.333347,0.262353,0.737647,0.129617,0.131345
7751,30,0.571901,0.036203,0.010294,0.048271,0.333331,0.262386,0.737614,0.126144,0.124844
7752,30,0.571673,0.036197,0.010587,0.048263,0.333279,0.262602,0.737398,0.13002,0.122771
7753,24,0.571311,0.036175,0.011213,0.048233,0.333069,0.262537,0.737463,0.12152,0.122099
7754,30,0.571637,0.03617,0.010597,0.048227,0.333369,0.262357,0.737643,0.100254,0.104119
7755,24,0.571979,0.036192,0.010006,0.048256,0.333568,0.262337,0.737663,0.121635,0.12161
7756,24,0.571984,0.036192,0.01,0.048256,0.333569,0.26243,0.73757,0.114958,0.111271
7757,30,0.571943,0.036195,0.010001,0.04826,0.333601,0.262401,0.737599,0.121586,0.121421
7758,24,0.571943,0.036195,0.01,0.04826,0.333601,0.26238,0.73762,0.129895,0.129893
7759,24,0.571855,0.036203,0.010002,0.04827,0.33367,0.262396,0.737604,0.12507,0.12408
7760,30,0.571856,0.036203,0.01,0.04827,0.33367,0.262429,0.737571,0.126202,0.124886
7761,24,0.571733,0.036195,0.009998,0.04826,0.333815,0.262441,0.737559,0.119779,0.118879
7762,30,0.571706,0.036168,0.009993,0.048224,0.333909,0.26226,0.73774,0.106855,0.110744
7763,30,0.57209,0.036122,0.010135,0.048163,0.333489,0.26194,0.73806,0.088852,0.095801
7764,24,0.57208,0.036135,0.010003,0.04818,0.333603,0.261956,0.738044,0.125082,0.124085
7765,24,0.572082,0.036135,0.01,0.04818,0.333604,0.261936,0.738064,0.1216,0.121588
7766,30,0.572117,0.036132,0.009999,0.048176,0.333576,0.261912,0.738088,0.115579,0.115339
7767,24,0.571778,0.036123,0.009998,0.048165,0.333936,0.26186,0.73814,0.118051,0.118801
7768,30,0.571639,0.036115,0.01024,0.048153,0.333854,0.261844,0.738156,0.119487,0.119476
7769,30,0.572226,0.036085,0.009992,0.048114,0.333583,0.261546,0.738454,0.083887,0.090193
7770,24,0.572176,0.036082,0.010077,0.04811,0.333555,0.261649,0.738351,0.121558,0.117211
7771,24,0.572222,0.036085,0.010001,0.048113,0.333579,0.261695,0.738305,0.123295,0.121519
7772,30,0.572099,0.036067,0.009995,0.048089,0.333751,0.261566,0.738434,0.107551,0.110388
7773,24,0.572186,0.036059,0.009998,0.048078,0.333679,0.261504,0.738496,0.12562,0.126669
7774,30,0.572286,0.036034,0.009993,0.048045,0.333642,0.261353,0.738647,0.110345,0.11353
7775,24,0.572327,0.03603,0.009999,0.04804,0.333604,0.261592,0.738408,0.113228,0.105251
7776,24,0.572201,0.036022,0.009998,0.048029,0.333749,0.261607,0.738393,0.120208,0.119277
7777,30,0.571802,0.036003,0.010278,0.048004,0.333913,0.261595,0.738405,0.119634,0.118884
7778,24,0.571873,0.03602,0.010005,0.048027,0.334075,0.261611,0.738389,0.12507,0.124083
7779,30,0.572004,0.035994,0.009993,0.047991,0.334018,0.261619,0.738381,0.1087,0.107174
7780,30,0.57185,0.03599,0.009999,0.047986,0.334175,0.261695,0.738305,0.111895,0.108982
7781,30,0.571343,0.035958,0.010876,0.047944,0.333879,0.261825,0.738175,0.136081,0.131223
7782,30,0.571997,0.035928,0.010564,0.047905,0.333605,0.261553,0.738447,0.087409,0.092928
7783,30,0.572084,0.03594,0.010003,0.04792,0.334053,0.261449,0.738551,0.113036,0.114704
7784,24,0.572086,0.03594,0.01,0.04792,0.334054,0.261733,0.738267,0.113263,0.104189
7785,24,0.571873,0.035939,0.01,0.047919,0.334269,0.261685,0.738315,0.121534,0.121449
7786,24,0.571872,0.035939,0.01,0.047919,0.334269,0.261665,0.738335,0.121628,0.121608
7787,30,0.57209,0.035921,0.009995,0.047895,0.334099,0.261588,0.738412,0.112819,0.114056
7788,30,0.571739,0.035868,0.010962,0.047824,0.333607,0.261465,0.738535,0.11326,0.11573
7789,24,0.571729,0.035868,0.010761,0.047824,0.333819,0.26141,0.73859,0.126378,0.12725
7790,30,0.571911,0.035885,0.010377,0.047847,0.333981,0.261382,0.738618,0.121585,0.121421
7791,24,0.572128,0.035898,0.010004,0.047864,0.334105,0.261358,0.738642,0.129161,0.129204
7792,30,0.572137,0.035869,0.009992,0.047826,0.334176,0.261204,0.738796,0.103824,0.106898
7793,30,0.572132,0.035869,0.01,0.047825,0.334174,0.261413,0.738587,0.112878,0.106039
7794,24,0.572271,0.035856,0.010011,0.047808,0.334054,0.261307,0.738693,0.116082,0.117561
7795,24,0.572221,0.035853,0.010097,0.047804,0.334025,0.261286,0.738714,0.129866,0.129871
7796,30,0.572277,0.035857,0.010001,0.047809,0.334057,0.261352,0.738648,0.119599,0.11698
7797,30,0.572437,0.035843,0.009996,0.047791,0.333933,0.261346,0.738654,0.095842,0.093942
7798,30,0.572493,0.035838,0.009999,0.047784,0.333886,0.261404,0.738596,0.12186,0.119284
7799,30,0.572824,0.03581,0.009992,0.047747,0.333626,0.261203,0.738797,0.09721,0.101224
7800,30,0.572413,0.035785,0.010703,0.047713,0.333387,0.261152,0.738848,0.119443,0.119887
7801,30,0.572979,0.035795,0.010016,0.047727,0.333483,0.261056,0.738944,0.11673,0.117347
7802,24,0.57293,0.035792,0.010101,0.047722,0.333455,0.260992,0.739008,0.121558,0.122114
7803,30,0.572599,0.035777,0.010603,0.047703,0.333318,0.260998,0.739002,0.128191,0.127588
7804,30,0.572945,0.035799,0.010006,0.047732,0.333519,0.260948,0.739052,0.119555,0.119978
7805,24,0.573073,0.035789,0.009997,0.047718,0.333423,0.26084,0.73916,0.118585,0.120525
7806,30,0.573148,0.035782,0.009998,0.047709,0.333363,0.260726,0.739274,0.111702,0.113585
7807,30,0.573144,0.035765,0.010205,0.047686,0.3332,0.260642,0.739358,0.115101,0.11627
7808,30,0.573281,0.035742,0.010326,0.047657,0.332994,0.26052,0.73948,0.113333,0.115771
7809,24,0.573344,0.035746,0.010001,0.047662,0.333248,0.260532,0.739468,0.119767,0.118875
7810,24,0.573606,0.035724,0.009995,0.047632,0.333043,0.260358,0.739642,0.105524,0.108254
7811,30,0.573493,0.035717,0.009998,0.047623,0.333169,0.260423,0.739577,0.123139,0.120487
7812,24,0.573492,0.035717,0.01,0.047623,0.333168,0.260679,0.739321,0.115347,0.107044
7813,30,0.573519,0.035715,0.009999,0.04762,0.333147,0.260577,0.739423,0.10641,0.10801
7814,30,0.573478,0.035712,0.010071,0.047616,0.333123,0.26074,0.73926,0.119476,0.113847
7815,30,0.57297,0.035681,0.010948,0.047574,0.332828,0.260712,0.739288,0.136081,0.136381
7816,24,0.573392,0.035685,0.010252,0.04758,0.33309,0.260735,0.739265,0.105959,0.103835
7817,24,0.573324,0.035694,0.010002,0.047592,0.333388,0.260718,0.739282,0.121571,0.121449
7818,30,0.573284,0.035697,0.010001,0.047596,0.333421,0.26069,0.73931,0.121578,0.121404
7819,30,0.573137,0.035688,0.010255,0.047584,0.333335,0.260674,0.739326,0.119487,0.119474
7820,24,0.573546,0.035675,0.009996,0.047567,0.333215,0.2605,0.7395,0.105566,0.108291
7821,24,0.573331,0.035675,0.01,0.047566,0.333428,0.260483,0.739517,0.121571,0.121444
7822,24,0.573331,0.035675,0.01,0.047566,0.333428,0.260571,0.739429,0.115333,0.111923
7823,24,0.573331,0.035675,0.01,0.047566,0.333428,0.260551,0.739449,0.129949,0.129929
7824,24,0.573331,0.035675,0.01,0.047566,0.333428,0.2606,0.7394,0.123724,0.121912
7825,24,0.573243,0.035682,0.010002,0.047576,0.333497,0.260617,0.739383,0.125086,0.124091
7826,30,0.572853,0.035658,0.010676,0.047544,0.33327,0.260555,0.739445,0.129423,0.130164
7827,30,0.573729,0.035641,0.009995,0.047521,0.333113,0.260235,0.739765,0.081782,0.088642
7828,30,0.573607,0.035622,0.009995,0.047496,0.33328,0.260098,0.739902,0.10864,0.111031
7829,30,0.573711,0.035597,0.009993,0.047463,0.333236,0.259992,0.740008,0.109731,0.111707
7830,30,0.573823,0.035587,0.009997,0.04745,0.333143,0.2599,0.7401,0.110788,0.112612
7831,30,0.573821,0.035587,0.01,0.047449,0.333142,0.259966,0.740034,0.119588,0.116977
7832,24,0.573571,0.035571,0.009996,0.047429,0.333433,0.259944,0.740056,0.116264,0.116233
7833,30,0.573226,0.035571,0.01,0.047428,0.333774,0.260051,0.739949,0.119267,0.115549
7834,30,0.573226,0.035571,0.01,0.047428,0.333774,0.260001,0.739999,0.119556,0.119964
7835,30,0.573454,0.035552,0.009995,0.047403,0.333596,0.259897,0.740103,0.0959,0.096775
7836,30,0.57345,0.035535,0.0102,0.04738,0.333434,0.259813,0.740187,0.115079,0.116247
7837,24,0.573521,0.035546,0.010003,0.047395,0.333535,0.25994,0.74006,0.123326,0.118335
7838,24,0.573523,0.035546,0.01,0.047395,0.333536,0.25992,0.74008,0.129924,0.129908
7839,30,0.573682,0.035533,0.009996,0.047377,0.333412,0.259792,0.740208,0.102457,0.104526
7840,24,0.573599,0.035521,0.009997,0.047361,0.333522,0.259868,0.740132,0.118048,0.114828
7841,30,0.573604,0.03552,0.01,0.047361,0.333515,0.259897,0.740103,0.125611,0.124399
7842,24,0.573604,0.03552,0.01,0.047361,0.333515,0.259986,0.740014,0.115347,0.111942
7843,24,0.573779,0.035506,0.009996,0.047341,0.333378,0.259871,0.740129,0.109109,0.111162
7844,24,0.573689,0.035513,0.010002,0.047351,0.333445,0.259887,0.740113,0.133395,0.13241
7845,24,0.574043,0.035484,0.009992,0.047312,0.33317,0.259759,0.740241,0.102897,0.105241
7846,30,0.574015,0.035482,0.01004,0.047309,0.333154,0.259951,0.740049,0.126144,0.119724
7847,30,0.573868,0.035473,0.010294,0.047297,0.333068,0.259901,0.740099,0.119487,0.119915
7848,30,0.573847,0.035471,0.009999,0.047294,0.333389,0.25985,0.74015,0.11706,0.11786
7849,24,0.573847,0.035471,0.01,0.047294,0.333389,0.25983,0.74017,0.121628,0.121605
7850,30,0.573456,0.035446,0.010674,0.047262,0.333162,0.259768,0.740232,0.129423,0.130157
7851,30,0.573682,0.03546,0.010284,0.047281,0.333293,0.259753,0.740247,0.119546,0.119516
7852,24,0.573935,0.035463,0.010001,0.047284,0.333317,0.259692,0.740308,0.117296,0.118324
7853,24,0.573885,0.03546,0.010086,0.04728,0.333289,0.259672,0.740328,0.129866,0.129867
7854,24,0.573936,0.035463,0.010001,0.047284,0.333316,0.259718,0.740282,0.123295,0.12154
7855,30,0.574133,0.035445,0.010018,0.04726,0.333145,0.259596,0.740404,0.106658,0.109083
7856,24,0.574143,0.035445,0.01,0.04726,0.333151,0.259576,0.740424,0.129907,0.129893
7857,30,0.574249,0.035421,0.009993,0.047227,0.33311,0.25947,0.74053,0.109738,0.111709
7858,24,0.574304,0.035415,0.009999,0.04722,0.333061,0.259409,0.740591,0.119575,0.119762
7859,30,0.574412,0.035406,0.009997,0.047208,0.332976,0.259412,0.740588,0.098131,0.096235
7860,30,0.574418,0.035406,0.01,0.047207,0.33297,0.259474,0.740526,0.118998,0.116487
7861,24,0.57433,0.035413,0.010002,0.047217,0.333038,0.259491,0.740509,0.125079,0.12409
7862,24,0.574205,0.035405,0.009998,0.047207,0.333185,0.259437,0.740563,0.118096,0.118943
7863,24,0.574467,0.035383,0.009994,0.047178,0.332978,0.259351,0.740649,0.107277,0.10856
7864,24,0.574638,0.035369,0.009996,0.047158,0.332839,0.259221,0.740779,0.109001,0.110441
7865,24,0.57451,0.035361,0.009998,0.047148,0.332984,0.259236,0.740764,0.120225,0.119285
7866,30,0.574522,0.035344,0.009995,0.047125,0.333014,0.259235,0.740765,0.111546,0.110509
7867,30,0.574547,0.035341,0.009999,0.047121,0.332991,0.259352,0.740648,0.124589,0.120596
7868,24,0.574058,0.035311,0.010623,0.047081,0.332927,0.259297,0.740703,0.126338,0.127207
7869,30,0.574063,0.035311,0.010614,0.047082,0.33293,0.259236,0.740764,0.129484,0.130192
7870,30,0.574299,0.035321,0.010261,0.047095,0.333024,0.25921,0.74079,0.118144,0.118357
7871,24,0.574712,0.035309,0.009996,0.047078,0.332905,0.259124,0.740876,0.10722,0.108521
7872,30,0.574927,0.035291,0.009995,0.047054,0.332733,0.259157,0.740843,0.098425,0.095846
7873,30,0.575042,0.035265,0.009993,0.04702,0.332681,0.259141,0.740859,0.108783,0.107916
7874,30,0.574913,0.035246,0.009995,0.046995,0.332851,0.259176,0.740824,0.114181,0.112093
7875,30,0.57491,0.035246,0.01,0.046995,0.332849,0.259242,0.740758,0.119487,0.116911
7876,24,0.574784,0.035239,0.009998,0.046985,0.332995,0.259188,0.740812,0.126408,0.12726
7877,24,0.574783,0.035238,0.01,0.046985,0.332994,0.259168,0.740832,0.121612,0.121594
7878,24,0.574658,0.035231,0.009998,0.046974,0.333139,0.259181,0.740819,0.119779,0.118896
7879,24,0.574657,0.035231,0.01,0.046974,0.333138,0.259161,0.740839,0.121587,0.121574
7880,30,0.574359,0.035182,0.010868,0.04691,0.332681,0.25916,0.74084,0.123224,0.121892
7881,30,0.574508,0.03519,0.010281,0.046921,0.3331,0.259109,0.740891,0.117064,0.117868
7882,30,0.574523,0.035212,0.010006,0.04695,0.333308,0.259285,0.740715,0.127835,0.121689
7883,30,0.57427,0.035197,0.010251,0.046929,0.333353,0.259229,0.740771,0.133076,0.134094
7884,24,0.57437,0.035209,0.010004,0.046946,0.333471,0.259307,0.740693,0.131666,0.12844
7885,24,0.574285,0.035217,0.010002,0.046956,0.333541,0.259288,0.740712,0.125062,0.124336
7886,30,0.574223,0.035196,0.010306,0.046928,0.333347,0.259184,0.740816,0.127379,0.129509
7887,24,0.57406,0.035199,0.010001,0.046932,0.333809,0.259133,0.740867,0.118059,0.118802
7888,30,0.573728,0.035184,0.010503,0.046912,0.333672,0.259139,0.740861,0.128191,0.12759
7889,30,0.573349,0.035167,0.010746,0.046889,0.333848,0.259053,0.740947,0.129616,0.131317
7890,30,0.573718,0.035173,0.01031,0.046897,0.333903,0.25897,0.74103,0.115157,0.116299
7891,24,0.573833,0.03518,0.010112,0.046906,0.333969,0.258907,0.741093,0.121572,0.12211
7892,24,0.573773,0.035176,0.009999,0.046901,0.334151,0.25892,0.74108,0.119779,0.118881
7893,30,0.573611,0.035161,0.009996,0.046881,0.334351,0.258805,0.741195,0.123692,0.125735
7894,24,0.573655,0.035151,0.010073,0.046868,0.334254,0.258812,0.741188,0.119299,0.118569
7895,24,0.573872,0.035139,0.009997,0.046852,0.334141,0.258697,0.741303,0.109109,0.111148
7896,24,0.573745,0.035131,0.009998,0.046841,0.334285,0.258712,0.741288,0.12022,0.119283
7897,30,0.573597,0.035122,0.010252,0.046829,0.334199,0.258662,0.741338,0.119487,0.119908
7898,24,0.573491,0.035115,0.009998,0.046821,0.334575,0.258575,0.741425,0.1146,0.116306
7899,30,0.573624,0.035095,0.01011,0.046793,0.334378,0.258501,0.741499,0.112266,0.113323
7900,24,0.573437,0.035083,0.009997,0.046778,0.334706,0.258414,0.741586,0.114617,0.116319
7901,30,0.573606,0.035069,0.009996,0.046759,0.33457,0.258262,0.741738,0.101342,0.103311
7902,30,0.573604,0.035069,0.01,0.046759,0.334569,0.258329,0.741671,0.119588,0.116996
7903,30,0.573464,0.03506,0.010242,0.046747,0.334487,0.258279,0.741721,0.119487,0.119908
7904,24,0.573648,0.035065,0.010001,0.046754,0.334532,0.258387,0.741613,0.121563,0.117569
7905,30,0.573849,0.035049,0.009995,0.046732,0.334375,0.258313,0.741687,0.112307,0.113354
7906,24,0.573847,0.035049,0.01,0.046731,0.334374,0.258402,0.741598,0.115347,0.111957
7907,24,0.57411,0.035027,0.009994,0.046702,0.334167,0.258316,0.741684,0.107266,0.108549
7908,30,0.574517,0.034993,0.00999,0.046657,0.333842,0.258102,0.741898,0.084599,0.088855
7909,30,0.574471,0.034996,0.010001,0.046661,0.333871,0.258075,0.741925,0.121598,0.121417
7910,24,0.574646,0.034982,0.009996,0.046642,0.333735,0.257959,0.742041,0.117327,0.119377
7911,30,0.574273,0.034984,0.010001,0.046645,0.334098,0.257937,0.742063,0.119785,0.119138
7912,30,0.573722,0.03492,0.011306,0.04656,0.333491,0.257803,0.742197,0.12318,0.125904
7913,30,0.574134,0.034951,0.010527,0.046602,0.333786,0.257776,0.742224,0.121623,0.121439
7914,24,0.574132,0.034926,0.010827,0.046568,0.333547,0.25766,0.74234,0.117313,0.119375
7915,30,0.57461,0.034925,0.010017,0.046567,0.33388,0.257508,0.742492,0.104816,0.107924
7916,30,0.574611,0.034927,0.01,0.046569,0.333893,0.257541,0.742459,0.125197,0.123801
7917,24,0.574805,0.034901,0.010112,0.046535,0.333648,0.257492,0.742508,0.105501,0.10509
7918,30,0.575058,0.034889,0.009997,0.046519,0.333537,0.257509,0.742491,0.107746,0.106059
7919,24,0.574893,0.034892,0.010131,0.046522,0.333561,0.257525,0.742475,0.133345,0.132377
7920,30,0.574969,0.034896,0.010001,0.046529,0.333605,0.257592,0.742408,0.119542,0.116961
7921,24,0.57497,0.034896,0.01,0.046529,0.333605,0.257641,0.742359,0.123641,0.121867
7922,24,0.57497,0.034896,0.01,0.046529,0.333605,0.257622,0.742378,0.121657,0.12162
7923,24,0.574756,0.034896,0.01,0.046528,0.33382,0.257605,0.742395,0.129883,0.129761
7924,24,0.574757,0.034896,0.01,0.046528,0.333819,0.2577,0.7423,0.114971,0.111318
7925,24,0.57476,0.034896,0.01,0.046528,0.333817,0.257676,0.742324,0.120818,0.120858
7926,24,0.57476,0.034896,0.01,0.046528,0.333817,0.257657,0.742343,0.12164,0.121606
7927,30,0.574612,0.034887,0.010254,0.046516,0.333731,0.257641,0.742359,0.119487,0.119467
7928,30,0.574651,0.034904,0.010005,0.046539,0.3339,0.257799,0.742201,0.124986,0.119884
7929,24,0.574654,0.034905,0.01,0.04654,0.333902,0.257779,0.742221,0.121587,0.121571
7930,24,0.574654,0.034905,0.01,0.04654,0.333902,0.25776,0.74224,0.12164,0.121606
7931,30,0.574331,0.03491,0.01026,0.046547,0.333953,0.25783,0.74217,0.144923,0.142574
7932,24,0.574356,0.034911,0.01,0.046548,0.334184,0.257897,0.742103,0.111456,0.108439
7933,30,0.574045,0.034895,0.010502,0.046527,0.334031,0.25808,0.74192,0.127169,0.121006
7934,30,0.573977,0.034874,0.010817,0.046499,0.333832,0.257972,0.742028,0.116217,0.118481
7935,30,0.574604,0.03489,0.010004,0.04652,0.333981,0.257968,0.742032,0.095735,0.093841
7936,24,0.574607,0.03489,0.01,0.04652,0.333983,0.257949,0.742051,0.121657,0.12163
7937,30,0.574432,0.034905,0.010004,0.046539,0.33412,0.258136,0.741864,0.121693,0.115795
7938,24,0.574582,0.034893,0.009997,0.046523,0.334005,0.258189,0.741811,0.109471,0.106723
7939,24,0.574493,0.0349,0.010002,0.046533,0.334073,0.258206,0.741794,0.133399,0.132414
7940,24,0.574407,0.034907,0.010002,0.046542,0.334142,0.258187,0.741813,0.125062,0.124328
7941,24,0.574357,0.034904,0.010087,0.046538,0.334113,0.258124,0.741876,0.121558,0.122095
7942,24,0.574371,0.034892,0.009997,0.046523,0.334218,0.258029,0.741971,0.122092,0.12398
7943,30,0.574522,0.034879,0.009996,0.046506,0.334096,0.257947,0.742053,0.107189,0.107528
7944,24,0.574395,0.034872,0.009998,0.046495,0.334241,0.257894,0.742106,0.11812,0.11896
7945,24,0.574393,0.034871,0.01,0.046495,0.33424,0.257874,0.742126,0.129895,0.129888
7946,24,0.574143,0.034856,0.009996,0.046475,0.33453,0.257853,0.742147,0.116255,0.116236
7947,30,0.574121,0.03483,0.009992,0.046439,0.334617,0.257703,0.742297,0.105197,0.1083
7948,24,0.574241,0.034819,0.009997,0.046426,0.334517,0.257595,0.742405,0.118576,0.120475
7949,24,0.574152,0.034826,0.010002,0.046435,0.334585,0.257577,0.742423,0.125076,0.124339
7950,30,0.574311,0.034813,0.009996,0.046418,0.334462,0.25745,0.74255,0.102442,0.104479
7951,24,0.57431,0.034813,0.01,0.046418,0.33446,0.257545,0.742455,0.114958,0.111308
7952,24,0.57426,0.03481,0.010085,0.046414,0.334431,0.257525,0.742475,0.129866,0.129863
7953,30,0.574265,0.03481,0.010076,0.046414,0.334434,0.257464,0.742536,0.129478,0.130184
7954,30,0.574323,0.034784,0.009992,0.046379,0.334522,0.257312,0.742688,0.104778,0.107893
7955,30,0.574307,0.034783,0.01002,0.046378,0.334513,0.257262,0.742738,0.119498,0.119914
7956,30,0.574144,0.034798,0.010004,0.046397,0.334656,0.257333,0.742667,0.144976,0.142627
7957,30,0.57416,0.034781,0.009995,0.046375,0.334688,0.257333,0.742667,0.111542,0.110514
7958,30,0.573968,0.034769,0.009996,0.046359,0.334908,0.257282,0.742718,0.11705,0.117841
7959,24,0.573753,0.034768,0.01,0.046358,0.335121,0.257265,0.742735,0.129879,0.129761
7960,30,0.573842,0.03475,0.010134,0.046333,0.334941,0.257189,0.742811,0.114327,0.115407
7961,30,0.573847,0.03475,0.010125,0.046333,0.334944,0.257128,0.742872,0.129478,0.130185
7962,24,0.573919,0.034754,0.010001,0.046339,0.334986,0.257177,0.742823,0.12367,0.12189
7963,24,0.57387,0.034751,0.010086,0.046335,0.334957,0.257157,0.742843,0.121558,0.121545
7964,24,0.57392,0.034754,0.010001,0.046339,0.334986,0.257262,0.742738,0.121572,0.117266
7965,30,0.573927,0.034738,0.009995,0.046317,0.335022,0.257266,0.742734,0.112135,0.111015
7966,30,0.573925,0.034738,0.01,0.046317,0.33502,0.257251,0.742749,0.119545,0.119512
7967,24,0.5738,0.03473,0.009998,0.046307,0.335165,0.257264,0.742736,0.119775,0.118891
7968,30,0.573915,0.034721,0.01,0.046294,0.335071,0.257297,0.742703,0.115089,0.11325
7969,30,0.574286,0.03469,0.009991,0.046254,0.334779,0.257014,0.742986,0.086751,0.092791
7970,24,0.574281,0.03469,0.01,0.046253,0.334776,0.256952,0.743048,0.121583,0.122106
7971,24,0.574156,0.034682,0.009998,0.046243,0.334921,0.256965,0.743035,0.119775,0.11888
7972,24,0.574067,0.034689,0.010002,0.046252,0.334989,0.256947,0.743053,0.125062,0.12433
7973,24,0.573855,0.034689,0.01,0.046252,0.335204,0.25693,0.74307,0.129879,0.129755
7974,24,0.573768,0.034696,0.010002,0.046261,0.335273,0.256947,0.743053,0.125079,0.124093
7975,24,0.573643,0.034689,0.009998,0.046251,0.335419,0.256893,0.743107,0.126404,0.127242
7976,24,0.573517,0.034681,0.009998,0.046241,0.335563,0.25684,0.74316,0.118104,0.118938
7977,30,0.573475,0.034684,0.010001,0.046246,0.335594,0.256813,0.743187,0.121578,0.121404
7978,24,0.573565,0.034677,0.009998,0.046236,0.335524,0.256821,0.743179,0.119424,0.118664
7979,24,0.573704,0.034664,0.010009,0.046219,0.335403,0.256717,0.743283,0.116075,0.117506
7980,30,0.573929,0.034647,0.009995,0.046196,0.335234,0.256617,0.743383,0.095938,0.096702
7981,30,0.574035,0.034638,0.009997,0.046184,0.335146,0.256488,0.743512,0.104721,0.106271
7982,24,0.573914,0.034637,0.010131,0.046182,0.335136,0.256566,0.743434,0.131612,0.128418
7983,24,0.574201,0.034624,0.009996,0.046165,0.335013,0.25655,0.74345,0.100546,0.099304
7984,30,0.573715,0.034595,0.010494,0.046126,0.33507,0.256564,0.743436,0.117571,0.116456
7985,30,0.574122,0.034602,0.010002,0.046136,0.335138,0.256593,0.743407,0.114616,0.112844
7986,30,0.574217,0.034583,0.010128,0.046111,0.33496,0.25651,0.74349,0.106663,0.106972
7987,30,0.574419,0.034577,0.009998,0.046103,0.334902,0.256418,0.743582,0.109735,0.111418
7988,30,0.574768,0.034549,0.009992,0.046065,0.334627,0.256186,0.743814,0.089991,0.094466
7989,30,0.574763,0.034549,0.01,0.046065,0.334624,0.256254,0.743746,0.119599,0.117012
7990,24,0.574637,0.034541,0.009998,0.046055,0.334769,0.256269,0.743731,0.120192,0.119262
7991,30,0.574485,0.034538,0.009999,0.04605,0.334928,0.256247,0.743753,0.118511,0.118632
7992,24,0.574533,0.034516,0.009994,0.046021,0.334936,0.256098,0.743902,0.105541,0.108407
7993,24,0.574704,0.034502,0.009996,0.046002,0.334797,0.255984,0.744016,0.109079,0.111093
7994,30,0.574708,0.034501,0.01,0.046001,0.33479,0.256047,0.743953,0.118998,0.116517
7995,24,0.574495,0.0345,0.01,0.046001,0.335004,0.25603,0.74397,0.121571,0.121446
7996,24,0.574756,0.034479,0.009994,0.045972,0.334798,0.25601,0.74399,0.099288,0.098056
7997,30,0.574962,0.034462,0.009995,0.045949,0.334631,0.255889,0.744111,0.106659,0.109038
7998,30,0.575155,0.034446,0.009995,0.045928,0.334475,0.255908,0.744092,0.112746,0.111084
7999,30,0.57531,0.034433,0.009996,0.045911,0.33435,0.255771,0.744229,0.10238,0.10391
8000,30,0.574911,0.034393,0.010881,0.045857,0.333958,0.255814,0.744186,0.11504,0.112472
8001,30,0.575156,0.034407,0.010118,0.045877,0.334442,0.255806,0.744194,0.111,0.110217
8002,30,0.575224,0.034411,0.010001,0.045882,0.334482,0.255891,0.744109,0.112932,0.109909
8003,30,0.575224,0.034411,0.01,0.045882,0.334482,0.255831,0.744169,0.129525,0.130211
8004,30,0.575063,0.034397,0.009996,0.045863,0.334682,0.255729,0.744271,0.113723,0.11543
8005,30,0.575276,0.034379,0.009995,0.045839,0.334511,0.255653,0.744347,0.112731,0.113945
8006,30,0.575253,0.034381,0.01,0.045841,0.334525,0.255799,0.744201,0.137184,0.132047
8007,30,0.575422,0.034367,0.009996,0.045823,0.334392,0.255685,0.744315,0.107701,0.109947
8008,30,0.575274,0.034358,0.01025,0.045811,0.334306,0.25567,0.74433,0.119487,0.119466
8009,30,0.575634,0.034349,0.009997,0.045799,0.33422,0.255594,0.744406,0.112761,0.113962
8010,30,0.575622,0.034329,0.010254,0.045772,0.334022,0.255468,0.744532,0.109464,0.111528
8011,30,0.575458,0.034319,0.010537,0.045759,0.333926,0.255514,0.744486,0.126158,0.124074
8012,30,0.57543,0.034318,0.010585,0.045757,0.33391,0.255548,0.744452,0.126143,0.124867
8013,30,0.575733,0.034325,0.010002,0.045767,0.334173,0.255458,0.744542,0.114146,0.11541
8014,24,0.575908,0.034311,0.009996,0.045748,0.334037,0.255344,0.744656,0.109088,0.111095
8015,24,0.575818,0.034318,0.010002,0.045757,0.334104,0.255361,0.744639,0.133391,0.132413
8016,30,0.575799,0.03432,0.01,0.045759,0.334121,0.255412,0.744588,0.130557,0.127914
8017,30,0.575779,0.034318,0.010036,0.045758,0.334109,0.255446,0.744554,0.126144,0.124869
8018,24,0.575801,0.034319,0.01,0.045759,0.33412,0.255493,0.744507,0.123295,0.121559
8019,24,0.575675,0.034312,0.009998,0.045749,0.334266,0.255509,0.744491,0.12022,0.119297
8020,30,0.575633,0.034315,0.010001,0.045754,0.334297,0.255482,0.744518,0.121592,0.121412
8021,30,0.57535,0.034323,0.010002,0.045764,0.334562,0.255507,0.744493,0.125291,0.123586
8022,24,0.575351,0.034323,0.01,0.045764,0.334563,0.255556,0.744444,0.12367,0.121904
8023,30,0.575427,0.034317,0.009998,0.045755,0.334502,0.255496,0.744504,0.117188,0.11772
8024,24,0.575302,0.034309,0.009998,0.045745,0.334646,0.255509,0.744491,0.119775,0.118894
8025,30,0.575044,0.034302,0.009998,0.045736,0.33492,0.255595,0.744405,0.131505,0.12793
8026,30,0.575028,0.034301,0.010026,0.045735,0.334911,0.255546,0.744454,0.119498,0.119903
8027,30,0.575146,0.034294,0.009998,0.045725,0.334838,0.255421,0.744579,0.103396,0.104587
8028,24,0.575193,0.034272,0.009994,0.045696,0.334845,0.255273,0.744727,0.105573,0.108437
8029,24,0.575663,0.034234,0.009989,0.045645,0.33447,0.255064,0.744936,0.092407,0.096513
8030,24,0.575405,0.034218,0.009996,0.045624,0.334757,0.254977,0.745023,0.122884,0.124569
8031,30,0.575361,0.034221,0.010001,0.045628,0.334788,0.25495,0.74505,0.121612,0.121418
8032,30,0.575376,0.034182,0.010463,0.045576,0.334403,0.254892,0.745108,0.101569,0.101455
8033,24,0.57543,0.034197,0.010005,0.045596,0.334772,0.254876,0.745124,0.121575,0.121451
8034,24,0.575219,0.034197,0.01,0.045596,0.334988,0.25486,0.74514,0.121575,0.121443
8035,24,0.575006,0.034197,0.01,0.045595,0.335202,0.254843,0.745157,0.129871,0.129748
8036,24,0.575267,0.034176,0.009994,0.045567,0.334996,0.254824,0.745176,0.099342,0.098087
8037,24,0.57522,0.034179,0.010001,0.045572,0.335029,0.254954,0.745046,0.123344,0.118415
8038,30,0.5752,0.034181,0.01,0.045574,0.335045,0.255078,0.744922,0.120557,0.116489
8039,30,0.57483,0.034183,0.010001,0.045577,0.335409,0.25508,0.74492,0.119784,0.11912
8040,24,0.574617,0.034182,0.01,0.045577,0.335624,0.255063,0.744937,0.129875,0.129751
8041,30,0.574786,0.034169,0.009996,0.045558,0.33549,0.254998,0.745002,0.114383,0.11536
8042,30,0.57461,0.034183,0.010004,0.045577,0.335626,0.255041,0.744959,0.138331,0.136173
8043,24,0.574561,0.03418,0.010089,0.045573,0.335597,0.255021,0.744979,0.129866,0.129858
8044,30,0.574332,0.034177,0.010347,0.04557,0.335574,0.255112,0.744888,0.141031,0.137731
8045,30,0.574523,0.03419,0.010004,0.045587,0.335697,0.255185,0.744815,0.11857,0.115668
8046,30,0.574683,0.034177,0.009996,0.04557,0.335574,0.255059,0.744941,0.109082,0.1111
8047,30,0.574577,0.03417,0.009998,0.04556,0.335694,0.255093,0.744907,0.115939,0.114188
8048,24,0.574576,0.03417,0.01,0.04556,0.335694,0.255074,0.744926,0.1216,0.121575
8049,24,0.574839,0.034149,0.009994,0.045532,0.335486,0.254989,0.745011,0.107289,0.10853
8050,24,0.575009,0.034135,0.009996,0.045513,0.335347,0.254874,0.745126,0.117321,0.119337
8051,24,0.57492,0.034142,0.010002,0.045522,0.335414,0.254891,0.745109,0.133399,0.132429
8052,24,0.574921,0.034142,0.01,0.045522,0.335415,0.254941,0.745059,0.123695,0.121927
8053,24,0.574922,0.034142,0.01,0.045522,0.335414,0.254988,0.745012,0.123283,0.121543
8054,24,0.574922,0.034142,0.01,0.045522,0.335414,0.254969,0.745031,0.129907,0.129885
8055,24,0.574912,0.034129,0.010169,0.045505,0.335286,0.255026,0.744974,0.11722,0.114271
8056,24,0.574922,0.034141,0.010004,0.045522,0.335411,0.255009,0.744991,0.125076,0.124337
8057,30,0.574728,0.03413,0.009997,0.045506,0.335639,0.254966,0.745034,0.127581,0.127687
8058,30,0.574579,0.034141,0.010003,0.045522,0.335754,0.255277,0.744723,0.121191,0.111703
8059,30,0.574376,0.034131,0.009997,0.045507,0.335989,0.255274,0.744726,0.109988,0.108879
8060,30,0.574483,0.034122,0.009997,0.045496,0.335902,0.255158,0.744842,0.104684,0.106619
8061,24,0.574482,0.034122,0.01,0.045496,0.335901,0.255138,0.744862,0.129895,0.129878
8062,30,0.574374,0.03413,0.010003,0.045507,0.335986,0.255297,0.744703,0.124983,0.11993
8063,24,0.574325,0.034127,0.010088,0.045503,0.335957,0.255235,0.744765,0.121558,0.122079
8064,30,0.574595,0.034113,0.009996,0.045484,0.335813,0.255078,0.744922,0.099096,0.100973
8065,30,0.574552,0.034116,0.010001,0.045488,0.335843,0.255051,0.744949,0.121589,0.121403
8066,24,0.574427,0.034108,0.009998,0.045478,0.335989,0.255067,0.744933,0.120187,0.119263
8067,30,0.574385,0.034112,0.010001,0.045482,0.33602,0.255174,0.744826,0.114975,0.111376
8068,24,0.57456,0.034098,0.009996,0.045463,0.335883,0.25506,0.74494,0.117424,0.119425
8069,24,0.574607,0.034076,0.009994,0.045435,0.335889,0.254911,0.745089,0.113844,0.116711
8070,24,0.574723,0.034059,0.01009,0.045411,0.335717,0.254796,0.745204,0.117345,0.119362
8071,30,0.57505,0.03404,0.009994,0.045386,0.33553,0.254626,0.745374,0.097938,0.100196
8072,24,0.574959,0.034046,0.010002,0.045395,0.335597,0.254643,0.745357,0.133399,0.132419
8073,24,0.575135,0.034033,0.009996,0.045377,0.33546,0.254529,0.745471,0.117387,0.119391
8074,24,0.575395,0.034011,0.009994,0.045349,0.335251,0.254444,0.745556,0.107181,0.108443
8075,30,0.575195,0.034,0.009997,0.045333,0.335476,0.25432,0.74568,0.110968,0.113138
8076,24,0.575454,0.033979,0.009994,0.045305,0.335269,0.254149,0.745851,0.105509,0.108135
8077,24,0.57545,0.033978,0.01,0.045304,0.335267,0.25413,0.74587,0.129907,0.129892
8078,30,0.575219,0.03396,0.010457,0.04528,0.335084,0.254107,0.745893,0.122163,0.121916
8079,24,0.575438,0.033979,0.010006,0.045305,0.335272,0.254237,0.745763,0.123344,0.118411
8080,24,0.575704,0.033958,0.009994,0.045277,0.335067,0.254152,0.745848,0.107237,0.108489
8081,30,0.575673,0.033933,0.009993,0.045244,0.335158,0.253958,0.746042,0.099146,0.103349
8082,30,0.575634,0.03392,0.009996,0.045227,0.335223,0.254003,0.745997,0.107506,0.105358
8083,30,0.575689,0.033893,0.010266,0.045191,0.33496,0.253927,0.746073,0.112673,0.113887
8084,30,0.575843,0.033902,0.010003,0.045203,0.335049,0.253962,0.746038,0.126202,0.124914
8085,30,0.575818,0.033842,0.010768,0.045122,0.33445,0.253655,0.746345,0.100703,0.107135
8086,24,0.576134,0.03386,0.010005,0.045147,0.334853,0.253602,0.746398,0.118115,0.118932
8087,30,0.576222,0.033854,0.009998,0.045138,0.334788,0.25349,0.74651,0.103954,0.105636
8088,24,0.576178,0.033857,0.010001,0.045143,0.334821,0.253632,0.746368,0.123359,0.118585
8089,30,0.576185,0.033857,0.01,0.045142,0.334816,0.253662,0.746338,0.125611,0.124422
8090,30,0.576287,0.033848,0.009998,0.045131,0.334736,0.253528,0.746472,0.113445,0.114877
8091,24,0.576237,0.033846,0.010083,0.045127,0.334707,0.253508,0.746492,0.129866,0.129855
8092,30,0.576551,0.033827,0.009995,0.045103,0.334524,0.253403,0.746597,0.093567,0.094274
8093,24,0.576423,0.033819,0.009998,0.045093,0.334667,0.253416,0.746584,0.119775,0.118884
8094,24,0.576296,0.033812,0.009998,0.045083,0.334812,0.253431,0.746569,0.12015,0.119234
8095,30,0.575915,0.033795,0.010242,0.04506,0.334988,0.253346,0.746654,0.129613,0.131261
8096,30,0.576026,0.033778,0.009995,0.045038,0.335163,0.253168,0.746832,0.100185,0.103899
8097,24,0.57581,0.033778,0.01,0.045037,0.335376,0.253151,0.746849,0.129871,0.129744
8098,30,0.575872,0.033773,0.009999,0.045031,0.335326,0.253252,0.746748,0.115053,0.111169
8099,24,0.575746,0.033765,0.009998,0.04502,0.33547,0.253265,0.746735,0.119775,0.118884
8100,30,0.575686,0.03377,0.010001,0.045027,0.335516,0.253536,0.746464,0.12342,0.115084
8101,30,0.575815,0.03376,0.009997,0.045013,0.335415,0.253444,0.746556,0.109759,0.111405
8102,30,0.575674,0.033752,0.010239,0.045002,0.335333,0.253395,0.746605,0.119487,0.119883
8103,24,0.575472,0.033752,0.01,0.045002,0.335773,0.253345,0.746655,0.118046,0.11876
8104,24,0.575609,0.033724,0.009992,0.044965,0.335711,0.253227,0.746773,0.103735,0.105819
8105,24,0.575865,0.033703,0.009994,0.044937,0.335502,0.253057,0.746943,0.105519,0.108124
8106,30,0.575821,0.033706,0.010001,0.044941,0.335532,0.253053,0.746947,0.138207,0.137891
8107,24,0.575771,0.033703,0.010086,0.044937,0.335503,0.253159,0.746841,0.11325,0.10953
8108,30,0.575661,0.033704,0.010001,0.044939,0.335695,0.253395,0.746605,0.120601,0.113234
8109,30,0.57564,0.0337,0.010081,0.044933,0.335646,0.253414,0.746586,0.124527,0.123638
8110,24,0.575561,0.033695,0.009999,0.044927,0.335819,0.253361,0.746639,0.126424,0.127241
8111,30,0.575668,0.033686,0.009997,0.044915,0.335733,0.253367,0.746633,0.098073,0.096169
8112,30,0.575775,0.033678,0.009997,0.044904,0.335647,0.253407,0.746593,0.114165,0.11199
8113,30,0.5754,0.033651,0.0107,0.044868,0.335381,0.253373,0.746627,0.132107,0.132155
8114,30,0.575613,0.033675,0.010186,0.044901,0.335625,0.253601,0.746399,0.130613,0.123355
8115,24,0.575594,0.033674,0.01,0.044899,0.335833,0.253548,0.746452,0.126371,0.127206
8116,30,0.575446,0.033666,0.010254,0.044888,0.335746,0.253533,0.746467,0.119487,0.119461
8117,30,0.575851,0.033654,0.009996,0.044872,0.335627,0.253425,0.746575,0.093929,0.09478
8118,24,0.575988,0.033642,0.010008,0.044856,0.335507,0.253489,0.746511,0.107756,0.104919
8119,24,0.575905,0.033649,0.010002,0.044865,0.335579,0.253507,0.746493,0.133403,0.132424
8120,30,0.575991,0.033642,0.009998,0.044856,0.335512,0.253385,0.746615,0.10394,0.105106
8121,24,0.576126,0.033614,0.009992,0.044819,0.335449,0.253266,0.746734,0.103684,0.105778
8122,24,0.575996,0.033606,0.009998,0.044809,0.335592,0.253213,0.746787,0.118062,0.118884
8123,24,0.575907,0.033613,0.010002,0.044818,0.33566,0.253231,0.746769,0.125083,0.124101
8124,24,0.576082,0.0336,0.009996,0.044799,0.335523,0.253117,0.746883,0.109034,0.111021
8125,24,0.575992,0.033606,0.010002,0.044808,0.335591,0.253135,0.746865,0.125095,0.124108
8126,24,0.575868,0.033599,0.009998,0.044799,0.335737,0.253151,0.746849,0.120199,0.119274
8127,24,0.57574,0.033592,0.009998,0.044789,0.335881,0.253098,0.746902,0.118096,0.118911
8128,24,0.575699,0.033565,0.010362,0.044754,0.335619,0.252983,0.747017,0.117291,0.119294
8129,30,0.575939,0.033551,0.010303,0.044734,0.335473,0.253045,0.746955,0.113281,0.110409
8130,24,0.576027,0.033568,0.010005,0.044757,0.335643,0.253063,0.746937,0.125095,0.12412
8131,30,0.575883,0.033559,0.010251,0.044746,0.33556,0.253037,0.746963,0.136138,0.136399
8132,24,0.575902,0.033561,0.01,0.044747,0.335789,0.252984,0.747016,0.126424,0.127249
8133,24,0.575815,0.033567,0.010002,0.044757,0.335859,0.253002,0.746998,0.133403,0.132433
8134,30,0.575626,0.033556,0.009996,0.044741,0.336081,0.252991,0.747009,0.110437,0.109743
8135,24,0.575286,0.033548,0.009998,0.04473,0.336439,0.252941,0.747059,0.126354,0.127076
8136,24,0.575423,0.033536,0.010009,0.044714,0.336318,0.252838,0.747162,0.116068,0.117458
8137,24,0.575303,0.033529,0.009998,0.044705,0.336465,0.252852,0.747148,0.11977,0.118882
8138,30,0.575262,0.033532,0.010001,0.044709,0.336497,0.252859,0.747141,0.121581,0.120967
8139,30,0.574944,0.03349,0.010834,0.044653,0.336079,0.252783,0.747217,0.114241,0.115312
8140,30,0.575427,0.033491,0.01,0.044654,0.336427,0.252631,0.747369,0.103766,0.106711
8141,24,0.575302,0.033483,0.009998,0.044645,0.336573,0.252647,0.747353,0.120199,0.119273
8142,30,0.57552,0.033466,0.009995,0.044621,0.336398,0.25248,0.74752,0.109067,0.111178
8143,30,0.575174,0.033466,0.01,0.044621,0.336739,0.2527,0.7473,0.1126,0.105596
8144,30,0.575265,0.033452,0.01008,0.044603,0.336599,0.252564,0.747436,0.11947,0.12178
8145,30,0.575271,0.033458,0.010002,0.044611,0.336659,0.252538,0.747462,0.121581,0.121386
8146,30,0.575265,0.033442,0.01021,0.044589,0.336495,0.25243,0.74757,0.109484,0.111699
8147,24,0.575298,0.033456,0.010004,0.044607,0.336635,0.252448,0.747552,0.125095,0.124119
8148,24,0.575087,0.033455,0.01,0.044607,0.33685,0.252404,0.747596,0.121555,0.121424
8149,30,0.574984,0.033448,0.009998,0.044598,0.336972,0.252405,0.747595,0.122537,0.122077
8150,24,0.574895,0.033455,0.010002,0.044607,0.337041,0.252389,0.747611,0.125076,0.124344
8151,30,0.575302,0.033423,0.00999,0.044564,0.33672,0.252197,0.747803,0.084762,0.087994
8152,30,0.575135,0.033409,0.009996,0.044545,0.336916,0.252095,0.747905,0.107015,0.108686
8153,24,0.575154,0.03339,0.009994,0.04452,0.336942,0.252122,0.747878,0.105939,0.103833
8154,24,0.57515,0.03339,0.01,0.04452,0.33694,0.252171,0.747829,0.123641,0.121894
8155,30,0.575339,0.033375,0.009996,0.0445,0.336791,0.252225,0.747775,0.114382,0.111702
8156,24,0.575249,0.033382,0.010002,0.044509,0.336859,0.252243,0.747757,0.133403,0.132426
8157,24,0.575163,0.033388,0.010002,0.044518,0.336928,0.252261,0.747739,0.133403,0.132426
8158,30,0.575366,0.033372,0.010006,0.044496,0.33676,0.252141,0.747859,0.106644,0.108978
8159,24,0.57537,0.033372,0.01,0.044496,0.336762,0.252191,0.747809,0.12374,0.121967
8160,24,0.575631,0.033351,0.009994,0.044469,0.336555,0.252188,0.747812,0.097214,0.095593
8161,30,0.575913,0.033329,0.009993,0.044438,0.336326,0.25206,0.74794,0.098486,0.100175
8162,30,0.575765,0.03332,0.010247,0.044427,0.33624,0.252045,0.747955,0.119487,0.119459
8163,24,0.57582,0.033335,0.010005,0.044447,0.336392,0.252063,0.747937,0.125095,0.124109
8164,30,0.575925,0.033327,0.009998,0.044437,0.336313,0.251929,0.748071,0.113355,0.114783
8165,30,0.575919,0.033328,0.01,0.044437,0.336316,0.251913,0.748087,0.116547,0.116163
8166,30,0.575903,0.033327,0.010028,0.044436,0.336307,0.251865,0.748135,0.119498,0.119884
8167,30,0.576403,0.03329,0.009989,0.044386,0.335932,0.25164,0.74836,0.081691,0.085758
8168,30,0.576499,0.033246,0.010439,0.044328,0.335488,0.251397,0.748603,0.106042,0.110672
8169,24,0.576615,0.033252,0.010241,0.044337,0.335555,0.251378,0.748622,0.129895,0.129871
8170,30,0.576792,0.033246,0.01014,0.044328,0.335494,0.251307,0.748693,0.108915,0.109138
8171,30,0.576722,0.033248,0.01,0.04433,0.3357,0.251285,0.748715,0.118513,0.118624
8172,24,0.576722,0.033248,0.01,0.04433,0.3357,0.251377,0.748623,0.115347,0.112024
8173,30,0.57632,0.03323,0.01028,0.044307,0.335863,0.251368,0.748632,0.119623,0.118863
8174,30,0.576524,0.033214,0.010282,0.044285,0.335696,0.251333,0.748667,0.10663,0.106691
8175,24,0.576947,0.033203,0.009997,0.04427,0.335584,0.251316,0.748684,0.099273,0.098036
8176,24,0.57708,0.033175,0.009992,0.044233,0.335521,0.251198,0.748802,0.103748,0.105796
8177,24,0.577075,0.033174,0.01,0.044232,0.335518,0.251179,0.748821,0.129895,0.129875
8178,30,0.577242,0.033161,0.009996,0.044215,0.335385,0.251081,0.748919,0.108723,0.110469
8179,24,0.577501,0.033141,0.009994,0.044188,0.335177,0.250997,0.749003,0.107208,0.108434
8180,24,0.577372,0.033133,0.009998,0.044177,0.335319,0.251011,0.748989,0.119775,0.118886
8181,24,0.577323,0.03313,0.010083,0.044174,0.33529,0.250992,0.749008,0.129866,0.12985
8182,24,0.577244,0.033126,0.009999,0.044168,0.335464,0.251008,0.748992,0.12015,0.119237
8183,24,0.577157,0.033133,0.010002,0.044177,0.335532,0.250992,0.749008,0.125084,0.124334
8184,24,0.577392,0.033114,0.009994,0.044152,0.335347,0.251008,0.748992,0.105486,0.103767
8185,30,0.577504,0.033105,0.009997,0.04414,0.335253,0.251116,0.748884,0.102902,0.098986
8186,30,0.577455,0.03308,0.010364,0.044106,0.334995,0.251006,0.748994,0.125293,0.127339
8187,30,0.577781,0.033079,0.01004,0.044106,0.334994,0.250872,0.749128,0.102718,0.104223
8188,24,0.577415,0.033058,0.010667,0.044078,0.334782,0.250853,0.749147,0.129853,0.129837
8189,30,0.57769,0.033074,0.010005,0.044099,0.335133,0.25091,0.74909,0.109882,0.10761
8190,30,0.577437,0.033042,0.010312,0.044057,0.335152,0.250726,0.749274,0.117718,0.121587
8191,24,0.577876,0.033032,0.009997,0.044043,0.335051,0.250709,0.749291,0.099261,0.098021
8192,30,0.577875,0.033032,0.01,0.044043,0.33505,0.250778,0.749222,0.119599,0.117049
8193,30,0.577875,0.033032,0.01,0.044043,0.33505,0.250876,0.749124,0.119545,0.116213
8194,30,0.577875,0.033032,0.01,0.044043,0.33505,0.250962,0.749038,0.112885,0.109908
8195,24,0.577748,0.033025,0.009998,0.044033,0.335195,0.25091,0.74909,0.11812,0.11891
8196,30,0.577562,0.03301,0.010374,0.044013,0.33504,0.250877,0.749123,0.132137,0.132169
8197,24,0.577442,0.033009,0.010508,0.044012,0.33503,0.250957,0.749043,0.131616,0.128467
8198,30,0.577661,0.03302,0.010143,0.044027,0.335148,0.250987,0.749013,0.125609,0.124428
8199,30,0.577714,0.033001,0.009994,0.044001,0.33529,0.250995,0.749005,0.099103,0.09773
8200,24,0.577349,0.03298,0.01062,0.043973,0.335078,0.250976,0.749024,0.129853,0.129837
8201,30,0.577585,0.032993,0.010215,0.043991,0.335215,0.251062,0.748938,0.112879,0.109905
8202,30,0.577864,0.032988,0.009998,0.043985,0.335164,0.251055,0.748945,0.101995,0.101151
8203,30,0.577787,0.032959,0.010255,0.043945,0.335054,0.251071,0.748929,0.111238,0.109613
8204,24,0.577934,0.032967,0.010003,0.043956,0.33514,0.251052,0.748948,0.129924,0.12989
8205,30,0.577773,0.032953,0.009996,0.043938,0.33534,0.25095,0.74905,0.106979,0.108652
8206,24,0.577727,0.032957,0.010001,0.043942,0.335373,0.251262,0.748738,0.115038,0.10561
8207,30,0.577698,0.032932,0.009993,0.04391,0.335468,0.251171,0.748829,0.100174,0.101529
8208,30,0.57759,0.032925,0.009998,0.0439,0.335587,0.251206,0.748794,0.115938,0.114207
8209,30,0.577253,0.032929,0.010282,0.043906,0.33563,0.251289,0.748711,0.134968,0.132377
8210,30,0.577627,0.032922,0.010004,0.043896,0.335552,0.251214,0.748786,0.112726,0.11391
8211,24,0.577577,0.032919,0.010089,0.043892,0.335523,0.251153,0.748847,0.121558,0.122051
8212,30,0.577552,0.032913,0.009998,0.043884,0.335653,0.25109,0.74891,0.129059,0.129814
8213,30,0.577605,0.032895,0.009995,0.04386,0.335645,0.250927,0.749073,0.11621,0.119123
8214,30,0.577565,0.032893,0.010065,0.043857,0.335621,0.250995,0.749005,0.119476,0.116953
8215,24,0.577602,0.032895,0.010001,0.04386,0.335643,0.251046,0.748954,0.12374,0.121973
8216,30,0.577405,0.032884,0.009997,0.043845,0.33587,0.250912,0.749088,0.120978,0.123383
8217,30,0.577363,0.032887,0.010001,0.043849,0.335901,0.250886,0.749114,0.121594,0.121399
8218,30,0.577323,0.03289,0.010001,0.043853,0.335933,0.250994,0.749006,0.114981,0.111426
8219,24,0.577198,0.032882,0.009998,0.043843,0.336078,0.251008,0.748992,0.119758,0.118879
8220,30,0.577163,0.03287,0.009996,0.043827,0.336144,0.25092,0.74908,0.114113,0.115339
8221,24,0.577543,0.03284,0.009991,0.043787,0.335838,0.250683,0.749317,0.094193,0.098951
8222,30,0.577651,0.032831,0.010003,0.043774,0.335741,0.250817,0.749183,0.115073,0.110315
8223,24,0.577825,0.032817,0.009996,0.043757,0.335605,0.250703,0.749297,0.117318,0.119285
8224,30,0.57799,0.032804,0.009996,0.043739,0.335471,0.250593,0.749407,0.125315,0.127348
8225,24,0.577989,0.032804,0.01,0.043739,0.335468,0.250641,0.749359,0.123295,0.121582
8226,24,0.577989,0.032804,0.01,0.043739,0.335468,0.250692,0.749308,0.12374,0.121986
8227,30,0.577869,0.032799,0.009998,0.043731,0.335603,0.250737,0.749263,0.115502,0.113349
8228,24,0.577819,0.032796,0.010084,0.043728,0.335574,0.250843,0.749157,0.11325,0.109557
8229,30,0.577969,0.032791,0.009998,0.043721,0.335521,0.250721,0.749279,0.103373,0.104497
8230,24,0.577968,0.032791,0.01,0.043721,0.335521,0.250813,0.749187,0.115347,0.112021
8231,24,0.577629,0.032783,0.009998,0.043711,0.33588,0.250763,0.749237,0.118054,0.118753
8232,24,0.577647,0.032764,0.009994,0.043686,0.335908,0.250791,0.749209,0.105929,0.103828
8233,30,0.57754,0.032757,0.009998,0.043676,0.336028,0.250792,0.749208,0.12254,0.122074
8234,30,0.577198,0.032722,0.01078,0.04363,0.33567,0.250699,0.749301,0.125014,0.126393
8235,24,0.57765,0.032748,0.010008,0.043664,0.335931,0.250747,0.749253,0.123295,0.121588
8236,30,0.577755,0.03274,0.009998,0.043654,0.335853,0.250614,0.749386,0.113364,0.114762
8237,30,0.577244,0.032711,0.010875,0.043615,0.335555,0.250749,0.749251,0.136081,0.131371
8238,24,0.576878,0.032691,0.011501,0.043587,0.335343,0.250688,0.749312,0.12152,0.122029
8239,24,0.576829,0.032688,0.011585,0.043584,0.335314,0.250669,0.749331,0.129859,0.129841
8240,30,0.577299,0.032693,0.011044,0.043591,0.335373,0.250536,0.749464,0.102428,0.103848
8241,24,0.577423,0.032712,0.010684,0.043616,0.335565,0.25052,0.74948,0.12507,0.12433
8242,24,0.57763,0.03273,0.010038,0.04364,0.335963,0.25062,0.74938,0.119837,0.116316
8243,30,0.577859,0.032715,0.009995,0.04362,0.335811,0.250501,0.749499,0.106717,0.109018
8244,30,0.578248,0.032684,0.009991,0.043579,0.335498,0.250217,0.749783,0.092608,0.098511
8245,30,0.578139,0.032677,0.009998,0.04357,0.335617,0.250252,0.749748,0.115924,0.114193
8246,24,0.578396,0.032657,0.009994,0.043543,0.33541,0.250083,0.749917,0.105459,0.108019
8247,24,0.578393,0.032657,0.01,0.043543,0.335408,0.250065,0.749935,0.121628,0.121586
8248,24,0.578393,0.032657,0.01,0.043543,0.335408,0.250047,0.749953,0.129949,0.129918
8249,24,0.578266,0.03265,0.009998,0.043533,0.335553,0.249995,0.750005,0.126424,0.12723
8250,24,0.578525,0.03263,0.009994,0.043506,0.335346,0.249911,0.750089,0.107195,0.108415
8251,30,0.578978,0.032591,0.010028,0.043455,0.334948,0.249717,0.750283,0.088226,0.091607
8252,30,0.57907,0.032586,0.009998,0.043448,0.334897,0.249647,0.750353,0.127178,0.127953
8253,30,0.57907,0.032559,0.009992,0.043413,0.334966,0.249496,0.750504,0.103791,0.106678
8254,24,0.579188,0.03255,0.009997,0.0434,0.334866,0.249391,0.750609,0.110279,0.112083
8255,30,0.578488,0.032488,0.011475,0.043317,0.334232,0.249265,0.750735,0.124115,0.126627
8256,30,0.579342,0.032536,0.010015,0.043381,0.334726,0.249335,0.750665,0.11962,0.117076
8257,24,0.579351,0.032537,0.01,0.043382,0.334731,0.249386,0.750614,0.123724,0.121979
8258,30,0.579351,0.032537,0.01,0.043382,0.334731,0.249484,0.750516,0.126202,0.122911
8259,30,0.579359,0.03251,0.009992,0.043346,0.334794,0.249482,0.750518,0.098103,0.097001
8260,24,0.579356,0.032509,0.01,0.043346,0.33479,0.24953,0.75047,0.123295,0.121574
8261,30,0.579451,0.032502,0.009998,0.043336,0.334714,0.249684,0.750316,0.112633,0.107488
8262,30,0.57945,0.032502,0.01,0.043336,0.334713,0.249625,0.750375,0.129478,0.130141
8263,24,0.5794,0.032499,0.010085,0.043332,0.334684,0.249565,0.750435,0.121558,0.122043
8264,24,0.579236,0.032501,0.010001,0.043335,0.334927,0.24955,0.75045,0.121587,0.121437
8265,24,0.579236,0.032501,0.01,0.043335,0.334927,0.2496,0.7504,0.123683,0.12194
8266,30,0.578745,0.032474,0.010498,0.043298,0.334985,0.249505,0.750495,0.117574,0.119474
8267,24,0.579012,0.032489,0.010041,0.043318,0.335139,0.249555,0.750445,0.123668,0.121934
8268,30,0.57907,0.032487,0.01,0.043317,0.335126,0.249533,0.750467,0.115515,0.115253
8269,30,0.578749,0.032442,0.010898,0.043256,0.334656,0.249401,0.750599,0.12317,0.125785
8270,24,0.579143,0.032464,0.010007,0.043285,0.335101,0.249415,0.750585,0.119775,0.118906
8271,30,0.579107,0.032467,0.010001,0.04329,0.335136,0.24939,0.75061,0.121586,0.121393
8272,30,0.578956,0.032464,0.009999,0.043285,0.335295,0.249324,0.750676,0.128531,0.129324
8273,24,0.578803,0.032444,0.010411,0.043258,0.335084,0.249264,0.750736,0.125546,0.12653
8274,30,0.579421,0.032428,0.009995,0.043237,0.33492,0.249127,0.750873,0.089094,0.09047
8275,30,0.579412,0.032415,0.009996,0.043219,0.334959,0.249197,0.750803,0.116494,0.113541
8276,30,0.579395,0.032414,0.010023,0.043218,0.334949,0.24915,0.75085,0.119498,0.119872
8277,30,0.579298,0.032408,0.009998,0.043211,0.335085,0.249062,0.750938,0.12647,0.127823
8278,30,0.579413,0.032399,0.009997,0.043199,0.334992,0.249097,0.750903,0.115122,0.113298
8279,30,0.579204,0.032395,0.010254,0.043194,0.334952,0.249281,0.750719,0.140025,0.134032
8280,30,0.579517,0.032391,0.009999,0.043188,0.334905,0.249184,0.750816,0.108695,0.110426
8281,24,0.579518,0.032391,0.01,0.043188,0.334904,0.249232,0.750768,0.123295,0.121577
8282,24,0.579354,0.032393,0.010135,0.043191,0.334928,0.24925,0.75075,0.133362,0.1324
8283,24,0.57935,0.032359,0.010574,0.043145,0.334572,0.249081,0.750919,0.105416,0.10797
8284,24,0.5793,0.032356,0.010659,0.043141,0.334543,0.249062,0.750938,0.121556,0.12153
8285,30,0.579521,0.032368,0.010282,0.043158,0.334671,0.249048,0.750952,0.119544,0.119505
8286,30,0.5798,0.032368,0.01,0.043158,0.334673,0.249101,0.750899,0.10852,0.10625
8287,30,0.579938,0.032358,0.009997,0.043144,0.334564,0.248978,0.751022,0.102873,0.104827
8288,30,0.579789,0.032349,0.010251,0.043133,0.334478,0.248963,0.751037,0.119487,0.119457
8289,24,0.579905,0.032356,0.010053,0.043141,0.334545,0.248944,0.751056,0.129895,0.129867
8290,30,0.579378,0.032326,0.010954,0.043102,0.33424,0.248929,0.751071,0.126101,0.126086
8291,24,0.579804,0.03235,0.010007,0.043134,0.334705,0.248946,0.751054,0.120227,0.119314
8292,24,0.579595,0.03235,0.01,0.043133,0.334922,0.24893,0.75107,0.129895,0.129752
8293,30,0.579453,0.032342,0.010242,0.043123,0.33484,0.248915,0.751085,0.119487,0.119459
8294,30,0.579304,0.032334,0.010496,0.043112,0.334754,0.2489,0.7511,0.119487,0.119455
8295,30,0.57956,0.032326,0.009998,0.043101,0.335015,0.24881,0.75119,0.100187,0.101509
8296,30,0.579428,0.032321,0.009999,0.043095,0.335157,0.248826,0.751174,0.127494,0.125905
8297,24,0.579684,0.032302,0.009994,0.043069,0.334952,0.248658,0.751342,0.105475,0.107999
8298,24,0.579852,0.032288,0.009996,0.043051,0.334813,0.248546,0.751454,0.109047,0.110972
8299,30,0.57985,0.032288,0.01,0.043051,0.334811,0.248488,0.751512,0.129525,0.130166
8300,30,0.57985,0.032288,0.01,0.043051,0.334811,0.248557,0.751443,0.119542,0.117025
8301,30,0.579701,0.03228,0.010254,0.04304,0.334725,0.248655,0.751345,0.119487,0.116193
8302,30,0.579855,0.032287,0.010002,0.04305,0.334805,0.24872,0.75128,0.118994,0.116561
8303,30,0.579864,0.032261,0.009992,0.043014,0.334869,0.248569,0.751431,0.104707,0.107707
8304,24,0.579607,0.032246,0.009996,0.042995,0.335156,0.248549,0.751451,0.116255,0.116205
8305,30,0.579791,0.032232,0.009996,0.042976,0.335006,0.24849,0.75151,0.114318,0.115098
8306,30,0.579795,0.032231,0.01,0.042975,0.335,0.248555,0.751445,0.118983,0.116545
8307,24,0.579581,0.032231,0.01,0.042974,0.335214,0.24854,0.75146,0.121587,0.121434
8308,30,0.579572,0.032231,0.01,0.042975,0.335221,0.248615,0.751385,0.118562,0.115702
8309,30,0.579581,0.032205,0.009992,0.042939,0.335283,0.248465,0.751535,0.10474,0.107723
8310,30,0.579576,0.032204,0.01,0.042939,0.335281,0.2485,0.7515,0.126202,0.12493
8311,30,0.579662,0.032183,0.009993,0.042911,0.335251,0.2484,0.7516,0.109254,0.110917
8312,24,0.579658,0.032183,0.01,0.04291,0.335249,0.248382,0.751618,0.121612,0.121569
8313,24,0.579702,0.032179,0.009999,0.042906,0.335213,0.248628,0.751372,0.11323,0.105569
8314,30,0.579973,0.032159,0.009994,0.042878,0.334997,0.248523,0.751477,0.093422,0.09417
8315,24,0.580101,0.032132,0.009992,0.042842,0.334934,0.248405,0.751595,0.103626,0.105661
8316,30,0.579938,0.032123,0.010269,0.04283,0.33484,0.248491,0.751509,0.112819,0.109884
8317,24,0.580094,0.032131,0.010003,0.042842,0.33493,0.248473,0.751527,0.121612,0.121569
8318,30,0.580102,0.032131,0.01,0.042841,0.334926,0.248504,0.751496,0.12561,0.124431
8319,30,0.580451,0.032097,0.010084,0.042796,0.334572,0.248201,0.751799,0.091121,0.097521
8320,30,0.580302,0.032089,0.009997,0.042785,0.334827,0.248332,0.751668,0.110973,0.106529
8321,30,0.58026,0.032092,0.010001,0.042789,0.334858,0.248307,0.751693,0.121586,0.121386
8322,30,0.580232,0.03209,0.010049,0.042787,0.334842,0.248342,0.751658,0.126144,0.12489
8323,30,0.580336,0.032086,0.009999,0.042781,0.334799,0.248258,0.751742,0.111637,0.113218
8324,30,0.580295,0.032089,0.010001,0.042785,0.33483,0.248266,0.751734,0.121586,0.120975
8325,24,0.580295,0.032089,0.01,0.042785,0.33483,0.248528,0.751472,0.115347,0.107362
8326,24,0.580295,0.032089,0.01,0.042785,0.33483,0.248637,0.751363,0.121572,0.117359
8327,30,0.579917,0.032078,0.009997,0.042771,0.335237,0.248618,0.751382,0.129731,0.129265
8328,24,0.579867,0.032076,0.010082,0.042768,0.335208,0.248725,0.751275,0.11325,0.109578
8329,24,0.579828,0.032085,0.010003,0.04278,0.335304,0.24871,0.75129,0.125092,0.124342
8330,30,0.579679,0.032077,0.010257,0.042769,0.335218,0.248663,0.751337,0.119487,0.119861
8331,24,0.579742,0.032092,0.010005,0.042789,0.335374,0.248681,0.751319,0.133403,0.132441
8332,24,0.579876,0.032065,0.009992,0.042753,0.335314,0.248564,0.751436,0.103662,0.105702
8333,30,0.579615,0.03207,0.010001,0.042759,0.335554,0.248707,0.751293,0.124811,0.119855
8334,30,0.579576,0.032073,0.010001,0.042764,0.335587,0.248715,0.751285,0.121586,0.120976
8335,30,0.579568,0.032073,0.01,0.042764,0.335594,0.24875,0.75125,0.125222,0.123851
8336,30,0.579568,0.032073,0.01,0.042764,0.335594,0.248818,0.751182,0.119487,0.116985
8337,30,0.579722,0.032062,0.009996,0.042749,0.335471,0.248675,0.751325,0.112331,0.114026
8338,30,0.580199,0.032025,0.009989,0.0427,0.335088,0.24845,0.75155,0.088189,0.09223
8339,24,0.580149,0.032022,0.010074,0.042696,0.335059,0.248431,0.751569,0.129866,0.129846
8340,24,0.580065,0.032018,0.009999,0.04269,0.335229,0.248379,0.751621,0.126387,0.12718
8341,24,0.580064,0.032018,0.01,0.04269,0.335229,0.248669,0.751331,0.113263,0.104567
8342,30,0.580064,0.032018,0.01,0.04269,0.335229,0.248738,0.751262,0.119542,0.117029
8343,24,0.580235,0.032004,0.009996,0.042673,0.335092,0.248626,0.751374,0.109044,0.110974
8344,30,0.580496,0.031984,0.009994,0.042646,0.334881,0.248464,0.751536,0.100075,0.102926
8345,30,0.580755,0.031964,0.009994,0.042619,0.334669,0.248362,0.751638,0.093506,0.09415
8346,24,0.580839,0.031957,0.009998,0.04261,0.334596,0.248302,0.751698,0.125591,0.12656
8347,24,0.581096,0.031937,0.009994,0.042583,0.33439,0.248219,0.751781,0.107171,0.108368
8348,24,0.581093,0.031937,0.01,0.042583,0.334387,0.248267,0.751733,0.123282,0.121581
8349,30,0.580557,0.031908,0.010913,0.042544,0.334078,0.248315,0.751685,0.126101,0.12406
8350,30,0.580408,0.031899,0.011167,0.042533,0.333992,0.248413,0.751587,0.119484,0.116191
8351,24,0.580939,0.031929,0.010264,0.042571,0.334297,0.248461,0.751539,0.123294,0.121599
8352,30,0.580894,0.031926,0.009999,0.042568,0.334612,0.248455,0.751545,0.111005,0.110213
8353,30,0.580696,0.031915,0.009997,0.042553,0.334839,0.248449,0.751551,0.111004,0.110215
8354,24,0.580782,0.031908,0.009998,0.042544,0.334767,0.248389,0.751611,0.125591,0.126564
8355,30,0.580609,0.031921,0.010004,0.042562,0.334904,0.248462,0.751538,0.145033,0.14272
8356,30,0.580611,0.031921,0.01,0.042562,0.334905,0.248415,0.751585,0.119556,0.119908
8357,24,0.580484,0.031914,0.009998,0.042553,0.335051,0.248432,0.751568,0.120204,0.11928
8358,24,0.580483,0.031914,0.01,0.042552,0.33505,0.248414,0.751586,0.129924,0.129885
8359,30,0.580404,0.03192,0.010002,0.04256,0.335113,0.248507,0.751493,0.1411,0.137841
8360,30,0.580009,0.031899,0.010676,0.042532,0.334885,0.248448,0.751552,0.129423,0.130092
8361,24,0.580135,0.031917,0.010316,0.042556,0.335076,0.248433,0.751567,0.125078,0.124327
8362,24,0.580401,0.031904,0.009996,0.042539,0.335161,0.248323,0.751677,0.104884,0.106779
8363,30,0.580454,0.0319,0.009999,0.042533,0.335114,0.248438,0.751562,0.120211,0.116046
8364,30,0.58046,0.031899,0.01,0.042532,0.335109,0.248469,0.751531,0.12561,0.124431
8365,30,0.58009,0.031901,0.010001,0.042535,0.335473,0.248585,0.751415,0.113178,0.109171
8366,30,0.579662,0.031861,0.010943,0.042482,0.335052,0.248481,0.751519,0.126213,0.128143
8367,30,0.580077,0.031885,0.010221,0.042514,0.335303,0.248556,0.751444,0.118573,0.115717
8368,24,0.580337,0.031866,0.009994,0.042487,0.335316,0.248439,0.751561,0.10371,0.105733
8369,30,0.580023,0.031851,0.010496,0.042468,0.335162,0.248627,0.751373,0.127173,0.121182
8370,24,0.580568,0.031847,0.009999,0.042463,0.335123,0.248611,0.751389,0.099255,0.097992
8371,30,0.580567,0.031847,0.01,0.042463,0.335123,0.24868,0.75132,0.119542,0.117023
8372,24,0.58044,0.03184,0.009998,0.042454,0.335268,0.248627,0.751373,0.126375,0.127183
8373,30,0.580419,0.031842,0.01,0.042456,0.335283,0.248752,0.751248,0.12056,0.11657
8374,30,0.580399,0.031843,0.01,0.042458,0.3353,0.248806,0.751194,0.130571,0.127962
8375,30,0.580065,0.03183,0.010503,0.04244,0.335162,0.248813,0.751187,0.1282,0.127602
8376,30,0.58014,0.031848,0.010006,0.042464,0.335543,0.248945,0.751055,0.121946,0.117698
8377,30,0.579935,0.031851,0.010001,0.042468,0.335745,0.249071,0.750929,0.122193,0.118169
8378,24,0.579893,0.031854,0.010001,0.042472,0.33578,0.249215,0.750785,0.123353,0.118644
8379,30,0.579695,0.031843,0.009997,0.042458,0.336007,0.249121,0.750879,0.110951,0.112843
8380,30,0.579542,0.03184,0.009999,0.042453,0.336165,0.249067,0.750933,0.118516,0.119027
8381,24,0.579543,0.03184,0.01,0.042453,0.336164,0.249115,0.750885,0.123282,0.121571
8382,30,0.580021,0.031804,0.009989,0.042405,0.335781,0.248799,0.751201,0.081604,0.088111
8383,24,0.579845,0.0318,0.009999,0.0424,0.335957,0.248912,0.751088,0.119841,0.115886
8384,24,0.579717,0.031793,0.009998,0.04239,0.336102,0.248928,0.751072,0.120171,0.119257
8385,30,0.579576,0.031785,0.01024,0.04238,0.33602,0.24888,0.75112,0.119487,0.119866
8386,24,0.579501,0.031792,0.010002,0.042389,0.336315,0.248864,0.751136,0.129891,0.129756
8387,24,0.579376,0.031785,0.009998,0.04238,0.336461,0.248812,0.751188,0.126399,0.127195
8388,24,0.579375,0.031785,0.01,0.04238,0.33646,0.248863,0.751137,0.123724,0.121982
8389,30,0.579137,0.031777,0.009998,0.04237,0.336719,0.248752,0.751248,0.122992,0.124812
8390,24,0.579009,0.03177,0.009998,0.04236,0.336863,0.248769,0.751231,0.120183,0.119279
8391,30,0.579007,0.03177,0.01,0.04236,0.336862,0.248722,0.751278,0.119556,0.11992
8392,24,0.579361,0.031744,0.009992,0.042325,0.336579,0.248684,0.751316,0.092914,0.092158
8393,30,0.579189,0.03173,0.009996,0.042307,0.336778,0.248579,0.751421,0.109574,0.111689
8394,30,0.579186,0.03173,0.01,0.042307,0.336777,0.248648,0.751352,0.119542,0.117023
8395,30,0.578903,0.031737,0.010002,0.042316,0.337042,0.248691,0.751309,0.141948,0.14035
8396,24,0.578652,0.031723,0.009996,0.042297,0.337332,0.248671,0.751329,0.116237,0.116197
8397,24,0.57865,0.031723,0.01,0.042297,0.33733,0.248653,0.751347,0.121612,0.121574
8398,30,0.578641,0.031724,0.01,0.042298,0.337337,0.248728,0.751272,0.118573,0.115719
8399,24,0.578641,0.031724,0.01,0.042298,0.337337,0.248837,0.751163,0.121572,0.117362
8400,30,0.578444,0.031713,0.009997,0.042284,0.337563,0.248743,0.751257,0.11094,0.112828
8401,30,0.578269,0.031726,0.010004,0.042301,0.337701,0.248827,0.751173,0.128362,0.125782
8402,30,0.578314,0.0317,0.010287,0.042267,0.337432,0.248787,0.751213,0.112644,0.112827
8403,24,0.578603,0.0317,0.01,0.042267,0.33743,0.248682,0.751318,0.118577,0.120387
8404,30,0.578603,0.031687,0.009996,0.042249,0.337465,0.248543,0.751457,0.100581,0.102849
8405,30,0.578441,0.031678,0.010273,0.042238,0.33737,0.248756,0.751244,0.112819,0.106264
8406,24,0.578422,0.031647,0.010698,0.042196,0.337037,0.248621,0.751379,0.111683,0.113754
8407,24,0.578373,0.031644,0.010783,0.042192,0.337008,0.248561,0.751439,0.121556,0.122036
8408,24,0.578691,0.031673,0.010093,0.04223,0.337313,0.24858,0.75142,0.125094,0.124117
8409,30,0.578828,0.031669,0.009999,0.042226,0.337277,0.248461,0.751539,0.103885,0.104994
8410,24,0.578828,0.031669,0.01,0.042226,0.337277,0.248443,0.751557,0.121612,0.121569
8411,24,0.57895,0.03166,0.009997,0.042214,0.337179,0.248338,0.751662,0.118607,0.120402
8412,30,0.578844,0.031654,0.009998,0.042205,0.3373,0.248373,0.751627,0.115909,0.114188
8413,24,0.578843,0.031654,0.01,0.042205,0.337299,0.248423,0.751577,0.123641,0.121912
8414,24,0.579015,0.031641,0.009996,0.042187,0.337161,0.24831,0.75169,0.117346,0.119281
8415,30,0.578972,0.031643,0.010001,0.042191,0.337192,0.248285,0.751715,0.121584,0.121384
8416,30,0.578869,0.031637,0.009998,0.042183,0.337314,0.248321,0.751679,0.115909,0.11419
8417,30,0.578827,0.03164,0.010001,0.042187,0.337345,0.248296,0.751704,0.121617,0.121404
8418,24,0.578701,0.031633,0.009998,0.042177,0.337491,0.248244,0.751756,0.126375,0.127176
8419,24,0.5787,0.031633,0.01,0.042177,0.33749,0.248226,0.751774,0.12164,0.121598
8420,30,0.579163,0.031598,0.009989,0.042131,0.337119,0.247912,0.752088,0.082106,0.088613
8421,24,0.579157,0.031598,0.01,0.04213,0.337115,0.247894,0.752106,0.129895,0.129865
8422,30,0.57888,0.031593,0.009998,0.042124,0.337404,0.247971,0.752029,0.115897,0.112968
8423,30,0.578596,0.0316,0.010002,0.042133,0.337669,0.248026,0.751974,0.125314,0.123438
8424,24,0.578855,0.03158,0.009994,0.042107,0.337463,0.248011,0.751989,0.099278,0.098016
8425,24,0.57891,0.031576,0.009999,0.042101,0.337414,0.247955,0.752045,0.119563,0.119681
8426,30,0.579005,0.031569,0.009998,0.042092,0.337337,0.248014,0.751986,0.116171,0.113285
8427,24,0.579003,0.031569,0.01,0.042092,0.337336,0.248065,0.751935,0.123695,0.121955
8428,24,0.579003,0.031569,0.01,0.042092,0.337336,0.248115,0.751885,0.12367,0.12194
8429,30,0.579012,0.031542,0.009992,0.042057,0.337397,0.247904,0.752096,0.1147,0.119192
8430,24,0.579008,0.031542,0.01,0.042056,0.337394,0.247886,0.752114,0.12164,0.121588
8431,30,0.578626,0.031527,0.010244,0.042035,0.337569,0.247867,0.752133,0.129598,0.129115
8432,24,0.57872,0.031498,0.010519,0.041998,0.337266,0.247699,0.752301,0.105433,0.107959
8433,24,0.579021,0.031515,0.010005,0.042019,0.33744,0.247798,0.752202,0.114971,0.111424
8434,24,0.579025,0.031515,0.01,0.042019,0.337441,0.247847,0.752153,0.123313,0.121598
8435,30,0.579032,0.031514,0.01,0.042019,0.337436,0.247912,0.752088,0.118983,0.116553
8436,24,0.579154,0.031505,0.009997,0.042007,0.337337,0.247807,0.752193,0.110239,0.112032
8437,30,0.579048,0.031498,0.009998,0.041998,0.337458,0.247843,0.752157,0.11592,0.114199
8438,24,0.57918,0.031472,0.009992,0.041963,0.337394,0.247726,0.752274,0.103652,0.105685
8439,30,0.579182,0.031471,0.01,0.041962,0.337386,0.247757,0.752243,0.12561,0.124434
8440,30,0.578764,0.031467,0.010293,0.041956,0.337519,0.247937,0.752063,0.131644,0.126191
8441,30,0.578832,0.031467,0.010235,0.041955,0.337511,0.247916,0.752084,0.115492,0.11523
8442,30,0.579007,0.031468,0.01004,0.041958,0.337528,0.248019,0.751981,0.115029,0.1112
8443,24,0.578641,0.031448,0.010666,0.041931,0.337314,0.247959,0.752041,0.12153,0.12201
8444,24,0.578765,0.031466,0.010306,0.041955,0.337507,0.247944,0.752056,0.125074,0.124324
8445,30,0.578943,0.031476,0.010003,0.041968,0.337611,0.248013,0.751987,0.119531,0.117014
8446,24,0.578858,0.031482,0.010002,0.041977,0.337681,0.248032,0.751968,0.133411,0.132441
8447,24,0.578808,0.03148,0.010087,0.041973,0.337652,0.248142,0.751858,0.121558,0.117355
8448,30,0.578667,0.031472,0.010329,0.041963,0.337569,0.248128,0.751872,0.119487,0.119453
8449,24,0.578858,0.031482,0.010003,0.041976,0.33768,0.248176,0.751824,0.123295,0.121593
8450,30,0.57886,0.031482,0.01,0.041977,0.337681,0.248263,0.751737,0.112932,0.10997
8451,30,0.57886,0.031482,0.01,0.041977,0.337681,0.248216,0.751784,0.119545,0.119905
8452,24,0.579118,0.031463,0.009994,0.041951,0.337474,0.248171,0.751829,0.105483,0.105035
8453,30,0.579109,0.031448,0.010205,0.04193,0.337308,0.248224,0.751776,0.10841,0.106173
8454,30,0.579055,0.031467,0.010006,0.041956,0.337516,0.248308,0.751692,0.128395,0.125803
8455,24,0.578932,0.03146,0.009998,0.041947,0.337663,0.248256,0.751744,0.118128,0.118906
8456,24,0.579229,0.031438,0.009993,0.041917,0.337423,0.248138,0.751862,0.104028,0.106104
8457,24,0.579225,0.031438,0.01,0.041917,0.33742,0.248231,0.751769,0.115333,0.112037
8458,24,0.579226,0.031438,0.01,0.041917,0.337419,0.248279,0.751721,0.123295,0.121593
8459,30,0.57938,0.031426,0.009996,0.041902,0.337296,0.248281,0.751719,0.095741,0.093805
8460,24,0.579549,0.031413,0.009996,0.041884,0.337157,0.248168,0.751832,0.11732,0.119256
8461,24,0.579461,0.03142,0.010002,0.041893,0.337225,0.248187,0.751813,0.125107,0.124135
8462,30,0.579396,0.031406,0.010048,0.041875,0.337275,0.248099,0.751901,0.114088,0.115298
8463,24,0.579297,0.031401,0.009998,0.041868,0.337436,0.248047,0.751953,0.118083,0.118876
8464,30,0.579462,0.031389,0.009996,0.041851,0.337302,0.24795,0.75205,0.115346,0.117066
8465,30,0.579626,0.031376,0.009996,0.041835,0.337167,0.247853,0.752147,0.115361,0.117075
8466,24,0.579537,0.031382,0.010002,0.041843,0.337235,0.247838,0.752162,0.125092,0.124337
8467,30,0.579651,0.031369,0.010069,0.041825,0.337087,0.247702,0.752298,0.118921,0.121134
8468,30,0.579137,0.031341,0.010946,0.041788,0.336789,0.247739,0.752261,0.136081,0.134323
8469,24,0.579996,0.031335,0.010156,0.041781,0.336732,0.247697,0.752303,0.091658,0.090903
8470,24,0.57996,0.031334,0.009999,0.041778,0.336929,0.247645,0.752355,0.118128,0.118905
8471,24,0.580169,0.031318,0.009995,0.041757,0.336761,0.247569,0.752431,0.108401,0.109471
8472,24,0.580039,0.031311,0.009998,0.041748,0.336904,0.247517,0.752483,0.126366,0.127172
8473,30,0.580038,0.031311,0.01,0.041748,0.336904,0.247587,0.752413,0.119588,0.117068
8474,24,0.579912,0.031304,0.009998,0.041738,0.337048,0.247601,0.752399,0.119766,0.118899
8475,24,0.579621,0.031299,0.01013,0.041732,0.337217,0.247585,0.752415,0.129833,0.129713
8476,24,0.57957,0.031297,0.009999,0.041729,0.337406,0.247533,0.752467,0.118112,0.118895
8477,30,0.579191,0.031286,0.009997,0.041715,0.337811,0.247575,0.752425,0.113077,0.111094
8478,30,0.579026,0.031273,0.009996,0.041697,0.338008,0.247474,0.752526,0.11362,0.115266
8479,24,0.578937,0.031279,0.010002,0.041706,0.338076,0.247493,0.752507,0.125103,0.124134
8480,24,0.578938,0.031279,0.01,0.041706,0.338077,0.247601,0.752399,0.113263,0.109603
8481,24,0.578725,0.031279,0.01,0.041705,0.338291,0.247586,0.752414,0.129878,0.129749
8482,24,0.578725,0.031279,0.01,0.041705,0.338291,0.247568,0.752432,0.1216,0.12156
8483,30,0.578685,0.031282,0.010001,0.041709,0.338323,0.247677,0.752323,0.11497,0.111453
8484,30,0.578645,0.031285,0.010001,0.041713,0.338356,0.247652,0.752348,0.121581,0.121375
8485,24,0.578646,0.031285,0.01,0.041713,0.338356,0.247702,0.752298,0.123683,0.121949
8486,24,0.578646,0.031285,0.01,0.041713,0.338356,0.247752,0.752248,0.123683,0.121949
8487,24,0.57852,0.031278,0.009998,0.041704,0.3385,0.247766,0.752234,0.119761,0.118882
8488,30,0.578311,0.03128,0.010001,0.041707,0.3387,0.247831,0.752169,0.138806,0.136327
8489,24,0.578572,0.031261,0.009994,0.041681,0.338492,0.247748,0.752252,0.107207,0.108403
8490,24,0.578316,0.031247,0.009996,0.041663,0.338779,0.247731,0.752269,0.116674,0.116586
8491,30,0.578636,0.031223,0.009992,0.041631,0.338518,0.24752,0.75248,0.096702,0.101158
8492,24,0.578461,0.031219,0.009999,0.041626,0.338695,0.247621,0.752379,0.11983,0.116333
8493,30,0.578433,0.031218,0.010047,0.041624,0.338678,0.247818,0.752182,0.126144,0.119963
8494,30,0.578204,0.031224,0.010002,0.041632,0.338938,0.247962,0.752038,0.124787,0.119851
8495,30,0.578321,0.031216,0.009997,0.041621,0.338845,0.248015,0.751985,0.108468,0.106215
8496,24,0.578193,0.031209,0.009998,0.041611,0.338989,0.248031,0.751969,0.120162,0.119254
8497,24,0.578192,0.031209,0.01,0.041611,0.338988,0.248013,0.751987,0.121587,0.121548
8498,30,0.578001,0.031197,0.009996,0.041597,0.339208,0.247964,0.752036,0.117019,0.117766
8499,30,0.578164,0.031185,0.009996,0.04158,0.339075,0.247845,0.752155,0.10551,0.107645
8500,24,0.578478,0.031162,0.009992,0.041549,0.338819,0.24768,0.75232,0.10347,0.105626
8501,30,0.578351,0.031155,0.01021,0.04154,0.338745,0.247621,0.752379,0.129467,0.130115
8502,30,0.578342,0.031154,0.010226,0.041539,0.338739,0.247574,0.752426,0.119498,0.119866
8503,30,0.578595,0.031152,0.009999,0.041536,0.338717,0.247606,0.752394,0.114578,0.112847
8504,24,0.578594,0.031152,0.01,0.041536,0.338717,0.247588,0.752412,0.12164,0.121596
8505,24,0.578381,0.031152,0.01,0.041536,0.338931,0.247573,0.752427,0.12157,0.121432
8506,30,0.578151,0.031135,0.010452,0.041513,0.338749,0.247552,0.752448,0.122157,0.121893
8507,30,0.578206,0.031139,0.010001,0.041519,0.339135,0.247507,0.752493,0.116618,0.117175
8508,30,0.578207,0.031139,0.01,0.041519,0.339135,0.247594,0.752406,0.112885,0.109939
8509,24,0.578465,0.03112,0.009994,0.041493,0.338927,0.247578,0.752422,0.099238,0.097992
8510,24,0.578292,0.031116,0.009999,0.041488,0.339104,0.247691,0.752309,0.11983,0.115894
8511,24,0.578205,0.031123,0.010002,0.041497,0.339174,0.247843,0.752157,0.116766,0.111877
8512,30,0.578056,0.031115,0.010256,0.041486,0.339087,0.247829,0.752171,0.119487,0.119453
8513,24,0.578376,0.03111,0.009998,0.04148,0.339035,0.247717,0.752283,0.109023,0.110944
8514,24,0.578376,0.03111,0.01,0.04148,0.339034,0.247765,0.752235,0.123295,0.121583
8515,24,0.57825,0.031103,0.009998,0.041471,0.339178,0.247781,0.752219,0.120137,0.119234
8516,30,0.577725,0.031075,0.010897,0.041433,0.33887,0.247722,0.752278,0.129412,0.130071
8517,24,0.578502,0.031084,0.010003,0.041445,0.338966,0.247707,0.752293,0.099297,0.098035
8518,30,0.578126,0.031073,0.009997,0.041431,0.339372,0.247699,0.752301,0.119703,0.118961
8519,24,0.577998,0.031067,0.009998,0.041422,0.339515,0.247647,0.752353,0.118049,0.118842
8520,30,0.577957,0.031069,0.010001,0.041426,0.339547,0.247644,0.752356,0.13821,0.13789
8521,30,0.577933,0.031053,0.010237,0.041405,0.339372,0.247563,0.752437,0.11506,0.116124
8522,24,0.577567,0.031034,0.010863,0.041378,0.339157,0.247503,0.752497,0.12153,0.122011
8523,24,0.57794,0.031054,0.010006,0.041405,0.339595,0.24752,0.75248,0.120194,0.119288
8524,24,0.577857,0.03106,0.010002,0.041414,0.339667,0.247539,0.752461,0.125091,0.124122
8525,24,0.577693,0.031063,0.010137,0.041417,0.339691,0.247557,0.752443,0.133358,0.132405
8526,30,0.577763,0.031068,0.010002,0.041423,0.339745,0.247632,0.752368,0.118572,0.115727
8527,30,0.577633,0.031063,0.009999,0.041417,0.339888,0.247821,0.752179,0.110861,0.105006
8528,24,0.577824,0.03104,0.010109,0.041387,0.339639,0.247653,0.752347,0.105459,0.107981
8529,24,0.577762,0.031037,0.009999,0.041383,0.33982,0.247667,0.752333,0.119757,0.11889
8530,30,0.578027,0.031017,0.009994,0.041357,0.339606,0.247566,0.752434,0.093633,0.09426
8531,30,0.578054,0.031015,0.009999,0.041353,0.339579,0.247541,0.752459,0.118148,0.118338
8532,30,0.577902,0.031012,0.009999,0.041349,0.339737,0.247487,0.752513,0.118522,0.119028
8533,24,0.577902,0.031012,0.01,0.041349,0.339737,0.247469,0.752531,0.1216,0.12156
8534,30,0.57796,0.031008,0.009999,0.041344,0.33969,0.247626,0.752374,0.121229,0.115955
8535,30,0.578055,0.031001,0.009998,0.041334,0.339613,0.247647,0.752353,0.126155,0.124241
8536,24,0.578054,0.031,0.01,0.041334,0.339612,0.24774,0.75226,0.115347,0.112057
8537,24,0.578054,0.031,0.01,0.041334,0.339612,0.24779,0.75221,0.123641,0.121916
8538,24,0.577927,0.030994,0.009998,0.041325,0.339756,0.247738,0.752262,0.118103,0.118882
8539,24,0.577926,0.030994,0.01,0.041325,0.339755,0.24772,0.75228,0.12992,0.129885
8540,30,0.577898,0.030992,0.010048,0.041323,0.339739,0.247755,0.752245,0.126144,0.124893
8541,24,0.577926,0.030994,0.01,0.041325,0.339755,0.247805,0.752195,0.123641,0.121916
8542,24,0.578136,0.030978,0.009995,0.041304,0.339587,0.247642,0.752358,0.106721,0.109233
8543,24,0.57792,0.030978,0.01,0.041304,0.339799,0.247627,0.752373,0.129874,0.129745
8544,24,0.577793,0.030971,0.009998,0.041295,0.339943,0.247575,0.752425,0.118049,0.118846
8545,30,0.577752,0.030974,0.010001,0.041298,0.339975,0.24755,0.75245,0.121594,0.121392
8546,30,0.577428,0.03093,0.010905,0.04124,0.339496,0.247418,0.752582,0.123184,0.125768
8547,30,0.577951,0.030958,0.010009,0.041278,0.339804,0.247505,0.752495,0.11295,0.109988
8548,30,0.57776,0.030948,0.009997,0.041264,0.340032,0.247411,0.752589,0.11092,0.112801
8549,30,0.577758,0.030948,0.01,0.041264,0.340031,0.247364,0.752636,0.119545,0.119902
8550,24,0.577631,0.030941,0.009998,0.041255,0.340175,0.247312,0.752688,0.118103,0.118881
8551,24,0.577803,0.030928,0.009996,0.041238,0.340035,0.247199,0.752801,0.117306,0.119243
8552,24,0.577757,0.030931,0.010001,0.041242,0.340069,0.247332,0.752668,0.123346,0.118506
8553,30,0.577741,0.030931,0.010029,0.041241,0.340059,0.247285,0.752715,0.119498,0.119863
8554,30,0.577574,0.030902,0.010578,0.041202,0.339744,0.247149,0.752851,0.118901,0.121123
8555,24,0.577524,0.030899,0.010663,0.041199,0.339715,0.247259,0.752741,0.121556,0.117365
8556,30,0.577788,0.030914,0.010005,0.041219,0.340074,0.247305,0.752695,0.11549,0.113357
8557,24,0.577578,0.030914,0.01,0.041219,0.340289,0.24729,0.75271,0.121561,0.121418
8558,30,0.5776,0.030913,0.009999,0.041217,0.340272,0.24736,0.75264,0.132648,0.129693
8559,30,0.577496,0.030906,0.009998,0.041208,0.340392,0.247396,0.752604,0.115926,0.114202
8560,30,0.577454,0.030909,0.010001,0.041212,0.340424,0.247404,0.752596,0.121583,0.120973
8561,24,0.577715,0.03089,0.009994,0.041187,0.340214,0.247321,0.752679,0.107185,0.108386
8562,30,0.577692,0.030891,0.01,0.041188,0.340228,0.247447,0.752553,0.120558,0.116585
8563,30,0.577712,0.030878,0.010162,0.04117,0.340079,0.247367,0.752633,0.115089,0.116148
8564,24,0.577679,0.030876,0.009999,0.041168,0.340278,0.247315,0.752685,0.118049,0.118841
8565,24,0.577592,0.030882,0.010002,0.041176,0.340348,0.247467,0.752533,0.116762,0.111888
8566,24,0.577467,0.030876,0.009998,0.041167,0.340492,0.247415,0.752585,0.118103,0.118891
8567,24,0.577422,0.030879,0.010001,0.041171,0.340527,0.247548,0.752452,0.123346,0.118505
8568,24,0.577423,0.030879,0.01,0.041172,0.340527,0.247599,0.752401,0.123683,0.121952
8569,30,0.577363,0.030869,0.010193,0.041158,0.340417,0.247474,0.752526,0.115579,0.116999
8570,24,0.577135,0.030868,0.01,0.041157,0.340841,0.247425,0.752575,0.118024,0.118722
8571,24,0.577136,0.030867,0.01,0.041157,0.34084,0.247473,0.752527,0.123295,0.121586
8572,24,0.577011,0.030861,0.009998,0.041147,0.340983,0.247487,0.752513,0.119753,0.118886
8573,24,0.576966,0.030864,0.010001,0.041152,0.341018,0.24762,0.75238,0.123346,0.118511
8574,30,0.576946,0.030865,0.01,0.041154,0.341034,0.247847,0.752153,0.113943,0.107063
8575,24,0.576948,0.030865,0.01,0.041154,0.341034,0.247895,0.752105,0.123295,0.121583
8576,30,0.576948,0.030865,0.01,0.041154,0.341034,0.247965,0.752035,0.119588,0.117061
8577,30,0.576919,0.030864,0.01005,0.041151,0.341016,0.248051,0.751949,0.11283,0.109887
8578,30,0.577055,0.030857,0.009998,0.041143,0.340947,0.24806,0.75194,0.098029,0.096149
8579,30,0.577027,0.030856,0.010046,0.041141,0.34093,0.248095,0.751905,0.126144,0.124893
8580,30,0.577169,0.030849,0.009998,0.041132,0.340852,0.248131,0.751869,0.115128,0.11331
8581,24,0.577169,0.030849,0.01,0.041131,0.340851,0.248179,0.751821,0.123295,0.121593
8582,24,0.577169,0.030849,0.01,0.041131,0.340851,0.24823,0.75177,0.123724,0.121985
8583,24,0.57712,0.030846,0.010085,0.041128,0.340821,0.24834,0.75166,0.121558,0.117353
8584,30,0.576727,0.030825,0.010759,0.0411,0.340589,0.248281,0.751719,0.129423,0.130083
8585,24,0.577081,0.030831,0.010324,0.041108,0.340656,0.248372,0.751628,0.117832,0.113856
8586,30,0.576984,0.030848,0.010005,0.04113,0.341033,0.248533,0.751467,0.118643,0.113636
8587,30,0.576771,0.030841,0.01011,0.041122,0.341155,0.248478,0.751522,0.118485,0.118997
8588,30,0.576638,0.030834,0.009998,0.041112,0.341417,0.248515,0.751485,0.117567,0.115935
8589,24,0.576783,0.030824,0.009997,0.041098,0.341299,0.248566,0.751434,0.109836,0.107401
8590,30,0.576641,0.03082,0.009999,0.041093,0.341448,0.248676,0.751324,0.120356,0.116112
8591,24,0.576553,0.030826,0.010002,0.041101,0.341518,0.248695,0.751305,0.125087,0.124116
8592,24,0.576555,0.030826,0.01,0.041101,0.341517,0.248743,0.751257,0.123283,0.121579
8593,30,0.576546,0.030827,0.01,0.041102,0.341524,0.248818,0.751182,0.118571,0.11572
8594,24,0.576208,0.03082,0.009998,0.041093,0.341882,0.248768,0.751232,0.126323,0.127033
8595,30,0.576166,0.030822,0.010001,0.041097,0.341914,0.248743,0.751257,0.121601,0.121401
8596,30,0.575796,0.030825,0.010001,0.041099,0.342279,0.248746,0.751254,0.119737,0.119093
8597,30,0.575686,0.030819,0.009998,0.041092,0.342405,0.248815,0.751185,0.116456,0.113862
8598,30,0.57612,0.030787,0.00999,0.04105,0.342054,0.248556,0.751444,0.08962,0.094792
8599,24,0.576114,0.030787,0.01,0.041049,0.34205,0.248538,0.751462,0.12164,0.121589
8600,24,0.576027,0.030793,0.010002,0.041058,0.342121,0.248557,0.751443,0.125083,0.124112
8601,24,0.576238,0.030778,0.009995,0.041037,0.341951,0.248524,0.751476,0.106764,0.106031
8602,30,0.576262,0.030776,0.009999,0.041034,0.341928,0.248644,0.751356,0.124587,0.120723
8603,24,0.576137,0.030769,0.009998,0.041025,0.342071,0.248658,0.751342,0.119741,0.118868
8604,24,0.576252,0.030753,0.010094,0.041004,0.341896,0.248545,0.751455,0.117326,0.119272
8605,30,0.576236,0.030752,0.010122,0.041003,0.341886,0.248498,0.751502,0.119498,0.119867
8606,30,0.576278,0.030733,0.009994,0.040978,0.342016,0.248478,0.751522,0.105701,0.105059
8607,30,0.57613,0.030726,0.010248,0.040967,0.341929,0.248464,0.751536,0.119487,0.119456
8608,24,0.576186,0.030739,0.010005,0.040986,0.342084,0.248483,0.751517,0.125095,0.124118
8609,24,0.576189,0.03074,0.01,0.040986,0.342085,0.248423,0.751577,0.121572,0.122046
8610,24,0.576189,0.03074,0.01,0.040986,0.342085,0.248474,0.751526,0.123712,0.121966
8611,24,0.576325,0.030714,0.009992,0.040952,0.342018,0.248357,0.751643,0.103735,0.105756
8612,30,0.576083,0.030706,0.009997,0.040942,0.342272,0.248245,0.751755,0.122953,0.124767
8613,24,0.576082,0.030706,0.01,0.040941,0.342271,0.248227,0.751773,0.121587,0.121553
8614,24,0.575869,0.030706,0.01,0.040941,0.342485,0.248211,0.751789,0.121548,0.121417
8615,30,0.576352,0.030671,0.009989,0.040894,0.342094,0.247896,0.752104,0.08164,0.088114
8616,30,0.57591,0.030652,0.010489,0.04087,0.34208,0.247874,0.752126,0.125105,0.125224
8617,30,0.575882,0.030651,0.010537,0.040868,0.342063,0.247909,0.752091,0.126143,0.124893
8618,30,0.575773,0.03063,0.010579,0.04084,0.342176,0.247753,0.752247,0.106488,0.109292
8619,24,0.57637,0.030617,0.010159,0.040823,0.342031,0.247548,0.752452,0.101257,0.104628
8620,24,0.57608,0.030613,0.010291,0.040817,0.342199,0.247532,0.752468,0.129803,0.129691
8621,24,0.576247,0.030622,0.010003,0.040829,0.342299,0.247514,0.752486,0.121628,0.121585
8622,24,0.576036,0.030621,0.01,0.040829,0.342514,0.247499,0.752501,0.121548,0.121419
8623,24,0.575949,0.030628,0.010002,0.040837,0.342584,0.247484,0.752516,0.12508,0.124337
8624,24,0.576124,0.030615,0.009996,0.04082,0.342445,0.247372,0.752628,0.109034,0.110957
8625,30,0.576336,0.0306,0.009995,0.040799,0.34227,0.247298,0.752702,0.112785,0.11392
8626,24,0.576333,0.030599,0.01,0.040799,0.342268,0.24728,0.75272,0.129924,0.129883
8627,24,0.57629,0.030603,0.010001,0.040803,0.342303,0.247425,0.752575,0.123359,0.118673
8628,24,0.576203,0.030609,0.010002,0.040812,0.342374,0.247444,0.752556,0.125083,0.124113
8629,24,0.57608,0.030602,0.009998,0.040803,0.342517,0.247458,0.752542,0.119748,0.118882
8630,24,0.576252,0.03059,0.009996,0.040786,0.342376,0.247346,0.752654,0.109085,0.111002
8631,24,0.576162,0.030596,0.010002,0.040794,0.342445,0.247365,0.752635,0.133403,0.132436
8632,24,0.576337,0.030583,0.009996,0.040778,0.342306,0.247252,0.752748,0.117317,0.119255
8633,30,0.575943,0.030567,0.010264,0.040757,0.342469,0.247179,0.752821,0.119575,0.1209
8634,24,0.575882,0.030575,0.010003,0.040767,0.342773,0.247164,0.752836,0.121548,0.121405
8635,30,0.575687,0.030565,0.009997,0.040753,0.342998,0.247119,0.752881,0.117556,0.118218
8636,24,0.575686,0.030565,0.01,0.040753,0.342996,0.247167,0.752833,0.123283,0.12158
8637,30,0.575666,0.030566,0.01,0.040755,0.343013,0.247394,0.752606,0.113941,0.107065
8638,30,0.575224,0.030548,0.010501,0.04073,0.342997,0.247435,0.752565,0.125105,0.123207
8639,24,0.575367,0.030555,0.010255,0.04074,0.343082,0.247417,0.752583,0.121576,0.12154
8640,30,0.575526,0.030538,0.009994,0.040717,0.343225,0.247218,0.752782,0.098077,0.102263
8641,30,0.57553,0.030537,0.01,0.040716,0.343218,0.247283,0.752717,0.118997,0.116565
8642,24,0.575703,0.030524,0.009996,0.040699,0.343077,0.247171,0.752829,0.109091,0.111
8643,30,0.575889,0.030511,0.009996,0.040681,0.342923,0.247227,0.752773,0.114385,0.111727
8644,24,0.575674,0.03051,0.01,0.04068,0.343136,0.247212,0.752788,0.121548,0.121405
8645,30,0.575674,0.03051,0.01,0.04068,0.343136,0.247281,0.752719,0.119531,0.117023
8646,24,0.575509,0.030512,0.010135,0.040683,0.34316,0.247299,0.752701,0.133349,0.132397
8647,30,0.575594,0.030516,0.010001,0.040688,0.343201,0.24733,0.75267,0.125611,0.124437
8648,24,0.575594,0.030516,0.01,0.040688,0.343202,0.247312,0.752688,0.12992,0.129883
8649,30,0.575358,0.030509,0.009998,0.040678,0.343458,0.247212,0.752788,0.112966,0.114497
8650,30,0.57521,0.030501,0.010252,0.040668,0.34337,0.247198,0.752802,0.119487,0.119452
8651,24,0.57531,0.030506,0.010079,0.040675,0.34343,0.247248,0.752752,0.123641,0.121919
8652,30,0.575488,0.030494,0.01006,0.040659,0.343298,0.247184,0.752816,0.114284,0.115234
8653,30,0.575482,0.030499,0.010002,0.040665,0.343352,0.247181,0.752819,0.138207,0.137883
8654,24,0.575357,0.030492,0.009998,0.040657,0.343496,0.247128,0.752872,0.126344,0.127149
8655,30,0.575326,0.030465,0.010406,0.04062,0.343184,0.247192,0.752808,0.113242,0.110413
8656,30,0.574816,0.030438,0.011283,0.040584,0.34288,0.247229,0.752771,0.136081,0.134324
8657,30,0.57558,0.030418,0.01079,0.040557,0.342655,0.247017,0.752983,0.088298,0.092315
8658,30,0.575819,0.030427,0.010424,0.04057,0.34276,0.247138,0.752862,0.124586,0.120746
8659,30,0.576021,0.030428,0.010207,0.040571,0.342773,0.24708,0.75292,0.117183,0.117665
8660,24,0.575927,0.030434,0.010002,0.040579,0.343058,0.247064,0.752936,0.129857,0.129722
8661,24,0.575633,0.030424,0.009997,0.040565,0.343381,0.24707,0.75293,0.124575,0.123369
8662,30,0.575314,0.030388,0.010813,0.040517,0.342969,0.246933,0.753067,0.11886,0.121101
8663,30,0.575404,0.030392,0.010657,0.040523,0.343023,0.247002,0.752998,0.119481,0.11699
8664,30,0.575576,0.030406,0.010102,0.040542,0.343374,0.246948,0.753052,0.118514,0.119017
8665,30,0.575737,0.030402,0.009999,0.040536,0.343326,0.24683,0.75317,0.103486,0.104542
8666,30,0.575736,0.030402,0.01,0.040536,0.343326,0.2469,0.7531,0.119588,0.117073
8667,30,0.575905,0.03039,0.009996,0.04052,0.343189,0.246874,0.753126,0.100067,0.099041
8668,30,0.575963,0.030386,0.009999,0.040514,0.343139,0.246874,0.753126,0.122324,0.121907
8669,30,0.575815,0.030396,0.010003,0.040528,0.343257,0.247016,0.752984,0.137826,0.132862
8670,30,0.575644,0.030409,0.010004,0.040545,0.343399,0.247207,0.752793,0.121714,0.116019
8671,24,0.575907,0.03039,0.009994,0.04052,0.343189,0.247163,0.752837,0.105541,0.105073
8672,30,0.576005,0.030383,0.009998,0.04051,0.343105,0.247041,0.752959,0.120061,0.121921
8673,30,0.575965,0.030372,0.009996,0.040496,0.343172,0.247014,0.752986,0.119649,0.119897
8674,30,0.575859,0.030365,0.009998,0.040487,0.343291,0.24705,0.75295,0.115906,0.114196
8675,24,0.575996,0.030354,0.010009,0.040473,0.343168,0.246949,0.753051,0.116064,0.117394
8676,30,0.576002,0.030355,0.01,0.040473,0.343171,0.247018,0.752982,0.119531,0.117025
8677,30,0.57584,0.030342,0.009996,0.040456,0.343367,0.246917,0.753083,0.106949,0.108595
8678,24,0.575625,0.030341,0.01,0.040455,0.343579,0.246901,0.753099,0.129852,0.129731
8679,24,0.575625,0.030341,0.01,0.040455,0.343579,0.246952,0.753048,0.123712,0.12198
8680,24,0.575499,0.030335,0.009998,0.040446,0.343722,0.246968,0.753032,0.120119,0.119227
8681,30,0.575358,0.030327,0.01024,0.040436,0.343638,0.246954,0.753046,0.119487,0.119451
8682,30,0.575377,0.030329,0.010001,0.040439,0.343854,0.247,0.753,0.115478,0.113362
8683,30,0.575268,0.030324,0.009998,0.040431,0.343979,0.246957,0.753043,0.116452,0.117116
8684,24,0.575053,0.030323,0.01,0.040431,0.344193,0.246942,0.753058,0.121544,0.121409
8685,24,0.575052,0.030308,0.009995,0.04041,0.344235,0.246804,0.753196,0.115093,0.117706
8686,30,0.575205,0.030296,0.009996,0.040395,0.344107,0.246665,0.753335,0.108714,0.111159
8687,30,0.575568,0.03027,0.009991,0.04036,0.34381,0.246437,0.753563,0.089558,0.093754
8688,30,0.57542,0.030262,0.010246,0.04035,0.343722,0.246423,0.753577,0.119487,0.119451
8689,24,0.575437,0.030263,0.01,0.040351,0.343949,0.246437,0.753563,0.119732,0.118872
8690,24,0.575099,0.030256,0.009998,0.040342,0.344306,0.246387,0.753613,0.126302,0.126997
8691,30,0.5752,0.030249,0.009998,0.040332,0.344222,0.246403,0.753597,0.096884,0.094641
8692,30,0.575374,0.030236,0.009996,0.040315,0.344079,0.246336,0.753664,0.113773,0.1148
8693,24,0.575634,0.030217,0.009994,0.04029,0.343865,0.246253,0.753747,0.107212,0.108399
8694,30,0.57559,0.03022,0.010001,0.040293,0.343895,0.24625,0.75375,0.138207,0.137888
8695,30,0.575042,0.030188,0.010996,0.04025,0.343524,0.246224,0.753776,0.124667,0.124884
8696,30,0.575512,0.030211,0.010008,0.040282,0.343987,0.24626,0.75374,0.11592,0.114209
8697,30,0.575491,0.03021,0.010044,0.04028,0.343975,0.246295,0.753705,0.126144,0.1249
8698,24,0.57539,0.030205,0.009998,0.040273,0.344133,0.246244,0.753756,0.118107,0.118888
8699,24,0.575438,0.030186,0.009994,0.040248,0.344135,0.246098,0.753902,0.105574,0.108297
8700,30,0.575106,0.030174,0.010496,0.040231,0.343993,0.246106,0.753894,0.128194,0.127598
8701,30,0.575002,0.030168,0.010334,0.040224,0.344272,0.246012,0.753988,0.110888,0.112759
8702,30,0.574493,0.030141,0.011211,0.040189,0.343967,0.246049,0.753951,0.136081,0.134332
8703,24,0.574934,0.030165,0.010232,0.040219,0.34445,0.245998,0.754002,0.11811,0.118875
8704,30,0.574578,0.030125,0.011132,0.040167,0.343998,0.245873,0.754127,0.124208,0.126658
8705,24,0.574865,0.030151,0.01049,0.040201,0.344293,0.245892,0.754108,0.125091,0.124137
8706,30,0.574862,0.030172,0.010007,0.04023,0.344729,0.24592,0.75408,0.125257,0.123583
8707,24,0.575129,0.030154,0.009994,0.040205,0.344518,0.245838,0.754162,0.107235,0.108409
8708,30,0.575126,0.030154,0.01,0.040205,0.344516,0.245925,0.754075,0.112874,0.109941
8709,24,0.575387,0.030135,0.009994,0.04018,0.344304,0.245911,0.754089,0.099305,0.098037
8710,30,0.575532,0.030124,0.009996,0.040166,0.344182,0.24581,0.75419,0.108738,0.110585
8711,24,0.575404,0.030118,0.009998,0.040157,0.344324,0.245759,0.754241,0.118107,0.118883
8712,30,0.575362,0.03012,0.010001,0.040161,0.344356,0.245735,0.754265,0.121592,0.12139
8713,30,0.575343,0.030122,0.01,0.040163,0.344372,0.245962,0.754038,0.113941,0.107108
8714,24,0.575604,0.030103,0.009994,0.040138,0.344161,0.245795,0.754205,0.105509,0.10799
8715,30,0.575858,0.030085,0.009994,0.040113,0.34395,0.245633,0.754367,0.100606,0.103518
8716,24,0.575856,0.030085,0.01,0.040113,0.343947,0.245682,0.754318,0.123283,0.121594
8717,30,0.575856,0.030085,0.01,0.040113,0.343947,0.245751,0.754249,0.119487,0.117003
8718,24,0.57629,0.030054,0.00999,0.040072,0.343595,0.245508,0.754492,0.09299,0.097762
8719,30,0.576452,0.030042,0.009996,0.040056,0.343455,0.245445,0.754555,0.114348,0.115275
8720,30,0.576424,0.03004,0.010044,0.040054,0.343438,0.24548,0.75452,0.126144,0.124903
8721,24,0.576375,0.030038,0.010129,0.04005,0.343409,0.245462,0.754538,0.129866,0.12984
8722,24,0.576362,0.030048,0.010003,0.040064,0.343524,0.245481,0.754519,0.125095,0.124124
8723,30,0.576367,0.030023,0.009992,0.040031,0.343587,0.245331,0.754669,0.103719,0.106569
8724,24,0.576275,0.030029,0.010002,0.040039,0.343654,0.24535,0.75465,0.125083,0.124118
8725,24,0.576189,0.030036,0.010002,0.040047,0.343726,0.245369,0.754631,0.133403,0.132441
8726,24,0.576337,0.030025,0.009997,0.040034,0.343607,0.245427,0.754573,0.10946,0.106789
8727,30,0.576084,0.030012,0.010241,0.040016,0.343648,0.245372,0.754628,0.133045,0.133993
8728,30,0.576489,0.03,0.009996,0.04,0.343514,0.245272,0.754728,0.093647,0.094256
8729,30,0.576643,0.029989,0.009996,0.039986,0.343386,0.245131,0.754869,0.112365,0.114003
8730,30,0.57664,0.029989,0.01,0.039985,0.343385,0.245201,0.754799,0.119588,0.117085
8731,30,0.576717,0.029984,0.009998,0.039978,0.343323,0.245278,0.754722,0.11057,0.107766
8732,30,0.576681,0.029972,0.009996,0.039963,0.343387,0.24518,0.75482,0.124107,0.125559
8733,30,0.576787,0.029965,0.009997,0.039953,0.343298,0.245055,0.754945,0.121248,0.123357
8734,24,0.57671,0.029961,0.01013,0.039948,0.343252,0.245037,0.754963,0.129878,0.129851
8735,24,0.576998,0.029944,0.010075,0.039925,0.343058,0.244871,0.755129,0.105477,0.107949
8736,30,0.577041,0.029946,0.010001,0.039928,0.343084,0.244959,0.755041,0.112885,0.10996
8737,24,0.577042,0.029946,0.01,0.039928,0.343084,0.244942,0.755058,0.121612,0.121562
8738,30,0.577053,0.029921,0.009992,0.039895,0.343139,0.244743,0.755257,0.098048,0.10219
8739,24,0.577003,0.029919,0.010077,0.039891,0.34311,0.244685,0.755315,0.121558,0.122013
8740,30,0.57705,0.029897,0.009993,0.039862,0.343199,0.244535,0.755465,0.103729,0.106555
8741,30,0.57726,0.029881,0.009995,0.039842,0.343022,0.244461,0.755539,0.112713,0.113843
8742,30,0.577232,0.02988,0.010043,0.03984,0.343006,0.244496,0.755504,0.126144,0.124906
8743,24,0.57713,0.029875,0.009998,0.039833,0.343164,0.244513,0.755487,0.120124,0.119235
8744,24,0.577042,0.029881,0.010002,0.039841,0.343234,0.244532,0.755468,0.133395,0.132441
8745,30,0.576893,0.029878,0.009999,0.039837,0.343393,0.244468,0.755532,0.128519,0.12928
8746,30,0.577009,0.02987,0.009997,0.039826,0.343298,0.244378,0.755622,0.125125,0.126433
8747,30,0.577182,0.029857,0.009996,0.03981,0.343156,0.244311,0.755689,0.113768,0.114776
8748,24,0.577439,0.029839,0.009994,0.039785,0.342944,0.244449,0.755551,0.097182,0.092298
8749,30,0.577284,0.029836,0.009999,0.039781,0.3431,0.244428,0.755572,0.118494,0.118598
8750,24,0.577284,0.029836,0.01,0.039781,0.3431,0.244537,0.755463,0.113263,0.109644
8751,24,0.577284,0.029836,0.01,0.039781,0.3431,0.244519,0.755481,0.12992,0.129883
8752,24,0.577285,0.029836,0.01,0.039781,0.343099,0.244568,0.755432,0.123295,0.121611
8753,24,0.577159,0.029829,0.009998,0.039772,0.343242,0.244585,0.755415,0.120166,0.119268
8754,24,0.577158,0.029829,0.01,0.039772,0.343241,0.244636,0.755364,0.12367,0.121959
8755,30,0.577323,0.029805,0.009992,0.03974,0.34314,0.244449,0.755551,0.097355,0.100784
8756,24,0.577319,0.029805,0.01,0.03974,0.343136,0.244498,0.755502,0.123283,0.121599
8757,24,0.577232,0.029811,0.010002,0.039748,0.343207,0.244517,0.755483,0.133395,0.132441
8758,30,0.576891,0.029811,0.01,0.039748,0.34355,0.244628,0.755372,0.119222,0.115685
8759,30,0.577224,0.029788,0.009992,0.039717,0.34328,0.244503,0.755497,0.096843,0.098239
8760,24,0.577093,0.029781,0.009998,0.039708,0.343421,0.24452,0.75548,0.120178,0.11928
8761,30,0.577176,0.029775,0.009998,0.0397,0.343351,0.244538,0.755462,0.097309,0.095105
8762,30,0.577086,0.029757,0.009994,0.039676,0.343487,0.244505,0.755495,0.10552,0.105104
8763,24,0.577083,0.029757,0.01,0.039676,0.343485,0.244599,0.755401,0.115347,0.112085
8764,24,0.577256,0.029745,0.009996,0.03966,0.343344,0.244488,0.755512,0.109074,0.110959
8765,30,0.577264,0.02972,0.009992,0.039626,0.343398,0.244289,0.755711,0.098057,0.102194
8766,24,0.577432,0.029707,0.009996,0.03961,0.343255,0.244177,0.755823,0.117324,0.119216
8767,24,0.577217,0.029707,0.01,0.039609,0.343467,0.244162,0.755838,0.121553,0.121406
8768,30,0.57734,0.029698,0.009997,0.039598,0.343367,0.244195,0.755805,0.114583,0.112858
8769,24,0.577212,0.029692,0.009998,0.039589,0.34351,0.244144,0.755856,0.118078,0.118846
8770,24,0.577211,0.029692,0.01,0.039589,0.343509,0.244238,0.755762,0.115347,0.112083
8771,24,0.576997,0.029691,0.01,0.039588,0.343723,0.244223,0.755777,0.129857,0.129714
8772,30,0.577114,0.029683,0.009997,0.039577,0.343628,0.24426,0.75574,0.11513,0.113324
8773,30,0.576828,0.029689,0.010002,0.039586,0.343894,0.244289,0.755711,0.125268,0.123592
8774,30,0.577017,0.029676,0.009996,0.039569,0.343742,0.244396,0.755604,0.107724,0.103866
8775,30,0.576818,0.029666,0.009997,0.039555,0.343964,0.244264,0.755736,0.120914,0.123247
8776,30,0.576816,0.029666,0.01,0.039555,0.343963,0.244218,0.755782,0.119545,0.119888
8777,24,0.576581,0.029654,0.010403,0.039539,0.343823,0.244268,0.755732,0.123612,0.121911
8778,30,0.576477,0.029649,0.010241,0.039531,0.344102,0.244174,0.755826,0.11089,0.112743
8779,24,0.576602,0.029623,0.010468,0.039498,0.343809,0.244091,0.755909,0.107105,0.108285
8780,24,0.576746,0.029631,0.010002,0.039508,0.344113,0.244108,0.755892,0.120177,0.119265
8781,24,0.576661,0.029637,0.010002,0.039516,0.344185,0.244127,0.755873,0.125087,0.12412
8782,30,0.576589,0.029629,0.009997,0.039505,0.34428,0.244165,0.755835,0.119208,0.117368
8783,30,0.576251,0.029593,0.010831,0.039458,0.343867,0.24404,0.75596,0.122183,0.124397
8784,24,0.576828,0.029591,0.010281,0.039455,0.343845,0.243875,0.756125,0.105508,0.10796
8785,30,0.57682,0.029572,0.010559,0.039429,0.34362,0.243752,0.756248,0.108976,0.110866
8786,24,0.577099,0.029591,0.010007,0.039455,0.343848,0.243835,0.756165,0.131661,0.128555
8787,24,0.577016,0.029598,0.010002,0.039464,0.343921,0.243854,0.756146,0.125099,0.124139
8788,24,0.577277,0.02958,0.009994,0.039439,0.34371,0.243689,0.756311,0.105532,0.107968
8789,30,0.577412,0.02957,0.009997,0.039426,0.343595,0.243655,0.756345,0.102882,0.102697
8790,30,0.577683,0.029551,0.009994,0.039401,0.343372,0.243553,0.756447,0.093488,0.094165
8791,30,0.577641,0.029548,0.010065,0.039398,0.343348,0.243723,0.756277,0.119476,0.11413
8792,30,0.577568,0.029545,0.009999,0.039393,0.343495,0.24368,0.75632,0.116452,0.117102
8793,24,0.577777,0.02953,0.009995,0.039373,0.343324,0.243671,0.756329,0.10052,0.099258
8794,30,0.577734,0.029533,0.010001,0.039377,0.343355,0.243636,0.756364,0.131608,0.131656
8795,24,0.577736,0.029533,0.01,0.039377,0.343355,0.243685,0.756315,0.123283,0.121597
8796,30,0.577355,0.029518,0.010244,0.039357,0.343526,0.243601,0.756399,0.129548,0.131129
8797,24,0.577497,0.029525,0.010002,0.039367,0.343609,0.24365,0.75635,0.123295,0.121604
8798,30,0.577654,0.029508,0.010084,0.039344,0.34341,0.24358,0.75642,0.113249,0.114296
8799,30,0.577869,0.029499,0.009997,0.039332,0.343303,0.243484,0.756516,0.115402,0.117067
8800,24,0.577868,0.029499,0.01,0.039332,0.343302,0.243535,0.756465,0.123695,0.121977
8801,30,0.577757,0.029493,0.009998,0.039324,0.343428,0.243449,0.756551,0.126447,0.12776
8802,30,0.577721,0.029482,0.009996,0.039309,0.343491,0.243352,0.756648,0.1241,0.125532
8803,30,0.577719,0.029482,0.01,0.039309,0.34349,0.243422,0.756578,0.119535,0.117048
8804,24,0.577632,0.029488,0.010002,0.039317,0.34356,0.243576,0.756424,0.116775,0.111961
8805,30,0.577633,0.029488,0.01,0.039317,0.343561,0.243646,0.756354,0.119487,0.117014
8806,30,0.577443,0.029478,0.009996,0.039303,0.343779,0.243637,0.756363,0.110379,0.109674
8807,24,0.577354,0.029484,0.010002,0.039311,0.343849,0.243656,0.756344,0.133407,0.132446
8808,24,0.577444,0.029477,0.009998,0.039303,0.343777,0.243597,0.756403,0.125583,0.126529
8809,30,0.577598,0.029467,0.009996,0.039289,0.34365,0.243458,0.756542,0.108604,0.111019
8810,24,0.577768,0.029454,0.009996,0.039273,0.343509,0.243347,0.756653,0.10907,0.110935
8811,30,0.577965,0.02944,0.009995,0.039254,0.343346,0.243278,0.756722,0.112343,0.113278
8812,30,0.578117,0.029429,0.009996,0.039239,0.343218,0.243233,0.756767,0.102342,0.101732
8813,30,0.578216,0.029422,0.009998,0.03923,0.343135,0.243117,0.756883,0.103412,0.104436
8814,24,0.578089,0.029416,0.009998,0.039221,0.343276,0.243132,0.756868,0.119748,0.118879
8815,24,0.578089,0.029416,0.01,0.039221,0.343275,0.243181,0.756819,0.123295,0.121607
8816,24,0.578053,0.029403,0.009996,0.039204,0.343345,0.243155,0.756845,0.11548,0.115586
8817,24,0.577963,0.029409,0.010002,0.039212,0.343414,0.243175,0.756825,0.125091,0.124125
8818,30,0.57812,0.029386,0.009992,0.039181,0.343321,0.242986,0.757014,0.097689,0.101233
8819,30,0.578115,0.029386,0.01,0.039181,0.343318,0.243074,0.756926,0.112885,0.109977
8820,30,0.577918,0.029376,0.009997,0.039168,0.343542,0.243206,0.756794,0.110896,0.106535
8821,24,0.577913,0.029361,0.009995,0.039147,0.343584,0.243068,0.756932,0.11507,0.117629
8822,30,0.578037,0.029352,0.009997,0.039135,0.343479,0.242979,0.757021,0.109753,0.111302
8823,30,0.577995,0.029354,0.010001,0.039139,0.343511,0.242956,0.757044,0.121603,0.121381
8824,24,0.578141,0.029344,0.009997,0.039126,0.343393,0.243009,0.756991,0.109829,0.107423
8825,30,0.578305,0.029333,0.009996,0.03911,0.343256,0.242913,0.757087,0.115358,0.11703
8826,30,0.578358,0.029316,0.009995,0.039089,0.343243,0.242764,0.757236,0.106209,0.108718
8827,24,0.578527,0.029304,0.009996,0.039072,0.343101,0.242653,0.757347,0.117332,0.119208
8828,30,0.578241,0.029311,0.010002,0.039081,0.343366,0.242697,0.757303,0.141926,0.140363
8829,30,0.578345,0.02929,0.009993,0.039054,0.343318,0.242595,0.757405,0.109683,0.11149
8830,24,0.578341,0.02929,0.01,0.039053,0.343316,0.242578,0.757422,0.121657,0.121601
8831,30,0.578028,0.029277,0.010502,0.039035,0.343158,0.242768,0.757232,0.127172,0.121293
8832,24,0.578192,0.029285,0.010003,0.039047,0.343474,0.242717,0.757283,0.118118,0.118868
8833,30,0.578193,0.029285,0.01,0.039047,0.343475,0.242805,0.757195,0.112885,0.109988
8834,30,0.578116,0.029277,0.009997,0.039036,0.343573,0.242756,0.757244,0.119126,0.119534
8835,30,0.577679,0.029276,0.010279,0.039034,0.343732,0.242813,0.757187,0.132135,0.130267
8836,30,0.578021,0.02927,0.01001,0.039027,0.343671,0.24287,0.75713,0.114338,0.111727
8837,24,0.578027,0.029271,0.01,0.039028,0.343675,0.242921,0.757079,0.12367,0.12196
8838,30,0.57783,0.029261,0.009997,0.039014,0.343898,0.243053,0.756947,0.11089,0.106535
8839,24,0.577576,0.029248,0.009996,0.038997,0.344184,0.242967,0.757033,0.122823,0.12441
8840,24,0.57753,0.029251,0.010001,0.039001,0.344217,0.24305,0.75695,0.131658,0.128563
8841,24,0.577452,0.029247,0.010133,0.038996,0.344171,0.243032,0.756968,0.129878,0.129842
8842,30,0.577304,0.029239,0.010388,0.038986,0.344083,0.243018,0.756982,0.119487,0.119446
8843,30,0.577417,0.029245,0.010002,0.038994,0.344342,0.242932,0.757068,0.126432,0.127741
8844,24,0.577332,0.029251,0.010002,0.039002,0.344414,0.242919,0.757081,0.125084,0.124325
8845,30,0.5775,0.02924,0.009996,0.038986,0.344278,0.242824,0.757176,0.108776,0.11042
8846,24,0.577372,0.029233,0.009998,0.038978,0.34442,0.242772,0.757228,0.126344,0.127123
8847,24,0.577283,0.029239,0.010002,0.038986,0.34449,0.242792,0.757208,0.125087,0.124129
8848,30,0.577318,0.029214,0.010325,0.038952,0.344192,0.242695,0.757305,0.111749,0.1136
8849,30,0.577897,0.029191,0.010065,0.038922,0.343925,0.24238,0.75762,0.100558,0.107077
8850,30,0.577748,0.029184,0.010319,0.038912,0.343837,0.242366,0.757634,0.119487,0.119445
8851,24,0.577846,0.029199,0.010005,0.038932,0.344017,0.242386,0.757614,0.125103,0.124135
8852,30,0.577283,0.029146,0.01132,0.038861,0.34339,0.242355,0.757645,0.123142,0.122809
8853,24,0.578214,0.029172,0.010017,0.038896,0.343701,0.242245,0.757755,0.109086,0.110936
8854,30,0.578184,0.029175,0.010001,0.038901,0.343739,0.242222,0.757778,0.121594,0.12137
8855,24,0.578019,0.029178,0.010136,0.038903,0.343764,0.242241,0.757759,0.133358,0.132411
8856,30,0.577871,0.02917,0.01039,0.038893,0.343676,0.242195,0.757805,0.119487,0.11983
8857,30,0.578341,0.029163,0.010017,0.038884,0.343594,0.242034,0.757966,0.100547,0.10341
8858,30,0.578351,0.029164,0.01,0.038885,0.3436,0.242123,0.757877,0.112932,0.110022
8859,24,0.57882,0.029131,0.009989,0.038842,0.343218,0.241918,0.758082,0.092326,0.096175
8860,30,0.578773,0.029134,0.010001,0.038845,0.343247,0.241927,0.758073,0.121586,0.120976
8861,30,0.578625,0.029126,0.010255,0.038835,0.343159,0.241913,0.758087,0.119487,0.119444
8862,24,0.578559,0.029133,0.010002,0.038844,0.343461,0.241899,0.758101,0.121557,0.121401
8863,30,0.578561,0.029133,0.01,0.038844,0.343462,0.241969,0.758031,0.119487,0.117026
8864,30,0.578572,0.029119,0.009995,0.038826,0.343487,0.241973,0.758027,0.111498,0.11048
8865,30,0.578842,0.0291,0.009993,0.0388,0.343264,0.241871,0.758129,0.093444,0.094135
8866,24,0.578712,0.029094,0.009998,0.038792,0.343405,0.241889,0.758111,0.120178,0.119273
8867,24,0.578624,0.0291,0.010002,0.0388,0.343475,0.241909,0.758091,0.125091,0.124127
8868,30,0.578594,0.029098,0.010053,0.038798,0.343457,0.241991,0.758009,0.119477,0.116291
8869,30,0.578585,0.029103,0.010001,0.038803,0.343508,0.242,0.758,0.121583,0.12098
8870,30,0.578766,0.029088,0.010025,0.038784,0.343337,0.24193,0.75807,0.112233,0.113171
8871,24,0.57887,0.029083,0.009998,0.038777,0.343272,0.241939,0.758061,0.119026,0.118313
8872,30,0.579017,0.029072,0.009996,0.038763,0.343152,0.242058,0.757942,0.108693,0.104596
8873,30,0.579017,0.029059,0.010191,0.038745,0.342989,0.241979,0.758021,0.115079,0.116096
8874,30,0.579342,0.029049,0.009997,0.038732,0.34288,0.241937,0.758063,0.098408,0.097825
8875,30,0.579142,0.029039,0.009997,0.038719,0.343103,0.24195,0.75805,0.104273,0.103062
8876,30,0.57874,0.029024,0.010277,0.038699,0.343261,0.241878,0.758122,0.119574,0.120863
8877,30,0.579231,0.029009,0.009995,0.038679,0.343086,0.241746,0.758254,0.096137,0.097728
8878,30,0.579303,0.029004,0.009998,0.038672,0.343023,0.24169,0.75831,0.117198,0.117644
8879,30,0.579357,0.028989,0.010154,0.038652,0.342848,0.241718,0.758282,0.115305,0.11356
8880,30,0.579208,0.028982,0.010408,0.038642,0.34276,0.241672,0.758328,0.119487,0.119827
8881,24,0.579704,0.028975,0.009998,0.038634,0.342689,0.24159,0.75841,0.107161,0.108312
8882,30,0.579915,0.028961,0.009995,0.038614,0.342515,0.241517,0.758483,0.112729,0.113821
8883,30,0.579793,0.028956,0.009998,0.038608,0.342646,0.241565,0.758435,0.115473,0.113368
8884,30,0.579798,0.028955,0.01,0.038607,0.34264,0.241632,0.758368,0.118994,0.116608
8885,24,0.579266,0.028929,0.010909,0.038571,0.342325,0.241574,0.758426,0.121516,0.121963
8886,30,0.579525,0.028928,0.010661,0.03857,0.342316,0.241444,0.758556,0.109579,0.111805
8887,24,0.579733,0.028943,0.010014,0.038591,0.342718,0.241547,0.758453,0.119819,0.116389
8888,30,0.579458,0.02895,0.010002,0.0386,0.34299,0.241577,0.758423,0.125296,0.123615
8889,30,0.579424,0.028939,0.009996,0.038586,0.343055,0.241625,0.758375,0.107459,0.105374
8890,30,0.579422,0.028939,0.01,0.038586,0.343053,0.241713,0.758287,0.112885,0.109989
8891,24,0.579422,0.028939,0.01,0.038586,0.343053,0.241696,0.758304,0.129949,0.129893
8892,30,0.579413,0.02894,0.01,0.038587,0.343061,0.241732,0.758268,0.125222,0.12387
8893,30,0.579249,0.028928,0.009996,0.03857,0.343257,0.241622,0.758378,0.123618,0.125469
8894,30,0.578973,0.028934,0.010002,0.038579,0.343511,0.24168,0.75832,0.125535,0.123651
8895,24,0.578888,0.02894,0.010002,0.038587,0.343582,0.2417,0.7583,0.133399,0.132448
8896,30,0.578896,0.02894,0.01,0.038587,0.343578,0.241767,0.758233,0.119007,0.116607
8897,24,0.578846,0.028938,0.010085,0.038583,0.343548,0.24206,0.75794,0.11325,0.104744
8898,30,0.578769,0.028925,0.009996,0.038567,0.343743,0.241982,0.758018,0.114054,0.115491
8899,30,0.578973,0.028911,0.009995,0.038548,0.343573,0.241914,0.758086,0.113346,0.114359
8900,30,0.57897,0.028911,0.01,0.038548,0.343571,0.242002,0.757998,0.112885,0.109984
8901,30,0.579183,0.028896,0.009995,0.038528,0.343398,0.241929,0.758071,0.112678,0.113794
8902,24,0.579438,0.028878,0.009994,0.038504,0.343185,0.241916,0.758084,0.099227,0.097973
8903,24,0.579606,0.028866,0.009996,0.038488,0.343043,0.241805,0.758195,0.10905,0.110898
8904,30,0.579576,0.028865,0.010047,0.038486,0.343026,0.242021,0.757979,0.11283,0.106417
8905,24,0.579477,0.02886,0.009998,0.03848,0.343185,0.241969,0.758031,0.126349,0.127126
8906,30,0.579674,0.028846,0.009995,0.038462,0.343023,0.241899,0.758101,0.112265,0.113202
8907,30,0.579631,0.028849,0.010001,0.038465,0.343054,0.241876,0.758124,0.121597,0.121377
8908,24,0.579631,0.028849,0.01,0.038465,0.343054,0.241859,0.758141,0.129924,0.129874
8909,24,0.579984,0.028825,0.009992,0.038433,0.342767,0.241657,0.758343,0.101184,0.104447
8910,30,0.579899,0.028823,0.010104,0.03843,0.342744,0.241704,0.758296,0.12717,0.125664
8911,30,0.579756,0.028816,0.009998,0.038422,0.343008,0.241599,0.758401,0.124561,0.126313
8912,24,0.579711,0.028819,0.010001,0.038426,0.343043,0.241735,0.758265,0.12335,0.118583
8913,24,0.579712,0.028819,0.01,0.038426,0.343043,0.241718,0.758282,0.121587,0.121537
8914,24,0.579712,0.028819,0.01,0.038426,0.343043,0.241701,0.758299,0.129907,0.12986
8915,30,0.57985,0.02881,0.009997,0.038413,0.34293,0.241573,0.758427,0.102758,0.104135
8916,24,0.580019,0.028798,0.009996,0.038397,0.342789,0.241462,0.758538,0.117297,0.11916
8917,30,0.579819,0.028788,0.009997,0.038384,0.343012,0.241417,0.758583,0.117556,0.118201
8918,30,0.580088,0.028769,0.009994,0.038359,0.34279,0.241255,0.758745,0.100041,0.102857
8919,24,0.580085,0.028769,0.01,0.038359,0.342787,0.241306,0.758694,0.123641,0.121949
8920,30,0.579668,0.028749,0.01071,0.038331,0.342541,0.24126,0.75874,0.119443,0.119789
8921,24,0.579754,0.028742,0.010713,0.038323,0.342468,0.241169,0.758831,0.117211,0.118334
8922,24,0.580045,0.028767,0.01007,0.038356,0.342762,0.241189,0.758811,0.125107,0.124147
8923,30,0.580086,0.028769,0.010001,0.038359,0.342786,0.24126,0.75874,0.119542,0.117073
8924,30,0.579966,0.028764,0.009998,0.038352,0.342919,0.241308,0.758692,0.115473,0.113371
8925,30,0.580019,0.02876,0.009999,0.038347,0.342875,0.241348,0.758652,0.11626,0.114523
8926,24,0.580018,0.02876,0.01,0.038347,0.342874,0.241399,0.758601,0.123641,0.121949
8927,24,0.579848,0.028757,0.009999,0.038343,0.343053,0.241439,0.758561,0.128115,0.126199
8928,24,0.579936,0.028751,0.009998,0.038335,0.342981,0.2415,0.7585,0.110991,0.108444
8929,30,0.57977,0.028743,0.01028,0.038324,0.342883,0.241486,0.758514,0.126158,0.126116
8930,30,0.580129,0.028737,0.009998,0.038317,0.342818,0.241418,0.758582,0.112355,0.113254
8931,24,0.580002,0.028731,0.009998,0.038308,0.342961,0.241367,0.758633,0.118082,0.118841
8932,24,0.579914,0.028737,0.010002,0.038316,0.343031,0.241387,0.758613,0.133403,0.132455
8933,30,0.579875,0.02874,0.010001,0.03832,0.343065,0.241364,0.758636,0.121606,0.121384
8934,30,0.57999,0.028732,0.009997,0.038309,0.342972,0.241391,0.758609,0.11077,0.109157
8935,24,0.580033,0.028714,0.009994,0.038285,0.342974,0.241246,0.758754,0.113798,0.116465
8936,30,0.580135,0.028706,0.009997,0.038275,0.342885,0.241113,0.758887,0.114631,0.116254
8937,30,0.580347,0.028692,0.009995,0.038256,0.34271,0.241073,0.758927,0.098462,0.097847
8938,30,0.580351,0.028691,0.01,0.038255,0.342703,0.24114,0.75886,0.118994,0.116602
8939,30,0.580556,0.028677,0.009995,0.038236,0.342535,0.241071,0.758929,0.113246,0.114268
8940,24,0.580392,0.028679,0.01013,0.038239,0.34256,0.24109,0.75891,0.133366,0.132417
8941,24,0.580342,0.028677,0.009999,0.038235,0.342747,0.241105,0.758895,0.119748,0.118883
8942,30,0.580144,0.028667,0.009997,0.038222,0.342971,0.24106,0.75894,0.117556,0.11819
8943,24,0.580399,0.028649,0.009994,0.038199,0.342759,0.240896,0.759104,0.105438,0.107843
8944,24,0.580395,0.028649,0.01,0.038199,0.342757,0.240991,0.759009,0.115333,0.112109
8945,30,0.580549,0.028638,0.009996,0.038185,0.342631,0.240869,0.759131,0.108965,0.11081
8946,24,0.580334,0.028638,0.01,0.038184,0.342844,0.240855,0.759145,0.129873,0.129729
8947,30,0.580298,0.028627,0.009996,0.03817,0.342908,0.240758,0.759242,0.124083,0.125499
8948,30,0.579784,0.028602,0.010873,0.038136,0.342605,0.240733,0.759267,0.136081,0.136323
8949,24,0.579949,0.02862,0.010228,0.03816,0.343042,0.240719,0.759281,0.121561,0.121409
8950,30,0.579711,0.028629,0.010003,0.038172,0.343485,0.240837,0.759163,0.113113,0.10921
8951,30,0.579221,0.028605,0.010501,0.038139,0.343535,0.240743,0.759257,0.117506,0.119343
8952,24,0.579259,0.028606,0.010001,0.038142,0.343993,0.240724,0.759276,0.116193,0.116154
8953,30,0.579265,0.028606,0.01,0.038141,0.343988,0.240791,0.759209,0.118996,0.116607
8954,24,0.579179,0.028612,0.010002,0.038149,0.344058,0.240811,0.759189,0.125095,0.124138
8955,30,0.579296,0.028604,0.009997,0.038139,0.343965,0.240867,0.759133,0.108523,0.106302
8956,30,0.579147,0.028597,0.010252,0.038129,0.343876,0.240854,0.759146,0.119487,0.119443
8957,30,0.578802,0.0286,0.01036,0.038133,0.344106,0.240909,0.759091,0.131916,0.130096
8958,30,0.57882,0.02861,0.010004,0.038147,0.34442,0.240987,0.759013,0.128055,0.125289
8959,24,0.578823,0.02861,0.01,0.038147,0.34442,0.241037,0.758963,0.123295,0.121616
8960,30,0.578823,0.02861,0.01,0.038147,0.34442,0.241125,0.758875,0.112885,0.109993
8961,24,0.578736,0.028616,0.010002,0.038154,0.344491,0.241145,0.758855,0.125091,0.12413
8962,30,0.57854,0.028606,0.009997,0.038142,0.344715,0.241278,0.758722,0.110886,0.106554
8963,30,0.578387,0.028603,0.009999,0.038138,0.344872,0.241214,0.758786,0.1285,0.129248
8964,24,0.578387,0.028603,0.01,0.038138,0.344872,0.241157,0.758843,0.121572,0.122003
8965,30,0.578518,0.028587,0.01011,0.038115,0.34467,0.241066,0.758934,0.105541,0.106193
8966,24,0.578581,0.02859,0.010001,0.03812,0.344708,0.241117,0.758883,0.123641,0.121949
8967,30,0.578682,0.028583,0.009998,0.038111,0.344627,0.241009,0.758991,0.103474,0.104966
8968,30,0.578707,0.028581,0.009999,0.038108,0.344604,0.240903,0.759097,0.106348,0.10734
8969,24,0.57862,0.028587,0.010002,0.038116,0.344675,0.240923,0.759077,0.125091,0.124134
8970,24,0.578089,0.028561,0.010911,0.038081,0.344358,0.240905,0.759095,0.129825,0.129798
8971,30,0.578198,0.028565,0.010545,0.038087,0.344605,0.240907,0.759093,0.122516,0.122065
8972,24,0.578513,0.028581,0.010005,0.038108,0.344793,0.24089,0.75911,0.129952,0.129903
8973,24,0.578516,0.028581,0.01,0.038108,0.344795,0.241003,0.758997,0.121572,0.117448
8974,24,0.57865,0.028557,0.009992,0.038076,0.344725,0.240887,0.759113,0.103649,0.105598
8975,24,0.578558,0.028563,0.010002,0.038084,0.344793,0.240907,0.759093,0.125091,0.124134
8976,24,0.578516,0.028566,0.010001,0.038088,0.34483,0.241044,0.758956,0.123348,0.118603
8977,30,0.578151,0.028528,0.010906,0.038038,0.344377,0.240936,0.759064,0.125228,0.127174
8978,30,0.578331,0.028518,0.010538,0.038024,0.34459,0.24076,0.75924,0.106727,0.110252
8979,24,0.578516,0.028527,0.010003,0.038036,0.344918,0.240709,0.759291,0.118093,0.118853
8980,24,0.578431,0.028533,0.010002,0.038044,0.34499,0.240729,0.759271,0.125103,0.124135
8981,30,0.578724,0.028513,0.009993,0.038017,0.344753,0.240516,0.759484,0.090974,0.094775
8982,30,0.578775,0.028496,0.009994,0.037995,0.344739,0.240391,0.759609,0.105623,0.107954
8983,24,0.578772,0.028496,0.01,0.037995,0.344737,0.240334,0.759666,0.121572,0.122
8984,24,0.578773,0.028496,0.01,0.037995,0.344736,0.240435,0.759565,0.114958,0.111489
8985,24,0.578723,0.028494,0.010085,0.037991,0.344707,0.240545,0.759455,0.11325,0.109674
8986,30,0.578582,0.028486,0.009997,0.037981,0.344954,0.240496,0.759504,0.116971,0.117692
8987,24,0.578328,0.028473,0.009996,0.037964,0.345239,0.240411,0.759589,0.114531,0.116091
8988,24,0.578536,0.028459,0.009995,0.037945,0.345065,0.240338,0.759662,0.108445,0.109447
8989,24,0.578533,0.028459,0.01,0.037945,0.345063,0.24039,0.75961,0.123724,0.122025
8990,24,0.578407,0.028453,0.009998,0.037937,0.345206,0.240339,0.759661,0.118102,0.118846
8991,30,0.578405,0.028452,0.01,0.037937,0.345206,0.24041,0.75959,0.119531,0.117069
8992,30,0.5784,0.028453,0.01,0.037937,0.34521,0.240398,0.759602,0.116579,0.116174
8993,30,0.57836,0.028456,0.010001,0.037941,0.345243,0.240396,0.759604,0.13821,0.137887
8994,30,0.578038,0.02846,0.010261,0.037947,0.345295,0.240469,0.759531,0.144955,0.142725
8995,30,0.578068,0.028448,0.010405,0.03793,0.345149,0.240379,0.759621,0.125061,0.126338
8996,30,0.578358,0.028443,0.009998,0.037924,0.345278,0.240278,0.759722,0.122266,0.123918
8997,30,0.578441,0.028437,0.009998,0.037916,0.345208,0.240153,0.759847,0.113903,0.115188
8998,30,0.578292,0.02843,0.010252,0.037906,0.34512,0.240108,0.759892,0.119487,0.11982
8999,30,0.578545,0.02843,0.01,0.037906,0.345119,0.240153,0.759847,0.114155,0.11203
9000,24,0.578591,0.028412,0.009994,0.037882,0.345121,0.240009,0.759991,0.105506,0.108147
9001,24,0.578676,0.028406,0.009998,0.037874,0.345046,0.240073,0.759927,0.117221,0.11436
9002,30,0.578616,0.02841,0.010001,0.037879,0.345094,0.24035,0.75965,0.123429,0.115454
9003,30,0.578872,0.028392,0.009994,0.037856,0.344885,0.24019,0.75981,0.100636,0.103455
9004,30,0.578759,0.028388,0.009998,0.03785,0.345005,0.240199,0.759801,0.122355,0.121671
9005,24,0.579161,0.028361,0.00999,0.037814,0.344674,0.239994,0.760006,0.099964,0.103196
9006,24,0.579155,0.02836,0.01,0.037814,0.344671,0.240089,0.759911,0.115333,0.112112
9007,30,0.578982,0.028372,0.010004,0.037829,0.344812,0.240174,0.759826,0.128369,0.125848
9008,24,0.579243,0.028355,0.009994,0.037806,0.344602,0.240178,0.759822,0.097206,0.09558
9009,24,0.579448,0.02834,0.009995,0.037787,0.344429,0.240186,0.759814,0.098444,0.09682
9010,30,0.57942,0.028339,0.010043,0.037785,0.344412,0.240222,0.759778,0.126144,0.124922
9011,24,0.579358,0.028346,0.010002,0.037795,0.344498,0.240242,0.759758,0.133415,0.132465
9012,24,0.579273,0.028352,0.010002,0.037803,0.34457,0.24023,0.75977,0.125092,0.124331
9013,24,0.579223,0.02835,0.010087,0.037799,0.34454,0.240213,0.759787,0.121558,0.121514
9014,30,0.579274,0.028352,0.010001,0.037803,0.34457,0.240302,0.759698,0.112943,0.110052
9015,30,0.579345,0.028347,0.009998,0.037796,0.344513,0.240305,0.759695,0.122729,0.122274
9016,30,0.579193,0.028345,0.009999,0.037793,0.34467,0.240285,0.759715,0.118493,0.118583
9017,30,0.579184,0.028345,0.01,0.037794,0.344677,0.240362,0.759638,0.118562,0.115776
9018,30,0.579058,0.028331,0.009995,0.037774,0.344843,0.240453,0.759547,0.107442,0.10424
9019,30,0.57895,0.028325,0.009998,0.037766,0.344961,0.240491,0.759509,0.115899,0.114207
9020,30,0.578798,0.028322,0.009999,0.037763,0.345118,0.240439,0.759561,0.118489,0.11896
9021,24,0.578798,0.028322,0.01,0.037763,0.345118,0.240382,0.759618,0.121572,0.122
9022,24,0.578266,0.028296,0.010909,0.037728,0.344801,0.240364,0.759636,0.129825,0.129798
9023,24,0.578793,0.028322,0.010009,0.037762,0.345114,0.240414,0.759586,0.123286,0.121622
9024,30,0.578259,0.028295,0.010923,0.037727,0.344795,0.2404,0.7596,0.126101,0.126069
9025,24,0.578636,0.028267,0.010957,0.037689,0.34445,0.240318,0.759682,0.099931,0.100295
9026,30,0.57862,0.028266,0.010984,0.037688,0.344441,0.240273,0.759727,0.119495,0.119834
9027,30,0.579223,0.028284,0.010123,0.037712,0.344657,0.240159,0.759841,0.103428,0.104404
9028,24,0.579043,0.028275,0.009997,0.0377,0.344985,0.24014,0.75986,0.116193,0.116148
9029,24,0.578954,0.028281,0.010002,0.037708,0.345055,0.24016,0.75984,0.133411,0.132465
9030,30,0.578789,0.028273,0.010285,0.037697,0.344956,0.240147,0.759853,0.126158,0.126114
9031,24,0.578585,0.028263,0.010415,0.037684,0.345053,0.240095,0.759905,0.126323,0.127096
9032,30,0.578805,0.028273,0.01005,0.037697,0.345175,0.240127,0.759873,0.12561,0.124459
9033,24,0.578621,0.028274,0.01,0.037699,0.345406,0.240113,0.759887,0.121548,0.121392
9034,30,0.578723,0.028236,0.010444,0.037649,0.344948,0.239819,0.760181,0.092087,0.098123
9035,24,0.578823,0.028241,0.010271,0.037655,0.345009,0.239914,0.760086,0.115333,0.112114
9036,24,0.578982,0.028249,0.010003,0.037665,0.345101,0.239964,0.760036,0.123295,0.121622
9037,30,0.578873,0.028244,0.009998,0.037658,0.345228,0.23989,0.76011,0.116448,0.117458
9038,24,0.578785,0.028249,0.010002,0.037666,0.345298,0.23991,0.76009,0.125103,0.124138
9039,30,0.578786,0.028249,0.01,0.037666,0.345299,0.239981,0.760019,0.119542,0.117078
9040,30,0.579099,0.028228,0.009993,0.037638,0.345042,0.239821,0.760179,0.10234,0.105356
9041,30,0.579054,0.028231,0.010001,0.037641,0.345073,0.239798,0.760202,0.121586,0.121364
9042,24,0.578803,0.028219,0.009996,0.037625,0.345358,0.239779,0.760221,0.116185,0.116129
9043,30,0.578676,0.028212,0.010213,0.037616,0.345282,0.239723,0.760277,0.129467,0.130072
9044,24,0.578799,0.028218,0.010002,0.037625,0.345356,0.239707,0.760293,0.121628,0.121571
9045,30,0.57876,0.028221,0.010001,0.037628,0.345389,0.239685,0.760315,0.121597,0.121374
9046,24,0.578761,0.028221,0.01,0.037628,0.34539,0.239737,0.760263,0.12367,0.121984
9047,24,0.578761,0.028221,0.01,0.037628,0.34539,0.239832,0.760168,0.115333,0.112117
9048,24,0.578548,0.028221,0.01,0.037628,0.345604,0.239818,0.760182,0.129856,0.129709
9049,30,0.578399,0.028214,0.010254,0.037618,0.345515,0.239919,0.760081,0.119487,0.116277
9050,24,0.578719,0.028209,0.009998,0.037612,0.345462,0.239809,0.760191,0.109007,0.110846
9051,24,0.578352,0.028191,0.010625,0.037588,0.345243,0.239752,0.760248,0.12153,0.121961
9052,24,0.578453,0.028196,0.010452,0.037595,0.345303,0.239803,0.760197,0.12364,0.121955
9053,24,0.578716,0.028209,0.010004,0.037612,0.345459,0.239853,0.760147,0.123295,0.121635
9054,24,0.57872,0.028209,0.01,0.037612,0.345459,0.239903,0.760097,0.123295,0.121622
9055,24,0.578721,0.028209,0.01,0.037612,0.345458,0.239953,0.760047,0.123283,0.121615
9056,24,0.578843,0.028201,0.009997,0.037601,0.345358,0.239851,0.760149,0.110347,0.112028
9057,24,0.578589,0.028188,0.009996,0.037584,0.345643,0.239766,0.760234,0.114531,0.116081
9058,24,0.578759,0.028177,0.009996,0.037569,0.3455,0.239655,0.760345,0.117327,0.119166
9059,24,0.578417,0.02817,0.009998,0.03756,0.345855,0.239607,0.760393,0.117993,0.118658
9060,24,0.578329,0.028176,0.010002,0.037568,0.345926,0.239627,0.760373,0.133411,0.132464
9061,30,0.57833,0.028176,0.01,0.037568,0.345926,0.239698,0.760302,0.119531,0.117078
9062,30,0.578143,0.028177,0.01,0.037569,0.346111,0.239947,0.760053,0.121135,0.113914
9063,24,0.577804,0.02817,0.009998,0.03756,0.346468,0.239898,0.760102,0.126293,0.126962
9064,30,0.577921,0.028152,0.010147,0.037536,0.346244,0.23978,0.76022,0.106603,0.108795
9065,30,0.578226,0.02814,0.010019,0.03752,0.346095,0.239833,0.760167,0.111666,0.109193
9066,24,0.578194,0.028143,0.010001,0.037524,0.346137,0.240151,0.759849,0.11504,0.105967
9067,30,0.578349,0.028133,0.009996,0.037511,0.346011,0.240024,0.759976,0.102307,0.103615
9068,24,0.578519,0.028121,0.009996,0.037495,0.345869,0.240073,0.759927,0.100717,0.097884
9069,30,0.578304,0.028123,0.01,0.037497,0.346076,0.240097,0.759903,0.121939,0.120849
9070,30,0.578264,0.028125,0.010001,0.037501,0.346109,0.240074,0.759926,0.121594,0.121366
9071,24,0.5784,0.028115,0.010012,0.037487,0.345985,0.239976,0.760024,0.116051,0.117315
9072,24,0.57832,0.028122,0.010002,0.037495,0.346061,0.239996,0.760004,0.125103,0.124138
9073,30,0.577787,0.028096,0.010916,0.037461,0.345741,0.239982,0.760018,0.126101,0.126068
9074,24,0.577737,0.028093,0.011001,0.037458,0.345712,0.240092,0.759908,0.113248,0.109677
9075,24,0.578189,0.028115,0.010008,0.037487,0.346201,0.24011,0.75989,0.120172,0.119275
9076,30,0.578407,0.028101,0.009995,0.037468,0.346028,0.240037,0.759963,0.112732,0.113819
9077,30,0.578439,0.028099,0.009999,0.037465,0.345998,0.240007,0.759993,0.132201,0.132184
9078,24,0.578312,0.028093,0.009998,0.037457,0.346141,0.239956,0.760044,0.118032,0.118788
9079,30,0.577786,0.028067,0.010899,0.037423,0.345826,0.239942,0.760058,0.126101,0.126068
9080,30,0.578571,0.028075,0.010003,0.037433,0.345919,0.239844,0.760156,0.093497,0.09408
9081,30,0.578422,0.028067,0.010257,0.037423,0.345831,0.239831,0.760169,0.119487,0.119442
9082,24,0.578484,0.02808,0.010005,0.03744,0.345991,0.239851,0.760149,0.125103,0.124138
9083,24,0.578575,0.028075,0.009998,0.037433,0.345919,0.239793,0.760207,0.117279,0.118195
9084,30,0.578434,0.028068,0.01024,0.037424,0.345835,0.23978,0.76022,0.119487,0.119442
9085,24,0.57855,0.028073,0.010042,0.037431,0.345904,0.239763,0.760237,0.121587,0.121538
9086,30,0.578581,0.028074,0.01,0.037432,0.345913,0.23983,0.76017,0.119008,0.116626
9087,30,0.578553,0.028073,0.010048,0.03743,0.345896,0.239866,0.760134,0.126144,0.124922
9088,30,0.578626,0.028067,0.010064,0.037422,0.345821,0.23974,0.76026,0.113786,0.115089
9089,24,0.578577,0.028074,0.010003,0.037432,0.345914,0.23976,0.76024,0.125091,0.124136
9090,24,0.578365,0.028074,0.01,0.037432,0.346129,0.239746,0.760254,0.129856,0.129709
9091,30,0.578238,0.028068,0.010218,0.037424,0.346053,0.23969,0.76031,0.129467,0.130071
9092,30,0.57821,0.028066,0.010266,0.037422,0.346036,0.239726,0.760274,0.126144,0.124924
9093,30,0.578262,0.028073,0.010108,0.037431,0.346125,0.239735,0.760265,0.121583,0.120982
9094,30,0.578304,0.028056,0.010318,0.037408,0.345914,0.239653,0.760347,0.107377,0.107946
9095,24,0.578489,0.028065,0.010003,0.03742,0.346023,0.239703,0.760297,0.123295,0.121635
9096,30,0.578485,0.028066,0.01,0.037421,0.346028,0.239679,0.760321,0.133206,0.133085
9097,30,0.578853,0.028037,0.010047,0.037383,0.345679,0.239442,0.760558,0.091289,0.095497
9098,30,0.57888,0.028039,0.01,0.037385,0.345696,0.239514,0.760486,0.119588,0.117122
9099,24,0.578881,0.028039,0.01,0.037385,0.345696,0.239566,0.760434,0.123683,0.121992
9100,24,0.578794,0.028044,0.010002,0.037393,0.345767,0.239586,0.760414,0.133411,0.132468
9101,24,0.579004,0.028031,0.009995,0.037374,0.345596,0.239427,0.760573,0.106714,0.109099
9102,24,0.578876,0.028024,0.009998,0.037366,0.345736,0.239501,0.760499,0.111416,0.10852
9103,24,0.578662,0.028024,0.01,0.037365,0.345949,0.239462,0.760538,0.121533,0.121346
9104,24,0.578798,0.028014,0.010011,0.037352,0.345826,0.239715,0.760285,0.107742,0.100137
9105,24,0.578976,0.028003,0.009996,0.037337,0.345688,0.239605,0.760395,0.109032,0.110863
9106,30,0.579246,0.027985,0.009994,0.037313,0.345464,0.239445,0.760555,0.100101,0.102881
9107,24,0.57899,0.027972,0.009996,0.037296,0.345746,0.239426,0.760574,0.116185,0.116132
9108,24,0.578774,0.027972,0.01,0.037295,0.345959,0.239412,0.760588,0.129856,0.129707
9109,24,0.578484,0.027967,0.010132,0.03729,0.346126,0.239397,0.760603,0.129803,0.129667
9110,30,0.57903,0.02794,0.00999,0.037253,0.345787,0.239131,0.760869,0.088113,0.093263
9111,30,0.57892,0.027934,0.009998,0.037245,0.345903,0.239169,0.760831,0.115899,0.114217
9112,30,0.578661,0.027921,0.0101,0.037229,0.346089,0.239049,0.760951,0.110863,0.112869
9113,24,0.578797,0.027911,0.010111,0.037215,0.345965,0.238951,0.761049,0.116051,0.117307
9114,30,0.578922,0.027894,0.010246,0.037192,0.345746,0.238882,0.761118,0.113227,0.114247
9115,30,0.578881,0.027892,0.010316,0.037189,0.345722,0.238953,0.761047,0.119476,0.117039
9116,30,0.579064,0.027901,0.010003,0.037201,0.345831,0.238909,0.761091,0.119545,0.119869
9117,30,0.579162,0.027882,0.009993,0.037176,0.345788,0.238763,0.761237,0.10359,0.10644
9118,30,0.579141,0.027881,0.010029,0.037174,0.345775,0.238799,0.761201,0.126144,0.124926
9119,30,0.578994,0.02787,0.009996,0.03716,0.34598,0.2387,0.7613,0.106924,0.108477
9120,24,0.57925,0.027853,0.009994,0.037137,0.345767,0.238689,0.761311,0.099251,0.097981
9121,30,0.579049,0.027843,0.009997,0.037124,0.345988,0.238641,0.761359,0.120876,0.120919
9122,24,0.579218,0.027832,0.009996,0.037109,0.345846,0.238531,0.761469,0.108982,0.110808
9123,30,0.579096,0.027827,0.009998,0.037102,0.345977,0.23858,0.76142,0.115476,0.11339
9124,30,0.578991,0.027821,0.009998,0.037094,0.346096,0.238618,0.761382,0.115886,0.114201
9125,30,0.579092,0.027801,0.009993,0.037069,0.346045,0.238516,0.761484,0.10961,0.11138
9126,24,0.579348,0.027784,0.009994,0.037045,0.345829,0.238436,0.761564,0.107243,0.10836
9127,24,0.579602,0.027767,0.009994,0.037022,0.345615,0.238273,0.761727,0.105464,0.107822
9128,30,0.579401,0.027757,0.009997,0.03701,0.345836,0.238142,0.761858,0.120904,0.123148
9129,30,0.579429,0.027755,0.009999,0.037007,0.345809,0.238119,0.761881,0.118148,0.118309
9130,30,0.579623,0.027742,0.009995,0.03699,0.34565,0.238184,0.761816,0.112677,0.109952
9131,30,0.57962,0.027742,0.01,0.03699,0.345648,0.238128,0.761872,0.129525,0.13011
9132,30,0.57958,0.027745,0.010001,0.036993,0.345681,0.238095,0.761905,0.131611,0.131638
9133,24,0.579752,0.027734,0.009996,0.036978,0.345541,0.237985,0.762015,0.117316,0.11914
9134,30,0.579744,0.027734,0.01,0.036978,0.345544,0.237973,0.762027,0.123219,0.122816
9135,30,0.579882,0.027725,0.009997,0.036966,0.34543,0.237836,0.762164,0.112762,0.114347
9136,30,0.57988,0.027725,0.01,0.036966,0.345429,0.237873,0.762127,0.126202,0.124977
9137,24,0.579754,0.027719,0.009998,0.036958,0.345572,0.237891,0.762109,0.120186,0.119296
9138,24,0.579853,0.027712,0.009998,0.036949,0.345488,0.238169,0.761831,0.109514,0.101339
9139,30,0.579859,0.027711,0.01,0.036948,0.345482,0.238237,0.761763,0.118994,0.116626
9140,24,0.579732,0.027705,0.009998,0.03694,0.345625,0.238187,0.761813,0.118073,0.118813
9141,30,0.579784,0.027658,0.010644,0.036877,0.345036,0.237886,0.762114,0.100128,0.106051
9142,24,0.57991,0.027674,0.010285,0.036898,0.345233,0.237875,0.762125,0.125078,0.124318
9143,30,0.579375,0.027648,0.011198,0.036864,0.344914,0.237861,0.762139,0.126101,0.126065
9144,24,0.579778,0.027667,0.010293,0.03689,0.345372,0.237877,0.762123,0.11974,0.118899
9145,30,0.579243,0.027642,0.011206,0.036856,0.345053,0.237928,0.762072,0.126101,0.12411
9146,24,0.578751,0.027618,0.011829,0.036825,0.344978,0.237877,0.762123,0.126301,0.127064
9147,30,0.578856,0.027604,0.011941,0.036805,0.344794,0.23781,0.76219,0.113648,0.114627
9148,30,0.578462,0.027585,0.012613,0.03678,0.34456,0.237754,0.762246,0.129412,0.130013
9149,30,0.577973,0.027562,0.013108,0.036749,0.344609,0.23766,0.76234,0.117498,0.119297
9150,30,0.578104,0.027568,0.012692,0.036757,0.344879,0.237575,0.762425,0.126445,0.127699
9151,30,0.578618,0.027579,0.012009,0.036772,0.345021,0.237614,0.762386,0.115131,0.113349
9152,24,0.578952,0.0276,0.011365,0.0368,0.345282,0.237762,0.762238,0.123384,0.118822
9153,24,0.579219,0.027613,0.010909,0.036817,0.345441,0.237858,0.762142,0.115361,0.112148
9154,24,0.57962,0.027632,0.010007,0.036843,0.345899,0.237876,0.762124,0.120143,0.119259
9155,24,0.579795,0.027621,0.009996,0.036828,0.34576,0.237766,0.762234,0.117347,0.119163
9156,30,0.579863,0.027605,0.010161,0.036807,0.345564,0.237655,0.762345,0.107583,0.109651
9157,30,0.579868,0.027605,0.010152,0.036807,0.345567,0.237599,0.762401,0.129478,0.130072
9158,24,0.580145,0.027597,0.009997,0.036796,0.345464,0.237809,0.762191,0.107702,0.101131
9159,30,0.580123,0.027598,0.01,0.036798,0.34548,0.23804,0.76196,0.113944,0.107297
9160,24,0.580073,0.027596,0.010086,0.036795,0.34545,0.238151,0.761849,0.11325,0.109693
9161,24,0.580168,0.027596,0.01,0.036794,0.345442,0.238261,0.761739,0.119084,0.115373
9162,30,0.580254,0.027577,0.009993,0.03677,0.345406,0.238164,0.761836,0.109253,0.110813
9163,24,0.580123,0.027571,0.009998,0.036761,0.345547,0.238113,0.761887,0.118032,0.11878
9164,30,0.579752,0.027573,0.010001,0.036764,0.34591,0.238232,0.761768,0.113096,0.109231
9165,24,0.579752,0.027573,0.01,0.036764,0.345911,0.238284,0.761716,0.123695,0.122005
9166,24,0.579924,0.027562,0.009996,0.036749,0.34577,0.238174,0.761826,0.117345,0.119162
9167,24,0.579835,0.027567,0.010002,0.036756,0.345839,0.238195,0.761805,0.125107,0.124147
9168,24,0.579711,0.027561,0.009998,0.036748,0.345982,0.238269,0.761731,0.111403,0.108517
9169,30,0.579353,0.027526,0.010547,0.036701,0.345873,0.238081,0.761919,0.116604,0.120368
9170,24,0.579544,0.027535,0.010003,0.036713,0.346206,0.238099,0.761901,0.120172,0.119275
9171,30,0.579545,0.027523,0.009996,0.036698,0.346238,0.237952,0.762048,0.11715,0.119554
9172,24,0.579542,0.027523,0.01,0.036698,0.346237,0.238063,0.761937,0.113263,0.109702
9173,30,0.579513,0.027522,0.010051,0.036696,0.346219,0.238147,0.761853,0.119477,0.116324
9174,30,0.579351,0.027513,0.009997,0.036684,0.346454,0.23814,0.76186,0.110358,0.109658
9175,24,0.579224,0.027507,0.009998,0.036676,0.346595,0.238156,0.761844,0.119735,0.118875
9176,30,0.579183,0.02751,0.010001,0.03668,0.346627,0.238134,0.761866,0.121584,0.121356
9177,30,0.579321,0.027501,0.009997,0.036668,0.346514,0.238095,0.761905,0.10277,0.10206
9178,30,0.579474,0.027491,0.009996,0.036654,0.346385,0.237975,0.762025,0.102365,0.104158
9179,24,0.579517,0.027473,0.009994,0.036631,0.346385,0.237831,0.762169,0.113757,0.116381
9180,30,0.579483,0.027453,0.009993,0.036604,0.346468,0.237689,0.762311,0.105658,0.1084
9181,24,0.579479,0.027453,0.01,0.036603,0.346465,0.237791,0.762209,0.114957,0.111503
9182,30,0.579439,0.027455,0.010001,0.036607,0.346498,0.237789,0.762211,0.138213,0.13789
9183,30,0.579061,0.027424,0.010841,0.036566,0.346108,0.2377,0.7623,0.125001,0.126273
9184,30,0.578534,0.027399,0.011741,0.036532,0.345793,0.237686,0.762314,0.126091,0.126059
9185,30,0.578685,0.027406,0.011154,0.036541,0.346214,0.237638,0.762362,0.116974,0.117674
9186,24,0.578801,0.027411,0.010956,0.036548,0.346284,0.237621,0.762379,0.129893,0.129843
9187,30,0.579355,0.027437,0.01001,0.036583,0.346615,0.237693,0.762307,0.119607,0.117149
9188,24,0.57936,0.027438,0.01,0.036584,0.346618,0.237677,0.762323,0.121587,0.12153
9189,24,0.579506,0.027428,0.009997,0.036571,0.346498,0.237738,0.762262,0.109447,0.106818
9190,24,0.579378,0.027422,0.009998,0.036563,0.34664,0.237688,0.762312,0.118098,0.118837
9191,30,0.579225,0.027419,0.009999,0.036559,0.346797,0.237636,0.762364,0.118486,0.118941
9192,30,0.579225,0.027419,0.01,0.036559,0.346797,0.237581,0.762419,0.129525,0.130107
9193,24,0.579225,0.027419,0.01,0.036559,0.346797,0.237565,0.762435,0.129924,0.129866
9194,24,0.579627,0.027393,0.00999,0.036524,0.346465,0.237514,0.762486,0.093707,0.093264
9195,24,0.579793,0.027382,0.009996,0.036509,0.346321,0.237404,0.762596,0.10901,0.110822
9196,24,0.579502,0.027378,0.010128,0.036504,0.346488,0.23739,0.76261,0.129802,0.129667
9197,24,0.579709,0.027358,0.009993,0.036478,0.346462,0.237276,0.762724,0.103646,0.105554
9198,24,0.579964,0.027341,0.009994,0.036455,0.346246,0.237195,0.762805,0.107158,0.108281
9199,30,0.579737,0.027327,0.010433,0.036436,0.346067,0.237171,0.762829,0.124715,0.1249
9200,24,0.580159,0.027328,0.01,0.036437,0.346075,0.237062,0.762938,0.109032,0.110836
9201,24,0.58016,0.027328,0.01,0.036437,0.346075,0.237114,0.762886,0.123683,0.122005
9202,24,0.580392,0.027313,0.009994,0.036417,0.345884,0.237136,0.762864,0.10551,0.103809
9203,24,0.580302,0.027318,0.010002,0.036424,0.345953,0.237156,0.762844,0.133403,0.132464
9204,24,0.580217,0.027324,0.010002,0.036432,0.346025,0.237176,0.762824,0.133415,0.132475
9205,30,0.580011,0.027326,0.010001,0.036435,0.346227,0.237255,0.762745,0.128813,0.126154
9206,30,0.580166,0.027316,0.009996,0.036421,0.346101,0.237119,0.762881,0.108698,0.11101
9207,24,0.580308,0.027307,0.009997,0.036409,0.345981,0.237174,0.762826,0.109815,0.107449
9208,30,0.580152,0.027299,0.010262,0.036399,0.345888,0.237129,0.762871,0.119466,0.119794
9209,30,0.580419,0.027299,0.01,0.036399,0.345883,0.237168,0.762832,0.115117,0.11334
9210,30,0.58027,0.027292,0.010254,0.036389,0.345795,0.237155,0.762845,0.119487,0.11944
9211,30,0.580846,0.027271,0.009992,0.036361,0.34553,0.2369,0.7631,0.089461,0.094346
9212,30,0.58069,0.027268,0.009999,0.036358,0.345685,0.236838,0.763162,0.128503,0.129213
9213,24,0.580897,0.027255,0.009995,0.03634,0.345513,0.236832,0.763168,0.100481,0.099218
9214,30,0.580697,0.027245,0.009997,0.036327,0.345735,0.236788,0.763212,0.117536,0.118159
9215,30,0.581133,0.027217,0.00999,0.036289,0.345372,0.23658,0.76342,0.089176,0.09268
9216,30,0.581121,0.027217,0.01,0.036289,0.345373,0.236569,0.763431,0.116579,0.116165
9217,30,0.581081,0.027219,0.010001,0.036292,0.345406,0.236547,0.763453,0.1216,0.121367
9218,24,0.581213,0.027197,0.009992,0.036262,0.345337,0.236433,0.763567,0.103662,0.105558
9219,24,0.581208,0.027196,0.01,0.036262,0.345334,0.236486,0.763514,0.12374,0.122048
9220,24,0.581122,0.027202,0.010002,0.036269,0.345405,0.236507,0.763493,0.133419,0.132478
9221,30,0.581103,0.027203,0.01,0.036271,0.345422,0.236738,0.763262,0.113946,0.107318
9222,24,0.581017,0.027209,0.010002,0.036279,0.345493,0.236759,0.763241,0.133419,0.132469
9223,30,0.581093,0.027204,0.009998,0.036272,0.345432,0.236693,0.763307,0.127186,0.12787
9224,24,0.581093,0.027204,0.01,0.036272,0.345431,0.236743,0.763257,0.123282,0.121638
9225,30,0.581077,0.027203,0.010027,0.036271,0.345421,0.236699,0.763301,0.119498,0.119813
9226,24,0.581069,0.027184,0.010327,0.036245,0.345174,0.236589,0.763411,0.117246,0.119073
9227,24,0.580905,0.027186,0.010462,0.036248,0.345199,0.236609,0.763391,0.133366,0.132434
9228,24,0.581432,0.027182,0.009998,0.036242,0.345146,0.236529,0.763471,0.107139,0.108257
9229,30,0.581392,0.027157,0.01041,0.036209,0.344832,0.23646,0.76354,0.113174,0.114184
9230,24,0.581801,0.027157,0.01,0.036209,0.344833,0.236351,0.763649,0.109062,0.110841
9231,24,0.581588,0.027157,0.01,0.036209,0.345047,0.236337,0.763663,0.129865,0.129713
9232,24,0.581291,0.027148,0.009997,0.036197,0.345368,0.236347,0.763653,0.124566,0.123378
9233,30,0.581455,0.027137,0.009996,0.036182,0.34523,0.236236,0.763764,0.107625,0.10966
9234,30,0.581548,0.02713,0.009998,0.036174,0.34515,0.236434,0.763566,0.109515,0.103548
9235,24,0.581419,0.027124,0.009998,0.036166,0.345292,0.236453,0.763547,0.120186,0.119292
9236,24,0.581078,0.027118,0.009998,0.036158,0.345649,0.236405,0.763595,0.118001,0.118632
9237,24,0.581078,0.027118,0.01,0.036157,0.345647,0.236455,0.763545,0.123294,0.121639
9238,30,0.58087,0.02712,0.010001,0.03616,0.345849,0.236585,0.763415,0.122175,0.118318
9239,30,0.580548,0.027124,0.010261,0.036166,0.345901,0.236659,0.763341,0.14498,0.142767
9240,24,0.580498,0.027122,0.010346,0.036163,0.345871,0.236642,0.763358,0.129866,0.129825
9241,30,0.580866,0.027121,0.009999,0.036161,0.345854,0.236532,0.763468,0.107702,0.109727
9242,24,0.580866,0.02712,0.01,0.036161,0.345853,0.236635,0.763365,0.114971,0.111533
9243,24,0.58078,0.027126,0.010002,0.036168,0.345924,0.236656,0.763344,0.125111,0.124162
9244,24,0.580695,0.027132,0.010002,0.036176,0.345996,0.236677,0.763323,0.125099,0.12415
9245,30,0.580748,0.027111,0.010257,0.036148,0.345735,0.23656,0.76344,0.113242,0.115403
9246,30,0.580949,0.027115,0.010001,0.036153,0.345782,0.236463,0.763537,0.10574,0.107124
9247,30,0.580504,0.027099,0.010502,0.036131,0.345765,0.236443,0.763557,0.125106,0.1252
9248,30,0.580795,0.027112,0.010005,0.03615,0.345938,0.236516,0.763484,0.119605,0.117154
9249,24,0.580712,0.027118,0.010002,0.036157,0.346011,0.236506,0.763494,0.125096,0.124333
9250,30,0.58072,0.027117,0.01,0.036157,0.346006,0.236538,0.763462,0.12561,0.124474
9251,24,0.580721,0.027117,0.01,0.036157,0.346005,0.236588,0.763412,0.123282,0.121638
9252,30,0.580514,0.027124,0.010109,0.036165,0.346088,0.236799,0.763201,0.1345,0.128611
9253,24,0.580577,0.027127,0.010001,0.036169,0.346126,0.236782,0.763218,0.129907,0.129852
9254,24,0.580408,0.027124,0.009999,0.036165,0.346304,0.236836,0.763164,0.128116,0.125781
9255,30,0.580522,0.027116,0.009997,0.036155,0.346209,0.236759,0.763241,0.115131,0.116096
9256,30,0.580373,0.027109,0.010251,0.036146,0.34612,0.236989,0.763011,0.119487,0.112843
9257,24,0.580727,0.027103,0.009998,0.036137,0.346035,0.236983,0.763017,0.100503,0.09923
9258,24,0.580984,0.027086,0.009994,0.036115,0.345821,0.236831,0.763169,0.112917,0.115693
9259,24,0.580981,0.027086,0.01,0.036114,0.345819,0.236815,0.763185,0.12164,0.121569
9260,24,0.580981,0.027086,0.01,0.036114,0.345819,0.236868,0.763132,0.123724,0.122031
9261,24,0.581106,0.027073,0.010072,0.036097,0.345652,0.236751,0.763249,0.108925,0.110083
9262,24,0.580942,0.027075,0.010207,0.036099,0.345677,0.236771,0.763229,0.133366,0.13243
9263,30,0.581028,0.027056,0.010064,0.036074,0.345777,0.236562,0.763438,0.114571,0.118841
9264,24,0.580856,0.027043,0.009995,0.036057,0.346049,0.236602,0.763398,0.114441,0.112553
9265,30,0.58032,0.027018,0.010909,0.036024,0.345729,0.236589,0.763411,0.126101,0.126064
9266,24,0.580685,0.027035,0.010289,0.036046,0.345945,0.236691,0.763309,0.114957,0.111519
9267,24,0.58064,0.027042,0.010003,0.036056,0.346259,0.236678,0.763322,0.121556,0.121402
9268,24,0.580598,0.027045,0.010001,0.03606,0.346296,0.236998,0.763002,0.115044,0.106073
9269,30,0.580479,0.027041,0.009998,0.036054,0.346428,0.237047,0.762953,0.115473,0.113385
9270,30,0.58028,0.027031,0.009997,0.036042,0.34665,0.236942,0.763058,0.127496,0.129558
9271,30,0.58033,0.027028,0.009999,0.036037,0.346606,0.236824,0.763176,0.115651,0.116902
9272,30,0.580112,0.027014,0.010421,0.036019,0.346433,0.2368,0.7632,0.124715,0.124899
9273,24,0.580357,0.027026,0.010004,0.036034,0.346579,0.236784,0.763216,0.129949,0.129885
9274,24,0.580273,0.027031,0.010002,0.036042,0.346652,0.236805,0.763195,0.125107,0.124149
9275,30,0.580102,0.027042,0.010004,0.036057,0.346795,0.236891,0.763109,0.128403,0.125901
9276,30,0.579953,0.027036,0.010258,0.036047,0.346705,0.236847,0.763153,0.119487,0.119807
9277,30,0.579847,0.027037,0.010001,0.036049,0.347066,0.23698,0.76302,0.121449,0.117128
9278,30,0.579927,0.027032,0.009998,0.036043,0.347,0.236852,0.763148,0.115228,0.116772
9279,24,0.579877,0.02703,0.010083,0.03604,0.34697,0.236835,0.763165,0.121558,0.121509
9280,30,0.580034,0.027015,0.010148,0.03602,0.346783,0.236767,0.763233,0.112278,0.11315
9281,30,0.580088,0.026999,0.009994,0.035999,0.34692,0.236592,0.763408,0.106687,0.110142
9282,30,0.580132,0.02697,0.01039,0.03596,0.346547,0.236405,0.763595,0.10533,0.109038
9283,30,0.58063,0.026963,0.009997,0.035951,0.346459,0.236245,0.763755,0.100001,0.102747
9284,24,0.580799,0.026952,0.009996,0.035936,0.346317,0.236136,0.763864,0.109073,0.110847
9285,30,0.58095,0.026942,0.009996,0.035923,0.346188,0.236011,0.763989,0.102337,0.103585
9286,30,0.580956,0.02692,0.009992,0.035893,0.34624,0.235814,0.764186,0.097997,0.101976
9287,30,0.580753,0.02691,0.009997,0.035881,0.34646,0.23577,0.76423,0.117529,0.118146
9288,24,0.580625,0.026904,0.009998,0.035872,0.3466,0.235786,0.764214,0.119735,0.118878
9289,30,0.580513,0.026899,0.009998,0.035866,0.346724,0.235859,0.764141,0.116444,0.113947
9290,24,0.580463,0.026897,0.010083,0.035862,0.346694,0.235803,0.764197,0.121558,0.121964
9291,30,0.580518,0.026899,0.010001,0.035865,0.346718,0.235871,0.764129,0.118996,0.116644
9292,30,0.580346,0.02691,0.010004,0.03588,0.34686,0.235946,0.764054,0.145033,0.142813
9293,24,0.580136,0.026909,0.01,0.035879,0.347076,0.235932,0.764068,0.121536,0.121385
9294,30,0.580136,0.026909,0.01,0.035879,0.347076,0.236022,0.763978,0.112874,0.110029
9295,30,0.579938,0.0269,0.009997,0.035867,0.347298,0.236128,0.763872,0.117523,0.113947
9296,30,0.579936,0.0269,0.01,0.035867,0.347297,0.2362,0.7638,0.119542,0.117107
9297,24,0.579723,0.0269,0.01,0.035866,0.347511,0.236186,0.763814,0.129856,0.129704
9298,30,0.579574,0.026893,0.010254,0.035857,0.347422,0.236173,0.763827,0.119487,0.119437
9299,30,0.579627,0.0269,0.010097,0.035866,0.34751,0.236151,0.763849,0.121586,0.12135
9300,30,0.579683,0.026902,0.010001,0.03587,0.347544,0.236241,0.763759,0.112885,0.110037
9301,30,0.579869,0.026891,0.009996,0.035854,0.34739,0.236301,0.763699,0.114358,0.11177
9302,30,0.579827,0.026893,0.010001,0.035857,0.347422,0.236311,0.763689,0.121586,0.120983
9303,30,0.579827,0.026893,0.01,0.035857,0.347422,0.236384,0.763616,0.119599,0.117154
9304,30,0.579836,0.026871,0.009992,0.035828,0.347474,0.236236,0.763764,0.104634,0.107455
9305,24,0.579704,0.026865,0.009998,0.035819,0.347614,0.236186,0.763814,0.118048,0.118783
9306,30,0.579845,0.026855,0.009997,0.035807,0.347495,0.236313,0.763687,0.113545,0.109269
9307,30,0.57964,0.026847,0.009997,0.035795,0.347721,0.236221,0.763779,0.10791,0.109342
9308,24,0.5796,0.026835,0.009996,0.03578,0.347789,0.236129,0.763871,0.113701,0.115394
9309,24,0.579471,0.026829,0.009998,0.035772,0.34793,0.236147,0.763853,0.12016,0.11927
9310,24,0.57947,0.026829,0.01,0.035772,0.347929,0.236243,0.763757,0.115333,0.112148
9311,30,0.579742,0.026812,0.009994,0.035749,0.347704,0.236145,0.763855,0.093471,0.094089
9312,24,0.579651,0.026817,0.010002,0.035756,0.347774,0.236166,0.763834,0.125107,0.124148
9313,30,0.579287,0.026782,0.010903,0.035709,0.347319,0.236059,0.763941,0.125219,0.127111
9314,30,0.579338,0.026803,0.010527,0.035738,0.347595,0.236145,0.763855,0.128373,0.125891
9315,30,0.579277,0.026803,0.010405,0.035737,0.347778,0.236204,0.763796,0.117449,0.114985
9316,24,0.579556,0.026811,0.010003,0.035747,0.347883,0.23632,0.76368,0.121553,0.117807
9317,24,0.579472,0.026816,0.010002,0.035755,0.347955,0.23631,0.76369,0.125078,0.124314
9318,30,0.579631,0.026806,0.009996,0.035742,0.347825,0.236249,0.763751,0.113348,0.114112
9319,24,0.579542,0.026812,0.010002,0.035749,0.347895,0.23627,0.76373,0.125095,0.124141
9320,30,0.579346,0.026803,0.009997,0.035737,0.348118,0.236226,0.763774,0.117516,0.11814
9321,24,0.579218,0.026797,0.009998,0.035729,0.348259,0.236176,0.763824,0.118077,0.118803
9322,24,0.57913,0.026802,0.010002,0.035736,0.34833,0.236197,0.763803,0.125095,0.124141
9323,24,0.57908,0.0268,0.010087,0.035733,0.3483,0.23618,0.76382,0.129866,0.129825
9324,30,0.578931,0.026793,0.010341,0.035724,0.348211,0.236167,0.763833,0.119487,0.119437
9325,24,0.579004,0.026796,0.010001,0.035728,0.348471,0.236183,0.763817,0.119731,0.118875
9326,24,0.579262,0.02678,0.009994,0.035706,0.348258,0.236174,0.763826,0.09926,0.097985
9327,30,0.578728,0.026755,0.010907,0.035673,0.347936,0.236161,0.763839,0.126101,0.126064
9328,30,0.578744,0.026756,0.010539,0.035674,0.348287,0.236117,0.763883,0.117515,0.118147
9329,30,0.578797,0.026763,0.010381,0.035683,0.348376,0.236127,0.763873,0.121585,0.12099
9330,24,0.579019,0.026773,0.010004,0.035697,0.348508,0.23623,0.76377,0.114971,0.111539
9331,24,0.578934,0.026778,0.010002,0.035704,0.348581,0.236251,0.763749,0.133411,0.132464
9332,30,0.578925,0.026778,0.010017,0.035704,0.348575,0.236207,0.763793,0.119498,0.119811
9333,24,0.579194,0.026762,0.009994,0.035683,0.348368,0.236197,0.763803,0.099229,0.097964
9334,24,0.579191,0.026762,0.01,0.035682,0.348365,0.236247,0.763753,0.123282,0.121633
9335,30,0.579151,0.026764,0.010001,0.035686,0.348398,0.236359,0.763641,0.114971,0.111575
9336,24,0.579026,0.026758,0.009998,0.035678,0.34854,0.236375,0.763625,0.119731,0.118875
9337,24,0.579284,0.026742,0.009994,0.035656,0.348324,0.236295,0.763705,0.107144,0.108257
9338,30,0.57875,0.026717,0.010907,0.035623,0.348003,0.236282,0.763718,0.126101,0.126064
9339,30,0.579376,0.026735,0.010007,0.035647,0.348236,0.236305,0.763695,0.096877,0.094618
9340,24,0.579253,0.026729,0.009998,0.035639,0.34838,0.236254,0.763746,0.118023,0.118763
9341,24,0.579125,0.026724,0.009998,0.035631,0.348522,0.236203,0.763797,0.126331,0.12708
9342,24,0.578911,0.026723,0.01,0.035631,0.348735,0.236189,0.763811,0.121539,0.121379
9343,24,0.578911,0.026723,0.01,0.035631,0.348735,0.236242,0.763758,0.123712,0.122028
9344,24,0.578698,0.026723,0.01,0.03563,0.348949,0.236228,0.763772,0.129831,0.129689
9345,30,0.578587,0.026718,0.009998,0.035624,0.349073,0.236289,0.763711,0.109834,0.10766
9346,30,0.578571,0.026717,0.010026,0.035623,0.349064,0.236245,0.763755,0.119498,0.119811
9347,30,0.578576,0.026717,0.010017,0.035623,0.349067,0.23619,0.76381,0.129478,0.130057
9348,24,0.578586,0.026718,0.01,0.035623,0.349073,0.236174,0.763826,0.12992,0.129864
9349,30,0.578441,0.026727,0.010003,0.035636,0.349193,0.236494,0.763506,0.12122,0.112314
9350,30,0.578609,0.026716,0.009996,0.035622,0.349056,0.236388,0.763612,0.12535,0.127222
9351,30,0.578683,0.026711,0.009998,0.035615,0.348992,0.236334,0.763666,0.117198,0.117619
9352,30,0.579013,0.02669,0.009992,0.035587,0.348717,0.236206,0.763794,0.096182,0.097688
9353,30,0.57883,0.02668,0.009996,0.035573,0.348921,0.23629,0.76371,0.109374,0.106136
9354,30,0.578436,0.026662,0.01067,0.035549,0.348683,0.236335,0.763665,0.129423,0.127214
9355,24,0.578698,0.026674,0.010004,0.035565,0.349058,0.236351,0.763649,0.119718,0.118866
9356,30,0.578708,0.026673,0.01,0.035565,0.349054,0.236383,0.763617,0.12561,0.12447
9357,30,0.578453,0.026662,0.010244,0.035549,0.349092,0.236329,0.763671,0.13303,0.133932
9358,30,0.578594,0.026668,0.010002,0.035558,0.349177,0.236419,0.763581,0.112885,0.110037
9359,24,0.578552,0.026671,0.010001,0.035561,0.349214,0.236739,0.763261,0.11504,0.106075
9360,24,0.578466,0.026677,0.010002,0.035569,0.349286,0.236759,0.763241,0.133411,0.132462
9361,30,0.578543,0.026672,0.009998,0.035562,0.349224,0.236693,0.763307,0.127178,0.127867
9362,24,0.578329,0.026671,0.01,0.035562,0.349438,0.236679,0.763321,0.129843,0.129701
9363,24,0.578242,0.026677,0.010002,0.035569,0.349509,0.236668,0.763332,0.125088,0.124326
9364,24,0.578243,0.026677,0.01,0.035569,0.34951,0.236652,0.763348,0.121612,0.121553
9365,24,0.578244,0.026677,0.01,0.035569,0.34951,0.236636,0.763364,0.121628,0.121566
9366,30,0.578244,0.026677,0.01,0.035569,0.34951,0.236708,0.763292,0.119487,0.117065
9367,24,0.578245,0.026677,0.01,0.035569,0.349509,0.236758,0.763242,0.123295,0.12165
9368,24,0.578032,0.026677,0.01,0.035569,0.349723,0.236744,0.763256,0.129843,0.129693
9369,30,0.577928,0.026671,0.009998,0.035561,0.349842,0.236782,0.763218,0.115875,0.114203
9370,24,0.577878,0.026669,0.010083,0.035558,0.349812,0.236893,0.763107,0.11325,0.10971
9371,30,0.577648,0.026665,0.010377,0.035553,0.349758,0.237121,0.762879,0.13004,0.123349
9372,24,0.578012,0.026665,0.01,0.035554,0.349768,0.237182,0.762818,0.109454,0.106834
9373,24,0.577886,0.02666,0.009998,0.035546,0.34991,0.237131,0.762869,0.126327,0.127081
9374,30,0.577845,0.026662,0.010001,0.035549,0.349943,0.237141,0.762859,0.121583,0.12099
9375,30,0.577852,0.026662,0.01,0.035549,0.349938,0.237173,0.762827,0.12561,0.124476
9376,30,0.577818,0.026661,0.010049,0.035548,0.349924,0.23716,0.76284,0.123142,0.122767
9377,24,0.578105,0.026646,0.009994,0.035528,0.349727,0.236998,0.763002,0.10547,0.107815
9378,30,0.578102,0.026646,0.01,0.035527,0.349725,0.237035,0.762965,0.126202,0.124971
9379,24,0.578147,0.026643,0.009999,0.035524,0.349688,0.237287,0.762713,0.113218,0.105835
9380,24,0.578146,0.026643,0.01,0.035524,0.349688,0.237271,0.762729,0.121587,0.121534
9381,30,0.578146,0.026643,0.01,0.035524,0.349688,0.237343,0.762657,0.119599,0.117158
9382,30,0.578353,0.02663,0.009995,0.035506,0.349516,0.237312,0.762688,0.106652,0.106666
9383,30,0.57835,0.026629,0.01,0.035506,0.349514,0.237384,0.762616,0.119599,0.117158
9384,24,0.57835,0.026629,0.01,0.035506,0.349514,0.23748,0.76252,0.115347,0.11215
9385,24,0.57861,0.026613,0.009994,0.035484,0.349299,0.2374,0.7626,0.107223,0.108323
9386,24,0.578607,0.026613,0.01,0.035484,0.349297,0.237383,0.762617,0.129895,0.129846
9387,24,0.578607,0.026613,0.01,0.035484,0.349297,0.237479,0.762521,0.115347,0.11215
9388,24,0.57848,0.026607,0.009998,0.035476,0.349439,0.237428,0.762572,0.126327,0.127082
9389,24,0.578309,0.026604,0.009999,0.035472,0.349616,0.237482,0.762518,0.128104,0.125768
9390,24,0.57831,0.026604,0.01,0.035472,0.349614,0.237584,0.762416,0.114958,0.111503
9391,24,0.577965,0.026572,0.010835,0.03543,0.349198,0.237486,0.762514,0.116009,0.117259
9392,30,0.578297,0.026592,0.010007,0.035456,0.349648,0.237423,0.762577,0.128505,0.129221
9393,24,0.578302,0.026592,0.01,0.035456,0.34965,0.237525,0.762475,0.114958,0.111511
9394,30,0.578302,0.026592,0.01,0.035456,0.34965,0.237512,0.762488,0.119545,0.119485
9395,30,0.578329,0.02659,0.009999,0.035454,0.349628,0.2377,0.7623,0.124585,0.118905
9396,24,0.578329,0.02659,0.01,0.035454,0.349627,0.237815,0.762185,0.121572,0.117486
9397,24,0.578242,0.026596,0.010002,0.035461,0.349699,0.237971,0.762029,0.116766,0.112039
9398,30,0.577719,0.026568,0.010949,0.035424,0.349339,0.237935,0.762065,0.134643,0.135117
9399,24,0.578123,0.026587,0.010257,0.035449,0.349584,0.237919,0.762081,0.129923,0.129868
9400,30,0.577868,0.026587,0.01,0.035449,0.350097,0.237969,0.762031,0.113477,0.111403
9401,24,0.577869,0.026587,0.01,0.035449,0.350096,0.238019,0.761981,0.123283,0.121624
9402,30,0.577828,0.026589,0.010001,0.035452,0.350129,0.237997,0.762003,0.121594,0.121365
9403,30,0.577996,0.026579,0.009996,0.035438,0.349991,0.237903,0.762097,0.108768,0.110372
9404,30,0.577883,0.026574,0.009998,0.035431,0.350114,0.237829,0.762171,0.116448,0.117455
9405,24,0.577882,0.026574,0.01,0.035431,0.350113,0.237812,0.762188,0.129907,0.129863
9406,30,0.577842,0.026576,0.010001,0.035435,0.350147,0.23779,0.76221,0.121614,0.121392
9407,30,0.577738,0.026571,0.009998,0.035427,0.350266,0.237828,0.762172,0.115885,0.114215
9408,24,0.577373,0.026554,0.010624,0.035405,0.350044,0.237772,0.762228,0.12153,0.121954
9409,30,0.57763,0.026565,0.010004,0.03542,0.350382,0.23781,0.76219,0.115885,0.114217
9410,30,0.577481,0.026562,0.009999,0.035417,0.350541,0.237778,0.762222,0.135098,0.135463
9411,24,0.577482,0.026562,0.01,0.035416,0.350539,0.23788,0.76212,0.114971,0.111529
9412,30,0.577245,0.026556,0.009998,0.035408,0.350794,0.237925,0.762075,0.112901,0.110953
9413,24,0.577244,0.026556,0.01,0.035408,0.350793,0.237977,0.762023,0.123641,0.121968
9414,24,0.577241,0.026542,0.009995,0.03539,0.350832,0.237841,0.762159,0.106756,0.109232
9415,30,0.577273,0.02654,0.009999,0.035387,0.350802,0.237823,0.762177,0.122237,0.121949
9416,24,0.577185,0.026545,0.010002,0.035394,0.350874,0.237843,0.762157,0.133395,0.132453
9417,30,0.577169,0.026545,0.01003,0.035393,0.350864,0.237799,0.762201,0.119498,0.119823
9418,30,0.577141,0.026543,0.010078,0.035391,0.350847,0.237835,0.762165,0.126144,0.124931
9419,24,0.577099,0.026551,0.010003,0.035401,0.350946,0.237855,0.762145,0.125099,0.124148
9420,30,0.576933,0.026549,0.009999,0.035399,0.351119,0.237986,0.762014,0.114201,0.11004
9421,30,0.576893,0.026552,0.010001,0.035403,0.351152,0.237953,0.762047,0.131597,0.131631
9422,30,0.576643,0.026549,0.010295,0.035399,0.351114,0.23806,0.76194,0.131062,0.127645
9423,24,0.5766,0.026557,0.010003,0.035409,0.351432,0.238046,0.761954,0.129835,0.129687
9424,30,0.576992,0.026524,0.010118,0.035365,0.351,0.237862,0.762138,0.088716,0.091771
9425,24,0.577061,0.026527,0.010001,0.035369,0.351041,0.237912,0.762088,0.123283,0.121632
9426,24,0.577025,0.026516,0.009996,0.035354,0.351109,0.23782,0.76218,0.122039,0.123753
9427,24,0.576897,0.02651,0.009998,0.035346,0.351249,0.23777,0.76223,0.118068,0.118811
9428,24,0.576771,0.026504,0.009998,0.035339,0.351389,0.237786,0.762214,0.11971,0.118863
9429,24,0.576721,0.026502,0.010083,0.035335,0.351358,0.237769,0.762231,0.129866,0.129827
9430,24,0.577029,0.026488,0.009995,0.035317,0.351172,0.237607,0.762393,0.105493,0.107849
9431,30,0.576742,0.026493,0.010002,0.035324,0.351438,0.237651,0.762349,0.141889,0.140355
9432,30,0.576547,0.026484,0.009997,0.035312,0.351659,0.237606,0.762394,0.117489,0.118124
9433,30,0.576818,0.026467,0.009994,0.035289,0.351432,0.237582,0.762418,0.091394,0.09014
9434,30,0.576821,0.026466,0.01,0.035289,0.351424,0.23765,0.76235,0.118994,0.11663
9435,30,0.576929,0.02646,0.009997,0.03528,0.351334,0.237695,0.762305,0.11416,0.11205
9436,30,0.576985,0.026456,0.009999,0.035275,0.351286,0.237761,0.762239,0.121845,0.11942
9437,30,0.576984,0.026456,0.01,0.035275,0.351285,0.237833,0.762167,0.119531,0.117091
9438,30,0.576473,0.026433,0.010877,0.035243,0.350974,0.237808,0.762192,0.136081,0.136321
9439,24,0.576793,0.026429,0.01062,0.035238,0.35092,0.237698,0.762302,0.108984,0.110804
9440,30,0.577,0.026442,0.010005,0.035257,0.351296,0.237635,0.762365,0.128501,0.129219
9441,30,0.576633,0.026444,0.010001,0.035259,0.351662,0.237753,0.762247,0.113027,0.109179
9442,24,0.576634,0.026444,0.01,0.035259,0.351662,0.237737,0.762263,0.121628,0.121568
9443,30,0.576646,0.026422,0.009992,0.03523,0.35171,0.237688,0.762312,0.104624,0.104757
9444,24,0.576597,0.026425,0.010001,0.035233,0.351743,0.237826,0.762174,0.123346,0.118634
9445,30,0.576579,0.026404,0.010351,0.035205,0.351462,0.23781,0.76219,0.124277,0.123594
9446,24,0.576781,0.026413,0.010004,0.035217,0.351585,0.237794,0.762206,0.1216,0.121543
9447,30,0.576449,0.026402,0.010506,0.035203,0.35144,0.237803,0.762197,0.128197,0.127614
9448,30,0.576744,0.026394,0.009997,0.035192,0.351673,0.237655,0.762345,0.103746,0.10648
9449,24,0.576742,0.026394,0.01,0.035192,0.351672,0.237639,0.762361,0.121587,0.12153
9450,30,0.576658,0.026387,0.009997,0.035183,0.351774,0.237759,0.762241,0.114844,0.110889
9451,30,0.576461,0.026378,0.009997,0.035171,0.351993,0.237654,0.762346,0.127456,0.129538
9452,30,0.576175,0.026384,0.010002,0.035179,0.35226,0.23771,0.76229,0.125251,0.123445
9453,24,0.575963,0.026384,0.01,0.035178,0.352475,0.237696,0.762304,0.121518,0.121374
9454,30,0.57586,0.026378,0.009998,0.035171,0.352593,0.237699,0.762301,0.122495,0.122046
9455,30,0.575917,0.026363,0.009994,0.03515,0.352576,0.237563,0.762437,0.122217,0.124798
9456,30,0.575873,0.026365,0.010001,0.035153,0.352608,0.237541,0.762459,0.121592,0.121363
9457,24,0.575932,0.026361,0.009999,0.035149,0.352559,0.237656,0.762344,0.111264,0.107356
9458,30,0.575891,0.026364,0.010001,0.035152,0.352593,0.237634,0.762366,0.121592,0.12136
9459,24,0.575766,0.026358,0.009998,0.035144,0.352734,0.237583,0.762417,0.12633,0.12708
9460,30,0.57564,0.026345,0.009995,0.035126,0.352894,0.237505,0.762495,0.11399,0.115402
9461,30,0.575745,0.026338,0.009997,0.035117,0.352802,0.237395,0.762605,0.111393,0.113102
9462,30,0.575884,0.026329,0.009997,0.035105,0.352685,0.237259,0.762741,0.112858,0.114431
9463,30,0.576098,0.026316,0.009995,0.035087,0.352504,0.23717,0.76283,0.105111,0.105691
9464,30,0.576263,0.026305,0.009996,0.035073,0.352362,0.237111,0.762889,0.115382,0.116045
9465,24,0.576217,0.026308,0.010001,0.035077,0.352397,0.237249,0.762751,0.123344,0.118649
9466,24,0.576219,0.026308,0.01,0.035077,0.352397,0.237351,0.762649,0.114971,0.111529
9467,30,0.576058,0.0263,0.010277,0.035067,0.352298,0.237569,0.762431,0.112819,0.10651
9468,24,0.576005,0.026307,0.010003,0.035076,0.352609,0.237555,0.762445,0.129826,0.129681
9469,30,0.576222,0.026294,0.009995,0.035058,0.35243,0.2376,0.7624,0.098534,0.095995
9470,24,0.575881,0.026288,0.009998,0.03505,0.352784,0.237552,0.762448,0.117941,0.118591
9471,24,0.575792,0.026293,0.010002,0.035057,0.352855,0.237708,0.762292,0.116758,0.112029
9472,30,0.575649,0.026286,0.010248,0.035049,0.352768,0.237748,0.762252,0.136138,0.134417
9473,30,0.575752,0.026295,0.010003,0.035061,0.352889,0.237726,0.762274,0.121592,0.121368
9474,24,0.576139,0.026272,0.009991,0.035029,0.35257,0.237494,0.762506,0.094269,0.098714
9475,30,0.576111,0.02627,0.010039,0.035027,0.352553,0.23753,0.76247,0.126144,0.124931
9476,24,0.576046,0.026277,0.010002,0.035036,0.352639,0.23755,0.76245,0.125083,0.124132
9477,30,0.576264,0.026263,0.009995,0.035018,0.35246,0.237511,0.762489,0.098502,0.097887
9478,30,0.576024,0.026257,0.009998,0.035009,0.352712,0.237547,0.762453,0.106271,0.104537
9479,24,0.576023,0.026257,0.01,0.035009,0.352711,0.237531,0.762469,0.12992,0.129866
9480,30,0.576191,0.026246,0.009996,0.034995,0.352571,0.237437,0.762563,0.11542,0.117024
9481,24,0.576101,0.026252,0.010002,0.035002,0.352643,0.237457,0.762543,0.133391,0.132448
9482,24,0.576362,0.026236,0.009995,0.034981,0.352426,0.237295,0.762705,0.105483,0.107831
9483,24,0.576359,0.026236,0.01,0.034981,0.352425,0.237279,0.762721,0.121612,0.121554
9484,30,0.576437,0.026219,0.009994,0.034958,0.352392,0.237143,0.762857,0.111227,0.113805
9485,30,0.576707,0.026202,0.009993,0.034936,0.352162,0.236984,0.763016,0.097924,0.099875
9486,30,0.57687,0.026191,0.009996,0.034922,0.352021,0.236889,0.763111,0.10872,0.110329
9487,24,0.576992,0.026184,0.009997,0.034911,0.351917,0.236788,0.763212,0.110315,0.111976
9488,30,0.57726,0.026167,0.009994,0.034889,0.351691,0.236743,0.763257,0.102092,0.101799
9489,30,0.577098,0.026159,0.010271,0.034879,0.351592,0.236827,0.763173,0.119466,0.116325
9490,24,0.577128,0.026161,0.010001,0.034881,0.351829,0.236777,0.763223,0.118052,0.118789
9491,30,0.577226,0.026143,0.009993,0.034857,0.351781,0.236666,0.763334,0.110219,0.112094
9492,24,0.577483,0.026127,0.009994,0.034836,0.351561,0.236586,0.763414,0.107185,0.108299
9493,30,0.577282,0.026127,0.01,0.034836,0.351755,0.236783,0.763217,0.127506,0.121633
9494,30,0.577262,0.026128,0.01,0.034837,0.351772,0.236937,0.763063,0.137185,0.13233
9495,30,0.577419,0.026118,0.009996,0.034825,0.351642,0.236813,0.763187,0.102457,0.103698
9496,30,0.577376,0.026121,0.010001,0.034828,0.351674,0.236791,0.763209,0.121594,0.121361
9497,30,0.577493,0.026114,0.009997,0.034818,0.351578,0.23683,0.76317,0.11513,0.11335
9498,24,0.577448,0.026116,0.010001,0.034822,0.351613,0.236916,0.763084,0.13167,0.128623
9499,24,0.577621,0.026106,0.009996,0.034808,0.35147,0.236806,0.763194,0.117335,0.119149
9500,24,0.577532,0.026111,0.010002,0.034815,0.351541,0.236826,0.763174,0.133407,0.132462
9501,30,0.577533,0.026111,0.01,0.034815,0.351541,0.236916,0.763084,0.112885,0.110033
9502,24,0.577534,0.026111,0.01,0.034815,0.35154,0.236966,0.763034,0.123295,0.121637
9503,24,0.577408,0.026105,0.009998,0.034807,0.351682,0.236984,0.763016,0.120118,0.119238
9504,30,0.577398,0.026106,0.01,0.034808,0.351688,0.23702,0.76298,0.125198,0.123873
9505,30,0.577042,0.026096,0.009996,0.034795,0.352071,0.237167,0.762833,0.111892,0.107313
9506,30,0.577051,0.026074,0.009992,0.034766,0.352117,0.23697,0.76303,0.097995,0.101998
9507,24,0.576922,0.026068,0.009998,0.034758,0.352255,0.236986,0.763014,0.119718,0.118863
9508,24,0.576708,0.026068,0.01,0.034757,0.352468,0.236972,0.763028,0.121522,0.121368
9509,24,0.57662,0.026073,0.010002,0.034764,0.35254,0.236992,0.763008,0.133407,0.132458
9510,30,0.576855,0.026048,0.00999,0.034731,0.352376,0.236884,0.763116,0.093392,0.094577
9511,24,0.576636,0.026048,0.01,0.03473,0.352586,0.23687,0.76313,0.12983,0.129684
9512,24,0.576423,0.026047,0.01,0.03473,0.3528,0.236856,0.763144,0.121522,0.121368
9513,24,0.576424,0.026047,0.01,0.034729,0.352799,0.236906,0.763094,0.123295,0.121637
9514,30,0.576681,0.026031,0.009994,0.034708,0.352586,0.236808,0.763192,0.093914,0.09457
9515,24,0.576551,0.026026,0.009998,0.034701,0.352725,0.236757,0.763243,0.126372,0.127112
9516,24,0.576955,0.026001,0.00999,0.034667,0.352386,0.236554,0.763446,0.100002,0.103153
9517,24,0.57695,0.026,0.01,0.034667,0.352383,0.236498,0.763502,0.121572,0.121982
9518,30,0.576802,0.025994,0.010254,0.034658,0.352292,0.2366,0.7634,0.119487,0.116311
9519,30,0.576775,0.026011,0.010007,0.034681,0.352526,0.236649,0.763351,0.138352,0.136278
9520,24,0.576735,0.026014,0.010001,0.034685,0.352565,0.236798,0.763202,0.123361,0.118838
9521,30,0.576736,0.026014,0.01,0.034685,0.352565,0.236754,0.763246,0.119545,0.119852
9522,30,0.576892,0.026004,0.009996,0.034672,0.352435,0.236618,0.763382,0.112431,0.113947
9523,24,0.576638,0.025993,0.009996,0.034657,0.352716,0.236533,0.763467,0.114487,0.116031
9524,24,0.576683,0.025976,0.009994,0.034635,0.352712,0.23639,0.76361,0.105516,0.108106
9525,24,0.576769,0.025971,0.009998,0.034628,0.352635,0.236333,0.763667,0.117316,0.118207
9526,30,0.577206,0.025939,0.010064,0.034585,0.352206,0.236022,0.763978,0.08823,0.094352
9527,24,0.577129,0.025936,0.010196,0.034581,0.352159,0.236005,0.763995,0.129878,0.129835
9528,30,0.577132,0.025936,0.01,0.034581,0.352352,0.236048,0.763952,0.116483,0.114732
9529,30,0.576983,0.025929,0.010254,0.034572,0.352261,0.23615,0.76385,0.119487,0.116316
9530,30,0.576969,0.025925,0.009998,0.034566,0.352542,0.236052,0.763948,0.106899,0.10844
9531,24,0.576629,0.025919,0.009998,0.034558,0.352896,0.236004,0.763996,0.126254,0.126914
9532,24,0.576628,0.025919,0.01,0.034558,0.352896,0.235988,0.764012,0.12992,0.129868
9533,30,0.576587,0.025921,0.010001,0.034561,0.352929,0.2361,0.7639,0.114978,0.111588
9534,24,0.576724,0.025899,0.009992,0.034533,0.352853,0.235986,0.764014,0.103698,0.105594
9535,30,0.576707,0.025899,0.010019,0.034532,0.352843,0.235942,0.764058,0.119498,0.119814
9536,30,0.576522,0.02589,0.009997,0.034521,0.35307,0.235849,0.764151,0.110822,0.112614
9537,30,0.57641,0.025885,0.009998,0.034514,0.353192,0.235892,0.764108,0.116468,0.114719
9538,24,0.576196,0.025885,0.01,0.034513,0.353405,0.235878,0.764122,0.129822,0.129691
9539,24,0.576109,0.02589,0.010002,0.03452,0.353478,0.235899,0.764101,0.125095,0.124153
9540,24,0.57611,0.02589,0.01,0.034521,0.353479,0.235883,0.764117,0.12164,0.121576
9541,24,0.57611,0.02589,0.01,0.034521,0.353479,0.235935,0.764065,0.123641,0.121978
9542,30,0.576112,0.02588,0.009996,0.034506,0.353506,0.2358,0.7642,0.107174,0.109296
9543,24,0.57611,0.02588,0.01,0.034506,0.353505,0.235784,0.764216,0.121628,0.12156
9544,30,0.576,0.025875,0.009998,0.034499,0.353628,0.235699,0.764301,0.126416,0.12767
9545,30,0.575998,0.025875,0.01,0.034499,0.353628,0.235789,0.764211,0.112932,0.110076
9546,24,0.575911,0.02588,0.010002,0.034506,0.3537,0.23581,0.76419,0.133403,0.13246
9547,30,0.575895,0.025879,0.01003,0.034506,0.353691,0.235766,0.764234,0.119498,0.119808
9548,30,0.575385,0.025856,0.010907,0.034475,0.353377,0.235806,0.764194,0.136081,0.134369
9549,24,0.575673,0.025878,0.010264,0.034505,0.35368,0.235827,0.764173,0.125095,0.124146
9550,24,0.575738,0.025891,0.010005,0.034521,0.353847,0.235848,0.764152,0.133403,0.132456
9551,30,0.575597,0.025884,0.010247,0.034512,0.35376,0.235804,0.764196,0.119487,0.1198
9552,30,0.575449,0.025878,0.010501,0.034503,0.353669,0.236035,0.763965,0.119487,0.112866
9553,30,0.575905,0.02588,0.010001,0.034507,0.353706,0.235941,0.764059,0.108767,0.110361
9554,30,0.57602,0.025863,0.010157,0.034484,0.353475,0.235824,0.764176,0.106624,0.108767
9555,30,0.576102,0.025868,0.010002,0.034491,0.353538,0.235861,0.764139,0.125197,0.123876
9556,30,0.576032,0.025847,0.010234,0.034463,0.353425,0.235743,0.764257,0.113724,0.115059
9557,24,0.576147,0.025852,0.010036,0.034469,0.353495,0.235727,0.764273,0.121587,0.121527
9558,30,0.57618,0.025832,0.009992,0.034442,0.353554,0.23553,0.76447,0.097967,0.10194
9559,30,0.575835,0.025834,0.0101,0.034446,0.353785,0.235586,0.764414,0.131857,0.130077
9560,24,0.575892,0.025837,0.010001,0.034449,0.35382,0.23557,0.76443,0.129895,0.129843
9561,24,0.575938,0.025834,0.009999,0.034446,0.353783,0.235686,0.764314,0.121559,0.11782
9562,30,0.575663,0.025822,0.01028,0.034429,0.353806,0.235708,0.764292,0.123038,0.121732
9563,24,0.575824,0.025829,0.010003,0.034439,0.353905,0.235692,0.764308,0.121612,0.121547
9564,24,0.575826,0.025829,0.01,0.034439,0.353906,0.235744,0.764256,0.12367,0.121998
9565,24,0.5757,0.025824,0.009998,0.034432,0.354047,0.235693,0.764307,0.126356,0.127094
9566,30,0.57558,0.025819,0.009998,0.034426,0.354177,0.235742,0.764258,0.115436,0.113366
9567,24,0.575455,0.025813,0.009998,0.034418,0.354316,0.235758,0.764242,0.119709,0.118861
9568,30,0.575314,0.025807,0.01024,0.03441,0.354229,0.235745,0.764255,0.119487,0.119436
9569,30,0.575174,0.025801,0.010482,0.034401,0.354143,0.235701,0.764299,0.119487,0.1198
9570,24,0.575484,0.025809,0.010048,0.034411,0.354249,0.235817,0.764183,0.111264,0.107379
9571,24,0.575774,0.025794,0.009994,0.034392,0.354046,0.235737,0.764263,0.10722,0.108319
9572,30,0.575959,0.025782,0.009996,0.034376,0.353887,0.235631,0.764369,0.114348,0.116214
9573,24,0.575956,0.025782,0.01,0.034376,0.353886,0.235615,0.764385,0.121657,0.12158
9574,24,0.576129,0.025772,0.009996,0.034362,0.353741,0.235499,0.764501,0.10899,0.110129
9575,24,0.5763,0.025761,0.009996,0.034348,0.353595,0.23539,0.76461,0.109001,0.110792
9576,24,0.576254,0.025763,0.010001,0.034351,0.35363,0.235539,0.764461,0.123359,0.118858
9577,30,0.576394,0.025755,0.009997,0.03434,0.353514,0.235405,0.764595,0.112901,0.114434
9578,30,0.57587,0.025732,0.010897,0.034309,0.353193,0.23545,0.76455,0.129412,0.127212
9579,24,0.576387,0.025755,0.010009,0.03434,0.35351,0.235503,0.764497,0.123747,0.12207
9580,30,0.576365,0.025736,0.009993,0.034315,0.353592,0.235312,0.764688,0.098977,0.102838
9581,24,0.576419,0.025732,0.009999,0.03431,0.353541,0.235261,0.764739,0.119569,0.119629
9582,24,0.576418,0.025732,0.01,0.03431,0.35354,0.235206,0.764794,0.121572,0.121974
9583,30,0.576575,0.025723,0.009996,0.034297,0.35341,0.235083,0.764917,0.102452,0.103682
9584,24,0.576572,0.025723,0.01,0.034297,0.353408,0.23518,0.76482,0.115333,0.112159
9585,24,0.576485,0.025728,0.010002,0.034304,0.353481,0.23517,0.76483,0.125084,0.12431
9586,30,0.576588,0.025722,0.009998,0.034296,0.353397,0.235192,0.764808,0.096828,0.094612
9587,30,0.576477,0.025717,0.009998,0.034289,0.353519,0.235119,0.764881,0.116436,0.117412
9588,30,0.576604,0.025709,0.009997,0.034279,0.353412,0.235031,0.764969,0.109765,0.111236
9589,24,0.576737,0.025687,0.009992,0.03425,0.353334,0.234917,0.765083,0.103626,0.10551
9590,30,0.576872,0.025679,0.009997,0.034238,0.353215,0.234886,0.765114,0.102934,0.102702
9591,30,0.577025,0.025669,0.009996,0.034226,0.353084,0.234845,0.765155,0.102347,0.101707
9592,30,0.577231,0.025656,0.009995,0.034209,0.352909,0.234778,0.765222,0.113282,0.114264
9593,24,0.577488,0.025641,0.009994,0.034188,0.352691,0.23474,0.76526,0.105479,0.104978
9594,30,0.577519,0.025638,0.009999,0.034184,0.352659,0.234722,0.765278,0.11555,0.115257
9595,24,0.577656,0.025629,0.01001,0.034172,0.352533,0.234793,0.765207,0.107746,0.105043
9596,30,0.577621,0.025632,0.010001,0.034176,0.35257,0.234772,0.765228,0.121614,0.121382
9597,30,0.577371,0.025629,0.010295,0.034172,0.352532,0.23488,0.76512,0.131064,0.127683
9598,24,0.577472,0.025634,0.010122,0.034178,0.352594,0.234932,0.765068,0.123641,0.121984
9599,24,0.577802,0.025621,0.009995,0.034161,0.352421,0.234923,0.765077,0.099261,0.097991
9600,24,0.5778,0.025621,0.01,0.034161,0.352418,0.234973,0.765027,0.123283,0.121639
9601,30,0.577311,0.025599,0.010498,0.034132,0.35246,0.234879,0.765121,0.117439,0.119229
9602,30,0.57787,0.025583,0.010207,0.03411,0.352231,0.234585,0.765415,0.084934,0.090833
9603,30,0.577832,0.025583,0.010047,0.034111,0.352428,0.23479,0.76521,0.117442,0.111513
9604,24,0.577858,0.025584,0.01,0.034112,0.352445,0.234774,0.765226,0.121587,0.12153
9605,30,0.578057,0.025572,0.009995,0.034096,0.352279,0.234708,0.765292,0.112396,0.113249
9606,30,0.577685,0.025574,0.010001,0.034098,0.352642,0.234702,0.765298,0.136307,0.135941
9607,24,0.577395,0.02557,0.010133,0.034093,0.352809,0.234688,0.765312,0.129777,0.129648
9608,30,0.577275,0.025565,0.009998,0.034086,0.353076,0.234681,0.765319,0.110853,0.109979
9609,24,0.577225,0.025563,0.010083,0.034083,0.353046,0.234664,0.765336,0.129866,0.129822
9610,30,0.577358,0.02556,0.009999,0.034079,0.353004,0.234541,0.765459,0.113801,0.115052
9611,30,0.577074,0.025565,0.010002,0.034087,0.353272,0.234706,0.765294,0.118609,0.113823
9612,30,0.577293,0.025552,0.009995,0.034069,0.353091,0.234562,0.765438,0.099004,0.100584
9613,24,0.577077,0.025552,0.01,0.034069,0.353303,0.234549,0.765451,0.121518,0.121366
9614,30,0.577217,0.025543,0.009997,0.034057,0.353186,0.234426,0.765574,0.102863,0.104133
9615,30,0.577622,0.025518,0.00999,0.034025,0.352845,0.234178,0.765822,0.091223,0.09602
9616,30,0.577295,0.025482,0.010901,0.033976,0.352345,0.234187,0.765813,0.123186,0.121871
9617,24,0.578043,0.025488,0.010058,0.033984,0.352427,0.234179,0.765821,0.099271,0.098001
9618,24,0.578199,0.025482,0.009998,0.033976,0.352345,0.234077,0.765923,0.1102,0.111857
9619,24,0.578244,0.025466,0.009994,0.033955,0.352341,0.233934,0.766066,0.105487,0.108046
9620,30,0.57824,0.025466,0.01,0.033955,0.352339,0.233891,0.766109,0.119556,0.119849
9621,24,0.578154,0.025471,0.010002,0.033962,0.352411,0.233912,0.766088,0.125091,0.124145
9622,30,0.577761,0.025454,0.010675,0.033939,0.352172,0.233857,0.766143,0.129423,0.130004
9623,30,0.577733,0.025453,0.010723,0.033937,0.352155,0.233893,0.766107,0.126143,0.12494
9624,24,0.578024,0.025466,0.010005,0.033954,0.352551,0.233843,0.766157,0.118087,0.118805
9625,30,0.577877,0.025463,0.009999,0.033951,0.35271,0.233926,0.766074,0.111854,0.109168
9626,30,0.577531,0.025466,0.010107,0.033955,0.35294,0.233982,0.766018,0.131875,0.130097
9627,24,0.57738,0.025469,0.010001,0.033958,0.353192,0.233969,0.766031,0.121518,0.121361
9628,30,0.577235,0.025477,0.010003,0.03397,0.353314,0.23429,0.76571,0.121212,0.112377
9629,24,0.577238,0.025477,0.01,0.03397,0.353315,0.234341,0.765659,0.123295,0.121649
9630,24,0.577238,0.025477,0.01,0.03397,0.353315,0.234325,0.765675,0.121628,0.121558
9631,24,0.577238,0.025477,0.01,0.03397,0.353315,0.234378,0.765622,0.123724,0.122044
9632,30,0.577001,0.025471,0.009998,0.033962,0.353568,0.234307,0.765693,0.112881,0.114116
9633,30,0.576896,0.025466,0.009998,0.033954,0.353685,0.234346,0.765654,0.115888,0.114222
9634,30,0.577329,0.02544,0.00999,0.03392,0.353322,0.234095,0.765905,0.090522,0.095354
9635,24,0.577533,0.025427,0.009995,0.033902,0.353143,0.23425,0.76575,0.09847,0.093462
9636,24,0.57753,0.025427,0.01,0.033902,0.353141,0.234303,0.765697,0.123712,0.122045
9637,30,0.577995,0.025399,0.009989,0.033865,0.352753,0.234172,0.765828,0.082137,0.083942
9638,30,0.578261,0.025382,0.009993,0.033843,0.352521,0.234075,0.765925,0.093423,0.09404
9639,30,0.578061,0.025373,0.009997,0.033831,0.352738,0.234031,0.765969,0.117507,0.118127
9640,30,0.577549,0.025351,0.010874,0.033801,0.352426,0.234007,0.765993,0.136081,0.136307
9641,30,0.577704,0.025364,0.010507,0.033818,0.352607,0.234287,0.765713,0.123428,0.115621
9642,24,0.577997,0.025377,0.010005,0.033835,0.352785,0.23434,0.76566,0.123747,0.122076
9643,30,0.57785,0.025374,0.009999,0.033832,0.352945,0.23432,0.76568,0.118464,0.118547
9644,24,0.577849,0.025374,0.01,0.033832,0.352944,0.234373,0.765627,0.123695,0.122024
9645,30,0.57784,0.025375,0.01,0.033833,0.352952,0.234452,0.765548,0.118572,0.115826
9646,24,0.5781,0.025359,0.009994,0.033812,0.352734,0.23445,0.76555,0.098883,0.097353
9647,30,0.578097,0.025359,0.01,0.033812,0.352732,0.234523,0.765477,0.119542,0.11712
9648,24,0.578243,0.02535,0.009997,0.0338,0.35261,0.234585,0.765415,0.10945,0.106842
9649,24,0.578028,0.02535,0.01,0.0338,0.352823,0.234571,0.765429,0.129834,0.129683
9650,30,0.577866,0.025339,0.009996,0.033785,0.353014,0.234473,0.765527,0.106871,0.108397
9651,24,0.57782,0.025342,0.010001,0.033789,0.353049,0.234613,0.765387,0.123335,0.11867
9652,30,0.577988,0.025303,0.010459,0.033738,0.352513,0.234345,0.765655,0.099126,0.104019
9653,24,0.578166,0.02532,0.010007,0.03376,0.352747,0.234366,0.765634,0.133411,0.132473
9654,24,0.578429,0.025305,0.009994,0.033739,0.352533,0.234328,0.765672,0.105506,0.104986
9655,30,0.578021,0.025287,0.010692,0.033716,0.352285,0.234284,0.765716,0.119443,0.119758
9656,30,0.577872,0.02528,0.010946,0.033707,0.352194,0.234271,0.765729,0.119486,0.119436
9657,24,0.578296,0.025284,0.01025,0.033712,0.352459,0.234306,0.765694,0.105873,0.103839
9658,30,0.578654,0.025277,0.009997,0.033703,0.352369,0.234235,0.765765,0.112728,0.113784
9659,30,0.57812,0.025254,0.010911,0.033672,0.352044,0.234222,0.765778,0.126101,0.126061
9660,30,0.578005,0.025267,0.010624,0.033689,0.352415,0.234254,0.765746,0.125255,0.123609
9661,30,0.57772,0.025251,0.011168,0.033668,0.352193,0.234221,0.765779,0.123911,0.1243
9662,30,0.578136,0.025273,0.010389,0.033698,0.352505,0.2342,0.7658,0.121617,0.121383
9663,30,0.578104,0.025287,0.010005,0.033716,0.352888,0.23431,0.76569,0.134729,0.130923
9664,30,0.577851,0.025291,0.010002,0.033721,0.353135,0.234593,0.765407,0.118098,0.110246
9665,24,0.578113,0.025275,0.009994,0.0337,0.352918,0.234514,0.765486,0.107261,0.108336
9666,30,0.578109,0.025275,0.01,0.0337,0.352916,0.234471,0.765529,0.119556,0.119846
9667,30,0.578307,0.025263,0.009995,0.033684,0.35275,0.234405,0.765595,0.11237,0.113214
9668,30,0.577773,0.02524,0.010909,0.033653,0.352425,0.234392,0.765608,0.126101,0.126061
9669,30,0.577538,0.025248,0.011019,0.033664,0.352531,0.234478,0.765522,0.134994,0.132534
9670,24,0.577982,0.025267,0.010041,0.033689,0.353021,0.234428,0.765572,0.118067,0.118792
9671,24,0.57788,0.025263,0.009998,0.033683,0.353176,0.234378,0.765622,0.118076,0.118795
9672,30,0.57821,0.025243,0.009992,0.033657,0.352898,0.234258,0.765742,0.096756,0.098043
9673,24,0.57856,0.025221,0.009992,0.033628,0.352599,0.234213,0.765787,0.094998,0.094552
9674,30,0.578589,0.025219,0.009999,0.033625,0.352568,0.234196,0.765804,0.115546,0.11524
9675,24,0.578677,0.025214,0.009998,0.033618,0.352493,0.234139,0.765861,0.125599,0.126487
9676,24,0.578551,0.025208,0.009998,0.033611,0.352633,0.234155,0.765845,0.119718,0.118879
9677,30,0.578402,0.025202,0.010252,0.033602,0.352542,0.234257,0.765743,0.119487,0.116335
9678,30,0.578548,0.025208,0.010003,0.033611,0.352631,0.234203,0.765797,0.129536,0.130103
9679,24,0.578337,0.025208,0.01,0.03361,0.352845,0.23419,0.76581,0.121514,0.121368
9680,30,0.578601,0.025192,0.009994,0.033589,0.352624,0.234097,0.765903,0.093585,0.094097
9681,30,0.578589,0.025192,0.01,0.03359,0.352629,0.234134,0.765866,0.125199,0.123887
9682,24,0.578761,0.025182,0.009996,0.033576,0.352485,0.234025,0.765975,0.108991,0.110767
9683,30,0.578389,0.025184,0.010001,0.033578,0.352849,0.234,0.766,0.129647,0.129235
9684,24,0.578389,0.025184,0.01,0.033578,0.352849,0.234053,0.765947,0.123708,0.122037
9685,24,0.578512,0.025176,0.009997,0.033568,0.352746,0.233953,0.766047,0.110331,0.111963
9686,30,0.578431,0.025175,0.010102,0.033567,0.352726,0.234108,0.765892,0.137157,0.132353
9687,30,0.578101,0.025169,0.010358,0.033558,0.352814,0.23417,0.76583,0.138182,0.135986
9688,24,0.578366,0.025174,0.010002,0.033566,0.352892,0.234119,0.765881,0.119567,0.119612
9689,24,0.578243,0.025169,0.009998,0.033558,0.353033,0.234135,0.765865,0.119713,0.118875
9690,30,0.57805,0.025162,0.010102,0.03355,0.353135,0.234194,0.765806,0.117425,0.114972
9691,24,0.577983,0.02516,0.009999,0.033546,0.353312,0.234144,0.765856,0.118059,0.118786
9692,24,0.577821,0.025135,0.010566,0.033513,0.352965,0.234034,0.765966,0.117242,0.119039
9693,24,0.577772,0.025133,0.010651,0.03351,0.352934,0.234018,0.765982,0.129865,0.129812
9694,24,0.578148,0.025149,0.010007,0.033532,0.353164,0.234002,0.765998,0.129952,0.129882
9695,30,0.578127,0.025148,0.010042,0.033531,0.353151,0.234038,0.765962,0.126144,0.124944
9696,24,0.578152,0.025149,0.01,0.033532,0.353166,0.234023,0.765977,0.12164,0.121564
9697,30,0.578152,0.025149,0.01,0.033532,0.353167,0.234096,0.765904,0.119531,0.117117
9698,30,0.578136,0.025148,0.010028,0.033531,0.353157,0.234052,0.765948,0.119498,0.119805
9699,24,0.578026,0.025144,0.009998,0.033525,0.353308,0.234002,0.765998,0.118031,0.118762
9700,30,0.577828,0.025135,0.009997,0.033513,0.353527,0.233999,0.766001,0.110862,0.110087
9701,30,0.577316,0.025113,0.010874,0.033484,0.353214,0.233975,0.766025,0.136081,0.136307
9702,30,0.577536,0.025122,0.010509,0.033496,0.353338,0.234008,0.765992,0.125609,0.124482
9703,24,0.577964,0.025114,0.009997,0.033485,0.353441,0.233894,0.766106,0.103581,0.105462
9704,30,0.578063,0.025107,0.009998,0.033477,0.353355,0.233783,0.766217,0.103391,0.104311
9705,24,0.578018,0.02511,0.010001,0.03348,0.353391,0.233933,0.766067,0.123363,0.118876
9706,24,0.578367,0.025089,0.009992,0.033452,0.3531,0.233812,0.766188,0.102776,0.104819
9707,30,0.578569,0.025077,0.009995,0.033436,0.352923,0.233781,0.766219,0.113333,0.113346
9708,30,0.578462,0.025071,0.009998,0.033429,0.35304,0.233784,0.766216,0.12249,0.122039
9709,24,0.578461,0.025071,0.01,0.033428,0.353039,0.233769,0.766231,0.12164,0.121564
9710,24,0.578471,0.025054,0.010055,0.033405,0.353014,0.233625,0.766375,0.113699,0.11628
9711,24,0.578548,0.025053,0.009999,0.033404,0.352996,0.233742,0.766258,0.121543,0.117836
9712,24,0.578549,0.025053,0.01,0.033404,0.352995,0.233793,0.766207,0.123283,0.121645
9713,24,0.578695,0.025044,0.009997,0.033392,0.352873,0.233856,0.766144,0.10945,0.106849
9714,24,0.578441,0.025033,0.009996,0.033377,0.353153,0.233838,0.766162,0.116132,0.116078
9715,30,0.578339,0.025033,0.010103,0.033377,0.353149,0.233817,0.766183,0.12157,0.121339
9716,30,0.578344,0.025033,0.010094,0.033377,0.353152,0.233762,0.766238,0.129478,0.130046
9717,24,0.578399,0.025035,0.010001,0.03338,0.353185,0.233859,0.766141,0.115333,0.112172
9718,24,0.578399,0.025035,0.01,0.03338,0.353185,0.233844,0.766156,0.12164,0.121564
9719,30,0.578434,0.025033,0.009999,0.033378,0.353156,0.233826,0.766174,0.115492,0.115203
9720,24,0.578068,0.025017,0.010626,0.033357,0.352933,0.233771,0.766229,0.12153,0.121928
9721,24,0.578334,0.025029,0.01017,0.033372,0.353096,0.233824,0.766176,0.123668,0.122008
9722,24,0.578345,0.025038,0.010004,0.033384,0.353228,0.233845,0.766155,0.133399,0.132462
9723,30,0.578329,0.025038,0.010031,0.033384,0.353218,0.233802,0.766198,0.119498,0.1198
9724,24,0.578348,0.025038,0.01,0.033384,0.353228,0.233906,0.766094,0.114971,0.111558
9725,24,0.578559,0.025026,0.009995,0.033368,0.353052,0.233834,0.766166,0.108445,0.1094
9726,24,0.578509,0.025024,0.01008,0.033365,0.353022,0.233779,0.766221,0.121558,0.121951
9727,24,0.578556,0.025026,0.010001,0.033368,0.35305,0.233764,0.766236,0.12164,0.121564
9728,30,0.578575,0.025025,0.01,0.033366,0.353035,0.233942,0.766058,0.118054,0.11259
9729,24,0.578834,0.025009,0.009994,0.033346,0.352817,0.233862,0.766138,0.107136,0.108233
9730,30,0.578634,0.025001,0.009997,0.033334,0.353035,0.233732,0.766268,0.120833,0.123035
9731,30,0.578642,0.02498,0.009992,0.033306,0.353081,0.233535,0.766465,0.104595,0.108538
9732,24,0.578512,0.024974,0.009998,0.033299,0.353218,0.233551,0.766449,0.119713,0.118878
9733,30,0.578179,0.024964,0.0105,0.033285,0.353073,0.23356,0.76644,0.128197,0.127615
9734,24,0.57864,0.024966,0.010001,0.033288,0.353105,0.233613,0.766387,0.100738,0.097933
9735,30,0.578814,0.024956,0.009996,0.033274,0.35296,0.233548,0.766452,0.113761,0.114698
9736,30,0.578772,0.024958,0.010001,0.033277,0.352992,0.233516,0.766484,0.131611,0.131635
9737,30,0.578772,0.024958,0.01,0.033277,0.352992,0.233461,0.766539,0.129478,0.13005
9738,30,0.578902,0.024948,0.010039,0.033264,0.352847,0.23333,0.76667,0.118915,0.120953
9739,24,0.578971,0.024933,0.009994,0.033244,0.352858,0.233187,0.766813,0.105473,0.108025
9740,24,0.578967,0.024933,0.01,0.033244,0.352856,0.23324,0.76676,0.123712,0.122044
9741,30,0.579063,0.024916,0.009993,0.033221,0.352806,0.233094,0.766906,0.110196,0.112981
9742,24,0.578934,0.02491,0.009998,0.033214,0.352944,0.23311,0.76689,0.119713,0.118868
9743,30,0.578677,0.024914,0.010002,0.033219,0.353189,0.233284,0.766716,0.124751,0.119904
9744,30,0.578308,0.024916,0.010001,0.033221,0.353554,0.233289,0.766711,0.119674,0.119043
9745,30,0.578616,0.024898,0.009993,0.033197,0.353296,0.23308,0.76692,0.090547,0.094139
9746,24,0.578525,0.024903,0.010002,0.033204,0.353367,0.233101,0.766899,0.125091,0.124148
9747,24,0.57844,0.024908,0.010002,0.03321,0.35344,0.233092,0.766908,0.125088,0.124312
9748,24,0.578276,0.02491,0.010137,0.033213,0.353465,0.233113,0.766887,0.133358,0.132432
9749,30,0.578361,0.024913,0.010001,0.033217,0.353508,0.233182,0.766818,0.118997,0.11666
9750,30,0.578086,0.024889,0.010668,0.033185,0.353172,0.233066,0.766934,0.126131,0.128405
9751,30,0.578569,0.024889,0.01,0.033185,0.353358,0.23297,0.76703,0.110214,0.111851
9752,24,0.578827,0.024873,0.009994,0.033164,0.353142,0.232933,0.767067,0.105465,0.104952
9753,30,0.578568,0.024862,0.010096,0.03315,0.353324,0.232926,0.767074,0.110805,0.109943
9754,24,0.578411,0.024864,0.010001,0.033152,0.353572,0.232913,0.767087,0.12983,0.129689
9755,24,0.578411,0.024864,0.01,0.033152,0.353572,0.232897,0.767103,0.129907,0.129855
9756,30,0.578598,0.024853,0.009996,0.033138,0.353415,0.233009,0.766991,0.107698,0.103973
9757,30,0.578064,0.02483,0.010909,0.033107,0.353089,0.232996,0.767004,0.126101,0.126061
9758,24,0.578801,0.024841,0.010004,0.033121,0.353234,0.232925,0.767075,0.108439,0.109381
9759,30,0.579183,0.024818,0.009991,0.033091,0.352917,0.232799,0.767201,0.089114,0.090274
9760,30,0.579185,0.024818,0.01,0.03309,0.352908,0.232832,0.767168,0.12561,0.124486
9761,30,0.579383,0.024806,0.009995,0.033075,0.352742,0.232765,0.767235,0.112299,0.113158
9762,30,0.579406,0.024804,0.009999,0.033072,0.352718,0.232652,0.767348,0.116262,0.117452
9763,24,0.579407,0.024804,0.01,0.033072,0.352717,0.232756,0.767244,0.114957,0.111553
9764,30,0.579216,0.024795,0.009996,0.03306,0.352931,0.23275,0.76725,0.110308,0.109613
9765,30,0.579369,0.024786,0.009996,0.033048,0.3528,0.232632,0.767368,0.102365,0.104095
9766,30,0.579328,0.024784,0.010067,0.033046,0.352775,0.232806,0.767194,0.119476,0.114319
9767,30,0.579367,0.024786,0.010001,0.033048,0.352799,0.232879,0.767121,0.119531,0.117126
9768,30,0.57909,0.024767,0.010592,0.033023,0.352528,0.232822,0.767178,0.132631,0.133606
9769,30,0.578577,0.024745,0.011468,0.032993,0.352216,0.232798,0.767202,0.136079,0.136293
9770,30,0.57865,0.02475,0.01131,0.033,0.352289,0.232889,0.767111,0.137185,0.134311
9771,30,0.579301,0.024759,0.010512,0.033012,0.352416,0.233001,0.766999,0.107731,0.103992
9772,30,0.579232,0.02475,0.010392,0.033,0.352626,0.233011,0.766989,0.112959,0.111733
9773,24,0.579391,0.024751,0.01,0.033001,0.352857,0.232933,0.767067,0.115987,0.116589
9774,30,0.57941,0.02475,0.01,0.033,0.352841,0.233111,0.766889,0.118043,0.112602
9775,24,0.57941,0.02475,0.01,0.033,0.35284,0.233162,0.766838,0.123282,0.121648
9776,30,0.579173,0.024744,0.009998,0.032992,0.353094,0.233091,0.766909,0.112887,0.114112
9777,24,0.57926,0.024738,0.009998,0.032985,0.353019,0.233156,0.766844,0.111007,0.108511
9778,24,0.579517,0.024723,0.009994,0.032964,0.352802,0.233163,0.766837,0.097156,0.095537
9779,30,0.579679,0.024713,0.009996,0.032951,0.35266,0.233057,0.766943,0.125298,0.127144
9780,24,0.579679,0.024713,0.01,0.032951,0.352657,0.233038,0.766962,0.120834,0.120819
9781,30,0.579263,0.024695,0.01071,0.032927,0.352404,0.232994,0.767006,0.119443,0.119759
9782,24,0.579582,0.024718,0.01002,0.032957,0.352723,0.233015,0.766985,0.125098,0.124154
9783,30,0.579594,0.024718,0.01,0.032958,0.35273,0.233003,0.766997,0.119545,0.119481
9784,30,0.579594,0.024718,0.01,0.032958,0.35273,0.232991,0.767009,0.119545,0.119481
9785,30,0.57963,0.024706,0.009995,0.032941,0.352728,0.232847,0.767153,0.100031,0.102421
9786,24,0.579629,0.024706,0.01,0.032941,0.352725,0.232898,0.767102,0.123295,0.121668
9787,30,0.579635,0.024705,0.01,0.03294,0.352719,0.232931,0.767069,0.12561,0.12449
9788,24,0.57968,0.02469,0.009994,0.03292,0.352717,0.232789,0.767211,0.105499,0.108042
9789,24,0.579677,0.02469,0.01,0.032919,0.352714,0.232841,0.767159,0.123641,0.121994
9790,24,0.579651,0.024678,0.009995,0.032904,0.352771,0.232899,0.767101,0.114241,0.111431
9791,24,0.579562,0.024683,0.010002,0.032911,0.352842,0.23292,0.76708,0.125107,0.124163
9792,24,0.579438,0.024678,0.009998,0.032904,0.352983,0.232936,0.767064,0.119713,0.118876
9793,30,0.579437,0.024678,0.01,0.032904,0.352982,0.233027,0.766973,0.112885,0.11007
9794,30,0.579472,0.024668,0.010135,0.03289,0.352836,0.23294,0.76706,0.125056,0.126276
9795,30,0.579439,0.024666,0.009999,0.032888,0.353007,0.232856,0.767144,0.126405,0.127638
9796,30,0.579439,0.024666,0.01,0.032888,0.353007,0.23293,0.76707,0.119599,0.117189
9797,30,0.579288,0.024664,0.009999,0.032885,0.353164,0.232869,0.767131,0.12848,0.129171
9798,24,0.579244,0.024666,0.010001,0.032888,0.3532,0.233019,0.766981,0.123365,0.118899
9799,24,0.579201,0.024669,0.010001,0.032892,0.353237,0.233106,0.766894,0.131662,0.128655
9800,30,0.579368,0.024659,0.009996,0.032879,0.353098,0.233012,0.766988,0.108711,0.110278
9801,30,0.579421,0.024645,0.009994,0.032859,0.353081,0.232888,0.767112,0.112237,0.114487
9802,30,0.579412,0.024645,0.01,0.03286,0.353083,0.232877,0.767123,0.116497,0.116099
9803,24,0.579413,0.024645,0.01,0.03286,0.353082,0.232928,0.767072,0.123295,0.121668
9804,30,0.57942,0.024644,0.01,0.032859,0.353077,0.232997,0.767003,0.119007,0.11668
9805,30,0.579419,0.024634,0.009996,0.032846,0.353105,0.232863,0.767137,0.107125,0.109204
9806,24,0.579418,0.024634,0.01,0.032845,0.353103,0.232914,0.767086,0.123282,0.121656
9807,30,0.579388,0.024633,0.010051,0.032844,0.353085,0.232871,0.767129,0.119477,0.119786
9808,30,0.579631,0.024622,0.009995,0.032829,0.352924,0.2328,0.7672,0.112696,0.113746
9809,30,0.579608,0.024623,0.01,0.03283,0.352939,0.23293,0.76707,0.12056,0.116775
9810,30,0.579641,0.024611,0.010157,0.032815,0.352776,0.232842,0.767158,0.116329,0.117809
9811,30,0.579581,0.024613,0.010001,0.032817,0.352989,0.232792,0.767208,0.118497,0.11894
9812,24,0.57933,0.024602,0.009996,0.032803,0.35327,0.232774,0.767226,0.116132,0.116075
9813,24,0.579537,0.02459,0.009995,0.032786,0.353092,0.232702,0.767298,0.108419,0.109371
9814,24,0.579534,0.024589,0.01,0.032786,0.35309,0.232686,0.767314,0.121587,0.121522
9815,24,0.579534,0.024589,0.01,0.032786,0.35309,0.232632,0.767368,0.121572,0.121955
9816,24,0.579188,0.02456,0.010835,0.032747,0.35267,0.232536,0.767464,0.116002,0.117202
9817,30,0.579371,0.024552,0.010782,0.032736,0.352559,0.232496,0.767504,0.102254,0.10162
9818,24,0.57969,0.024575,0.010091,0.032766,0.352878,0.232517,0.767483,0.133407,0.132465
9819,24,0.579743,0.024577,0.010001,0.032769,0.35291,0.232502,0.767498,0.129949,0.129878
9820,30,0.579546,0.024569,0.009997,0.032758,0.353131,0.232526,0.767474,0.110822,0.109432
9821,30,0.579487,0.024572,0.010001,0.032762,0.353177,0.232689,0.767311,0.117324,0.11254
9822,30,0.57961,0.024565,0.009997,0.032753,0.353075,0.232726,0.767274,0.114585,0.112896
9823,30,0.579461,0.024558,0.010251,0.032744,0.352985,0.232958,0.767042,0.119487,0.112937
9824,24,0.579608,0.024564,0.010002,0.032753,0.353072,0.233009,0.766991,0.123282,0.121656
9825,30,0.579123,0.024523,0.011178,0.032698,0.352479,0.23288,0.76712,0.123136,0.125539
9826,30,0.57873,0.024506,0.011849,0.032675,0.352239,0.232825,0.767175,0.129409,0.129995
9827,30,0.579529,0.024518,0.010864,0.03269,0.3524,0.232858,0.767142,0.111929,0.110025
9828,24,0.579645,0.024523,0.010665,0.032697,0.352471,0.232804,0.767196,0.12157,0.12196
9829,30,0.579921,0.024526,0.010339,0.032701,0.352514,0.232757,0.767243,0.112325,0.112703
9830,30,0.580324,0.024522,0.009998,0.032696,0.35246,0.232691,0.767309,0.113327,0.114277
9831,30,0.580329,0.024521,0.01,0.032695,0.352454,0.232789,0.767211,0.12561,0.122566
9832,24,0.580116,0.024521,0.01,0.032695,0.352668,0.232776,0.767224,0.129839,0.129687
9833,30,0.580116,0.024521,0.01,0.032695,0.352668,0.232867,0.767133,0.112874,0.110063
9834,30,0.580302,0.02451,0.009996,0.03268,0.352512,0.232893,0.767107,0.114326,0.112709
9835,24,0.580173,0.024505,0.009998,0.032673,0.352652,0.232912,0.767088,0.120164,0.11929
9836,24,0.580085,0.02451,0.010002,0.03268,0.352723,0.232933,0.767067,0.133415,0.132484
9837,30,0.580102,0.024498,0.009995,0.032664,0.352741,0.232816,0.767184,0.106627,0.108764
9838,30,0.579988,0.024493,0.009998,0.032657,0.352863,0.232744,0.767256,0.116425,0.117392
9839,24,0.579817,0.02449,0.009999,0.032654,0.35304,0.232849,0.767151,0.119772,0.116435
9840,30,0.579823,0.02449,0.01,0.032653,0.353034,0.232918,0.767082,0.119007,0.116684
9841,30,0.579807,0.024489,0.010027,0.032652,0.353024,0.232875,0.767125,0.119498,0.119803
9842,24,0.579823,0.02449,0.01,0.032653,0.353034,0.232928,0.767072,0.123695,0.122038
9843,30,0.580094,0.024474,0.009994,0.032632,0.352807,0.23277,0.76723,0.10006,0.102738
9844,30,0.58009,0.024474,0.01,0.032632,0.352804,0.232844,0.767156,0.119599,0.117181
9845,30,0.580074,0.024473,0.010027,0.032631,0.352794,0.232801,0.767199,0.119498,0.119801
9846,30,0.57991,0.024474,0.01,0.032632,0.352983,0.232925,0.767075,0.121595,0.117962
9847,24,0.580046,0.024465,0.010011,0.03262,0.352857,0.232996,0.767004,0.107735,0.105051
9848,30,0.579696,0.024444,0.010726,0.032591,0.352542,0.233079,0.766921,0.122632,0.11993
9849,30,0.580548,0.024431,0.010078,0.032575,0.352368,0.232944,0.767056,0.081582,0.083471
9850,30,0.580421,0.024443,0.010005,0.032591,0.35254,0.23314,0.76686,0.121746,0.116317
9851,24,0.580338,0.024448,0.010002,0.032598,0.352614,0.233161,0.766839,0.125107,0.124159
9852,24,0.580331,0.024431,0.010302,0.032575,0.352362,0.233052,0.766948,0.117254,0.119038
9853,24,0.58042,0.024443,0.010005,0.032591,0.352541,0.233043,0.766957,0.125092,0.124328
9854,30,0.580254,0.024436,0.010288,0.032582,0.35244,0.233096,0.766904,0.126158,0.124187
9855,24,0.580421,0.024443,0.010003,0.032591,0.352542,0.233081,0.766919,0.129949,0.129888
9856,30,0.580185,0.024438,0.009998,0.032583,0.352796,0.23301,0.76699,0.11289,0.114115
9857,30,0.580057,0.024432,0.010215,0.032576,0.352719,0.232955,0.767045,0.129467,0.130038
9858,24,0.579969,0.024437,0.010002,0.032583,0.353009,0.232942,0.767058,0.129834,0.129697
9859,24,0.579972,0.024437,0.01,0.032583,0.353008,0.232993,0.767007,0.123295,0.121667
9860,30,0.580087,0.02443,0.009997,0.032574,0.352911,0.233051,0.766949,0.108518,0.10634
9861,30,0.580066,0.02443,0.010033,0.032573,0.352899,0.233088,0.766912,0.126144,0.124948
9862,24,0.580085,0.02443,0.01,0.032574,0.35291,0.233141,0.766859,0.123724,0.12205
9863,30,0.580299,0.024418,0.009995,0.032557,0.352731,0.233188,0.766812,0.098485,0.095968
9864,24,0.580209,0.024423,0.010002,0.032564,0.352802,0.233179,0.766821,0.125092,0.124316
9865,30,0.580202,0.024423,0.01,0.032565,0.35281,0.233259,0.766741,0.118573,0.115832
9866,24,0.580373,0.024413,0.009996,0.032551,0.352667,0.233311,0.766689,0.100649,0.09787
9867,24,0.58037,0.024413,0.01,0.032551,0.352665,0.233295,0.766705,0.129895,0.129839
9868,24,0.580031,0.024408,0.009998,0.032544,0.35302,0.233247,0.766753,0.117953,0.118581
9869,30,0.579823,0.0244,0.009997,0.032533,0.353247,0.233251,0.766749,0.109859,0.108765
9870,30,0.57949,0.02439,0.010499,0.03252,0.353102,0.23326,0.76674,0.1282,0.127616
9871,24,0.579772,0.024402,0.010017,0.032536,0.353273,0.233244,0.766756,0.129922,0.129861
9872,24,0.579529,0.024391,0.009996,0.032522,0.353562,0.23316,0.76684,0.114478,0.11598
9873,24,0.579527,0.024391,0.01,0.032522,0.35356,0.233145,0.766855,0.12164,0.121563
9874,30,0.57933,0.024383,0.009997,0.032511,0.35378,0.233143,0.766857,0.110849,0.110078
9875,24,0.579202,0.024378,0.009998,0.032504,0.353919,0.233159,0.766841,0.119713,0.118863
9876,30,0.579004,0.024369,0.009997,0.032492,0.354138,0.233066,0.766934,0.110815,0.112579
9877,24,0.579261,0.024354,0.009994,0.032472,0.353918,0.233065,0.766935,0.098882,0.097354
9878,24,0.579171,0.024359,0.010002,0.032479,0.353989,0.233086,0.766914,0.125107,0.124163
9879,24,0.579007,0.024361,0.010137,0.032481,0.354015,0.233107,0.766893,0.133362,0.132432
9880,24,0.579086,0.024364,0.010001,0.032486,0.354063,0.233091,0.766909,0.129924,0.129859
9881,30,0.579189,0.024357,0.010021,0.032476,0.353958,0.233131,0.766869,0.115067,0.113313
9882,30,0.579177,0.024339,0.009993,0.032452,0.354039,0.232985,0.767015,0.105035,0.10779
9883,30,0.579069,0.024334,0.009998,0.032445,0.354154,0.233024,0.766976,0.11587,0.114225
9884,30,0.579242,0.024324,0.009996,0.032432,0.354007,0.232959,0.767041,0.113736,0.114676
9885,24,0.579499,0.024309,0.009994,0.032412,0.353787,0.23288,0.76712,0.107158,0.108245
9886,24,0.579369,0.024303,0.009998,0.032404,0.353926,0.23283,0.76717,0.118047,0.118769
9887,24,0.579367,0.024303,0.01,0.032404,0.353925,0.232815,0.767185,0.121628,0.12156
9888,24,0.579625,0.024288,0.009994,0.032384,0.353708,0.232656,0.767344,0.105494,0.107754
9889,30,0.579603,0.024287,0.010032,0.032383,0.353695,0.232746,0.767254,0.11283,0.110027
9890,30,0.579621,0.024288,0.01,0.032384,0.353706,0.23282,0.76718,0.119588,0.117169
9891,30,0.579628,0.024288,0.01,0.032384,0.353701,0.232889,0.767111,0.118994,0.116667
9892,24,0.579458,0.024285,0.009999,0.03238,0.353878,0.232932,0.767068,0.128093,0.12622
9893,24,0.579408,0.024283,0.010084,0.032377,0.353847,0.232916,0.767084,0.121558,0.121502
9894,30,0.579457,0.024285,0.010001,0.03238,0.353877,0.23309,0.76691,0.119487,0.114329
9895,30,0.579458,0.024285,0.01,0.03238,0.353877,0.233163,0.766837,0.119588,0.117165
9896,24,0.579331,0.02428,0.009998,0.032373,0.354018,0.233113,0.766887,0.118047,0.118765
9897,24,0.579331,0.02428,0.01,0.032373,0.354017,0.233217,0.766783,0.114957,0.111547
9898,24,0.579205,0.024274,0.009998,0.032366,0.354158,0.233235,0.766765,0.12011,0.119239
9899,30,0.579163,0.024276,0.010001,0.032369,0.354191,0.233245,0.766755,0.121586,0.12099
9900,30,0.579142,0.024276,0.010037,0.032367,0.354178,0.233282,0.766718,0.126144,0.124946
9901,30,0.579241,0.024272,0.009999,0.032363,0.354126,0.233443,0.766557,0.120812,0.115804
9902,30,0.578871,0.024274,0.010001,0.032365,0.35449,0.233563,0.766437,0.113025,0.109234
9903,30,0.579084,0.024261,0.009995,0.032349,0.354311,0.233492,0.766508,0.11269,0.113748
9904,30,0.579041,0.024264,0.010001,0.032351,0.354343,0.23349,0.76651,0.138213,0.137891
9905,24,0.579087,0.024248,0.009994,0.032331,0.354339,0.233348,0.766652,0.1055,0.108047
9906,24,0.579084,0.024248,0.01,0.032331,0.354337,0.233401,0.766599,0.123724,0.12205
9907,30,0.579397,0.02423,0.009993,0.032307,0.354073,0.233282,0.766718,0.097215,0.098527
9908,24,0.57932,0.024227,0.010125,0.032303,0.354026,0.233266,0.766734,0.129878,0.129826
9909,24,0.579179,0.02423,0.010001,0.032306,0.354284,0.233253,0.766747,0.12983,0.12968
9910,30,0.579281,0.024224,0.009998,0.032299,0.354199,0.233142,0.766858,0.103353,0.10427
9911,30,0.579386,0.024218,0.009997,0.03229,0.354108,0.233124,0.766876,0.111317,0.110836
9912,24,0.579298,0.024223,0.010002,0.032297,0.35418,0.233145,0.766855,0.125107,0.124155
9913,30,0.579062,0.024217,0.009998,0.032289,0.354434,0.233183,0.766817,0.106274,0.104554
9914,24,0.578974,0.024222,0.010002,0.032296,0.354507,0.233204,0.766796,0.133411,0.132471
9915,24,0.579235,0.024207,0.009994,0.032276,0.354289,0.233125,0.766875,0.107186,0.108265
9916,24,0.579157,0.024204,0.010126,0.032271,0.354241,0.233109,0.766891,0.129878,0.129826
9917,30,0.579629,0.024184,0.009992,0.032245,0.35395,0.232828,0.767172,0.08461,0.08998
9918,24,0.579538,0.024188,0.010002,0.032251,0.35402,0.232849,0.767151,0.125107,0.124163
9919,30,0.579539,0.024189,0.01,0.032251,0.354021,0.232922,0.767078,0.119531,0.117126
9920,30,0.579021,0.024164,0.010598,0.032218,0.353999,0.232806,0.767194,0.125951,0.128223
9921,24,0.579473,0.024157,0.010259,0.03221,0.353901,0.232646,0.767354,0.10546,0.107727
9922,24,0.579712,0.024158,0.01,0.032211,0.353918,0.232895,0.767105,0.108967,0.101942
9923,24,0.579757,0.024143,0.009994,0.032191,0.353915,0.232752,0.767248,0.113733,0.116297
9924,24,0.579754,0.024143,0.01,0.032191,0.353913,0.232805,0.767195,0.123712,0.122047
9925,30,0.579603,0.024141,0.009999,0.032188,0.35407,0.232888,0.767112,0.11184,0.109171
9926,30,0.579702,0.024135,0.009998,0.03218,0.353985,0.232783,0.767217,0.103408,0.104828
9927,24,0.579614,0.02414,0.010002,0.032186,0.354057,0.232804,0.767196,0.133415,0.132474
9928,24,0.579403,0.02414,0.01,0.032186,0.354272,0.232791,0.767209,0.121522,0.121366
9929,24,0.579403,0.02414,0.01,0.032186,0.354272,0.232737,0.767263,0.121572,0.121955
9930,30,0.579444,0.02413,0.010125,0.032173,0.354129,0.23265,0.76735,0.125063,0.126272
9931,24,0.57939,0.024128,0.009999,0.03217,0.354313,0.232666,0.767334,0.119709,0.118866
9932,30,0.579382,0.024127,0.010014,0.03217,0.354307,0.232623,0.767377,0.119498,0.119797
9933,30,0.579403,0.024117,0.010173,0.032156,0.354152,0.232536,0.767464,0.125059,0.126268
9934,24,0.579503,0.024121,0.010002,0.032161,0.354214,0.232589,0.767411,0.12374,0.122067
9935,30,0.579579,0.024117,0.009998,0.032155,0.354151,0.232536,0.767464,0.117175,0.117579
9936,30,0.579578,0.024116,0.01,0.032155,0.35415,0.232481,0.767519,0.129478,0.130044
9937,24,0.57975,0.024107,0.009996,0.032142,0.354006,0.232373,0.767627,0.109064,0.110803
9938,30,0.579637,0.024102,0.009998,0.032136,0.354128,0.232331,0.767669,0.116421,0.117032
9939,30,0.579488,0.024096,0.010252,0.032128,0.354037,0.232288,0.767712,0.119487,0.119787
9940,30,0.579692,0.024099,0.010001,0.032131,0.354077,0.232452,0.767548,0.121224,0.116194
9941,30,0.579706,0.024083,0.010256,0.03211,0.353845,0.232358,0.767642,0.115306,0.116889
9942,30,0.57993,0.024085,0.010001,0.032113,0.353872,0.232294,0.767706,0.127188,0.127853
9943,30,0.579826,0.02408,0.009998,0.032106,0.35399,0.232334,0.767666,0.115887,0.11424
9944,24,0.579826,0.024079,0.01,0.032106,0.353989,0.232385,0.767615,0.123295,0.121671
9945,30,0.57998,0.024071,0.009996,0.032094,0.353858,0.232263,0.767737,0.102361,0.10357
9946,24,0.579765,0.02407,0.01,0.032094,0.354071,0.23225,0.76775,0.121526,0.121371
9947,24,0.579679,0.024075,0.010002,0.0321,0.354144,0.232271,0.767729,0.133415,0.132483
9948,24,0.579851,0.024065,0.009996,0.032087,0.354,0.232163,0.767837,0.10901,0.110764
9949,24,0.579319,0.024043,0.010905,0.032058,0.353675,0.232108,0.767892,0.121516,0.121909
9950,24,0.579449,0.024037,0.010888,0.032049,0.353577,0.231997,0.768003,0.110172,0.111281
9951,24,0.580009,0.024043,0.010003,0.032057,0.353888,0.231855,0.768145,0.105475,0.107999
9952,30,0.579495,0.024022,0.01088,0.032029,0.353574,0.231831,0.768169,0.136081,0.136307
9953,30,0.579929,0.024032,0.010267,0.032043,0.353729,0.231767,0.768233,0.127178,0.127841
9954,24,0.580045,0.024037,0.010069,0.032049,0.3538,0.231751,0.768249,0.121587,0.121525
9955,30,0.580093,0.024019,0.009992,0.032025,0.353871,0.231603,0.768397,0.104582,0.107355
9956,24,0.579963,0.024013,0.009998,0.032018,0.354008,0.23162,0.76838,0.119701,0.118861
9957,30,0.579935,0.024012,0.010046,0.032016,0.353991,0.231657,0.768343,0.126144,0.124953
9958,30,0.579811,0.024011,0.009999,0.032014,0.354164,0.231596,0.768404,0.128491,0.129176
9959,24,0.579724,0.024016,0.010002,0.032021,0.354237,0.231617,0.768383,0.133415,0.132476
9960,30,0.579725,0.024016,0.01,0.032021,0.354238,0.23169,0.76831,0.119542,0.117147
9961,30,0.579528,0.024008,0.009997,0.03201,0.354457,0.231669,0.768331,0.127439,0.127306
9962,30,0.579584,0.024004,0.009999,0.032006,0.354407,0.231833,0.768167,0.121224,0.116204
9963,30,0.579699,0.023998,0.009997,0.031997,0.354309,0.231874,0.768126,0.115119,0.113369
9964,24,0.579955,0.023983,0.009994,0.031977,0.354091,0.231715,0.768285,0.105466,0.107713
9965,30,0.580205,0.023968,0.009994,0.031958,0.353875,0.231558,0.768442,0.100543,0.103232
9966,24,0.580159,0.023971,0.010001,0.031961,0.353909,0.23188,0.76812,0.115028,0.106218
9967,30,0.580159,0.023971,0.01,0.031961,0.35391,0.231953,0.768047,0.119542,0.117136
9968,30,0.580055,0.023966,0.009998,0.031954,0.354027,0.231993,0.768007,0.115887,0.114227
9969,30,0.579881,0.023975,0.010004,0.031967,0.354172,0.232055,0.767945,0.128386,0.126069
9970,30,0.579884,0.023975,0.01,0.031967,0.354173,0.232128,0.767872,0.119542,0.117138
9971,30,0.579986,0.023968,0.01002,0.031958,0.354068,0.23227,0.76773,0.115064,0.110559
9972,24,0.580207,0.023957,0.009995,0.031942,0.353898,0.232199,0.767801,0.108461,0.109404
9973,30,0.580145,0.02396,0.010001,0.031947,0.353946,0.23248,0.76752,0.123434,0.115678
9974,24,0.58002,0.023955,0.009998,0.03194,0.354088,0.23243,0.76757,0.118059,0.118766
9975,24,0.579893,0.02395,0.009998,0.031933,0.354227,0.232446,0.767554,0.119709,0.118875
9976,30,0.579892,0.02395,0.01,0.031933,0.354226,0.232403,0.767597,0.119545,0.11984
9977,24,0.579805,0.023954,0.010002,0.031939,0.354299,0.232424,0.767576,0.125107,0.124166
9978,30,0.580016,0.023941,0.01003,0.031921,0.354093,0.232379,0.767621,0.105035,0.105122
9979,30,0.579993,0.023944,0.010001,0.031925,0.354137,0.232443,0.767557,0.138213,0.135971
9980,24,0.579943,0.023941,0.010087,0.031922,0.354107,0.232389,0.767611,0.121558,0.121945
9981,24,0.579994,0.023944,0.010001,0.031925,0.354137,0.232373,0.767627,0.121587,0.121526
9982,24,0.579781,0.023943,0.01,0.031924,0.354351,0.23236,0.76764,0.12983,0.129687
9983,30,0.579584,0.023935,0.009997,0.031913,0.354571,0.232496,0.767504,0.110809,0.106622
9984,24,0.579456,0.02393,0.009998,0.031906,0.35471,0.232446,0.767554,0.126363,0.127082
9985,30,0.579061,0.023917,0.010266,0.03189,0.354867,0.232375,0.767625,0.119487,0.120726
9986,24,0.579088,0.023919,0.01,0.031891,0.355102,0.232325,0.767675,0.126338,0.127071
9987,24,0.579134,0.023904,0.009994,0.031871,0.355097,0.232182,0.767818,0.113702,0.116269
9988,30,0.579122,0.023904,0.01,0.031872,0.355102,0.232262,0.767738,0.118562,0.115834
9989,30,0.579122,0.023904,0.01,0.031872,0.355102,0.232299,0.767701,0.126202,0.124997
9990,24,0.578995,0.023899,0.009998,0.031865,0.355243,0.232249,0.767751,0.118072,0.118788
9991,30,0.578994,0.023899,0.01,0.031865,0.355242,0.23234,0.76766,0.112874,0.110067
9992,30,0.578999,0.023888,0.009995,0.03185,0.355268,0.232351,0.767649,0.112056,0.110968
9993,24,0.579256,0.023873,0.009994,0.03183,0.355047,0.232272,0.767728,0.107184,0.108265
9994,30,0.57924,0.023872,0.010021,0.031829,0.355037,0.232229,0.767771,0.119498,0.119799
9995,24,0.579252,0.023873,0.01,0.03183,0.355045,0.232213,0.767787,0.129895,0.129842
9996,30,0.579328,0.023857,0.009994,0.03181,0.355011,0.232236,0.767764,0.111214,0.109634
9997,24,0.579324,0.023857,0.01,0.03181,0.355009,0.232182,0.767818,0.121572,0.121957
9998,30,0.579444,0.023842,0.010143,0.031789,0.354781,0.232066,0.767934,0.106589,0.108693
9999,24,0.57944,0.02385,0.010003,0.0318,0.354905,0.232087,0.767913,0.133415,0.132473
